original,オリジナル
touhou,東方プロジェクト
kantai collection,艦これ
blue archive,ブルアカ
pokemon,ポケモン
fate (series),Fateシリーズ
hololive,ホロライブ
genshin impact,gnsnプラス
fate/grand order,Fateグランドオーダー
idolmaster,アイドルマスター
umamusume,ウマ娘プリティーダービー
arknights,アークナイツ
vocaloid,ボーカロイド
honkai (series),崩坏
azur lane,アズールレーン
idolmaster cinderella girls,アイドルマスターシンデレラガールズ
honkai: star rail,崩壊スターレイル
love live!,ラブライブ
fire emblem,ファイアーエムブレム
hololive english,ホロライブEN
zenless zone zero,ゼンレスゾーンゼロ
final fantasy,ファイナルファンタジー
nijisanji,にじさんじ
indie virtual youtuber,個人勢
mahou shoujo madoka magica,魔法少女まどか☆マギカ
girls' frontline,ドールズフロントライン
girls und panzer,ガールズ&パンツァー
gundam,ガンダム
danganronpa (series),ダンガンロンパシリーズ
precure,プリキュア
mahou shoujo madoka magica (anime),魔法少女まどか☆マギカ
kemono friends,けものフレンズ
bang dream!,バンドリ
wuthering waves,鸣潮
one piece,ワンピース
jojo no kimyou na bouken,ジョジョの奇妙な冒険
honkai impact 3rd,崩坏3
granblue fantasy,グランブルーファンタジー
persona,ペルソナ
project moon,プロジェクトムーン
goddess of victory: nikke,勝利の女神:NIKKE
idolmaster shiny colors,アイドルマスターシャイニーカラーズ
chainsaw man,チェンソーマン
idolmaster (classic),765プロ
boku no hero academia,僕のヒーローアカデミア
yu-gi-oh!,遊戯王ファンアート
fate/stay night,フェイト/ステイナイト
final fantasy vii,ファイナルファンタジー7
bang dream! it's mygo!!!!!,バンドリアニメMyGO
love live! school idol project,ラブライブ!SchoolIdolProject
the legend of zelda,ゼルダの伝説
love live! hasu no sora jogakuin school idol club,Link!Like!ラブライブ!
neon genesis evangelion,新世紀エヴァンゲリオン
limbus company,リンバス
league of legends,リーグ・オブ・レジェンド
fire emblem heroes,ファイアーエムブレムヒーローズ
final fantasy xiv,ファイナルファンタジーXIV
pokemon sword and shield,ポケモン剣盾
street fighter,ストリートファイター
splatoon (series),スプラトゥーン
idolmaster million live!,アイドルマスターミリオンライブ!
pokemon scarlet and violet,ポケモンSV
ragnarok online,ラグナロクオンライン
fire emblem: three houses,ファイアーエムブレム風花雪月
bocchi the rock!,ぼっち・ざ・ろっく!
mario (series),マリオシリーズ
dragon ball,ドラゴンボール
project sekai,プロジェクトセカイ
xenoblade chronicles (series),ゼノブレイドシリーズ
marvel,マーベル
utau,UTAU
toaru majutsu no index,とある魔術の禁書目録
princess connect!,プリンセスコネクト!
pokemon (anime),ポケットモンスター(アニポケ)
k-on!,けいおん!
sousou no frieren,葬送のフリーレン
danganronpa 2: goodbye despair,スーパーダンガンロンパ2
naruto (series),ナルト
gakuen idolmaster,学園アイドルマスター
world witches series,ワールドウィッチーズ
lyrical nanoha,魔法少女リリカルなのは
suzumiya haruhi no yuuutsu,涼宮ハルヒの憂鬱
danganronpa v3: killing harmony,NEWダンガンロンパV3
voiceroid,ボイスロイド
pokemon sun and moon,ポケモンSM
jujutsu kaisen,じゅじゅプラス
reverse:1999,リバース1999
mega man (series),ロックマン
love live! sunshine!!,ラブライブ!サンシャイン!!
omori,おもり
re:zero kara hajimeru isekai seikatsu,Re:ゼロから始める異世界生活
guilty gear,ギルティギア
fate/extra,セイバー(Fate/EXTRA)
fire emblem fates,ファイアーエムブレムif
kono subarashii sekai ni shukufuku wo!,この素晴らしい世界に祝福を!
love live! nijigasaki high school idol club,ラブライブ!PDP
digimon,デジモン
xenoblade chronicles 2,ゼノブレイド2
bleach,ブリーチ
real life,実在の人
monogatari (series),物語シリーズ
tales of (series),テイルズオブシリーズ
kimetsu no yaiba,鬼滅の刃
dragon quest,ドラゴンクエスト
senran kagura,閃乱カグラ
overwatch,オーバーウォッチ
bishoujo senshi sailor moon,美少女戦士セーラームーン
pokemon black and white,ポケモンbw
sword art online,ソードアート・オンライン
sonic (series),ソニック・ザ・ヘッジホッグ
strike witches,ストライクウィッチーズ
persona 5,ペルソナ5
toaru kagaku no railgun,とある科学の超電磁砲
touken ranbu,とうらぶ
final fantasy vii remake,ファイナルファンタジー7リメイク
fate/apocrypha,アポクリファ
arknights: endfield,アークナイツ:エンドフィールド
fire emblem awakening,ファイアーエムブレム覚醒
nier (series),ニーア
science adventure,科学アドベンチャー
pokemon diamond/pearl/platinum,ポケモンDPt
gochuumon wa usagi desu ka?,ご注文はうさぎですか?
spy x family,スパイファミリー
the king of fighters,キングオブファイターズ
nijisanji en,にじさんじEN
touhou (pc-98),東方旧作
kill la kill,キルラキル
idolmaster cinderella girls starlight stage,スターライトステージ
fate/zero,運命/ゼロ
tsukihime,月姫
persona 4,ペルソナ4
persona 3,ペルソナ3
kirby (series),星のカービィ
alien stage,异形舞台
shingeki no kyojin,進撃の巨人
code geass,コードギアス反逆のルルーシュ
bang dream! girls band party!,バンドリ!_ガールズバンドパーティ!
nier:automata,ニーアオートマタ
danganronpa: trigger happy havoc,ダンガンロンパ_希望の学園と絶望の高校生
mahou shoujo no majo saiban,魔法少女ノ魔女裁判
lucky star,らき☆すた
dc comics,DCコミックス
dungeon meshi,ダンジョン飯
overwatch 1,オーバーウォッチ1
neptune (series),超次元ゲイムネプテューヌ
idolmaster million live! theater days,アイドルマスターミリオンライブ!シアターデイズ
saibou shinkyoku,さぼしき
higurashi no naku koro ni,ひぐらしのなく頃に
pokemon legends: z-a,ポケモンZA
go-toubun no hanayome,五等分の花嫁
tokyo afterschool summoners,東京放課後サモナーズ
vspo!,ぶいすぽっ!
resident evil,バイオハザード
dragon ball z,ドラゴンボールZ
ranma 1/2,らんま1⁄2
elden ring,エルデンリング
ensemble stars!,あんさんぶるスターズ!
darkstalkers,ヴァンパイア
cho kaguya-hime!,超かぐや姫!
assault lily,アサルトリリィ
magia record: mahou shoujo madoka magica gaiden,マギアレコード
pokemon black 2 and white 2,ポケモンBW2
fire emblem engage,ファイアーエムブレムエンゲージ
stardust crusaders,スターダストクルセイダース
eiyuu densetsu,英雄伝説
girls band cry,ガールズバンドクライ
kamen rider,仮面ライダー
rwby,RWBYイラコン
monster hunter (series),モンスターハンター
blazblue,ブレイブルー
umineko no naku koro ni,うみねこのなく頃に
nikki (series),ニキシリーズ
rebuild of evangelion,ヱヴァンゲリヲン新劇場版
cookie (touhou),クッキー☆
pokemon x and y,ポケモンXY
fate/kaleid liner prisma illya,プリズマ☆イリヤ
mahou shoujo lyrical nanoha,魔法少女リリカルなのは
mahou shoujo lyrical nanoha strikers,魔法少女リリカルなのはStrikerS
inazuma eleven (series),イナズマイレブン
gundam suisei no majo,機動戦士ガンダム水星の魔女
senki zesshou symphogear,戦姫絶唱シンフォギア
super smash bros.,大乱闘スマッシュブラザーズ
deltarune,デルタルーン
hololive indonesia,ホロライブID
rozen maiden,ローゼンメイデン
cardcaptor sakura,カードキャプターさくら
onii-chan wa oshimai!,おにまい
tengen toppa gurren lagann,天元突破グレンラガン
the legend of zelda: breath of the wild,ゼルダの伝説ブレスオブザワイルド
atelier (series),アトリエ
guilty gear strive,ギルティギアストライヴ
macross,マクロス
pretty series,プリティーシリーズ
vento aureo,黄金の風
naruto shippuuden,ナルト疾風伝
heaven burns red,ヘブンバーンズレッド
axis powers hetalia,ヘタリア
lycoris recoil,リコリス・リコイル
girls' frontline 2: exilium,ドールズフロントライン2
hololive dev is,ホロライブDEV_IS
pokemon masters ex,ポケモンマスターズ
last origin,ラストオリジン
naruto (classic),ナルト
battle tendency,JOJO的奇妙冒险:战斗潮流
pokemon heartgold and soulsilver,ポケモンHGSS
fate/extra ccc,運命/余分なCCC
splatoon 3,スプラトゥーン3
pokemon legends: arceus,LEGENDSアルセウス
smile precure!,スマイルプリキュア!
oshi no ko,推しの子
undertale,あんだーてーる
steins;gate,シュタインズゲート
the legend of zelda: tears of the kingdom,ゼルダの伝説ティアーズオブザキングダム
a.i. voice,アイボス
helltaker,ヘルテイカー
panty & stocking with garterbelt,パンティ&ストッキングwithガーターベルト
street fighter 6,ストリートファイター6
spider-man (series),スパイダーマン
aikatsu! (series),アイカツ!
ace attorney,逆裁腐向け
kobayashi-san chi no maidragon,小林さんちのメイドラゴン
one-punch man,ワンパンマン
yuruyuri,ゆるゆり
gridman universe,古立特宇宙
mushoku tensei,無職転生
pokemon omega ruby and alpha sapphire,ポケモンORAS
punishing: gray raven,パニシング:グレイレイヴン
love live! superstar!!,ハロー!!!ラブライブ!
senran kagura new wave,閃乱カグラNewWave
bakemonogatari,化物語
hunter x hunter,ハンターハンター
x-men,X-メン
twisted wonderland,ツイステッドワンダーランド
gundam gquuuuuux,機動戦士ガンダムジークアクス
the hundred line -last defense academy-,ハンドラ
metroid,メトロイド
sanrio,サンリオ
diamond wa kudakenai,ダイヤモンドは砕けない
synthesizer v,シンセサイザーv
high school dxd,ハイスクールD×D
sono bisque doll wa koi wo suru,その着せ替え人形は恋をする
fatal fury,饿狼传说
ore no imouto ga konna ni kawaii wake ga nai,俺の妹がこんなに可愛いわけがない
saki (manga),咲-saki-
kemono friends 3,けものフレンズ3
hibike! euphonium,響け!ユーフォニアム北宇治高校吹奏楽部へようこそ
nanashi inc.,ななしいんく
tiger & bunny,タイガーアンドバニー
marvel rivals,マーベルライバルズ
pixiv fantasia,pixivファンタジア
to love-ru,ToLOVEる
apex legends,エーペックス
elsword,エルソード
warship girls r,战舰少女
gundam seed,ガンダムSEED
inazuma eleven go,イナズマイレブンGO
dead or alive,デッドオアアライブ
pokemon firered and leafgreen,ポケットモンスターリーフグリーン
little busters!,リトルバスターズ!
library of ruina,ライブラリー・オブ・ルイナ
kamitsubaki studio,神椿スタジオ
watashi ga motenai no wa dou kangaetemo omaera ga warui!,私がモテないのはどう考えてもお前らが悪い!
kaguya-sama wa kokurasetai ~tensai-tachi no renai zunousen~,かぐや様は告らせたい
kingdom hearts,キングダムハーツ
dungeon ni deai wo motomeru no wa machigatteiru darou ka,ダンまち
disgaea,ディスガイア
holostars,ホロスターズ
omniscient reader's viewpoint,全知的な読者の視点から
angel beats!,エンジェルビーツ
ssss.gridman,グリッドマン
dragon ball super,ドラゴンボール超
tekken,鉄拳
pripara,プリパラ
animal crossing,どうぶつの森
mahou shoujo lyrical nanoha a's,魔法少女リリカルなのはA's
black rock shooter,ブラック★ロックシューター
amagami,アマガミ
fullmetal alchemist,鋼の錬金術師
fire emblem: the blazing blade,ファイアーエムブレム烈火の剣
fire emblem: radiant dawn,暁の女神
mahou shoujo madoka magica: hangyaku no monogatari,叛逆の物語
splatoon 1,スプラトゥーン1
shoujo kageki revue starlight,少女☆歌劇レヴュースタァライト
lobotomy corporation,ロボトミーコーポレーション
phase connect,フェーズコネクト
to heart 2,同班同學2
dandadan,ダンダダン
clannad,クラナド
aikatsu!,アイカツ!_アイドルカツドウ
needy girl overdose,にーでぃがーる
megami magazine,メガミマガジン
fire emblem: genealogy of the holy war,聖戦の系譜
gintama,ぎんたま
date a live,デート・ア・ライブ
splatoon 2,スプラトゥーン2
stone ocean,ストーンオーシャン
transformers,トランスフォーマー
batman (series),バットマン
darling in the franxx,ダーリン・イン・ザ・フランキス
new super mario bros. u deluxe,NewスーパーマリオブラザーズUデラックス
infinity nikki,インフィニティニキ
gundam 00,ガンダム00
phantasy star,ファンタシースター
cyberpunk (series),赛博朋克(系列)
path to nowhere,无期迷途
doki doki literature club,ドキドキ文芸部
macross frontier,マクロスF
len'en,鏈縁Project
xenoblade chronicles 3,ゼノブレイド3
dark souls (series),ダークソウル
golden kamuy,ゴールデンカムイ
mobile suit gundam,機動戦士ガンダム
dokidoki! precure,ドキドキ!プリキュア
yahari ore no seishun lovecome wa machigatteiru.,やはり俺の青春ラブコメはまちがっている。
cookie run,クキロン
puyopuyo,ぷよぷよ
star wars,スター・ウォーズ
queen's blade,クイーンズブレイド
meitantei conan,名探偵コナン
grandmaster of demonic cultivation,魔道祖师
heartcatch precure!,ハートキャッチプリキュア!
flower knight girl,フラワーナイトガール
fire emblem: path of radiance,蒼炎の軌跡
steel ball run,スティール・ボール・ラン
pokemon ruby/sapphire/emerald,ルビサファ
houseki no kuni,宝石の国
dungeons & dragons,ダンジョンズ&ドラゴンズ
monster musume no iru nichijou,モンスター娘のいる日常
love live! school idol festival,ラブライブ!スクールアイドルフェスティバル
haikyuu!!,ハイキュー!!
puzzle & dragons,パズル&ドラゴンズ
devil may cry (series),デビルメイクライシリーズ
vshojo,V少女
yurucamp,ゆるキャン
mega man (classic),メガマン（クラシック）
skullgirls,スカルガールズ
kagerou project,カゲロウプロジェクト
the legend of zelda: twilight princess,トワイライトプリンセス
pokemon (classic anime),ポケットモンスター(アニポケ第1シリーズ)
osomatsu (series),おそ松さん/くん
cevio,Cevio
monster girl encyclopedia,魔物娘図鑑
mega man x (series),ロックマンX
touqi guaitan,头七怪谈
idolmaster 1,アケマス
super robot wars,スーパーロボット大戦
guilty gear xrd,ギルティギアXrd
hirogaru sky! precure,ひろがるスカイ!プリキュア
kouyoku senki exs-tia,光翼戦姫エクスティア
kemono friends v project,けものフレンズVぷろじぇくと
atelier ryza,ライザのアトリエ
sekaiju no meikyuu,世界樹の迷宮
tsukihime (remake),月姫リメイク
gegege no kitarou,ゲゲゲの鬼太郎
fire emblem: mystery of the emblem,紋章の謎
osomatsu-san,おそ松さん
koha-ace,コハエース
minecraft,Minecraftシリーズ
machikado mazoku,まちカドまぞく
little witch academia,リトルウィッチアカデミア
alice's adventures in wonderland,不思議の国のアリス
phantasy star online 2,ファンタシースターオンライン2
touhou lostword,東方ロストワード
warhammer 40k,"ウォーハンマー40,000"
taimanin (series),対魔忍
cyberpunk: edgerunners,サイバーパンク:エッジランナーズ
made in abyss,メイドインアビス
dungeon and fighter,アラド戦記
meitantei precure!,名探偵プリキュア!
bemani,ベマイ
nitroplus,ニトロプラス
kid icarus,パルテナの鏡
pokemon horizons,ポケットモンスター(アニポケ第8シリーズ)
phantom blood,ファントムブラッド
the legend of zelda: ocarina of time,ゼルダの伝説_時のオカリナ
inazuma eleven,イナズマイレブン
pokemon adventures,ポケスペ
pokemon tcg,ポケモンカードゲーム
idolmaster side-m,アイドルマスターSideM
hazbin hotel,ハズビン・ホテル
spice and wolf,狼と香辛料
my little pony,マイリトルポニー
shadowverse,シャドウバース
fairy tail,フェアリーテイル
yu-gi-oh! duel monsters,遊☆戯☆王デュエルモンスターズ
vrchat,VRチャット
mcdonald's,マクドナルド
bleach: sennen kessen-hen,千年血戦篇
my little pony: friendship is magic,マイリトルポニー〜トモダチは魔法
os-tan,OSたん
fire emblem: the binding blade,封印の剣
shining nikki,シャイニングニキ
street fighter v,ストリートファイターV
zeta gundam,機動戦士Ζガンダム
yu-gi-oh! gx,遊戯王GX女性向け
toradora!,とらドラ!
metal gear (series),メタルギアシリーズ
suite precure,スイートプリキュア♪
tate no yuusha no nariagari,盾の勇者の成り上がり
mahjong soul,じゃんたま
reitaisai,例大祭
final fantasy vii rebirth,FF7リバース
pokemon the series: sun & moon,ポケットモンスターサン&ムーン
gundam build fighters,ガンダムビルドファイターズ
fate/strange fake,ストレンジフェイク
ado (utaite),アド
avatar legends,降世神通
final fantasy vi,ファイナルファンタジーvi
ambience synesthesia,音律联觉
youkai watch,妖怪ウォッチ
shingeki no bahamut,神撃のバハムート
shin megami tensei,真・女神転生シリーズ
mega man zero (series),ロックマンゼロ
black survival,ブラックサバイバル
urusei yatsura,うる星やつら
star ocean,スターオーシャン
summer pockets,サマポケ
final fantasy vii: ever crisis,エバークライシス
voicevox,VoiceVox
bloodborne,ブラッドボーン
fate/hollow ataraxia,フェイト/ホロウアタラクシア
sennen sensou aigis,千年戦争アイギス
dragon quest iii,ドラゴンクエスト3
zombie land saga,ゾンビランドサガ
alice gear aegis,アリスギアアイギス
eromanga sensei,エロマンガ先生
final fantasy xi,ファイナルファンタジーxi
hollow knight,ホロウナイト
identity v,identityVイラスト
koi suru kokoro to mahou no kotoba,恋するココロと魔法のコトバ
evangelion: 3.0 you can (not) redo,ヱヴァンゲリヲン新劇場版:q
infinite stratos,インフィニット・ストラトス
ultra series,ウルトラシリーズ
project diva (series),Project Diva（シリーズ）
tales of vesperia,テイルズ・オブ・ヴェスペリア
chuunibyou demo koi ga shitai!,中二病でも恋がしたい!
muv-luv,マブラヴ
stella sora,ステラソラ
pokemon red/green/blue/yellow,ポケモンRGB
baldur's gate,バルダーズ・ゲート
final fantasy ix,ファイナルファンタジーIX
melty blood,メルティブラッド
baldur's gate 3,バルダーズ・ゲートIII
fire emblem: the sacred stones,聖魔の光石
samurai spirits,サムライスピリッツ
hyouka,氷菓
zero no tsukaima,ゼロの使い魔
boku wa tomodachi ga sukunai,僕は友達が少ない
gundam seed destiny,機動戦士ガンダムSEEDDESTINY
kid icarus uprising,新・光神話パルテナの鏡
pikmin (series),ピクミン
arcane: league of legends,アーケイン
soul eater,ソウルイーター
fresh precure!,フレッシュプリキュア
mahou sensei negima!,魔法先生ネギま!
the amazing digital circus,アメイジングデジタルサーカス
shinrabanshou,神羅万象チョコ
eternal return: black survival,エターナルリターン
love and deepspace,恋と深空
mega man zx,ロックマンゼクス
boruto: naruto next generations,Boruto：NARUTO-次の世代
street fighter zero (series),ストリートファイターzero
pokemon journeys,ポケットモンスター(アニポケ第7シリーズ)
final fantasy viii,ファイナルファンタジーVIII
overlord (maruyama),オーバーロード(アニメ)
project voltage,ポケミク
yu-gi-oh! 5d's,遊戯王5D's女性向け
azumanga daioh,あずまんが大王
death note,デスノート
fire emblem echoes: shadows of valentia,ファイアーエムブレムEchoesもうひとりの英雄王
tokyo ghoul,東京グール
maria-sama ga miteru,マリア様がみてる
cookie run: kingdom,クッキーランキングダム
trickcal,トリッカル
umamusume: cinderella gray,ウマ娘シンデレラグレイ
rabbit hole (vocaloid),ラビットホール
fate/prototype,運命/プロトタイプ
nichijou,日常(あらゐけいいち)
mother (series),MOTHERシリーズ
futari wa precure,ふたりはプリキュア
wizarding world,ウィザーディング・ワールド
senran kagura new link,シノビマスター閃乱カグラNewLink
girlfriend (kari),ガールフレンド(仮)
resident evil 4,バイオハザード4
kara no kyoukai,空の境界
wonderful precure!,わんだふるぷりきゅあ!
22/7,ナナブンノニジュウニ
chaos;head,カオスヘッド
kanon,カノン
emil chronicle online,エミルクロニクルオンライン
mihoyo,米哈游
holostars english,ホロスターズEnglish
yuri!!! on ice,ユーリ!!!onICE
go! princess precure,Go!プリンセスプリキュア
closers,クローザーズ
evangelion: 2.0 you can (not) advance,ヱヴァンゲリヲン新劇場版:破
twitter,ツイッター
pokemon gold/silver/crystal,ポケモンGS
komi-san wa komyushou desu,古見さんは、コミュ症です。
inuyasha,犬夜叉
ikkitousen,一騎当千
final fantasy vii: advent children,アドベントチルドレン
sayonara zetsubou sensei,さよなら絶望先生
oshiro project:re,御城プロジェクト:RE
make heroine ga oo sugiru!,負けヒロインが多すぎる!
danganronpa 3 (anime),ダンガンロンパ3
grimms notes,グリムノーツ
yes! precure 5,Yes!プリキュア5
kimi no koto ga dai dai dai dai daisuki na 100-nin no kanojo,君のことが大大大大大好きな100人の彼女
spider-verse,蜘蛛宇宙
honkai gakuen,崩坏学园2
happinesscharge precure!,ハピネスチャージプリキュア!
shakugan no shana,灼眼のシャナ
persona 3 portable,ペルソナ3ポータブル
magical mirai (vocaloid),マジカルミライ
promare,プロメア
blue lock,ブルーロック
warcraft,ウォークラフト
poptepipic,ポプテピピック
soulcalibur,ソウルキャリバー
gundam zz,機動戦士ガンダムZZ
dark souls i,ダークソウル
mon-musu quest!,もんむす・くえすと!
brave witches,ブレイブウィッチーズ
fate/samurai remnant,サムレム
working!!,働く！！
the legend of luo xiaohei,罗小黑战记
dragon ball (classic),ドラゴンボール
my melody (series),マイメロディ
yume nikki,ゆめにっき
sword art online: alicization,アリシゼーション
mob psycho 100,モブサイコ100
m.u.g.e.n,M.U.G.E.N
tales of the abyss,テイルズ・オブ・ジ・アビス
toji no miko,刀使の巫女
girls' frontline neural cloud,ニューラルクラウド
aria (manga),アリア
breath of fire,ブレスオブファイア
berserk,ベルセルク
final fantasy x,ファイナルファンタジーX
vedal ai,ネウロ様
hidamari sketch,ひだまりスケッチ
final fantasy iv,ファイナルファンタジーIV
little red riding hood (fairy tale),赤ずきん
senpai ga uzai kouhai no hanashi,先輩がうざい後輩の話
sana channel,名取さな
superman (series),スーパーマン
shantae (series),シャンティ
tales of symphonia,テイルズ・オブ・シンフォニア
harry potter (series),ハリポタ
dragon quest iv,ドラゴンクエスト4
atelier ryza 1,ライザのアトリエ
live a hero,ラブヒロ
brown dust (series),棕色尘埃(系列)
tales of xillia,テイルズ・オブ・エクシリア
pokemon the series: xy,XY(アニポケ)
tokidoki bosotto roshia-go de dereru tonari no alya-san,時々ボソッとロシア語でデレる隣のアーリャさん
seiken densetsu,聖剣伝説
mahou shoujo ni akogarete,魔法少女にあこがれて
mega man legends (series),ロックマンDASH
hayate no gotoku!,ハヤテのごとく!
dragon quest xi,ドラクエ11
dairoku ryouhei,第六猟兵
choukou (alicesoft),超昂シリーズ
onmyoji,陰陽師(ゲーム)
macross delta,マクロスΔ
fire emblem cipher,ファイアーエムブレム0
final fantasy v,ファイナルファンタジーV
street fighter iv (series),ストリートファイターIV
brown dust 2,ブラダス2
di gi charat,デ・ジ・キャラット
elden ring nightreign,エルデンリング:ナイトレイン
cinderella series,シンデレラシリーズ
new game!,ニューゲーム
teen titans,ティーンタイタンズ
to love-ru darkness,ToLOVEるダークネス
rune factory,ルーンファクトリー
durarara!!,デュラララ!!
world of warcraft,ワールドオフウォークラフト
hachigatsu no cinderella nine,八月のシンデレラナイン
saenai heroine no sodatekata,冴えない彼女の育てかた
watashi ni tenshi ga maiorita!,私に天使が舞い降りた!
final fantasy tactics,ファイナルファンタジータクティクス
uzaki-chan wa asobitai!,宇崎ちゃんは遊びたい!
lawson,ローソン
zombie stage,血鬼舞台
star twinkle precure,スタートゥインクルプリキュア
microsoft windows,マイクロソフトウィンドウズ
mahou tsukai no yoru,魔法使いの夜
adventure time,アドベンチャー・タイム
muv-luv alternative,マブラヴオルタネイティヴ
dolphin wave,ドルフィンウェーブ
mabinogi,マビノギ
shinryaku! ikamusume,侵略!イカ娘
coca-cola,コカ・コーラ
.live,ドットライブ
godzilla (series),ゴジラ怪獣
ghost in the shell,攻殻機動隊
funamusea,海底囚人
steins;gate 0,シュタインズゲートゼロ
fire emblem warriors: three hopes,ファイアーエムブレム無双風花雪月
super sentai,スーパー戦隊シリーズ
under night in-birth,アンダーナイトインヴァース
ijiranaide nagatoro-san,イジらないで、長瀞さん
cinderella girls gekijou,シンデレラガールズ劇場
tropical-rouge! precure,トロピカル〜ジュ!プリキュア
idolmaster 2,アイドルマスター2
mega man battle network (series),ロックマンエグゼ
nisemonogatari,偽物語
digimon adventure,デジモンアドベンチャー
wild arms,ワイルドアームズ
castlevania (series),悪魔城ドラキュラ
yuusha de aru,勇者であるシリーズ
dragon quest v,ドラゴンクエスト5
persona 5 the royal,ペルソナ5R
trigun,トライガン
black lagoon,ブラックラグーン
call of duty,コールオブデューティ
dragon ball gt,ドラゴンボールGT
kirakira precure a la mode,キラキラ☆プリキュアアラモード
kill me baby,キルミーベイベー
embodiment of scarlet devil,東方紅魔郷
guilty crown,ギルティクラウン
show by rock!!,SB69ファン創作
dengeki moeoh,電撃萌王
lord of the mysteries,诡秘之主
sengoku basara,戦国BASARAシリーズ
touhou tag dream,夢の東方タッグ編
sword girls,ソードガールズ
bishoujo senshi sailor moon s,美少女戦士セーラームーンスーパー
gundam build fighters try,ガンダムビルドファイターズトライ
chaos;child,カオスチャイルド
saga,サガシリーズ
god eater,ゴッドイーター
silent hill (series),サイレントヒルシリーズ
gundam unicorn,ガンダムUC
digimon card game,デジモンカードゲーム
hugtto! precure,HuGっと!プリキュア
duel masters,デュエル・マスターズ
dorohedoro,ドロヘドロ
delicious party precure,デリシャスパーティ♡プリキュア
waktaverse,ワクタバース
sakura taisen,サクラ大戦
rance (series),ランスシリーズ
yuuki bakuhatsu bang bravern,勇気爆発バーンブレイバーン
avengers (series),アベンジャーズ
minecraft youtube,美城云庭
tensei shitara slime datta ken,転生したらスライムだった件
super mario galaxy,スーパーマリオギャラクシー
kusuriya no hitorigoto,薬屋のひとりごと
alchemy stars,白夜極光
ryuu ga gotoku (series),龍が如く
utawarerumono (series),うたわれるもの
randal's friends,ランフレン
air (visual novel),AIR(ゲーム)
yu-gi-oh! arc-v,遊戯王ARC-V女性向け
fatal frame,零(ゲーム)
dissidia final fantasy,ディシディア
keroro gunsou,ケロロ軍曹
idolmaster dearly stars,アイドルマスターディアリースターズ
final fantasy xvi,ファイナルファンタジー16
shiguang dailiren,时光代理人
slam dunk (series),スラムダンク
melonbooks,メロンブックス
tokyo revengers,東京リベンジャーズ
karakai jouzu no takagi-san,からかい上手の高木さん
dragon's crown,ドラゴンズクラウン
heaven's feel,天国の雰囲気
gensou suikoden,幻想水滸伝
senran kagura shoujo-tachi no shin'ei,閃乱カグラ-少女達の真影-
scott pilgrim (series),スコット・ピルグリム
lovebrush chronicles,時空の絵旅人
doraemon,ドラえもん
kin-iro mosaic,きんいろモザイク
goblin slayer!,ゴブリンスレイヤー
final fantasy xv,ファイナルファンタジーXV
mahou girls precure!,魔法つかいプリキュア!
ano hi mita hana no namae wo bokutachi wa mada shiranai.,あの日見た花の名前を僕達はまだ知らない。
boku no kokoro no yabai yatsu,僕の心のヤバイやつ
crisis core: final fantasy vii,クライシスコア
mickey mouse & friends,ミッキー&フレンズ
fuwa fuwa cinnamoroll,ふわふわ♥シナモン
arcaea,アーケア
senren banka,千恋*万花
va-11 hall-a,ヴァルハラ
pokemon the series: diamond and pearl,アニポケDP
counter:side,カウンターサイド
d.gray-man,ディー・グレイマン
mega man star force (series),流星のロックマン
watashi ga koibito ni nareru wake naijan murimuri!,わたしが恋人になれるわけないじゃん、ムリムリ!
pokemon platinum,ポケットモンスタープラチナ
darker than black,黒の契約者
futaba channel,ふたば☆ちゃんねる
ryuuou no oshigoto!,りゅうおうのおしごと!
gundam tekketsu no orphans,機動戦士ガンダム鉄血のオルフェンズ
free!,Free!プラス
magi the labyrinth of magic,マギ
sinoalice,シノアリス
galaxy angel,ギャラクシーエンジェル
steven universe,スティーブン・ユニバース
evangelion: 3.0+1.0 thrice upon a time,シン・エヴァンゲリオン劇場版
world trigger,ワールドトリガー
neverness to everness,NTEイラコンFA
bayonetta (series),ベヨネッタ
among us,アマングアス
kimi to idol precure,キミとアイドルプリキュア♪
shokugeki no souma,食戟のソーマ
seiken densetsu 3,聖剣伝説3
love plus,ラブプラス
frozen (disney),アナと雪の女王
kpop demon hunters,KPOPガールズ!デーモン・ハンターズ
danganronpa another episode: ultra despair girls,絶対絶望少女
hellsing,ヘルシング
xenoblade chronicles 1,ゼノブレイド(初代作)
black clover,ブラクロ
homicipher,文字化化
seishun buta yarou,青春ブタ野郎
avatar: the last airbender,アバター伝説の少年アン
the legend of zelda: skyward sword,スカイウォードソード
char's counterattack,機動戦士ガンダム逆襲のシャア
team fortress 2,チームフォートレス2
sora no kiseki,空の軌跡
luigi's mansion,ルイージマンション
tales of zestiria,テイルズ・オブ・ゼスティリア
dark souls iii,ダークソウル3
ib (kouri),イヴ
tenka hyakken,天華百剣
my-hime,舞-HiME
dragon ball fighterz,ドラゴンボールファイターズ
tales of asteria,テイルズオブアスタリア
jojolion,ジョジョリオン
re:stage!,re:ステージ
fallout,フォールアウト
saint seiya,セイントセイヤ
amagi brilliant park,甘城ブリリアントパーク
bungou stray dogs,文豪ストレイドッグス
majo no tabitabi,魔女の旅々
hello kitty,ハローキティ
aotu world,凹凸世界
newtype,ニュータイプ
kuroko no basuke,黒子のバスケ
sakura no sekai,桜の世界
street fighter iii (series),ストリートファイターIII
maplestory,メイプルストーリー
tsugu (vtuber),鳩羽つぐ
tales of graces,テイルズ・オブ・グレイセス
aoki hagane no arpeggio,蒼き鋼のアルペジオ
mother 2,MOTHER2_ギーグの逆襲
xenosaga,ゼノサーガ
dr. stone,ドクターストーン
koihime musou,モバ恋姫
nu carnival,NUカーニバル
goodsmile company,グッドスマイルカンパニー
metaphor: refantazio,メタファー:リファンタジオ
phantom of the kill,ファントムオブキル
beatmania iidx,ビートマニア
mario kart,マリオカート
yotsubato!,よつばと!
fate/extella,フェイト/エクステラ
hypnosis mic,ヒプノシスマイク
the legend of zelda: the wind waker,風のタクト
pokemon go,ポケモンGO
resident evil 4 (remake),バイオハザードRE:4
the ring,リング
gyee,サンクタス戦記
bombergirl,ボンバーガール
little nuns (diva),リトルナン（歌姫）
uchi no hime-sama ga ichiban kawaii,ウチの姫さまがいちばんカワイイ
call of duty: modern warfare 2,コールオブデューティモダン・ウォーフェア2
pokemon: let's go pikachu! and let's go eevee!,ピカブイ
nier,ニーアゲシュタルト
pangya,パンヤ
armored core,アーマードコア
aldnoah.zero,アルドノア・ゼロ
tears of themis,未定事件簿
world flipper,ワールドフリッパー
shoujo shuumatsu ryokou,少女終末旅行
snk,snk
grisaia (series),グリザイアシリーズ
nintendo,にんてんどう
shironeko project,白猫プロジェクト
hataraku saibou,はたらく細胞
dragalia lost,ドラガリアロスト
powerpuff girls,パワーパフガールズ
saki achiga-hen,阿知賀編
resident evil requiem,バイオハザードレクイエム
suzumiya haruhi no shoushitsu,涼宮ハルヒの消失
kizuna ai inc.,キズナアイ
kanojo okarishimasu,彼女、お借りします
guilty gear xx,ギルティギアイグゼクス
transformers: generation 1,戦え!超ロボット生命体トランスフォーマー
warioware,メイドインワリオ
ongeki,オンゲキ
tokimeki memorial,ときめきメモリアル
lupin iii,ルパン三世
sen no kiseki i,閃の軌跡
goodsmile racing,グッドスマイルレーシング
lord el-melloi ii case files,ロード・エルメロイII世の事件簿
dagashi kashi,だがしかし
project tokyo dolls,プロジェクト東京ドールズ
jashin-chan dropkick,邪神ちゃんドロップキック
persona 3 reload,ペルソナ3リロード
tobaku mokushiroku kaiji,カイジ
monster hunter rise,モンスターハンターライズ
world cup,ワールドカップ
kingdom hearts ii,キングダムハーツ2
gnosia,グノーシア
healin' good precure,ヒーリングっど♥プリキュア
subarashiki hibi,素晴らしき日々~不連続存在~
shin jigen game neptune vii,新次元ゲイムネプテューヌVII
sanoba witch,サノバウィッチ
riddle joker,リドルジョーカー
kamiina botan yoeru sugata wa yuri no hana,上伊那ぼたん、酔へる姿は百合の花
gabriel dropout,ガヴリールドロップアウト
octopath traveler,オクトパストラベラー
nekopara,ネコぱら
epic seven,エピックセブン
summon night,サモンナイト
heaven official's blessing,天官赐福
kyoukaisenjou no horizon,境界線上のホライゾン
choujigen game neptune,超次元ゲイムネプテューヌ
inazuma eleven go chrono stone,イナズマイレブンGOクロノ・ストーン
tokyo 7th sisters,Tokyo7thシスターズ
g gundam,機動武闘伝Gガンダム
one piece card game,ONEPIECEカードゲーム
south park,サウスパーク
love live! school idol festival all stars,ラブライブ!スクールアイドルフェスティバルALLSTARS
nyantype,娘TYPE
ruri no houseki,瑠璃の宝石
toaru majutsu no index: new testament,新約とある魔術の禁書目録
jikkyou powerful pro yakyuu,実況パワフルプロ野球
fortnite,フォートナイト
fate/prototype: fragments of blue and silver,Fate/Prototype蒼銀のフラグメンツ
kannagi,かんなぎ
senjou no valkyria (series),戦場のヴァルキュリア
rewrite,リライト
doukyuusei (series),同級生
shoujo kakumei utena,少女革命ウテナ
chrono trigger,クロノトリガー
mesmerizer (vocaloid),メズマライザー
tales of berseria,テイルズオブベルセリア
monster strike,モンスターストライク
star fox,スターフォックス
slayers,スレイヤーズ
cardfight!! vanguard,カードファイト!!ヴァンガード
katekyo hitman reborn!,家庭教師ヒットマンREBORN!
final fantasy xiii,ファイナルファンタジーxiii
wixoss,ウィクロス
katawa shoujo,かたわ少女
yuuki yuuna wa yuusha de aru,結城友奈は勇者である
tongari boushi no atelier,とんがり帽子のアトリエ
devil may cry 5,デビルメイクライ5
comiket 105,コミケ105
miracle nikki,ミラクルニキ
quiz magic academy,クイズマジックアカデミー
dragon quest x,ドラゴンクエスト10
fantastic four,ファンタスティック・フォー
tamako market,たまこまーけっと
pokemon the series: ruby and sapphire,アドバンスジェネレーション
black souls,黒い魂
comiket 107,コミケ107
elden ring: shadow of the erdtree,黄金樹の影
mahou shoujo ikusei keikaku,まほいく
liz to aoi tori,リズと青い鳥
signalis,シグナーリス
comiket 106,コミケ106
yama no susume,ヤマノススメ
hades (series),ハデス（ゲーム）
the coffin of andy and leyley,アンディとレイレイの棺
serial experiments lain,シリアルエクスペリメンツレイン
nige jouzu no wakagimi,逃げ上手の若君
youtube,ユーチューブ
the legend of zelda: a link between worlds,神々のトライフォース2
haiyore! nyaruko-san,這いよれ!ニャル子さん
sd gundam,SDガンダム
to heart,トゥハート
the legend of korra,ザ・レジェンド・オブ・コーラ
high school fleet,はいふり
sword art online: code register,コード・レジスタ
shoujo kageki revue starlight -re live-,スタリラ
hikaru ga shinda natsu,光が死んだ夏
yuyushiki,ゆゆ式
metal slug,メタルスラッグ
paper mario (series),ペーパーマリオ
toranoana,コミックとらのあな
eureka seven (series),エウレカセブン
medalist (manga),メダリスト(漫画)
no game no life,ノーゲーム・ノーライフ
kuroshitsuji,黒執事ファンアート
pani poni dash!,ぱにぽに
donkey kong (series),ドンキーコングシリーズ
kuro no kiseki i,黎の軌跡
osomatsu-kun,おそ松くん
9-nine-,9-nine-ここのつここのかここのいろ
tenshi souzou re-boot!,天使騒々
eve online,イブオンライン
super robot wars original generation,スーパーロボット大戦OG
gundam wing,ガンダムW
kimi no na wa.,君の名は。
tera online,Tera Online
evillious nendaiki,エヴィリオス
makai senki disgaea,魔界戦記ディスガイア
youkoso jitsuryoku shijou shugi no kyoushitsu e,ようこそ実力至上主義の教室へ
cowboy bebop,カウボーイビバップ
final fantasy xii,ファイナルファンタジーxii
dog days,ドッグデイズ
aikatsu stars!,アイカツスターズ!
7th dragon (series),セブンスドラゴン
the great ace attorney,大逆転裁判
starbucks,スターバックス
the moon studio,ピンキー・ポップ・ヘップバーン
senran kagura shinovi versus,少女達の証明
shugo chara!,しゅごキャラ!
spider-man: into the spider-verse,スパイダーマン:スパイダーバース
eddsworld,エッズワールド
gundam seed freedom,機動戦士ガンダムSEEDFREEDOM
cafe stella to shinigami no chou,喫茶ステラと死神の蝶
mother 3,マザー3
the elder scrolls,上古捲軸
shining (series),シャイニングシリーズ
comiket 104,コミケ104
toshi densetsu kaitai center,都市伝説解体センター
zero no kiseki,零の軌跡
youjo senki,幼女战记
futsuu no keion-bu,ふつうの軽音部
capcom,カプコン
arcana heart,アルカナハート
resident evil 2,バイオハザード2
d4dj,グルミク
ryuuko no ken,龍虎の拳
ar tonelico,アルトネリコ
star ocean: the second story,スターオーシャン2
ssss.dynazenon,ダイナゼノン
the legend of zelda: majora's mask,ムジュラの仮面
kouyoku senki exs-tia concert,光翼戦姫エクスティアコンチェルト
kami nomi zo shiru sekai,神のみぞ知るセカイ
mahou shoujo lyrical nanoha vivid,魔法少女リリカルなのはVivid
valorant,ヴァロラント
.hack//,ドットハック
scott pilgrim takes off,スコット・ピルグリムテイクス・オフ
manatsu no yo no inmu,真夏の夜の淫夢
ben 10,ベン10
gundam: hathaway's flash,閃光のハサウェイ
shuuniichido classmate wo kau hanashi,週に一度クラスメイトを買う話
roblox,ロブロックス
blend s,ブレンド・S
eureka seven,交響詩篇エウレカセブン
doukyuusei another world,同級生~AnotherWorld~
spider-man: across the spider-verse,スパイダーマン:アクロス・ザ・スパイダーバース
sen no kiseki iii,閃の軌跡III
da capo,ダ・カーポ
soulworker,ソウルワーカー
comiket 103,コミケ103
the king of fighters xv,ファイターズXVの王
gundam build divers,ガンダムビルドダイバーズ
nagi no asukara,凪のあすから
douluo dalu,斗罗大陆
dragon quest ii,ドラゴンクエスト2
mahou senshi (series),魔法戦士シリーズ
five nights at freddy's,ファイブナイツアットフレディーズ
miside,ミサイド
kourin tenshi en ciel rena,光臨天使エンシェル・レナ
ark order,アークオーダー
dead or alive 5,デッドオアアライブ5
azure striker gunvolt,蒼き雷霆ガンヴォルト
monster hunter: world,モンスターハンター:ワールド
azur lane: slow ahead,びそくぜんしんっ!
bishoujo senshi sailor moon stars,美少女戦士セーラームーンセーラースターズ
shirobako,シロバコ
assassin's creed (series),アサシンクリード
monitoring (vocaloid),モニタリング
sekaiju no meikyuu 3,世界樹の迷宮3
ta ga tame no alchemist,誰ガ為のアルケミスト
princess principal,プリンセス・プリンシパル
vividred operation,ビビッドレッド・オペレーション
puyopuyo 20th anniversary,ぷよぷよ20th
gekkan shoujo nozaki-kun,月刊少女野崎くん
overwatch 2,オーバーウォッチ2
kino no tabi,キノの旅
stellar blade,ステラブレイド
street fighter ii (series),ストリートファイターII
getsuyoubi no tawawa,月曜日のたわわ
z/x,未来エターナルアーク
strike witches: suomus misfits squadron,ストライクウィッチーズ
my-otome,舞-乙HiME
girls und panzer senshadou daisakusen!,ガールズ&パンツァー戦車道大作戦!
pretty rhythm,プリティーリズム
gravity falls,怪奇ゾーングラビティフォールズ
xenogears,ゼノギアス
marvel vs. capcom,マーヴルVSカプコン
nanatsu no taizai,七つの大罪
dragon ball super broly,ドラゴンボール超ブロリー
resident evil 3: nemesis,バイオハザード3
mega man zx advent,ロックマンZXA
kfc,ケンタッキーフライドチキン
dragon quest viii,ドラゴンクエスト8
drag-on dragoon,ドラッグオンドラグーン
plants vs. zombies,プラントvsゾンビ
spongebob squarepants (series),スポンジ・ボブ
nijisanji kr,にじさんじKR
majo no takkyuubin,魔女の宅急便
non non biyori,のんのんびより
comiket 102,コミケ102
invincible (series),インビンシブル
aa megami-sama,ああっ女神さまっ
ichigo mashimaro,苺ましまろ
taimanin asagi,対魔忍アサギ
yu yu hakusho,幽白
helios rising heroes,エリオスR
world dai star,ワールドダイスター
fate/grand order arcade,運命/グランドオーダーアーケード
gakkou gurashi!,がっこうぐらし!
metal gear solid,メタルギアソリッド
tekken 8,鉄拳8
robotics;notes,ロボティクス・ノーツ
himouto! umaru-chan,干物妹!うまるちゃん
resident evil village,バイオハザード8
resident evil 6,バイオハザード6
deadpool & wolverine,デッドプール&ウルヴァリン
violet evergarden (series),ヴァイオレット・エヴァーガーデン
the witcher (series),ウィッチャー
pokemon emerald,ポケットモンスターエメラルド
pokemon mystery dungeon,ポケモン不思議のダンジョン
pixiv fantasia last saga,pixivファンタジアLS
comiket 108,コミケ108
tokyo ghoul:re,東京喰種:re
dao gui yi xian,道诡异仙
my little pony: equestria girls,エクエストリアガールズ
one piece film: red,RED(ONEPIECEの映画)
studio ghibli,スタジオジブリ
kirby 64,星のカービィ64
akame ga kill!,アカメが斬る!
nisekoi,ニセコイ
devil may cry 3,デビルメイライス3
fushigi no umi no nadia,ふしぎの海のナディア
pop'n music,ポップンミュージック
mawaru penguindrum,輪るピングドラム
nijiura maids,虹裏メイド
ys,イース
kiratto pri chan,キラッとプリ☆チャン
kizumonogatari,傷物語
yu-gi-oh! zexal,遊戯王ZEXAL
shy (series),SHY-シャイ-
shinkai no valkyrie,神界のヴァルキリー
key (company),Key(ゲームブランド)
splatoon 2: octo expansion,オクト・エキスパンション
kidou senkan nadesico,機動戦艦ナデシコ
minami-ke,みなみけ
denonbu,電音部美術部STACKバトル
ojamajo doremi,おジャ魔女どれみ
puyopuyo quest,ぷよクエ
dream c club (series),ドリームCクラブ（シリーズ）
ikizulive! love live! bluebird,いきづらい部
kimi kiss,キミキス
hokuto no ken,北斗の拳
sound voltex,サウンドボルテックス
tensei oujo to tensai reijou no mahou kakumei,転生王女と天才令嬢の魔法革命
super real mahjong,スーパーリアル麻雀
2channel,2ちゃんねる
dota (series),Dota（シリーズ）
busou shinki,武装神姫
kai no kiseki,界の軌跡
the king of fighters xiv,王の王はxiv
imperishable night,東方永夜抄
ao no kiseki,碧の軌跡
idoly pride,アイドリープライド
helluva boss,ヘルヴァボス
sekai seifuku: bouryaku no zvezda,謀略のズヴィズダー
uchuu senkan yamato,宇宙戦艦ヤマト
cosmic break,コズミックブレイク
code geass: lost stories,コードギアス反逆のルルーシュロストストーリーズ
subterranean animism,東方地霊殿
apple inc.,アップル社。
blue archive the animation,ブルアカTVアニメ
apollo justice: ace attorney,逆転裁判4
capcom fighting jam,カプコンファイティングジャム
daiya no ace,ダイヤのA[エース]
shin sangoku musou,真・三國無双シリーズ
fire emblem: thracia 776,トラキア776
gridman universe (movie),グリッドマンユニバース
dota 2,DOTA 2
mirai nikki,みらいにっき
pixiv,pixiv
battle spirits,バトルスピリッツ
disney,ディズニー
occultic;nine,オカルティックナイン
dream c club,ドリームクラブ
odin sphere,オーディンスフィア
shuffle!,シャッフル!
sekaiju no meikyuu 1,世界樹の迷宮I
unicorn overlord,ユニコーンオーバーロード
monster hunter wilds,モンハンワイルズ
pokemon unite,ポケモンユナイト
fate/unlimited codes,運命/無制限のコード
blade & soul,ブレイドアンドソウル
grand theft auto,グランドセフトオート
en'en no shouboutai,炎炎ノ消防隊
star ocean: till the end of time,スターオーシャン3
master detective archives: rain code,超探偵事件簿レインコード
hataraku maou-sama!,はたらく魔王さま!
perfect cherry blossom,東方妖々夢
guardian tales,ガーディアンテイルズ
yes! precure 5 gogo!,Yes!プリキュア5GOGO
final fight,ファイナルファイト
owari no seraph,終わりのセラフ
yagate kimi ni naru,やがて君になる
pokemon the series: black & white,ベストウイッシュ
pokemon ultra sun and ultra moon,ポケモンUSM
toji no miko: kizamishi issen no tomoshibi,刀使の巫女刻みし一閃の燈火
magic knight rayearth,魔法騎士レイアース
dragon quest builders 2,ドラゴンクエストビルダーズ2
kami jigen game neptune v,神次元ゲイムネプテューヌV
saya no uta,沙耶の唄
doom (series),ドゥーム
magic: the gathering,マジック:ザ・ギャザリング
king's raid,キングスレイド
taimanin yukikaze,対魔忍ユキカゼ
armored core vi: fires of rubicon,アーマードコアVI
highschool of the dead,ハイスクール・オブ・ザ・デッド
getter robo,ゲッターロボ
guardians of the galaxy,ガーディアンズ・オブ・ザ・ギャラクシー
kirby and the forgotten land,星のカービィディスカバリー
aika (series),アイカ
miraculous ladybug,ミラキュラス・レディバグ
sen to chihiro no kamikakushi,千と千尋の神隠し
brand new animal,BNAイラコン
disneyland,ディズニーランド
mononoke hime,もののけ姫
arms (game),ARMS(ゲーム)
"don't say ""lazy""",「怠zy」と言わないでください
chiikawa,ちいかわ
yofukashi no uta,よふかしのうた
halo (series),ハロー（シリーズ）
taimanin rpgx,対魔忍RPG
flcl,フリクリ
shin megami tensei v,真・女神転生V
grandia,グランディア
kamen rider w,仮面ライダーW
charlotte (anime),Charlotte(アニメ)
little witch nobeta,リトルウィッチノベタ
tenchi muyou!,天地無用!
moomin,ムーミン
square enix,スクウェアエニックス
the owl house,アウルハウス
hacka doll,ハッカドール
million arthur (series),ミリオンアーサーイラコン夏
unfinished dream of all living ghost,東方獣王園
another eidos-r,龍脈のアナザーエイドスR
virtuareal,名手
chrono cross,クロノ・クロス
idol wars,アイドルうぉーず
touhou cannonball,東方キャノンボール
cthulhu mythos,クトゥルフ神話
dramatical murder,ドラマダ
mazinger (series),マジンガー
choujikuu yousai macross,超時空要塞マクロス
monster musume no iru nichijou online,モンスター娘のいる日常オンライン
zoids,ゾイド
aquarion (series),アクエリオン
sono hanabira ni kuchizuke wo,その花びらにくちづけを
curiosities of lotus asia,東方香霖堂
kage no jitsuryokusha ni naritakute!,陰の実力者になりたくて!
dark souls ii,ダークソウル2
sewayaki kitsune no senko-san,世話やきキツネの仙狐さん
shadowverse: worlds beyond,シャドバWB
journey to the west,西游记
merc storia,メルクストーリア
bishoujo senshi sailor moon r,美少女戦士セーラームーンR
crave saga,クレイヴ・サーガ
world is mine (vocaloid),ワールドイズマイン
naruto: the last,ナルト：最後
sister princess,シスタープリンセス
esse series,エッセFA
snowbreak: containment zone,スノブレ
digimon adventure 02,デジモンアドベンチャー02
mega man x dive,ロックマンXDiVE
sonic the hedgehog (classic),ソニック・ザ・ヘッジホッグ（クラシック）
animal crossing: new horizons,あつまれどうぶつの森
miku symphony (vocaloid),初音ミクシンフォニー
mahou shoujo madoka magica movie 1 & 2,劇場版魔法少女まどか☆マギカ
choukou taisen escalation heroines,超昂大戦
sengoku musou,戦国無双
uta no prince-sama,うたの☆プリンスさまっ♪
line (naver),ライン
turn a gundam,∀ガンダム
pokemon pokopia,ぽこあポケモン
sega,セガ
yosuga no sora,ヨスガノソラ
ookami (game),大神
rurouni kenshin,るろうに剣心
shino to ren,志乃と恋
japanese urban legends,日本の都市伝説
mermaid melody pichi pichi pitch,ぴちぴちピッチ
seitokai ni mo ana wa aru!,生徒会にも穴はある!
arc the lad,アークザラッド
strike the blood,ストライク・ザ・ブラッド
dragon ball heroes,ドラゴンボールヒーローズ
ao no exorcist,青の祓魔師
sora no otoshimono,そらのおとしもの
tantei opera milky holmes,探偵オペラミルキィホームズ
tolkien's legendarium,トールキン
drag-on dragoon 3,ドラッグオンドラグーン3
maoyuu maou yuusha,まおゆう
sen no kiseki iv,閃の軌跡IV
dragon ball super super hero,スーパーヒーロー(ドラゴンボール)
dead or alive xtreme,デッドオアアライブエクストリ
sekiro: shadows die twice,隻狼
resident evil 5,バイオハザード5
kingdom hearts iii,キングダムハーツ3
tales of destiny,テイルズ・オブ・デスティニー
akira (manga),アキラ
atelier ryza 2,ライザのアトリエ2
cardcaptor sakura clear card arc,クリアカード編
xenoblade chronicles 3: future redeemed,新たなる未来
tonari no totoro,となりのトトロ
persona 2,ペルソナ2
call of cthulhu,クトゥルフの呼び声
koutetsujou no kabaneri,甲鉄城のカバネリ
tokyo mew mew,東京ミュウミュウ
tamagotchi,たまごっち
futari wa precure splash star,ふたりはプリキュアSplash☆Star
agent aika,アイカ
eizouken ni wa te wo dasu na!,映像研には手を出すな!
nekomonogatari,猫物語
kakegurui,賭ケグルイ
magic kaito,まじっく快斗
destiny child,デスティニーチャイルド
breath of fire ii,ブレスオブファイア2
idolish7,アイドリッシュセブン
deadlock (game),デッドロック
the elder scrolls v: skyrim,ジ・エルダー・スクロールズ・ファイブ・スカイリム
school rumble,スクールランブル
greek mythology,ギリシャ神話
egyptian mythology,エジプト神話
persona 4: the ultimate in mayonaka arena,ペルソナ4ジ・アルティメットインマヨナカアリーナ
yume 2kki,ゆめ2っき
megido72,メギド72
sound horizon,サンホラ
gameoverse,ゲーム・オバース
witches of africa,アフリカの魔女
mitsudomoe (manga),みつどもえ
tekken 7,鉄拳7
gundam 0083,機動戦士ガンダム0083
pixiv fantasia 5,pixivファンタジアV
86 -eightysix-,エイティシックス
soukou akki muramasa,装甲悪鬼村正
dracu-riot!,ドラクリオット
star ocean: anamnesis,スターオーシャンアナムネシス
crash fever,クラッシュフィーバー
bishoujo senshi sailor moon supers,美少女戦士セーラームーンスーパーズ
voms,VOMS新メンバー発表会
juusan kihei bouei ken,十三機兵防衛圏
toaru kagaku no railgun t,とある科学の超電磁砲T
kyatapi land,きゃたぴランド
akagi: yami ni oritatta tensai,アカギ~闇に降り立った天才~
toaru kagaku no mental out,とある科学の心理掌握
aquarion evol,アクエリオンEVOL
divine gate,ディバインゲート
genshiken,げんしけん
iron saga,機動戦隊アイアンサーガ
super mario bros. 1,スーパーマリオブラザーズ
zootopia,ズートピア
ochame na okusan to no nichijou chabangoto,お茶目な奥さんとの日常茶番事
kaze no tani no nausicaa,風の谷のナウシカ
mahou shoujo madoka magica magia exedra,魔法少女まどか☆マギカ_Magia_Exedra
idol time pripara,アイドルタイムプリパラ
captain america (series),キャプテン・アメリカ
musaigen no phantom world,無彩限のファントム・ワールド
wind breaker (nii satoru),ウィンドブレイカー
dolls in pseudo paradise,蓬莱人形
rakuen tsuihou,楽園追放
scp foundation,SCP財団
ace combat,エースコンバット
nerawareta megami tenshi angel tear,狙われた女神天使エンゼルティアー
tower of fantasy,幻塔手游
howl no ugoku shiro,ハウルの動く城
kingdom hearts birth by sleep,バースバイスリープ
solo leveling,俺だけレベルアップな件
dennou coil,電脳コイル
ganbare douki-chan,がんばれ同期ちゃん
ts magical girl nao,TS魔法少女なお
waccha primagi!,ワッチャプリマジ!
shikanoko nokonoko koshitantan,しかのこのこのここしたんたん
rosario+vampire,ロザリオとバンパイア
yuusha series,勇者シリーズ
denpa onna to seishun otoko,電波女と青春男
4chan,4chan
tales of phantasia,テイルズ・オブ・ファンタジア
noble witches,ノーブルウィッチーズ
friday night funkin',フライデーナイトファンキン
rune factory: guardians of azuma,龍の国ルーンファクトリー
instagram,いんすた
fushigiboshi no futago hime,ふしぎ星の☆ふたご姫
motto! haramase! (series),もっと!孕ませ!
gravity daze,グラビティデイズ
digimon tamers,デジモンテイマーズ
hajimari no kiseki,創の軌跡
justice gakuen,ジャスティス学園
dislyte,シンネオ
powerpuff girls z,パワパフガールズZ
suigetsu,水月-すいげつ-
wii fit,Wii Fit
kyokugen dasshutsu,ゼロエスケープ
chaos zero nightmare,カオスゼロナイトメア
frame arms girl,フレームアームズ・ガール
comiket 100,コミケ100
yu-gi-oh! vrains,遊戯王VRAINS
type-moon,タイプムーン
persona dancing,ペルソナダンス
noripro,のりプロ
idolmaster cinderella girls u149,アイドルマスターシンデレラガールズU149
force of will,意志の力
fatal frame ii: crimson butterfly,零〜紅い蝶〜
terraria,テラリア
mon-musu quest: paradox,もんむす・くえすと!ぱらどっくすRPG
bang dream! yumemita,夢限大みゅーたいぷ
ansatsu kyoushitsu,暗殺教室
bravely default (series),ブレデフォ
rainbow six siege,レインボーシックスシージ
baka to test to shoukanjuu,バカとテストと召喚獣
a hat in time,時間の帽子
the tale of food,食物語イラコンFA
crayon shin-chan,クレヨンしんちゃん
cyberpunk 2077,サイバーパンク2077
vampire (vocaloid),ヴァンパイア
queen's blade rebellion,クイーンズブレイドリベリオン
kimi ga shine,キミガシネ
jigokuraku,地獄楽
oshiete! galko-chan,おしえて!ギャル子ちゃん
accel world,アクセル・ワールド
slay the spire,杀戮尖塔
7th dragon,セブンスドラゴン
jigoku shoujo,地獄少女
silent hill f,サイレントヒルf
touhou gensou eclipse,東方幻想エクリプス
mikakunin de shinkoukei,未確認で進行形
kimi to semi blue (idolmaster),キミとセミブルー
xenosaga episode iii,ゼノサーガエピソードIII
yoru no kurage wa oyogenai,夜のクラゲは泳げない
fantasy earth zero,ファンタジーアースゼロ
dispatch,超英派遣中心
strike witches: kurenai no majo-tachi,ストライクウィッチーズ紅の魔女たち
chi.: chikyuu no undou ni tsuite,チ。-地球の運動について-
silent hill 2,サイレントヒル2
devil summoner (series),真・女神転生デビルサマナー
dead by daylight,デッドバイデイライト
persona 5: the phantom x,ペルソナ5X
paradox live,パラライ
ano natsu de matteru,あの夏で待ってる
gate - jieitai ka no chi nite kaku tatakaeri,自衛隊彼の地にて、斯く戦えり
nyanko daisensou,にゃんこ大戦争
ishuzoku reviewers,異種族レビュアーズ
full metal panic!,フルメタル・パニック
gundam build divers re:rise,ガンダムビルドダイバーズRe:RISE
undefined fantastic object,東方星蓮船
wonder woman (series),ワンダーウーマン（シリーズ）
kininatteru hito ga otoko ja nakatta,気になってる人が男じゃなかった
family guy,ファミリー・ガイ
comiket 101,コミケ101
senjou no valkyria 1,戦場のヴァルキュリア
genseishinki sacred virth,幻聖神姫セイクリッドヴァース
grisaia no kajitsu,グリザイアの果実
god eater burst,ゴッドイーターバースト
fate/unlimited blade works,Fate/Unlimited Bladeが機能します
koumajou densetsu,紅魔城伝説緋色の交響曲
pixiv fantasia fallen kings,pixivファンタジアFK
inu x boku ss,妖狐×僕SS
fire emblem: fortune's weave,ファイアーエムブレム万紫千紅
makai senki disgaea 2,魔界戦記ディスガイア2
tsurezure children,徒然チルドレン
nijisanji id,にじさんじID
dmm,DMM
kodomo no jikan,こどものじかん
ragnarok masters,ラグナロクマスターズ
uchuu senkan yamato 2199,宇宙戦艦ヤマト2199
iyowa girls,いよわガールズ
valkyrie profile (series),ヴァルキリープロファイル
gachiakuta,ガチアクタ
mortal kombat (series),モータルコンバット
piapro studio,ピアプロ
sunrise (company),株式会社サンライズ
digimon story: cyber sleuth,デジモンストーリー
mario & luigi rpg,マリオ&ルイージRPGシリーズ
kingdom hearts i,初代キングダムハーツ
the witcher 3,ウィッチャー3
cygames,Cygames
kemono friends 2,けものフレンズ2
vinesauce,ヴァインソース
dragon quest vii,ドラゴンクエストVII
scooby-doo (series),スクービー・ドゥー
stardew valley,スターデューバレー
amphibia,ふしぎの国アンフィビア
hyrule warriors,ゼルダ無双
high school dxd born,ハイスクールD×DBorN
time bokan (series),タイムボカン
fire emblem: new mystery of the emblem,新・紋章の謎
sakamoto days,サカモトデイズ
morenatsu,漏れ夏
mahou shoujo lyrical nanoha the movie 1st,魔法少女リリカルなのはthemovie1st
ring fit adventure,リングフィットアドベンチャー
super mario odyssey,スーパーマリオオデッセイ
palworld,パルワールド
chobits,ちょびっツ
mass effect (series),マスエフェクト
idolmaster live for you!,アイドルマスターライブフォーユー!
pepsi,ペプシ
shinkai shoujo (vocaloid),深海少女
duel masters play's,デュエプレ
aikatsu friends!,アイカツフレンズ!
gundam 0080,機動戦士ガンダム0080
sengoku bushouki muramasa,戦国武将姫MURAMASA
school days,スクールデイズ
hooters,フーターズ
gundam g no reconguista,Gのレコンギスタ
log horizon,ログ・ホライズン
ace attorney investigations,逆転検事
cytus,Cytus
mato seihei no slave,魔都精兵のスレイブ
sekaiju no meikyuu 4,世界樹の迷宮4
honzuki no gekokujou,本好きの下剋上
amazon (company),Amazon（会社）
squid game,イカゲーム
ghost in the shell: stand alone complex,攻殻機動隊スタンド・アローン・コンプレックス
2026 fifa world cup,ワールドカップ2026
medarot,メダロット
inazuma eleven go galaxy,イナズマイレブンGOギャラクシー
macross 7,マクロス7
mahouka koukou no rettousei,魔法科高校の劣等生
kuro no kiseki ii,黎の軌跡
atelier sophie,ソフィーのアトリエ
metal gear solid v: the phantom pain,メタルギアソリッド5
rou-kyuu-bu!,ロウきゅーぶ!
backrooms (creepypasta),バックルーム
the little mermaid (disney),リトルマーメイド
grandia i,グランディア
niconico,ニコニコ
mountain of faith,東方風神録
legacy of lunatic kingdom,東方紺珠伝
resident evil 2 (remake),バイオハザード2（リメイク）
kagurabachi,カグラバチ
renkin san-kyuu magical pokaan,錬金3級まじかる?ぽか~ん
ikkitousen extra burst,一騎当千エクストラバースト
megami tensei,女神転生シリーズ
shugo seijo prism saber,守護聖女プリズムセイバー
kamen rider revice (series),仮面ライダーリバイス
the scum villain's self-saving system,人渣反派自救系统
re:creators,レクリエイターズ
pixiv fantasia t,pixivファンタジアT
adachi to shimamura,安達としまむら
wild arms 2,ワイルドアームズ2
hoozuki no reitetsu,鬼灯の冷徹
gundam age,機動戦士ガンダムAGE
metal gear rising: revengeance,メタルギアライジング
soukyuu no fafner,蒼穹のファフナー
tenga,テンガ
kirby star allies,星のカービィスターアライズ
girls und panzer motto love love sakusen desu!,もっとラブラブ作戦です!
bokura wa ima no naka de,僕らは今のなかで
seitenkango. shinyuu to,性転換後、親友と
kakyuusei (series),下級生
umamusume: beginning of a new era,新時代の扉
kekkai sensen,血界戦線
classicaloid,クラシカロイド
master of eternity,ストラステラ
the loud house,ラウド・ハウス
xblaze,エクスブレイズ
fallout 4,フォールアウト4
sekaiju no meikyuu 2,世界樹の迷宮2
love hina,ラブひな
futari wa precure max heart,ふたりはプリキュアMaxHeart
akuma no riddle,悪魔のリドル
atelier resleriana,レスレリアーナのアトリエ
digimon beatbreak,デジモンビートブレイク
tales of symphonia knight of ratatosk,ラタトスクの騎士
another eden,アナザーエデン
digimon story: time stranger,デジモンストーリータイムストレンジャー
kyoukai no kanata,境界の彼方
bandai,バンダイ
tales of xillia 2,テイルズ・オブ・エクシリア2
higurashi no naku koro ni gou,ひぐらしのなく頃に業
bilibili,ビリビリ動画
djmax,djmax
the road to el dorado,エル・ドラド
konosuba! fantastic days,この素晴らしい世界に祝福を!ファンタスティックデイズ
forever 7th capital,永遠の7日の都市
dragon quest vi,ドラゴンクエスト6
muv-luv total eclipse,トータルイクリプス
fossilized wonders,東方錦上京
shaman king,シャーマンキング
puniru wa kawaii slime,ぷにるはかわいいスライム
choukou tenshi escalayer,超昂天使エスカレイヤー
comic kairakuten,コミック快楽天
hentai ouji to warawanai neko.,変態王子と笑わない猫。
re:act,カガスタ
atelier totori,トトリのアトリエ
bayonetta 2,ベヨネッタ2
pragmata,プラグマタ
disco elysium,ディスコエリジウム
irasutoya,いらすとや
mahou shoujo oriko magica,魔法少女おりこ☆マギカ
cytus ii,Cytus II
psycho-pass,サイコパス
senki zesshou symphogear xd unlimited,戦姫絶唱シンフォギアXD
iriam,イリアム
hinata channel,猫宮ひなた
natsuiro egao de 1 2 jump!,"夏色えがおで1,2,Jump!"
hidden star in four seasons,東方天空璋
kamen rider dcd,仮面ライダーディケイド
takopii no genzai,タコピーの原罪
learning with manga! fgo,マンガで分かる!Fate/GrandOrder
talkex,音街ウナTalkEX
kamen rider ooo (series),仮面ライダーオーズ
langrisser,ラングリッサー
zutto mayonaka de ii no ni,ずっと真夜中でいいのに。
the iron of yin and yang,東方陰陽鉄~ブロントさんが幻想郷入り~
sekirei,セキレイ
shin megami tensei iii: nocturne,真・女神転生III
dragon village (series),ドラゴンビレッジ
the end of evangelion,新世紀エヴァンゲリオン劇場版
god eater 2: rage burst,ゴッドイーター2
haibane renmei,灰羽連盟
aogiri koukou,あおぎり高校ゲーム部
claymore (series),クレイモア
valkyrie drive,ヴァルキリードライヴ
hanasaku iroha,花咲くいろは
mairimashita! iruma-kun,魔入りました入間くん
choukou shinki ixseal,超昂神騎エクシール
love live! nijigasaki high school idol club the movie - finale,ラブライブ!虹ヶ咲学園スクールアイドル同好会_完結編
the transformers (idw),トランス（IDW）
unconnected marketeers,東方虹龍洞
suisei no gargantia,翠星のガルガンティア
koi wa sensou (vocaloid),恋は戦争
peanuts (comic),ピーナッツ
yuukyuu gensoukyoku,悠久幻想曲
utawarerumono: itsuwari no kamen,偽りの仮面
devil may cry 4,デビルメイクライ4
ao no kanata no four rhythm,蒼の彼方のフォーリズム
toaru kagaku no railgun s,とある科学の超電磁砲S
tangled,塔の上のラプンツェル
shinmai maou no testament,新妹魔王の契約者
wrestle angels,レッスルエンジェルス
viper (series),VIPER(PCゲーム)
formula one,f1同人
zozotown,プロセカZOZOコラボ
summon night 3,サモンナイト3
evertale,エバーテイル
garou: mark of the wolves,餓狼MOW
princess tutu,プリンセスチュチュ
dream smp,夢のSMP
new horizon,ニューホライズン
sony,ソニー
ousama ranking,王様ランキング
dragon village collection,ドラビレ
kunoichi tsubaki no mune no uchi,くノ一ツバキの胸の内
breath of fire v,ブレスオブファイア5
devil survivor 1,女神異聞録デビルサバイバー
yuusha to maou,勇者と魔王
shadows house,シャドーハウス
oounabara to wadanohara,大海原と大海原
simoun,シムーン
victory gundam,機動戦士Vガンダム
dango daikazoku,だんご大家族
jewelpet (series),ジュエルペット
madou monogatari,魔導物語
oboro muramasa,朧村正
haiiro teien,灰色庭園
akb0048,AKB0048
strawberry panic!,ストパニ
given,ギヴン
bravely default: flying fairy,ブレイブリーデフォルト
paper mario: the thousand-year door,ペーパーマリオRPG
olympics,オリンピック
pop-up story,ポップアップストーリー
dirty pair,ダーティペア
futoku no guild,不徳のギルド
aether gazer,エーテルゲイザー
gekitotsu! joshikousei oiroke sensha gundan,ゲキトツ！ Joshikousei Oiroke Sensha Gundan
yatterman,ヤッターマン
subarashiki kono sekai,すばらしきこのせかい
summertime render,サマータイムレンダ
blazblue: central fiction,Blazblue：中央フィクション
mario kart world,マリオカートワールド
ar tonelico ii,アルトネリコ2
blazblue: chronophantasma,Blazblue：Chronophantasma
bishoujo mangekyou (series),美少女万华镜
strinova,カラビヤウ
love live! the school idol movie,ラブライブ!The_School_Idol_Movie
resident evil 1,バイオハザード1
cave story,洞窟物語
tales of arise,テイルズオブアライズ
kamen rider ryuki (series),仮面ライダー龍騎
record of lodoss war,ロードス島戦記
noss & zakuro,ノス&ザクロ
happiness!,はぴねす!
beyblade,ベイブレード
devilman,デビルマン
barbie (franchise),バービー
elf-san wa yaserarenai.,エルフさんは痩せられない。
idolmaster sp,アイドルマスターSP
homestuck,ホームスタック
aku no musume (vocaloid),悪ノ娘
soccer spirits,サッカースピリッツ
starward,星の翼
battle girl high school,バトルガールハイスクール
kaijuu no. 8,怪獣8号
ef (visual novel),悠久之翼
saihate eki,さいはて駅
queen's gate,クイーンズゲイト
wily beast and weakest creature,東方鬼形獣
higurashi no naku koro ni mei,ひぐらしのなく頃に命
tsugumomo,つぐもも
aladdin (movie),アラジン(ディズニー)
urban legend in limbo,東方深秘録
metroid dread,メトロイドドレッド
tenshinranman,天神乱漫
pac-man (game),パックマン
bayonetta 1,ベヨネッタ
black jack (series),ブラック・ジャック
rinne no lagrange,輪廻のラグランジェ
saga frontier 2,サガフロンティア2
xxl woofia,XXL同伴集結
formation girls,フォーメーションガールズ
hololive dreams,ホロライブドリームス
to be hero x,凸变英雄X
gantz,ガンツ
dragon ball daima,ドラゴンボール大魔
yoru mac,特別じゃない、しあわせな時間。
blue reflection (series),ブルーリフレクション
tales of eternia,テイルズ・オブ・エターニア
final fantasy ii,ファイナルファンタジーII
resident evil 3 (remake),バイオハザード3（リメイク）
tales of the rays,テイルズオブザレイズ
digimon liberator,デジモンリベレイター
tokimeki memorial girl's side,ときめきメモリアルgs
pacific rim,パシフィック・リム
gosick,ゴシック
bamboo blade,バンブーブレード
atelier live,Atelier Live
hololive grand theft auto,ホロライブグランドセフトオート
aespa,エスパ
persona 4 the golden,ペルソナ4ザ・ゴールデン
maji de watashi ni koi shinasai!,真剣で私に恋しなさい!
windows xp,ウィンドウズXP
dissidia duellum final fantasy,ディシディアデュエルムFF
jibaku shounen hanako-kun,地縛少年花子くん
mahou shoujo madoka magica: walpurgis no kaiten,ワルプルギスの廻天
makai senki disgaea 4,魔界戦記ディスガイア4
ender lilies quietus of the knights,エンダーリリーズ
xenoblade chronicles x,ゼノブレイドクロス
top wo nerae!,トップをねらえ
super robot wars og saga mugen no frontier,無限のフロンティア
final fantasy x-2,ファイナルファンタジーX-2
blame!,ブラム!
animedia,アニメディア
breaking bad,ブレイキング・バッド
cyborg 009,サイボーグ009
flip flappers,フリップフラッパーズ
bang dream! our notes,アワーノーツ
sakura no uta,サクラノ詩-櫻の森の上を舞う-
yakusoku no neverland,約束のネバーランド
gundam 08th ms team,機動戦士ガンダム第08MS小隊
neo-porte,ネオポルテ
octopath traveler ii,オクトラ2
dohna dohna issho ni warui koto o shiyou,ドーナドーナいっしょにわるいことをしよう
helldivers (series),ヘルダイバー
onna ga nigate na yankee to shoujo no hanashi,女が苦手なヤンキーと少女の話
the addams family,アダムスファミリー
kyoufuu all back (vocaloid),強風オールバック
comiket 94,コミケ94
kamen rider 555,仮面ライダー555
atelier ryza 3,ライザのアトリエ3
mahou shoujo ikusei keikaku unmarked,Mahou shoujo ikusei keikakuはマークされていません
phoenix wright: ace attorney - dual destinies,逆転裁判5
another,アナザー
persona 1,女神異聞録ペルソナ
pandora hearts,パンドラハーツ
shinza bansho series,神座万象シリーズ
kamen rider build (series),仮面ライダービルド
iris mysteria!,あいりすミスティリア!〜少女のつむぐ夢の秘跡〜
himitsu no aipri,ひみつのアイプリ
fate/requiem,運命/レクイエム
amairo islenauts,天色*アイルノーツ
soredemo ayumu wa yosetekuru,それでも歩は寄せてくる
sangokushi taisen,三国志大戦TCGカードイラストコンテスト
sakura trick,桜trick
fire emblem: shadow dragon and the blade of light,暗黒竜と光の剣
kidou keisatsu patlabor,機動警察パトレイバー
ash arms,アッシュアームズ
pixiv fantasia age of starlight,pixivファンタジアAOS
ore twintail ni narimasu,俺、ツインテールになります。
yani neko,ヤニねこ
pokemon tcg pocket,ポケモントレーディングカードゲームポケット
mazinger z,マジンガーZ
high school dxd infinity,ハイスクールD×DInfinity
atri-my dear moments-,アトリ
gensou suikoden ii,幻想水滸伝II
white album (series),ホワイトアルバム
eiyuu senki,英雄戦姫
magnet (vocaloid),マグネット（ボーカロイド）
kerberos blade,ケルベロスブレイド
wactor production,ワクター生産
mahoutsukai no yakusoku,魔法使いの約束
afk journey,AFKジャーニー
sky: children of the light,Sky星を紡ぐ子どもたち
breath of fire iv,ブレスオブファイア4
hyoutenka 30-do no zetsubou,氷点下30度の絶望
kimi ga nozomu eien,君が望む永遠
dororo (tezuka),どろろ
sk8 the infinity,SK∞エスケーエイト
milgram,ミルグラム
portal (series),ポータル（シリーズ）
sekaiju no meikyuu 5,世界樹の迷宮5
f-ism,f-ism
zannen onna-kanbu black general-san,残念女幹部ブラックジェネラルさん
digimon frontier,デジモンフロンティア
kingdom hearts 358/2 days,キングダムハーツ358/2日
devil survivor 2,デビルサバイバー2
pretty rhythm rainbow live,プリティーリズム・レインボーライブ
blackpink,ブラックピンク
dengeki g's,電撃G’sマガジン
ultraman (1st series),ウルトラマン
beastars,ビースターズ
foster's home for imaginary friends,フォスターズホーム
mouthwashing,マウスウォッシング
pokemon cafe remix,ポケモンカフェミックス
xenosaga episode i,ゼノサーガエピソードI
pikmin 4,ピクミン4
genjitsu no yohane,幻日のヨハネ
tennis no ouji-sama,テニスの王子様
project kv,プロジェクトKV
tomb raider,トゥームレイダー
gundam arsenal base,アーセナルベース
teenage mutant ninja turtles,ティーンエイジ・ミュータント・ニンジャ・タートルズ
rune factory 4,ルーンファクトリー4
rakudai ninja rantarou,忍たま乱太郎
qurare magic library,QURARE:魔法図書館
koishi komeiji's heart-throbbing adventure,古明地こいしのドキドキ大冒険
shrek (series),シュレック
saru getchu,サルゲッチュ
mainichi kiss shite lolita,毎日キスしてロリータ
power pro-kun pocket,パワポケ
muv-luv girls garden,マブラヴガールズガーデン
kamen rider 01 (series),仮面ライダーゼロワン
shoukoujo,少交女
kmnz,kmnz
mashle,マッシュル-MASHLE-
kamen rider geats (series),仮面ライダーギーツ
snow white (fairy tale),白雪姫
do it yourself!!,diyアニメ
ima sugu rinne (vocaloid),いますぐ輪廻
sayonara wo oshiete,さよならを教えて
f-zero,エフゼロ
senbonzakura (vocaloid),千本桜
breath of fire iii,ブレスオブファイア3
snow white and the seven dwarfs (disney),白雪姫(ディズニー)
sword art online: alicization - war of underworld,剣アートオンライン：alicization -war of underworld
owarimonogatari,終物語
gj-bu,GJ部
shin godzilla,シン・ゴジラ
alice sherlock: the rubious nebula,アリス・シャーロック:ルビー色の星雲
final fantasy iii,ファイナルファンタジーiii
gunslinger girl,ガンスリンガー・ガール
pixiv fantasia sword regalia,pixivファンタジアSR
voltron (series),ボルトロン
romancing saga 2,ロマンシングサ・ガ2
sakura taisen iii,サクラ大戦3
chain paradox,チェインパラドクス
fatal frame: maiden of black water,零〜濡鴉ノ巫女〜
liver city,絵守未來プロジェクト
kono subarashii sekai ni shukufuku wo! kono yokubukai game ni shinpan o!,この素晴らしい世界に祝福を!この欲深いゲームに審判を!
fate/extella link,Fate/Extellaリンク
yumekui merry,夢喰いメリー
ten desires,東方神霊廟
pizza hut,ピザハット
the shining,シャイニング
gensou suikoden v,幻想水滸伝V
dumbbell nan kilo moteru?,ダンベル何キロ持てる?
atelier rorona,ロロナのアトリエ
demonbane,デモンベイン
rhythm tengoku,リズム天国
kantai collection (anime),艦隊これくしょん(アニメ)
yu-gi-oh! sevens,遊戯王SEVENS
four goddesses online: cyber dimension neptune,四女神オンライン
akebi-chan no serafuku,明日ちゃんのセーラー服
gundam perfect file,ガンダムパーフェクトファイル
zoids genesis,ゾイドジェネシス
shoujo ramune,小女ラムネ
makai senki disgaea 3,魔界戦記ディスガイア3
sword art online alternative: gun gale online,ガンゲイル・オンライン
pokemon champions,ポケモンチャンピオンズ
big hero 6,ビッグヒーロー6
wild arms 1,ワイルドアームズ
medium5,五维介质
fushigi na neko no machi meltier,ふしぎな猫のまちメルティア
ukagaka,伺か
pixiv fantasia new world,pixivファンタジアNW
otome game no hametsu flag shika nai akuyaku reijou ni tensei shite shimatta,乙女ゲームの破滅フラグしかない悪役令嬢に転生してしまった
the simpsons,シンプソンズ
xinyue tongxing,新月同行イラコン一緒に同行
otonari no tenshi-sama ni itsu no mani ka dame ningen ni sarete ita ken,お隣の天使様にいつの間にか駄目人間にされていた件
luminous witches,音楽隊ウィッチーズ
kore wa zombie desu ka?,これはゾンビですか?
hori-san to miyamura-kun,堀さんと宮村くん
arc the lad ii,アークザラッドii
kim possible (series),キム・ポッシブル
school girl strikers,スクールガールストライカーズ
sengoku rance,戦国ランス
final fantasy i,ファイナルファンタジーI
pukey goddess shot trick,ピューキーゴッデスショットトリック
the lord of the rings,ロード・オブ・ザ・リング
kamen rider kuuga (series),仮面ライダークウガ
bokujou monogatari,牧場物語
suna no wakusei (vocaloid),砂の惑星
yu-gi-oh! go rush!!,遊戯王ゴーラッシュ!!
limelight lemonade jam,ライムライト・レモネードジャム
read or die,リード・オア・ダイ
forbidden scrollery,東方鈴奈庵
light and night love,光と夜の恋
sugar sugar rune,シュガシュガルーン
romeo to cinderella (vocaloid),ロミオとシンデレラ
oneshot (game),Oneshot（ゲーム）
senran kagura estival versus,閃乱カグラ少女達の選択
age of ishtaria,刻のイシュタリア
idolmaster shiny colors song for prism,アイドルマスターシャイニーカラーズSong_for_Prism
sen no kiseki ii,閃の軌跡II
mechanical buddy universe,メカニカルバディユニバース
witchblade (anime),ウィッチブレイド
voltron: legendary defender,ボルトロン
tenkuu no shiro laputa,ラピュタ
prism project,プリズムプロジェクト
kyu-kurarin (cevio),きゅうくらりん
enjo kouhai,援助交配
comiket 99,コミケ99
girls und panzer saishuushou,ガルパン最終章
yoake mae yori ruri iro na,夜明け前より瑠璃色な
grappler baki,グラップラー刃牙
sonic the hedgehog (idw),IDWソニック
slay the spire 2,杀戮尖塔2
jahy-sama wa kujikenai!,ジャヒー様はくじけない!
da capo ii,ダ・カーポII
listen!!,聞く！！
atelier meruru,メルルのアトリエ
pokemon brilliant diamond and shining pearl,ポケモンBDSP
carnival phantasm,カーニバル・ファンタズム
ouran high school host club,桜蘭高校ホスト部
night sparrow love,恋する夜雀
crash bandicoot (series),クラッシュバンディクー
the lego group,レゴ
fatal frame: mask of the lunar eclipse,月蝕の仮面
isekai maou to shoukan shoujo no dorei majutsu,異世界魔王と召喚少女の奴隷魔術
7th dragon 2020,セブンスドラゴン2020
grand theft auto vi,グランドセフトオート6
kotobukiya bishoujo,コトブキヤ
tales of destiny 2,テイルズ・オブ・デスティニー2
netsu ijou (utau),熱異常
a channel,Aチャンネル
sunken fossil world,東方剛欲異聞~水没した沈愁地獄
yuusha ou gaogaigar,勇者王ガオガイガー
kuroinu ~kedakaki seijo wa hakudaku ni somaru~,黒獣~気高き聖女は白濁に染まる~
bunny garden,バニーガーデン
choujigen game neptune mk2,超次元ゲイムネプテューヌmk2
mario tennis,マリオテニス
doukyuusei,同級生
danna ga nani wo itte iru ka wakaranai ken,旦那が何を言っているかわからない件
kamen rider fourze (series),仮面ライダーフォーゼ
.hack//g.u.,.hack // g.u。
medaka box,めだかボックス
monsters raid,モンスターズ・レイド
kanan-sama wa akumade choroi,カナン様はあくまでチョロい
dies irae,ディエス・イレ
friday the 13th,13日の金曜日
walt disney's peter pan,ピーター・パン(ディズニー)
super heroine boy,スーパーヒロインボーイ
crazy raccoon,クレイジーなアライグマ
rance x,ランス10
blue oath,蒼藍の誓い
after war gundam x,機動新世紀ガンダムX
mahoutsukai linn no shiawase na kekkon,魔法使いリィンの幸せな結婚
omamori himari,おまひま
fallout: new vegas,フォールアウト:ニューベガス
valkyrie drive -mermaid-,ヴァルキリードライヴマーメイド
dragon quest dai no daibouken,ダイの大冒険
phoenix wright: ace attorney - trials and tribulations,逆転裁判3
hamidashi creative,ハミダシクリエイティブ
alternative girls,オルタナティブガールズ
danmachi memoria freese,ダンまち~メモリア・フレーゼ~
soulcalibur iv,ソウルキャリバーIV
yappari chinchirando,やっぱりチンチランド
gundam msv,モビルスーツバリエーション
tales weaver,テイルズウィーバー
sonic frontiers,ソニックフロンティア
kamen rider (1st series),仮面ライダー
warframe,ウォーフレーム
macross: do you remember love?,超時空要塞マクロス
monster musume td,モンスター娘TD
top wo nerae 2!,トップをねらえ2!DIEBUSTER
american mcgee's alice,アリスインナイトメア
disgaea rpg,魔界戦記ディスガイアRPG
houshin engi,封神演義
meridian project,子午計畫
16personalities,mbti修电脑组
kirara fantasia,きららファンタジア
initial d,イニD
fatal fury: city of the wolves,餓狼伝説CotW
one piece treasure cruise,トレジャークルーズ
kamen rider ex-aid (series),仮面ライダーエグゼイド
vinland saga,ヴィンランド・サガ
sleeping beauty (disney),眠れる森の美女
tower of god,神之塔
satsuriku no tenshi,殺戮の天使
hitsugi no chaika,棺姫のチャイカ
miru tights,みるタイツ
sasayaku you ni koi wo utau,ささやくように恋を唄う
reverseblue x re-birthend,リバースブルー×リバースエンド
zettai karen children,絶対可憐チルドレン
hololive official card game,ホロカ
beauty and the beast (disney),美女と野獣(ディズニー)
yuzusoft,ゆずソフト
terminator (series),ターミネーター
kuso miso technique,くそみそテクニック
sengoku collection,戦国コレクション
shukusei!! loli-kami requiem,粛聖!!_ロリ神レクイエム☆
pixiv fantasia 3,pixivファンタジアIII
drifters,ドリフターズ
ninja slayer,ニンジャスレイヤー
mushishi,蟲師
musuko ga kawaikute shikatanai mazoku no hahaoya,息子がかわいくて仕方ない魔族の母親
project diva 2nd,Project Diva 2nd
fire emblem: shadow dragon,新・暗黒竜と光の剣
kimetsu gakuen,中高一貫キメツ学園物語
titanfall (series),タイタンフォール
star ocean: the last hope,スターオーシャン4
love and producer,恋とプロデューサー~EVOL×LOVE~
prison school,プリズンスクール
hitozuma sentai aisaiger,人妻戦隊アイサイガー
"mogyutto ""love"" de sekkin chuu!",もぎゅっと“love”で接近中!
catherine (game),キャサリン（ゲーム）
baccano!,バッカーノ!
dr. slump,Dr.スランプ
dragon quest i,ドラゴンクエスト1
foul detective satori,反則探偵さとり
shine post,シャインポスト
gendai ninjakko zukan,現代忍者っ子図鑑
yumemi ga cheek!,ゆめみがちーく!
rune factory 3,ルーンファクトリー3
da capo i,ダ・カーポI
ganbare! nakamura-kun!!,ガンバレ!中村くん!!
food fantasy,フードファンタジー
monsterverse,モンスターバースシリーズ
duffy and friends,ダッフィーアンドフレンズ
castlevania: portrait of ruin,悪魔城ドラキュラギャラリーオブラビリンス
fear & hunger 1,フィア―・アンド・ハンガー
mahou senki lyrical nanoha force,魔法戦記リリカルなのはForce
mahou shoujo lyrical nanoha the movie 2nd a's,魔法少女リリカルなのはthemovie2nda's
clover theater,クローバーシアター
umamusume: road to the top,ウマ娘プリティーダービーRoad_to_the_Top
tokimeki memorial 1,ときめきメモリアル
my life as a teenage robot,ジェニーはティーン☆ロボット
nier reincarnation,ニーアリィンカネーション
idolmaster poplinks,アイドルマスターポップリンクス
legend clover,れじぇくろ
animage,アニメージュ
cu-no,cu-no
kemurikusa,ケムリクサ
gyakushuu no fantasica,逆襲のファンタジカ
mirai akari project,ミライアカリ
star driver,STAR_DRIVER_輝きのタクト
kanpani girls,かんぱに☆ガールズ
atelier yumia,ユミアのアトリエ
murder drones,マーダードローンズ
koe no katachi,聲の形
dorei to no seikatsu ~teaching feeling~,奴隷との生活
production kawaii,プロダクションkawaii
maimai (game),マイマイ
hercules (1997 movie),ヘラクレス(ディズニー映画)
xenoblade chronicles 2: torna - the golden country,黄金の国イーラ
boku dake ga inai machi,僕だけがいない街
maison ikkoku,めぞん一刻
.flow,。流れ
transformers (live action),実写TF
wild arms 3,ワイルドアームズ3
kamen rider gavv (series),仮面ライダーガヴ
iosys,iosys
urara meirochou,うらら迷路帖
everlasting summer,永遠の夏
zhu xian,诛仙
the big o,THEビッグオー
katanagatari,刀語
hitoribocchi no marumaru seikatsu,ひとりぼっちの○○生活
lilo & stitch,リロ・アンド・スティッチ
kannazuki no miko,神無月の巫女
danshi koukousei no nichijou,男子高校生の日常
nijisanji koshien,にじさんじ甲子園
metal gear solid 3: snake eater,メタルギアソリッド3
gundam f91,機動戦士ガンダムF91
false memory,记忆管理局
kamen rider den-o (series),仮面ライダー電王
otaku-kun to gyaru no koi,オタクくんとギャルの恋
a song of ice and fire,氷と炎の歌
tensui no sakuna-hime,天穂のサクナヒメ
digimon ghost game,デジモンゴーストゲーム
furyou michi ~gang road~,不良道~ギャングロード~
citrus (saburouta),シトラス
gake no ue no ponyo,崖の上のポニョ
world of warships,戰艦世界
the nightmare before christmas,ナイトメア・ビフォア・クリスマス
18trip,エイトリ
warrior cats,ウォーリアーズ
saturday night fever,サタデーナイトフィーバー
wakfu,ワクフ
tetris,テトリス
uni create,ゆにクリエイト
creepypasta,クリーピーパスタ
tatakau ni atai suru,戦うに値する
final gear,ファイナルギア
winx club,ウィンクス・クラブ
mononoke,モノノ怪
virtua fighter,バーチャファイター
shirokami project,白髪教団
comic aun,コミックアウン
star vs the forces of evil,悪魔バスター★スター・バタフライ
chunithm,チュウニズム
shimeji simulation,シメジシミュレーション
national basketball association,美国职业篮球联赛
seto no hanayome,瀬戸の花嫁
onegai teacher,おねがい☆ティーチャー
girls und panzer ribbon no musha,リボンの武者
comiket 95,コミケ95
dragon musume ni naritakunai!,ドラゴン娘になりたくないっ!
silent hill 3,サイレントヒル3
saga frontier,サガフロンティア
matryoshka (vocaloid),マトリョシカ
sora wo kakeru shoujo,宇宙をかける少女
kowareta sekai to utaenai miku,壊れたセカイと歌えないミク
ange vierge,アンジュ・ヴィエルジュ
akemiho tabi nikki,あけみほ旅日記
honey come chatka!!,ハニカムチャッカ
maitetsu,まいてつ
the legend of zelda: echoes of wisdom,知恵のかりもの
persona 2 tsumi,ペルソナ2罪
iya na kao sare nagara opantsu misete moraitai,嫌な顔されながらおパンツ見せてもらいたいシリーズ
ookami-san,オオカミさんと七人の仲間たち
shounen jump,少年ジャンプ
comiket 96,コミケ96
echocalypse,エコカリ
pornhub,Pornhubビキニ
gatchaman crowds,ガッチャマンクラウズ
jingling zhi dan,精灵之蛋
mekakucity actors,メカクシティアクターズ
demon's souls,デモンズソウル
hinako note,ひなこのーと
gfriend,ジーフレンド
san-x,サンエックス
k-project,K(アニメ)
cutie honey,キューティーハニー
gensou suikoden i,幻想水滸伝i
elfen lied,エルフェンリート
project hail mary,プロジェクト・ヘイル・メアリー
rakudai kishi no cavalry,落第騎士の英雄譚
kamen rider blade (series),仮面ライダー剣
baby princess,ベイビープリンセス
hatsune miku graphy collection,初音ミクぐらふぃコレクション
koisuru asteroid,恋する小惑星
shigatsu wa kimi no uso,四月は君の嘘
forestia ~chiisana machi no bokujou life~,フォレスティア~ちいさな町の牧場ライフ~
mashiroiro symphony,ましろ色シンフォニー
comic kairakuten beast,快楽天ビースト
toy story,トイ・ストーリーシリーズ
phoenix wright: ace attorney - spirit of justice,逆転裁判6
doupo cangqiong,斗破苍穹
mahoromatic,まほろまてぃっく
kinnikuman,キン肉マン
ar tonelico iii,アルトネリコ3
mahou shoujo sae,魔法少女沙枝
galge.com,galge.com
bokutachi wa benkyou ga dekinai,ぼくたちは勉強ができない
comiket 97,コミケ97
tamacolle,魂これ
mode aim,オシャレになりたい!ピーナッツくん
tokimeki memorial 2,ときめきメモリアル2
tsunderia,Tsunderia
roshin yuukai (vocaloid),炉心融解
sore wa bokutachi no kiseki,それは僕たちの奇跡
yuri-natsu: minshuku kagaya,ゆりなつ
idolmaster side-m growing stars,サイスタ
wednesday (netflix),ウェンズデー
the legend of zelda: a link to the past,神々のトライフォース
vigilante -boku no hero academia: illegals-,ヴィジランテ-僕のヒーローアカデミアILLEGALS-
mahou shoujo lyrical nanoha a's portable: the battle of aces,Mahou shoujo lylical nanohaのポータブル：エースの戦い
encanto,ミラベルと魔法だらけの家
persona 5: dancing star night,ペルソナ5ダンシング・スターナイト
la pucelle tactics,ラ・ピュセル
high school dxd pi,ハイスクールD×DPI
star wars: the clone wars (2008 tv series),クローン・ウォーズ
doukyuusei 2,同級生2
pui pui molcar,モルカー
rolling girl (vocaloid),ローリンガール
chuugoku yome nikki,中国嫁日記
onsen musume,温泉むすめ
yuru-chara,ゆるキャラ
ginga eiyuu densetsu,銀河英雄伝説
white album 2,ホワイトアルバム2
#compass,#コンパス
pia carrot (series),Piaキャロットへようこそ!!
the jojolands,ザ・ジョジョランズ
mishiranu joshikousei ni kankin sareta mangaka no hanashi,見知らぬ女子高生に監禁された漫画家の話
precure all stars,プリキュアオールスターズ
doom eternal,永遠の運命
atelier escha & logy,エスカ&ロジーのアトリエ
kagura gumi,神楽めあ
story of eastern wonderland,東方封魔録
takaramonozu,タカラモノズ
bobobo-bo bo-bobo,ボボボーボ・ボーボボ
taimanin asagi kessen arena,対魔忍アサギ~決戦アリーナ~
looney tunes,ルーニー・テューンズ
girl cafe gun,ガール・カフェ・ガン
eden's zero,エデンズゼロ
marvel vs. capcom 2,マブカプ2
jormungand (manga),ヨルムンガンド
half-life (series),ハーフライフ
wrestle angels survivor,レッスルエンジェルスサバイバー
fire emblem shadows,ファイアーエムブレムシャドウズ
tsukuyomi moonphase,月詠(漫画)
legend of the cryptids,Cryptidsの伝説
chrono crusade,クロノクルセイド
tokyo mirage sessions fe,幻影異聞録♯FE
cyphers,シップ
tribe nine,トライブナイン
eyeshield 21,アイシールド21
nue no onmyouji,鵺の陰陽師
naruto shippuuden: ultimate ninja blazing,NARUTO疾風伝ナルティメットブレイジング
love live! hasu no sora jogakuin school idol club bloom garden party,映画蓮ノ空
juuni kokuki,十二国記
sakura-sou no pet na kanojo,さくら荘のペットな彼女
seikon no qwaser,聖痕のクェイサー
mahotama,まほ☆たまシリ
null-meta,ぬるめた
power pro appli,パワプロアプリ
marvel tokon: fighting souls,MARVEL闘魂
hikaru no go,ヒカルの碁
sonic adventure 2,ソニックアドベンチャー2
alice: madness returns,アリスマッドネスリターンズ
bougyoryoku zero no yome,防御力ゼロの嫁
kirby air ride,カービィのエアライド
amakano 2,アマカノ2
kaoru hana wa rin to saku,薫る花は凛と咲く
k-on! movie,映画けいおん!
himehina channel,ヒメチャンネル
tiktok,ティックトック
king of prism,キンプリ
nurarihyon no mago,ぬらりひょんの孫
phantasmagoria of flower view,東方花映塚
mother 1,マザー1
soukou seiki ysphere,装煌聖姫イースフィア
langrisser mobile,ラングリッサーモバイル
428: fuusa sareta shibuya de,428~封鎖された渋谷で~
sayonara lara,さよならララ
tomo-chan wa onna no ko,トモちゃんは女の子!
suicide squad,スーサイド・スクワッド
yomi no tsugai,黄泉のツガイ
darkest dungeon,ダーケストダンジョン
kunio-kun series,くにおくん
project diva f,プロジェクト歌姫f
kyoto animation,京都アニメーション
oda nobuna no yabou,織田信奈の野望
wake up girls!,女の子を起こす！
otome gee sekai wa mob ni kibishii sekai desu,乙女ゲー世界はモブに厳しい世界です
google,グーグル
kakyuusei,下級生
hidan no aria,緋弾のアリア
demi-chan wa kataritai,亜人ちゃんは語りたい
the king of fighters xiii,ザ・キング・オブ・ファイターズXIII
off (game),オフ（ゲーム）
splatoon raiders,スプラトゥーンレイダース
washio sumi wa yuusha de aru,鷲尾須美は勇者である
she-ra and the princesses of power,シーラとプリンセス戦士
eversoul,エバーソウル
touhou danmaku kagura,東方ダンマクカグラ
manga time kirara,まんがタイムきらら
maou-jou de oyasumi,魔王城でおやすみ
ar tonelico i,アルトネリコ世界の終わりで詩い続ける少女
memories off,メモリーズオフ
melty blood: type lumina,溶融血：タイプルミナ
kamoku dakedo mechakucha nori no ii kuroneko-chan,寡黙だけどめちゃくちゃノリのいい黒猫ちゃん
kamen rider gaim (series),仮面ライダー鎧武
tales of legendia,テイルズ・オブ・レジェンディア
mahou shoujo inori,魔法少女イノリ
lotte no omocha!,ロッテのおもちゃ!
yandere simulator,ヤンデレシミュレーター
fuuki iinchou seira,風紀委員長聖薇
tenmaku no jaadugar,天幕のジャードゥーガル
druaga no tou,ドルアーガの塔
hyrule warriors: age of calamity,厄災の黙示録
black bullet,ブラック・ブレット
djmax respect,djmaxの尊敬
pokemon: twilight wings,薄明の翼
bokusatsu tenshi dokuro-chan,撲殺天使ドクロちゃん
tonari no kyuuketsuki-san,となりの吸血鬼さん
tamagotchi (classic),たまごっち
ga-rei,喰霊
pacific (kancolle),美艦本
chaos online,カオスヒーローズオンライン
coppelion,コッペリオン
sarazanmai,さらざんまい
strawberry prince,すとろべりーぷりんす
gwechul,怪談出勤
kakumeiki valvrave,革命機ヴァルヴレイヴ
death stranding,デス・ストランディング
snk heroines: tag team frenzy,SNKヒロインズ
sinsekai record,深脊界計画
makai senki disgaea 5,魔界戦記ディスガイア5
shiro seijo to kuro bokushi,白聖女と黒牧師
galaxy angel rune,ギャラクシーエンジェルII
warhammer fantasy,ウォーハンマーファンタジー
soulcalibur vi,ソウルキャリバー6
sweets paradise,スイパラ
maria holic,まりあ†ほりっく
mega man 2,ロックマン2Dr.ワイリーの謎
me!me!me!,私！私！私！
samsung,サムスン
first stage production,いちプロ
7-eleven,セブンイレブン
marl kingdom,マール王国の人形姫
clair obscur: expedition 33,光與影:33號遠征隊
kirby's return to dream land,星のカービィWii
kumamiko,くまみこ
bandai namco,バンダイナムコ
kamen rider wizard (series),仮面ライダーウィザード
detroit: become human,デトロイトビカムヒューマン
dai (series),大シリーズ
mister donut,ミスタードーナツ
unleashed,解き放たれた
mega man x4,ロックマンX4
ga-rei zero,喰霊-零-
taiho shichauzo,逮捕しちゃうぞ
sengoku otome,戦国乙女
mahoujin guruguru,魔法陣グルグル
kamen rider kabuto (series),仮面ライダーカブト
king (vocaloid),キング（ボーカロイド）
shinsou kenki arch saver,神装剣姫アークセイバー
suguri,スグリ
x-men movie series,X-MENユニバース
code: kite,代号鸢
hakanai kimi wa moukou wo hajimeru,儚キミ
pokemon winds and waves,ポケモン風波
fate/extra ccc fox tail,運命/余分なCCCフォックステール
digimon xros wars,デジモンクロスウォーズ
moetan,もえたん
sword art online: unleashed blading,ソードアート・オンライン_アンリーシュ・ブレイディング
onegai my melody,おねがいマイメロディ
daiblos core,ダイブロスコア
grisaia no rakuen,グリザイアの楽園
ensemble girls!,あんさんぶるガールズ!
transformers: prime,トランスフォーマープライム
22/7 ongaku no jikan,22/7音楽の時間
mimukauwa nice try (vocaloid),みむかゥわナイストライ
watashi no oshi wa akuyaku reijou,私の推しは悪役令嬢。
metal gear solid 4: guns of the patriots,メタルギアソリッド4
schwarzesmarken,シュヴァルツェスマーケン
strike witches zero,ストライクウィッチーズ零
erha he ta de bai mao shizun,二哈と彼の白猫師尊
ninja gaiden,ニンジャガイデン
magician's aerial dream,東方架空園
nippon ichi,日本一ソフトウェア
double dealing character,東方輝針城
mieruko-chan,見える子ちゃん
elona,エレア
girls und panzer little army,ガールズ&パンツァーリトルアーミー
collar x malice,カラマリ
iron man (series),アイアンマン
nurse witch komugi-chan,ナースウィッチ小麦ちゃんマジカルて
deemo,deemo
seito kaichou hikaru,聖徒会長ヒカル
yoru no yatterman,夜ノヤッターマン
houchi shoujo,放置少女イラコンファンアート
2.5 jigen no ririsa,2.5次元の誘惑
titanfall 2,タイタンフォール2
sword art online progressive,ソードアートオンラインプログレッシブ
yuushakei ni shosu,勇者刑に処す
maken-ki!,マケン姫っ!
snow halation,スノハレ
phantasmagoria of dim.dream,夢時空
ai the somnium files,AI:ソムニウムファイル
guilty gear x,ギルティギアゼクス
mario kart tour,マリオカートツアー
princess principal game of mission,プリンセス・プリンシパルGOM
bacchikoi!,バッチコイ
tenki no ko,天気の子
weather planet,ウェザプラ
monster hunter portable 3rd,モンスターハンターポータブル3rd
quiz magic academy the world evolve,クイズマジックアカデミーTHE_WORLD_EVOLVE
kitarou tanjou: gegege no nazo,鬼太郎誕生ゲゲゲの謎
the incredibles,Mr.インクレディブル
trigger (company),株式会社トリガー
watashi wo tabetai hitodenashi,私を喰べたい、ひとでなし
duet night abyss,デュエットナイトアビス
tom and jerry,トムとジェリー
kamen rider zi-o (series),仮面ライダージオウ
isekai ojisan,異世界おじさん
slow start,スロウスタート
transformers: animated,トランスフォーマーアニメイテッド
miniskirt pirates,ミニスカ宇宙海賊
kemomimi refle!,けもみみりふれっ!
walkure romanze,ワルキューレロマンツェ
tsuujou kougeki ga zentai kougeki de ni-kai kougeki no okaasan wa suki desu ka?,通常攻撃が全体攻撃で二回攻撃のお母さんは好きですか?
tomodachi life,トモダチコレクション新生活
mega man x: command mission,ロックマンXコマンドミッション
kyokugen dasshutsu: 9 jikan 9 nin 9 no tobira,極限脱出9時間9人9の扉
vyugen,ヴィーゲン
predator (series),プレデター
sdorica,スドリカ
qinshi mingyue,秦时明月
oukoku no shugo tenshi,王国の守護天使
the amazing world of gumball,おかしなガムボール
antinomy of common flowers,東方憑依華
bural chingu,ずっとも!
sakura taisen v,サクラ大戦V
cafe-chan to break time,カフェちゃんとブレークタイム
invader zim,インベーダー・ジム
wangzhe rongyao,王者荣耀
metroid fusion,メトロイドフュージョン
rain world,雨世界
gundam sentinel,ガンダムセンチネル
shijou saikyou no deshi ken'ichi,史上最強の弟子ケンイチ
tactics ogre,タクティクスオウガ
versailles no bara,ベルサイユのばら
last period,ラストピリオド
aku no meshitsukai (vocaloid),悪ノ召使
yami to boushi to hon no tabibito,ヤミと帽子と本の旅人
kai-ri-sei million arthur,乖離性ミリオンアーサー
lord of vermilion,ロードオブヴァーミリオン
microsoft,マイクロソフト
super mario rpg,スーパーマリオRPG
super mario 3d world,スーパーマリオ3Dワールド
cuphead (game),カップヘッド
natsume yuujinchou,夏目友人帳
disgaea d2,ディスガイアD2
danball senki,ダンボール戦機
bioshock (series),バイオショック
143 ocean boulevard,143オーシャン・ブールヴァード
princess peach: showtime!,プリンセスピーチショータイム!
fall guys,フォールガイズ
muse dash,喵斯快跑
100% orange juice,100%おれんじじゅ〜すっ!
mc axis,MC☆あくしず
seisenshi dunbine,聖戦士ダンバイン
jissai no tokoro,実際のところ
pixiv fate/grand order contest 2,FGOイラコン2
undead unluck,アンデッドアンラック
blade runner (series),ブレードランナー
ace attorney investigations 2: prosecutor's gambit,逆転検事2
cinderella (disney movie),シンデレラ(ディズニー)
joshi kousei rich thots,お姉ちゃんととろける気持ち
kemomimi oukoku kokuei housou,けもみみおーこく
to heart 2 ad,ハート2の広告に
oshi no taisetsuna hito ni narikawaru,推しの大切な人に成り代わる
gundam battle operation 2,機動戦士ガンダムバトルオペレーション2
summon night 2,サモンナイト2
konjiki no gash!!,金色のガッシュベル!!
super blackjack,スーパーブラックジャック
ojisan to marshmallow,おじマシュ
digimon universe: appli monsters,デジモンユニバースアプリモンスターズ
matai toshi,魔胎都市
kaibutsu oujo,怪物王女
mahou senshi symphonic knights,魔法戦士シンフォニックナイツ
last exile,ラストエグザイル
sakura no toki,サクラノ刻
steam (platform),Steam（プラットフォーム）
shuumatsu no valkyrie,終末のワルキューレ
the legend of zelda: spirit tracks,大地の汽笛
code vein,コードヴェイン
tetsuwan atom,鉄腕アトム
love curse: find your soulmate,恋に落ちるしかなかった
mighty no. 9,マイティーナンバーナイン
kage no jitsuryokusha ni naritakute! master of garden,陰の実力者になりたくて!マスターオブガーデン
manjuverunu no sen otome,マンジュヴェルヌの戦乙女
agarest senki (series),アガレスト戦記
yowamushi pedal,弱虫ペダル
castlevania: rondo of blood,悪魔城ドラキュラX血の輪廻
napoli no otokotachi,ナポリの男たち
odd taxi,オッドタクシー
ooe (adelta),大穢
jinrui wa suitai shimashita,人類は衰退しました
zako (vocaloid),ざぁこ
osu!,OSU！
valkyrie profile 1,ヴァルキリープロファイル
karakai jouzu no (moto) takagi-san,からかい上手の元高木さん
houkago teibou nisshi,放課後ていぼう日誌
yu-gi-oh! master duel,遊戯王マスターデュエル
andersen's fairy tales,アンデルセン童話
bleach: brave souls,ブレソル
sonic adventure,ソニックアドベンチャー
kamihime project,神姫PROJECT
starcraft,スタークラフト
soukou kihei votoms,装甲騎兵ボトムズ
summer wars,サマーウォーズ
sabrina to muryoku na tamashii,サブリナと無力なタマシイ
danganronpa/zero,ダンガンロンパ/ゼロ
fantasy earth,ファンタジーアース
shantae and the pirate's curse,海賊の呪い
escape from tarkov,タルコフ
dream hunter rem,ドリームハンター麗夢
kaze no klonoa,風のクロノア
punch-out!!,パンチアウト!!
crossbone gundam,機動戦士クロスボーンガンダム
chanto suenai kyuuketsuki-chan,ちゃんと吸えない吸血鬼ちゃん
itai no wa iya nano de bougyoryoku ni kyokufuri shitai to omoimasu,痛いのは嫌なので防御力に極振りしたいと思います。
chousoku henkei gyrozetter,超速変形ジャイロゼッター
sword art online: memory defrag,メモリー・デフラグ
rokudenashi majutsu koushi to akashic record,ロクでなし魔術講師と禁忌教典
usseewa,うっせぇわ
ultra kaijuu gijinka keikaku,ウルトラ怪獣擬人化計画
oomuro-ke,大室家アルバム
lord of heroes,ロードオブヒーローズ
black surge night,アビスフロント
pixiv fantasia 4,pixivファンタジアIV
project diva,プロジェクト歌姫
tales of innocence,テイルズ・オブ・イノセンス
kamen rider drive (series),仮面ライダードライブ
kamen rider kiva (series),仮面ライダーキバ
gynoid talk,gynoidの話
nogi wakaba wa yuusha de aru,乃木若葉は勇者である
rilakkuma (series),リラックマ
dragon ball xenoverse,ドラゴンボールゼノバース
god of war (series),ゴッドオブウォー
himawari-san,ひまわりさん
hataraku saibou black,はたらく細胞BLACK
happy tree friends,ハッピーツリーフレンズ
plants vs. zombies 2,植物大战僵尸2
nhk ni youkoso!,NHKにようこそ!
wendy's,ウェンディーズ
kyokugen dasshutsu adv: zennin shibou desu,善人シボウデス
gachimuchi,ガチムチ
yuukyuu gensoukyoku revival,悠久幻想曲リバイバル
heroman,ヒーローマン
c (control),C(アニメ)
hapymaher,ハピメア
c.c. lemon,C.C.レモン
queen's blade grimoire,クイーンズブレイドグリムワール
devil summoner: soul hackers,デビルサマナーソウルハッカーズ
shinsou seiki elementia,神装聖姫エレメンティア
ninjago,ニンジャゴー
professor layton,レイトン教授
tiny evil,小さな悪
ichigo 100%,いちご100%
kimi ga shinu made koi wo shitai,きみが死ぬまで恋をしたい
himekishi olivia,姫騎士オリヴィア
roco kingdom: world,洛克王国
mystic square,東方怪綺談
pokemon mystery dungeon: explorers of time/darkness/sky,時・闇の探検隊
dosanko gal wa namaramenkoi,道産子ギャルはなまらめんこい
mahjong fight girl,麻雀ファイトガール
urasekai picnic,裏世界ピクニック
azure striker gunvolt 2,蒼き雷霆ガンヴォルト爪
comiket 93,コミケ93
hara hara!!,孕ら☆ハラっ!!
planetarian,プラネタリアン
igaku (utau),イガク
seiken gakuin no maken tsukai,聖剣学院の魔剣使い
monsters inc.,モンスターズ・インク
the super mario bros. movie,ザ・スーパーマリオブラザーズ・ムービー
taiko no tatsujin,太鼓の達人
dragon age,ドラゴンエイジ
pokemon sleep,ポケモンスリープ
super no ura de yani suu futari,スーパーの裏でヤニ吸うふたり
tom clancy's the division,ディビジョン
megami magazine deluxe,メガミマガジンDELUXE
jet set radio,ジェットセットラジオ
the legend of zelda: link's awakening,ゼルダの伝説夢をみる島
tantei wa mou shindeiru,探偵はもう、死んでいる。
internet explorer,インターネットエクスプローラ
sonic the hedgehog (archie comics),アーチーソニック
dragon quest ix,ドラゴンクエスト9
twin angel,ツインエンジェル
idol land pripara,アイドルランドプリパラ
shimoneta to iu gainen ga sonzai shinai taikutsu na sekai,下ネタという概念が存在しない退屈な世界
bakusou kyoudai let's & go!!,爆走兄弟レッツ&ゴー!!
lotus land story,東方幻想郷
kirby super star,星のカービィスーパーデラックス
virtual on,電脳戦機バーチャロン
seihou,西方
ryuu ga gotoku 0,龍が如く0
kao no nai tsuki,顔のない月
masterwork apocalypse,終末のアーカーシャ
ys viii: lacrimosa of dana,イース8
brave girl ravens,ブレイヴガールレイヴンズ
uchi no kuroneko onnanoko,うちの黒猫_おんなのこ
atlus,アトラス
choukou sennin haruka,超昂閃忍ハルカ
melt (vocaloid),メルト
puss in boots: the last wish,長ぐつをはいたネコと9つの命
super mario bros. wonder,スーパーマリオブラザーズワンダー
star ocean: first departure,スターオーシャン1
amaryllis gumi,アマリリス組
ole tower,俺タワー
bakuon!!,ばくおん
hololive alternative,ホロライブオルタナティブ
mogeko castle,モゲコキャッスル
kirby air riders,カービィのエアライダー
how to train your dragon (series),ヒックとドラゴン
persona 4: dancing all night,ペルソナ4：一晩中ダンス
ame to kimi to,雨と君と
winnie the pooh,くまのプーさん
shigoto neko,仕事猫
good omens,グッドオーメンズ
orc wa nozomanai,オークは望まない
inabakumori,稲葉曇
kakyuusei 2,kakyuusei 2
ikemen onna to hakoiri musume,イケメン女と箱入り娘
hyakka ryouran samurai girls,百花繚乱サムライガールズ
majutsushi orphen,魔術士オーフェン
sora yori mo tooi basho,宇宙よりも遠い場所
hello charlotte,你好夏洛特
saikin yatotta maid ga ayashii,最近雇ったメイドが怪しい
pokemon: the electric tale of pikachu,電撃!ピカチュウ
mahou shoujo ikusei keikaku restart,魔法少女育成計画restart
all saints street,万圣街
captain america: the winter soldier,キャプテン・アメリカ/ウィンター・ソルジャー
houkago play,放課後プレイ
tsuma shibori,妻しぼり
xxxholic,xxxholic
kore ga watashi no goshujin-sama,これが私の御主人様
kin-iro loveriche,金色ラブリッチェ
anyamal tantei kirumin zoo,あにゃまる探偵
kagetsu tooya,歌月十夜
bomberman,ボンバーマン
little tail bronx,リトルテイルブロンクス
kamen rider agito (series),仮面ライダーアギト
rikai no aru karen-chan,理解のあるカレンちゃん
choujin x,超人X
tsubasa chronicle,ツバサ-RESERVoir_CHRoNiCLE-
phoenix wright: ace attorney,フェニックスライト：エース弁護士
wario land,ワリオランド
scryed,スクライド
grand theft auto v,グランドセフトオート5
no.6,未来都市no.6
golden sun,黄金の太陽
idolmaster one for all,アイドルマスターワンフォーオール
ginga tetsudou 999,銀河鉄道999
duolingo,デュオリンゴ
monobeno,ものべの
shadowverse (animated series),アニシャド
camp buddy,キャンプバディ
seeno de! hasu no sora!,せーので!はすのそら!
namco,ナムコ
super mario 64,スーパーマリオ64
kanagawa okinami ura,かながわおきなみうら
toki wo kakeru shoujo,時をかける少女
illustration.media,Illustration.Media
paripi koumei,パリピ孔明
blood+,ブラッドプラス
zone of the enders (series),エンダーのゾーン
yu-gi-oh! the dark side of dimensions,yu-gi-oh！寸法の暗い側面
paper mario: the origami king,ペーパーマリオオリガミキング
steampunk (liarsoft),スチームパンクシリーズ
kirby: planet robobot,ロボボプラネット
madan no ichi,魔男のイチ
saint seiya omega,聖闘士星矢Ω
grisaia no meikyuu,グリザイアの迷宮
kanokon,かのこん
comiket 91,コミケ91
ice climber,アイスクライマー
fire emblem gaiden,ファイアーエムブレム外伝
happy sugar life,ハッピーシュガーライフ
comic lo,コミックロー
battle angel alita,銃夢
ganbare goemon,がんばれゴエモン
beast wars,ビーストウォーズ
persona 5 scramble: the phantom strikers,ペルソナ5スクランブル
red velvet (group),レッドベルベット
mono (afro),mono(あfろ)
cinderella (fairy tale),シンデレラ
hyakko,ヒャッコ
tenco's story,天子の旅
seitokai yakuindomo,生徒会役員共
code geass: boukoku no akito,コードギアス亡国のアキト
comic party,こみっくパーティー
yumenokessho,夢ノ結唱
lonely girl ni sakaraenai,ロンリーガールに逆らえない
atelier ayesha,アーシャのアトリエ
higanbana no saku yoru ni,彼岸花の咲く夜に
fruits basket,フルーツバスケット
bionicle,バイオニクル
hua yi shanxin zhiyue,花亦山心之月
uchuu no stellvia,宇宙のステルヴィア
valkyrie no densetsu,ワルキューレの伝説
shadow hearts,シャドウハーツ
ico,イコ
shinkyoku soukai polyphonica,神曲奏界ポリフォニカ
makai tenshi djibril,魔界天使ジブリール
pokemon heroes: latios & latias,水の都の護神
bakumatsu rouman,月華の剣士
shantae: half-genie hero,ハーフ・ジーニーヒーロー
advance of zeta,アドバンス・オブ・Z
grand summoners,グランドサマナーズ
ombok diving and delivery services,オンボックダイビングおよび配達サービス
shadow of the colossus,ワンダと巨像
xblaze code: embryo,Xblazeコード：胚
ninin ga shinobuden,ニニンがシノブ伝
banana fish,バナナフィッシュ
city (arawi keiichi),CITY(あらゐけいいち)
sidonia no kishi,シドニアの騎士
virtuareal link,阿梓从小就很可爱
mabinogi heroes,マビノギ英雄伝
melon girls,メロンガールズ
falkyrie no monshou,ファルキューレの紋章
kaleido star,カレイドスター
justice league,ジャスティスリーグ
runescape,runescape
power rangers,パワーレンジャー
readymade (ado),レディメイド
the bible,聖書
downtown no gaki no tsukai ya arahende!!,ダウンタウンのガキの使いやあらへんで!!
vivid strike!,鮮やかなストライク！
sengoku taisen,戦国大戦TCG
tomodachi life: living the dream,トモダチコレクションわくわく生活
brave sword x blaze soul,ブレイブソード×ブレイズソウル
azure striker gunvolt 1,蒼き雷霆ガンヴォルト
sentai red isekai de boukensha ni naru,戦隊レッド異世界で冒険者になる
idolmaster starlit season,アイドルマスタースターリットシーズン
five nights at freddy's: security breach,セキュリティ侵害
battlefield (series),バトルフィールド
motto! haramase! honoo no oppai isekai oppai bunny gakuen!,もっと!孕ませ!炎のおっぱい異世界おっぱいバニー学園!
saihate (vocaloid),サイハテ
overman king gainer,オーバーマンキングゲイナー
kaiten muten-maru,回転むてん丸
irotoridori no sekai,いろとりどりのセカイ
digimon adventure tri.,デジモンアドベンチャーtri.
uchuu patrol luluco,宇宙パトロールルル子
jujutsu kaisen modulo,呪術モジュロ
ochikobore fruit tart,おちこぼれフルーツタルト
atelier firis,フィリスのアトリエ
strike witches: katayoku no majo-tachi,ストライクウィッチーズ片翼の魔女たち
trickster (ntreev soft),トリックスター
rabi-ribi,ラビリビ
brawl stars,ブロスタ
saiki kusuo no psi nan,斉木楠雄のΨ難
atelier lydie & suelle,リディー&スールのアトリエ
shiritsu justice gakuen,私立ジャスティス学園
astral party,アストラルパーティー
slow loop,スローループ
noa-senpai wa tomodachi.,のあ先輩はともだち。
stalker (game),ストーカー（ゲーム）
nanatsuiro drops,ななついろ★ドロップス
donkey kong country,スーパードンキーコング
trusty bell,トラスティベル
bishoujo senshi sailor moon crystal,美少女戦士セーラームーンクリスタル
pokemon red/green/blue/yellow (prototype),ポケモンRGBY（プロトタイプ）
hopeless masquerade,東方心綺楼
nukigee mitai na shima ni sunderu watashi wa dou surya ii desu ka?,抜きゲーみたいな島に住んでる貧乳はどうすりゃいいですか?
sentimental graffiti,センチメンタルグラフティ
war thunder,ウォーサンダー
umayuru,うまゆる
strider (game),ストライダー飛竜
shining wind,シャイニング・ウィンド
comic anthurium,コミックアンスリウム
shoujo to ura roji,少女と裏路地
cyberpunk: edgerunners 2,サイバーパンク:エッジランナーズ2
slow damage,スロウ・ダメージ
comiket 92,コミケ92
rumble roses,ランブルローズ
marvel vs. capcom 3,マブカプ3
gensou suikoden iii,幻想水滸伝iii
mahou senshi elixir knights,魔法戦士エリクシルナイツ
manaria friends,マナリアフレンズ
princess lover,プリンセスラバー
haite kudasai takamine-san,履いてください、鷹峰さん
asobi ni iku yo!,あそびにいくヨ!
kamichu!,かみちゅ!
super danganronpa another 2,スーパーダンガンロンパアナザー2
the distortion detective,ねじれ探偵
star wars: return of the jedi,ジェダイの帰還
wonder egg priority,ワンダーエッグ・プライオリティ
mona lisa,モナリザ
mobile suit gundam the origin,機動戦士ガンダムTHEORIGIN
kiddy grade,キディ・グレイド
the legend of zelda (nes),初代ゼルダの伝説
danganronpa s: ultimate summer camp,ハッピーダンガンロンパS
re:zero kara hajimeru isekai seikatsu: lost in memories,リゼロス
it (stephen king),イット
soukou senki prism reica,装甲戦姫プリズムレイカー
seikimatsu occult gakuin,世紀末オカルト学院
fire emblem warriors,ファイアーエムブレム無双
comiket 88,コミケ88
river city girls,リバーシティガールズ
liz to rose no koubou ~shakkin shimai no koubou nisshi~,借金姉妹の工房日誌
taboo japan disentanglement,たなばたざかむげんのう
one piece: strong world,ワンピース：強い世界
monster high,モンスター・ハイ
left 4 dead,レフト フォー デッド
kampfer,けんぷファー
masamune-kun no revenge,政宗くんのリベンジ
portrait of exotic girls,蓬莱少女繪幻想
gundam narrative,機動戦士ガンダムNT
portal 1,ポータル1
specialite (company),すぺしゃりて
cream lemon,くりいむレモン
parasite eve (series),パラサイトイヴ
gaki kyonyuu,ガキ巨乳
ano ko wa toshi densetsu,あの娘は都市伝説。
japanese mythology,日本の神話学
yuragisou no yuuna-san,ゆらぎ荘の幽奈さん
city hunter,シティーハンター
moyashimon,もやしもん
jigoku sensei nube,地獄先生ぬ〜べ〜
lost universe,ロストユニバース
danganronpa kirigiri,ダンガンロンパ霧切
wonder festival,ワンダーフェスティバル
kochikame,こち亀
twice (group),2回（グループ）
mahou shoujo no inshuu mura,魔法少女ノ因習村
wcdonald's,ワクドナルド
nazo no kanojo x,謎の彼女X
goho mafia! kajita-kun,GOHOマフィア!梶田くん
astrae oratio,アストラエ・オラティオ
jewelpet twinkle,ジュエルペットてぃんくる☆
game & watch,ゲーム&ウオッチ
detective pikachu (series),名探偵ピカチュウ
eshi 100 nin ten,絵師100人展
phantasy star online 2 new genesis,ホロ旅NGS
gakuen utopia manabi straight!,がくえんゆーとぴあまなびストレート!
jinki,ジンキ
saber marionette j,セイバーマリオネットJ
fromsoftware,フロムソフトウェア
ayakashi triangle,あやかしトライアングル
macross frontier: itsuwari no utahime,イツワリノウタヒメ
youkai watch 2,妖怪ウォッチ2
digimon world re:digitize,デジモンワールド
harem futago lolita,ハーレム双子ロリータ
witch craft works,ウィッチクラフトワークス
the evil within,サイコブレイク
super mario sunshine,スーパーマリオサンシャイン
hogwarts legacy,ホグワーツ・レガシー
tales of hearts,テイルズ・オブ・ハーツ
sword art online the movie: ordinal scale,オーディナル・スケール
kono subarashii sekai ni bakuen wo!,この素晴らしい世界に爆焔を!
crawling dreams,rawう夢
alien (1979),エイリアン
vanguard princess,ヴァンガードプリンセス
dungeon travelers 2,ダンジョントラベラーズ2
metal gear solid 2: sons of liberty,メタルギアソリッド2
castlevania: symphony of the night,悪魔城ドラキュラX月下の夜想曲
tokimeki memorial girl's side 3rd story,ときめきメモリアルgs3
honest axe,金の斧
taimanin murasaki,対魔忍ムラサキ
no more heroes,ノーモア★ヒーローズ
blue reflection maboroshi ni mau shoujo no ken,ブルーリフレクション
ao no roku-gou,青の6号
2ch.ru,ドゥヴァチ
the saga of darren shan,ダレン・シャン
reflect (gawr gura),反射（ガウグラ）
bible black,バイブルブラック
taimashi ayano,退魔師綾乃
fireball (series),ファイアボールチャーミング
honoo no haramase tenkousei,炎の孕ませ転校生
photokano,フォトカノ
assassin's creed ii,アサクリ2
kobeya,神戸屋レストラン
expo2025,大阪・関西万博
hatsune miku expo,HATSUNE MIKU EXPO
akatsuki records,暁Records
shin sangoku musou 6,真・三國無双6
ga geijutsuka art design class,GA芸術科アートデザインクラス
dragon's dogma,ドラゴンズドグマ
phantasy star portable 2,ファンタシースターポータブル2
idolmaster movie,輝きの向こう側へ!
sazae-san,サザエさん
macross frontier: sayonara no tsubasa,サヨナラノツバサ
star trek,スタートレック
gunsmith cats,ガンスミスキャッツ
wild and horned hermit,東方茨歌仙
lies of p,偽りのP
who framed roger rabbit,ロジャー・ラビット
kemono jihen,怪物事変
blade runner 2049,ブレードランナー2049
garfield,ガーフィールド
green lantern (series),グリーンランタン
strike witches: aurora no majo,ストライクウィッチーズ
xenoblade chronicles: future connected,つながる未来
the fairly oddparents,Oops!フェアリーペアレンツ
ochite iku seisenshi lunatic angels,堕ちていく聖戦使ルナティックエンジェルズ
comic girls,こみっくがーるず
nirvana (band),ニルヴァーナ
kokkimusume,国旗娘
azure striker gunvolt 3,蒼き雷霆ガンヴォルト鎖環
drag-on dragoon 1,ドラッグオンドラグーン
phineas and ferb,フィニアスとファーブ
banjo-kazooie,バンジョーとカズーイの大冒険
nezha zhi motong jiangshi,哪吒之魔童降世
sora no method,天体のメソッド
ma no mono-tachi,魔のものたち
one - kagayaku kisetsu e,ONE~輝く季節へ~
busou renkin,武装錬金
gorillaz,ゴリラズ
pacific racing team,パシレー
mahou tsukai no yome,魔法使いの嫁
cross ange,クロスアンジュ天使と竜の輪舞
mario & sonic (series),マリオ&ソニック
tenkuu no crystalia,天空のクリスタリア
chain chronicle,チェインクロニクル
pakatube,ぱかチューブっ!
zero escape: toki no dilemma,刻のジレンマ
resort boin,リゾートBOIN
artwhirl mahou gakuen no otome-tachi,アートワール魔法学園の乙女たち
gimai seikatsu,義妹生活
legend of mana,聖剣LOM
puyopuyo~n,ぷよぷよ〜ん
dokusen yoku ga tsuyo sugiru yandere kai neko-chan,独占欲が強すぎるヤンデレ飼い猫ちゃん
bloodstained: ritual of the night,Bloodstained：夜の儀式
shining hearts,シャイニング・ハーツ
fortune arterial,フォーチュンアテリアル
kaitou tenshi twin angel,快盗天使ツインエンジェル
wacom,ワコム
masters of the universe,魔界伝説ヒーマンの闘い
hoshikuzu witch meruru,星くず☆うぃっちメルル
kamen rider hibiki (series),仮面ライダー響鬼
action taimanin,アクション対魔忍
wizards symphony,ウィザーズシンフォニー
artery gear,アーテリーギア
moe! ninja girls,もえにん
bungou to alchemist,文豪とアルケミスト
kyokkou senki mistletear,極煌戦姫ミストルティア
highly responsive to prayers,東方靈異伝
oekaki musume,お絵描き娘
silver palace,白銀の城
rhapsody,ラプソディー
super robot wars the lord of elemental,スーパーロボット大戦魔装機神_THE_LORD_OF_ELEMENTAL
tsuyokiss,つよきす
pizza tower,ピザ・タワー
pringles,プリングルズ
gundam wing: endless waltz,新機動戦記ガンダムWエンドレス・ワルツ
yakitate!! japan,焼きたて!!ジャぱん
pokemon ranger (series),ポケモンレンジャー
donkey kong bananza,ドンキーコングバナンザ
shiki (novel),屍鬼
mahou shoujo lyrical nanoha innocent,魔法少女リリカルなのはINNOCENT
shin sangoku musou 7,真・三國無双7
dragonaut,ドラゴノーツ
comic exe,コミックエグゼ
idolmaster xenoglossia,アイドルマスターxenoglossia
final fantasy tactics advance,ファイナルファンタジータクティクスアドバンス
soredemo machi wa mawatteiru,それでも町は廻っている
dead space (series),デッドスペース
joshiraku,じょしらく
grimms echoes,グリムエコーズ
the king of fighters all-stars,プリティー・ファイター
final fantasy iv: the after years,月の帰還
the mandalorian,マンダロリアン(ドラマ)
himouto! umaru-chan himouto ikusei keikaku,干物妹!育成計画
comiket 90,コミケ90
shinkalion (series),シンカリオン
orenchi no meidosan,俺んちのメイドさん
tokyo exe girls,東京exeガールズ
ueno-san wa bukiyou,上野さんは不器用
blood tune,ブラッドチューン
japan racing association,ヒーロー列伝
puyopuyo fever 2,ぷよぷよフィーバー2
tenka touitsu chronicle,天下統一クロニクル
elfheim,エルフハイム
wild arms 5,野生の腕5
silent witch,サイレント・ウィッチ
mulan (movie),ムーラン
kirby's dream land 3,星のカービィ3
lapis re:lights,ラピスリライツ
arifureta shokugyou de sekai saikyou,ありふれた職業で世界最強
slime taoshite 300 nen shiranai uchi ni level max ni nattemashita,スライム倒して300年、知らないうちにレベルMAXになってました
diablo (series),ディアブロ
noragami,ノラガミ
kokoro iroduku koi ga shitai,ココロ色づく恋がしたい
shenmue,シェンムー
kud wafter,クドわふたー
bucchigiri?!,ぶっちぎり?!
vee (vtuber),はじまるぜVEE
touhou arcadia record,東方アルカディアレコード
waku waku 7,わくわく7
growlanser,グローランサー
endro!,えんどろ〜!
anpanman,アンパンマン
yozakura quartet,夜桜四重奏
mahou shoujo madoka magica plus,魔法少女まどか☆マギカPlus
hibi wa sugiredo meshi umashi,日々は過ぎれど飯うまし
seitokai no ichizon,生徒会の一存
love live! sunshine!! the school idol movie over the rainbow,劇場版ラブライブ!サンシャイン!!
gundam card game,ガンダムカードゲーム
granblue fantasy versus,ブラブルVS
frankenstein,フランケンシュタイン
senkou no ronde,旋光の輪舞
yuri kuma arashi,ユリ熊嵐
counter-strike (series),カウンターストライク
steven universe future,スティーブン・ユニバース・フューチャー
shin megami tensei v: vengeance,真・女神転生VV
hamtaro (series),とっとこハム太郎
the terminator,ターミネーター
mahou senshi sweet knights 2,魔法戦士スイートナイツ2
sonic rush,ソニック・ラッシュ
hikikomari kyuuketsuki no monmon,ひきこまり吸血姫の悶々
sid story,シドストーリー
borderlands (series),ボーダーランズ
windows 10,ウィンドウズ10
tsuki ni yorisou otome no sahou,月に寄りそう乙女の作法
super robot wars 30,スーパーロボット大戦30
command & conquer,コマンド&コンカー
houkago no pleiades,放課後のプレアデス
hokkaido nippon-ham fighters,北海道日本ハムファイターズ
kamen rider gotchard (series),仮面ライダーガッチャード
pokemon gold/silver/crystal (prototype),ポケモンGSC（プロトタイプ）
monster farm,モンスターファーム
world of tanks,タンクの世界
persona 2 batsu,ペルソナ2罰
sonic boom (series),ソニックトゥーン
kamippoina (vocaloid),神っぽいな
si land,シランド
outlaw star,星方武侠アウトロースター
touhou hisoutensoku,東方非想天則
inazuma eleven ares no tenbin,イナズマイレブンアレスの天秤
arai-san mansion,アライさんマンション
amagami-san chi no enmusubi,甘神さんちの縁結び
shin subarashiki kono sekai,新すばらしきこのせかい
wwe,ワールド・レスリング・エンターテイ
ultraman tiga (series),ウルトラマンティガ
don quijote (store),ドンキ
sonic the hedgehog (2006),新ソニ
super robot wars z,スーパーロボットウォーズZ
shingoku no valhalla gate,神獄のヴァルハラゲート
puyopuyo sun,ぷよぷよSUN
pepoyo (copyright),ぺぽよ
dirge of cerberus: final fantasy vii,ダージュオブケルベロス
the beatles,ビートルズ
yokohama kaidashi kikou,ヨコハマ買い出し紀行
gothic wa mahou otome,ゴシックは魔法乙女
kizuato,痕
krt girls,高捷少女
high school dxd new,ハイスクールD×DNEW
touhou lost branch of legend,东方光耀夜
caduceus (series),カドゥケウス
dengeki hime,電撃姫
night wizard,ナイトウィザード
bliss (image),至福（画像）
dead or alive 6,デッドオアアライブ6
kono bijutsubu niwa mondai ga aru!,この美術部には問題がある!
twitch.tv,Twitch.tv
shining resonance,シャイニング・レゾナンス
"hime-sama ""goumon"" no jikan desu",姫様“拷問”の時間です
dissidia 012 final fantasy,Dissidia 012ファイナルファンタジー
the boys,ザ・ボーイズ
boruto: naruto the movie,ボルト‐ナルト・ザ・ムービー‐
tengoku daimakyou,天国大魔境
super cub,スーパーカブ(小説)
lanxi zhen,蓝溪镇
wonderful rush,素晴らしいラッシュ
qualidea code,クオリディア・コード
black rock shooter (game),ブラック★ロックシューターTHEGAME
rune factory 5,ルーンファクトリー5
king kong (series),キングコング
despicable me,怪盗グルー
cuddly octopus,かわいいタコ
aiyoku shimai lolita,愛欲姉妹ロリータ
mahou shoujo tart magica,魔法少女たると☆マギカ
otome wa boku ni koishiteru,処女はお姉さまに恋してる
project-sp,Project-sp
servamp,サーヴァンプ
garo (tokusatsu series),牙狼
cyberbots,サイバーボッツ
newjeans,ニュージーンズ
fate/tiger colosseum,ふぇいとたいがーころしあむ
blue reflection sun,ブルリフS
2014 fifa world cup,2014FIFAワールドカップ
goodbye sengen (vocaloid),グッバイ宣言
giant robo,ジャイアントロボ
danny phantom,ダニーファントム
ultraseven (series),ウルトラセブン
doko demo issyo,どこでもいっしょ
akatsuki no yona,暁のヨナ
mega man x6,ロックマンX6
mahou senshi princess tear,魔法戦士プリンセスティア
kumo desu ga nani ka?,蜘蛛ですが、なにか?
queen's blade unlimited,クイーンズブレイドアンリミテッド
arcana heart 2,アルカナハート2
stella glow,ステラグロウ
ryuu ga gotoku 1,龍が如く
koumajou densetsu 2,紅魔城伝説II
ghostly field club,蓮台野夜行
sketchbook full colors,スケッチブックFULLcolor's
aquaplus,アクアプラス
kawaii dake ja nai shikimori-san,式守さん
mega man zero 3,ロックマンゼロ3
bishoujo (game),微少女
date a live: spirit pledge,デート・ア・ライブ精霊クライシス
sora no woto,ソ・ラ・ノ・ヲ・ト
ultra galaxy (series),ウルトラギャラクシー
tekken tag tournament 2,鉄拳タッグトーナメント2
akuma shitsuji to kuroi neko,悪魔執事と黒い猫
dance dance revolution,ダンスダンスレボリューション
bioshock infinite,バイオショックインフィニット
comic penguin club,COMICペンギンクラブ
shinkon gattai godannar!!,神魂合体ゴーダンナー!!
2024 summer olympics,パリオリンピック(2024年)
advent cirno,アドベントチルノ
kyouryuu sentai zyuranger,恐竜戦隊ジュウレンジャー
twinkle star knights,ティンクルスターナイツ
eiken,エイケン
seiken densetsu 2,聖剣伝説2
ookiku furikabutte,おおきく振りかぶって
back to the future,バック・トゥ・ザ・フューチャー
koi to senrigan to aonisai,恋と千里眼と青二才
un-go,アンゴ
raisei no ryuu tsukai,雷星の竜使い
life is strange 1,ライフイズストレンジ
getter robo armageddon,世界最後の日
comic bavel,コミックバベル
the crawling city,rawう都市
uber eats,ウーバーイーツ
tower records,タワーレコード
grimlight,グリムライト
final fantasy type-0,ファイナルファンタジー零式
suzumiya haruhi-chan no yuuutsu,涼宮ハルヒちゃんの憂鬱
ryuu ga gotoku 7,龍が如く7
the lion king,ライオンキング
puchimasu!,ぷちます
return of the mount hua sect,Hua山の帰還
mayoineko o tomeyou,迷い猫を泊めよう
burger king,バーガーキング
toeto (vocaloid),トエト
sonic and the black knight,ソニックと暗黒の騎士
discord,ディスコード
leon the professional,レオン
avengers: infinity war,アベンジャーズ/インフィニティ・ウォー
kimagure orange road,きまぐれオレンジロード
real mo tama ni wa uso wo tsuku,現実(リアル)もたまには嘘をつく
yakimochi stream,ヤキモチストリーム
the exit 8,8番出口
upotte!!,うぽって!!
arcana heart 3,アルカナハート3
mayoi neko overrun!,迷い猫オーバーラン!
senjou no valkyria 3,戦場のヴァルキュリア3
galgrease,Galgrease
gochuumon wa usagi desu ka?? wonderful party!,ご注文はうさぎですか??Wonderful_party!
atomic heart,アトミックハート
pretty rhythm aurora dream,プリティーリズム・オーロラドリーム
ghostblade,鬼刀
danmachi battle chronicle,バトル・クロニクル
romancing saga,ロマンシングサガ
diao ye zong,凋叶棕
mahou shoujo lyrical nanoha exceeds: gun blaze vengeance,魔法少女リリカルなのはEXCEEDS
the ghost and molly mcgee,ゴースト&モリー
char's counterattack - beltorchika's children,ベルトーチカ・チルドレン
tactics,タクティクス
lineage,リネージュ
gundam 00 a wakening of the trailblazer,ガンダム00トレイルブレイザーの目覚め
sky girls,スカイガールズ
supernatural (tv series),邪恶力量
hunie (series),ハニーポップ
phantom brave,ファントム・ブレイブ
ca (deino),CA（Maeda Koutarou）
capsule servant,カプセルさーばんと
higyaku no noel,被虐のノエル
total drama,トータル・ドラマ
sailor element,セーラーエレメント
perfect blue,パーフェクトブルー
the silmarillion,シルマリルの物語
comic hotmilk,コミックホットミルク
celeste (game),セレステ
pronant symphony,プロナント・シンフォニー
yukijirushi,雪印コーヒー擬人化イラコン
fatal frame iii: the tormented,零〜刺青ノ聲〜
grimoire ~shiritsu grimoire mahou gakuen~,グリモア~私立グリモワール魔法学園~
robotech,ロボテック
twinbox school,TwinBox学園
octopath traveler: champions of the continent,大陸の覇者
windows 95,Windows95
action pizazz,アクションピザズ
ancient ys vanished,イース1
star wars: revenge of the sith,シスの復讐
destiny (game),Destiny(ビデオゲーム)
zom 100: zombie ni naru made ni shitai 100 no koto,ゾン100~ゾンビになるまでにしたい100のこと~
wrestle angels survivor 2,レッスルエンジェルスサバイバー2
mayo chiki!,まよチキ!
heavy object,ヘヴィーオブジェクト
inou-battle wa nichijou-kei no naka de,異能バトルは日常系のなかで
bastard!!,バスタード
bravely second: end layer,ブレイブリーセカンド
artery gear: fusion,アーテリーギア
gal gun (series),ぎゃる☆がん
bayonetta 3,ベヨネッタ3
phantom kingdom,ファントムキングダム
tari tari,タリタリ
quanzhi gaoshou,マスターオブスキル
riot music,暴動音楽
mewkledreamy,ミュークルドリーミー
smite,スミテ
omega strikers,オメガストライカーズ
pixiv fantasia scepter of zeraldia,pixivファンタジアSOZ
baby walkure,ベイビーわるきゅーれ
imaizumin-chi wa douyara gal no tamariba ni natteru rashii,今泉ん家はどうやらギャルの溜まり場になってるらしい
jinguang budaixi,金光布袋戲
fairy fencer f,フェアリーフェンサーエフ
hentai key,変態鍵
poketoon,ユメノツボミ
monster (manga),MONSTER(漫画)
a-soul,A手
kamisama ni natta hi,神様になった日
hakuouki shinsengumi kitan,薄桜鬼
akatsuki blitzkampf,アカツキ電光戦記
superman (2025),スーパーマン(2025年の映画)
cult of the lamb,カルトオブザラム
gal gamer ni homeraretai,ギャルゲーマーに褒められたい
outbreak company,アウトブレイク・カンパニー
propro production,プロプロ
ben-tou,ベン・トー
kingdom (manga),キングダム
sousai shoujo teien,創彩少女庭園
witch's heart,ウィッチズ・ハート
sonic unleashed,ソニックワールドアドベンチャー
getting over it,壺おじさん
mebae (game),めばえ
ever 17,エバー・セブンティーン
metroid prime 3: corruption,メトロイドプライム3
portal 2,ポータル2
comiket 89,コミケ89
comic unreal,コミックアンリアル
the great ace attorney 2: resolve,大逆転裁判2
hololive china,ホロライブCN
sensha otoko,戦車男
gravity daze 2,重力ぼんやり2
wild arms 4,ワイルドアームズ4
real drive,RD潜脳調査室
star ocean: integrity and faithlessness,スターオーシャン5
facebook,フェイスブック
gotcha!,ゴッチャ！
terminator 2: judgment day,ターミネーター2
masou gakuen hxh,魔装学園H×H
corpse party,コープスパーティー
gunvolt chronicles luminous avenger ix,白き鋼鉄のX
rhythm tengoku miracle stars,リズム天国ミラクルスターズ
super metroid,スーパーメトロイド
twinbee,ツインビー
manemane nichinichi,マネマネにちにち
kimi to tsuzuru utakata,君と綴るうたかた
psychic hearts,サイキックハーツ
zanki mugen-chan vs deathtrap dungeon,残機無限ちゃんvsデストラップダンジョン
kirby: triple deluxe,星のカービィトリプルデラックス
harry potter: magic awakened,ハリー・ポッター:魔法の覚醒
avatar 2.0 project,にーてんぜろ
warzard,ウォーザード
legends of runeterra,ルネテラの伝説
soulcalibur v,ソウルキャリバーV
dr. mario (game),ドクターマリオ
air gear,エア・ギア
wizardry,ウィザードリィ
nissin,日清食品
blazblue remix heart,リミックスハート
mario & luigi: brothership,マリオ&ルイージRPGブラザーシップ!
nana (series),ナナ
mega man 1,ロックマン1
jurassic park,ジュラシック・パーク
windows 7,ウィンドウズ7
kamen rider black (series),仮面ライダーBLACK
freezing (series),フリージング
hengen souki shine mirage,変幻装姫シャインミラージュ
kaii to otome to kamikakushi,怪異と乙女と神隠し
hourou musuko,放浪息子
super paper mario,スーパーペーパーマリオ
atelier lulua,ルルアのアトリエ
skip to loafer,スキップとローファー
totally spies!,トータリー・スパイズ!
mili (band),Mili(音楽グループ)
mahou shoujo lyrical nanoha detonation,魔法少女リリカルなのはDetonation
sonic generations,ソニックジェネレーションズ
genmu senki leda,幻夢戦記レダ
tales of rebirth,テイルズ・オブ・リバース
world masterpiece theater,世界名作劇場
bird/binary,异鸟代码
ars goetia,ソロモン72柱
11eyes,11歳
perfume (band),perfume500users入り
toaru majutsu no index: imaginary fest,とあるIF
megami device,メガミデバイス
bijin onna joushi takizawa-san,美人女上司滝沢さん
breath of fire i,ブレスオブファイア1
zaregoto series,戯言シリーズ
inazuma eleven victory road,イナズマイレブン
super mario world,スーパーマリオワールド
elysion,elysion
blazblue variable heart,ヴァリアブルハート
japan railways,JR貨物
one piece: stampede,STAMPEDE(ONEPIECEの映画)
shiroi suna no aquatope,白い砂のアクアトープ
bokutachi wa hitotsu no hikari,僕たちはひとつの光
kamisama hajimemashita,神様はじめました
hilda (series),ヒルダの冒険
aerisdies,aerisdies
taima seikou alice,対魔聖甲アリス
wonderland wars,ワンダーランドウォーズ
the seven deadly sins,Sin七つの大罪
ghost trick,ゴーストトリック
armored core: for answer,アーマード・コアフォーアンサー
mahou shoujo madoka magica portable,魔法少女まどか☆マギカポータブル
metroid: zero mission,メトロイドゼロミッション
space adventure cobra,コブラ
ruridragon,ルリドラゴン
athena (series),アテナ
gainax,ガイナックス
guild no uketsukejou desu ga zangyou wa iya nanode boss wo solo toubatsu shiyou to omoimasu,ギルドの受付嬢ですが
ryuu ga gotoku 3,龍が如く3
the grim adventures of billy & mandy,ビリー&マンディ
ghostbusters,ゴーストバスターズ
ninja to koroshiya no futarigurashi,忍者と殺し屋のふたりぐらし
suzume no tojimari,すずめの戸締まり
mist train girls,ミストトレインガールズ
flowers (innocent grey),ゆりグレ
suntory,サントリー
kamen rider saber (series),仮面ライダーセイバー
takt op.,タクトオーパス
hanasaki work spring,花咲ワークスプリング
mega man 9,ロックマン9
gundam thunderbolt,機動戦士ガンダムサンダーボルト
mega man x1,ロックマンX1
mahou no tenshi creamy mami,魔法の天使クリィミーマミ
kamen america (comic),仮面アメリカ
space dandy,スペース☆ダンディ
nora to oujo to noraneko heart,ノラと皇女と野良猫ハート
border break,ボーダーブレイク
tetsuwan birdy decode,鉄腕バーディー
kamen rider ghost (series),仮面ライダーゴースト
nora cat channel,のらきゃっと
junk gaming maiden,じゃんげま
saishuu chikan densha,最終痴漢電車
bokura no live kimi to no life,僕らのLIVE君とのLIFE
linux,リナックス
chucolala,ちゅこらら
predator (1987),プレデター
kokuhaku jikkou iinkai,告白実行委員会~恋愛シリーズ~
yuuwaku 2 tsume ato,誘惑第二章爪痕
coco (disney),リメンバー・ミー
papa no iu koto wo kikinasai!,パパのいうことを聞きなさい!
deep one kyomu to mugen no fragment,DeepOne虚無と夢幻のフラグメント
the super mario galaxy movie,ザ・スーパーマリオギャラクシー・ムービー
your diary,ユアダイアリー
tekken 6,鉄拳6
hitomi sensei no hokenshitsu,ヒトミ先生の保健室
ninjala,ニンジャラ
xianjian qixia zhuan,仙劍奇俠傳
hanikami kanojo,はにかみ彼女
star wars: the force awakens,フォースの覚醒
canvas (cocktail soft),キャンバス（カクテルソフト）
caligula (game),カリギュラ
digimon savers,デジモンセイバーズ
slay the princess,スレイ・ザ・プリンセス
titanic (movie),タイタニック
nichijou kamoshirenai,日常かもしれない
arakawa under the bridge,荒川アンダーザブリッジ
sunoharasou no kanrinin-san,すのはら荘の管理人さん
codename: kids next door,KNDハチャメチャ大作戦
freedom planet,フリーダムプラネット
shachiku succubus no hanashi,社畜サキュバスの話
hasbro,ハズブロ
isshiki-san wa koi wo shiritai.,一式さんは恋を知りたい。
dragon nest,ドラゴンネスト
boku no himitsu taiken,ボクのヒミツたいけん
ashita no nadja,明日のナージャ
sengoku musou 2,戦国無双2
hundred (light novel),ハンドレッド(ライトノベル)
valkyrie connect,ヴァルキリーコネクト
shin megami tensei ii,真・女神転生II
searching for a world that doesn't exist,寻找不存在的世界
paper mario 64,マリオストーリー
30 minutes sisters,30ミニッツシスターズ
trouble spirit!,とらぶるスピリット!
zegapain,ゼーガペイン
cue!,キュー
tasogare otome x amnesia,黄昏乙女×アムネジア
senran kagura burst,閃乱カグラBurst–紅蓮の少女達-
karaoke manekineko,カラオケまねきねこ
capcom vs. snk 2,カプエス2
monster hunter 3,モンスターハンター3
capcom vs. snk,カプエス
rokka no yuusha,六花の勇者
mega man 11,ロックマン11
doom (2016),DOOM（2016）
ring dream,リング☆ドリーム
majin tantei nougami neuro,魔人探偵脳噛ネウロ
dewprism,デュープリズム
witch watch,ウィッチウォッチ
ace combat 7,エースコンバット7
high school dxd hero,ハイスクールDxD_HERO
hakoiri musume,箱入り娘
gagraphic,gagraphic
dexter's laboratory,デクスターズラボ
five star stories,ファイブスター物語
katamari damacy,塊魂
koi ni naritai aquarium,恋になりたいAQUARIUM
ghost sweeper mikami,GS美神
ultraman gaia (series),ウルトラマンガイア
i-chu,アイ★チュウ
jianxia qingyuan (series),剑侠情缘
tokyo necro,トウキョウ・ネクロ
t.m.revolution,TMRごっこ
kanojo x kanojo x kanojo,彼女×彼女×彼女
luminous arc,ルミナスアーク
daten keikaku,堕天計画
otomedius,オトメディウス
mahou shoujo lucifer ouka,魔法少女ルキフェル桜花
alice in wonderland (disney),ふしぎの国のアリス(ディズニー)
shuumatsu nani shitemasu ka?,終末なにしてますか?忙しいですか?救ってもらっていいですか?
ao no hako,アオのハコ
resident evil - code: veronica,コードベロニカ
hajime (idolmaster),初
avengers: endgame,アベンジャーズ/エンドゲーム
kyuuketsuki sugu shinu,吸血鬼すぐ死ぬ
wild arms xf,ワイルドアームズXF
shadowverse flame,シャドウバースF
imouto ga bun retsu shita.,妹が分裂した。
station memories,駅メモ
tayutama,タユタマ
.hack//games,ゲーム版.hack
bunny and fox world,バニーとフォックスの世界
scarlet weather rhapsody,scar色の天気ラプソディ
tongkkangi,トンカンギ
touran-sai,【闘乱祭】
benesse,Benesse
yondemasu yo azazel-san.,よんでますよ、アザゼルさん。
tenjou tenge,天上天下
seiken no blacksmith,聖剣の刀鍛冶
dankira!!!,ダンキラ
liar dancer (synthesizer v),ライアーダンサー
ai shite! homun,愛して!ほむん
pixiv fate/grand order contest 1,FGOイラコン
zenbu kimi no sei,ぜんぶきみの性
bunny suit planning,バニースーツプランニング
lunar (series),月
phantasy star online,Phantasy Star Online
granado espada,グラナドエスパダ
shuumatsu no izetta,終末のイゼッタ
monster hunter x,モンスターハンタークロス
sengoku musou 3,戦国無双3
mario power tennis,マリオテニスGC
tetsuwan birdy,鉄腕バーディー
advance wars,ファミコンウォーズ
the king of fighters 2001,ザ・キング・オブ・ファイターズ2001
solatorobo,ソラトロボ
super mario bros. 3,スーパーマリオブラザーズ3
akb48,AKB48
itazuraguma no gloomy,いたずらぐまのグル~ミ~
poppy playtime,ポピープレイタイム
kashimashi,かしまし
boku to koi suru ponkotsu akuma.,僕と恋するポンコツアクマ。
akarui kioku soushitsu,明るい記憶喪失
2018 fifa world cup,2018FIFAワールドカップ
shinsougumi,深層組
jianxia qingyuan online 3,剑侠情缘网络版三
ufo robo grendizer,UFOロボ
musunde hiraite rasetsu to mukuro (vocaloid),結ンデ開イテ羅刹ト骸
huniepop,ハニーポップ
han'you no yashahime,半妖の夜叉姫
macross delta: zettai live!!!!!!,マクロスΔ絶対LIVE!!!!!!
tell your world (vocaloid),あなたの世界を伝える（ボーカロイド）
mountain dew,山のしずく
ice cream kanojo,アイスクリームカノジョ
idolmaster side-m live on stage!,Idolmaster Side-M Live on Stage！
metal slug attack,メタルスラッグアタック
godzilla: king of the monsters,キング・オブ・モンスターズ
bad girl (manga),ばっどがーる
book off,ブックオフ
papico (ice cream),パピコ
one piece film: gold,GOLD(ONEPIECEの映画)
samurai champloo,サムライチャンプルー
zeno (game),リメイク版
moana (movie),モアナと伝説の海
knights of guinevere,ナイト・オブ・グィネヴィア
idolmaster stella stage,アイドルマスターステラステージ
devilman crybaby,恶魔人
game of thrones,ゲーム・オブ・スローンズ
majo no ie,魔女の家
odds & ends (vocaloid),オッズとエンド（ボーカロイド）
the hunchback of notre dame (disney),ノートルダムの鐘
thunderbolt fantasy,サンダーボルトファンタジー
shin megami tensei iv,真・女神転生IV
mondaiji-tachi ga isekai kara kuru sou desu yo?,問題児たちが異世界から来るそうですよ?
strike witches 1991,ストライクウィッチーズ1991
romancing saga 3,ロマンシングサガ3
r.o.d the tv,R.O.Dテレビ
flying witch,ふらいんぐうぃっち
kamikaze kaitou jeanne,神風怪盗ジャンヌ
the weaker sex 1 (gibson),どっちの女の子にするか迷っている110年前の絵
spy kyoushitsu,スパイ教室
ben 10: alien force,エイリアンフォース
grand chase,グランドチェイス
akane-iro ni somaru saka,あかね色に染まる坂
hai to gensou no grimgar,灰と幻想のグリムガル
jinhongi,鎭魂記
comp h's,コンプH's
rimworld,リムワールド
scream (movie),スクリーム
emiya-san chi no kyou no gohan,衛宮さんちの今日のごはん
majo no ochakai,魔女のお茶会
mugen senshi valis,夢幻戦士ヴァリス
binbougami ga!,貧乏神が!
pia carrot e youkoso!! 3,Pia♥キャロットへようこそ!!3
haou taikei ryuu knight,覇王大系リューナイト
nandemo iu koto wo kiite kureru akane-chan (voiceroid),何でも言うことを聞いてくれるアカネチャン
phantasy star universe,ファンタシースターユニバース
castlevania: order of ecclesia,奪われた刻印
tetoris (synthesizer v),テトリス(柊マグネタイト)
zenkoku seifuku bishoujo grand prix,全国制服美少女グランプリ
taito,タイトー
machine-doll wa kizutsukanai,機巧少女は傷つかない
tuyu (band),ツユ
nagato yuki-chan no shoushitsu,長門有希ちゃんの消失
hotel transylvania,モンスター・ホテル
kimi ni todoke,君に届け
futakoi,双恋
indivisible,不可分
comiket 84,コミケ84
kill bill,キルビル
burn the witch,魔女を燃やします
seisenki iris,聖戦姫イリス
onegai twins,おねがいツインズ
doctor strange (series),ドクター・ストレンジ
rail wars!,鉄道戦争！
comic x-eros,COMICゼロス
akatsuki no goei,暁の護衛
shinkansen henkei robo shinkalion,新幹線変形ロボシンカリオン
milky subway,ミルキーサブウェイ
namco x capcom,ナムコクロスカプコン
senran kagura peach beach splash,閃乱カグラPBS
final fantasy xiii-2,ファイナルファンタジーxiii-2
tejina senpai (series),手品先輩
otoyomegatari,乙嫁語り
shiraken! shiranai koto kenkyukai,しらないこと研究会
hisabisa ni atta osananajimi ga iroiro to seichou shiteirunoni nounai dake seichou shiteinakute douyou shiteiru,久々に会った幼馴染が色々と成長しているのに脳内だけ成長していなくて動揺している
kyuusaikei v-ttara messiah-chan,救済系Vッタラー✟メシアちゃん
metal gear solid: peace walker,ピースウォーカー
donpachi (series),怒首領蜂
neopets,ネオペット
final fantasy brave exvius,ファイナルファンタジーブレイブエクスヴィウス
summer memories,あまえんぼ(ゲーム)
hito mania (utau),人マニア
hotline miami,ホットラインマイアミ
star fox adventures,スターフォックスアドベンチャー
koufuku graffiti,幸腹グラフィティ
kaii shoukougun,怪異症候群
tate no yuusha no nariagari rerise,盾の勇者の成り上がり_RERISE
kaitou saint tail,怪盗セイント・テール
daiteikoku,大帝国
pokemon: lucario and the mystery of mew,波導の勇者
the flash (series),ザ・フラッシュ
umi monogatari,うみものがたり
smiling friends,スマイリング・フレンズ
korekara no someday,これからのSomeday
touhou mystia's izakaya,东方夜雀食堂
gekijouban hibike! euphonium,Gekijouban Hibike！ユーフォニウム
engage kiss,エンゲージキス
ten (manga),天和通りの快男児
sakura quest,サクラクエスト
words worth,ワーズ・ワース
selector wixoss,セレクターwixoss
tree of savior,ツリーオブセイヴァー
sen'yuu.,戦勇。
sword of convallaria,鈴蘭の剣
the legend of zelda: the minish cap,ふしぎのぼうし
nogizaka haruka no himitsu,乃木坂春香の秘密
koisuru (otome) no tsukurikata,恋する(おとめ)の作り方
resident evil 0,バイオハザード0
yu-gi-oh! rush duel,遊戯王ラッシュデュエル
mighty morphin power rangers,マイティ・モーフィン・パワーレンジャー
the elder scrolls iv: oblivion,オブリビオン
dogs: bullets & carnage,犬：弾丸と虐殺
juusenki l-gaim,エルガイム
lethal company,リーサルカンパニー
gakusen toshi asterisk,学戦都市アスタリスク
fuuto tantei,風都探偵
do! do! do! (love live!),ド!ド!ド!
pair tabi skinship,ぺあたびスキンシップ
queen's blade white triangle,クイーンズブレイドWHITETRIANGLE
mahou shoujo (raita),絶対純白魔法少女
all wishes come true!,八仙
hakuchuumu no aojashin,白昼夢の青写真
toushinden,闘神伝
zone of the enders: the 2nd runner,アヌビスゾーンオブエンダーズ
jikkyou powerful soccer,実況パワフルサッカー
vivy: fluorite eye's song,ヴィヴィ-フローライトアイズソング-
touhou sangetsusei,東方三月精
kemono friends pavilion,けものフレンズぱびりおん
galhound,ガルハウンド
okujou no yurirei-san,屋上の百合霊さん
ben 10: omniverse,オムニバース
ai scream! (love live!),愛♡スクリ〜ム!
half-life 2,ハーフライフ2
monster hunter 4,モンスターハンター4
mass effect 3,質量効果3
sengoku musou 4,戦国無双4
kamen rider zeztz (series),仮面ライダーゼッツ
red dead redemption 2,レッドデッドリデンプション2
wreck-it ralph,シュガー・ラッシュ
kimi no kokoro wa kagayaiteru kai?,君のこころは輝いてるかい?
tensei shitara dai nana oji datta no de: kimama ni majutsu o kiwamemasu,転生したら第七王子だったので、気ままに魔術を極めます
magical astronomy,大空魔術
bakuten shoot beyblade,爆転シュートベイブレード
ip police tsuduki-chan,IPポリスつづきちゃん
kyou wa kanojo ga inai kara,今日はカノジョがいないから
mahoraba,まほらば
true tears,本当の涙
kero kero keroppi,けろけろけろっぴ
evolution championship series,Evolution Championshipシリーズ
rojiura satsuki: chapter heroine sanctuary,路地裏さつき
fata morgana no yakata,ファタモルガーナの館
gag manga biyori,ギャグマンガ日和
kira-kira sensation!,キラ・キラの感覚！
pixiv fantasia wizard and knight,pixivファンタジアW&K
konami,コナミ
2022 fifa world cup,FIFAワールドカップカタール2022
kibou no chikara ~otona precure '23~,キボウノチカラ〜オトナプリキュア‘23〜
touhou bougetsushou,東方儚月抄
junketsu duelion,純潔デュエリオン
sonic x,ソニックX
mahou shoujo ai,魔法少女アイ
mahou senshi lemmtear knights,魔法戦士レムティアナイツ
yowa yowa sensei,よわよわ先生
henry stickmin (series),ヘンリースティックマン
lotus eaters,東方酔蝶華
swapnote,いつの間に交換日記
aggressive retsuko,アグレッシブ烈子
splatoon (manga),コロコロSplatoon
captain earth,キャプテン・アース
aquarian age,アクエリアンエイジ
utawarerumono: lost flag,ロスフラ
poker fate,ポーカーフェイト
ai the somnium files: nirvana initiative,アイ:ソムニウムファイルニルヴァーナイニシアチブ
zero kara hajimeru mahou no sho,ゼロから始める魔法の書
yume no tobira,ユメノトビラ
kotobukiya,コトブキヤ
sengoku saga,戦国SAGA
gangsta,GANGSTA匪徒
no.1 sentai gozyuger,ナンバーワン戦隊ゴジュウジャー
c2 kikan,株式会社C2プレパラート
hanayamata,ハナヤマタ
otome domain,オトメ*ドメイン
mahou reiki magisphere,魔宝麗姫マギスフィア
mad max,マッドマックス
divine heart makina,ディバインハート_マキナ
devil summoner: raidou kuzunoha vs the soulless army,デビルサマナー葛葉ライドウ対超力兵団
svc chaos,SVCカオス
harukana receive,はるかなレシーブ
persona 4: the ultimax ultra suplex hold,ペルソナ4ジ・アルティマックスウルトラスープレックスホールド
love lab (manga),恋愛ラボ
pita ten,ぴたテン
namiuchigiwa no muromi-san,波打際のむろみさん
bikkuriman,ビックリマン
happy mille-feuille (idolmaster),ハッピーミルフィーユ
sonic x shadow generations,ソニック_×_シャドウ_ジェネレーションズ
parappa the rapper,パラッパラッパー
hoshizora no memoria,星空のメモリア
mofumofu channel,モフモフフーチャネル
ragnador,ラグナドール
you can eat the girl,食用系少女
narutaru,なるたる
shining tears,シャイニング・ティアーズ
greaseberries,グリースベリー
noble works,のーぶる☆わーくす
lout of count's family,伯爵の家族のラウト
miracreation,みらくりえーしょん
kouya no kotobuki hikoutai,荒野のコトブキ飛行隊
phoenix wright: ace attorney - justice for all,逆転裁判2
madan no ou to vanadis,魔弾の王と戦姫
kokoro connect,ココロコネクト
bra-ban!,ぶらばん!
menhera-chan (ezaki bisuko),メンヘラチャン
100th black market,バレットフィリア達の闇市場_〜_100th_Black_Market
kotoura-san,琴浦さん
senjou no valkyria 2,戦場のヴァルキュリア2
orangina,オランジーナ擬人化イラコン
da capo iv,~ダ・カーポ4~
super gt,スーパーGT
.hack//link,.hack //リンク
trinity seven,トリニティセブン
pokemon the movie: the power of us,みんなの物語
doctor who,ドクター・フー
gunxsword,ガン×ソード
mahou tsukai to kuroneko no wiz,魔法使いと黒猫のウィズ
priapus,プリアポス
yume oukoku to nemureru 100-nin no ouji-sama,夢王国と眠れる100人の王子様
chikanoko,ちかのこ
dragon: marked for death,ドラゴン・マークト・フォー・デス
megami no cafe terrace,女神のカフェテラス
ladybug (love live!),レディバグ
poppippoo (vocaloid),ぽっぴっぽー
shin sakura taisen,新サクラ大戦
sangatsu no lion,3月のライオン
bakuman,バクマン。
inari konkon koi iroha.,いなり、こんこん、恋いろは。
mitsuboshi colors,三ツ星カラーズ
black cat (series),黒猫（シリーズ）
sonic channel,ソニックチャンネル
shoushimin series,小市民シリーズ
atelier sophie 2,ソフィーのアトリエ2
project x zone,プロジェクトクロスゾーン
override (synthesizer v),オーバーライド
mega man zero 2,ロックマンゼロ2
gensou suikoden iv,幻想水滸伝iv
asagao to kase-san,あさがおと加瀬さん
gems company,ジェムズカンパニー
boroboro no elf-san wo shiawase ni suru kusuri uri-san,ボロボロのエルフさんを幸せにする薬売りさん
inkya gyaru demo ikigaritai!,陰キャギャルでもイキがりたい!
space channel 5,スペースチャンネル5
seirei gensouki,精霊幻想記
kurenai no buta,紅の豚
ys ix: monstrum nox,イース9
irisu shoukougun!,いりす症候群!
densetsu kyojin ideon,伝説巨神イデオン
i want you,私はあなたが欲しいです
kirby's return to dream land deluxe,星のカービィWiiデラックス
robf,Re:BF外伝教団の影と砂の御子
choudenji robo combattler v,超電磁ロボコンバトラーV
nine sols,九日
star!! (idolmaster),マイファーストスター
kimi ga aruji de shitsuji ga ore de,君が主で執事が俺で
d-frag!,ディーふらぐ!
nisoku hokou (vocaloid),二息歩行
transformers one,トランスフォーマーONE
cross edge,クロスエッジ
ushinawareta mirai wo motomete,失われた未来を求めて
getbackers,ゲットバッカーズ-奪還屋-
cat busters,キャットバスターズ
mega man x8,ロックマンX8
winter memories,あまえんぼ冬
harlock saga,ハーロックサガ
etotama,えとたま
saikyou tenshi to baito senshi,最強天使とバイト戦士
casshern sins,キャシャーンSINS
spectral (series),ネバーランド
senjuushi (series),千銃士
sweet home,Sweet_Home~Hなお姉さんは好きですか?~
suika game,スイカゲーム
shangri-la frontier,シャングリラ・フロンティア
dragon quest yuusha abel densetsu,アベル伝説
chibi maruko-chan,ちびまる子ちゃん
vivi and the magical island,ヴィヴィと魔法の島
rune factory frontier,ルーンファクトリーフロンティア
comiket 85,コミケ85
fuufu ijou koibito miman.,ふうこいアニメ
summon night 5,サモンナイト5
sasha-chan to classmate otaku-kun,サーシャちゃんとクラスメイトオタクくん
tenchuu,天誅
red: pride of eden,レッド:プライドオブエデン
tsuritama,つり球
shin sekaiju no meikyuu,新・世界樹の迷宮
from argonavis,アルゴナビス
sola,ソラ
starry sky (game),スターリースカイ
ilog,アイログ
dlsite.com,dlsite.com
grand sphere,グランスフィア
djmax portable,djmaxポータブル
koukan nikki,こうかんにっき
persona q (series),ペルソナQ（シリーズ）
arc the lad iii,アークザラッドIII
otogi-juushi akazukin,おとぎ銃士赤ずきん
nengoku no liese,粘獄のリーゼ
mobile legends: bang bang,决胜巅峰
idolmaster va-liv,ヴイアライヴ
daitoshokan no hitsujikai,大図書館の羊飼い
comiket 86,コミケ86
koukei (idolmaster),光景
shin ultraman,シン・ウルトラマン
queen (band),クイーン（バンド）
touhou spell carnival,東方スペルカーニバル
shin kamen rider,シン・仮面ライダー
sansha san'you,三者三葉
seikai no senki,星界の戦旗
hanshin tigers,阪神タイガース
atelier marie,マリーのアトリエ
yuusha ou gaogaigar final,勇者王ガオガイガーFINAL
motto! haramase! honoo no oppai isekai oppai maid gakuen!,もっと!孕ませ!炎のおっぱい異世界おっぱいメイド学園!
lovers (game),ラブ・エスカレーター
zeta gundam define,機動戦士Ζガンダム
lost property control organization (samidare),遺失物統轄機構
bakuretsu hunters,爆れつハンター
karigurashi no arrietty,借りぐらしのアリエッティ
negative yuusha to maou-gun kanbu,ネガティブ勇者と魔王軍幹部
moero! justice gakuen,燃えろ!ジャスティス学園
legend of mortal,活俠傳
battle athletes,バトルアスリーテス大運動会
ane naru mono,姉なるもの
kyokou suiri,虚構推理
munou na nana,無能なナナ
final fantasy crystal chronicles,クリスタルクロニクル
unitia,ユニティア
space invaders,スペースインベーダー
karakuri pierrot (vocaloid),からくりピエロ
kagerou days (vocaloid),カゲロウデイズ
huion,Huion
vampirella,ヴァンピレラ
nitro+ chiral,ニトロ+カイラル
sonic heroes,ソニックヒーローズ
digital devil saga,デジタル・デビル・サーガ
confessions of a rotten girl (vocaloid),腐女子ミク
uta macross sumaho deculture,歌マクロス
shadow the hedgehog (game),シャドウ・ザ・ヘッジホッグ
popotan,ぽぽたん
beast wars: transformers,ビーストウォーズ
playerunknown's battlegrounds,Playerunknownの戦場
metroid: other m,メトロイドアザーエム
resident evil: revelations,バイオハザードリベレーションズ
isekai tensei shite v ni narimashita,異世界転生してVになりました。
the kiss,接吻(クリムト)
kiseijuu,寄生獣
shinigami bocchan to kuro maid,死神坊ちゃんと黒メイド
hisho collection,秘書コレクション
sankarea,さんかれあ
hajimete no gal,はじめてのギャル
arc system works,アークシステムワークス
stellula eques,ステルラエクエス
fate/empire of dirt,フェイト/エンパイア・オブ・ダート
moechakkafire,モエチャッカファイア
girls band cry rpg,ガールズバンドクライRPG
unlight,アンライト
maburaho,まぶらほ
assassin's creed,アサシンクリード
saijaku muhai no bahamut,最弱無敗の神装機竜
otomari koibito lolita,おとまり恋人ロリータ
sesame street,セサミストリート
wikipedia,ウィキペディア
mario kart 8,マリオカート8
etra-chan wa mita!,エトラちゃんは見た!
nekojishi,家有大貓
danbooru (site),ダンブール（サイト）
live a live,ライブアライブ
touhou hero of ice fairy,東方アイスフェアリー勇者記
meccha chameleon,めっちゃカメレオン
tales of the world,テイルズオブザワールド
love live! school idol festival 2,スクフェス2
seimetsu reiki etherea,聖滅麗姫エーテライア
kimagure temptation,きまぐれテンプテーション
warui ga watashi wa yuri janai,悪いが私は百合じゃない
tenkuu no escaflowne,天空のエスカフローネ
love-bullet,ラブ・バレット
houou senki maimu,鳳凰戦姫舞夢
mary skelter,メアリスケルター
pokemon colosseum,ポケモンコロシアム
jurassic world,ジュラシックワールド
unknown mother goose (vocaloid),アンノウン・マザーグース
servant x service,サーバント×サービス
plastic memories,プラスティック・メモリーズ
lagtrain (vocaloid),ラグトレイン
reddit,reddit
star wars: a new hope,エピソード4
suicide boy,自殺少年
joker (2019),ジョーカー
amnesia (idea factory),アムネシア
dragon ball minus,ドラゴンボールマイナス
a3!,エースリー
guilty gear 2,ギルティギア2
kurogane no linebarrel,鉄のラインバレル
neko to chiyo,ねことちよ
chihayafuru,ちはやふる
lovely x cation 2,ラブリケーション2
ero condo,エロコンドミニアム
weiss schwarz,ヴァイスシュヴァルツ
kimi to kanojo to kanojo no koi.,君と彼女と彼女の恋。
rick and morty,リック・アンド・モーティ
shibou yuugi de meshi wo kuu.,死亡遊戯で飯を食う。
juuni taisen,十二大戦
lineage 2,リネージュII
mega man star force 3,流星のロックマン3
kiznaiver,キズナイーバー公式
kaizoku sentai gokaiger,海賊戦隊ゴーカイジャー
lilith-soft,リリスソフト
ryouran! victory road (love live!),繚乱!ビクトリーロード
majo to hyakkihei,魔女と百騎兵
tokyo mew mew new,東京ミュウミュウにゅ〜♡
atelier shallie,シャリーのアトリエ
hearts of iron,ハーツオブアイアン
surge concerto,シェルノサージュ
macross plus,マクロスプラス
swing!!,すいんぐ!!
no brand girls,ブランドの女の子はいません
soushisouai lolita no seikatsu,相思相愛ロリータの生活
ikkitousen great guardians,一騎当千Great_Guardians
haevest,haevest
kyouran kazoku nikki,狂乱家族日記
shinmai fukei kiruko-san,新米婦警キルコさん
demento,Demento
roman (sound horizon),ローマ（サウンドホライズン）
kouya no naga samurai,荒野の長侍
mega man zero 1,ロックマンゼロ1
tumblr,タンブラー
rapunzel (fairy tale),ラプンツェル
kamen rider black rx (series),仮面ライダーBLACKRX
makai gacha wa kyou mo shibui,魔界ガチャは今日も渋い
robot girls z,ロボットガールズZ
watchmen,ウォッチメン
kairaku historie,快楽ヒストリエ
w tails cat,Wテールズ猫
felarya,フェラリヤ
google chrome,グーグル・クローム
tales of link,テイルズオブリンク
suki na souzai happyou dragon (utau),好きな惣菜発表ドラゴン
double spoiler,ダブルスポイラー
mega man megamix,ロックマンメガミックス
final fantasy fables,ファイナルファンタジーのf話
fila,フィラ
love wing bell,翼のベルが大好きです
harukanaru toki no naka de,遙かなる時空の中で
pastel chime,ぱすてるチャイム
morimens,忘却前夜
mofu-mofu after school,もふもふな放課後
fantasista doll,ファンタジスタドール
sakura taisen ii,サクラ大戦2
hanamaru youchien,はなまる幼稚園
kobe shinbun,神戸新聞
idolmaster platinum stars,アイドルマスタープラチナスターズ
imouto sae ireba ii,妹さえいればいい。
full moon wo sagashite,満月をさがして
gouketsuji ichizoku,豪血寺一族
ace attorney investigations: miles edgeworth,逆転検事
kamen rider v3 (series),仮面ライダーV3
ultra trailer (synthesizer v),ウルトラトレーラー
fossil fighters,ぼくらはカセキホリダー
kure-nai,紅kure-nai
battle spirits: shounen toppa bashin,バトルスピリッツ少年突破バシン
kodoku no gourmet,孤独のグルメ
the princess and the frog (disney),プリンセスと魔法のキス
akazukin chacha,赤ずきんチャチャ
hellboy (comic),ヘルボーイ
fushigiboshi no futago hime gyu,ふしぎ星の☆ふたご姫Gyu!
age of empires (series),エイジオブエンパイア
lollipop chainsaw,ロリポップチェーンソー
akiba maid sensou,アキバ冥途戦争
sangoku infinity,三国インフィニティ
otome function,乙女ファンクション
just be friends (vocaloid),ただ友達になる（ボーカロイド）
onii-chan dakedo ai sae areba kankeinai yo ne,お兄ちゃんだけど愛さえあれば関係ないよねっ
brown dust,ブラウンダスト
snow fox,スノーフォックス
jiggly girls,ジグリーガールズ
eternity sword series,永遠神剣シリーズ
cartoon network,カートゥーンネットワーク
kemono friends kingdom,动物朋友王国
pixiv fantasia mountain of heaven,pixivファンタジアMOH
aikatsu on parade!,アイカツオンパレード!
better call saul,ベター・コール・ソウル
tensai ouji no akaji kokka saiseijutsu,天才王子の赤字国家再生術
ladies versus butlers!,れでぃ×ばと!
vdonburi,vdonburi
nageki no bourei wa intaishitai,嘆きの亡霊は引退したい
tales of graces f,テイルズオブグレイセスf
onna doushi toka arienai desho to iiharu onnanoko wo hyakunichikan de tetteiteki ni otosu yuri no ohanashi,女同士とかありえないでしょと言い張る女の子を、百日間で徹底的
beelzebub (manga),べるぜバブ
ys x: nordics,イース10
meiji (brand),明治
pikmin 2,ピクミン2
yakin byoutou,夜勤病棟
kagome no inyoku,籠姫ノ淫欲
paladins,パラディン
franken fran,フランケン・ふらん
lightning returns: final fantasy xiii,ライトニングリターンズファイナルファンタジーxiii
sumaga,スマガ
sweethex,恋人
guilty dragon,ギルティドラゴン
yi er fan club (vocaloid),いーあるふぁんくらぶ
alien nine,エイリアン9
koimonogatari,恋物語
tamiya incorporated,タミヤ
bakugan,爆丸
butcher vanity (synthesizer v),ブチャーバニティー
mega man battle network 6,ロックマンエグゼ6
kanojo mo kanojo,カノジョも彼女
the adventures of sherlock holmes,シャーロック・ホームズの冒険
osana reimu,東方幼霊夢
agarest senki,アガレスト戦記
netoge no yome wa onna no ko janai to omotta?,ネトゲの嫁は女の子じゃないと思った?
teppen,テッペン
the great ace attorney: adventures,大逆転裁判‐成歩堂龍ノ介の冒険‐
nyan koi!,にゃんこい!
alice girls shiny heart,アリス少女隊☆シャイニーハート
michelin,ミシュラン
sakura musubi,さくらむすび
akane-banashi,あかね噺
variable geo,ヴァリアブル・ジオ
kikou souseiki mospeada,機甲創世記モスピーダ
mospeada,モスピーダ
bubblegum crisis,バブルガムクライシス
kimi ga hoeru tame no uta wo,キミが吠えるための歌を、
susanghan messenger,ミスティックメッセンジャー
duck hunt,ダックハント
rayman (series),レイマン
comic rin,コミックリン
oshioki sweetie,オシオキSweetie
dancing stars on me!,私に踊る星！
culture japan,文化日本
fullbokko heroes,フルボッコヒーローズX
donut hole (vocaloid),ドーナツホール
karaoke iko!,カラオケ行こ!
blazblue: cross tag battle,ブレイブルークロスタッグバトル
sf choujigen densetsu rall,超次元伝説ラル
teekyuu,てーきゅう
ai yori aoshi,藍より青し
yuusha no kuse ni namaiki da,勇者のくせになまいきだ
kishuku gakkou no juliet,寄宿学校のジュリエット
love je t'aime,らぶじゅてーむ
coyote ragtime show,コヨーテラグタイムショー
hoshizora e kakaru hashi,星空へ架かる橋
sisters ~natsu no saigo no hi~,SISTERS~夏の最後の日~
seizon honnou valkyria (idolmaster),生存本能ヴァルキュリア
osu! tatakae! ouendan,押忍!闘え!応援団
fallout 3,フォールアウト3
immaterial and missing power,東方萃夢想
kung fu panda,カンフー・パンダ
trojan green asteroid,鳥船遺跡
trigun maximum,トリガン最大
vanitas no carte,ヴァニタスの手記
the creation of adam,アダムの創造
freedom planet 2,自由星球2
arslan senki,アルスラーン戦記
rosenkreuzstilette,ローゼンクロイツスティレッテ
amakano ~second season~,アマカノ~Second_Season~
sentou mecha xabungle,戦闘メカザブングル
shingeki no bahamut: genesis,神撃のバハムートGENESIS
takane-san to arashi-chan,高音さんと嵐ちゃん
muppets,マペット
aquarium (visual novel),あくありうむ。
w.i.t.c.h.,ウィッチ
kaifuku jutsushi no yarinaoshi ~sokushi mahou to skill copy no chouetsu heal~,回復術士のやり直し
yostar,上海悠星
thomas the tank engine (series),きかんしゃトーマス
mamahaha no tsurego ga moto kano datta,継母の連れ子が元カノだった
tokimeki no mirai chizu,トキメキの未来地図
chase! (love live!),追跡！ （ライブが大好き！）
haconect,ハコネクト
raging loop,レイジングループ
nagasarete airantou,ながされて藍蘭島
singing! (k-on!),歌！ （k-on！）
dimension w,ディメンションW
needless,ニードレス
romancing saga minstrel song,ロマンシングサガ-ミンストレルソング-
corrector yui,コレクターユイ
bunnystein fantasy,バニスタイン・ファンタジー
triage x,トリアージX
littlest pet shop,リトレストペットショップ
mahou shoujo suzune magica,魔法少女すずね☆マギカ
super robot wars og saga mugen no frontier exceed,無限のフロンティアEXCEED
duel masters (classic),デュエル・マスターズ
pixiv fantasia revenge of the darkness,pixivファンタジアRD
kingdom hearts x,アンチェインドキー
the binding of isaac,以撒的结合
afk arena,AFKアリーナ
mahou shoujo lyrical nanoha a's portable: the gears of destiny,なのポ
uniqlo,ユニクロ
tekken 5,鉄拳5
honeyworks,ハニーワークス
rance quest,ランスクエスト
getter robo (classic),ゲッターロボ
wonder festival 2007,ワンダーフェスティバル2007
grandia ii,グランディアii
tsumi no hahen (debris),罪の破片(Debris)
yumeutsutsu re:master,夢現Re:Master
angelic angel,天使の天使
shin sangoku musou 4,真・三國無双4
cutie panther,キューティーパンサー
yomawari (series),夜廻シリーズ
omega sisters,おめがシスターズ
the king of fighters '97,ザ・キング・オブ・ファイターズ'97
nhk (broadcaster),日本放送協会
summon night 4,サモンナイト4
tokimeki memorial girl's side 4th heart,ときメモGS4
kirby's adventure,夢の泉の物語
miiverse,ミーバース
mass effect 2,質量効果2
latale,ラテール
deathsmiles,デススマイルズ
sekaiichi kawaii watashi (idolmaster),世界一可愛い私
pikmin 3,ピクミン3
chargeman ken!,チャージマン研!
a deer of nine colors,九色鹿
el shaddai,エルシャダイ
yuuki yuuna wa yuusha de aru: hanayui no kirameki,結城友奈は勇者である花結いのきらめき
mahoutsukai rose no sado life,魔法使いロゼの佐渡ライフ
golden boy,ゴールデンボーイ
sekaiju no meikyuu hd,世界樹の迷宮I・II・III_HD_REMASTER
american psycho,アメリカン・サイコ
mahou shoujo lyrical nanoha reflection,リリカルなのはReflection
toaru majutsu no index: genesis testament,創約とある魔術の禁書目録
lookism,外見至上主義
charisma house,カリスマ
romancing saga re;universe,ロマサガRS
makaimura,魔界村
tenshi no inai 12-gatsu,天使のいない12月
shin koihime musou,真・恋姫†無双
tenkuu no craft fleet,天空のクラフトフリート
ai tenshi densetsu wedding peach,愛天使伝説ウェディングピーチ
fault!!,フォルト!!
.hack//tasogare no udewa densetsu,.hack//黄昏の腕輪伝説
tekken 4,鉄拳4
white album,ホワイトアルバム
the hobbit,ホビットの冒険
strange creators of outer world,東方外來韋編
mad father,マッドファーザー
himegoto,ひめゴト
shin megami tensei: strange journey,真・女神転生ストレンジジャーニー
tsukuyomi kurage,月夜見海月
judge eyes,ジャッジアイズ
sawaranaide kotesashi-kun,さわらないで小手指くん
shin megami tensei i,真・女神転生
our battle has just begun!,俺たちの戦いはこれからだ!
qiang jin jiu,将进酒
onikko hunter tsuina-chan,鬼っ子ハンターついなちゃん
chaos;child love chu chu!!,カオスチャイルドらぶchu☆chu!!
koi suru kanojo no bukiyou na butai,恋する彼女の不器用な舞台
la corda d'oro,金色のコルダ
shoukan yuusha to f-kei kareshi,召喚勇者とf系彼氏
majestic prince,マジェスティックプリンス
criminal girls,クリミナルガールズ
solo leveling: arise,俺だけレベルアップな件:ARISE
the wizard of oz,オズの魔法使い
monster hunter stories 2: wings of ruin,モンハンストーリーズ2
shaft (company),シャフト
gundam card builder,機動戦士ガンダムカードビルダー
hypnotic convenience store (mankai kaika),催眠コンビニ
pieta,ピエタ
mario strikers (series),マリオストライカーズ
tokimeki memorial 4,ときめきメモリアル4
kujibiki unbalance,くじびきアンバランス
pure pure,ぴゅあぴゅあ
shingeki no school castes,進撃のスクールカースト
mario party,マリオパーティ
beyblade: burst,ベイブレードバースト
project diva extend,Project Diva拡張
monster hunter frontier,モンスターハンターフロンティア
senjuushi: the thousand noble musketeers,千銃士
suki! yuki! maji magic (vocaloid),好き!雪!本気マジック
motto! haramase! honoo no oppai isekai chou ero succubus gakuen!,もっと!孕ませ!炎のおっぱい異世界超エロサキュバス学園!
heybot!,ヘボット!
little princess,リトルプリンセス
angry birds,「アングリーバード」
toriko (series),トリコ
aoi ch.,富士葵
starry night (van gogh),星空(梵高)
mushiking,甲虫王者ムシキング
shuuen no virche,終遠のヴィルシュ
dragon ball z dokkan battle,ドラゴンボールZドッカンバトル
neet de otaku na kunoichi to naze ka dousei hajimemashita,ニートでオタクなくノ一となぜか同棲はじめました
tensei shitara ken deshita,転生したら剣でした
super robot wars x-omega,スーパーロボット大戦X-Ω
devil may cry 2,デビルメイクライ2
lofi girl (youtube),Lofi Girl（YouTube）
kokoro (vocaloid),ココロ
sora no iro mizu no iro,"そらのいろ、みずのいろ,"
touka gettan,桃華月憚
puyopuyo fever,ぷよぷよフィーバー
momotarou,桃太郎
shin megami tensei iv final,真・女神転生IVFINAL
gen'ei wo kakeru taiyou,幻影ヲ駆ケル太陽
prima doll (anime),プリマドール
persona 3: dancing moon night,ペルソナ3ダンシング・ムーンナイト
comiket 87,コミケ87
romance of the three kingdoms,三国演义
ultraman nexus (series),ウルトラマンネクサス
future card buddyfight,フューチャーカードバディファイト
mahou shoujo holowitch!,魔法少女ホロウィッチ!
zoids chaotic century,ゾイド-ZOIDS-
panel de pon,パネルでポン
souzou forest (vocaloid),想像フォレスト
gunslinger stratos,ガンスリンガーストラトス
ochikazuki ni naritai miyazen-san,お近づきになりたい宮膳さん
animal (vocaloid),アニマル(DECO*27)
mystical power plant,東方導命樹
nvidia,エヌビディア
miku miku ni shite ageru (vocaloid),みくみくにしてあげる♪
shin getter robo,真ゲッターロボ
mahou shoujo ikusei keikaku limited,魔法少女育成計画limited
sonic rush adventure,ソニックラッシュアドベンチャー
obey me! (series),おべいみー!
hakurei frontier spell strive,ハクレイフロンティア_Spell_Strive
"dateless bar ""old adam""",旧約酒場
triple baka (vocaloid),驫麤~とりぷるばか~
peace@pieces,ピースアピーシーズ
ore no kanojo to osananajimi ga shuraba sugiru,俺の彼女と幼なじみが修羅場すぎる
knight's & magic,ナイツ&マジック
bishoujo mangekyou ibun: yuki onna,美少女万華鏡異聞雪おんな
sunny day song,晴れた日の歌
mushihimesama,虫姫さま
danjo no yuujou wa seiritsu suru?,男女の友情は成立する?(いや、しないっ!!)
shovel knight,ショベルナイト
john wick,ジョン・ウィック
toei company,東映アニメーション株式会社
kyoukai no rinne,境界のRINNE
sentinel girls,溶鉄のマルフーシャ
sd gundam g generation,SDガンダムジージェネレーションシリーズ
fumetsu no anata e,不滅のあなたへ
tsui no sora,終ノ空
kadokawa,角川スニーカー文庫
commando (movie),コマンドー
suisai sekai,水彩世界
boy's club,男の子のクラブ
hanebado!,はねバド!
himegami kagura,ひめがみ神楽
hoshikuzu telepath,星屑テレパス
danganronpa another: another despair academy,ダンガンロンパアナザー
metroid prime 2: echoes,メトロイドプライム2_ダークエコーズ
altered pink,アルタードピンク
cool doji danshi,クールドジ男子
the legend of zelda: oracle of seasons,大地の章
marvel snap,マーベル・スナップ
little twin stars,キキララ
comiket 98,コミケ98
aohada bocchi,青肌巨乳とクソボッチ
flyable heart,飛行可能な心
eternal arcadia,エターナルアルカディア
baskin-robbins,サーティワン
ushio to tora,うしおととら
happy saint sheol,ハピセイ
last exile: gin'yoku no fam,ラストエグザイル‐銀翼のファム‐
age of empires ii,エイジオブエンパイアII
my chemical romance,マイ・ケミカル・ロマンス
comic megastore,コミックメガストーレ
strike witches 1940,ストライクウィッチーズ1940
muv-luv alternative (anime),マブラヴアニメ
fragaria memories,フラガリアメモリーズ
taishou yakyuu musume,大正野球娘。
ultraman z (series),ウルトラマンZ
ace combat zero,エースコンバットZERO
resonance solstice,レゾナンス:無限号列車
nademonogatari,撫物語
hajime no ippo,はじめの一歩
pirates of the caribbean,パイレーツ・オブ・カリビアン
koi to senkyo to chocolate,恋と選挙とチョコレート
yotsunoha,よつのは
dive! (love live!),ダイビング！ （ライブが大好き！）
suiheisen made nan mile?,水平線まで何マイル?
yaiteru futari,焼いてるふたり
sentouin hakenshimasu!,戦闘員、派遣します!
comiket 81,コミケ81
top gun,トップガン
atlantis: the lost empire,アトランティス失われた帝国
barakamon,ばらかもん
shinsei kamattechan,神聖かまってちゃん
hinabita,ひなビタ♪
sukinako ga megane wo wasureta,好きな子がめがねを忘れた
tropical kiss,トロピカルKISS
oneechanbara,お姉チャンバラ
bakuretsu tenshi,爆裂天使
magical halloween,マジカルハロウィン
koi ni kanmi o soete,恋ニ、甘味ヲソエテ
alicesoft,アリスソフト
le sserafim,ルセラフィム
yokohama dena baystars,横浜DeNAベイスターズ
the matrix,マトリックス
pink floyd,ピンク・フロイド
aster tatariqus,アスタータタリクス
saikin kokuhaku wo kotowatta bakari no kouhai joshi ga gimai ni natteshimatta,最近義〇になった後輩に堕とされそうシリーズ
acchi kocchi,あっちこっち
el cazador de la bruja,エル・カザド
kangoku senkan,監獄戦艦
mana khemia (series),マナケミア
heart no kuni no alice,劇場版ハートの国のアリス
mm!,えむえむっ!
shakunetsu no takkyuu musume,灼熱の卓球娘
inside out,インサイド・ヘッド
omc,オーダーメイドCOM
fullmetal alchemist the movie: conqueror of shamballa,シャンバラを征く者
kingdom hearts: chain of memories,思い出のキングダムハーツチェーン
the prophecies begin,预言开始
wuhua mixin,ネオ·アーティファクト
obey me!: one master to rule them all!,おべいみー
bashamichi,馬車道
urashimasakatasen,浦島坂田船
1000-nen ikiteru (vocaloid),1000年生きてる
daibouken! yukeyuke osawari island,大冒険!ゆけゆけ☆おさわりアイランド
silent sinner in blue,東方儚月抄
seven knights,セブンナイツ
basquash!,バスカッシュ!
tanaka the wizard,田中~年齢イコール彼女いない歴の魔法使い~
kamen rider stronger (series),仮面ライダーストロンガー
company of heroes,カンパニー・オブ・ヒーローズ
star wars: visions,スターウォーズビジョンズ
tsukimonogatari,憑物語
sweet devil (vocaloid),スィートデビル
a nightmare on elm street,エルム街の悪夢
toaru majutsu no index: endymion no kiseki,劇場版とある魔術の禁書目録エンデュミオンの奇蹟
monster hunter world: iceborne,MHWアイスボーン
kusari hime: euthanasia,腐り姫
kyousougiga,京騒戯画
project upd8,プロジェクトUpd8
murenase! shiiton gakuen,群れなせ!シートン学園
.hack//sign,ドットハックサイン
granblue fantasy: relink,リリンク
rinrinne,りんりんね
the last of us,ザ・ラスト・オブ・アス
idol (yoasobi),アイドル(YOASOBI)
girl with a pearl earring,真珠の耳飾りの少女
castlevania (netflix),キャッスルヴァニア（Netflix）
ufotable,ufotable
impossible spell card,弾幕アマノジャク
azur promilia,アズールプロミリア
precure all stars new stage: mirai no tomodachi,プリキュアオールスターズNewStage_みらいのともだち
super mario world 2: yoshi's island,スーパーマリオヨッシーアイランド
hop step jumpers,ホップステップジャンパーズ
sunfaded (idolmaster),サンフェーデッド
under night in-birth exe:late[st],夜の誕生のexe：late [st]
tekkaman blade,宇宙の騎士テッカマンブレード
lost ark,命运方舟
shining blade,シャイニング・ブレイド
final fantasy vii revelation,FF7リベレーション
sword world,ソードワールド
bibbidiba (hololive),ビビデバ
tokyo xanadu,東亰ザナドゥ
shigofumi,シゴフミ
mujin wakusei survive,無人惑星サヴァイヴ
2010 fifa world cup,2010FIFAワールドカップ
mega man battle network 5,ロックマンエグゼ5
tombow mono,MONO消しゴム
tengen toppa gurren lagann: parallel works,グレンラガンパラレルワークス
silverlight,シルバーライト
decadence (anime),デカダンス
mahou shoujo kazumi magica,魔法少女かずみ☆マギカ
arena of valor,传说对决
cars (movie),カーズ
retrospective 53 minutes,卯酉東海道
koiiro soramoyou,恋色空模様
dokidoki sister aoi-chan,ドキドキしすたー♡葵ちゃん
fuurai no shiren,風来のシレン
eden's ritter grenze,エデンズリッターグレンツェ
sony's spider-man universe,スパイダーマン・ユニバース
akudama drive,アクダマドライブ
to heart 2 xrated,心に2 Xrated
panzer waltz,鋼鉄のワルツ
wanmei shijie,完美世界
the caves of steel,こうてつとし
girlish number,ガーリッシュナンバー
nijiyon,にじよん
borderlands 2,国境地帯2
miitopia,ミートピア
tear ring saga,ティアリングサーガ
domestic na kanojo,ドメスティックな彼女
r-type,アール・タイプ
fukkireta,吹っ切れた
pocket mirror,ポケトミラプロジェクと
boku no risou no isekai seikatsu,ボクの理想の異世界生活
rock wa lady no tashinami deshite,ロックは淑女の嗜みでして
shoujo rei (vocaloid),少女レイ
kingdom hearts 3d: dream drop distance,キングダムハーツ3Dドリームドロップ距離
wake up girls! stage no tenshi,ステージの天使
monster musume no oisha-san,モンスター娘のお医者さん
sounan desuka?,ソウナンですか?
joshi kousei,女子高生─バカ軍団─
cube x cursed x curious,シーキューブ
haks,ヘクス
kono yuusha ga ore tueee kuse ni shinchou sugiru,この勇者が俺TUEEEくせに慎重すぎる
cherry pop (vocaloid),チェリーポップ
ecstas online,エクスタス・オンライン
quilt (game),きると
one piece film: z,Z(ONEPIECEの映画)
devil may cry (netflix),デビルメイクライ(Netflix)
bluey,ブルーイ
kikai sentai zenkaiger,機界戦隊ゼンカイジャー
youkai watch 3,妖怪ウォッチ3
full metal jacket,フルメタルジャケット
mito and kaede,ミトとカエデ
mirai akari's new virtual youtuber illustration contest,ミライアカリイラコン新VTuber
da capo iii,ダ・カーポIII
mugen no fantasia,無限のファンタジア
mortal kombat 11,モータルコンバット11
ohsama sentai king-ohger,王様戦隊キングオージャー
asgard,アスガルド
joukamachi no dandelion,城下町のダンデライオン
sonic riders,ソニックライダーズ
senjou no valkyria 4,戦場のヴァルキュリア4
sonic prime,ソニックプライム
annie mei project,アニー・メイプロジェクト
silver rain,銀の雨
itoko no onee-chan ni amaechau?,いとこのお姉ちゃんに甘えちゃう?
sonic the hedgehog 3 (movie),映画ソニックxシャドウ
minna no rhythm tengoku,みんなのリズム天国
the scream,ムンク
eiyuu senki ww,英雄戦姫WW
metroid prime 4: beyond,メトロイドプライム4
tamagotchi plus,たまごっちプラス
akujiki musume conchita (vocaloid),悪食娘コンチータ
fuwafuwa time,フワフワの時間
kemeko deluxe,ケメコデラックス!
futsuu no joshikousei ga locodol yattemita,普通の女子校生が【ろこどる】やってみた。
samurai jack,サムライジャック
prism magical,プリズム魔法
tamatoys,タマトイ
g-taste,ジィ・テイスト
shukufuku no campanella,祝福のカンパネラ
twitch plays pokemon,Twitchはポケモンを演奏します
ultrakill,ウルトラキル
dino crisis,ディノクライシス
disney princess,ディズニープリンセス
ender magnolia bloom in the mist,エンダーマグノリア
majime na kouhai kara kairaku zeme sareru nante kiitenai!,真面目な後輩から快楽責めされるなんて聞いてない!
dancouga (series),ダンスガ（シリーズ）
sakura dungeon,サクラ・ダンジョン
sankyuu pitch,サンキューピッチ
ajin (sakurai gamon),亜人(あじん)
j. league,Jリーグ
mega man zero 4,ロックマンゼロ4
gunparade march,ガンパレード・マーチ
absolute duo,アブソリュート・デュオ
i do me! (love live!),アイドゥーミー!
saint seiya: the lost canvas,ロストキャンバス
mario kart wii,マリオカートWii
kindaichi shounen no jikenbo,金田一少年の事件簿
noir (anime),ノワール
wagaya no oinari-sama,我が家のお稲荷さま。
gouma reifuden izuna,降魔霊符伝イヅナ
the king of fighters 2002,ザ・キング・オブ・ファイターズ2002
nijigen project,ニジゲンプロジェクト
natsumeki pain,夏めきペイン
youkai watch jam: youkai gakuen y,妖怪学園Y
mario & luigi: superstar saga,マリオ&ルイージRPG
clockwork rabbit,時計仕掛けのウサギ
hige wo soru. soshite joshikousei wo hirou.,ひげを剃る。そして女子高生を拾う。
shadow hearts ii,シャドウハーツII
shinma x keishou! ragnabreak,神魔×継承!ラグナブレイク
oretachi ni tsubasa wa nai,俺たちに翼はない
kof: maximum impact,KOFマキシマムインパクト
mega man 3,ロックマン3
gakkou de seishun!,gakkou de seishun！
date a live: date a bullet,デート・ア・バレット
hakuchu a la mode,ハクチューアラモード
pokemon conquest,ポケモン+ノブナガの野望
black beacon,黑色信标
renri no chigiri wo kimi to shiru,連理の契りを君と知る
jaws (movie),ジョーズ
metal hero,メタルヒーロー
playboy,月刊プレイボーイ
akiba's trip,アキバズトリップ
shiunji-ke no kodomotachi,紫雲寺家の子供たち
ark survival evolved,箱舟の生存が進化しました
chloris garden,クロリス・ガーデン
music s.t.a.r.t!!,音楽S.T.A.R.T !!
amakano 3,アマカノ3
haruru minamo ni!,はるるみなもに!
h2o footprints in the sand,エイチツーオーフットプリンツインザサンド
gokujou seitokai,極上生徒会
yatagarasu (game),ヤタガラス(格ゲー)
the bad guys (movie),バッドガイズ
the legend of zelda: oracle of ages,時空の章
james cameron's avatar,阿凡达
apocalypse hotel,アポカリプスホテル
miku with you (vocaloid),未来有你
vcr gta,gta3救急と鴉
hatsune miku no shoushitsu (vocaloid),初音ミクの消失
girls und panzer gekitou! maginot-sen desu!!,ガールズ&パンツァー激闘!マジノ戦ですっ!!
tokyo ravens,東京レイヴンズ
mad max: fury road,怒りのデス・ロード
kaede to suzu,楓と鈴
king of prism by prettyrhythm,Prettyrhythmによるプリズムの王
blazblue: continuum shift,Blazblue：連続体シフト
soulcalibur iii,ソウルキャリバーIII
solty rei,ソルティレイ
saikyou ginga ultimate zero ~battle spirits~,最強銀河究極ゼロ~バトルスピリッツ~
men in black,メン・イン・ブラック
neo-traditionalism of japan,伊弉諾物質
high school dxd cross,ハイスクールディーディークロス
erogos,エロゴス
code geass: dakkan no roze,コードギアス奪還のロゼ
maou gakuin no futekigousha,魔王学院の不適合者
anemoi,アネモイ
sonic forces,ソニックフォース
19 tian,19天
taketori monogatari,竹取物語
the batman (2022),ザバットマン
shin sangoku musou origins,真・三國無双ORIGINS
momotarou densetsu,桃太郎伝説
ampere (love live!),アンペア
teenage mutant ninja turtles (1987),旧亀
animate (company),アニメイト
daihatsu,ダイハツ
waka-chan wa kyou mo azatoi,和歌ちゃんは今日もあざとい
blood-c,血液-C
seifuku kanojo,制服カノジョ
muchigaku,【むちがく】
yuuwaku namaiki lolita,誘惑なまいきロリータ
act-age,アクタージュ
katsugeki/touken ranbu,活撃/刀剣乱舞
comiket 82,コミケ82
bishoujo mangekyou: norowareshi densetsu no shoujo,美少女万華鏡-呪われし伝説の少女-
orix buffaloes,オリックス・バファローズ
scarz,スカーツ
ikkitousen dragon destiny,一騎当千Dragon_Destiny
dokyuu hentai hxeros,ド級編隊エグゼロス
tamayura,たまゆら
toushin toshi,闘神都市
james bond (series),ジェームズ・ボンド（シリーズ）
nikki up2u2: world traveller,ニキ日記~世界旅行編~
seihantai na kimi to boku,正反対な君と僕
shironagasu-tou e no kikan,シロナガス島への帰還
langrisser ii,ラングリッサーII
musou orochi,無双OROCHI
yowamushi mont-blanc (vocaloid),弱虫モンブラン
mortal kombat 9,モータルコンバット9
ultraman arc (series),ウルトラマンアーク
isekai wa smartphone to tomo ni.,異世界はスマートフォンとともに。
gears of war,ギアーズ・オブ・ウォー
hoshi wo miru hito,星をみるひと
omoide no marnie,思い出のマーニー
acfun,A站
senyoku no sigrdrifa,戦翼のシグルドリーヴァ
the elder scrolls iii: morrowind,ジ・エルダー・スクロールズスリー・モロウウィンド
iron lung (movie),アイアン・ラング
gundam seed astray,機動戦士ガンダムSEEDASTRAY
world's end dancehall (vocaloid),ワールズエンド・ダンスホール
devil may cry 1,デビルメイクライ
super robot wars judgement,スーパーロボット大戦J
tama project,たまぷろじぇくと
id : invaded,イド:インヴェイデッド
kengan (series),ケンガン（シリーズ）
pocketland,アバター化イラコン
ichiban ushiro no daimaou,いちばんうしろの大魔王
monogatari series puc puc,〈物語〉シリーズぷくぷく
virtual ant channel,仮想アントチャネル
pokemon: the first movie - mewtwo strikes back,ミュウツーの逆襲
chitose-kun wa ramune bin no naka,千歳くんはラムネ瓶のなか
gokushufudou,極主夫道
shouryuu senki tenmu,昇龍戦姫天夢
girls creation,ガールズクリエイション
guild cq,ギルドCQ
ghost of tsushima,ゴーストオブツシマ
captain america: the first avenger,キャプテン・アメリカ/ザ・ファースト・アベンジャー
jubeat,ユビート
mahou shoujo pretty sammy,魔法少女プリティサミー
livejupiter (2channel),なんJ
hanayori jyoshiryou,花寄女子寮
mochipro,もちぷろ
hypnosis mic: rule the stage,ヒプステ
pixiv fantasia 2,pixivファンタジアII
morinaga (brand),森永ホットケーキ擬人化
labyrinth of touhou (series),東方の迷宮
re:lief ~shin'ai naru anata e~,Re:LieF~親愛なるあなたへ~
7th dragon 2020-ii,セブンスドラゴン2020-II
ishida to asakura,石田とあさくら
with you,With_You_~みつめていたい~
winged fusiliers,翼のあるフュージリア
koikishi purely kiss,恋騎士PurelyKiss
fii-tan the figure,fii-tan図
venus blade,ヴィーナス†ブレイド
black myth: wukong,黑神话:悟空
shinra-bansho (circle),森羅万象
ashita no joe,あしたのジョー
thunderbolts (movie),サンダーボルツ*
holohoneygaoka koukou,ほろはにヶ丘高校
dungeon de ohanatsumi nanka yurushimasen!!,ダンジョンでお花摘みなんか許しません!!
circle of inevitability,宿命之环
pretty rhythm dear my future,プリティーリズム・ディアマイフューチャー
comiket 83,コミケ83
power stone,パワーストーン
kami-sama no memo-chou,神様のメモ帳
mount celeb kaneda-san,マウントセレブ金田さん
resident evil 7: biohazard,バイオハザード7
dead rising,デッドライジング
sket dance,スケットダンス
macne series,Mac音シリーズ
aozora jumping heart,青空Jumping_Heart
avengers: age of ultron,アベンジャーズ/エイジ・オブ・ウルトロン
starless,スターレス
neko musume michikusa nikki,ねこむすめ道草日記
saimin seishidou,催眠性指導
terra battle,テラバトル
super robot wars z1,スーパーロボット大戦Z
boukun habanero,暴君ハバネロ
kirby: right back at ya!,星のカービィ(アニメ)
shin sekaiju no meikyuu 2,新・世界樹の迷宮2
trigger heart exelica,リガーハートエグゼリカ
magicami,マジカミ
mahou no princess minky momo,魔法のプリンセスミンキーモモ
crymachina,クライマキナ
makai senki disgaea 7,魔界戦記ディスガイア7
mad rat dead,マッドラットデッド
mega man x5,ロックマンX5
mahou girls precure!! ~mirai days~,魔法つかいプリキュア!!~MIRAIDAYS~
mazinkaiser,マジンカイザー
netflix,ネットフリックス
reminiscence,レミニセンス
space jam,スペース・ジャム
tarzan (disney movie),ターザン
akatsuki no kiseki,曉の軌跡
street fighter ex (series),ストリートファイターEX
digimon adventure: (2020),デジモンアドベンチャー:
alia's carnival!,アリアズ*カーニバル!
ikazuchi no senshi raidy,雷の戦士ライディ
sakura photograph (idolmaster),桜フォトグラフ
high score girl,ハイスコアガール
dance in the vampire bund,ダンスインザヴァンパイアバンド
potemayo,ぽてまよ
utakata,うた∽かた
prismplus,プリズムプラス
treasure cafe,まのさば江の島コラボ
koiiro byoutou (vocaloid),恋色病棟
flesh blood & concrete,血肉与混凝土
ultraman geed (series),ウルトラマンジード
koutetsu jeeg,鋼鉄ジーグ
godzilla minus one,ゴジラ-1.0
amano megumi wa suki darake!,天野めぐみはスキだらけ!
ryuu ga gotoku 8,龍が如く8
sakigake!! cromartie koukou,魁!!クロマティ高校
honkai: nexus anima,崩坏:因缘精灵
boku no kanojo sensei,僕のカノジョ先生
gundam exa,ガンダムEXA
detective pikachu (movie),名探偵ピカチュウ
ikoku meiro no croisee,異国迷路のクロワーゼ
bloodline,血族BLOODLINE
gugure! kokkuri-san,繰繰れ!コックリさん
hellsing: the dawn,ヘルシング：夜明け
hentai kamen,変態仮面
kyonyuu fantasy,巨乳ファンタジー
riviera,約束の地リヴィエラ
stardust project,StarDust星云社
doki doki majo shinpan,どきどき魔女神判
fitness boxing,フィットボクシング
kuromukuro,クロムクロ
comic tenma,コミックテンマ
dissidia final fantasy opera omnia,オペラオムニア
gamera (series),ガメラ
dr.latency's freak report,燕石博物誌
the birth of venus,ヴィーナスの誕生
anne happy,あんハピ♪
crazy ones,シンギュラリティ×ラブストーリー
isekai meikyuu de harem wo,異世界迷宮でハーレムを
horizon zero dawn,ホライゾンゼロドーン
basilisk (manga),バジリスク
seirei tsukai no blade dance,精霊使いの剣舞
soukou senki prism shine,装甲戦姫プリズムシャイン
gamers!,ゲーマーズ!
nikushoku jk mantis akiyama,肉食JKマンティス秋山
tenshi no 3p!,天使の3P!
koshotengai no hashihime,古書店街の橋姫
16bit sensation,16bitセンセーション
girls bravo,GIRLSブラボー
canvas 2,Canvas2~茜色のパレット~
incise soul,魂を積みます
macross zero,マクロスゼロ
ranma 1/2 kessen tougenkyou! hanayome wo torimodose!,決戦桃幻郷!花嫁を奪りもどせ!!
futatsu no mokuba (kikuo),ふたつの木馬
road to ninja: naruto the movie,ロード・トゥ・ニンジャ
shoujo kakumei utena adolescence mokushiroku,少女革命ウテナアドゥレセンス黙示録
kirby & the amazing mirror,星のカービィ鏡の大迷宮
persona 3 the answer,エピソードアイギス
angelic layer,エンジェリックレイヤー
ultraman trigger (series),ウルトラマントリガー
senpai wa otokonoko,先輩はおとこのこ
umamusume: star blossom,スターブロッサム
young justice,ヤング・ジャスティス
chinese mythology,中国神话
tomodachi no imouto ga ore ni dake uzai,友達の妹が俺にだけウザい
avataro sentai donbrothers,暴太郎戦隊ドンブラザーズ
ikea,イケア
full service (mazjojo),フルサービス（Mazjojo）
kirby: squeak squad,星のカービィ_参上!ドロッチェ団
hoshi ori yume mirai,星織ユメミライ
crusaders quest,クルセイダークエスト
senjou no electro girl,戦場のエレクトロガール
gakuen basara,学園BASARA
fl studio,FLスタジオ
saw (movie),ソー（映画）
jimmy neutron (series),ジミー・ニュートロン
ultimate nipper,究極のニッパー
sq (series),SQ_君の名前から始まる
amatsutsumi,アマツツミ
tsui no sora (remake),終ノ空remake
popful mail,ぽっぷるメイル
monty python,モンティ・パイソン
kidou senkan nadesico - prince of darkness,機動戦艦ナデシコ-The_prince_of_darkness-
akuyaku reijou tensei ojisan,悪役令嬢転生おじさん
anne of green gables,赤毛のアン
ore no nounai sentakushi ga gakuen love-comedy wo zenryoku de jama shiteiru,俺の脳内選択肢が、学園ラブコメを全力で邪魔している
warioware: get it together!,おすそわけるメイドインワリオ
sengoku koihime ~otome kenran sengoku emaki~,戦国†恋姫
bokurano,ぼくらの
diablo 3,ディアブロ3
girl's avenue,女の子の通り
prototype (game),プロトタイプ（ゲーム）
battletech,バトルテック
riichi city,麻雀一番街
batman: the animated series,バットマンアニメ
phony (cevio),フォニイ
zootopia 2,ズートピア2
nijisanji gta,にじさんじGTA
koushinism,恒心教
buta koushaku,豚公爵に転生したから、今度は君に好きと言いたい
togainu no chi,咎狗の血
mimi wo sumaseba,耳をすませば
godzilla (2014),GODZILLA_ゴジラ
lv2 kara cheat datta moto yuusha kouho no mattari isekai life,Lv2からチートだった元勇者候補のまったり異世界ライフ
deadman wonderland,デッドマンワンダーランド
code geass: genesic re;code,コードギアスGenesic_Re;CODE
noein,ノエイン
meshimase idol,召しませアイドル
shining star,シャイニングスター
sword oratoria,ソード・オラトリア
isshuukan friends,一週間フレンズ
square live,スクエアライブ
miffy,ミッフィー
cat's eye,キャッツ・アイ
boku no kanojo wa ningyohime!?,僕の彼女は人魚姫!?
ed edd n eddy,エドエッドエディ
romeo and juliet,ロミオとジュリエット
fantastic beasts and where to find them,ファンタスティック・ビーストと魔法使いの旅
abenobashi mahou shoutengai,アベノ橋魔法☆商店街
dragon poker,ドラゴンポーカー
comiket 72,コミケ72
friendly rivalry,善意的竞争
gradius,グラディウス
neo ranga,ネオランガ
saint october,セイントオクトーバー
sword art online: hollow fragment,ホロウ・フラグメント
princess royale,プリンセスロワイヤルイラストコンテスト
yojouhan shinwa taikei,四畳半神話大系
megazone 23,メガゾーン23
mamonomusume to no seikatsu ~ramia no baai~,魔物娘との性活~アルラウネの場合~
hardcore tano-c,たのあーと
kakuchou shoujo-kei trinary,拡張少女系トライナリー
ganso! bang dream chan,元祖!バンドリちゃん
haze/reverb,ハツリバーブ
sonic racing: crossworlds,ソニックレーシング_クロスワールド
otogi frontier,オトギフロンティア
norse mythology,北欧神話
circus (studio),サーカス（スタジオ）
blue dragon,ブルードラゴン
blue period,ブルーピリオド
muv-luv unlimited: the day after,マブラヴアンリミテッドザ・デイアフター
demons roots,デモンズルーツ
isekai quartet,異世界かるてっと
kengan ashura,ケンガンアシュラ
blazblue phase 0,Blazblueフェーズ0
vandread,ヴァンドレッド
asobi asobase,あそびあそばせ
pixiv fantasia 1,pixivファンタジア
cyber v,サイバーv
karin (manga),かりん(漫画)
tomie,富江
kurai ano ko to shitai koto,くらいあの子としたいこと
tomb raider (reboot),トゥームレイダー（再起動）
monster hunter 3 g,モンスターハンター3(トライ)G
the truman show,トゥルーマン・ショー
need for speed,ニード・フォー・スピード
kirby's dream land 2,星のカービィ2
gokurakugai,極楽街
dive to zone,DIVE_TO_ZONeイラコン
makai shin trillion,魔壊神トリリオン
marumaru no shuyaku wa wareware da!,〇〇の主役は我々だ!
angel chromosome xx,使徒XX
clover point,クローバーポイント
space maria,スペースマリア
venus eleven vivid!,ビーナスイレブンびびっど!
rapunzel's tangled adventure,ラプンツェルザシリーズ
castle of cagliostro,カリオストロの城
angel blade,エンジェルブレイド
ginga ojou-sama densetsu yuna,銀河お嬢様伝説ユナ
prism recollection!,プリズム◇リコレクション!
phantom busters,ファントムバスターズ
musekinin shuugoutai (synthesizer v),ム責任集合体
towako (akane shinsha),永遠娘
sonic the fighters,ソニック・ザ・ファイターズ
chouon senshi borgman,超音戦士ボーグマン
cantarella (vocaloid),カンタレラ
silent hill 4: the room,サイレントヒル4
hiroshima touyou carp,広島東洋カープ
strange eden,ストレンジエデン
gokukoku no brynhildr,極黒のブリュンヒルデ
memories off 1,オフの思い出1
ace combat 04,エースコンバット04
uchuu kaizoku captain harlock,キャプテンハーロック
the noexistencen of you and me,存在/しないあなた、と私
famitsu,ファミ通
ookami game (studio wasabi),狼ゲーム
ginga hyouryuu vifam,バイファム
stratos 4,ストラトス・フォー
no-rin,のうりん
kitanai kimi ga ichiban kawaii,きたない君がいちばんかわいい
genmukan,幻夢館~愛欲と凌辱の淫罪~
ice scream,アイス・スクリーム
kingdom hearts iv,キングダムハーツ4
parodius,パロディウス
robin hood (disney movie),ロビン・フッド(ディズニー)
mega man 8,ロックマン8
violet (ninomae ina'nis),バイオレット（ninomae ina'nis）
shin kouchuu ouja mushiking,新甲虫王者ムシキング
atsumare! fushigi kenkyuubu,あつまれ!ふしぎ研究部
ogami tsumiki to ki nichijou,尾守つみきと奇日常。
brave new world (webtoon),すばらしき新世界
gira gira,ギラギラ
koukaku no regios,鋼殻のレギオス
milihime taisen,ミリ姫大戦
gwent (game),グウェント
fate trigger: the novita,白厄戰境
journey,風ノ旅ビト
captain america: civil war,シビル・ウォー/キャプテン・アメリカ
fushigi yuugi,ふしぎ遊戯
zenonzard,ゼノンザード
aniplex,アニプレックス
date a live: rinne utopia,デート・ア・ライブ凜祢ユートピア
choujuushin gravion,超重神グラヴィオン
v yuusha no kuse ni namaiki da r,V!勇者のくせになまいきだR
yuba no shirushi,ユバのしるし
pixiv azriel,【ぴくAZ】
mahou shoujo taisen,魔法少女大戦
prism ark,プリズムアーク
orguss,オーガス
kenkon no washi,乾坤の鷲
kakkou no iinazuke,カッコウの許嫁
uq holder!,ユーキューホルダー!
otoca d'or,オトカドール
mortal kombat x,モータルコンバットX
the boondocks,ブーンドックス
hibana (vocaloid),ヒバナ
calbee (potato chips),カルビー
kirby's dream land,星のカービィ
grand theft auto: san andreas,グランドセフトオートSA
yotsuba no senki clover rose,四葉の戦姫クローバーローゼ
tokidoki bosotto roshia-go de dereru tonari no alya-san puzzle party!,時々ボソッとロシア語でデレる隣のアーリャさん_パズルパーティ!
pokemon 3: the movie - spell of the unown: entei,結晶塔の帝王
grand blue,ぐらんぶる
ghost in the shell: sac 2045,攻殻機動隊SAC_2045
hollow song of birds,東方真珠島
1925 (vocaloid),1925（ボーカロイド）
new pokemon snap,Newポケモンスナップ
girls x vampire,ガールズ×ヴァンパイア
jingai makyou,塵骸魔京
kaze tachinu,風立ちぬ
pumpkin scissors,パンプキン·シザーズ
honey and clover,ハチミツとクローバー
sora no kanata no dystopia x shitei,穹ノ彼方の錬星郷
making lovers,メイキング・ラバーズ
mirumo de pon!,ミルモでポン!
otorimonogatari,囮物語
marriagetoxin,マリッジトキシン
hololive error,ホロライブエラー
ichigeki sacchuu!! hoihoi-san,一撃殺虫!!ホイホイさん
princess crown,プリンセスクラウン
obenkyou shitoiteyo,お勉強しといてよ
chiccha na watashi (synthesizer v),ちっちゃな私
sentai daishikkaku,アニメ戦隊大失格
aoki ryuusei spt layzner,蒼き流星SPTレイズナー
doushitara osananajimi no kanojo ni naremasu ka!?,どうしたら幼馴染の彼女になれますか!?
tobaku haouden zero,賭博覇王伝零
smooooch,smooooch・∀・
youkai hyakki-tan!,妖怪百姫たん!
unhappy refrain (vocaloid),アンハッピーリフレイン
towelket wo mou ichido,タオルケットをもう一度
huayangshan jishi,华阳山记事
kamikaze explorer!,カミカゼ☆エクスプローラー!
300 (movie),スリーハンドレッド
stellar blade: blood rain,剑星血雨
loona (group),今月の少女
oyasumi punpun,おやすみプンプン
don't starve,ドント・スターブ
tenkaichi nihon saikyou bugeisha ketteisen,テンカイチ
ura-omote lovers (vocaloid),裏表ラバーズ
contrast (idolmaster),コントラスト
turning red,私ときどきレッサーパンダ
wolf's rain,ウルフズレイン
alpaca connect,アルパカコネクト
fearless night,大胆不敵な夜
godzilla x kong: the new empire,ゴジラxコング
tokimeki memorial girl's side 2nd kiss,ときめきメモリアルgs2
blazblue: calamity trigger,Blazblue：Calamity Trigger
steelblue mirage,蒼青のミラージュ
hua jianghu zhi bei mo ting,画江湖
the legend of zelda: four swords,ゼルダの伝説4つの剣
phantasy star portable 2 infinity,ファンタシースターポータブル2インフィニティ
kirby's star stacker,カービィのきらきらきっず
hanamonogatari,花物語
girls' generation,少女時代
gundam side story: the blue destiny,機動戦士ガンダム外伝THEBLUEDESTINY
mahou shoujo site,魔法少女サイト
live union,ライブユニオン
bakemono no ko,バケモノの子
sergestid shrimp in tungkang,初夏的東港之櫻
black rock shooter: dawn fall,ブラック★★ロックシューターDAWN_FALL
euphoria (clockup),ユーフォリア
the last supper,最後の晩餐
grisaia phantom trigger,グリザイア:ファントムトリガー
kaku-san-sei million arthur,拡散性ミリオンアーサー
tokyo necro suicide mission,凍京NECRO_SUICIDE_MISSION
chunichi dragons,中日ドラゴンズ
kagaminomachi no kaguya,鏡野町のカグヤ
i became a god in a horror game,我在惊悚游戏里封神
kirisame ga furu mori,霧雨が降る森
bernard-jou iwaku.,バーナード嬢曰く。
tsuki wa higashi ni hi wa nishi ni,月は東に日は西に
kaette kita ultraman,帰ってきたウルトラマン
neon genesis evangelion gakuen datenroku,学園堕天禄
tales of crestoria,テイルズオブクレストリア
codename wa sailor v,コードネームはセーラーV
hirake! ponkikki,ポンキッキ
sutare yume,廃れ夢
cryamore,クリアモア
silent hill 1,サイレントヒル
callsign: cedar,雪松
gatchaman,科学忍者隊ガッチャマン
umihara kawase,海腹川背
zesshaka! shiritsu yotsuwa joshi gakuin zetsumetsu kigu-sha gakka,ぜっしゃか
comptiq,コンプティーク
trinity blood,トリニティ・ブラッド
dame x prince,ダメプリ
jaku-chara tomozaki-kun,弱キャラ友崎くん
guild wars (series),ギルドウォーズ
hajimari wa kimi no sora,始まりは君の空
otokonoko ni nacchatta joshikousei,男の子になっちゃった女子高生
dororon enma-kun,ドロロンえん魔くん
disney fairies,ディズニーフェアリーズ
shining musume,シャイニング娘。
aharen-san wa hakarenai,阿波連さんははかれない
sasami-san@ganbaranai,ささみさん@がんばらない
hentai elf to majime orc,変態エルフと真面目オーク
wild flower,野生の花
phantom of inferno,Phantomシリーズ
ao oni,青鬼(フリーゲーム)
metroid prime 1,メトロイドプライム
kamikakushi no eden,神隠しの楽園
rune factory 1,ルーンファクトリー1
unionism quartet,ユニオリズム・カルテット
empty x embryo,空のx胚
lost sword: tales of britania,遺忘之劍
amakano,アマカノ
raving rabbids,ラビッツ・パーティー
kamen rider x (series),仮面ライダーX
neko no ongaeshi,猫の恩返し
jojo no kimyou na bouken: eyes of heaven,ジョジョの奇妙な冒険アイズオブヘブン
kono naka ni hitori imouto ga iru!,この中に1人、妹がいる!
otona no moeoh,おとなの萌王
toward the terra,地球へ...
melancholic (vocaloid),メランコリック
attouteki yuugi mugen souls,圧倒的遊戯ムゲンソウルズ
magna carta,マグナカルタ
uchi no maid ga uzasugiru!,うちのメイドがウザすぎる!
joker game,ジョーカー・ゲーム
grimgrimoire,グリムグリモア
arms note,アームズノート
dora the explorer,ドーラといっしょに大冒険
samurai sentai shinkenger,侍戦隊シンケンジャー
daiakuji,大悪司
teen titans go!,ティーンタイタンズGO!
watashi no tame ni nuginasai!,わたしのために脱ぎなさいっ!
otome kaibou (vocaloid),乙女解剖
page of lambda,ラムダ創作の書
phantom of the opera,オペラ座の怪人
abbey road,アビーロード
internet survivor,インターネットサバイバー
hello planet (vocaloid),*ハロー、プラネット。
tetsujin 28-gou,鉄人28号
kiss x sis,キスシス
outer wilds,アウターワイルズ
feiren zai,非人哉
metroid (classic),メトロイド(ファミコン)
kawaikereba hentai demo suki ni natte kuremasu ka?,可愛ければ変態でも好きになってくれますか?
ng knight lamune & 40,NG騎士ラムネ&40
gankutsuou,巌窟王
koukaku no pandora,紅殻のパンドラ
stranger things,ストレンジャー・シングス
torikissa!,とりきっさ!
aoi hana,aoi hana
keijo!!!!!!!!,競女
refrain no chika meikyuu to majo no ryodan,ルフランの地下迷宮と魔女ノ旅団
yunyun denpa syndrome,ゆんゆん電波シンドローム
himawari no kyoukai to nagai natsuyasumi,向日葵の教会と長い夏休み
food court de mata ashita,フードコートで、また明日。
courage the cowardly dog,おくびょうなカーレッジくん
dungeons & dragons: chronicles of mystara,タワーオブドゥーム
genji tsuushin agedama,ゲンジ通信あげだま
arcturus,アークトゥルス
shiawasena neet no sodatekata,幸せなニートの育て方
ophelia (painting),ミレーのオフィーリア
lost technology,失われたテクノロジー
darling dance (vocaloid),ダーリンダンス
pandora party project,パンドラパーティープロジェクト
raramagi,ららマジ
ragnarok origin,ラグオリレポート
valkyrie drive -siren-,ヴァルキリードライヴセイレーン
taiyou no kiba dougram,太陽の牙ダグラム
otome youkai zakuro,おとめ妖怪ざくろ
paryi project,ぱりぷろ
7th dragon iii,セブンスドラゴンIII
the king of fighters 2000,ザ・キング・オブ・ファイターズ2000
fields of mistria,フィールズオブミストリア
cardcaptor sakura: memory key,カードキャプターさくら:思い出の鍵
power pro-kun pocket 9,パワポケ9
akai ito,アカイイト
dragon age 2,ドラゴンエイジ2
the memories of phantasm,幻想万華鏡
dodonpachi saidaioujou,怒首領蜂最大往生
project diva x,Project Diva x
never gonna give you up,ギヴ・ユー・アップ
pocahontas (movie),ポカホンタス(ディズニー)
viper rsr,Viper RSR
endless monday: dreams and deadlines,EndlessMonday500users入り
echoes of vision,异象回声
kishibe rohan wa ugokanai,岸辺露伴は動かない
choo choo train,チューチュートレイン
motto! haramase! honoo no oppai chou ero appli gakuen!,もっと!孕ませ!炎のおっぱい超エロ♡アプリ学園!
viprpg,VIPRPG
youkoso! sukebe elf no mori e,ようこそ!スケベエルフの森へ
toaru kagaku no accelerator,トゥアル・カガクはアクセラレータなし
elemental gelade,エレメンタルジェレイド
re:zero kara kasaneru isekai seikatsu,カサネル
gad guard,ガドガード
ji peng gou you,雪山游泳馆
sei zenra jogakuen,聖全裸女学園
mikagura gakuen kumikyoku,ミカグラ学園組曲
buta no liver wa kanetsu shiro,豚のレバーは加熱しろ
gakkou no kaidan (anime),学校の怪談
taimadou gakuen 35 shiken shoutai,対魔導学園35試験小隊
puyopuyo 7,ぷよぷよ7
shin no nakama janai to yuusha no party wo oidasareta no de henkyou de slow life suru koto ni shimashita,真の仲間
shocking party,衝撃的なパーティー
bendy and the ink machine,ベンディ・アンド・インクマシーン
kamen rider amazon (series),仮面ライダーアマゾン
comiket 78,コミケ78
sd gundam gaiden,SDガンダム外伝
kara no shoujo,殻ノ少女
domino's pizza,ドミノピザ
the milkmaid,牛乳を注ぐ女
dune (series),デューン/砂の惑星
american dad!,アメリカン・ダッド
sogna,ソ二ヤ
mega man x2,ロックマンX2
wario land 4,ワリオランドアドバンス
kuma kuma kuma bear,くまクマ熊ベアー
kubo-san wa mob wo yurusanai,久保さんは僕(モブ)を許さない
futurama,フューチュラマ
hitozukiai ga nigate na miboujin no yukionna-san to noroi no yubiwa,人付き合いが苦手な未亡人の雪女さんと呪いの指輪
ghost rule (vocaloid),ゴーストルール
tsukiatte agetemo ii kana,付き合ってあげてもいいかな
shinobi nightmare,シノビナイトメア
sengoku koihime,戦国†恋姫
lunar 2: eternal blue,ルナエターナルブルー
brigadoon,ブリガドーン
halloween (movie),ハロウィン(映画)
anima yell!,アニマエール
gaiking,ガイキング
koutsugou semi-friend,好都合セミフレンド
synduality,シンデュアリティ
where's wally?,ウォーリーをさがせ!
comiket 80,コミケ80
star gladiator,スターグラディエイター
slayers try,スレイヤーズTRY
suketto sanjou!,助っ人参上!!
momoiro taisen pairon,桃色大戦ぱいろん
aoi shiro,アオイシロ
saibai shounen,栽培少年
aliens (1986),エイリアン2
luminous arc 2,ルミナスアーク2
cyberlive,サイバーライブ
busou shoujo machiavellism,武装少女マキャヴェリズム
cloud9,クラウド9
osawari tantei,おさわり探偵小沢里奈
sucker for love,愛の吸盤
.hack//roots,どっとはっくるーつ
tasokare hotel,誰ソ彼ホテル
koumajou densetsu 1,Koumajou densetsu 1
soushisouai lolita,相思相愛ロリータ
teamfight tactics,チームファイトの戦術
project luminasys,プロジェクトLuminasys
juukishi cutie bullet,銃騎士Cutie☆Bullet
wario land: shake it!,ワリオランドシェイク
kuso zako choroin nishiga hachi,クソザコチョロイン西賀蜂
reco love,レコラヴ
mahou no yousei persia,魔法の妖精ペルシャ
tamon-kun ima docchi,多聞くん今どっち
codename: bakery girl,逆コーラップス:パン屋作戦
gujian qitan (series),古劍奇譚
densetsu no yuusha no densetsu,伝説の勇者の伝説
future gpx cyber formula,新世紀GPXサイバーフォーミュラ
negative frames,ネガティブフレーム
shadowverse (anime),シャドウバース(アニメ)
mega man x3,ロックマンX3
tengen toppa gurren lagann: lagann-hen,Tengen Toppa Gurren Lagann：Lagann-Hen
memories off 2nd,2番目の思い出
dear vocalist,ディアヴォーカリスト
getter robo arc,ゲッターロボアーク
miracle paint (vocaloid),ミラクルペイント
kokoro yohou (eve),心予報
knight of erin,ナイトオブエリン
oishinbo,美味しんぼ
issho ni training,いっしょにとれーにんぐ
kirby's dream buffet,カービィのグルメフェス
iczer (series),iczer（シリーズ）
elf all-stars datsuijan,エルフオールスターズ脱衣雀
pia carrot e youkoso!! g.o.,Pia♥キャロットへようこそ!!G.O.
heroes of the storm,嵐のヒーロー
haou airen,覇王愛人
cafe sourire,カフェ・スーリル
ren'ai x royale,恋愛×ロワイアル
neko shota ten (hakuyagen),猫ショタ店
mid-fight masses,MFMイラスト
call of duty: black ops,コールオブデューティブラックオプス
the royal family (tv series),ザ・ロイヤルファミリー
the king of fighters xi,ザ・キング・オブ・ファイターズXI
red sonja (comics),Red Sonja（コミック）
streets of rage,ベア・ナックル
granbelm,グランベルム
kurano kun chi no futago jijou,Kurano Kun Chi No Futago Jijou
command & conquer: red alert 2,レッドアラート2
skibidi toilet (series),スキビディトイレ
castlevania: aria of sorrow,キャッスルヴァニア暁月の円舞曲
transformers: shattered glass,シャッタード・グラス
akiiro renka,秋色恋華
aoku haruka,アオクハルカ
los angeles lakers,ロサンゼルス・レイカーズ
amiami (company),あみあみ
2020 summer olympics,東京オリンピック
ouchi no mahou shoujo,おうちの魔法少女
suiyou dou de shou,水曜どうでしょう
jijou wo shiranai tenkousei ga guigui kuru.,事情を知らない転校生がグイグイくる。
dinosaur king,恐竜キング
new super marisa land,魔理沙と6つのキノコ
gekkou no carnevale,月光のカルネヴァーレ
luck & logic,ラクエンロジック
grimms notes gakuen,グリムノーツ学園
izayoi no hanayome,十六夜の花嫁
magus tale,Magus Tale
seisen cerberus,聖戦ケルベロス
dragon half,ドラゴンハーフ
knights college,ナイツカレッジ
love r,ラヴアール
pulp fiction,パルプ・フィクション
the fallen angel (painting),堕天使(アレクサンドル・カバネル)
kinsou no vermeil,金装のヴェルメイユ
persona 4 the animation,ペルソナ4アニメーション
angelic link,エンジェリックリンク
digimon adventure: bokura no war game,ぼくらのウォーゲーム
chibi kyonyuu,クラスに1人いる巨乳シリーズ
mega man 4,ロックマン4
mega man legends 2,ロックマンDASH2
yuni channel,ゆにアート
sofmap,ソフマップ
kinjo no hito no nakimushi,バツイチで泣き虫なおとなりさん
sd gundam g generation original,SDガンダムGジェネレーションオリジナル
senran kagura burst re:newal,閃乱カグラBurst_Re:Newal
guilongchao,归龙潮
nagai gojitsudan no nechronica,永い後日談のネクロニカ
ore wo suki nano wa omae dake ka yo,俺を好きなのはお前だけかよ
kamisama no you na kimi e,神様のような君へ
comiket 79,コミケ79
happy synthesizer (vocaloid),ハッピーシンセサイザ
mozaik role (vocaloid),モザイクロール
project diva f 2nd,Project Diva f 2nd
gekijouban mononoke,劇場版モノノ怪
shuumatsu no harem,終末のハーレム
onna shunin kishi mieko,女主任・岸見栄子
sumomomo momomo,すもももももも〜地上最強のヨメ〜
super robot wars z2,第2次スーパーロボット大戦Z
megami paradise,女神天国
iede gal na senpai wa kantan ni yarasete kureru,家出ギャルな先輩は簡単にヤらせてくれる
re leaf,葉
touhou ningyougeki,東方人形劇
k-on! high school,けいおん!highschool
japan air self-defense force omaezaki sub-base,おまえざきぶんとんきち
nights into dreams,夢への夜
otaku ni koi wa muzukashii,ヲタクに恋は難しい
million production,ミリプロ
cinderella (vocaloid),シンデレラ(DECO*27)
bishoujo terror,HORROR美少女
touhou futanari scarlet escape,スカーレットエスケープ
kirei ni shitemoraemasuka,綺麗にしてもらえますか。
mario golf,マリオゴルフ
yoasobi,ヨアソビ
saiyuki,最遊記
himitsu keisatsu (vocaloid),秘密警察
pokemon ranger 1,ポケモンレンジャー(ゲーム)
akutoku no judgement (vocaloid),悪徳のジャッジメント
kyatto ninden teyandee,キャッ党忍伝てやんでえ
uchi no kaisha no chiisai senpai no hanashi,うちの会社の小さい先輩の話
isekai harem monogatari,異世界ハーレム物語
yoru no nai kuni,よるのないくに
danball senki wars,ダンボール戦機ウォーズ
edomae elf,江戸前エルフ
sasaki to p-chan,佐々木とピーちゃん
pole princess!!,ポールプリンセス!!
clash of clans,クラッシュ・オブ・クラン
saint seiya: rising cosmo,聖闘士星矢ライジングコスモ
el hazard,神秘の世界エルハザード
hizashi no naka no real,陽射しの中のリアル
yousei daisensou,妖精大戦争
fire punch,ファイアパンチ
goshuushou-sama ninomiya-kun,ご愁傷さま二ノ宮くん
sonic cd,ソニック・ザ・ヘッジホッグCD
ikemen joshi to josou danshi,イケメン女子と女装男子
tokyo revengers pazuribe!,東京リベンジャーズぱずりべ
transformers: armada,マイクロン伝説
root eden,ルートエデン
lavender quartz,ラベンダークォーツ
love live! series official card game,ラブライブ!シリーズオフィシャルカードゲーム
star wars: the empire strikes back,帝国の逆襲
roskomnadzor,ロスコムナゾール
la priere,ラプリエール
shoujo tsubaki,少女椿
metroid: samus returns,メトロイドサムスリターンズ
happy party train,ハッピーパーティートレイン
uchuu kyoudai,宇宙兄弟
shuten order,終天教団
jirai nan desu ka? chihara-san,地雷なんですか?地原さん
alternative facts in eastern utopia,東方文果真報
hearthstone,ハースストーン
yggdra union,ユグドラ・ユニオン
gensou suikogaiden,幻想水滸外伝
tsuki ga michibiku isekai douchuu,月が導く異世界道中
lovely x cation,ラブリケ
nihon joshikousei zukan,にほん女子校生ずかん
daicon,ダイコン
mygrimoire,mygrimoire
valkyrie profile 2: silmeria,ヴァルキリープロファイル2
wizardry variants daphne,ウィザードリィヴァリアンツダフネ
metallica,メタリカ
pokemon: jirachi: wish maker,七夜の願い星ジラーチ
ressha sentai toqger,烈車戦隊トッキュウジャー
daft punk,ダフトパンク
zuutto issho (kitani tatsuya),ずうっといっしょ!
snack nili,スナックにり
emergence (shindol),变身Emergence
succubus appli,サキュバスアプリ
peppa pig (series),ペッパピッグ
captain tsubasa,キャプテン翼
gekijouban date a live: mayuri judgement,劇場版デートアライブ万由里ジャッジメント
sunshine creation,サンシャインクリエイション
super robot wars v,スーパーロボット大戦V
golgo 13,ゴルゴ13
girls und panzer phase erika,ガールズ&パンツァーフェイズエリカ
ki ga hayai kouhai kanojo,気が早い後輩彼女
eien no aselia,永遠のアセリア
star wars rebels,スター・ウォーズ反乱者たち
valkyrie anatomia,ヴァルキリーアナトミア_‐ジ・オリジン‐
diabolik lovers,ディアボリックラヴァーズ
zenbu kowashite jigoku de aishite,ぜんぶ壊して地獄で愛して
himegami emaki,ひめがみ絵巻
comic shitsurakuten,失楽天
pastel chime continue,ぱすてるチャイムContinue
venom (2018),ヴェノム(映画)
amaama to inazuma,甘々と稲妻
manyuu hikenchou,魔乳秘剣帖
thundercats,サンダーキャッツ
jishenkong jihua,極深空計畫
power pro-kun pocket 13,パワポケ13
yamada-kun to 7-nin no majo,山田くんと7人の魔女
phantasy star ii,ファンタシースターII
tanaka-kun wa itsumo kedaruge,田中くんはいつもけだるげ
love-ressive,ラヴレッシブ
hasunosora fantasy,ハスノソラファンタジー
calpis,カルピス
highspeed etoile,ハイスピードエトワール
war of the visions: final fantasy brave exvius,FFBE幻影戦争
touken ranbu: hanamaru,刀剣乱舞-花丸
kick back (song),筋肉の魔人
fantasy life,ファンタジーライフ
god eater 3,ゴッドイーター3
ultraman tarou (series),ウルトラマンT
dragon ball legends,ドラゴンボールレジェンズ
envy baby (vocaloid),エンヴィーベイビー
code geass: fukkatsu no lelouch,コードギアス復活のルルーシュ
cookie clicker,クッキークリッカー
binan koukou chikyuu bouei-bu love!,美男高校地球防衛部LOVE!
viper v16,Viper V16
seiren,セイレン(OAM)
the king of fighters xii,ザ・キング・オブ・ファイターズXII
gran saga,グランサガ
succubus stayed life,サキュバステードライフ
choujikuu seiki orguss,超時空世紀オーガス
nanami to konomi no oshiete abc,ななみとこのみのおしえてA・B・C
reverse collapse (series),逆コーラップス
nevermind,どうでも
hyakuemu,ひゃくえむ。
sister sara to madara-chan,シスター・サラとまだらちゃん
shirley (manga),シャーリー
national football league,ナショナル・フットボール・リーグ
civilization (series),シヴィライゼーション
kono healer mendokusai,このヒーラー、めんどくさい
ultraman dyna (series),ウルトラマンダイナ
mega man legends 3,ロックマンDASH3
eureka seven ao,エウレカセブンAO
dnf duel,DNFデュエル
xenosaga episode ii,ゼノサーガエピソードII
monster hunter xx,XXハンターゆうき
jitsuha imouto deshita.,じつは義妹でした。
yankee jk kuzuhana-chan,ヤンキーJKクズハナちゃん
the dark knight,ダークナイト(映画)
yu-gi-oh! tag force,タッグフォース
shinken!!,しんけん!!
atom: the beginning,アトム・ザ・ビギニング
wagamama high spec,ワガママハイスペック
kusunoki mebuki wa yuusha de aru,楠芽吹は勇者である
internet overdose,インターネットオーバードーズ
sleeping beauty (fairy tale),眠り姫
wonder momo,ワンダーモモ
love live! school idol musical,ラブライブ!スクールアイドルミュージカル
valis (sinsekai),ヴァリス
x-men vs. street fighter,エックスメンVS.ストリートファイター
pizza-la,ピザーラ
digimon story: sunburst and moonlight,デジモンストーリーサンバースト
mamono hunter youko,魔物ハンター妖子
ratchet & clank,ラチェット&クランク
excel saga,エクセルサーガ
triangle strategy,トライアングルストラテジー
twinkle crusaders,ティンクル☆くるせいだーす
digimon story: cyber sleuth - hacker's memory,デジモンストーリーサイバースルゥースハッカーズメモリー
lunar: the silver star,シルバースターストーリー
brave frontier,ブレイブフロンティア
lord of vermilion iii,ヴァーミリオンIIIの領主
plivyou,プライブユー
izumo,イズモ
viper gts,Viper GTS
alien vs. predator,エイリアンVSプレデター
berry's,ベリーズ
nursery rhyme,ナーサリィ☆ライム
assassin's creed iii,アサクリ3
game club project,ゲーム部プロジェクト
super mecha champions,きどうとし
precure connection puzzlun,プリキュアつながるぱずるん
rwby chibi,rwby chibi
tropical liquor,熱帯酒
hi no tori,火の鳥
the flash (movie),ザ・フラッシュ(映画)
cotton (game),コットン(STG)
earth defense force,地球防衛軍
talesshop,TALESSHOP
debut or die!,出道死
e 2,E 2
nippon sangoku,日本三國
star savior,スターセイヴァー
hangyaku no nijigasaki,叛逆のニジガサキ
shakacat,シャカシャカポテト
nemurase hime kara no okurimono (vocaloid),眠らせ姫からの贈り物
elf village,エルフ村
dawn of the golden witch,初めまして、こんにちは!
darius (series),ダライアス
akagami no shirayukihime,赤髪の白雪姫
wingman,ウイングマン
the thing,遊星からの物体X
vanquished queens,ヴァンキッシュド・クイーンズ
motto! haramase! honoo no oppai isekai ero mahou gakuen!,もっと!孕ませ!炎のおっぱい異世界エロ魔法学園!
en-eins kanzen sekai,エヌアイン完全世界
choujin koukousei-tachi wa isekai demo yoyuu de ikinuku you desu!,超人高校生たちは異世界でも余裕で生き抜くようです!
ookami kodomo no ame to yuki,おおかみこどもの雨と雪
another code,アナザーコード
final fantasy unlimited,ファイナルファンタジーアンリミテッド
cencoroll,センコロール
great mazinger,グレートマジンガー
beatless,ビートレス
kunoichi hajimemashita!,くノ一はじめました!
wiz anniversary,ウィズアニバーサリィー
kamisama dolls,神様ドォルズ
dengeki,電撃
backrooms (2026 movie),後室(電影)
fatal frame 1,零
midori no makibaoo,みどりのマキバオー
hana sakeba yume kakeru,ハナ咲けばユメ駆ける
terra formars,テラフォーマーズ
kyoto xanadu,京都ザナドゥ
josho kiryu (love live!),ジョーショーキリュー
tachibana-san-chi no dansei jijou,橘さん家ノ男性事情
cho toutoi love,ちょ、尊いLOVE
mashin sentai kiramager,魔進戦隊キラメイジャー
ergo proxy,エルゴプラクシー
release the spyce,リリースザスパイス
old testament,旧約聖書
buried stars,ベリード・スターズ
ridge racer,リッジレーサー
koi wa ameagari no you ni,恋は雨上がりのように
office lady taiwan,臺灣靚女OL
fortune movie (love live!),フォーチュンムービー
papers please,ペーパーズプリーズ
tonari no kaibutsu-kun,となりの怪物くん
princess maker (series),プリンセスメーカー（シリーズ）
baldr (series),Baldr（シリーズ）
bikini warriors,ビキニ・ウォリアーズ
kaikan change,快感チェンジ♂⇔♀
monster hunter mezeporta kaitaku-ki,モンスターハンターメゼポルタ開拓記
symphonic rain,シンフォニック=レイン
galzoo island,GALZOOアイランド
tomica hyper rescue drive head: kidou kyuukyuu keisatsu,トミカハイパーレスキュードライブヘッド~機動救急警察~
ashita no kimi to au tame ni,ashita no kimi to au tame ni
sakura sakura,さくらさくら
inhabituels,住民
dragon quest tact,ドラクエタクト
usagi drop,うさぎドロップ
puyopuyo tetris 2,マール(ぷよテト2)
left 4 dead 2,左4死者2
star wars: attack of the clones,クローンの攻撃
ultraman mebius (series),ウルトラマンメビウス
centuria (manga),ケントゥリア
isekai samurai,異世界サムライ
persona q: shadow of the labyrinth,ペルソナQ
wander over yonder,なんだかんだワンダー
destiny lovers,デスラバ
delightfully fuckable and unrefined!!,楽しく性交して洗練されていない!!
school star dream!,スクールスタードリーム!
soulcalibur ii,ソウルキャリバーII
yume nisshi,夢日誌
assassins pride,アサシンズプライド
bishoujo mangekyou: kami ga tsukuritamouta shoujo-tachi,美少女万華鏡-神が造りたもうた少女たち-
katana zero,カタナゼロ
shenmue ii,シェンムー2
elf all-stars datsuijan 2,エルフオールスターズ脱衣雀2
kanamemo,かなめも
gin to kin,銀と金
chu x chu idol,Chu×Chuアイドる
shut hell,シュトヘル
lyrical lyric,リリカル♪りりっく
tetsudou musume,鉄道むすめ
magical marriage lunatics!!,マジカルマリッジルナティクス!!
irozuku sekai no ashita kara,色づく世界の明日から
futaribeya,ふたりべや
power pro-kun pocket 10,パワポケ10
aitsu no kanojo,アイツノカノジョ
asociacion del futbol argentino,アルゼンチンサッカー協会
yu-gi-oh! duel links,デュエルリンクス
star-crossed world,スターリーワールド
ultraman (hero's comics),ULTRAMAN(漫画)
haiena chan ni nerawarete,ハイエナちゃんに狙われて
ga bunko,GA文庫
spyro (series),スパイロ・ザ・ドラゴン
ss kabushikigaisha,SS株式会社
star night snow (vocaloid),スターナイトスノウ
amaenaideyo!!,あまえないでよっ!!
transformers: rise of the beasts,トランスフォーマービースト覚醒
type-moon gakuen chibichuki!,ちびちゅき!
klasse14,Klasse14
fast & furious,ワイルドスピード
closed game,クローズド・ゲーム
sultan's game,スルタンのゲーム
tales of the tempest,Tales of the Tempest
kabukimonogatari,傾物語
mashin eiyuuden wataru,魔神英雄伝ワタル
street fighter x tekken,ストリートファイター×鉄拳
recettear,ルセッティア
saga 2,Sa・Ga2秘宝伝説
eastward,イーストワード
hissatsu chikannin 2,必殺痴漢人II
fruits fulcute!,ふるーつふるきゅーと!
girly air force,ガーリーエアフォース
yu-gi-oh! (toei),初代遊戯王
ribbon no kishi,リボンの騎士
fanfare!!! (love live!),ファンファーレ!!!
seiten ragnarok,聖典ラグナロク
rettou joutou (vocaloid),劣等上等
gujian qitan 3,古剑奇谭3
natsuzora kanata,夏空カナタ
project a-ko,プロジェクトA子
sentou yousei yukikaze,戦闘妖精・雪風
spider-man: no way home,スパイダーマン:ノー・ウェイ・ホーム
rance 03,ランス03
princession orchestra,プリンセッション・オーケストラ
brilliant pagoda or haze castle,連縁天影戦記
touhou blooming chaos,东方华彩乱战
neko atsume,ねこあつめ
ciconia no naku koro ni,キコニアのなく頃に
the seven-year itch,七年目の浮気
kenja no deshi wo nanoru kenja,賢者の弟子を名乗る賢者
gin'iro haruka,銀色、遥か
shinohayu the dawn of age,シノハユ
ken to mahou to gakuen mono,剣と魔法と学園モノ。
robocop,ロボコップ
exit tunes,エグジットチューンズ
oso-teki kinoko gijinka zukan,オソ・テキ・キノコ・ジジンカ・ズカン
"i""s",アイズ
summon night: swordcraft story,サモンナイトクラフトソード物語
dorifesu!,ドリフェス!
gemini seed,ジェミニシード
start:dash!!,スタート：ダッシュ!!
soul link,魂のリンク
ive (group),アイヴ
marvelous,マーベラス(企業)
ac japan,ACジャパン
danball senki w,ダンボール戦機W
dofus,dofus
extreme hearts,エクストリームハーツ
natsuzuka-san no himitsu,奈都塚さんの秘密。
gang of heaven,ギャングオブヘブン
bans,BANsアート
discipline: the record of a crusade,ディシプリン
natsu no ame,夏ノ雨
ciel nosurge,シェルノサージュ
maerchen maedchen,メルヘン・メドヘン
golden axe,ゴールデンアックス
blaster master zero,ブラスターマスターゼロ
boogiepop,ブギーポップは笑わない
transformers: cybertron,ギャラクシーフォース
q (hololive),Q（Hololive）
giant ojou-sama,ジャイアントお嬢様
mikoto to rei,ミコトとレイ
fushigi no gensokyo,不思議の幻想郷
chrono ark,クロノアーク
little nightmares,リトルナイトメア
monster hunter stories,モンスターハンターストーリーズ
hitman (game),ヒットマン
machine robo,マシンロボ
lostorage wixoss,Lostorage Wixoss
orc eiyuu monogatari,オーク英雄物語
yuuhei satellite,幽閉サテライト
dragon age: inquisition,ドラゴンエイジ:インクイジション
cloud meadow,クラウドメドウ
the personification of atmosphere,空気少女注意報
jinrouki winvurga,人狼機ウィンヴルガ
sagara-san'chi no etsuraku life,相楽さん家の悦楽ライフ♪
nonfiction!! (love live!),ノンフィクション!!
mario tennis aces,マリオテニスエース
girls und panzer gekijouban,ガールズ&パンツァー劇場版
bungou stray dogs: mayoi inu kaikitan,文豪ストレイドッグス迷ヰ犬怪奇譚
ratatouille,レミーのおいしいレストラン
kagaku chop,カガクチョップ
kouhai wa inkya agari no infuruensaa,後輩は陰キャ上がりのインフルエンサー
amaemi-longing for you-,アマエミ
ryo to mikoto,諒とみこと
cool na megami-sama to issho ni sundara amayakashisugite ponkotsu ni shiteshimatta ken ni tsuite,クールな女神様と一緒に住んだら、甘やかしすぎてポンコツにしてしまった件について
victorian romance emma,英國戀物語エマ
muteki choujin zambot 3,無敵超人ザンボット3
pokemon mystery dungeon: red/blue rescue team,赤・青の救助隊
garden (game),ガーデン（ゲーム）
queen bonjourno,Queenボンジョルの!
wild wet west,ワイルドウェットウェスト
end breaker!,エンドブレイカー!
hatoful kareshi,はーとふる彼氏
innocent red,イノセントレッド
yuusha support center maoujou shibu,勇者サポートセンター魔王城支部
onimusha,鬼武者
m&m's,M＆M
migikata no chou (vocaloid),右肩の蝶
virtua fighter 5 (series),バーチャファイター5
rance ix,ランスIX
ceo and bodyguard,CEOおよびボディーガード
tougen anki,桃源暗鬼
arcanadea,アルカナディア
irodorimidori,イロドリミドリ
napoleon crossing the alps,サン=ベルナール峠を越えるボナパルト
onmyoji: the card game,百鬼異聞録~妖怪カードバトル~
houseki hime,宝石姫
shounen no abyss,少年のアビス
neo kamen rider,仮面ライダー(スカイライダー)
hoshikui,ホシクイ
strike witches (lionheart witch),獅子の魔女
watashi no yuri wa oshigoto desu!,私の百合はお仕事です
enbizaka no shitateya (vocaloid),円尾坂の仕立屋
code geass: soubou no oz,コードギアス双貌のオズ
yume e no ippo,夢への一歩
nandome ka no hajimemashite,何度目かのはじめまして
super mario galaxy 2,スーパーマリオギャラクシー2
bronze parrot,ブロンズパロット
saitama seibu lions,埼玉西武ライオンズ
kirby cafe,カービィカフェ
rahxephon,ラーゼフォン
over zenith,OZ_-オズ-
watashi nouryoku wa heikinchi de tte itta yo ne!,私、能力は平均値でって言ったよね!
uta no prince-sama: shining live,うたの☆プリンスさまっ♪_Shining_Live
getsumento heiki miina,月面兎兵器ミーナ
end of eternity,エンドオブエタニティ
jewelpet magical change,ジュエルペットマジカルチェンジ
neon genesis evangelion anima,エヴァンゲリオンANIMA
buddy daddies,バディダディ
nie no hakoniwa,贄の匣庭
kage kara mamoru!,陰からマモル!
owari no chronicle,終わりのクロニクル
harapeko shoujo to tantei to,はらぺこ少女と探偵と
final fantasy airborne brigade,ファイナルファンタジーブリゲイド
waku waku puyo dungeon,わくわくぷよぷよダンジョン
mo nu zhi wen nai bai he zhi wei,魔女之吻乃百合之味
kuromajo-san ga tooru!!,黒魔女さんが通る!!
aku no onna kanbu: perigee new moon,悪の女幹部ペリジーニュームーン
microsoft office,マイクロソフトオフィス
font bad girl squad,フォントバッドガールスクワッド
kaisha no senpai akaori-san,会社の先輩_赤織さん
shikkoku no sharnoth,漆黒のシャルノス
idola phantasy star saga,イドラ_ファンタシースターサーガ
the war of genesis,創世記の戦争
killing stalking,キリングストーキング
maho x roba -witches spiritual home-,まほ×ろば
oshi ga budoukan itte kuretara shinu,推しが武道館いってくれたら死ぬ
ultraman taiga (series),ウルトラマンタイガ
legend of queen opala,オパラ女王の伝説
project carneades,カルネアデス
re: cutie honey,Re:キューティーハニー
world endurance championship,FIA世界耐久選手権
cardfight!! vanguard g,カードファイト!!ヴァンガードG
kyouka jinrui amunero,強化人類アムネロ
sexfriend,セックスフレンド
totsukuni no shoujo,とつくにの少女
this communication,Thisコミュニケーション
w.l.o sekai ren'ai kikou,W.L.O.世界恋愛機構
tenchi muyou! uchuu hen,天地無用!宇宙篇
densou tenshi valforce,電装天使ヴァルフォース
lady and the tramp,わんわん物語
e.t.,E.T.
choujuu kishin dancouga,超獣機神ダンクーガ
haruoto alice gram,春音アリス*グラム
captain commando,キャプテンコマンドー
nayutalien,ナユタン星人
geinoujin kakuzuke check,芸能人格付けチェック
hakumei to mikochi,ハクメイとミコチ
mega man legends,ロックマンDASH
ultraman decker (series),ウルトラマンデッカー
super robot wars original generation 2,スーパーロボット大戦OG2
woman with a parasol,日傘を差す女
the rolling girls,ローリング☆ガールズ
jungle wa itsumo hare nochi guu,ジャングルはいつもハレのちグゥ
hoshi no samidare,惑星のさみだれ
castlevania: dawn of sorrow,悪魔城ドラキュラ蒼月の十字架
green (game),グリーン（ゲーム）
meshi mase! nekomimi nyan dafuru,召しませ!ネコミミにゃんだふる
tales of the world radiant mythology 2,Tales of the World Radiant Mythology 2
love letter (idolmaster),ラブレター(シンデレラガールズ)
grizzly ni osowaretara,グリズリーに襲われたら♡
ayakashi rumble!,あやかしランブル!
ekokuice,ekokuice
rokujouma no shinryakusha!?,六畳間の侵略者!?
himitsu no jugyou,ひみつの授業
sengoku kishin valkyrie,戦国姫神ワルキュリエ
brave soul,勇敢な魂
interlude,絡み合い
dakara boku wa h ga dekinai,だから僕は、Hができない。
rental magica,レンタルマギカ
amanchu!,あまんちゅ!
los angeles dodgers,ロサンゼルス・ドジャース
dangaioh,破邪大星ダンガイオー
sd sengokuden,SD戦国伝
kill time communication,キルタイムコミュニケーション
aikatsu! x pripara the movie -deai no kiseki!-,アイカツ!×プリパラ_THE_MOVIE_-出会いのキセキ!-
yat anshin uchuu ryokou,YAT安心!宇宙旅行
falcom,日本ファルコム
the last of us part ii,最後の2
transformers: victory,戦え!超ロボット生命体
turing love,チューリングラブ
medarot 2,メダロット2
myself yourself,私自身あなた自身
lyrical store,リリカルストア
rick g earth,りっく☆じあ~す
enquete kinou de nasubikko wo ikusei shiyou!,アンケート機能でナスビっ娘を育成しよう!
kemono fabric,ケモノファブリック
bishoujo mangekyou: kotowari to meikyuu no shoujo,美少女万華鏡-理と迷宮の少女-
frozen ii (disney),アナと雪の女王2
ipstar,潮玩星球
premier league,プレミアリーグ
inukami!,いぬかみっ!
sakura strasse,さくらシュトラッセ
blassreiter,ブラスレイター
tales of vesperia: the first strike,物語のヴェスペリア：ファーストストライク
final fantasy tactics a2,ファイナルファンタジー戦術A2
soul cradle,ソウルクレイドル
working!! (web manga),猫組
kumatanchi,くまたんち
muv-luv: dimensions,マブラヴ:ディメンションズ
komori-san wa kotowarenai!,小森さんは断れない
village vanguard,ヴィレッジヴァンガード
psi (vocaloid),プシ
alps no shoujo heidi,アルプスの少女ハイジ
look back,ルックバック
yahoo!,ヤフー
teikoku senki,帝国戦記
spawn (comic),スポーン
nanairo kouro,なないろ航路
langrisser iii,ラングリッサーIII
transformers: car robots,トランスフォーマーカーロボット
loki (disney+),ロキ(テレビドラマ)
the three caballeros,三人の騎士
shin sangoku musou 5,真・三國無双5
daicon iv,ダイコンIV
ys seven,イース7
corona (brand),コロナ（ブランド）
kikou senki dragonar,機甲戦記ドラグナー
mainichi compile heart,まいにちコンパイルハート
panda hero (vocaloid),パンダヒーロー
luigi's mansion 3,ルイージマンション3
zenhoi kyun,全方位キュン♡
windows vista,ウィンドウズビスタ
pure girl,ピュアガール
witch's weapon,魔女兵器
pathfinder,パスファインダーRPG
magician's academy,まじしゃんず・あかでみい
"ore ga ojou-sama gakkou ni ""shomin sample"" toshite rachirareta ken",俺がお嬢様学校に「庶民サンプル」としてゲッツされた件
kemono friends r,けものフレンズR
killer in the mirror,キラミラ
saint onii-san,聖☆おにいさん
hajimete no koi ga owaru toki (vocaloid),初めての恋が終わる時
yuusha keisatsu j-decker,勇者警察ジェイデッカー
card-en-ciel,カルドアンシェル
white rabbit candy,大白兔奶糖
digimon survive,デジモンサヴァイブ
x (manga),X-エックス-
assassin's creed: odyssey,アサシンクリードオデッセイ
adipocere (vocaloid),あだぽしゃ
artix entertainment,Artix Entertainment
hajimete no orusuban,はじめてのおるすばん
koutetsu no majo annerose,鋼鉄の魔女アンネローゼ
mahou no star magical emi,魔法のスターマジカルエミ
bangtan boys,防弾少年団
submarine 707r,サブマリン707R
metal fight beyblade,メタルファイトベイブレード
bakusou kyoudai let's & go!! max,爆走兄弟レッツ&ゴー!!MAX
yari no yuusha no yarinaoshi,槍の勇者のやり直し
yumeochi - yume de bokura wa koi ni ochiru,ユメオチ〜ユメで僕らは恋にオチる〜
kick-ass,キック・アス
volcano princess,火山の娘
caravan stories,キャラストイラコン
blazblue alternative: dark war,ブレイブルーオルタナティブダークウォー
mizuiro,ミズイロ
kareshi kanojo no jijou,彼氏彼女の事情
lost crusade,ロストクルセイド
evenicle (series),イブニクル
ii orc no hi,いいオークの日
kaichou wa maid-sama!,会長はメイド様!
b-project,Bプロ
yuukyuu no sharin,悠久の車輪
time bokan 24,タイムボカン24
futabu,ふた部
payday (series),ペイデイ（シリーズ）
pokken tournament,ポッ拳POKKENTOURNAMENT
mushibugyou,常住戦陣!!ムシブギョー
x-overd,クロスオーバード
world of horror,恐怖の世界
child's play,チャイルド・プレイ
gundam gihren no yabou,機動戦士ガンダムギレンの野望
death parade,デス・パレード
gundam ms igloo,機動戦士ガンダム_MS_IGLOO
fate/grand order: first order,Fate/Grand Order：最初の注文
kimi wa 008,君は008
where winds meet,燕云十六声
bakuage sentai boonboomger,爆上戦隊ブンブンジャー
butterfly (love live!),Butterfly(近江彼方)
yaiba,剣勇伝説YAIBA
aikatsu planet!,アイカツプラネット!
doggy god's street,犬の神の通り
halo infinite,ハローは無限です
sakamichi no apollon,坂道のアポロン
sekai de ichiban oppai ga suki!,世界で一番おっぱいが好き!
choudenji machine voltes v,超電磁マシーンボルテスV
chikyuu no ura (cevio),地球の裏
holocure,ホロキュア
noworld,アラズヨ
kaisha to shiseikatsu,会社と私生活
nobunaga no yabou,信長の野望
lamune,ラムネ
oku-sama wa joshi kousei,おくさまは女子高生
super mario bros. 2,スーパーマリオUSA
kanojo ga flag wo oraretara,彼女がフラグをおられたら
tron,トロン
pieces of sweet stars,キラメキ☆ヨーコ
bonobono,ぼのぼの
smooth criminal,「スムーズ·クリミナル」
kirby super star ultra,星のカービィウルトラスーパーデラックス
super mario 3d world + bowser's fury,スーパーマリオ3Dワールド+フューリーワールド
kakunaru ue wa,描くなるうえは
pikmin bloom,ピクミンブルーム
dark side of the moon,狂気
today's han yoil is a woman,美少女アイドル練習生の俺
suicide squad isekai,異世界スーサイド・スクワッド
kemono friends festival,けものフレンズFESTIVAL
kono koi wo hoshi ni wa negawanai,この恋を星には願わない
ultraman blazar (series),ウルトラマンブレーザー
hoshiiro girldrop,星色ガールドロップ
otonari no musume-san wa ore ni ki ga aru you dakara pet ni shite mita.,お隣の娘さんは俺に気があるようだからペットにしてみた。
yume wazurai,ユメワズライ
yandere no onna no ko ni shinu hodo aisarete nemurenai cd,ヤンデレの女の子に死ぬほど愛されて眠れない
clock over orquesta,クロケスタ
palette project,パレットプロジェクト
zoku satsuriku no django,続・殺戮のジャンゴ-地獄の賞金首-
naraku,奈落(フリーゲーム)
g-senjou no maou,G線上の魔王
mutekikyuu believer,無敵級*ビリーバー
moeru! jiten,萌える!事典
fantasy bishoujo juniku ojisan to,異世界美少女受肉おじさんと
kura sushi,くら寿司
silent hill (movie),サイレントヒル(映画)
mai ball!,マイぼーる!
jewelpet sunshine,ジュエルペットサンシャイン
raul to kyuuketsuki (ohayousan 084),ラウルと吸血鬼
iichan.ru,iichan.ru
fantasia re:build,ファンタジア・リビルド
cross channel,クロスチャンネル
pink sniper,ピンクスナイパー
shiei no sona-nyl,紫影のソナーニル
ballroom e youkoso,ボールルームへようこそ
roshutsu-kei mahou shoujo,露出系魔法少女ラブリィ☆リリィ
gekijigen tag: blanc + neptune vs zombie gundan,激次元タッグブラン+ネプテューヌVSゾンビ軍団
major,メジャー
total war,完全な戦争
arthurian legend,アーサー王伝説
dragon quest builders,ドラゴンクエストビルダーズ
pastel memories,ぱすてるメモリーズ
um jammer lammy,ウンジャマ・ラミー
kawaikute gomen (honeyworks),可愛くてごめん
nelke to densetsu no renkinjutsushi tachi,ネルケのアトリエ
super robot wars dd,スパロボDD
psycho soldier,サイコソルジャー
double lariat (vocaloid),ダブルラリアット
under the moon,アンダーザムーン
buraiden gai,無頼伝涯
yukkuri youmu to hontou wa kowai cthulhu shinwa,ゆっくり妖夢と本当はこわいクトゥルフ神話
mega man 6,ロックマン6
brave fencer musashiden,ブレイヴフェンサー武蔵伝
galaxy fight,ギャラクシーファイト
study steady 2,スタディ§ステディ2
getter robo g,ゲッターロボG
mars expedition,火星遠征
kimi wa meido-sama,君は冥土様。
dragon's shadow,ドラゴンズシャドウ
to heart 2 dungeon travelers,ダンジョントラベラーズ
existence,存在
oppai baka,おっぱいバカ
sakusei byoutou,搾精病棟
kioh gyoku,きおうぎょく
muv-luv alternative strike frontier,マブラヴオルタネイティヴストライクフロンティア
sousei no aquarion,創聖のアクエリオン
ixion saga,イクシオンサーガ
maplestory 2,メイプルストーリー2
astral chain,アストラルチェイン
cooking idol ai! mai! main!,クッキンアイドル_アイ!マイ!まいん!
gakuen taisen valkyries,学園大戦ヴァルキリーズ
bohemian rhapsody,ボヘミアン・ラプソディー
tensei colosseum: saijaku skill de saikyou no onna-tachi wo kouryaku shite dorei harem tsukurimasu,転生コロシアム
star wars: the phantom menace,エピソード1
monark,モナーク
pokemon super mystery dungeon,ポケモン超不思議のダンジョン
drive (movie),ドライブ
hatsuyuki sakura,はつゆきさくら
zenshuu,アニメ全修
adventurer's guild girls,冒険少女ギルド
dengeki bunko,電撃文庫
the walking dead,ザ・ウォーキング・デッド
kuro games,库洛游戏
happy shijo shugi!,ハッピー至上主義!
gundam lost war chronicles,機動戦士ガンダム戦記
aiyoku no eustia,穢翼のユースティア
astral buddy,アストラル・バディ
sword art online: fatal bullet,ソードアート・オンラインフェイタル・バレット
ryuu ga gotoku 4,龍が如く4
heart to heart!,マリン編
devil maker,悪魔のメーカー
shelter (song),シェルター
growlanser iv,グローランサーIV
ookamiden,大神伝
pixiv mahou gakuen,【まほがく】
catherine: full body,キャサリン：全身
food girls,フードガールズ
dance with devils,悪魔と踊ります
phantom breaker,ファントムブレイカー
girls book maker,ガールズ・ブック・メイカー
loveless,ラブレス
itunes,アイチューンズ
waka okami wa shougakusei!,若おかみは小学生!
heavily armed high school girls,重兵装型女子高生
spider-verse (comics),スパイダーバース
tenkuu no yumina,天空のユミナ
ultraman ace (series),ウルトラマンA
pokemon mystery dungeon: rescue team dx,救助隊DX
hanamusubi (love live!),ハナムスビ
koi ga saku koro sakura doki,恋がさくころ桜どき
shizuku (game),雫(ゲーム)
honoo no toukyuujo: dodge danko,ドッジ弾子
odo (song),踊
round1,ラウンドワン
shenmue iii,シェンムー3
ivan the terrible and his son ivan,イワン雷帝とその息子
mousou dairinin,妄想代理人
gardnerverse,Gardnerverse
innocent grey,無邪気な灰色
primal hearts,プライマルハーツ
armored core v,装甲コア5
akihabara dennou gumi,アキハバラ電脳組
majisuka gakuen,マジすか学園
solitude rain (love live!),孤独な雨（ラブライブ！）
sekaiju no meikyuu x,世界樹の迷宮X
flame toys,合機巧
black panther (movie),ブラックパンサー(映画)
geminism,げみにずむ
radiata stories,ラジアータストーリーズ
nepnep connect: chaos chanpuru,ねぷねぷ✩コネクトカオスチャンプル
asumi-chan wa rezu fuuzoku ni kyoumi ga arimasu!,彩純ちゃんはレズ風俗に興味があります!
yumeria,ゆめりあ
tears to tiara,ティアーズ・トゥ・ティアラ
yume miru kusuri,ユメミルクスリ
yuuwaku scramble,ユウワクスクランブル
angel flavor,エンジェルフレーバー
stellar theater,ステラシアター
suzumiya haruhi no tsuisou,涼宮ハルヒの追想
gintama movie 2: yorozuya yo eien nare,万事屋よ永遠なれ
gal guardians,グリムガーディアンズ
ren'ai saiban (vocaloid),恋愛裁判
starmine (manga),スターマイン
katainaka no ossan kensei ni naru,片田舎のおっさん、剣聖になる
aquarium wa odoranai,アクアリウムは踊らない
genzai monogatari,原罪物語
tomoyo after,智代アフター
blue reflection tie,ブルーリフレクション帝
halo: reach,ハロー：リーチ
succubus prison,サキュバスプリズン
lelie navigation,レリィ・ナビゲーション!~少女路地裏紀行~
kaitou sentai lupinranger vs. keisatsu sentai patranger,快盗戦隊ルパンレンジャーVS警察戦隊パトレンジャー
ace combat 5,エースコンバット5
urayasu tekkin kazoku,浦安鉄筋家族
book of genesis,創世記
ego trigger,自我のトリガー
sefri no ichihara ga nigashite kurenai,セフレの市原が逃がしてくれない
cartagra,カルタグラ
like mother like daughter,如出一辙的女儿
fragile: sayonara tsuki no haikyo,FRAGILE〜さよなら月の廃墟〜
dungeons & princess,ダンジョンズ&プリンセス
kikuru (vtuber),キクル
yomiuri giants,読売ジャイアンツ
kingsman: the secret service,キングスマン
hades project zeorymer,冥王計画ゼオライマー
tenchi souzou,天地創造
cryptract,幻獣契約クリプトラクト
aika r-16,アイカR-16
shinken-zemi,進研ゼミ
wacky races,チキチキマシン猛レース
detroit metal city,デトロイト・メタル・シティ
zombie-ya reiko,ゾンビ屋れい子
momoiro montage,ももいろモンタージュ
higashi no eden,東のエデン
yurucamp movie,映画ゆるキャン△
oyasumi sex,おやすみせっくす
yomawari,夜廻
spectral souls,スペクトルソウル
choushinjiku game neptune unlimited,ネプアンリミテッド
tententengokujigokugoku (aiobahn),おほほあーと
mushoku tensei: game ni nattemo honki dasu,無職転生~ゲームになっても本気だす~
jollibee,ジョリビー
fushigi to kimi to library,不思議と君とライブラリー
mang-jong,亡種
makai tenshi djibril 2,魔界天使ジブリールepisode2
mahou shoujo ikusei keikaku jokers,魔法少女育成計画JOKERS
viewtiful joe,ビューティフルジョー
science (synthesizer v),サイエンス
chou megami shinkou noire gekishin black heart,超女神信仰ノワール激神ブラックハート
headphone actor (vocaloid),ヘッドフォンアクター
shin megami tensei: if...,真・女神転生if...
tatakae!! iczer-1,戦え!!イクサー1
wicked,ウィキッド
wind a breath of heart,心の息を吹きます
mahou tsukai tai!,魔法使いTai!
comic cune,コミックキューン
kitsune no oyome-chan,狐のお嫁ちゃん
aiobahn,おほほあーと
oshiego ni kyouhaku sareru no wa hanzai desu ka?,教え子に脅迫されるのは犯罪ですか?
shenmue the animation,シェンムーアニメ
untitled goose game,いたずらガチョウがやって来た!
wall-e,ウォーリー
giri giri sisters,ギリギリ♥Sisters
hospital rokunin no ishi,HOSPITAL.6人の医師
uchouten kazoku,有頂天家族
wakabayashi-kun ga nekasete kurenai,若林くんが寝かせてくれない
romantic saga of beauty & devil,姬魔恋战纪
dennou tenshi djibril,電脳天使ジブリール
hakoniwa keikaku,ハコニワケイカク
dears,ディアーズ
wjsn,宇宙少女
saimin kanojo (ichiyou moka),催眠カノジョ
zelda ii: the adventure of link,リンクの冒険
slow motion (vocaloid),すろぉもぉしょん
ben 10: ultimate alien,アルティメットエイリアン
asuka 120%,あすか120%
fitness boxing feat. hatsune miku: isshoni exercise,Fit_Boxing_feat._初音ミク_-ミクといっしょにエクササイズ
changeability of strange dream,夢違科学世紀
type moon-ace,TYPE-MOONエース
yokubou pandora,欲望パンドラ
rayman origins,レイマンオリジン
regular show,レギュラーSHOW
real bout high school,リアルバウトハイスクール
tayutau koi no chirigiwa ni,たゆたう恋の散り際に
saigo ni hitotsu dake onegai shite mo yoroshii deshou ka,最後にひとつだけお願いしてもよろしいでしょうか
yume shokuin to wasureji no kuroi yousei,ゆめくろ
pokemon the movie: i choose you!,劇場版ポケットモンスターキミにきめた!
super sons,スーパーサンズ
liu yao,六爻
kancolle arcade,艦これアーケード
soldier game,ソルゲ組
scrapped princess,スクラップド・プリンセス
iriya no sora ufo no natsu,イリヤの空、UFOの夏
mezzo forte,メゾフォルテ
doko e iku no ano hi,何処へ行くの、あの日
sangai senki,山海戦記
saishuu heiki kanojo,最終兵器彼女
eutopia (love live!),ユートピア（ラブライブ！）
drag-on dragoon 2,"ドラッグオンドラグーン2,"
hanbun no tsuki ga noboru sora,半分の月がのぼる空
jogakkou de otoko hitori na node kousoku de seiyoku no hakeguchi ni sareru nichijou,女学校で男ひとりなので校則で性欲のはけ口にされる日常
steven universe: the movie,スティーブン・ユニバース:ザ・ムービー
battleship girl,鋼鐵少女
mahou shoujo taisen contest 1,魔法少女大戦イラコン
onimusha soul,オニミーシャソウル
bunnimals,バニマルズ
koisuru otome to shugo no tate,恋する乙女と守護の楯
eternal melody,エターナルメロディ
madou monogatari 1-2-3,魔導物語1-2-3
aoi tori (purple software),アオイトリ
yuusha tokkyuu might gaine,勇者特急マイトガイン
cubism (needy girl overdose),きゅびずむ
tsue to tsurugi no wistoria,杖と剣のウィストリア
denkou choujin gridman,電光超人グリッドマン
tondemo skill de isekai hourou meshi,とんでもスキルで異世界放浪メシ
ievan polkka (vocaloid),Ievan Polkka（Vocaloid）
shuumatsu train doko e iku?,終末トレインどこへいく?
kirby's epic yarn,毛糸のカービィ
titanfall,泰坦陨落
koi kakeru shin-ai kanojo,恋×シンアイ彼女
dakaretai otoko 1-i ni odosarete imasu.,だかいち
shining force exa,シャイニングフォースイクサ
ore no kanojo ga bakemono datta,俺の彼女がバケモノだった
arne no jikenbo,アルネの事件簿
monopoly,モノポリー
daze (kagerou project),Daze（Kagerou Project）
inazuma eleven (game),イナズマイレブン（ゲーム）
kimi to boku,君と僕。
let's go kaikigumi,レッツゴー怪奇組
nekura megane,根暗眼鏡
desperado (yotaro),デスペラド（ヨタロ）
shoujo mahou gaku littlewitch romanesque,少女魔法学リトルウィッチロマネスク
okaasan to issho,おかあさんといっしょ
kizuna kirameku koi iroha,絆きらめく恋いろは
vampire hunter d,吸血鬼ハンターD
usavich,ウサビッチ
one man's dream ii,ワンマンズドリームII
night demon,ナイトデーモン
moshimo ashita ga hare naraba,もしも明日が晴れならば
denki-gai no hon'ya-san,デンキ街の本屋さん
snow (game),SNOW(スタジオメビウス)
devotion,还愿
ye luoli,叶罗丽
aki no urara no akane-iro shoutengai,秋のうららの~あかね色商店街~
g.i. joe,G.I.ジョー
okinawa de suki ni natta ko ga hougen sugite tsurasugiru,沖縄で好きになった子が方言すぎてツラすぎる
mao (takahashi rumiko),MAO(高橋留美子)
the mandela catalogue,マンデラカタログ
paprika,パプリカ
can can bunny,きゃんきゃんバニー
gosei sentai dairanger,五星戦隊ダイレンジャー
dragon quest monsters,ドラゴンクエストモンスターズ
rise of the guardians,ガーディアンズ伝説の勇者たち
osananajimi to wa lovecome ni naranai,幼馴染とはラブコメにならない
aikatsu academy!,アイカツアカデミー!
offside: diyusi,オフッside:DIYUSI
kirarin revolution,きらりん☆レボリューション
earthen miraculous sword,鏈縁蛇叢釼
fukuoka softbank hawks,福岡ソフトバンクホークス
biomega,バイオメガ
swan lake,白鳥の湖
linkin park,リンキン・パーク
idolatry,アイドラトリィ
pen-pineapple-apple-pen,ペンパイナッポーアッポーペン
itsudemo itsumademo (love live!),いつでも、いつまでも
shokei shoujo no virgin road,処刑少女の生きる道
android (os),Android（OS）
pingu (series),ピングー
dmc: devil may cry,DMC：Devil May Cry
bokete,ボケて
nakazawa-san no ikisugita yoru.,中澤さんのいきすぎた夜。
watashi no hatsukoi wa hazukashisugite dare ni mo ienai,私の初恋は恥ずかしすぎて誰にも言えない
binzume yousei,瓶詰妖精
spider-man (toei),スパイダーマッ
rikei ga koi ni ochita no de shoumeishitemita,理系が恋に落ちたので証明してみた。
tower of saviors,神魔の塔
akroglam,アクログラム
iyagatteru kimi ga suki,嫌がってるキミが好き
boin,ボイン
jitsu wa watashi wa,実は私は
adventurequest worlds,AdventureQuest Worlds
otoko girai na bijin shimai wo namae mo tsugezu ni tasuketara ittai dounaru?,男嫌いな美人姉妹を名前も告げずに助けたら一体どうなる?
gift (game),ギフト（ゲーム）
colorful kanan,カラフルなカナン
material sniper,マテリアルスナイパー
kimihagu,きみはぐ
parkour civilization,跑酷文明
percy jackson and the olympians,パーシー・ジャクソンとオリンポスの神々
super mario land,スーパーマリオランド
odekake kozame,おでかけ子ザメ
jing wei qing shang,泾渭情殇
niginigi nijitown,にぎにぎにじたうん
atashi wa mondaisaku,アタシは問題作
onegai nugashite,お願い、脱がシて。
livly island,リヴリーアイランド
puyopuyo tetris,ぷよぷよテトリス
3x3 eyes,サザンアイズ
world of darkness,闇の世界
over the garden wall,オーバー・ザ・ガーデンウォール
bleach: zanpakutou ibun hen,漂白剤：Zanpakutou ibun hen
momo kyun sword,モモキュンソード
tokimeki memorial girl's side 1st love,ときメモgs1
kimi ni koisuru satsujinki,きみに恋する殺人鬼
mirror tune (zutomayo),ミラーチューン
ao ashi,アオアシ
wet girls,ウェットガールズ
redial (vocaloid),リダイアル（ボーカロイド）
tear ring saga: yutona eiyuu senki,ティアリングサーガ
marisa stole the precious thing,魔理沙は大変なものを盗んでいきました
gaikotsu kishi-sama tadaima isekai e odekake-chuu,骸骨騎士様、只今異世界へお出掛け中
mass effect 1,マスエフェクト
comic shingeki,コミック真激
happy maker!,ハッピーメーカー！
the legend of dragoon,レジェンドオブドラグーン
alice parade,アリスパレード
kobato.,こばと。
3di project,3DIプロジェクト
miraroma,みらろま
liberty leading the people,民衆を導く自由の女神
hitobashira alice (vocaloid),人柱アリス
bcy,半次元
identity (vocaloid),アイデンティティ(Kanaria)
agarest senki 2,アガレスト戦記2
tsuki ni yorisou otome no sahou 2,月に寄りそう乙女の作法2
konohana kitan,このはな綺譚
regalia the three sacred stars,レガリア_The_Three_Sacred_Stars
kandagawa jet girls,神田川JETGIRLS
bakugan battle brawlers,爆丸バトルブローラーズ
teria saga,テリアサーガFAイラコン
jain no ikenie (series),邪淫のいけにえ
tentai senshi sunred,天体戦士サンレッド
junketsu no maria,純潔のマリア
shantae and the seven sirens,シャンティと7人のセイレーン
shadowverse evolve,シャドウバース・エボルヴ
daibanchou,大番長
fractale,フラクタル-FRACTALE-
star fox assault,スターフォックスアサルト
lamento,lamento
idolmaster shiny festa,アイドルマスターシャイニーフェスタ
re:zero kara ayamatsu isekai seikatsu,アヤマツ
peter pan (novel),ピーターパン
infinity train,インフィニティトレイン
glico,江崎グリコ
shin mazinger zero,真マジンガーZERO
mega man battle network 3,ロックマンエグゼ3
tonikaku kawaii,トニカクカワイイ
killing bites,キリングバイツ
madness combat,マッドネスコンバット
nusisring tactical,Nusisring Tactical
fudatsuki no kyouko-chan,ふだつきのキョーコちゃん
kuroiwa medaka ni watashi no kawaii ga tsuujinai,黒岩メダカに私の可愛いが通じない
beyblade x,ベイブレードX
hayate x blade,はやて×ブレード
koi to uso,恋と嘘
atlach-nacha,アトラッハ・ナチャ
end roll,エンドロール
dead man's questions,デッドマンズQ
crusher joe,クラッシャージョウ
mafia (vocaloid),マフィア（ボーカロイド）
na nare hana nare,菜なれ花なれ
sangokushi puzzle taisen,三国志パズル大戦
loli bitch island,ろりびっちアイランド
300 heroes,300英雄
paper man,ペーパーマン
sega hard girls,Hi☆sCoool!セハガール
the euro front,ユーロフロント
golden time,ゴールデンタイム
chaos code,カオスコード
high speed!,ハイ☆スピード!
viper f40,Viper F40
jack jeanne,ジャックジャンヌ
touhoku rakuten golden eagles,東北楽天ゴールデンイーグルス
desktop army,デスクトップアーミー
sousaku kanojo no renai koushiki,創作彼女の恋愛公式
bokujou monogatari: mittsu no sato no taisetsuna tomodachi,3つの里の大切な友達
hinamatsuri (manga),ヒナまつり
love money rock'n'roll,恋、マネー、ロックンロール
saturn devouring his son,我が子を食らうサトゥルヌス
internet explorer (webcomic),インターネットエクスプローラー（ウェブコミック）
code vein ii,コードヴェイン2
konayuki fururi,こなゆきふるり
inochigake demo tarinai no sa,命がけでもたりないのさ
wolf and parchment,新説狼と香辛料
kyoukai senki,境界戦機
robot neoanthropinae polynian,ロボット新人類ポリニアン
venom (vocaloid),ベノム
loss time memory (vocaloid),ロスタイムメモリー
fox spirit matchmaker,縁結びの妖狐ちゃん
masquerade channel,ますかれーど
wonder zone,ワンダーゾーン
evanescent existence,鏈縁无現里
dead dead demons de dedede destruction,デッドデッドデーモンズデデデデデストラクション
yuusha ni narenakatta ore wa shibushibu shuushoku wo ketsui shimashita.,勇者になれなかった俺はしぶしぶ就職を決意しました。
pinocchio (disney movie),ピノキオ(ディズニー)
the sims,シムピープル
rta in japan,日本のRTA
hatsukoi zombie,初恋ゾンビ
bushiroad,ブシロード
the king of fighters '98,ザ・キング・オブ・ファイターズ'98
camellia (musician),かめりあ
tokusou sentai dekaranger,特捜戦隊デカレンジャー
meitantei marnie,名探偵マーニー
isshun de chiryou shiteita noni yakutatazu to tsuihou sareta tensai chiyushi yami healer toshite tanoshiku ikiru,闇ヒーラー
nekomonogatari white,猫物語白
gakkou de atta kowai hanashi,学校であった怖い話
inazuma eleven go vs danball senki w,イナズマイレブンGOvsダンボール戦機W
tasogare no sinsemilla,黄昏のシンセミア
ys vi: the ark of napishtim,イース6
bungaku shoujo,“文学少女”シリーズ
moon gundam,機動戦士ムーンガンダム
yureru bus guide ~oppai ga ippai~,揺れるバスガイド~おっぱいがいっぱい~
koibana ren'ai,コイバナ恋愛
sen no hatou tsukisome no kouki,千の刃濤、桃花染の皇姫
touhou unreal mahjong,東方幻想麻雀
crossbone gundam ghost,機動戦士クロスボーン・ガンダムゴースト
demon days (gorillaz),ディーモン・デイズ
kaiba,カイバ
maximum impact ii,最大衝撃II
sabagebu!,さばげぶっ!
spirit animals in disguise,千变灵兽
joreibu no mikado-san,除霊部の御門さん
garo: honoo no kokuin,炎の刻印
shin yomawari,深夜廻
tsukino talent production,ツキノ芸能プロダクション
disney tsum-tsum,ディズニーツムツム
leaf (studio),リーフ（スタジオ）
mewgenics,喵喵的结合
hataraku ufo,はたらくUFO
tenchi muyou! ryou-ouki,天地無用!魎皇鬼
yesterday wo utatte,イエスタデイをうたって
game center shoujo to ibunka kouryuu,ゲーセン少女と異文化交流
mizuryuland,水龍敬ランド
digimon world,デジモンワールド
mythic live,神話のライブ
miracle na now! (idolmaster),ミラクルナナウ(゚∀゚)!
the punisher (series),パニッシャー
shine!! (idolmaster),輝く！！ （Idolmaster）
hikyou tanken fam & ihrie,ファム&イーリー
olverse,olverse
dota: dragon's blood,DOTA：ドラゴンの血
gdgd fairies,gdgd妖精s
quanmian shidai,全棉时代
rental shop de oneesan wo rental suru hanashi,レンタルショップでお姉さんをレンタルする話
monty python and the holy grail,モンティ・パイソン・アンド・ホーリー・グレイル
sengoku blade,戦国ブレード
venomania kou no kyouki (vocaloid),ヴェノマニア公の狂気
madagascar (series),マダガスカル
kamitsure ~7 no nijou fushigi~,カミツレ~7の二乗不思議~
technoroid,テクノロイド
indiana jones (series),インディ・ジョーンズシリーズ
megalobox,メガロボクス
dragon quest swords,ドラゴンクエストソード
kung-fu-piggy,ピギーワン
witch springs,魔女の泉
tona-gura!,となグラ!
jet set radio future,ジェットセットラジオフューチャー
birdcage (love live!),バアドケージ
mana khemia 2,マナケミア2
demon mages,悪魔の魔術師
monster collection,モンスター・コレクション
break blade,ブレイクブレイド
magrona channel,マグロナ
johnny bravo (series),ジョニー・ブラボー
shigurui,シグルイ
class no gal ni kuuki atsukai sareteimasu,クラスのギャルに空気扱いされています
koutetsu tenshi kurumi,鋼鉄天使くるみ
ringetsu,リンゲツ
akkun to kanojo,あっくんとカノジョ
ragnarock city,ラグナロックシティ
the legend of zelda: phantom hourglass,ゼルダの伝説夢幻の砂時計
slipknot,スリップノット
comiket 77,コミケ77
boku wa chiisana succubus no shimobe,僕は小さな淫魔〈サキュバス〉のしもべ
minions (movie),ミニオン
new york yankees,ニューヨーク・ヤンキース
chokotto sister,ちょこッとSister
the kabocha wine,Theかぼちゃワイン
vampire knight,ヴァンパイア騎士
rockman xover,ロックマンクロスオーバー
cat food (vocaloid),キャットフード
langrisser iv,ラングリッサーIV
blood lad,ブラッドラッド
cocotama (series),ここたま
itzy,イチ
project wingman,プロジェクト・ウィングマン
chou uchuu keiji gavan infinity,超宇宙刑事ギャバンインフィニティ
witches in 7th base,7拠点の魔女たち
ayano no koufuku riron (vocaloid),アヤノの幸福理論
remembrance of earth's past,地球往事
hell's kitchen,ヘルズ・キッチン〜地獄の厨房
pokemon xd,ポケモンXD
relife,リライフ
how to train your dragon 2,ヒックとドラゴン2
grendizer u,グレンダイザーU
maid-san wa taberu dake,メイドさんは食べるだけ
world heroes,ワールドヒーローズ
mujin gattai kisaragi,無尽合体キサラギ
folkssoul,フォークスール
aika zero,アイカゼロ
100-kai furareta zetsubou-teki ni motenai ore o awarenda kareshi ari onna tomodachi ga nandemo eroi koto yarasete kureta!!,100回フラれた絶望的にモテない俺を憐れんだ彼氏あり女友達が何でもエロい事ヤらせてくれた!!
la corda d'oro starlight orchestra,金色のコルダスターライトオーケストラ
mario & luigi: dream team,マリオ&ルイージRPG4
obsolete meat (vocaloid),オブソミート
rogue one: a star wars story,ローグ・ワン
isei ni ikou ne (cevio),異星にいこうね
ginga e kickoff!!,銀河へキックオフ!!
the emperor's new groove,ラマになった王様
persona q2: new cinema labyrinth,ペルソナQ2
maid master,メイドマスター
book of yog,依盖之书
carole & tuesday,キャロル&チューズデイ
kenran butou sai,絢爛舞踏祭
binchou-tan,びんちょうタン
koibito ga jibun ni dake misete kureru sugao ga toutoi,恋人が自分にだけ見せてくれる素顔が尊い
ryuugajou nanana no maizoukin,龍ヶ嬢七々々の埋蔵金
active raid,アクティヴレイド
phantom blade (game),ファントムブレイド
star wars: ahsoka,アソーカ
mega man xtreme 2,ロックマンX2ソウルイレイザー
maou no ore ga dorei elf wo yome ni shitanda ga dou medereba ii?,魔王の俺が奴隷エルフを嫁にしたんだが、どう愛でればいい?
lifesteal smp,偷命
yuusha no kuzu,勇者のクズ
tezuka's star system,手塚スターシステム
true love story,トゥルーラブストーリー
ren'ai hajimemashite,恋愛、はじめまして
sekai saikou no ansatsusha isekai kizoku ni tensei suru,世界最高の暗殺者、異世界貴族に転生する
youkai watch shadowside,妖怪ウォッチシャドウサイド
langrisser re:incarnation,ラングリッサーリインカーネーション
ultraman orb (series),ウルトラマンオーブ
toujima tanzaburou wa kamen rider ni naritai,東島丹三郎は仮面ライダーになりたい
anata to mita sakura,あなたと見た桜~姉妹妻~
i-dle,ジー・アイドゥル
one room,ワンルーム
tokumei m (vocaloid),匿名M
house m.d.,ハウスM.D.
aphex twin,aphex双子
zombie no afureta sekai de ore dake ga osowarenai,ゾンビのあふれた世界で俺だけが襲われない
pizuya's cell,ぴずやの独房
really? really!,リアリー?_リアリー!
ishura,異修羅
isekai nonbiri nouka,異世界のんびり農家
vanillaware,ヴァニラウェア有限会社
cosmic baton girl comet-san,コメットさん☆
les chevaucheurs,Les Chevaucheurs
noah fantasy,ノアファンタジー
icetea,ヨメミ
kenkou zenrakei suieibu umishou,ケンコー全裸系水泳部ウミショー
jk bitch sannin musume!,JKビッチ三人娘!
hoshizora no babylon,星空のバビロン_-迫り来るコズミックすけべおねぇさんズ-
kimi omou koi,君想ふ恋
pixiv succubus,【ぴくサキュ】
tanken driland,探検ドリランド
identity (love live!),アイデンティティ(みらくらぱーく!)
la peche party,ラペパ
victory belles,ビクトリーベルズ
kamen rider amazons,仮面ライダーアマゾンズ
kendo shoujo,剣道少女
mamonomusume to no seikatsu,魔物娘との性活~アルラウネの場合~
otome wa boku ni koishiteru futari no elder,乙女はお姉さまに恋してる~2人のエルダー~
eiyuu senki gold,eiyuu senki Gold
shoumetsu toshi,消滅都市
asana tansaku kikou,アサナ探索紀行
2.5 jigen no ririsa tenshitachi no stage,2.5次元の誘惑_天使たちのステージ
pokemon ranger and the temple of the sea,ポケモンレンジャーと蒼海の王子マナフィ
tales of phantasia: narikiri dungeon,テイルズオブファンタジアなりきりダンジョン
magolor epilogue,マホロアエピローグ
project x zone 2,プロジェクトクロスゾーン2
ryoushin no shakkin,かたかわ
a simple life with my unobtrusive sister,存在感薄い妹との簡単生活
ryuu ga gotoku kiwami,龍が如く_極
blizzard entertainment,ブリザード（会社）
ou-sama no propose,王様のプロポーズ
resident evil: revelations 2,バイオハザードリベレーションズ2
resident evil: vendetta,バイオハザードヴェンデッタ
succubus homestay,サキュバスホームステイ
milk junkies,MILK・ジャンキー
dragon raja (jiang nan),龙族
jinzou konchuu kabutoborg vxv,人造昆虫カブトボーグVxV
neo geo battle coliseum,ネオジオバトルコロシアム
makai senki disgaea 6,ディスガイア6
vagrant story,ベイグラントストーリー
sakigake generation!,サキガケ⇒ジェネレーション!
xenoblade genesis,ゼノブレイドジェネシス
starship troopers,宇宙の戦士
rave (manga),レイヴ
kyou kara ore wa loli no himo!,今日から俺はロリのヒモ!
song of the south,南部の唄
doubutsu sentai zyuohger,動物戦隊ジュウオウジャー
form code,フォームコード
tonari no seki-kun,となりの関くん
bokutachi no remake,ぼくたちのリメイク
taisen hot gimmick,対戦ホットギミック
sengoku ace,戦国エース
apex legends mobile,Apexモバイル
helck,ヘルク
monmusu harem,モン娘☆は~れむ
fight ippatsu! juuden-chan!!,ファイト一発!充電ちゃん!!
hoshiuta,hoshiuta
pepper project,ペッパープロジェクト
para-sol,パラソル
shin sekai yori,新世界より
triangle heart,とらいあんぐるハート
brave (pixar),メリダとおそろしの森
countryhumans,カントリーヒューマンズ
dragon ball: sparking!,ドラゴンボールSparking
girls symphony,ガールズシンフォニー
5pb.,5pb。
gal gun double peace,ぎゃる☆がんだぶるぴーす
star ocean: the divine force,スターオーシャン6
digimon xros wars: toki wo kakeru shounen hunter-tachi,デジモンクロスウォーズ〜時を駆ける少年ハンターたち〜
cool&create,クールと作成
boku no pico,ぼくのぴこ
tsubasa la liberte,ツバサ・ラ・リベルテ
the lego movie,LEGOムービー
kochira koufuku anshin iinkai desu (vocaloid),こちら、幸福安心委員会です。
hoshizora tetsudou to shiro no tabi,星空鉄道とシロの旅
panasonic corporation,パナソニック
pan kogekoge ni nacchatta (utau),パンこげこげになっちゃった
haishin shoujo no uraaka meikyuu,配信少女ノ裏垢迷宮
evenicle,イブニクル
super mario 3d land,スーパーマリオ3Dランド
jimoto saikou,地元最高!
marchen awakens romance,メルヘヴン
baldr sky,バルドスカイダイブ1ロストメモリー
esper mami,エスパー魔美
supokon! sports wear complex,すぽコン!
mario & sonic at the rio 2016 olympic games,マリオ&ソニックATリオオリンピック
kono subarashii sekai ni shukufuku wo!: kurenai densetsu,コノ・スバラシイ・セカイ・ニ・シュクフクウ・ウォー！：クレナイ・デンセツ
uchi no musume no tame naraba ore wa moshikashitara maou mo taoseru kamo shirenai.,うちの娘の為ならば、俺はもしかしたら魔王も倒せるかもしれない。
gacha (lunime),ガチャライフ2
pretty guardian sailor moon,美少女戦士セーラームーン(ドラマ)
cats (musical),キャッツ
tamako love story,たまこラブストーリー
hansel and gretel,ヘンゼルとグレーテル
zoku owarimonogatari,続・終物語
mana khemia,マナケミア
zero in,ゼロイン
ac/dc,AC/DC
half-life 1,ハーフライフ
wandavision,ワンダヴィジョン
pokemon world championships,ポケモンWCS
revolver (game),リボルバー（ゲーム）
majodou,魔女道~あの散り際の美しさ~
fisheye placebo,フィッシュアイプラセボ
phantasy star zero,ファンタシースターゼロ
denpa teki na kanojo,電波的な彼女
mario & luigi: bowser's inside story,マリオ&ルイージRPG3!!!
persona x detective,ペルソナ×探偵NAOTO
kokoro ga sakebitagatterunda.,心が叫びたがってるんだ。
aigan tenshi cheery pink,愛玩天使チアリーピンク
star strings yori,スターストリングスより
front mission,フロントミッション
rpg maker,RPGツクール
monster world,モンスターワールド
bustafellows,バスタフェロウズ
sengoku asuka zero,戦国アスカZERO
yararara (synthesizer v),ヤラララ
the game of life (board game),人生ゲーム
tsuru no ongaeshi,鶴の恩返し
sonic superstars,ソニックスーパースターズ
sound holic,サンホリ
semelparous,セメルパルス
caligula 2,カリギュラ2
rosenkreuzstilette freudenstachel,Rosenkreuzstilette Freudenstachel
little noah,リトルノア
kaidan restaurant,怪談レストラン
mirai ticket,ミライチケット
jain no ikenie,邪淫のいけにえ
sword art online: integral factor,インテグラル・ファクター
pon no michi,ぽんのみち
vs knight lamune & 40 fire,VS騎士ラムネ&40炎
hindu mythology,インド神話
p/a ~potential ability~,p/a〜潜在能力〜
torikoro,トリコロ
island (game),ISLAND(フロントウイング)
the 3rd super robot wars alpha,第3次スーパーロボット大戦α_終焉の銀河へ
ghost in the shell arise,攻殻機動隊arise
xblaze lost: memories,Xblaze Lost：思い出
seikishi melty lovers,せいきしメルティラバーズ
jamiroquai,ジャミロクワイ
tevi,テビィ
1bitheart,1bitheart
ex astris,エクスアストリス
ryman's club,リーマンズクラブ
cooking mama,クッキングママ
miracle wave,奇跡の波
bishounen series,美少年シリーズ
chimimo,ちみも
tsukimi shokudouki,月見食堂記
temptation,誘惑
pixela project,ピクセラ
emina&aki,エミナ＆アキ
beauty and the beast (fairy tale),美女と野獣
garakuta road (idolmaster),ガラクタロード
marvel's spider-man,PS4スパイダーマン
zettai bouei leviathan,絶対防衛レヴィアタン
digimon world -next 0rder-,デジモンワールド-next0rder-
harper's bazaar,时尚芭莎
strawberry shortcake (series),草莓甜心
class de 2-banme ni kawaii onnanoko to tomodachi ni natta,クラスで2番目に可愛い女の子と友だちになった
aoppella,アオペラ
soul eater not!,ソウルイーターノット!
genkai ol-san wa akuyaku reijou-sama ni tsukaetai,限界OLさんは悪役令嬢さまに仕えたい
kirby: canvas curse,タッチ!カービィ
animate cafe,アニメイトカフェ
shikihime zoushi,式姫草子
mega man 5,ロックマン5
tsumihoroboshi-hen,罪滅し編
patalliro!,パタリロ!
the godfather,ゴッドファーザー
sukiya,すき家
pokemon the movie: secrets of the jungle,ポケットモンスターココ
kingdom death,キングダムデス
mayonaka punch,真夜中ぱんチ
baten kaitos,バテン・カイトス
the elder scrolls online,エルダー・スクロールズ・オンライン
ultraman cosmos (series),ウルトラマンコスモス
sacred seven,セイクリッドセブン
himitsu houjin death maker,秘密法人デスメイカー
battlefield 1,バトルフィールド1
mega man battle network 1,ロックマンエグゼ1
shirohime quest,城姫クエスト
garten of banban,GoB夢
ar nosurge,ar nosurge
tsukiji uogashi sandaime,築地魚河岸三代目
adolescence (vocaloid),アドレサンス
class no daikirai na joshi to kekkon suru koto ni natta.,クラスの大嫌いな女子と結婚することになった。
eguchi-san chi no junjou succubus,江口さんちの純情サキュバス
super robot wars og the inspector,スーパーロボット大戦OG-ジ・インスペクター-
tokumei sentai go-busters,特命戦隊ゴーバスターズ
osomatsu-san the movie,えいがのおそ松さん
gamecenter cx,ゲームセンターCX
isekai shokudou,異世界食堂
magikano,マジカノ
wanko to lily,ワンコとリリー
kyou no go no ni,今日の5の2
majokko a la mode,魔女っ娘ア・ラ・モード
acmeholic,acmeholic
otoko no ko wa meido fuku ga osuki!?,オトコのコはメイド服がお好き!?
pixiv festa,pixivフェスタ
shuuen no shiori project,終焉ノ栞プロジェクト
phantom rose,ファントムローズ
call of duty 4,コールオブデューティ4モダン・ウォーフェア
the jungle book,ジャングル・ブック
b gumi,b gumi
floralia,Floralia~フローラリア~
sachiiro hanamizuki,幸色ハナミズキ
mentholatum,メンソレータム
growlanser i,Growlanser i
"unique job ""tanetsuke oji-san"" o kakutoku shimashita",ユニークジョブ【種付けおじさん】を獲得しました
boukyaku battery,忘却バッテリー
the grudge,呪怨
nekopara sekai connect,ネコぱらセカイコネクト
ren'ai karichaimashita,恋愛、借りちゃいました
all nippon airways,全日本空輸
persona trinity soul,ペルソナトリニティソウル
persona 5 tactica,ペルソナ5タクティカ
tsunagaru connect (love live!),ツナガルコネクト
ark re:code,アークレコード
meitantei conan card game,名探偵コナンカードゲーム
sinisistar,シニシスタ
fate/grand carnival,運命/グランドカーニバル
night in the woods,ナイト・イン・ザ・ウッズ
stella no mahou,ステラのまほう
panzer dragoon,パンツァードラグーン
kouryuu densetsu villgust,甲竜伝説ヴィルガスト
maid dolce,めいどるーちぇ
teletubbies,テレタビーズ
burn-up,バーンナップ
sengoku musou 1,戦国無双1
sangoku hime,三極姫
kuroinu 2,黒獣2~淫欲に染まる背徳の都、再び~
seno lepo,セノ・レポ
michiko to hacchin,ミチコとハッチン
mr. and mrs. smith,Mr.&Mrs.スミス
hikage monogatari,ひかげものがたり
key the metal idol,キィ・ザ・メタル・アイドル
pixiv trainer,pixivトレーナー
choujigen game neptune sisters vs sisters,超次元ゲイムネプテューヌ_Sisters_vs_Sisters
eternal senia,永遠のセニア
spectral force,スペクトラルフォース
oniro,オニロ
shinigami dot com,死神ドットコム
hatsukoi 1/1,初恋1/1
"""rouhou"" ore no iinazuke ni natta jimiko ie dewa kawaii shikanai.",【朗報】俺の許嫁になった地味子、家では可愛いしかない。
bloody roar,ブラッディロア
toys drive,トイズドライブ
gundam seed c.e. 73: stargazer,機動戦士ガンダムSEEDC.E.73STARGAZER
aiura,あいうら
joshi shougakusei hajimemashita,女子小学生はじめました
dragon age: origins,ドラゴンエイジ:オリジンズ
megami magazine creators,メガミマガジンCreators
ore ga suki nano wa imouto dakedo imouto janai,俺が好きなのは妹だけど妹じゃない
command & conquer: red alert 3,コマンドと征服：レッドアラート3
piofiore no bansho,ピオフィオーレの晩鐘
donkey kong country 2,スーパードンキーコング2
hantsu x trash,ハンツーxトラッシュ
ima kako mirai no sangenshoku,今、過去、未来の三原色
sonic and the secret rings,ソニックと秘密のリング
vgaming,vgaming
gekkan uribou zakka-ten,月刊うりぼうざっか店
code of princess,コードオブプリンセス
eris no seihai,エリスの聖杯
super robot wars advance,スーパーロボット大戦A
karakuri circus,からくりサーカス
the dream of the fisherman's wife,蛸と海女(葛飾北斎)
mikadono sanshimai wa angai choroi,帝乃三姉妹は案外、チョロい。
mega man: powered up,ロックマンロックマン
reijuu no acolyte lufia,隷従の聖侍祭ルフィア
the silence of the lambs,羊たちの沈黙
ultraman omega (series),ウルトラマンオメガ
comiket 75,コミケ75
candy (art book),キャンディ（アートブック）
person of interest,パーソン・オブ・インタレスト
hakaiou: gaogaigar vs. betterman,覇界王〜ガオガイガー対ベターマン〜
kekkon yubiwa monogatari,結婚指輪物語
voy@ger (idolmaster),voy@ger（idolmaster）
gang road joker,ギャングロードジョーカー
numan athletics,ニューマンアスレチックス
world of final fantasy,ファイナルファンタジーの世界
betterman,ベターマン
bakappuru supplement,バカップル・サプリメント
moonlight ~omoide no hajimari~,MoonLight〜おもいでのはじまり〜
mamotte shugogetten!,まもって守護月天!
popolocrois,ポポロクロイス
yuusha party wo tsuihou sareta beast tamer saikyoushu no nekomimi shoujo to deau,勇者パーティーを追放されたビーストテイマー
remote control (vocaloid),リモコン
honey select,ハニーセレクト
beast wars ii,ビーストウォーズII
kerberos saga,ケルベロス・サーガ
additional memory (vocaloid),アディショナルメモリー
vesperbell,ヴェスパーベル
sorairo utility,空色ユーティリティ
last chronicle,ラストクロニクル
high school! kimengumi,ハイスクール!奇面組
choujikuu kidan southern cross,超時空騎団サザンクロス
classy cranberry's,クラ☆クラ~CLASSY☆CRANBERRY'S
majoca majoluna,マジョカ†マジョルナ
shin megami tensei: liberation dx2,D×2真・女神転生リベレーション
alice or alice,ありすorありす
nijie,ニジエ
itsuka tenma no kuro usagi,いつか天魔の黒ウサギ
hime to boin,姫とボイン
france shoujo,仏蘭西少女
unholy sanctuary,アンホリ☆プロダクション
djmax technika,djmax Technika
eikou no guardian battle,栄光のガーディアンバトル
gal gun,ぎゃる☆がん
nande koko ni sensei ga!?,なんでここに先生が!?
plawres sanshirou,プラレス3四郎
mahou sentai magiranger,魔法戦隊マジレンジャー
code geachu lelouch of the calamity,コードGeachu Lelouch of the Calamity
laugh diamond,ラフダイヤモンド
neon genesis evangelion: iron maiden,新世紀エヴァンゲリオン_鋼鉄のガールフレンド
galaga,ギャラガ
gensou suikoden tierkreis,幻想水滸伝ティアクライス
scarlet nexus,スカーレットネクサス
shining force i,神々の遺産
amd,AMD
mayonaka heart tune,真夜中ハートチューン
blade runner (1982 movie),ブレードランナー
the avengers (2012),アベンジャーズ(映画)
dadadada tenshi (nanawo akari),ダダダダ天使
gundam g-saviour,Gセイバー
towa tsugai,トワツガイ
le petit prince,星の王子さま
sonny boy,サニーボーイ
dao mu bi ji,盗墓笔记
rememento: white shadow,リメメント-ホワイトシャドウ-
tsumamigui 3,妻みぐい3
lucky dog 1,ラッキードッグ1
dot abyss,ドットアビス
in'youchuu,in'youchuu
babymetal,ベビーメタル
symposium of post-mysticism,東方求聞口授
paranormasight: the seven mysteries of honjo,パラノマサイト
mementomori (game),メメントモリ
jiangnan baijingtu,江南百景图
godzilla vs. kong,ゴジラVSコング
juusha-chan to yaya zannen na yuusha no hanashi,従者ちゃんとやや残念な勇者の話
counter-strike,カウンターストライク
canvas sepia iro no motif,Canvas~セピア色のモチーフ~
vivid world (love live!),ビビッドワールド（ラブライブ！）
kimi no iru machi,君のいる町
aku no musume (series),悪ノ娘
13cm,13cm
patapon,パタポン
atelier elie,エリーのアトリエ
comic grape,コミックグレープ
spec,仕様
white breath,白い呼吸
bishoujo mangekyou: wasurenagusa to eien no shoujo,美少女万華鏡-忘れな草と永遠の少女-
herowarz,最強の軍団
chiba lotte marines,千葉ロッテマリーンズ
tora da yo.,とらだよ。
saiko heart (love live!),サイコーハート
btooom!,ブトゥーム
konneko,コネコ
harvest moon (vtuber),ハーベストムーン（vtuber）
dirty pair flash,ダーティペアFLASH
jinsei,人生相談テレビアニメーション「人生」
akeiro kaikitan,あけいろ怪奇譚
kawaihara senpai wa kawaii ga suki!,可愛原先輩はかわいいがすき!
ikkitousen xtreme xecutor,Ikkitousen Xtreme Xecutor
daidaidaidaidaikirai (vocaloid),ダイダイダイダイダイキライ
haruka ni aogi uruwashi no,Haruka ni aogi uruwashi no
maou-sama to kekkonshitai,魔王様と結婚したい
kingdom come: deliverance ii,キングダムカム・デリバランス2
yuke yuke!! trouble makers,ゆけゆけ!!トラブルメーカーズ
x-men evolution,X-MENエボリューション
hajimete no oisha-san,はじめてのおいしゃさん
nickelodeon,ニコロデオン
how about paipai mask? (houshou marine),パイパイ仮面でどうかしらん?
reactivate majestical imperial,鏈縁无現里
heisei gals!!!! (love live!),平成ギャルズ!!!!
hoshi furu yoru no farnese,星降る夜のファルネーゼ
transformers: energon,スーパーリンク
yukata to rape to aniki to ore to.,浴衣とレイプとアニキと俺と。
monster world iv,モンスターワールドIV
kidou battle gunvarrel,機動バトラーガンヴァレル
nayutan sei kara no buttai,ナユタン星からの物体X
star ocean ex,スターオーシャンEX
deus ex,デウスエクス
uta no prince-sama maji love 2000%,うたの☆プリンスさまっ♪マジLOVE2000%
chiyu mahou no machigatta tsukaikata,治癒魔法の間違った使い方
kankin byoutou ~kyonyuu chijo nurse no nyuuin kango kiroku~,姦禁病棟~巨乳痴女ナースの入淫看護記録~
sagawa express,佐川急便
frame arms,フレームアームズ
2bro.,2bro。
salamander (vocaloid),サラマンダー
strategic lovers,ストラテジックラバーズ
police and lady,えまちづ
boku to nurse no kenshuu nisshi,ボクと彼女[ナース]の研修日誌
101 dalmatians,101匹わんちゃん
meitantei conan kurogane no submarine,名探偵コナン_黒鉄の魚影
mousou zei (vocaloid),妄想税
koori zokusei danshi to cool na douryou joshi,氷属性男子とクールな同僚女子
zetsuen no tempest,絶園のテンペスト
emperors saga,エンペラーズサガ
street fighter: duel,ストリートファイター:デュエル
hisone to masotan,ひそねとまそたん
kokoro navi,こころナビ
ayakashi,ayakashi
mushihimesama futari,虫姫さまふたり
tonari no seki no yankee shimizu-san ga kami wo kuroku somete kita,隣の席のヤンキー清水さんが髪を黒く染めてきた
joukyou seikatsuroku ichijou,上京生活録イチジョウ
uruwashi no yoi no tsuki,うるわしの宵の月
lost one no goukoku (vocaloid),ロストワンの号哭
zero project,ゼロプロジェクト
okaeri papa,「おかえり、パパ」
bokujou monogatari: waku waku animal march,わくわくアニマルマーチ
isekai shinige ojousama,異世界死にゲーお嬢様
neyuki no gen'ei,根雪の幻影
hibikino-san-chi wa eroge-ya-san!,響野さん家はエロゲ屋さん!
sakura kakumei,サクラ革命
angel sanctuary,天使禁猟区
kenzen robo daimidaler,健全ロボダイミダラー
asatte no houkou,あさっての方向。
last night good night (vocaloid),昨夜おやすみなさい（ボーカロイド）
futaba-san chi no kyoudai,双葉さん家の姉弟
kamidori alchemy meister,神採りアルケミーマイスター
onanie master kurosawa,オナニーマスター黒沢
agent mirai,エージェントミライ
harukanaru toki no naka de 3,遙かなる時空の中で3
muteki kanban musume,無敵看板娘
mahou shoujo ikusei keikaku aces,魔法少女育成計画ACES
happy lesson,ハピレス
hero-san to moto onna kanbu-san,ヒーローさんと元女幹部さん
dra+koi,Dra+Koi
the caster chronicles,魔法少女ザ・デュエル
miss monochrome,ミス・モノクローム
shota oni,ショタおに
black desert online,黒い砂漠
jojo no kimyou na bouken: mirai e no isan,未来への遺産
rance 01,ランス01
dream c club gogo.,ドリームクラブgogo.
ultraman leo (series),ウルトラマンレオ
hyrule warriors: age of imprisonment,ゼルダ無双封印戦記
fushigi mahou fun fun pharmacy,ふしぎ魔法ファンファンファーマシィー
looping the rooms (vocaloid),ループザルーム
mahou no shimai lulutto lilly,魔法の姉妹ルルットリリィ
shiroi yuki no princess wa (vocaloid),白い雪のプリンセスは
usotsuki hime to moumoku ouji,嘘つき姫と盲目王子
langrisser v,ラングリッサーV
artemis program,アルテミス計画
sokushi cheat ga saikyou sugite isekai no yatsura ga marude aite ni naranai n desu ga,即死チートが最強すぎて、異世界のやつらがまるで相手にならないんですが。
the hungry lamb: traveling in the late ming dynasty,飢えた子羊
henkei shoujo,変形少女
dragon ball z kami to kami,神と神
quartett!,カルテット!
yong jie wujian,永劫无间
iwamotochou geinousha,岩本町芸能社
onegai aipri,おねがいアイプリ
hakusen (idolmaster),白線
uefa euros,UEFA欧州選手権
kemonomichi,けものみち
hand maid may,ハンドメイドメイ
tales of the world radiant mythology 3,テイルズオブザワールドレディアントマイソロジー3
love live! school idol festival ~after school activity~,ラブライブ!スクールアイドルフェスティバル_~after_school_ACTIVITY~
who made me a princess,ある日、お姫様になってしまった件について
yoidore shirazu (vocaloid),酔いどれ知らず
higeki no genkyou tonaru saikyou gedou last boss joou wa tami no tame ni tsukushimasu,ラス為
othellonia,逆転オセロニア
nuye,ヌエ
yubisaki kara no honki no netsujou,指先から本気の熱情
gekokujou (vocaloid),下剋上(完)
joshi kousei no mudazukai,女子高生の無駄づかい
long riders!,ろんぐらいだぁす!
sweetest music,最も甘い音楽
ragna crimson,ラグナクリムゾン
final sword,ファイナルソード
seikyouiku series,性教育シリーズ
torinoko city (vocaloid),トリノコシティ
qp shooting,QP撮影
gal dolva!!,ギャルドルバ!!
project a.d.a.,プロジェクトa.d.a.
nkshoujo,Nkshoujo
kamipani!,かみぱに!
tsuma to mama to boin,妻とママとボイン
pixiv shadow,ぴくカゲ
sengoku hime,戦極姫
tatakau shisho,戦う司書
triptych,トリプティック
yuugai choujuu,有害超獣
saikin osen (vocaloid),細菌汚染
ananta,无限大
pokedan icma,ポケダンICMA
sasaki to miyano,佐々木と宮野
someone hertz,さむわんへるつ
lower (vocaloid),ロウワー
kamisama minarai: himitsu no cocotama,ヒミツのここたま
for honor,フォーオナー
gundam suisei no majo: seishun frontier,青春フロンティア
senjou no fuuga,戦場のフーガ
spider-man 1 (2002),スパイダーマン(映画)
isaku,遺作(ゲーム)
start!! true dreams (love live!),始める！！本当の夢（Love Live！）
oni chichi,鬼父
ai kotoba iii (vocaloid),愛言葉III
mezzo piano,メゾピアノ
kyuukyoku shinka shita full dive rpg ga genjitsu yori mo kusoge dattara,究極進化したフルダイブRPGが現実よりもクソゲーだったら
kateikyoushi no onee-san,家庭教師のおねえさん
call of duty: mobile,CODモバイル
moldavite,モルダヴァイト
kou iu no ga ii,こういうのがいい
hakata tonkotsu ramens,博多豚骨ラーメンズ
metal max,メタルマックス
sand land,サンドランド
omokage ~ecchi na happening!? nandemo dontokoi!~,オモカゲ~えっちなハプニング!?なんでもどんとこい!~
a summer's end: hong kong 1986,夏天的一天_—_香港_1986
super robot wars og moon dwellers,スーパーロボット大戦OG_ムーン・デュエラーズ
seikoku no dragonar,星刻の竜騎士
touhou m-1 grand prix,東方M-1ぐらんぷり
ero zemi,えろゼミ
girls logic observatory,少女理論観測所
blot plot,ブロットプロット
yoroiden samurai troopers,鎧伝サムライトルーパー
kekkaishi,結界師
pokemon ranger: shadows of almia,ポケモンレンジャーバトナージ
appleseed,アップルシード
lotte (company),ロッテ
out (magazine),月刊OUT
nabari no ou,隠の王
shinozaki-san ki wo otashikani,篠崎さん気をオタしかに!
saimoe,saimoe
mesu nie onna kyoushi,牝贄女教師~私は彼の前で跪く~
gaiking: legend of daikuu maryuu,ガイキングレジェンドオブダイクウマリュウ
hitsugi katsugi no kuro,棺担ぎのクロ。
megastore comics,メガストアコミック
anitore! ex,あにトレ!EX
aura kingdom,幻想神域
outerplane,アウタープレーン
girls revolution project,少女革命計画
ikari warriors,イカリ・ウォリアーズ
shoujo no nozomanu eiyuutan,少女の望まぬ英雄譚
blade & bastard,ブレイド&バスタード
x-com,エックスコム
amairo chocolata,あまいろショコラータ
xross stars,クロスタ
doctor strange in the multiverse of madness,マルチバース・オブ・マッドネス
pili budaixi,霹靂布袋戲
the last story,ラストストーリー
secret agent ~kishi gakuen no shinobi naru mono~,秘密エージェント〜Kishi Gakuen no Shinobi Naru Mono〜
graduation (series),卒業(ゲーム)
tottemo! luckyman,とっても!ラッキーマン
ketsui no hikari,決意の光
last episode (fate),カーテンコール
top gun: maverick,トップガン_マーヴェリック
meitantei holmes,名探偵ホームズ
vlad grimms,ヴラド・グリム
gachimuchi de dosukebe na kateikyoushi no oniisan to sugosu natsu,ガチムチでドスケベな家庭教師のお兄さんと過ごす夏
jump king,ジャンプキング
archie (comic),アーチー
the legend of zelda (cd-i),CD-iゼルダ
m3gan,M3GAN/ミーガン
kde,ケーディーイー
suica,スイカ
dragon quest rivals,ドラゴンクエストライバルズ
jungle de ikou,ジャングルDEいこう!
dragon quest heroes,ドラゴンクエストヒーローズ
falslander,Falslander
toaru kagaku no dark matter,とある科学の未元物質
mahou tsukai no hako,まほうつかいの箱
contra,コントラ
tsuki tsuki!,つきツキ!
aozora stripe,あおぞらストライプ
shinigami no ballad,しにがみのバラッド
dragon crisis!,ドラゴンクライシス!
how to train your dragon 1,ヒックとドラゴン1
maha5,MAHA5
super robot wars destiny,スーパーロボット大戦D
kaiserreich,カイザーライヒ
galleria no chika meikyuu to majo no ryodan,ガレリアの地下迷宮と魔女ノ旅団
puni puni handmaid,ぷにぷに☆はんどメイド
danshi koukousei ga mahou shoujo ni naru hanashi,男子高校生が魔法少女になる話
yancha gal no anjou-san,やんちゃギャルの安城さん
girl friends (manga),ガールフレンズ
labyrinth of touhou tri,東方の迷宮Tri
hirotta nazo seibutsu no kansatsu nikki,拾った謎生物の観察日記
top gear,トップギア
kazoku game,家族ゲーム
asu no yoichi,明日のよいち!
orc massage,オークマッサージ
cynthia the mission,シンシア・ザ・ミッション
psyren,サイレン
ariel (novel),エリアル
ok k.o.! let's be heroes,OK_K.O.!めざせヒーロー
red dead redemption,レッド・デッド・リデンプション
pokemon ranger: guardian signs,ポケモンレンジャー光の軌跡
pokemon the movie 2000: the power of one,幻のポケモンルギア爆誕
kabushikigaisha magi-lumiere,株式会社マジルミエ
final fight 2,ファイナルファイト2
yozakura-san chi no daisakusen,夜桜さんちの大作戦
hitozuma kyoushi ga oshiego no joshikousei ni dohamari suru hanashi,人妻教師が教え子の女子高生にドはまりする話
popeye (series),ポパイ
natsu koi high pressure,夏恋ハイプレッシャー
galholic,ギャルホリック
colorfulness (love live!),るりのとゆかいなつづりたち
flying red barrel,空飛ぶ赤いワイン樽
oniichan continue!,おにいちゃんコンティニュー!
monster maker,モンスターメーカー
uchi no shisho wa shippo ga nai,うちの師匠はしっぽがない
hentai prison,ヘンプリ
litchi hikari club,ライチ☆光クラブ
resident evil: death island,バイオハザード:デスアイランド
nyanyanyanyanyanyanya! (vocaloid),nyanyanyanyanyanyanaya！ （ボーカロイド）
super robot wars original generation gaiden,スーパーロボット大戦OG外伝
maimaimaigoen,まいまいまいごえん
kellogg's,ケロッグ
sixiwanzi,四禧丸子
arasa ol haman-sama,アラサーOLハマーン様
mario golf: super rush,マリオゴルフスーパーラッシュ
angel notes,鋼の大地
monsters university,モンスターズ・ユニバーシティ
kono shima ni wa midara de jaaku na mono ga sumu,この島には淫らで邪悪なモノが棲む
fancy dress party (idolmaster),仮装狂騒曲
comic yuri hime,コミック百合姫
touhou shizenyu,東方自然癒
unbalance unbalance,不均衡不均衡
cracklecradle,クラックルクレードル
bishoujo mangekyou: tsumi to batsu no shoujo,美少女万華鏡-罪と罰の少女-
mobius final fantasy,メビウスファイナルファンタジー
battle spirits: shounen gekiha dan,バトルスピリッツ少年激覇ダン
the sealed esoteric history,秘封活动记录
ultraman r/b,ウルトラマンR/B
rpg gakuen,あるぴじ学園
valhalla valkyries,ばるはらばるきりーず
dragon tactics,ドラゴンタクティクス
karumaruka circle,カルマルカ*サークル
dekitate evo! revo! generation! (idolmaster),できたてEvo!Revo!Generation!
atelier iris,イリスのアトリエ
magna carta crimson stigmata,マグナカルタ
shichinin no online gamers,七人のオンラインゲーマーズ
kocchi muite baby (vocaloid),こっち向いて
uwabami breakers,黄昏酒場
choujigen taisen neptune vs sega hard girls,超次元大戦ネプテューヌVSセガ・ハード・ガールズ夢の合体スペシャル
league of angels,天使のリーグ
katahane,カタハネ
my-otome s.ifr,my-otome s.ifr
raideen (series),Raideen（シリーズ）
senran nin nin ninja taisen neptune: shoujo-tachi no kyouen,閃乱忍忍忍者大戦ネプテューヌ
toushin toshi ii,闘神都市2
hibikase (vocaloid),ヒビカセ
bunny garden 2,バニーガーデン2
yamato transport,ヤマト運輸
senran kagura project n,閃乱カグラ_PROJECT_N
juuni senshi bakuretsu eto ranger,エトレンジャー
nudist beach ni shuugakuryokou de!!,ヌーディストビーチに修学旅行で!!
haruka naru enkei sekai,遙かなる円形世界
battle spirits: burning soul,バトルスピリッツ烈火魂
killer instinct (series),キラーインスティンクト
futari ecchi,ふたりエッチ
gleipnir (series),グレイプニル
demonion ii: maou to sannin no joou,デモニオンII:_魔王と三人の女王
mongil: star dive,モンギルSTARDIVE
taiyou de are!,太陽であれ!
purenista,ピュアニスタ
maebashi witches,前橋ウィッチーズ
super robot wars t,スーパーロボット大戦T
yume no crayon oukoku,夢のクレヨン王国
water blue new world,ウォーターブルーの新しい世界
karasu wa aruji wo erabanai,烏は主を選ばない
castlevania: legacy of darkness,レジェンドオブコーネル
di gi charat (1999),デ・ジ・キャラット
fujiya,不二家
balatro,バラトロ
labyrinth of touhou 2,東方の迷宮2
gangnam style,江南スタイル
bakumatsu rouman dainimaku,幕末浪漫第二幕月華の剣士
sei ni utokatta watashi wa kurasu no danshi to ooo shite shimaimashita,性にウトかった私はクラスの男子と○○○してしまいました。
akihabara beer fair,秋葉原ビールフェア
ataman ita (synthesizer v),頭ン痛
boku to kanojo no onani life,僕と彼女のオナニーライフ
thousand memories,サウザンドメモリーズ
double teacher life,だぶる先生らいふっ
seikaisuru kado,正解するカド
soap school,ソープスクール
muteki koujin daitarn 3,無敵鋼人ダイターン3
hanidebi! honey & devil,ハニデビ！ハニー＆デビル
risk hunters,リスクハンター
mamamoo,ママム
nega0,ネガゼロ
natsu no arashi!,夏のあらし!
mega man 10,ロックマン10
asura fantasy online,Asura Fantasy Online
oumagadoki doubutsuen,逢魔ヶ刻動物園
freely tomorrow (vocaloid),明日は自由に（ボーカロイド）
million chain,ミリオンチェイン
kuuchuu buranko,空中ブランコ
saint estera gakuin no shichinin no majo,聖エステラ学院の七人の魔女
juuoumujin no fafnir,銃皇無尽のファフニール
sengoku gensoukyoku,戦国幻想曲
imouto no okage de mote sugite yabai,妹のおかげでモテすぎてヤバい。
shinki kakusei melty maiden,神姫覚醒メルティメイデン
idolmaster mobile,アイドルマスターモバイル
rwby: ice queendom,RWBY氷雪帝国
ys: memories of celceta,セルセタの樹海
rance vi,ランスVI
gear fighter dendoh,GEAR戦士電童
countryball,カントリーボール
rose to tasogare no kojou,ロゼと黄昏の古城
hitomi-chan wa hitomishiri,瞳ちゃんは人見知り
koronba,ころんば
cannonball ~neko neko machine mou-race!~,キャノンボール〜ネコネコマシンMou-race！〜
atarayo hanabi,可惜夜花火
wallace & gromit,ウォレスとグルミット
the summoning,ザ・サモニング
imitation black (vocaloid),模倣ブラック（ボーカロイド）
kuzu no honkai,クズの本懐
gregory horror show,グレゴリーホラーショー
misao,操
tokyo yakult swallows,東京ヤクルトスワローズ
electric hearts,电子之心
versen,詩
kakushigoto,かくしごと
baka janai noni (zutomayo),ばかじゃないのに
ore no ichizu wo jama suru aitsu,オレの一途を邪魔するアイツ
yorha,音楽劇ヨルハ
mijuku dreamer,未熟DREAMER
revenger,リベンジャー
busou kanojo,武装彼女
nogizaka46,乃木坂46
shirotsume souwa,白詰草話
asus,華碩
campione!,カンピオーネ!
handymonsters,はんもんエントリー
the 2nd super robot wars og,第2次スーパーロボット大戦OG
routes,ルート
utawarerumono: futari no hakuoro,二人の白皇
apricot (vocaloid),アプリコット
world election,ワールド・エレクション
natsuiro kiseki,夏色キセキ
planetes,プラネテス
sei shoujo ~seido ikusei gakuen~,聖娼女~性奴育成学園~
kamen no maid guy,仮面のメイドガイ
queen's blade spiral chaos,クイーンズブレイドSPIRALCHAOS
ninja sentai kakuranger,忍者戦隊カクレンジャー
mahou no idol pastel yumi,魔法のアイドルパステルユーミ
fighting vipers,ファイティングバイパーズ
mission impossible (bkub),ミッソンインパッセボーゥ
mega man 7,ロックマン7
mahou no kaiheitai pixel maritan,ぴくせる☆まりたん
hongshan forest zoo,南京市红山森林动物园
koutetsushin jeeg,鋼鉄神ジーグ
the beginning after the end,最強の王様
yoshiwara lament (utau),吉原ラメント
scissor seven,刺客伍六七
role player: okayu shimai no nenmaku potrait - gurigucha live!,Roleplayer:小粥姉妹の粘膜ポトレぐりぐちゃLIVE!
metro-goldwyn-mayer,レオ・ザ・ライオン
mega man battle network 4,ロックマンエグゼ4
far cry,ファークライ
duel masters lost,デュエマLOST
splatterhouse,スプラッターハウス
umamusume: party dash,熱血ハチャメチャ大感謝祭!
danshi kinsei game sekai de ore ga yarubeki yuiitsu no koto yuri no ma ni hasamaru otoko to shite tensei shite shimaimashita,男子禁制ゲーム世界で俺がやるべき唯一のこと
super mario strikers,スーパーマリオストライカーズ
private garden,プライベートガーデン
rokumon tengai mon colle knight,六門天外モンコレナイト
ducktales,わんぱくダック夢冒険
yakunitatsu node chi o kudasai,お役に立つので血をください
gamma (ogino jun),γ-ガンマ-
redline,レッドライン
queen's blade limit break,クイーンズブレイドリミットブレイク
kono yo no hate de koi wo utau shoujo yu-no,この世の果てで恋を唄う少女YU-NO
super robot wars y,スーパーロボット大戦Y
rail romanesque,レヱル・ロマネスク
shadow hearts: from the new world,シャドウハーツ・フロム・ザ・ニューワールド
shin sangoku musou 8,真・三國無双8
htol#niq: hotaru no nikki,ホタルノニッキ
ladymade star,ラジメイドスター
himawari!,ひまわりっ!
kono oozora ni tsubasa wo hirogete,この大空に、翼をひろげて
assassin's creed: unity,アサシンクリードユニティ
natsu yume nagisa,ナツユメナギサ
mirai no bokura wa shitteru yo,未来の僕らは知ってるよ
mitama ~shinobi~,Mitama〜shinobi〜
gundam 00p,機動戦士ガンダム00P
sailor moon musical,セーラームーン・ミュージカル
triangle heart 3,とらいあんぐるハート3
yogurting,ヨーグルティング
punch line,パンチライン
just because!,という理由だけで！
after school lessons for unripe apples,世纪末青苹果补习班
2006 fifa world cup,2006FIFAワールドカップ
yagai gakushuu,野外学習
sakura tale,さくらの物語
violinist of hameln,ハーメルンのバイオリン弾き
harukanaru toki no naka de 4,遙かなる時空の中で4
dokonjou gaeru,ど根性ガエル
kyoushirou to towa no sora,京四郎と永遠の空
shinitagari shoujo to shokujinki-san,死にたがり少女と食人鬼さん
kon'ya wa neko-chan,今夜は猫ちゃん
jojo no kimyou na bouken: all star battle,オールスターバトルリーグ
master of epic,マスターオブエピック
spider-man 2 (2004),スパイダーマン2
summertime record (vocaloid),サマータイムレコード
neko-nin exheart,猫忍えくすはーと
sugarbunnies,シュガーバニーズ
icey (game),艾希
sonic the hedgehog (ova),ソニックOVA
bannou bunka nekomusume,万能文化猫娘
zyuden sentai kyoryuger,獣電戦隊キョウリュウジャー
re:zero kara tsugihagu isekai seikatsu,ツギハグ
appare! tenka gomen,あっぱれ!天下御免
umamusume: peace peace cepea cepea golshi-chan,ウマ娘ピスピス☆スピスピゴルシちゃん
shin getter robo vs neo getter robo,真ゲッターロボ対ネオゲッターロボ
touch (manga),タッチ
pakomane - watashi kyou kara meimon yakyuu-bu no seishori gakari ni narimasu...,パコマネわたし、今日から名門野球部の性処理係になります...
the umbrella academy,アンブレラアカデミー
show (ado),唱(Ado)
chronicle of myers,ドゥームアンドリバイブ
tiny stars,小さな星
ace combat 6,エースコンバット6
sekiranun graffiti (vocaloid),積乱雲グラフィティ
killer7,キラー7
tamaonsen,魂音泉
world witches x,ワールドウィッチーズX
yogibo,ヨギボー
purple haze feedback,恥知らずのパープルヘイズ
easter wonderland,イースターワンダーランド
rage of the dragons,レイジ・オブ・ザ・ドラゴンズ
anekouji naoko to giniro no shinigami,姉小路直子と銀色の死神
najica dengeki sakusen,ナジカ電撃作戦
nadeshiko-san just can't say no!,撫子さんはNO!って言えない
illusion connect,イリュージョンコネクト
bram stoker's dracula,吸血鬼ドラキュラ
freedom wars,フリーダムウォーズ
forza,フォルツァ
boku to maou,ボクと魔王
tougenkyou e ikou (utau),桃源郷へ行こう
inside out 2,インサイド・ヘッド2
diamond princess no yuuutsu,ダイヤモンドプリンセスの憂鬱
harry potter and the cursed child,呪いの子
comic potpourri club,COMICポプリクラブ
ebiten (manga),えびてん_公立海老栖川高校天悶部
b-daman,ビーダマン
crunchyroll,クランチロール
fate rewinder,運命の巻戻士
myslot,myslot
okiba ga nai!,置き場がない!
honeycoming royalsweet,Honey Coming Royalsweet
kono aozora ni yakusoku wo,この青空に約束を―
byousoku 5 centimeter,秒速5センチメートル
boku girl,ボクガール
roki (vocaloid),ロキ
mighty (series),Mighty（シリーズ）
princess waltz,プリンセスワルツ
kiss to lord to darjeeling,主にダージリンにキスします
kanojo tachi no ryuugi,彼女たちの流儀
resident evil: the darkside chronicles,バイオハザードダークサイド・クロニクルズ
han-gyaku-sei million arthur,叛逆性ミリオンアーサー
mythbreakers (hololive english),Mythbreakers（Hololive英語）
memories off 6,オフの思い出6
ikaruga,イカルガ
zombie (vocaloid),ゾンビ(DECO*27)
soul hackers 2,ソウルハッカーズ2
sayonara eri,さよなら絵梨
pokemon stadium,ポケモンスタジアム
mekakushi code (vocaloid),メカクシコード
isekai mokushiroku mynoghra,異世界黙示録マイノグーラ
rangers strike,レンジャーズストライク
sonic lost world,ソニックロストワールド
corocoro comic,コロコロコミック
fate/type redline,運命/タイプのレッドライン
ts loli oji-san no boukan,TSロリおじさんの冒険
ueki no housoku,うえきの法則
walmart,ウォルマート
inspector gadget,ガジェット警部
intel,インテル
papa wolf and the puppy,捡了东西的狼
evanescence,エヴァネッセンス
mobile suit gundam: cucuruz doan's island,ククルス・ドアンの島
tintin,タンタンの冒険
major 2nd,メジャー2番目
rooster teeth,ルースター・ティース
digimon adventure: last evolution kizuna,デジモンアドベンチャーLASTEVOLUTION絆
the rumble fish,ザ・ランブルフィッシュ
maou to ore no hangyakuki,魔王と俺の叛逆記
dragon ball z fukkatsu no f,復活の「F」
wang chuan feng hua lu,忘川风华录
manimani (vocaloid),まにまに
engine sentai go-onger,炎神戦隊ゴーオンジャー
transformers: revenge of the fallen,トランスフォーマー：倒れた復ven
yarofes:2023,野郎フェス
plunderer,プランダラ
advance wars: dual strike,ファミコンウォーズDS
vampire princess miyu,ヴァンパイアみゆ
jin-roh,人狼JIN-ROH
tesagure! bukatsu-mono,てさぐれ!部活もの
mystery skulls,ミステリースカル
kirby mass attack,あつめて!カービィ
unico,ユニコ
kimitachi wa dou ikiru ka,君たちはどう生きるか
evangelion: 1.0 you are (not) alone,ヱヴァンゲリヲン新劇場版:序
tokumei radio,匿名ラジオ
harta,ハルタ
seikon no arcana,聖痕のアルカナ
hey arnold!,ヘイ・アーノルド!
a dog of flanders,フランダースの犬
the fire rises,烈焰升腾
magical antique,まじかる☆アンティーク
tales of the world radiant mythology,物語の世界輝き神話
brain powered,ブレンパワード
blade arcus from shining,ブレードアークス・フロム・シャイニング
advance of zeta re-boot,ガンダム・インレ-くろうさぎのみた夢
koeru otoge-san,こえる大峠さん
twin angel break,ツインエンジェルBREAK
rosen garten saga,ローゼンガーテン・サーガ
riding bean,ライディング・ビーン
alien alien (vocaloid),エイリアンエイリアン
xiao huaxian,小花仙
memories off sorekara,ソレカラからの思い出
divergence eve,ダイバージェンス・イヴ
bee and puppycat,ビーとパピーキャット
bomberman jetters,ボンバーマンジェッターズ
omoi yo hitotsu ni nare,想いよひとつになれ
tokimeki check in,Tokimekiチェックイン
bokujou monogatari: yasuragi no ki,やすらぎの樹
kidatsu! dungeons lord,姫奪!ダンジョンズロード
chigau miyahara omae janai!,ちがう宮原おまえじゃない!
kutsu no muku mama,靴の向くまま
tonnura-san,とんぬらさん
on air!,オンエア!
tonari no seki no inkya joshi ga oshi utaite datta ~ore no kyoku wo utatte kure!~,隣の席の陰キャ女子が推し歌い手だった
phoenix (love live!),PHOENIX(鐘嵐珠)
mario & luigi: partners in time,マリオ&ルイージRPG2
vagabond,バガボンド
setsuna trip (vocaloid),セツナトリップ
shunkashuutou daikousha,春夏秋冬代行者
sakura moyu,さくら、もゆ。
la la land,ラ・ラ・ランド
otome no tokuisei,乙女の特異性
queen emeraldas,クィーン・エメラルダス
kyokugen chikan tokuiten 2,極限痴漢特異点2-痴漢の証明
matantei loki ragnarok,魔探偵ロキ
tatu,タトゥー
arpiel,アルピエル
madk,モツ悪魔と男子高校生
book of the cafe,連縁カフェ
floral flowlove,フローラル・フローラブ
tatsunoko vs. capcom,タツノコvsカプコン
touhou ayaria epic,东方异文石
fate:lost einherjar,Fate:Lost_Einherjar極光のアスラウグ
kiki kaikai,奇々怪界
eiketsu taisen,英傑大戦
gore screaming show,ゴア・スクリーミング・ショウ
thor: ragnarok,マイティ・ソーバトルロイヤル
sonic the hedgehog (movie),ソニック・ザ・ムービー
visions of mana,聖剣伝説VISIONSofMANA
ecole du ciel,エコール・デュ・シエル
tensei kizoku kantei skill de nariagaru,転生貴族、鑑定スキルで成り上がる
assassin's creed iv: black flag,アサシンクリードIVブラックフラッグ
okusuri nonde neyou (vocaloid),おくすり飲んで寝よう
android wa jirai-kei no yume wo miru.,アンドロイドは地雷系の夢を見る。
eien no akuru hi,永遠のあくる日
medarot s,メダロットS
yoshi's island ds,ヨッシーアイランドDS
kono sekai no katasumi ni,この世界の片隅に
akashic chronicle,アカシッククロニクル~黎明の黙示録
miya-chan no kyuuin life!,美夜ちゃんのきゅーいんライフ!
magi in wanchin basilica,迷路小瑪在萬金
itsuka todoku ano sora ni,いつか、届く、あの空に。
midnight anime lemon angel,レモンエンジェル
star trek: the original series,宇宙大作戦
zanyo (love live!),残陽
moonlit bear (vocaloid),ムーンライトベア（ボーカロイド）
j.c. staff,J.C.スタッフ
cendrillon (vocaloid),サンドリヨン
magi-cu,マギク
i want my hat back,帽子を取り戻したいです
aho girl,アホガール
sword world 2.0,ソードワールド2.0
aion,タワーオブアイオン
ping pong (manga),ピンポン
ryuu to sobakasu no hime,竜とそばかすの姫
dream c club zero,ドリームクラブZERO
rdg red data girl,レッドデータガール
japan world cup,日本ワールドカップ
kikou-kai galient,機甲界ガリアン
cloud kingdom,クラウドキングダム
vampeerz,ヴァンピアーズ
khornette quest,Khornette Quest
wind boys!,ウインドボーイズ!
aozora no mieru oka,aozora no mieru oka
tegami bachi,テガミバチ
boy meets girl,少年は女の子に会います
nami no manimani,波の間に間に
suzunone seven,Suzunone Seven
ane to boin,姉とボイン
mikumix,ミクミックス
umayon,うまよん
ninpuu sentai hurricanger,忍風戦隊ハリケンジャー
aquaman (series),アクアマン（シリーズ）
aishite aishite aishite (vocaloid),愛して愛して愛して
leviathan (project moon),利维坦
koushinchou no kouhai to teishinchou no senpai ga renai ni hatten suru made,高身長の後輩(女)と低身長の先輩(男)が恋愛に発展するまで
bomb rush cyberfunk,ボムラッシュサイバーファンク
world baseball classic,ワールド・ベースボール・クラシック
genyo yako,眩耀夜行
akari ga yatte kitazo (vocaloid),アカリがやってきたぞっ
select oblige,セレクトオブリージュ
coraline (movie),コラライン
isshou senkin,一勝千金
rpg fudousan,RPG不動産
hate shinaku aoi kono sora no shita de....,果てしなく青い、この空の下で
hatsune miku no gekishou (vocaloid),初音ミクの激唱
zoids shinseiki/zero,ゾイド新世紀/ゼロ
glitch techs,グリッチテックス
valkyrie drive -bhikkhuni-,ヴァルキリードライヴビクニ
kirby and the rainbow curse,タッチ!カービィスーパーレインボー
fantasy life i: the girl who steals time,ファンタジーライフi
nurse angel ririka sos,ナースエンジェルりりかSOS
comic penguin club sanzokuban,COMICペンギンクラブ山賊版
rukiroki,ルキロキ
nanairo reincarnation,なないろリンカネーション
dna^2,D・N・A2
uchuu senkan yamato 2202: ai no senshi-tachi,宇宙戦艦ヤマト2202
chronicle 2nd,クロニクル2番目
asura's wrath,アスラズラース
da capo v,ダ・カーポ5
cop craft: dragnet mirage reloaded,コップクラフト
iya na kao sare nagara opantsu misete moraitai yo wa pantsu ga mitai zo,嫌な顔されながらおパンツ見せてもらいたい〜余はパンツが見たいぞ〜
hao (vocaloid),好
rugrats,ラグラッツ
majo koi nikki,魔女こいにっき
the day of sagittarius,射手座の日
melty+,めるぷら
unmei no clan battle,運命のクランバトル
akibakei kanojo,アキバ系彼女
shining world,輝く世界
iroha uta (vocaloid),いろは唄
no more eiga dorobou,NO_MORE_映画泥棒
parfait chocolat second brew,パルフェ〜ショコラ
alteil,アルテイル
studio tri4,Studio Tri4
my daily life in the otaku club isn't normal,俺のオタク部の日常は普通じゃない
jubei-chan,十兵衛ちゃん
megami-ryou no ryoubo-kun,女神寮の寮母くん。
algodoo,アルゴドゥー
harem gain,ハーレムゲイン
genkai tokki monster monpiece,限界凸騎モンスターモンピース
culdcept,カルドセプト
element hunters,エレメントハンター
zektbach,Zektbach
oniichan no koto nanka zenzen suki janain dakara ne!!,お兄ちゃんのことなんかぜんぜん好きじゃないんだからねっ!!
oshi no love yori koi no love,推しのラブより恋のラブ
aoi umi no tristia,蒼い海のトリスティア
ikazuchi no senshi raidy ii,雷の戦士ライディ2
mashiro botan,マシロ・ボタン
2001 a space odyssey,2001年宇宙の旅
magic maid (synthesizer v),マジック・メイド
grow up show: himawari no circus-dan,グロウアップショウ~ひまわりのサーカス団~
toumei answer (vocaloid),透明アンサー
telepathy (vocaloid),テレパシ
the flintstones,原始家族フリントストーン
purple software,パープルソフトウェア
saint seiya saintia sho,セインティア翔
transformers: robots in disguise (2015),トランスフォーマーアドベンチャー
lady gaga (copyright),レディー・ガガ
chip 'n dale rescue rangers,チップとデールの大作戦
godzilla vs. destoroyah,ゴジラVSデストロイア
popee the performer,ポピーザぱフォーマー
future eve (vocaloid),フューチャー・イヴ
concon-collector,コンコンコレクター
kisaragi attention (vocaloid),如月アテンション
ore wa seikan kokka no akutoku ryoushu!,俺は星間国家の悪徳領主!
kikokugai,鬼哭街
tentacle and witches,テンタクル_アンド_ウィッチーズ
majokko megu-chan,魔女っ子メグちゃん
telecaster b-boy (vocaloid),テレキャスタービーボーイ
voice-ore,ぼいそーれ
hanachirasu,刃鳴散らす
hai yorokonde,はいよろこんで
stardust crusaders (ova),星尘斗士(OVA)
yellow (vocaloid),黄色（ボーカロイド）
the texas chainsaw massacre,悪魔のいけにえ
mazinger z: infinity,マジンガーZ/INFINITY
macross 2,マクロスII
shion no ketsuzoku,シオンの血族
super kirby clash,スーパーカービィハンターズ
choujin gakuen gowcaizer,超人学園ゴウカイザー
buddy complex,バディ・コンプレックス
kimi ga ita kisetsu,君がいた季節
anatatachi soredemo sensei desu ka!,あなた達それでも先生ですかっ!
lunar wing,月の翼
bug (vocaloid),バグ
majin shoujo,魔神少女
toriko no shimai ~midara ni moteasobareru unmei no mayoigo~,虜ノ姉妹
crazy crazy (idolmaster),クレイジークレイジー
gundam breaker mobile,ガンダムブレイカーモバイル
battlefield 4,バトルフィールド4
afterl!fe,Afterl！Fe
lime-iro senkitan,らいむいろ戦奇譚
shachiku-san wa youjo yuurei ni iyasaretai.,社畜さんは幼女幽霊に癒されたい。
hitozuma fuumashi leilan,人妻封魔師麗蘭
mahou shoujo nante mou ii desukara.,魔法少女なんてもういいですから。
seifuku kanojo 2,制服カノジョ2
zangeki no reginleiv,斬撃のREGINLEIV
techgian,テックジャイアン
mamoru-kun ni megami no shukufuku wo!,護くんに女神の祝福を!
inakoi,イナコイ
tail concerto,テイルコンチェルト
sotsual deliheal,卒アルデリヘル
futsutsuka na akujo de wa gozaimasu ga,ふつつかな悪女ではございますが
serious sam,シリアスサム
hamhampangpang,ハムハムパンパン
juusou kikou dancouga nova,ダンクーガノヴァ
great teacher onizuka,グレート・ティーチャー・オニヅカ
superman: the animated series,スーパーマン:アニメイテッド・シリーズ
a kite,アカイト
crystar,クライスタ
inti creates,インティ・クリエイツ
believe again,もう一度信じてください
queen (vocaloid),クイーン（ボーカロイド）
reiwa no dara-san,令和のダラさん
higan: eruthyll,ヒガン:イルシール
the misadventures of tron bonne,トロンにコブン
anima,アニマ
digimon alysion,デジモンアリシオン
kamen rider black sun (series),仮面ライダーBLACKSUN
dark gathering,ダークギャザリング
taiyou no yuusha fighbird,太陽の勇者ファイバード
transformers: super-god masterforce,トランスフォーマー超神マスターフォース
sonic mania,ソニックマニア
digimon adventure -beyond-,デジモンアドベンチャー-BEYOND-
josee to tora to sakana-tachi,ジョゼと虎と魚たち
jiisan baasan wakagaeru,じいさんばあさん若返る
eikyuu hours,永久hours
kaitou joker,怪盗ジョーカー
kangoku (series),カンゴク（シリーズ）
sword art online: hollow realization,ホロウ・リアリゼーション
mahou shoujo to chokorewito (vocaloid),魔法少女とチョコレゐト
amber quartz,アンバークォーツ
dungeon no naka no hito,ダンジョンの中のひと
leadale no daichi nite,リアデイルの大地にて
spacex,スペースX
uncharted,アンチャーテッド
marisa of liartop mountain,ほらふき山の魔理沙
chloe no requiem,クロエのレクイエム
candy boy,キャンディーボーイ
dantalian no shoka,ダンタリアンの書架
godzilla: planet of the monsters,GODZILLA怪獣惑星
konami mecha musume,メカ娘(コナミ)
koakuma teeri to kyuuseishu!?,小悪魔ティーリと救世主!?
uzumaki,うずまき
wanko to kurasou,わんことくらそう
ginga tetsudou no yoru,銀河鉄道の夜
world sportscar championship,スポーツカー世界選手権
osananajimi ni najimitai,幼なじみになじみたい
tiger mask (series),タイガーマスク
survival friends,サーバイバルフレンズ
nanase-chan ntr!,七瀬ちゃんNTR!
sd gundam sangokuden,SDガンダム三国伝
ougon musou kyoku,黄金夢想曲
angel links,星方天使エンジェルリンクス
artificial utopia in ruins,霊長新益京
xp-pen,xp-pen
blue revolver,ブルーリボルバー
pastel (game),ぱすてる
ikenai baito no urajijou,イケないバイトの裏事情
cloud nine inc,株式会社クラウドナイン
kamen rider super-1 (series),仮面ライダースーパー1
seisen no iberia,聖戦のイベリア
netojuu no susume,ネト充のススメ
alicianrone,アリシアンローネ
shangri-la,シャングリラ
wan nyan a la mode!,わんにゃん☆アラモード!_~どっちにするの?わんにゃんHなカフェ事情!~
hokenshitsu no shinigami,保健室の死神
ero ragnarok offline,エロ・ラグナロクオフライン
suzuka,涼風(漫画)
seirei no moribito,精霊の守り人
viper ctr,Viper_CTR_~あすか~
kiddy girl-and,キディ・ガーランド
super robot wars w,スーパーロボット大戦W
dmyotic,dmyotic
concrete revolutio,コンクリート・レボルティオ
mecha shoujo taisen z,メカ少女大戦Z
reverse falls (gravity falls),リバースパインズ
mezzo danger service agency,メゾ
yuusha raideen,勇者ライディーン
rin-chan now! (vocaloid),リンちゃん今！ （ボーカロイド）
gunvolt chronicles luminous avenger ix 2,白き鋼鉄のX2
oshi no tachiba ga irekawaru,推しの立場が入れ代わる
power of three,三力量
koronu korinne,コロヌコリーヌ
uchuu sentai kyuuranger,宇宙戦隊キュウレンジャー
newgrounds,ニューグラウンズ
phantasy star iv,千年紀の終りに
filter-goshi no kanojo,フィルター越しのカノジョ
momotarou dentetsu,桃太郎電鉄
megaton musashi,メガトン級ムサシ
mahoutsukai reimeiki,魔法使い黎明期
mimi no aru robot no uta (utau),耳のあるロボットの唄
hot wheels,ホットウィール
dakishimeru hanabira,抱きしめる花びら
marie & gali,マリー&ガリー
mario & sonic at the olympic games (2007),マリオ&ソニックAT北京オリンピック
gachihame sex shidou,ガチハメSEX指導
one piece everyday,まいにちONEPIECE
pikmin 1,ピクミン1
i my mayday,アイマイメーデー
orient arcadia,オリエント・アルカディア
tadashii kozukuri wo shiranu miraijin no rondo,正しい子作りを知らぬ未来人の輪舞
hinmin choujin kanenashi-kun,民超人カネナシくん
ys iii: wanderers from ys,フェルガナの誓い
yokubari saboten,よくばりサボテン
bokura no taiyou,ボクらの太陽
mega man v,ロックマンワールド5
egoist,エゴイスト
kuro ai,黒愛~一夜妻館・淫口乱乳録~
ys origin,イースオリジン
death angel komachi,死神天使☆えんじぇるこまち
medal of honor,メダルオブオナー
fate/extra last encore,フェイト/エクストララストアンコール
payday 2,給料日2
your throne,惡女的變身
1984 (novel),1984年(小説)
uchi no pet jijou,ウチのペット事情
parasite eve the 3rd birthday,ザ・サードバースデイ
rune factory oceans,ルーン工場の海
infinite blade pavilion,東方鬼葬剣
saijaku tamer wa gomi hiroi no tabi wo hajimemashita,最弱テイマーはゴミ拾いの旅を始めました。
ooya-san wa shishunki,大家さんは思春期
front innocent,フロントイノセント
rio -rainbow gate!-,リオレインボーゲート
mnemosyne,ムネモシュネの娘たち
akikan!,アキカン!
gakuen alice,学園アリス
agarest senki mariage,アガレスト戦記Mariage
bakuryuu sentai abaranger,爆竜戦隊アバレンジャー
the legend of zelda: tri force heroes,トライフォース3銃士
my time at sandrock,きみのまちサンドロック
animaniacs,アニマニアックス
floor ni maou ga imasu,フロアに魔王がいます
the king of fighters '95,ザ・キング・オブ・ファイターズ'95
tick! tack!,ティック！タック！
aquarion logos,アクエリオンロゴス
lump of sugar,ランプオブシュガー
professor layton vs. phoenix wright: ace attorney,レイトン教授VS逆転裁判
fuu'un,風雲スーパータッグバトル
intron depot,イントロンデポ
sukurizo!,すくりぞ!
kemono friends 3: planet tours,けものフレンズ3プラネットツアーズ
company of heroes 2,カンパニー・オブ・ヒーローズ2
crypt of the necrodancer,クリプト・オブ・ネクロダンサー
fighting ex layer,ファイティングEXレイヤー
sd gundam world heroes,SDガンダムワールドヒーローズ
sushiro,スシロー
makemon!,魔けモン!
astlibra revision,神之天平
mahou tsukai ni taisetsu na koto,魔法遣いに大切なこと
dodonpachi daioujou,怒首領蜂大往生
comiket 76,コミケ76
kagamine len no bousou (vocaloid),鏡音レンの暴走
mega man battle network 2,ロックマンエグゼ2
idol janshi suchie-pai,アイドル雀士スーチーパイ
super robot wars mx,スーパーロボット大戦MX
marble creators,Vまぁぶる
gundam requiem for vengeance,機動戦士ガンダム復讐のレクイエム
hero cantare,ヒーロー・カンタレ
big order,ビッグオーダー
maid kyouiku,メイド教育
nyao signyal,ニャオシグニャル
oddloop,オドループ
kimagure mercy (vocaloid),気まぐれメルシィ
beetlejuice,ビートルジュース
oshiete miko sensei,おしえて巫女先生
samurai evolution oukoku geist,桜国ガイスト
powerpuff girls doujinshi,パワーパフガールズドウジンシ
harry potter and the philosopher's stone,ハリー・ポッターと賢者の石
softmax,softmax
my mai tonight,MY舞☆TONIGHT
shikaru neko,しかるねこ
godzilla: final wars,ゴジラFINALWARS
grand theft auto iv,グランドセフトオート4
uchuu keiji gavan,宇宙刑事ギャバン
green day,グリーン・デイ
yi meng jianghu,一梦江湖
shinmai ossan bokensha,新米オッサン冒険者
liar's bar,ライアーズバー
how to draw manga,漫画を描く方法
kirby 30th anniversary music festival,星のカービィ_30周年記念ミュージックフェス
sexy commando gaiden: sugoiyo! masaru-san,セクシーコマンドー外伝すごいよ!!マサルさん
sora no kanata no dystopia,天穹ノ彼方の錬星郷
saturday night live,サタデー・ナイト・ライブ
keiou yuugekitai,けいおうゆうげきたい
rescute,瀕臨絕種團
godzilla singular point,ゴジラS.P
precure all stars f,プリキュアオールスターズF
berl and the candy house,ベルとお菓子の家
kanojo no seiiki,彼女のセイイキ
himitsu ~kuro no chikai~ (vocaloid),秘蜜~黒の誓い~
neo geo,ネオジオ
skype,スカイプ
karisome no shitsuji to koushaku no himegoto,仮初の執事と公爵の秘事
hatsu inu,初犬
kita e,北へ。
toushin toshi iii,闘神都市III
atelier viorate,ヴィオラートのアトリエ
lv1 maou to one room yuusha,Lv1魔王とワンルーム勇者
char's deleted affair,若き彗星の肖像
kanojo ga aitsu ni sareta koto,彼女があいつにされた事
venus rumble,ヴィーナスランブル
wazamonogatari,業物語
sonic advance (series),ソニックアドバンス
penguin musume,ペンギン娘
kemono no souja erin,獣の奏者
world flags,世界の旗
cheetos,チートス
one outs,ワンナウツ
rambo,ランボー
messiah (game),メシア（ゲーム）
pygmalion. (group),ぴぐまりおん。
fortress girl,要塞少女
amesarasa,エメサラサ
kyou ami!,京アミ!
the new prophecy,新预言
agatha christie no meitantei poirot to marple,アガサ・クリスティーの名探偵ポワロとマープル
the last remnant,最後の残党
dreamparty,ドリームパーティ
shoujo shin'iki shoujo tengoku,shoujo shin'iki shoujo tengoku
hitotsu yane no tsubasa no shita de,ひとつ屋根の、ツバサの下で
reizoku ichiba,隷属市場
colorful x melody (vocaloid),カラフルなXメロディ（ボーカロイド）
bullet girls,バレットガールズ
sorauta,そらうた
aoba project,蒼波プロジェクト
tekken revolution,鉄拳レボリューション
chikan saresou ni natteiru s-kyuu bishoujo wo tasuketara tonari no seki no osananajimi datta,痴漢されそうになっているS級美少女を助けたら隣の席の幼馴染だった
jinrou judgment,人狼ジャッジメント
silver and blood,シルブラ
butaotome,豚乙女
hazurewaku no joutai ijou skill de saikyou ni natta ore ga subete wo juurin suru made,ハズレ枠
dragon providence,ドラゴンプロヴィデンス
sonic battle,ソニックバトル
gundam f90,機動戦士ガンダムF90
glitch productions,グリッチ・プロダクションズ
aruruu to asobo!!,アルルゥとあそぼ!!
gaia gear,ガイア・ギア
tekken 3,鉄拳3
shuusou gyoku,しゅうそうぎょく
kikaider (series),人造人間キカイダー
universal studios,ユニバーサル・ピクチャーズ
ultraman ginga (series),ウルトラマンギンガ
vanishing reality (satou kuuki),乙女銀星ルミフォニア
clock tower (series),クロックタワー
code: dragon blood,ドラブライラコンFA
saijo no osewa,才女のお世話
fallout 76,フォールアウト76
juuken sentai gekiranger,獣拳戦隊ゲキレンジャー
guild wars 2,ギルドウォーズ2
sanguo romance,三国ロマンス
godzilla vs. biollante,ゴジラvsビオランテ
sex underworld e youkoso!,セックスアンダーワールドへようこそ!
hana himeru kimi no meteor,花秘める君のメテオール
psychic force,サイキックフォース
amatsu misora ni!,アマツミズーラni！
ooi! tonbo,オーイ!とんぼ
linda cube,リンダキューブ
sweet pool,スウィートプール
soreyuke! uchuu senkan yamamoto youko,それゆけ!宇宙戦艦ヤマモト・ヨーコ
kokoro rista!,こころリスタ!
transformers: earthspark,トランスフォーマーアーススパーク
tsurugihime,つるぎ姫
otogi:spirit agents,陰陽おとぎソール
acute (vocaloid),急性（ボーカロイド）
tech win,テックウィン
mirai nostalgia,ミライ・ノスタルジア
it's always sunny in philadelphia,フィラデルフィアは今日も晴れ
the king of fighters '96,ザ・キング・オブ・ファイターズ'96
nee chanto shiyou yo!,姉、ちゃんとしようよっ!
mega man: dual override,ロックマン:_デュアル
eufonie,ユーフォニー
kabe ni hamatte ugokenai!,壁にはまってうごけない!
etsusa oohashi,越佐大橋
hakata no shio,伯方の塩
spica (vocaloid),スピカ（ボーカロイド）
uniteup!,ゆーゆー
another project,別のプロジェクト
watashi no oniichan,週刊わたしのおにいちゃん
akiba's trip the animation,AKIBA'STRIP(アニメ)
little armory,リトルアーモリー
pieces (series),ピース（シリーズ）
seifuku rakuen,制服楽園
under ground,地下
battle of titans,バトルオブタイタンズ
utsunomiya-sen meguri,宇都宮線巡り
bokura no 16bit warz (vocaloid),ぼくらの16bit戦争
juvenile (vocaloid),ジュブナイル
wixoss diva(a)live,Wixoss Diva（a）ライブ
asura cryin',アスラクライン
animal yokochou,アニマル横町
yubisaki to renren,ゆびさきと恋々
yubisaki connection,ゆびさきコネクション
red ninja,紅忍_血河の舞
glow (vocaloid),グロー（ボーカロイド）
xg (group),エックスジー
pokemon 4ever - celebi: the voice of the forest,セレビィ時を超えた
kimi to boku no saigo no senjou arui wa sekai ga hajimaru seisen,キミと僕の最後の戦場、あるいは世界が始まる聖戦
shanti (vocaloid),シャンティ
becoming a god in the zerg world by livestreaming bl novels,直播写纯爱文的我在虫族封神
threefold recital,三相奇谈
chouriki sentai ohranger,超力戦隊オーレンジャー
astro bot (series),アストロボット
tsujidou-san no jun'ai road,辻堂さんの純愛ロード
tengai makyou,天外魔境
machine robo chronos no dai gyakushuu,クロノスの大逆襲
meg's monster,メグとばけもの
peace maker kurogane,ピスメ
pleasant goat and big big wolf,喜羊羊与灰太狼
suzukuri karin-chan,巣作りカリンちゃん
nemesis no juukou (vocaloid),ネメシスの銃口
clover days,クローバーの日
mahou shoujo madoka magica: concept movie,コンセプトムービー
shin mazinger shougeki! z-hen,真マジンガー衝撃!Z編
virtual dimension project,虚拟次元计划
stop!! hibari-kun!,ストップ!!ひばりくん!
kamen rider battle,仮面ライダーバトル
the fantastic four: first steps,ファンタスティック4:ファースト・ステップ
futamata ren'ai,フタマタ恋愛
turn of the golden witch,黄金の魔女のターン
airy production,エアリープロダクション
nioh,仁王(ゲーム)
hen-shin-shou-jo metamol maiden,変・身・少・女メタモルメイデン
treasure island,トレジャー・アイランド
south park: the stick of truth,サウスパーク：真実の棒
time gal,タイムギャル
tokyo insomnia,東京インソムニア
code geass: lost colors,コードギアス：失われた色
ubuntu,ubuntu
hello kitty to issho!,イスシャにハローキティ！
blue seed,ブルーシード
gall force,ガルフォース
final fantasy crystal chronicles: echoes of time,ファイナルファンタジークリスタルクロニクルエコーズ・オブ・タイム
hana wa saku shura no gotoku,花は咲く、修羅の如く
baywatch,ベイウォッチ
ourai no gahkthun,黄雷のガクトゥーン
hitoribocchi no isekai kouryaku,ひとりぼっちの異世界攻略
the dark knight rises,ダークナイトライジング
grenadier (manga),グレネーダー
seijo no maryoku wa bannou desu,聖女の魔力は万能です
game-style,ゲームスタイル
kid icarus (nes),パルテナの鏡
guilty princess,有罪の王女
phoenix ranger featherman,不死鳥戦隊フェザーマン
tales of phantasia: narikiri dungeon x,テイルズオブファンタジアなりきりダンジョンX
shining ark,シャイニング・アーク
aikatsu! photo on stage!!,アイカツ!フォトonステージ!!
marasy,まらしぃ
hatsukoi limited,初恋限定。
kunoichi demo koi ga shitai (vocaloid),クノイチでも恋がしたい
otomedius excellent,オトメディウスX
sugar conflict,シュガーコンフリクト
bad end night (vocaloid),バッドエンドナイト（ボーカロイド）
otome no teikoku,オトメの帝国
venus blood,ヴィーナスブラッド
bounen no xam'd,亡念のザムド
shintaisou,新体操(真)
niconico rpg,ニコニコRPG
zettai shougeki,プラトニックハート
magical drop,マジカルドロップ
girl arms,女の子の腕
megachu!,めがちゅ!
3ldkm,3ldkm
clover (game cg),クローバー（ゲームCG）
sekien no inganock,赫炎のインガノック
princess witches,プリンセスうぃっちぃず
seinarukana,聖なるかな
soniani,ソニアーニ
red corruption,レッドコラプション
all you need is kill,オールユーニードイズキル
bukkake! doshikoring minuki max acme shite mo ii desu ka,BUKKAKE!ドシコリングMINUKIマックスアクメしてもいいですか?
alice in cradle,アリクレ進捗どうですか
also sprach zarathustra (neco),また、ザラトゥストラをスプロッハ（neco）
capcom fighting allstars,カプコンファイティングオールスターズ
ms. marvel (series),Ms.マーベル
spider-man 3,スパイダーマン3
mighty switch force!,マイティースイッチフォース!
bitter choco decoration (vocaloid),ビターチョコデコレーション
slavic mythology,スラヴ神話
pokemon: arceus and the jewel of life,アルセウス超克の時空へ
anata ni koi suru ren'ai recette,あなたに恋する恋愛ルセット
acro trip,アクロトリップ
electric angel (vocaloid),えれくとりっく・えんじぇぅ
wonder boy,ワンダーボーイ
the first descendant,ザファーストディセンダント
detective pikachu (game),名探偵ピカチュウ
new super mario bros. wii,NewスーパーマリオブラザーズWii
licca-chan (franchise),リカちゃん
doukoku soshite...,慟哭そして...
kukkorodays,くっころでいず
nuclear throne,核玉座
atarashii gakkou no leaders,新しい学校のリーダーズ
duke nukem (series),デュークニュッケム
gran turismo,グランツーリスモ
mario tennis: ultra smash,マリオテニスウルトラスマッシュ
alita: battle angel,アリタ：バトルエンジェル
vitruvian man,ウィトルウィウス的人体図
shoot the bullet,東方文花帖
rilu rilu fairilu,リルリルフェアリル
phasmophobia (game),ファズモフォビア
uso kara hajimaru koi no natsu,嘘から始まる恋の夏
chotto dake ai ga omoi dark elf ga isekai kara oikakete kita,ちょっとだけ愛が重いダークエルフが異世界から追いかけてきた
rai rai rai,雷雷雷
ryuu ga gotoku ishin!,龍が如く維新!
nokia (company),ノキア
transformers: war for cybertron trilogy,トランスフォーマー:ウォー・フォー・サイバトロン・トリロジー
futanari no elf,フタナリのエルフ
selection project,セレプロ
pixiv cat kingdom,【ぴくネコ】
goof troop,パパはグーフィー
chicchana yukitsukai sugar,ちっちゃな雪使いシュガー
pia carrot e youkoso!! 2,Pia♥キャロットへようこそ!!2
comic penguin cereb,COMICペンギンクラブ
hen zemi,変ゼミ
shoujo fractal,少女フラクタル
yoshi's new island,ヨッシーNewアイランド
toaru majutsu no virtual-on,とある魔術の電脳戦機
gundam side story: missing link,機動戦士ガンダム外伝ミッシングリンク
danmaku!!,ダンマク!!
the king of fighters 2003,ザ・キング・オブ・ファイターズ2003
pretty x cation,プリティケーション
natsuzora no perseus,夏空のペルセウス
nakau,なか卯
dragon slayer (series),ドラゴンスレイヤー
moto gp,モトGP
howl's moving castle (novel),魔法使いハウルと火の悪魔
boku no mirai wa koi to kakin to,僕の未来は、恋と課金と。
hachinan tte sore wa nai deshou!,"八男って,それはないでしょう!"
violet detector,秘封ナイトメアダイアリー_〜_Violet_Detector
chuuka ichiban!,中華一番
boston dynamics,ボストン・ダイナミクス
mochiyama kingyo,もち山金魚
jibun no koto ga katte ni manga ni sareteru onnanoko,自分の事が勝手に漫画にされてる女の子
suiren to shion,水蓮と紫苑
agarest senki zero,アガレスト戦記ZERO
the third,ザ・サード
shikabane hime,屍姫
r g b,R G b
final fantasy xii revenant wings,ファイナルファンタジーXIIレヴァナント・ウイング
iolite link,アイオライトリンク
petopetosan,ぺとぺとさん
clock lock works (vocaloid),クロックロックワークス（ボーカロイド）
shikigami no shiro,式神の城
zankyou no terror,残響のテロル
birdie wing: golf girls' story,バーディウィング
imouto tasha paranoia,妹、他者、パラノイア
devil summoner (game),真・女神転生デビルサマナー
golden sun: dark dawn,漆黒なる夜明け
mugen no juunin,無限の住人
pokemon the movie: volcanion and the mechanical marvel,ボルケニオンと機巧のマギアナ
ultraman 80 (series),ウルトラマン80
dissidia final fantasy nt,ディスディアファイナルファンタジーnt
ai limit,無限機兵
otaku ni yasashii gal wa inai!?,オタクに優しいギャルはいない!?
code:realize,Code:Realize〜創世の姫君〜
fire emblem: archanea saga,アカネイア戦記
sadistic music factory (vocaloid),わがまま工場長
minna de zutto shiawase ni kazoku de issho ni tanoshii party wo,みんなでずっと幸せに、家族で一緒に、楽しいパーティを。
taihaiteki jinsei sanka (utau),退廃的人生讃歌
illit,アイリット
singin' in the rain,雨に唄えば
touhou igyoukyo,東方異形郷
oyomeholic (nerissa ravencroft),お嫁♡HOLIC
arcade gamer fubuki,アーケードゲーマーふぶき
tild - mage a louer,ティルド - 魔術師ルーアー
maruchan (brand),マルちゃん
majo puri ~anata no seieki zenbu shiboritotte agechau!~,まじょ☆プリ~アナタの精液、ぜんぶ搾り取ってあげちゃう!~
double dragon,ダブルドラゴン
noctilucent: before dawn,ノクティルセント
end of the golden witch,黄金の魔女の終わり
ash echoes,アッシュエコーズ
big mukimuki & small muchimuchi,大きいムキムキ小さいむちむち
shoujo hatsudouki,少女発動機
yoshinaga-san'chi no gargoyle,Yoshinaga-San'Chi Gargoyle no
sora wo matotte,空をまとって
star fox 2,スターフォックス2
"hazure skill ""kinomi master"": skill no mi (tabetara shinu) wo mugen ni taberareru you ni natta ken ni tsuite",外れスキル《木の実マスター》~スキルの実(食べたら死ぬ)を無限に食べられるようになった件について~
sonic the hedgehog 2 (movie),ソニックVSナックルズ
road to dragons,ロード・トゥ・ドラゴン
yuukoku no moriarty,憂国のモリアーティ
asu no yozora shoukaihan (vocaloid),アスノヨゾラ哨戒班
a clockwork orange,時計じかけのオレンジ
darius burst,ダライアスバースト
grandia iii,グランディアiii
jinzou enemy (vocaloid),人造エネミー
mrs.pumpkin no kokkei na yume (vocaloid),Mrs.Pumpkinの滑稽な夢
theater ikizama,シアター生き様
new getter robo,新ゲッターロボ
sengoku koihime x,戦国†恋姫X
shingeki no bahamut: virgin soul,神撃のバハムートVIRGINSOUL
benriya saitou-san isekai ni iku,便利屋斎藤さん、異世界に行く
digimon adventure v-tamer 01,デジモンアドベンチャーVテイマー01
pixiv's virtual youtuber audition,バーチャルYouTuberオーディション
sengoku youko,戦国妖狐
choro-q,チョロQ
house of the dead,ザ・ハウス・オブ・ザ・デッド
pythagora-switch,ピタゴラスイッチ
team kirby clash deluxe,みんなで!カービィハンターズZ
beatus creation,びたうぃーく
mirolive,ミロライブ台湾
wolfenstein (series),ウルフェンシュタイン
hdoom,hdoom
gundou musashi,GUN道
yuukyuu no euphoria,悠久のユーフォリア
studio khara,スタジオカラ
isekai cheat magician,異世界チート魔術師
mirror's edge,EAに提出しようか
red hood (kawaguchi),レッドフード(漫画)
akitaland gothic,アキタランド・ゴシック
otto no inu aida ni... ~watashi odosarete anata ni ienai koto shimashita~,夫の居ぬ間に...
aki no jikan,あっきのじかん
same ningen,サメ人間
marisa to alice no cookie storia,魔理沙とアリスのクッキー☆ストーリア
breakers,ブレイカーズ
jewel knights,宝石の騎士
scho-ka-kola,ショカコーラ
mean girls,ミーン・ガールズ
care bears,ケアベア
lyrical ds,叙情的なds
soshite ashita no sekai yori,そして明日の世界より―
butterfly cat,バタフライキャット
constantine (series),コンスタンティン
shiki no akari,識ノ灯リ
dai mahou touge,大魔法峠
onee-chan no yuuwaku,如月真綾の誘惑
mamiya-kunchi no itsutsugo jijou,間宮くんちの五つ子事情
uchi wa mou enki dekinai.,ウチはもう、延期できない。
boku wa ohime-sama ni narenai,僕はお姫様になれない
myholo tv,myholoテレビ
tokyo joshi pro wrestling,東京女子プロレス
lavie (vocaloid),ラヴィ
castlevania: harmony of dissonance,キャッスルヴァニア白夜の協奏曲
fantasy zone,ファンタジーゾーン
hijinrui gakuen,非人類学園
hajimeru sekai no risouron,はじめるセカイの理想論
kagurai ~kagura and raito~,カグライ
taishou x alice,大正×対称アリス
chicago bulls,シカゴ・ブルズ
japan airlines,日本航空
who wants to be a millionaire?,クイズ$ミリオネア
koi wa sekai seifuku no ato de,恋は世界征服のあとで
les miserables,レ・ミゼラブル
dig dug,ディグダグ
lemon melon cookie (vocaloid),レモン・メロン・クッキー
armed fantasia,アームドファンタジア
yuusha party wo oidasareta kiyoubinbou,勇者パーティを追い出された器用貧乏
cheat kusushi no slow life,チート薬師のスローライフ~異世界に作ろうドラッグストア~
shinda otto ga mushi ni tensei shite ita kudan,死んだ夫が虫に転生していた件
sad girl sex (vocaloid),サッドガール・セックス
aisarenakute mo kimi ga iru (vocaloid),愛されなくても君がいる
clevatess: majuu no ou to akago to shikabane no yuusha,クレバテス
power pro-kun pocket 7,パワポケ7
dakikano,ダキカノ
mental omega (mod),メンタル・オメガ
paffendorf,アッーウッウッイネイネ
heike monogatari,平家物語(アニメ)
re:zero kara hajimeru isekai seikatsu witch's re:surrection,リゼウィチ
pokemon: paldean winds,放課後のブレス
kingyo chuuihou!,きんぎょ注意報!
arifureta sekai seifuku (vocaloid),ありふれたせかいせいふく
ryuusei world actor,流星ワールドアクター
nyanko days,にゃんこデイズ
golden marriage,黄金の結婚
weiss kreuz,ヴァイスクロイツ
acca 13-ku kansatsu-ka,ACCA13区監察課
fuuzoku katsudou,風紀委員とフーゾク活動_風紀を守る為に継続的に行う活動
whispered oracle of hakurei shrine,東方幻存神籤
ryuu ga gotoku 2,龍が如く2
god hand,ゴッドハンド
mario + rabbids kingdom battle,マリオ+ラビッツ_キングダムバトル
sakigake!! otokojuku,魁!!男塾
batman beyond,バットマン・ザ・フューチャー
haruchika,ハルチカ
kangoku senkan 2,監獄戦艦2
onimusha: dawn of dreams,Onimusha：Dawn of Dreams
makai wars,魔界ウォーズ
yamada-kun to lv999 no koi wo suru,山田くんとLv999の恋をする
nebula beat,星律动
idol x idol story!,アイスト
radiant historia,ラジアントヒストリア
the nutcracker,くるみ割り人形(バレエ)
gouhou yuri fuufu hon,合法百合夫婦本
aviator girls,アヴィエイターガールズ
dragon quest monsters 3,ドラゴンクエストモンスターズ3
kin no kutsu gin no kutsu,金の靴銀の靴
the thinker,考える人
new super mario bros.,NEWスーパーマリオブラザーズ
akutoku kenshikan no temoto ni todoketa okashii na itai no ohanashi,悪徳検死官の手元に届けたおかしいな遺体のお話
picarto.tv,picarto.tv
akuma ouji to ayatsuri ningyou,悪魔王子と操り人形
hyper police,はいぱーぽりす
mahou shounen miracle hachirou,マホウ・ショーネンの奇跡のhachirou
junjou etching,純情エッチング
mx0,エムゼロ
aqua teen hunger force,アクア・ティーン・ハンガー・フォース
garo: vanishing line,牙狼VL
kuroshio current,クロシオカレント
summer lesson,サマーレッスン
drunken master,醉拳
wargaming japan,日本のウォーゲーミング
kuusou code plus,空想コードプラス
macross: the first,マクロスザ・ファースト
tartaros online,タルタロス
harukazedori ni tomarigi wo,harukazedori ni tomarigi wo
ore no natsuyasumi,おれのなつやすみ
japan animator expo,日本アニメ(ーター)見本市
nagisano,ナギサの
starlight (love live!),Starlight(朝香果林)
doukyuusei (manga),同級生
devil may cry (anime),デビルメイクライ(アニメ)
kuro ageha,くろアゲハ
kakusei kenkyuu idol lab,覚醒研究☆アイドルラボ
studio pierrot,スタジオぴえろ
clash royale,クラッシュ・ロワイヤル
pokemon: destiny deoxys,裂空の訪問者デオキシス
dengeki online,電撃オンライン
dengeki daioh,月刊コミック電撃大王
devil janai mon (vocaloid),デビルじゃないもん
re:zero kara oboreru isekai seikatsu,オボレル
balala the fairies,巴啦啦小魔仙
one room hiatari futsuu tenshi-tsuki,ワンルーム、日当たり普通、天使つき。
pokemon battle revolution,バトレボ
the shawshank redemption,ショーシャンクの空に
fate/grand order waltz in the moonlight/lostroom,月明かりの中での運命/大秩序ワルツ/ロストルーム
kaguyano,カグヤノ
shiro no musume (vocaloid),白ノ娘
hirohako,ひろはこ
the last guardian,人喰いの大鷲トリコ
king of the hill,キング・オブ・ザ・ヒル
guardians of the videogame,电子游戏守护者
armored core 4,アーマードコア4
konchuu kansatsu,昆蟲姦察
hyakujuu-ou golion,百獣王ゴライオン
animal crossing: new leaf,とびだせどうぶつの森
nohara hiroshi hirumeshi no ryuugi,野原ひろし_昼メシの流儀
koukou tekken-den tough,高校鉄拳伝タフ
robot hunter casshern,ロボット・ハンター・キャシャーン
urami koushin (utau),うらみ交信
toriko no hime,虜ノ姫~淫魔の調律~
the great gatsby,華麗なるギャツビー
castlevania iii: dracula's curse,悪魔城伝説
revived witch,复苏的魔女
cute na kanojo (cevio),キュートなカノジョ
take moon,テイクムーン
ningen fushin no renkinjutsushi to moto heishi no homunculus,人間不信の錬金術師と元兵士のホムンクルス
the casagrandes,ザ・カサグランデス
fate/extra record,運命/余分な記録
ragnarok online 2: legend of the second,ラグナロクオンライン2
town musicians of bremen,ブレーメンの音楽隊
lumina prognosis,ルミナプログノシス
niizuma lovely x cation,新妻ラブリーケーション
battlefield 3,バトルフィールド3
dame inu kanojo,ダメ犬彼女
kimagure temptation 2,きまテン2
kaze ga tsuyoku fuiteiru,風が強く吹いている
bioshock 1,バイオショック1
inu ni nattara suki na hito ni hirowareta,犬になったら好きな人に拾われた。
suika (visual novel),水夏
goddess paradise,ガーデス·パラダイス
eastnewsound,イーストニューサウンド
sazanami no shoujo-tachi,さざ波の少女たち
knives out,荒野行动
eiyuu chronicle,英雄クロニクル
boxboy!,ハコボーイ!
project winter,V雪人狼
neko no wakusei,neko no wakusei
kokurikozaka kara,コクリコ坂から
ecchi na bunny-san wa kirai?,エッチなバニーさんは嫌い?
nicomi.com,nicomi.com
dead space 2,デッドスペース2
ayakashi hyakkiyakou,あやかし百鬼夜行
onimonogatari,鬼物語
hikaru ga chikyuu ni itakoro,ヒカルが地球にいたころ......
manaka de ikuno!!,愛佳でいくの!!
windmill (company),ういんどみる
meteos,メテオス
wild arms: million memories,ワイルドアームズミリオンメモリーズ
gakuen kino,学園キノ
thedoujin,Thedoujin
shinkyoku soukai polyphonica aphonic songbird,神曲奏界ポリフォニカエイフォニック・ソングバード
fragtime,フラグタイム
inma kourin devil carnival,淫魔降臨デビル☆カーニバル
call of duty: modern warfare 3,コールオブデューティモダン・ウォーフェア3
yuyukana,ユユカナ
meiji tokyo renka,めいこい
hajilove -making lovers-,ハジラブ_-Making*Lovers-
brooklyn nine-nine,ブルックリン・ナイン-ナイン
intelli village no zashiki-warashi,インテリビレッジの座敷童
samurai flamenco,サムライフラメンコ
patriarch xtasy,パトリアークエクスタシー
sangokushi ranbu,三国志乱舞
galilei donna,ガリレイドンナ
orichalcum reycal,オリハルコンレイカル
nekorindou,猫りん堂
madou monogatari ars,魔導物語_ars
sonic the hedgehog 2,ソニック・ザ・ヘッジホッグ2
ichijouma mankitsu gurashi!,一畳間まんきつ暮らし!
poker chase,ポーカーチェイス
dolls nest,ドールズネスト
shantae advance: risky revolution,シャンティアドバンス:リスキーレボリューション
shinkansen henkei robo shinkalion z,シンカリオンZ
mission mermaiden,ミッションマーメイデン
jouzai (tooboe),錠剤
action heroine cheer fruits,アクションヒロインチアフルーツ
kajiri kamui kagura,神咒神威神楽
love fetish,フェチが大好きです
meakashi-hen,目明し編
honkou no zen joshi seito no ue no kuchi to shita no kuchi wa nakayoshi houdai datte shitteru no wa ore dake?!,本校の全女子生徒の上の口と下の口は仲良し放題だって知ってるのは俺だけ?!
hokuto no ken: shinpan no sousousei kengou retsuden,AC北斗の拳
men's young,メンズヤング
issho ni gohan tabetai,いっしょにゴハン食べたいッ
artificial academy 2,ジンコウガクエン2
ultraman fusion fight!,ウルトラマンフュージョンファイト!
kuusen madoushi kouhosei no kyoukan,空戦魔導士候補生の教官
violated heroine,VHゲーム01
imitation lover,イミテーション・ラバー
fujimaru ritsuka wa wakaranai,藤丸立香はわからない
toumei na yoru ni kakeru kimi to me ni mienai koi wo shita,透明な夜に駆ける君と、目に見えない恋をした。
sousei no onmyouji,双星の陰陽師
houkago himitsu club,放課後ひみつクラブ
cardfight!! vanguard: overdress,カードファイト!!ヴァンガードoverDress
shoumetsu toshi 2,消滅都市2
indycar series,インディカー・シリーズ
monster company,モンスターカンパニー
senryuu shoujo,川柳少女
wordgirl (series),ワードガール
seventh happiness,ななはぴ公式
hoshi no suna monogatari 3,星の砂物語3
fuuun ishin dai shogun,風雲維新ダイ☆ショーグン
ginga (franchise),銀牙
condor trilogy,射鵰三部曲
black rock shooter fragment,ブラック★ロックシューターFRAGMENT
salaryman ga isekai ni ittara shitennou ni natta hanashi,サラリーマンが異世界に行ったら四天王になった話
kuragehime,海月姫
windows 8,ウィンドウズ8
super robot wars x,スーパーロボット大戦X
sha po lang,杀破狼
ayashimon,アヤシモン
009 re:cyborg,009 Re：Cyborg
bistro cupid (series),ビストロ・きゅーぴっと
kyoushoku soukou guyver,強殖装甲ガイバー
tokoshie bullet,永久×バレット
drapri guu-ta-life,竜姫ぐーたらいふ
miss surfersparadise,ミスサーファーパラダイズ
touhou musou kakyou,夢想夏郷
youkai watch: punipuni,妖怪ウォッチぷにぷに
nanatsu no maken ga shihai suru,七つの魔剣が支配する
super bunny man,スーパーバニーの男
no straight roads,ノーストレートロード
kanata no astra,彼方のアストラ
after sweet kiss,甘いキスの後
programming live broadcast,プログラミング生放送
tsumugu otome to taishou no tsuki,紡ぐ乙女と大正の月
heat-soft,ヒートソフト
pppppp,ピピピピピピ
dominion (manga),特捜戦車隊ドミニオン
rust (game),さび（ゲーム）
nein (album),Nein（アルバム）
hidan no aria aa,緋弾のアリアAA
kaze no stigma,風の聖痕
pc angel,PCエンジェル
the a-team,特攻野郎Aチーム
shirokami gakuen,【しろかみ学園】
land of caromag,魔卡领域
happy margaret!,はっぴぃ☆マーガレット!
mario + rabbids sparks of hope,マリオ+ラビッツ_スパークスオブホープ
star conflict,星の対立
growlanser vi,グローランサーVI
deadpool (movie),デッドプール（映画）
centaur no nayami,セントールの悩み
scary campus college university,スケアリー・キャンパス・カレッジ・ユニバーシティ
spelunker,スペランカー
aneimo,あねいも
ufo princess valkyrie,円盤皇女ワるきゅーレ
komorebi ni yureru tamashii no koe,こもれびに揺れる魂のこえ
baroque (series),バロック
penguin highway,ペンギン・ハイウェイ
cafe little wish,カフェリトルウィッシュ
assassin's creed: brotherhood,アサシンクリードブラザーフッド
hare-kon.,ハレ婚
kimi no tonari de koishiteru!,キミのとなりで恋してる!
shoujo-tachi wa kouya wo mezasu,少女たちは荒野を目指す
daydream show,Daydream Show
majin bone,マジンボーン
diverse system,多様なシステム
tiger mask w,タイガーマスクW
baka ni kokuhaku,バカに告白
icy (love live!),アイシイ
mario hoops 3-on-3,マリオバスケ3on3
nanako sos,ななこSOS
gacha life,ガチャライフ
sekai de ichiban tsuyoku naritai!,世界でいちばん強くなりたい!
hajirau kimi ga mitainda,恥らう君が見たいんだ
musou orochi: maou sairin,無双OROCHI魔王再臨
doraemon: nobita to tetsujin heidan,のび太と鉄人兵団
midsommar,ミッドサマー
konoha no sekai jijou (vocaloid),コノハの世界事情
liar liar,ライアー・ライアー
secret love (kari),シークレットラブ(仮)
sword world 2.5,ソード・ワールド2.5
oyasai yousei to manabu yasai no chishiki zukan,おやさい妖精とまなぶ野菜の知識図鑑
akage (vocaloid),赤毛
tsumi to batsu (vocaloid),罪と罰
banner of the maid,聖女戦旗
sakanaction,サカナクション
the very hungry caterpillar,はらぺこあおむし
burning force,バーニングフォース
virtual talent academy,バーチャル・タレント・アカデミー
taishou otome otogibanashi,大正オトメ御伽話
dragon's dogma 2,ドラゴンズドグマ2
zanki (zutomayo),残機
jk bitch ni shiboraretai,JKビッチに搾られたい
kurokami,黒子
twin angels,淫獣聖戦シリーズ
brandish,ブランディッシュ
magical explorer,マジカル★エクスプローラー
deaimon,であいもん
kuon no kizuna,久遠の絆
musekinin kanchou tylor,無責任艦長タイラー
zettai bl ni naru sekai vs zettai bl ni naritakunai otoko,絶対BLになる世界VS絶対BLになりたくない男
kunoichi (game),久野（ゲーム）
koufukuron (love live!),咬福論
beck,ベック
freedom planet 1,自由星球1
akiba's trip 2,アキバズトリップ2
cing,Cing
hotel dusk,ウィッシュルーム
muryoku seijo to munou oujo,無力聖女と無能王女
haydee (game),ヘイディー（ゲーム）
hyakunichigo ni shinu wani,100日後に死ぬワニ
mona lisa no zaregoto,モナ・リザの戯言
high card,ハイカード
after the rain,そらいろまふらー
puchi puri yucie,ぷちぷり*ユーシィ
dekkano!!,でっかの!!
queendom (love live!),Queendom（Love Live！）
dekoboko majo no oyako jijou,でこぼこ魔女の親子事情
bara to tsubaki,薔薇と椿
seifuku!,せいふく!
lord of walkure,ロードオブワルキューレ
missing stars,行方不明の星
nodame cantabile,のだめカンタービレ
yog-sothoth's yard,犹格索托斯的庭院
dust: an elysian tail,ほこり：エリシアンの尾
ranpo kitan,乱歩奇譚
abysmal,アビスマル
real madrid,レアル・マドリード
marinasu,まりなす
twinkle star sprites,ティンクルスタースプライツ
reversible,可逆
zaiyuki,在勇気
monochro blue sky (vocaloid),モノクロ∞ブルースカイ
+tic nee-san,+チック姉さん
aoki uru,蒼きウル
honneamise no tsubasa,オネアミスの翼
eden no ori,エデンの檻
killer instinct (2013),キラーインスティンクト
nana to kaoru,ナナとカオル
den'ei shoujo,電影少女
maple colors,メイプルカラーズ
natsuyasumi.,ナツヤスミ.
kodomo no omocha,こどものおもちゃ
lab zero games,ラボゼロゲーム
dnangel,D・N・ANGEL
morning musume,モーニング娘。
10000 kounen sougankyou,10000光年双眼鏡
girls book maker ~shiawase no libretto~,ガールズ・ブック・メイカー-幸せのリブレット-
nakahara-kun no kahogo na imouto,中原くんの過保護な妹
himitsu sentai gorenger,秘密戦隊ゴレンジャー
hello lady,ハロー・レディ!
momoiro guardian,ももいろガーディアン
t-shi no hanashi wo shinjiru na (vocaloid),T氏の話を信じるな
kyuu & ei (utau),求&影
onmyoji arena,决战!平安京
shijou saikyou no daimaou murabito a ni tensei suru,史上最強の大魔王、村人Aに転生する
sannen z-gumi ginpachi sensei,3年Z組銀八先生
deltora quest,デルトラクエスト
primal hearts 2,Primal Hearts 2
club suicide,クラブ・スーサイド
project grimms,おえかきぐりむ
power pro-kun pocket 8,パワポケ8
uchuu senshi baldios,宇宙戦士バルディオス
zatsu tabi,ざつ旅
saints row,セインツロウ
guardians of the galaxy vol. 3,ガーディアンズ・オブ・ギャラクシー:VOLUME_3
love death + robots,Death + Robotsが大好きです
iron maiden (band),アイアン・メイデン
before crisis: final fantasy vii,ビフォアクライシス
minesweeper,マインスイーパ
karakara (game),カラカラ
hasu no sora jogakuin school idol club osanpo nikki,蓮ノ空女学院スクールアイドルクラブお散歩日記
yuusha exkaiser,勇者エクスカイザー
natsumi step!,なつみSTEP!
asadoke no majo,朝溶けの魔女
microman,ミクロマン
alice in musicland (vocaloid),ミュージックランドのアリス（ボーカロイド）
digimon linkz,デジモンリンクス
koi to mahou to kanrinin,恋と魔法と管理人
pluto (manga),プルートウ
transformers: the movie,トランスフォーマーザ・ムービー
friend girl friend,フレンドガールフレンド
madou king granzort,魔動王グランゾート
dong-jin rice-hime,東津萌米
littlest pet shop (2012),リトレストペットショップ
nozomanu fushi no boukensha,望まぬ不死の冒険者
bukiyou na senpai,不器用な先輩。
parasite eve ii,パラサイト・イヴ2
ido e itaru mori e itaru ido,イドへ至る森へ至るイド
nioh 2,仁王2
moeoh ex,萌王EX
sukeban deka,スケバン刑事
mist sequence,ミストシーケンス
twilight (series),トワイライト
hi hi puffy amiyumi,ハイ!ハイ!パフィー・アミユミ
tokyo blade (oshi no ko),東京ブレイド
evangelion: 30th anniversary special performance,エヴァンゲリオン放送30周年記念特別興行
streets of rage 4,ベア・ナックルIV
kamitsubaki city under construction,神椿市建設中。
vestaria saga,ヴェスタリアサーガ
ireisu,いれいす
girls frantic clan,ガールズフランティッククラン
chiisana kanojo no serenade,ちいさな彼女の小夜曲
cutie honey flash,キューティーハニーF
warioware: move it!,超おどるメイドインワリオ
steamboat willie,蒸気船ウィリー
suufunkan no yell wo,数分間のエールを
attouteki yuugi mugen souls z,圧倒的遊戯ムゲンソウルズZ
rune factory 2,ルーンファクトリー2
cuisine dimension,キュイディメ
mr. bean (series),Mr.ビーン
project soul,代号境
kono koi ni kizuite,この恋に気づいて
yu-gi-oh! 3d bonds beyond time,超融合!時空を越えた絆
sonic riders: zero gravity,ソニックライダーズシューティングスターストーリー
hikari to mizu no daphne,光と水のダフネ
national hockey league,ナショナルホッケーリーグ
aoi sora no neosphere,蒼い空のネオスフィア
afghanis-tan,あふがにすタン
hikounin sentai akibaranger,非公認戦隊アキバレンジャー
30-sai made doutei dato mahoutsukai ni nareru rashii,チェリまほ
bible bullet,神代梦华谭
finding nemo,ファインディング・ニモ
irodori koukou gasshoubu yori,いろどり高校合唱部より
chowder (series),チャウダー
smile cubic!,すまいるCubic!
taco bell,タコベル
uchuu kaizoku sara,宇宙海賊サラ
period,ピリオド
bokura wa minna kawaisou,僕らはみんな河合荘
futago no haha seihonnou,双子ノ母性本能
kyonyuu fantasy burst,ファンタジーバースト
assassin's creed: revelations,アサシンクリードリベレーション
downer onee-san wa asobitai,ダウナーお姉さんは遊びたい
yuuryou bukken mou dame sou,優良物件もうダメ荘
arcana famiglia,アルカナ・ファミリア
manatsu no yoru no yuki monogatari,真夏の夜の雪物語
shukushou gakuen,縮小学園
golden lore,ゴールデンロア
ijirare ~fukushuu saimin~,イジラレ~復讐催眠~
gift eternal rainbow,ギフトエターナルレインボー
battletoads,バトルトード
waga mama capriccio,WAGA魔々かぷりちお
saiunkoku monogatari,彩雲国物語
inishie no megami to houseki no ite,古の女神と宝石の射手
shibatte mitsumete,縛って見つめて
outer science (vocaloid),アウターサイエンス
yarichin bitch-bu,ヤリチン☆ビッチ部
advance wars: days of ruin,ファミコンウォーズDS2
otsushimai,オツシマイ
vitamin quest,びたみんクエスト
lovemon,ラブモン図鑑
jiko koutei kan baku age shuki shuki song (idolmaster),自己肯定感爆上げ↑↑しゅきしゅきソング
namco namja town,ナンジャタウン
bravely default: fairy's effect,ブレイブリーデフォルトフェアリーズエフェクト
tou xing jiuyue tian,偷星九月天
aoshima bunka kyouzai,アオシマ
kagamine rin/len happy 14th birthday,カガミン・リン/レン幸せな14歳の誕生日
hikari no naka de hana saite,光の中で花咲いて
chatgpt,チャットGPT
ren & stimpy,レンとスティンピー
30 minutes missions,30ミニッツミッションズ
mega man x7,ロックマンX7
kishin douji zenki,鬼神童子ZENKI
mahou shoujo celesphonia,魔法少女セレスフォニア
akuyaku reijou level 99: watashi wa ura-boss desu ga maou dewa arimasen,悪役令嬢レベル99
getter robo go,ゲッターロボ號
dungeon of regalias,ダンジョンオブレガリアス
kitsune ga boku wo matteiru,狐が僕を待っている
mata korosarete shimatta nodesune tantei-sama,また殺されてしまったのですね、探偵様
vtuber nandaga haishin kiriwasuretara densetsu ni natteta,VTuberなんだが配信切り忘れたら伝説になってた
yoshibari aubade,夜縛◆夜明曲
enogu,えのぐ
fantastic danmaku festival,東方幕華祭
itoko no ko,いとこのこ
tensei benki ha tsumi ja nai!!,転生ベン器はツミじゃない!!
nyantasia,にゃんたじあ!
hachiban ramen,8番らーめん
asano sisters project,朝ノ姉妹ぷろじぇくと
inscryption,インスクリプション
digimon seekers,デジモンシーカーズ
dilemma (vocaloid),ジレンマ
call up girls,呼唤少女
comic megastore h,コミックメガストーレh
sonic team,ソニックチーム
ai kotoba iv (vocaloid),愛言葉IV
kuro senpai to kuro yashiki no yami ni mayowanai,黒先輩と黒屋敷の闇に迷わない
doujin work,ドージンワーク
kamurogiku (idolmaster),冠菊(学園アイドルマスター)
girls zombie party,ガールズゾンビパーティー
hello hoshi wo kazoete,"Hello,星を数えて"
chasing kaleidorider,チェイシング・カレイドライダー
hime-chan no ribbon,姫ちゃんのリボン
tulip (idolmaster),チューリップ（アイドルマスター）
ki ni naru ano musume,木になるあの娘
ryuu ga gotoku 5,龍が如く5
to love-ru darkness: idol revolution,愛と闇へ：偶像革命
millennium tour,千年之旅
onikakushi-hen,鬼隠し編
imsa sportscar championship,IMSAウェザーテック・スポーツカー選手権
mahou shoujo ririimea,魔法少女イノセント☆リリィ
great pretender,グレートプリテンダー
osananajimi wa daitouryou,幼なじみは大統領
iria zeiram the animation,ゼイラム
beat saber,セイバーを倒します
toushou daimos,闘将ダイモス
kiteretsu daihyakka,キテレツ大百科
gundam u.c. engage,機動戦士ガンダムU.C.ENGAGE
cabbage soft,きゃべつそふと
shinka musume channel,新科娘
bistro cupid,ビストロ・きゅーぴっと
blasphemous,ブラスフェマス
sky diver xipuria,青空のサィフュリア
discworld,ディスクワールド
taiso samurai,体操ザムライ
pyuu to fuku! jaguar,ピューと吹く!ジャガー
sorairo innocent,Sorairo Innocent
ignis no meiyaku kishi,赫竜王の盟約騎士
arc the lad twilight of the spirits,アークザラッド精霊の黄昏
akane maniax,アカネマニアックス〜流れ星伝説剛田〜
shounen hollywood,少年ハリウッド
kagamin bocchi,カガミン・ボッキ
suzumiya haruhi no tomadoi,涼宮ハルヒの戸惑
ryuukishi bloody saga,縁白血球の佐賀
stand my heroes,スタンドマイヒーローズ
the kingdom of felismans,フェリスマンの国
bahamut lagoon,バハムートラグーン
super mario-kun,スーパーマリオくん
ryuujin naga,リュウジン・ナガ
musical touken ranbu,刀ミュ
super princess peach,スーパープリンセスピーチ
isekai ni tobasaretara papa ni nattandaga,異世界に飛ばされたらパパになったんだが
garnet cradle,ガーネット・クレイドル
le chevalier d'eon,シュヴァリエ
kisaku,キサク
princess evangile,エバンガイル王女
tron: legacy,トロン:レガシー
hinomaru zumou,火ノ丸相撲
moekan,ムーカン
kiite kuremasu yo ne senpai,聞いてくれますよね?先輩
a will,意志
onmyou taisenki,Onmyou taisenki
pocket fighter,ポケットファイター
marshmallow (vocaloid),マシュマロ(DECO*27)
hima-ten!,ひまてん!
gekisou sentai carranger,激走戦隊カーレンジャー
corpse bride,コープスブライド
o henji madakana ojisan koubun (voisona),お返事まだカナおじさん構文
overdrive (iosys),患部で止まってすぐ溶ける
shounen sunday,少年サンデー
death end re;quest,デスエンドリクエスト
need for speed: most wanted (2005),ニード・フォー・スピードモスト・ウォンテッド
ginga patrol jaco,銀河パトロールジャコ
teenage mutant ninja turtles (2012),ニック亀
sennen joyuu,千年女優
midareuchi,みだれうち
hitotose tanteidan,ひととせ探偵団
starseed: asnia trigger,スターシード:_アスニア_トリガー
senki survival saga - isekai no unmei wo kaketa mujintou fujun iseikouyuu,戦姫サバイバルサガ-異世界の運命をかけた無人島フジュン異性交遊-
kuroneko to majo no kyoushitsu,黒猫と魔女の教室
perman (series),パーマン
the iron giant,アイアン・ジャイアント
sonichu (series),ソニチュウ
super doll licca-chan,スーパードールリカちゃん
blue eye samurai,ブルーアイ・サムライ
sword art online variant showdown,SAOヴァリアント・ショウダウン
e school life,Eスクールライフ
langrisser i,ラングリッサーI
karenai sekai to owaru hana,枯れない世界と終わる花
lego monkie kid,レゴモンキーキッド
dishonored,不名誉
costco,コストコ
tsugai kogarashi (vocaloid),番凩
kagetora-kun wa modorenai,景虎くんは戻れない
nekojiru udon,ねこぢる
bokujou monogatari: youkoso! kaze no bazaar e,ようこそ!風のバザールへ
romance of the three kingdoms (game),三國志
cleavage (game),クレイヴィジ
romeo no aoi sora,ロミオの青い空
kisaragi gold star,キサラギゴールドスター
toyota gazoo racing,トヨタ・ガズー・レーシング
muv-luv alternative chronicles,Muvluv代替クロニクル
oizumi,オーイズミ
rainbow-colored septentrion,虹色のセプテントリオン
kiss (rock band),キス（ロックバンド）
luigi's mansion: dark moon,ルイージマンション2
shin seiki inma seiden,新世紀淫魔聖伝
t-rex na kanojo,T-REXな彼女
densetsu no yuusha da-garn,伝説の勇者ダ・ガーン
neko reset (zutomayo),猫リセット
kira kira,キラ☆キラ
villain (vocaloid),ヴィラン
angel club,エンジェルクラブ
sword master story,ソードマスターストーリー
espgaluda,エスプガルーダ
ultraman teo (series),ウルトラマンテオ
shantae: risky's revenge,リスキィ・ブーツの逆襲
imooka,いもおか
haruka na sora,ハルカナソラ
gokuto jihen,獄都事変
star ocean: blue sphere,スターオーシャンブルースフィア
coco ichibanya,CoCo壱番屋
castlevania: lament of innocence,キャッスルヴァニア
milking clinic,ミルキング・クリニック
rocket girls,ロケットガール
mega man star force 2,流星のロックマン2
glass no kamen,ガラスの仮面
osananajimi ga zettai ni makenai lovecome,幼なじみが絶対に負けないラブコメ
gensou shoujo taisen,幻想少女大戦
mizudako-chan kara wa nigerarenai!,ミズダコちゃんからは逃げられない
michinaru hirogaru (idolmaster),みちなるひろがる
ruined king: a league of legends story,台無しにされた王：リーグ・オブ・レジェンドの物語
the pillows,ザ・ピロウズ
purino party,Purino Party
axanael,アザナエル
regret message (vocaloid),リグレットメッセージ
sayonara no asa ni yakusoku no hana wo kazarou,さよならの朝に約束の花をかざろう
chizuru-chan kaihatsu nikki,千鶴ちゃん開発日記
nijigen dream fever (vocaloid),二次元ドリームフィーバー
hyper highspeed genius,ハイパーハイスピードジーニアス
elite beat agents,エリート・ビート・エージェント
sherlock (bbc),シャーロック（BBC）
bubuki buranki,ブブキ・ブランキ
prinny (series),プリンニー（シリーズ）
ideologue!,いでおろーぐ!
chrono clock,クロノ時計
the iconoclasts,ICONOCLASTS
noberuge,のべるげ!
hecatoncheir,ヘカトンケイル
kyou kara maou!,今日からマ王!
hg ni koisuru futari,HGに恋するふたり
nanagane educational institution,ナナガネ教育機関
xianjian qixia zhuan 7,仙剑奇侠传7
redman,レッドマン
seishun fragile,Seishun Fragile
idol revolution,あいれぼ~IDOL☆REVOLUTION~
fuguriya,ふぐり屋
goddess kiss,女神にキスを
sora no manimani,宙のまにまに
star trek: the next generation,新スタートレック
tsukipro,ツキプロ
gyaru to gyaru no yuri,ギャルとギャルの百合
kowarekake no orgel,こわれかけのオルゴール
sharin no kuni himawari no shoujo,車輪の国、向日葵の少女
purism egoist,ピュリズムエゴイスト
kamisama kazoku,神様家族
blazing souls,燃えるような魂
prinny ~ore ga shujinkou de iinsuka?~,Prinny〜Ore ga shujinkou de iinsuka？〜
manbiki jk wa mizukara ori ni hairu,万引きJKは自ら檻に入る
alice fiction,アリスフィクション
uchi no musume ni te wo dasuna!,ウチのムスメに手を出すな!
coraline,コラライン
bareteru! cocktail knights,バレてる!カクテルナイト
r4: ridge racer type 4,リッジレーサータイプ4
sotsugyou ii: neo generation,卒業II
inaka ni kaeru to yakeni natsuita kasshoku ponytail shota ga iru,田舎に帰るとやけになついた褐色ポニテショタがいる
sonic colors,ソニックカラーズ
ace combat 8,エースコンバット8
super mario 64 ds,スーパーマリオ64DS
onii-chan kiss no junbi wa mada desu ka?,お兄ちゃん、キッスの準備はまだですか?
kiss of life,キスオブライフ
zettai ryouiki sex royale!!,ぜったい猟域☆セックス・ロワイアル!!
wego,ウィゴー
unison league,ユニゾンリーグ
angry video game nerd,アングリー・ビデオゲーム・ナード
luminaria pro,るみぷろ
atari,アタリ
momodora: reverie under the moonlight,Momodora:月下のレクイエム
calvin & hobbes,カルビンとホッブス
oroka na tenshi wa akuma to odoru,愚かな天使は悪魔と踊る
kamen rider battle: ganba legends,仮面ライダーバトル_ガンバレジェンズ
dempagumi,でんぱ組.inc
imasara desu ga osananajimi wo suki ni natte shimaimashita,今さらですが、幼なじみを好きになってしまいました
kao ni denai kashiwada-san to kao ni deru oota-kun,顔に出ない柏田さんと顔に出る太田君
tonari no jk ni odosarete iribitararetemasu,隣のJKに脅されて入り浸られてます
jingai kyoshitsu no ningen girai kyoshi,人外教室の人間嫌い教師
wakaba girl,わかば*ガール
elvira: mistress of the dark,エルヴァイラ
minna no iku new academy,みんなの育乳アカデミー
magical miracle metagalphose (synthesizer v),マジカル☆ミラクル☆メタギャルフォーゼ
neoki yashi no ki (vocaloid),寝起きヤシの木
fate/protoreplica,Fate/Protoreplica
pastel chime 3,パステルチャイム3
gang beasts,ギャングビースト
smile precure! ehon no naka wa minna chiguhagu!,映画スマイルプリキュア!絵本の中はみんなチグハグ!
death march kara hajimaru isekai kyousoukyoku,デスマーチからはじまる異世界狂想曲
wonder project j2,ワンダープロジェクトJ2
konjiki no gash!! 2,金色のガッシュ!!2
lcddem,lcddem
kingdom hearts dark road,キングダムハーツダークロード
hoshiful,hoshiful
yagate kimi ni naru: saeki sayaka ni tsuite,やがて君になる_佐伯沙弥香について
hasegawa (hobby kits),株式会社ハセガワ
hellsinker,ヘルシンカー
majo wa mangetsu ni saku,魔女は満月に咲く
aneimo 2,あねいも2
kira killer (zutomayo),綺羅キラ
jungle taitei,ジャングル大帝
what in hell is bad,地獄のどこが悪い?
otaku tomodachi to no sex wa saikou ni kimochi ii,オタク友達とのセックスは最高に気持ちいい
dokkoida,住めば都のコスモス荘
legendz,レジェンズ
unnamed memory,アンメモ
chaban capriccio (vocaloid),茶番カプリシオ
manga nippon mukashi banashi,まんが日本昔ばなし
me:i,ミーアイ
claris (group),クラリス（グループ）
kawaii onna no ko ni kouryaku sareru no wa suki desu ka?,可愛い女の子に攻略されるのは好きですか?
inception,盗梦空间
macross flashback 2012,フラッシュバック2012
gundam battle operation code fairy,機動戦士ガンダムバトルオペレーションコードフェアリー
isekai no seikishi monogatari,異世界の聖機師物語
yuusha yoshihiko to maou no shiro,勇者ヨシヒコシリーズ
oppenheimer (movie),オッペンハイマー
magika no kenshi to basileus,魔技科の剣士と召喚魔王
the last comer,東方邪星章
reireimu,Reireimu
vivid army,ビビッドアーミー
mozilla thunderbird,だば子
beelzebub-jou no okinimesu mama.,ベルゼブブ嬢のお気に召すまま。
erect!,えれくと!
maidensnow no youkai dai-makyou,メイデンスノウの妖怪大魔境
koiken otome,恋剣乙女
little nightmares ii,リトルナイトメア2
hoshoku club,ほしょくくらぶ
visual prison,ヴィジュアルプリズン
star wars: the last jedi,最後のジェダイ
doremifa rondo (vocaloid),ドレミファロンド
goshujin-sama to kemonomimi no shoujo meru,ご主人様と獣耳の少女メル
ikari shinji raising project,碇シンジ育成計画
syamu game,シャムゲーム
phantasy star online 2 the animation,Phantasy Star Online 2アニメーション
ten kurairakon teikoku-gun,天クライラコン帝国軍
trinity universe,トリニティユニバース
yawara a fashionable judo girl,ファッショナブルな柔道の女の子ヤワラ
angel cage,エンジェルケージ
soukoku no arterial,創刻のアテリアル
tower of dragon,タワーオブドラゴン
ogre battle,オウガバトル
maboroshi juuhime,幻獣姫
clear (visual novel),クリア
world teacher -isekaishiki kyouiku agent-,ワールド・ティーチャー
shoujo material,Shoujo Material
josou jinja,女装神社
voice (vocaloid),声（ボーカロイド）
re cation,再生
pixiv robot wars,ピクロボ
mahou arms,マホウ腕
shuriken sentai ninninger,手裏剣戦隊ニンニンジャー
love cube,LOVE3_-ラヴキューブ-
lucent heart,ルーセントハート
te to te try on,試してみてください
figure 17,フィギュア17つばさ&ヒカル
gouen no soleil,鋼炎のソレイユ
battle programmer shirase,BPSバトルプログラマーシラセ
comitia 118,コミティア118
moderoid,モデロイド
canopri comic,キャノプリコミック
butterfly affection,蝶の愛情
love love princess,らぶらぶ♥プリンセス
realive,リアライブ
civilization v,シヴィライゼーションV
three little pigs,三匹の子豚
tensou sentai goseiger,天装戦隊ゴセイジャー
sonic the hedgehog 1,ソニック・ザ・ヘッジホッグ
sara sara sasara,さらさらささら
shokei hakushu (synthesizer v),処刑拍手
asken,あすけん
hayasaki no kuroyuri,早咲きのくろゆり
alps to kiken na mori,アルプスと危険な森
ace combat 3,エースコンバット3
imouto no seiiki,妹のセイイキ
stranger of paradise: final fantasy origin,ストレンジャーオブパラダイスファイナルファンタジーオリジン
fc barcelona,FCバルセロナ
choujun! choujou senpai,超巡!超条先輩
hudson,ハドソン
the rolling stones,ローリング・ストーンズ
urashima tarou (fairy tale),浦島太郎
might and magic,マイトアンドマジック
arabian nights,アラビアンナイト
mahou shoujo ikusei keikaku f2p,魔法少女育成計画F2P
eden they were only two on the planet,エデン*
tenshi no shippo,天使のしっぽ
dragon ball online,ドラゴンボールオンライン
new super mario bros. u,NewスーパーマリオブラザーズU
otsukimi recital (vocaloid),オツキミリサイタル
nettaigyo wa yuki ni kogareru,熱帯魚は雪に焦がれる
kenzen kanojo uruka-chan,健全彼女うるかちゃん
aru majo ga shinu made,ある魔女が死ぬまで
reen kadorer,Reen Kadorer
gunspike,ガンスパイク
karas,カラス
irem,アイレム
polygon project,ポリゴンプロジェクト
tokyo metropolitan police department,警視庁
providence project,普罗维登
new normal,ニューノーマル
real intention,Real_Intention_~ココロのクサリ~
comitia 152,コミティア152
rujing yingxuan,如璟映琁
pokemon quest,ポケモンクエスト
nihon e youkoso elf-san.,日本へようこそエルフさん。
chotto ippai!,ちょっといっぱい!
mega man & bass,ロックマン&フォルテ
the tortoise and the hare,ウサギとカメ
kyuukyoku choujin r,究極超人あ〜る
mugen shinshi,夢幻紳士
yakin byoutou ni,夜勤病棟・弐
unless terminalia,アンレス・テルミナリア
gundam tekketsu no orphans urdr hunt,機動戦士ガンダム鉄血のオルフェンズウルズハント
chocobo no fushigi na dungeon,チョコボの不思議なダンジョン
digimon adventure 02: the beginning,THE_BEGINNING(デジモン映画)
hypnosis mic: alternative rap battle,ヒプマイarb
children of the rune,ルーンの子供たち
the beast (vocaloid),獣（ボーカロイド）
angel wish,天使の願い
star wars jedi: fallen order,ジェダイ:フォールン・オーダー
okochama sensou (vocaloid),おこちゃま戦争
metallic rouge,メタリックルージュ
cherry bomb (love live!),チェリーボム(優木せつ菜)
tenshi no tamago (anime),天使のたまご
choujuushin gravion zwei,超重神グラヴィオンツヴァイ
revdol,リブドル
obake no q-tarou,オバケのQ太郎
detonator orgun,DETONATORオーガン
sabikui bisco,錆喰いビスコ
cutie honey universe,キューティーハニーユニバース
knight rider,ナイトライダー
layered stories zero,レイヤードストーリーズゼロ
chuuko demo koi ga shitai!,中古でも恋がしたい!
akatoki!,アカトキ！
awaken the power,力を目覚めさせます
rg veda,圣传
narcissu,ナルキッソス
mofusand,モフサンド
vita sexualice,ゐた・せくすありす
blue moment (love live!),ブルウモーメント
x-blades,Xブレード
prunus girl,プラナス・ガール
star plus one,スタプラ!
sapphism no gensou,サフィズムの舷窓
shirokuma cafe,しろくまカフェ
usotsuki mii-kun to kowareta maa-chan,嘘つきみーくんと壊れたまーちゃん
tayutama 2,タユタマ2
teenage mutant ninja turtles (2003),新亀
tsuki to laika to nosferatu,月とライカと吸血姫
yoru ga kuru!,夜が来る!
planet with,プラネット・ウィズ
venus versus virus,ヴィーナスヴァーサスヴァイアラス
kaii shoukougun 1,Kaii Shoukougun 1
maicching machiko-sensei,まいっちんぐマチコ先生
phantasy star portable,Phantasy Star Portable
magical tale,魔法の物語
katsute mahou shoujo to aku wa tekitai shiteita,かつて魔法少女と悪は敵対していた
midori no hibi,美鳥の日々
charade maniacs,シャレードマニアクス
mister ajikko,ミスター味っ子
senpai kara me ga hanasenai to aru kaishain no nichijou,先輩から目が離せないとある会社員の日常
harukaze sensation!,春風センセーション!
arksign,arksign
kusari,クサリ
souseiki aster gate,創星紀アステルゲート
lady jewelpet,レディジュエルペット
megami magazine rx,メガミマガジンRX
tv tokyo,テレビ東京
asian kung-fu generation,アジアン・カンフー・ジェネレーション
akuma no odorikata (vocaloid),悪魔の踊り方
swat kats,スワットカッツ
crack lack good luck,クラックラックグッドラック
okusan,おくさん
pokemon pocket monsters,ポケットモンスター(穴久保幸作)
girls mode,ガールズモード
kizuna encounter,風雲スーパータッグバトル
digital monster x-evolution,ゼヴォリューション
avatar: the way of water,アバター2
book of star mythology,東方魔宝城
ironblue parade,アイアンブルー・パレード
super mario maker,スーパーマリオメーカー
"s-rank monster no ""behemoth"" dakedo neko to machigawarete elf musume no pet toshite kurashitemasu",ベヒ猫
yome sagashi ga hakadori sugite yabai.,嫁探しが捗りすぎてヤバい。
isekai meikyuu no saishinbu wo mezasou,異世界迷宮の最深部を目指そう
castlevania: circle of the moon,サークルオブザムーン
otome kaijuu carameliser,乙女怪獣キャラメリゼ
the persistence of memory,記憶の固執
thunder force,サンダーフォース
watashi no shiawase na kekkon,わたしの幸せな結婚
blanche fleur,らしゅるる
gaming kanojo,ゲーミング彼女
koujo denka no katei kyoushi,公女殿下の家庭教師
447 records,447レコード
blue reflection ray,ブルリフR
arcana,アルカナ
gaku ou,学☆王
fengling yuxiu,风灵玉秀
hosekisho richard-shi no nazo kantei,宝石商リチャード氏の謎鑑定
der untergang,ヒトラー~最期の12日間~
changed,兽屋之龙
black rock shooter arcana,ブラック★ロックシューターアルカナ
coffee talk,コーヒートーク
phi brain puzzle of god,ファイ・ブレイン
mirai harmony,未来ハーモニー
ponkotsu keisatsukan wa watashi ni muchuu,ポンコツ警察官は私に夢中
guilty crown lost christmas,ギルティクラウンロストクリスマス
soushin shoujo matoi,装神少女まとい
migi ni ma gaaru (utau),右に曲ガール
mousugu natsuyasumi! 2,もうすぐ夏休み!2
cloud horizon,雲際線工作室
prince of persia,プリンスオブペルシャ
cat fantasy,キャットファンタジー
maji de watashi ni koi shinasai! s,真剣で私に恋しなさい!S
ultraman x (series),ウルトラマンX
fight class 3,Gyeoggi 3禁止
gothic delusion,ゴスデリ
cmyk: sameda kazuou wa chuunibyou ga naosenai,CMYK鮫田和王は厨二病が治せない
last embryo,ラストエンブリオ
egao no riyuu,エガオノリユウ
shin sangoku musou 3,真・三國無双3
panilla the revival,パニリヤ・ザ・リバイバル
mahou senshi louie,魔法戦士リウイ
transistor (game),トランジスタ（ゲーム）
girls und panzer: atsumare! minna no senshadou!!,ガールズ&パンツァーあつまれ!みんなの戦車道!!
sonic & knuckles,ソニック&ナックルズ
yuusha no yabou,勇者の野望
kishibe rohan wa ugokanai (live action),岸辺露伴は動かない(実写版)
unlimited saga,アンリミテッド:サガ
harvestella,ハーヴェステラ
uchiage hanabi shita kara miru ka? yoko kara miru ka?,打ち上げ花火、下から見るか?横から見るか?
hoshi no girls odyssey,星のガールズオデッセイ
school fanfare,学校のファンファーレ
ms.assistant,アシスタントさん
sakamoto desu ga?,坂本ですが?
flight highschool,飛行高校
silicon magic,シリコンマジック
koi de wa naku,恋ではなく
sugar+spice!,シュガー+スパイス！
aishiteruze baby,愛してるぜベイベ★★
thank you friends!!,皆ありがとう！！
mf ghost,MFゴースト
the weaver girl and the cowherd,牛郎織女
caduceus z futatsu no chou shittou,カドゥケウスZ2つの超執刀
zola project,ゾラプロジェクト
kamen rider the first,仮面ライダーTheFirst
kanojo no carrera,彼女のカレラ
sakugan,サクガン
ren'ai boukun,恋愛暴君
chou eshi ten ~if no gakkyoku sekai ten~,超絵師展
chi's sweet home,チーズスイートホーム
hatsuru koto naki mirai yori,果つることなき未来ヨリ
royal flush heroes,ロイヤルフラッシュヒーロー
aria the avvenire,Aria the Avvenire
pokemon bank,ポケモンバンク
sei dorei gakuen,聖奴隷学園
inraku no ketsuzoku,inraku no ketsuzoku
ore monogatari!!,俺物語!!
wonder festival 2005,ワンダーフェスティバル2005
transformers: the headmasters,トランスフォーマーザ☆ヘッドマスターズ
eroge!,えろげー!
kororon (song),虎狼来
monster hunter 4 g,モンスターハンター4G
eiyuu kyoushitsu,英雄教室
yamiyo ni odore,闇夜に踊れ
mirai millennium,ミライミレニアム
wizard girl ambitious,魔法使いの少女野心的
kuutei senki,空帝戦騎~黄昏に沈む楔~
okusama wa mahou shoujo,奥さまは魔法少女
3ldk,3ldk
kitakubu katsudou kiroku,帰宅部活動記録
debris (game),デブリ（ゲーム）
subverse,代表
koyoi mo meshimase alicetale,今宵も召しませAlicetale
mahoroba youjo kitan,まほろば妖女奇譚
makai tenshi djibril 4,魔界天使ジブリール4
sex and dungeon,セックス&ダンジョン
angelmaster,エンジェルマスター
akuma de oshioki!,アクマでオシオキっ!
hunting era,狩猎纪元
36c u.b.u (idolmaster),36°CU・B・U
atelier resleriana: the red alchemist & the white guardian,紅の錬金術士と白の守護者〜レスレリアーナのアトリエ〜
diary of a wimpy kid,グレッグのダメ日記
groove on fight,グルーヴオンファイト
hana no ko lunlun,花の子ルンルン
young avengers,ヤングアベンジャーズ
seijuu sentai gingaman,星獣戦隊ギンガマン
tamagotchi meets,たまごっちみーつ
gunbird,ガンバード
parerdemia gakuen,パレデミア学園
mannequin (vocaloid),マネキン
phantom siita,ファントムシータ
pokemon tcg gb,ポケモンカードGB
fluorite (idolmaster),フローライト
atelier karia,カリアのアトリエ
majigawa,マジガワ!〜魔法少女のきぐるみ〜
sam & max,サム&マックス
reincarnation no kaben,リィンカーネーションの花弁
dune (2021 movie),DUNE/デューン砂の惑星
mahou shoujo tokushusen asuka,魔法少女特殊戦あすか
jidouhanbaiki ni umarekawatta ore wa meikyuu wo samayou,自動販売機に生まれ変わった俺は迷宮を彷徨う
earth defense force 5,地球防衛軍5
chiguhagu trick,チグハグトリック
luka luka night fever (vocaloid),ルカルカ★ナイトフィーバー
akinator (site),アキネイター
pokemon evolutions,ポケモンエボリューションズ
mikoto-chan wa kirawaretakunai!,みことちゃんは嫌われたくない!
springfish studio,春魚工作室
interstellar (movie),インターステラー
envy cat walk (vocaloid),エンヴィキャットウォーク
nonohara yuka no himitsu no haishin,野々原柚花のヒミツのハイシン
transformers: cyberverse,トランスフォーマーサイバーバース
deus ex: human revolution,Deus Ex：人間革命
nijuuseiki denki mokuroku,二十世紀電氣目録
venus vacation prism: dead or alive xtreme,VVプリズム
nintendo direct,ニンテンドーダイレクト
aku no hana,惡の華
multiversus,マルチバーサス
hanairo heptagram,花色ヘプタグラム
barbie as the princess and the pauper,バービーの王女と村娘
wakaba iro no quartet,若葉色のカルテット
sugao no pixel,素顔のピクセル
professor layton and the unwound future,レイトン教授と最後の時間旅行
district 9,第9地区
return of the condor heroes,神鵰俠侶
cara the blood lord,カーラTheBloodLord
donkey kong 64,ドンキーコング64
mounten,一拾山
castlevania: harmony of despair,悪魔城ドラキュラハーモニーオブディスペアー
kyojin no hoshi,巨人の星
himuro no tenchi,氷室の天地
kaguya-hime no monogatari,かぐや姫の物語
seiken tsukai no world break,聖剣使いの禁呪詠唱
kamichama karin,かみちゃまかりん
apocalypse now,地獄の黙示録
punch punch forever!,パンチパンチフォーエバー
snowdreams -lost in winter-,花落冬陽
hatsunetsumiko's,発熱巫女~ず
komeda's coffee,コメダ珈琲店
ready player one,ゲームウォーズ
clover (manga),CLOVER(CLAMPの漫画)
the unlimited: hyoubu kyousuke,THE_UNLIMITED_兵部京介
ayakashi onmyouroku,あやかし陰陽録
91 days,91日
hoshikoi tinkle,星恋*ティンクル
bundesliga,ブンデスリーガ
koisuru natsu no last resort,恋する夏のラストリゾート
decoration disorder disconnection,DDD(小説)
the path,パス
dead rising 1,デッドライジング1
minamoto-kun monogatari,源君物語
trash taste,トラッシュ・テイスト
lovely idol,らぶドル
kokoro toshokan,ココロ図書館
koibito ijou no koto wo kanojo janai kimi to,恋人以上のことを、彼女じゃない君と。
mojipittan,もじぴったん
onegai! ranking,お願い!ランキング
paradigm paradox,パラダイムパラドックス
hitomebore,ひと目惚れ
lost passage,失われた通路
grancrest senki,グランクレスト戦記
fuuka,風夏
gungrave,ガングレイヴ
ayakashi h,ayakashi h
bioshock 2,バイオショック2
m.a.d mafia is all dead,M.A.Dマフィアはすべて死んでいます
yakin byoutou san,夜勤病棟・参
kansen (series),姦染
koto-channel,孤島ちゃんねる
alto,アルト
toshiue lesson,年上Lesson~義母と叔母と女教師と~
nikaime,ニカイメ
tenkuu senki shurato,天空戦記シュラト
the sky crawlers,スカイ・クロラ
natsumegu,ナツメグ
gadget trial,ガジェットトライアル
mushiuta,ムシウタ
hinatabokko,日向
grandia online,Grandia Online
mahou shoujo ikusei keikaku queens,魔法少女育成計画QUEENS
resident evil outbreak,バイオハザードアウトブレイク
dolls order,ドールズオーダー
sasameki koto,ささめきこと
moonlight blade,天涯明月刀OL
shiboritoranaide onna shounin-san,搾り取らないで、女商人さん!!
ayakashi kyoushuutan,あやかし郷愁譚
schoolgirls love tentacles,女子学生は触手が大好きです
maid-san to boin damashii,メイドさんとボイン魂
lustrous (vocaloid),ラストラス
shin megami tensei devil children,真・女神転生デビルチルドレン
honogurashi no niwa,ほの暮しの庭
baku ane otouto shibocchau zo!,ばくあね弟しぼっちゃうぞ!
eve no jikan,イヴの時間
lavender quartz: kyoukai hyoudou,LQ境界
mixstgirls,ミクストガールズ
sekai symphony,セカイシンフォニー
kara-koi-invitation,絡恋インヴィテーション
nee icchau yo (idolmaster),ねえ、言っちゃうよ。
ultraman: towards the future,ウルトラマンG
new testament,新約聖書
kasane territory (utau),重音territory
ano koro no aoi hoshi,あの頃の青い星
kowloon generic romance,九龍ジェネリックロマンス
nine inch nails,ナイン・インチ・ネイルズ
kurono-san wa occult ga suki!,黒乃さんはオカルトが好き!
birds of prey,バーズ・オブ・プレイ
mouko tanmen nakamoto,蒙古タンメン中本
janken game acchi muite hoi!,ジャンケンゲームあっちむいてホイ!
the x-files,X-ファイル
puzzle (vocaloid),パズル
atelier judie,ユーディーのアトリエ
zweigen kanazawa,ツエーゲン金沢
traffic jam (vocaloid),トラフィック・ジャム
ultimate girl,UG☆アルティメットガール
fury (movie),フューリー（映画）
soul tide,ソウルタイド
marvel super heroes vs. street fighter,マーヴルスーパーヒーローズvs.ストリートファイター
seifuku kanojo 3,制服カノジョ3
reiwa no di gi charat,令和のデ・ジ・キャラット
akai koudan zillion,赤い光弾ジリオン
koiiro marriage,恋色マリアージュ
uikousen (shigure ui),ういこうせん
a rank party wo ridatsu shita ore wa moto oshiego-tachi to meikyuu shinbu wo mezasu,Aランクパーティを離脱した俺は元教え子たちと迷宮深部を目指す
snow man (jpop),SnowMan(ジャニーズ)
spider-man: homecoming,スパイダーマン:ホームカミング
sugar rush (hololive),シュガーラッシュ(miComet)
ziga,ジガ
ore wa subete wo parry suru,俺は全てを【パリイ】する
lady and the papyrus,少女莎草紙
20th century boys,20世紀少年
tear ring saga series: berwick saga,ベルウィックサーガ
kuu ka kuwareru ka?,食うか、食われるか?
kyochuu rettou,巨蟲列島
dunkin' donuts,ダンキンドーナツ
tokimeki tonight,ときめきトゥナイト
chimera (vocaloid),キメラ
magical nuko-lenlen (vocaloid),マジカル☆ぬこレンレン
blame gakuen!,ブラム学園!
narue no sekai,成恵の世界
boku no tsuma wa kanjou ga nai,僕の妻は感情がない
kamisama choose! sensei onna no ko niatteru yo!,神様ちゅ~ず!
root double -before crime after days-,ルートダブル
p-model,核P-MODEL
kimi no suizou wo tabetai,君の膵臓をたべたい
maha5japan,Maha5Japan
rrr (movie),RRR(インド映画)
how to train your dragon: the hidden world,ヒックとドラゴン3
tearmoon teikoku monogatari,ティアムーン帝国物語
heion sedai no idaten-tachi,平穏世代の韋駄天達
gakuen tengoku,ガクン・トンゴク
cure girl,キュアガール
meika-san wa oshikorosenai,メイカさんは押しころせない
bubble bobble,バブルボブル
toshoshitsu no kanojo,図書室ノ彼女
open beta (vtuber),流星群プロジェクト
pretty x cation 2,プリティケーション2
pajamy (vocaloid),パジャミィ
imouto no katachi,カタチはありません
godzilla vs. spacegodzilla,ゴジラvsスペースゴジラ
metropolis,メトロポリス
tamayomi,球詠
riverbed soul saver,東方桃源宮
peach (airline),ピーチ・アビエーション
softenni,そふてにっ
seven colors of the wind,7色の風
muv-luv altered fable,マブラヴオルタードフェイブル
lie huo jiao chou,烈火浇愁
bakugan gundalian invaders,ガンダリアンインベーダーズ
maid in heaven,めいどいんへぶん
witch hunter robin,ウィッチハンターロビン
carciphona,カルシフォナ
mononofu ~shirayuri kassen maihime~,もののふ~白百合戦舞姫~
lazytown,レイジータウン
bakugan new vestroia,ニューヴェストロイア
pictoria,ピクトリア
tsubaki-sama wa sakihokore nai,椿様は咲き誇れない
gelbooru,ゲルブール
bukatsu kikaku,ブカツキカク
shiori series,しおりシリーズ
csi,CSI
anejiru,姉汁~白川三姉妹におまかせ~
emupii maid promotion master,emupiiメイドプロモーションマスター
festa!! hyper girls pop,フェスタ!!ハイパーガールズポップ
living with hipstergirl and gamergirl,HipstergirlとGamergirlと一緒に暮らしています
pp: pianissimo,-ピアニッシモ-
m onna senka,M女専科
ama no jaku (vocaloid),天ノ弱
perfect hole,パーフェクトホール
anotherxalice,アナザー×アリス
bird type girl system,鳥系女子シリーズ
darwin's game,ダーウィンズゲーム
trouble witches,トラブル☆ウィッチーズ
fushigi na merumo,ふしぎなメルモ
pocket pikachu,ポケットピカチュウ
unifee,ゆにふぃ!
adobe,アドビ
boukensha ni naritai to miyako ni deteitta musume ga s rank ni natteta,冒険者になりたいと都に出て行った娘がSランクになってた
maou no hajimekata,魔王の始め方
sonic.exe,索尼克exe
toy story 2,トイ・ストーリー2
dodonpachi daifukkatsu,怒首領蜂大復活
sylph no hanahime,シルフの花姫
candy candy (series),キャンディ・キャンディ
gundam breaker,ガンダムブレイカー
everyday host,えぶりでいホスト
ai kotoba (vocaloid),愛言葉
wagaya no liliana-san,我が家のリリアナさん
littlebigplanet,リトルビッグプラネット
zhandou wang zhi jufeng zhan hun,战斗王之飓风战魂
to love-ru darkness 2nd,2番目の闇を愛する
knight a,騎士A
nenaiko dare da,ねないこだれだ
conception: ore no kodomo wo undekure!,コンセプション
genjitsu shugi yuusha no oukoku saikenki,現実主義勇者の王国再建記
sex open world e youkoso!,セックスオープンワールドへようこそ!
bloodrayne (series),ブラッドレイン
yume no tsuzuki de mattete,夢の続きで待ってて
diamond (love live!),ダイアモンド(中須かすみ)
nurse ni omakase,ナースにおまかせ
yume utsutsu quintet,ゆめうつつクインテット
natural another one 2nd belladonna,ナチュラルアナザーワンセカンド-ベラドンナ-
heart catch izumi-chan,ハートキャッチいずみちゃん
hoshimeguri gakuen,星めぐり学園
honey trap shared house,ハニートラップ・シェアハウス
o-life.jp,オーライフジャパン
sakura succubus,サクラ・サキュバス~モテ期は唐突に~
tashiro-kun kimi-tte yatsu wa,鯛代くん、君ってやつは。
cookie run: witch's castle,顶级莓果饼干
kokuchou no psychedelica,黒蝶のサイケデリカ
tokeijikake no ley line,時計仕掛けのレイライン
bubblegum crisis 2040,バブルガムクライシスTOKYO2040
tokyo teddy bear (vocaloid),東京テディベア
"kokoro magic ""a to z""",ココロの魔法aからz
susume! ashitabara gakuen,ススメ!明日原学園
babel (utau),バベル
x-change (series),エックスチェンジ
shanhai jing hua,山海镜花
hotline miami 2: wrong number,ホットラインマイアミ2：間違った番号
love u my friends,虹ヶ咲1st_Live
famiresu wo kyouju seyo,ファミレスを享受せよ
the king of fighters '99,ザ・キング・オブ・ファイターズ'99
die hard,ダイ・ハード
natsu e no tunnel sayonara no deguchi,夏へのトンネル、さよならの出口
moon (love-de-lic),moon(ラブデリック)
alliance of the golden witch,黄金の魔女の同盟
house of wax (2005 movie),蝋人形の館
saimin seishidou -secret lesson-,催眠性指導_-Secret_Lesson-
tokonatsu sunshine,常夏☆サンシャイン
meteorites (stpr),めておら
white letter,ホワイトレター
build divide,ビルディバイド
star animals,絵ニマる
stupid movie sequels,しょうもない洋画続編集
momoiro okami no honoka-san,桃色女将の穂乃香さん~イケない、お・も・て・な・し~
jishou f-rank no oniisama ga game de hyouka sareru gakuen no chouten ni kunrin suru sou desu yo?,自称Fランクのお兄さまがゲームで評価される学園の頂点に君臨するそうですよ?
brothers conflict,ブラザーズコンフリクト
alicemare,アリスメア
taimanin asagi zero,対魔忍アサギZERO
avtechno!,avtechno！
quiz nanairo dreams,クイズなないろDREAMS
mahoroba,まほろば(運営)
seisou fude no tabibito,星霜筆の旅人
maji moji rurumo,まじもじるるも
houjin exaxxion,砲神エグザクソン
dragon quest walk,ドラクエウォーク
trouble witches neo,トラブル☆ウィッチーズねぉ!
tsukiuta,ツキウタ。
clover heart's,クローバーハート
sengoku hanafuda kassen,戦国花札合戦
lucu lucu,るくるく
s4 league,S4リーグ
henshin!,へんし~ん!
potion maker,ポーションメイカー
memories off#5,＃5の思い出
angelic serenade,AS〜エンジェリックセレナーデ
graphig,グラフィグ
mirai sentai timeranger,未来戦隊タイムレンジャー
uhou renka,雨芳恋歌
the king of fighters ex2,ファイターズの王はex2
buisen,ぶいせん
jing king of bandits,王ドロボウJING
kometa virtual live,Kometa Virtual Live
gundam breaker battlogue,ガンダムブレイカーバトローグ
xia lan,侠岚
mario bros.,マリオブラザーズ
cute honey,かわいいハニー
starcraft ii,スタークラフト2
mai dog love,マイ犬の愛
gemini (vocaloid),ジェミニ（ボーカロイド）
super robot wars k,スーパーロボット大戦K
hearts recollection,ファンタジープロジェクトイラコン
waguruma!,わグルま!
psycho-puzzle,サイコパズル
yobanashi deceive (vocaloid),夜咄ディセイブ
aishiteii no wa karadadake,愛していいのは、カラダだけ
august soft,オーガスト
pacific rim: uprising,パシフィック・リム:アップライジング
sweet clown,スイートクラウン
akatsuki no amaneka to aoi kyojin,暁のアマネカと蒼い巨神
elemental story,エレメンタルストーリー
pinkbell,ピンクベル
better girls,より良い女の子
kong: skull island,キングコング:髑髏島の巨神
national geographic,ナショナルジオグラフィック
nikubami honegishimi,ニクバミホネギシミ
injuu gakuen la blue girl,淫獣学園La☆BlueGirl
brave neptune,勇敢なネプチューン
osananajimi no h na onee-san wa suki desu ka?,幼馴染のHなお姉さんは好きですか?
miyakawa-ke no kuufuku,宮河家の空腹
summer days,夏の日々
bokujou monogatari: hajimari no daichi,はじまりの大地
shiki okuri,四季送り
ikusa megami (series),戦女神
crossbone gundam: koutetsu no shichinin,鋼鉄の7人
houkago play 3,放課後プレイ3
taiyou sentai sun vulcan,太陽戦隊サンバルカン
binetsu kuukan,微熱空間
alvin and the chipmunks,アルビンとチップマンクス
officelove -cool na senpai-kanojo to himitsu no ikinuki-,OfficeLove-クールな先輩彼女と秘密のイキ抜き-
suki suki daisuki (song),好き好き大好き
tonari no seki no yatsu ga souiu me de mitekuru,隣の席の奴がエロい目で見てくる話
martial champion,マーシャルチャンピオン
magical canan,まじかるカナン
wonder (vocaloid),ワンダー
sangoku taisen smash!,三国大戦スマッシュ
kono hon wo nusumu mono wa,この本を盗む者は
delta force (game),三角洲行动
tsui no stella,終のステラ
kimi e okuru sora no hana,キミへ贈る、ソラの花
rose guns days,ローズガンズデイズ
night dreamin,ないとどりーみん
gekijou no libido,激情のリビドー
magical taruruuto-kun,タルるートくん
sensei to mondaiji? no yuri,先生と問題児?の百合
super mario kart,スーパーマリオカート
shin kamen rider prologue,真・仮面ライダー序章
pretty liar (idolmaster),プリティライアー（アイドルマスター）
sanzenkai no avatar,三千界のアバター
ameku takao no suiri karte,天久鷹央の推理カルテ
oni to kitsune no hanashi,鬼と狐の話
orokamonogatari,愚物語
getter robo daikessen!,ゲッターロボ大決戦!
vampirdzhija vjedogonia,吸血殲鬼ヴェドゴニア
isekai maou gokko,異世界魔王ごっこ
issen kounen (vocaloid),一千光年
meccha going!!,めっちゃGoing!!
milk (love live!),「ミルク」
pokemon: zoroark: master of illusions,幻影の覇者ゾロアーク
mayoiga,迷家-マヨイガ-
kamen rider outsiders,仮面ライダーアウトサイダーズ
yondome wa iya na shizokusei majutsushi,四度目は嫌な死属性魔術師
kozure ookami,子連れ狼
oreca battle,オレカバトル
horizon forbidden west,ホライゾンゼロドーン
dr. strangelove,博士の異常な愛情
figure story,フィギュアストーリー
tsuki makase,ツキマカセ
pixar,ピクサー
fairy ranmaru:anata no kokoro otasuke shimasu,Fairy蘭丸~あなたの心お助けします~
aleste,アレスタ
layton's mystery journey,レイトンミステリージャーニー
kizetsu yuusha to ansatsu hime,気絶勇者と暗殺姫
fareidolia,ファレイドリア
akuyaku reijou nano de last boss wo kattemimashita,悪役令嬢なのでラスボスを飼ってみました
juu mensou (vocaloid),十面相
joukitoshi no tanteishoujou,蒸気都市の探偵少女
kourin no machi lavender no shoujo,光輪の町、ラベンダーの少女
super mario land 2,スーパーマリオランド2
poker face (vocaloid),ポーカーフェイス
johnny test,ジョニーテスト
monster girl island,モンスターガールアイランド
mach go go go,マッハGoGoGo
gundam wing dual story: g-unit,ガンダムウィングデュアルストーリー：G-Unit
yotaka futatabi,夜鷹ふたたび
gundam cafe,ガンダムカフェ
namaiki!,ナマキ！
kyoudai no jouji jijou 2,兄妹の情事事情2
tenkyou no alderamin,天鏡のアルデラミン
dansai bunri no crime edge,断裁分離のクライムエッジ
mama x holic,Mama×Holic~魅惑のママと甘々カンケイ~
anima gear,アニマギア
fuyou yuuna wa yuusha de nai,芙蓉友奈は勇者でない
medal of honor: frontline,メダル・オブ・オナー史上最大の作戦
bartimaeus (series),バーティミアス
guns n' roses,ガンズ・アンド・ローゼズ
china railway girl,天朝铁道少女
cho aniki,超兄貴
kaze to ki no uta,風と木の詩
musume shimai,ムズメチマイ
cage in lunatic runagate,東方儚月抄
change! ano ko ni natte kunkun peropero,ちぇ~んじ!~あの娘になってクンクンペロペロ~
robot ponkottsu,ロボットポンコッツ
sakimiya senpai no kyujitsu,咲宮センパイの弓日
di gi charat nyo!,デ・ジ・キャラットにょ
starmyu,スタミュ
analogue: a hate story,アナログ：憎しみの話
appare-ranman!,天晴爛漫!
chinchin kemokemo,ちんちんケモケモ
viper gt1,Viper GT1
seizei ganbare! mahou shoujo kurumi,せいぜいがんばれ!魔法少女くるみ
neko to wakai seyo!,ネコと女子寮せよ!
ouchi ni kaeru made ga mashimaro desu,お家に帰るまでがましまろです
orbis terra,Orbis Terra
zelmoni,ゼルモニ
shinobi (ps2),忍（PS2）
inraku no miko ntr,淫烙の巫女NTR
bonnou-chan,ぼんのうちゃん
magical charming!,魔法の魅力的！
kawaii joushi o komarasetai,可愛い上司を困らせたい
karmatron y los transformables,Karmatron y losトランスフォーブル
pink no ayumi!,ぴんくのあゆみ!
sex teacher tsuyoshi,SEXティーチャー剛史
the legend of zelda: four swords adventures,ゼルダの伝説4つの剣+
hitoner,ヒトナー
toushin toshi girls gift,闘神都市3DS
kemono teatime,けものティータイム
confession to sister (synthesizer v),シスターに懺悔を
madohi shiroki no kamikakushi,まどひ白きの神隠し
steamy livestreams with my girlfriend,変態カノジョ〜俺と彼女とドキドキ♡生配信〜
nigashita sakana wa ookikatta ga tsuriageta sakana ga ookisugita ken,逃げ釣り
2026 winter olympics,ミラノ・コルティナオリンピック
navel (company),ネーブル
gyousatsu shinsengumi,行殺新選組ふれっしゅ
king crimson,キングクリムゾン
kamisama no inai nichiyoubi,神さまのいない日曜日
astralair no shiroki towa,アストラエアの白き永遠
bambi (movie),バンビ(映画)
parallel artist project,ぱらすと!
power dolls,パワードール
sword art online: alicization lycoris,アリシゼーション・リコリス
rule (ado),ルル
mamoru-kun wa norowarete shimatta!,まもるクンは呪われてしまった!
guitar hero,ギターヒーロー
the exorcist,エクソシスト
seisenshi dunbine: new story of aura battler dunbine,Seisenshi Dunbine：Aura Battler Dunbineの新しい物語
zoids wild zero,ゾイドワイルドZERO
mangetsu coffee ten,満月珈琲店
a minecraft movie,マインクラフト・ザ・ムービー
sakura machizaka stories,桜待坂Stories
sonic dream team,ソニックドリームチーム
baoh raihousha,バオー来訪者
samsa (vocaloid),ザムザ
diablo 2,ディアブロ2
mega man maverick hunter x,イレギュラーハンターX
kamen rider j (movie),仮面ライダーJ
yumeiro patissiere,夢色パティシエール
dragon gal,ドラゴンギャル
gremlins (movie),グレムリン
toki production,Tokiプロダクション
arch linux,アーチ・リナックス
machidake,まちだけ。
treasure planet,トレジャー・プラネット
byoushin wo kamu (zutomayo),秒針を噛む
kono ko shirimasenka?,この子知りませんか?
pokemon origins,ポケットモンスターTHE_ORIGIN
over requiemz,オバレク
dave the diver,デイヴ・ザ・ダイバー
chappell roan,チャペル・ローン
grand knights history,グランナイツヒストリー
kusare gedou to chokorewito (vocaloid),腐れ外道とチョコレゐト
back arrow,バック・アロウ
dragon quest heroes ii,ドラゴンクエストヒーローズ2
+anima,プラスアニマ
bokujou monogatari: mineral town no nakama tachi,ミネラルタウンのなかまたち
yumekui shirokuro baku (vocaloid),夢喰い白黒バク
seiyuu radio no uraomote,声優ラジオのウラオモテ
pixiv no sekai no kamen rider,「pixiv」の世界の仮面ライダー
godzilla against mechagodzilla,ゴジラ×メカゴジラ
starship troopers (movie),スターシップ・トゥルーパーズ
hen'na keiji koto oriko-san,変な刑事こと織子さん
x-men: days of future past,X-MEN:フューチャー&パスト
shin sangoku musou 2,真・三國無双2
bakumatsu shishi channel,幕末志士
gehenna (vocaloid),ジェヘナ
onigiri (mmorpg),鬼斬
sore ga seiyuu!,それが声優!
tensai bakabon,天才バカボン
great mechanics g,グレートメカニックG
godzilla vs. mechagodzilla,ゴジラ対メカゴジラ
tokyo clanpool,塔亰Clanpool
tenshi mikadokuni,Tenshi Mikadokuni
amanatsu,あまなつ
heroic age,ヒロイック・エイジ
infamous,悪名高い
maou no kuse ni namaiki da!,魔王のくせに生イキだっ!
shuusaku,臭作
ui-chan no niizuma diary,憂(うい)ちゃんの新妻だいあり~
internet positif,インターネットPositif
atelier lilie,リリーのアトリエ
vitamin summer!,ビタミンSUMMER!
natsuiro kokoro log,ナツイロココロログ
buriki one,武力ONE
"watashi ga suki nara ""suki"" tte itte!",私が好きなら「好き」って言って!
ane yome concerto,あねよめコンチェルト
my doll house,私のドールハウス
ne~pon? x rai pon!,ね〜PON?×らいPON!
mysims,ぼくとシムのまち
oshite dame nara oshitemiro!,押して駄目なら押してみろ!
star platinum (game),スタープラチナ
mizukabe,みずかべ
chouhakai!! barbarossa,超破壊!!バルバロッサ
vital sign (love live!),バイタルサイン
taimanin yukikaze 2,対魔忍ユキカゼ2
yolang and yolang,瑶玲啊瑶玲
sister quest,シスタークエスト
unreal night girls,非現実的な夜の女の子
aki sora,アキソラ
kyouki sanmyaku ~jashin no itadaki~,狂気山脈〜邪神の山嶺〜
tribe cool crew,トライブクルクル
boku to gonee to umi no year!!,僕と極姉と海のYear!!
shoujo sect,shoujo Sect
blue drop,ブルードロップ
haribo,ハリボー
prometheus (movie),プロメテウス
kyouhaku 2,脅迫2_~傷に咲く花_鮮血の紅~
tokurei sochi dantai stella jogakuin c3 bu,ステラ女学院高等科C3部
kumo no mukou yakusoku no basho,雲のむこう、約束の場所
comitia 156,コミティア156
lens no mukougawa,レンズの向こう側...
ibara,鋳薔薇
scarlett,スカーレット
maou 2099,魔王2099
kimi to boku to eden no ringo,キミとボクとエデンの林檎
doki doki oyako lesson,Doki Doki Oyakoレッスン
heroes of might and magic,力と魔法のヒーロー
nekokawaigari,ネコカワガリ
educational broadcasting system,教育放送システム
omega labyrinth,オメガラビリンス
nukidoki!,ヌキどきッ!
knights chronicle,ナイツクロニクル
bistro cupid 2,ビストロ・きゅーぴっと2
interstellar rhapsody,星間ラプソディ
famiresu iko.,ファミレス行こ。
summon night: swordcraft story 2,サモンナイトクラフトソード物語2
innocent girl,イノセントガール
cutie mew mew magic (deltarune),キューティみゅうみゅうマジック
big bang beat,ビッグバンビート
toy story 5,トイ・ストーリー5
ushiro no shoumen kamui-san,うしろの正面カムイさん
sonic r,ソニックR
tomodachi ni nareru basho,トモダチになれる場所
odochina (vocaloid),踊っチャイナ
bokutodragon,ぼくとドラゴン
the untamed,陈情令
musou orochi 2,無双OROCHI2
chaos dominas,カオスドミナス
aibeya,アイベヤ
tensei ringo (vocaloid),転生林檎
momose akira no hatsukoi hatan chuu.,百瀬アキラの初恋破綻中。
koakuma love,小悪魔LOVE♡
natsu no iro no nostalgia,夏の色のノスタルジア
hikakin,ヒカキン
hajimari no haneoto,はじまりの羽音
sylvanian families,シルバニアファミリー
fukai ni nemuru oujo no abaddon,腐界に眠る王女のアバドーン
ultraman max (series),ウルトラマンマックス
welcome to dreamland,欢迎来到梦乐园
guild master (game),ギルドマスター
shun-ran (vocaloid),春嵐
paradichlorobenzene (vocaloid),パラジクロロベンゼン
darkness heels,ダークネスヒールズ
emperor's new clothes,裸の王様
sakigake no hanamiko,魁の花巫女
kaeru no tame ni kane wa naru,カエルの為に鐘は鳴る
golden state warriors,ゴールデンステート・ウォリアーズ
rinne (vocaloid),リンネ
mameshiba (series),豆しば
metal gear solid v: ground zeroes,メタルギアソリッドVグラウンドゼロズ
metroid 2: return of samus,メトロイドII
nonki boy,のんきBOY
tokiwa kitareri!!,トキワ来たれり!!
tokyo babylon,東京BABYLON
pucca (cartoon),プッカ
honto no (utau),ホントノ
dancing star precure,Dancing☆Starプリキュア
the little mermaid (2023),実写版リトルマーメイド
one piece straw hat space,麦わらスペース
miami heat,マイアミ・ヒート
mario strikers: battle league,マリオストライカーズバトルリーグ
oniisama e...,おにいさまへ...
tekken 2,鉄拳2
san antonio spurs,サンアントニオ・スパーズ
mahou shoujo kanae,魔法少女かなえ
lazy dungeon master,絶対に働きたくないダンジョンマスターが惰眠をむさぼるまで
nobunaga no shinobi,信長の忍び
the god of death,ザゴッドオブデス
evil dead,死霊のはらわた
tensei kizoku no isekai boukenroku,転生貴族の異世界冒険録
chio-chan no tsuugakuro,ちおちゃんの通学路
romance wa tsurugi no kagayaki 2,ロマンスは剣の輝きII
star wars: the high republic,ハイ・リパブリック
i'm your treasure box,マリ箱
castle crashers,キャッスルクラッシャーズ
kimi wa houkago insomnia,君は放課後インソムニア
tatarigoroshi-hen,祟殺し編
pixiv genealogy of life,【命の系譜】
comic koh,コミック高
sakurako-san no ashimoto ni wa shitai ga umatteiru,櫻子さんの足下には死体が埋まっている
atelier questboard,アトリエクエストボード
mario kart 64,マリオカート64
karakuri shoujo,世回転界クロジカル
tachiagare! orc-san,たちあがれ!オークさん
majo to yajuu,魔女と野獣
sekai seifuku kanojo,世界征服彼女
mahou shoujo lyrical nanoha strikers sound stage x,StrikerSサウンドステージX
dorobou-chan,どろぼうちゃん
henjin no salad bowl,変人のサラダボウル
ego rock (vocaloid),エゴロック
otaku no video,おたくのビデオ
angelos armas,アンジェロス・アルマス
ramia-yana,ラミア・ヤナ
maou-sama retry!,魔王様、リトライ!
mf bunko,MF文庫J公式キャラコン
texhnolyze,テクノライズ
stayblack,StayBlack
subete ga f ni naru,すべてがFになる
ayumarine 707r,あゆまりん707R
hagure yuusha no estetica,はぐれ勇者の鬼畜美学
the demonata,デモナータ
psychocuties,サイコ・ニャシュキ
ubunchu!,ubunchu！
futakoi alternative,フタコイオルタナティブ
mizugi kanojo,水着彼女
crystania,クリスタニア
code lyoko,CODEリョーコ
peropero saimin,ペロペロ催眠
ima soko ni iru boku,今、そこにいる僕
his master's voice,ビクター犬
fire flower (vocaloid),火の花（ボーカロイド）
n-innocence,エヌイノ
wooser no sono higurashi,うーさーのその日暮らし
campanella (vocaloid),カンパネラ（ボーカロイド）
wander last (vocaloid),ワンダーラスト
gakuen handsome,学園ハンサム
senkou no clarias,閃鋼のクラリアス
overidea,Overidea
houkago sai tensei!,ほうかご再テンセイ!
yoku wakaru gendai mahou,よくわかる現代魔法
sakura no ame (vocaloid),桜ノ雨
yuuguu settai,優遇接待~孤島の極楽へようこそ~
megas xlr,メガスXLR
tapestry -you will meet yourself-,タペストリー_-you_will_meet_yourself-
maou no hajimekata (dmm),魔王の始め方
seiken no faeries,聖剣のフェアリース
idol showdown,アイドルショーダウン
rizelmine,りぜるまいん
cross world,クロスワールド
fantasia (disney),ファンタジア
r-15 (series),R-15（シリーズ）
bionic commando,バイオニックコマンドー
wu dong qian kun,武动乾坤
kamisama to unmei (series),カミサマからunmei（シリーズ）
reminiscence re:collect,回想re：収集
kaizin rumble,怪人ランブル
the girl and the robot,少女とロボット
clockwork planet,クロックワーク・プラネット
a's wonderland,エースのワンダーランド
crayon shin-chan: adventure in henderland,ヘンダーランドの大冒険
naruto mobile,ナルトモバイル
utahime shikkaku (vocaloid),歌姫失格
rivals of aether,ライバルズオブエーテル
max payne (series),マックスペイン
lily ange,りりぃあんじぇ
tokyo revengers unlimited,東京リベンジャーズUNLIMITED
hell maiden,地狱公主
ghost in the shell: innocence,イノセンス(攻殻機動隊)
deviantart,DeviantArt
itoshiki yume yo izanaite,いとしき夢よ_いざないて
princess cafe,プリンセスカフェ
sister mermaid,シスターマーメイド
polaris chord,ポラリスコード
the duskbloods,ダスクブラッド
1/7 no mahoutsukai,1/7の魔法使い
ruby gillman: teenage kraken,ルビー・ギルマン、ティーンエイジ・クラーケン
ichiban kuji,一番くじ
miagete goran yozora no hoshi wo,見上げてごらん夜空の星を
bouryoku banzai,暴力万歳
metal slug 3,メタルスラッグ3
tonari no neko to koi shirazu,となりの猫と恋知らず
houkago saikoro club,放課後さいころ倶楽部
momentary lily,もめんたりー・リリィ
zorro,怪傑ゾロ
anime tenchou,アニメ店長
tokyo godfathers,東京ゴッドファーザーズ
tsurikichi sanpei,釣りキチ三平
tsuihousha shokudou e youkoso!,追放者食堂へようこそ!
chiisana kyojin microman: uborg senki 2010,小さな巨人ミクロマンユーボーグ戦記2010
yasei no last boss ga arawareta,野生のラスボスが現れた!
kill ao,キルアオ
morbius (movie),モービウス
deftones (band),デフトーンズ
siscon ani to brocon imouto ga shoujiki ni nattara,シスコン兄とブラコン妹が正直になったら
kira! mankai smile (idolmaster),キラッ!満開スマイル
koibito doushi de suru koto zenbu,こいびとどうしですることぜんぶ
burn-up w,バーンズw
gotcha force,ガチャフォース
torikoriko please!!,トリコリコPLEASE!!
deadpool 2,デッドプール2
tower dungeon,タワーダンジョン
shining force ii,シャイニングフォース2
avatar (2009 movie),アバター（映画）
ultraman: the ultimate hero,ウルトラマンパワード
murcielago,ムルシエラゴ
yuukei yesterday (vocaloid),夕景イエスタデイ
kokubyaku no avesta,黒白のアヴェスター
soushuu senshinkan gakuen hachimyoujin,相州戦神館學園八命陣
saint seiya: soul of gold,黄金魂
utahime dream,ウタヒメドリーム
battle angel alita: last order,銃夢LastOrder
keifuku-san,傾福さん
star wars: the rise of skywalker,スター・ウォーズ/スカイウォーカーの夜明け
syanago collection,車なごコレクション
haikei (vocaloid),拝啓
lieat,lieat
mos burger,モスバーガー
futago matomete kanojo ni shinai?,双子まとめて『カノジョ』にしない?
triangle heart 3 lyrical toy box,リリカルおもちゃ箱
"isekai izakaya ""nobu""",異世界居酒屋「のぶ」
tada-kun wa koi wo shinai,多田くんは恋をしない
yuan zun,元尊
risubokkuri,リスボックリ
shougun-sama wa otoshigoro,将軍様はお年頃
saint seiya: legend of sanctuary,聖闘士星矢LEGENDofSANCTUARY
the aristocats,おしゃれキャット
saga 1,魔界塔士Sa・Ga
gal to otaku wa wakari aenai.,ギャルとオタクはわかりあえない。
shutokou battle,首都高バトル
charamel,キャラ☆メル
himekiss,ヒメキス
eastern and little nature deity,東方三月精
rainybluebell,RBB描いた
densetsu no stafy,伝説のスタフィー
utsuro no hako to zero no maria,utsuro no hakoからゼロマリア
parasite (vocaloid),パラサイト
gogo sentai boukenger,轟轟戦隊ボウケンジャー
angel blade punish,エンジェルブレードが罰する
kaminaki sekai no kamisama katsudou,神無き世界のカミサマ活動
chokokeki 6 shimai,チョコケーキ6姉妹
legendary sword,伝説の剣.io
ougon yuusha goldran,黄金勇者ゴルドラン
legaia densetsu,レガイア伝説
gundam 00f,機動戦士ガンダム00F
toriko no shizuku ~natsu no gouka kyakusen de kegasareru otome-tachi~,虜ノ雫~夏の豪華客船で穢される処女たち~
kaibutsu-kun,怪物くん
aka-san to kyuuketsuki,別名-Sanへの九州
asame shinbun,朝目新聞
stranger mukou hadan,ストレンヂア無皇刃譚
ochite iku niizuma,堕ちていく新妻
jinba,人馬
marine benefit,東方海恵堂
seraphim call,セラフィムコール
yuukyuu no campanella,悠久のカンパネラ
gyakuten sekai no denchi shoujo,逆転世界ノ電池少女
supreme candy,しゅぷれ〜むキャンディ_~王道には王道たる理由があるんです!~
buster dress,バスタードレス
hitohira,ひとひら
phantasy star i,ファンタシースター
mission: impossible,ミッション・インポッシブル
dorei himekishi to dorei jijo to no slow life,奴隷姫騎士と奴隷侍女とのスローライフ
the girls of armament,武装の女の子
isekai sakaba no sextet,異世界酒場のセクステット
bugbug,bugbug
ixion saga dt,イクシオンサーガDT
majokko a la mode 2,Majokko a laモード2
ore dake haireru kakushi dungeon,俺だけ入れる隠しダンジョン
asanagi no aquanauts,浅瀬はアクアノートなし
princess party,プリンセスパーティー
marginal skip,限界スキップ
hakozume: kouban joshi no gyakushuu,ハコヅメ~交番女子の逆襲~
attouteki gacha un de isekai wo nariagaru!,圧倒的ガチャ運で異世界を成り上がる!
with ribbon,ウィズリボン
temptation h,誘惑h
rui wa tomo wo yobu,るいは智を呼ぶ
greed packet unlimited,グリードパケット∞
tsukushite ageru no ni!,つくしてあげるのに!!
tsuri baka,ツーリ・バカ
midnight girls,ミッドナイトガールズ
bitcoin,ビットコイン
true blue,トゥルーブルー
maid gari,メイド狩り
bravoman (series),超絶倫人ベラボーマン
legend of lemnear,極黒の翼バルキサス
blue dragon ral omega grad,ラルグラド
fullani,フルアニ
mahou no tame no shoujo club,魔法のための少女クラブ
madan no ou to michelia,魔弾の王と凍漣の雪姫
lacey games,レイシーのファンアート
beatcats,ビートキャッツ
pokemon: the rise of darkrai,ディアルガVSパルキアVSダークライ
chieri no koi wa 8 meter,ちえりの恋は8メートル
blood the last vampire,最後の吸血鬼の血
ikinokore! shachiku-chan,いきのこれ!社畜ちゃん
mizuzokusei no mahoutsukai,水属性の魔法使い
be proud (love live!),be_proud(乙宗梢)
akatsuki yureru koi akari,紅月ゆれる恋あかり
debby the corsifa wa makezugirai,デビィ・ザ・コルシファは負けず嫌い
high school dxd operation paradise infinity,ハイスクールD×D_Operation_Paradise_Infinity
jewelpet,ジュエルペット(無印)
tsuburaya productions,円谷プロダクション
cat loving (cevio),キャットラビング
juukon sentai juusoldier,獣魂戦隊ジュウソルジャー
2dk g pen mezamashidokei,2DK、Gペン、目覚まし時計。
hongmao and lantu,虹猫蓝兔七侠传
godzilla vs. megalon (1973),ゴジラ対メガロ
under the oak tree,橡树之下
boys be maid!,ボーイズビーメイド
monty python's flying circus,空飛ぶモンティ・パイソン
prima stella,プリマ☆ステラ
keikenzumi na kimi to keiken zero na ore ga otsukiai suru hanashi.,経験済みなキミと、経験ゼロなオレが、お付き合いする話。
gundam build metaverse,ガンダムビルドメタバース
kaiba seichoutsuu (zutomayo),海馬成長痛
shin takarajima (song),新宝島
zeroera,赤潮ZeroERA
ultraman ginga s,ウルトラマンギンガS
hanahira!,はなひらっ!
rokudenashi blues,ろくでなしBLUES
teikan no eve bethel,諦観のイヴ・ベセル
phantom blood (movie),幻影之血(电影)
tokyo metro,東京メトロ
toki-sensei wa kigaetai,時先生は着替えたい
boku no natsuyasumi,ぼくのなつやすみ
witch's garden,ウィッチズガーデン
mingjing fangfu keyi zhanduan chuntian,"明镜,仿佛可以斩断春天"
ginka,ギンカ
the queen's gambit,クイーンズ・ギャンビット
medarot 8,メダロット8
majo to hyakkihei 2,魔女と百騎兵2
kono kaisha ni suki na hito ga imasu,この会社に好きな人がいます
vampire blood,ヴァンパイア†ブラッド
battleborn,バトルボーン
sweet home maid,スイートホームメイド
kari gurashi ren'ai,かりぐらし恋愛
the falcon and the winter soldier,ファルコン&ウィンター・ソルジャー
the pink panther,ピンク・パンサー
sonic the hedgehog 3,ソニック・ザ・ヘッジホッグ3
nishui han,逆水寒
maidloid,メイドロイド
digimon world 3,デジモンワールド3
inside job,陰謀論のオシゴト
salon pixiv,さろぴく
a deru note,A出るノート
chikyuugai shounen shoujo,地球外少年少女
yiren zhixia,一人之下
we bare bears,ぼくらベアベアーズ
haikei... koroshiya-san to kekkon shimashita,拝啓...殺し屋さんと結婚しました
dazzling white town,まばゆいばかりの白い町
bara no maria,薔薇のマリア
yubinotacto,ユビノタクト
hoshi to tsubasa no paradox,星と翼のパラドクス
koisuru ojou-sama wa papa to yobitakunai,恋するお嬢様はパパと呼びたくない
produce 101 japan: the girls,プロデュースワンオーワンジャパンザガールズ
battle spirits: brave,バトルスピリッツブレイヴ
godzilla: tokyo s.o.s.,ゴジラ×モスラ×メカゴジラ東京SOS
columbo,刑事コロンボ
oushitsu kyoushi heine,王室教師ハイネ
guild wars 1,ギルドウォーズ
gitadora,ギタドラ
no more heroes 2,ノーモア★ヒーローズ2
konton boogie (vocaloid),混沌ブギ
mamayuyu,魔々勇々
dragon knight 4,ドラゴンナイト4
mimikkoui,Mimikkoui
saikyou densetsu kurosawa,最強伝説黒沢
ojou-sama wa sunao ni narenai,お嬢様は素直になれない
amaetai hi wa soba ni ite,甘えたい日はそばにいて。
hortensia saga,オルタンシア・サーガ
drift girls,ドリフトガールズ
max anarchy,マックスアナーキー
nekogurui minako-san,ねこぐるい
kissbell,キスベル
the oblongs,ジ・オブロングス
roman holiday,ローマの休日
ran to haiiro no sekai,乱と灰色の世界
nekogami yaoyorozu,猫神やおよろず
go to kozukuri,GoToコヅクリ
hoshi no otome to rikka no shimai,星の乙女と六華の姉妹
up (disney),カールじいさんの空飛ぶ家
the dragon prince,ドラゴン王子
araburu kisetsu no otome-domo yo.,荒ぶる季節の乙女どもよ。
arcana tactics,アルカナタクティクス
heart challenger,ハートチャレンジャー
alea,アレア
aristear remain,Aristearは残ります
mario strikers charged,マリオストライカーズチャージド
nanako kaitai shinsho,菜々子解体診書
lost planet,ロストプラネット
love is blind (quzilax),らぶいずぶらいんど
ubel blatt,ユーベルブラット
tabgraphics,Tabgraphics
kimi to issho ni,君と一緒に
omega quintet,オメガクインテット
tokyo akazukin,東京赤ずきん
love plus plus,Love Plus Plus
home alone,ホームアローン
sensei! tsugi wa battle no jikan desu.,先生!次はバトルの時間です。
drapri guu-ta-life 2,竜姫ぐーたらいふ2
poe no ichizoku,ポーの一族
madura no tsubasa,マドゥーラの翼
kenja no mago,賢者の孫
kami wa game ni ueteiru,神は遊戯に飢えている。
giant gorg,巨神ゴーグ
kirakira monstars,キラキラモンスターズ
otenki studio,お天気スタジオ
nijiura,nijiura
black torch,ブラックトーチ
kousoku kidou avatar drive,光速軌道アバタードライブ
hikari no 4 senshi,ヒカリいいえ4センシ
heisei umare,平成生まれ
mahou tsukai sally,魔法使いサリー
kenkyo kenjitsu wo motto ni ikite orimasu,謙虚、堅実をモットーに生きております!
kanahei no shoudoubutsu,カナヘイの小動物
tytania,タイタニア
kiss ato kiss will change my relation with you,キス・アト・キスはあなたとの私の関係を変えるでしょう
baby steps,ベイビーステップ
how the grinch stole christmas!,グリンチ
ramen daisuki koizumi-san,ラーメン大好き小泉さん
yozakura kitan,夜桜姫譚
danganronpa 2x2,スパーダンガンロンパ2×2
ai no wakakusa monogatari,愛の若草物語
charlie and the chocolate factory,チャーリーとチョコレート工場
fullmetal alchemist mobile,鋼の錬金術師MOBILE
cyborg kuro-chan,サイボーグクロちゃん
light up,らいとあっぷ
gundam silhouette formula 91,シルエットフォーミュラ91
q-lia,クーリア
primadonna (hoshimachi suisei),プリマドンナ
god eater resonant ops,ゴッドイーターレゾナントオプス
youchien wars,幼稚園WARS
boyish kanojo ga kawaisugiru,ボーイッシュ彼女が可愛すぎる
sofia the first,ちいさなプリンセスソフィア
yoru ni kakeru,夜に駆ける
okiraku ryoushu no tanoshii ryouchi bouei ~seisan-kei majutsu de na mo naki mura wo saikyou no jousai toshi ni~,お気楽領主の楽しい領地防衛
compile heart,コンパイルハート
aikotoba -silver snow sister-,アイコトバSSS
hatsune miku japan tour 2025 ~blooming~,初音ミクJPツアー2025
saints row: the third,セインツロウ：3番目
castlevania: curse of darkness,悪魔城ドラキュラ闇の呪印
p.a. works,株式会社ピーエーワークス
comedian (artwork),コメディアン
six heart princess,シックスハートプリンセス
chikyuu boei kigyou dai-guard,地球防衛企業ダイ・ガード
the spongebob squarepants movie,スポンジ・ボブ/スクエアパンツ_ザ・ムービー
shinmai renkinjutsushi no tenpo keiei,新米錬金術師の店舗経営
arena breakout,アリーナブレイクアウト
hal laboratory,ハル研究所
taimanin kurenai,対魔忍紅
sonic runners,ソニックランナーズ
loveit (vocaloid),ラヴィット
olympia soiree,オランピアソワレ
doro no bunzai de watashi dake no taisetsu wo ubaou da nante,泥の分際で私だけの大切を奪おうだなんて
ano yo iki no bus ni notte saraba,あの世行きのバスに乗ってさらば。
pokemon art academy,ポケモンアートアカデミー
gurumin,ぐるみん
witoru,witoru
ruby gloom,ルビー・グルーム
todo no tsumari no uchoten,とどのつまりの有頂天
the war of genesis iii,創世記IIIの戦争
gyakushuu (series),虐襲
astraea record,アストレア・レコード
blue protocol,ブループロトコル
39 music (vocaloid),39みゅーじっく!
kyoufu garden (vocaloid),恐怖ガーデン
jak and daxter,ジャックンダクスター
arafoo otoko no isekai tsuuhan seikatsu,アラフォー男の異世界通販生活
dai-kaijuu battle ultra ginga densetsu the movie,ウルトラ銀河伝説
venus blood -frontier-,金星の血液 - フロンチ -
nansou satomi hakkenden,南総里見八犬伝
bleach: memories of nobody,漂白剤：誰の思い出も
kimoota idol yarutteyo,キモオタ、アイドルやるってよ
sakura ignoramus,サクライグノラムス
gotham (series),ゴッサム
catulus syndrome,かとるすしんどろーむ
kegareboshi,ケガレボシ
saint seiya: next dimension,ネクストディメンション
rakuraku anrakushi (vocaloid),らくらく安楽死
mary poppins,メリー・ポピンズ
hana uta memoire,花唄メモワール
the smurfs,スマーフ
science saru,株式会社サイエンスSARU
street fighter i,ストリートファイターI
resident evil: resistance,バイオハザードレジスタンス
bully (game),ブリー
yuusha mushoku,勇者無職
housekishou no maid,宝石商のメイド
euro 2024,ユーロ2024
gariben girl v,ガリベンガーV
net ghost pipopa,ネットゴーストPIPOPA
fuan no tane,不安の種
youkai watch world,妖怪ウォッチワールド
taimanin asagi 3,対魔忍アサギ3
for the barrel,フォー・ザ・バレル
2022 winter olympics,北京オリンピック
pixiv gakuen,ぴくがく
onna kishi to kemonomimi no ko,女騎士とケモミミの子
the adventures of lord el-melloi ii,ロード・エルメロイII世の冒険
communist party of china,中国共産党
maou toubatsu shita ato medachitakunai node guild master ni natta,魔王討伐したあと、目立ちたくないのでギルドマスターになった
band yarouze!,バンやろ
overtake!,オーバーテイク!
vampire savior: the lord of vampire,ヴァンパイアセイヴァーロードオブヴァンパイア
mahou chuunen ojimajo 5,おじまじょ5
hina logi - from luck & logic,ひなろじ
the last unicorn,最後のユニコーン
touhou sky arena,Touhou Sky Arena
matrimelee,新豪血寺一族闘婚-Matrimelee-
akai katana,赤い刀
houkago ren-ai club,放課後恋愛クラブ
sakura bitmap,さくらビットマップ
kyuukyuu kyuumei caduceus 2,救急救命カドゥケウス2
days (kagerou project),日（kagerouプロジェクト）
e? aa sou. (vocaloid),え?あぁ、そう。
journey to the west (1986 tv series),86版西游记
shuujin/kami hikouki (vocaloid),囚人と紙飛行機
mama ni aitai,ママにあいたい
hungry days,アオハルかよ
dark chronicle,ダーククロニクル
gobots,ゴーボッツ
gundam burai,機動戦史ガンダム武頼
char's daily life,シャアの日常
izone,アイズワン
endless library,無限のライブラリ
pokemon duel,ポケモンコマスター
shinmai maou no testament burst,新妹魔王の契約者BURST
shooting girl,シューティングガール
granatha eternal,グラナタ・エターナル
live on cardliver kakeru,ライブオン
youkai gakkou no sensei hajimemashita!,妖怪学校の先生はじめました!
animator vs. animation,アニメーターvsアニメーション
air master,エアマスター
akai ibara,アカイ・イバラ
inshitsu otaku ni ikareru imouto (kanojo),陰湿オタクにイカれる妹(彼女)
hana x hana,花×華
haishin,廃深
limbo (game),リンボ（ゲーム）
gedo senki,ゲド戦記
jackie chan adventures,ジャッキー・チェン・アドベンチャー
connectopia,こねくとぴあ
megadeth,メガデス
hakaba kitarou,墓場鬼太郎
dragon maker,ドラゴンメーカー
daiuchuu no hokori,daiuchuu no hokori
futari escape,ふたりエスケープ
taiyou no promia,太陽のプロミア
dancing blade,かってに桃天使!
rideback,ライドバック
albatrosicks,アルバトロシックス
figu@mate,ふぃぎゅ@メイト
strawberry nauts,ストロベリーノーツ
maebari teikoku no gyakushuu,Maebari Teikoku No Gyakushuu
nurse no obenkyou,看護師はobenkyouをしません
mine fukaki se ni tayutau uta,峰深き瀬にたゆたう唄
omakase! trouble angel,おまかせ!とらぶる天使
newmanoid,ニューマノイド
shakugan no shana-tan,灼眼のシャナたん
kara no shoujo 2,虚ノ少女
d1 grand prix,D1グランプリ
konna ko ga itara boku wa mou,こんな娘がいたら僕はもう...!!
boku to kanojo ni furu yoru,ぼくと彼女に降る夜
37.5c no fantasy,37.5°Cのファンタジー
makai gakuen catastrophe,魔界学園カタストロフィ
sakuragi gakuen iyashi-bu,桜木学園癒やし部
anetomo,アネトモ
in stars and time,イン・スターズ・アンド・タイム
date crush stories,デートクラッシュストーリー
fermion,フェルミオン
pixiv forest,Pixiv Forest
kurokishi to shiro no maou,黒騎士と白の魔王
love marginal,限界が大好きです
glasslip,グラスリップ
bahamut greed,バハムートグリード
innocent bullet,罪のない弾丸
nyan cafe macchiato,Nyan Cafe Macchiato
the witcher 2,ウィッチャー2
the human centipede,ムカデ人間
hama no miko,破魔の巫女
magicleaders,曼奇立德
magical witch academy,マジカルウィッチアカデミー
ultra galaxy fight: the destined crossroad,ウルトラギャラクシーファイト運命の衝突
izigenia,イジゲニア
comitia 155,コミティア155
letter in orange (arknights),酸橙色信笺
shin megami tensei: deep strange journey,ディープストレンジジャーニー
battlefield 6,バトルフィールド6
chaos angels,カオスエンジェルズ
"fuguushoku ""kanteishi"" ga jitsu wa saikyou datta",不遇職【鑑定士】が実は最強だった
sakura no kumo scarlet no koi,さくレット
tongari boushi no memoru,とんがり帽子のメモル
wish you were here,あなたがここにいたらいいのにと思う
yappa tenshi!,やっぱ天使!
parks and recreation,パークス・アンド・レクリエーション
josou sanmyaku,女装山脈
zwei!!,ツヴァイ!!
bokujou monogatari: wonderful life,ワンダフルライフ
keep talking and nobody explodes,完全爆弾解除マニュアル
kakuriyo no mon,かくりよの門
tonari no princess rolfee,となりのプリンセスRolfee
ase kaichatta ne cesario (vocaloid),汗かいちゃったね、シーザリオ
watari-kun no xx ga houkai sunzen,渡くんのXXが崩壊寸前
navy field 152,海軍フィールド152
daisuki dattara daijoubu!,ダイスキだったらダイジョウブ!
rekka no honoo,烈火の炎
dead or alive 2,デッドオアアライブ2
the amazing spider-man,アメイジング・スパイダーマン
balloon fight,バルーンファイト
in'youchuu shoku,in'youchuu shoku
girls und panzer momi no ki to tetsu no hane no majo,ガールズ&パンツァー樅の木と鉄の羽の魔女
harriet the spy,ハリエットザスパイ
nakitai watashi wa neko wo kaburu,泣きたい私は猫をかぶる
onna maou melissa no h na boukenki,女魔王メリッサのHな冒険記
siam neko azukisan,シャム猫あずきさん
puss in boots (fairy tale),長靴をはいた猫
ane wa yanmama junyuu-chuu,義姉はヤンママ授乳中
ao no orchestra,青のオーケストラ
the adventures of pinocchio,ピノッキオの冒険
yume de yozora wo terashitai,夢で夜空を照らしたい
sengoku enbu -kizna-,戦国炎舞-KIZNA-
dimension totsu lovers!!,ディメンション凸ラバース!!
panzer dragoon orta,Panzer Dragoon Orta
obake no ukenerai (vocaloid),おばけのウケねらい
logitech,ロジクール
eiyuuou bu wo kiwameru tame tenseisu: soshite sekai saikyou no minarai kishi,英雄王、武を極めるため転生す
the mask,マスク(映画)
luca (pixar),あの夏のルカ
rikka koukou marching band e youkoso,立華高校マーチングバンドへようこそ
okusama ga seito kaichou!,おくさまが生徒会長
americano exodus,アメリカーノ・エクソダス
tabun owari (vocaloid),たぶん終わり
battlefield 1942,バトルフィールド1942
super milk-chan,スーパーミルクちゃん
hen na ie (uketsu),変な家
partner,相棒
requiem for the phantom,ファントムのレクイエム
sengoku basara 3,戦国BASARA3
volt tackle (vocaloid),ボルテッカー
kimi to tsunagaru koi flag,君とつながる恋フラグ
ningyou no kuni,人形の国
kaitori oukoku,買取王国
ano ko wa chuunibyou tenshi!!,あの娘は中二病天使!!
dyogrammaton,ジオグラマトン
mixue,蜜雪冰城
hajimari no kioku,ネフェロマキオン
b-gata h-kei,びーがたえっちけい
tower of hanoi,タワハノ腐
gakkou no seiiki,学校のセイイキ
sangoku hime 4,三極姫4~天下繚乱天命の恋絵巻~
meikou gijuku,Meikou Gijuku
kaizoku ookoku koronbusu,海賊王国コロンブス
xiong xiaobai,叫我熊小白
solidus,ソリッド
hataraku otona no ren'ai jijou 2,働くオトナの恋愛事情2
ragnarok the animation,ラグナロクジアニメーション
henjo ~hen na joshi kousei amaguri senko~,変女
yuki koi melt,ゆきこいめると
wolfwalkers,ウルフウォーカー
momohime ryouran! sengoku asuka,百姫繚乱!戦国アスカ
guardian cross,ガーディアン・クルス
sukumizu tabehoudai,スクミズ・タベフーダイ
monster monster,モンスター★モンスター
ecchi na bunny-san wa kirai? 2,エッチなバニーさんは嫌い?2
samurai 7,サムライ7
reijou kanritou ~seifuku shoujo-tachi no sakunyuu reizokuki~,隷嬢管理棟~制服少女たちの搾乳隷属記~
tonde buurin,とんでぶーりん
turma da monica,Turma Da Monica
atelier iris grand phantasm,イリスのアトリエグランファンタズム
mahou shoujo tai arusu,魔法少女隊アルス
eretzvaju,封神領域エルツヴァーユ
super robot wars f,スーパーロボット大戦F
3ping lovers!,3Ping_Lovers!☆一夫二妻の世界へようこそ♪
ningyo numa,人魚沼
arachnid (series),アラクニド
juniper's knot,ジュニパーの結び目
yamada-san wa tottemo baka nan desu,山田さんはとっても馬鹿なんです
meikyuu black company,迷宮ブラックカンパニー
teriyaki (synthesizer v),テテテテリテリテテテテリヤキ
hellraiser,ヘルレイザー
idol project,アイドルプロジェクト
gundam combat,ガンダムコンバット
uchuu no senshi,宇宙の戦士
kodoku no hate (vocaloid),孤独の果て
yoru no nai kuni 2,よるのないくに2
zombie loan,ゾンビローン
touhakuden,董白伝~魔王令嬢から始める三国志~
takahashi meijin no bug-tte honey,高橋名人のbugってハニー
presence,プレゼンス
mazinkaiser skl,マジンカイザーSKL
tengaku (vocaloid),天樂
zanki zero,ザンキゼロ
kardia tou abel,牧羊人の心
zoids wild,ゾイドワイルド
reason!! (idolmaster),理由！！ （Idolmaster）
atelier iris eternal mana,イリスのアトリエエターナルマナ
anime-tamae! tensei no miko,あにめたまえ!天声の巫女
twin milf,ツインミルフ
a-1 pictures,株式会社A-1Pictures
parallel akiba gakuen,ぱられるAKIBA学園
magia break,マギアブレイク
minikui mojika no ko,みにくいモジカの子
tiny toon adventures,タイニー・トゥーンズ
green green,グリーングリーン
monsterhentai,モンステルタイ
onee-chan no te wo totte,お姉ちゃんの手を取って
archaic sealed heat,アルカイックシールドヒート
guro cure,グロキュア
yume tsukai,夢使い
inshuu bijutsubu kouhai nude model to okiteyaburi no sex ga shitai,淫習美術部後輩ヌードモデルと掟破りの青春がしたい
muchimuchi dakara mukumuku shita ~osananajimi to no sugoshikata~,ムチムチだからムクムクした~幼なじみとの過ごし方~
gaifu kaisei,凱風快晴
hinnyuu kyonyuu history,貧乳巨乳ヒストリー
circlet princess,サークレット・プリンセス
heal & squeeze,癒しと絞ります
junjou karen freaks! -freaks romanticism-,純情化憐フリークス!
semiramis no tenbin,セミラミスの天秤
shiranai love oshiete love,シラナイはオシエテの愛を愛しています
sakura spirit,さくらの精神
only sense online,オンリーセンス・オンライン
saimin enbu,催眠演舞
moriah saga,モリア・サガ
ma-ko hunter,Ma-ko Hunter
v for vendetta,Vフォー・ヴェンデッタ
re:if kara hajimeru isekai seikatsu,Re:IFから始める異世界生活
uta no princess-sama back to the idol,うたの☆プリンセスさまっ♪BACK_to_the_IDOL
ace combat x,エースコンバットX
dance dance,ダンスダンス
nintendogs,ニンテンドッグス
sonic: night of the werehog,ソニック&チップ
omen of the stars,星预言
honjitsu no urabe-san to,本日の卜部さんと
castlevania: bloodlines,バンパイアキラー
koori no jouheki,氷の城壁
ozigiri,ずほ
only you,あなただけ
only you recross,あなただけがレクロスします
spider-man: far from home,スパイダーマン:ファー・フロム・ホーム
manchester united,マンチェスター・ユナイテッド
sonic advance 3,ソニックアドバンス3
hoshi no kirby: mugen no haguruma o sagase!,星のカービィ_夢幻の歯車を探せ!
9s (yamamoto yamato),ナインエス
iron man (2008),アイアンマン(映画)
whiplash (2014 movie),セッション
noora to toki no koubou,ノーラと刻の工房
arisou de nasa sou,ありそうでNASA荘
pixel princess blitz,ピクセル・プリンセス・ブリッツ
zettai ni chocomint wo taberu aoi-chan (voiceroid),絶対にチョコミントを食べるアオイチャン
ninja senshi tobikage,忍者戦士飛影
ikemen villain,イケメンヴィラン
towa and the guardians of the sacred tree,トワと神樹の祈り子たち
hikikomori no ore ga kawaii guild master ni sewa wo yakaremakuttatte betsu ni ii darou?,ひきこもりの俺がかわいいギルドマスターに世話を焼かれまくったって別にいいだろう?
kimi to board game ga tsukuritai!,きみとボドゲが作りたい!
mario & luigi: paper jam,マリオ&ルイージRPG_ペーパーマリオMIX
cocoppa dolls,ココッパドール
hanamakura,華枕
oide yo! ishikawa daikanko,おいでよ!石川大観光
88kasyo junrei,八十八ヶ所巡礼
black torch (takaki tsuyoshi),ブラックトーチ
sonic triple trouble,ソニック&テイルス2
touhouken bunroku (game),東方見文録
yellow magic orchestra,イエロー・マジック・オーケストラ
wo jia da shixiong naozi you keng,我家大师兄脑子有坑
ikigusare,イキグサレ
saikyou tank no meikyuu kouryaku ~tairyoku 9999 no rare skill-mochi tank yuusha party wo tsuihou sareru~,最強タンクの迷宮攻略
iwashi ga tsuchi kara haetekurun da (utau),イワシがつちからはえてくるんだ
aikurushii (idolmaster),あいくるしい
monster hunter portable 2nd g,モンスターハンターポータブル2ndG
zwei 2,ツヴァイ2
puchiguru love live!,ぷちぐるラブライブ!
anti the infinite holic (vocaloid),無限のホリック（ボーカロイド）
emerald dragon,エメラルドドラゴン
silent hill: homecoming,サイレントヒルホームカミング
river city girls 2,リバーシティガールズ2
yomiuri land,よみうりランド
song of time,时之歌
harry potter and the deathly hallows,死の秘宝
cow & chicken,カウ&チキン
the marvelous misadventures of flapjack,フラップジャック
phenomeno,フェノメノ
zettaiteki lover,絶対的LOVER
toriko no shirabe -refrain- chouritsu sareru otome-tachi to onna kyoushi,虜ノ旋律―refrain―調律される処女たちと女教師
boku no chikyuu o mamotte,ぼくの地球を守って
aztec mythology,アステカ神話
plastic little,プラスチックリトル
kishou seireiki,気象精霊記
kiseki musubi,キセキ結び
kaijin kaihatsubu no kuroitsu-san,怪人開発部の黒井津さん
ryuu ga gotoku 6,龍が如く6
planet of the apes,猿の惑星
el viento,エル・ヴィエント
juan siliang,眷思量
urami koi koi urami koi.,恨み来、恋、恨み恋。
rocko's modern life,ロッコーのモダンライフ
buddy mission bond,バディミッションBOND
nejimaki kagyuu,ねじまきカギュー
baumkuchen endroll (vocaloid),バゥムクゥヘン・エンドロゥル
ninja hattori-kun,忍者ハットリくん
ikinari anata ni koishiteiru,いきなりあなたに恋している
comic milf,コミックミルフ
monstar (company),惡獸時代
yumemiru prima girl,夢見るプリマ・ガール!
dead or alive 4,デッドオアアライブ4
chii-chan kaihatsu nikki,ちーちゃん開発日記
zettai meikyuu grimm,絶対迷宮グリム
otacool,otacool
sex life,セックスライフ
ren'ai shimasen ka?,恋愛しませんか
kuusen otome sky valkyries,空戦乙女-スカイヴァルキリーズ-
ntt docomo,NTTドコモ
ryuudouji shimon no inbou,龍堂寺士門の淫謀
carmen sandiego (series),怪盗カルメンサンディエゴ
mix (manga),MIX(あだち充)
kageki shoujo!!,かげきしょうじょ!!
mouretsu atarou,もーれつア太郎
reijou mob! (love live!),令嬢モブ!
hello hello world!,ハローハローワールド
kiss nante dekinai desho? to chouhatsu suru namaikina osananajimi wo wakara sete yattara yosouijou ni dereta,「キスなんてできないでしょ?」と挑発する幼馴染みをわからせてやったら、予想以上にデレた
mmr magazine mystery chousa han,MMRマガジンミステリーチョーサハン
muteki robo trider g7,無敵ロボトライダーG7
a way out,逃げ道
tokyo tenma,TOKYO天魔
mugen no ryvius,無限のリヴァイアス
kasshoku danchi e youkoso,褐色団地へようこそ♪
outlanders,アウトランダーズ
memories of emanon,おもいでエマノン
happinesscharge precure! ningyou no kuni no ballerina,映画ハピネスチャージプリキュア!人形の国のバレリーナ
gals!,超GALS!寿蘭
saga 3,サガ3時空の覇者
sausage legend,ソーセージレジェンド
ni no kuni,二ノ国
project gen2,プロジェクトGEN2
nyaruru fishy fight,咸鱼喵喵
monogoi no succubus oyako o mitsuketakara ijimete yaru koto ni shita ww,物乞いのサキュバス母娘を見つけたから苛めてやることにしたWw
makai tenshi djibril 3,魔界天使ジブリール3
otokonoko heaven,オトコのコHEAVEN
shadow lady,シャドウレディ
quiz quest,クイズクエスト
gensou otome no okashi na kakurega,幻想乙女のおかしな隠れ家
midori no umi,翠の海
agrias-san to love love lesson,愛のレッスンを愛するagrias-san
real robot regiment,リアルロボットレジメント
minami-kamakura koukou joshi jitensha-bu,南鎌倉高校女子自転車部
kongai,コンガイ
growlanser v,グローランサーV
school project,Schoolぷろじぇくと☆
tokimeki memorial only love,ときめきメモリアルOnlyLove
kantoku collection,カントクコレクション
mesopota,迷走ポタージュ
feel young,フィール・ヤング
ookamikakushi,おおかみかくし
ayanami raising project,綾波育成計画withアスカ補完計画
msv-r: the return of johnny ridden,ジョニー・ライデンの帰還
denji sentai megaranger,電磁戦隊メガレンジャー
pumpkin night,パンプキンナイト
color works,色が機能します
blaseball,ブランズボール
kurama-chan ni guitte shitara pisha tte sareta,くらまちゃんにグイってしたらピシャってされた!
densha otoko,電車男
weapon girls,ウエポンガールズ
yubisaki milk tea,ゆびさきミルクティー
miyamoto sakura ga kawaii dake no shousetsu,宮本サクラが可愛いだけの小説の漫画。
osu! tatakae! ouendan 2,OSU！ターカエ！ Ouendan 2
jk taimabu,JK退魔部
rainbow parakeet,七色いんこ
reki connect,レキシトコネクト
fantasista (arcade),ファンタジスタ
ace wo nerae!,エースをねらえ!
hikuushi series,hikuushiシリーズ
starhorse pocket,スタポケ
lovely aina-chan,らぶりー♡
kakusei avenger,カクセイアベンジャー
revenge of dragoon,リベンジオブドラグーン
cross regalia,クロス×レガリア
orichalcum reycal duo,オリハルコンレイカルDUO
yuri ni hasamaru otoko wa shineba ii!?,百合にはさまる男は死ねばいい!?
niizuma wa serafuku,に~づまはセーラー服
gasaraki,ガサラキ
triple triad,トリプルトライアド
godzilla vs. mechagodzilla ii,ゴジラvsメカゴジラ
wangan midnight,湾岸ミッドナイト
godzilla (1954 movie),初代ゴジラ
godiva chocolatier,ゴディバ
disney sparklink stars,スパリク
an an,an・an
emoechi pro,えもえちプロダクション
shama (vocaloid),紗痲
interview with the vampire,夜访吸血鬼
comp ace,コンプエース
pokemon the movie: diancie and the cocoon of destruction,ポケモン・ザ・ムービーXY
street fighter ii: the animated movie,ストリートファイター_II_MOVIE
buru x karu,ぶる×かる~先生!カクゴしてね~
irregular man (synthesizer v),イレギュラーマン
comic papipo,COMICパピポ
zettai muteki raijin-oo,絶対無敵ライジンオー
sekai metsubou kyouyuu gensou mamiya,世界滅亡共有幻想マミヤ
grand theft auto: vice city,グランドセフトオートVC
shimotsuma monogatari,ヤンキーちゃんとロリータちゃん
mao mao: heroes of pure heart,マオマオピュアハートのヒーロー
seer (game),赛尔号
araiguma rascal,あらいぐまラスカル
tokyo debunker,東京ディバンカー
n.t.resort e youkoso,N・T・Resortへようこそ。
yadamon,ヤダモン
jinzou ningen kikaider,人造人間キカイダー
ready or not,レディーオアノット
otome riron to sono shuuhen: ecole de paris,Otome RironからSono Shuuhen：Ecole de Paris
aozora shoujotai,青空少女隊
chip-chan kick!,チップちゃんキィーック!
yorite konoha wa kurenai ni,縁りて此の葉は紅に
inferno cop,インフェルノコップ
hatsune tenchikaibyaku shinwa (vocaloid),初音天地開闢神話
kitsune no oyome-chan to musuko-chan,狐のお嫁ちゃんと息子ちゃん
tsurune: kazemai koukou kyuudoubu,ツルネ―風舞高校弓道部―
mount & blade,マウント&ブレイド
tanken hakken boku no isekai elf-san,たんけんはっけんぼくの異世界エルフさん
isekai one turn kill nee-san: ane douhan no isekai seikatsu hajimemashita,異世界ワンターンキル姉さん
gigantic o.t.n (vocaloid),ギガンティックO.T.N
monster collect,モンスターコレクト
the ultraman (anime),ザ☆ウルトラマン
toratsugumi,とらつぐみ
tenkou saki no seiso karen na bishoujo ga mukashi danshi to omotte issho ni asonda osananajimi datta ken,転校先の清楚可憐な美少女が、昔男子と思って一緒に遊んだ幼馴染だった件
tetsujin 28-gou (classic),鉄人28号(テレビアニメ第1作)
sumikko gurashi,すみっコぐらし
unnatural (series),アンナチュラル
eternal tree,エターナルツリー
akujiki-san no gohan,アクジキさんノごはん
kamakura-dono no 13-nin,鎌倉殿の13人
ginga nagareboshi gin,銀牙-流れ星銀-
towa no yuugure,永久のユウグレ
jisatsu yousei,じさつようせい
rusty front,ラスティフロント
29 to jk,29とJK
zutto issho,ずっといっしょ
omae no pantsu wa nani iro da!?,お前のパンツは何色だ!?
black star -theater starless-,ブラスタイラコン
pleasure feather (love live!),蓮ノ休日
razz production,ラズプロ
chrogire/girection,クロギレ/ギレクション
neko no teach-kun,ねこのティーチくん
ipass (yi ka tong),一卡通
blue's clues,ブルーズ・クルーズ
lasting anthem,ラスティングアンセム
muchi muchi pork!,むちむちポーク!
.hack//quantum,.hack // Quantum
specialite en,すぺしゃりてEN
yuzumori-san,柚子森さん
lupin the third: mine fujiko to iu onna,峰不二子という女
maou gakuen no hangyakusha ~ jinruihatsu no maou kouho kenzoku shoujo to ouza o mezashite nariagaru ~,魔王学園の反逆者~人類初の魔王候補眷属少女と王座を目指して成り上がる~
ko seiki beast sanjuushi,KO世紀ビースト三獣士
tom clancy's the division 2,ディビジョン2
netsuzou trap,捏造トラップ-NTR-
ane taiken shuukan,姉体験週間
2016 summer olympics,リオデジャネイロオリンピック
keyakizaka46,欅坂46
2018 winter olympics,2018年平昌オリンピック
hoshino me wo tsubutte.,星野、目をつぶって。
midnight grand orchestra,ミドグラ
aa subarashiki nyansei (vocaloid),嗚呼、素晴らしきニャン生
isekai shikkaku,異世界失格
clover knight (vocaloid),くろうばあないと
akatoki 2! -tsumugu mahou to koboreru hikari-,アカトキ2！ -tsumugu mahouからkoboreru hikari-
red hot chili peppers,レッドホットチリペッパーズ
xing you ji,星游记
fanta gakuen,ファンタ学園
mito hollyhock,水戸ホーリーホック
ice cream mad lab,あいすくりーむまっどらぼ
hello street cat,哈啰街猫
yubikiri (vocaloid),指切り
yawaraka sensha,やわらか戦車
tsuki ga kirei,月がきれい
mahou shoujo western girls,魔法少女ウェスタンガールズ
ketchup ninja,ケチャップニンジャ
color bullets,色の弾丸
death mark,死印
harten,ハテン
human bug daigaku,ヒューマンバグ大学
teppu,鉄風
hello/how are you (vocaloid),ハロ/ハワユ
tasogare,誰彼~たそがれ~
daa! daa! daa!,だぁ!だぁ!だぁ!
toshokan sensou,図書館戦争
tokyo active neets,東京アクティブNEETs
nobunaga the fool,ノブナガ・ザ・フール
nuresuke paradise x,Nuresuke Paradise x
underbar summer,アンダーバーの夏
death by degrees,デス・バイ・ディグリーズ
sharknado,シャークネード
sore wa,痛いwa
shuumatsu ga yattekuru! (vocaloid),しゅうまつがやってくる!
karate shoukoushi kohinata minoru,空手小公子小日向海流
grand harem,グランドハーレム
maschinen krieger,マシーネンクリーガー
trouble trap laboratory,トラップトラップ研究所
the saga of larten crepsley,クレプスリー伝説
sabaton (band),サバトン
nordgreen,ノードグリーン
primitive link,プリミティブリンク
zoku hitou meguri,続・秘湯めぐり
inkya lovecome,陰キャラブコメ
zettai zetsumei eiyuu,絶体絶命英雄
flatcheez,ふらっちーず
the joy of painting,ボブの絵画教室
ching nu yu hun,倩女幽魂
jolyne fly high with gucci,徐倫、GUCCIで飛ぶ
pixiv papico design contest,白沢パピ子デザインコンテスト
tokyo underground,東京アンダーグラウンド
ecce homo,キリストの絵
ama ane,あまあね
mirai shounen conan,未来少年コナン
estpolis denki,エストポリス伝記
synchronicity (vocaloid),同期性（ボーカロイド）
sword art online last recollection,ラスト・リコレクション
innocent key,イノセントキー
bunny black,バニーブラック
gin no saji,銀の匙
comic sigma,コミックシグマ
eternita,エタータ
kusari no shoujo (vocaloid),鎖の少女
himitsu no akko-chan,ひみつのアッコちゃん
wild girls,野生少女
tsui yuri okaa san ni wa naisho da yo,つい・ゆり
daitai konnan de?,だいたいこんなンで?
aikagi,aikagi
duel love,決闘愛
speed grapher,スピードグラファー
yakushiji ryouko no kaiki jikenbo,薬師寺涼子の怪奇事件簿
shin ringetsu,Shin Ringetsu
shiru daku settai,Shiru Daku Setai
the ninja warriors,ニンジャウォーリアーズ
waga seishun no arcadia,わが青春のアルカディア
wandaba style,ワンダバスタイル
tenchi muyou! gxp,天地無用!GXP
mahou shoujo ikusei keikaku breakdown,魔法少女育成計画breakdown
in the court of the crimson king,クリムゾン・キングの宮殿
ultimate antihero,アルティメット・アンチヒーロー
relations sisterxsister,Relations Sisterxsister
shouten,笑点
pieces / yurikago no canaria,ピース / Yurikagoカナリアなし
tencent qq,腾讯QQ
konbini dmz,コンビニDMZ
youkai ameonna ni yoru kamikakushi,妖怪雨女による神隠し
kanobitch,カノビッチ
akanesasu shoujo,あかねさす少女
hakoiri musume ~muku na shoujo wa shiroku somaru~,箱入娘~無垢な少女は白濁く染まる~
mitsume ga tooru,三つ目がとおる
agent 7,エージェント7
child of light (game),チャイルドオブライト
weathernews,ウェザーニューズ
priget plus,プリゲットプラス
bikininja,ビキニンジャ
mad catz,マッドキャッツ
the robots of dawn,夜明けのロボット
hamlet,ハムレット
inhumans,インヒューマンズ
resident evil: damnation,バイオハザードダムネーション
rinkai!,リンカイ!
sensha isu: tank chair,戦車椅子
chururira chururira da da da! (vocaloid),チュルリラ・チュルリラ・ダッダッダ!
maou no musume wa yasashisugiru!!,魔王の娘は優しすぎる!!
kouguu no omega,后宮のオメガ
warioware gold,メイドインワリオゴージャス
ori and the blind forest,オリとくらやみの森
castlevania judgment,悪魔城ドラキュラ_ジャッジメント
godarca,ゴダルカ
nawa holang-inim,俺と虎様
mitsumete knight,みつめてナイト
uchuu senkan yamato 2205: arata naru tabidachi,宇宙戦艦ヤマト2205
gamera 3: revenge of iris,ガメラ3
gentlemen prefer blondes,紳士は金髪がお好き
jitsu wa ore saikyou deshita?,実は俺、最強でした?
choujuu sentai liveman,超獣戦隊ライブマン
chrono reverse,クロノヴァ
platinum disco (song),白金ディスコ
majo no tabitabi gakuen,魔女の旅々学園
super monkey ball,モンキーボール
dragon quest monsters super light,ドラゴンクエストモンスターズ
ookami ningen to ningen ookami,オオカミニンゲンとにんげんおおかみ
idolmaster relations,アイドルマスターrelations
lupin iii part 5,ルパン三世PART5
haha ranman,母爛漫
knights in the nightmare,ナイツ・イン・ザ・ナイトメア
choudenshi bioman,超電子バイオマン
digimon adventure (1999 movie),劇場版デジモンアドベンチャー
shadowrun,シャドウラン
super robot wars advance portable,スーパーロボット大戦A_PORTABLE
drapeko! onedari dragon to oppai yuusha,どらぺこ!
new crown,ニュークラウン
roppongi sadistic night,六本木サディスティックナイト
mappy,マッピー
kuraberarekko,くらべられっ子
oshiete re:maid,おしえて_Re:メイド
mattaku saikin no tantei to kitara,まったく最近の探偵ときたら
varise,Fairy事務所
asterix and obelix,アステリックス
dragon quest treasures,ドラゴンクエストトレジャーズ
venus syndrome (idolmaster),金星症候群（アイドルマスター）
gundam n-extreme,機動戦士ガンダムN-EXTREME
warner bros.,ワーナーブラザーズ
kuronuri sekai ate shokan (utau),黒塗り世界宛て書簡
starlight polaris,すたぽらーと
pokemon: hisuian snow,雪ほどきし二藍
double cross (f.e.a.r.),ダブルクロス
genius summoner at necromancy academy,ネクロマンサー学園の天才召喚士
enicia to keiyaku mon,エニシアと契約紋
heart gear,ハートギア
marvel vs. capcom 1,マーヴルVSカプコン
rean no tsubasa,リーンの翼
papa louie (series),老爹系列
allison to lillia,アリソン
nemureru mori ni ikitai na (love live!),眠れる森に行きたいな
golden number (vocaloid),黄金数
lycoris radiata,りこりす
yukemuri harem monogatari,ゆけむりハーレム物語
bokujou monogatari: tsunagaru shin tenchi,つながる新天地
itan na karera no kimitsu kyoshitsu,異端な彼らの機密教室
maruman (brand),マルマン
gaikotsu gakudan to riria (vocaloid),骸骨楽団とリリア
suishitai wa koi shitai (vocaloid),水死体は恋したい
gaming harem,げーみんぐはーれむ
splinter cell,スプリンターセル
yong yue fengya,咏月风雅
4leaf,4リーフ
mahou shoujo magical destroyers,魔法少女マジカルデストロイヤーズ
celtic mythology,ケルト神話
the big bang theory,ビッグバン★セオリー/ギークなボクらの恋愛法則
saving private ryan,プライベート・ライアン
diaclone,ダイアクロン
toy story 4,トイ・ストーリー4
anime revolution,アニメ革命
kaitou tenshi twin angel 2,快盗天使ツインエンジェル2
equilibrium,リベリオン(映画)
fuuraiki,風雨来記
void terrarium,ボイド・テラリウム
how to win my husband over,夫を味方にする方法
don quixote (novel),ドン・キホーテ
kami-tachi ni hirowareta otoko,神達に拾われた男
maid skater,メイドスケーター
oji-mama (skskdan),おじママ
death ball (game),デスボール
earth wind & fire (band),アース・ウィンド・アンド・ファイアー
ookami shoujo to kuro ouji,オオカミ少女と黒王子
lockheed martin,ロッキード・マーティン
macross frontier: toki no meikyu,劇場短編マクロスF~時の迷宮~
1-nichi gaishutsuroku hanchou,1日外出録ハンチョウ
defense of the ancients,古代人の防衛
same to ikiru nanokakan,サメと生きる七日間
anata no shiranai kangofu,あなたの知らない看護婦
cool devices,クールディバイシス
pieces / wataridori no somnium,ピース /ワタリドリsomnium no somnium
renai flops,恋愛フロップス
black rock shooter: innocent soul,イノセントソウル
moero downhill night 2,Moeroダウンヒルナイト2
pandra,パンドラ
chimame chronicle,チマメクロニクル
eonbound,eonbound
girls of the wild's,狂野少女
skip beat!,スキップ・ビート!
naka no hito nado inai!,中の人などいない!
kimi wo aogi otome wa hime ni,kimi wo aogi otome wa hime ni
kunado kokuki,クナド国記
shuu 4 de heya ni asobi ni kuru koakuma girl ha kubittake!,週4で部屋に遊びにくる小悪魔ガールはくびったけ!
aibou (tv series),相棒
ast memoria,アストメモリア
pupa,ピューパ
hachimitsu-lemon,はちみつれもん
itsuwari alice,偽りのアリス
dead rising 2,デッドライジング2
geobreeders,ジオブリーダーズ
fairchild,フェアチャイルド
tengirl,テンゲール
stray little devil,迷った小さな悪魔
tensei kyuuketsuki san wa ohirune ga shitai,転生吸血鬼さんはお昼寝がしたい
re-ply,りぷらい
pan de peace!,パンでPeace!
the time of awakening,刻/Awaken.
megami kouhosei,女神候補生
eureka seven: pocket ga niji de ippai,ユーレカセブン：ポケットガニジデイッパイ
suzukaze no melt,涼風のメルト
enkou shoujo,円交少女
shunki gentei poco a poco!,春季限定ポコ・ア・ポコ!
zhan ji tian xia,戰姬天下
neko koi!,ネココイ！
iro ni ide ni keri waga koi wa,色に出でにけりわが恋は
binetsu kara mystery,微熱からMystery
sweet aviation model div.,Sweet Aviation Model Div。
semen sprinkler j,ザーメンスプリンクラーJ
vamp!,ヴぁんぷ!
spiral (manga),スパイラル
polygonal mind,ポリゴナルマインド
princess princess,プリンセス・プリンセス
virtual kouhou taishi project,バーチャル広報大使プロジェクト
this is it,これだよ
ske48,エスケーイーフォーティーエイト
diverse order,多様な注文
sss-class suicide hunter,死して生きるSSS級ハンター
fusionfall,フュージョンフォール
taboo tattoo,タブー・タトゥー
okashi na tensei,おかしな転生
atashi no kakedashi yuusha-sama,あたしのかけだし勇者さま
sing&smile (vocaloid),Sing＆Smile（ボーカロイド）
81diver,ハチワンダイバー
suisui -sweetheart swimmer-,suisui- sweetheart swimmer-
princess sarah,小公女セーラ
koi q!,恋Q!
kanojo to kanojo to watashi no nananichi,彼女と彼女と私の七日
sakaagari hurricane,さかあがりハリケーン
lunaris filia,ルナリスフィリア
succubus quest,サキュバスクエスト
headphone + musume,ヘッドフォン +想起
marble bloomers,大理石のブルマー
amakara twins,アマカラ双子
stones of dragon,ドラゴンの石
noushou sakuretsu girl (vocaloid),脳漿炸裂ガール
double arts,二重芸術
fantastic children,ファンタジックチルドレン
may queen,5月の女王
stellaris (game),ステラリス
ccg expo,中国国际动漫游戏博览会
ojarumaru,おじゃる丸
em8er,em8er
mouryou no hako,魍魎の匣
komica,コミカ
yuutousei ayaka no uraomote,優等生綾香のウラオモテ
yuurei tokyo (vocaloid),幽霊東京
bealphareth,ベアルファレス
black sabbath,ブラック・サバス
sangoku hime 3,Sangoku Hime 3
madou monogatari: hanamaru dai youchienji,魔導物語はなまる大幼稚園児
ginban kaleidoscope,銀盤カレイドスコープ
clan senki,クランセンキ
madlax,マドラックス
lord of knights,ロードオブナイツ
imouto paradise!,妹ぱらだいす!
dungeon maker,ダンジョンメーカー
guardian place,Guardian☆Place~ドエスな妹と3人の嫁~
harem x scratch,ハーレム×すくらっち
aiceclass,あいすくらす
shinobumonogatari,忍物語
s-rank boukensha de aru ore no musume tachi wa juudo no fathercon deshita,Sランク冒険者である俺の娘たちは重度のファザコンでした
predator: badlands,プレデター:バッドランド
zonchuu zombie jk wa game haishinchuu,ゾンちゅう~ゾンビJKはゲーム配信中
karakara 2 (game),カラカラ2
otome dori,オトメドリ
"megami ""isekai tensei nani ni naritai desu ka"" ore ""yuusha no rokkotsu de""",女神「異世界転生何になりたいですか」俺「勇者の肋骨で」
omusubi (game),お結び
musou orochi 1,無双OROCHI1
meikyu kuso tawake,迷宮クソたわけ
futari solo camp,ふたりソロキャンプ
verethragna seisen no duelist,ウルスラグナ〜征戦のデュエリスト〜
mahou shoujo 201,魔法少女201
the super mario bros. super show!,スーパーマリオブラザーズスーパーショー!
mugen no ticket (vocaloid),むげんのチケット
scooby-doo and the witch's ghost,スクービー・ドゥーの魔女の幽霊
magical suite prism nana,まじかるすいーとプリズム・ナナ
mewlive,みゅ〜らいぶ
little caesars,リトルシーザーズ
metroid (manga),メトロイド(漫画)
a vision of shadows,暗影幻象
umiyuri kaiteitan (vocaloid),ウミユリ海底譚
ultra q,ウルトラQ
uchi no isourou ga sekai wo shouaku shiteiru!,うちの居候が世界を掌握している!
otonablue,オトナブルー
camp lazlo,キャンプ・ラズロ
maze bakunetsu jikuu,MAZE☆爆熱時空
jigen tsuushin (vocaloid),次元通信
ryuu ga gotoku 8 gaiden,龍が如く8外伝
kaiko sareta ankoku heishi (30-dai) no slow na second life,解雇された暗黒兵士(30代)のスローなセカンドライフ
winnie the pooh's home run derby,くまのプーさんのホームランダービー!
fortune quest,フォーチュン・クエスト
hello world. (nitroplus),ハローワールド
detention (game),返校
sushi gaki,寿司ガキ
amaane makai princess eris wa eroicha haramizuma!,あまあね魔界プリンセス・エリスはエロイチャ孕み妻!
a goofy movie,グーフィームービー
myo-chan sensei wa kaku katariki,みょーちゃん先生はかく語りき
yotsugo gurashi,四つ子ぐらし
genpei touma den,源平討魔伝
duel masters gt,デュエル・マスターズGT
do as ~shinpu-sama no iinari~,ドゥアズ~神父様ノ言いなり~
natsukami,夏神
mahou no onaho (sorairo nyannyan),魔法のオナホ
sega x piapro collaboration contest,SEGA×ピアプロコラボ
ballpark de tsukamaete!,ボールパークでつかまえて!
mikata ga yowasugite hojo mahou ni tesshiteita kyuutei mahoushi tsuihou sarete saikyou wo mezashimasu,味方が弱すぎて補助魔法に徹していた宮廷魔法師、追放されて最強を目指す
lenore the cute little dead girl,レノーア
brawlhalla,ブロウルハラ
idol boueitai hummingbird,アイドル防衛隊ハミングバード
neon white,ネオンホワイト
haji wa jinsei no kakisute,恥は人生のかきすて
chikan sen'you sharyou,痴漢専用車両〜屈辱の痴漢電車〜
genki zenkai day! day! day!,元気全開DAY!DAY!DAY!
dragon ball z abridged,DBZ要約シリーズ
uchuujin muumuu,宇宙人ムームー
man'in densha,満淫電車
community (series),コミ・カレ!!
nakayoshi,なかよし
eushully,エウシュリー
custom robo,カスタムロボ
death note: another note,ロサンゼルスBB連続殺人事件
oha!4 news live,おはよん
new japan pro wrestling,新日本プロレス
the symphony of dragon and girls,ドラゴンとガールズ交響曲
yona yona dance,よなよなだんす
dead ma'am's chest (houshou marine),幽霊船戦
imouto paradise! 2,妹ぱらだいす!2〜お兄ちゃんと5人の妹のも〜っと!エッチしまくりな毎日〜
tentama,てんたま
animal crossing: pocket camp,どうぶつの森ポケットキャンプ
x-men (anime),X-MEN(マッドハウス版)
yami-ma no mamiya,闇麻のマミヤ
kokorone=pendulum!,ココロネ=ペンデュラム!
majo salmhofer no toubou (vocaloid),魔女ザルムホーファーの逃亡
legal high,リーガルハイ
peter grill to kenja no jikan,ピーター・グリルと賢者の時間
ikemen prince,イケメン王子
bishoujo senshi sailor moon another story,美少女戦士セーラームーンAnotherStory
mega man: battle & chase,ロックマンバトル&チェイス
liar game,ライアーゲーム
chuukan kanriroku tonegawa,中間管理録トネガワ
storm of shots and shells,惊爆校园
horcrux college,こんがく
bosei kanojo -shikyuu kikan-hen-,母性カノジョ-子宮帰還編-
umabi,うまびイラコン
koi kaze,恋風
moonshiner,ムーンシナー
unjou no fairy tale,雲上のフェアリーテイル
super mario bros.: peach-hime kyushutsu dai sakusen!,ピーチ姫救出大作戦!
silent moebius,サイレントメビウス
hentatsu,へんたつ
battle royale,バトルロワイアル
mahou shoujo wo mucha kucha taoshitai,魔法少女をムチャクチャ倒したい!
saikyou mahoushi no inton keikaku,最強魔法師の隠遁計画
petit planet,プチプラネット
senjuushi: the thousand noble musketeers rhodoknight,千銃士R
akaneiro no kyoukaisen,茜色の境界線
ponkotsu musume no nichijou,ぽんこつ娘の日常
seirei fantasia,精霊ファンタジア
comiket 73,コミケ73
lost echoes,失われたエコー
pendulum (game),振り子（ゲーム）
tenkuu no otome-tachi,ストライクウイッチーズ-天空の乙女たち-
sister blood,姉妹の血
toriko no kusari,虜ノ鎖
battlestar galactica,宇宙空母ギャラクティカ
sano toshihide ga anata no senyou gengaman ni narimasu,Sano Toshihide ga anata no senyou gengaman ni narimasu
daisuki na sensei ni h na onedari shichau omase na boku no/watashi no puni puni,daisuki na sensei ni h na onedari shichau omase na boku no/watashi no puni puni
the naked sun,はだかの太陽
shutokou battle (2025),首都高バトル
xuan-yuan sword,軒轅剣シリーズ
sword art online: infinity moment,SAOインフィニティ・モーメント
crystalline,結晶
only up!,オンリーアップ
23/7,トゥエンティスリーセブン
crystal of re:union,クリスタルオブリユニオン
enrenchuu no toshishita kanojo ga onna ni ueta osuzaru-domo no gakuen de koubi aite ni sareteta.,遠恋中の年下彼女が女に飢えた雄猿共の学園で交尾相手にされてた。
dharu riser,ダルライザー
rhythm tengoku the best+,リズム天国ザ・ベスト+
ginga senpuu braiger,銀河旋風ブライガー
einstein yori ai wo komete,アイこめ
kikan bakumatsu ibun last cavalier,機関幕末異聞ラストキャバリエ
koi suru kimochi no kasanekata,恋する気持ちのかさねかた
kaden shoujo,家電少女
alex kidd,アレックスキッドのミラクルワールド
tenkuu shinpan,天空侵犯
daisenran!! sangokushi battle,大戦乱!!三国志バトル
kamen rider 555: paradise lost,パラダイス・ロスト
cradle-song,クレードルソング
oresama teacher,俺様ティーチャー
growlanser iii,グローランサーIII
ex-arm,エクスアーム
nightmare x vampire,復讐のインフェルノ
seika jogakuin kounin sao ojisan,聖華女学院公認竿おじさん
hotaru no haka,火垂るの墓
tail tale,テール物語
ponponpon,ぽんぽんぽん
book of revelation,ヨハネの黙示録
honoo no haramase oppai ero appli gakuen,炎の孕ませおっぱい★エロアプリ学園
interstella 5555,インターステラ5555
tsundere akuyaku reijou lieselotte to jikkyou no endou-kun to kaisetsu no kobayashi-san,ツンデレ悪役令嬢リーゼロッテと実況の遠藤くんと解説の小林さん
bible black gaiden,聖書ブラックガイデン
cavalier of the abyss,アビスのキャバリア
gundam: twilight axis,機動戦士ガンダムTwilightAXIS
kimi ga yobu megiddo no oka de,kimi ga yobu megiddo no oka de
spunky knight,スパンキーナイト
ars magna,あるすまぐな!-ARS:MAGNA-
jokei kazoku,kekei kazoku
komorebi no namikimichi,木漏れ日の並木道
hitoyume,hitoyume
foxfactory,狐の工作室
white angel,白い天使
hitsuji chronicle,ひつじ×クロニクル
hookah haze,フーカーヘイズ
futago mesugaki kuma-kei chinpo wo itadaku,双子メスガキ熊系ちんぽをいただく
blaze union,ブレイズユニオン
madou monogatari: madoushi no tou,魔導師の塔
natsu ga owaru made,夏が終わるまで
takasaki-sen meguri,高崎線巡り
invisible (vocaloid),インビジブル
ore no ue de agaku rokunin no togime,鉱石no ue de agaku rokunin no togime
devilman lady,デビルマンレディー
colorful peach,カラフルピーチ
lautes alltags,ラウテスアルタクス
mimikaki rifure,耳かきリフレ
hatsune speed: hatsune miku roller skating music,初音速
kujiragami no tearstilla,鯨神のティアスティラ
deatte 5-fun wa ore no mono!,出会って5分は俺のもの!
apollo 11,アポロ11号
arsmagna,アルスマグナ
kamisama to unmei kakumei no paradox,神様と運命革命のパラドクス
maro no kanja wa gatenkei 2,Maro No Kanja Wa Gatenkei 2
darashinai imouto ni itazura shitemita,darashinai imouto ni itazura sitemita
sword art online: unital ring,ユナイタル・リング
world is dancing,ワールドイズダンシング
itou junji kyoufu,伊藤潤二恐怖
nee nee nee. (vocaloid),ねぇねぇねぇ。
power pro-kun pocket 4,パワポケ4
power pro-kun pocket 14,パワポケ14
godz order,ゴッズオーダー
happiness double room,幸福的二人房
battle fever j,バトルフィーバーJ
inochi ni kirawarete iru. (vocaloid),命に嫌われている。
kishiryu sentai ryusoulger,騎士竜戦隊リュウソウジャー
new york knicks,ニューヨーク・ニックス
beasthill high school,私立けものがおか学園
the 2nd super robot wars alpha,第2次スーパーロボット大戦α
devilconnection,でびるコネクショん
rpg densetsu hepoi,RPG伝説ヘポイ
the ribbon hero,リボンヒーロー
blue giant,ブルージャイアント
bravely default: brilliant lights,BDBLイラコン
jiyuu ni sex dekiru joshi rikujou-bu,自由にセックスできる女子陸上部
link: the faces of evil,リンク:悪魔の顔
anonymous;code,アノニマス・コード
shin'en no labyrinthos,深淵のラビリントス
streaming heart (vocaloid),ストリーミングハート
kaya-chan wa kowakunai,カヤちゃんはコワくない
girls band cry first riff,ガールズバンドクライ_First_Riff
gargoyles,ガーゴイルズ
uuultra c,ウウウルトラC
tamagotchi uni,たまごっちユニ
sangokushi (yokoyama mitsuteru),横山三国志
pokemon: giratina and the sky warrior,ギラティナと氷空の花束シェイミ
anta ni itenno (utau),アンタに言ってんの
life makeover,キラパラ
ultraman zero the movie choukessen! belial ginga teikoku,ウルトラマンゼロTHEMOVIE超決戦!ベリアル銀河帝国
tonari no ie no annette-san,となりの家のアネットさん
aibo (sony),アイボ
echoes of mana,エコマナ
hakushon daimaou (series),ハクション大魔王
haikara-san ga tooru,はいからさんが通る
homestar runner,ホームスターランナー
dual! parallel trouble adventure,デュアル!ぱられルンルン物語
grisaia chronos rebellion,グリザイア_クロノスリベリオン
nyan neko sugar girls,にゃん猫シュガーガールズ
tamagotchi! (anime),たまごっち!
pastel chime -koi no skill up-,ぱすてるチャイム-恋のスキルアップ-
boku to roboco,僕とロボコ
kangurei (zutomayo),勘ぐれい
ren'ai jakusha na osananajimi shoujo to ren'ai kyousha na kanojo,恋愛弱者な幼馴染少女と恋愛強者な彼女
comic masyo,コミック・マショウ
usagi to kainushi-san,うさぎと飼い主さん
perfect memento in strict sense,東方求聞史紀
monster hunter portable 2nd,モンスターハンターポータブル2nd
heartbeat clocktower (vocaloid),ハートビート・クロックタワー
majutsu tantei tokisaki kurumi no jikenbo,魔術探偵・時崎狂三の事件簿
kimi no yoru ni fureru,君の夜に触れる
dokagui daisuki! mochizuki-san,ドカ食いダイスキ!もちづきさん
doujima-kun wa doujinai,堂島くんは動じない
kyuukyuu sentai gogofive,救急戦隊ゴーゴーファイブ
otometeki koi kakumei love revo!!,乙女的恋革命★ラブレボ!!
dappou tamer no nariagari boukentan,脱法テイマーの成り上がり冒険譚
platinumgames,プラチナゲームズ
milwaukee bucks,ミルウォーキー・バックス
ys vs. sora no kiseki: alternative saga,イースvs.空の軌跡オルタナティブ・サーガ
tengoku de akuma ga boku wo miwaku suru,天獄で悪魔がボクを魅惑する
axel-v,アクセルブイ
kashima antlers,鹿島アントラーズ
galaxy dungeon,ギャラクシーダンジョン
isekai yakkyoku,異世界薬局
shin japan heroes universe,シン・ジャパン・ヒーローズ・ユニバース
shoka (ado),初夏
battle moon wars,バトルムーンウォーズ銀
higurashi no naku koro ni rei,ひぐらしのなく頃に令
tentama: 1st sunny side,てんたま1stSunnySide
ace virgin,ソラヒメ
sonic frontiers: the final horizon,超・完全決戦
date+links!,公式アカウント
bake no hana (vocaloid),化けの花
xianjian qixia zhuan 4,仙剑奇侠传4
yoake to hotaru (vocaloid),夜明けと蛍
"saikyou no shien-shoku ""wajutsushi"" dearu ore wa sekai saikyou kuran o shitagaeru",最凶の支援職【話術士】である俺は世界最強クランを従える
under kids,アンダーキッズ
american dragon jake long,アメリカンドラゴン
digimon rearise,デジモンリアライズ
saikin imouto no yousuga chotto okashiindaga,最近、妹のようすがちょっとおかしいんだが。
only human,人間だけ
memories off innocent fille,メモリーズオフ_-Innocent_Fille-
sekken-ya,石鹸屋
earthworm jim (series),アースワームジム
duck dodgers,ダック・ドジャース
sore wa maichiru sakura no you ni,それは舞い散る桜のように
wizard barristers: benmashi cecil,ウィザード・バリスターズ
kamen rider: reiwa the first generation,仮面ライダー_令和_ザ・ファースト・ジェネレーション
amptakxcolors,アンプタック
shoukoku no altair,将国のアルタイル
collage (band),珂拉琪
death tome,デストーム
toukiden,討鬼伝
saint dorei gakuen 2,聖奴隷学園2
steel chronicle,スティールクロニクル
disorder 6,障害6
idol show time,アイショタ
crossbreed (tabayou),くろすぶりーど
chousoku spinner,超速スピナー
lumilive,ルモイブ
tenchi muyou! manatsu no eve,天地無用!真夏のイヴ
aikagi (azarashi soft),アイカギ
comic magnum,コミックマグナム
danganronpa gaiden: killer killer,ダンガンロンパ害伝キラーキラー
baka dakedo chinchin shaburu no dake wa jouzu na chii-chan,バカだけどチンチンしゃぶるのだけはじょうずなちーちゃん
uso (campus),USO（キャンパス）
atelier annie,アニーのアトリエ
oz (manga),オズ（マンガ）
konbini dmz plus!,Konbini DMZ Plus！
final fantasy tactics: hakuma doushi shibari,FFT白魔道士縛り
tales of pixiv,Pixivの物語
kawarazakike no ichizoku,河原崎家の一族
kiben gakuha yotsuya-senpai no kaidan,Kiben Gakuha Yotsuya-Senpai No Kaidan
super robot wars l,スーパーロボット大戦L
guardic gaiden,ガーディック外伝
ironna onnanoko to kiss wo shiteitara yuri kiss ni mezamete shimaimashita,キス百合
henshin!!! ~pantsu ni natte kunkun peropero~,へんし~ん!!!_~パンツになってクンクンペロペロ~
katteni kaizou,かってに改蔵
kuukiyomi: consider it,空気読み。
atsuize pen-chan,熱いぜ辺ちゃん
parco (retailer),パルコ
class no gyaru ga nazeka ore no gimai to nakayoku natta.,クラスのギャルが、なぜか俺の義妹と仲良くなった。
jorge joestar,ジョージ・ジョースター
yuusha shirei dagwon,勇者指令ダグオン
saimin class wonderful,催眠クラスWONDERFUL
mahou sensou,魔法戦争
meikyuu tansaku dragon princess,迷宮探索ドラゴンプリンセス
sengoku yaraideka,戦国やらいでか
mirai shousetsu arcana,ミライショウセツアルカナ
mitou shoukan://blood sign,未踏召喚://ブラッドサイン
girigiri love,ぎりギリLOVE
star fox 64,スターフォックス64
cosplex,コスプレックス
r2 online,R2オンライン
the sorcerer's apprentice,魔法使いの弟子
shion no ou,しおんの王
houkago no senpai,Houkago no senpai
gyaku oudou,逆王道
tenshi ni narumon,天使になるもんっ!
k-on! shuffle,けいおん!Shuffle
reignite,再燃
luminous arc 3,発光アーク3
mussolier de shengzhizhe,莫索里哀的圣职者
sd gundam world sangoku soketsuden,SD Gundam World Sangoku Soketsuden
blood (game),ブラッド(Blood)
the offspring,オフスプリング
sengoku fubu,アニメ風戦国布武イラコン
comic orga,コミックオルガ
alicuu girls maximum: bahamut,Alicuu Girls Maximum：Bahamut
mahou shoujo madoka magica: majuu hen,魔法少女まどか☆マギカ[魔獣編]
009-1,ゼロゼロナイン・ワン
albino (vocaloid),アルビノ
tokimeki general girls x,Tokimeki General Girls x
yaokin,やおきん
call boy (vocaloid),コールボーイ
shukketsubo,出血簿
ane doki,あねどきっ
noroi no megane (vocaloid),ノロイノーメガン（ボーカロイド）
frederica (game),7レデリカ
magna carta 2,マグナカルタ2
yomban,ヨンバン
tamatama,タマタマ
studio ring,スタジオリング
borussia dortmund,ボルシア・ドルトムント
avalon code,アバロンコード
sukumizu 2,すす2
chokotto vampire!,チョコットヴァンパイア！
haruiro ouse,ハルイロウーズ
trip dancer,トリップダンサー
jarinko chie,じゃりン子チエ
touji no sato,杜氏の郷
bitch hime,雌犬の丘
famicom tantei club,ファミコン探偵倶楽部
sentou yousei shoujo tasukete mave-chan,戦闘妖精少女たすけて!メイヴちゃん
unity (game engine),ユニティ
da-maid-san wa aisaretai!,駄メイドさんは愛されたいっ!
peach boy riverside,ピーチボーイリバーサイド
dokidoki yandemic,ドキドキ★病んでミック
girls book maker ~grimm to sannin no ohime-sama~,女の子のブックメーカー〜グリムからサンニンno ohime-sama〜
kimi no negai ga kanau made,きみの願いが叶うまで
onaji class no idol-san. around me is full by a celebrity.,onajiクラスはアイドルさんを教えていません。私の周りは有名人によっていっぱいです。
saishuu shiken kujira,最終試験くじら
otogi resurrection,御伽りざれくしょん
kuneru marta,くーねるまるた
ayakashibito,あやかしびと
alchemist (company),錬金術師（会社）
black santa no christmas,ブラックサンタのクリスマス
love love life,らぶらぶらいふ
tenbin no la dea ~ikusa megami memoria~,天秤のLa_DEA。戦女神MEMORIA
hercequary,ハースキュアリー
asagiri no miko,朝霧の巫女
princess holiday,Princess_Holiday~転がるりんご亭千夜一夜~
jibun tsukkomi kuma,自分ツッコミくま
beavis and butt-head,ビーバス&バットヘッド
kotoneiro,コトネイロ
junjou romantica,純情ロマンチカ
heroine re quest,ヒロインRE♡クエスト
itadaki! seieki!,いただきっ!セーエキ_~吸血鬼のフルコース~
sword art online: moon cradle,ムーン・クレイドル
mega man star force 1,流星のロックマン1
ooedo julia night (vocaloid),大江戸ジュリアナイト
ore no sugata ga toumei ni!? invisible to suuki na unmei,俺の姿が、透明に!?不可視の薬と数奇な運命
fear and loathing in las vegas,ラスベガスをやっつけろ
exorcist no kiyoshi-kun,悪祓士のキヨシくん
starbound,スターバウンド
mondo muyo! tanetsuke kyoka-sho,問答無用!種付け許可証~劣等遺伝子の俺でも国家権力でナカ出し放題~
time (magazine),タイム
mamegoma (san-x),まめゴマ
damedol to sekai ni hitori dake no fan,ダメドルと世界に1人だけのファン
konami wai wai world,コナミワイワイワールド
priministar,プライミニスター
kakenuke seishun sparking!,かけぬけ★青春スパーキング!
machigatta ko wo mahou shoujo ni shite shimatta,間違った子を魔法少女にしてしまった
transformers: return of convoy,戦え!超ロボット生命体トランスフォーマーリターン・オブ・コンボイ
medorei,牝奴隷~犯された放課後~
musha aleste,武者アレスタ
uchuu keiji shaider,宇宙刑事シャイダー
kuroguro-san wa kyou mo kuroi,黒々さんは今日も黒い
dragon magazine,月刊ドラゴンマガジン
netosis (satou kuuki),ネトシス
marshall maximizer (cevio),マーシャル・マキシマイザー
super meat boy,スーパーミートボーイ
kanazawa one-side love,金沢片恋慕
dumbo,ダンボ
kaerunyo panyon,かえるにょ・ぱにょ~ん
ai kotoba ii (vocaloid),愛言葉II
tropical vacation,トロピカルVACATION
fairy tail zero,フェアリーテイル
sweet magic (vocaloid),スイートマジック
mousou kanshou daishou renmei (vocaloid),妄想感傷代償連盟
super mario maker 2,スーパーマリオメーカー2
galaxy live (vocaloid),初音ミクギャラクシーライブ
gaia online,ガイアオンライン
hyakujuu sentai gaoranger,百獣戦隊ガオレンジャー
bojack horseman (series),ボージャック・ホースマン
yogscast,ヨグキャスト
cocoluce,ココルーチェ
the hunchback of notre dame (novel),ノートルダム・ド・パリ
kan'ochi x netorare kazoku ~anata yurushite. watakushi-tachi uwaki sex ni honki de hamacchatta no~,完堕ちX寝取られ家族
injustice: gods among us,インジャスティス
super robot wars gc,スーパーロボット大戦GC/XO
daijoyuu-san (synthesizer v),大女優さん
saite jewel (idolmaster),咲いてJewel
shirogane no soleil,Shirogane no Soleil
popolocrois monogatari 2,ポポロクロイス物語II
dengeki hobby,電撃ホビーマガジン
trapezium,トラペジウム
breakfast at tiffany's,ティファニーで朝食を
zipang (kawaguchi kaiji),ジパング
kireigoto (hoshimachi suisei),綺麗事
maigo ni natteita youjo wo tasuketara otonari ni sumu bishoujo ryuugakusei ga ie ni asobi ni kuru you ni natta ken ni tsuite,迷子になっていた幼女を助けたら、お隣に住む美少女留学生が家に遊びに来るようになった件について
pink valentine,ピンクバレンタイン
koi wa futago de warikirenai,恋は双子で割り切れない
myther,ミザー
ouji-sama no tomodachi,王子様の友達
gobanme no pierrot (vocaloid),五番目のピエロ
ma no mono-tachi wa kuwadateru,魔のものたちは企てる
tama & friends,タマ&フレンズ
raya and the last dragon,ラーヤと龍の王国
koko kara natsu no innocence!,ここから夏のイノセンス!
ken to mahou to gakuen mono 2,剣と魔法と学園モノ。2
maritsu loli succubus youmaen,魔立ロリサキュバス妖魔園
batman v superman: dawn of justice,バットマンVSスーパーマンジャスティスの誕生
cleopatra fortune,クレオパトラフォーチュン
ikkakujuu wa tsuranukanai,一角獣は貫かない
doll (game),Doll(フリーゲーム)
boston red sox,ボストン・レッドソックス
star wars: the bad batch,バッド・バッチ
shin tenchi muyou!,新・天地無用!
mou ippon!,もういっぽん!
code of joker,コードオブジョーカー
hihouden,秘宝伝
esp ra.de.,エスプレイド
kikaijima (utau),機拐島
lord of dice,ロードオブダイス
swap swap,すわっぷ⇔すわっぷ
school shock,雏蜂
cinema (vocaloid),シネマ
ghost (band),ゴースト(ヘヴィメタルバンド)
pokemon rumble,ポケモンスクランブル
mahou sekai no uketsukejou ni naritai desu,魔法世界の受付嬢になりたいです
snack basue,スナックバス江
kuroshitsuji: kishuku gakkou-hen,黒執事_-寄宿学校編-
taimanin asagi 2,対魔忍アサギ2
seiso bitch na miko senpai,清楚ビッチな巫女先輩
tank man,無名の反逆者
the married woman nextdoor 2 - creampie sex beside her husband,近所の人妻2-旦那の隣で我を忘れてる中出しSEX
toki (manga),怜-Toki-
killzone,キルゾーン
clover club (vocaloid),クローバー♣クラブ
mahou shoujo ore,魔法少女俺
yurameku kokoro ni michita sekai de kimi no yume to yokubou wa kanau ka,yurameku kokoro ni michita sekai de kimi no yume to yokubou wa kanau ka
otome shiki ren'ai juku,乙女式れんあい塾
houkago (doujin),放課後
rokushin gattai godmars,六神合体ゴッドマーズ
mahou shoujo madoka magica novel,魔法少女まどか☆マギカ(ノベライズ版)
uraniwa no tochi-gami-sama,裏庭の土地神様
ningen series,人間シリーズ
natsuiro koi uta,なついろこいうた
artificial world,人工世界
soul reverse zero,ソウルリバースゼロ
infinite dendrogram,インフィニット・デンドログラム
angel blue,エンジェルブルー
snow fairy story (vocaloid),スノーフェアリーストーリー（ボーカロイド）
netokano,ネトカノ
hototogisu,Hototogisu
harukanaru toki no naka de 2,遙かなる時空の中で2
godzilla: the planet eater,星を喰う者
waai!,ワイ！
moshidora,もしドラ
mamono musume-tachi to no rakuen ~slime & scylla~,Mamono Musume-Tachi to No Rakuen〜Slime＆Scylla〜
tsf monogatari,TSF物語
shuffle! memories,シャッフル！思い出
afro samurai,アフロサムライ
soukoku no regalia,双刻のレガリア
cucumber quest,キュウカンバークエスト
rankou kyoushitsu,乱交教室
super robot wars alpha 1,スーパーロボット大戦α
godzilla (1998),エメゴジ
egao no daika,エガオノダイカ
resident evil: infinite darkness,バイオハザード:インフィニットダークネス
otome ga irodoru koi no essence,乙女が彩る恋のエッセンス
touma no shinzou,トーマの心臓
josou shinwa,女装神話
yurudorashiru,ゆるドラシル
furi2play!,furi2play！
natsuyuki rendezvous,夏雪ランデブー
murasaki (game),ムラサキ
metal max 3,メタルマックス3
bill & ted,ビルとテッド
metem puella,Metem Puella
shirogane no cal to soukuu no joou,白銀のカルと蒼空の女王
shoujo fight,少女ファイト
go! go! nippon!,GGNイラスト
boston celtics,ボストン・セルティックス
hakuisei ren'ai shoukougun,白衣性恋愛症候群
snk gals fighters,SNKギャルズファイターズ
lens life,レンズライフ
soulless,魂のない
lemon people,レモンピープル
kick buttowski,キック・ザ・びっくりボーイ
ring no seraph (vocaloid),リングの熾天使
seiken manifestia,政剣マニフェスティア
ching nu yu hun 2,倩女幽魂2
assassin's creed: origins,アサシンクリードオリジンズ
hyper brand,ハイパーブランド
wind fantasy (series),ル・シエル・ブルー
kung fu cooking girls,カンフー料理娘
na tian wo bangjia le yi zhi luoli,"那天,我綁架了一隻蘿莉"
owari naki natsu towa naru shirabe,終わりなき夏永遠なる音律
sankaku no kyori wa kagirinai zero,三角の距離は限りないゼロ
moondrop,水月雨
kiss players,キスぷれ
momoiro no kagi (vocaloid),ももいろの鍵
lucky orb (vocaloid),ラッキーオーブ
wild wet quest,ワイルドウェットクエスト
hitsuji no uta,羊のうた
viper m1,Viper M1
injuu kangoku,淫獣艦獄
osu! banchou,押忍!番長
kiss yori saki ni koi yori hayaku,Kiss Yori saki ni koi yori hayaku
soushisouai note,Soushisouaiノート
kitsune cafe,キツネカフェ
zetman,ゼットマン
hoken dayori,保健だより
kuro no utahime,kuro no utahime
tokyo lover,東京ラバー
tokimeki memorial 3,ときめきメモリアル3
the fifth element,フィフス・エレメント
iwakakeru! sport climbing girls,いわかける!
chu chu rocket,チューチューロケット
koimomo,恋もも
dear my friend,親愛なる友人へ
reimu no yari,reimu no yari
hoshiai no sora,星合の空
omuro musume,御室ムスメ
manao-ke,マナオケ
shadow maiden selenoxia,魔装影姫セレノクシア
samba de amigo,サンバDEアミーゴ
shachou batoru no jikan desu!,社長、バトルの時間です!
afternoon (magazine),アフタヌーン
gundam evolve,ガンダムEVOLVE
ojou-sama wa gokigen naname,お嬢様はご機嫌ナナメ
yumekoi,ユメコイ
chaos drive,カオスドライブ
re:birth colony,リバースコロニー
dead drive,デッドドライブ
twocar,つうかあ
ristar the shooting star,リスター・ザ・シューティングスター
choujin sentai jetman,鳥人戦隊ジェットマン
mahou tsukai kurohime,魔砲使い黒姫
tokidoki bosotto roshia-go de dereru yuusha no alya-san,時々ボソッとロシア語でデレる勇者のアーリャさん
kirby fighters 2,カービィファイターズ2
dragon's lair,ドラゴンズレア
saikyou no shokugyou wa yuusha demo kenja demo naku kanteishi (kari) rashii desu yo?,最強の職業は勇者でも賢者でもなく鑑定士(仮)らしいですよ?
akaneirotown,茜音色タウン
devil summoner 2: raidou kuzunoha vs king abaddon,デビルサマナー葛葉ライドウ対アバドン王
kamisama no enmusubi,神さまの怨結び
chiisana yabou (idolmaster),小さな野望
ego renegade boy (vocaloid),自我反逆ボーイ
juu ni seiza kan satsujin jiken,十二星座館殺人事件
gundam walpurgis,機動戦士ガンダムヴァルプルギス
fuuun aiuchi gakuen flat,風雲相討学園フラット
doomer (synthesizer v),ドゥーマー
dungeon crusaderz,ダンジョンクルセイダーズ
pokemon snap,ポケモンスナップ
the good the bad and the ugly,続・夕陽のガンマン
shounen maid kuuro-kun,少年メイドクーロ君
baku ane 2 ~otouto ippai shibocchau zo!~,ばくあね2
reirou no hydrangea,玲瓏のHydrangea
one piece: baron omatsuri and the secret island,オマツリ男爵と秘密の島
junjou gyaru wa kanojo ja nai no ni,純情ギャルはカノジョじゃないのに
isekai no sata wa shachiku shidai,異世界の沙汰は社畜次第
dragon quest xii,ドラゴンクエストXII
pia carrot e youkoso!!,Pia♥キャロットへようこそ!!
gigantic drive,ギガンティックドライブ
godzilla vs. king ghidorah,ゴジラVSキングギドラ
bokujou monogatari 2,牧場物語2
dance robot dance (vocaloid),ダンスロボットダンス
hana ni kaze (vocaloid),花に風
mahjong monogatari,麻雀物語
replica datte koi wo suru,レプリカだって、恋をする
tokyo succubus,東京サキュバス
anata shika mienai no (vocaloid),あなたしか見えないの
yappari ame wa furunda ne,やっぱり雨は降るんだね
final fantasy mystic quest,ミスティッククエスト
rinkou no lemuria,燐光のレムリア
doga kobo,株式会社動画工房
chirijiri (synthesizer v),散り散り
cirno's perfect math class,チルノのパーフェクトさんすう教室
tokyo mew mew a la mode,東京ミュウミュウあ・ら・もーど
mini hen (utau),ミニ偏
mario party 2,マリオパーティ2
natsu no kusari,夏ノ鎖
ultra galaxy fight: the absolute conspiracy,ウルトラギャラクシーファイト大いなる陰謀
shokunin to hitozuma,職人と人妻
x2: eclipse,エクリプスサーガ
getter robo devolution,ゲッターロボDEVOLUTION~宇宙最後の3分間~
ultraman zearth (series),ウルトラマンゼアス
dead mount death play,デッドマウント・デスプレイ
the metamorphosis,変身(フランツ・カフカ)
mekakare,メカカレ
goddess order,ゴッデスオーダー
my harem grew so large i was forced to ascend,"妹子太多,只好飞升了"
comitia 150,コミティア150
misumisou,ミスミソウ
the mandalorian and grogu,マンダロリアン・アンド・グローグー
kagerou: kokumeikan shinshou,影牢~刻命館真章~
rise of the ronin,ライズオブローニン
bakunyuu maid gari,爆乳メイド狩り
tsumamigui,妻みぐい
pororo the little penguin,ポンポンポロロ
tensai majo no maryoku kare,天才魔女の魔力枯れ
capcom fighting collection,カプコンファイティングコレクション
party kara tsuihousareta sono chiyushi jitsu wa saikyou ni tsuki,パーティーから追放されたその治癒師、実は最強につき
sasuga no sarutobi,さすがの猿飛
mai princess,米プリンセス
uchuu no kishi tekkaman,宇宙の騎士テッカマン
michikusaya,道草屋
fire emblem: hasha no tsurugi,ファイアーエムブレム覇者の剣
naze boku no sekai wo daremo oboeteinai no ka?,なぜ僕の世界を誰も覚えていないのか?
ikanaide (vocaloid),いかないで
karakuri burst (vocaloid),からくり卍ばーすと
xi-on,彩音
honto no kimochi,ホントノキモチ
lupin zero,ルパンゼロ
shinigami no testament,死神のテスタメント
seaman,シーマン
code beast,コードビースト
deadpool: samurai,デッドプールSAMURAI
toraware no yakata,囚われの館
treasure (developer),トレジャー
teito monogatari,帝都物語
mokushiroku no yonkishi,黙示録の四騎士
imsa gt championship,IMSAGT選手権
shikoku yonkyoudai,四国四兄弟
gokusen,ごくせん
beast machines,ビーストウォーズリターンズ
linus tech tips,リーナス・テック・ティップス
kujibiki tokushou: musou harem-ken,くじ引き特賞:無双ハーレム権
pop in q,ポッピンQ
sugatem! -sugarfull tempering-,しゅがてん!
megami no yuusha wo taosu gesu na houhou,女神の勇者を倒すゲスな方法
imouto-chan to taka-kun,妹ちゃんとタカ君
monster master x,モンスターマスターX
dallas cowboys,ダラス・カウボーイズ
komorebi no nostalgica,木洩れ陽のノスタルジーカ
hanaukyou maid tai,花右京メイド隊
shukufuku no kane no oto wa sakura-iro no kaze to tomo ni,祝福の鐘の音は、桜色の風と共に
aza-koi,あざ恋
united states angel corps,アメリカ合衆国天使隊
souken no cross age,双剣のクロスエイジ
battle dome,バトルドーム
nextopia,ねくすとぴあ
mahou shoujo taisen contest 2,第二次魔法少女大戦イラコン
saikyou robo daiooja,最強ロボダイオージャ
stay (love live!),Stay(天王寺璃奈)
yorumorukimiri,ヨルモルキミリ
uchuu ken'etsu-kan,宇宙検閲官
tenmei no conquista,天冥のコンキスタ
cannon dancer,キャノンダンサー
genkai tokki moero crystal,モエロクリスタル
aibeya 2,アイベヤ2
ecchi de hentai! yakimochi ojou-sama!!,エッチでヘンタイ!
chaos dragon,ケイオスドラゴン
sunabouzu,砂ぼうず
kyouki yori ai o komete,狂気より愛をこめて
akizora ni mau confetti,秋空に舞うコンフェティ
tokyo magnitude 8.0,東京マグニチュード8.0
shikkaku ishi,シッカッカイ
classroom crisis,クラスルーム☆クライシス
ame-chan waku-waku date game,あめちゃんわくわくデートゲーム
duel princess,デュエルプリンセス
houkago eroge-bu!,放課後☆エロゲー部!
mudan tensai wa yurushimasen!,無断転載は許しませんっ!
megami tensei ii,デジタル・デビル・ストーリー女神転生II
shuugakuryokou kanojo torareru nettaiya,修学旅行、彼女奪られる熱帯夜
kinnikuman nisei,キン肉マンII世
the eric andre show,エリック・アンドレ・ショー
oyako rankan,母娘乱館
qq dance,QQ炫舞
tsuki no kanata de aimashou,月の彼方で逢いましょう
mardock scramble,マルドゥック・スクランブル
mario tennis (nintendo 64),マリオテニス64
kyou kara ore wa!!,"今日から俺は!!,"
mizunami fossil museum,瑞浪市化石博物館
ginga densetsu weed,銀牙伝説ウィード
super elegant,スーパーエレガント
shiawase na ohimesama,しあわせなお姫様
polly pocket,ポーリーポケット
grief syndrome,グリーフシンドローム
sen no maken to tate no otome,千の魔剣と盾の乙女
tenohira wo taiyou ni,てのひらを、たいように
mrs. estacion,Mrs.エスタシオン
puyopuyo chronicle,ぷよぷよクロニクル
mehime no toriko,牝姫の虜
tenbatsu angel rabbie,天罰エンジェルラビィ
soreyuke marin-chan,それゆけまりんちゃん
yoigoshi-hen,宵越し編
shuffle! essence+,シャッフル!エッセンス・プラス
ibitte konai gibo to gishi,いびってこない義母と義姉
locadol promotion,ロカドルイラコン
junketsu seijo kisstiana,純潔聖女キスティアナ
phantom brave: yuurei sendan to kieta eiyuu,ファントム・ブレイブ幽霊船団と消えた英雄
hyakka ryouran samurai bride,百花繚乱_サムライブライド
conception 2,コンセプション2
kinjo no yasashii onee-san,近所のやさしいおねえさん
grimoire of marisa,グリモワールオブマリサ
magical witch concerto,マジカルウィッチコンチェルト
kiseki no mahou nozomira melody,奇跡の魔法のぞミラ♪メロディ
toriko no tsubasa ~butaiura de midara ni odoru shojo ningyou~,トリコノーツバサ〜ブタイラデミダラni odoru shojo ningyou〜
bourbon corporation,ブルボン
shirogane x spirits,シロガネ×スピリッツ!
kuutei dragons,空挺ドラゴンズ
mahou shoujo artelion,魔法少女アルテリオン
hime jiru,姫汁
kamigami no asobi,神々の悪戯
saimin class,催眠クラス~女子全員、知らないうちに妊娠してました~
peridot (manga),ペリドット
uchi no toko de wa,うちのトコでは
snatcher,スナッチャー
comitia 154,コミティア154
shogi ichiban! (vocaloid),将棋一番!
saikyou onna shishou-tachi ga ikusei houshin wo megutte shuraba,最強女師匠たちが育成方針を巡って修羅場
project karibito,狩人計畫
power pro-kun pocket 1,パワポケ1
super robot wars original generations,スーパーロボット大戦OGs
choukou senki kikaioh,超鋼戦紀キカイオー
shoujo a (vocaloid),少女A
time bokan,タイムボカン
saga planets,サガプラネッツ
savage reign,風雲黙示録
diabolique,デアボリカ
koiseyo mayakashi tenshi-domo,恋せよまやかし天使ども
destiny unchain online: kyuuketsuki shoujo to natte yagate aka no maou to yobareru you ni narimashita,ディスティニーアンチェインオンライン
comic alive,COMICアライブ
hanakaku,ハナカク
mega man iv,ロックマンワールド4
sengoku musou chronicle,戦国無双クロニクル
otome anthology (love live!),乙女詞華集
namaiki na gal ane wo wakaraseru hanashi,生意気なギャル姉を解らせる話
chocolat cadabra (ado),ショコラカタブラ
the sound of music,サウンド・オブ・ミュージック
horizon walker,ホライゾン・ウォーカー
castlevania: dracula x chronicles,悪魔城ドラキュラXクロニクル
kaze densetsu bukkomi no taku,疾風伝説_特攻の拓
ryoushi no umi no lindwurm,量子の海のリントヴルム
sou homura no kenshi to fushi no majo,葬焔の剣士と不死の魔女
shirohako no mahoutsukai,白はこの魔法使い
skittles,スキットルズ
metal wolf chaos,メタルウルフカオス
oggy and the cockroaches,オギー&コックローチ
inda no himekishi janne,淫堕の姫騎士ジャンヌ
aisei tenshi love mary akusei jutai,愛聖天使ラブメアリー
prince kingdom,ぷりだぁと
assassin's creed: shadows,アサシンクリードシャドウズ
fallen angels (movie),天使の涙
studio wasabi,スタジオわさび
neko kaburi-na (nekomata okayu),ネコカブリーナ
sd gundam force,SDガンダムフォース
otosareteiku onee-chan to nani mo dekinai boku ~akogare no kanojo wa inraku shi chitai wo sarakedasu~,堕とされていくお姉ちゃんと、何もできないボク~憧れの彼女は、淫落し痴態をさらけ出す~
fc bayern munchen,バイエルン・ミュンヘン
akuma-kun,悪魔くん
dame ningen da (utau),だめにんげんだ!
wrecking crew,レッキングクルー
furuta (company),フルタ製菓
fallout shelter online,FSOイラコン自分絵
rakudai majo fuuka no himitsu no heya,らくだい魔女フウカのひみつの部屋
jinzou ningen 100,人造人間100
ougon bat,黄金バット
bookila ni yoroshiku!,ブッキラによろしく
ars no kyojuu,アルスの巨獣
comiket 74,コミケ74
please bully me miss villainess!,"请欺负我吧,恶役小姐!"
taozhu tongshu,淘铢童书
omae gotoki ga maou ni kateru to omoun to yuusha party wo tsuihou sareta node outo de kimama ni kurashitai,「お前ごときが魔王に勝てると思うな」
sin chronicle,シン・クロニクル
moegirlpedia,萌娘百科
star wars: legacy,スターウォーズレガシー
grimoire of usami,秘封倶楽部異界撮影記録
junji ito collection,伊藤潤二『コレクション』
majo no hanaya-san,魔女の花屋さん
kinki no magna,禁忌のマグナ
kyoto municipal subway,京都市営地下鉄
diamond cut diamond,DCD(漫画)
liaozhai zhiyi,聊齋誌異
qing yunian,庆余年
nayuta no kiseki,那由多の軌跡
oshare majo love and berry,ラブベリ
l'arc~en~ciel,ラルカンシエル
double decker!,DOUBLE_DECKER!_ダグ&キリル
ni no kuni ii,二ノ国2
yokohama seaside line,横浜シーサイドライン
kuchi ga saketemo kimi ni wa,口が裂けても君には
abnormality dancin' girl (vocaloid),アブノーマリティ・ダンシンガール
the throne of girl,少女的王座
black magic m-66,ブラックマジックM-66
ma keikaku (vocaloid),「Ma」計画
neon genesis evangelion: the iron maiden 2nd,新世紀エヴァンゲリオン鋼鉄のガールフレンド2nd
no guns life,ノー・ガンズ・ライフ
itadaki street,いただきストリート
gears maiden,ギアーズメイデン
wonderland to hitsuji no uta (vocaloid),ワンダーランドと羊の歌
super robot wars z3,第3次スーパーロボット大戦Z
saikyou onmyouji no isekai tenseiki,最強陰陽師の異世界転生記
neets channel,ニーツ
the fairly oddparents: a new wish,Oops!フェアリーペアレンツ:_新たな願い
isekai de cheat nouryoku o te ni shita ore wa genjitsu sekai o mo musou suru,異世界でチート能力を手にした俺は、現実世界をも無双する
faussete amour,フォーセットアムール
ikusa otome valkyrie,戦乙女ヴァルキリー
starfield,スターフィールド
the jetsons,宇宙家族ジェットソン
kaizoku oujo,海賊王女
cat shit one,キャットシットワン
marriage royale,マリッジロワイヤル
seigi (zutomayo),正義
denki yohou (vocaloid),電気予報
umi to yuki no cyan blue,海と雪のシアンブルー
ultraman: rising,ウルトラマン:ライジング
yomega kiss,ヨメガキッす
natsu no majo no parade,夏の魔女のパレード
kimi to yumemishi,キミトユメミシ
chikan da ~shinri counselor meika no shinryou kiroku~,痴漢堕~心理カウンセラー芽衣香の診療記録~
mimiket,みみけっと
interviewer (vocaloid),インタビュア
schatzkiste,シャッツキステ
drill senki,弩龍戦機(ドリルセンキ)
yuki ga tokeru mae ni (vocaloid),雪がとける前に
little missing stars (vocaloid),五線譜ミク
kujirakawa zoo,鯨川動物園
maou no shimobe ga arawareta!,魔王のしもべがあらわれた!
seikon no el dorado,聖痕のエルドラド
gin no cross to draculea,銀の十字架とドラキュリア
namaiki ~kissuisou e youkoso!~,なまイキ
saimin yuugi,催眠遊戯
hallucigenia (game),ハルキゲニア(ゲーム)
hoozuki-san chi no aneki,鬼灯さん家のアネキ
gokicha,ごきチャ
kafun shoujo chuuihou!,花粉少女注意報!
yumemiru kotori (vocaloid),夢みることり
mitaiken horizon,未体験HORIZON
attack no 1,アタックNo.1
croket!,コロッケ!
natsume-senpai ni semarareru hibi,棗センパイに迫られる日々
rokudou no onna-tachi,六道の悪女たち
gal gohan,ギャルごはん
yocchan foods,よっちゃん食品工業
koi ni tsuite 0.1-paasento,恋について0.1%
batman ninja,ニンジャバットマン
orphans order,ミナシゴノシゴト
fukouna shoujo 03,不幸な少女03
tekken tag tournament,鉄拳タッグトーナメント
siren 2,サイレン2
kurashi gas meter (voiceroid),暮らしガスメーター
space jam: a new legacy,スペース・プレイヤーズ
oku-sama wa niizuma-chan,奥さまは新妻ちゃん
milk junkies 2,MILK・ジャンキー2
jewelic nightmare,ジュエリックナイトメア
shikuhakku,しくはっく
harukanaru toki no naka de 1,遙かなる時空の中で
harlem heart,ハーレムハートコンテスト
ano ko ni kiss to shirayuri wo,あの娘にキスと白百合を
majuu jouka shoujo utea,魔獣浄化少女ウテア
tsumanuda fight town,ツマヌダ格闘街
megalopolis knockdown,メガロポリス・ノックダウン
yuki mau sora to nibyou no eien,雪舞う空と二秒の永遠
brave story,ブレイブ・ストーリー
daichouhen doraemon,大長編ドラえもん
ore no shikabane wo koete yuke,俺の屍を越えてゆけ
heavenly gathering of clouds,東方天流宮
prism rhythm,プリズムリズム
mega man network transmission,ロックマンエグゼ_トランスミッション
beyond good and evil,ビヨンドグッドアンドイービル
eragon,ドラゴンライダー
ghost hound,神霊狩
wheelchair detective satori,車椅子探偵さとり
vib-ribbon,ビブリボン
ojousama kumikyoku,お嬢様組曲
otome sekai no arukikata,オトメ世界の歩き方
ruma (vocaloid),ルマ
ososugita isekai tensei,遅すぎた異世界転生
idconnect+,超異界通信+
brave beats,ブレイブビーツ
downer witch (vocaloid),ダウナーウィッチ
ren'ai byou,恋愛病
forest of pixiv,pixivの森
shinki musume,神器娘
captain toad: treasure tracker,進め!キノピオ隊長
einhander,アインハンダー
hoshi no koe,ほしのこえ
fugou keiji balance:unlimited,富豪刑事_Balance:UNLIMITED
toppara,とっぱら~ざしきわらしのはなし~
s'il vous president,シル・ヴ・プレジデント
downtown no gottsu ee kanji,ダウンタウンのごっつええ感じ
kekkou kamen,けっこう仮面
hitozuma kasumi-san,人妻♪かすみさん
working days,わーきんぐDAYS
kono minikuku mo utsukushii sekai,この醜くも美しい世界
majipuri,まじぷり
mob kara hajimaru tansaku eiyuutan,モブから始まる探索英雄譚
milk junkies 3,MILK・ジャンキー3
peepoodo & the super fuck friends,ピープードゥ&ザ・スーパーファックフレンズ
sucker punch,エンジェルウォーズ
gundam battlefield record uc 0081,機動戦士ガンダム戦記
nokabe,脳カベ
sayonara chainsaw (vocaloid),サヨナラチェーンソー
onna kyoushi to jugyouchuu ni sex dekiru danshikou,女教師と授業中にセックスできる男子校
kouchuu ouja mushiking,甲虫王者ムシキング
gundam ace,ガンダムエース
oppai sensou: kyonyuu vs hinnyuu,おっぱい戦争-巨乳VS貧乳-
omohide poro poro,おもひでぽろぽろ
natural vacation,なちゅらるばけーしょん
binbou shimai monogatari,貧乏姉妹物語
hoonie friends,虎妮
tokedase! mizorechan,とけだせ!みぞれちゃん
mofumofu time!,もふもふたいむ!
minami juujisei renka,南十字星恋歌
ane yome quartet,あねよめカルテット
alice to zouroku,アリスと蔵六
scrap gakuen,スクラップ学園
fukakai na boku no subete wo,不可解なぼくのすべてを
shounen maid,少年メイド
spiritpact,スピリットパクト
over! (vocaloid),オーバー!
denshi yuugi mokushiroku,電子遊戯黙示録
panzer front,パンツァーフロント
ashita watashi wa dareka no kanojo,明日、私は誰かのカノジョ
the brothers karamazov,カラマーゾフの兄弟
ittai itsukara (idolmaster),一体いつから
undark: atarashii toumei na chikara no subete,アンダーク_新しい透明な力のすべて
daikuu maryuu gaiking,大空魔竜ガイキング
ant-man (movie),アントマン(映画)
little riddle (idolmaster),リトルリドル
seikou tenshi resistear,聖抗天使レジストティア
two you (vocaloid),鏡音バースデーライブ
sonic and the blade of courage,ソニックと勇気のつるぎ
runaways (marvel),ランナウェイズ(マーベル)
jinrouki winvurga hangyaku-hen,人狼機ウィンヴルガ叛逆篇
power pro-kun pocket 12,パワポケ12
isekai kita no de sukebe skill de zenryoku ouka shiyou to omou,異世界来たのでスケベスキルで全力謳歌しようと思う
umi no searchlight (vocaloid),海のサーチライト
minna no uta (nhk),みんなのうた
elf wo karu mono-tachi,エルフを狩るモノたち
kamisama no iutoori,神様のいうとおりッ
koisome momiji,恋染紅葉
kaiun coliseum,開運コロシアム
galaxias,ガラクシアス
hanna-barbera,ハンナ・バーベラ
suna no bara,砂の薔薇
xing xueyuan,星学院
choukadou girl 1/6,超可動ガール1/6
lost umbrella (vocaloid),ロストアンブレラ
actraiser,アクトレイザー
okiku-san wa ichatsukitai,お菊さんはいちゃ憑きたい
ramen akaneko,ラーメン赤猫
sakura machizaka stories vol.2 sensei ga oshiete ageru,桜待坂Stories_Vol.2「せんせいがおしえてあげる!」
hyakki ryouran no yakata,百奇繚乱の館
50-nin craft,50人クラフト
garand flash (love live!),ガランドFlash
hentai rabbit hood,変態兎頭巾
mirai donna darou (vocaloid),ミライどんなだろう
ace combat 2,エースコンバット2
heroine? seijo? iie all-works maid desu (hokori)!,ヒロイン?聖女?いいえ、オールワークスメイドです(誇)!
yuruyuri nachuyachumi!,ゆるゆりなちゅやちゅみ!
hapiel,ハピエル
pokemon: magikarp jump,はねろ!コイキング
hekikai no aion,碧海のAiON
metro 2033,メトロ2033
soukou no strain,奏光のストレイン
sonic chronicles: the dark brotherhood,ソニッククロニクル
ecchi de ichizuna do inaka nii-sama to koshiki yukashii byoujaku imouto,エッチで一途なド田舎兄さまと、古式ゆかしい病弱妹
gamera 2: attack of legion,ガメラ2
itoshii kanojo no mamorikata,愛しい対象の護り方
vampire in the garden,ヴァンパイア・イン・ザ・ガーデン
battleship (movie),バトルシップ
troubled windows,とらぶる・うぃんどうず
yoshi's cookie,ヨッシーのクッキー
the haunted mansion,ホーンテッドマンション
backstage!,バックステージ
metroid prime hunters,メトロイドプライムハンターズ
gal yome no himitsu,ギャル嫁の秘密
crazy taxi,クレイジータクシー
chase chase jokers,チェイスチェイスジョーカーズ
no country for old men,ノーカントリー
barbie as rapunzel,バービーのラプンツェル
watashi no real wa juujitsu shisugiteiru,私のリアルは充実しすぎている
shinka no mi,進化の実
jisatsu no tame no 101 no houhou,ジサツのための101の方法
lemonade (love live!),Lemonade(ミア・テイラー)
greenlights serenade (vocaloid),グリーンライツ・セレナーデ
ma survival (vocaloid),「Ma」サバイバル
okizari tsukiyo shou (vocaloid),置き去り月夜抄
kururingo,くるりんご
momoiro clover z,ももいろクローバーZ
meetup in bellabel park,スーパーマリオブラザーズワンダー+みんなでリンリンパーク
himegasaki sakurako wa kyou mo fubin kawaii,姫ヶ崎櫻子は今日も不憫可愛い
vanquish (platinumgames inc.),ヴァンキッシュ
macross m3,マクロスM3
jigoku kawaii enma-chan,じごくかわいいえんまちゃん
manatsu wa dare no mono?,真夏は誰のモノ?
inu to hasami wa tsukaiyou,犬とハサミは使いよう
kannsaete kuyasiiwa (zutomayo),勘冴えて悔しいわ
seikai no monshou,星界の紋章
kagami no kojou,かがみの孤城
grandia xtreme,グランディアエクストリーム
yuusha party wo tsuihou sareta shiro madoushi s-rank boukensha ni hirowareru,勇者パーティーを追放された白魔導師、Sランク冒険者に拾われる~この白魔導師が規格外すぎる~
dazzling moonlit night,ダズムン
batsu game (vocaloid),罰ゲーム(くるりんご)
hidden hero (o2h),英雄脸蒙
ken ga kimi,剣が君
kitsune no yomeiri (vocaloid),狐ノ嫁入リ
hone dragon no mana musume,骨ドラゴンのマナ娘
cotton candy ei-ei-oh!,コットンキャンディえいえいおー!
cleveland cavaliers,クリーブランド・キャバリアーズ
nikkori^^chousatai no theme (vocaloid),にっこり^^調査隊のテーマ
grand archive,グランドアーカイブ
zakuzaku actors,ざくざくアクターズ
gal gun 2,ぎゃる☆がん2
maps,マップス
chikatetsu ni noru!,地下鉄に乗るっ
oide yo mahou shoujo mura,おいでよ_魔法少女村(不法占拠)
pasocom paradise,コミックパソコンパラダイス
gundam 00v,ガンダム00V
forest of blue skin,ぶるーすきんの森
dungeon squad,ダンジョンスクワッド
toriko no shirabe -refrain- if,虜ノ旋律-refrain-if
korpiklaani,コルピクラーニ
urawa red diamonds,浦和レッドダイヤモンズ
sanfrecce hiroshima,サンフレッチェ広島
ookami no kawa o kabutta hitsujihime,狼の皮をかぶった羊姫
starly girls,スターリーガールズ
kami jigen idol neptune pp,神次元アイドルネプテューヌPP
yuujin kyara wa taihen desu ka?,友人キャラは大変ですか?
momoiro closet,ももいろクローゼット
harry potter: magic awakened design award,魔法觉醒设计大奖赛
fairy princess,フェアリープリンセス
steam-heart's,スチームハーツ
id smile (vocaloid),アイディスマイル
lilpri,リルぷりっ
comiket 70,コミケ70
real steel,リアルスティール
kishin taisen gigantic formula,機神大戦ギガンティック・フォーミュラ
space harrier,スペースハリアー
kyonyuu fantasy 2,巨乳ファンタジー2
k-ko to yami-oji,K子と病みおじ
tanken driland:1000-nen no mahou,探検ドリランド-1000年の真宝-
the great mouse detective,オリビアちゃんの大冒険
war of the worlds,宇宙戦争
the tetsuwan dash!!,ザ!鉄腕!DASH!!
them's fightin' herds,ゼムズファイティンハーズ
dirty harry,ダーティハリー
kansen x shoujo,感染×少女
sakasama no patema,サカサマのパテマ
darksiders,ダークサイダーズ
combat girls regiment,戦闘少女聯隊
bushin renkei zero,武神連携ZERO
mario paint,マリオペイント
m.d. geist,装鬼兵MDガイスト
daisan hikou shoujo-tai,第三飛行少女隊
red garden,レッドガーデン
thousand arms,サウザンドアームズ
inferno cafe,インフェルノカフェ
fanroad,ファンロード
lovely complex,ラブコン
xiao li yu li xian ji,小鲤鱼历险记
tobe! isami,飛べ!イサミ
ao la xing,奥拉星
arc rise fantasia,アークライズファンタジア
barbapapa,バーバパパ
barbie of swan lake,バービーの白鳥の湖
youkai ningen bem,妖怪人間ベム
pokemon kids tv,ポケモンKidsTV
hoshizora e kakaru hashi aa,星空へ架かる橋AA
hitozuma cosplay kissa 2,人妻コスプレ喫茶2
babel ii,バビル2世
variable fighter girls,VFガール
dragostea din tei,マイヤヒー
kumichou musume to sewagakari,極道娘と世話係
bullet witch,バレットウィッチ
tunnels no sports ou wa ore da!!,とんねるずのスポーツ王は俺だ!!
dragon's heaven,ドラゴンズヘブン
metal gear acid,メタルギアアシッド
surumeika,するめいか
shamanic princess,シャーマニックプリンセス
les miserables shoujo cosette,少女コゼット
soukou kijo iris,装甲騎女イリス
genkai tokki moero chronicle,限界凸記モエロクロニクル
koukoku no shugosha,皇国の守護者
isekai rakuten,異世快楽天
meishoujo,姪少女
infinite undiscovery,インフィニットアンディスカバリー
chinpui,チンプイ
shishunki renaissance! david-kun,思春期ルネサンス!ダビデ君
asobi juku,あそび塾
suki kirai (vocaloid),スキキライ
csi miami,CSI:マイアミ
idol tenshi youkoso youko,アイドル天使ようこそようこ
zettai shounen,絶対少年
zettai maou,絶対★魔王~ボクの胸キュン学園サーガ~
geneki jk idol-san ha himajin no ore ni kyomi ga arurashii,現役JKアイドルさんは暇人の俺に興味があるらしい
yuunagi-sou no s-kyuu no kanojo-tachi,夕凪荘のS級の彼女たち
dai tokyo oniyome-den,大東京鬼嫁伝
niconi solid,ニコニ立体
nande ikiteru ka wakaranai hito izumi sumi 25-sai,なんで生きてるかわからない人和泉澄25歳
super robot wars compact 3,スーパーロボット大戦COMPACT3
kyoudai no jouji jijou,兄妹の情事事情
nise seiken monogatari,偽・聖剣物語~幼なじみの聖女を売ったら道連れにされた
rebuild world,リビルドワールド
genkai tokki seven pirates,限界凸旗セブンパイレーツ
2023 world baseball classic,ワールド・ベースボール・クラシック2023
meikasai,東方名華祭
hatsune miku japan tour 2023 ~thunderbolt~,初音ミクJPツアー2023
auroralivevr,极光社
reiwa hanamaru gakuen,令和はなまる学園
rifle is beautiful,ライフル・イズ・ビューティフル
tousouchuu,逃走中
sanrio danshi,サンリオ男子
area 88,エリア88
ero manga! h mo manga mo step-up,えろまんが!Hもマンガもステップアップ♪
birthday wonderland,バースデー・ワンダーランド
girls mate,ガールズメイト
shinwa densetsu no eiyuu no isekai tan,神話伝説の英雄の異世界譚
neeko wa tsurai yo,ニー子はつらいよ
fatal twelve,フェイタルトゥエルブ
inazuma eleven choujigen dream match,超次元ドリームマッチ
shizuku no oto,しずくのおと
kagaku sentai dynaman,科学戦隊ダイナマン
grapara!,グラぱらっ!
twin peaks,ツイン・ピークス
pokemon the movie: kyurem vs. the sword of justice,キュレムVS聖剣士ケルディオ
killer instinct,キラーインスティンクト
indiana jones and the raiders of the lost ark,レイダース失われたアーク
kusunoki-san wa koukou debut ni shippaishiteiru,楠木さんは高校デビューに失敗している
nintendo eshop,ニンテンドーeショップ
toushin toshi i,闘神都市
madara rumble,マダラランブル
akakichi no eleven,赤き血のイレブン
pokemon generations,ポケモンジェネレーションズ
sotsugyou graduation,卒業_〜Graduation〜
the sopranos,ザ・ソプラノズ
caduceus new blood,カドゥケウスニューブラッド
outlast,アウトラスト
kanojo no tomodachi,彼女の友達
h&m,エイチ・アンド・エム
dungeon crusaderz 2,ダンジョンクルセイダーズ2~永劫の楽土~
girlfriend note,ガールフレンド(♪)
jinsei reset button (vocaloid),人生リセットボタン
chibi-robo!,ちびロボ!
biniku no kaori,媚肉の香り
yarinaoshi reijou wa ryuutei heika wo kouryakuchuu,やり直し令嬢は竜帝陛下を攻略中
haruluna,ハルルナアート
onii-chan asa made zutto gyu tte shite!,お兄ちゃん、朝までずっとギュッてして!
subete no jinrui wo hakai suru. sorera wa saisei dekinai.,すべての人類を破壊する。それらは再生できない。
sumerian mythology,シュメール神話
catch! teenieping,キャッチ!ティニピン
saishuu mirai shoujo,最終未来少女
don't hug me i'm scared,ドントハグミーアイムスケアード
gundam cross war,ガンダムクロスウォー
a better tomorrow,男たちの挽歌
shigatsu youka,死月妖花
yuki-sensei no jissen sex jugyou ~minna oshiete ageru~,優希先生の実践セックス授業
hinatazaka46,おひさまレーター
10 carat torte,天からトルテ
my summer car,マイサマーカー
kerorin (brand),ケロリン
shiritsu paranomaru koukou,私立パラの丸高校
mugen gacha,ギフト無限ガチャでレベル9999
cross ange tr.,クロスアンジュ天使と竜の輪舞tr.
chikyuu boueitai star guardians,スターガーディアンズ
sd gundam musha maruden,武者○伝
bump of chicken,バンプ・オブ・チキン
tobal no. 1,トバル
alma-chan wa kazoku ni naritai,少女型兵器は家族になりたい
raising the flag on iwo jima,硫黄島の星条旗
uchitama?!,うちタマ?!
cheap properties (utau),チープなプロパティ
etude wa ikkyoku dake (idolmaster),エチュードは1曲だけ
dekiru neko wa kyou mo yuuutsu,デキる猫は今日も憂鬱
deutsche tourenwagen masters,ドイツツーリングカー選手権
wit studio,ウィットスタジオ
gundam f91 formula report 0122,フォーミュラー戦記0122
moto inkya no kyonyuu yariman imouto ga erosugite onii-chan wa mou...!!,元陰キャの巨乳ヤリマン妹がエロすぎて、お兄ちゃんはもう...!!
digimon adventure 02: diablomon no gyakushu,デジモンアドベンチャー02ディアボロモンの逆襲
blur (band),ブラー
pixiv master and servant,【ピク主】
system of a down,システム・オブ・ア・ダウン
what if...? (disney+),ホワット・イフ...?
yumeguri yurimeguri,ゆめぐりゆりめぐり
sin and punishment,地球の継承者
fumble! (synthesizer v),ふぁんぶる!
batman returns,バットマンリターンズ
nanocore,纳米核心
boku to gal ga fuufu ni naru made,僕と君が夫婦になるまで
my anime,マイアニメ
meikei no lupercalia,冥契のルペルカリア
ao to shabon,青とシャボン
darcrows,ダークロウズ
mujintou de sex ni kyoumi shinshin na dosukebe inkya joshi-tachi to harem life,無人島で、SEXに興味津々なドスケベ陰キャ女子たちとハーレムライフ
girls mode 4: star stylist,ガールズモード4スタースタイリスト
palette (company),ぱれっと
matatabi-sou no shiro-kun,またたび荘のシロくん
i~ya i~ya i~ya (vocaloid),い〜やい〜やい〜や
crazy galaxy,クレイジーギャラクシー
the legend of zelda (cartoon),ゼルダの伝説(1989年アニメ)
guri to gura,ぐりとぐら
project itoh,伊藤计划
nil admirari no tenbin,ニル・アドミラリの天秤
downtown nekketsu monogatari,ダウンタウン熱血物語
back to the future part ii,バック・トゥ・ザ・フューチャー2
kirizaki-kun wa.,キリザキ君は
buta thunder (vocaloid),ブタサンダー
onward,2分の1の魔法
ming wei aiqing de chibang,名為愛情的翅膀
band of brothers,バンド・オブ・ブラザース
samon-kun wa summoner,左門くんはサモナー
doraemon: nobita no getsumen tansaki,のび太の月面探査記
choujuu giga,鳥獣戯画
comiket 68,コミケ68
dr. mario world,ドクターマリオワールド
watanagashi-hen,綿流し編
rule of rose,ルールオブローズ
hanazono-san chi no futago-chan,花園さんちのふたごちゃん
comme des garcons,コム・デ・ギャルソン
tbs,東京放送
raspberry cube,ラズベリーキューブ
mone-san no majime sugiru tsukiaikata,モネさんのマジメすぎるつき合い方
comic gaira,コミック外楽
nigeru wa haji daga yaku ni tatsu,逃げるは恥だが役に立つ
tenkafuma,天下布魔
gakuen taima,学園退魔!ホーリー×モーリー
yin-yang! x-change alternative,インヤン!エックスチェンジオルタナティブ
yuusha shoukougun,勇者症候群
hoshizora gakuen,星空学園
haitoku no gakuen,背徳の学園
hajimete no oto (vocaloid),ハジメテノオト
mega man (ruby-spears),ロックマンUSA
spy vs spy,スパイvsスパイ
isekai goumonhime,異世界拷問姫
muhyo to rouji no mahouritsu soudan jimusho,ムヒョとロージーの魔法律相談事務所
the gaslight district,ザ・ガスライト・ディストリクト
ignat no hanayome,イグナートの花嫁
far cry 5,ファークライ5
hexa gear,ヘキサギア
ren'ai phase,恋愛フェイズ
prison princess,プリズンプリンセス
i wanna be the guy,アイワナ
restol special rescue squad,装甲救助部隊レストル
nona reeves,ノーナ・リーヴス
the king of fighters '94,ザ・キング・オブ・ファイターズ'94
arianrhod rpg,アリアンロッドRPG
koi imo sweet days,恋妹SWEET☆DAYS
magic henshin,魔姫変形
darkwing duck,ダークウィング・ダック
greensvale no mori no naka,グリンスヴァールの森の中
ginsoukikou ordian,銀装騎攻オーディアン
hariken polymar,破裏拳ポリマー
gust,ガスト(メーカー)
houchou-san no uwasa,包丁さんのうわさ
bouken yuuki pluster world,冒険遊記プラスターワールド
yuusha ga shinda!,勇者が死んだ!
hanjuku hero,半熟英雄
time stranger kyoko,タイムストレンジャーキョーコ
tentacles tactics,てん☆たく
yuuyake koyake,ゆうやけこやけ
country roads,カントリーロード
wah wah world (vocaloid),ワーワーワールド
malymoon,マリームーン
2-daime enma (synthesizer v),2代目閻魔
reservoir dogs,レザボア・ドッグス
7th stand user,7人目のスタンド使い
kaijin reijou,怪人麗嬢
15 bishoujo hyouryuuki,15美少女漂流記
tenshi na konamaiki,天使な小生意気
uniraid,ゆにれいど
castlevania legends,漆黒たる前奏曲
guin saga,グイン・サーガ
summer idol (vocaloid),サマーアイドル
thermae romae,テルマエ・ロマエ
catcher in the ui,うい麦畑でつかまえて
pochi to goshujin-sama,ぽちとご主人様
shinshi doumei cross,紳士同盟†
gakuen saimin reido,学園催眠隷奴~さっきまで、大嫌いだったはずなのに~
maid-san to ookina ken,メイドさんと大きな剣
musumaker,むすめーかー
yumemiru danshi wa genjitsushugisha,夢見る男子は現実主義者
canvas 3,Canvas3~白銀のポートレート~
ma ga ochiru yoru,魔が堕ちる夜
zaako zako zako zako sensei,ざーこざこざこざこ先生
eroica,エロイカ
adastra,アダストラ
temple (series),てんぷる
gakuen babysitters,学園ベビーシッターズ
beet the vandel buster,冒険王ビィト
g-on riders,G-ONらいだーす
gitaroo man,ギタルマン
bocchi kaibutsu to moumoku shoujo,ぼっち盲
dungeon tou de yadoya wo yarou,ダンジョン島で宿屋をやろう!
kanojo ga ore ni kureta mono. ore ga kanojo ni ageru mono.,彼女が俺にくれたもの。俺が彼女にあげるもの。~KISS_My_Darling:めちゃ婚case3~
natsunone,夏音-Overture-
totsuzen kaijin ken jimuin no ore ga mahou shoujo-tachi wo otosu hanashi,突然怪人兼事務員の俺が魔法少女達を堕とす話
orguss 02,オーガス02
jikuu no umi no historica,時空の海のヒストリカ
zelda: the wand of gamelon,ゼルダ:ギャメロンの杖
gargantia contest,ガルガンティア乗組員
captain marvel (movie),キャプテン・マーベル(映画)
pokemon diamond and pearl adventure!,DP物語
mangaka-san to assistant-san to,マンガ家さんとアシスタントさんと
conker's bad fur day,コンカーズ・バッド・ファー・デイ
mahou shoujo ikusei keikaku black,魔法少女育成計画「黒(ブラック)」
typewriter cat,码字猫
sabrina the teenage witch,かわいい魔女サブリナ
mass of the fermenting dregs,マスオブザファーメンティングドレッグス
sword art online: lost song,ロスト・ソング
guns akimbo (movie),ガンズ・アキンボ
ted (movie),テッド(映画)
power pro-kun pocket r,パワポケR
nu qin jie shi xiuluo chang,女寝皆是修罗场
pokemon the movie: hoopa and the clash of ages,光輪の超魔神フーパ
bungaku otome wa kanojo ja nai no ni,文学乙女はカノジョじゃないのに
12 seiza vtuber kikaku,12星座VTuber企画
rebirth for you,Reバース_for_you
isekai kita no de mahou o sukebe na koto ni riyou shiyou to omou,異世界来たので魔法をスケベな事に利用しようと思う
gate ruler,ゲートルーラー
wayforward,ウェイフォーワード
himegoto masquerade,ヒメゴト・マスカレイド~お嬢様たちの戯れ~
yatsume ana,ヤツメ穴
bijutsubu kanojo: girlfailure art club,美術部カノジョ
ga1ahad and scientific witchery,ガラハッド1号と科学的黒魔法
knuckles' chaotix,カオティクス
star fox zero,スターフォックスゼロ
11 piki no neko,11ぴきのねこ
blade strangers,ブレードストレンジャーズ
oyakodon: oppai tokumori bonyuu tsuyudaku de,母娘丼おっぱい特盛母乳汁だくで
pokemon the movie: black/white - victini and reshiram/zekrom,ビクティニと黒き英雄ゼクロム・ビクティニと白き英雄レシラム
vs knight lamune & 40 fresh,VS騎士ラムネ&40FRESH
toumei ningen no hone,透明人間の骨
ui-mama saga,ウィマーマ・サーガ
fushi tantei: reidou momiji,不死探偵・冷堂紅葉
ene no dennou kikou (vocaloid),エネの電脳紀行
duel masters victory,デュエルマスターズビクトリー
plaything,玩物
grimm connect,グリムコネクト
utoparillel,Utoparillel彼境
mortal kombat trilogy,モータルコンバットトリロジー
elemental (movie),マイ・エレメント
monster strike: deadverse reloaded,デッドバースリローデッド
little witch academia: the enchanted parade,リトルウィッチアカデミア魔法仕掛けのパレード
yuutai ridatsu!! dokodemo daredemo yari houdai!!,ゆ~たい☆りだつっ
the neverending story,はてしない物語
nosferatu eine symphonie des grauens,吸血鬼ノスフェラトゥ
negaposi angler,ネガポジアングラー
hajimete no hitozuma,初めてのヒトヅマ
usagi-chan de cue!!,うさぎちゃんでCue!!
club atletico boca juniors,ボカ・ジュニアーズ
goddess defeat: reincarnation valanowas,女神敗北
ultraman the next (movie),ウルトラマン_THE_NEXT
albatross koukairoku,信天翁航海録
silky the phantom thief,怪盗シルキー
independence day (1996 movie),インデペンデンス・デイ
fruit punch (love live!),フルーツパンチ
goldilocks and the three bears,3びきのくま
daikaijuu monogatari,大貝獣物語
tsuihousareta cheat fuyo majutsushi wa kimama na second life wo oukasuru,追放されたチート付与魔術師は気ままなセカンドライフを謳歌する。~俺は武器だけじゃなく、あらゆるものに『強化ポイント』を付与できるし、俺の意思でいつでも効果を解除できるけど、残った人たち大丈夫~
goukon ni ittara onna ga inakatta hanashi,合コンに行ったら女がいなかった話
shio taiou no satou-san ga ore ni dake amai,塩対応の佐藤さんが俺にだけ甘い
fantome rapport,ファントム・ラポール
pokemon concierge,ポケモンコンシェルジュ
ikoku nikki,違国日記
melofinity,めろふぃにてぃ
thriller trainee,惊悚练习生
rise of the teenage mutant ninja turtles,ライズ亀
daigasso! band brothers,大合奏!バンドブラザーズ
gundam uc 0099: moon crisis,機動戦士ガンダムムーンクライシス
hakoniwa no shoujo (vocaloid),箱庭の少女
tun hai,吞海
yume to iro de dekiteiru,夢と色でできている
madougushi dahlia wa utsumukanai,魔導具師ダリヤはうつむかない
12 no tsuki no eve,12の月のイヴ
metal cardbot,メタルカードボット
comic gee,コミックジー
liarsoft,ライアーソフト
dream mansion,筑梦公馆
kinmirai happy end,近未来ハッピーエンド
little tikes,リトルタイクス
gyakuten majo saiban,逆転魔女裁判
mega man iii,ロックマンワールド3
ministry of land infrastructure and transportation,国土交通省
gyakuten othellonia,逆転オセロニア
oneesan ha no ore ga naze chicchai kimi wo suki ni natta no ka?,お姉さん派の俺がなぜちっちゃい君を好きになったのか?
karakai jouzu (?) no nishikata-san,からかい上手(?)の西片さん
kakegurui twin,賭ケグルイ双
gunstar heroes,ガンスターヒーローズ
comitia 144,コミティア144
shichisei no subaru,七星のスバル
helvetica standard,ヘルベチカスタンダード
tsuki kagerou,月陽炎
inran shinsatsushitsu,淫乱診察室
mint mango kakigoori,ミントマンゴーかき氷
the fast and the furious 1,ワイルド・スピード
sayonara jackpot (vocaloid),さよならジャックポット
bocca della verita (vocaloid),ボッカデラベリタ
fashionable easter,ファッショナブル・イースター
the doraemons,ザ☆ドラえもんズ
1518!,イチゴーイチハチ!
fake meme (vocaloid),嘘ミーム
dayu haitang,大鱼海棠
tondemo wonders (vocaloid),トンデモワンダーズ
kuchibeta shokudou,くちべた食堂
shouwa genroku rakugo shinjuu,昭和元禄落語心中
x japan,Xジャパン
densha de d,電車でD
amamori junna wa shitsudo ga takai,雨森潤奈は湿度が高い
aniyome wa ijippari,兄嫁はいじっぱり
watashi no koko,わたしのココ
palutena's revolting dinner,おいかけて
all about my best friend,好友的私生活
toi et moi (manga),トワ・エ・モア
asobigokoro,あそびごころ
ultra galaxy mega dai-kaijuu battle,ウルトラギャラクシー大怪獣バトル
risakiriki,リサキリキ
seinfeld,となりのサインフェルド
mahou shoujo tyrant sylph,魔法少女タイラントシルフ
genome (manga),ゲノム
nadeshiko doremisora,なでしこドレミソラ
diamic days,ダイヤミック・デイズ
megami meguri,めがみめぐり
gankutsu-sou no fuyajou-san,がんくつ荘の不夜城さん
taiyou no jubaku,太陽の呪縛
sankakkei no kowashi-kata,三角形の壊し方
idol memories,アイドルメモリーズ
moeyo! sensha gakkou,萌えよ!戦車学校
soukuu no frontier,蒼空のフロンティア
houkago play 2,放課後プレイ2
himegari dungeon meister,姫狩りダンジョンマイスター
lack girl,ラックガール
hyper ultra girlish,ハイパーウルトラガーリッシュ
austin powers,オースティン・パワーズ
koko wa greenwood,ここはグリーン・ウッド
teaka mamire no tenshi,手垢塗れの天使
shoujo byou,少女病
musume janakute mama ga suki nano!?,娘じゃなくて私〈ママ〉が好きなの!?
watashi ga motete dousunda,私がモテてどうすんだ
toshokan no daimajutsushi,圕の大魔術師
hai to no monogatari,廃都の物語
gundam suisei no majo: vanadis heart,ヴァナディースハート
girl crush,ガールクラッシュ
188 group (series),188男团
japanese touring car championship,全日本ツーリングカー選手権
the king in yellow,黄衣の王
yiik: a postmodern rpg,YIIKポストモダンRPG
lip trip,リップ・トリップ
tensei shitara party ga otokonoko darake datta kedo danjite ore wa shotacon janai!,転生したらパーティが男の子だらけだったけど断じて俺はショタコンじゃない!
warau ars notoria,咲うアルスノトリア
bbc (broadcaster),英国放送協会
07-ghost,セブンゴースト
sengoku musou: sanada maru,戦国無双真田丸
romancing stella visor,ロマンシングステラバイザー
kirby's dream course,カービィボウル
maou to an mattari yuttari seikaiseifuku,魔王とアン
dreadnought (tcg),ドレッドノート(TCG)
pia carrot e youkoso!! g.p.,Pia♥キャロットへようこそ!!G.P.
evil heart,イヴィル・ハート
seirei tenshou,精霊天翔~壊れゆく世界の少女たち
kiitarou shounen no youkai enikki,奇異太郎少年の妖怪絵日記
sport!,すぽると!
zwei worter,ツヴァイ・ウォルター
stand by me (1986),スタンド・バイ・ミー
heart 111 (yuri),ハート111
princess maker 1,プリンセスメーカー
dead days,デッドデイズ
nijisanji in,にじさんじIN
ace combat assault horizon,アサルト・ホライゾン
astra super stars,アストラスーパースターズ
armitage iii,アミテージ・ザ・サード
demonion ~maou no chika yousai~,デモニオン
blue protocol: star resonance,スターレゾナンス
idol densetsu eriko,アイドル伝説えり子
nyoroko no namahousou!,ニョロ子の生放送!
growlanser ii,グローランサーII
ano hito no i ni wa boku ga tarinai,あの人の胃には僕が足りない
ever oasis,エヴァーオアシス
mononogatari,もののがたり
time defenders,タイムディフェンダーズ
shounen ashibe,少年アシベ
tsuukai gangan koushinkyoku,痛快GANGAN行進曲
mad max 2: the road warrior,マッドマックス2
astro and girls,アストロアンドガールズ
romeo x juliet,ロミオ×ジュリエット
soiree (hoshimachi suisei),ソワレ(星街すいせい)
ys altago,アルタゴの五大竜
osananajimi to ama~ku ecchi ni sugosu houhou,幼なじみと甘~くエッチに過ごす方法
juushin liger,獣神ライガー
ex-driver,エクスドライバー
zone-00,ゾンゼロ
animaga,電撃アニマガ
atelier iris eternal mana 2,イリスのアトリエエターナルマナ2
shuumatsu shoujo gensou alicematic,終末少女幻想アリスマチック
chou-mukiryoku sentai japafive,超無気力戦隊ジャパファイブ
natsuiro komachi,夏色小町
platoon,プラトーン
supipara,すぴぱら
hajimete no otetsudai,はじめてのおてつだい
summer shattering,夏色のコワレモノ
toy story 1,トイ・ストーリー
shounenki no owari,少年期の終り
nippon ichi no koukousei majutsushi isekai dorei shoujo wo morau,日本一の高校生魔術師、異世界奴隷少女をもらう
otona akachan no tame no h na hoikuen amaenbou ni youkoso,甘園房シリーズ
non-breath oblige (vocaloid),ノンブレス・オブリージュ
fragile (vocaloid),フラジール
layton brothers: mystery room,ミステリールーム
crossbone gundam dust,機動戦士クロスボーン・ガンダムDUST
anime v,アニメV
2x4! -hitotsu yane no shita de-,2×4!-ひとつ屋根の下で-
kyou kara zutto hitori kakurenbo,きょうからずっと、ひとりかくれんぼ
tetsujin 28-gou fx,超電動ロボ鉄人28号FX
grimorigin,グリモリジン
akazukin darkside,赤ずきんダークサイド
deadman's cross,デッドマンズ・クルス
plum no bouken note,プラムの冒険ノート
succubus-san no hatsu shigoto,サキュバスさんのはつしごと。
meet again in the night,東方夜裳舞
manatsu no kagerou,真夏のかげろう
yujie shenji,御界神紀
the snow queen,雪の女王
nichoume rojiura tantei kitan,二丁目路地裏探偵奇譚
ougon senshi gold lightan,黄金戦士ゴールド・ライタン
dragon steak! (manga),ドラゴンステーキ!
odayaka kizoku no kyuuka no susume.,穏やか貴族の休暇のすすめ。
slow damage: clean dishes,スロウ・ダメージ
choushinsei flashman,超新星フラッシュマン
ours locus amoenus,ぼくらのロクス・アモエヌス
mae no hanashi (vocaloid),前ノハナシ
doraemon: nobita no nihon tanjou,のび太の日本誕生
the weeping swan: ten days of the city's fall,泣き叫ぶ雁
for elise - elise no tame ni,for_elise〜エリーゼのために〜
hi no tori 2772,火の鳥2772
koi to yobu ni wa sasayaka desu ga,恋と呼ぶにはささやかですが
the enigma of amigara fault,阿弥殻断層の怪
gundam the revival of zeon,機動戦士ガンダム・ジオンの再興
majo no niwa,魔女の庭
kiwamete kenzen na bishoujo level up,極めて健全な美少女レベルアップ
ifuudoudou (vocaloid),威風堂々
senran kagura bon appetit,デカ盛り閃乱カグラ
the marvelous snail,最強でんでん
honoo no labyrinth,炎のらびりんす
do androids dream of electric sheep?,アンドロイドは電気羊の夢を見るか
occult times,オカルトタイムズ
harry potter and the goblet of fire,炎のゴブレット
holoearth,ホロアース
black widow (movie),ブラック・ウィドウ(映画)
godzilla vs. hedorah,ゴジラ対ヘドラ
carrefour,カルフール
niehime to kemono no ou,贄姫と獣の王
the shimmering horizon and cursed blacksmith,蒼キ光と魔剣の鍛冶師
shinde shimau to wa nasakenai! (vocaloid),しんでしまうとはなさけない!
angou gakuen no iroha,暗号学園のいろは
kouhaku uta gassen,紅白歌合戦
misamo,ミサモ
amoral island,アモラルアイランド
final fantasy crystal chronicles the crystal bearers,ファイナルファンタジー・クリスタルクロニクルザ・クリスタルベアラー
katanegai,カタネガイ
kyokugen chikan tokuiten,極限痴漢特異点
far cry 3,ファークライ3
mabushii dna dake (zutomayo),眩しいDNAだけ
call of duty: black ops 7,コールオブデューティブラックオプス7
akagi-san who always smells good,いつもいい匂いがする赤城さん
fukashin ryouiki (neco),不花侵領域
kotonoha no niwa,言の葉の庭
ryuusei sentai musumet,流星戦隊ムスメット
henyoku no toribaga,片翼のトリバガ
angelique (series),アンジェリーク
postpet,ポストペット
nie no machi,贄の町
teenage mutant ninja turtles (2014),新実写亀
yu-gi-oh! cross duel,クロスデュエル
android wa keiken ninzuu ni hairimasu ka??,アンドロイドは経験人数に入りますか??
cruella (movie),クルエラ
yi shijie chaoji zhanzheng,异世界超级战争
ingoshima,インゴシマ
cerezo osaka,セレッソ大阪
super mario party jamboree,スーパーマリオパーティジャンボリー
star trap,スタートラップ
minna no golf,みんゴル
sun ouji wa tsuma ni naritai,サン王子は妻になりたい
yumemiru uroko (voisona),ゆめみるうろこ
sora no aosa o shiru hito yo,空の青さを知る人よ
student self-governance committee,学生自治委员会
sekai no housekibako,セカイの宝石箱
aimai elegy (deco27),愛迷エレジー
sister act,天使にラブ・ソングを...
compati hero,コンパチヒーローシリーズ
ultima,ウルティマ
uwagaki (vocaloid),うわがき
jue yu guan,觉与观
inzoi,インゾイ
hataraku kesshouban-chan,はたらく血小板ちゃん
gingitsune (ochiai sayuri),ぎんぎつね
the marginal service,ザ・マージナルサービス
dusk diver,酉閃町
dogeza de tanondemita,土下座で頼んでみた
mario vs. donkey kong,マリオvs.ドンキーコング
tokyo sports,東京スポーツ
dreamworks,ドリームワークス
silent hill: origins,サイレントヒルゼロ
runway (love live!),Runway(村野さやか)
cinderella nine,シンデレラナイン
michi no hana michi no tabi,未知の花_魅知の旅
mega man: dr. wily's revenge,ロックマンワールド
sayonara ryuusei konnichiwa jinsei,さようなら竜生、こんにちは人生
12 beast,トゥエルヴビースト
planescape: torment,異域鎮魂曲
nisekao (yama),偽顔
kikai shoujo to misoji ol (utau),機械少女と三十路OL
ougon no keikenchi,黄金の経験値
mr. driller,ミスタードリラー
twisted metal,ツイステッドメタル
teppen!!! (manga),てっぺんっ!!!
arisugawa ren tte honto wa onna nanda yo ne.,有栖川煉ってホントは女なんだよね。
freaked fleapit (game),冥舞之约
hikari no valusia,白光のヴァルーシア
rta sousha wa game sekai kara kaerenai,RTA走者はゲーム世界から帰れない
danmachi eiyuutan argonaut,アルゴノゥト_ダンジョンに出会いを求めるのは間違っているだろうか_英雄譚
nekomiko,ねこみこ
rayman legends,レイマンレジェンド
love live! school idol musical the drama,ラブライブ!スクールアイドルミュージカル_the_DRAMA
crocodile dentist,イタイワニー
shinnazuki,神無月(ゲーム)
buffy the vampire slayer,バフィー〜恋する十字架〜
wagan land,ワギャンランド
shining force iii,シャイニングフォース3
saigo no revolver (vocaloid),最後のリボルバー
space ghost (series),宇宙怪人ゴースト
greeting life 2009 panda calendar,笹食ってる場合じゃねぇ!
champion (vocaloid),チャンピオン
honoo no haramase oppai nyuu doukyuusei,炎の孕ませおっぱい乳同級生
last resort (vocaloid),ラストリゾート
shiryoku kensa (vocaloid),シリョクケンサ
kairi suru genzai (utau),乖離するゲンザイ
nanatsu no umi no tico,七つの海のティコ
animistic,万灵启源
umibe no etranger,海辺のエトランゼ
pixiv tomb raider contest,トゥームレイダーララ・クロフト
winged victory of samothrace,サモトラケのニケ
teikoku shoujo (vocaloid),帝国少女
saikyo tensai wonderful world of korone,ころねの最凶天災☆わんだふぉー❤わーるど
jam band,jamバンド
the odyssey (2026 movie),オデュッセイア(映画)
little bitch,りとる†びっち
marginal #4,マジフォ
the mummy (series),ハムナプトラ
wondershare filmora,Filmoraイラコン彩撮モラ
boku no kanojo wa sasuga desu.,僕の彼女はさすがです。
yamasa (company),山佐
irodori (irodoriginal),irodoriファンアート
granadia saga,グラナディアサーガ
kongou banchou,金剛番長
imouto paradise! 3,妹ぱらだいす!3〜お兄ちゃんと5人の妹のすご〜く!エッチしまくりな毎日〜
kuuneru engeizaa (voiceroid),クーネル・エンゲイザー
neko majin (series),ネコマジン
tonari no youkai-san,となりの妖怪さん
relayouter (vocaloid),リレイアウター
nec corporation,日本電気株式会社
sonic youth,ソニック・ユース
azur lane: queen's orders,クイーンズオーダーズ
dosukoi! (napoli no otokotachi),どす恋
shoujo jiten,少女辞典
pan's labyrinth,パンズ・ラビリンス
saber marionette r,セイバーマリオネットR
icchi banketsu,バンケツ
butsuriteki ni koritsu shiteiru ore no koukou seikatsu,物理的に孤立している俺の高校生活
shiori no uso wa yo no makoto,栞の嘘は世の真
super robot wars 64,スーパーロボット大戦64
erakis,エラキス
takuan to batsu no nichijou enmachou,たくあんとバツの日常閻魔帳
boku no hitori sensou,ぼくの一人戦争
concealed the conclusion,東方夢終劇
niea 7,ニアアンダーセブン
hetaoni,ヘタ鬼
seisai no resonance,星彩のレゾナンス
tiger rampage (vocaloid),タイガーランペイジ
anetea!?,あねてぃ!?
ryoujoku guerilla gari 2,凌辱ゲリラ狩り2
hoshi no ouji-kun,星の王子くん
akuu daisakusen srungle,亜空大作戦スラングル
abara,アバラ
out run,アウトラン
went refactor,終境シンフォニー
mirai no oto ga kikoeru,未来の音が聴こえる
the keep (1983),ザ・キープ
the pied piper of hamelin,ハーメルンの笛吹き男
hokenshitsu no otona na senpai ore no mae deha sugu dereru,保健室のオトナな先輩、俺の前ではすぐデレる
nanatsu no bitoku,七つの美徳(ホビージャパン)
wonder project j,ワンダープロジェクトJ
the new gate,ザ・ニュー・ゲート
jack and the beanstalk,ジャックと豆の木
maven,マベン
kimi to shiranai natsu ni naru,君としらない夏になる
mahjong hime,姫麻雀
mahou shoujo of the end,魔法少女・オブ・ジ・エンド
trials rising,トライアルズ_ライジング
hatopla,ハトプラ
shier shengxiao gundam,十二支ガンダム
hana no mahoutsukai mary bell,花の魔法使いマリーベル
sukui no serenade,スクイの小夜曲
sengoku cyber fujimaru jigokuhen,戦国サイバー藤丸地獄変
kimi wa hatsukoi no hito no musume,君は初恋の人、の娘
akuma musume no kanban ryouri,悪魔娘の看板料理
izure shinwa no houkago sensou,いづれ神話の放課後戦争〈ラグナロク〉
sono kojou ni yuusha hou ari!,その古城に勇者砲あり!
ito-en,伊藤園
lingerie senshi papillon rose,ランジェリー戦士パピヨンローゼ
dappou rock (vocaloid),脱法ロック
gengetsu no pandora,幻月のパンドオラ
madworld,マッドワールド
gensou ningyou enbu,幻想人形演舞
tera origin,テラオリジン
sei juushi bismarck,星銃士ビスマルク
zettai imouto shijou shugi,絶対★妹至上主義!!
shimotsuki-san wa mob ga suki,霜月さんはモブが好き
digicame shoujo hyakkei,デジカメ少女百景
yishu shi si,艺术是死
ninja ryuuken den,忍者龍剣伝
ookami shounen wa kyou mo uso wo kasaneru,狼少年は今日も嘘を重ねる
shirotsume yubiwa,白詰指輪~四つ娘の花嫁俺、全員選びました~
shinengumi,深淵組
anata o otoko ni shiteageru!,あなたをオトコにしてあげる!
ashiarai-yashiki no juunintachi,足洗邸の住人たち
jukkakukan no satsujin,十角館の殺人
double cast,ダブルキャスト
semi wa magic cube,精算小魔女
youkai izakaya nonbereke,妖怪居酒屋のんべれケ。
the venture bros.,ベンチャー·ブラザーズ
seiken densetsu 1,ファイナルファンタジー外伝
prince of stride,プリンス・オブ・ストライド
the world of golden eggs,ザ・ワールド・オブ・ゴールデン・エッグス
philadelphia 76ers,フィラデルフィア・セブンティシクサーズ
game of dice,ダイスの神
hatarakimono,はたらきもの
kanojo no carrera gt3,彼女のカレラGT3
konboku mahjong,こんぼく麻雀
usotsuki wa tenshi no hajimari,ウソツキは天使のはじまり
aic,株式会社アニメインターナショナルカンパニー
orange pocket,オレンジポケット
harem ace,ハーレムエース
onetama,おね・たま~ボクとお姉ちゃんと狐の湯~
puyopuyo 15th anniversary,ぷよぷよ15th
darius gaiden,ダライアス外伝
kimi no tame nara shineru,きみのためなら死ねる
kusuri no marjoram,くすりのマジョラム
shouyon! kodomo challenge,しょうよん!コドモ☆ちゃれんじ
amatsuki,あまつき
sangoku rensenki,三国恋戦記_~オトメの兵法!~
tou no sawa majutsu kenkyuukai,塔ノ沢魔術研究会
yuibashi,結い橋
silvery white,Silvery_White~君と出逢った理由~
kazoku keikaku,家族計画
rabuyan,ラブやん
chuunibyou na kanojo no love equation,中二病な彼女の恋愛方程式
kasumin,カスミン
1 x 1/2,1×1/2-イチトニブンノイチ-
assassin's creed: syndicate,アサシンクリードシンジケート
magical powered kanamin,超機動少女カナミン
cross game,クロスゲーム
runway de waratte,ランウェイで笑って
4-nin wa sorezore uso o tsuku,4人はそれぞれウソをつく
hototogisu tairan,不如帰大乱イラコン
af corse,AFコルセ
tenrou: sirius the jaeger,天狼_Sirius_the_Jaeger
raiden (series),セイブ開発
xiuxian: mu zhu chuan,修仙•母珠传
kick-flight,キックフライト
hoshikuzu cruising ~shanghai ver.~,星屑クルージング
barsoom,火星シリーズ(エドガー・ライス・バローズ)
disk wars: avengers,DWアベンジャーズ
macross 30,マクロス30
anno:mutationem,アノー:ミューテーショネム
estpolis denki ii,エストポリス伝記II
maid-san no iru kurashi,メイドさんのいる暮らし
shiroki majo,白き魔女
fantasy earth genesis,ファンタジーアースジェネシス
final fight tough,ファイナルファイトタフ
g.i.b. girls in black,ガールズ・イン・ブラック
galspolice 24h,GALSPOLICE24時
destro 246,デストロ246
eien no zero,永遠の0
taiyou no shisha tetsujin 28-gou,太陽の使者鉄人28号
zutto sukishite takusan sukishite,ずっとすきしてたくさんすきして
hidden survivor,サバかく
kinapro,キナプロ
sorcerian,ソーサリアン
kite liberator,カイトリベレイター
sengoku majin goshogun,戦国魔神ゴーショーグン
tensei shitara dragon no tamago datta: saikyou igai mezasa nee,転生したらドラゴンの卵だった〜最強以外目指さねぇ〜
bugsnax,バグスナックス
idog (brand),アイドッグ
wario: master of disguise,怪盗ワリオ・ザ・セブン
kanjou x jingai,感情誰デザイン
crayon shin-chan: ankoku tamatama daitsuiseki,暗黒タマタマ大追跡
dragon quest vii reimagined,ドラゴンクエストVII_Reimagined
yuusha yamemasu,勇者、辞めます
fighter's history,ファイターズヒストリー
antenna 39 (vocaloid),アンテナ39
sonic adventure 2: battle,ソニックアドベンチャー2バトル
laplacian,ラプラシアン
han bun ko (vocaloid),はんぶんこ
yumemiru otome,夢見ル乙女
fujimi gokko (vocaloid),不死身ごっこ
kore kaite shine,これ描いて死ね
gatchaman crowds insight,ガッチャマンクラウズインサイト
tonari no nobukuni-san wa ore no koto ga suki na ki ga suru,となりの信國さんは俺のことが好きな気がする
serina (game),瀬里奈
juujika no rokunin,十字架のろくにん
boyfriend (kari),ボーイフレンド(仮)
yamikin ushijima-kun,闇金ウシジマくん
xingmeng ouxiang jihua,星梦偶像计划
romeo (vocaloid),ロメオ
worms (game),ワームズ
hybrid theory,ハイブリッド・セオリー
hitoyo ni yume ga saku you ni,一生に夢が咲くように
nee-chan no susume ~onee-chan no itazura seiseikatsu~,姉ちゃんのススメ
evangelion: death and rebirth,新世紀エヴァンゲリオン劇場版シト新生
ulysses jeanne d'arc to renkin no kishi,ユリシーズ
godzilla galaxy odyssey,ゴジラギャラクシーオデッセイ
kyururin tte shitemite,きゅるりんってしてみて
minami-ke okawari,みなみけ〜おかわり〜
kine-san no hitori de cinema,木根さんの1人でキネマ
oushun jogakuin no dan'yuu,桜春女学院の男優
paradise (visual novel),Paradise(BLゲーム)
magne robo gakeen,マグネロボ・ガ・キーン
mukashi mukashi no kyou no boku (vocaloid),むかしむかしのきょうのぼく
fantasy westward journey,梦幻西游
balus co.,バルス株式会社
sudeki,Sudeki_~千年の暁の物語~
nullpeta,ぬるぺた
kono hito kurai otona ni nattara,この人くらい大人になったら
children record (vocaloid),チルドレンレコード
dramaturgy (eve),ドラマツルギー
showaru tensai osananajimi to no shobu ni makete hatsutaiken wo zenbu ubawareru hanashi,性悪天才幼馴染との勝負に負けて初体験を全部奪われる話
enjoi,エンジョイ
kuttsukiboshi,くっつきぼし
tai sekaiyou mahou shoujo tsubame,対世界用魔法少女つばめ
gundam side story: rise from the ashes,コロニーの落ちた地で
kuma to usagi wa tomodachi de wa irarenai,クマとウサギは友達ではいられない
ever after high,エバー・アフター・ハイ
the wandering earth,流浪地球
yukai na shintouki,ゆかいな神統記
otona ni nattemo,おとなになっても
alan wake (game),アランウェイク
uso janai (zutomayo),嘘じゃない
fifty shades of grey,フィフティ・シェイズ・オブ・グレイ
new gods: yang jian,新神榜:杨戬
dragon genesis,ドラゴンジェネシス
osananajimi wa bed yakuza!,幼なじみはベッドヤクザ!
kimiiro marine snow (vocaloid),君色マリンスノウ
thousand autumns: qian qiu,千秋
oracle (amane kanata),おらくる
zero shiki,零式
tamagotchi: the movie,えいがでとーじょー!たまごっちドキドキ!うちゅーのまいごっち!?
renge to naruto,れんげとなると!
comiket 66,コミケ66
sonic underground,ソニック・アンダーグラウンド
yomawari san,夜廻三
wario land 3,ワリオランド3不思議なオルゴ~ル
mima no kyuuden,魅魔の宮殿
osananajimi wo erabenai!,幼馴染をえらべない!
friends (tv series),フレンズ
macross vf-x,マクロス_デジタルミッション_VF-X
sarishi no hara (vocaloid),サリシノハラ
shin cutie honey,新・キューティーハニー
guilty circle,ギルティサークル
showtime! ~minami o-nee-san datte h shitai~,しょうたいむ!
gigant (series),ギガント
.hack//cell,ドットハックセル
yakumo-san wa edzuke ga shitai,八雲さんは餌づけがしたい
bravely default ii,ブレイブリーデフォルト2
mahoutsukai ni narenakatta onnanoko no hanashi,魔法使いになれなかった女の子の話。
asari-chan,あさりちゃん
memphis grizzlies,メンフィス・グリズリーズ
donkey kong country (cartoon),ドンキーコング(アニメ)
anime-gataris,アニメガタリズ
cadence of hyrule,ケイデンス・オブ・ハイラル
bishoujo yuugekitai battle skipper,美少女遊撃隊バトルスキッパー
onipan!,おにぱん!
iribitari gyaru ni manko tsukawasete morau hanashi,入り浸りギャルにま○こ使わせてもらう話
white shadow,ホワイトシャドウ
sharktopus,シャークトパス
girls und panzer saga of pravda,プラウダ戦記
toumei otoko to ningen onna: sonouchi fuufu ni naru futari,透明男と人間女~そのうち夫婦になるふたり~
sixfonia,シクフォニ
walkure no kiko,ワルキューレのキコ
fox news,FOXニュース
elf all-stars datsuijan 3,エルフオールスターズ脱衣雀3
hino-san no baka,飛野さんのバカ
sadako vs. kayako,貞子vs伽椰子
harry potter and the chamber of secrets,秘密の部屋
phantasy star iii,ファンタシースターIII
moe moe niji taisen ryaku,萌え萌え2次大戦(略)
isekai de mofumofu nadenade suru tame ni ganbattemasu,異世界でもふもふなでなでするためにがんばってます。
magical vacation,マジカルバケーション
fifth aile,~フィフスエイル~
ouzoku,王賊
waifu fighter,女拳主義F-ist
zettai saikyou oppai sensou!!,ぜったい最胸☆おっぱい戦争!!
maple town,メイプルタウン物語
need for speed: underground 2,ニード・フォー・スピード
dennou senki virtual-on,電脳戦機バーチャロン
kakegurui midari,賭ケグルイ妄
radiant,ラディアン
shinkalion: change the world,シンカリオンCW
sangokushi senhime,娘々三国志
boushoku no berserk,暴食のベルセルク
hiryuu no ken,飛龍の拳
hatsujou sprinkle,初情スプリンクル
gokumon nadeshiko koko ni ari,獄門撫子此処ニ在リ
naruto sd rock lee no seishun,ロック・リーの青春フルパワー忍伝
barney & friends,バーニー&フレンズ
gundam zeonic front,ジオニックフロント
shrek 2,シュレック2
ankoku kishi wo nugasanaide,暗黒騎士を脱がさないで
tokio funka (vocaloid),トキヲ・ファンカ
koinosu ichacolize,こいのす☆イチャコライズ
days (manga),DAYS(安田剛士)
nama love,なまラブ
rakkami!,らっかみ!
enkou jk to sapo oji-san ~love pako houkago bukatsudou~,エンコーJKとサポおぢさん_~ラヴパコ放課後ぶかつどう~
fitness (manga),ふぃっとねす
unionism quartet a-3 days,ユニオリズム・カルテットA3-DAYS
monster super league,モンスタースーパーリーグ
evenicle 2,イブニクル2
dennou pandemic,電脳パンデミック
jingle bells ga tomaranai,ジングルベルがとまらない
hagane orchestra,はがねオーケストラ
toki to eien toki towa,時と永遠〜トキトワ〜
atelier lise,リーズのアトリエ
eryi's action,エリィのアクション
hotarubi no mori e,蛍火の杜へ
tousui kitan,灯穂奇譚
newton to ringo no ki,ニュートンと林檎の樹
rikujou boueitai mao-chan,陸上防衛隊まおちゃん
mezamashi tv,めざましテレビ
b-daman bakugaiden,爆外伝
mega man: the wily wars,ロックマンメガワールド
banshiryuu,ばんしりゅう
lenovo,レノボ
inglourious basterds,イングロリアス・バスターズ
wario's woods,ワリオの森
abyss horizon,アビス・ホライズン
houkago no goumon shoujo,放課後の拷問少女
hundred demon spectrum,百妖谱
himawari wa yoru ni saku,向日葵ハ夜ニ咲ク
kohaku no yume,虚白ノ夢
amtrak,アムトラック
donkey kong country returns,ドンキーコングリターンズ
basic instinct (movie),氷の微笑
level 0 no maou-sama isekai de boukensha wo hajimemasu,レベル0の魔王様、異世界で冒険者を始めます
magical patissier kosaki-chan,マジカルパティシエ小咲ちゃん!!
bakuten!!,バクテン!!
silhouette mirage,シルエットミラージュ
sun group (printing company),サングループ
majiresu!! ~omatase little wing~,まじれす!!
soul taker,魂狩
youkai hunter,妖怪ハンター
sengoku hime 6,戦極姫6~天下覚醒、新月の煌き~
hiota no kanojo ga ore no motteru eroge ni kyoumi shinshin nandaga......,非オタの彼女が俺の持ってるエロゲに興味津々なんだが......
fight song (eve),ファイトソング
another world,アウターワールド
tri-stars,とらい☆すたーず
shinji to yukai na nakama-tachi,シンジと愉快な仲間たち
sanse hui lian,トリコロール_ラブストーリー
baldr force,バルドフォース
tokusou kihei dorvack,特装機兵ドルバック
city connection,シティコネクション
new super mario bros. 2,NEWスーパーマリオブラザーズ2
sugakiya,スガキヤ
turkey! (series),ターキー
comitia 143,コミティア143
onedari milky pie,おねだりミルキーパイ
null mahou shoujo,クァール(非-魔法少女)
campanula,かんぱにゅら
false island,偽島
giji harem,疑似ハーレム
super mario all-stars,スーパーマリオコレクション
warau salesman,笑ゥせぇるすまん
magical valkyrie lyristia,魔法闘姫リルスティア
la danse macabre,ダンス・マカブル
fuu-chan no ana,ふーちゃんの穴
milkyway,ミルキーウェイ
transformers: rescue bots,レスキューボッツ
far cry 6,ファークライ6
wand of fortune,ワンドオブフォーチュン
the ninja warriors once again,ザ・ニンジャウォーリアーズワンスアゲイン
inaka no kuro gal jk to kekkon shimashita,田舎の黒ギャルJKと結婚しました
kamen rider the next,仮面ライダーTheNext
ayakashi banashi,妖話
bakushou (song),爆笑
yakuchu!,~_やくchu!
vvv (group),V・V・V
motto nee chanto shiyou yo!,もっと姉、ちゃんとしようよっ!
queen's gate spiral chaos,クイーンズゲイトSPIRALCHAOS
escalation hardcore,ESCALATION_~蒼い抱擁~
saimin gakuen,催眠学園
onidere,オニデレ
akahori gedou hour rabuge,あかほり外道アワーらぶげ
pixiv shadow 3,ぴくカゲIII
assault suit leynos,重装機兵レイノス
boukyaku no senritsu,忘却の旋律
bee movie,ビー・ムービー
joshi mote na imouto to junan na ore,女子モテな妹と受難な俺
puppetmuppet,パペットマペット
mudazumo naki kaikaku,ムダヅモ無き改革
hadaka apron gakuen,裸エプロン学園
mamatoto,ママトト
iketeru futari,イケてる2人
resident evil: operation raccoon city,バイオハザードオペレーション・ラクーンシティ
dead space 1,デッドスペース
kakuto ryori densetsu bistro recipe,格闘料理伝説ビストロレシピ
okane ga nai,お金がないっ
ubisoft,ユービーアイソフト
koharu biyori (mizuki takehito),こはるびより
sonatine,ソナチネ
minerva no kenshi,ミネルバの剣士
black wolves saga,ブラックウルヴスサーガ
moldiver,モルダイバー
young hip,ヤングヒップ
15 shoujo,十五少女
marmalade boy,ママレード·ボーイ
fortune summoners,フォーチュンサモナーズ
petenshi ga warau koro ni (vocaloid),ペテン師が笑う頃に
mondaiji no watashitachi wo kaeta no wa onaji class no monaka-senpai,私たち問題児
q-transformers,Qトラ
dare ga koroshita komadori wo,誰が殺したコマドリを
angel (vocaloid),アンヘル(かいりきベア)
shirogane no ishi argevollen,白銀の意思アルジェヴォルン
kagaku touki silver raina,科学闘姫シルバーライナ
devi rock,デビ☆ロック
mikuri gakuen sweets-bu,みくり学園スイーツ部
fujiyama-san wa shishunki,富士山さんは思春期
koinaka -koinaka de hatsukoi x nakadashi sexual life-,こいなか-小田舎で初恋×中出しセクシャルライフ-
alfort (brand),アルフォート
mainichi shabutte ii desu ka?,毎日しゃぶっていいですか?
frogman (manga),フロッグマン
metal gear 1,初代メタルギア
p2! let's play pingpong,ピーツー_レッツ_プレイ_ピンポン
itadaki babel (denonbu),いただきバベル
the adventures of elliot: the millennium tales,冒険家エリオットの千年物語
guardians of the galaxy vol. 2,ガーディアンズ・オブ・ギャラクシー:リミックス
mobile suit gundam rg xarx-zero,機動戦士ガンダムRG_XARX-ZERO
tales of the world reve unita,レーヴユナイティア
egao no taenai shokuba desu,笑顔のたえない職場です。
dekin no mogura,出禁のモグラ
ai kotoba v (vocaloid),愛言葉V
diamond no kouzai,ダイヤモンドの功罪
kekkon suru tte hontou desu ka,結婚するって、本当ですか
ganbare!! robocon,がんばれ!!ロボコン
touhou mugen rasen,東方無限螺旋
umamusumeshi,うまむすめし
maplestory m,メイプルストーリーM
ingoku danchi,インゴクダンチ
ponkotsu fuuki iin to skirt-take ga futekisetsu na jk no hanashi,ポンコツ風紀委員とスカート丈が不適切なJKの話
atelier kaguya,アトリエかぐや
team dmp,ちぃむdmp☆
kaijuu ni naritai (vocaloid),怪獣になりたい
viva happy (vocaloid),ビバハピ
kyokugen chikan tokuiten neo,極限痴漢特異点NEO
odoriba ni skirt ga naru,踊り場にスカートが鳴る
fatal fury 2,餓狼伝説2
cupid (amane kanata),きゅーぴっど
geunyeoga gongjagjeolo gaya haessdeon sajeong,彼女が公爵家に行かなければならなかった事情
amazing grace -what color is your attribute?-,アメイジング・グレイス
fusion crust (love live!),フュージョンクラスト
very! very! coconatsu,Very!_Very!_COCO夏っ
catdog,キャットドッグ
angel at dusk,夕暮れの楽園と赤く染まる天使たち
nitro express,ナイトロエクスプレス
tokyo disneysea,東京ディズニーシー
ane death.,姉です。
dick figures,猥琐传说
summon night craft sword monogatari hajimari no ishi,サモンナイトクラフトソード物語〜はじまりの石〜
monkey island,モンキー・アイランド
medarot 1,メダロット1
kekka orai (song),けっかおーらい
the suicide squad (2021 movie),スーサイド・スクワッド
machine child,マシンチャイルド
jaja uma quartet,Jaja馬カルテット
enmankaiketsu! enma-chan,円満解決!閻魔ちゃん
el chapulin colorado (series),エル・チャプリン・コロラド
tsukuritai onna to tabetai onna,作りたい女と食べたい女
akashic re:cords,アカリコ
imouto choukyou nikki,妹調教日記
pokemon mystery dungeon: gates to infinity,マグナゲートと∞迷宮
torima minshuku yadori teki na!,とりま民宿やどり的な!
wordle,ワードル
exorcist wo otosenai,エクソシストを堕とせない
salamander (game),サラマンダ
vampire hunter d: bloodlust,吸血鬼ハンターDブラッドラスト
silent reading,默读
in love with an idiot,你却爱着一个sb
dogsred,ドッグスレッド
the voynich hotel,ヴォイニッチホテル
iya dato ienai jimikei shoujo,イヤだと言えない地味系少女
marco to ginga ryuu,マルコと銀河竜
on your mark (ghibli),ジブリ実験劇場
honnou (shiina ringo),本能
gekkou chou,月虹蝶
hokkyoku hyakkaten no concierge-san,北極百貨店のコンシェルジュさん
mario kart: double dash!!,マリオカートダブルダッシュ!!
harry potter and the prisoner of azkaban,アズカバンの囚人
helix waltz 2,螺旋圆舞曲2蔷薇战争
rougo ni sonaete isekai de 8-manmai no kinka wo tamemasu,老後に備えて異世界で8万枚の金貨を貯めます
engage kill,エンゲージキル
erotica yuuwaku kenshuu hajimaruyo,エロティ課誘惑研修はじまるよ
quotations from chairman mao zedong,毛主席语录
a midsummer night's dream,夏の夜の夢
shinomiya kouta wa mada shinenai,四ノ宮小唄はまだ死ねない
tapioca western,タピオカウェスタン
comitia 145,コミティア145
kasane teto no ferutago~n (synthesizer v),重音テトのフェルタゴ~ン
1 pound no fukuin,1ポンドの福音
maougun saikyou no majutsushi wa ningen datta,魔王軍最強の魔術師は人間だった
kawaiku naritai (honeyworks),可愛くなりたい
shin taketori monogatari sennen joou,新竹取物語1000年女王
monument valley (game),モニュメントバレー
yotsume god,四ツ目神
shuumatsu touring,終末ツーリング
next king,ネクストキング
sujikoi,筋恋
mama wa taimanin,ママは対魔忍
mayday (air crash investigation),メーデー!:航空機事故の真実と真相
comitia 151,コミティア151
astro royale,願いのアストロ
the jet black hedgehog: shadow the hedgehog,漆黒のハリネズミ:シャドウ・ザ・ヘッジホッグ
neko-nin exheart 2,猫忍えくすはーと2
stgr,ストグラ
hakoniwalily,ハコニワリリィ
pretty face,プリティフェイス
robotboy,ロボットボーイ
tenkai knights,テンカイナイト
historie,ヒストリエ
remember11,リメンバーイレブン
barisol no kodomo wa hitorikko (vocaloid),バリーゾールの子供は一人っ子
dispatch!!,でぃすぱっち!!
assault suits valken,重装機兵ヴァルケン
bug fables,バグ・フェイブルズ
kettobashita moufu (zutomayo),蹴っ飛ばした毛布
legend of the three kingdoms,三国杀
megami ni damasareta ore no isekai harem seikatsu,女神に騙された俺の異世界ハーレム生活
rance iv,ランスIV-教団の遺産-
strobe light (vocaloid),ストロボライト
eien ni game de taisen shitai kiritan (voiceroid),永遠にゲームで対戦したいキリタン
dead rock,デッドロック
suada,すあだ
imawa no kuni no alice,今際の国のアリス
palmie,パルミー
date a live: twin edition rio reincarnation,デート・ア・ライブ_Twin_Edition_凜緒リンカーネイション
neko miko reimu,ねこ巫女れいむ
kuraki-san wa semetai,倉木さんは攻めたい!
kamen rider 555: paradise regained,パラダイス・リゲインド
yanderella,ヤンデレラ
mosaic.wav,モザイクウェブ
digimon paradox,デジモンパラドクス
omoide wa okkusenman!,思い出はおっくせんまん
fortuna (game),フォルトゥーナ
super wings,スーパーウィングス
zexy (magazine),ゼクシィ
shikabane-gurai no bouken meshi,屍喰らいの冒険メシ
festibattle,フェスバアート
meikopia,メイコライブ
tabikaeru,旅かえる
yuusha shisu.,勇者死す。
mujigen hunter fandora,夢次元ハンターファンドラ
project 01: time-loop,回帰のミク
colgate,ゴルゲート
haitenai rpg,はいてないRPG
yoshi's story,ヨッシーストーリー
tsumi to batsu: sora no koukeisha,罪と罰~宇宙の後継者~
precure all stars new stage 3: eien no tomodachi,プリキュアオールスターズNewStage3_永遠のともだち
mayohiga no onee-san,マヨヒガのお姉さん
sengoku hime 5,戦極姫5~戦禍断つ覇王の系譜~
civilization vi,シヴィライゼーションVI
shisetsu toshokan schatzkiste e youkoso! erice to yu kaina meido-tachi,私設図書館シャッツキステへようこそ!エリスとゆかいなメイドたち
meimon joshikou ryokou,名門女子校旅行~俺だけ男なんですが!?~
k-on! college,けいおん!college
skyfall,スカイフォール
marshmallow times,マシュマロ通信
lime-iro ryuukitan x,らいむいろ流奇譚X
20th century studios,20世紀スタジオ
shinmai shimai no futari gohan,新米姉妹のふたりごはん
otomate,オトメイト
jingju mao,京剧猫
kuramerukagari,クラメルカガリ
getsu fuuma den,月風魔伝
juuouki,獣王記
see in ao,シーンAO
bless your breath (vocaloid),ブレス・ユア・ブレス
happy heroes,开心超人联盟
furuki okite no mahou kishi,古き掟の魔法騎士
m.h.s,溝口ゆうま
desire (c's ware),DESIRE背徳の螺旋
tetora-san no kiki jikkyou,テトラさんの鬼姫実況
ultraman neos (series),ウルトラマンネオス
toraware no palm,囚われのパルマ
torimazange,とりまざんげ
meiyaku no guardian knights,盟約のガーディアンナイツ
kutsuzure sensen,靴ずれ戦線
hikari sentai maskman,光戦隊マスクマン
pokemon box ruby & sapphire,ポケモンボックス_ルビー&サファイア
rondo duo,輪舞曲Duo_-夜明けのフォルテシモ-_ぷにゅぷりff
ray-kudryavka,レイ・クドリャフカ
yuumei sakai wo koto ni suru,幽明境を異にする
magical pokemon journey,PiPiPi★アドベンチャー
super robot wars reversal,スーパーロボット大戦R
ane to princess wa kirawaretakunai,姉とプリンセスは嫌われたくない
makura no danshi,まくらのだんし
youkai sangokushi,妖怪三国志
digimon chronicle,デジモンクロニクル
souten no celenaria,蒼天のセレナリア
love rec.,ラブレコ.
reine des fleurs,レンドフルール
amanatsu (azarashi soft),アマナツ
haitaka no psychedelica,灰鷹のサイケデリカ
ibara no ou,いばらの王
castlevania: lords of shadow,キャッスルヴァニアロードオブシャドウ
kimi wa sukinosaurus,君はスキノサウルス
anemone wa netsu wo obiru,アネモネは熱を帯びる
watashi ni konya ai ni kite,私に今夜☆会いに来て
gunparade orchestra,ガンパレード・オーケストラ
love-pii channel,loveぴー
super mario party,スーパーマリオパーティ
cosmos no sora ni,秋桜の空に
takamare! takamaru,たかまれ!タカマル
ninku,忍空
2 fast 2 furious,ワイルド・スピードX2
xevious,ゼビウス
umi ga kikoeru,海がきこえる
le ciel bleu,ル・シエル・ブルー
dragon quest monsters 2,ドラゴンクエストモンスターズ2
passpartout: the starving artist,パスパルトゥー
nee nee nee,ねぇねぇ姉
chu-bra!!,ちゅーぶら!!
shiawase toriming,しあわせ鳥見んぐ
metal slug tactics,メタルスラッグタクティクス
kaze no daichi,風の大地
kimi no taion (vocaloid),君の体温
niziu,ニジュー
kyuusai no gihou,救済の技法
gunjou sanka (vocaloid),群青讃歌
kimi no iro,きみの色
the hunger games,ハンガー・ゲーム
shinkai summit (vocaloid),心壊サミット
gellerman,ゲラーマン
drive-in tori,ドライブイン鳥
megamari,メガマリ
htb,北海道テレビ放送
yumepercent,ユメパーセント
the wild robot,野生の島のロズ
shin bible black,新バイブルブラック
honoo no haramase jinsei,炎の孕ませ人生~あの頃に戻って孕ませナイト~
brocken blood,ブロッケンブラッド
hatsune miku -tap wonder-,初音ミク_-TAP_WONDER-
30-sai no hoken taiiku,30歳の保健体育
cloth road,クロスロオド
donald land,ドナルドランド
grim fandango,グリム・ファンダンゴ
imouto jiru,妹汁
fancy lala,ファンシーララ
rayforce,レイフォース
hanamaru!,はなマルッ!
majo to tsukaima,魔女と使い魔
keishousareru yuusha no rpg,『継承される勇者のRPG』
ikusa megami verita,戦女神VERITA
meido ni chikaramake suru nante shikatanain desuka?,メイドに力負けするなんて恥ずかしくないんですか?
kitty (vocaloid),キティ
yamato2520,ヤマトにーごーにーぜろ
comitia 116,コミティア116
m&g stationery,晨光文具
formula e,フォーミュラE
kousoku sentai turboranger,高速戦隊ターボレンジャー
sanarara,サナララ
cozopro,cozoruお絵かき診断
senkuu no reconquista,潜空のレコンキスタ
omiai shitakunakatta no de murinandai na jouken o tsuketara doukyuusei ga kita ken ni tsuite,お見合いしたくなかったので、無理難題な条件を付けたら同級生が来た件について
love ka? (vocaloid),ラブカ?
troubledays,とらぶるでいず
valkyrie impulse,ヴァルキリーインパルス
gundam the battle master,ガンダム・ザ・バトルマスター
inori no kuni no riviere,祈りの国のリリエール
gaki ni modotte yarinaoshi,ガキにもどって犯りなおしっ
vital gear,ヴァイタルギア
kidou keisatsu patlabor 2 the movie,機動警察パトレイバー2theMovie
guardian recall,ガーディアンリコール
super mario bros z,スーパーマリオブラザーズZ
himote house,ひもてはうす
ashigei shoujo komura-san,足芸少女こむらさん
shinsei-maou no venus-hunt,新生魔王の女神狩り
lilium x triangle,リリウム×トライアングル
kami no rhapsody,神のラプソディ
odoru hoshifuru reneshikuru,踊る星降るレネシクル
lily lyric cycle,りりくる~LIlyLYriccyCLE~
jewelpet happiness,ジュエルペットハッピネス
majogami,魔女ガミ
kamen rider my-th (series),仮面ライダーマイス
melt ice cream (vocaloid),メルト・アイスクリーム
toho (movie company),東宝
darkthrone,ダークスローン
uchuu eiyuu monogatari,宇宙英雄物語
chrono story (vocaloid),クロノ・ストーリー
kid dracula (game),悪魔城すぺしゃるぼくドラキュラくん
gamushara ni ikou! (idolmaster),がむしゃらに行こう!
darna (series),ダルナ
amayo no tsuki,雨夜の月
unbeatable,アンビータブル
kyokkou (idolmaster),極光(学園アイドルマスター)
kyoukai hishou celestite,境界飛翔セレスタイト
ai zokusei (vocaloid),愛属性
tororin time,とろりんタイム
kamen rider w forever: a to z/the gaia memories of fate,運命のガイアメモリ
eberouge,エーベルージュ
castlevania chronicles,悪魔城年代記悪魔城ドラキュラ
tetsu no shoujo to yumemigachi na ohimesama (vocaloid),鉄の処女と夢見がちなお姫さま
bokura no ameiro protocol,僕らの雨いろプロトコル
shiawase no ribbon,幸せのリボン
ie naki ko remi,家なき子レミ
gunvolt records cychronicle,GUNVOLT_RECORDS_電子軌録律
menhera janai mon! (vocaloid),メンヘラじゃないもん!
helix horizon,螺旋境界线
be be be be (cevio),ビビビビ
gaman ga dekinai doutei aniki to sunao ni narenai hankou imouto,ガマンができない童貞兄キと、スナオになれない反抗妹
choujuu giga gao road,超獣戯牙ガオロード
creativerpg,クリエイティブRPG
kizoku tensei: megumareta umare kara saikyou no chikara wo eru,貴族転生~恵まれた生まれから最強の力を得る~
negative happy,ネガティヴハッピィ
kingdom hearts x back cover,キングダムハーツキーバックカバー
q (vocaloid),Q(椎名もた)
fukukaichou no omona oshigoto,副会長の主なお仕事
rainbow herb farm,草木萌鑑
clock tower: the first fear,クロックタワー〜ザ・ファーストフィアー〜
karryn's prison,カリンズプリズン
chichi wa eiyuu haha wa seirei musume no watashi wa tenseisha,父は英雄、母は精霊、娘の私は転生者。
assassin dearu ore no status ga yuusha yori mo akiraka ni tsuyoi nodaga,暗殺者である俺のステータスが勇者よりも明らかに強いのだが
saludos amigos,ラテン・アメリカの旅
kaiketsu jouki tanteidan,快傑蒸気探偵団
rock na kimi to wa owakare da,ロックな君とはお別れだ
la seine no hoshi,ラ・セーヌの星
the legend of hei 2,罗小黑战记2
transformers: zone,トランスフォーマーゾーン
jinsei gyakuten: uwaki sare enzai wo kiserareta ore ga gakuen ichi no bishoujo ni natsukareru,人生逆転~浮気され、えん罪を着せられた俺が、学園一の美少女に懐かれる~
lolita (nabokov),ロリータ
goshujin-sama niwa suwasemasen!,ご主人様には吸わせません!
maguro (drama),マグロ
wario land: super mario land 3,スーパーマリオランド3ワリオランド
izayoi selene,十六夜セレーネ
shinzui,真髄
lsd: dream emulator,LSD(ゲーム)
super robot wars impact,スーパーロボット大戦-IMPACT
princess reconquista,王女のレコンキスタ
kikou kantai dairugger xv,機甲艦隊ダイラガーXV
choppiri toshiue demo kanojo ni shite kuremasu ka?,ちょっぴり年上でも彼女にしてくれますか?
rineiron,りねいろん
fiction desu (synthesizer v),フィクションです
bokujou monogatari: harvest moon,ハーベストムーン
one piece: clockwork island adventure,ねじまき島の冒険
lance n' masques,ランス・アンド・マスクス
seishun no rinkaku,青春の輪郭
kimoota mob youhei wa minohodo o ben (waki ma) eru,キモオタモブ傭兵は、身の程を弁(わきま)える
project arms,アームズ
mietemasu yo! aizawa-san,見えてますよ!愛沢さん
kingdom hearts missing-link,キングダムハーツミッシングリンク
dragon quest monsters joker,ドラゴンクエストモンスターズジョーカー
forest musician cranberry gaiden: magical girl raising project unripe duet,森の音楽家クラムベリー外伝
power rangers mystic force,パワーレンジャー・ミスティックフォース
billy hatcher and the giant egg,ジャイアントエッグ
nintendo badge arcade,バッジとれ~るセンター
medarot survivor,メダロットサバイバー
suishitai ni modoranaide (vocaloid),水死体にもどらないで
my pokemon ranch,みんなのポケモン牧場
kazoku wa (ore igai) succubus deshita ~ futari no ane to haha to no seikatsu de seieki o shiboritora remasu ~,家族は(俺以外)サキュバスでした
bishoujo muzai pirates,美少女無罪♡パイレーツ
bunny (vocaloid),バニー(ボカロ)
sagrada reset,サクラダリセット
tsuyokute new saga,強くてニューサーガ
akashic production,あかしっくぷろだくしょん
saji no majinai (vocaloid),匙ノ咒
wonder three,ワンダースリー
power rangers zeo,パワーレンジャー・ZEO
chikyuu sentai fiveman,地球戦隊ファイブマン
age of empires i,エイジオブエンパイアI
otani oniji iii as yakko edobei,東洲斎写楽画三代目大谷鬼次の奴江戸兵衛
no sleep for kaname date - from ai: the somnium files,伊達鍵は眠らない
bayonetta origins: cereza and the lost demon,BAYONETTA_Origins:セレッサと迷子の悪魔
minami no niji no lucy,南の虹のルーシー
high guardian spice,ハイガーディアンスパイス
digimon recollection,デジモンリコレクション
teniireta saimin app de yume no harem seikatsu wo okuritai,手に入れた催眠アプリで夢のハーレム生活を送りたい
koi ni wa amae ga hitsuyou desu,恋にはあまえが必要です
paralympics,パラリンピック
mushikago no cagaster,虫籠のカガステル
kako ni torawareteiru (tuyu),過去に囚われている
dai dark,大ダーク
amatsu kitsune (vocaloid),アマツキツネ
okitegami kyouko no bibouroku,掟上今日子の備忘録
yao guang lu,摇光录
shazam! (movie),シャザム!
brooklyn nets,ブルックリン・ネッツ
kaiketsu zorori,かいけつゾロリ
highrisk mission therapy,ハイリスクミッションセラピー
ehrgeiz,エアガイツ
genki bakuhatsu ganbaruger,元気爆発ガンバルガー
kagerou: darkside princess,影牢ダークサイド・プリンセス
baraduke,バラデューク
cursenday's dark carnival,卡森德拉的黑色嘉年华
nounai kakumei girl (vocaloid),脳内革命ガール
mono palette.,モノパレ
tsugihagi staccato (vocaloid),ツギハギスタッカート
wolfsmund,狼の口
soka gakkai international,創価学会
kounai sandai bijo no himo shitemasu,校内三大美女のヒモしてます
alisia dragoon,アリシアドラグーン
dragon pink,ドラゴンピンク
1ldk + jk ikinari doukyo? micchaku!? hatsu ecchi!!?,1LDK+JKいきなり同居?密着!?初エッチ!!?
issun-boushi,一寸法師
spider-man: itsuwari no aka,スパイダーマン/偽りの赤
brain age,脳を鍛える大人のDSトレーニング
watashi wa succubus to kiss wo shita,私はサキュバスとキスをした
twiright prank (vocaloid),トワイライトプランク
generator rex,ジェネレーター・レックス
aibyou sekai,愛病世界
resident evil: dead aim,ガンサバイバー4バイオハザードヒーローズ・ネバー・ダイ
heaven seeker,ヘブンシーカー
higanjima,彼岸島
kamen rider gotchard vs kamen rider legend,仮面ライダーガッチャードVS仮面ライダーレジェンド
keihin kyuukou dentetsu,京浜急行電鉄
nobunaga concerto,信長協奏曲
doki doki pretty league,ドキドキプリティリーグ
burnout (series),バーンアウト
sewazuki de kawaii jk 3shimai dattara ouchi de amaete mo ii desuka?,世話好きで可愛いJK3姉妹だったら、おうちで甘えてもいいですか?
yorushika,ヨルシカ
space hunter,スペースハンター
fechi chichi kyonyuu sensei no yuuwaku jugyou,ふぇちちち!~巨乳先生の誘惑授業~
magic-kyun! renaissance,マジきゅんっ!ルネッサンス
youko-san wa kon to naku,妖狐さんはコンと鳴く
makiba no shoujo katri,牧場の少女カトリ
narara superboard,飛べスーパーボード
kingyo oukoku no houkai,金魚王国の崩壊
spec ops the line,スペックオプスザ・ライン
okusama no kaifuku-jutsu,奥さまの回復術
wafuu fantajii na utsu eroge no nanashi sentou-in ni tensei shitandaga shuui no on'na ga yabe yatsu bakari de iyanayokan shika shinai kudan,和風ファンタジーな鬱エロゲーの名無し戦闘員に転生したんだが周囲の女がヤベー奴ばかりで嫌な予感しかしない件
maken-shi no maken ni yoru maken no tame no harem life,魔剣師の魔剣による魔剣のためのハーレムライフ
let the bullets fly,让子弹飞
naanni mo dekinai gyaru ga yuiitsu dekiru koto,なーんにもできないギャルが唯一できるコト
star fox command,スターフォックスコマンド
talking heads,トーキング・ヘッズ
yami to hikari no sanctuary,ヤミと祝祭のサンクチュアリ
my-hime destiny: ryuu no miko,舞-HiME☆DESTINY龍の巫女
kafu-chan no kare udon kyousou kyoku (cevio),可不ちゃんのカレーうどん狂騒曲
sorcery jokers,ソーサリージョーカーズ
gacha wo mawashite nakama wo fuyasu saikyou no bishoujo gundan wo tsukuriagero,ガチャを回して仲間を増やす_最強の美少女軍団を作り上げろ
digimon story: lost evolution,デジモンストーリーロストエボリューション
jewelry hearts academia,ジュエリー・ハーツ・アカデミア
dokuzu (vocaloid),ド屑
ikemen sengoku,イケメン戦国
eine kleine (yonezu kenshi),アイネクライネ
warau warawau,笑う、わらわぅ
kikaijikake no marie,機械じかけのマリー
1 rt de nakawarui nonke joshi-tachi ga 1-byou kiss suru,1RTで仲悪いノンケ女子たちが1秒キスする
xena: warrior princess,ジーナ:ウォリアー・プリンセス
shuuten chi e kiete (utau),終点地へ消えて
=love,イコラブ
elf hime nina,エルフ姫ニィーナ
cyber block metal orange,サイバーブロックメタルオレンジ
tajuu-jinkaku tantei saiko,多重人格探偵サイコ
sengoku tenshi djibril,戦国天使ジブリール
the freak circus,怪诞马戏团
oh yes! kasshoku bitch hitozuma no seiyoku kaishou,褐色クールビッチ人妻の性欲解消
jewelpet kira deco!,ジュエルペットきら☆デコッ!
jk shousetsuka poi,JK小説家っぽい!
watashi no tomodachi ga sekaiichi kawaii,わたしの友達が世界一かわいい
zannen na ane to no love comedy,残念な姉との幸福論
gundam pulitzer,機動戦士ガンダムピューリッツァー
ano machi no koi no uta,あの街の恋の詩
sanzensekai no raisner,三千世界の英雄王
hyakuren no haou to seiyaku no valkyria,百錬の覇王と聖約の戦乙女
zoolander,ズーランダー
lovvebox,ラブボックス
gensou suikoden tsumugareshi hyakunen no toki,紡がれし百年の時
yume ka utsutsu ka matryoshka,夢か現かマトリョーシカ
nee chanto shiyou yo! 2,姉、ちゃんとしようよっ!2
zutto senpai to,ずっと、先輩と
dragon collection,ドラゴンコレクション
machine robo rescue,出撃!マシンロボレスキュー
ghostwire: tokyo,ゴーストワイヤー:東京
world's end club,ワールズエンドクラブ
ijimerarekko no nekura onna ga jitsu wa dohentai de ijimekko no ubu na gal ni shikaeshi o suru yuri,いじめられっ娘の根暗女が実はド変態でいじめっ娘の初なギャルに仕返しをする百合
hataraku otona no ren'ai jijou,働くオトナの恋愛事情
eurovision song contest,ユーロビジョン
kakugo no susume,覚悟のススメ
rising impact,ライジングインパクト
buriki no dance (vocaloid),ブリキノダンス
carrie (song),キャリィ
charlie's angels,チャーリーズ・エンジェル
kibushi-ie,木伏家
ragnastrike angels,ラグナストライクエンジェルズ
barbie in the nutcracker,バービーのくるみ割り人形
joshi lac! (manga),じょしラク!
kochira shuumatsu teitai iinkai,こちら、終末停滞委員会。
hengen sennin asuka,変幻戦忍アスカ
puraore! pride of orange,プラオレ!
taiyou no makibaoo,たいようのマキバオー
summer camp island,サマーキャンプ・アイランド
nyaaaanvy,ニャンビー
patchcon,ぱちゅコン!
wasureenu majo no monogatari,忘れえぬ魔女の物語
mukasete! ryuugasaki-san,剥かせて!竜ケ崎さん
synduality echo of ada,シンデュアリティエコーオブエイダ
groove coaster,グルーヴコースター
hikami no crown,氷上のクラウン
tsuki no sango,月の珊瑚
joy mech fight,ジョイメカファイト
guardians violation,ガーディアンズ・ヴァイオレーション
hero wars,ヒーローウォーズ
minagoroshi-hen,皆殺し編
ooedo rocket,大江戸ロケット
dengeki bunko fighting climax,電撃文庫FIGHTINGCLIMAX
pokemon ga-ole,ポケモンガオーレ
toosenbo (vocaloid),とおせんぼ
mahou no angel sweet mint,魔法のエンジェルスイートミント
settlers of catan,カタンの開拓者たち
world destruction,ワールド・デストラクション
ghostcrown,おばけとおうかん
sesuji wo pin! to,背すじをピン!と
poison pink,ポイズンピンク
kamen rider spirits,仮面ライダーSPIRITS
inupara,イヌぱら
iron man 3,アイアンマン3
amatarasu riddle star,あまたらすリドルスター
gift (vocaloid),ギフト
madoromi barmaid,まどろみバーメイド
akazukin no ookami,赤ずきんの狼
30girl.com,サーティーガール
scribblenauts,マックスウェルの不思議なノート
himegami gadget,姫神様ガジェット
touhou spell bubble,東方スペルバブル
kage no densetsu,影の伝説
tv asahi,テレビ朝日
garo: kami no kiba,神ノ牙
hana no kioku 6,花の記憶_第6章
the legend of legacy,レジェンドオブレガシー
shin megami tensei nine,真・女神転生NINE
shissou word (vocaloid),失想ワアド
koiiro chu! lips,こいいろChu!Lips
aka (nekoneko soft),朱-Aka-
okinawa club,おきなわ部
yuubari melon koukou,夕張めろん高校
youko no sakuya-kun,妖狐のさくやくん
aquarius (drink),アクエリアス(スポーツドリンク)
kengan omega,ケンガンオメガ
kamen rider g (movie),仮面ライダーG
echidna wars dx,ミリア戦記DX
doukyonin wa hiza tokidoki atama no ue.,同居人はひざ、時々、頭のうえ。
virtual market,バーチャルマーケット
chuokyousyoujo,調教少女
serafuku to kikanjuu,セーラー服と機関銃
bay area rapid transit,バート
kingdom under fire,キングダム・アンダー・ファイア
donkey kong jr. (game),ドンキーコングJr.
nihon-chan,ニホンちゃん
kanzen muken no shinjin majutsusei,完全無欠の新人魔術生
xuyan xueyuan,虚研学园
odakyu electric railway,小田急
black hawk down,ブラックホーク・ダウン
brigandine,ブリガンダイン
ningyo series,人魚シリーズ
elfin rose,エルフィン・ローズ~囚われの三皇女~
megatokyo,メガトーキョー
winter garden,ウィンターガーデン
sally (music circle),サリー
high energy heroes,高能英雄
hibi hakkenteki step! (idolmaster),日々、発見的ステップ!
hyperinflation,ハイパーインフレーション
comitia 124,コミティア124
actraiser renaissance,アクトレイザー・ルネサンス
phantasy star nova,ファンタシースターノヴァ
asumi kakeru,アスミカケル
kinjo no nanako-san,近所のななこさん
mirai robo daltanious,未来ロボダルタニアス
junketsu no mahou shoujo,純潔の魔法少女
nami yo kiite kure,波よ聞いてくれ
bikyaku seido kaichou ai,美脚性奴会長_亜衣
unmei senjou no phi,運命線上のφ
hoshi no rebellion,輝星のリベリオン
houkago wa isekai kissa de coffee wo,放課後は、異世界喫茶でコーヒーを
soukyuu dragon guild,蒼穹ドラゴンギルド
soreyori no prologue,ソレヨリノ前奏詩
sorceress alive!,ソーサレス*アライヴ!
marronni yell,まろに☆えーる
manga science,まんがサイエンス
orenchi no furo jijou,オレん家のフロ事情
kimi dake no ponytail,君だけのポニーテール
kissa korikori,喫茶狐狸狐狸
tenioha! onna no ko datte honto wa ecchi da yo?,てにおはっ!女の子だってホントはえっちだよ?
jussai no saikyou madoushi,十歳の最強魔導師
fossil fighters champions,スーパーカセキホリダー
kerbal space program,カーバルスペースプログラム
sekirara (idolmaster),赤裸々
veil (idolmaster),VEIL(学マス)
mamatomo,ママトモ
clock tower ghost head,クロックタワーゴーストヘッド
bunny's mama daikou service,Bunny’sママ代行サービス
tamayura mirai,タマユラミライ
paris ni saku etoile,パリに咲くエトワール
saiminjutsu 2,催眠術2
gap no aru joshi futari ga yuri na hanashi.,ギャップのある女子二人が百合な話。
raise wa tanin ga ii,来世は他人がいい
hypergryph,鹰角网络
the scroll of taiwu,太吾绘卷
honglou meng,こうろうむ
alice in heaven,アリスインヘブン
iwashi to hiiragi,鰯と柊
shounin shite kudasai genie-san! (synthesizer v),承認してください、ジーニーさん!
jashin senki r'lyeh shoujotai,邪神戦記ルルイエ少女隊
mario tennis fever,マリオテニスフィーバー
fabulous beasts,有兽焉
making lovely,メイキング・ラブリー
hypnosis mic: dream rap battle,ヒプドリ
digital devil story,デジタル・デビル物語女神転生
kingdom hearts: melody of memory,メロディオブメモリー
hentai douchu banbanzai,変態道中蛮万歳
denpa kyoushi,電波教師
ayakashi: japanese classic horror,怪~ayakashi~
taroman: okamoto taro shiki tokusatsu katsugeki,帰ってくれタローマン
the red shoes (andersen),赤い靴(童話)
heisei haizanhei sumire-chan,平成敗残兵☆すみれちゃん
a christmas carol,クリスマス・キャロル
aishiteru game wo owarasetai,愛してるゲームを終わらせたい
mario sports mix,マリオスポーツミックス
contra: the hard corps,魂斗羅ザ・ハードコア
choushujinnkou (vocaloid),超主人公
das boot,U・ボート(映画)
positive parade (vocaloid),ポジティブ・パレード
cyberia plus,サイベリアplus
aete mushisuru kimi to no mirai,あえて無視するキミとの未来
shueisha,集英社
welcome to shimejiri village!,ようこそ!!締尻村へ
mario party superstars,マリオパーティスーパースターズ
split dance (vocaloid),スプリットダンス
hello world (2019 movie),ハロー・ワールド
eien ni shiawase ni naru houhou mitsukemashita (vocaloid),永遠に幸せになる方法、見つけました。
mitsuya cider,三ツ矢サイダー
aden (game),亜電
happy ni naritai (nanawo akari),ハッピーになりたい
quinty,クインティ
yume tsushin,梦通信
langrisser millenium ws,ラングリッサーミレニアムWS
doteraman,ドテラマン
mega man ii,ロックマンワールド2
ufo senshi dai apolon,UFO戦士ダイアポロン
baibato,ぶいばと公式
mu (utau),む
kono oto tomare!,この音とまれ!
aisle (idolmaster),アイル(アイマス)
nansei project,南西Project
cinderella eleven,シンデレライレブン
tony takezaki no gundam manga,トニーたけざきのガンダム漫画
dousei kara hajimaru otaku kanojo no tsukurikata,同棲から始まるオタク彼女の作りかた
watashi wa ame (vocaloid),私は雨
dragon quest monsters: caravan heart,ドラゴンクエストモンスターズキャラバンハート
sanarica,サナリカ
umi no triton,海のトリトン
tp bon,T・Pぼん
digimon adventure 02: digimon hurricane jouriku!! chouzetsu shinka!! ougon no digimental,デジモンハリケーン上陸!!
motokano to no jirettai gisou kekkon,元カノとのじれったい偽装結婚
gakkou no kowai uwasa: hanako-san ga kita!!,学校のコワイうわさ花子さんがきた!!
the sleeping beauty (idolmaster),眠り姫
the adventures of tom sawyer,トム・ソーヤーの冒険
how to sekai seifuku (vocaloid),ハウトゥー世界征服
kizuna no allele,絆のアリル
kemono fabric vivarium transfer,ケモノファブリック
yuusha no segare,勇者のセガレ
gone with the wind,風と共に去りぬ
maken x,魔剣X
toki no daichi,刻の大地
hajimete no aku,はじめてのあく
tonari no seki no mukuchi gyaru ni edzuke shitara,隣の席の無口ギャルに餌付けしたら
tsumi to batsu (008achi),罪と罰。
green green greens,グリーングリーングリーンズ
sekai ka kanojo ka erabenai,世界か彼女か選べない
kokon tozai (love live!),ココン東西
reika wa karei na boku no maid,レイカは華麗な僕のメイド
sosogi wa kaeritai,そそぎはかえりたい
valkyrie of phantasm,幻想のヴァルキューレ
perennial (love live!),ペレニアル
ateez,エイティーズ
seishun kirameki rockers!!,青春キラメキ☆ロッカーズ!!
kunoichi botan,くノ一牡丹
v-drive!,Vドライブ!
kokou no hana to yobareru eikoku bishoujo gimai ni nattara bukiyou ni amaete kita,孤高の華と呼ばれる英国美少女、義妹になったら不器用に甘えてきた
buchigire reijou wa houfuku o chikaimashita. ~madousho no chikara de sokoku o tataki tsubushimasu~,ブチ切れ令嬢は報復を誓いました。~魔導書の力で祖国を叩き潰します~
gaia gensouki,ガイア幻想紀
the hitchhiker's guide to the galaxy,銀河ヒッチハイク・ガイド
haikei doppelganger (vocaloid),拝啓ドッペルゲンガー
mahou shoujo madoka magica manga,魔法少女まどか☆マギカ(コミカライズ版)
the naked gun (series),裸の銃を持つ男
chuugakusei kanoke,中学生棺桶
hatena illusion,はてな☆イリュージョン
cho tokimeki sendenbu,超ときめき♡宣伝部
yoru no pierrot,夜のピエロ
the book of life,ブック・オブ・ライフ
strobe last (vocaloid),ストロボラスト
yamada perfect (vocaloid),完全体の山田
toshishita kanojo,年下彼女
bokujou monogatari: saikai no mineral town,再会のミネラルタウン
idol hakkenden,アイドル八犬伝
ore no osananajimi ga dekkkkkaku narisugita,俺の幼馴染がデッッッッかくなりすぎた
koukyuu no karasu,後宮の烏
eiga daisuki pompo-san,映画大好きポンポさん
ojama mushi (vocaloid),おじゃま虫
yamikko troublemaker,病みっ子トラブルメーカー
eroge sekai ni tensei shita ore ga oshi e no ai de netorare heroine o shiawase ni suru.,転ヒロ
mahou shoujo dandelion,魔法少女ダンデライオン
witch company project,魔女公司
omoi wo sasageru otome no melody ~afureru omoi wo shirabe ni nosete~,想いを捧げる乙女のメロディー
yababaina (vocaloid),ヤババイナ
dreaming freedom,从梦到自由
pachislot rockman ability,ロックマンアビリティ
kamachi crossover,とある魔術のヘヴィーな座敷童が簡単な殺人妃の婚活事情
circle mate,サークルメイト
ma shounen bt,魔少年ビーティー
battle mania,バトルマニア
valkyrie elysium,ヴァルキリーエリュシオン
7nin no kenja to renkinjutsushi,7人の賢者と錬金術師
salad fingers (series),サラダ指
milk tissue girl,ミルクティッシュガール
digimon next,デジモンネクスト
h ero,【H_EROピン:悪党】
harmony (project itoh),ハーモニー
e.x. troopers,エクストルーパーズ
riot games,ライアットゲームズ
naki no ryuu,哭きの竜
anchor panic,アンカーパニック
ikemen sugi desu shiki-senpai!,イケメンすぎです紫葵先パイ!
kingdom conquest,キングダムコンクエスト
netorare manga no kuzu otoko ni tensei shita hazu ga heroine ga yottekuru ken,寝取られ漫画のクズ男に転生したはずがヒロインが寄ってくる件
lilja to natsuka no junpaku na uso,リルヤとナツカの純白な嘘
weiward romance (synthesizer v),炜WARD_ROMANCE
love lab (visual novel),らぶらぼ
sennagi,戦巫〈センナギ〉―穢れた契りと神ころも―
elf to shuryoushi no item koubou,エルフと狩猟士のアイテム工房
dallas mavericks,ダラス・マーベリックス
nekonote (vtuber),ねこのて
mizuho chuugakusei sekai houkai wa totsuzen ni,みずほ、中学生、世界崩壊は突然に
mochipoyo-chan,もちぽよちゃん
rohto seiyaku,ロート製薬
listeners (anime),リスナーズ
command & conquer: generals,ジェネラルズ
memeshii (utau),memeしい
ryuusei no varnir star ecdysis of the dragon,竜星のヴァルニール
sangokushi tenka,三国志天華
hoho ga kawaku made (vocaloid),頬が乾くまで
domestic de violence,ドメスティックでバイオレンス
a sore pon desu!,あ、それポンです!
alice in cyberland,ありすインサイバーランド
mary to majo no hana,メアリと魔女の花
kawasaki frontale,川崎フロンターレ
osananajimi biglove,天使だった幼なじみ、再会したらギャルだった
hajimari no mahoutsukai,始まりの魔法使い
shukusei maachi,粛清マーチ
black panther: wakanda forever,ブラックパンサー/ワカンダ・フォーエバー
shinon no tokeitou (vocaloid),針音ノ時計塔
botsuraku youtei nanode kajishokunin wo mezasu,没落予定なので、鍛治職人を目指す
enkou shoujo 2 ~jk idol masuzu no baai~,円交少女2~JKアイドル真鈴の場合~
chikasugiru karera no juunanasai no tooi kankei,近すぎる彼らの、十七歳の遠い関係
tsukiakari ni modaeru harame,月明りに悶える孕女
hakoniwa oukoku no souzoushu-sama,箱庭王国の創造主サマ
epic mickey,エピックミッキー
shin angyou onshi,新暗行御史
fuji-q highland,富士急ハイランド
sonna futari wa tsukiatteiru,そんな2人はつきあっている
stray kids,ストレイキッズ
moonwalker,ムーンウォーカー
number girl,ナンバーガール
gendai majo zukan,現代魔女図鑑
peppermint comic,ペパーミントCOMIC
dead space 3,デッドスペース3
mito koumon,水戸黄門
the martian,オデッセイ(映画)
seitokai tantei kirika,生徒会探偵キリカ
xuan dou zhi wang,炫斗之王
monsuno,獣旋バトルモンスーノ
gunryuu sangoku-den,群龍三国伝
the fantasie of a stepmother,ある継母のメルヘン
a ja nai ka (vocaloid),Aじゃないか
ggrks (vocaloid),ググれカス
gundam seed a-star,ガンダムSEED_A-STAR
houma hunter lime,宝魔ハンターライム
mimi wo sumaseba (eroge),みみをすませば
blue gender,ブルージェンダー
aorio,アオリオ
affinity line,巡回列车
umanari ichi furlong theater,馬なり1ハロン
call of duty: advanced warfare,コールオブデューティアドバンスド・ウォーフェア
kanzaki kyoudai no nichijou,神崎五兄弟の日
seabed (visual novel),シーベッド
vow of heroes,終焉誓約
dennou sentai voogie's angel,電脳戦隊ヴギィ'ズ★エンジェル
sora no sakana (vocaloid),そらのサカナ
taiyotosho fanta vergennes,ファンタジェン
ssaumdokak,喧嘩独学
alien soldier,エイリアンソルジャー
bokura no haru ha inazuma no youni,僕らの春は稲妻のように
avengers: tech on,テックオンアベンジャーズ
koukousei kazoku,高校生家族
manabi kangaeru rekishi,学び考える歴史
game tengoku,ゲーム天国
breath of fire 6,ブレスオブファイア6
healer girl,ヒーラー・ガール
tensei-kun wa lolicon janai!,天聖君はロリコンじゃない!
monmon fanmoran (vocaloid),悶々ふぁんもおらん
kanojo no hatsujou switch,カノジョの発情スイッチ
"olive! believe ""olive""?","オリーブ!_Believe,""Olive""?"
landstalker: koutei no zaihou,ランドストーカー
apocalypse witch,アポカリプス・ウィッチ
souboutei kowasu beshi,双亡亭壊すべし
koupen-chan,コウペンちゃん
the killing joke,キリングジョーク
my heroes - dungeon adventure,我的勇者
revolve,リボルヴ
luminous arc infinity,ルミナスアークインフィニティ
iwaihime,祝姫
skygunner,スカイガンナー
kowloon's gate,クーロンズゲート
tank girl,タンク・ガール
tomokazu sugita no anigera deduuun,杉田智和のアニゲラ!ディドゥーーン
jutaijima,受胎島「どうしてアンタみたいなブサ男に種付けされなきゃいけないのよ?!」
zutto tsukushite ageru no!,ずっとつくしてあげるの!
atelier lina,リーナのアトリエ
ragnarok online kafra quest,ラグナロクオンラインカプラクエスト
sakura machizaka stories vol.1,桜待坂Stories_vol.1
lucky star ~ryouou gakuen outousai~,陵桜学園桜藤祭
half-life 3,ハーフライフ3
mystereet,ミステリート
hime-sama ririshiku!,姫さま凛々しく!
fairy factory,妖精工房
nijuu-mensou no musume,二十面相の娘
ookami hime monogatari,おおかみひめものがたり
maryoku zero no ore ni wa mahou kenki saikyou no gakuen wo shihai dekinai... to omotta?,魔力ゼロの俺には魔法剣姫最強の学園を支配できない...と思った
dreamin chuchu (vocaloid),どりーみんチュチュ
ore to kanojo wa shujuu na kankei,オレと彼女は主従なカンケイ
kesaran pasaran (vocaloid),ケサランパサラン
puzzle fighter,スーパーパズルファイターIIX
rhapsodia,ラプソディア
shinpakusuu #0822 (vocaloid),心拍数♯0822
ryuu ga gotoku kenzan,龍が如く見参!
gimmick!,ギミック!
sora to umi no aida,ソラとウミのアイダ
epilogue in the attic (hololive),屋根裏のエピローグ
cradle song,くれいどるそんぐ~昨日に奏でる明日の唄~
dennou boukenki webdiver,電脳冒険記ウェブダイバー
reynatis,レナティス
crazy frog,クレイジー・フロッグ
cafe omusubiya,おむすび屋
gunpla builders beginning g,ガンプラビルダーズ
elysion ~eien no sanctuary~,ELYSION~永遠のサンクチュアリ~
karen (purple software),夏恋~Karen~
honoo no haramase paidol my star gakuen z,炎の孕ませ乳ドルマイスター学園Z
sekai oni,世界鬼
junjou skirt (vocaloid),純情スカート
wakusei robo danguard ace,惑星ロボダンガードA
kedama no gonjirou,けだまのゴンじろー
boku ga tenshi ni natta wake,僕が天使になった理由
super robot wars ux,スーパーロボット大戦UX
otome bare,おとめバレ
kaki hoshuu,夏期補習
gyakuten! ippatsuman,逆転イッパツマン
taimanin asagi gaiden,対魔忍アサギ外伝
tales of luminaria,テイルズオブルミナリア
free fire,ガレナフリーファイア
the greatest showman,グレイテストショーマン
kleins,环行旅舍
world embryo,ワールドエンブリオ
holy dungeon,ホーリーダンジョン
onore no shinzuru michi wo yuke,己の信ずる道を征け
hiiro no kakera,緋色の欠片
lupin iii vs meitantei conan,ルパン三世VS名探偵コナン
are you alice?,アー・ユー・アリス
shichinin no nana,七人のナナ
touhou mother,東方星母録
rika junbi shitsu de tsukamaete,理科準備室でつかまえて
ameriko,アメリ子
eagle talon,秘密結社鷹の爪
gowappaa 5 godam,ゴワッパー5ゴーダム
final approach,Φなる・あぷろーち
ichapuri!,いちゃぷり!〜お嬢さまとイチャラブえっちな毎日〜
ima koi wo shiteimasu.,今、恋をしています。
bohemian archive in japanese red,東方文花帖
karento,歌恋人
arahito gishin,現人擬神
macross vf-x2,マクロスVF-X2
baby i love you daze,ベイビーアイラブユーだぜ
ken to mahou to gakuen mono 3,剣と魔法と学園モノ。3
ryuu to yuusha to haitatsunin,竜と勇者と配達人
fusheng yi xi,浮生一戏
tobu railway,東武鉄道
phoenix suns,フェニックス・サンズ
tonkatsu dj agetarou,とんかつDJアゲ太郎
kibou no bashi to jiyuu no mahou (vocaloid),希望の橋と自由の魔法
zhanchang shuang mawei,战场双马尾
f-zero falcon densetsu,ファルコン伝説
lingerie girl wo okini mesu mama,ランジェリーガールをお気に召すまま
damonisch,デモーニッシュ
tsuka no ma no ichika,束の間の一花
uncle grandpa,アンクルグランパ
sora kara nihon wo mitemiyou,空から日本を見てみよう
kingdom of legion,キングダムオブレギオン
teisou kannen zero,貞操観念ZERO
donkey kong country 3,スーパードンキーコング3
power rangers s.p.d.,パワーレンジャー・S.P.D.
angolmois: genkou kassenki,アンゴルモア元寇合戦記
bee train,ビィートレイン
hinata no tsuki,ひなたのつき
biblia koshodou no jikentechou,ビブリア古書堂の事件手帖
tenchi muyou! in love,天地無用!inLove
seiken orochi chronicle,聖剣オロチクロニクル
watashi wa succubus ja arimasen,私はサキュバスじゃありません
arcanakit v,あるかなきっとV
101 no hyaku monogatari,101番目の百物語
tokoyo no tou,常世ノ塔
polipan,ポリぱん
adachi rei (utau),アダチ・レイ
mite (idolmaster),見て
shoshikantetsu (idolmaster),初志貫徹
bijutsubu girl,美術部ガール
meet the robinsons,ルイスと未来泥棒
jeanne no ryouken,ジャンヌの猟犬
copa america,コパ・アメリカ
stranger than heaven,ストレンジャーザンヘヴン
b-robo kabutack,ビーロボカブタック
monochrome days,モノクロのふたり
ichiro shounen kitan,いちろ少年忌憚
pop'n music high cheers!!,ポップンミュージックハイ☆チアーズ!!
tamagotchi paradise,たまごっちパラダイス
ghost in the shell (2017),ゴースト・イン・ザ・シェル
tales of card evolve,テイルズオブカードエボルブ
dengeki sentai changeman,電撃戦隊チェンジマン
libido 7,リビドー7
halcali,ハルカリ
yomosugara kimi omou (vocaloid),夜もすがら君想ふ
drama queen,ドラマクイン
the return of godzilla,ゴジラ(1984年の映画)
momogusa-san ga monogusasugiru,桃草さんがものぐさすぎる!!
paper mario: color splash,ペーパーマリオカラースプラッシュ
atlanta hawks,アトランタ・ホークス
tsuki no kame (idolmaster),ツキノカメ
indiana pacers,インディアナ・ペイサーズ
koibumi to 13-sai no joyuu,恋文と13歳の女優
gensou suikoden star leap,幻想水滸伝スターリープ
hiasobi (vocaloid),ヒアソビ
jinrui kyuusai game,人類救済ゲーム
the great villainess strategy of lily,ストラテジーオブリリィ
tamagotchi uchuu ichi happy na monogatari!?,映画!たまごっちうちゅーいちハッピーな物語!?
ojama mushi ii (vocaloid),おじゃま虫II
ookii onnanoko wa suki desu ka?,大きい女の子は好きですか?
sowasowa drawing,そわそわDrawing
haikei arishi hi ni saku hanatachi e,拝啓、在りし日に咲く花たちへ
weibo,新浪微博
shonioya!,しょにおや
kura kura (ado),くらくら
shinjigen no kinjite (cevio),新次元の禁じ手
back to the future part iii,バック・トゥ・ザ・フューチャーPART3
apollo program,アポロ計画
fukushuu wo koinegau saikyou yuusha wa yami no chikara de senmetsu musou suru,復讐を希う最強勇者は、闇の力で殲滅無双する
agreeee,利用規約に同意したい
tenkuu no tobira,天空の扉
hyakunin isshu,百人一首
movin6!,むーびんぐ!
yoru wa neko to issho,夜は猫といっしょ
burenai ai de (vocaloid),ぶれないアイで
futago to sensei,双子と先生
kirby battle royale,カービィバトルデラックス!
boku dake no hokenshitsu,僕だけの保健室
generation of chaos,ジェネレーションオブカオス
utaite!,ウタイテ!
panguan,判官
oka ranman (love live!),謳歌爛漫
manta (maoer entertainment),Manta曼塔
lost arcadia,ロスアカ
shrek 1,シュレック(映画)
the three charms,三枚のおふだ
obake taiken (utau),おばけ体験
jewel princess reincarnation,宝石姫reincarnation
hatsune miku no bousou (vocaloid),初音ミクの暴走
unravel trigger,アンラベル・トリガー
reversible campaign (vocaloid),リバーシブル・キャンペーン
xiaomi,シャオミ
houkago stride (vocaloid),放課後ストライド
the punisher (1993 game),パニッシャー(カプコン)
shinryaku robo,侵略ロボ
kyojiri jk nirugame-chan,巨尻JKにるがめちゃん
ninki haishinsha-tachi no manager ni nattara zenin motokano datta,人気配信者たちのマネージャーになったら、全員元カノだった
teratera (vocaloid),てらてら
know name,ノウネイム
doushite watashi ga bijutsuka ni!?,どうして私が美術科に!?
sayonara ponytail,さよならポニーテール
bartender (series),バーテンダー
yukiiro quest,ゆきいろ*くえすと
hoshifuru oukoku no nina,星降る王国のニナ
.hack//ai buster,どっとはっくえーあいばすたー
umi no oriuta,海の檻歌
tsumamigui 2,妻みぐい2
ecco the dolphin (game),エコー・ザ・ドルフィン
level-5,レベルファイブ
mekurume (idolmaster),メクルメ
bakegyamon,妖逆門
ike! ina-chuu takkyuubu,行け!稲中卓球部
witches feast,魔女的盛宴
red dragon,レッドドラゴン
red hood's woods,紅ずきんの森
tatsunoko pro,タツノコプロ
fantastic four (1967 tv series),宇宙忍者ゴームズ
oppai heart,おっぱいハート~彼女はケダモノ発情期ッ!?~
blue angels (team),ブルーエンジェルス
elminage,エルミナージュ
healin' good precure: yume no machi de kyun! tto gogo! daihenshin!!,ゆめのまちでキュン!っとGoGo!大変身!!
takeshi no chousenjou,たけしの挑戦状
kamen rider kabuto: god speed love,神速爱
choco fantacy,ちょこふぁん
love comedy-zuki to kossori tsunagaritai,#ラブコメ好きとこっそり繋がりたい
the chronicles of narnia,ナルニア国物語
muko no anata (vocaloid),無辜のあなた
saihate no paladin,最果てのパラディン
sekaiju to fushigi no dungeon,世界樹と不思議のダンジョン
iraira shite iru (synthesizer v),イライラしている!
street fighter ii v,ストリートファイターIIV
susuru tv,やばいクレーマーのSUSURU_TV
alice's spiritual judge,アリスの精神裁判
nounai disco (vocaloid),ノウナイディスコ
hebereke,へべれけ
buta no gotoki sanzoku ni torawarete shojo wo ubawareru kyonyuu himekishi & onna sensh,豚の如き山賊に捕らわれて処女を奪われる巨乳姫騎士&女戦士~絶対チ●ポなんかに負けたりしない!!~
makeruna! makendo,負けるな!魔剣道
ninety-nine nights,ナインティナインナイツ
merupero,めるぺろ
reginetta-san no bouken,リジネッタさんの冒険
denroku,でん六
chou idol densetsu oomori anko,超アイドル伝説大森杏子
watashi wa kinki (vocaloid),わたしは禁忌
koisuru sunflower,恋するSunflower
clone high,クローン・ハイ
imouto wa kanojo ni dekinai no ni,妹はカノジョにできないのに
tsumetakute yawaraka,冷たくて柔らか
ningen fushin no boukensha-tachi ga sekai wo sukuu you desu,人間不信の冒険者たちが世界を救うようです
ari ari anaman succubus chinchin haeteru akumakko,アリアリアナマンさっきゅばすち〇ちん生えてる悪魔っ娘
famicom mukashibanashi: yuyuki,遊遊記
tsuma ni damatte sokubaikai ni ikun ja nakatta,妻に黙って即売会に行くんじゃなかった
waccha primagi! studio,ワッチャプリマジ!スタジオ
yarofes:2024,野郎フェス
kinchan and katori shingo no zen nihon kasou taishou,欽ちゃん&香取慎吾の全日本仮装大賞
harem camp!,ハーレムきゃんぷっ!
gundam-san,機動戦士ガンダムさん
king's field,キングスフィールド
hyper dolls,楽勝!ハイパードール
musou orochi 3,無双OROCHI3
shin tenmakai ~goc iv another side~,新天魔界~GOCIVアナザサイド~
asoko de hataraku musubu-san,あそこではたらくムスブさん
mortal kombat vs dc universe,モータルコンバットvs.DCユニバース
doraemon: nobita no biohazard,のび太のバイオハザード
sutochiru,ストチル
excitebike,エキサイトバイク
onna kishi leticia,女騎士レティシア
softbank,ソフトバンク
monsterz mate,モンスターズメイト
katsute kami datta kemonotachi e,かつて神だった獣たちへ
madoromi-chan ga iku.,まどろみちゃんが行く。
fc tokyo,フットボールクラブ東京
enhypen,エンハイプン
alien: covenant,エイリアン:コヴェナント
macross e,マクロスΔ外伝マクロスE
rindou ni sayonara wo,リンドウにさよならを
dragon ball multiverse,ドラゴンボールマルチバース
haidilao,海底捞
after hours,アフターアワーズ
usatei,ウサテイ
isuca,ISUCA-イスカ-
liar dance (vocaloid),ライアーダンス
complex saga,コンプレックスサーガ
saikyou juzoku tensei ~cheat majutsushi no slow life~,最強呪族転生~チート魔術師のスローライフ~
r15+ ja dame desu ka?,R15+じゃダメですか?
kanban musume wa sashiosae,看板娘はさしおさえ
cooking papa,クッキングパパ
wacca,ワッカ
kurokishi monogatari,黒騎士物語
sekigahara gakuen,【セキガク】
chrono dios,クロノディオス
power of smile,ぱわーおぶすまいる。
double helix blossom,ダブルヘリクス・ブロッサム
otome tensei grimoire den,乙女転生グリモア伝
dai sentai goggle v,大戦隊ゴーグルファイブ
pixiv wrestling association,【ぴくプロ】
yami-iro alice (vocaloid),闇色アリス
prime rose,プライムローズ
arianrhod saga,アリアンロッド・サガ
shimamura,しまむら
sakurai-san wa kizuite hoshii,桜井さんは気づいてほしい
galileo (tv series),ガリレオシリーズ
utsuro wo aogu (vocaloid),虚ろを扇ぐ
sennyuu! hitozuma soap ~tonari no oku-san o soap de hakken shita node soku shimei~,潜入!人妻ソープ~隣の奥さんをソープで発見したので即指名~
nes open tournament golf,マリオオープンゴルフ
woody woodpecker (series),ウッディー・ウッドペッカー
konpeki studio,紺碧Studio
after god,アフターゴッド
sakurazaka46,櫻坂46
yumeiro cast,夢色キャスト
undead girl murder farce,アンデッドガール・マーダーファルス
ethereum,イーサリアム
mayonaka no ningyoutsukai,真夜中の人形使い
hakushaku to yousei,伯爵と妖精
watership down,ウォーターシップダウンのうさぎたち
cosmospice (vocaloid),コスモスパイス
control (game),コントロール
shengtang yehua,盛唐夜话
manasis refrain,マナリフ
breakout,ブロック崩し
oshi ga imouto ni narimashite,推し妹
yu-gi-oh! r,遊☆戯☆王R
sis camp,シス△キャン
tory and the starry island,トリィと星のふる島
love tore ~ecchi na ren'ai training~,LOVEトレ~エッチな恋愛トレーニング~
marshmallow imouto succubus,ましゅまろ☆いもうと☆さっきゅばす☆
lamunation,ラムネーション
battle spirits: sword eyes,バトルスピリッツソードアイズ
walpurga no uta,ヴァルプルガの詩
natsuiro high school,夏色ハイスクル★青春白書
ahiru no sora,あひるの空
alf,アルフ
henshin a la maid,へんしん☆ア・ラ・メイド
candy candy (song),きゃりーめぐめぐ
nangoku dominion,南国ドミニオン
akane gokoro,茜心
seal online,シールオンライン
oba no shinshitsu,叔母の寝室
sora no kane no hibiku hoshi de,空ノ鐘の響く惑星〈ほし〉で
imawabi no dakini,忌火のダキニ
takahashi meijin no bouken jima,高橋名人の冒険島
pawahara seijo,パワハラ聖女
mahou shoujo meruru,魔法少女メルル
ayame no machi to ohime-sama,あやめの町とお姫様
seifuku tenshi,制服天使
milky suicide,みるきす
comitia 148,コミティア148
billionaire touyokoin reika,ビリオネア東横院麗華
shimaima,しまいま。
terao,テラオ
swiss family robinson,家族ロビンソン漂流記
chikyuu bouei kazoku,地球防衛家族
pixiv fairy,PixivFairy育成企画
ashura-chan,阿修羅ちゃん
under the gundam: double fake,ダブルフェイク
room 201,201号室
daimajin (series),大魔神
onee-chan wa koi youkai,お姉ちゃんは恋妖怪
fausts alptraum,ファウストの悪夢
sonic rivals,ソニックライバルズ
godaigo daigo,後醍醐ダイゴ
astral realm,星界神話
tsukutte asobo,つくってあそぼ
mozu (tv series),百舌の叫ぶ夜
night of revenge,魔女は復讐の夜に
akiiro ouka,秋色謳華
chaos breaker,カオスブレイカー
chicchai shito to dekkai inu wa nonbiri isekai wo tabi shimasu,ちっちゃい使徒とでっかい犬はのんびり異世界を旅します
yumimi mix,ゆみみみっくす
metalocalypse,メタロカリプス
sengoku ixa,戦国IXA
taiyoukei disco (vocaloid),太陽系デスコ
super robot wars bx,スーパーロボット大戦BX
rusty hearts,ラスティハーツ
nareru! se,なれる!SE
the blues brothers,ブルースブラザーズ
kyuushuu sentai danjiger,急襲戦隊ダンジジャー
super robot wars neo,スーパーロボット大戦NEO
rotten girl grotesque romance (vocaloid),ロッテンガールグロテスクロマンス
otomimi infinity,オトミミ∞インフィニティー
avalon no kagi,アヴァロンの鍵
death end re;quest 2,デスエンドリクエスト2
misery (stephen king),ミザリー(スティーブン・キング)
michinoku hitou koi monogatari,みちのく秘湯恋物語
cheetahmen,チーターマン
harukanaru toki no naka de 5,遙かなる時空の中で5
level e,レベルE
kaiser knuckle,カイザーナックル
hare wo matsu (vocaloid),霽れを待つ
bonus stage (vocaloid),ボーナスステージ
kamen rider zo (movie),仮面ライダーZO
mahjong sports line,麻雀スポーツライン
daemon bride,デモンブライド
eiyuu x maou,英雄×魔王
school heaven,すくーるヘブン
trials (series),トライアルズ
puni puni poemi,ぷにぷにぽえみぃ
arion,アリオン
magical doctor (vocaloid),マジカルドクター
under-ichigo,あんだーいちご
boku no sainou (vocaloid),僕のサイノウ
birth (oav),バース
ane taiken jogakuryou,姉体験女学寮
isekai juurin inbina doukutsu no sono oku de,淫靡な洞窟のその奥で
wolf girl with you,狼少女といっしょ
sei yariman gakuen enkou nikki,聖ヤリマン学園援交日記
cadbury,キャドバリー
cosscos! ~anatagonomi no cosplay h shite ageru~,こっすこす!
ghost in the shell 2: man machine interface,攻殻機動隊2
shekira (love live!),シェキラ☆☆☆
potato ni natte iku (vocaloid),potatoになっていく
yuukan club,有閑倶楽部
inugami-san to sarutobi-kun wa naka ga warui.,犬神さんと猿飛くんは仲が悪い
vliss project,ぶいりす
sensei no ojikan,せんせいのお時間
dreaming mary,夢見るマリ
mobile force gangaru,モビルフォースガンガル
love tora -love triangle-,ラブトラ!-Love_Triangle
shoujo kyouiku,少女教育
tutorial ga hajimaru mae ni,チュートリアルが始まる前に_ボスキャラ達を破滅させない為に俺ができる幾つかの事
rolling sphere,ローリングスフィア
coffee wo shizuka ni,珈琲をしづかに
inside-games (media),インサイド
tapris sugar step,タプリスシュガーステップ
pazudora (anime),パズドラ(アニメ)
chu x pet,CHU×ペット
daemon x machina,デモンエクスマキナ
monogusa neneko no taida na tanteichou,ものぐさ寝猫の怠惰な探偵帖
rivnes,りぶねす
hero bank,ヒーローバンク
ai love: koisuru otome wa kikai jikake,アイラブ_恋する乙女はキカイ仕掛け
revenge room,リベンジルーム~受胎を強要される地下室~
ossan boukensha kane no zenkou,おっさん冒険者ケインの善行
meganebu!,メガネブ!
midgard war chronicles,ミドガルド戦記
ore ga ikiru imi,俺が生きる意味
uta kumi 575,うた詠み575
magma taishi,マグマ大使
zettai jotei toshi,絶対女帝都市
ketsugou danshi:elements with emotions,結合男子
bokujou monogatari: futago no mura,ふたごの村
kurai mirai,クライミライ
metal gear acid 2,メタルギアアシッド2
girls made pudding,ガールズメイドプディング
lolita anime,ロリータアニメ
cyborg 009 vs devilman,サイボーグ009VSデビルマン
agito: psychic war,アギト-超能力戦争-
himekishi wa barbaroi no yome,姫騎士は蛮族の嫁
street fighter battle combination,ストリートファイターバトルコンビネーション
kamen rider geats: jyamato awaking,ジャマト・アウェイキング
chill with you: lo-fi story,チルユー
nanchoukei danshi ga taosenai (vocaloid),難聴系男子が倒せない
tsubaki (circle),ツバキ
doki doki onee-san,ドキドキお姉さん
shisho to hasami to mijikai enpitsu,司書とハサミと短い鉛筆
abunai deka,あぶない刑事
yumeyume (vocaloid),ゆめゆめ
eiyuu fuufu no tsumetai shinkon seikatsu,英雄夫婦の冷たい新婚生活
madan senki ryukendo,魔弾戦記リュウケンドー
moko moko box,もこもこBOX
rockman.exe operate shooting star,ロックマンエグゼオペレートシューティングスター
l.a. noire,L.A.ノワール
fantasista asuka,ファンタジスタ明日翔
persona 6,ペルソナ6
sakura-iro quartet,さくら色カルテット
balan wonderworld,バランワンダーワールド
little witch in the woods,林中小女巫
usotsuki! gokuoo-kun,ウソツキ!ゴクオーくん
shaman's sanctuary,しゃーまんず・さんくちゅあり
tsuihou sareta tensei juukishi wa game chishiki de musou suru,追放された転生重騎士はゲーム知識で無双する
all of us are dead,今、私たちの学校は...
meta runner,メタランナー
ugo ugo ruuga,ウゴウゴルーガ
busu ni hanataba wo.,ブスに花束を。
maoujou re:build!,魔王城Re:ビルド!
monster hunter 2,モンスターハンター2
kaikou (ttrpg scenario),オシュー傀逅
atlanta braves,アトランタ・ブレーブス
curious george,ひとまねこざる
after epochs (vocaloid),アフターエポックス
shinkisekai evolution,神機世界エヴォリューション
kaisei (vocaloid),快晴
cardfight!! vanguard divinez,カードファイト!!ヴァンガードDivinez
malicious (game),マリシアス
level 1 dakedo unique skill de saikyou desu,レベル1だけどユニークスキルで最強です
ultraman: the adventure begins,ウルトラマンUSA
shima shima tora no shimajirou,しましまとらのしまじろう
doctor strange (2016 movie),ドクター・ストレンジ(映画)
ikki (game),いっき
comitia 153,コミティア153
icarly,アイ・カーリー
sushi tabetai,SUSHI食べたい
enjou gakuen 2,艶嬢学園2~熾天使たちの花園~
choujinki metalder,超人機メタルダー
amanda the adventurer,爱冒险的阿曼达
law of creation,造物法则2:先锋英雄
carnival (game),カーニバル(S.M.L)
ai mai! moe can change!,萌えCanちぇんじ!
hello sekai (vocaloid),ハローセカイ
barbie: fairytopia,バービーと妖精の国フェアリートピア
torakapu!,とらかぷっ!
moon rabbit raising,月ウサギのそだてかた
boynextdoor,ボーイネクストドア
tsuyo tsuyo strongest exercise (idolmaster),つよつよ最強エクササイズ
tachibanakan to lie angle,立花館ToLieあんぐる
303 goushitsu no kamisama,303号室の神さま
the breakfast club,ブレックファスト・クラブ
gamera: guardian of the universe,ガメラ大怪獣空中決戦
ame demo hare demo,雨でも晴れでも
super godzilla,超ゴジラ
the rocky horror picture show,ロッキーホラーショー
idolmaster tours,アイドルマスターツアーズ
orphan (movie),エスター
ryuu ga gotoku of the end,龍が如くOTE
akuma no memumemu-chan,悪魔のメムメムちゃん
taisetsu na mono (idolmaster),たいせつなもの
wasure mono (vocaloid),わすれモノ
akimeite ding dong dang! (idolmaster),秋めいてDing_Dong_Dang!
panyo panyo di gi charat,ぱにょぱにょデ・ジ・キャラット
noumin kanren no skill bakka agetetara nazeka tsuyoku natta.,農民関連のスキルばっか上げてたら何故か強くなった。
yogen no nayuta,予言のナユタ
diddy kong racing,ディディーコングレーシング
dragon conqueror,ドラゴンコンキスタ
bitch ni natte new game! ~game to rendoushite real demo henkasuru ane no sugata~,ビッチになって、ニューゲーム!~ゲームと連動してリアルでも変化する姉の姿~
sei madou monogatari,聖魔導物語
lunatic moonnight fantasy,ルナムン
overflow (hentai),おーばーふろぉ
movie war 2010,MOVIE大戦2010
open car girls,オープンカーガールズ
kuro no shoukanshi,黒の召喚士
ghost (1990 movie),ゴースト/ニューヨークの幻
barbie and the diamond castle,バービーのダイヤモンドの城
astro note,アストロノオト
oshikake! bakunyuu gal harem seikatsu,おしかけ!爆乳ギャルハーレム性活
kasshoku musume no latina-san ni ore no karada ga nerawarete iru,褐色娘のラティーナさんに俺の体が狙われている
carnival rhythm,カーニバル・リズム
monkey king: hero is back,西游记之大圣归来
ingoku no houkago,淫獄の放課後
yumene connect,ゆめねこねくと
toshishita no senpai,年下の先輩
young animal (magazine),ヤングアニマル
succubus affection,サキュバスアフェクション
kunoichi sekiren,赤蓮忍法帖
souten kouro,蒼天航路
uchuu keiji sharivan,宇宙刑事シャリバン
kirakano,きら☆かの
astroganger,アストロガンガー
kami no ue no mahou tsukai,紙の上の魔法使い
glass ball rejection,ガラスボールリジェクション
fukumenkei noise,覆面系ノイズ
lepuslive,レプスライブ
escaflowne (movie),エスカフローネ
reika no yakata ~saimin yuugi e no shoutaijou~,麗華の館
professional shigoto no ryuugi,プロフェッショナル仕事の流儀
stargate sg-1,スターゲイト
slow downer (vocaloid),スロウダウナー
kakuriyo no yadomeshi,かくりよの宿飯
godzilla vs. gigan,地球攻撃命令ゴジラ対ガイガン
say good-bye namida (love live!),Say_Good-Bye_涙
kibou no tsuki (vocaloid),幾望の月
sugarcoat freaks,シュガーコートフリークス
dragon village m,ドラゴンビレッジM
kurikaeshi hitotsubu (vocaloid),繰り返し一粒
electric love (vocaloid),エレクトリック・ラブ
aege-kai wo wataru hana-tachi,エーゲ海を渡る花たち
unreal life,アンリアルライフ
kishida kyoudan & the akeboshi rockets,岸田教団&The明星ロケッツ
mako-chan kaihatsu nikki,まこちゃん開発日記
ninja jajamaru-kun,忍者じゃじゃ丸くん
trivia no izumi,トリビアの泉
yaojing authority,妖精管理局
ultraman saga (movie),ウルトラマンサーガ
tora wa ryuu wo mada tabenai.,虎は龍をまだ喰べない。
kuroyuri no yakata,黒百合の館
code regalia,コードレガリア
mega man star force 4,流星のロックマン4
doctor-x,ドクターX
new england patriots,ニューイングランド・ペイトリオッツ
gensokyo orb,幻想乡之玉
kafueine (cevio),可不ェイン
endless dream,无尽梦回
fantasian,ファンタジアン
yuusha seisen baan gaan,勇者聖戦バーンガーン
everything everywhere all at once,エブリシング・エブリウェア・オール・アット・ワンス
dare ga yuusha wo koroshita ka,誰が勇者を殺したか
youkai watch busters,妖怪ウォッチバスターズ
kotoba no obake ga mado kara miteiru (utau),ことばのおばけがまどからみている
nijirushi,に印
pinky and the brain,ピンキー&ブレイン
maiko-san chi no makanai-san,舞妓さんちのまかないさん
sekai to sekai no mannaka de,世界と世界の真ん中で
wonderful waking world,東方眠世界
binomi (vocaloid),ビノミ
gongitsune (niimi nankichi),ごん狐
hot fuzz,ホット・ファズ
rainy girl (vocaloid),雨路少女
touhou jihen,東方事変
chanto suki tte ieru ko musou,ちゃんと好きって言える子無双
curse neurosis (vocaloid),のろいのノイローゼ
"akogare no onee-sama ga ""imouto ni naritai"" tte amaete kurun dakedo!?",憧れのお姉様が「妹になりたい」って甘えてくるんだけど
apex legends: pathfinder's quest,パスファインダーズ・クエスト
corvette racing,コルベット・レーシング
mario kart ds,マリオカートDS
boku wa hatsune miku to kisu wo shita (vocaloid),僕は初音ミクとキスをした
stainless night,ステンレスナイト
imigo no tamago (vocaloid),いみごのたまご
moon white warrior,月白のウォーリア
ride kamens,ライドカメンズ
badminton girls,バドミントンガールズ
ame wo tsugeru hyouryuu danchi,雨を告げる漂流団地
gal to kyouryuu,ギャルと恐竜
nibelungenlied,ニーベルンゲンの歌
kujira no kora wa sajou ni utau,クジラの子らは砂上に歌う
power rangers (movie),パワーレンジャー(映画)
mythbusters,怪しい伝説
dragon age: absolution,ドラゴンエイジ:罪のあがない
kaze hikaru,風光る
rainbow six,レインボーシックス
ring ni kakero,リングにかけろ
buddy complex: coupling in battlefield,バディ・コンプレックス戦場のカップリング
shounen brave (vocaloid),少年ブレイヴ
bahamut crisis,バハムートクライシス
precure all stars new stage 2: kokoro no tomodachi,プリキュアオールスターズNewStage2_こころのともだち
konjiki no word master,金色の文字使い
kimika-san no sweets match,君花さんのスイーツマッチ
moero downhill night,萌えろDownhillNight-峠最速伝説-
time travel shoujo: mari waka to 8-nin no kagakusha-tachi,タイムトラベル少女
koihime enbu,恋姫†演武
comm-nan no ore ga koushou skill ni zenfurishite tenseishita kekka,コミュ難の俺が、交渉スキルに全振りして転生した結果
comic megastore alpha,コミックメガストアα
medical record book,病案本
valentine post,バレンタインポスト
hime-chan to maou,姫ちゃんと魔王
columbia pictures,コロンビア映画
villains are destined to die,悪役のエンディングは死のみ
baldr bullet,バルドバレット
risdom,リズダム
anata no koto wo suki to iwasete,あなたの事を好きと言わせて
species domain,スピーシーズドメイン
tsuki hagi nightmare,つぎ☆はぎナイトメア
cell (card game),生物学カードゲームCELL
120 en no haru,120円の春
tottemo e mahjong plus,とってもE麻雀ぷらす
yagai gakushuu 2,野外学習2
kimi ni aisarete itakatta,君に愛されて痛かった
gamera -rebirth-,ガメラリバース
sei monmusu gakuen,聖もんむす学園
ragnarok online saga: swordsman and the sealed sword,ラグナロクオンラインサーガソードマンと封印の宝剣
rhythm kaitou r,リズム怪盗R
kabu no isaki,カブのイサキ
delta!,で・る・た!~おねだり天使とひとつ屋根のした~
doutoku no jukai (vocaloid),道徳の樹海
bin can darling,BIN★CANダーリン
maruku naru (vocaloid),まるくなる
yuusha 30,勇者30_SECOND
10nen-buri ni saikai shita kusogaki wa seijun bishoujo jk ni seichou shite ita,10年ぶりに再会したクソガキは清純美少女JKに成長していた
kasou kyoku (vocaloid),火葬曲
simple series,SIMPLEシリーズ
choujin sentai baratack,超人戦隊バラタック
re-kan!,レーカン!
goshujin-sama daisuki,ご主人様だ~いすき
saikyou degarashi ouji no anyaku teii arasoi: munou wo enjiru ss rank ouji wa koui keishousen wo kage kara shihai suru,最強出涸らし皇子の暗躍帝位争い_無能を演じるSSランク皇子は皇位継承戦を影から支配する
heisei tanuki gassen ponpoko,平成狸合戦ぽんぽこ
"s-kyuu gakuen no jishou ""futsuu"" kawaisugiru kanojotachi ni guigui korarete barebare desu.",S級学園の自称「普通」、可愛すぎる彼女たちにグイグイ来られてバレバレです。
harem tengoku da to omottara yandere jigoku datta,ハーレム天国だと思ったらヤンデレ地獄だった
kumo no ito (story),蜘蛛の糸
kaiketsu zubat (series),快傑ズバット
wakusei loop (vocaloid),惑星ループ
paradise kiss,パラダイス・キス
akai shizuku,朱紅い雫
ming zhan-lu,冥戰錄
winterz.,ウィンターズ
audrey (love live!),オードリー(桜坂しずく)
vanishing starlight,ヴァニシング・スターライト
hoshoku hihoshoku (vocaloid),捕食ひ捕食
isekai karano nono,異世界からのノノ
the ultraman (manga),ザ・ウルトラマン
taiyoukei sf bouken taizen supeope!,太陽系SF冒険大全スペオペ!
yawaraka sangokushi tsukisase!! ryofuko-chan,やわらか三国志
netoge haijin sprechchor (vocaloid),ネトゲ廃人シュプレヒコール
butsu zone,仏ゾーン
school saimin paradise! ~sakki made zenzen suki janakatta no ni!?,スク~ル催眠ぱらだいす!~さっきまで全然好きじゃなかったのに!?~
yuina no ama ama zen koutei,お姉ちゃんといっしょ。~唯奈のあまあま全肯定~
sonic advance 2,ソニックアドバンス2
phantom seer,仄見える少年
douyara boku no hanayome wa onna kishidan na you de,どうやらボクの花嫁は女騎士団なようで。
ojou-sama wa katai no ga osuki!,お嬢様はカタイのがお好き!_~神性なる女子寮日記~
seireiki rayblade,聖霊機ライブレード
glass no hana to kowasu sekai,ガラスの花と壊す世界
unsimulated incubator,虚構戦役の戦導師
ju~nin kanri! ~10 nin no otome ni ai no te o~,じゅ~にんかんり!~10人の乙女に愛の手を~
aria (vocaloid),ARiA(とくP)
tokyo esp,東京ESP
aomori tetsudou musume,青森鉄道むすめ
choujou gattai tamenoboon v,超城合体タメノブーンV
hadashi no gen,はだしのゲン
material brave,マテリアルブレイブ
nep league,ネプリーグ
dairy queen,デイリークイーン
shokuba shoujyo,職場少女
fetix!,ふぇちっくす!
youkai watch 4,妖怪ウォッチ4
tenerezza,テネレッツァ
momiage wo shakaage wo,モミアゲヲシャカアゲヲ
kotenbu series,〈古典部〉シリーズ
terminator 3: rise of the machines,ターミネーター3
ryonan musume club,リョナん娘くらぶ
rune lord,ルーンロオド
sodom no shima,ソドムの島
hana no kioku,花の記憶
kaibutsu maid no kareinaru oshigoto,怪物メイドの華麗なるお仕事
hero rescue,ヒーローレスキュー
bon jovi,ボン・ジョヴィ
sayonara memories (supercell),さよならメモリーズ
children of mana,聖剣伝説COM
hana to otome ni shukufuku wo,花と乙女に祝福を
guwange,ぐわんげ
photon,フォトン
kimamani live,キママニ
bikini no housoku,ビキニの法則
oyome ni shinasai,お嫁にしなさいっ!
kenka banchou,喧嘩番長
ano natsu no itsuka wa (vocaloid),あの夏のいつかは
omae wo otaku ni shite yaru kara ore wo riajuu ni shite kure!,おまえをオタクにしてやるから、俺をリア充にしてくれ!
shadow skill,シャドウスキル
the fable,ザ・ファブル
iyashite agerun saiyuki,癒してあげルン西遊記
ichido dake demo koukai shitemasu,一度だけでも後悔してます
layla (game),レイラ
expo2005,愛・地球博
lightning legend,ライトニングレジェンド
comitia 157,コミティア157
tamagotchi id,たまごっちアイディー
koiyasumi ~yuudachi ni nureta osananajimi~,コイヤスミ〜夕立に濡れた幼馴染み〜
asatsugutori,アサツグトリ
morinomiya healing house (vocaloid),森之宮神療所☆
doraemon: nobita no himitsu dougu museum,ひみつ道具博物館
vjidai,ぶいじだい
mhjk (mos yen),鋼鉄女子高生
gekkou jourei,月光条例
last bronx,ラストブロンクス
iron man 2,アイアンマン2
kimi ga tame.,君がため。
yuri de naru esupowaru,ゆりでなる♥えすぽわーる
hatsukoi no ehon (vocaloid),初恋の絵本
yatogame-chan kansatsu nikki,八十亀ちゃんかんさつにっき
kurotsuki no jerknacht,黒月のイェルクナハト
kyokugen chikan tokuiten 3,極限痴漢特異点3千年の劣情
dragon ball af,ドラゴンボールAF
ojousama wa h ga osuki,お嬢様はHがお好き
battle spirits: heroes,バトルスピリッツ覇王
ganba no bouken,ガンバの冒険
karasuma kyouko no jikenbo,烏丸響子の事件簿
nagachichi nagai-san,ながちち永井さん
castlevania: grimoire of souls,悪魔城ドラキュラGrimoireofSouls
alpacasso,アルパカッソ
koushin houjuu,口唇包柔~うさみみ調教白く濡れる女体たち~
metal skin panic madox-01,メタルスキンパニック
sora wo miageru shoujo no hitomi ni utsuru sekai,空を見上げる少女の瞳に映る世界
rondo leaflet,ロンド・リーフレット
mr. fullswing,ミスフル
kiba (anime),牙-KIBA-
xiaolin showdown,シャオリン・ショウダウン
chi-ffon magic,Chi-ffon/魔法少女プロジェクト
hininden gausu,緋忍伝-呀宇種(ガウス)
gravitation,グラビテーション
encyclopedia of living things,めげないいきもの事典
kissx300,KISS×300こんな世界
mega man xtreme,サイバーミッション
metalhead (ttrpg),メタルヘッド
deokure tamer no sonohigurashi,出遅れテイマーのその日暮らし
drake & josh,ドレイク&ジョシュ
alteil neo,アルテイルneo
minnesota timberwolves,ミネソタ・ティンバーウルブズ
ginga reppuu baxingar,銀河烈風バクシンガー
shinwa sousei rpg amadeus,神話創世RPGアマデウス
petit eva: evangelion@school,ぷちえゔぁ〜EVANGELION@SCHOOL〜
waga himegimi ni eikan wo,我が姫君に栄冠を
dr. luigi (game),ドクタールイージ&細菌撲滅
comitia 122,コミティア122
colgen kowa,コルゲンコーワ
yakunara mug cup mo,やくならマグカップも
bakumatsu rock,幕末Rock
soma bringer,ソーマブリンガー
hochiya-san wa amariaru,保知矢さんはあまりある
m-1 grand prix,M-1グランプリ
bust a move,バストアムーブ
wario land ii,ワリオランド2
flight airplanes,ふらいとエアプレインズ
seifuku shoujo miseifuku,制服少女未征服
azuki-chan,あずきちゃん
thunderbirds (series),サンダーバード
gaia master,ガイアマスター
otome ga musubu tsukiyo no kirameki,乙女が結ぶ月夜の煌めき
marumaru shikaji ka,まるまるしかじか
dungeon & valkyrie,ダンジョン&バルキリー
dmm scratch,DMMスクラッチ
yoku-oni,欲鬼
kanojo wa ecchi de midara na hentai,彼女はエッチで淫らなヘンタイ
pixiv hogwarts,【ぴくホグ】
sengoku hime 7,戦極姫7~戦雲つらぬく紅蓮の遺志~
z-kai: cross road,クロスロード(アニメーション作品)
abstract nonsense (vocaloid),アブストラクト・ナンセンス
shidenkai no maki,紫電改のマキ
tokyo jitensha shoujo.,東京自転車少女。
scramble fortune,スクランブルフォーチュン
teikoku saikyou no kyonyuu onna kishi dan saimin seifuku,巨乳女士官洗脳催眠
karakuri douji ultimo,機巧童子ULTIMO
sankaku mado no sotogawa wa yoru,さんかく窓の外側は夜
yukkuri-tachi no cthulhu no yobikoe,ゆっくり達のクトゥルフの呼び声
bokura wa mahou shounen,ボクらは魔法少年
atelier elkrone,エルクローネのアトリエ
ama-chan,あまちゃん
school boys!,スクールボーイズ!
nocturne tatan tantan tatan,のくたーんたたんたんたんたたん
tokyo valkyries,東京ワルキューレ
stellaverse production,ステラバースプロダクション
soshite kimi wa tsuki ni natta (vocaloid),そして君は月になった
jakusha no march (synthesizer v),弱者のマーチ
paddington,パディントン
saga switch,サガスイッチ
hayaku nigenakya (vocaloid),はやくにげなきゃ
psyvariar 2,サイヴァリア2
back street girls: gokudolls,バックストリートガールズ
the adventures of hills,ヒルズの冒険
final fight streetwise,ファイナルファイトストリートワイズ
metal slader glory,メタルスレイダーグローリー
ochaken,お茶犬
atatakakunaru,あたたかくなる
sukatto! trouble busters,スカッと!トラブルバスターズ
chunithm star,チュウニズムSTAR
batman (1966),バットマン(テレビドラマ)
hatsukoi time,初恋時間
tetsunabe no jan!,鉄鍋のジャン!
ameagari no iris (idolmaster),雨上がりのアイリス
hello (deco27),デコミクLIVE
oban star-racers,オーバン・スターレーサーズ
nostalgia critic,ノスタルジア・クリティック
vlife,ブイライフ
bob the builder,ボブとはたらくブーブーズ
ijimete ijimerarete,イジめてイジめられて
andy warhol,アンディ・ウォーホル
aono-kun ni sawaritai kara shinitai,青野くんに触りたいから死にたい
yasumi-chan,やすみちゃんシリーズ
twin quiet,ツインクワイエット
shin honkaku mahou shoujo risuka,新本格魔法少女りすか
koukou jidai ni gouman datta joou-sama to no dousei seikatsu wa igaito igokochi ga warukunai,高校時代に傲慢だった女王様との同棲生活は意外と居心地が悪くない
wish (manga),WISH(漫画)
ferngully: the last rainforest,不思議の森の妖精たち
sukisugite metsu! (m!lk),好きすぎて滅!
the fast and the furious: tokyo drift,ワイルド・スピードX3
mikake wa chou seiso na haraguro joshi ni moteasoberu hanashi,見かけは超清楚な腹黒女子にもてあそばれる話
hypnosis mic: rhyme anima,ヒプアニ
wakacchainai ne (synthesizer v),分かっちゃいないね
contra iii: the alien wars,魂斗羅スピリッツ
otomedia,オトメディア
white cat legend,大理寺日志
house (1977),ハウス
senpai ninja to kouhai kunoichi,先輩忍者と後輩くノ一
sonic the hedgehog the screen saver,ソニック・ザ・ヘッジホッグ・ザ・スクリーンセーバー
kamiko (game),神巫女
enjou gakuen ~enjou joshi o shidou seyo!~,艶嬢学園~【炎上女子】を指導せよ!~
tsuma no haha,妻の母
weizhuang xuezha,偽裝學渣
sayeonma,S演M
ii ko to youko (ace studio),イイコと妖狐
silver link,シルバーリンク
hamilton (musical),ハミルトン
smile on rainbow flower!!,村上隆
lazarus,LAZARUSラザロ
nine-tailed okitsune tale,古今東西おきつね物
cupcakes (my little pony),杯糕
san yue yu (vocaloid),三月雨
step! (idolmaster),ステップ!
princess punt,ケリ姫クエスト
souchou-sama dekiai chuu ni tsuki.,総長さま、溺愛中につき。
11gatsu no arcadia,11月のアルカディア
dokidoki vampire,どきどきバンパイア
komeiji satori no jousou kyouiku,古明地さとりの情操教育
marine corps yumi,まりんこゆみ
sa ye,撒野
mario party 1,マリオパーティ(初代)
hyper yoyo accel,ハイパーヨーヨーアクセル
metal max 2,メタルマックス2
chupa shite ageru,ちゅぱしてあげる
kishibe rohan ruuvuru e iku,岸辺露伴ルーヴルへ行く
wizdoms no kemono-tachi,ウィズダムズ
idol mahou shoujo chiruchiru michiru,アイドル魔法少女ちるちる☆みちる
3 second cooking,3秒クッキング
toudou-kun chi no maid shota,凍堂くんちのメイドショタ
koakuma kanojo,小悪魔カノジョ
pokecolo twin,ポケコロツイン
itsuka furu yuki,いつか降る雪
wandering sword,逸剑风云决
engage ~onee-sama to watashi~,エンゲージ~お姉様と私~
miminashi houichi,耳なし芳一
showkinkubi angel,賞金首angel
dark cloud (game),ダーククラウド
ashita no kyouko-san,あしたの今日子さん
blade skill online,ブレイドスキル・オンライン
kanchigai no atelier meister: eiyuu party no moto zatsuyougakari ga jitsu wa sentou igai ga sss rank datta to iu yoku aru hanashi,勘違いの工房主
isekai dungeon master onsen dungeon wo tsukuru,異世界転生ダンジョンマスター_温泉ダンジョンを作る
ring of gundam,リング・オブ・ガンダム
mizu chronicles,水色战记:回响
kanpeki sugite kawaige ga nai to konyaku haki sareta seijo wa ringoku ni urareru,完璧すぎて可愛げがないと婚約破棄された聖女は隣国に売られる
izure saikyou no renkinjutsushi?,いずれ最強の錬金術師?
the legend of the condor heroes,射鵰英雄伝
kunitsu-gami: path of the goddess,くにつがみ
tokyo aliens,東京エイリアンズ
enjou gakuen,艶嬢学園
my house of horrors,我有一座恐怖屋
nagoya grampus,名古屋グランパス
don't do it mako-chan! mako sexy symphony,いけないマコちゃん_MAKO・セクシーシンフォニー前編
power rangers dino thunder,パワーレンジャー・ダイノ・サンダー
kurai mori no circus (vocaloid),暗い森のサーカス
comitia 108,コミティア108
gacha club,ガチャクラブ
champaign of unfinished dreams,東方蒔夢原
silent hill: downpour,サイレントヒルダウンプア
battlefield v,バトルフィールドV
sanagi no heart,サナギの心臓
seibu keisatsu,西部警察
dark summoner to dekite iru,ダークサモナーとデキている
barbie: princess charm school,バービーのプリンセスの学園
top cat (series),ドラ猫大将
omaera hayaku kekkon shiro yo!,お前ら早く結婚しろよっ!
x-men: children of the atom,エックス・メンチルドレンオブジアトム
blocker gundan 4 machine blaster,ブロッカー軍団IVマシーンブラスター
haruka tooki ie,遥か遠き家
mamotte! lollipop,まもって!ロリポップ
n.w.a,エヌ・ダブリュ・エー
robihachi,ロビハチ
ultraman tiga & ultraman dyna: hikari no hoshi no senshi-tachi,光の星の戦士たち
tsuyokiss: cool x sweet,つよきすCool×Sweet
the shadow over innsmouth,インスマウスの影
umbraclaw,九魂の久遠
ponkotsu kawaii mamiya-san,ぽんこつかわいい間宮さん
doo natten yo? (synthesizer v),どーなってんの?
jag-eobsil talchul! acha ctrl s!!,"だっしゅつ!_オット,_CTRL_S!!"
mahou shoujo no karei naru yosei,魔法少女のカレイなる余生
comitia 146,コミティア146
princess knight balzan,バルザンの姫騎士
ishoujo,i・ショウジョ
tetrodotoxin (utau),テトロドトキシン
water margin,水滸伝
shikiyoku musou,色欲無双
viper btr,魔法の賭博師トトカル☆チョミ
rem (love live!),レム
heat guy j,ヒートガイジェイ
shinzou ningen casshern,新造人間キャシャーン
kare to watashi to tenchou no shinya kinmu,彼とわたしと店長の深夜勤務
wuwei you chu you hai wu,无为有处有还无
somali to mori no kami-sama,ソマリと森の神様
cool poko,クールポコ。
matazoro.,またぞろ。
mushroom mother (vocaloid),マッシュルームマザー
toy story 3,トイ・ストーリー3
tai ari deshita. ~ojou-sama wa kakutou game nante shinai~,対ありでした。
pokemon the movie: genesect and the legend awakened,神速のゲノセクトミュウツー覚醒
ha? omae honto maji omae wakattenee wa maji de ittan toriaezu kike tte maji (utau),は?お前ほんとマジお前分かってねえわマジで一旦とりあえず聞けってマジ
the lighthouse,ライトハウス
kimi no katana ga oreru made,君の刀が折れるまで
sister lesson,シスターレッスン
mairieux (vocaloid),メリュー
narcos,ナルコス
at the mountains of madness,狂気の山脈にて
pocket no monster (vocaloid),ポケットのモンスター
the spectacular spider-man,スペクタキュラースパイダーマン
plateau no hana (vocaloid),プラトーの花
the nerv white paper,新世紀エヴァンゲリオンRPG_NERV白書
yukue shirezu (ado),行方知れず
reincarnation of the suicidal battle god,鬪神轉生記
shuuten no saki ga aru to suru naraba (tuyu),終点の先が在るとするならば。
watashi no blue garnet,私のブルーガーネット
thor: love and thunder,ソー:ラブ&サンダー
tokyo jihen,東京事変
midara ni aegu nananin no yobai suru harame,淫らに喘ぐ七人の夜這いする孕女
perrine monogatari,ペリーヌ物語
popucom,泡姆泡姆
sonic free riders,ソニックフリーライダーズ
shinkaigyo no anko-san,深海魚のアンコさん
baishe: yuanqi,白蛇:缘起
super castlevania iv,悪魔城ドラキュラ
hitoyori xx,ひとより××
houkago soine club,放課後添い寝クラブ~ダブルJKかずはと和歌のおっぱい枕でシコシコお休み~
baraou no souretsu,薔薇王の葬列
samurai maiden,サムライメイデン
ultimate senpai (vocaloid),アルティメットセンパイ
demon lord (vocaloid),デーモンロード
violence jack,バイオレンスジャック
domu (manga),童夢
surechigai meikyuu,すれちがい迷宮
ashita hadashi de koi,あした、裸足でこい。
jk elf no isekai ninkatsu,JKエルフの異世界妊活
nakigara no tori,啼骸の鳥
toaru ikka no tea party (vocaloid),とある一家の御茶会議
roman mythology,ローマ神話
deeeer simulator,ごく普通の鹿のゲーム
cynicality (voiceroid),シニカリティ
comic reboot,コッミクリブート
omajinai (synthesizer v),お呪い
samurai usagi,サムライうさぎ
noatopia ~kibou no monogatari~,ノアトピア~希望の物語~
ai kiss 2,アイキス2
power rangers in space,パワーレンジャー・イン・スペース
onii-chan daisuki!,お兄ちゃん大好き!
nidoto jidori okutte yannai,二度と自撮り送ってやんない!
shin-kun no fuuzoku oshigoto nikki,信くんの風俗お仕事日記
eieisa (love live!),エイエ戦サー
forrest gump,フォレスト・ガンプ
koi koi 7,こいこい7
yuuutsu-kun to succubus-san,憂鬱くんとサキュバスさん
kuusou ressha (vocaloid),空奏列車
team fortress classic,チームフォートレスクラシック
baby shark (song),サメの家族
nailong,奶龙
14-sai to illustrator,14歳とイラストレーター
circle crusher no ano ko boku ga kidoku through kimetara donna kao suru darou,サークルクラッシャーのあの娘、ぼくが既読スルー決めたらどんな顔するだろう
kaze no anthem (eve),風のアンセム
kenka banchou otome,喧嘩番長乙女
brave dungeon,ブレイブダンジョン
koku gensou wo item cheat de ikinuku,酷幻想をアイテムチートで生き抜く
mars attacks!,マーズ・アタック
himajin maou no sugata de isekai e,暇人、魔王の姿で異世界へ
mario sports superstars,マリオスポーツスーパースターズ
will o' wisp (game),ウィル・オ・ウィスプ(ゲーム)
futari wa milky holmes,ふたりはミルキィホームズ
kouklotheatro,ククロセアトロ
hinamizawa teiryuujo,雛見沢停留所
macademix,まかでみックス
furyou ni hamerarete jusei suru kyonyuu okaa-san,不良にハメられて受精する巨乳お母さん_~イキ地獄に堕ちた家族のゲーム~
ginga shippuu sasuraiger,銀河疾風サスライガー
miscellaneous oxymoron,東方矛盾葎
abarenbo shogun,暴れん坊将軍
oretachi majikou destroy,俺たちマジ校デストロイ
chouriki robo galatt,超力ロボガラット
summer radish vacation,Summerラディッシュ・バケーション!!
enkaku sousa ~mitsuniku ni umekomareta remocon vibe~,遠隔操作~蜜肉に埋めこまれたリモコンバイブ~
densan rengou kantai teitoku ouka,電算連合艦隊提督「桜花」
sakuranbo kaigan,さくらんぼ海岸
2002 fifa world cup,2002FIFAワールドカップ
tonari no figure genkeishi,となりのフィギュア原型師
branmarker,ブランマーカー
tenkei paradox,天啓パラドクス
memento marchen,メメント・メルヘン
mujihina akuyaku kizoku ni tensei shita boku wa shouaku mahou wo kushi shite mahou sekai no chouten ni tatsu,無慈悲な悪役貴族に転生した僕は掌握魔法を駆使して魔法世界の頂点に立つ
chaos blade (oratta),ケイオスブレイド
haikei natsu ni oboreru (vocaloid),背景、夏に溺れる
kare wa meikyuu no annainin,彼は迷宮の案内人
inuyashiki,いぬやしき
neon genesis evangelion typing project-e,新世紀エヴァンゲリオン_タイピング-E計画
pretear,新白雪姫伝説プリーティア
raystorm,レイストーム
machikado-mapoze,街角麻婆豆
q bert,Qバート
junior high school dxd,ジュニアハイスクールD×D
utau bot (utau),歌うbot
ookumo-chan flashback,大蜘蛛ちゃんフラッシュ・バック
metropolis (fritz lang),メトロポリス(1927年の映画)
mario superstar baseball,スーパーマリオスタジアムミラクルベースボール
kami kuzu idol,神クズ☆アイドル
gekiganger 3,ゲキ・ガンガー3
koko wa shinrin kaitaku honbu! ~yousei no genkai shuuraku~,ここは、森林開拓本部!~妖精の限界集落~
sakura taisen: kanade-gumi,サクラ大戦奏組
against the gods,逆天邪神
tokyo 24-ku,東京24区(アニメ)
black channel,ブラックチャンネル
pure project,ぷれプロジェクト
mewkledreamy mix!,ミュークルドリーミーみっくす!
mugen kouro,無限航路
asgard no seiten,アスガルズの聖典
alice drive,アリスドライブ
senpai jitaku keibiin no koyou wa ikaga desu ka,センパイ、自宅警備員の雇用はいかがですか?
tantei monogatari,探偵物語
wine girls,ワインガールズ
kirby: nightmare in dream land,星のカービィ夢の泉デラックス
maggot baits,マゴットベイツ
idle heroes,アイヒロイラコン
dokuritsu gakuen kokka no heroic slayer,独立学園国家の召喚術科生
dai seisen! valkyrie saga,大聖戦!ヴァルキリーサーガ
kyoto teramachi sanjo no holmes,京都寺町三条のホームズ
kimi ijou boku miman (vocaloid),キミ以上、ボク未満。
iconic field,偶像戦域
sonic wings,ソニックウィングス
gotou-san to kishida-san,後藤さんと岸田さん
heartful maman,は~とふるママン
d-kyuu boukensha no ore nazeka yuusha party ni kanyuu sareta ageku oujo ni tsukimatowareteru,D級冒険者の俺、なぜか勇者パーティーに勧誘されたあげく、王女につきまとわれてる
natsuiro otome,夏色乙女_俺と従姉妹と爛れた性交に耽った夏の思い出
boku to kanojo no game sensou,僕と彼女のゲーム戦争
gakuen shinsengumi,学園☆新選組!〜乙女ゴコロと局中法度〜
yutori-chan,ゆとりちゃん
sundome,すんドめ
mama wa shougaku yonensei,ママは小学4年生
sate game guard o kouryaku shiyou ka.,"さて,異世界を攻略しようか"
b't x,ビートX
doki doki sister paradise,ドキドキしすたぁパラダイス
monster hunter g,モンスターハンターG
momiji to one room,紅葉とワンルーム
piece a part,ピースアパート
youkya na kanojo ha kyorikan ga bugtteiru,距離バグ
ghost recon,ゴーストリコン
d4 princess,D4プリンセス
aun no beats (vocaloid),阿吽のビーツ
shabake,しゃばけ
sakuraba channel,桜庭高校放送部SAKURABA
elf wa yoru wo omachikane,四姉妹は夜をおまちかね
mario & wario,マリオとワリオ
joutai ijou kanojo (vocaloid),状態異常彼女
bingo (game),ビンゴ
panzer paladin,パンツァーパラディン
thrasher magazine,スラッシャー
argento soma,アルジェントソーマ
shigatsu tsuitachi no ame,四月一日の雨
gemtrader story,宝石研物语
mayhem (band),メイヘム
gogo 4-ji toumei tokidoki seiyuu,午後4時。透明、ときどき声優
lost and found (vocaloid),ロストエンファウンド
teaka mamire no fukushuu,手垢塗れの復讐
houston astros,ヒューストン・アストロズ
pocket love,ポケット・ラブ
mahou shoujo pretty bell,魔法少女プリティ☆ベル
tetsu to ra,鉄と裸
rise of girls,ラファームの少女
gakuen millionaire hyakuman'en game,学園ミリオネア_100万円ゲーム
hokuto musou,北斗無双
engage links,エンゲージリンクス
se-fukubu,せーふく部
saga: scarlet grace,サガスカ
virgin punk,ヴァージン・パンク
ikemen ooku,イケメン大奥
enter the dragon,燃えよドラゴン
sasami mahou shoujo club,砂沙美☆魔法少女クラブ
mashou no nie,魔将の贄
dragon quest roto no monshou,ドラゴンクエスト列伝
yoru no umi de otsukisama wo tsuru,夜の海でお月様を釣る
gun frontier (western),ガンフロンティア
taiyou no orgel,太陽のオルゴオル
shoujo jigoku no doku musume,少女地獄のドクムス〆
gunhed,ガンヘッド
revelation online,天谕
koiito kinenbi,恋糸記念日
phoenotopia: awakening,フェノトピア
content warning (game),コンテンツワーニング
world end eclipse,ワールドエンドエクリプス
cavico models,キャビコ
ryoute ni imouto docchi wo erande kuremasuka,両手に妹。どっちを選んでくれますか?
chouseishin series,超星神シリーズ
mado no mukougawa,マドの向こう側
harumi nation,はるみねーしょん
hikyou sentai urotander (vocaloid),卑怯戦隊うろたんだー
petit hound,ぷちはうんど
super robot gakuen,スパロボ学園
gundam ms generation,機動戦士ガンダムMSジェネレーション
sengoku shura soul,戦国修羅SOUL
gundam high streamer,ハイ・ストリーマー
zhe tian,遮天
burning rangers,バーニングレンジャー
morita-san wa mukuchi,森田さんは無口
tenpou ibun ayakashi ayashi,天保異聞妖奇士
private emotion,プライベートエモーション
comic mujin,コミックMUJIN
ikusa otome suvia,戦乙女スヴィア
kuro (manga),黒
ghost hunt,ゴーストハント
sayorana etranger,さよらなエトランジュ
earth girl arjuna,地球少女アルジュナ
kamatte shinsotsu-chan ga maikai sasotte kuru,かまって新卒ちゃんが毎回誘ってくる
saotome shimai wa manga no tame nara,早乙女姉妹は漫画のためなら!?
luna sora,ルナそら
heavenly sword,ヘブンリーソード
psycho armor govarian,サイコアーマーゴーバリアン
peter pan no bouken,ピーターパンの冒険
atomic betty,アトミック・ベティ
goldeneye 007,ゴールデンアイ007
zanjibaru,斬死刃留
steel battalion,鉄騎
sevens story,セブンズストーリー
tepco,東京電力
agarishou (synthesizer v),アガリ症
amae sasete hinamori-san!,甘えさせて雛森さん!
the academy awards,アカデミー賞
the anime (magazine),ジ・アニメ
sensitive pornograph,センシティブ・ポルノグラフ
gekkou kamen (series),月光仮面
senkou no ronde duo,旋光の輪舞DUO
tetsujin 28-gou (2004),鉄人28号(2004年版アニメ)
shouhou shoujo fairy era,聖法少女フェアリエラ
assassin's creed: rogue,アサシンクリードローグ
sakura no mori dreamers,サクラノモリ†ドリーマーズ
hai wa hai ni (vocaloid),ハイハハイニ
yanari no koibito,鳴家の恋人
harmony gold,ハーモニーゴールド
riajuu classmate haramase saimin,リア充クラスメイト孕ませ催眠
pictlogica final fantasy,ピクトロジカファイナルファンタジー
sensei wa koi wo oshierarenai,先生は恋を教えられない
edge of tomorrow,オール・ユー・ニード・イズ・キル(映画)
pyuu to fuku! jaguar: ashita no jump,ピューと吹く!ジャガー_明日のジャンプ
power rangers turbo,パワーレンジャー・ターボ
melty moment,メルティモーメント
doko yori mo tooi basho ni iru kimi e,どこよりも遠い場所にいる君へ
dragon knight (elf),ドラゴンナイト
kaihou shoujo,解放少女
boku no kanojo ga majimesugiru shojo bitch na ken,僕の彼女がマジメ過ぎる処女ビッチな件
zakoeshi-chan nikki,ザコ絵師ちゃん日記
nazeka gakkou ichi no bishoujo ga yasumi jikan no tabi ni botchi no ore ni hanashikakete kurunda ga,何故か学校一の美少女が休み時間の度に、ぼっちの俺に話しかけてくるんだが?
girls planet 999,ガールズプラネット999
no da (vocaloid),のだ
revice legacy: kamen rider vail,リバイスレガシー
cutlery (vocaloid),カトラリー
pokapoka no hoshi (vocaloid),ぽかぽかの星
the big lebowski,ビッグ・リボウスキ
eigou no venus gear,永劫のヴィーナスギア
panic!! kerokero kingdom,ぱにっく!!_けろけろ王国
tales of erin,サファイア・スフィア
sugar apple fairy tale,シュガーアップル・フェアリーテイル
babel (idolmaster),バベル
5th republic (2005 korean drama),第5共和国
uragirareta s-rank boukensha no ore wa aisuru dorei no kanojora to tomo ni dorei dake no harem guild wo tsukuru,裏切られたSランク冒険者の俺は、愛する奴隷の彼女らと共に奴隷だけのハーレムギルドを作る
choujigen action neptune u,超次元アクションネプテューヌU
demon busters,デーモンバスターズ〜えっちなえっちなデーモン退治〜
chrono brigade,クロノブリゲード
kokuhaku biyori desu!,告白日和、です!
fancy frontier,開拓動漫祭
gigai no alruna,偽骸のアルルーナ
trans america ultra quiz,アメリカ横断ウルトラクイズ
the man in the high castle,高い城の男
magatsu wahrheit,禍つヴァールハイト
million yaanyi,ミリオン演義
unlimited vs,アンリミテッドヴァーサス
chicago cubs,シカゴ・カブス
candy & cigarettes,キャンディ&シガレッツ
overhit,オーバーヒット
miira no kaikata,ミイラの飼い方
lovely pop mahjong jangjang shimasho,雀々しましょ
migi to dali,ミギとダリ
haunted campus,ホーンテッド・キャンパス
the dunwich horror,ダンウィッチの怪
kirakira production,キラキラプロダクション
af bunko,AF文庫
monster hunter portable,モンスターハンターポータブル
masshiroi page to suisai no shujinkou (idolmaster),真っ白いページと水彩の主人公
majo ni kubiwa wa tsukerarenai,魔女に首輪は付けられない
das kapital,資本論
r.i.p+3,りっぷす
fuemaki story,笛巻物語
youkai tengoku reikai meiro book,妖怪天国霊界めいろブック
ayame-mura kitan,文目村奇譚
avengers: doomsday,アベンジャーズ/ドゥームズデイ
futago no koi wa minukenai,双子の恋は見抜けない
sangoku drive,三国ドライブ
kaidan shin mimibukuro,怪談新耳袋
xuan-yuan sword iii gaiden: the scar of sky,天之痕
gekitou! crush gear turbo,激闘!クラッシュギアTURBO
rironbusou shite (idolmaster),理論武装して
yachiru-san wa homeru to nobiru,やちるさんはほめるとのびる
shippaisaku shoujo (vocaloid),失敗作少女
himatsubushi-hen,暇潰し編
irotoridori no hikari,いろとりどりのヒカリ
eiyuden chronicle: hundred heroes,百英雄伝
ningyou no yakata,人形の館
monty python's life of brian,ライフ・オブ・ブライアン
tengai makyou ii,天外魔境II
maku wo orosou parade e (neutrino),幕を下ろそう、パレードへ
godzilla minus zero,ゴジラ-0.0
from russia with love,ロシアより愛をこめて
ayamelluxie,アヤメルキシエ
bones (company),ボンズ
image comics,イメージ・コミック
madonna (singer),マドンナ・ルイーズ・チッコーネ
tomy company ltd.,タカラトミー
microsoft teams,マイクロソフト・チームズ
zhangmen tai mang,掌门太忙
saishuu chikan densha 3,最終痴漢電車3
megami tensei (famicom),デジタル・デビル・ストーリー女神転生
star wars: republic commando,スター・ウォーズ:リパブリックコマンド
kamigakari (ttrpg),神我狩
kirby's pinball land,カービィのピンボール
kindan no byoutou,禁断の病棟
kyouren no utage,狂恋の宴
j.a.k.q. dengekitai,ジャッカー電撃隊
dekoboko quartet,凸凹Quartet
ripple island,リップルアイランド
sekaiichi hatsukoi,世界一初恋〜小野寺律の場合〜
android girl (vocaloid),アンドロイドガール
shinitagari (vocaloid),死にたがり
hana ni arashi (kobachi ruka),はなにあらし
mamagoto,ままごと
paranormasight: the mermaid's curse,パラノマサイト_FILE38_伊勢人魚物語
power pro-kun pocket 3,パワポケ3
go! princess precure go! go!! gouka 3-bon date!!!,映画Go!プリンセスプリキュアGo!Go!!豪華3本立て!!!
last mile,ラストマイル
wakakusa monogatari nan to jou sensei,ナンとジョー先生
remilore ~shoujo to isekai to madousho~,レミロア
isekai ni ten'i shitara bishoujo koujo to kekkon shite koutei ni natta node nonbiri harem seikatsu wo tanoshimimasu,異世界に転移したら、美少女皇女と結婚して皇帝になったので、のんびりハーレム生活を楽しみます
tianya ke,天涯客
kokoro to iu na no fukakai,心という名の不可解
0.000000001% derenai shiroi neko,0.000000001%デレない白い猫
ultraman tiga ultraman dyna & ultraman gaia: cho jiku no dai kessen,超時空の大決戦
amatsuki mahjong,天月麻雀
juukou b-fighter,重甲ビーファイター
dead end chocolate (vocaloid),デッドエンド♡チョコレート
risou no himo seikatsu,理想のヒモ生活
little red hood,りるれふ
shounin yuusha wa isekai wo gyuujiru,商人勇者は異世界を牛耳る!
formula 3,フォーミュラ3
mr. a's farm,A先生的农场
bunny games,バニーゲームス
youkai douchuuki,妖怪道中記
hiveswap,ハイブスワップ
watashitachi fake marriage?,私たちフェイクマリッジ?
hanazakari no kimitachi e,花ざかりの君たちへ
the frontier lord begins with zero subjects,領民0人スタートの辺境領主様
he~nshin!! sonata birdie rush,へ〜ん○しん!!〜そなたバーディ・ラッシュ〜
tropicana,トロピカーナ
meng renjian,梦人间
nakanaka kishou na mitsuya-san,なかなか稀少な光谷さん
hextreaming,こどく配信
final destination (movie),ファイナルデスティネーション
hime kishi-sama no himo,姫騎士様のヒモ
instant heaven (nanawo akari),インスタントヘヴン
kashiwa reysol,柏レイソル
donkey kong country: tropical freeze,ドンキーコングトロピカルフリーズ
kore ga mahoutsukai no kirifuda,これが魔法使いの切り札
sns de daininki na layer ga watashi wo sasotte off-pako no hanashi.,SNSで大人気なレイヤーが私を誘ってオフパコの話。
dragon quest monsters joker 3,ドラゴンクエストモンスターズジョーカー3
the cockpit (ova),ザ・コクピット
unseen immortal of three hundred years,不见上仙三百年
onna kyoushi,女教師
kitto seishun ga kikoeru,きっと青春が聞こえる
watashi ni hanataba,わたしに花束
eight marbles,8つの秘石
mein kampf,我が闘争
cho kamen rider den-o & decade neo generations: the onigashima warship,鬼ヶ島の戦艦
turok,テュロック
yuri no ma ni hasamareta watashi ga ikioi de futamata shite shimatta hanashi,百合の間に挟まれたわたしが、勢いで二股してしまった話
action comics,アクション・コミックス
fuwa fuwari (love live!),ふわふわり
ufo (1970 tv series),謎の円盤UFO
yannacchau! (synthesizer v),やんなっちゃう!
kashikoi ken rilienthal,賢い犬リリエンタール
birdman (series),電子鳥人Uバード
koyoi mo neko-chan,今宵もねこちゃん
houkago kitaku biyori,放課後帰宅びより放帰宅
treasure castle labyrinth,東方宝天京
angels blue,エンジェルズブルー
gokujou!! mecha mote iinchou,極上!!めちゃモテ委員長
hello melancholic!,ハロー、メランコリック!
utsuranain desu,写らナイんです
touhai,凍牌
haru no sekibaku (vocaloid),ハルノ寂寞
aitsura zenin dousoukai (zutomayo),あいつら全員同窓会
hidarikiki no eren,左ききのエレン
piggparty,ピグパ
tada de wa dakaremasen,タダでは抱かれません
moco's kitchen,MOCO'Sキッチン
fk crvena zvezda,レッドスター・ベオグラード
deichuu ni saku (vocaloid),泥中に咲く
hakase (synthesizer v),博士
akuma no memochou,悪魔のメモ帳
o gundam: hikari no newtype,機動戦士Oガンダム
bad ass buddies,バットアスアディズ
queens,クイーンズ-対戦型カジノソリティア-
banjo-tooie,バンジョーとカズーイの大冒険2
paihame family,パイハメ家族
himegoto - juukyuusai no seifuku,ヒメゴト~十九歳の制服~
crime and punishment,罪と罰
tsukiyo ni hibiku nocturne,月夜に響くノクターン
houston rockets,ヒューストン・ロケッツ
denver nuggets,デンバー・ナゲッツ
digimon world 2,デジモンワールド2
mahou shoujo prism shirley,魔法少女プリズム・シャーリー
kiken na futari,危険なふたり
milk crown on sonechka (vocaloid),ミルククラウン・オン・ソーネチカ
st. michael vanquishing satan,悪魔を倒す聖ミカエル
ike! godman,行け!ゴッドマン
wakako-zake,ワカコ酒
digimon story,デジモンストーリー
garasu no mukuro,硝子の骸
under heroine (tuyu),アンダーヒロイン
dragon ball kai,ドラゴンボール改
utada hikaru,宇多田光
kawaisugi crisis,カワイスギクライシス
alice in reitouko (vocaloid),Alice_in_冷凍庫
taiyou poka poka de kusa (cevio),太陽ポカポカで草
val x love,戦×恋
nichijo gumi,日常ロック
super robot monkey team hyperforce go!,スーパーロボットモンキーチームハイパーフォースGO!
raid: shadow legends,レイド:シャドウレジェンド
tanoshii no tensai,楽しいの天才
nisemono no renkinjutsushi,ニセモノの錬金術師
usagi yojimbo,兎用心棒
kagai jugyou (shiritsu hakurei jyoshi gakuen),課外授業
overlap bunko,オーバーラップ文庫
eroge no heroine wo netoru otoko ni tensei shitaga ore wa zettai ni netoranai,エロゲのヒロインを寝取る男に転生したが、俺は絶対に寝取らない
all night radio,オールナイトレディオ
dragon shadow spell,ドラゴンシャドウスペル
senobi shitatte,背伸びしたって
uramichi onii-san,うらみちお兄さん
one piece: dead end adventure,デッドエンドの冒険
bishoujo mangekyou: katsute shoujo datta kimi e,美少女万華鏡-かつて少女だった君へ-
gyakushuu,虐襲
kinema-kan,東方活動写真館
zettai tekitai mecha kiraiya (vocaloid),絶対敵対メチャキライヤー
haramu made midare ike: migawari hanayome to gunpuku no mouai,孕むまで乱れいけ
your forma,ユア・フォルマ
bokura no houkago sensou!,ぼくらの放課後戦争!
yuzukawa-san wa sasshite hoshii,柚子川さんは、察して欲しい。
scarface,スカーフェイス(映画)
tomoe mami no heibon na nichijou,巴マミの平凡な日常
hydrangea (vocaloid),ハイドレンジア
sayonara yuurei mujingai,さよなら幽霊無人街
kitto sumiwataru asairo yori mo,きっと、澄みわたる朝色よりも、
renyu xianluo,人鱼陷落
killing me!,キリング・ミー!
little women,若草物語
a princess of mars,火星のプリンセス
alpha (game),アルファ(スクウェア)
batman justice buster,バットマンジャスティスバスター
the spicy ninja scrolls,薬味忍法帖
mirai radio to jinkou hato,未来ラジオと人工鳩
strobe nights (vocaloid),ストロボナイツ
ryushika ryushika,リューシカリューシカ
monster factory,モンスター・ファクトリー
youkoso ryouhouji e,ようこそ了法寺へ
metal max xeno,メタルマックスゼノ
sen no kiseki: northern war,閃の軌跡NW
dou iu koto nano!? (vocaloid),どういうことなの!?
ibara (ado),いばら
do as ~muraosa no iinari~,ドゥアズ
tetsuwan atom (2003),ASTROBOY鉄腕アトム
ginga rekkyuu yatai tobiuchi,銀河烈急屋台トビウチ!!
kanojo face,彼女フェイス
nezha chuanqi,哪吒传奇
neoma,新月Neoma
onna no sono no hoshi,女の園の星
kaiketsu! nekoashi otome-chan,かいけつ!猫足乙女ちゃん
sketch (ayase satomi),夏色ショウジョ
oshiri tantei,おしりたんてい
32 idol saturn-chan,32偶像サタンちゃん
kirapuri ojisan to youjo-senpai,キラプリおじさんと幼女先輩
franz ferdinand (band),フランツ・フェルディナンド
lily and bat,百合とバット
shinsengumi wasurenagusa,勿忘草
bravest warriors,ブレイベストウォリアーズ
chibi pire!,ちびパイア!
shin hayarigami,真流行り神
rocket knight adventures,ロケットナイトアドベンチャーズ
18 (game),キミトツナガルパズル
idol incidents,アイドル事変
tsukushi-biyori,つくし日和
emergency everyday,鏈縁无現里
natsumon!,なつもん!
tsukiyo no mura,憑夜ノ村
seven cast no hikikomori majutsu-ou,セブンキャストのひきこもり魔術王
spirit migration,スピリット・マイグレーション
hitozuma gui,人妻喰い
sankai ou no yubiwa,珊海王の円環
goetia shock,ゴエティア・ショック
mote sugite shuraba na ore,モテすぎて修羅場なオレ
koroshi ai,殺し愛
nekketsu saikyou go-saurer,熱血最強ゴウザウラー
seishun konbu,青春☆こんぶ
nyatto! (manga),にゃっと!
oddman 11,オッドマン11
pixiv steampunk,pixivスチームパンク
top secret (vocaloid),トップシークレット
radiant silvergun,レイディアントシルバーガン
jun'ai maniac ~pure love maniac~,純愛まにあっく
glare (game),グレア
mahou shoujo madoka magica online,魔法少女まどか☆マギカオンライン
pixiv shadow 2,ぴくカゲII
lovekami,ラブカミ
adult swim,アダルトスイム
usakame,うさかめ
nejishiki (manga),ねじ式
mako-san to hachisuka-kun,真子さんとハチスカくん
mousugu natsuyasumi!,もうすぐ夏休み!
hana no keiji,花の慶次
kagirinaku haiiro e (vocaloid),限りなく灰色へ
life with a flirty step-sister,メ○ガキ義妹_負け負け誘惑性活
fall of the princess,王女陥落
pastel honey,ぱすはに
news 39 (vocaloid),ニュース39
mahjong fight club sp,麻雀格闘倶楽部Sp
error: metamorphosis,蝶变
precure all stars haru no carnival,プリキュアオールスターズ_春のカーニバル♪
kyonyuu fantasy gaiden 2,巨乳ファンタジー外伝2
ililil (brand),イルイルイル
simcity,シムシティ
unmei no makimodoshi,運命の巻戻士
ema ni negai o!,絵馬に願ひを!
comitia 129,コミティア129
shakkin mamire netorare tsumamusume hensai no tame kotowarenakatta gomunashi nama sex & nakadashi,借金マミレ寝取ラレ妻娘返済のため断れなかったゴムなし生セックス&中出し
extreme ghostbusters,エクストリーム・ゴーストバスターズ
wani wani panic,ワニワニパニック
power rangers ninja storm,パワーレンジャー・ニンジャストーム
ultra galaxy fight: new generation heroes,ウルトラギャラクシーファイトニュージェネレーションヒーローズ
golden axe ii,ゴールデンアックスII
purrfect tale,ネコとの出会い
nekketsu kouha kunio-kun,熱血硬派くにおくん
jashin korone,邪神ころね
osaka awaking,大阪AWAKING
8 nin no senshi,8人の戦士
ane no shin'yuu watashi no koibito,姉の親友、私の恋人。
gaist crusher,ガイストクラッシャー
ragnarok x: next generation,RO仙境傳說:新世代的誕生
yumeiro bunny,ゆめいろBUNNY
dechau!,でちゃう
the fall,落下の王国
lupin iii: the first,ルパン三世THEFIRST
dragon slayer iv drasle family,ドラゴンスレイヤーIVドラスレファミリー
aikagi 3,アイカギ3
sai no kawara to ningyo miko,賽の河原と人魚巫女
seattle mariners,シアトル・マリナーズ
battle angel alita: mars chronicle,銃夢火星戦記
factorio,ファクトリオ
the scarlet demonslayer,赤髪の鬼神
the twilight zone,トワイライト・ゾーン
kurogane no mahoutsukai,黒鉄の魔法使い
one off,わんおふ
denshi sentai denziman,電子戦隊デンジマン
mononoke sharing,もののけ◇しぇありんぐ
armor blitz,アーマーブリッツ
clarence,ぼくはクラレンス!
meiq no chika ni shisu,メイQノ地下二死ス
tenkuu kangoku no majutsu garou,天空監獄の魔術画廊
mugen knights,無限∞ナイツ
soukyuu no skygalleon,蒼穹のスカイガレオン
g-cup sisters! imouto-darake no sakunyuu gakuen-sai,Gカップシスターズ!_~妹だらけの搾乳学園祭~
mach rider,マッハライダー
angelegna dod alternative ~fuuin gakuen~,エンジェレグナDODALTERNATIVE~封印学園~
treasure hunter yagashiradai file,トレジャー・ハンター八頭大ファイル
gakuen senki muryou,学園戦記ムリョウ
kutabare pta (vocaloid),くたばれPTA
osouji sentai clean keeper,お掃除戦隊くりーんきーぱー
silverhawks,銀鷹戰士
pia carrot e youkoso!! 4,Pia♥キャロットへようこそ!!4
metal witch sisters,メタルうぃっちシスターズ
war of brains,ウォーブレ
oddworld,オッドワールド
cool world,クール・ワールド
trouble triangle,とらぶる☆とらいあんぐる
the ravages of time,火鳳燎原
nobunagun,ノブナガン
triangle heart 2,とらいあんぐるハート2
rakuen shinshoku,楽園侵触
maronie oukoku no shichinin no kishi,マロニエ王国の七人の騎士
bamboo blade b,バンブーブレードB
pokemon shuffle,ポケとる
exodus!,えくそだすっ!
novela's forest,ノヴァルズの森
gestalt odin,ゲシュタルト・オーディン
kuusou ryouriten,空想料理店
clubhouse games,アソビ大全
doron dororon,ドロンドロロン
the great warrior wall,巨兵长城传
kamen rider: beyond generations,仮面ライダービヨンド・ジェネレーションズ
ragnarok: hikari to yami no koujo,ラグナロク〜光と闇の皇女〜
heracles no eikou,ヘラクレスの栄光
ol shimai,OL姉妹
tae-chan & jimiko-san,たえちゃんとじみこさん
garo: hagane o tsugu mono,ハガネを継ぐ者
hkvtopia,茶屋營業中
team sonic racing,チームソニックレーシング
garo: gold storm shou,GOLDSTORM翔
shia sisters,シアシスターズ
birds of prey (movie),ハーレイ・クインの華麗なる覚醒
call of duty: ghosts,コールオブデューティゴースト
kawaii music (vtuber),かわみゅ
hero factory,ヒーローファクトリー
demono crusade,デモノ・クルセイド
saimin gakushuu,催眠学習
oborotsuki no regolith: alice gear aegis gaiden,朧月のレゴリス
mitaina!,みたいな!
nyakori's rabbit doll,喵可莉的兔玩偶
qianniao official,千鸟战队
tsugunohi,日常侵食リアルホラーつぐのひ
nariyamanai yorokobi to tomo ni! (utau),鳴り止まない喜びと共に!
moshi koi ga mieta nara,もし、恋が見えたなら
yo-jo life!,よーじょらいふ!
sennen no wiegenlied (vocaloid),樹の乙女~千年のヴィーゲンリート~
ajin harem,亜人ハーレム
comitia 128,コミティア128
power rangers time force,パワーレンジャー・タイム・フォース
machi gurumi no wana,町ぐるみの罠
sekai de ichiban dame na koi,世界でいちばんNG(だめ)な恋
babylon (vocaloid),バビロン
shimaya printing (printing company),しまや出版
yuri yuri,ゆりゆり
inkou haden amatsu,淫皇覇伝アマツ
hachi koi,はち恋
comiket 71,コミケ71
momoiro paradise,ももいろパラダイス
akb49 ren'ai kinshi jourei,AKB49〜恋愛禁止条例〜
scissorhands (vocaloid),シザーハンズ
cuprum no hanayome,クプルムの花嫁
himekishi angelica,姫騎士アンジェリカ
dadaama kyoushi,だだ甘狂姉
princess bride,プリンセスブライド
shomuni,ショムニ
pachinko sexy reaction,パチンコセクシーリアクション
kurau phantom memory,ボンズが生んだ名作
koichu!,こいちゅ
power rangers samurai,パワーレンジャー・サムライ
baldr bullet revellion,バルドバレットリベリオン
don dracula,ドン・ドラキュラ
higawari naishitsu,日替わり内室
rensou relation,恋想リレーション
wan xiang zhi wang,万相之王
hado dojoden,覇道任侠伝
hito kaiki,ヒト回帰
dream!ing,ドリーミング
comitia 114,コミティア114
mario party 4,マリオパーティ4
nanado nado nado,ななどなどなど
jet force gemini,スターツインズ
little doll queen,鈴集無名の丘
oklahoma city thunder,オクラホマシティ・サンダー
yuusha to maou no rabu kome,勇者と魔王のラブコメ
battle athletes daiundokai restart!,大運動会リスタート
musou no machi,夢想のまち
bullbuster,ブルバスター
naze nani karada no fushigi,イルカがせめてきたぞっ
yuunagi-sou no s-kyuu no kanojo-tachi 2,夕凪荘のS級の彼女たち2
tokyo inroaded: closed eden,東京侵域:クローズドエデン
fukakumei zen'ya,不革命前夜
hatsukoi rail trip,初恋*れ~るとりっぷ
code:seed a song of spark,星火之歌
chimamire sukeban chainsaw,血まみれスケバンチェーンソー
techno police 21c,テクノポリス21C
shaman king: flowers,シャーマンキングFLOWERS
yurianna girls college,ユリアンナ女学院
ayahina channel,あやひなチャンネル
capeta,カペタ
adolescence mechanix,思春機メカニクス
chiko-chan ni shikarareru!,チコちゃんに叱られる!
onii-chan wa zonbida,お兄ちゃんはゾンビだ
nanatsu no tsumi to batsu (vocaloid),七つの罪と罰
choppiri h na sanshimai demo oyomesan ni shitekuremasuka?,ちょっぴりえっちな三姉妹でも、お嫁さんにしてくれますか?
houshi iin no oshigoto,奉仕委員のおしごと
karakuri onigami akatsuki,機関鬼神アカツキ
chrono regalia,クロノレガリア
chocotto land,チョコットランド
guildstars,ギルドスターズ
sasayaki sasaru sasaki-san,ささやき刺さる佐々木さん
harami tama,ハラミタマ
muten no kaito,武天のカイト
romancing abe's romancing fantasy,ロマンシング阿部のロマンシングファンタジー
ib -instant bullet-,ib_-インスタントバレット-
alter record adjustment,オルターレコードアジャストメント
uchi no kanojo,家の彼女
muon kagura,舞音KAGURA
senran no samurai kingdom,戦乱のサムライキングダム
densetsu series,伝説シリーズ
kamisama to unmei kakusei no cross thesis,神様と運命覚醒のクロステーゼ
my time at portia,みのまちポルティア
robokko beeton,ろぼっ子ビートン
beast battle chronicle zero,ビーストバトルクロニクルゼロ
gunshin shoukan ark knights,軍神召喚†アークナイツ
ongaku shoujo,音楽少女プロジェクト
madou koukaku,魔導巧殻_〜闇の月女神は導国で詠う〜
dungeon busters,ダンジョン・バスターズ
donten ni warau,曇天に笑う
choukou gasshin xardion,超攻合神サーディオン
metal max 2 reloaded,メタルマックス2リローデッド
