1girl,女の子
solo,ソロ
long hair,ロングヘアー
breasts,おっぱい
looking at viewer,カメラ目線
smile,笑い
blush,頬染め
open mouth,開いた口
short hair,ショートヘア
shirt,シャツ
simple background,简单背景
blue eyes,青い目
long sleeves,長袖
white background,白背景
large breasts,大きな乳房
holding,持つ
black hair,黒髪ロング
skirt,スカート
blonde hair,金髪ロング
1boy,男の子
multiple girls,群像
brown hair,茶髪ロング
hair ornament,髪飾り
closed mouth,闭上的嘴巴
dress,ドレス
gloves,手袋コキ
hair between eyes,目の間の髪
red eyes,赤い目
animal ears,けもみみ
bow,蝶結び
hat,帽子
navel,へそ
jewelry,ジュエリー
thighhighs,ニーソックス
jacket,ジャケット
ribbon,リボン
2girls,二人の女の子
cleavage,胸の谷間
white shirt,白いシャツ
very long hair,超ロングヘア
bare shoulders,肩出し
standing,立ち
sitting,座る
full body,全身
twintails,ツインテール
medium breasts,普通乳
blue hair,青い髪
purple eyes,紫目
tail,しっぽ
green eyes,翠眼
upper body,上半身
multicolored hair,多色发
nipples,乳首出し
male focus,男の子
collarbone,鎖骨
brown eyes,茶目
pink hair,ピンク髪
closed eyes,瞑目
school uniform,せいふく
white hair,白发
grey hair,銀髪ロング
yellow eyes,黄色眼
underwear,下着ワイシャツ
ahoge,アホ毛
ponytail,ポニーテール
sidelocks,もみあげ
braid,三つ編み
swimsuit,エロ水着
purple hair,紫发
short sleeves,半袖
heart,ハート
flower,お花
earrings,イヤリング
shoes,くつ
monochrome,モノクロ
:d,笑顔
cowboy shot,中景镜头
thighs,太もも
panties,パンティー
weapon,武器
outdoors,野外
hetero,男女カプ
hair ribbon,リボンの髪飾り
ass,しり
frills,フリル
teeth,歯
sweat,汗
collared shirt,カッターシャツ
hair bow,リボンの髪飾り
open clothes,はだけ
parted lips,嘴巴微张
pantyhose,タイツ
red hair,赤髪ロング
comic,マンガ
small breasts,ちっぱい
pleated skirt,プリーツスカート
pants,ズボン
hairband,カチューシャ
boots,ブーツ
bikini,ビキニ
multiple boys,群像
nude,ヌード
greyscale,グレー系
horns,角っ子
black gloves,黑手套
necktie,ネクタイ
censored,打码
shorts,半ズボン
virtual youtuber,バーチャルユーチューバー
alternate costume,衣装チェンジ
medium hair,セミロング
sleeveless,ノースリーブ
wings,ウィング
artist name,艺术家名称
food,食べ物
lying,寝そべり
one eye closed,ウィンク
choker,チョーカー
sky,天空
pointy ears,エルフ耳
penis,ペニス
green hair,緑髪ポニーテール
detached sleeves,袖だけ霊夢
socks,ソックス
official alternate costume,セカコス
hand up,抬手
tongue,舌責め
indoors,インテリア
japanese clothes,和セーラー
puffy sleeves,泡泡袖
speech bubble,ふきだし
pussy,おまんこ
belt,ベルト
halo,天使の輪
hairclip,髪留め
black thighhighs,黒ニーソックス
glasses,眼鏡っ娘
solo focus,一人だけ強調
barefoot,素足・裸足
bowtie,蝶ネクタイ
black skirt,黒スカート
2boys,二人の男の子
day,ひる
fang,八重歯
white dress,白ワンピ
signature,サイン
white gloves,白手套
hood,フード
looking at another,別の物を見てる
twitter username,Xのハンドル付き
streaked hair,メッシュ
pink eyes,ピンク目
blunt bangs,ぱっつん
tongue out,舌出し
holding weapon,手持武器
stomach,お腹
sailor collar,セーラー襟
english text,英語
cat ears,ネコミミ
elbow gloves,ロンググローブ
dark skin,褐色
midriff,へそ出し
two-tone hair,ツートン
mole,ほくろ
hair flower,頭に花
cloud,くも
sex,セックス
serafuku,セーラー服
black jacket,黒ジャケット
miniskirt,ミニスカ
grey background,灰色背景
open jacket,開かれたジャケット
coat,コート
chibi,ちびキャラ
black dress,黒ワンピ
necklace,ネックレス
fingerless gloves,指抜きグローブ
sword,グレートソード
hair bun,お団子
black shirt,黒シャツ
hair over one eye,片目隠れ
animal ear fluff,タフト
looking back,見返り
wide sleeves,宽袖口
star (symbol),星形
on back,仰向け
striped clothes,ストライプ
grin,輝く白い歯
spread legs,エロ蹲踞
orange hair,オレンジ髪
white thighhighs,白ニーソックス
off shoulder,オフショルダー
nail polish,マニキュア
cum,ザーメン
kimono,和服
black eyes,黒目
from side,たかみよこがお
armpits,魅惑の腋
red bow,赤いリボン
bag,かばん
from behind,後ろ姿
yuri,ユリ
sweatdrop,汗マーク
3girls,三人の女の子
huge breasts,ずっしり乳
rabbit ears,うさぎ耳
vest,ベスト
leotard,レオタード
parted bangs,センター分け
blurry,ぼかし
apron,エプロン
character name,キャラ名付き
armor,アーマー
arm up,手臂上抬
mosaic censoring,モザイク
sweater,セーター
cape,ケープ
blue sky,青い空
black pantyhose,黒スト
tears,涙
water,水
completely nude,生まれたままの姿(産まれたままの姿)
high heels,ハイヒール
grey eyes,灰色の瞳
vaginal,膣の
clothes lift,たくし上げ
crop top,ハーフトップ
scarf,マフラー
looking to the side,看向侧边
collar,首輪
hands up,双手抬起
bra,ブラジャー
fingernails,爪
feet,足フェチ
black choker,ブラックチョーカー
black shoes,黑鞋子
multiple views,マルチシーン
bracelet,ブレスレット
dated,日付
clothing cutout,衣服开口
red ribbon,赤いリボン
eyelashes,まつげ
cup,コップ
v-shaped eyebrows,逆八の字眉
:o,Oの字口
blue skirt,青いスカート
arms up,双臂上抬
hair intakes,インテーク
puffy short sleeves,蓬松短袖
upper teeth only,上歯
neckerchief,ネッカチーフ
aqua eyes,水色瞳
orange eyes,オレンジ目
border,边框
black pants,黑裤子
dark-skinned female,褐色ロリ
symbol-shaped pupils,柄目
thigh strap,ガーターリング
mole under eye,泣きぼくろ
two side up,ツーサイドアップ
twin braids,双发辫
watermark,透かし
white panties,白パンツ
bar censor,海苔
strapless,ベアトップ
toes,足の指
feet out of frame,小全景镜头
sleeves past wrists,萌え袖
v,ピース
flat chest,極上の貧乳
fake animal ears,付け耳
pokemon (creature),ポケモンイラスト
side ponytail,サイドテール
no humans,誰もいない
fur trim,毛边
horse ears,马耳
tree,じゅもく
sleeveless dress,ノースリーブワンピース
sparkle,キラキラ
hand on own hip,腰に手
sleeveless shirt,ノースリーブシャツ
horse girl,ウマ娘
black bow,黒い弓
gradient hair,グラデ髪
white socks,白ソックス
cat tail,ねこしっぽ
see-through clothes,透け
fox ears,きつね耳
buttons,ボタン
wrist cuffs,腕带袖口
neck ribbon,リボンタイ
colored skin,異色肌
torn clothes,服ビリ
maid,メイド
tattoo,タトゥー
loli,ロリ
maid headdress,ホワイトブリム
ascot,ジャボ
pillow,まくら
covered nipples,胸ポチ
pov,ハメ撮り視点
mask,マスク
plaid clothes,格子衣服
sash,サッシュ
hoodie,パーカー
covered navel,透けへそ
muscular,玉つき筋肉ショタ
uncensored,無修正
white jacket,白いジャケット
black shorts,黒いショートパンツ
gun,銃
sketch,落描き
wet,濡れ
black ribbon,黒いリボン
floating hair,漂浮的头发
short shorts,ショートパンツ
blue background,ブルーバック
bare arms,腕
book,本
blood,血
gradient background,渐变色背景
makeup,メイク
groin,またすじ
pubic hair,生えかけ
cosplay,コスプレ
blue dress,青ドレス
detached collar,付け襟
one-piece swimsuit,ワンピース水着
blurry background,虚化背景
siblings,兄弟姐妹
black boots,黑靴子
single braid,单发辫
legs,足
bodysuit,ボディスーツ
:3,猫口
copyright name,タイトル回収
black panties,黒パン
profile,横顔
expressionless,クーデレ
turtleneck,タートルネック
window,窓
blue bow,青い弓
bare legs,生脚
holding sword,剣士
lips,唇
transparent background,透明な背景
double bun,お団子頭
aqua hair,水色头发
capelet,ケープレット
piercing,ピアス
hug,ハグ
petals,花びら
on bed,ベッドの上
head tilt,首傾げ
heterochromia,オッドアイ
night,よる
zettai ryouiki,絶対領域
cat girl,キャットガール
scar,傷跡
facial hair,ひげ
anus,アヌス
kneehighs,ハイソックス
highleg,ハイレグ
dress shirt,Yシャツ
red skirt,赤いスカート
blue shirt,青シャツ
black bikini,黒ビキニ
shadow,影
low twintails,おさげ
bell,ベル
dutch angle,ダッチアングル
leaning forward,前屈み
chinese clothes,チャイナ服
swept bangs,偏分刘海
skindentation,ももぷく
white border,白い境界線
thick thighs,ぶっともも
colored inner hair,インナーカラー
blush stickers,赤丸ほっぺ
blue jacket,青いジャケット
sideboob,よこちち
shiny skin,闪亮的皮肤
kneeling,跪く
fangs,八重歯
^ ^,闭眼笑
white bow,白い弓
holding food,手持食物
frown,しかめっ面
pussy juice,マン汁
phone,電話
facial mark,面部标记
saliva,涎
bright pupils,明るい生徒
sandals,サンダル
fruit,フルーツ
erection,剥けチン
one side up,ワンサイドアップ
black hairband,黒いヘアバンド
open shirt,オープンシャツ
bird,鳥ポケモン
white flower,白い花
pink background,粉色背景
frilled dress,フリルドレス
beret,ベレー
rose,ばら
wavy hair,ウェーブヘア
soles,ソックス足裏
nose blush,赤面
black socks,黒ハイソックス
playboy bunny,バニーガール
sunglasses,サングラス
chair,バイブ椅子
fox girl,狐っ娘
animal,アニマル
holding hands,握り
from above,ハイアングル
alternate hairstyle,髪型チェンジ
halterneck,ホルターネック
4girls,四人の女の子
red dress,赤いワンピース
ocean,海
fox tail,狐尻尾
hood down,フードダウン
cum in pussy,中出し
half-closed eyes,はんめ
furry,ケモノ
white skirt,白いスカート
portrait,ポートレート
chain,くさり
demon horns,惡魔角
embarrassed,恥じらい
thick eyebrows,太眉
testicles,キンタマ
leaf,葉っぱ
muscular male,ガチムチ
looking down,下を見る
bob cut,おかっぱ
happy,ハッピー
glowing,光る
squatting,エロ蹲踞
bed,ベッド
headphones,ヘッドフォン
white bikini,白ビキニ
witch hat,魔女帽子
horse tail,马尾
cellphone,ケータイ
abs,魅惑の腹筋
dark-skinned male,褐色ショタ
black background,黑色背景
plaid skirt,チェックスカート
demon girl,悪魔っ娘
groping,揉む
beach,ビーチ
headband,ヘッドバンド
short dress,ミニドレス
drill hair,縦ロール
bandages,包帯
pectorals,雄っぱい
ring,リング
floral print,花柄
1other,性別不詳
cum on body,ぶっかけ
underboob,したちち
flying sweatdrops,汗マーク
cardigan,カーディガン
antenna hair,アホ毛
female pubic hair,マン毛
standing on one leg,片足立ち
high ponytail,ハイポニーテール
cameltoe,いいスジしてる
no shoes,ソックス足裏
depth of field,被写界深度
light blush,軽い赤面
side-tie bikini bottom,紐ビキニ
arms behind back,後ろ手
no bra,ノーブラ
on side,松葉崩し
bed sheet,シーツ
sharp teeth,ギザ歯
thigh boots,サイハイブーツ
white apron,白いエプロン
frilled sleeves,フリルスリーブ
tank top,タンクトップ
white pupils,白色瞳孔
bottomless,ボトムレス
motion lines,运动线
crossed arms,腕組み
cleavage cutout,谷間ホール
black nails,黑色指甲
red necktie,赤いネクタイ
pink bow,ピンクの弓
back,魅惑の背中
umbrella,傘
stuffed toy,ぬいぐるみ
heart-shaped pupils,目がハート
oral,口交
table,テーブル
from below,ローアングル
arm support,手を突く
cat,ねこ
x hair ornament,Xヘアオーナメント
ass visible through thighs,前から見えるお尻
gem,宝石
sisters,姉妹
4koma,4コマ漫画
smartphone,スマートフォン
frilled skirt,フリルスカート
grass,草
own hands together,一緒に手を
no panties,はいてない
military uniform,セクシー軍服
yaoi,腐向け
wolf ears,狼耳
eating,もぐもぐ
red bowtie,赤いボウタイ
crying,泣く
helmet,ヘルメット
garter straps,ガーターベルト
elf,エルフ
red flower,赤い花
leg up,片足上げ
magical girl,変身ヒロイン
bound,縛られた
black leotard,黒レオタード
holding cup,手持杯子
blue ribbon,青いリボン
red shirt,赤シャツ
parody,パロディ
shirt lift,たくし上げ
light smile,微笑み
wariza,ぺたん座り
scrunchie,シュシュ
clothes pull,拉下衣服
ear piercing,耳洞
trembling,震える
fire,火
crossed bangs,交叉刘海
scar on face,スカーフェイス
denim,デニム
obi,帯
6+girls,六人以上の女の子
spiked hair,ツンツン頭
mob cap,モブキャップ
sex from behind,バック
grey shirt,灰色のシャツ
military,ミリタリー
suit,スーツ
crossed legs,足組み
feathers,羽毛
?,きょとんハテナ
black necktie,黒いネクタイ
double-parted bangs,双分刘海
clenched teeth,歯ぎしり
3boys,三人の男の子
moon,月亮
skin fang,虎牙(皮下)
black belt,黒帯
cross,十字架
eyes visible through hair,透过头发可见的眼睛
feathered wings,羽の羽
eyepatch,アイパッチ
cloudy sky,曇り空
hair tubes,ヘアチューブ
shoulder armor,肩当て
facing viewer,面朝观众
plant,植物
sunlight,日光
holding phone,手持电话
holding gun,手持枪
wavy mouth,波浪嘴
straight hair,ストレートヘア
juliet sleeves,ジュリエットスリーブ
mouth hold,咥える
headgear,ヘッドギア
bottle,瓶
sleeping,寝る
yellow background,黄色背景
strapless leotard,无肩带紧身衣
looking up,見上げる
bug,こんちゅう
couple,カップル
outside border,出框
backpack,バックパック
black coat,黒いコート
t-shirt,Tシャツ
eyewear on head,頭のアイウェア
crown,王冠
dot nose,ドットノーズ
puffy long sleeves,蓬松长袖
veil,ベール
fellatio,フェラ
blazer,ブレザー
tassel,タッセル
animal print,動物柄
bandaid,絆創膏
thigh gap,絶対空域
pink dress,粉色连衣裙
straddling,馬乗り
sneakers,スニーカー
suspenders,サスペンダー
kiss,キス
white shoes,白い靴
red background,红色背景
grabbing another's breast,乳鷲掴み
stuffed animal,毛绒动物玩具
;d,; d
red jacket,赤いジャケット
skirt lift,スカートめくり
pink flower,ピンクの花
alternate breast size (larger),巨乳化
> <,かざり目
outstretched arm,手を伸ばす
head wings,頭羽
pointing,指差し
fishnets,渔网
brooch,ブローチ
outstretched arms,手を広げる
bara,ホモ
cover,封面
robot,ロボット
single hair bun,お団子頭
curtains,カーテン
slit pupils,ネコ目
on stomach,うつぶせ
girl on top,馬乗り
messy hair,くせ毛
white sailor collar,白い船乗りの首輪
official alternate hairstyle,セカンドヘアスタイル
meme,海外ミーム
blue sailor collar,ブルーセーラーカラー
logo,ロゴ
extra ears,四つ耳
white pantyhose,白タイツ
dog ears,いぬみみ
outline,轮廓线
knife,ナイフ
white ribbon,白いリボン
hand on own chest,胸に手
demon tail,悪魔しっぽ
aged down,ショタ化
hooded jacket,パーカー
topless female,トップレス
red nails,红色指甲
lifting own clothes,たくしあげ
breasts out,乳出し
tiara,ティアラ
goggles,ゴーグル
bdsm,ボンデージ
clenched hand,握り拳
black bra,黒ブラジャー
rabbit tail,うさぎしっぽ
green skirt,緑のスカート
hat bow,帽子の弓
short twintails,二つ結び
hat ribbon,ハットリボン
star (sky),恒星
side braid,单侧发辫
white sleeves,白い袖
crossover,クロスオーバー
wing collar,ウィングカラー
building,ビル
polka dot,水玉
bent over,前かがみ
knee boots,ロングブーツ
loafers,ローファー
katana,刀
armband,腕章
single thighhigh,片足ニーハイ
staff,杖
group sex,群交
low ponytail,ローポニーテール
knees up,膝盖抬起
grey skirt,灰色のスカート
ribbon trim,丝带饰边
shaded face,阴影脸
chibi only,ちびキャラ
anger vein,怒りマーク
claws,クロー
instrument,楽器
light particles,光中尘埃
blue necktie,青いネクタイ
tachi-e,立ち絵
maid apron,女仆围裙
all fours,四つん這い
underwear only,下着姿
drooling,よだれ
monster girl,モンスター娘
hood up,フードアップ
cropped jacket,クロップジャケット
open coat,オープンコート
spoken heart,話された心
purple dress,紫色连衣裙
formal clothes,フォーマル
cloak,マント
...,省略号
hair over shoulder,肩越しの髪
pantyshot,パンチラ
child,幼女
box,ボックス
tan,日焼け
highleg leotard,ハイレグレオタード
sleeves past fingers,萌え袖
qipao,チャイナドレス
mole under mouth,艶ぼくろ
strapless dress,ベアトップワンピース
trap,男の娘
round eyewear,丸メガネ
butterfly,蝴蝶
red neckerchief,红领巾
colored sclera,色付き強膜
couch,ソファー
musical note,音符
curvy,むちむち
no pants,スカートはいてない
towel,バスタオル
dragon horns,龙角
o-ring,Oリング
crescent,みかづき
areola slip,輪チラ
school swimsuit,スクール水着
blue nails,蓝色指甲
steam,湯けむり
bat wings,コウモリの翼
black vest,黒いベスト
candy,あめ
index finger raised,竖起食指
5girls,5ガールズ
scenery,ファンタジー風景
lipstick,カラーリップ
pink nails,ピンクネイル
cropped torso,下身裁切
polearm,ポールウェポン
pelvic curtain,前垂れ
sex toy,大人のおもちゃ
anal,アナル
toenails,脚指甲
surprised,驚く
bondage,ボンデージ
buckle,バックル
gold trim,金色饰边
pale skin,色白
holding book,手持书
eyeshadow,アイシャドウ
pink shirt,ピンクシャツ
one eye covered,片目で覆われた
hand on own face,单手托腮
tearing up,泣き顔
cherry blossoms,桜の花
bridal gauntlets,新娘手套
yellow bow,黄色い弓
waist apron,ウエストエプロン
microphone,マイク
arms behind head,ホールドアップ先輩
ejaculation,ビュービュー系
white pants,白裤子
pom pom (clothes),绒球
white coat,白いコート
striped thighhighs,縞ニーソ
cropped legs,腿部出画
single earring,单个耳饰
twin drills,ツインドリル
baseball cap,棒球帽
revealing clothes,エロ衣装
lace trim,蕾丝边
restrained,後ろ手縛り
hair rings,ドーナツヘア
web address,ウェブアドレス
rope,ロープ
furrowed brow,眉間に皺を寄せる
cover page,表紙
black wings,黒い翼
foreshortening,透视收缩
letterboxed,レターボックス
faceless,モブ
wristband,リストバンド
blue shorts,青いショートパンツ
black bowtie,黒いボウタイ
winter uniform,冬服
male pubic hair,チン毛
eye contact,見つめ合う
white wings,白い翼
furry female,メスケモ
sheath,鞘
short hair with long locks,長いロックの短い髪
undressing,脱ぐ
gauntlets,ガントレット
breast press,あててんのよ
interlocked fingers,手と手
hair bobbles,ヘアゴム
red gloves,红手套
string bikini,紐ビキニ
robe,ローブ
wind,風
blue flower,青い花
hakama,袴
red shoes,赤い靴
beard,胡须
plate,皿
camisole,キャミソール
pink skirt,ピンクのスカート
lingerie,ランジェリー
multiple tails,複数の尾
purple background,紫色背景
purple bow,紫色の弓
green background,绿色背景
demon wings,悪魔羽
neck bell,鈴首輪
black horns,黒い角
multicolored eyes,多色眼瞳
frilled apron,フリルエプロン
spikes,刺
nature,自然
corset,コルセット
adapted costume,衣装アレンジ
^^^,^^^
sweater vest,ニットベスト
green bow,緑の弓
happy birthday,お誕生日おめでとうございます
skirt set,スカートセット
furry male,ケモショタ
patreon username,Patreonユーザー名
brown gloves,褐手套
arm at side,横に腕
pink ribbon,ピンクのリボン
clothing aside,股布ずらし
casual,カジュアル
yellow shirt,黄シャツ
grey jacket,灰色のジャケット
carrying,おんぶ
tsurime,ツリ目
vertical-striped clothes,竖条纹服饰
breath,呼吸
between breasts,おっぱいポケット
black sailor collar,ブラックセーラーカラー
high collar,高领
semi-rimless eyewear,半框眼镜
two-tone background,双色背景
armlet,アームレット
green jacket,緑ブレザー
bike shorts,スパッツ
veins,脈
dragon girl,ドラゴン娘
freckles,そばかす
brown jacket,茶色のジャケット
white skin,白肌
close-up,特写
:p,闭嘴吐舌
genderswap,ショタ化
dual persona,同キャラ
spot color,单色基调
forehead,おでこ
black sleeves,黒い袖
purple shirt,紫のシャツ
glowing eyes,光る目
white hairband,白いヘアバンド
motor vehicle,自動車
breasts apart,流れ乳
pink panties,ピンクパンツ
angry,怒り
wet clothes,濡れ透け
wolf tail,おおかみしっぽ
clenched hands,グー
facial,顔射
blue bikini,青ビキニ
peaked cap,かんぼう
hand fan,手扇
androgynous,中性的
pocket,口袋
brown background,棕色背景
straight-on,正面
floating,レビテーション
tentacles,触手
frilled shirt collar,褶边领
white outline,白フチ
blue pants,青パンツ
toned,健壮
beads,ビーズ
wolf girl,狼娘
rabbit girl,ウサギ娘
brown pantyhose,茶色のパンスト
clothed female nude male,服を着た女性のヌード男性
micro bikini,マイクロビキニ
blood on face,顔に血
licking,ぺろぺろ
side slit,スリット(洋服)
bow panties,弓パンティー
green dress,绿色连衣裙
clothes writing,文字Tシャツ
half updo,ハーフアップ
blue halo,蓝色光环
science fiction,近未来
paizuri,パイズリ
panty pull,パンツ下ろし
low-tied long hair,末端束发
jingle bell,猫铃铛
sleeves rolled up,腕まくり
looking ahead,今後
knee up,坐立腿
mole on breast,乳ぼくろ
smoke,煙
single glove,シングルグローブ
covering privates,隐私遮挡
turtleneck sweater,タートルネック
tareme,タレ目
purple skirt,紫色裙子
wide hips,デカ尻
drinking glass,グラス
cake,ケーキ
doll,ドール
high heel boots,高跟靴
colored eyelashes,カラーまつ毛
angel wings,天使の羽
white kimono,白色和服
topless male,上半身裸
christmas,クリスマス
shirt tucked in,シャツイン
thought bubble,思考バブル
green shirt,緑のシャツ
crossdressing,異性装
!,！
large pectorals,雄っぱい
zipper,ジッパー
black-framed eyewear,黒縁眼鏡
desk,桌子
mary janes,ストラップシューズ
copyright notice,版权符号
hair flaps,侧翘
asymmetrical legwear,非対称のレッグウェア
hair scrunchie,发圈
track jacket,ジャージ
anime coloring,アニメ塗り
reflection,映り込み
@ @,ぐるぐる目
ball,ボール
rifle,ライフル
snow,雪
cowgirl position,アナル騎乗位
full moon,満月
white shorts,白いショートパンツ
mecha,メカ
crying with eyes open,睁眼流泪
long skirt,ロングスカート
long fingernails,长指甲
wading,水遊び
gift,贈り物
pencil skirt,タイトスカート
star hair ornament,星の髪の飾り
spoken ellipsis,話し言葉
thong,Tバック
high-waist skirt,ハイウエストスカート
:<,への字口
arm behind back,後ろの腕
pink halo,粉色光环
walking,歩く
yellow flower,黄色い花
black bodysuit,ブラックボディスーツ
cum on breasts,乳射
belt buckle,ベルトのバックル
clothed sex,着衣セックス
handgun,ハンドガン
blue bowtie,ブルーボウタイ
fake tail,付け尻尾
notice lines,気付く
kemonomimi mode,けもみみモード
purple flower,紫色の花
front-tie top,フロントタイトップ
wide-eyed,瞠目
frilled bikini,フリルビキニ
starry sky,星空
hand on another's head,他の人の頭に手をかけます
hand in pocket,ポケットに手
skin tight,ぴっちり
sound effects,オノマトペ
pauldrons,ポールドロン
handjob,手コキ
holding umbrella,傘を保持します
headset,ヘッドセット
blunt ends,鈍い終わり
finger to mouth,口に手
strap slip,肩紐ずらし
pouch,小包
arm behind head,单臂放在脑后
tray,お盆
after sex,歩き事後
ear covers,耳套
heavy breathing,喘ぐ
futanari,ふたなり
faceless male,无脸男
summer uniform,夏服
sports bra,スポーツブラ
hair behind ear,耳の後ろの髪
striped shirt,ストライプシャツ
single horn,一角
long dress,ロングドレス
fish,さかな
brown skirt,茶色のスカート
collared dress,翻领连衣裙
goggles on head,頭のゴーグル
age difference,年の差
masturbation,オナニー
holding staff,手持杖
dog girl,いぬ娘
chinese text,中国語
fins,ヒレ
convenient censoring,見えない構図
lens flare,レンズフレア
braided ponytail,编发马尾辫
ribbon-trimmed sleeves,巫女袖子
blouse,ブラウス
empty eyes,レイプ目
between legs,足の間
shoulder bag,ショルダーバッグ
seiza,正座
cigarette,タバコ
2koma,2コマ
sailor dress,セーラーワンピース
curtained hair,窗帘式刘海
jitome,ジト目
dog tail,犬しっぽ
reaching,到達
mature female,ママン
:q,ペコ舌
denim shorts,デニムパンツ
unworn headwear,没戴的帽子
sideways glance,流し目
lace,レース
missing headwear,帽子なし
yellow ribbon,黄色のリボン
striped panties,縞パン
forest,もり
missionary,腕掴み正常位
alcohol,お酒
red scarf,赤マフラー
santa hat,サンタ帽
rain,雨
one-hour drawing challenge,Threads版深夜の真剣お絵描き60分一本勝負
cleft of venus,すじ
short ponytail,ショートポニーテール
puffy nipples,パフィーニップル
side-tie panties,紐パン
oni,おに
layered sleeves,重ねられた袖
brown belt,茶色のベルト
dragon tail,龙尾
ribbed sweater,たてセタ
large areolae,デカ乳輪
pov hands,POVハンド
pendant,ペンダント
genderswap (mtf),にょたゆり
asymmetrical bangs,不对称刘海
pink lips,粉嘴唇
rape,レイプ
top hat,シルクハット
striped bow,縞模様の弓
long bangs,両目隠れ
emphasis lines,集中線
legs up,足上げ
curly hair,巻き毛
shrug (clothing),シュラグ
red bikini,赤ビキニ
bulge,もっこり
hair spread out,散开的头发
hand in own hair,髪に手
animal hands,肉球
hakama skirt,行灯袴
partially submerged,部分淹没
4boys,4boys
tokin hat,ときん
legs apart,仁王立ち
twins,双子
height difference,身長差
fingering,手マン
animal focus,動物
white leotard,白レオタード
personification,オリジナル艦娘
crossdressing (mtf),女水着チャレンジ
condom,コンドーム
pink jacket,ピンクのジャケット
tinted eyewear,有色眼镜
large penis,巨根
bubble,シャボン玉
bandaged arm,包帯腕
mouth mask,カラスマスク
lapels,ラペル
white bra,白ブラ
ass focus,尻アングル
cropped shirt,クロップドシャツ
heart hair ornament,ハートヘアの飾り
eyeliner,アイライン
hat ornament,帽子飾り
low wings,腰羽
backlighting,逆光
falling petals,花吹雪
off-shoulder dress,オフショルダードレス
santa costume,サンタ服
black collar,黒い襟
epaulettes,エポレット
mature male,おじさん
head rest,ヘッドレイツ
red rose,红玫瑰
hoop earrings,フープイヤリング
jeans,ジーンズ
korean text,ハングル
torn pantyhose,破れストッキング
blue one-piece swimsuit,青いワンピース水着
running,走る
cuffs,手枷
red cape,红披风
paper,紙
hands on own hips,腰に手
halloween,ハロウィン
teacup,ティーカップ
raised eyebrows,眉を上げた
back bow,弓の後ろ
parent and child,親子
red-framed eyewear,赤縁メガネ
threesome,三人組
plump,むちむち
out of frame,見切れ
hair down,髪下ろし
stud earrings,耳钉
orange background,橙色背景
drinking straw,ストロー
bikini top only,裸ビキニトップ
flying,飛ぶ
bowl,お椀
cumdrip,垂らし事後
school bag,スクールバッグ
hand on another's shoulder,肩に手
bags under eyes,目のクマ
dog,イヌ
stubble,無精髭
monster,モンスター
double v,ダブルピース
dress lift,掀裙
grey pants,灰色のズボン
lolita fashion,ロリィタファッション
watch,時計
purple nails,紫色指甲
sun hat,つば広帽子
steaming body,蒸れ
6+boys,6+男の子
bouquet,ブーケ
holding flower,手に花
flipped hair,外ハネ
doggystyle,ドギースタイル
gym uniform,襟付きジップアップ体操服
foot out of frame,单脚出框
knees together feet apart,X脚
tentacle hair,触手髪
blurry foreground,虚化前景
short eyebrows,オン眉
arm tattoo,アームタトゥー
tracen school uniform,トレセン学園制服
+ +,目がしいたけ
broom,ほうき
mug,マグカップ
tanlines,日焼け跡
on chair,椅子の上
holding knife,手持刀
lab coat,白衣
double-breasted,両前
blue gloves,蓝手套
veiny penis,静脈ペニス
black serafuku,黒セーラー
dual wielding,二挺拳銃
spread pussy,くぱぁ
holding unworn clothes,手持未穿戴的服装
partially fingerless gloves,部分的に指のない手袋
heart hands,手でハート
innertube,浮き輪
breastplate,胸当て
cum in mouth,口内射精
brother and sister,兄妹
circlet,サークレット
cum overflow,溢れ精液
white sweater,白いセーター
scar across eye,眼上伤疤
open book,オープンブック
pajamas,パジャマ
mirror,かがみ
red hairband,赤いヘアバンド
buruma,ブルマ
brown dress,棕色连衣裙
yellow ascot,黄色いアスコット
waving,手を振る
armpit crease,腋下褶皱
blue skin,青肌
mustache,口ひげ
facing away,後ろ姿
wooden floor,フローリング
yellow jacket,イエロージャケット
injury,傷
ringed eyes,ぐるぐる目
red lips,红嘴唇
blue kimono,ブルー着物
split mouth,口を裂く
lollipop,ぼうあめ
serious,真剣な表情
zoom layer,缩放图层
blue theme,青い
toenail polish,ペディキュア
bandaid on face,顔にバンダイド
fur-trimmed jacket,毛皮のトリミングされたジャケット
black cape,ブラックケープ
arrow (symbol),矢印
upskirt,逆さ撮り
drawstring,ドローストリング
fake horns,偽の角
on floor,床で
poke ball,モンスターボール
sunset,夕焼け
can,缶
single side bun,单侧发髻
under-rim eyewear,アンダーリム
arms at sides,側面の腕
bouncing breasts,乳揺れ
red halo,红色光环
fishnet pantyhose,網タイツ
eyebrows,眉毛
yellow halo,黄色光环
doujin cover,あなたの同人誌表紙見せて
lantern,ランタン
forehead mark,額のマーク
enmaided,執っていた
visor cap,サンバイザー
sideburns,もみあげ
hug from behind,後ろからハグ
mini hat,ミニハット
:t,ふくれっ面
!?,！？
chromatic aberration,色収差
rabbit,うさぎ
shawl,ショール
leash,リード
hat flower,帽花
holding bag,手持包
competition swimsuit,競泳水着
center frills,センターフリル
impossible clothes,乳袋
glint,グリント
shield,盾
print bikini,柄ビキニ
lace-up boots,編み上げブーツ
muscular female,メフレックス
pout,「ぷー」とふくらんで
sailor shirt,セーラーシャツ
very short hair,ベリーショート
card,カード
artist logo,艺术家标志
character doll,ぬいぐるみ化
long pointy ears,エルフ耳
brown shirt,茶色のシャツ
dragon,ドラゴン
nipple stimulation,乳首責め
breasts squeezed together,寄せ乳
contrapposto,コントラポスト
foot focus,足フェチ
hand on own cheek,頬に手
snowing,降雪
reaching towards viewer,手を差し伸べる
frilled shirt,フリルシャツ
sand,すな
legs together,一緒に足
black sclera,黒白目
rock,岩
asymmetrical hair,非対称の髪
object insertion,异物插入
fur collar,毛皮の襟
half up braid,三つ編みハーフアップ
popsicle,アイスキャンディー
two-sided fabric,裏地
ghost,おばけ
garter belt,ガーターベルト
weibo watermark,Weiboロゴ
tiles,タイル
butterfly hair ornament,蝶の髪の飾り
aged up,30ライブ!
shoulder cutout,カットアウェイショルダー
green ribbon,グリーンリボン
crown braid,クラウンブレイド
purple ribbon,紫色のリボン
thighband pantyhose,ランガード
huge ass,特盛り下半身
pinafore dress,ピナフォア
stairs,階段
bishounen,女性向け
smirk,得意的笑
hand between own legs,脚の間の手
teddy bear,テディベア
female masturbation,手マンオナニー
off-shoulder shirt,オフショルダー
food in mouth,口移し
red vest,赤いベスト
paw pose,猫ポーズ
sign,看板
unworn hat,没戴的帽子
black sweater,黒いセーター
adjusting clothes,食い込み直し
nontraditional miko,ミニスカ巫女
naughty face,ニヤニヤ
strawberry,いちご
ice,氷
crystal,鉱物
single bare shoulder,ワンショルダー
mouse ears,ねずみみ
on ground,地面に
sheathed,帯刀
white fur,白い毛皮
spoon,スプーン
blood on clothes,服の血
body fur,ボディーファー
panties under pantyhose,タイツ越しのパンツ
card (medium),カード風
beanie,ビーニー
interracial,異人種間
backless outfit,ぱっくり背中
fork,フォーク
spaghetti strap,スパゲッティストラップ
handbag,手提包
ice cream,アイス
brown pants,茶色のズボン
drink,飲み物
eyebrows hidden by hair,髪に隠された眉
skull,スカル
city,都会
pasties,ニプレス
smug,どや顔
looking away,目をそらしている
motion blur,モーションブラー
on couch,ソファの上
striped bikini,縞ビキニ
symbol in eye,目のシンボル
smoking,くわえタバコ
arm warmers,アームウォーマー
upside-down,逆さ吊り
two-tone dress,双色连衣裙
water drop,水滴
nurse cap,ナースキャップ
arm under breasts,托胸
sharp fingernails,鋭い爪
hands in pockets,ポケットに手
bandana,バンダナ
= =,コメくいてー顔
nun,シスター
sarashi,さらし
sitting on person,坐在别人身上
brown thighhighs,茶色の太もも
white capelet,白いカペレット
alternate color,色違い
railing,手すり
black one-piece swimsuit,黒いワンピース水着
holding polearm,手握长柄武器
white one-piece swimsuit,白スク
straw hat,麦わら帽子
criss-cross halter,クロスホルターネック
style parody,野生の公式
print kimono,着物を印刷します
borrowed character,描いてみた
fighting stance,ファイティングポーズ
jacket on shoulders,肩掛けジャケット
chopsticks,筷子
front-tie bikini top,前系比基尼上装
nose,はな
star-shaped pupils,目が星
tabard,タバード
sportswear,スポーツウェア
rigging,舰装
chocolate,チョコレート
hair tie,髪留め
animal hood,アニマルパーカー
;),;）
white scarf,白いスカーフ
panties aside,股布ずらし
other focus,その他の焦点
ear ornament,耳饰
light rays,可见光
minigirl,小人
sample watermark,サンプル
v arms,だっちゅーの
rabbit ear hairband,うさ耳カチューシャ
branch,枝
contemporary,現パロ
covering own mouth,口隠し
hugging object,抱える
blue panties,青パンツ
ofuda,お札
chibi inset,Q版插入
creature,クリーチャー
overalls,オーバーオール
pleated dress,竖皱连衣裙
holding bottle,手持瓶子
realistic,リアル絵
outstretched hand,张手
shiny clothes,光沢のある服
android,アンドロイド
grey dress,灰色连衣裙
palm tree,ヤシの木
holding fan,手持扇子
breast pocket,胸ポケット
mountain,山
grabbing from behind,背後から胸揉み
jumping,ジャンプ
military hat,軍帽
apple,りんご
cross-laced clothes,交叉系带服饰
blue hairband,青いヘアバンド
fence,フェンス
yukata,浴衣ウマ娘
holding microphone,手持麦克风
hand on another's face,顔に手
camera,カメラ
selfie,自分撮り
vibrator,ローター
purple jacket,紫色のジャケット
antlers,鹿の角
pixel art,ドット絵
hime cut,姫カット
blue leotard,青バニー
black kimono,黒い着物
dildo,ディルド
gag,ギャグ
adjusting eyewear,眼鏡に手
tail ornament,尾飾り
potted plant,鉢植え
clitoral hood,包茎クリトリス
hair over eyes,両目隠れ
snake,ヘビ
midriff peek,腹チラ
floral background,花の背景
pov crotch,POV股
clitoris,クリトリス
frilled bow,フリル弓
spoken question mark,話された質問マーク
size difference,サイズフェチ
green skin,緑肌
new year,お正月
hair bell,ヘアベル
confetti,紙吹雪
animification,アニメーション
gagged,猿agged
split-color hair,阴阳发
door,ドア
bow (weapon),弓
licking lips,舌なめずり
bespectacled,メガネプラス
mother and child,母子
petite,娇小
goatee,山羊胡
sunflower,ひまわり
full-face blush,フルフェイスブラッシュ
holding tray,端着托盘
grabbing another's ass,尻揉み
wedding dress,ウェディングドレス
angel,天使
pink bikini,ピンクビキニ
yellow neckerchief,黄色のネッカチーフ
zipper pull tab,拉链头
no nose,鼻はありません
shota,ショタ
covered mouth,覆われた口
blindfold,目隠し
underwater,水中
gift box,プレゼントボックス
holding instrument,保持器具
pen,ペン
spear,槍
absurdly long hair,超ロングヘア
bound wrists,手かせ
sun,太阳
cum on hair,髪射
purple thighhighs,紫色の太もも
anklet,アンクレット
crotch seam,センターシーム
3d,3Dモデル
balloon,ふうせん
food-themed hair ornament,食べ物をテーマにした髪の飾り
car,スポーツカー
w,スリーピース
hand on own chin,顎に手
horizon,地平線
wrist scrunchie,发圈手饰
talking,話す
black hoodie,黒いパーカー
page number,ページ番号
guitar,ギター
valentine,バレンタインデー
name tag,ネームプレート
gyaru,ギャル
white cape,白いケープ
multiple others,他の複数
joints,関節
kneepits,ひかがみ
head out of frame,头部出框
blue gem,サファイア
scales,うろこ
antennae,ヽノ
cable,ケーブル
vision (genshin impact),神の目
wristwatch,腕時計
o o,〇目
hair stick,发簪
suspender skirt,吊りスカート
white choker,ホワイトチョーカー
food on face,顔に食べ物
bikini under clothes,服の下に水着
gakuran,学らん
forehead jewel,額の宝石
duel monster,遊戯王ファンアート
wand,魔法の杖
top-down bottom-up,突き出し
blue cape,ブルーケープ
highleg panties,ハイレグパンツ
+++,+++
print shirt,印花衬衫
open cardigan,カーディガンを開きます
half gloves,ハーフグローブ
butt crack,半ケツ
sleeve cuffs,袖口
bandeau,バンドゥ
orange bow,オレンジ色の弓
fish tail,尾ひれ
spread arms,手を広げる
ahegao,アヘ顔
newsboy cap,キャスケット
purple gloves,紫手套
bloomers,ドロワーズ
silent comic,サイレント漫画
raised inner eyebrows,八の字眉
id card,学生証
toeless legwear,露趾袜
covering breasts,手ブラ
red thighhighs,赤い太もも
mask on head,頭にマスク
claw pose,がおー
cow print,牛柄
blue vest,青いベスト
saliva trail,唾液ブリッジ
checkered clothes,方格衣服
haori,羽织
multicolored jacket,多色のジャケット
bookshelf,本棚
dakimakura (medium),抱き枕
pink bowtie,ピンクのボウタイ
hanging breasts,垂れ乳
folding fan,折扇
black tank top,黒いタンクトップ
white ascot,白いアスコット
lactation,ロリ母乳
white wrist cuffs,白い手首の袖口
blanket,毛布
white eyes,白眼
oekaki,お絵描き
microskirt,マイクロミニスカート
candle,ロウソク
headpiece,头饰
center opening,天使の小窓
tube top,チューブトップ
partially visible vulva,大陰唇
adjusting hair,调整侧发
abyssal ship,深海棲艦
red kimono,赤い着物
open fly,解开链扣
cow ears,牛耳
black tail,黒い尾
electricity,電気
covered eyes,覆われた目
mecha pilot suit,パイロットスーツ
clock,時計
curled horns,巻き角
panties around one leg,片足パンツ
winter clothes,冬服
red horns,赤い角
underbust,コルセット
company name,会社名
bush,茂み
eighth note,8分音符
colored tips,彩色发梢
tress ribbon,トレスリボン
highleg one-piece swimsuit,ハイレグワンピース
blue neckerchief,青いネッカチーフ
poke ball (basic),モンスターボール
3koma,3コマ
diamond (shape),ダイヤ
pink bra,ピンクブラ
on head,頭に
japanese armor,鎧兜
feather hair ornament,羽根飾り
holding bouquet,花束を保持します
white belt,白いベルト
film grain,粒状フィルム
mini crown,ミニクラウン
yellow dress,黄色连衣裙
uniform,制服
white tank top,白いタンクトップ
drinking,飲む
undershirt,汗衫
toned male,細マッチョ
pool,プール
limited palette,カラーパレット
long legs,美脚
basket,バスケット(かご)
brown coat,茶色のコート
bodystocking,全身タイツ
leaning back,のけぞる
classroom,教室
patreon logo,パトレオンのロゴ
red ascot,赤いアスコット
yokozuwari,横座り
hands on own face,自分の顔の手
white collar,ホワイトカラー
folded ponytail,折りたたみポニテ
| |,| |
controller,コントローラ
blue rose,青い薔薇
heart censor,爱心打码
shoulder tattoo,肩のタトゥー
disposable cup,紙コップ
after vaginal,阴道性交之后
fairy wings,妖精の翼
petticoat,ペチコート
glass,ガラス
black border,黒い境界線
looking afar,遠くを探しています
blue thighhighs,青い太もも
orgasm,仰け反り絶頂
eyeball,目玉
black capelet,黒いカペレット
fishnet thighhighs,網ニーソ
surrounded by penises,チンコ包囲網
scar on cheek,頬の傷
arrow (projectile),矢
holding animal,動物を保持します
open hand,パー
nervous sweating,冷や汗
red coat,赤いコート
harness,ボディハーネス
white hoodie,白いパーカー
torn thighhighs,破洞丝袜
cow horns,牛の角
red choker,レッドチョーカー
tiger ears,トラ耳
grabbing own breast,セルフ乳揉み
tight clothes,ぱっつんぱっつん
hand on headwear,帽子に手
school desk,课桌
aircraft,航空機
invisible chair,空気椅子
tabi,サイハイソックス足袋
arm strap,アームストラップ
holding stuffed toy,ぬいぐるみのおもちゃを持っています
fur-trimmed coat,毛皮のトリミングされたコート
leg warmers,レッグウォーマー
armored boots,装甲ブーツ
partially unbuttoned,半开衬衫
gangbang,輪フェラ
ankle boots,アンクルブーツ
cheerleader,チアリーダー
onsen,温泉
mechanical arms,メカ腕
arched back,仰け反り
futa with female,ふた×女
white bowtie,白いボウタイ
pom pom (cheerleading),ポンポン
striped necktie,条纹领带
halloween costume,仮装
bow hairband,弓ヘアバンド
witch,魔女っ子
squiggle,ぐにゃぐにゃ
animal nose,動物の鼻
hanfu,ハンフー
retro artstyle,おっさんホイホイ
light frown,軽い眉をひそめ
collared jacket,襟付きジャケット
asymmetrical gloves,不对称手套
space,宇宙
headpat,なでなで
bun cover,パンカバー
hand on own head,頭に手
multicolored skin,多色の肌
low twin braids,低双发辫
leggings,レギンス
holding poke ball,ポークボールを持っています
road,道路
shibari,縛り
cityscape,都市
bandaid on leg,脚のバンダイド
layered dress,多层连衣裙
precum,ガマン汁
nipple tweak,チクニー
nipple piercing,乳首ピアス
assault rifle,アサルトライフル
red pants,赤いズボン
tile floor,タイルフロア
purple bowtie,紫色のボウタイ
shared bathing,共有入浴
vambraces,ヴァンブレイス
holding plate,端着盘子
polka dot background,水玉の背景
frilled hairband,フリルヘアバンド
wide shot,大全景镜头
bikini armor,ビキニアーマー
reading,読書
inkling,インクリング
green necktie,緑のネクタイ
stretching,ストレッチ
highleg bikini,ハイレグビキニ
grey skin,灰色の肌
yellow necktie,黄色のネクタイ
gothic lolita,ゴシックロリィタ
bald,ハゲ
riding,乗る
belly,イカ腹
magic,まほう
animal ear piercing,动物耳钉
interspecies,人間♂×ポケモン♀
purple bikini,紫ビキニ
under covers,盖着被子
geta,下駄
standing sex,立ちバック
french kiss,べろちゅー
short over long sleeves,長袖よりも短い
huge ahoge,超アホ毛
layered skirt,层叠裙
fairy,オナホ妖精
slippers,スリッパ
clothes around waist,腰結び
lamp,ランプ
headdress,ヘッドドレス
dancing,ダンス
sleeveless turtleneck,アメリカンスリーブ
notched lapels,平驳领
rolling eyes,白目
hair slicked back,オールバック
ear bow,耳弓
miko,巫女
facial tattoo,面部纹身
blue coat,青いコート
silhouette,シルエット
shade,陰
laughing,おほほ
green nails,绿色指甲
pink kimono,ピンクの着物
mismatched legwear,不一致のレッグウェア
disembodied hand,紳士ハンド
red shorts,赤いショートパンツ
military vehicle,軍用車両
long hair between eyes,前髪テール
red pupils,红色瞳孔
back-to-back,背中合わせ
evil smile,黒い笑顔
pulling own clothes,拉下自己衣服
flag,旗
emblem,エンブレム
no pupils,瞳孔なし
bird wings,鳥の翼
paw gloves,猫の手グローブ
undercut,ツーブロック
star print,星柄パンツ
office lady,秘書
bound arms,手臂捆绑
bare back,ぱっくり背中
frilled hair tubes,フリル髪のチューブ
eye mask,眼罩(面具)
nurse,ナース
mechanical halo,機械的ハロー
triangle mouth,三角嘴
bangle,バングル
sailor hat,セーラーハット
aqua necktie,アクアネクタイ
frog hair ornament,カエルの髪の飾り
hand to own mouth,口から口を持っています
thighlet,大腿部
reference sheet,キャラクター設定
animal costume,動物の衣装
own hands clasped,手を組む
red leotard,赤バニー
male underwear,男性の下着
inverted nipples,陥没乳首
bridal veil,新娘头纱
aqua nails,水色指甲
grabbing another's arm,腕掴み
partially colored,部分着色
nipple slip,胸チラ
loose socks,ルーズソックス
blue scarf,青いスカーフ
white rose,白玫瑰
mother and daughter,母と娘
brown cardigan,茶色のカーディガン
incest,近親相姦
bandaged leg,包帯脚
mouse tail,鼠尾
purple kimono,紫色の着物
jack-o'-lantern,ジャック・オ・ランタン
wine glass,ワイングラス
yellow bikini,黄色ビキニ
multiple rings,複数のリング
taut clothes,トップス胸元前面に布のしわ
sundress,サマードレス
unworn eyewear,外した眼鏡
bench,ベンチ
no mouth,口はありません
gohei,御幣
frilled thigh strap,褶边腿带
chest jewel,胸前宝石
happy new year,あけましておめでとう
rabbit hair ornament,ウサギの髪の飾り
tied shirt,裾結び
ninja,くのいち
scared,怖がった
triangular headpiece,額隠し
happy sex,愛のあるセックス
holster,ホルスター
imminent penetration,挿入直前
beachball,ビーチボール
femdom,女攻め
key,カギ
chinese zodiac,十二生肖
spreading own pussy,掰开自己小穴
holding own dress,提起自己连衣裙
red eyeshadow,赤いアイシャドウ
architecture,建築
wedding ring,婚約指輪
suit jacket,西装外套
paw print,爪印
animalization,ケモ化
hand on own arm,自分の腕に手をかけます
striped dress,条纹连衣裙
grey shorts,灰色のショートパンツ
facing another,別の人に直面しています
brown shorts,茶色のショートパンツ
field,畑
wet shirt,透けブラ
leg lift,片足上げ
stuffed rabbit,兎のぬいぐるみ
presenting own body,プレゼントは私
holding fruit,果物を持っている
unbuttoned,没系扣子
5boys,5人
cross necklace,クロスネックレス
cum in ass,アナル中出し
tail raised,尾を上げた
cone hair bun,猫耳发髻
bread,パン
face-to-face,面と向かって
leather,レザー
scythe,デスサイズ
skin-covered horns,肌角
indian style,あぐら
tatami,畳
headphones around neck,耳机挂在脖子上
head wreath,花冠
condom wrapper,避孕套包装
backless dress,ぱっくり背中
axe,斧
dagger,ダガー
sarong,パレオ
hands on own chest,双手放自己胸口
brown sweater,茶色のセーター
vampire,ヴァンパイア
halftone,ハーフトーン
navel cutout,へそ窓
pocky,ポッキー
mittens,ミトン
black cat,黒猫
spoken exclamation mark,話しかけられた感嘆符
averting eyes,目逸らし
salute,敬礼
star earrings,星のイヤリング
grey sweater,灰色のセーター
bow bra,弓ブラ
hand on own thigh,自分の太ももに手を渡します
bedroom,寝室
horn ornament,ホーンオーナメント
orange shirt,オレンジ色のシャツ
bucket,バケツ
ears through headwear,帽子を通して耳
alternate eye color,代替目の色
hitodama,ヒトダマ
black suit,黒スーツ
playing instrument,演奏
shark tail,さめしっぽ
see-through shirt,透けシャツ
shoulder blades,肩胛骨
naked shirt,裸シャツ
anchor symbol,アンカー記号
raccoon ears,狸耳
tilted headwear,傾斜した帽子
red eyeliner,赤いアイライナー
battle,戦う
used condom,使用済みコンドーム
wet hair,濡れ髪
2000s (style),萌え絵
fantasy,ファンタジー
computer,コンピューター
teapot,ティーポット
whisker markings,ウィスカーマーキング
annoyed,イライラ
superhero costume,スーパーヒーロー
constricted pupils,目が点
puff of air,フンス
leaf hair ornament,葉の髪の飾り
mouse girl,ねずみ娘
thumbs up,サムズアップ
drunk,酔って
hip vent,スリット(洋服)
bonnet,ボンネット
green bikini,緑ビキニ
charm (object),キーホルダー
red hakama,緋袴
yellow skirt,黄色のスカート
anal object insertion,肛门物体插入
round teeth,丸い歯
anniversary,記念日
pink theme,ピンク
open kimono,開いた着物
air bubble,泡
holding own hair,髪に手
public indecency,公然わいせつ罪
pectoral cleavage,胸部の切断
see-through sleeves,透视袖子
bead necklace,串珠项链
text focus,文字強調
brothers,兄弟
belt collar,ベルトカラー
fat,ぽっちゃり
against wall,靠墙
red skin,赤肌
two-tone eyes,双色眼睛
bikini skirt,比基尼裙
:>,Vの字口
dark,闇
coat on shoulders,披肩外套
animal hat,動物の帽子
pink rose,粉玫瑰
off-shoulder sweater,オフショルダーセーター
pubic tattoo,淫紋
three-quarter sleeves,七分袖
ear blush,耳の赤面
hugging own legs,体育座り
red panties,赤下着
holding another's wrist,手首押さえつけ
chest tattoo,胸部纹身
paintbrush,がひつ
autumn leaves,紅葉狩り
uneven legwear,違い靴下
princess carry,お姫様だっこ
fireworks,花火
cannon,加农炮
hat feather,羽帽子
lowleg,ローレグ
idol,アイドル
photo (object),写真の絵
fox mask,狐面
head fins,ヒレ耳
pink thighhighs,ピンクの太もも
two tails,2つの尾
green halo,绿色光环
unworn shoes,靴を脱ぐ
stitches,縫い目
navel piercing,へそピアス
heart of string,ラインのハート
turning head,转头
unzipped,下ろしチャック
green pants,緑のズボン
fur-trimmed sleeves,毛皮のトリミングされた袖
red capelet,红披肩
latex,ラバー
heart earrings,ハートイヤリング
hooded cloak,フード付きマント
one breast out,片乳
white bodysuit,白プラグスーツ
cross-shaped pupils,クロス型の生徒
randoseru,ランドセル
cat boy,ねこ男
bare pectorals,袒胸露腹
wind lift,風のいたずら
jacket partially removed,上着半脱ぎ
bracer,护臂
swimsuit under clothes,服の下に水着
lower teeth only,下歯
giant,巨ケモ
drink can,缶ジュース
tunic,チュニック
aura,オーラ
string,ひも
oil-paper umbrella,蛇の目
black halo,黑色光环
on one knee,片膝立ち
yellow bowtie,黄色いボウタイ
headscarf,头巾
chest harness,ハーネス
sparkling eyes,キラキラした目
carrot,にんじん
cross hair ornament,髪の飾り
blank eyes,白目
gym shirt,ジムシャツ
black neckerchief,黒いネッカチーフ
spiked collar,スパイクされた首輪
two-tone skin,ツートンの肌
mandarin collar,立襟
striped bowtie,縞模様のボウタイ
ffm threesome,女女男3P
game controller,コントローラー
imminent kiss,マジでキスする5秒前
clothes between breasts,谷間に布寄せ
old,古い
belt pouch,腰包
red gem,ルビー
cross-section,断面図
chestnut mouth,栗みたいな口
knee pads,护膝
picture frame,写真立て
green vest,緑のベスト
holding fork,フォークを保持します
blue sweater,青いセーター
everyone,艦これ集合絵
snowflakes,雪の結晶
oversized clothes,ぶかぶか
snake hair ornament,ヘビの髪の飾り
shoe soles,靴底
pink gloves,粉手套
purple panties,紫パンツ
gameplay mechanics,エロステータス
white camisole,白いキャミソール
scabbard,鞘
coin,コイン
micro shorts,ホットパンツ
tiptoes,爪先立ち
mmf threesome,男男女3P
watercraft,水上交通工具
fang out,牙
afterimage,残像
holding gift,贈り物を持っています
assertive female,美女が野獣
single sidelock,シングルサイドロック
moaning,オホ声
heart ahoge,アホ毛がハート
animal on head,頭の動物
naked towel,裸バスタオル
blood on hand,手に血
monitor,モニター
holding cigarette,拿着香烟
bad anatomy,糟糕的人体比例
animal collar,犬の首輪
yellow sclera,黄色硬化
kitsune,化け狐
sitting on lap,膝の上に座る
aqua background,水色背景
nervous,緊張
purple skin,紫肌
facepaint,フェイスペイント
hand on own knee,自分の膝に手をかけます
blue hoodie,青いパーカー
two-tone shirt,ツートンシャツ
winter,冬休み
bathing,水浴び
crescent hair ornament,月飾り
vines,蔓
ice wings,氷の翼
holding spoon,スプーンを保持します
two-tone jacket,ツートンジャケット
striped background,縞模様の背景
holding can,保持缶
licking penis,舔舐阴茎
digimon (creature),デジモン
very dark skin,黒い肌
green shorts,グリーンショーツ
:/,歪嘴
floppy ears,垂れ耳
side braids,サイド三つ編み
braided bangs,编发刘海
short kimono,ミニ着物
armored dress,骑士连衣裙
red collar,赤い襟
pinstripe pattern,ピンストライプパターン
nosebleed,はなぢ
sad,切ない
folded,まんぐり返し
holding chopsticks,箸を保持します
earmuffs,耳あて
lolita hairband,ロリータヘアバンド
father and child,父子
black scarf,黒いスカーフ
looking at object,オブジェクトを見ています
biting,噛む
pointing at viewer,視聴者を指す
bat (animal),コウモリ
v-neck,Vネック
dolphin shorts,ドルフィンパンツ
breast sucking,乳吸い
areolae,乳輪
blue choker,ブルーチョーカー
colored extremities,有色肢体
leg ribbon,レッグリボン
one-eyed,単眼
handcuffs,手錠
m legs,観音開き
onee-shota,おねショタ
cowbell,カウベル
black sports bra,ブラックスポーツブラ
alternate hair color,髪色チェンジ
pantyhose under shorts,短裤下的连裤袜
slingshot swimsuit,スリングショット
multiple hair bows,複数の髪の毛
holding candy,キャンディーを持っています
white veil,白いベール
squeans,むにゃむにゃ
waitress,ウェイトレス
airplane,飛行機
x-ray,透視
grey gloves,灰手套
merfolk,人魚
multiple persona,同キャラ
pink hairband,ピンクのヘアバンド
shimenawa,しめ縄
torn shirt,引き裂かれたシャツ
fur-trimmed gloves,毛皮のトリミングされた手袋
food focus,なにこれ美味しそう
dark persona,闇堕ち
vaginal object insertion,阴道物体插入
blue bra,青ブラ
pointless censoring,无意义打码
wince,眉をひそめる
shark girl,サメ娘
!!,!!
brown fur,茶色の毛皮
birthday,メジロドーベル生誕祭
red sash,赤いサッシ
green bowtie,グリーンボウタイ
weapon on back,背中に武器
deep skin,深い肌
o-ring bikini,Oリングビキニ
pink sweater,ピンクのセーター
police,おまわりさんの日
east asian architecture,東アジアの建築
drop shadow,影を落とす
string panties,细绳内裤
sack,麻袋
biceps,上腕二頭筋
wagashi,わがし
over shoulder,肩越しに
grid background,网格背景
donut,ドーナツ
huge penis,極上の竿
bukkake,ぶっかけ
alternate hair length (longer),ロング化
aqua bow,アクアボウ
shell,壳
gold,ゴールド
neck ring,ネックリング
dark background,暗色背景
stomach bulge,ボコォ
carrying person,携带人
sanpaku,三白
fur-trimmed cape,毛皮のトリミングされたケープ
lace-trimmed thighhighs,レーストリミングされた太もも
holding bow (weapon),弓を保持する（武器）
holding another's hair,握别人头发
in container,在里面
>:),自信闭嘴笑
lace-trimmed bra,蕾丝边胸罩
torii,鳥居
frilled choker,フリルチョーカー
bead bracelet,ビーズブレスレット
body markings,身体标记
holding wand,杖を持って
cum on clothes,着衣ぶっかけ
stool,スツール
aiming,狙う
frog,カエル
yellow hairband,黄色のヘアバンド
grey thighhighs,灰色の太もも
diamond-shaped pupils,菱形瞳孔
dress bow,弓を服用します
lineart,線画
braided bun,编发发髻
crescent moon,みかづき
blue sleeves,青い袖
sexually suggestive,謎のエロス
ribs,あばら骨
playing card,トランプ
goat horns,山羊角
house,家
hair up,扎头发
singing,歌う
ribbon choker,リボンチョーカー
pumpkin,カボチャ
strap gap,おっぱいロープウェイ
detached wings,分離した翼
cunnilingus,クンニ
pearl necklace,珍珠项链
tea,お茶
print thighhighs,太ももを印刷します
split,劈叉
gold bikini,金ビキニ
gigantic breasts,K点越えおっぱい
side-by-side,横に並んで
floating clothes,飘动的衣服
badge,バッジ
electric guitar,エレキギター
hip focus,腰強調
bathroom,洗面所
red sweater,赤いセーター
holding paper,拿着张纸
strap,ストラップ
tiger tail,虎しっぽ
presenting own armpit,腋は性器
narrow waist,魅惑の腰つき
platform sandals,厚底サンダル
female ejaculation,潮吹き
alphes (style),alphes塗り
black bag,黒いバッグ
tassel earrings,タッセルイヤリング
spiked bracelet,スパイクブレスレット
pants pull,ズボン下ろし
brick wall,れんが壁
very long braid,長い三つ編み
popped collar,立领
yellow gloves,黄手套
christmas tree,クリスマスツリー
bear ears,くまみみ
fur-trimmed dress,毛皮边连衣裙
brown vest,茶色のベスト
clothes grab,抓住衣服
covering crotch,股に手
pink cardigan,ピンクカーディガン
pencil,鉛筆
humanization,ポケ擬
zzz,zzz
fur-trimmed capelet,毛皮のトリミングされたカペレット
cube hair ornament,髪の毛
topknot,发髻
hibiscus,ハイビスカス
animal ear headphones,動物の耳ヘッドフォン
mecha musume,メカ娘
flat cap,フラットキャップ
extra arms,多腕
parasol,パラソル
heart cutout,ハートくり抜き
mushroom,きのこ
casual one-piece swimsuit,休闲连体泳衣
burger,ハンバーガー
showgirl skirt,ショーガールスカート
braided hair rings,ポンデリングヘア
mermaid,マーメイド
heads together,頭を一緒に
explosion,ばくはつ
mountainous horizon,山の地平線
television,テレビ
seductive smile,蠱惑的な笑顔
kicking,蹴り
hooded coat,フード付きコート
handheld game console,携帯ゲーム機
holding card,保持カード
shackles,足枷
earclip,耳夹
glowing eye,光る目
purple necktie,紫色のネクタイ
multicolored gloves,多色手套
water bottle,ウォーターボトル
tacet mark (wuthering waves),声痕
falling,落ちる
body writing,身体に落書き
necktie between breasts,ネクパイ
ripples,波紋
median furrow,背中线
multicolored dress,多彩连衣裙
asymmetrical clothes,非対称の服
gold earrings,金のイヤリング
police uniform,ミニスカポリス
cookie,クッキー
black fur,黒い毛皮
yellow nails,黄色指甲
raglan sleeves,ラグラン
print dress,柄ワンピース
sliding doors,引き戸
content rating,R指定マーク
vehicle focus,カーイラスト
red bodysuit,赤いボディスーツ
anchor,アンカー
erection under clothes,テントを張る
scene reference,パロ
holding camera,カメラを持っています
black mask,黒マスク
leg tattoo,脚のタトゥー
fake screenshot,ゲーム画面風
jumpsuit,ジャンプスーツ
whiskers,ヒゲ
wing hair ornament,翼の髪の飾り
hammer,ハンマー
stirrup legwear,トレンカ
summer,夏休み
raccoon tail,狸尻尾
babydoll,ベビードール
bath,お風呂
torn pants,破れたズボン
green kimono,緑の着物
sleeveless jacket,ノースリーブジャケット
dappled sunlight,木漏れ日
camouflage,カモフラージュ
orange skirt,オレンジスカート
heart in eye,目がハート
earphones,イヤホン
polka dot bow,ポルカドットボウ
horse,ウマ
peeing,おしっこ
open collar,開襟シャツ
crop top overhang,乳カーテン
lace-trimmed panties,レーストリミングされたパンティー
infection monitor (arknights),感染监控装置
cherry,さくらんぼ
knees,膝
ruins,廃墟
open vest,ベストを開きます
lion ears,獅子耳
white robe,白衣
o-ring top,Oリングトップ
leaning to the side,身体倾斜
old man,オッサン
number tattoo,ナンバータトゥー
garrison cap,ギャリソンキャップ
holding pen,ペンを保持します
black sandals,黑凉鞋
lanyard,ネックストラップ
pigeon-toed,内股
yellow sweater,黄色のセーター
traditional bowtie,伝統的なボウタイ
light,ライト
tentacle sex,触手責め
official style,野生の公式
cow print bikini,牛柄ビキニ
cutoffs,カットジーンズ
female orgasm,高潮(女性)
orange flower,オレンジの花
green gloves,绿手套
mind control,マインドコントロール
arms under breasts,双手抱胸
2others,2人
cow girl,牛娘
copyright logo,タイトルロゴ
black flower,黒花
dirty,汚い
fat man,太った男
halter dress,ホルターネックワンピース
mini top hat,ミニトップハット
mouth drool,唾液凹痕
insect wings,翅
red theme,赤
short necktie,短いネクタイ
no shirt,没穿衬衫
black skin,黒い肌
out-of-frame censoring,カメラさんもうちょっと下
white neckerchief,白いネッカチーフ
asymmetrical docking,乳合わせ
arm cannon,アームキャノン
magatama,勾玉
medium dress,中号连衣裙
zouri,ぞうり
double penetration,二穴責め
tiger print,虎縞ビキニ
syringe,ちゅうしゃき
:|,平嘴
turtleneck shirt,高领衬衫
planet,行星
shy,人見知り
photo background,デジラマ
reference inset,参照挿入図
track suit,ジャージ
chest sarashi,さらし
faceless female,顔のない女性
grey pantyhose,灰色のパンスト
crescent hat ornament,月飾り
blue socks,青い靴下
transparent,透明
single hair intake,単一の髪の摂取
argyle clothes,アーガイルチェック
implied sex,これ絶対入ってるよね
lamppost,街灯
pantyhose pull,裾上げタイツ脱ぎ
hakama short skirt,ハカマショートスカート
extra eyes,多眼
eyes out of frame,目元より下で切り出すとエロいらしい
plaid bow,格子縞の弓
speed lines,速度线
yawning,あくび
blue bodysuit,青いボディスーツ
doll joints,球体関節
maple leaf,もみじ
naval uniform,海軍のユニフォーム
bandaid on nose,鼻の束縛
cross earrings,クロスイヤリング
no eyes,目はありません
cake slice,ケーキスライス
power lines,送電線
asymmetrical wings,非対称の翼
oversized object,特大のオブジェクト
mobile suit,モビルスーツ
bare tree,枯れ木
white necktie,白いネクタイ
solid oval eyes,しっかりした楕円形の目
tail wagging,しっぽを振る
multiple expressions,表情集
voice actor connection,中の人繋がり
chest hair,胸毛
mismatched gloves,不一致の手袋
frilled collar,フリルカラー
pee,尿
frilled thighhighs,フリルの大腿部
hatching (texture),ハッチング
holding lollipop,ロリポップを保持します
black cloak,ブラックマント
holding ball,ボールを持っています
scissors,ハサミ
huge weapon,グレートソード
hands on own cheeks,自分の頬を手にしています
baseball bat,バット(野球)
tailcoat,燕尾服
mismatched pupils,不一致の生徒
plugsuit (evangelion),プラグスーツ
blue butterfly,ブルーバタフライ
millennium science school logo,ミレニアムサイエンススクール
checkered floor,チェッカーフロア
yellow fur,黄色い毛皮
tomboy,ボーイッシュ
symmetrical docking,乳合わせ
bamboo,竹
tail bow,テールボウ
zoophilia,兽交
muneate,胸当て
arm guards,アームガード
pink skin,ピンクの肌
pregnant,腹ボテ
robot joints,ロボットジョイント
two-tone fur,ツートンの毛皮
star hat ornament,スターハット飾り
greaves,グリーブ
vertical-striped shirt,垂直縞模様のシャツ
grey vest,灰色のベスト
rainbow,虹
pink choker,ピンクのチョーカー
chalkboard,黒板
mitakihara school uniform,見滝原中学校制服
orange jacket,オレンジジャケット
scar on arm,腕に傷
dog boy,犬系男子
checkered background,チェッカー背景
flat color,平涂
torso grab,腰に手
leg grab,脚のグラブ
purple theme,紫
star in eye,目のスター
single wing,片翼
big hair,大きな髪
shorts under skirt,安全裤
striped pantyhose,縞模様のパンスト
heart brooch,ハートブローチ
recording,錄像中
saucer,ソーサー
see-through cleavage,透视乳沟
submachine gun,サブマシンガン
;o,; o
foreskin,包皮
grey coat,灰色のコート
bound legs,足かせ
trait connection,特征相仿
multicolored nails,多彩指甲
coffee,コーヒー
flower field,花畑
brown bag,茶色のかばん
tate eboshi,立烏帽子
floating object,フローティングオブジェクト
multicolored background,多色の背景
bra strap,ブラ紐
standing split,Y字バランス
bridge,橋
third eye,第三の目
ball gag,ボールギャグ
shiny pokemon,色違い
cowboy hat,カウボーイハット
sheep horns,羊角
name connection,名前系バラエティ
kita high school uniform,県立北高校(涼宮ハルヒの憂鬱)
single sock,片足ソックス
monster boy,モンスター男子
smoking pipe,パイプ
monocle,モノクル
hand on another's cheek,頬に手
gradient eyes,渐变色眼睛
evening,夕暮れ
linea alba,腹白线
alien,宇宙人
tape,テープ
sunbeam,天使の梯子
bruise,青痣
sleepy,眠い
tasuki,襷掛け
watermelon,すいか
greyscale with colored background,灰度配彩色背景
naked apron,裸エプロン
ear ribbon,耳のリボン
skeleton,スケルトン
one-piece tan,水着跡
spoken musical note,音声音符
red sleeves,赤い袖
very sweaty,汗だく
heart pasties,ハートニプレス
sheet grab,掴みシーツ
streaming tears,涙を流します
unworn panties,脱いだ下着
male swimwear,競パン
splashing,水しぶき
purple halo,紫色光环
multiple moles,複数のモル
sidelighting,侧面打光
1990s (style),90年代風
deformed,デフォルメ
peach,もも
fur-trimmed headwear,毛皮のトリミングされた帽子
magic circle,魔法陣
pink pupils,粉色瞳孔
footwear bow,履物の弓
covered collarbone,覆われた鎖骨
cyborg,サイボーグ
blinking,眨眼(动画)
idol clothes,アイドル衣装
leaf on head,頭の葉
single leg pantyhose,シングルレッグパンスト
bathtub,バスタブ
blue fire,青い炎
clipboard,クリップボード
tying hair,髪を結ぶ
bra lift,上ズレ
shouting,叫ぶ
arm belt,アームベルト
long sideburns,長時間のサイドバーン
prosthesis,義肢
bestiality,ポケ姦
nightgown,ナイトガウン
shelf,たな
hand on own stomach,自分の胃に手をかけます
grey hoodie,灰色のパーカー
dripping,滴る
aerial fireworks,打ち上げ花火
pillar,柱
black corset,黒コルセット
whistle,ホイッスル
arm ribbon,アームリボン
flag print,国旗柄
long eyelashes,長いまつ毛
bandaged hand,包帯の手
sticker,ステッカー
the pose,伏臥
motorcycle,バイク
heart print,ハート柄
sweater dress,ニットワンピ
genderswap (ftm),男の娘化
sandwiched,夹心
artist self-insert,コテキャラ
print gloves,手袋を印刷します
feet up,足上げ
dragon wings,ドラゴンウィングス
trigger discipline,規律をトリガーします
neck tattoo,颈部纹身
barbell piercing,バーベルピアス
pink necktie,ピンクのネクタイ
falling leaves,落葉
black ascot,黒いアスコット
breast rest,乳乗せ
scar on chest,胸の傷跡
soaking feet,足を浸す
poolside,プールサイド
egg,たまご
book stack,本の山
partially unzipped,拉链部分解开
plaid shirt,格子縞のシャツ
between fingers,用双指夹住
weapon over shoulder,肩越しの武器
swivel chair,回転式チェア
multiple wings,複数の翼
alternate hair length (shorter),ショート化
striped socks,ストライプソックス
solid circle eyes,豆豆眼
tile wall,瓷砖墙
internal cumshot,子宮内射精
red armband,赤いアームバンド
feeding,あーん
skull hair ornament,頭蓋骨の髪の飾り
obijime,帯締め
fringe trim,流苏饰边
military jacket,ミリタリージャケット
blood from mouth,口からの血
crack,ひび
purple lips,紫嘴唇
glaring,ニラマレ
brown bow,茶色の弓
scroll,スクロール
yin yang,太極図
tiger girl,虎娘
torogao,トロ顔
medium skirt,膝丈スカート
mole on neck,首にモル
black robe,黒いローブ
grabbing another's hair,髪掴み
fur-trimmed boots,毛皮のトリミングされたブーツ
flower-shaped pupils,花瓣瞳
husband and wife,夫婦
utility pole,電柱
merry christmas,メリークリスマス
demon boy,インキュバス
asymmetrical sleeves,非対称スリーブ
fundoshi,ふんどし
cum string,ザーメンブリッジ
ice cream cone,冰淇淋甜筒
orange dress,橙色连衣裙
rice,ご飯
blood splatter,スプラッタ
adjusting headwear,帽子の調整
tassel hair ornament,タッセルの髪の飾り
purple pantyhose,紫色のパンスト
race queen,レースクイーン
kote,小手
shoulder pads,肩パッド
planted,植えられた
reverse cowgirl position,背面騎乗位
remote control vibrator,リモコンバイブ
white vest,白いベスト
dougi,道着
beer,ビール
sniper rifle,スナイパーライフル
alternate universe,平行世界
green gem,エメラルド
fox shadow puppet,キツネの影絵
hand on another's chin,顎に手
multi-strapped bikini bottom,レイヤードビキニ
american flag,アメリカ合衆国の国旗
giantess,巨大カップル
arthropod girl,虫娘
cooking,料理
wine,葡萄酒
low neckline,低领口
jester cap,ジェスターキャップ
beach umbrella,ビーチパラソル
elbow rest,肘の休息
white bloomers,白いブルマー
convenient hair,髪ブラ
cat ear headphones,猫耳ヘッドホン
two-tone gloves,双色手套
button gap,天使の小窓
cardboard box,段ボール箱
defeat,全滅フラグ
looking at penis,看着阴茎
red wings,赤い翼
long coat,ロングコート
forehead protector,額当て
holding shield,保持シールド
multiple belts,複数のベルト
suitcase,スーツケース
aiguillette,金モール
nervous smile,引きつった笑顔
baggy pants,バギーパンツ
rimless eyewear,縁無し眼鏡
pom pom hair ornament,绒球发饰
waist cape,裙摆
pink neckerchief,ピンクのネッカチーフ
chain necklace,チェーンネックレス
pose,ポーズ
object on head,頭のオブジェクト
shushing,しーっ
lily (flower),百合の花
projectile cum,精液流
draph,ドラフ
dog tags,ドッグタグ
print panties,バックプリント
lap pillow,膝枕幸せサンドイッチ
wolf boy,狼男
0 0,0 0
uterus,子宮
orb,オーブ
holding broom,ほうきを保持します
broom riding,箒で飛ぶ
single ear cover,片耳カバー
alternate hair length,代替髪の長さ
red belt,赤いベルト
maebari,まえばり
arms around neck,首の周りの腕
bikini bottom only,仅限比基尼下装
bobby socks,ボビーソックス
bra visible through clothes,透けブラ
bandaid on knee,膝絆創膏
flower knot,フラワーノット
slice of life,生活感
open hands,手を開けてください
taking picture,拍照
head on pillow,枕に向かいます
high heel sandals,ミュール
vertical-striped thighhighs,垂直縞模様の太い距離
vase,花瓶
blue capelet,青いカペレット
raised eyebrow,眉を上げた
netorare,寝取られ
waist bow,腰の弓
gap (touhou),スキマ
paper lantern,灯籠
hair pulled back,髪が引き戻されました
holding bowl,ボウルを持っています
futon,ふとん
red headband,赤いヘッドバンド
frilled bra,フリルブラ
bride,はなよめ
laptop,ノートパソコン
punching,パンチ
animal on shoulder,肩に動物
street,ストリート
miqo'te,ミコッテ
frilled hat,フリル帽子
clothed male nude female,服を着た男性のヌード女性
studs,スタッド
skyscraper,超高層ビル
thigh belt,太ももベルト
jaggy lines,バイナリペン
diagonal-striped necktie,斜めのネクタイ
holding removed eyewear,アイウェアを保持します
green panties,グリーンパンティー
xd,XD
father and daughter,父娘
plaid vest,格子縞のベスト
footjob,足コキ
wardrobe malfunction,ハプニング
single pauldron,単一のポールドロン
hair over breasts,髪ブラ
skinny,うすほそ
holding box,ホールドボックス
knight,騎士
cow tail,牛の尾
train interior,電車内
cushion,クッション
d:,D：
fox,キツネ
oripathy lesion (arknights),オリパシー
print skirt,スカートを印刷します
black armor,黒い鎧
kogal,コギャル
midair,半空中
chain-link fence,かなあみ
multi-tied hair,分段式束发
pillow hug,枕の抱擁
striped jacket,有条纹的夹克
beamed eighth notes,8枚目のノート
spoken blush,話しかけられた赤面
multicolored bodysuit,多色のボディスーツ
backboob,裏乳
single mechanical arm,メカ腕
school chair,椅子
bow-shaped hair,弓形の髪
skirt pull,スカートおろし
green theme,緑
purple hairband,紫のヘアバンド
holding own skirt,提裙
heart-shaped eyewear,ハート型のアイウェア
green sweater,緑のセーター
kariginu,かりぎぬ
parted hair,分开的头发
squatting cowgirl position,スパイダー騎乗位
red bra,赤下着
half-closed eye,半目
multicolored bikini,多色のビキニ
gold necklace,ゴールドネックレス
unworn jacket,ジャケットが削除されました
playing games,ゲームで遊んでいる
bandaid on cheek,頬に盗賊
coffee mug,コーヒーカップ
reclining,凭れる
full armor,フルアーマー
multiple horns,複数の角
frilled panties,フリルパンティー
o-ring choker,Oリングチョーカー
meat,肉
cane,杖
large bow,大弓
gold bracelet,ゴールドブレスレット
steepled fingers,指合わせ
barcode,バーコード
exhibitionism,露出オナナニー
vertical-striped dress,竖条纹连衣裙
boy on top,上に少年
single elbow glove,单侧长筒手套
brown tail,茶色の尾
explosive,爆発物
striped skirt,ストライプスカート
iron cross,タッツェンクロイツ
leaning on person,凭れる
blue belt,青いベルト
cum on ass,尻ぶっかけ
noodles,ヌードル
radio antenna,アンテナ
blood on weapon,武器の血
low-braided long hair,低位发辫长发
sakazuki,盃
holding axe,xを保持します
food print,フードプリント
yellow cardigan,イエローカーディガン
blue overalls,青いオーバーオール
heart-shaped food,ハート型の食べ物
rectangular eyewear,長方形のアイウェア
grey sailor collar,灰色のセーラーカラー
sakuragaoka high school uniform,桜が丘女子高等学校制服
leather jacket,ライダース
river,川
single shoe,シングルシューズ
perineum,蟻の門渡り
grey cardigan,灰色のカーディガン
raccoon girl,アライグマ娘
purple leotard,紫のレオタード
dot mouth,ドット口
pink shorts,ピンクのショートパンツ
sideways mouth,侧嘴
arm garter,アームガーター
amputee,アクロトモフィリア
blue ascot,青いアスコット
notebook,ノート
multicolored wings,多色の翼
kissing cheek,ほっぺちゅー
flower wreath,花輪
wolf,オオカミ
lightning bolt symbol,稲妻のシンボル
grey socks,灰色の靴下
updo,盘发
mixed-language text,混合言語テキスト
thigh holster,レッグホルスター
thank you,ありがとう
sleeveless kimono,ノースリーブの着物
on desk,机の上
unworn skirt,没穿的裙子
ankle socks,短袜
purple sleeves,紫色の袖
cowlick,カウリック
nekomata,ねこまた
sweater lift,セーターリフト
snout,鼻口部
bokeh,ボケ表現
company connection,制作会社繋がり
viewfinder,ファインダー
leopard print,ヒョウ柄
hand on another's back,他の人の背中に手をかけます
panty peek,隙パン
gradient clothes,グラデーション服
turn pale,顔面蒼白
shopping bag,レジ袋
holding controller,コントローラーを保持します
hot,暑い
narrowed eyes,狭い目
hand on own ass,自分のお尻に手をかけます
manly,男らしさ
firing,撃つ
two-sided cape,両側ケープ
jiangshi,キョンシー
corruption,悪堕ち
tank,タンク
heart-shaped box,心型盒子
dragon boy,けもりぅ
octoling,オクトリング
waves,浪花
bird ears,鸟耳羽
heart necklace,ハートネックレス
fucked silly,んほぉ系
holding scythe,鎌を保持します
mouse (animal),ラッテ
dango,だんご
;p,眨眼吐舌
white horns,白い角
leotard under clothes,レオタ見せ衣装
open hoodie,オープンパーカー
teardrop,涙の雫
fashion,ファッション
waistcoat,ウェストコート
costume switch,衣装交換
castle,城堡
sepia,セピア
red buruma,赤ブルマ
twitching,痙攣
torn dress,引き裂かれたドレス
white headband,白いヘッドバンド
black veil,黒いベール
ranguage,Ranguage
holding pom poms,手持啦啦队绒球
arm around shoulder,肩を組む
cow print thighhighs,牛柄ニーソ
ooarai school uniform,大洗女子学園
pointing at self,自己を指す
four-finger heart hands,指でハート
blue wings,青い翼
bun with braided base,发辫基底发髻
painterly,厚塗り
green sailor collar,グリーンセーラーカラー
pawpads,肉球
unworn clothes,脱いだ服
broken,损坏的
covering face,顔隠し
purple bra,紫ブラ
holding drink,飲み物を持っています
humanoid robot,人型ロボット
uwabaki,上履き
lifting person,持ち上げる
poster (object),ポスター
loose necktie,ゆるいネクタイ
black sash,ブラックサッシ
competition school swimsuit,競スク
faulds,腰甲
green cape,グリーンケープ
armpit hair,腋毛
plaid scarf,格子縞のスカーフ
slime (substance),スライム
black camisole,黒いキャミソール
beer mug,ジョッキ
blue buruma,紺ブルマ
metal collar,メタルカラー
gradient sky,渐变天空
cum on tongue,溜め精液
high-waist shorts,ハイウエストショーツ
landscape,自然风景
white headdress,白い頭飾り
v over eye,横ピース
policewoman,婦警
red sclera,赤白目
aegyo sal,エギョサル
water gun,みずでっぽう
yellow shorts,黄色のショートパンツ
fedora,ソフト帽
white feathers,白い羽
diagonal-striped bow,斜めの裂けた弓
holding mask,マスクを保持します
pumps,パンプス
navel hair,脐下毛
collared coat,襟付きコート
single detached sleeve,シングルデタッチされたスリーブ
shorts pull,短裤下拉
erune,エルーン
abstract background,抽象背景
sailor senshi uniform,セーラーセンシユニフォーム
twisted torso,振り向く
fox boy,狐男
holding towel,タオルを持っています
black lips,黑嘴唇
wing ornament,翼の飾り
sagging breasts,垂れ乳
hypnosis,催眠
orange (fruit),オレンジ
hands on own knees,膝の上
hachimaki,ハチマキ
oppai loli,ロリ巨乳
furry with non-furry,非乱闘で毛皮で
against glass,ガラス越し
downblouse,胸チラ
hand on another's arm,他の人の腕に手をかけます
cat hair ornament,猫の髪の飾り
album cover,CDアルバム
diamond button,ダイヤモンドボタン
bite mark,噛み跡
musical note hair ornament,ノートノートヘアオーナメント
plaid dress,条格连衣裙
heart choker,ハートチョーカー
purple vest,紫色のベスト
deep penetration,子宮をノック
yellow pupils,黄色瞳孔
improvised gag,非常规口塞
frilled gloves,フリルグローブ
crystal wings,クリスタルウィングス
blue fur,青い毛皮
whip,ムチ
demon,デビル
tight pants,紧身裤
tie clip,ネクタイピン
girl sandwich,両手に花
orange bikini,オレンジビキニ
track pants,ズボンを追跡します
furisode,振り袖
pink scarf,ピンクのスカーフ
aqua shirt,水色シャツ
wispy bangs,すだれ前髪
crotchless,オープンクロッチ
high-waist pants,ハイウエストパンツ
v-fin,V字アンテナ(ガンダム)
reverse outfit,逆衣装
over-kneehighs,オーバーニー
dark nipples,黒乳首
microphone stand,マイクスタンド
bikini bottom aside,股布ずらし
bone,骨
trading card,トレーディングカード
white cat,白い猫
flip phone,折り畳み式携帯電話
\m/,我爱你手势
purple coat,紫色のコート
still life,静物
purple pants,紫色のズボン
loincloth,前掛け
drill sidelocks,螺旋状鬓发
uneven eyes,不均一な目
old school swimsuit,旧スク
ambiguous gender,性別不明
artistic error,艺术错误
kitchen,キッチン
thong bikini,丁字裤比基尼
onigiri,おにぎり
dark elf,ダークエルフ
back cutout,背部开口
penguin,ペンギン
red sailor collar,レッドセーラーカラー
purple rose,紫玫瑰
perspective,パース
hand in another's hair,他の人の髪に手を入れます
ears down,耳を下ろします
looking at animal,動物を見ています
yellow scarf,黄色のスカーフ
anal beads,アナルビーズ
triangle,三角形
o-ring thigh strap,Oリング太ももストラップ
multiple earrings,複数のイヤリング
robot ears,メカ耳
stomach tattoo,胃の入れ墨
convenient leg,ディフェンスに定評のある左足
long tongue,長舌
evil grin,邪恶的露齿笑
energy,エネルギー
pinky out,小指立て
family,家族
single sleeve,シングルスリーブ
3:,ひの字口
partially undressed,半脱ぎ
crow,カラス
torpedo,魚雷
holding leash,ひもを保持します
earpiece,イヤピース
painting (object),絵中絵
diagonal bangs,斜刘海
hand on another's waist,他の人の腰に手をかけます
holding strap,手持物品固定带
yandere,ヤンデレ
orange sky,オレンジの空
people,人々
mega pokemon,メガシンカポケモン
chess piece,チェス駒
zombie,ゾンビ
laurel crown,月桂花环
computer keyboard,キーボード
revolver,リボルバー
pervert,変態
e.g.o (project moon),E.G.O戦
autumn,秋
medical eyepatch,医用眼罩
two-sided jacket,両面ジャケット
towel around neck,首の周りのタオル
red socks,赤い靴下
??,??
starfish,ヒトデ
time paradox,タイムパラドックス
thighhighs under boots,ブーツの下の太もも
shirt pull,衬衫下拉
hair beads,发珠
pole,ぼう
asymmetrical horns,非対称の角
stage,舞台
goth fashion,ゴシック
spotlight,スポットライト
bra pull,下ズレ
waking up,寝起き
red trim,赤いトリム
see-through dress,透视连衣裙
ear tag,耳タグ
clone,分身
reverse bunnysuit,逆バニー
colored tongue,色付きの舌
disembodied penis,离体阴茎
layered clothes,重ねられた服
interface headset (evangelion),インタフェイスヘッドセット
money,お金
rose print,ローズプリント
pubic hair peek,ハミ毛
horror (theme),なにこれこわい
pillarboxed,柱箱
\||/,\ ||/
mini wings,ミニウィング
horn ribbon,ホーンリボン
santa dress,サンタドレス
tablet pc,タブレットPC
bird tail,尾羽
blue scrunchie,ブルーシュリューチー
grabbing own ass,セルフ尻揉み
front ponytail,前马尾
lightning,雷
heart-shaped chocolate,ハート型のチョコレート
mother and son,母と息子
heart background,心の背景
statue,彫像
scar on nose,鼻に傷
engrish text,テキストの刻印
open door,開いたドア
green coat,緑のコート
boat,ボート
arm rest,ひじかけ
throne,玉座
winter coat,冬物コート
machinery,機械
wine bottle,ワインボトル
breast curtains,おっぱい前掛け
suggestive fluid,謎の白い液体
road sign,道路標識
mixed-sex bathing,混浴
nintendo switch,ニンテンドースイッチ
aqua bowtie,アクアボウタイ
muted colors,落ち着いた色
blue sash,青いサッシ
animal feet,ケモ足
reverse suspended congress,アナル固め
doorway,ドア
black leggings,黒いレギンス
grapes,ぶどう
asymmetrical footwear,非対称の履物
energy sword,レーザーブレード
breast lift,乳上げ
fur hat,毛皮の帽子
blue pupils,蓝色瞳孔
holding another's arm,他の人の腕を持っています
jacket around waist,腰結び
machine gun,マシンガン
demon slayer uniform,デーモンスレイヤーユニフォーム
lion girl,ライオン耳
leotard aside,股布ずらし
goggles on headwear,帽子のゴーグル
pointing up,指し示します
bicycle,ママチャリ
stick,小木棍
hand on another's thigh,他の人の太ももに手を渡します
mole on thigh,太もものほくろ
looking at phone,電話を見ています
anchor hair ornament,アンカー髪の飾り
pouring,注ぐ
double handjob,両手に茎
coattails,コートセール
bubble skirt,パニエ
twilight,夕暮れ
paper fan,纸扇
hand on another's chest,他の人の胸に手をかけます
take your pick,多人身体展示
thorns,茨
two-tone skirt,ツートンスカート
backwards hat,後ろ向きの帽子
white halo,白色光环
animal penis,ケモチン
bird girl,トリケモ
red cloak,赤いマント
female pov,女性主観視点
tracen training uniform,トレセン学園ジャージ
holding dagger,短剣を保持します
elbow pads,エルボーサポーター
locker,ロッカー
untied bikini top,未系带的比基尼上衣
kotatsu,こたつ
pun,ダジャレ
non-humanoid robot,非ヒューマノイドロボット
male masturbation,男オナニー
crab,かに
bandage over one eye,片目の包帯
school,学校
male maid,メイド男子
beak,くちばし
tomoe (symbol),巴紋
tail ribbon,しっぽリボン
shore,きし
striped scarf,縞模様のスカーフ
facing to the side,面向侧边
cropped shoulders,肩下裁切
white cloak,白いマント
hands on another's shoulders,肩に手
halftone background,网点背景
aqua dress,水色连衣裙
baby,赤ちゃん
hands on another's face,他の人の顔の手
black bridal gauntlets,黒いブライダルガントレット
pussy peek,マンチラ
no socks,素足履き
tokiwadai school uniform,常盤台制服
pointy hair,先のとがった髪
brown horns,茶色の角
spider lily,ヒガンバナ
chest belt,胸ベルト
planted sword,插在地上的剑
rose petals,玫瑰花瓣
ringlets,縦ロール
sake,酒
forked eyebrows,分叉的眉毛
mask pull,口罩拉开
prosthetic arm,義手
lipstick mark,キスマーク
orgy,乱交
arm hair,腕の毛
purple gem,アメシスト
crowd,群衆
holding doll,人形を持っています
side cutout,侧身开口
crazy eyes,クレイジーな目
bike shorts under skirt,スカートの下の自転車ショーツ
purple wings,紫色の翼
grey fur,灰色の毛皮
dressing,着る
unmoving pattern,動かないパターン
armchair,ひじ掛け
red scrunchie,赤いシュシリー
mechanical wings,机械翅膀
urethra,にょうどう
power armor,パワードスーツ
orange nails,橙色指甲
letter,手紙
u u,u u
ladle,おたま
cable knit,ケーブルニット
spring onion,長ネギ
soap bubbles,シャボン玉
x-shaped pupils,X字型の生徒
reverse grip,逆手持ち
pink sleeves,ピンクの袖
unsheathing,解放されていない
purple cape,パープルケープ
taut shirt,贴身衬衫
striped ribbon,ストライプリボン
strap pull,肩紐ずらし
black headband,黒いヘッドバンド
ceiling,天井
on bench,ベンチで
dress flower,花の花
snowman,雪だるま
pink leotard,ピンクレオタード
otonokizaka school uniform,国立音ノ木坂学院制服
penis on face,顔面チンポ置き
test tube,試験管
breast tattoo,胸のタトゥー
yellow rose,黄色のバラ
wedgie,食い込み
dimples of venus,ウェヌスのえくぼ
purple choker,パープルチョーカー
cross scar,十字傷
unworn mask,マスクオフ
fighting,けんか
shooting star,流れ星
gears,齿轮
in-franchise crossover,シリーズ接続
flower earrings,花のイヤリング
frilled socks,フリル靴下
damaged,メカバレ
green scarf,緑のスカーフ
clover,クローバー
romaji text,ローマ字
robot girl,ロボ娘
leaf print,リーフプリント
glitch,ノイズ
transformation,状態変化
spread anus,アナルくぱぁ
peeking out,のぞき
bursting breasts,ボタン飛ばし
blue pantyhose,ブルーパンスト
chick,ひよこ
colored pubic hair,色付きの陰毛
jar,瓶
orange necktie,オレンジ色のネクタイ
ribbed shirt,棱纹衫
office chair,オフィスチェア
no nipples,乳首はありません
orange ribbon,オレンジ色のリボン
silk,絹
reverse trap,男装の麗人
red pantyhose,レッドパンスト
underboob cutout,南半球开口
yukkuri shiteitte ne,ゆっくりしていってね
pocket watch,懐中時計
black cardigan,ブラックカーディガン
brown scarf,茶色のスカーフ
spoken squiggle,話しかけられた波状
orange bowtie,オレンジボウタイ
brown sweater vest,茶色のセーターベスト
after fellatio,フェラチオの後
albino,アルビノ
karakasa obake,唐傘お化け
middle finger,ファックサイン
imminent rape,レイプフラグ
breast suppress,用手压胸部
ship,船
chewing gum,風船ガム
shop,お店
big belly,ボテ腹
dragon print,ドラゴンプリント
pirate hat,海賊帽
female pervert,変態ほむらさん
orange-tinted eyewear,オレンジ色のアイウェア
polka dot panties,水玉パンツ
evolutionary line,イーブイズ
blue tail,青い尾
butterfly wings,蝶の羽
flip-flops,ビーチサンダル
shikishi,色紙
thinking,考える
pink bag,ピンクのバッグ
imminent vaginal,即将插入阴道
strapless bikini,バンドゥビキニ
penis awe,見せ槍
lake,湖
green sleeves,緑の袖
naked ribbon,裸リボン
crossed ankles,足首を横切った
pendant choker,ペンダントチョーカー
huge nipples,デカ乳首
trench coat,トレンチコート
macaron,マカロン
american flag print,アメリカ国旗の印刷
imagining,想像
stomach cutout,へそ窓
locked arms,ロックされた腕
yume kawaii,ゆめかわいい
death,死亡
frilled one-piece swimsuit,フリル付きスク水
white eyelashes,白色睫毛
tower,タワー
large tail,大きな尾
anal tail,アナル尻尾
green hairband,緑のヘアバンド
hydrangea,アジサイ
egg vibrator,ローター
gold chain,ゴールドチェーン
spoken anger vein,話された怒りの静脈
closed umbrella,閉じた傘
torn skirt,破れたスカート
anus peek,アナルチラ
lower body,下半身
green thighhighs,緑の太もも
bandaged head,頭の包帯
kyuubi,九尾の狐
poking,つんつん
feather hair,羽毛
bleeding,出血
taur,タウル
opaque glasses,曇り眼鏡
wrist ribbon,リストリボン
lion tail,ライオンテール
shotgun,ショットガン
yellow theme,黄
red rope,赤いロープ
yellow skin,黄肌
purple shorts,紫色のショートパンツ
tomato,トマト
sleeveless sweater,ノースリーブセーター
envelope,信封
unworn helmet,ヘルメットが削除されました
jirai kei,地雷系
business suit,ビジネススーツ
irrumatio,イラマチオ
breast envy,胸囲の格差社会
puddle,水たまり
holding paintbrush,ペイントブラシを保持します
body blush,体の赤面
spoken interrobang,話されたインターロバン
armpit peek,腋チラ
rabbit pose,うさみみポーズ
lying on person,躺着别人身上
toilet,トイレ
bear,クマ
pentagram,ペンタグラム
glowstick,サイリウム
assault visor,攻撃バイザー
deepthroat,イラマチオ
horseshoe ornament,馬蹄形の飾り
quiver,矢筒
blue cardigan,ブルーカーディガン
okobo,おこぼ
aqua skirt,アクアスカート
lemon,レモン
reflective liquid,反射(水面)
red-tinted eyewear,赤い色のアイウェア
multicolored skirt,多色のスカート
wet panties,ウェットパンティー
blowing bubble gum,吹泡泡糖
gym shorts,ジムショーツ
wall,壁
blue lips,蓝嘴唇
color guide,カラーガイド
orange gloves,橙手套
folded fan,折叠的扇子
blue serafuku,青いserafuku
garreg mach monastery uniform,Garreg Mach Monasteryユニフォーム
inverted bob,前下がりボブ
yellow kimono,黄色の着物
diffraction spikes,回折スパイク
miniboy,小人
plunging neckline,プランジングネック
suction cups,吸盤
grey panties,グレー下着
sleeve bow,袖の弓
cat paws,猫の手グローブ
stand (jojo),スタンド(ジョジョの奇妙な冒険)
holding baseball bat,野球のバットを持っています
arm hug,腕を組む
deer ears,鹿の耳
flaccid,弛緩
quad tails,四马尾
finger gun,指鉄砲
upright straddle,対面座位
large hat,大きな帽子
hairpods,ヘアポッド
colorful,カラフル
bra peek,ブラチラ
purple sailor collar,パープルセーラーカラー
mechanical tail,機械的な尾
cat hood,猫耳パーカー
hooded capelet,フード付きカペレット
bolt action,ボルトアクション方式
spider web,クモの網
dancer,踊り子
triangle hair ornament,三角髪の飾り
frilled kimono,フリル型着物
flashing,パンモロ
bangs pinned back,前髪が固定された
debris,残骸
lock,じょうまえ
holding basket,バスケットを持っています
reindeer antlers,トナカイコス
holding flag,旗を保持します
after anal,ぽっかりアナル
lowleg panties,ローライズパンツ
grey sky,灰色の空
hairy,毛深い
fat mons,ぷにまん
mitsudomoe (shape),三つ巴
waterfall,滝
argyle background,アーガイルの背景
dress pull,裙子拉开
fog,霧
whistle around neck,首の周りを口whi
subtitled,字幕
plaid bowtie,格子縞のボウタイ
winged arms,翼腕
tail through clothes,服を通して尾
pizza,ピザ
see-through silhouette,乳シルエット
food on body,体の食べ物
red armor,赤い鎧
arm around neck,首の周りに腕
carrot hair ornament,ニンジンの髪の飾り
aroused,ムラムラ
white trim,白いトリム
holding hammer,ハンマーを保持します
nostrils,鼻の穴
cat cutout,猫窗
grabbing another's penis,抓住阴茎
w arms,W ARMS
red bag,赤い袋
hose,ホース
purple sash,パープルサッシ
frilled capelet,フリルcapelet
white sash,白いサッシ
unbuttoned shirt,ボタンのないシャツ
domino mask,ドミノマスク
towel on head,頭にタオル
too many,多すぎる
fusion,フュージョン
wolf cut,ウルフカット
yellow panties,黄パンツ
clothed pokemon,服を着たポケモン
shibari over clothes,衣服の上の恥ずかしさ
paizuri under clothes,着衣パイズリ
mechanical legs,机械腿
kurokote,黒小手
bangboo (zenless zone zero),ボンプ
panty straps,見せハイレグパンツ
novelty censor,新奇打码
white tail,白い尾
chef hat,コック帽
hooded cape,フード付きケープ
earth (planet),地球
cracked skin,ひび割れた肌
bone hair ornament,骨毛の飾り
circle,円
command spell,令呪
parfait,パフェ
spacesuit,宇宙服
tengu-geta,天狗木屐
striped pants,ストライプ柄パンツ
yellow horns,黄色の角
energy gun,光線銃
clothed animal,服を着た動物
father and son,父息子
spacecraft,宇宙船
gourd,ひょうたん
wizard hat,巫师帽
sword on back,背中に剣
rubber duck,ラバーダック
christmas ornaments,クリスマスの装飾品
short bangs,オンザ眉毛
purple tail,紫の尾
butt plug,アナルプラグ
hair flowing over,髪の毛が流れます
shouji,障子
cheek-to-cheek,頬擦り
knees to chest,膝から胸
two-tone bow,ツートンボウ
numbered,番号付き
star halo,スターハロー
hagoromo,羽衣
multicolored horns,多色角
sheep girl,羊娘
guro,グロ
mandarin orange,みかん
white scrunchie,白いシュシリー
holding cat,猫を抱いています
bikini top lift,上ズレ
spread ass,分开臀部
holding behind back,後ろの後ろ
soul gem (madoka magica),ソウルジェム
tokusatsu,特撮ヒーロー
roots (hair),プリン頭
trident,トライデント
leg hair,すね毛
chaldea master uniform,魔術礼装・カルデア
hair horns,角ヘア
beer can,缶ビール
violin,ヴァイオリン
paint splatter,スプラッタをペイントします
white mask,白いマスク
small horns,小さな角
glowing weapon,发光的武器
super saiyan,超サイヤ人
single hair ring,シングルヘアリング
heart o-ring,ハートOリング
animal ear headwear,動物の耳の帽子
flexible,柔软
bustier,ビスチェ
biting own lip,唇を噛む
framed breasts,框缚胸部
surgical mask,衛生マスク
sandwich,サンドイッチ
nontraditional playboy bunny,バニースーツ
grabbing another's thighs,他の人の太ももを持っています
two-footed footjob,2フィートの足ジョブ
bodypaint,ボディペイント
flustered,慌てる
sheep ears,羊耳
thick eyelashes,厚いまつげ
gloom (expression),落ち込む
song name,曲名
tongue piercing,舌ピアス
spread toes,足くぱぁ
>:(,烦躁
sideless outfit,サイドオープン
puckered lips,唇をすり抜けます
wa maid,和風メイド
pocky in mouth,口の中のポッキー
fishing rod,釣り竿
spade (shape),スペード
bandaids on nipples,BAN装甲
one-piece swimsuit pull,连体泳衣拉扯
condom in mouth,咥えゴム
horizontal pupils,横瞳
:>=,ひょっとこフェラ
holding gohei,Goheiを保持します
two-tone bikini,ツートンバニー
text background,背景テキスト
milk,ぎゅうにゅう
drum,ドラム
holding pokemon,ポケモンを保持します
pink fur,ピンクの毛皮
covered face,覆われた顔
pancake,ホットケーキ
seagull,かもめ
birthday cake,バースデーケーキ
single fingerless glove,シングルフィンガーレスグローブ
pussy juice trail,垂れ愛液
egasumi,ヱ霞
swimsuit aside,股布ずらし
overskirt,罩裙
goggles around neck,首の周りのゴーグル
pink hoodie,ピンクのパーカー
yoga pants,ヨガウェア
pince-nez,Pince-Nez
strapless shirt,ストラップレスシャツ
shoulder spikes,肩のスパイク
plectrum,ギターピック
holding game controller,拿着游戏手柄
no pussy,ぜろなり
black apron,黒いエプロン
obiage,帯揚げ
finger to cheek,頬に指
twitter logo,Twitterロゴ
cupcake,カップケーキ
library,図書館
white suit,白色西装
white cardigan,白いカーディガン
notched ear,耳朵缺口
skates,冰刀
pussy juice stain,猫ジュースの汚れ
cat lingerie,ねこランジェリー
pink apron,ピンクのエプロン
hand under clothes,服の中で乳揉み
tissue box,ティッシュボックス
hair tie in mouth,咥え髪留め
bullet,銃弾
holding clipboard,拿着写字板
letterman jacket,スタジアムジャンパー
alternate form,代替フォーム
bag charm,バッグチャーム
turtleneck dress,高领毛衣连衣裙
1980s (style),1980年代
aqua neckerchief,アクアネッカチーフ
2023,2023年
spoken character,对话框中的角色
aiming at viewer,カメラ銃口
maid bikini,メイドビキニ
octopus,タコ
fur-trimmed hood,毛皮のトリミングされたフード
yellow-framed eyewear,黄色のフレームのアイウェア
smelling,嗅ぐ
button badge,ピンバッジ
duck,カモ
white-framed eyewear,白色のアイウェア
piggyback,おんぶ
orange shorts,オレンジ色のショートパンツ
heart balloon,ハートバルーン
paper bag,紙袋
milestone celebration,マイルストーンのお祝い
pink socks,ピンクの靴下
au ra,アウラ(FF14)
talons,鉤爪
vegetable,やさい
after kiss,キスの後
sheep,ひつじ
sparse pubic hair,アンダーヘア
feather boa,フェザーボア
latex bodysuit,ラバースーツ
toe scrunch,つま先のスクランチ
rapier,レイピア
burn scar,火傷
black garter straps,黑色吊袜带
crescent earrings,三日月形
green hoodie,緑のパーカー
microdress,微型连衣裙
brand name imitation,ブランド名の模倣
character profile,プロフィール
blue bag,青いバッグ
hand on own leg,自分の脚に手をかけます
small penis,粗チン
black feathers,黒い羽
red hoodie,赤いパーカー
impossible shirt,不可能なシャツ
borrowed clothes,彼ジャージ
eyepatch bikini,眼帯ビキニ
holding smoking pipe,喫煙パイプを保持
cage,檻
skin fangs,皮の牙
puffy detached sleeves,ふくらんで取り外した袖
kunai,くない
pokephilia,ポケ姦
spitroast,串刺しセックス
city lights,街の明かり
2024,2024年
cum on legs,足に精液
pink pants,ピンクのズボン
wiffle gag,带洞口球
cum pool,精液水洼
two-tone bodysuit,ツートンボディスーツ
floor,床
impossible bodysuit,ぴっちりスーツ
unaligned breasts,上下弹跳的乳房
megaphone,メガホン
romper,ロンパース
brown ribbon,茶色のリボン
> o,> o
hand over own mouth,捂嘴
flag print bikini,国旗ビキニ
black sweater vest,黒いセーターベスト
danmaku,弾幕ごっこ
flower pot,植木鉢
swimming,泳ぐ
sleepwear,寝間着
thigh pouch,太ももポーチ
stage lights,ステージライト
latin cross,ラテン十字
constellation,星座
bikini pull,比基尼拉扯
white leg warmers,白いレッグウォーマー
purple serafuku,パープルセラフク
head back,仰け反り絶頂
very long tail,非常に長い尾
bar (place),バー
cuts,切り傷
spanked,スパンキング
unworn bra,ブラ抜き
treble clef,ト音記号
ancient egyptian,エジプト
fisheye,魚眼レンズ
bat print,バットプリント
yellow belt,黄色のベルト
black scrunchie,ブラックシュリューヒー
briefcase,ブリーフケース
magazine (weapon),マガジン
bandaged neck,包帯首
throwing,投てき
wide spread legs,大股開き
hand on another's hip,他の人の腰を手にします
evening gown,イブニングドレス
orange fur,オレンジ色の毛皮
sparkle background,輝く背景
crotch,股間
candy apple,りんご飴
heart facial mark,ハートフェイシャルマーク
leaning,倾斜站立
eastern dragon,龍
jingasa,陣笠
holding lantern,ランタンを保持します
heart tattoo,ハートタトゥー
white sports bra,ホワイトスポーツブラ
request inset,お題箱
screenshot inset,スクリーンキャップの挿入図
cheese,チーズ
spider web print,蜘蛛の巣柄
finger in another's mouth,口内指責め
bulletproof vest,防弾チョッキ
upturned eyes,上目遣い
cosmetics,空想コスメ
horned helmet,角のあるヘルメット
embers,火の粉
ancient greek clothes,古代ギリシャ
platform shoes,厚底鞋
string of fate,赤い糸
ribbon-trimmed thighhighs,リボントリミングされた大腿部
snake tail,蛇尾
gloved handjob,手袋コキ
popsicle in mouth,咥えアイス
sailor,セーラー
harpy,ハーピー
flame-tipped tail,炎の尾
triangle earrings,三角イヤリング
oversized shirt,特大のシャツ
remote control,リモコン
unworn shirt,シャツが削除されました
multiple braids,多发辫
tiger,トラ
flute,フルート
checkered skirt,チェッカースカート
frying pan,フライパン
shide,紙垂
mage staff,魔法の杖
unsheathed,抜き身
nude cover,裸タオル
scope,スコープ
surreal,シュルレアリスム
stuffed cat,ぬいぐるみ
soccer uniform,サカユニ
gown,ボールガウンドレス
kodomo doushi,インピオ
bass guitar,ベース
red moon,赤い月
purple scarf,紫色のスカーフ
holding syringe,シリンジを保持します
cum on stomach,腹部上的精液
police hat,警帽
wrench,レンチ
holding handheld game console,ハンドヘルドゲームコンソールを保持します
showering,シャワー
holding arrow,矢を保持します
thong leotard,丁字裤紧身衣
teacher,教師
prone bone,寝バック
calligraphy brush,ふで
writing,書き込み
shortstack,ショートスタック
grey bow,灰色の弓
soldier,軍人
gaping,拡張済み
two-handed,両手持ち
gold choker,ゴールドチョーカー
broken glass,割れたガラス
instagram username,Instagramユーザー名
green leotard,グリーンレオタード
harem outfit,踊り子の服
head-mounted display,ヘッドマウントディスプレイ
blue horns,青い角
lily pad,睡莲叶
petting,撫でる
striped sleeves,条纹袖
purple bodysuit,紫色のボディスーツ
checkered scarf,チェック柄マフラー
pink eyeshadow,ピンクのアイシャドウ
steamed bun,中華まん
pearl earrings,パールイヤリング
pointy nose,とがった鼻
multiple crossover,複数のクロスオーバー
multiple 4koma,複数の4koma
scowl,ニラマレ
ceiling light,シーリングライト
1koma,1コマ
purple sky,紫の空
holding sheath,鞘を保持します
sushi,すし
;q,眨眼向上吐舌
mechanical horns,機械的ホーン
finger on trigger,指トリガー
2025,クリスマス2025
white bag,白い袋
plaid necktie,格子縞のネクタイ
scar on forehead,額に傷
hand on another's neck,他の人の首に手をかけます
cat hat,猫耳帽子
raincoat,レインコート
holding underwear,下着を持っています
french fries,ポテト
cooperative fellatio,Wフェラ
driving,ドライブ
lance,ランス
deer antlers,鹿の角
trash can,ゴミ箱
train,電車
gekkoukan high school uniform,Gekkoukan High Schoolの制服
falling feathers,落ちる羽
pink scrunchie,ピンクのシュシュ
kanzashi,かんざし
strangling,首絞め
mismatched footwear,不一致の履物
2022,2022年
light trail,ライトトレイル
aqua ribbon,アクアリボン
reverse upright straddle,背面座位
pill,カプセル剤
torn sleeves,引き裂かれた袖
fluffy,ふわふわ
white nails,白色指甲
yellow sash,黄色いサッシ
happy halloween,ハッピーハロウィーン
tusks,牙
crescent pin,三日月のピン
candlestand,燭台
banana,バナナ
hallway,廊下
cream,クリーム
tiger boy,タイガーボーイ
grey tail,灰色の尾
chips (food),野菜チップス
official alternate hair color,公式の代替髪の色
two-tone swimsuit,ツートンの水着
assisted exposure,脱がす
rooftop,屋上
multiple scars,複数の傷
dirty face,汚れた顔
cone horns,锥角
on shoulder,肩乗り
squirrel ears,リスの耳
head grab,ヘッドグラブ
bodysuit under clothes,服の下のボディスーツ
lamia,ラミア
staring,見つめる
instant loss,即堕ち2コマシリーズ
on table,机上位
layered bikini,レイヤードビキニ
map,マップ
frilled pillow,フリル枕
behind another,背後から胸揉み
blue apron,青いエプロン
chicken,にわとり
ribbon-trimmed skirt,リボントリムスカート
defloration,破瓜
pink belt,ピンクのベルト
holding swim ring,InnerTubeを保持します
clothes in mouth,嘴里含着衣服
mating press,種付けプレス
banner,横幅
puppet,パペット
leg lock,だいしゅきホールド
shrine,神社
clover hair ornament,クローバーの髪の飾り
bandaid hair ornament,バンダイドの髪の飾り
jellyfish,くらげ
purple sweater,紫色のセーター
afloat,浮く
tall female,デカ女
soda can,ソーダ缶
strappy heels,系带高跟鞋
piano,ピアノ
holding sign,保持標識
white bird,白い鳥
tsundere,ツンデレ
holding another's leg,抓住别人的腿
holding sack,袋を持っています
stylus,スタイラス
covered abs,覆われた腹筋
hickey,キスマーク
bikini tan,水着跡
omelet,オムレツ
red bandana,レッドバンダナ
nipple rings,乳环
colored bangs,染めた前髪
multicolored hairband,多色ヘアバンド
fellatio gesture,フェラ素振り
swim trunks,海パン
exercising,エクササイズ
brown capelet,茶色のカペレット
flower ornament,花の飾り
straddling paizuri,馬乗りパイズリ
humiliation,羞恥プレイ
energy wings,光の翼
sun symbol,太陽のシンボル
pink tail,ピンクの尾
torn bodysuit,引き裂かれたボディスーツ
sideways,图像侧置
fewer digits,少指
employee uniform,従業員のユニフォーム
holding plectrum,プレクトラムを保持します
electric fan,扇風機ぶわさ
grey border,灰色の境界線
hand grab,手つなぎ
shark hair ornament,サメの髪の飾り
bird on head,頭の鳥
unamused,つまらない
unusually open eyes,開眼
car interior,車内
lotus,ハス
bubble tea,タピオカミルクティー
polka dot bikini,水玉ビキニ
contrail,飛行機雲
multicolored fur,多色の毛皮
chain leash,チェーンリーシュ
happy valentine,ハッピーバレンタインデー
magazine cover,雑誌の表紙
medal,メダル
emoji,絵文字
lace panties,レースパンティー
see-through skirt,透视裙子
goat ears,ヤギ耳
teardrop facial mark,泪滴面纹
character print,キャラクタープリント
yellow vest,黄色のベスト
toy,おもちゃ
shoulder boards,军衔
mochi,もち
:i,ふくれっ面
body freckles,体のそばかす
tucking hair,髪かきあげて
in box,箱入り娘
virgin killer sweater,童貞を殺すセーター
lowleg bikini,低腰比基尼
looking over eyewear,越过眼镜看
red umbrella,赤い傘
ok sign,OKサイン
denim skirt,デニムスカート
stained glass,ステンドグラス
dusk,黄昏
worried,悩み
feather earrings,羽のイヤリング
kindergarten uniform,スモック
roswaal mansion maid uniform,ロスワールマンションメイドユニフォーム
orange hairband,オレンジ色のヘアバンド
bound ankles,縛られた足首
diamond hairband,ダイヤモンドヘアバンド
praying,祈り
princess,プリンセス
string of flags,彩旗
pompadour,リーゼント
striped tail,縞模様の尾
flower symbol,花形符号
sleeves pushed up,腕まくり
flask,フラスコ
red fur,赤い毛皮
bow choker,弓チーカー
ejaculating while penetrated,ところてん
strap between breasts,タクティカルパイスラッシュ
cumulonimbus cloud,入道雲
torn cape,引き裂かれたケープ
profanity,言葉責め
torn shorts,破损的短裤
lineup,しりならべ
brown cape,ブラウンケープ
ramen,らーめん
basketball (object),バスケットボール
clitoral stimulation,クリ責め
haneoka school uniform,羽丘女子学園
foot up,片足上げ
single kneehigh,片足ソックス
brown sailor collar,ブラウンセーラーカラー
chest strap,乳ベルト
blue eyeshadow,青いアイシャドウ
super crown,スーパークラウン
plastic bag,ポリ袋
eyebrow piercing,眉のピアス
cum on penis,阴茎上的精液
needle,針
purple-tinted eyewear,紫色の色合いのアイウェア
smell,臭いフェチ
slime (creature),スライム
confused,きょとんハテナ
bandaid on arm,腕のバンダイド
squirrel tail,リスの尾
suspender shorts,サスペンダーショーツ
stray pubic hair,抜け陰毛
hands on own head,自分の頭の手
toon (style),カートゥーン
stitched face,ステッチされた顔
holding condom,拿着避孕套
partially shaded face,部分阴影遮挡的脸部
hiding,隠れる
game console,ゲーム機
pudding,プリン
seashell,貝殻
graffiti,グラフィティ
shovel,シャベル
suspension,悬挂捆绑
green neckerchief,緑のネッカチーフ
user interface,ユーザーインターフェース
diamond cutout,ダイヤモンドの切り抜き
grey sleeves,灰色の袖
aqua jacket,アクアジャケット
quill,羽ペン
utaite,歌い手
hand on another's ass,他の人のお尻に手をかけます
purple eyeshadow,紫のアイシャドウ
blue-framed eyewear,青色フレームのアイウェア
food on head,頭の食べ物
newspaper,新聞
arch,アーチ
monkey tail,モンキーテール
grey horns,灰色の角
nipple bar,乳杆
black hakama,ブラックハカマ
pink-tinted eyewear,ピンク色のアイウェア
lace-trimmed dress,蕾丝边连衣裙
public nudity,野外露出
triangle bikini top,三角ビキニ
patterned clothing,模様のある服
paw shoes,爪子鞋
grey kimono,灰色の着物
blue armor,青い鎧
collage,コラージュ
mohawk,モヒカン
hill,丘
tally,正の字
dice,サイコロ
uneven gloves,不均一な手袋
bat hair ornament,コウモリの髪の飾り
screentones,スクリーントーン
back tattoo,バックタトゥー
chinese knot,中国结
green bra,緑ブラ
kiseru,キセル
black rose,黑玫瑰
yellow hoodie,黄色いパーカー
ice cube,冰块
nijigasaki school uniform,Nijigasaki Academy School Uniform
striped horns,縞模様の角
heart hands duo,二人でハート
daisy (flower),ヒナギク
twitching penis,抽搐的阴茎
blank censor,光剑
holding ice cream,手持冰淇淋
crazy smile,不気味な笑顔
flats,フラットシューズ
corpse,死体
owl,フクロウ
untied bikini bottom,未系带的比基尼下衣
snot,鼻水
horned headwear,角のある帽子
speaker,スピーカー
furry with furry,毛皮のような毛皮のような
black pubic hair,黒い陰毛
cross-laced dress,交叉系带连衣裙
ruffle bikini,フレアビキニ
school emblem,校章
matching outfits,おそろい
qingdai guanmao,清代官帽
skirt suit,リクルートスーツ
adam's apple,のどぼとけ
mascara,マスカラ
cigar,シガー
four-leaf clover,四つ葉のクローバー
nightcap,ナイトキャップ
orange neckerchief,オレンジネッカチーフ
cuddling,相互愛撫
missing legwear,レッグウェアはありません
diagonal-striped bowtie,斜めの縞模様のボウタイ
crotch rope,股縄
arm held back,腕を抑えた
drumsticks,ドラムスティック
screaming,叫ぶ
mp3 player,随身听
scratches,傷
jealous,やきもち
fishnet top,フィッシュネットトップ
twirling hair,髪の回転
tokyo-3 middle school uniform,第3新東京市立第壱中学校
rabbit boy,ウサギの少年
sleep mask,アイマスク
fur,毛皮
path,パス
untucked shirt,シャツ出し
snowflake print,スノーフレークプリント
open dress,オープンドレス
attacking viewer,着信攻撃
earbuds,イヤホン
chainsaw,チェーンソー
title,タイトル
grey-framed eyewear,グレーフレームアイウェア
brown socks,茶色の靴下
2021,2021年
computer mouse,マウス
aran sweater,アランセーター
fluffy hair,蓬松的头发
dreadlocks,ドレッドヘア
pink pajamas,ピンクのパジャマ
slime girl,スライム娘
aqua bikini,青緑ビキニ
yellow coat,黄色のコート
deer girl,鹿の女の子
spread fingers,张开手指
fanbox username,ファンボックスのユーザー名
tulip,チューリップ
multiple bracelets,複数のブレスレット
slave,奴隷
on lap,膝の上
lifting another's clothes,掀起别人衣服
multicolored clothes,多色の服
ring light reflection,环形光反射
possessed,乗っ取り
purple horns,紫の角
ryouou school uniform,陵桜学園制服
adjusting swimsuit,水着直し
grenade,手榴弹
looking at mirror,鏡を見ています
nose piercing,鼻輪
pink coat,ピンクのコート
cheating (relationship),不倫
bullpup,ブルパップ方式
character hair ornament,キャラクターの髪の飾り
mouth veil,フェイスベール
pinching,つねる
veiny arms,静脈腕
alternate skin color,褐色化
rabbit hood,うさみみフード
eastern dragon horns,东方龙角
bread slice,面包片
rudder footwear,舵の履物
white armor,白い鎧
gas mask,ガスマスク
clothes hanger,ハンガー
platform boots,厚底ブーツ
impregnation,孕ませ
condom on penis,ゴム着用
candy cane,キャンディケイン
thigh sex,すまた
korean clothes,韓服
sink,流し
long shirt,シャツワンピ
holding pencil,鉛筆を保持します
riding crop,乗馬ムチ
hugging doll,ドールハグ
party hat,パーティーハット
smokestack,烟囱
left-handed,左利き
instrument case,楽器ケース
blue hakama,青いハカマ
squirrel girl,リス娘
pussyjob,股コキ
dove,ハト
goldfish,きんぎょ
hooves,蹄
frogtie,フロッグ
crossed bandaids,クロスバンダイド
orange kimono,オレンジ色の着物
yellow scrunchie,黄色のシュシュ
multicolored swimsuit,多色の水着
cat print,キャットプリント
brown hairband,茶色のヘアバンド
multicolored halo,多彩光环
beach towel,ビーチタオル
uchiwa,うちわ
perky breasts,元気な胸
;3,; 3
rug,地毯(小)
single hair tube,シングルヘアチューブ
bloom,咲く
open shorts,オープンショーツ
toothbrush,歯ブラシ
purple belt,紫色のベルト
cropped vest,トリミングされたベスト
attack,攻撃
heart-shaped pillow,ハート枕
rubbing eyes,目を擦る
figure,フィギュア
belly chain,腹チェーン
lotion,ローション
shako cap,シャコー帽
horseback riding,乗馬
gold armor,ゴールドアーマー
desert,砂漠
panther ears,パンサーの耳
o-ring bottom,Oリングボトム
wet swimsuit,浸湿泳装
pantylines,パンティーライン
restaurant,レストラン
spill,こぼれます
sake bottle,一升瓶
surrounded by hands,群がる手
blowing kiss,投げキッス
neck ruff,襞襟
scar on neck,首に傷
multicolored leotard,多色のレオタード
shark,サメ
print bow,弓を印刷します
censored nipples,検閲された乳首
duel,一騎打ち
cellphone photo,スマホ差分
undersized clothes,ぱっつんぱっつん
blue trim,青いトリム
holding cane,杖を持っています
moss,苔
covering own eyes,目を覆う
yellow bag,黄色のバッグ
sticker on face,顔にステッカー
grey necktie,灰色のネクタイ
fanny pack,ウエストポーチ
fish hair ornament,魚の髪の飾り
grey neckerchief,灰色のネッカチーフ
no lineart,主線なし
stethoscope,聴診器
come hither,据え膳
single gauntlet,単一のガントレット
snowflake hair ornament,スノーフレークの髪の飾り
lifebuoy,救生圈
locker room,ロッカールーム
orange pants,オレンジパンツ
multicolored shirt,多色のシャツ
legwear garter,ガーターソックス
naked jacket,裸ジャケット
heart in mouth,口の中の心
caught,オナバレ
sitting on face,颜面骑乘
purple umbrella,紫色の傘
hands on another's head,他の人の頭の上
wife and wife,百合夫婦
hip bones,腰骨
flight deck,飛行甲板
abstract,アブストラクト
textless cover page,表紙絵
photo inset,写真挿入図
peeing self,お漏らし
orange theme,だいだい色
american flag bikini,星条旗ビキニ
sleeve garter,スリーブガーター
bare hips,裸の腰
cold,寒い
dessert,デザート
musical staff,五線譜
hair ears,耳状发
wedding,ウェディング
paint,ペイント
head on another's shoulder,肩ズン
yellow thighhighs,黄色の太もも
carpet,カーペット
bow bikini,ボウビキニ
dirty clothes,汚れた服
heart button,ハートボタン
mismatched bikini,不一致のビキニ
kabedon,壁ドン
curled fingers,カールした指
frilled ribbon,フリルリボン
blue armband,青いアームバンド
yellow sweater vest,黄色のセーターベスト
different reflection,异象镜映
fish girl,魚人
arabian clothes,アラビアン
church,チャペル
green choker,グリーンチョーカー
fur scarf,毛皮のスカーフ
running bond,ランニングボンド
object namesake,名字双关
neckwear grab,ネックウェアグラブ
baseball uniform,棒球服
thrusters,スラスター
greatsword,巨剑
striped shorts,ストライプショートパンツ
ladder,はしご
holding stick,棒を持っています
watson cross,ワトソンクロス
sode,袖
pink-framed eyewear,ピンクフレームのアイウェア
loose belt,ゆるいベルト
backless leotard,露背紧身衣
orc,オーク
you gonna get raped,あなたはレイプされるつもりです
blur censor,模糊打码
uranohoshi school uniform,浦の星女学院制服
chained,被锁链束缚
sunburst,サンバースト
combat helmet,戦闘用ヘルメット
roman numeral,ローマ数字
rubber boots,レインブーツ
burning,燃える
cat ear hairband,猫耳カチューシャ
grey belt,灰色のベルト
brown necktie,茶色のネクタイ
faux traditional media,偽の伝統的なメディア
club (weapon),棍棒
in tree,樹上
no jacket,ジャケットはありません
lounge chair,ラウンジチェア
see-through leotard,透视紧身衣
green socks,緑の靴下
bow legwear,弓の足服
skewer,串
deviantart username,DeviantArtユーザー名
drawing (action),描く
milk bottle,牛乳ビン
steering wheel,ステアリング・ホイール
bento,お弁当
patterned background,パターン化された背景
over-rim eyewear,ナイロール
clothed female nude female,服を着た女性の裸の女性
cropped hoodie,クロップドパーカー
panther girl,パンサーガール
feather trim,フェザートリム
capri pants,カプリパンツ
group picture,集合写真
binoculars,双眼鏡
flexing,筋肉ポーズ
purple capelet,紫色のカペレット
fake wings,偽の翼
holding scissors,ハサミを保持します
space helmet,スペースヘルメット
shower head,シャワーヘッド
fake cover,嘘ジャケット
patch,パッチ
hands on own thighs,自分の太ももの手をつけています
lemon slice,レモンスライス
lip piercing,リップピアス
pink border,ピンクの境界線
light bulb,電球
champagne flute,シャンパングラス
sunrise,朝焼け
tombstone,墓石
stiletto heels,ピンヒール
rabbit print,ウサギプリント
fur coat,ファーコート
after ejaculation,ズリ事後
pyrokinesis,パイロキネシス
eyebrow cut,眉毛
plantar flexion,足底屈
laevatein (touhou),禁忌「レーヴァテイン」
neon trim,ネオントリム
mechabare,メカバレ
blue collar,ブルーカラー
reflective floor,反射的地面
monsterification,モンスター化
safety pin,安全ピン
false smile,目が笑ってない
buck teeth,出っ歯
blood from eyes,血の涙
finger to own chin,あごピース
cousins,いとこ
green lips,绿嘴唇
wide ponytail,ワイドポニーテール
eyewear strap,メガネチェーン
ghost tail,ゴーストテール
cocktail glass,カクテルグラス
licking finger,舔舐手指
onee-loli,おねロリ
grimace,鬼脸
cliff,がけ
ovum,卵子
spatula,へら
skull and crossbones,髑髏と骨
submerged,淹没
shaved ice,かき氷
white garter straps,白いガーターストラップ
broken horn,角折れ
shrimp,えび
pirate costume,海盗
shell casing,薬莢
wooden table,木桌
full nelson,フルネルソン
mole on cheek,頬のほくろ
hand on another's stomach,他の人のお腹に手をかけます
shirt tug,拖拽衬衣
playing with own hair,自分の髪で遊ぶ
pillbox hat,ピルボックス帽
skull print,頭蓋骨プリント
sweaty armpits,腋汗
transparent umbrella,ビニール傘
tiger stripes,虎縞
brown theme,ブラウン
heart maebari,心形阴贴
vertical-striped skirt,垂直縞模様のスカート
grey scarf,灰色のスカーフ
red one-piece swimsuit,赤いワンピース水着
jackal ears,ジャッカルイヤー
tribadism,貝合わせ
lace bra,レースブラ
starry sky print,星空ドレス
ammunition,カートリッジ
open robe,ローブを開けます
fetal position,胎儿姿势
drinking straw in mouth,口でわらを飲む
multicolored thighhighs,多色の大腿部
bandage on face,顔の包帯
vibrator under clothes,衣服下的震动器
no eyewear,メガネオフ
holding sex toy,拿着性玩具
ribbed dress,罗纹连衣裙
strawberry shortcake,ショートケーキ
ass ripple,臀浪
blue border,青い境界線
in-universe location,宇宙内の場所
hitachi magic wand,電マ
breastless clothes,露胸服装
panda,パンダ
striped sweater,縞模様のセーター
high contrast,ハイコントラスト
barcode tattoo,条形码纹身
mechanical hands,機械的な手
veiny breasts,乳房の青筋
shiny,テカテカ
pink vest,ピンクのベスト
red sky,赤い空
turnaround,三面図
corded phone,有线电话
blue-tinted eyewear,青い色のアイウェア
holding panties,パンツであやとり
moonlight,月明かり
holding weapon behind back,後ろの武器
butterfly print,バタフライプリント
horn bow,ホーンボウ
balcony,バルコニー
breast bondage,乳房の束縛
studded belt,スタッドベルト
holding pillow,枕を持っています
whipped cream,ホイップクリーム
loose bowtie,ゆるいボウタイ
gauze,ガーゼ
head only,頭のみ
mole under each eye,双眼下的痣
stripper pole,ストリッパーポール
tied up (nonsexual),被绑(非性关系)
pearl,真珠
pillow grab,掴みピロー
american flag legwear,アメリカの旗のレッグウェア
cloth gag,布ギャグ
swirl lollipop,ペロペロキャンディ
pastel colors,パステルカラー
ofuda on clothes,衣服の中
pink bodysuit,ピンクのボディスーツ
bamboo forest,竹林
quarter note,四分音符
bird on hand,手に鳥
object head,オブジェクトヘッド
town,街
star facial mark,星の顔のマーク
adjusting gloves,调整手套
winged helmet,羽根兜
fertilization,受精
spreading another's pussy,掰开他人小穴
5koma,5コマ
orange scarf,オレンジ色のスカーフ
bat ears,コウモリ耳
turtleneck leotard,Turtleneck Leotard
swing,ブランコ
pink pantyhose,ピンクのパンスト
helm,ヘルム
rough sex,暴力的なセックス
yunomi,湯のみ
reach-around,背後から手コキ
red hood,赤いフード
ankle ribbon,足首のリボン
3others,3人
brown corset,茶色のコルセット
side part,サイドパート
milk carton,牛乳パック
o3o,おちょぼ口
flower tattoo,フラワータトゥー
cooking pot,鍋
asticassia school uniform,アスティカシアスクールユニフォーム
soccer ball,サッカーボール
pig,ぶた
uneven sleeves,不均一な袖
white romper,白いロンパー
black hood,黒いフード
yellow pants,黄色のズボン
thick lips,厚い唇
pulling another's clothes,拉下别人衣服
vending machine,自動販売機
star necklace,星のネックレス
cervix,子宫口
holding water gun,ウォーターガンを持っています
winding key,ねじ巻き
pointing at another,指向某人
plaid pants,格子縞のズボン
plum blossoms,梅の花
fur-trimmed skirt,毛皮のトリミングされたスカート
bowl cut,ボウルカット
ammunition pouch,弾薬ポーチ
tarot,タロット
sleeping on person,睡在别人身上
selfcest,同一CP
green apron,緑のエプロン
futa with male,ふた×男
sleeveless coat,ノースリーブコート
instant noodles,インスタント麺
boxing gloves,ボクシンググローブ
grey bodysuit,灰色のボディスーツ
what,作者は病気
gold hairband,ゴールドヘアバンド
afro,アフロ
wrinkled skin,しわ
japari symbol,ジャパリシンボル
holding balloon,バルーンを保持します
shoe dangle,脚后跟离鞋(悬空)
tsukinomori school uniform,月ノ森女子学園
scar on stomach,胃の傷跡
counter,カウンター
talisman,お守り
disembodied head,首だけ
spiked choker,スパイクチョーカー
playing sports,スポーツをする
holding unworn helmet,ヘルメットを持っています
orange bodysuit,オレンジ色のボディスーツ
holding whip,鞭を保持します
giving,与える
roller skates,ローラースケート
sweatpants,スウェットパンツ
video game dialogue box,メッセージウインドウ
star choker,スターチョーカー
cafe,カフェ
mop,モップ
brown kimono,茶色の着物
blue robe,青いローブ
peeking,覗き
linear hatching,線形hatch化
white snake,白蛇
shared clothes,共有服
duffel bag,ダッフルバッグ
american flag dress,美国国旗连衣裙
animal bag,動物バッグ
inverted cross,逆十字
melting,溶ける
white serafuku,白いserafuku
against railing,靠在栏杆上
licking nipple,乳舐め
plaid jacket,格子縞のジャケット
goblin,ゴブリン
skirt tug,前押さえ
bear girl,熊娘
goat girl,ヤギ娘
tape gag,テープギャグ
calendar (object),カレンダー
drone,ドローン
purple fur,紫色の毛皮
cross print,クロスプリント
bisexual female,バイセクシュアルの女性
constellation print,星座印刷
hands in opposite sleeves,反対側の袖の手
two-sided coat,両面コート
forked tongue,スプリットタン
blue headband,青いヘッドバンド
mirror selfie,鏡自撮り
nanamori school uniform,ナナモリ学校の制服
missing halo,ヘイロー忘れ
surfboard,サーフボード
paddle,パドル
hatsuboshi gakuen school uniform,初星学園
fried egg,目玉焼き
darkness,暗闇
sigh,ため息
very long fingernails,超长指甲
oversized animal,巨型动物
no feet,足はありません
breasts on glass,乳ワイパー
teasing,からかう
handsfree ejaculation,ところてん
collared cape,襟付きケープ
pink wings,ピンクの翼
striped bra,縞ブラ
footprints,足跡
fiery hair,燃えるような髪
stationary restraints,機械姦
lace-trimmed sleeves,レーストリミングされた袖
sailor bikini,セーラーミズギ
turtle shell,亀の甲羅
white theme,白い
glowing sword,发光的剑
buzz cut,丸刈り
magatama necklace,マガタマのネックレス
head between breasts,ぱふぱふ
ribbon-trimmed collar,リボントリムカラー
nape,うなじ
pink collar,ピンクの襟
stuck,埋め込み
fleeing,逃げる
walk-in,ウォークイン
holding unworn shoes,靴を保持しています
multiple piercings,複数のピアス
thumb ring,親指のリング
excalibur (fate/stay night),エクスカリバー
keyhole,鍵穴
horse penis,馬チンポ
deerstalker,鹿撃ち帽
purple hoodie,紫色のパーカー
enpera,えんぺら
lipstick tube,口红(物品)
morning,あさ
gradient dress,渐变色连衣裙
crossdressing (ftm),男装
bandaid on pussy,BAN装甲
sweets,スイーツ
headlamp,ヘッドランプ
alley,路地裏
birdcage,鳥かご
winged hat,翼のある帽子
negligee,ネグリジェ
2026,2026年
nose bubble,鼻ちょうちん
tactical clothes,現代個人装具
real world location,GoogleMapの旅
shimakaze (kancolle) (cosplay),島風の服
multicolored coat,多色のコート
sleep molestation,睡姦
blue cloak,青いマント
clothes down,衣服下落
asphyxiation,窒息
volleyball (sport),バレーボール
hawaiian shirt,アロハシャツ
chandelier,シャンデリア
blue tongue,青い舌
butler,かじゅう
bit gag,ビットギャグ
battery indicator,電池切れ
turban,ターバン
padlock,南京錠
halter shirt,ホルターシャツ
ribbed socks,リブソックス
thigh cutout,大腿开口
shading eyes,手挡阳光
hands on lap,双手放在膝上
no sclera,強膜はありません
school hat,通学帽
square 4koma,正方形4koma
potato chips,ポテトチップス
poke ball print,ポークボールプリント
baguette,バゲット
tail wrap,絡みつく尻尾
carrying over shoulder,お米様抱っこ
anal fingering,指アナル
overcast,曇り空
pencil dress,タイトワンピース
cyberpunk,サイバーパンク
bow (music),弓
puffy shorts,ふくらんでいるショートパンツ
flame print,火炎印刷
age progression,成長過程
typo,打ち間違え
talking on phone,電話中
industrial piercing,産業のピアス
hand on eyewear,アイウェアの手
ouji fashion,王子
tangzhuang,唐装
toast,トースト
hand on hilt,柄の手
phimosis,半剥け
hooded robe,フード付きローブ
shoulder carry,肩車
whisk,ホイッパー
mallet,木槌
gorget,ゴルジェ
utility belt,工具腰带
neck fur,首の毛皮
bow earrings,弓のイヤリング
fake antlers,偽の角
6+others,6+その他
hand tattoo,ハンドタトゥー
2020,2020年
omurice,オムライス
obliques,斜め
arm wrap,アームラップ
bird legs,鳥の足
coral,サンゴ
footjob with legwear,带袜足交
mesugaki,メスガキ
fold-over boots,フォールドオーバーブーツ
arm armor,アームアーマー
breast focus,胸部特写
blueberry,ブルーベリー
flaming eye,燃えるような目
trefoil,トレフォイル
hamster,ハムスター
rod of remorse,悔悟の棒
slap mark,手形
magnifying glass,ルーペ
eye trail,眼光
hakama pants,馬乗袴
under table,机の下
plaid background,格子縞の背景
armpit focus,腋は性器
mars symbol,火星のシンボル
white hood,白いフード
frilled cuffs,フリルカフス
sleeping upright,居眠り
cube,立方体
creature and personification,馬とウマ
cheek poking,戳脸
one-eyed mecha,モノアイ
beam rifle,ビームライフル
penis out,外のペニス
creator connection,絵師つながり
holding brush,ブラシを持っています
harem,ハーレム
fur-trimmed cloak,毛皮のトリミングされたマント
yellow choker,黄色のチョーカー
walkie-talkie,トランシーバー
colored shoe soles,色付きの靴底
crotchless panties,オープンショーツ
porkpie hat,ポークピーの帽子
russian text,ロシア語
tickling,くすぐり
shoelaces,靴紐
black male underwear,黒人男性の下着
sketchbook,スケッチブック
spilling,こぼす
bear hair ornament,髪の毛の飾り
black tiara,黒いティアラ
palm leaf,シュロの葉
claw (weapon),クロー
paradis military uniform,パラディス軍服
office,オフィス
looking at food,食べ物を見ています
oc x canon,夢向け
happy tears,泣き笑い
cheek pinching,つねる
crepe,クレープ
santa bikini,ビキニサンタ
palms together,合掌
tuxedo,タキシード
pink blood,ピンクの血
world war ii,第二次世界大戦
bruise on face,ボコ顔
neck flower,首の花
juice box,紙パック
platform heels,厚底高跟鞋
bandaid on hand,手元にバンダイド
knees apart feet together,足を一緒に膝を離します
eye focus,目
orange thighhighs,オレンジ色の太もも
heel up,抬脚跟
bomber jacket,フライトジャケット
hadanugi dousa,肌脱ぎ
egg (food),たまご
oni horns,オニの角
inflatable toy,空ビ
magazine (object),雑誌
chainmail,チェインメイル
wrestling outfit,レスリングの服装
large testicles,巨玉
censored identity,目線
halloween bucket,万圣节桶
shower (place),シャワールーム
plaid bikini,格子縞のビキニ
industrial pipe,配管
shoulder strap,单肩斜带
print bowtie,ボウタイを印刷します
squirrel,リス
round border,丸い画像
zombie pose,僵尸姿势
pink one-piece swimsuit,ピンクのワンピース水着
eraser,消しゴム
blood in hair,髪の血
holstered,ホルスター武器
scepter,セプター
banknote,お札
demon (megami tensei),仲魔
blue tunic,青いチュニック
pant suit,パンツスーツ
index fingers together,食指相对
butterfly on hand,手元に蝶
refrigerator,冷蔵庫
rice bowl,茶わん
hexagram,ヘキサグラム
yellow wings,黄色の翼
ankle cuffs,足首の袖口
fine art parody,名画オマージュ
shuriken,手里剑
dust,塵
side ahoge,サイドアホージ
jersey,ジャージ
impossible dress,不可能なドレス
leotard pull,レオタードプル
vial,瓶
leaning on object,倚靠在物体上
mummy costume,ミイラ
insignia,記章
disgust,養豚場の豚を見るような目
yellow sleeves,黄色の袖
grey sports bra,灰色のスポーツブラ
wire,ワイヤー
cave,洞窟
purple rope,紫色のロープ
faux retro artstyle,おっさんホイホイ
smiley face,スマイルマーク
turtle,カメ
boxers,トランクス
nail (hardware),釘
drawer,引き出し
guitar case,ギターケース
yellow cape,黄色のケープ
black buruma,黒ブルマ
rocket launcher,ロケットランチャー
blue sclera,青い硬化
naked sweater,裸セーター
keyboard (instrument),鍵盤
floating cape,フローティングケープ
hands on another's cheeks,頬に手
yellow feathers,黄色の羽
star brooch,スターブローチ
mismatched pubic hair,色違い陰毛
black armband,黒いアームバンド
dalachi (headdress),大拉翅
cherry blossom print,チェリーブロッサムプリント
hanasakigawa school uniform,花咲川女子学園
braided sidelocks,双侧编织式鬓发
tricorne,トリコルヌ
frilled shorts,フリルショーツ
taut dress,紧绷的连衣裙
cabinet,キャビネット
impossible leotard,ぴっちりスーツ
digitigrade,趾行
team rocket,ロケット団
curly eyebrows,巻きーの眉毛
rubble,瓦礫
white corset,白いコルセット
black garter belt,黒いガーターベルト
two-tone hairband,ツートンヘアバンド
fur-trimmed kimono,毛边和服
metal hairband,金属ヘアバンド
spinning,回る
instagram logo,Instagramロゴ
colored shadow,色付きの影
steam censor,ディフェンスに定評のある湯気
cutout above navel,おへその上に切り取られます
tokkuri,とっくり
key necklace,キーネックレス
pink sailor collar,ピンクの船乗りの襟
sparks,火花
patchwork skin,拼接皮肤
naked bandage,裸包帯
incoming gift,着信ギフト
yellow socks,黄色の靴下
dress shoes,皮鞋
g-string,Gストリング
naoetsu high school uniform,私立直江津高校制服
black tube top,黒いチューブトップ
kitauji high school uniform,キタウジ高校の制服
thigh ribbon,太ももリボン
sweater around waist,腰結び
holding ladle,ひしゃくを保持します
scar on leg,脚の傷
holding own leg,抱住自己的腿
sparkler,手持ち花火
curry,カレー
chicken (food),チキン
white male underwear,白ブリーフ
groin tendon,股えくぼ
zero suit,ゼロスーツサムス
stole,ストール
lapel pin,ラペルピン
cropped sweater,クロップドセーター
seamed legwear,縫い合わせたレッグウェア
dinosaur,恐竜
striped arm warmers,ストライプアームウォーマー
side-tie leotard,サイドタイレオタード
fourth wall,第四の壁
tooth necklace,歯のネックレス
cameo,カメオ出演
x (symbol),バツ
brushing hair,ブラッシング
red tail,赤い尾
health bar,体力ゲージ
torch,たいまつ
purple ascot,紫色のアスコット
lion boy,ライオンボーイ
cat ear panties,猫の耳のパンティー
eyewear on headwear,帽子のアイウェア
dreaming,夢
gae bolg (fate),ゲーボルグ（運命）
dynamic pose,动态姿态
window blinds,ブラインド
covering nipples,指ブラ
see-through body,透明身体
fur-trimmed collar,毛皮のトリミングされた襟
poker chip,筹码
pastry,ペストリー
shoulder belt,过肩腰带
millennium cheerleader outfit (blue archive),ミレニアムサイエンススクール
tree shade,木陰
green flower,緑の花
comb,櫛
orange slice,オレンジ色のスライス
finger heart,指ハート
holding leaf,葉を保持します
holding fireworks,花火を持っている
skyline,天际线
solid eyes,しっかりした目
spring (season),春
onahole,オナホール
wreath,はなわ
pond,池
vertical-striped pantyhose,垂直縞模様のパンスト
redesign,再設計
qr code,QRコード
multiple drawing challenge,複数の描画チャレンジ
kuromorimine military uniform,黒森峰制服
chemise,シュミーズ
purple fire,紫の火
leg belt,脚ベルト
polka dot dress,波点连衣裙
triforce,トライフォース
overall shorts,背带短裤
barrel,樽
latex gloves,乳胶手套
wooden fence,木柵
purple socks,紫色の靴下
jersey maid,ジャージメイド
red mask,赤いマスク
desk lamp,デスクランプ
two-tone leotard,ツートンレオタード
puffy pants,ふくらんでいるズボン
fangs out,牙を取り出します
caustics,コースティクス
loose clothes,ダブダブした服
brown cloak,茶色のマント
arm cutout,腕の切り抜き
penis size difference,ちんこ比べ
front slit,前开衩
pool ladder,プールはしご
if they mated,デザイナーベビー
starter pokemon trio,最初のポケモン
bad feet,糟糕的脚
ufo,未確認飛行物体
green capelet,緑のカペレット
blood stain,血痕
breast slip,ポロリ
polo shirt,ポロシャツ
through clothes,布越し
pixiv username,Pixivユーザー名
samurai,侍
holding tablet pc,タブレットPCを保持します
circle name,サークル名
excessive cum,大量射精
tight shirt,タイトなシャツ
look-alike,外の人繋がり
alternate headwear,代替帽子
pet play,ペットプレイ
carrot necklace,ニンジンネックレス
manga (object),マンガ（オブジェクト）
prostitution,パパ活
black wrist cuffs,黒い手首の袖口
pale colors,淡い色
frilled headwear,フリルの帽子
spoken sweatdrop,話された汗ドロップ
torn jeans,ダメージジーンズ
gem uniform (houseki no kuni),宝石のユニフォーム（houseki no kuni）
alternate legwear,代替レッグウェア
implied yuri,暗黙のユリ
energy ball,エネルギー弾
suit pants,ドレスパンツ
two-tone ribbon,ツートンリボン
xiao guan (headdress),小冠
brown apron,茶色のエプロン
liquid,液体
brown bowtie,ブラウンボウタイ
official alternate hair length,公式の代替髪の長さ
arm blade,臂刃
biker clothes,バイカーの服
tanuki,タヌキ
lycoris uniform,リコリスユニフォーム
flat ass,平らなお尻
sitting on stairs,坐在台阶上
unconscious,失神
color connection,颜色相仿
finger in own mouth,手指放自己嘴里
white tube top,白いチューブトップ
racket,ラケット
smoke trail,烟雾
countdown,カウントダウン
oni mask,鬼の面
cum on male,男人身上的精液
traffic light,信号機
watering can,じょうろ
orange skin,オレンジ色の肌
pear-shaped figure,むちましい
hair extensions,付け毛
electrokinesis,雷属性
red tank top,赤いタンクトップ
faucet,蛇口
leather belt,革ベルト
multicolored bow,多色の弓
trumpet,トランペット
livestream,ライブチャット
brown-framed eyewear,茶色のフレームのアイウェア
wrist guards,リストガード
drawing bow,弓を引く
battle axe,バトルアックス
kalashnikov rifle,カラシニコフ
sanshoku dango,三色団子
striped kimono,縞模様の着物
menu,メニュー
feeding viewer,着信食品
sleeve ribbon,スリーブリボン
spider,クモ
holding ice cream cone,手持冰淇淋甜筒
wooden bucket,木桶
fur-trimmed shorts,毛边短裤
wooden wall,木製の壁
green fur,緑の毛皮
ankle lace-up,足首のレースアップ
orange scrunchie,オレンジ色のシュシュ
bucket hat,バケットハット
alarm clock,目覚まし時計
green tunic,緑のチュニック
respirator,人工呼吸器
power symbol,電源マーク
cloud print,クラウドプリント
pain,負傷
orange hoodie,オレンジ色のパーカー
dark anus,暗い肛門
short sword,ショートソード
shoulder sash,サッシュ
panther tail,パンサーテール
linked piercing,リンクピアス
ankle strap,足首ストラップ
drawing tablet,ペンタブレット
wrist bow,手首の弓
pink camisole,ピンクのキャミソール
rei no himo,例の紐
mechanical ears,メカ耳
fish (food),魚料理
pinstripe jacket,ピンストライプジャケット
pink gem,粉宝石
hikimayu,引眉
park bench,公园长椅
whale,くじら
yasogami school uniform,ヤソガミの制服
leg armor,脚の鎧
naked coat,裸コート
baseball (sport),棒球
mob x character,モブ姦
head down,頭を下に
green bodysuit,グリーンボディスーツ
column,カラム
donut hair bun,甜甜圈发髻
aqua halo,水色光环
hair lift,ヘアリフト
layered kimono,十二単
pink cape,ピンクのケープ
strapless bra,ストラップレスブラ
poke ball symbol,ポークボールシンボル
strap-on,ペニスバンド
pink horns,ピンクの角
male playboy bunny,バニーボーイ
hair brush,ヘアブラシ
striped headwear,縞模様の帽子
green bag,緑のバッグ
exhausted,疲れる
board game,ボードゲーム
projected inset,予測された挿入図
meiji schoolgirl uniform,明治女子高生ユニフォーム
fishnet gloves,渔网手套
pink capelet,ピンクのカペレット
suppressor,サイレンサー
single pantsleg,シングルパンツスレッグ
tentacle pit,肉壁
year of the rabbit,卯年
crescent print,三日月印刷
vertical-striped jacket,垂直縞模様のジャケット
white umbrella,白い傘
bodice,ボディス
hyur,ヒューラン
satchel,かばん
open bra,フロントホック
cum on feet,足射
spiked armlet,スパイクアームレット
pixiv id,pixiv id
spanking,スパンキング
multiple weapons,複数の武器
grabbing,鷲掴み
blank speech bubble,空白の音声バブル
cyclops,一つ目
sports car,スポーツカー
futanari masturbation,Futanari Masturbation
molestation,セクハラ
pov doorway,POV戸口
beamed sixteenth notes,ビームされた16番目のメモ
head on hand,頬杖
marker,マーカー
fine fabric emphasis,ファブリックの強調
bomb,爆弾
variations,变化
opening door,开门
hair on horn,ホーンの髪
runny makeup,花妆
face to breasts,ぱふぱふ
bikini bottom pull,パンツ下ろし
fighter jet,ジェット戦闘機
bondage outfit,ボンデージスーツ
grey hairband,白髪の帯域
pokedex number,pokedex番号
have to pee,おしっこ我慢
cupless bra,トップレスブラ
inflation,ボテ腹
east asian,アジア人
hand puppet,パペット
furrification,ケモノ化
tripping,躓く
red apron,赤いエプロン
pinstripe shirt,ピンストライプシャツ
69,シックスナイン
green-framed eyewear,グリーンフレームのアイウェア
purple neckerchief,紫色のネッカチーフ
old woman,老婆
streamers,彩带
torn leotard,破れたレオタード
chaps,チャップス
white lily,白いユリ
claw ring,アーマーリング
drying,乾燥
black hands,黒い手
chewing,もぐもぐ
multiple swords,複数の剣
k-pop,Kポップ
see-through legwear,シースルーレッグウェア
lizard tail,蜥蜴尾巴
wind chime,風鈴
grey bra,グレー下着
v-shaped eyes,V字型の目
timestamp,タイムスタンプ
seigaiha,青海波
orange tail,オレンジテール
bird on shoulder,肩に鳥
crosswalk,横断歩道
excessive pubic hair,剛毛
plate armor,プレートアーマー
trick or treat,トリックオアトリート
folding chair,パイプ椅子
prayer beads,ロザリオ
excited,わくわく
broken halo,破损光环
green tail,緑の尾
red cross,赤十字
circle skirt,圆裙
coif,coif
strawberry print,イチゴ柄
holly,ヒイラギ
caterpillar tracks,キャタピラ
champion's tunic (zelda),英傑の服
through wall,壁穴
mole on ass,尻ぼくろ
ainu clothes,アイヌ
overgrown,生い茂った
brown wings,茶色の翼
feather-trimmed sleeves,フェザートリムスリーブ
blue feathers,青い羽
letter hair ornament,文字の髪の飾り
ugly bastard,汚いおっさん
puckered anus,アナルの造詣が深い
standing on liquid,液体の上に立っています
naked shoes,裸靴
real life insert,実際の挿入
breath weapon,ブレス
3d background,3D背景
blue pajamas,青いパジャマ
fake facial hair,偽の顔の毛
video camera,ビデオカメラ
railroad tracks,線路
ryona,リョナ
2019,2019年
spooning,つばめ返し
festival,祭り
alternate breast size,代替胸のサイズ
beckoning,手招き
hand on another's leg,他の人の足に手をかけます
wheelchair,車いす
cheek press,頬擦り
d-pad,十字キー
crew neck,クルーネック
chocolate on body,体にチョコレート
screen,画面
cetacean tail,尾ひれ
neon lights,ネオン
pocky day,ポッキーの日
taiyaki,たいやき
basketball (sport),バスケットボール
ushanka,ロシア帽
implied futanari,暗示されたfutanari
print jacket,プリントジャケット
sports bikini,レーシングブルマ
spoken object,音声オブジェクト
grey ribbon,灰色のリボン
pacifier,おしゃぶり
yellow-tinted eyewear,黄色のアイウェア
lion,ライオン
stab,刺し傷
checkered kimono,市松模様の着物
blue tabard,青いタバード
yellow apron,黄色いエプロン
choko (cup),お猪口
konohagakure symbol,コノハガカクレのシンボル
hollow eyes,中空の目
blunt tresses,鈍い髪の毛
sprite,スプライト
cum on hands,掌受け
yellow bra,黄色胸罩
holding fishing rod,釣り竿を持っています
pov across table,テーブルを横切るPOV
nail art,ネイルアート
unworn socks,靴下が削除されました
impaled,串刺し
open pants,ズボンを開けます
blood on knife,ナイフの血
undone necktie,ネクタイを元に戻します
condom packet strip,コンドームパケットストリップ
hand on own shoulder,自分の肩に手
text-only page,テキストのみのページ
stone wall,ブロック塀
shared scarf,二人マフラー
orange halo,橙色光环
crt,ブラウン管
pulling,引っ張る
ink,インク
armored gloves,装甲手袋
cardigan around waist,腰の周りのカーディガン
tail bell,テールベル
lettuce,レタス
prosthetic leg,義足
star sticker,スターステッカー
unworn boots,ブーツ脱がし
multiple condoms,複数のコンドーム
poncho,ポンチョ
column lineup,多列排布
curtain grab,カーテングラブ
holding megaphone,メガホンを保持します
concert,コンサート
intravenous drip,点滴静脈注射
sweet potato,いも
hakama shorts,ハカマショーツ
volleyball uniform,排球服
orange choker,オレンジチョーカー
clawed gauntlets,爪のガントレット
tam o' shanter,Tam O 'Shanter
wisteria,藤の花
frilled sailor collar,フリルの船乗りの首輪
mace,メイス
spread wings,翼を広げます
monkey,さる
surprise kiss,サプライズキス
foliage,木の葉
blood on arm,腕の血
skull earrings,頭蓋骨イヤリング
hand on own neck,首に手
tennis uniform,テニスウェア
sunflower hair ornament,ひまわりの髪の飾り
year of the tiger,寅年
bat girl,コウモリ娘
german clothes,ドイツの服
coin on string,文字列のコイン
frilled leotard,褶边紧身衣
truck,トラック
twincest,Twincest
pole dancing,ポールダンス
undressing another,別の服を脱ぐ
pokemon on head,頭にポケモン
imminent fellatio,フェラ前
hair through headwear,帽子を通して髪
dotted line,点線
rotational symmetry,互
horns through headwear,帽子を通して角
sweatband,スウェットバンド
jimiko,地味子
after paizuri,ズリ事後
necktie grab,ネクタイグラブ
chasing,追う
nengajou,年賀状
yugake,弓懸け
pie,パイ
priest,プリースト
orange vest,オレンジ色のベスト
sweaty breasts,乳汗
untied panties,解き放たれたパンティー
camellia,ツバキ
floating headgear,フローティングヘッドギア
ballerina,バレリーナ
see-through jacket,シースルージャケット
yellow tail,黄色の尾
plant girl,植物娘
oversized food,大きな食べ物
baseball mitt,ミット
open-chest sweater,胸開きタートルネック
anilingus,アナル舐め
youkai (youkai watch),妖怪ウォッチ
venus symbol,金星のシンボル
mimikaki,耳かき
tail around own leg,尾巴绕腿
group name,グループ名
cross-laced sleeves,クロスレースの袖
holding beachball,ビーチボールを持っています
dark aura,暗いオーラ
fishing,釣り
holding chocolate,チョコレートを持っています
shark hood,サメのフード
patterned hair,图案头发
product placement,製品の配置
sig sauer,Sig Sauer
prehensile tail,尾巴抓握
holding unworn jacket,ジャケットを持っています
wrestling,レスリング
. .,点目
broken heart,失恋
potion,ポーション
ring hair extensions,リングエクステ
cheering,応援
gun sling,枪带
hairdressing,理发
animal hug,動物の抱擁
open window,ウィンドウを開く
chibikemo,チビケモ
destruction,破壊
briefs,ブリーフ
ghost costume,ゴーストコスチューム
voice actor,声優
pot,ポット
waist sash,ウエストサッシ
checkered necktie,チェッカーネクタイ
bud,花苞
striped gloves,縞模様の手袋
digging your own grave,墓穴を掘る
lyrics,歌词
juban,襦袢
holding notebook,保持ノートブック
lop rabbit ears,垂耳兔耳
bear boy,ベアボーイ
sticker (medium),ステッカー
tablecloth,桌布
bad hands,悪い手
sex machine,機械姦
star ornament,星の飾り
crotch plate,股間
usekh collar,ウセク
pussy juice puddle,猫ジュース水たまり
layered shirt,重ね着
whispering,ささやく
doyagao,ドヤ顔
spider girl,蜘蛛女
collared vest,襟付きベスト
dynamax band,ダイマックスB
d-pad hair ornament,Dパッドの髪の飾り
masturbation through clothes,女装オナニー
deer,シカ
grand piano,グランドピアノ
two-tone bowtie,ツートンボウタイ
half-siblings,半兄弟
diving mask,ダイビングマスク
single garter strap,シングルガーターストラップ
hands on headwear,ハンズオン帽子
futa with futa,ふた×ふた
striped hairband,縞模様のヘアバンド
open skirt,オープンスカート
gym storeroom,体育倉庫
treasure chest,宝箱
half up half down braid,环形发辫(垂尾)
single braided sidelock,单侧编织式鬓发
stepped on,踏みつける
double w,双手三指伸出(手势)
eastern dragon tail,龙尾
green pupils,绿色瞳孔
on motorcycle,オートバイで
sword over shoulder,肩越しの剣
yellow bodysuit,黄色のボディスーツ
rectangular mouth,長方形の口
when you see it,おわかりいただけただろうか
palms,手のひら
manga cover,漫画カバー
long beard,長いひげ
bath yukata,温泉浴衣
chocolate bar,板チョコ
red border,赤い境界線
convenient arm,便利な腕
blue tank top,ブルータンクトップ
grey nails,灰色指甲
single vertical stripe,単一の垂直ストライプ
pith helmet,髄ヘルメット
crest,紋
cross tie,クロスタイ
green headband,緑のヘッドバンド
paint palette,パレット
off-shoulder jacket,オフショルダージャケット
against tree,靠在树上
unworn bag,バッグが削除されました
calico (pattern),ミケ
anti-materiel rifle,アンチマテリアルライフル
projectile lactation,噴乳
licking another's face,顔舐め
super robot,スーパーロボット
holding vegetable,野菜を保持します
scar on mouth,口の傷跡
o-ring belt,Oリングベルト
notepad,メモ帳
on stool,便で
caution tape,トラテープ
between thighs,太ももの間
snap-fit buckle,塑料卡扣
pearl bracelet,パールブレスレット
white butterfly,白い蝶
warship,軍艦
prehensile hair,意外!それは髪の毛ッ!
blue veil,青いベール
official art inset,公式の芸術挿入図
gate,門
skirt around one leg,片足の周りのスカート
simplified chinese text,簡体字
single epaulette,単一のエポレット
fumo (doll),ふもふも
split ponytail,分叉马尾
used tissue,使用済みティッシュ
blindfold mask,面具(眼部)
onesie,ワンジー
viera,ヴィエラ
failure,間違い
breathing fire,ファイアブレス
absurdly detailed composition,ごちゃごちゃ
neck,首
heart tail,尻尾がハート
lace choker,レースチョーカー
m4 carbine,M4カービン
missile,ミサイル
green cloak,グリーンマント
bolo tie,ポーラー・タイ
pine tree,松
party popper,クラッカー
sword of hisou,緋想の剣
tennis racket,テニスラケット
low side ponytail,ルーズサイドテール
holding stylus,スタイラスを保持します
holographic interface,ホログラフィック界面
implied yaoi,暗黙のヤオイ
spandex,スパンデックス
ribbon bondage,リボン縛り
kettle,ヤカン
fake magazine cover,偽の雑誌の表紙
window (computing),ウィンドウ
kigurumi,着ぐるみ
swim briefs,競パン
train station,駅
cross-laced top,クロスレースのトップ
pointless condom,無意味なコンドーム
juice,ジュース
mismatched sleeves,不一致の袖
applying makeup,メイクを適用します
buttjob,尻コキ
rabbit-shaped pupils,バニー型の生徒
arm above head,頭の上の腕
holding saucer,ソーサーを保持します
print bra,印花胸罩
diamond hair ornament,ダイヤモンドの髪の飾り
ketchup,ケチャップ
skull mask,頭蓋骨マスク
grey tank top,灰色のタンクトップ
2018,2018年
calendar (medium),カレンダー
mini-hakkero,ミニ八卦炉
presenting own ass,臀部展示
stuffed shark,ぬいぐるみサメ
x x,バツ目
love letter,ラブレター
brown hoodie,茶色のパーカー
green belt,緑地帯
arms around another's waist,腰の周りの腕
cursor,カーソル
fallen down,倒れる
wheel,しゃりん
panda ears,パンダの耳
stone floor,石の床
snake girl,蛇女
single strap,シングルストラップ
holding own tail,自分の尾を保持します
sleeveless hoodie,ノースリーブパーカー
meandros,メアンドロス模様
guiding hand,ガイドハンド
christmas lights,クリスマスのあかり
purple pupils,紫色瞳孔
camouflage pants,カモフラージュパンツ
picnic basket,ピクニックバスケット
severed head,生首
off-shoulder bikini,オフショルダービキニ
wiping tears,抹眼泪
camouflage jacket,カモフラージュジャケット
ring hair ornament,髪の飾り
large insertion,粗大插入
holding envelope,封筒を保持します
sangvis ferri,铁血工造
yagasuri,矢絣
sidepec,サイドペック
grey bikini,灰色ビキニ
bandaged chest,包帯胸
floral print bikini,花柄ビキニ
missing wings,翼はありません
kissing forehead,額にキス
white leggings,白いレギンス
delinquent,ヤンキー
caressing testicles,玉揉み手コキ
yellow border,黄色の境界
gatling gun,ガトリングガン
single stripe,シングルストライプ
air conditioner,エアコン
micro panties,マイクロパンツ
spine,脊柱
alternate breast size (smaller),貧乳化
holding hose,ホースを保持します
sunburst background,マケドニア国旗
st. gloriana's school uniform,st。グロリアナの制服
crotch rub,擦り付けオナニー
yurigaoka girls academy school uniform,百合ヶ丘女学院
monster energy,モンスターエナジー
jujutsu tech uniform,東京都立呪術高等専門学校
spiked halo,コンパスローズハロー
square neckline,スクエアネック
gibson les paul,レスポール
skateboard,スケボー
plap,激烈性爱(拟声词)
head bump,たんこぶ
looking at breasts,胸を見ています
expressive hair,表現力豊かな髪
half mask,ハーフマスク
metal skin,金属皮
rider belt,ライダーベルト
purple butterfly,紫の蝶
pavement,石畳
single breast curtain,おっぱい前掛け
dust cloud,土煙
dominatrix,ミストレス
suspended congress,駅弁ファック
no testicles,test丸はありません
arthropod limbs,節足動物の手足
mark under both eyes,双眼下的标记
chinese hairpin,发簪
orange belt,オレンジ色のベルト
open belt,オープンベルト
drill ponytail,螺旋马尾
syrup,シロップ
instant cup noodles,カップ麺
tube,チューブ
fingering through clothes,隔衣手淫
leather gloves,皮手套
stroking own chin,手摸下巴
two-tone cape,ツートンケープ
shared umbrella,相合傘
shallow water,浅い水
bunny day,バニーの日
fur-trimmed legwear,毛皮のトリミングされたレッグウェア
brown sleeves,茶色の袖
invisible floor,目に見えない床
pink ascot,ピンクのアスコット
presenting own pussy,阴部展示
holding drumsticks,ドラムスティックを保持します
dwarf,ドワーフ
tight dress,紧身连衣裙
tissue,ティッシュ
unworn bikini top,ビキニトップが削除されました
fake mustache,つけヒゲ
oversized wings,巨翼
blue sports bra,ブルースポーツブラ
blending,融入
c:,Uの字口
vibrator cord,震动器线
striker unit,ストライカーユニット
dixie cup hat,ディクシーカップの帽子
painting (action),塗る
teacher and student,先生と生徒
underbutt,ハミケツ
voyeurism,覗き魔
multi-strapped bikini top,レイヤードビキニ
impossible swimsuit,不可能な水着
large nose,大きな鼻
birthmark,母斑
hand rest,手休み
viewer holding leash,リーシュを保持している視聴者
shimaidon,姉妹丼
chef,りょうりにん
zeon,ジオン公国
naked sheet,裸シーツ
lighter,ライター
shorts under dress,ドレスの下のショートパンツ
garden,庭
no eyebrows,眉なし
plume,飾り羽
mask around neck,首の周りにマスク
harem pants,ハーレムパンツ
handkerchief,ハンカチ
grabbing another's chin,顎クイ
height,身長
sitting in tree,木に座っています
park,公園
cat day,にゃんにゃんにゃんの日
weighing scale,秤
blonde pubic hair,金髪陰毛
cactus,サボテン
cat on head,頭に猫
cooperative paizuri,Wパイズリ
kitchen knife,包丁
rope belt,ロープベルト
yellow sky,黄色い空
diving suit,ダイバースーツ
volleyball (object),バレーボール
forehead tattoo,額のタトゥー
dolphin,イルカ
laser,レーザー
purple scrunchie,紫色のシュリューティー
boobplate,ブーブプレート
ginkgo leaf,イチョウの葉
hands on own ass,自分のお尻を手にしています
pixiv logo,Pixivロゴ
orange pantyhose,オレンジパンスト
spitting,唾液責め
lotion bottle,ローションボトル
novel cover,ライトノベル
year of the ox,丑年
watermelon slice,カットスイカ
stained panties,染みパン
ferris wheel,観覧車
aqua gem,アクアマリン
flower necklace,フラワーネックレス
circle cut,サークルカット
veranda,ベランダ
tiered tray,ケーキスタンド
mega stone,メガストーン
berry,ベリー
bouncing ass,晃动的屁股
pink sky,ピンクの空
huge testicles,巨玉
centaur,ケンタウルス
breasts on head,のせてんのよ
kappougi,割烹着
drum set,ドラム
ribbon-trimmed dress,丝带边连衣裙
pointing out the details,図解
sidecut,サイドカット
yuigaoka school uniform,ユイガカの学校制服
cowboy western,ウェスタン
club (shape),クラブ
bowing,お辞儀
strawberry hair ornament,イチゴの髪の飾り
crossbow,クロスボウ
green wings,緑の翼
left-to-right manga,左から右への漫画
lace gloves,レースグローブ
denim jacket,ジージャン
happi,法被
reins,手綱
transparent wings,透明な翼
robot animal,生物メカ
nike (company),ナイキ
bird boy,トリケモ
setsubun,せつぶん
acoustic guitar,アコギ
missing tail,尾はありません
symmetry,シンメトリー
unworn sandals,サンダルが削除されました
spread pussy under clothes,着衣くぱぁ
flower in eye,目の花
object focus,アイテム
naginata,薙刀
shoulder blush,肩の赤面
orange sweater,オレンジ色のセーター
brushing teeth,歯磨き
skirt under dress,ドレスの下のスカート
sunflower field,向日葵畑
wiping face,擦脸
flashlight,懐中電灯
box of chocolates,チョコレートの箱
cotton candy,わたがし
gladiator sandals,グラディエーターサンダル
round table,圆桌
twitter strip game,Twitterストリップゲーム
cross halo,十字光环
grey wings,灰色の翼
stadium,スタジアム
phonograph,レコードプレイヤー
hand on another's hand,他の人の手に手
tree stump,切り株
ear wiggle,耳ピコ
icing,アイシング
grenade pin,グレネードピン
split screen,分屏
frilled ascot,フリルアスコット
puppet strings,操り糸
on rock,岩の上
fur cape,毛皮ケープ
black umbrella,黒い傘
analog clock,アナログ時計
high-waist belt,显胸腰带
told you not to do that,因果応報
tent,テント
shuuchiin academy school uniform,秀知院学園
mole on stomach,胃のほくろ
cat teaser,猫じゃらし
sperm cell,精子
long nose,長鼻
ballet slippers,トゥシューズ
vertical-striped pants,垂直縞模様のズボン
load-bearing vest,タクティカルベスト
lily of the valley,すずらん
short tail,短い尾
2016,2016年
2017,2017年
strongman waist,粗壮的腰部
two-tone halo,双色光环
covered penis,形くっきりペニス
portrait (object),肖像(图中物品)
holding letter,手紙を持っています
ankh,アンク
hand on ground,地面に手
flower brooch,フラワーブローチ
checkerboard cookie,チェッカーボードクッキー
brown bikini,茶色ビキニ
floating weapon,浮かぶ武器
rainbow order,虹の注文
loungewear,ルームウェア
holding creature,生き物を保持します
drawing sword,抜刀
futa without pussy,シーメール
compound eyes,複眼
ooarai military uniform,ooarai軍服
antique phone,アンティーク電話
unworn gloves,手袋が取り外されました
holding bucket,バケツを持っています
family bonding,一家団欒
carrying under arm,小脇に抱える
black eyeshadow,ブラックアイシャドウ
large hands,大きな手
green sweater vest,緑のセーターベスト
hikarizaka private high school uniform,hikarizaka私立高校ユニフォーム
holding jewelry,宝石を持っています
pancake stack,パンケーキスタック
tanabata,七夕
character age,キャラクター年齢
multiple necklaces,複数のネックレス
wooden sword,木剣
holding ribbon,リボンを保持します
crime prevention buzzer,防犯ブザー
extra mouth,複口
hair in own mouth,口の中の髪
screw,ねじ
dirndl,ディアンドル
bikesuit,ライダースーツ
sweaty clothes,汗をかいた服
soap,石鹸
shirt under shirt,シャツの下のシャツ
vertical-striped shorts,垂直縞模様のショートパンツ
bandaged wrist,包帯の手首
hanbok,ハンボク
rainbow gradient,レインボーグラジエント
power symbol-shaped pupils,パワーシンボル形の生徒
in food,食べ物で
convenient tail,ディフェンスに定評のある尻尾
pants rolled up,ズボンが巻き上げられました
food-themed earrings,食品をテーマにしたイヤリング
fireplace,暖炉
aqua panties,アクアパンティー
cucumber,きゅうり
hand on own forehead,自分の額に手をかけます
team rocket uniform,チームロケットユニフォーム
master sword,マスターソード
crescent facial mark,三日月形のフェイシャルマーク
centauroid,タウル
dress tug,拉下裙摆
log,丸太
hanging,吊り
chemical structure,構造式
sheet music,五線紙
stove,コンロ
partially underwater shot,部分的に水中ショット
bowl hat,ボウルハット
yellow leotard,黄色のレオタード
framed,フレーム
takoyaki,たこ焼き
pearl hair ornament,真珠の髪の飾り
pussy piercing,阴部穿孔
ofuda on head,頭の中のofuda
single wrist cuff,シングルリストカフ
pocky kiss,ポッキーゲーム
colored nipples,色付きの乳首
christmas present,クリスマスプレゼント
costume,服装
popcorn,ポップコーン
cumdrip from penis,精液从阴茎滴落
tarot (medium),タロット風
2015,2015年
aqua theme,アクア色
v over mouth,v口の上
purple cardigan,紫のカーディガン
cupping hands,捧起手
boned meat,マンガ肉
hydrokinesis,水属性
reptile girl,トカゲ娘
angel and devil,天使と悪魔
two-tone scarf,ツートンスカーフ
graveyard,墓地
cockpit,コックピット
unicorn,ユニコーン
after rape,强奸之后
yes-no pillow,イエスノー枕
cable tail,ケーブルテール
raised fist,拳を上げた
wiping sweat,汗を拭う
chat log,LINE風
back focus,魅惑の背中
single horizontal stripe,単一の水平ストライプ
green pantyhose,グリーンパンスト
blue hood,青いフード
double fox shadow puppet,ダブルフォックスシャドウパペット
sidewalk,歩道
eyelid pull,拉眼睑
full-package futanari,玉付きふたなり
button eyes,ボタンの目
sideless dress,サイドオープンチャイナドレス
union jack,ユニオンジャック
full-length zipper,フルレングスジッパー
condom belt,コンドーム腰蓑
genderswap (otf),genderswap（otf）
flower on head,脳内お花畑
determined,坚定
lights,ライト
halberd,ハルバード
spray can,スプレー
red cardigan,赤いカーディガン
hooded sweater,フード付きセーター
flock,群れ
forehead-to-forehead,額からfore-forehead
hand focus,ハンド
grabbing another's shirt,シャツグラブ
pokemon on shoulder,肩にポケモン
normal suit (gundam),ノーマルスーツ
blood on ground,地面に血
corrupted halo,深色光环
pointer,指し棒
trash bag,ゴミ袋
origami,折り紙
two-tone thighhighs,ツートンの大腿部
lube,润滑液
pectoral grab,摸男性胸膛
floral print dress,花卉印花连衣裙
spiked tail,スパイクされた尾
mechanical pencil,シャープペンシル
shards,破片
thread,糸
hands on own stomach,自分の胃の手
phallic symbol,男根のメタファー
belt bra,ベルトブラ
vignetting,vignetting
ramune,ラムネ
you're doing it wrong,違う、そうじゃない
candy hair ornament,キャンディーヘアオーナメント
mixing bowl,ミキシングボウル
dumbbell,ダンベル
two-tone hat,双色帽
grey capelet,灰色のカペレット
cross pasties,鉄十字ニップレス
frilled jacket,フリルジャケット
wooden chair,木製の椅子
brown halo,棕色光环
tempura,天ぷら
sitting on object,オブジェクトの上に座っています
cheek squash,挤压脸颊
harvin,ハーヴィン
shiba inu,柴犬
red robe,赤いローブ
fireflies,萤火
sunscreen,日焼け止め
heart collar,ハートカラー
shin guards,すね当て
brown border,茶色の境界
sweet lolita,アマーロリ
helicopter,ヘリコプター
squid,イカ
tri tails,トリプルテール
ritual baton,笏
miyamasuzaka girls' academy school uniform,宮益坂女子学園
chinstrap,顎紐
brown choker,ブラウンチョーカー
japanese flag,日の丸
rolling suitcase,キャリーバッグ
coffin,棺桶
collared capelet,襟付きカペレット
mismatched eyebrows,不一致の眉
torn scarf,引き裂かれたスカーフ
doctor,医師
hospital bed,病院用ベッド
two-tone hoodie,ツートンのパーカー
fff threesome,女女女3P
ribbed sleeves,リブ生地
frog print,カエルプリント
jack-o' challenge,ジャックオーチャレンジ
y2k fashion,千禧年
holding riding crop,乗馬作物を保持します
flower choker,フラワーチョーカー
huge bow,巨大な弓
asymmetrical dual wielding,双持不同武器
bear print,クマのプリント
x mouth,：バツ
inset,内嵌
tail piercing,テールピアス
black bandeau,ブラックバンドー
yellow butterfly,黄色の蝶
snake hair,ゴルゴーン
armpit cutout,脇の下の切り抜き
holding cake,ケーキを持っています
milking machine,ミルカー
cow boy,牛男
tail ring,テールリング
reindeer costume,トナカイコス
kissing hand,手をキス
before and after,ビフォーアフター
mascot,マスコット
orange sleeves,オレンジスリーブ
pizza slice,ピザのスライス
accidental exposure,意外走光
st. gloriana's military uniform,st。グロリアナの軍服
sausage,ソーセージ
tutu,チュチュ
pants tucked in,裤腿塞进鞋子里
full-body tattoo,フルボディタトゥー
tumblr username,tumblrユーザー名
blue sweater vest,青いセーターベスト
hand net,タモ網
naked cape,裸ケープ
role reversal,立場交換
campfire,キャンプファイヤー
hatsune miku (cosplay),ミクコス
budget sarashi,予算のサラシ
cropped head,クロップドヘッド
two-tone coat,双色外套
holding suitcase,スーツケースを保持します
clover print,クローバープリント
crystal earrings,クリスタルイヤリング
lone nape hair,孤独なうなじ
flaming weapon,燃える武器
summer festival,夏祭り
fishnet sleeves,フィッシュネットスリーブ
retrofuturism,レトロフューチャー
cleaning,掃除
drill,ドリル
fountain,噴水
curtsey,カーテシー
high kick,ハイキック
arms between legs,手在两腿间
year of the snake,巳年
soup,スープ
bar stool,バースツール
broken chain,壊れたチェーン
side drill,サイドドリル
orange rose,橙玫瑰
miku day,ミクの日
bikini top pull,比基尼上装拉扯
glutton,食いしん坊
drawn ears,画的耳朵
eyewear hang,眼鏡を垂れ下げる
oral invitation,顔射待ち
ribbon in mouth,口の中のリボン
hammer and sickle,鎌と槌
holding pizza,ピザを持っています
marshmallow (site),マシュマロ
ninja mask,カラスマスク
pendulum,振り子
traditional youkai,ようかい
untied,解き放たれた
cherry hair ornament,桜の髪の飾り
shirt in mouth,嘴里含着衬衫
pink trim,ピンクのトリム
key earrings,キーイヤリング
gold coin,金貨
glowing butterfly,輝く蝶
holding teapot,ティーポットを保持します
soda,ソーダ
gyaru v,ギャルピース
breast smother,ぱふぱふ
round-bottom flask,丸底フラスコ
large ears,大きな耳
hagoita,羽子板
fast food,ファストフード
crocs,クロックス
playing guitar,ギタリスト
nipple indents,乳尖小坑
autobot,サイバトロン
lace-trimmed skirt,レーストリムスカート
39,39
detective,探偵
goat boy,ヤギの男の子
pinned,ピン留め
lace-trimmed choker,レーストリミングチョーカー
clear sky,晴空
chest of drawers,たんす
animal on lap,膝の動物
u.a. school uniform,U.A.学生服
struggling,挣扎
cum on self,自己の中出し
torn gloves,引き裂かれた手袋
black sky,黒い空
precum drip,滴落的先走汁
shuka high school uniform,秀華高校
invisible penis,隐形阴茎
coke-bottle glasses,ぐるぐる眼鏡
gusset,衬布
cyber fashion,サイバーファッション
utensil in mouth,咥える(食器)
two-tone headwear,ツートンヘッドウェア
spirit,精神
military combat uniform,現代個人装具
yes,はい
werewolf,ワーウルフ
umamusume horse relations,ホースの暗黒面
unworn coat,コートを取り除いた
white sarong,白いサロン
eagle,ワシ
grey cape,灰色のケープ
flower over eye,目に咲きます
ballet,バレエ
squinting,目を極度に細める
visible air,目に見える空気
grey serafuku,灰色のserafuku
holding branch,保持枝
naranja academy school uniform,オレンジアカデミー制服
western dragon,ドラゴン
breast expansion,膨乳
crate,クレート
telekinesis,テレキネシス
hands on another's thighs,他の人の太ももを手にします
friends,友人
cephalopod eyes,頭足類の目
polka dot bra,波点胸罩
cargo pants,カーゴパンツ
dildo riding,假阳具骑乘
holding needle,針を保持します
extra,モブキャラ
in the face,ジャイアンパンチ
arm between breasts,胸の間の腕
hospital gown,病人服
orange sailor collar,オレンジ色の船乗り
arrow through heart,キューピッドの矢
frilled camisole,フリルキャミソール
bikini bottom under shorts,見せハイレグパンツ
cooler,クーラーボックス
clapping,拍手
dowsing rod,ダウジングロッド
buster sword,バスターソード
mahjong tile,麻將牌
purple tabard,紫のタバード
animal ear legwear,動物の耳の足服
yin yang orb,陰陽玉
white helmet,白いヘルメット
golden week,ゴールデンウィーク
multiple heads,三つ首
shinsengumi,だんだら模様
split theme,分割主题
loving aura,爱心环
spiked club,狼牙棒
on person,压在别人身上(面对面)
traffic cone,カラーコーン
cheek bulge,歯磨きフェラ
moon (ornament),月（装飾）
fortissimo,フォルティシモ
basketball uniform,バスケユニフォーム
cleave gag,噛ませ猿轡
animal skull,動物の頭蓋骨
toe ring,トゥリング
legs folded,脚が折りたたまれています
blue camisole,青いキャミソール
ribbed thighhighs,リブ生地
runes,ルーン
pink sash,ピンクサッシ
skirt bow,スカートの弓
fur-trimmed thighhighs,毛皮のトリミングされた太もも
torn jacket,破れたジャケット
globe,地球儀
looking outside,外を見る
scar on hand,手に傷
kamiyama high school uniform (project sekai),神山高校
feral instincts,野生の本能
chocolate on breasts,チョコぱい
grey sweater vest,灰色のセーターベスト
gaming chair,ゲーミングチェア
holed coin,穴あき硬貨
purple tongue,紫色の舌
stone lantern,石灯籠
furigana,振り仮名
aqua gloves,水色手套
fish print,魚のプリント
leather boots,レザーブーツ
stealth sex,隠姦
spear the gungnir,神槍「スピア・ザ・グングニル」
hand on lap,膝の上に手
skull ornament,頭蓋骨の飾り
prototype design,没デザイン
puffy cheeks,ふくれっ面
bendy straw,ジャバラストロー
adjusting necktie,ネクタイの調整
presenting own breasts,乳見せ
head chain,头链
anal hair,ケツ毛
jiangshi costume,キョンシー
tankini,タンクトップビキニ
drying hair,髪を拭く
jaguar ears,ジャガーの耳
holding wrench,レンチを保持します
green horns,緑の角
dashed eyes,虚线眼睛
kusazuri,草摺
ajirogasa,被り笠
holding frying pan,フライパンを持っています
faux figurine,ヴィネット
grey leotard,灰色のレオタード
akanbe,あっかんべー
year of the dragon,辰年イラスト
spiked ear piercing,スパイクされた耳のピアス
black outline,黒い輪郭
cocktail dress,カクテルドレス
paw print background,足の印刷の背景
pikmin (creature),ピクミン（クリーチャー）
high-low dress,高低连衣裙
ass cutout,臀部开口
naked kimono,裸着物
polka dot headwear,水玉headwear
giving up the ghost,幽体離脱
dice hair ornament,サイコロヘア飾り
no mask,マスクはありません
prison clothes,囚人服
purple one-piece swimsuit,紫水着
green sclera,緑色の強膜
green tank top,グリーンタンクトップ
single shoulder pad,シングルショルダーパッド
short side ponytail,短いサイドテール
morning glory,アサガオ
scooter,スクーター
vaulting horse,跳び箱
tanzaku,短冊
anzio school uniform,アンツィオ学校のユニフォーム
white shawl,ホワイトショール
self-harm,自傷
bandaid on thigh,太ももの盗賊
pasta,パスタ
shaking,摇晃
confession,告白
riding pokemon,ポケモンに乗る
bowlegged pose,ガニ股
wheat,小麦
canvas (object),キャンバス
heart-shaped buckle,ハート型のバックル
pornography,ポルノ
unworn dress,ドレスを取り除いた
melting halo,ハローの融解
baseball (object),野球ボール
child carry,儿童抱
berry (pokemon),きのみ
slapping,平手打ち
electric plug,プラグ
motorcycle helmet,オートバイヘルメット
mahjong,麻雀
guided breast grab,セルフ胸タッチ
frottage,兜合わせ
paper airplane,紙飛行機
vampire costume,吸血鬼の衣装
cutting board,まな板
green armband,グリーンアームバンド
tracen swimsuit,セパスク
leg wrap,レッグラップ
turtleneck jacket,タートルネックジャケット
iphone,iPhone
portal (object),ポータル
kibito high school uniform,輝日東高校
kouhaku nawa,紅白ロープ
weight conscious,重量意識
glass bottle,ガラス瓶
washing machine,洗衣机
energy drink,エナジードリンク
blank stare,ぽかんとした顔
magical musket (madoka magica),マジカルマスケット銃
mole above mouth,口の上のモル
in bucket,バケツで
scribble censor,涂鸦打码
forced orgasm,強制絶頂
glass shards,碎玻璃
neck tassel,ネックタッセル
yellow tank top,黄色のタンクトップ
multicolored kimono,多色の着物
lava,マグマ
april fools,エイプリルフール
light censor,謎の光
single thigh boot,片足サイハイブーツ
two-sided dress,双面连衣裙
saw,ノコギリ
orange socks,オレンジソックス
duster,はたき
tented shirt,乳テント
hitting,叩く
holding bow (music),弓を保持する（音楽）
yellow gem,黄色の宝石
machine,機械
noose,縄
bookmark,しおり
weasel ears,イタチ耳
green-tinted eyewear,緑色のアイウェア
snail,カタツムリ
arm on knee,膝の腕
round window,丸い窓
daruma doll,だるま
oven mitts,鍋つかみ
pinwheel,かざぐるま
tail grab,テールグラブ
grey suit,灰色のスーツ
lalafell,ララフェル
tactical school uniform,武装JK
knotted penis,亀頭球
green cardigan,グリーンカーディガン
outie navel,でべそ
glowing hair,发光的头发
body hair,体毛
holding microphone stand,マイクスタンドを保持します
perpendicular paizuri,縦パイズリ
leg between thighs,夹别人腿
crumbs,パン粉
imminent anal,即将插入肛门
rainbow hair,彩虹发
hand on glass,ガラスの上に手を入れます
holding test tube,保持テストチューブ
patchwork clothes,缝合的衣物
comforting,慰める
scissor blade (kill la kill),片太刀バサミ
h&k hk416,H＆K HK416
multiple traps,薔薇で造った百合の造花
peanut mouth,ピーナッツみたいな口しやがって
elbows on table,テーブルの肘
holding remote control,リモートコントロールを保持します
pouring onto self,自分に注ぐ
soda bottle,ソーダボトル
chimney,煙突
hand on own elbow,手托着肘部
bad proportions,悪い割合
fatui coat,执行官斗篷
hoodie lift,パーカーリフト
jester,ジェスター
spiked shell,スパイクシェル
from outside,从外向里
wetsuit,ウェットスーツ
comic cover,コミックカバー
three-dimensional maneuver gear,立体機動装置
champagne,シャンパン
star tattoo,スタータトゥー
hand on wall,壁に手
cow,ウシ
through medium,打破次元壁
mismatched sclera,异色巩膜
school briefcase,学校のブリーフケース
blue suit,青いスーツ
ootachi,大太刀
tube dress,筒形连衣裙
ponytail with braided base,发辫基底马尾辫
short jumpsuit,短いジャンプスーツ
ass shake,お尻ふりふり
dropping,落とす
dandelion,タンポポ
torpedo tubes,魚雷発射管
long labia,グロマン
battle rifle,バトルライフル
yarn,毛糸
shell hair ornament,シェルヘアオーナメント
more muscular than canon,マッチョ化
ruler,定規
masked,マスク
dumpling,餃子
kaiju,怪兽
two-tone pants,ツートンパンツ
<|> <|>,猫目
akeome,あけおめ
embellished costume,装飾された衣装
jellyfish cut,クラゲヘア
purple trim,紫のトリム
purple collar,紫色の襟
two-sided headwear,両面帽子
hexagon,六角形
nursing handjob,授乳手コキ
chinese new year,旧正月
potara earrings,ポタラ
ema,絵馬
holding another's legs,抓住别人的双腿
leather pants,レザーパンツ
red feathers,赤い羽根
cum in clothes,着ザー
triangle print,三角形印刷
tribal,部族
earth (ornament),地球（装飾）
duffel coat,ダッフルコート
baggy clothes,だぶだぶの服
blue outline,青いアウトライン
wall clock,掛け時計
german text,ドイツ語
race vehicle,レース車
red tabard,赤いタバード
ace of hearts,ハートのエース
vibrator under panties,バイブINパンツ
radio,ラジオ
black theme,黒い
pleated shorts,プリーツショートパンツ
overcoat,オーバーコート
picnic,ピクニック
brick floor,レンガの床
character censor,自主規制
mouth pull,指でグイッ
brushing another's hair,他の人の髪をブラッシングします
under kotatsu,コタツの下
heart pendant,ハートペンダント
spiked hairband,スパイクヘアバンド
honeycomb (pattern),ハニカム構造
tied jacket,縛られたジャケット
arm around another's back,後ろに腕を並べる
bamboo steamer,蒸し器
covering another's mouth,他の人の口を覆う
audience,観客
chart,表
shark costume,サメ着ぐるみ
just the tip,先っちょ入れ
no gloves,手袋はありません
visor (armor),バイザー（アーマー）
shared food,共有食品
boater hat,カンカン帽
jacket over swimsuit,水着ジャージ
astronaut,宇宙飛行士
streetwear,ストリート系
clitoral piercing,クリピアス
scarlet devil mansion,紅魔館
red corset,赤いコルセット
text messaging,テキストメッセージング
penis peek,ちんチラ
brown nails,棕色指甲
exposed pocket,露出したポケット
stalk in mouth,叼草
child's drawing,小学生が描いてみた
mechanization,ポケモン機械化
hyena ears,ハイエナの耳
yellow outline,黄色のアウトライン
shell bikini,貝殻ビキニ
wig,かつら
finger frame,指フレーム
poster (medium),ポスター風
animal slippers,動物のスリッパ
holding scroll,巻物を保持します
red outline,赤い輪郭
western comics (style),アメコミ風
white armband,白いアームバンド
weibo username,weiboユーザー名
chalk,チョーク
holding lipstick tube,口紅チューブを保持します
breast conscious,胸意識
heartbeat,鼓動
outstretched leg,伸腿
holding magnifying glass,虫眼鏡を保持します
fishnet socks,渔网短袜
ass peek,尻破れ
liquid hair,液体の髪
narration,叙事
cutting hair,髪を切る
kuromorimine school uniform,黒森峰制服
dark penis,暗いペニス
crotch cutout,胯部镂空
white bandeau,ホワイトバンドー
petals on liquid,液体の花びら
brown leotard,茶色のレオタード
sponge,スポンジ
headless,首なし
spanish text,スペイン語
sundae,サンデー
ho-kago tea time,放課後ティータイム
finger to face,指から顔
fiery horns,燃えるような角
powering up,チャージ
adoptive parent and adoptive child,非血亲家庭
food-themed clothes,食べ物をテーマにした服
dithering,ディザ
futa on male,ふた×男
thai text,タイ語
sakuramon,桜紋
police badge,警察バッジ
single arm warmer,シングルアームウォーマー
ammunition belt,ベルトリンク
sharp toenails,鋭い足の爪
kepi,ケピ帽
orange headband,オレンジ色のヘッドバンド
orange pupils,橙色瞳孔
print hoodie,パーカーを印刷します
lace-trimmed gloves,レーストリミングされた手袋
hot dog,ホットドッグ
aviator sunglasses,アビエーターサングラス
pointy breasts,ロケットおっぱい
horned mask,角のあるマスク
rotary phone,回転ダイヤル式電話機
food stand,でみせ
calico cat,ミケ
unworn swimsuit,水着は削除されました
chastity cage,貞操具
bad end,バッドエンド
boxer briefs,ボクサーパンツ
holding quill,クイルを保持します
hands on another's hips,腰に手
easel,イーゼル
uvula,のどちんこ
cross choker,クロスチョーカー
sick,病気
grimoire,グリモワール
emotionless sex,無関心
sidesaddle,サイドアドル
torpedo launcher,魚雷ランチャー
penlight (glowstick),ペンライト
curry rice,カレーライス
paper stack,ペーパースタック
grey theme,灰
yellow cloak,黄色のマント
tomoeda elementary school uniform,トモーダ小学校のユニフォーム
fanning self,对自己扇风
white nightgown,白いナイトガウン
shirt under dress,ドレスの下のシャツ
nose ring,鼻輪
body armor,ボディーアーマー
long ribbon,長いリボン
slashing,斬る
rabbit house uniform,ウサギの家のユニフォーム
pinching sleeves,袖をつまむ
white mittens,白いミトン
yellow raincoat,黄色のレインコート
cursive,草书
sleeveless bodysuit,无袖连体衣
island,島
chaldea logo,Chaldeaロゴ
pool of blood,血だまり
salaryman,サラリーマン
levitation,レビテーション
tropical fish,熱帯魚
tail between legs,足の間の尾
very wide shot,极远景镜头
hourglass,砂時計
butterfly net,虫取り網
medallion,メダリオン
borrowed design,借りたデザイン
dorsal fin,せびれ
sukajan,スカジャン
stream,溪流
punk,パンク
shiny and normal,光沢があり、普通
shoulder holster,ショルダーホルスター
torn panties,破れたパンティー
yellow headband,黄色のヘッドバンド
magatama earrings,マガタマイヤリング
playstation controller,PlayStationコントローラー
floating scarf,フローティングスカーフ
colorful background,多彩背景
video game,テレビゲーム
shell necklace,贝壳项链
shared speech bubble,共有音声バブル
cheekbones,頬骨
anchor print,アンカープリント
pokemon card,ポケモンカード
naked hoodie,裸パーカー
witch (madoka magica),魔女(魔法少女まどか☆マギカ)
polka dot skirt,水玉スカート
hooded cardigan,フード付きカーディガン
hat tip,帽子に手
blue shawl,ブルーショール
musical note print,ノートノートプリント
haniwa (statue),埴輪
four-leaf clover hair ornament,四葉のクローバーヘアオーナメント
striped fur,縞模様の毛皮
footwear ribbon,履物リボン
crane (machine),クレーン
heart (organ),しんぞう
energy beam,ビーム
hat on back,背中に帽子
bag of chips,チップスの袋
moth,ガ
asahiyama high school uniform,旭山高等学校
napkin,ナプキン
grey bowtie,灰色のボウタイ
snowball,雪玉
elezen,エレゼン
ass support,お尻のサポート
jojo pose,ジョジョ立ち
adapted turret,適応されたタレット
opening own clothes,自己によって開かれました
snorkel,スノーケル
holding coin,コインを保持します
monkey ears,猿耳
athletic leotard,体操服
henshin,変身シーン
flashback,回想シーン
kuji-in,九字切り
holding glowstick,グロースティックを保持します
kimono pull,着物プル
silver trim,シルバートリム
cut bangs,前髪を切る
ice skates,スケート靴
dakimakura (object),抱き枕
thighhighs pull,太ももが引っ張る
burnt clothes,焦げた服
papakha,ロシア帽
power suit (metroid),パワースーツ（メトロイド）
drugs,ドラッグ
condensation,ぎょうしゅく
cocktail,カクテル
white garter belt,白いガーターベルト
asa no ha (pattern),麻の葉
ear scrunchie,耳のシュリューティー
stitched arm,ステッチされた腕
pump action,ポンプアクション
shuujin academy school uniform,秀尽学園高校
orange ascot,オレンジ色のアスコット
blue bandana,青いバンダナ
coconut,椰子の実
heart-shaped gem,ハート型の宝石
red butterfly,赤い蝶
blind,盲目
hands on ground,手に渡って地面
scarf over mouth,口の上のスカーフ
raccoon,アライグマ
age comparison,年齢比較
white bandana,白いバンダナ
cropped arms,トリミングされた腕
musou isshin (genshin impact),夢想の一心
leotard peek,Leotard Peek
cerise bouquet,スリーズブーケ
detached ahoge,戸建てアホージ
noh mask,能剧面具
gradient horns,グラジエントホーン
m1911,コルト・ガバメント
two-tone necktie,ツートンネクタイ
white babydoll,白いbabydoll
visor,バイザー
purple robe,紫色のローブ
makizushi,巻き寿司
grey cat,灰色の猫
sand sculpture,砂遊び
butter,バター
optical sight,ダットサイト
frontal wedgie,股布食い込ませ
glowing tattoo,发光的纹身
uchikake,打掛
spoken food,話された食べ物
sequential,シークエンス
cowboy boots,カウボーイブーツ
green trim,緑のトリム
cracked wall,墙体开裂
thick arms,粗壮的手臂
mullet,マレット
crayon,クレヨン
side slit shorts,サイドスリットショーツ
ojou-sama pose,高笑い
pickaxe,つるはし
wavy eyes,波状の目
hole on body,体の穴
leash pull,牵着狗绳
diamond (gemstone),ダイヤモンド
orange panties,オレンジパンティー
super saiyan 1,超サイヤ人
warning sign,警告
fur-trimmed shirt,毛皮のトリミングされたシャツ
holding money,お金を持っている
black babydoll,ブラックベビードール
crystal hair,クリスタルヘア
coat partially removed,部分的に除去したコート
studded choker,スタッドチョーカー
morning after,ゆうべはおたのしみでしたね
vertical scroll comic,スクロール漫画
aquarium,水族館
pinstripe dress,细条纹连衣裙
plastic bottle,ペットボトル
pom pom beanie,Bobblehat
balancing,バランス
holding skull,頭蓋骨を保持します
mole on shoulder,肩にモル
easter egg,イースターエッグ
fascinator,ファシネーター
shikigami,式神
pink outline,ピンクのアウトライン
aqua hairband,アクアヘアバンド
cum on legwear,レッグウェアに精液
pennant,ペナント
combat boots,コンバットブーツ
full-length mirror,姿見
sparkle print,スパークルプリント
hand under shirt,シャツの下の手
comparison,比较
clown,道化師
facing ahead,面朝身前
eggplant,ナス
kanabou,金棒
undead,アンデッド
half-spread pussy,掰开单侧阴部
breasts on table,卓上の乳
covering one eye,片目を覆う
blood drip,血液ドリップ
gigantic penis,超根
winged heart,翼のある心
blowing bubbles,吹泡泡
tropical drink,トロピカルドリンク
paint splatter on face,颜料在脸上
clock tower,時計塔
lattice,中国格子
tentacles under clothes,衣服の下の触手
blood on leg,脚の血
peach hat ornament,桃の帽子飾り
gills,えら
tegaki,手書きブログ
condom box,コンドームボックス
ribbed leotard,リブレオタード
like and retweet,好きでリツイート
kikkoumon,亀甲文
mouth piercing,口のピアス
front-fastening bra,フロントホックブラ
game screenshot background,ゲームスクリーンショットの背景
desi,インド人
holding mop,モップを保持します
holding skewer,串を保持します
head on chest,胸に向かいます
pussy juice drip through clothes,猫ジュースは服を滴ります
hard hat,ハードハット
climbing,クライミング
open bodysuit,オープンボディスーツ
brown collar,茶色の襟
kimono skirt,着物スカート
maid day,メイドの日
seaweed,海藻
orange cape,オレンジケープ
in cup,カップイン
strap lift,肩紐ずらし
wrist wrap,リストラップ
ice cream float,クリームソーダ
facebook username,Facebookユーザー名
uva academy school uniform,グレープアカデミー制服
green hakama,グリーンハカマ
black bird,黒い鳥
brown panties,茶色のパンティー
green scrunchie,グリーンシュリューヒー
pants under skirt,スカートの下のズボン
swimsuit cover-up,罩衫(泳衣)
k/da (league),K/DA（リーグオブレジェンド）
apartment,アパート
white pajamas,白いパジャマ
holding heart,心を握る
shinda sekai sensen uniform,死んだ世界戦線制服
polka dot shirt,水玉シャツ
saddle,鞍
bartender,バーテンダー
hat with ears,猫耳帽
breastfeeding,授乳プレイ
spoken expression,話し言葉
belt boots,ベルトブーツ
queen of spades symbol,スペードのシンボルの女王
bishamonten's pagoda,宝塔
androgyne symbol,アンドロギンシンボル
uncommon stimulation,珍しい刺激
inkwell,インク壺
honey,ハニー
hooded dress,连帽连衣裙
grocery bag,買い物袋
loaded interior,ロードされたインテリア
yo-yo,ヨーヨー
hauchiwa,羽うちわ
high-waist pantyhose,ハイウエストパンスト
green border,緑の境界
soap censor,泡ブラ
native american,ネイティブ・アメリカン
saliva on penis,阴茎上的唾液
loose shirt,ルーズシャツ
steampunk,スチームパンク
egg hair ornament,卵の髪の飾り
potato,いも
holding mirror,鏡を保持します
convenience store,コンビニ
red wine,赤ワイン
cd,CD
roundel,ラウンデル
\n/,コルナ
embroidery,刺绣
glock,グロック
holding photo,写真を持っています
4others,4人
shoulder cannon,ショルダーキャノン
mira-cra park!,みらくらぱーく!
ben-day dots,ベンデイドット
blacked female,黒人NTRマーク
cheek pull,つねる
hakurei reimu (cosplay),霊夢コス
juxtaposition,スマホ差分
gradient halo,渐变光环
green armor,緑の鎧
watermelon bar,すいかバー
shopping,ショッピング
crane game,クレーンゲーム
bandolier,弾帯
holding briefcase,ブリーフケースを保持します
hamaya,破魔矢
bicorne,双角帽
\o/,抬双手庆贺
lactation through clothes,服越し母乳
freediving,フリーダイビング
telescope,テレスコープ
gyaruo,ギャル男
mole on collarbone,鎖骨のほくろ
pet bowl,エサ皿
body horror,ボディホラー
cleaver,肉切り包丁
mole on arm,腕にモル
vocaloid append,アペンド
drawn whiskers,描かれたひげ
hat over one eye,片目で帽子
holding scepter,SCEPTERを保持します
screwdriver,ドライバー
two-sided gloves,双面手套
bored,退屈
vibrator in thighhighs,大腿袜里的震动器
messy,乱雑な
nipple rub,乳首カリカリ
hand mirror,手鏡
red suit,赤いスーツ
barbed wire,有刺鉄線
under tree,木の下
eldritch abomination,エルドリッチの憎悪
facing down,下向き
dotted background,点線の背景
aurora,オーロラ
bird print,バードプリント
hologram,ホログラム
chest guard,胸当て
covered testicles,覆われたtest丸
fuuin no tsue,封印の杖
gradient legwear,グラデーションレッグウェア
grey flower,灰色の花
tapir tail,タピールの尾
cross-laced slit,架橋されたスリット
yellow pantyhose,黄色のパンスト
donation box,賽銭箱
wrapped candy,包まれたキャンディー
unitard,ユニタード
mismatched earrings,不一致のイヤリング
toilet use,トイレの使用
turtleneck bodysuit,タートルネックボディスーツ
hand on table,テーブルの上の手
panicking,パニック
sakugawa school uniform,佐藤学学校のユニフォーム
studded bracelet,スタッドブレスレット
pentacle,ペンタクル
red wrist cuffs,赤い手首の袖口
bus stop,バス停
crescent necklace,三日月のネックレス
hair vines,髪の毛
untying,対照
antique firearm,アンティーク銃器
borderless panels,ボーダーレスパネル
lighthouse,とうだい
print headwear,帽子をプリントします
camcorder,便携式摄影机
flaming sword,炎の剣
light machine gun,軽機関銃
night raven college school uniform,ナイトレイヴンカレッジユニフォーム
mat,マット
knees out of frame,フレームから膝
blue sarong,ブルーサロン
yordle,ヨードル
candy wrapper,糖果包装纸
objectification,オナホ化
smoking barrel,硝煙
horn flower,角の花
casting spell,詠唱
two-tone legwear,ツートンレッグウェア
hunched over,猫背
pixelated,ドット絵(一部)
hair color connection,发色相仿
hair strand,髪の毛
messenger bag,メッセンジャーバッグ
lyre,竪琴(古代ギリシア)
undersized breast cup,ハミ乳
red nose,赤いはな
bandaid on forehead,額に包まれています
colorful clouds,オレンジ色の雲
broad shoulders,肩幅が広い
huge moon,巨大な月
food bite,食べ物の噛みつき
pencil case,ペンケース
zabuton,座布団
maple leaf print,メープルリーフプリント
honda,ホンダ
aqua skin,アクアスキン
green sash,グリーンサッシ
aqua kimono,アクア着物
pet,ペット
tengu,てんぐ
hair dryer,ヘアドライヤー
wallet chain,ウォレットチェーン
orange tank top,オレンジ色のタンクトップ
pornography production,AV撮影
racecar,レーシングカー
eden academy school uniform,エデンアカデミーユニフォーム
captured,捕らわれ
lizard,トカゲ
dirt,どろ
kissing neck,首にキス
off-shoulder one-piece swimsuit,オフショルダーワンピース水着
frilled armband,フリルアームバンド
pink umbrella,ピンクの傘
partial humanization,半人类化
multiple riders,二人乗り
kissing penis,ペニスにキス
in palm,手のひらで
broken weapon,壊れた武器
handsfree paizuri,ノーハンドパイズリ
disembodied eye,具体化されていない目
homurabara academy school uniform,穂群原学園
multicolored flower,多色の花
lipstick mark on penis,Pキスマーク
mochi trail,おもちうにょーん
saiyan armor,戦闘ジャケット
crystal ball,水晶玉
fish skeleton,魚の骨
earth federation,地球連邦
bamboo broom,竹のほうき
lightsaber,ライトセーバー
bindi,ビンディー
fur shawl,毛皮のショール
galaxy,ギャラクシー
holding spatula,スパチュラを保持します
age regression,若返り
nejiri hachimaki,ねじりはちまき
self-cosplay,ミッドフォーム
number print,番号印刷
purple-framed eyewear,紫縁眼鏡
han'eri,はんえり
white sky,白い空
arm shield,アームシールド
clothes between thighs,太ももの間の服
dorsiflexion,背屈
horn ring,ホーンリング
chalice,カリス
toilet paper,トイレットペーパー
multiple monochrome,複数のモノクロ
single bridal gauntlet,シングルブライダルガントレット
kine,杵
arm across waist,腰を横切る腕
swiss roll,ロールケーキ
yarn ball,毛线球
light areolae,浅色乳晕
deer tail,鹿の尾
kishimen hair,きしめんヘアー
white tabard,白いタバード
holding toy,おもちゃを持っています
heart-shaped lock,ハート型のロック
shrimp tempura,エビ天
teardrop tattoo,ティアドロップタトゥー
couter,カーター
half-skirt,ハーフスカート
pink tank top,ピンクのタンクトップ
cum inflation,精液ボテ
dress swimsuit,连衣裙泳装
pursed lips,唇を追いかけた
single tear,単一の涙
thighhighs over pantyhose,パンストの上に太ももが多い
skirt cutout,穴スカート
facing up,上向き
houndstooth,千鳥格子
leather armor,革の鎧
curled up,蜷缩
sticky note,付箋
striped vest,ストライプベスト
hanging plant,ぶら下がっている植物
dongtan dress,ドンタン
glomp,飛びつく
vore,丸呑み
crazy,病んでる
bass clef,ヘ音記号
green robe,緑のローブ
italian flag,イタリアの国旗
green one-piece swimsuit,緑のワンピース水着
tennis ball,テニスボール
flying kick,飛び蹴り
brain,ブレーン
arm on another's shoulder,肩に腕
training bra,ジュニアブラ
french text,フランス語
striped hoodie,縞模様のパーカー
side-tie peek,見せ紐
index fingers raised,上手に上げられた指の指
glansjob,亀頭責め
intestines,はらわた
pigeon,ハト
fish boy,魚人
blue jumpsuit,青いジャンプスーツ
long earlobes,長い耳たぶ
grey choker,灰色のチョーカー
looking through own legs,股のぞき
amplifier,アンプ
greek toe,ギリシャ型
long horns,長い角
unzipping,下ろしチャック
laundry,洗衣
brown sash,茶色のサッシ
crocodilian tail,鳄鱼尾
mutual hug,抱き合う
beretta 92,ベレッタ92
purple border,紫色の境界線
grey cloak,灰色のマント
personality switch,性格入れ替え
blue umbrella,青い傘
crotch focus,股間アップ
hands on feet,足の手
kesa,袈裟
fitness gym,スポーツジム
spoiler (automobile),スポイラー
holding shovel,シャベルを持っています
fur jacket,ファージャケット
bloodshot eyes,血走った目
long neck,長い首
wa lolita,和ロリ
cat ear legwear,猫の耳の足服
print sleeves,袖を印刷します
blood on bandages,包帯の血
bound torso,躯干捆绑
hooded vest,フード付きベスト
pink headband,ピンクのヘッドバンド
arthropod boy,虫人
corn,トウモロコシ
legs over head,頭の上の足
wing brooch,ウィングブローチ
implied fellatio,暗示口交
odaibako,お題箱
new school swimsuit,新スク
art nouveau,アール・ヌーヴォー
holding chain,チェーンを保持します
print necktie,ネクタイをプリント
self wedgie,自己拉内裤陷入
high tops,ハイカットスニーカー
flower bracelet,フラワーブレスレット
penis over eyes,目隠し竿
pokemon move,ポケモン技絵
taimanin suit,対魔忍パロ
merchandise,キャラグッズ
two-tone kimono,ツートンの着物
face between breasts,ぱふぱふ
symbolism,象徴主義
multiple legs,複数の脚
logo parody,ネタロゴ
living clothes,バイオスーツ
tongs,トング
ear chain,耳链
archery,アーチェリー
gradient wings,グラジエントウィング
pointing forward,前進します
ar-15,AR-15
short-sleeved sweater,短袖のセーター
hat belt,帽子ベルト
sideways hat,横向きの帽子
two-tone veil,双色面纱
toga,トーガ
groom,花婿
gradient skin,グラジエントスキン
wrestling ring,擂台
erect clitoris,勃起クリトリス
traditional chinese text,正体字
sobu high school uniform,ソブ高校のユニフォーム
amulet,お守り
weightlifting,重量挙げ
alternate weapon,代替武器
red mittens,赤いミトン
checkered flag,チェッカーフラッグ
seal (animal),アザラシ
truth,真実
hat tassel,帽穗
eye of horus,ホルスの目
wide brim,広いつかみ
wheat field,小麦畑
two-handed handjob,両手の手コキ
ghost pose,幽灵姿势
bullet hole,弾痕
bowler hat,やまたかぼう
zun (style),野生のZUN
butterfly-shaped pupils,蝶の形をした生徒
print shorts,ショートパンツを印刷します
...?,...？
hand on floor,床にハンド
nebula,星云
stone stairs,石段
straitjacket,拘束衣
stitched mouth,ステッチされた口
kourindou tengu costume,香霖堂天狗装束
snack,スナック
licking armpit,腋舐め
sweater tucked in,押し込まれたセーター
bayonet,銃剣
propeller,プロペラ
onii-shota,おにショタ
ear protection,イヤーガード
bridal legwear,新娘袜
two-tone sweater,ツートンセーター
on railing,手すり
mannequin,マネキン
huge pectorals,大胸筋
2014,2014年
nearly naked apron,下着エプロン
perfume bottle,香水瓶
cartoon bone,漫画の骨
urban,都会的な
holding fish,魚を持っています
rocket,火箭
teruterubouzu,てるてる坊主
lying on lap,膝の上に横たわっています
boxcutter,カッターナイフ
anal fluid,腸液
uneven twintails,不对称双马尾
torn bodystocking,破れたボディーストッキング
ready to draw,描く準備ができました
foregrip,フォアグリップ
bo staff,棒術
baby bottle,ほにゅうびん
mouth insertion,口の挿入
bike shorts under shorts,ショーツの下の自転車ショーツ
zero gravity,無重力
bulletin board,掲示板
green feathers,緑の羽
shiny legwear,光沢のあるレッグウェア
jacket pull,ジャケットプル
implied kiss,暗黙のキス
nipple clamps,乳夹
speckled areolae,乳輪の色ムラ
human scabbard,人間の鞘
alternate species,种族改变
single knee pad,シングル膝パッド
sprinkles,スプリンクル
multicolored tail,多色の尾
chimera,キメラ
thermometer,温度計
a certain high school uniform,特定の高校の制服
sun tattoo,太陽タトゥー
sexualized chibi,デフォルメエロ
above clouds,雲の上
purple armor,紫色の鎧
blood bag,血液バッグ
snake earrings,ヘビイヤリング
war,戦争
martial arts belt,武道ベルト
double horizontal stripe,二重水平ストライプ
penises touching,兜合わせ
latex legwear,ラテックスレッグウェア
testicle sucking,玉吸い
eye print,アイプリント
gingham clothes,ギンガム
mash kyrielight (dangerous beast) (cosplay),デンジャラス・ビースト
wet dress,濡れたドレス
soccer,サッカー
implied fingering,暗示された運指
knife sheath,ナイフホルスター
thick lineart,太い線
striped hair,条纹头发
triple penetration,三穴
goat,ヤギ
balding,半秃
handprint,手形
red track suit,赤いトラックスーツ
messy room,散らかった部屋
nipple jewelry,乳头饰品
star pasties,スターニプレス
red sports bra,レッドスポーツブラ
handstand,逆立ち
racerback,レーシングバック
doily,ドイリー
sparkle hair ornament,輝く髪の飾り
bound together,連縛
cum in container,容器に精液
consensual tentacles,合意の触手
covering another's eyes,他の人の目を覆う
eyelash ornament,まつげ飾り
nib pen (object),つけペン
two-sided cloak,両側マント
dog penis,狗阴茎
sorcerer's sutra scroll,エア巻物
lace-trimmed shirt,レーストリムシャツ
holding toothbrush,歯ブラシを保持します
analogous colors,るいじしょく
heckler & koch,ヘッケラー&コッホ
holding person,保持者
flower in mouth,口の中の花
animal on arm,腕に動物
hanten (clothes),はんてん
flying fish,空の魚
two-finger salute,2本指の敬礼
biting ear,耳噛み
clueless,無知シチュ
hanging light,吊灯
spaghetti,スパゲティ
humping,腰ヘコ
leaf hat ornament,葉の帽子飾り
affectionate,愛情深い
hogwarts school uniform,霍格沃兹校服
warm colors,暖かい
kiwi (fruit),キウイ
pushing,押す
album name,アルバム名
vibrator on nipple,乳头震动器
labret piercing,ラブレットピアス
smokestack hair ornament,スモークスタックの髪の飾り
puff and slash sleeves,パフとスラッシュスリーブ
family crest,家紋
starfish hair ornament,ヒトデの髪の飾り
title parody,タイトルパロディ
toilet stall,トイレセックス
purple cloak,紫のマント
lightning bolt print,ライトニングボルトプリント
chocolate cake,チョコレートケーキ
pinstripe suit,ピンストライプスーツ
vertical-striped bikini,縦縞ビキニ
cat bag,キャットバッグ
hedgehog,ハリネズミ
untied shoelaces,解き放たれた履物
monochrome background,单色背景
glowing wings,光の翼
upshorts,アップショート
decepticon,ディセプティコン
melon,メロン
food on breasts,胸の食べ物
invisible man,隐形男人
bird mask,バードマスク
licking foot,足舐め
penis on ass,お尻の陰茎
sauna,サウナ
tapir ears,タピール耳
glove bow,グローブボウ
holding sword behind back,後ろの剣
self-harm scar,リスカ痕
tulip hat,チューリップハット
shirt overhang,乳カーテン
procreate (software),Procreate（ソフトウェア）
masochism,マゾヒスト
post-apocalypse,ポストアポカリプス
posing,ポージング
hand over eye,目を渡します
down jacket,ダウンジャケット
single bare leg,単一の裸の脚
wallet,財布
koi,ニシキゴイ
hand on another's ear,他の人の耳に手をかけます
double vertical stripe,二重垂直ストライプ
oda uri,織田瓜
cellphone charm,携帯ストラップ
coat dress,外套连衣裙
sports panties,スポーツショーツ
toast in mouth,パンを咥える
guided penetration,添え手挿入
facepalm,捂脸
striped coat,ストライプコート
back-seamed legwear,バックシーム
alice (alice in wonderland) (cosplay),アリスコス
anchor necklace,アンカーネックレス
vertical-striped kimono,垂直縞模様の着物
electrical outlet,コンセント
koishi day,5月14日はこいしの日
super saiyan 4,超サイヤ人4
adjusting legwear,调整腿部服装
holding newspaper,新聞を持っています
conductor baton,タクト
maneki-neko,招き猫
torture,拷問
crocodilian,ワニ
bad food,糟糕的食物
storefront,店先
arm cuffs,アームカフス
plant roots,ルーツ
bad perspective,错误透视
peony (flower),牡丹
tearing clothes,服を引き裂く
brick,れんが
2013,2013年
ring gag,口枷
how to,描き方
polaroid photo,ポラロイド
holding whisk,泡立て器を保持します
paper crane,折り鶴
green ascot,緑のアスコット
missile pod,ミサイルポッド
king (chess),キング(チェス)
tag,标签
boar,イノシシ
oohashi high school uniform,大橋高校の制服
sadism,サディスト
on roof,屋根の上
blue petals,青い花びら
holding plant,植物を保持します
waiter,ギャルソン
one ear down,立一只耳朵
rhodes island logo (arknights),罗德岛标志
taller female shorter male,身長差
lowleg pants,低腰长裤
ticket,チケット
no eyepatch,アイパッチはありません
theft,どろぼー
photorealistic,写真かと思った
panties under buruma,はみパン
pixie cut,ピクシーカット
cuirass,キュイラス
tokyo,東京
clown nose,ピエロ鼻
white tunic,白いチュニック
mob face,モブ顔
diving mask on head,頭にダイビングマスク
seatbelt,シートベルト
paint on clothes,服に絵を描きます
in memoriam,追悼イラスト
no blindfold,目隠しはありません
white petals,白い花びら
sitting on table,テーブルに座っています
star-shaped eyewear,星型のアイウェア
galaxy team survey corps uniform,Galaxy Expedition Team Survey Corps Uniform
trinity general school logo,トリニティ総合学園校章
ace of spades,スペードのエース
looking at hand,手を見ています
censored text,放送禁止用語
clothes tug,拉衣服遮挡
poleyn,ポレイン
food art,フードアート
oversized breast cup,过大胸罩
duel academy uniform (yu-gi-oh! gx),デュエルアカデミーユニフォーム（Yu-gi-oh！gx）
bus,バス
mitre,ミトラ(冠)
skull necklace,頭蓋骨のネックレス
lute (instrument),鲁特琴
orange jumpsuit,オレンジジャンプスーツ
dollchestra,ドルケストラ
bean bag chair,人をダメにするソファ
string bra,细绳胸罩
dawn,夜明け
circled 9,丸9
between toes,つま先の間
hammock,ハンモック
art brush,絵筆
mast,マスト
urethral insertion,尿道ファック
ribbed bodysuit,リブ付きボディースーツ
makeup brush,化粧用ブラシ
tools,道具
single fishnet legwear,シングルフィッシュネットレッグウェア
ketchup bottle,ケチャップボトル
moon phases,月相
adidas,アディダス
polka dot swimsuit,水玉水着
papers,論文
bear costume,クマの衣装
holding cross,クロスを保持します
rubber gloves,ゴム手袋
icho private high school uniform,イチョ私立高校のユニフォーム
brazilian flag,ブラジルの国旗
group hug,グループハグ
see-through sarong,透明莎笼
rounded corners,丸い角
half-heart hands,片手ハート
floating island,浮島
black male swimwear,黒人男性の水着
tuanshan,团扇
female goblin,ゴブリン娘
single head wing,シングルヘッドウィング
clone harem,嫁分身
multi-strapped panties,多系带内裤
skeleton print,スケルトンプリント
amesuku gyaru,アメスク
surrounded,取り囲む
hugging viewer,即将拥抱POV
infirmary,保健室
hooded bodysuit,フード付きボディスーツ
misunderstanding,勘違い
grey bag,灰色のバッグ
single boot,シングルブート
heart-shaped eyes,爱心眼睛
marking on cheek,頬にマーク
holding necklace,ネックレスを保持します
solid circle pupils,固体の生徒
multicolored hoodie,多色のパーカー
hand grip,つり革
playstation portable,プレイステーション・ポータブル
wakizashi,脇差
gerudo,ゲルド
cum in nose,鼻ザー
owl ears,羽角
hairjob,髪コキ
complementary colors,補色
inline skates,インラインスケート
tweaking own nipple,自分の乳首を微調整します
satin,缎子
giant monster,怪獣
watching television,テレビを見てる
holding key,キーを保持します
color timer,カラータイマー
steak,ステーキ
grill,グリル
jockstrap,ジョックストラップ
flak jacket,フラックジャケット
converse,コンバース
flying paper,飛ぶ紙
german flag,ドイツの国旗
shiny swimsuit,光沢のある水着
hand in own panties,手伸进自己的内裤
omikuji,おみくじ
lovestruck,恋する乙女
cat on shoulder,肩に猫
red oni,赤鬼
negative space,余白
cum on pussy,阴部上的精液
kono lolicon domome,このロリコンどもめ!
bib,涎掛け
excalibur morgan (fate),約束された勝利の剣(セイバーオルタ)
cat costume,猫の衣装
finger to another's mouth,手指放在他人嘴边
whiteboard,ホワイトボード
gift bag,ギフトバッグ
white tiger,ホワイトタイガー
beam cannon,ビーム砲
spit take,スピットテイク
forked tail,フォークされた尾
ankle bow,足首の弓
wolf costume,狼服
inseki,姻戚
log pose,ログポース
star of david,ダビデの星
pom pom earrings,ポンポンイヤリング
bear tail,尾の尾
ghost hair ornament,幽霊の髪の飾り
lord camelot (fate),Camelot Lord（運命）
expressive clothes,キョン乳
diaper,おむつ
grenade launcher,グレネードランチャー
chocobo,チョコボ
reindeer,トナカイ
changpao,長袍
hand on headphones,ヘッドフォンに手をかけます
glory wall,壁尻
sand castle,砂の城
saiyan,サイヤ人
rook (chess),ルーク(チェス)
butterfly ornament,蝶の飾り
horseshoe,蹄鉄
wading pool,ビニールプール
red bandeau,レッドバンドー
two-tone shorts,ツートンショートパンツ
hexagon print,六角形のプリント
glowing horns,发光的角
spreader bar,束缚杆
plaid panties,格子縞のパンティー
scar on back,背中に傷がある
dragging,ドラッグ
bathrobe,バスローブ
2012,2012年
spiked jacket,スパイクされたジャケット
floating book,浮かぶ本
recorder,リコーダー
two-tone wings,ツートン翼
white pubic hair,白い陰毛
multiple scoops,多个冰淇淋球
sugar cube,角砂糖
hospital,病院
torn coat,破れたコート
no mole,ほくろはありません
camisole lift,キャミソールリフト
hexagon hair ornament,六角形の髪の飾り
elbow on knee,膝の肘
hole in chest,胸の穴
ink tank (splatoon),インクタンク（スプラトゥーン）
josou seme,女装攻め
teeth hold,歯は保持します
after bathing,お風呂上り
tenshi kaiwai,水色と白
orange cat,オレンジ猫
holding pole,ポールを保持します
cracked glass,ひび割れたガラス
thermos,魔法びん
multicolored cape,多色のケープ
green eyeshadow,緑のアイシャドウ
unworn backpack,バックパックが削除されました
kabuto (helmet),兜
pastry bag,絞り袋
bee,ミツバチ
nipple pull,拉乳头
dragon bean (arknights),玉(アークナイツ)
muzzle (mask),口輪
shorts around one leg,片足の周りのショーツ
grey apron,灰色のエプロン
spiked pauldrons,スパイクポールドロン
merman,マーマン
holding map,マップを保持します
multitasking,ながらプレイ
crosshatching,クロスハッチング
shinai,しない
holding swimsuit,水着を保持します
acorn,どんぐり
gold belt,ゴールドベルト
aqua bra,水色胸罩
ribbon-trimmed headwear,リボントリムヘッドウェア
netnavi,ネットナビ
easter,イースター
weasel girl,イタチ娘
tentacles on male,男性の触手
breast padding,偽乳
distortion,ねじれ
pegasus,ペガサス
lightning bolt hair ornament,稲妻の髪の飾り
splatter,しぶき
ruffling hair,髪を乱す
multicolored necktie,多色ネクタイ
windmill,風車
decapitation,打ち首
odd one out,奇妙なもの
thigh grab,抓住大腿
jaguar tail,ジャガーテール
holding pocky,ポッキーを保持します
strawberry cake,イチゴのケーキ
pizza box,ピザボックス
spell card,スペルカード
blue pubic hair,青い陰毛
fried chicken,フライドチキン
footwear flower,靴の花
reverse fellatio,逆さフェラ
biting glove,咥え手袋
vertical-striped headwear,垂直縞模様の帽子
eye reflection,目の反射
character signature,文字署名
yellow teeth,黄色の歯
storm,嵐
zora,ゾーラ族
wallpaper (object),壁紙（オブジェクト）
marshmallow,ギモーヴ
severed limb,切断された手足
sling bikini top,襷ブラ
checkered shirt,チェッカーシャツ
pink sweater vest,ピンクのセーターベスト
chained wrists,手首の鎖
implied after sex,暗示性交之后
blowing,ふーふー
wall of text,テキストの壁
swim cap,スイムキャップ
2010,2010年
shimokitazawa high school uniform,下北沢高校
gem (symbol),宝石（シンボル）
starry hair,星空
nipple cutout,乳首ホール
upshirt,アップシャツ
penguin costume,ペンギンの衣装
hand wraps,ハンドラップ
panties on head,パンツはかぶるもの
beans,ビーン
kessoku band,結束バンド
bunching hair,手ツインテ
buruma pull,ブルーマプル
ao dai,アオザイ
height chart,身長比較
polka dot pajamas,ポルカドットパジャマ
crowbar,バールのようなもの
motoyui,元結い
frontless outfit,无前襟服装
wrist cutting,リストカット
hashtag,ハッシュタグ
wanted poster,指名手配ポスター
grey camisole,灰色のキャミソール
glaive (polearm),グレイブ
peace symbol,ピースマーク
duel disk,デュエルディスク
karaoke,カラオケ
tribal tattoo,部族のタトゥー
ladybug,てんとう虫
naturally detached hair,髪の毛
booth seating,ブース席
tape measure,巻き尺
hugging tail,テールハグ
cobblestone,玉石
evangelion (mecha),エヴァンゲリオン
cigarette pack,タバコパック
raimon,雷門中
naked overalls,裸オーバーオール
lace-trimmed hairband,レーストリミングされたヘアバンド
grabbing another's sleeve,スリーブグラブ
frilled umbrella,フリル傘
onmyouji,陰陽師
hands on another's waist,腰に手
pinstripe pants,ピンストライプパンツ
cross-eyed,より目
arm pouch,アームポーチ
holding with tail,尾で持って保持します
pier,桟橋
heads-up display,ヘッドアップディスプレイ
license plate,ナンバープレート
hands on another's chest,他の人の胸の手
futasub,Futasub
green collar,グリーンカラー
masturbation under clothes,着衣オナニー
yellow camisole,黄色のキャミソール
running track,ランニングトラック
right-to-left comic,右から左へのコミック
front-to-back,前から後ろへ
triplets,三つ子
helmet over eyes,目の上にヘルメット
hands on own legs,自分の足の手
croissant,クロワッサン
lipgloss,リップグロス
vinyl record,レコード
policeman,警官
wrist flower,手首の花
windowsill,窓辺
saber (weapon),サーベル
elbow on table,テーブルの肘
ornate ring,華やかなリング
nail bat,釘バット
hand on railing,手すりの手
green tea,緑茶
wizard,魔法使い
shopping cart,ショッピングカート
copy ability,コピー能力
queen (chess),クイーン(チェス)
crotch zipper,裆部拉链
wet towel,ぬれたタオル
vertical-striped socks,垂直縞模様の靴下
blue bird,青い鳥
pineapple,パイナップル
public use,公用肉便器
multicolored scarf,多色のスカーフ
<o> <o>,黒目がち
veiny hands,静脈の手
ivy,ツタ
rabbit hat,バニーの帽子
dirty feet,足裏汚れ
carrying baby,抱着婴儿
sailor moon redraw challenge (meme),セーラームーンチャレンジ
anchor choker,アンカーチョーカー
simulated fellatio,擬似フェラ
playing,演奏
glitter,闪粉
porch,ポーチ
trophy,トロフィー
cracked floor,地割れ
torn cloak,破れるマント
pubic stubble,剃り跡
parrot,オウム
harp,ハープ
stain,染み
cola,コーラ
massage,マッサージ
stirrup footwear,踩脚袜
gold collar,ゴールドカラー
kirin (armor),キリン装備
standing doggystyle,立ちバック
carousel,メリーゴーラウンド
overall skirt,サロペットスカート
playing piano,ピアノを弾きます
mithra (ff11),ミスラ
beer bottle,ビール瓶
clothed robot,服を着たロボット
brown bra,棕色胸罩
broken mirror,割れたガラス
barefoot sandals (jewelry),タッセル
cool colors,寒色
nintendo ds,ニンテンドーDS
hair flip,髪をかきあげる
abuse,リンチ
heart-shaped ornament,ハート型の飾り
army,軍
white day,ホワイトデー
bubble tea challenge,手放しタピオカ
torn wings,引き裂かれた翼
nissin cup noodle,カップヌードル
licking ear,耳舐め
bagged fish,袋装金鱼
araki hirohiko (style),野生の荒木
sheikah,シーカー族
materia,マテリア
aqua flower,アクアフラワー
wrist belt,リストベルト
blood from forehead,額からの出血
foam,フォーム
salad,サラダ
otaku,おたく
stats,統計
fur choker,ファーチョーカー
puppy,こいぬ
brown neckerchief,茶色のネッカチーフ
cream on face,顔にクリーム
folder,ファイル(文具)
head steam,ヘッドスチーム
muzzle flash,マズルフラッシュ
unworn bikini,ビキニは削除されました
aqua shorts,アクアショーツ
smalldom,开大车
animal helmet,動物ヘルメット
weapon case,武器ケース
ferret,フェレット
motherly,母性
anemone (flower),アネモネ
underwear writing,下着の執筆
fur cloak,毛皮のマント
weasel tail,イタチ尻尾
hanetsuki,羽突き
giant male,巨大カップル
gokkun,ごっくん
rice hat,菅笠
seal impression,はんこ
kamaboko,かまぼこ
airship,飛空船
monkey boy,モンキーボーイ
butterfly sitting,蝶が座っています
casino,カジノ
floating card,フローティングカード
bishop (chess),ビショップ
floating neckwear,フローティングネクタイ
whiskey,ウイスキー
brown lips,棕色嘴唇
aria company uniform,Aria Companyの制服
coin hair ornament,コインヘア飾り
elevator,エレベーター
striped pajamas,縞模様のパジャマ
scars all over,傷跡が多すぎます
wedge heels,坡跟鞋
blood on chest,胸の血
onion,たまねぎ
finger counting,指折り
propeller fighter,プロペラ戦闘機
pilot,パイロット
white scales,白いスケール
holding shirt,シャツを持っています
holding flask,フラスコを保持します
sitting backwards,逆座り
boy sandwich,少年サンドイッチ
2011,2011年
purple hakama,パープルハカマ
head on head,頭の真っ向から
corsage,コサージュ
print sweater,セーターを印刷します
noses touching,鼻キス
power suit,パワードスーツ
metamoran vest,メタモル星人の民族衣装
shirt partially tucked in,半分押し込まれたシャツ
through screen,画面を通して
animal head,動物の頭
pankou,盘扣
very long tongue,非常に長い舌
virgin destroyer sweater,進化版童貞を殺すセーター
year of the horse,午年
aqua leotard,アクアレオタード
baton (weapon),警棒
vanishing point,消失点
game boy,ゲームボーイ
green bandana,緑のバンダナ
nata (tool),ナタ
holding another's horns,角掴み
holding gem,宝石を保持します
griffin & kryuger military uniform,グリフィン＆クリューガー軍服
grave,墓
holding lighter,ライターを保持します
drum (container),ドラム缶
pee stain,おしっこ染色
keizoku military uniform,剣道軍服
cross-laced skirt,クロスレースのスカート
lace sleeves,レースの袖
between pectorals,胸の間
multicolored hair bobbles,多色の髪の葉
chessboard,チェス盤
wringing clothes,絞る
ultra ball,ハイパーボール
sidelocks tied back,サイドロックは縛られました
bandaged fingers,包帯の指
breaking,速報
dvd cover,DVDカバー
popped button,ボタン飛ばし
braiding hair,编麻花辫
creature on head,頭のクリーチャー
lifeguard,ライフガード
black bandana,ブラックバンダナ
nazi,ナチス
unworn bikini bottom,ビキニ底が削除されました
kimono lift,着物リフト
used condom on penis,ゴム射
lime (fruit),ライム
stitched torso,ステッチされた胴体
dudou,腹掛け
pelt,毛皮
night vision device,暗視ゴーグル
math,数学
chakram,チャクラム
broken window,壊れた窓
energy cannon,ビーム砲
skull on head,頭の頭蓋骨
aqua thighhighs,Aqua thighhighs
clothed male nude male,服を着た男性の裸の男性
tickling feet,足こちょ
hole,穴
plaid ribbon,格子縞のリボン
bridal lingerie,ウェディング下着
van,バン
strapless one-piece swimsuit,无肩带连体泳衣
red shawl,赤いショール
two-sided skirt,スカート裏地
white jumpsuit,白いジャンプスーツ
abandoned,荒废场地
folded hair,折り畳まれた髪
kinchaku,巾着袋
knives between fingers,指の間のナイフ
exercise ball,バランスボール
purple bag,紫色のバッグ
blue corset,青いコルセット
crawling,這う
kiyosumi school uniform,久野学校の制服
christmas stocking,クリスマスの靴下
stopwatch,ストップウォッチ
menu board,メニューボード
kikumon,菊の御紋
good end,グッドエンド
star wand,スターワンド
public restroom,公衆便所
jacket lift,ジャケットリフト
fidgeting,もじもじ
sneezing,くしゃみ
holding with feet,足を保持します
huge dildo,巨大假阳具
armored leotard,装甲紧身衣
tucked penis,押し込まれたペニス
bandaid on head,頭のバンダイド
aqua sleeves,アクアスリーブ
checkered bow,チェッカーボウ
hand to head,手から頭
empire waist,高腰收束
amazon position,ちんぐり騎乗位
black overalls,黒のオーバーオール
hungry,空腹
zodiac,十二星座
blade,刃
meadow,草むら
middle part,センター分け
licking another's neck,舔舐别人脖子
milky way,天の川
against fourth wall,压在屏幕上
screw hair ornament,ねじ髪の飾り
orange leotard,オレンジレオタード
mind break,快楽堕ち
tile ceiling,タイルの天井
see-through panties,透视内裤
fan hair ornament,ファンの髪の飾り
snowflake background,スノーフレークの背景
single-shoulder dress,单肩连衣裙
melon bread,メロンパン
gunblade,ガンブレード
cat mask,猫マスク
aestus estus,アエストゥス・エストゥス
sparrow,すずめ
medieval,中世
legband,レッグバンド
tapir girl,タピルガール
argyle sweater,アーガイルセーター
polar bear,ホッキョクグマ
covering ass,遮挡屁股
unworn necktie,ネクタイは削除されました
holding rope,ロープを持っています
ipod,iPod
brown flower,茶色の花
handsfree breast squeeze,无手挤胸
glove cutout,カットアウトグローブ
dissolving,溶ける
stuffed penguin,ぬいぐるみペンギン
presenting foot,足を提示します
pink hakama,ピンクハカマ
two-tone tail,ツートンテール
fitting room,試着室
bandaid on neck,首に包まれています
covering one breast,手ブラ
ears visible through hair,髪を通して見える耳
radish,大根
rabbit costume,ウサギの衣装
torn swimsuit,引き裂かれた水着
ski goggles,スノーゴーグル
hand on own crotch,手放在自己的裆部
black jumpsuit,黒いジャンプスーツ
holding bra,ブラジャーを持っています
eyeball hair ornament,眼球の髪の飾り
isometric,アイソメトリック
note,メモ
behind-the-head headphones,舞台裏のヘッドフォン
pill earrings,ピルイヤリング
male underwear peek,雄の下着の覗き見
cork,コルク
detached leggings,レギンスの分離
drugged,薬漬け
braces,矯正萌え
inktober,インクトーバー
fur boots,皮靴
flag background,フラグの背景
first aid kit,救急箱
player 2,2Pカラー
orange horns,オレンジホーン
red panda ears,赤いパンダの耳
long scarf,長いスカーフ
sitting on branch,枝に座っています
ero guro,エログロ
champion uniform (pokemon),チャンピオンユニフォーム
credits,クレジット
testicle grab,玉揉み
cross-laced legwear,クロスレースのレッグウェア
scratching head,頭を傷つけます
vibrator in thigh strap,大腿带上的震动器
protecting,庇う
orange coat,オレンジ色のコート
victorian,ビクトリア朝
broken armor,アーマーブレイク
ball and chain restraint,ボールとチェーンの抑制
crotchless pantyhose,开裆连裤袜
double \m/,ダブル\ m/
meta,メタ
ganguro,ガングロ
stone,石
girly boy,オネエ
track uniform,陸上ユニフォーム
guard rail,ガードレール
downturned eyes,上から目線
haramaki,腹巻き
chrysanthemum,菊
heisei retro,平成レトロ
wataboushi,綿帽子
survey corps (emblem),調査兵団
comedic sweatdrop,汗マーク
double amputee,二重切断者
yellow bandeau,イエローバンドー
red carpet,红毯
food-themed background,食品をテーマにした背景
meteor shower,流星雨
2009,2009年
scylla,スキュラ
holding marker,保持マーカー
blue scales,青いスケール
shotgun shell,ショットガンシェル
cauldron,魔女の大釜
brown mittens,茶色のミトン
armored bodysuit,装甲ボディスーツ
wagnaria uniform,ワグナリア
beetle,コウチュウ目
jungle,ジャングル
kamiyama high school uniform (hyouka),神山高校
nanairogaoka middle school uniform,七色ヶ丘中学校制服
fur-trimmed leotard,毛皮のトリミングされたレオタード
mummy,ミイラ
transparent censoring,透明な検閲
male underwear pull,男性の下着の引っ張り
hyena boy,ハイエナボーイ
mmm threesome,男男男3P
double dildo,双頭ディルド
ass-to-ass,尻合わせ
diadem,冠
fruit hat ornament,フルーツハット飾り
prank,いたずら
fiery wings,燃えるような翼
jolly roger,ジョリー・ロジャー
missing tooth,歯抜け
angora rabbit,アンゴラウサギ
persona (summon),ペルソナ能力
rice on face,顔にご飯
holding spring onion,スプリングオニオンを保持します
last defense academy school uniform,学生鎧
japan national police,警察庁
undone neck ribbon,ネックリボンを元に戻しました
green fire,緑の火
combat knife,コンバットナイフ
smelling clothes,闻衣服
holding reins,手綱を保持します
ashtray,灰皿
french flag,フランスの国旗
bikini shorts,比基尼短裤
skirt flip,スカートめくり
butterfly tattoo,蝶のタトゥー
hogtie,逆海老縛り
different shadow,別の影
food wrapper,フードラッパー
nihongami,日本髪
green scales,緑色のスケール
pig ears,豚耳
shihakusho,死覇装
crane (animal),ツル
nipple chain,乳链
red scales,赤いスケール
magical boy,魔法少年
dragonfly,トンボ
emo fashion,エモ・ファッション
scoop neck,スクープネック
horse boy,ウマ息子
pravda school uniform,Pravda School Uniform
jetpack,ジェットパック
yellow sailor collar,黄色い船乗りの首輪
nissan,日産
canopy bed,天蓋ベッド
moth girl,蛾娘
sports bra lift,スポーツブラジャーリフト
fruit on head,頭に果物
minotaur,ミノタウロス
body switch,入れ替わり
monkey girl,猿娘
h&k ump,H＆K UMP
roasted sweet potato,焼き芋
paper on head,頭の紙
inflatable raft,充气筏
lead pipe,鉄パイプ
poppy (flower),ケシ
yin yang print,陰陽印刷
chikan,痴漢
tantou,短刀
holding menu,保持メニュー
sabaton,サバトン
leaning on table,テーブルに寄りかかっています
holding bell,ベルを持っています
pelvic curtain lift,提起前摆
clothesline,物干しロープ
lotus leaf,蓮の葉
track and field,セパレートユニフォーム
broccoli,ブロッコリ
checkered dress,格子连衣裙
polka dot ribbon,水玉リボン
apron lift,エプロンリフト
surcoat,サーコート
cum on pectorals,男性胸肌上的精液
checkered sash,チェッカーサッシ
emoticon,顔文字
ahoge wag,Ahoge WAG
they had lots of sex afterwards (meme),このあと滅茶苦茶セックスした
green jumpsuit,緑のジャンプスーツ
arm out of sleeve,手臂未穿过袖子
bullying,虐め
pixel heart,ピクセルハート
shrugging,肩を竦める
radiation symbol,放射線記号
fuurinkan high school uniform,風林館高校制服
oversized limbs,特大の手足
dark cloud,暗雲
murder,殺人
frilled straps,フリルストラップ
neo zeon,ネオ・ジオン
soft serve,ソフトクリーム
hands on hilt,ハンドオンハルト
race bib,ゼッケン
orange apron,オレンジのエプロン
black hole,ブラックホール
holding egg,卵を持っています
hair between horns,角の間の髪
dogeza,土下座
rising sun flag,旭日旗
basketball jersey,バスケットボールジャージ
butterfly brooch,蝶のブローチ
holding torch,トーチを保持します
elephant,ゾウ
dressing another,別のドレッシング
flower on liquid,液体の花
priestess,女神官
sickle,鎌
webbed hands,水かき
extra faces,余分な顔
beach mat,ビーチマット
holly hair ornament,ホリーの髪の飾り
poke ball theme,ポークボールのテーマ
chess,チェス
face down,下向き
surfing,波乗り
frozen,氷漬け
blood on breasts,胸の血
otter,カワウソ
fist bump,拳バンプ
centipede,ムカデ
tamagoyaki,卵焼き
valkyrie,ワルキューレ
foreplay,前戯
penguin hood,ペンギンフッド
amusement park,テーマパーク
jeweled branch of hourai,蓬莱の玉の枝
hypnosis app,催眠アプリ
joestar birthmark,ジョースター母斑
akatsuki uniform,暁(NARUTO)
purple sweater vest,紫色のセーターベスト
holding watering can,散水缶を保持しています
sam browne belt,サム・ブラウン・ベルト
fender stratocaster,ストラトキャスター
toddlercon,ペド
mask over one eye,片目にマスク
back-print panties,バックプリント
butterfly earrings,蝶のイヤリング
gothic punk,ゴスパンク
spider print,スパイダープリント
multiple torii,千本鳥居
dynamax,ダイマックス
toriyama akira (style),野生の鳥山
holding sketchbook,スケッチブックを保持します
white rope,白いロープ
dilation tape,テープくぱぁ
futanari pov,扶她视角
design speculation,自设官方角色
cuff links,カフリンクス
tape bondage,テープボンデージ
soap bottle,石鹸ボトル
at computer,コンピューターで
kaleidostick,カレイドステッキ
cross-laced bikini,架橋ビキニ
deviantart logo,DeviantArtロゴ
sailor senshi,セーラー戦士
brown ascot,茶色のアスコット
strawberry print panties,苺パンツ
broken mask,マスク割れ
year of the rat,子年
covered penetration,これ絶対入ってるよね
aviator cap,飛行帽
two-tone sleeves,ツートンスリーブ
pink butterfly,ピンクの蝶
male on futa,男×ふた
ghost girl,女幽霊
dock,码头
vertical foregrip,垂直のforegrip
cat choker,キャットチョーカー
scratching cheek,挠自己的脸颊
leopard ears,ヒョウの耳
penis on pussy,阴茎压在外阴上
quadruple amputee,四肢切断
spines,棘
duckling,ダックリング
arachne,アラクネ
virtual pet (toy),バーチャルペット
implied masturbation,暗黙のマスターベーション
alpaca ears,アルパカの耳
unworn shorts,ショートパンツは削除されました
lipstick ring,ルージュリング
goat tail,ヤギの尾
green outline,緑のアウトライン
ass tattoo,お尻のタトゥー
chest eye,胸の3番目の目
human furniture,人間家具
chihaya (clothing),千早
suicide,首吊り自殺
scale armor,スケイルアーマー
aqua pants,アクアパンツ
golf club,ゴルフクラブ
sewing,裁縫
clownfish,クマノミ
buruma aside,股布ずらし
winged bag,羽リュック
stained clothes,汚れた服
glowing flower,輝く花
otter ears,カワウソの耳
sitting on shoulder,肩に座っています
hands in pocket,ポケットに手
mutton chops,マトンチョップ
holding handcuffs,手錠をかける
japan,日本
mount fuji,ふじさん
fingering through panties,隔内裤手淫
qixiong ruqun,齐胸襦裙
removing jacket,ジャケットを取り外します
lap pillow invitation,ラップ枕の招待状
biting own finger,咬自己的手指
mole on armpit,脇の下のモル
heart hat ornament,ハートハット飾り
dating,デート
holding club,棍棒
brown feathers,茶色の羽
billboard,かんばん
satin panties,サテンパンティー
self hug,抱胸
stuffed dog,ぬいぐるみ
bandaged foot,包帯の足
unworn hair ornament,髪の飾りが削除されました
net,ネット
toyota,トヨタ
united states,アメリカ
bokken,ぼっけん
holding notepad,メモ帳を保持します
sauce,ソース
listening to music,音楽を聴く
polka dot scrunchie,ポルカドットシュリューヒー
shared earphones,イヤホン半分こ
military rank insignia,階級章
x3,x3
brown cat,茶色の猫
fast food uniform,ファーストフードユニフォーム
pink sclera,ピンクの強膜
grid,网格
circle formation,百合曼荼羅
masquerade mask,マスカレードマスク
yellow one-piece swimsuit,黄色のワンピース水着
leopard print bikini,豹柄ビキニ
candlelight,烛光
crazy straw,クレイジーストロー
onbashira,おんばしら
lowleg skirt,低腰裙子
horned hat,角のある帽子
karate gi,空手着
gathers,集まっています
lying on water,水の上に横たわっています
forced smile,笑顔強制
toe cleavage,つま先の切断
liquid halo,液体ハロー
crotch grab,テント撫で
orange gem,オレンジの宝石
ring necklace,リングネックレス
brown robe,茶色のローブ
adjusting scarf,スカーフの調整
calligraphy,カリグラフィー
holding dog,犬を抱いています
after masturbation,自慰之后
grey sclera,灰色の硬化
planet hair ornament,惑星の髪の飾り
wide oval eyes,広い楕円形の目
scouter,スカウター
laundry basket,洗濯かご
train conductor,車掌
bc freedom military uniform,BC Freedom軍服
iridescent clothes,ホログラフィック生地
thong aside,丁字裤侧拉
marriage proposal,プロポーズ
red star,赤い星
red camisole,赤いキャミソール
living room,リビングルーム
incense burner,こうろ
gymnastics,たいそう
falchion (fire emblem),ファルシオン(ファイアーエムブレム)
gingerbread man,姜饼人
volleyball net,排球网
jam,ジャム
dark labia,深色阴唇
holding clothes hanger,服ハンガーを持っています
pushing away,押しのけます
leaf umbrella,葉っぱの傘
decora,デコラ
odaiba girls high school uniform,御台場女学校
pink tulip,ピンクのチューリップ
pitcher (container),水差し
snow rabbit,雪うさぎ
half-erect,甘勃ち
sophist's robe (ff14),ソピステスローブ
parka,パーカ
mane,たてがみ
pearl thong,パールショーツ
kagami mochi,鏡餅
holding surfboard,サーフボードを保持します
tonfa,トンファー
flirting,调情
st. gloriana's (emblem),st。グロリアナ（エンブレム）
coffee pot,コーヒーポット
pink sports bra,ピンクのスポーツブラ
happy anniversary,周年快乐
saunders military uniform,サンダース軍服
ambiguous red liquid,あいまいな赤い液体
panties under shorts,ショーツの下のパンティー
unworn gag,ギャグが削除されました
bacon,ベーコン
weapon focus,武器特写
bite mark on breast,胸上的牙印
dim lighting,薄暗い照明
holding blanket,毛布を持っています
naked scarf,裸マフラー
detached hood,孤立したフード
creature on shoulder,肩にクリーチャー
broken eyewear,眼鏡割れ
chuunibyou,中二病
invisible,透明人間
pectoral press,胸のプレス
movie theater,映画館
battle damage,バトルダメージ
latex leotard,ラテックスレオタード
soviet,ソビエト連邦
multicolored bowtie,多色のボウタイ
cart,カート
unused tire,タイヤ
measuring,测量
catchphrase,キャッチフレーズ
rural,田舎
dungeon,ダンジョン
green rose,绿玫瑰
microwave,電子レンジ
candelabra,candelabra
obidome,帯留め
bear hood,クマのフード
choke hold,チョークスリーパー
bicycle basket,自転車バスケット
mole above eye,眼上痣
tentacle girl,クラーケン娘
handshake,握手
cabbage,キャベツ
water lily flower,スイレン
pubic tattoo visible through clothes,淫紋
backless swimsuit,露背连体泳装
pawn (chess),ポーン
accident,事故
underpec,アンダーペック
stitched neck,首に縫われた首
see-through curtains,透明なカーテン
pagoda,パゴダ
fur-trimmed bikini,毛皮のトリミングされたビキニ
sharingan,写轮眼
cassock,キャソック
out of character,キャラ崩壊
shirt around waist,腰の周りのシャツ
undersized animal,小型の動物
compression shirt,汗衫
bulging eyes,眼球突出
holding baton,バトン
paper texture,紙のテクスチャー
keep out,キープアウトテープ
sad smile,切ない笑顔
eyes in shadow,阴影中的眼睛
varia suit,バリアスーツ
unworn cape,ケープは削除されました
bound thighs,大腿捆绑
green pajamas,緑のパジャマ
star guardian (league),スターガーディアン
trash,ごみ
orange border,オレンジボーダー
rash guard,ラッシュガード
ball and chain (weapon),チェーンアレイ
snake print,ヘビのプリント
fingers to cheeks,頬への指
anchor ornament,アンカーオーナメント
mg42,MG42
rerebrace,リアブレイス
ribbon-trimmed bikini,リボントリミングビキニ
very long beard,非常に長いひげ
hands on own chin,双手托腮
skirt basket,スカートバスケット
prison cell,独居房
aunt and niece,叔母と姪
studded collar,スタッドカラー
cowgirl (western),カウガール
clothes,服
reptile boy,爬虫類の少年
wyvern,ワイバーン
fishing line,釣り糸
unworn jewelry,宝石が削除されました
dangle earrings,ぶら下がってイヤリング
yellow capelet,黄色いカペレット
eel,うなぎ
starting future (umamusume),スターティングフューチャー
swirl,渦巻く
card parody,カードパロディ
compass,方位磁針
shirt bow,シャツボウ
yami kawaii,病みかわいい
alternate hair ornament,代替髪の飾り
holding another's foot,他の人の足を持っています
firelock,FireLock
white dog,白犬
stained sheets,ステンドシート
hooded track jacket,フード付きトラックジャケット
taut leotard,ぴんと見たレオタード
searchlight,サーチライト
star balloon,星の風船
stripper,ストリッパー
temple,しんでん
underlighting,アッパーライト
kanba girls high school uniform,神庭女子藝術高校
urinal,男子トイレ
cum on fingers,指に精液
war hammer,ウォーハンマー
hands on another's back,他の人の背中の手
glowing hand,发光的手
tabby cat,トラネコ
tri braids,三发辫
trigram,卦象
clock eyes,時計の目
holding flower pot,植木鉢を持っています
arcade cabinet,アーケードゲーム筐体
silver dress,银色连衣裙
volcano,火山
yellow armor,黄色の鎧
orca girl,シャチ娘
prison,牢屋
block heels,高跟鞋(粗跟)
strawberry slice,ストロベリースライス
face in pillow,脸埋进枕头
female service cap,女性サービスキャップ
shoulder guard,ショルダーガード
raccoon boy,アライグマの少年
heart sticker,ハートステッカー
fake halo,偽のハロー
riding animal,乗馬動物
fake video,偽のビデオ
carapace,甲殻
dark room,暗い部屋
penis shadow,阴茎阴影
tripod,三脚
black nightgown,黒いナイトガウン
wafer stick,ウェーハスティック
rust,錆びる
floral print shirt,花衬衫
purple armband,紫色の腕章
absolutely everyone,絶対にみんな
purple pubic hair,紫色の陰毛
white hakama,白いハカマ
bridle,頭絡
kitten,にゃんこ
knight (chess),ナイト(チェス)
wooden bench,木製のベンチ
cardigan under jacket,ジャケットの下のカーディガン
holding chainsaw,チェーンソーを保持します
police car,パトカー
print pants,プリントパンツ
fleur-de-lis,フルール・ド・リス
skeletal wings,骨翼
christmas wreath,クリスマスリース
box art,ボックスアート
smartphone case,スマホカバー
bath stool,バススツール
punching viewer,着信パンチ
aqua vest,アクアベスト
canned coffee,缶コーヒー
single mechanical eye,機械的な目
purple tank top,紫色のタンクトップ
raspberry,ラズベリー
cumdump,肉便器
hat over eyes,目の上の帽子
tea set,ティーセット
square pupils,正方形の瞳
armpit sex,腋コキ
drowning,溺れる
sewing needle,縫い針
red male underwear,赤い雄の下着
micro bra,微型胸罩
keyblade,キーブレード
ribbon-trimmed shirt,リボントリムシャツ
penis to breast,乳首ズリ
familiar,使い魔
nyan,ニャン
widow's peak,美人尖
extra pupils,多瞳孔症
low-cut armhole,ローカットアームホール
2b (nier:automata) (cosplay),2Bコス
cock ring,阴茎环
holding breath,息を止めます
oar,オール
luna nova school uniform,ルナノヴァスクールユニフォーム
golden apple,金のりんご
step-siblings,義兄弟
broken sword,壊れた剣
scalpel,メス
heart hands failure,片思いハート
crown hair ornament,クラウンヘアオーナメント
plaid shorts,格子縞のショートパンツ
armbinder,アームバインダー
holding binoculars,双眼鏡を保持します
tokisadame school uniform,Tokisadame学校の制服
handjob gesture,手コキ素振り
splattershot (splatoon),スプラシューター
hakurei shrine,博麗神社
slim legs,スリムな脚
heropin,ヒロピン
joy-con,ジョイコン
erlenmeyer flask,三角フラスコ
spiral,スパイラル
gumroad username,Gumroadユーザー名
plant hair,植物の髪
bird hair ornament,鳥の髪の飾り
boutonniere,ブートニア
fleur de lapin uniform,フルール・ド・ラパン
aeug,エゥーゴ
hair wings,髪の毛
throwing knife,投げナイフ
digital clock,デジタル時計
striped one-piece swimsuit,ストライプのワンピース水着
stuffed panda,ぬいぐるみパンダ
flat screen tv,薄型テレビ
crushing,押し潰す
contrast,対比
hugging book,抱擁を本
square,正方形
kaname-ishi,要石
model kit,プラモ
cutting,切る
dollar sign,ドル記号
poker table,赌桌
yumenosaki school uniform,夢ノ咲
holding candle,ろうそくを持っています
flower trim,フラワートリム
ai-generated art (topic),AI二创
spade hair ornament,スペードヘアオーナメント
pectoral focus,胸の焦点
taichou haori,太平・ハオリ
swim goggles,スイムゴーグル
flipped bangs,上翘刘海
shuangyaji,双丫髻
heart-shaped hair,ハートヘア
shark fin,フカヒレ
holding feather,羽を保持します
low poly,ローポリ
mole on pussy,猫のほくろ
shakujou,しゃくじょう
locomotive,機関車
black coat (kingdom hearts),黒いコート
holomyth,ホロライブEN1期生
reindeer girl,トナカイガール
holding carrot,ニンジンを保持します
cowboy,カウボーイ
single-shoulder shirt,シングルショルダーシャツ
nihonga,日本画
honeycomb background,ハニカムの背景
kotoyoro,ことよろ
space print,宇宙柄
ribbon-trimmed capelet,リボントリミングされたカペレット
curious,好奇心
tambourine,タンバリン
hololive idol uniform (origin),オリジン衣装
pregnancy test,妊娠検査
four-pointed star,四芒星
awning,オーニング
market stall,市場の屋台
thigh focus,太もも
muffin top,マフィントップ
red panda girl,レッドパンダガール
arm on table,テーブルの上に腕
disguise,変装
pov across bed,ベッドの向こう側のPOV
tsuwabuki high school uniform,ツワブキ高校
village,村
suspenders slip,吊带滑落
commissioner insert,ゆめじょし
film strip,フィルム
remembering,思い出す
teardrop-framed glasses,涙メガネ
dry humping,レズパコ
bathhouse,銭湯
throat microphone,喉のマイク
hishaku,ひしゃく
1970s (style),1970年代（スタイル）
pumpkin hat,カボチャの帽子
grey ascot,灰色のアスコット
black bustier,ブラックビスチャー
holding comb,コームを保持します
brown serafuku,ブラウンセラフク
bird on arm,腕に鳥
stiletto (weapon),スティレット
thumbs down,サムズダウン
classic lolita,クラロリ
vehicle interior,在车里
cash register,キャッシュレジスター
paw print pattern,爪印图案
vacuum cleaner,掃除機
coconut tree,椰子の木
hypocrisy,お前が言うな
stitched leg,ステッチされた脚
covered clitoris,形くっきりクリトリス
waving arms,手を振る腕
cleft chin,ケツアゴ
breast milk in container,奶瓶
runny nose,洟垂れ
anglerfish,アンコウ
penis under another's clothes,着衣コキ
front-seamed legwear,フロントシームのレッグウェア
foot worship,足の礼拝
graduation,卒業
playground,遊び場
female butler,女管家
afterglow,高潮余后
strong,力持ち
holding pointer,ポインターを保持します
russo-ukrainian war,ウクライナ侵攻
gao,がお
fat rolls,ファットロール
piledriver (sex),まんぐり返し
toggles,トグル
blue male swimwear,青い雄の水着
hand over another's mouth,ハンドギャグ
cryokinesis,クリオキネシス
tit (bird),Tit（鳥）
brown pubic hair,茶色の陰毛
nudist,ヌーディスト
green sky,緑の空
orange bandana,オレンジバンダナ
unworn scarf,スカーフが削除されました
static,スノーノイズ
frog girl,カエル娘
themed object,テーマオブジェクト
see-through thighhighs,透视大腿袜
figure four sitting,図4が座っています
stomping,踏みつけ
squeezing,握り潰す
gun on back,背中に銃
holding pocket watch,懐中時計を持っています
heart on chest,胸の心臓
bonsai,ぼんさい
swastika,ハーケンクロイツ
floating rock,フローティングロック
monk,そうりょ
small dragon,ミニドラゴン
starlight academy school uniform,スターライト学園生服
purple apron,紫のエプロン
warrior,劍士
holding crossbow,クロスボウを持っています
knee blush,膝の赤面
yellow sports bra,黄色のスポーツブラ
flamethrower,かえんほうしゃき
test plugsuit (evangelion),テストスーツ
toe seam,つま先の縫い目
pinstripe skirt,ピンストライプスカート
selfie stick,自撮り棒
safety glasses,保護眼鏡
naked cloak,裸マント
caliburn (fate),勝利すべき黄金の剣
closet,クローゼット
depressed,抑うつ
green overalls,グリーンオーバーオール
facebook logo,Facebookのロゴ
entangled,意外缠住
organs,器官
arrancar,破面
feixianji (hairstyle),飛仙髻
animal on hand,手元にある動物
bust cup,谷間酒
kariyushi shirt,かりゆしウェア
racing suit,レーシングスーツ
cast,ギプス
spiked belt,スパイクベルト
owl girl,フクロウの女の子
pantyhose only,裸タイツ
a-pose,A-ポーズ
band uniform,バンドユニフォーム
sky lantern,スカイランタン
cardiogram,心電図
pet food,ペットフード
music,音乐
biting neck,首の噛み合い
ashigaya high school uniform,芦ケ谷高校
z saber,ゼットセイバー
floating sword,浮かぶ剣
congratulations,おめでとうございます
fiery tail,燃えるような尾
holographic monitor,全息显示屏
red pubic hair,赤い陰毛
holding jar,瓶を持っています
fingersmile,指笑顔
brown suit,茶色のスーツ
grimoire of alice,アリスのグリモア
holding hair brush,ヘアブラシを持っています
needle (hollow knight),ニードル（中空騎士）
light persona,光堕ち
plaid sleeves,格子縞の袖
chili pepper,チリ
on stairs,在台阶上
arms on knees,膝の腕
episode number,エピソード番号
print apron,エプロンを印刷します
table humping,角オナ
lion mane,ライオンマネ
walking on liquid,液体の上を歩く
object on breast,乳房のオブジェクト
midriff sarashi,さらし
youtou high school uniform,陽東高校制服
fallen angel,堕天使
reverse spitroast,ダブル騎乗位
peacock feathers,孔雀の羽
polka dot bowtie,ポルカドットボウタイ
horned hood,角のあるフード
whip marks,鞭跡
balance scale,天秤ばかり
shared object insertion,共有オブジェクト挿入
purple sclera,紫色の硬化
memosprite,記憶の精霊
one-piece thong,连体丁字裤
flying teardrops,飛ぶ涙
cockroach,ゴキブリ
adapted uniform,適応されたユニフォーム
martial arts,武道
fur-tipped tail,毛皮の先端
cum on eyewear,眼鏡はかけるもの
unworn thighhighs,太ももが削除されました
magnet,磁石
fried rice,チャーハン
dream soul,夢の魂
cloud hair ornament,クラウドヘアの飾り
wax seal,封蝋
fox hair ornament,キツネの髪の飾り
leaf earrings,葉のイヤリング
leopard tail,ヒョウの尾
sky focus,スカイフォーカス
clothes pin,洗濯バサミ
audio jack,イヤホンプラグ
implied extra ears,暗黙の余分な耳
fur bikini,毛皮のビキニ
zipper dress,拉链连衣裙
rice paddy,田んぼ
stuffed winged unicorn,詰めた翼のあるユニコーン
boulder,岩
grey robe,灰色のローブ
oven,オーブン
paint can,ペンキの缶
tsumami kanzashi,つまみかんざし
lime slice,ライムスライス
sitting sideways,横に座っています
pink buruma,ピンクブルマ
triangle-shaped pupils,三角形の生徒
hat bell,ハットベル
squidbeak splatoon,カラストンビ隊
breast strap,豊胸手術
floating skull,フローティングスカル
worm,ワーム
pyramid (structure),ピラミッド
magician,マジシャン
arms around another's back,後ろの腕
cat on lap,膝の上に猫
brass knuckles,メリケンサック
lolidom,lolidom
wheelbarrow,手押し車
ehoumaki,恵方巻き
panda hood,パンダフッド
holding paint palette,パレットを保持します
book on lap,ラップで予約してください
joystick,ジョイスティック
bee girl,蜂娘
immobilization,完全拘束
camera around neck,首の周りのカメラ
blood on wall,壁の血
snow globe,スノードーム
crosshair pupils,十字架の生徒
piano keys,ピアノの鍵
skating,スケート
red tube top,赤いチューブトップ
angels of delusion,妄想エンジェル
panda hair ornament,パンダの髪の飾り
game development department (blue archive),ゲーム開発部
front-hook bra,フロントホック
kamisato clan (emblem),神里の紋
crack of light,户外光
funnels (gundam),ファンネル(ガンダム)
towel around waist,腰タオル
vehicle name,車両名
collar tug,拉扯领子
multiple hats,複数の帽子
pin,ピン
buried,砂埋め
presenting removed panties,パンティーを提示します
refraction,屈折
anzio military uniform,アンツィオ軍服
adjusting panties,调整内裤
baking,ベーキング
dodging,避ける
hook,钩子
gradient skirt,グラデーションスカート
looking at flowers,花を見ています
mojyo,もじょ
skin seams,メカスジ
ashford academy school uniform,アシュフォードアカデミーユニフォーム
hooded shirt,フード付きシャツ
plaid bra,格子胸罩
nintendo 3ds,ニンテンドー3DS
green hood,グリーンフード
obese,男の肥満化
mutual masturbation,相互オナニー
ribbon earrings,リボンイヤリング
prince,王子
multicolored ribbon,多色のリボン
stuffed sheep,ぬいぐるみ
screen light,スクリーンライト
ankle wrap,足首ラップ
wreckage,残骸
tooth,歯
cue stick,キュースティック
sun print,日焼け止め
cuisses,キュイス
paint on body,体に絵を描きます
wiping mouth,擦嘴
diorama,ジオラマ
purple headband,紫のヘッドバンド
bead choker,ビーズチョーカー
mask lift,口罩掀起
grabbing another's ear,耳をつぶします
travel attendant,アテンダント
frilled shawl,フリルショール
digital dissolve,デジタル解散
fakemon,オリポケ
grey outline,灰色のアウトライン
brown-tinted eyewear,茶色の色のアイウェア
fish tank,水槽
pinstripe vest,ピンストライプベスト
sheep tail,羊の尾
pen in pocket,ポケットに入れるペン
exploding clothes,弾ける服
shampoo bottle,シャンプーボトル
spoken zzz,話されたZzz
hanami,お花見
holding mallet,マレットを保持します
naked tabard,前掛け
orange bra,橙色胸罩
heart-shaped boob challenge,ハートおっぱい
covered anus,覆われた肛門
clothes on floor,床に服
high five,ハイタッチ
fluorescent lamp,蛍光灯
mtu virus,MtUウィルス
yellow bandana,黄色のバンダナ
triangular eyewear,三角形のアイウェア
bell earrings,ベルイヤリング
azumanga daioh's school uniform,アズマンガ・ダイオの制服
censored with cum,絶頂で検閲されました
orange sash,オレンジサッシ
weights,ウェイト
holding pastry bag,絞り袋
black vs white,白と黒
layered gloves,層状の手袋
tying,結びつきます
holding paddle,パドルを保持します
mud,どろ
holding cookie,クッキーを保持します
high-visibility vest,安全ベスト
flippers,足ひれ
sixteenth note,16分音符
translucent bunnysuit,半透明バニー
power connection,能力繋がり
tart (food),タルト
puritan collar,ピューリタンカラー
collared leotard,襟付きのレオタード
sky print,スカイプリント
pussy focus,阴部特写
diploma tube,卒業証書筒
foot dangle,脚部悬挂
flower over mouth,口の上に花
tomato slice,トマトスライス
cloud tattoo,クラウドタトゥー
head between thighs,太ももの間の頭
licking testicle,玉舐め
fishnet bodystocking,渔网衣
blue mask,青いマスク
wind turbine,風力タービン
gradient kimono,勾配着物
fireball,火の玉
crossed wrists,手首を交差させた
cello,チェロ
stage curtains,ステージカーテン
exoskeleton,エクゾスケルトン
boxing,ボクシング
quad braids,四发辫
wing ears,羽耳
pickup truck,ピックアップトラック
camera flash,フラッシュ
aqua scarf,アクアスカーフ
railroad crossing,踏切
hand on another's knee,他の人の膝に手をかけます
desert eagle,デザートイーグル
asymmetrical pants,非対称パンツ
spiked armor,スパイクアーマー
holding hair dryer,ヘアドライヤーを保持します
super saiyan blue,超サイヤ人ゴッド超サイヤ人
strapless bottom,无系带下装
pumpkin hair ornament,カボチャの髪の飾り
hand on own penis,自分のペニスに手をかけます
sanbaka (nijisanji),さんばか
bikini top aside,ビキニトップは脇にあります
vertical-striped panties,垂直縞模様のパンティー
alternate body size,代替体のサイズ
lazy eye,ガチャ目
two-tone vest,ツートンベスト
japari bun,ジャパリまん
food packaging,食べ物包装
hieroglyphics,象形文字
sayagata,紗綾形
cupboard,食器棚
black sarong,ブラックサロン
iv stand,点滴スタンド
m16,M16
convertible,オープンカー
ass press,ヒッププレス
long toenails,长脚指甲
penis measuring,下腹部定規
implied cunnilingus,暗黙のクンニリングス
chest tuft,胸部房
single mechanical hand,単一の機械的な手
transverse flute,横笛
shoulder plates,ショルダープレート
very long ears,非常に長い耳
prostration,失意体前屈
cupless bikini,カプレスビキニ
in water,水中で
narutomaki,鳴門巻き
cute & girly (idolmaster),かわいい＆ガーリー（アイドルマスター）
tall grass,背の高い草
grey eyeshadow,灰色のアイシャドウ
patterned,パターン
troll face,嘲讽脸
blue male underwear,青い雄の下着
egg laying,産卵
brown shawl,ブラウンショール
checkered ribbon,チェッカーリボン
hotpot,火锅
large syringe,大きな注射器
grabbing another's face,顔をつかむ
orca,シャチ
undersuit,アンダースーツ
pouty lips,厄介な唇
baseball jersey,野球ジャージ
panzer iv,IV号戦車
fern,シダ
minigun,ミニガン
orange sclera,オレンジ強膜
mascot costume,着ぐるみ
tuxedo cat,奶牛猫
cross tattoo,クロスタトゥー
transparent border,透明な境界線
brush,みがきます
covering with blanket,毛布で覆う
worldwide miku,ご当地ミク
tooth earrings,歯のイヤリング
menacing (jojo),ゴゴゴゴ
kanmuri (headwear),冠
scanlines,走査線
iron bars,鉄格子
see-through bikini,シースルー水着
fist pump,拳ポンプ
price tag,値札
tickling armpits,腋こちょ
bralines,浮きブラ
sukusuku hakutaku,すくすく白沢
arms on table,テーブル上の腕
vertical-striped vest,垂直ストライプベスト
luminosite eternelle,リュミノジテ・エテルネッル
gigantamax,キョダイマックス
energy blade,エネルギーブレード
blue bandeau,ブルーバンドー
riyo (lyomsnpmp) (style),リヨ
wireless earphones,无线耳机
fading,消逝
implied pregnancy,暗示怀孕
wok,鑊
green tongue,緑色の舌
error message,エラーメッセージ
iridescent,玉虫色
catsuit,キャットスーツ
armored skirt,装甲裙
feet only,双脚特写
imperial japanese army,大日本帝国陸軍
yellow pajamas,黄色のパジャマ
neon palette,ネオン
blue mittens,青いミトン
cleaning rag,ぞうきん
see-through one-piece swimsuit,透け水着
snake tattoo,ヘビの入れ墨
blob,ブロッブ
gun to own head,頭に銃
male with breasts,男子おっぱい
weapon tassel,POMMEL TASSEL
hyena tail,ハイエナテール
mimic,ミミック
sketch background,未完成の背景
aqua pupils,水色瞳孔
party,パーティー
italian text,イタリア語
hay,干し草
spread armpit,腋は性器
grey one-piece swimsuit,灰色のワンピース水着
tengu mask,天狗の面
masu,升
yaopei,腰佩
cross-laced cutout,クロスレースの切り抜き
psychic,PSI(サイ)
manta ray,マンタ
plumeria,プルメリア
ligne claire,リーニュクレール
balaclava,バラクラバ
ray gun,光線銃
species connection,种族相同/相关
hand blush,ハンドブラッシュ
team 9 (touhou),バカルテット
flailing,フレアリング
licking breast,乳舐め
chocolate making,チョコレートメイキング
hand milking,乳搾り
arm across chest,胸を横切って腕
holding another's tail,他の人の尾を持っています
tape on nipples,胶带乳贴
source quote,ソースの引用
kappa,河童
nightstand,ナイトテーブル
condenser unit,室外機
xiangyun,祥云
tarot card,タロットカード
dragon tattoo,龙形纹身
sailor swimsuit (idolmaster),セーラーミズギ
animation meme,meme动画
pink crown,ピンククラウン
orange juice,オレンジジュース
battleship,戦艦
wood,木材
:c,C字眉
sexual coaching,性爱指导
no hair ornament,髪の飾りはありません
double halo,双重光环
bus interior,バス
bolt (hardware),ボルト
sound effects only,纯拟声词
shared blanket,共有ブランケット
unworn eyepatch,アイパッチが削除されました
school gym,体育館
watching,見ている
school of fish,魚群
swinging weapon,挥动武器
credits page,クレジットページ
holding whistle,ホイッスルを保持します
elvaan,エルヴァーン
fusuma,ふすま
concrete,コンクリート
color trace,カラートレース
see-through shawl,透明披肩
flower to mouth,花から口まで
hugging another's leg,抱住别人的腿
fur cuffs,毛皮のカフス
covering own ears,耳を塞ぐ
maracas,マラカス
cum through clothes,透过衣服射精
hyena girl,ハイエナガール
shaking head,頭を振る
purple sarong,紫のサロン
bipod,バイポッド
cutie mark,キューティーマーク
two-tone panties,ツートンパンティー
wall lamp,壁灯
food on hand,手元の食べ物
unworn pants,ズボンが取り外されました
zenra,ぜんら
holding shower head,シャワーヘッドを持っています
eye symbol,目のシンボル
playing with another's hair,他の人の髪で遊ぶ
cross-body stretch,交叉拉伸
phoenix,フェニックス
holding flashlight,懐中電灯を保持します
barbell,バーベル
voile,ヴワル魔法図書館
z-ring,Zリング
shippou (pattern),Shippou（パターン）
penis in panties,パンティーのペニス
excessive pussy juice,過度の猫ジュース
virgin killer outfit,童貞を殺す服
aqua sailor collar,アクアセーラーカラー
raimon soccer uniform,雷門イレブン
severed hair,切断された髪
rattle,がらがら
dissolving clothes,服溶け
smegma,チンカス
unkempt,ボサボサ
blue nipples,青い乳首
spacecraft interior,宇宙船のインテリア
flapping,羽ばたく
plug (piercing),プラグ（ピアス）
green serafuku,グリーンセラフク
alternate wings,代替翼
eclipse,日食
face in ass,顔面圧迫
pink fire,ピンクの火
hair between breasts,胸の間の髪
dilated pupils,瞳孔散大
bruised eye,傷ついた目
leg cutout,腿部衣服开口
cherry tomato,プチトマト
swimsuit skirt,泳装裙
amestris military uniform,アメストリス軍服
print scarf,プリントスカーフ
uncle and niece,叔父姪
wrong foot,错误的脚
grilling,バーベキュー
fiery background,燃えるような背景
bouncing,バウンス
announcement celebration,祝アニメ化
mundane utility,ありふれたユーティリティ
aquiline nose,鷲鼻
pantyhose under swimsuit,スク水タイツ
tank turret,タンクタレット
alcohol carton,パック酒
heart print panties,ハートパンティー
visual novel,ビジュアルノベル
sounding,尿道責め
brown bodysuit,茶色のボディスーツ
w over eye,w目の上
folded clothes,ワビゼンラ
pink pubic hair,ピンクの陰毛
mizu happi,水法被
torn hat,引き裂かれた帽子
print sarong,サロンを印刷します
jaguar girl,ジャガーガール
on water,水に
holding own foot,自分の足を持っています
naked dress,ネイキッドドレス
single bare arm,シングルベアアーム
5others,5人
rearing,飼育
inconvenient breasts,不便な胸
drawing on another's face,他人の顔に絵を描きます
darkened skin,褐色化
lace-trimmed collar,レーストリムカラー
glass door,ガラス戸
reloading,リロード
smelling penis,ちん嗅ぎ
jump rope,縄跳び
binary,二进制数
metal baseball bat,金属バット
pink babydoll,ピンクのbabydoll
lane line,コースロープ
green camisole,緑のキャミソール
thigh bow,太ももの弓
duct tape,ダクトテープ
asahi breweries,アサヒビール
wet skirt,ウェットスカート
rainbow background,彩虹色背景
dirt road,未舗装の道
holding cigar,葉巻を保持します
underworld (ornament),underworld（飾り）
sway back,上体后移、下体前移
colored lineart,色トレス
casing ejection,排莢
pairing name,カップリング表記
gradient nails,グラデーションネイル
cherry print,チェリープリント
musket,マスケット銃
heavy,重い
banana peel,バナナの皮
cooperative handjob,W手コキ
mechanic,整備士
x fingers,x指
seisho music academy school uniform,Seishou Music Academyユニフォーム
purple camisole,紫色のキャミソール
cave interior,山洞里
hawk,鷹
sainan high school uniform,Sainan High Schoolの制服
camouflage shirt,カモフラージュシャツ
shinigami,死神
wiping,拭く
weapon bag,しないぶくろ
arguing,議論
plackart,腹甲
cyrillic,キリル文字
water yoyo,水ヨーヨー
clothes theft,服の盗難
bell-bottoms,喇叭裤
holding orb,オーブを保持します
slouching,猫背
kousaka kirino's school uniform,Kousaka Kirinoの学校の制服
blue oni,青鬼
stuffed bird,ぬいぐるみ
pants under dress,ドレスの下のズボン
red sweater vest,赤いセーターベスト
band (music),バンド
puzzle piece,パズルピース
symmetrical pose,対称ポーズ
mosin-nagant,モシン・ナガン
relaxing,リラックス
blue blood,青い血
uneven footwear,不均一な履物
inward v,裏ピース
shout lines,叫ぶライン
finger sucking,指吸う
translucent,半透明
country connection,国籍相同/相关
arcade,ゲームセンター
animal around neck,首の周りの動物
diving,ダイビング
dinosaur tail,恐竜の尾
cuntboy,カントボーイ
short braid,短发辫
yellow umbrella,黄色の傘
purple outline,紫の輪郭
torn bike shorts,破损的自行车短裤
huge horns,巨大な角
mortarboard,モルタルボード
unworn goggles,ゴーグルが削除されました
groceries,しょくりょうひん
transmission tower,鉄塔
twintails with braided base,发辫基底双马尾
muffin,マッフィン
kanshou & bakuya (fate),カンショウ＆バクヤ（運命）
conch,巻き貝
wet face,濡れた顔
hanafuda earrings,花札耳饰
kissing viewer,キス待ち
skeletal hand,骨格の手
nemophila (flower),ネモフィラ
season connection,同季/同期作品
coin purse,小銭入れ
asymmetrical arms,非対称腕
mistletoe,宿り木
billiard ball,台球(物体)
hip armor,ヒップアーマー
hair over face,顔の髪
single drill,螺旋单马尾
beretta 1301,ベレッタ1301
pussy cutout,阴部开口
hisuian poke ball,ポークボール（伝説）
finger tattoo,フィンガータトゥー
nipple-to-nipple,乳首から昼間
amazon warrior,アマゾン
yamabuki high school uniform,山本高校のユニフォーム
taut swimsuit,緊張した水着
smeared lipstick,塗りつぶしの口紅
panty lift,内裤提起
breaker gorgon,ブレーカー・ゴルゴーン
off-shoulder coat,オフショルダーコート
heart arms,腕ハート
rosary,ロザリオ
purple hood,紫色のフード
fortified suit,衛士強化装備用アンダースーツ
hidden eyes,隠された目
single half glove,シングルハーフグローブ
rei no pool,例のプール
wing piercing,翼のピアス
2008,2008年
problem solver 68 (blue archive),便利屋68
paw hair ornament,足の髪の飾り
red panda tail,赤いパンダの尾
double exposure,多重露光
recurring image,繰り返し画像
whispering in ear,耳打ち
pillory,首かせ
liquor,酒
gesugao,ゲス顔
holding pickaxe,ピカクセを保持します
pink sarong,ピンクサロン
hair over one breast,片方の胸の上の髪
head on arm,腕に向かいます
train station platform,駅のホーム
chimera (honkai: star rail),奇美拉(星穹铁道)
billiard table,台球桌
ballistic shield,防弾シールド
holding own wrist,自分の手首を持っています
o-ring collar,Oリングカラー
paizuri invitation,谷間くぱぁ
holding handkerchief,ハンカチを持っています
whip sword,ガリアンソード
evoker,召喚器
mansion,邸宅
pink feathers,ピンクの羽
laser sight,レーザーサイト
canteen,水筒
tankard,タンダード
leaf background,葉の背景
comet,彗星
cbt,CBT
see-through mask,シースルーマスク
food insertion,食物插入
right-over-left kimono,左前
food-themed creature,食品をテーマにした生き物
cum on back,背射
victorian maid,ビクトリアンメイド
oran berry,オレンのみ
feet on table,テーブルの上の足
fading border,边缘渐隐
box tie,高手小手
revealing layer,妄撮
imminent hug,即将拥抱
viewer on leash,狗视角
flattop,フラットトップ
fender jazz bass,フェンダージャズベース
mystical high collar,神秘的なハイカラー
trapped,閉じ込められた
sleeve rolled up,スリーブが丸めました
purple corset,紫色のコルセット
moth wings,翼
spoken x,話されたx
mismatched wings,不一致の翼
grey pubic hair,灰色の陰毛
hope's peak academy school uniform,ホープのピークアカデミースクールユニフォーム
mega ring,メガリング
spiral-only eyes,スパイラルのみの目
sukeban,スケ番
circular saw,丸鋸
dark areolae,黒乳輪
beach volleyball,ビーチバレー
holding pendulum,振り子を保持します
yellow tulip,黄色のチューリップ
grabbing own thigh,抓住自己的大腿
missing eye,目が欠けています
mauser 98,モーザー98
flintlock,フリントロック式
orange wings,オレンジ色の翼
washing hair,洗髪
puffy chest,ふくらんでいる胸
tea party (blue archive),ティーパーティー(ブルーアーカイブ)
skeletal arm,骨格腕
melon soda,メロンソーダ
beaker,ビーカー
testicle peek,玉チラ
single elbow pad,シングルエルボパッド
apple hair ornament,リンゴの髪の飾り
stop sign,止まれ
winking (animated),单眼眨眼(动画)
to be continued,つづく
sweater pull,セータープル
green suit,緑のスーツ
mugshot,マグショット
rhine lab logo,莱因生命
print swimsuit,プリント水着
tile roof,瓦屋根
control rod (touhou),制御棒
drawn wings,描かれた翼
spray bottle,霧吹き
hairstyle switch,髪型交換
skull hat ornament,頭蓋骨の帽子飾り
brown overalls,茶色のオーバーオール
cow costume,牛コス
on box,ボックスに
ethereal (zenless zone zero),エーテリアス
en pointe,ポワント
penis on stomach,腹部上的阴茎
lance of longinus (evangelion),ロンギヌスの槍(エヴァ)
pravda military uniform,プラヴダ軍服
captive bead ring,キャプティブビーズリング
detached pants,戸建てズボン
crossed belts,交差ベルト
telstar,テルスター
la grondement du haine,ラ・グロンドメント・デュ・ヘイン
zebra print,ゼブラ柄
chocolate chip cookie,チョコチップクッキー
kriss vector,クリス・ヴェクター
standard bearer,旗手
spade tattoo,スペードタトゥー
toothbrush in mouth,口の中の歯ブラシ
holding duster,ダスターを保持します
gradient jacket,グラデーションジャケット
inflatable whale,インフレータブルクジラ
changing room,脱衣所
ambrosia (dungeon meshi),マルシルの杖・アンブロシア
taut bodysuit,ぴんと見たボディースーツ
cervical penetration,子宮姦
colored blindfold,青い目隠し
map (object),マップ（オブジェクト）
watercolor effect,水彩画風
chicken leg,鶏もも肉
padded jacket,パッド入りジャケット
hands on another's stomach,他の人のお腹の上
2007,2007年
spiked boots,スパイクブーツ
dusk ball,ダークボール
2005,2005年
hanging scroll,掛け軸
screw in head,頭をねじ込みます
pleated sleeves,プリーツスリーブ
rabbit on head,頭のうさぎ
lightning ahoge,雷电呆毛
holding polearm behind back,後ろの極地
hands on floor,床の手
typing,タイピング
kiwi slice,キウイスライス
stahlhelm,シュタールヘルム
furious,狂怒
namekian,ナメック星人
mismatched eyelashes,まつげの不一致
glass table,玻璃桌
flower basket,フラワーバスケット
cum bubble,精液泡泡
crown of thorns,茨の冠
oyakodon (sex),親子丼
black shawl,ブラックショール
blue tube top,ブルーチューブトップ
chi-hatan military uniform,Chi-Hatan軍服
mousetrap,マウストラップ
implied incest,暗黙の近親相姦
misaki high school uniform,御崎高校
see-through pantyhose,透视连裤袜
toothpick,楊枝
racing,カーレース
fairy kei,フェアリー系
chocolate syrup,チョコレートシロップ
non-circular lens flare,非円形レンズフレア
original race uniform (umamusume),オリジナルレースユニフォーム（Umamusume）
character hood,キャラクターフード
over the knee,オーバーザニー
kickboard,ビート板
chocolate on face,顔にチョコレート
halfling,ハーフリング
afterword,あとがき
distorted halo,点滅ヘイロー
dying,今際
eotech,Eotech
flaming hand,燃えるような手
naizuri,ちっぱいズリ
shuriken hair ornament,シュリケンの髪の飾り
black claws,黒い爪
initial,イニシャル
print pajamas,パジャマを印刷します
primarch,プライマーク
popsicle stick,アイスキャンディースティック
trowel,スコップ
print bodysuit,プリントボディスーツ
fishbowl,金魚鉢
brand of the exalt,聖王の印
mygo!!!!! (bang dream!),迷途之子!!!!!
in heat,熱中
orca hood,Orca Hood
crisis management form (machikado mazoku),危機管理フォーム
;(,;（
calvin klein,カルバン・クライン
biwa lute,琵琶
variable fighter,可変戦闘機
ak-47,AK 47
see-through gloves,グローブを見せます
mimic chest,ミミック
shamoji,しゃもじ
bellflower,キキョウ科
dynamite,ダイナマイト
lace background,レースの背景
options,オプション
pear,なし
hook hand,手をフック
poison,毒
hololive idol uniform (bright),ブライト衣装
laguz (fire emblem),ラグズ
kadomatsu,門松
ai ai gasa,相合い傘
time stop,時止め
hiding behind another,他の人の後ろに隠れています
ainu,アイヌ語
holding petal,花びらを保持します
flying button,ボタン飛ばし
champagne bottle,シャンパンボトル
hands on another's neck,他の人の首の上
henshin pose,変身ポーズ
water type theme (pokemon),みずタイプ
bag over head,頭の上にバッグ
cum on floor,床に精液
backless shirt,露背衬衫
joker (playing card),ジョーカー
shorts tan,ショーツタン
crucifixion,磔
holding star,ホールディングスター
miracle mallet,打ち出の小槌
felyne,アイルー
striped neckerchief,縞模様のネッカチーフ
nail polish bottle,マニキュアボトル
butterfly hat ornament,蝶の帽子飾り
pill hair ornament,ピルヘアの飾り
grey pupils,灰色瞳孔
spread navel,おへそくぱぁ
nanodesu (phrase),なのです
tied ears,結び付けられた耳
breast zipper,母乳ジッパー
japan self-defense force,自衛隊
tactile paving,点字ブロック
unhappy,不幸
cosmos (flower),コスモス
looking at self,审视自己
liquid clothes,液体服
yakisoba,焼きそば
wakamezake,わかめ酒
action,アクション
pointing down,指向下方
glasgow smile,グラスゴースマイル
seraph,セラフ
clinging,抱紧
glowing markings,輝くマーク
tiefling,ティーフリング
paralyzer,パラライザー
quad drills,螺旋四马尾
padlocked collar,パドロックされた襟
condom left inside,ゴム残し
bull,牡牛
onee gyaru,お姉ギャル
outstretched legs,伸腿
twintails day,ツインテールの日
stone walkway,石の通路
seed,種子
blood in mouth,口の中の血
star print bikini,星柄ビキニ
arrow in body,体の矢印
aqua coat,アクアコート
stocks,在庫
adjusting another's clothes,他の人の服を調整します
alternate pectoral size,代替の胸サイズ
heart lock (kantai collection),艦娘ロック(保護)機能
igote,射籠手
mini witch hat,ミニ魔女の帽子
hedge,生垣
unworn necklace,ネックレスが削除されました
penis focus,阴茎特写
aqua horns,アクアホーン
removing eyewear,アイウェアを取り外します
x arms,ばってん
email address,電子メールアドレス
bisexual male,バイセクシャル
panties around one ankle,足首の周りのパンティー
crutch,松葉づえ
character mask,お面
gambeson,ガンベソン
expression chart,表情練習
bear print panties,くまさんパンツ
bandaid on shoulder,肩に詰まっています
extra legs,多脚
fly,ハエ
deep wound,傷口
flight suit,フライトスーツ
shaped pubic hair,形の陰毛
studded gloves,スタッドグローブ
rubik's cube,ルービックキューブ
blocking,ブロッキング
piano print,ピアノプリント
spurs,拍車
yumi (bow),和弓
udon,うどん
hugging own tail,自分の尾を抱きしめます
wooden box,木箱
print innertube,InnerTubeを印刷します
frilled babydoll,babydollフリル
workout clothes,トレーニング服
sharing food,口移し
senbei,せんべい
studying,勉強
neck warmer,围脖
high-low skirt,高低裙
crosshair,レティクル
morrigan aensland (cosplay),モリガンコス
mouse boy,マウスボーイ
st. theresa's girls academy school uniform,聖テレサ女学院
frilled vest,フリルベスト
vomiting,吐く
jiaozi,ぎょうざ
moth antennae,mothアンテナ
bishamonten's spear,鋒
laboratory,研究室
anti-aircraft gun,対空砲
whale hair ornament,クジラの髪の飾り
intertwined tails,絡みつく尻尾
dragon ball (object),ドラゴンボール（オブジェクト）
belt bag,腰包
st. chronica academy school uniform,st。クロニカアカデミーユニフォーム
dullahan,デュラハン
person on head,頭の上の人
apple slice,アップルスライス
kyuudou,弓道
bikini in mouth,くちブラ
fighting game,格ゲー
sprout,芽
glass slipper,ガラスの靴
reverse ryona,逆リョナ
ankle garter,踝环
grey male underwear,灰色の男性下着
ornate clothes,華やかな服
stacking,堆叠
holding bird,鳥を持っている
plague doctor mask,ペストマスク
hangar,格納庫
cocktail shaker,シェイカー
sextuplets,六つ子
front-tie bra,フロントタイラ
saunders school uniform,サンダースの学校のユニフォーム
animal hair ornament,動物の髪の飾り
aegis sword (xenoblade),エージスの剣（xenoblade）
spiked helmet,スパイクヘルメット
kagura suzu,神楽鈴
military operator,特殊部隊
pendant watch,ペンダントウォッチ
unworn slippers,スリッパが削除されました
catching,キャッチ
bamboo shoot,タケノコ
dyed ahoge,染められたああ
arm sling,アームスリング
red tulip,赤いチューリップ
load-bearing equipment,負荷ベアリング機器
grape hair ornament,ブドウの髪の飾り
temari ball,手まり
chisel,のみ
texture,テクスチャ
too literal,文字通りすぎます
whale girl,クジラ娘
fever,発熱
blood spray,血しぶき
carried breast rest,おっぱいプレート
lifebuoy ornament,lifebuoy飾り
maria the ripper,マリア・ザ・リッパー
dirigible,飛行船
key ring,キーホルダー
pitchfork,ピッチフォーク
mismatched horns,不一致の角
slide,滑り台
slug,ナメクジ
flat chastity cage,フラット貞操帯
padded coat,パッド入りコート
coffee table,咖啡桌
hat pin,帽子のピン
queen,女王
on food,食べ物に
spray paint,スプレーペイント
soy sauce,しょうゆ
neta,ネタ
silver hairband,シルバーヘアバンド
naked skirt,裸スカート
panties over pantyhose,タイツの上にパンツ
tofu,豆腐
cum in cup,ザーメンジョッキ
multicolored pants,多色のズボン
burnt,黒焦げ
science babies,科学宝宝
holding butterfly net,蝶ネットを保持します
snow on head,頭の雪
pilot suit,パイロットスーツ
front-print panties,フロントプリント
stile uniform,スティーレ
gryffindor,グリフィンドール
eye black,アイブラック
doorknob,ドアノブ
bell pepper,ピーマン
cake cat (honkai: star rail),猫猫糕
dog hair ornament,犬の髪の飾り
lillian girls' academy school uniform,リリアンガールズアカデミーユニフォーム
aqua scrunchie,アクアシュリューティー
pomegranate,ざくろ
black butterfly,ブラックバタフライ
oversized forearms,巨腕
qingxin flower,清心
orange goggles,オレンジゴーグル
shiromuku,白無垢
purple feathers,紫色の羽
low horns,低い角
yandere trance,恍惚のヤンデレポーズ
nagatekkou,長手甲
sleigh,そり
tennis,テニス
pocari sweat,ポカリスエット
cleanup fellatio,お掃除フェラ
cum on chest,胸に精液
hatsumode,初詣
yukadon,床ドン
lifted by tail,スカートの中から尻尾
natural wedgie,自然的内裤陷入
otter tail,カワウソの尾
limiter (tsukumo sana),リミッター（サナのツクモ）
iris (flower),アイリス
dolphin hair ornament,イルカの髪の飾り
persimmon,かき
human chair,人間椅子
exposed bone,露出した骨
baseball helmet,棒球头盔
lipstick mark on testicles,玉キスマーク
symbiote,シンビオート
drum magazine,ドラム型弾倉
suikawari,スイカ割り
paperclip,回形针
hand on weapon,武器に手をかけます
black tunic,黒いチュニック
lace border,レースボーダー
pink serafuku,ピンクセラフク
takeuchi takashi (style),野生の武内崇
orchid,ラン(植物)
spasm,痙攣
severed arm,切断された腕
toyogasaki academy school uniform,豊ヶ崎学園
shark print,サメのプリント
orange-framed eyewear,オレンジフレームのアイウェア
ejaculation under clothes,着衣射精
glowing mouth,輝く口
eggshell,卵の殻
implied nudity,暗示裸体
herensuge girls academy school uniform,エレンスゲ女学園
yellow jumpsuit,黄色のジャンプスーツ
arisaka,有坂銃
weird route (deltarune),Aルートweirdroute
flagpole,旗竿
swallowing,飲み込む
stomach growling,腹の虫
gradient ribbon,グラデーションリボン
greek cross,ギリシャ十字
phrygian cap,フリギアの帽子
gorilla,ゴリラ
cloth,布
blowhole,噴気孔
green pubic hair,緑色の毛
forget-me-not (flower),ワスレナグサ
wooden horse,三角木馬
originium arts (arknights),源石技艺
adjusting footwear,履物の調整
saint quartz (fate),聖晶石
board eraser,黒板消し
waffle,ワッフル
facing back,背对着
holding sponge,スポンジを保持します
lace-trimmed headwear,レーストリムヘッドウェア
german flag bikini,ドイツの旗ビキニ
grabbing another's hand,他の人の手をつかむ
holding pumpkin,カボチャを持っています
fanning face,面部扇风
full stomach,満腹
titans (gundam),ティターンズ
aqua wings,アクアウィング
laurels,ローレル
x navel,xへそ
middle w,中央w
chiton,キトン(衣類)
senkou hanabi,線香花火
grey overalls,灰色のオーバーオール
irezumi,入れ墨
signpost,道しるべ
heart wand,ハートワンド
flat chest grab,フラットチェストグラブ
tendril,巻きひげ
oxygen mask,酸素マスク
windsock,吹流し
precum through clothes,渗透衣服的先走汁
kaname madoka (cosplay),Kaname Madoka（コスプレ）
multicolored buttons,多色のボタン
:s,：s
heart eyepatch,ハートアイパッチ
vodka,ウォッカ
ascot between breasts,胸の間のアスコット
spirit blossom (league),精霊の花祭り
apologizing,謝る
beehive hairdo,蜂の巣の髪型
cracked mask,ひび割れたマスク
nippleless clothes,乳首出し
grey hakama,灰色のハカマ
foodgasm,フードガズム
yellow overalls,黄色のオーバーオール
neck garter,ネックガーター
team magma,マグマ団
usb,ユニバーサル・シリアル・バス
battlefield,戦場
licking another's cheek,他の人の頬をなめる
collar grab,カラーグラブ
horse racing track,競馬場
shopping basket,買い物かご
lei,レイ
keizoku school uniform,Keizoku School Uniform
holding party popper,ホールディングパーティーポッパー
delivery,配達員
long eyebrows,長い眉
puppet rings,人形リング
golden arms,黄金の腕
camouflage headwear,カモフラージュヘッドウェア
sitting on animal,動物の上に座っています
orange tabard,オレンジ色のタバード
chocolate banana,チョコバナナ
floating crown,フローティングクラウン
pants around one leg,片足の周りのズボン
siren (azur lane),セイレーン(アズールレーン)
pleading face emoji,ぴえん
flaming eyes,燃えるような目
yurie mouth,ゆりえ口
video game cover,ビデオゲームカバー
crotchless pants,股間のズボン
alternate shiny pokemon,代替の光沢のあるポケモン
side-tie swimsuit,サイドタイの水着
on tree stump,木の切り株に座っています
forced,強制
sock pull,靴下プル
dizi,笛子
phone booth,電話ボックス
holding chess piece,チェスのピースを持っています
straw hat pirates,麦わらの一味
ankleband,アンクルバンド
boxing ring,拳击台
swan,白鳥
penguin girl,ペンギンの女の子
spork,先割れスプーン
swing set,スイングセット
adjusting buruma,食い込み直し
scorpion tail,スコーピオンの尾
clarent (fate),我が麗しき父への叛逆
himejoshi,姫女子
unworn bowtie,ボウタイが削除されました
canopy (aircraft),キャノピー
musical note earrings,ノートノートイヤリング
tantrum,癇癪
single sandal,シングルサンダル
holding cloth,布を持っています
deer boy,鹿の少年
cheese trail,チーズトレイル
holding rabbit,バニーを保持します
genderswap (otm),genderswap（otm）
planetary ring,行星环
ornate armor,華やかな鎧
tanghulu,サンザシ飴
lighting cigarette,照明タバコ
holding chalk,チョーク
striped belt,ストライプベルト
sobbing,マジ泣き
knit hat,ニット帽
lampshade,ランプシェード
asymmetrical dress,不对称连衣裙
training corps (emblem),訓練兵団
checkered haori,チェッカーハオリ
winged hair ornament,翼のある髪の飾り
russian flag,ロシアの国旗
long fingers,長い指
manboobs,マンブーブ
crinoline,クリノリン
long arms,長い腕
giving wedgie,拉别人内裤陷入
measurements,測定
heart straw,ハートストロー
bear bag,クマのバッグ
cd case,CDケース
fur capelet,皮草
sitting on water,水の上に座っています
painted clothes,彩绘服装
infinite stratos academy school uniform,無限のストラトスアカデミーユニフォーム
criss-cross back-straps,バッククロスストラップ
print ribbon,リボンを印刷します
hair focus,ヘアフォーカス
historical connection,聖杯乱舞
black keys (type-moon),黒鍵
lowleg shorts,低腰短裤
panties over garter belt,ガーターベルトの上のパンティー
kamihama university affiliated school uniform,神浜市立大附属学校
paper background,紙の背景
feet on chair,椅子の足
see-through hair,半透明の髪
toasting (gesture),乾杯
compact (cosmetics),コンパクト
white flag,白旗
lgbt pride,プライドフラッグ
lace collar,レースカラー
face punch,顔パン
colored smoke,色付きの煙
plaid shawl,格子縞のショール
greenhouse,温室
wrapped in blanket,毛布で巻く
daikon,大根
egg yolk,卵黄
cardigan vest,カーディガンベスト
fdd threesome,女双双3P
string around finger,指の周りにひも
chain belt,チェーンベルト
bubble background,バブルの背景
legs bound apart,双腿束缚分开
glory hole,ラッキーホール
feather dress,羽毛连衣裙
pony (animal),ポニー
jian (weapon),剑
head on table,テーブルに向かいます
dinosaur costume,恐竜の衣装
penis on head,頭のペニス
rina-chan board,璃奈ちゃんボード
propeller hair ornament,プロペラの髪の飾り
half note,ハーフノート
latex boots,ラテックスブーツ
plus sign,プラス記号
grape hat ornament,グレープハット飾り
electrocution,電気責め
camping,キャンプ
concentrating,集中
neck grab,ネックグラブ
shell earrings,シェルイヤリング
souryuu asuka langley (cosplay),Souryuu Asuka Langley（コスプレ）
table tennis paddle,乒乓球拍
washing,洗浄
hanging legs,足プラ
imitating,ものまね
shot glass,酒杯(小号)
shorts aside,ショートパンツはさておき
exposed internal machinery,暴露的内部机械结构
print mug,マグカップを印刷します
hinamatsuri,雛祭り
spoken animal,話された動物
over the mouth gag,口の上のギャグ
despair,絶望
ghost type theme (pokemon),ゴーストタイプ
moe moe kyun!,萌え萌えキューン!
zipper skirt,ジッパースカート
mole on crotch,股間のほくろ
long hoodie,パーカーワンピース
chibi on head,頭の上にキビ
print eyepatch,印刷アイパッチ
fingering from behind,背後から手マン
bulge to ass,お尻に膨らみます
gradient sleeves,グラデーションスリーブ
training,トレーニング
throat bulge,喉ボコ
open jumpsuit,オープンジャンプスーツ
bat ornament,コウモリの飾り
accidental pervert,ラッキースケベ
empty picture frame,空の額縁
tickle torture,くすぐり拷問
jackal boy,ジャッカルボーイ
red jumpsuit,赤いジャンプスーツ
seiren academy school uniform,私立征嶺学園
catfight,キャットファイト
scar on breast,胸の傷跡
tsab ground military uniform,TSABグラウンド軍服
followers favorite challenge,フォロワーさんの推しが描きたい
monocle chain,モノクルチェーン
railgun,レールガン
argyle dress,菱格连衣裙
cheek rest,頬の休息
yoga,ヨガ
paw print soles,爪印足案
multiple anal,複数の肛門
female orc,女オーク
mutual orgasm,共同高潮
purple suit,紫のスーツ
aqua sweater,アクアセーター
golem,ゴーレム
genre connection,题材相同/相关
welsh corgi,ウェルシュコーギー
package,包み
spiked mace,モーニングスター
ribbed cardigan,リブ付きカーディガン
hand on another's crotch,手放在别人的裆部
patterned legwear,模様のあるレッグウェア
whistling,口笛
cat's cradle,あやとり
reverse nursing handjob,乳首舐め手コキ
see-through bodysuit,透视连体衣
sucking male nipple,吸吮男性乳头
ass freckles,お尻のそばかす
crumpled paper,しわくちゃの紙
jade (gemstone),翡翠
interview,インタビュー
housewife,主婦
asteroid,アステロイド
wall-eyed,壁の目
dome,ドーム
carnation,カーネーション
scratching,掻く
tunnel,トンネル
stuffed frog,ぬいぐるみカエル
holding string,文字列を保持します
kirisame marisa (cosplay),KirisameMarisa（コスプレ）
milkshake,ミルクセーキ
cymbals,シンバル
walking away,立ち去る
deck chair,デッキチェア
scolding,少女説教中
waraji,草鞋
icicle,つらら
turret,タレット
spiked gauntlets,スパイクガントレット
pitching,投球ポーズ
plaid apron,格子縞のエプロン
impossible hair,不可能な髪
polka dot hairband,ポルカドットヘアバンド
cutting own hair,自分の髪を切る
fender telecaster,フェンダー・テレキャスター
barcode scanner,バーコードリーダー
rabbit ear headphones,兔耳耳机
red sun,夕焼け
unworn hairband,ヘアバンドが取り外されました
standing missionary,対面立位
ipod nano,iPod Nano
crying emoji,泣く絵文字
wrist straps,リストストラップ
knee guards,膝当て
after battle,戦いの後
mons pubis,恥丘
getabako,下駄箱
mailbox (incoming mail),郵便受け
ankle wings,足首の翼
handrail,扶手
iei,遺影
on crescent,月に乗る
kittysuit,猫耳バニー
shoujo kitou-chuu,しょうじょきとうちゅう
holding magazine,ホールディングマガジン
lectern,教卓
team skull,スカル団
nuzzle,ナズル
glowing halo,发光的光环
stamp mark,印章
shogi,将棋
pon de ring,ポン・デ・リング
earphones removed,イヤホンが削除されました
aztec,アステカ
cornrows,コーンロウ
colored pussy,異色粘膜
beach chair,ビーチチェア
year of the dog,戌年
implied paizuri,暗黙のパイズリ
sheriff badge,保安官バッジ
playing flute,フルートを演奏します
lavender (flower),ラベンダー
exposed muscle,露出した筋肉
single knee boot,シングル膝ブーツ
squat toilet,和式トイレ
crater,クレーター
moose ears,ムースの耳
oxfords,オックスフォード
anchor earrings,アンカーイヤリング
enema,浣腸
energy barrier,バリア
green sports bra,グリーンスポーツブラ
rolling,転がる
borrowed hairstyle,借りた髪型
year of the pig,亥年
hands on headphones,ハンズオンヘッドフォン
torn kimono,引き裂かれた着物
toothpaste,歯磨き粉
public vibrator,公开震动器
rowboat,ローボート
shaped lollipop,形のロリポップ
vest lift,ベストリフト
arrow print,矢印の印刷
against window,ウィンドウに対して
sinking,沈む
tied to chair,椅子に縛られています
tucked money,お金のタック
cowering,カリスマガード
orange outline,オレンジ色のアウトライン
steam locomotive,蒸気機関車
piano bench,ピアノ椅子
...!,...！
skateboarding,スケートボード
garland (decoration),ガーランド（装飾）
gaijin 4koma (meme),外人4コマ
no symbol,シンボルはありません
frilled sash,フリルサッシ
2006,2006年
gleam,きらめき
onahole handjob,オナホコキ
basketball hoop,篮筐
military fatigues,戦闘服
taker pov,正面向き前傾ペニス
riverbank,川沿い
advanced nurturing high school uniform,高校の制服を育てる高度な育成
snapping fingers,指パッチン
aqua choker,アクアチョーカー
kite,凧
tailjob,尻尾コキ
saury,サンマ
bell sleeves,ベルスリーブ
whale hat,鯨の帽子
frustrated,沮丧
comic sans,コミックサン
carrot print,ニンジンプリント
tuna,まぐろ
songover,Songover
see-through bra,透视胸罩
on pillow,枕の上
stiff tail,硬い尾
funeral dress,喪服
nesoberi,寝そべり
lemon hair ornament,レモンの髪の飾り
shark boy,シャークボーイ
finger to eye,指から目
ruyi jingu bang,如意金箍棒
onahole job,オナホコキ
cracking knuckles,指ポキ
tote bag,トートバッグ
hand on own foot,自分の足に手をかけます
holding tongs,トングを持っています
kidnapping,お持ち帰り
s.e.e.s,特別課外活動部
violence,暴力
stuffed eggplant,ぬいぐるみ
razor,かみそり
undone neckerchief,Neckerchiefを元に戻しました
russia,ロシア
wardrobe error,ワードローブエラー
can't be this cute,俺の妹表紙風
small nipples,小さな乳首
car seat,车座
jacket over shoulder,肩越しのジャケット
stinger,毒針
ikea shark,IKEAのサメ
mazda,マツダ株式会社
yuki onna,雪女
twig,小枝
o-ring panties,Oリングパンティー
long-tailed tit,エナガ
dualshock,デュアルショック
superflat,スーパーフラット
oonusa,大幣
twitter cutting game,切りTチャレンジ
witch (manosaba),魔女化エマ
germany,ドイツ連邦共和国
penis over one eye,片目にペニス
gradient border,グラデーションボーダー
nijisanji matching outfit,共通衣装
confrontation,対峙
super saiyan 2,超サイヤ人2
glass writing,ガラスの書き込み
snapchat,snapchat
ice skating,アイススケート
glove in mouth,口の中の手袋
mint chocolate,チョコミントアイス
microsoft paint (software),MSペイント
ooarai (emblem),ooarai（エンブレム）
ferret ears,フェレットの耳
single bang,单刘海
satellite dish,衛星皿
aqua lips,水色嘴唇
colored condom,色付きのコンドーム
belt skirt,beltskirt
cattail,ガマ(植物)
energy weapon,ビーム兵器
singlet,シングレット
puzzle,拼图
kamina shades,カミナシェード
torn sweater,破れたセーター
baby carry,横抱き
flower bed,花壇
spoken emoji,話された絵文字
torn bikini,引き裂かれたビキニ
koinobori,鯉のぼり
guitar strap,ギターストラップ
adjusting leotard,调整紧身衣
back muscles,背筋
gear fifth,ギア5
animal skeleton,動物の骨格
disco ball,ミラーボール
face shield,フェイスシールド
backless panties,Vバック
colored eyepatch,色付きアイパッチ
tsukumihara academy uniform (fate/extra ccc),ツミハラアカデミーユニフォーム（Fate/Extra CCC）
shaved head,スキンヘッド
tavern,さかば
navel focus,おへそ強調
in orbit,軌道で
claw foot bathtub,猫足バスタブ
mint,ミント
wide face,へちょ絵
nico nico nii,にっこにっこにー
red sarong,レッド・サロン
orange eyeshadow,オレンジ色のアイシャドウ
checkered legwear,チェッカーレッグウェア
super mushroom,スーパーキノコ
head hug,頭の抱擁
stuffing,中綿
soba,そば
bakery,パン屋
meka (overwatch),メカ（オーバーウォッチ）
hotel room,ホテルの部屋
rubbing,こすります
pink robe,ピンクローブ
super highleg,スーパーハイレグ
multiple monitors,複数のモニター
pilot helmet,パイロットヘルメット
hockey mask,ホッケーマスク
stuffed unicorn,ぬいぐるみユニコーン
spiked ball and chain,モーニングスター
traffic baton,誘導棒
brown tank top,茶色のタンクトップ
double chin,二重アゴ
orange cardigan,オレンジカーディガン
mamemaki,豆撒き
yellow collar,黄色の襟
polka dot camisole,ポルカドットキャミソール
weasel,イタチ
drain (object),排水（オブジェクト）
dildo under clothes,衣服下的假阳具
grey lips,灰嘴唇
cassette player,カセットプレーヤー
mochitsuki,餅つき
trying on clothes,试穿衣服
spiked anklet,スパイクアンクレット
salmon run (splatoon),サーモンラン
elbow sleeve,エルボーサポーター
brick road,ブリックロード
boyfriend's shirt,彼シャツ
yellow hood,黄色いフード
rooster,おんどり
cartoonized,漫画
chipmunk ears,シマリスの耳
arm pillow,腕の枕
nori (seaweed),のり
underground,地下
pokefication,ポケモン化
pansy,パンジー
cowl,カウル
hashitsuki nata,嘴付き鉈
hoshi no tsue,星の杖
smelling flower,臭いのある花
boombox,ラジカセ
horrified,恐ろしい
cassette tape,カセットテープ
bed invitation,オストリグサ
reverse netorare,逆NTR
gae dearg (fate),gae dearg（運命）
turning around,振り向きます
weight,重さ
door handle,ドアハンドル
figure skating,フィギュアスケート
white horse,白馬
aqua cape,アクアケープ
toolbox,ツールボックス
birthday sash,本日の主役
wooden spoon,木製スプーン
chipmunk girl,シマリスガール
diamond mouth,菱形嘴
pickelhaube,ピッケルハウベ
rainbow bikini,レインボービキニ
cream puff,シュークリーム
wool,ウール
pov legs,POVの足
print hairband,ヘアバンドを印刷します
spiked gloves,スパイクグローブ
breast pillow,ちちまくら
too many cats,猫が多すぎる
clam,ハマグリ
pleated shirt,プリーツシャツ
hand over face,顔を渡します
holding drawing,描画を保持します
on toilet,トイレで
gerbera,ガーベラ
floating head,フローティングヘッド
extra penises,额外阴茎
ffd threesome,女女双3P
bc freedom school uniform,BCフリーダムスクールユニフォーム
bald eagle,ハクトウワシ
gacha (game mechanic),ガチャ
side-tie skirt,サイドタイのスカート
multicolored stripes,多色のストライプ
dj,打碟
sugimori ken (style),野生の杉森
saturn (planet),土星
ribbon between breasts,胸の間のリボン
heart-shaped bag,ハート型のバッグ
pokemon tail,ポケモンテール
hot air balloon,熱気球
naked robe,裸ローブ
sunken cheeks,沈んだ頬
slytherin,スリザリン
naked capelet,裸のカペレット
coughing,咳
yen sign,えんきごう
submarine,潜水艦
bc freedom (emblem),BCフリーダム（エンブレム）
sail,帆
strawberry parfait,ストロベリーパフェ
cargo shorts,カーゴショーツ
hylian shield,ハイリアの盾
hanafuda,花札
multiple unit train,気動車
meteor,隕石
mousepad (object),鼠标垫
ink wash painting,水墨畫
baseball stadium,やきゅうじょう
pointing to the side,横を指しています
incense,香
yabi fashion,亚逼
penetration gesture,挿入ジェスチャー
traffic,こうつう
flesh,肉スライム
breast cutouts,奶窗
lobster,えび
glove pull,グローブプル
black straps,黒いストラップ
stirring,混ぜる
asymmetrical armor,非対称鎧
sweater guard,カーディガンクリップ
boyshort panties,ボーイレッグ
saxophone,サクソフォン
begging,お願い
purple pajamas,紫色のパジャマ
side-tie dress,サイドタイのドレス
triple baka (group),とりぷるばか
coffee maker,コーヒーメーカー
nigirizushi,握り寿司
shindan maker,診断メーカー
diagram,図面
wet floor,ぬれた床
mushroom on head,頭のマッシュルーム
red tunic,赤いチュニック
holding bone,骨を保持します
impossible sweater,不可能なセーター
hane (hanetsuki),ハーン（漢tuki）
taiko drum,太鼓
aqua belt,アクアベルト
striped tank top,ストライプのタンクトップ
pincers,はさみ
hand on own wrist,自分の手首に手をかけます
fur-trimmed robe,毛皮のトリミングされたローブ
yellow lips,黄嘴唇
minimap,ミニマップ
red bull,レッドブル
dead animal,死んだ動物
pinup (style),ピンナップ
milking handjob,乳搾り手コキ
headphones removed,ヘッドフォンが削除されました
stomping viewer,踏みつけ
vomit,嘔吐
crescent halo,新月光环
digital thermometer,デジタル温度計
digital walkman,ウォークマン
snowboard,スノーボード
brushing own hair,自分の髪をブラッシングします
computer tower,电脑主机箱
sailboat,ほぶね
holding gourd,ひょうたんを保持します
mami mogu mogu,マミる
target,的
pastry box,ペストリーボックス
paint tube,ペイントチューブ
at gunpoint,銃口で
full mouth,完全な口
lemon print,レモンプリント
purple tunic,紫色のチュニック
breast awe,胸がwe敬の念
cannibalism,共食い
open pajamas,パジャマを開きます
love hotel,ラブホテル
incoming drink,入ってくる飲み物
implied pantyshot,暗黙のパンティショット
nerv logo,ネルフ
spraying,スプレー
game boy (original),初代ゲームボーイ
abyssal ship transformation,深海棲艦化
bouncing penis,ペニ分身
a (phrase),フレーズ）
kidnapped,誘拐
heavy machine gun,重機関銃
zipper leotard,拉链紧身衣
shish kebab,シシカバブ
orange lips,橙色嘴唇
pinky ring,ピンキーリング
strong zero,ストロングゼロ
ofuda on pussy,猫にofuda
millennium puzzle,千年パズル
grease (mechanical),グリス
jikkyou powerful pro yakyuu (style),パワ体
collar jewel,寶石衣領
rape face,强奸颜
depth charge,爆雷
starfighter,宇宙戦闘機
ginkgo tree,イチョウ
kataginu,肩衣
spiked penis,スパイクされたペニス
bkub (style),フミンバイン
outer glow,光彩（外側
flower eyepatch,花の眼科
medicine,薬
skinny dipping,全裸水泳
holding ring,リングを持っています
crescent rose,クレセント・ローズ
chao (sonic),チャオ(ソニックシリーズ)
green butterfly,緑の蝶
hijab,ヒジャーブ
ass hair,お尻の髪
tailcoat playboy bunny,燕尾バニー
v4x,V4x
nunchaku,ヌンチャク
holding paper airplane,紙飛行機を保持します
unworn crown,クラウンが削除されました
gelatin,ゼラチン
sliding,滑る
bikini around one leg,片足ビキニ
so moe i'm gonna die!,萌え死ぬ
hasu no daisankaku,蓮ノ大三角
water slide,ウォータースライダー
elemental (creature),精霊
youtube logo,YouTubeロゴ
lonely,寂しい
diploma,卒業証書
canal,運河
googly eyes,ぐるぐる動く黒目
hemokinesis,ヘモキネシス
rose bush,バラの茂み
suneate,臑当
bimbofication,ギャル化
tako-san wiener,タコさんウインナー
foot pussy,足穴
body pillow,ボディピロー
x-ray vision,透視
embroidered bra,刺繍ブラジャー
multicolored shorts,多色のショートパンツ
hot chocolate,ココア
cut-in,カットイン
string of light bulbs,電球のストリング
heavenly boat maanna,天舟マアンナ
penguin tail,ペンギンの尾
precum string,先走汁拉丝
white sweater vest,白いセーターベスト
ofuda on nipples,札ブラ
numbers (nanoha),ナンバーズ(リリカルなのは)
bad leg,悪い脚
pinky swear,指切り
plaid socks,格子縞の靴下
resting,休息
markings,マーキング
video call,ビデオ通話
brown hakama,ブラウンハカマ
jack-o'-lantern hair ornament,Jack-O'-Lantern Hair Ornament
grabbing own hair,髪に手
bone print,骨プリント
clumsy,ドジっ子
petrification,固め
see-through pelvic curtain,透视前摆
smock,スモック
peeking through fingers,透过手指观察
v legs,V字開脚
skull belt,頭蓋骨ベルト
bike jersey,サイクルジャージ
imminent gangbang,差し迫った輪姦
wrestling mask,覆面レスラー
fur-trimmed choker,毛皮のトリミングされたチョーカー
sports sandals,テバサンダル
ok sign over eye,目で署名します
cum on armpits,脇の下に精液
turkey (food),しちめんちょう
chastity belt,バイブ貞操帯
emaciated,痩せ
glowing petals,輝く花びら
matchstick,マッチ棒
thigh straddling,膝コキ
trolling,トローリング
christmas sweater,クリスマスセーター
fish hook,釣り針
band shirt,バンドシャツ
crocodile,クロコダイル
panda girl,パンダ娘
choshanland plushy (arknights),朝陇山
aqua-framed eyewear,アクアフレームアイウェア
onigiri print,onigiriプリント
scarf bow,スカーフの弓
tsuba (guard),鐔
sleeping bag,スリーピングバッグ
imminent bite,差し迫った一口
frilled coat,フリルコート
holding rocket launcher,ロケットランチャーを保持します
ikayaki,イカ焼き
core,コア
loose thighhigh,ゆるい太い
garnish,ガーニッシュ
socks over pantyhose,パンストの靴下
caterpillar,芋虫
flail,フレイル
radar,レーダー
payphone,公衆電話
fujoshi,腐女子
bikini tug,ビキニタグ
flaming skull,燃えるような頭蓋骨
pink overalls,ピンクのオーバーオール
virgin,処女
weight gain,男の肥満化
morning glory print,朝の栄光のプリント
chenqing flute,陈情
pinecone,松ぼっくり
hands on own knee,膝の上
longcat (meme),のびーるたん
anachronism,じだいさくご
neco spirit,ネコ精霊
double-sided axe,ラブリュス
tyrannosaurus rex,ティラノサウルス
year of the rooster,酉年
looking at screen,画面を見ています
grabbing another's tongue,舌引っ張り
gold gloves,金の手袋
glitter dress,闪亮连衣裙
peeling,皮剥き
rivalry,競争
washbowl,洗面器
graph,図表
living hair,生きている髪
wolf paws,オオカミの足
angel's 24 uniform (blue archive),エンジェル24(ブルーアーカイブ)
sports festival,運動会
roller coaster,ジェットコースター
hidden face,隠された顔
daffodil,スイセン
military coat,ミリタリーコート
one arm handstand,片手逆立ち
ant,アリ
jewel butt plug,ジュエリーアナルプラグ
food between breasts,乳挟み
yellow blood,黄色の血
traffic mirror,カーブミラー
koban (gold),小判
kobeya uniform,神戸屋
seishou elementary school uniform,Seishou小学校の制服
unicorn girl,ユニコーンの女の子
sports utility vehicle,越野车
escalator,エスカレーター
short yukata,ミニ浴衣
plaid coat,格子縞のコート
subway,地下鉄
evil eyes,邪悪な目
dou,胴
kneeless merfolk,膝のない人魚
holding cooking pot,調理鍋を持っています
stapler,ホッチキス
hanged,首吊り
turntable,ターンテーブル
clam shell,クラムシェル
pill bottle,錠剤ビン
bodycon,ボディコン
pc-98 (style),PC-98（スタイル）
dragon claw,ドラゴンクロー
byakugan,白眼
kung fu,功夫
imperial japanese navy,日本海軍
wooden door,木製扉
standing cunnilingus,立っているクンニリングス
angelfish,エンゼルフィッシュ
star trail,スタートレイル
togruta,トグルータ
overexposure,白飛び
drawn tail,尾を引く
knitting,編み物
bandages over eyes,目の上の包帯
denpa song,電波ソング
panties visible through clothes,透けパン
brown egyptian cat-eared loli (trend),神絵師になりたい人、褐色エジプト猫耳ロリだけ描けばOK!
cherry tree,サトザクラ
torso flash,胴体フラッシュ
horns pose,角のポーズ
side-tie shirt,サイドタイシャツ
plaid capelet,格子縞のカペレット
aqua socks,アクアソックス
holding grenade,手ren弾を保持します
u.n. spacy,地球統合軍
orange capelet,オレンジカペレット
latin text,ラテン語
camouflage bikini,迷彩ビキニ
store clerk,コンビニ店員
adjusting another's hair,他の人の髪を調整します
cherry earrings,チェリーイヤリング
clothes focus,服のみ
sig 556,Sig Sauer 556
stopwatch around neck,首の周りのストップウォッチ
scissorhold,太もも絞め
no coat,コートなし
jinbaori,陣羽織
view between legs,アーチフェラ
bad arm,悪い腕
white overalls,白いオーバーオール
mortar (bowl),乳鉢
grey collar,灰色の襟
cuddling handjob,拥抱手交
barding,バーディング
frutiger aero,フルティガーエアロ
purple sports bra,紫色のスポーツブラ
off-shoulder leotard,オフショルダーレオタード
shaft look,シャフ度
bed frame,ベッドのフレーム
stasis tank,カプセル
familiar (madoka magica),使い魔(魔法少女まどか☆マギカ)
virtual reality,VRヘッドセット
orange bag,オレンジバッグ
chinchilla (animal),チンチラ
grey rose,灰玫瑰
rabbit ornament,バニーオーナメント
clitoris ring,クリトリスリング
aircraft carrier,航空母艦
tickling sides,脇腹こちょこちょ
fire extinguisher,消火器
vertical-striped bra,竖条纹胸罩
cuffed,被铐住
wetland,沼地
coral reef,サンゴ礁
black order uniform,黒いオーダーユニフォーム
sheep costume,羊の衣装
sexual harassment,セクハラ
nipple penetration,ニプルファック
crazy grin,クレイジーな笑顔
hololive idol uniform (color rise),カラーライズ衣装
rock paper scissors,じゃん拳
hololive dance practice uniform,ホロライブダンス練習着
tiger costume,虎の衣装
imminent death,面临死亡
holding crown,冠を保持します
bubble bath,泡風呂
bident,バイデント
print leotard,レオタードを印刷します
open box,箱を開ける
bazooka (gundam),バズーカ(ガンダムシリーズ)
gashapon,ガシャポン
hongbao,紅包
super star (mario),スーパースター
cockroach girl,ゴキブリ娘
pile of books,本の山
pleading eyes,ぴえん
cocked eyebrow,コックされた眉
rhythmic gymnastics,新体操
aviator goggles,パイロットゴーグル
royal robe,ロイヤルローブ
after fingering,運んだ後
holding headphones,ヘッドフォンを保持します
serasuku,セラスク
vietnamese clothes,越服
forced exposure,強制露出
babydoll lift,babydollリフト
pink nose,ピンクの鼻
farm,農場
ace of diamonds,ダイヤモンドのエース
chest rig,チェストリグ
anya's heh face (meme),よゆうのえみ
splatter background,スプラッタの背景
pink armor,ピンクの鎧
chaos (warhammer),カオス（ウォーハンマー）
triceps,三頭筋
planted umbrella,植えられた傘
snow strawberry (idolmaster),スノーストロベリー
zouni soup,お雑煮
seaplane,水上機
archery shooting glove,射箭手套
heater,ストーブ
magatama hair ornament,マガタマの髪の飾り
headlock,ヘッドロック
omamori,お守り
foodification,チョコ化
skirt caught on object,鞄のいたずら
holding wallet,財布を持っています
pixel sunglasses,ドットサングラス
ankle,くるぶし
number pun,語呂合わせ
foot on another's head,頭に足
cathedral,カテドラル
machete,マチェット
marionette,マリオネット
green umbrella,緑の傘
sitting split,股割り
big head,大きな頭
social network,ソーシャルネットワーク
bait and switch,おとり販売
in shopping cart,ショッピングカートで
witch's labyrinth,結界
striped choker,縞模様のチョーカー
supermarket,スーパーマーケット
elbows on knees,膝の上の肘
ribbon-trimmed bow,リボントリミングされた弓
grasslands,草原
jumpsuit around waist,ウエストの周りのジャンプスーツ
giraffe,キリン科
folding screen,屏风
pea pod,インゲンマメ
trampling,踏みつけ
caramelldansen (meme),ウマウマ
uno (game),ウノ
armpit carry,提猫式
clothes in front,放身前的衣服
cycling uniform,サイクリングユニフォーム
loose neck ribbon,ゆるいネックリボン
fingers to mouth,口に指
pink hood,ピンクのフード
dolphin girl,イルカの女の子
poker,ポーカー
ocarina,オカリナ
sacabambaspis,サカバンバスピス
kupaa,クパア
aviation obstruction lighting,航空障害灯
pegging,逆アナル
pecha berry,モモンのみ
triangle halo,トライアングルハロー
husband and husband,夫と夫
artist self-reference,アーティストの自己参照
in bag,バッグで
presenting own anus,展示自己的肛门
broken wall,壊れた壁
holding gloves,手袋を保持します
biting cheek,頬を噛む
battery,電池
mixed-sex combat,ミックスファイト
small penis humiliation,小さな陰茎屈辱
holding bento,ベントを保持します
mother's day,母の日
jackal tail,ジャッカルテール
dx,dx
waist hug,腰の抱擁
push-ups,腕立て伏せ
holding stethoscope,聴診器を保持します
pokemon on lap,ラップのポケモン
rainbow eyes,彩虹眼睛
yoga mat,ヨガマット
hand gesture,手のジェスチャー
yatai,やたい
crystal hair ornament,クリスタルヘアー飾り
american flag shirt,アメリカンフラッグシャツ
in bowl,ボウルで
rejection,拒絶
ass smack,スパンキング
pliers,ペンチ
knights of blood uniform (sao),騎士の血液ユニフォーム（SAO）
male-female symbol,男性と女性のシンボル
sakura empire (emblem),重樱
bent v,陰キャピース
kindergarten bag,幼稚園バッグ
phantom thief,怪盗
sig mpx,ロジック&リーズン
black blood,黒い血
multicolored sky,多色の空
holding racket,ラケットを保持します
teamwork,チームワーク
poketch,ポケモンウォッチ
inner senshi,内部太陽系戦士
wet spot,ウェットスポット
multiple straps,複数のストラップ
double anal,二重肛門
spoken flying sweatdrops,話しかけた空飛ぶ汗ドロップ
meni shuki rush-sshu!,めにしゅき♡ラッシュっしゅ!
holding coat,コートを保持します
watering,水やり
pelvic curtain aside,前摆侧开
bikini day,ビキニの日
price,価格
ice cream spoon,アイスクリームスプーン
uppercut,アッパーカット
chapter number,章番号
charisma break,カリスマブレイク
sledgehammer,大型ハンマー
cracked screen,割れた画面
towano high school uniform,十羽野高校制服
scat,うんこ
gunpla,ガンプラ
black slippers,黑拖鞋
selection university military uniform,選択大学軍服の選択
penis piercing,ペニスピアス
imminent suicide,差し迫った自殺
disappointed,がっかり
pie slice,パイスライス
change in common sense,常識改変
toddler,赤ちゃん
hooded leotard,フード付きレオタード
grey feathers,灰色の羽
jinbei (clothes),ひっぱり
furoshiki,風呂敷
homu,ほむ
removing bra,剥ぎ取られそうなブラ
hannya,般若
fish in mouth,口の中の魚
cut-here line,切り取り線
aqua pantyhose,アクアパンスト
gear hair ornament,ギアヘアオーナメント
heart ring choker,ハートリングチョーカー
gradient necktie,グラデーションネクタイ
heart-shaped lollipop,ハートロリポップ
faceplant,フェイスプラント
loading icon,バッファリング
brown headband,茶色のヘッドバンド
;<,; <
hibiscus print,ハイビスカスプリント
naked paint,ボディペイントチャレンジ
gendou pose,ゲンドウポーズ
multiple cats,複数の猫
profile picture,アバターアイコン
ghost print,ゴーストプリント
special feeling (meme),特別な気分
yamaha,ヤマハ
convenient skirt,鉄壁スカート
masamune (ff7),マサミューン（FF7）
picking up,拾う
grate,すりおろします
gold leotard,ゴールドレオタード
plaid sailor collar,格子縞のセーラーカラー
against fence,フェンスの前
figure skating dress,花样滑冰连衣裙
airplane interior,飛行機のインテリア
blue screen of death,ブルースクリーン
parking lot,パーキング
tour guide,あんないにん
cheesecake,チーズケーキ
latex pants,ラテックスパンツ
gold horns,ゴールドホーン
front zipper swimsuit (realise),フロントジッパー競泳水着
implied murder,暗黙の殺人
lofter username,ロフターユーザー名
confident,自信満々
hands on another's shoulder,他の人の肩の手
blue babydoll,青いbabydoll
sailor collar lift,セーラーカラーリフト
pinwheel hair ornament,ピンホイールの髪の飾り
washing another,洗いっこ
upward angle frieren drawing (meme),フリーレンチャレンジ
sleeveless jumpsuit,ノースリーブジャンプスーツ
fur-trimmed vest,毛皮のトリミングされたベスト
hamburger steak,ハンバーグ
cirno day,9月9日はチルノの日
stuffed whale,ぬいぐるみ
kamehameha (dragon ball),かめはめ波
single vambrace,シングルバンブレース
ammunition box,アムニッションボックス
human head,人面
tall male,高身長
torn sleeve,引き裂かれた袖
gerudo set (zelda),ゲルドリンク
ukiyo-e,ウキヨエ
yellow shawl,黄色のショール
bead anklet,ビーズアンクレット
alternate size,代替サイズ
spotted fur,斑点のある毛皮
c-string,Cストリング
holding earphones,イヤホンを保持します
postbox (outgoing mail),郵便ポスト
oil lamp,魔法のランプ
double blade,ツインブレード
aqua hoodie,アクアパーカー
linked collar,リンクされた襟
food theft,盗み食い
holding mushroom,マッシュルームを保持します
treasure,宝物
aburaage,油揚げ
batting stance,バッティングポーズ
pocket square,ポケットスクエア
deltoids,デルトイド
folded twintails,折叠双马尾
steam from mouth,口からの蒸気
suspenders hanging,背带位于身体两侧
comiket,コミケ
reverse grip handjob,反握手交
salt shaker,ソルトシェーカー
ear cleaning,耳かき
for adoption,拾ってください
holding torpedo,魚雷を持っています
tear arcana rod,ティアアルカナロッド
lace-trimmed bow,レーストリミングされた弓
firefighter,消防士
sculpture,彫刻
pokemon day,ポケモンデー
postage stamp,切手
shamisen,三味線
ice crystal,冰晶
glowing lines,輝く線
robot dragon,機械竜
red overalls,赤いオーバーオール
ribbon as bra,リボンブラ
stick figure,火柴人
breasts day,乳の日
sett,セット
tiger i,ティーガーI
credit card,クレジットカード
artillery,砲兵
pig girl,豚娘
panties around ankles,足首の周りのパンティー
mechanical hair,機械的な髪
exit sign,出口標識
gold nails,金の爪
female ejaculation through clothes,衣服による女性の射精
plate stack,プレートスタック
engine,エンジン
mudra,ムドラ
mechanical spine,機械的な背骨
gold dress,金色连衣裙
striped leotard,縞模様のレオタード
rear-view mirror,バックミラー
butterfly necklace,蝶のネックレス
changing clothes,着替え
three sizes,スリーサイズ
iron fence,鉄柵
pectoral docking,胸ドッキング
dialogue options,対話オプション
extended downblouse,拡張ダウンブラウス
shared bed,添い寝
giraffe ears,キリンの耳
tennis court,テニスコート
knocking,ノック
recursive genderswap,ウマ息子
pikachu (cosplay),ピカチュウ（コスプレ）
mexico,メキシコ
whale tail (clothing),見せTバック
ovaries,卵巣
red male swimwear,赤い雄の水着
knitting needle,編み棒
buttjob over clothes,着衣尻コキ
great ball,スーパーボール
ship's wheel,舵輪
madoka runes,まどか文字
rito,リト族
children's day,世界こどもの日
double thumbs up,ダブル親指
okamoto condoms,オカモトコンドームズ
oversized flower,特大の花
metal wings,金属翼
asmr,音声作品
ornament,オーナメント
blood on gloves,手袋の血
multiple hat bows,複数の帽子の弓
mandibles,大あご
clothed after sex,性交之后穿衣
after-school sweets club (blue archive),放課後スイーツ部
lunchbox,弁当箱
alternate facial hair,代替顔の毛
karaoke box,カラオケボックス
pincushion,针插
sitrus berry,オボンのみ
locket,ロケットペンダント
truss,桁架
threat,脅し
aphrodisiac,媚薬ガス
recursion,递归
prostate milking,前立腺マッサージ
exhaust,排気
sakura mochi,桜餅
noren,のれん
corset piercing,コルセットピアス
delmogeny uniform,デルモ
persocom (chobits),パソコン
grandmother and granddaughter,祖母と孫娘
mounting,ショタサドル
bookbag,BookBag
axolotl,ウーパールーパー
heart-shaped pubic hair,ハート型陰毛
disposable ice cream cup,一次性冰淇淋杯
boomerang,ブーメラン
market,マーケット
canned food,缶詰め
clash,衝突
ring-con,リングコン
electrodes,でんきょく
chabudai,ちゃぶだい
suspenders pull,吊带拉扯
sword of the creator,天帝の剣
sword of st. catherine (fate),ラ・ピュセル
animal dildo,动物假阳具
tentacle on penis,触手コキ
spool,糸巻き
double biceps pose,ダブルバイセップス
newtype flash,ニュータイプの音
white gem,白い宝石
requesting internal cumshot,请求内射
no cape,カペレットはありません
single over-kneehigh,片足オーバーニー
two-sided capelet,両側カペレット
designer's reflection (shining nikki),设计师之影
scientist,科学者
ankle flower,足首の花
over the nose gag,マスクギャグ
bruce lee's jumpsuit,トラックスーツ
wave print,ウェーブプリント
colorpoint (pattern),シャム
25-ji nightcord de. (project sekai),25時、ナイトコードで。
orca hair ornament,Orca Hair Ornament
wiping blood,擦拭血迹
food on clothes,服の食べ物
souya high school uniform,総耶高校
yokosuka girls marine high school uniform,女子海洋学校
peaked lapels,戗驳领
tamagotchi (virtual pet),たまごっち
genie,ジン(精霊)
display case,ディスプレイケース
mayonnaise,マヨネーズ
no male underwear,男性の下着はありません
gesture,ジェスチャー
vintage microphone,ビンテージマイク
sombrero,墨西哥宽边帽
hume,ヒューム
undone bowtie,ボウタイを元に戻しました
digital camouflage,デジタル迷彩
print sash,サッシを印刷します
fur sleeves,毛皮の袖
sex toy pull,大人のおもちゃの引っ張り
flood,洪水
shibari under clothes,衣服の下のシャイバリ
container,容器
industrial,産業
factory,工場
stuffed fish,ぬいぐるみ
poop,うんち
frilled footwear,フリルの履物
sweeping,掃除
flight attendant,スチュワーデス
too many eyes,目が多すぎます
too many frills,フリル地獄
pegasus knight uniform (fire emblem),ペガサスナイト
chain earrings,链式耳环
spots,スポット
air mattress,エアマット
liu association south uniform,リゥ協会
pink shawl,ピンクショール
goose,ガチョウ
reichsadler,ライヒサドラー
lunatic gun,ルナティックガン
swinging baseball bat,バッティング
bnw (umamusume),BNW(ウマ娘)
hanging lantern,ランタンを吊るします
megurigaoka high school uniform,Megurigaoka High Schoolの制服
keytar,ショルダーキーボード
no armor,鎧はありません
cunnilingus through clothes,衣服を通してクンニリンガス
see-through raincoat,透明レインコート
severed hand,切断された手
armless amputee,腕なし
covering chest,胸を覆う
in cage,ケージで
silent princess,姫しずか
loaf of bread,パンのパン
staff of selection (fate),選定の杖
racetrack,サーキット
taking shelter,雨宿り
parachute,パラシュート
hands on another's arms,他の人の腕の上
metal gloves,金属手套
field of blades,ブレードのフィールド
brown hood,茶色のフード
ring box,リングボックス
carriage,馬車
numbered panels,番号付きパネル
corn dog,アメリカンドッグ
poi (phrase),ポイ
single paw pose,片手猫ポーズ
kubo tite (style),野生の久保
arm mounted weapon,臂挂式武器
fur (clothing),毛皮（衣類）
colored eyebrows,彩眉
sign around neck,首の周りにサインします
colored stripes,色付きのストライプ
tiger cub,虎の子ども
ponytail holder,ポニーテールホルダー
yellow tongue,黄色の舌
star of life,人生の星
coffee beans,コーヒー豆
putting on gloves,手袋を着用します
aunt and nephew,叔母とne
yellow eyeshadow,黄色のアイシャドウ
tea party,お茶会
aqua one-piece swimsuit,アクアワンピース水着
lace-trimmed apron,レーストリミングされたエプロン
salmon,サーモン
roman clothes,罗马服饰
canister,キャニスター
cel rendering,トゥーンシェーディング
bent back,弯背
summoning,召喚
historical event,史実
carrying overhead,頭上を運ぶ
andon,あんどん
panties on penis,パンツコキ
pyramid (geometry),角錐
snowball fight,雪合戦
huadian,花钿
harpy boy,ハーピーボーイ
paradeus,パラデウス
wehrmacht,ドイツ国防軍
kei truck,軽トラック
m16a1,M16A1
under umbrella,傘下
rectangular pupils,長方形の瞳孔
chun-li (cosplay),春麗コス
breasts on another's back,背中の胸
ribbon-trimmed bra,リボントリミングブラジャー
disintegration,崩壊
pseudo-tokyo school uniform,イド制服
iron blood (emblem),鉄の血（紋章）
mukyuu,むきゅー
blue leggings,青いレギンス
eyes visible through eyewear,アイウェアを通して目が見える
matcha (food),抹茶
thick outlines,厚いアウトライン
pink mittens,ピンクのミトン
spiked knuckles,指虎
china,中国
anna miller,アンナミラーズ
armored vehicle,装甲車
casino card table,カジノカードテーブル
large clitoris,巨クリ
open bag,開いたバッグ
woodland camouflage,森林カモフラージュ
text in eyes,目のテキスト
grass root youkai network,草の根妖怪ネットワーク
fake beard,偽のあごひげ
fishbowl helmet,フィッシュボウルヘルメット
baby's-breath,カスミソウ
v sisters,ヴ三姉妹
cuffs-to-collar,カフスからカラー
striped camisole,縞模様のキャミソール
rubber band,輪ゴム
dildo under panties,内裤下的假阳具
adjustable wrench,モンキーレンチ
binder,バインダー
single mechanical leg,単一の機械脚
grey sash,灰色のサッシ
mystic eyes of death perception,直死の魔眼
ribbon-trimmed hairband,リボントリミングされたヘアバンド
kindergarten,園児
orange butterfly,オレンジバタフライ
red serafuku,レッドセラフク
bear trap,トラバサミ
pink nightgown,ピンクのナイトガウン
vine print,ぶどうプリント
clutching chest,捂住胸口
go (board game),碁
reverse princess carry,王子様抱っこ
hyakkaou academy school uniform,Hyakkaouアカデミーユニフォーム
green buruma,緑ブルマ
bridge piercing,ブリッジピアス
bouncing testicles,睾丸摇晃
kafuu chino's school uniform,Kafuu Chinoの学校の制服
fainting,失神
chocolate cornet,チョココロネ
prolapse,子宮脱
pink diamond 765 (idolmaster),ピンクダイヤモンド765
panties cat's cradle,パンツであやとり
inkling (language),インクリング（言語）
virtuous contract,高潔な契約
red panda,レッサーパンダ
charging forward,突撃
single earphone removed,単一イヤホンが削除されました
sleeping together,添い寝
praying mantis,カマキリ
crescent choker,クレセントチョーカー
academic test,試験
bunny slippers,バニースリッパ
kansaiben,関西弁
breasts on tray,おっぱいトレイ
black pajamas,黒いパジャマ
lace pantyhose hooked on heel (meme),高跟鞋勾蕾丝
bursting pectorals,胸が破裂します
vertical-striped necktie,垂直縞模様のネクタイ
canyon,きょうこく
studio microphone,スタジオマイク
swinging on swing,荡秋千
afro puffs,アフロパフ
submission hold,寝技
butterflyfish,チョウチョウウオ
purple nipples,紫色の乳首
reverse footjob,逆の足ジョブ
feminization,メス男子
space cat (meme),スペースキャット
lipstick mark on neck,首に口紅マーク
grandfather and grandson,祖父と孫
gate of babylon (fate),王の財宝
coco's,ココス
oxygen tank,酸素ボンベ
gender transitioning,性別移行
rice cooker,炊飯器
manhole cover,マンホールの蓋
ukrainian flag,ウクライナ国旗
large ribbon,大きなリボン
t-pose,T-ポーズ
stage connection,ステージ接続
back cover,裏表紙
mismatched animal ear colors,動物の耳の色が一致しません
giving birth,出産
chibigurumi,ちびぐるみ
osmanthus,モクセイ属
naked chocolate,チョコまみれ
pink tube top,ピンクのチューブトップ
soviet army,ソ連軍
speaking tube headset,スピーキングチューブヘッドセット
fabulous,素晴らしい
sugoi dekai,スゴイ・デカイ
sunflower print,ひまわりプリント
swallow (bird),つばめ
pebble,小石
cold pack,冷えピタ
crystal sword,アイスソード
will-o'-the-wisp (mythology),ウィル・オ・ウィスプ
clow card,クロウカード
fist in hand,手に拳
cutlass,カトラス
spoken star,話された星
yuyushiki's school uniform,ユユシキの制服
lamb,羊羔
france,フランス
lizardman,リザードマン
arm scrunchie,アームシュリューヒー
kundala (fate),日輪よ、具足となれ
print cape,ケープをプリントします
feather-trimmed dress,羽毛装饰连衣裙
griffin,グリフィン
layered legwear,レイヤードレッグウェア
heart hair bun,心形发髻
pac-man eyes,吃豆人眼睛
sos brigade,SOS団
utensil,器具
dandelion seed,タンポポの種
split crop,分屏裁切
empty pool,プール掃除
fruit background,果物の背景
six fanarts challenge,6つのファンアートチャレンジ
sheikah slate,シーカーストーン
human stacking,尻タワー
biplane,複葉機
meditation,冥想
apple pie,アップルパイ
sailor moon (cosplay),セーラームーン（コスプレ）
exposed brain,露出した脳
dragonslayer (sword),ドラゴン殺し
cuntboy with male,男性とカントボーイ
hairstyle connection,发型相仿
wooden bridge,木製の橋
hearing aid,補聴器
chipmunk tail,シマリステール
adjusting bra,乳詰め
prisoner,刑務所
skull brooch,頭蓋骨ブローチ
blowing whistle,吹く口whi
shochuumimai,暑中見舞い
holding trophy,トロフィーを保持します
force-feeding,強制飲食
cross-laced shorts,クロスレースのショートパンツ
stethoscope around neck,听诊器挂在脖子上
black gem,黒い宝石
horn (instrument),角笛
wrestler,プロレスラー
wooden ceiling,木製の天井
tsuki ni kawatte oshioki yo,月に代わっておしおきよ
stuffed octopus,タコの詰め物
shiroshouzoku,白装束
penis ribbon,ちんちんリボン
planet earrings,惑星イヤリング
eyewear lift,アイウェアリフト
icon (computing),アイコン（コンピューティング）
star-shaped pillow,星の枕
tear troughs,泪沟
dismemberment,肢解
brazil,ブラジル
implied death,暗示死亡
naked necktie,裸ネクタイ
multicolored sleeves,多色の袖
togenashi togeari,トゲナシトゲアリ
miso soup,味噌汁
luxury ball,ゴージャスボール
purple shawl,紫のショール
double middle finger,二重中指
chokutou,直刀
shiny footwear,光沢のある履物
washitsu,和室
progression,過程
gae buidhe (fate),Gae Buidhe（運命）
umbrakinesis,影使い
yuanlingpao,圆领袍
accessories,アクセサリー
zipper bikini,ファスナービキニ
scrape,擦り傷
striped leggings,縞模様のレギンス
highway,高速道路
on moon,月面上
slug girl,ナメクジ娘
vs,vs
pink tattoo,ピンクのタトゥー
celebration,お祝い
tasting,テイスティング
backless bodysuit,露背紧身衣
bomber,爆撃機
nameless dagger (fate),無銘短剣
sweater jacket,セータージャケット
originium (arknights),オリジニウム
liminal space,リミナルスペース
techwear,テックウェア
holding walkie-talkie,ウォーキートーキーを持っています
feather necklace,フェザーネックレス
constriction,巻き付き
charging device,充電
cashier,すいとうがかり
pokemon egg,ポケモンのタマゴ
licking hand,舔舐手部
baking sheet,ベーキングシート
green sarong,グリーンサロン
ipad,iPad
simulacrum (titanfall),Simulacrum（Titanfall）
dog costume,犬の衣装
tank helmet,戦車帽
camouflage shorts,カモフラージュショーツ
thumb sucking,親指吸う
noctchill (idolmaster),ノクチル
collared cloak,襟付きマント
speakiposting (meme),スピキ
oiran,花魁
stuffed lion,ぬいぐるみライオン
autofacial,セルフ顔射
mexican clothes,メキシコの服
faceoff,対決
naked dogeza,ワビゼンラ
camisole over clothes,重ね着
pretzel,プレッツェル
eurasian tree sparrow,スズメ
weeds,雑草
boom barrier,遮断機
headwear with attached mittens,ミトンが付いた帽子
sitting on head,頭に座っています
yamato (sword),閻魔刀(やまと)
between labia,ラビア間
rose background,バラの背景
holding anchor,アンカーを保持します
bandaid on stomach,胃のバンダイド
bandana over mouth,口の上のバンダナ
oden,おでん
nightmare,悪夢
adjusting goggles,ゴーグルの調整
toy hammer,ピコピコハンマー
no entry sign,車両進入禁止
lightning bolt earrings,稲妻イヤリング
holding folder,フォルダーを保持します
piglet,こぶた
banchou,番長
neck pillow,首の枕
camouflage skirt,カモフラージュスカート
ability card (touhou),アビリティカード
throwing needles,投げる針
harpoon,銛
fume,煙
water balloon,水風船
dildo gag,ペニスギャグ
akemi homura (cosplay),Akemi Homura（コスプレ）
lipstick mark on breast,乳房の口紅マーク
melusine (genshin impact),メリュジーヌ(原神)
orgasm denial,寸止め
harbor,港
hooded pajamas,フード付きパジャマ
frilled garter,フリルガーター
beaten,beatられた
;t,; t
seikan hikou,キラッ☆
kantele,カンテレ
holding boxcutter,ボックスカッターを保持します
colored pencil,彩铅
hoyolab sticker redraw,リプきた原神のスタンプを自分の絵柄で描く
branded,ブランド
bamboo print,竹のプリント
sword writing,剣の執筆
h&k mp5,H＆K MP5
wet pantyhose,ウェットパンスト
capybara,カピバラ
overhead line,架線
heart antenna hair,ハートアンテナの髪
chinese armor,中国の鎧
giraffe horns,キリンホーン
biting clothes,噛む服
sharp sign,シャープサイン
kanoko (pattern),鹿の子
cobra (animal),コブラ(蛇)
gunbuster pose,ガイナ立ち
wooden lantern,春日灯笼
tiger paws,タイガーの足
lum (cosplay),Lum（コスプレ）
bound toes,バインドされたつま先
chupa chups,チュッパチャップス
lever action,杠杆式
handlebar,ハンドルバー
orange planet uniform,オレンジ色の惑星のユニフォーム
ankh necklace,Ankhネックレス
side-seamed legwear,サイドシームレッグウェア
decorations,装飾
single leg warmer,シングルレッグウォーマー
nest,巣
holding shuriken,シュリケンを保持します
yellow robe,黄色いローブ
stick poster,スティックポスター
tokyo big sight,東京ビッグサイト
undone bikini,はだけ
ninjatou,忍者刀
visor lift,バイザーリフト
kibina high school uniform,キビナ高校のユニフォーム
bike shorts pull,自転車ショーツプル
cum in panties,パンツ内射精
public masturbation,公開オナニー
lace-trimmed bikini,レーストリミングビキニ
nail (hollow knight),ネイル（中空騎士）
dog paws,犬の足
laundromat,コインランドリー
gaiters,ゲートル
himeya company uniform,Himeya Companyのユニフォーム
404 (girls' frontline),404小隊
zanpakutou,斩魄刀
mauser c96,マウザーC96
tracen winter coat,トレセン冬上着
blush visible through hair,髪を通して見える赤面
male swimwear challenge,男水着チャレンジ
foreskin pull,皮剥き
table tennis,テーブルテニス
evolution,進化
two-tone cloak,ツートンマント
ludvico private girls' academy school uniform,私立ルドビコ女学院
koonago,こおなご
garlean,ガレアン族
midnight bliss,ミッドナイトブリス
umbrella octopus,メンダコ
giggling,笑い
ace of clubs,クラブのエース
miku collar bikini,ビキニブーツ
buddhist nun,尼
push-button,押しボタン
orange one-piece swimsuit,オレンジ色のワンピース水着
tupet,チューペット
shiny lips,光沢のある唇
asymmetrical jacket,非対称ジャケット
ball busting,玉蹴り
tank shell,砲弾
pov shadow,第一人称的投影
hirschgeweih antennas,八木アンテナ
print bandana,バンダナを印刷します
shorts under shorts,ショーツの下のショーツ
too many birds,鳥が多すぎる
unworn pantyhose,Pantyhoseが削除されました
covered piercing,覆われたピアス
shampoo,シャンプー
headshot,ヘッドショット
relay baton,バトン
tokyo tower,東京タワー
robotic vacuum cleaner,掃除用ロボット
zanshomimai,残暑見舞い
gold osmanthus,キンモクセイ
collar chain (jewelry),ピンホールカラー
gecko,ヤモリ
sucking own breasts,セルフパイ舐め
loose bikini,ゆるいビキニ
bible (object),聖書（オブジェクト）
fisting,フィストファック
steel beam,鉄骨
curled tail,カールした尾
hoshinoumi academy school uniform,星ノ海学園制服
feature phone,フィーチャーフォン
alpha signature,アルファ署名
buckler,バックラー
holding snowball,雪だるまを持っています
qi lolita,華ロリ
is that so,そーなのかー
punching bag,サンドバッグ
source quote parody,ソースの引用パロディ
? block,ハテナブロック
zentradi,ゼントラーディ
2004,2004年
satellite,じんこうえいせい
latte art,ラテアート
leather skirt,革のスカート
lying on another,別のものに横たわっています
bloomers pull,ブルマーが引っ張る
feather duster,毛ばたき
fellatio under mask,フェベチオ
touching,感動
mind reading,読心術
putting on footwear,ブーツを着る
happy facial,幸せなフェイシャル
marble (toy),ビー玉
detached arm,分離した腕
ribbon-trimmed gloves,リボントリミンググローブ
clover (flower),シロツメクサ
chin piercing,あごのピアス
fake ad,クソ広告
shared thought bubble,共有思考バブル
undone sarashi,サラシを元に戻しました
clothes between exposed breasts,露出双乳间的衣服
breast pump,搾乳機
brush stroke,ブラシストローク
sanbou,三方
lasso,投げ縄
art shift,アートシフト
lifting covers,リフティングカバー
dew drop,ろてき
pig tail,豚の尾
cream on body,体にクリーム
thompson submachine gun,トミーガン
barista,バリスタ
spire,尖塔
viking,ヴァイキング
flying saucer,空飛ぶ円盤
flamingo,フラミンゴ
yen,円
fuuka academy school uniform,風華学園の制服
hat loss,帽子の損失
butterfly on head,頭に蝶
plaid trim,格子縞のトリム
contortion,コントーション
hamster ears,ハムスターの耳
stealth flashing,隐蔽露出
bird costume,鳥の衣装
lemonade,レモネード
fleet,艦隊
hand fan writing,ハンドファンの執筆
naked school attendance,全裸登校
sun glare,太陽のまぶしさ
concealed weapon,アサシンブレード
ko-omote mask,小面
hand on own ankle,自分の足首に手をかけます
space station,宇宙ステーション
draenei,ドラナイ
necktie in mouth,口の中のネクタイ
mutation,突然変異
kavacha (fate),日輪よ、具足となれ
living fleshlight,オナホ妖精
tanline peek,タンラインピーク
blue swim trunks,ブルースイムトランク
paizuri on lap,膝上パイズリ
stakes of purgatory,煉獄の七姉妹
shoshinsha mark,初心者マーク
thick neck,粗壮的脖子
hakuo school uniform,ハクオスクールユニフォーム
well,井戸
bonfire,焚き火
highleg dress,高腰连衣裙
tsab air military uniform,TSAB航空軍服
myrtenaster,ミルテンアスター
light switch,ライトスイッチ
holding bomb,爆弾を保持
love triangle,三角恋
dr pepper,ドクターペッパー
italy,イタリア
bubble pipe,シャボン玉ストロー
peach hair ornament,桃の髪の飾り
holding cage,ケージを保持します
blu-ray cover,ブルーレイカバー
breast contest,乳相撲
sitting on box,箱の上に座っています
clothes rack,ハンガーラック
food-themed hat,食べ物をテーマにした帽子
high heel slides,ミュール
injection,注射
crustacean,甲殻類
konpeitou,こんぺいとう
paint stains,汚れを塗ります
test score,0点の答案
doujigiri yasutsuna (fate),童子切安綱
chestnut,栗
fanning crotch,扇風機ぶわさ
falcon,ハヤブサ属
king,王
phoenix print,フェニックスプリント
euphonium,ユーフォニアム
alternate height,代替の高さ
holding oar,オールを保持します
sleeveless duster,ノースリーブダスター
alter servant,オルタ化
gradient gloves,グラデーショングローブ
starting block,開始ブロック
mattress,マットレス
green male underwear,緑色の下着
shirt slip,シャツスリップ
holding tanzaku,タンザクを保持します
white uniform,白いユニフォーム
bursting ass,屁股蹦出
black tea,紅茶
applying sunscreen,日焼け止めを塗布します
kayari buta,蚊取り豚
ak-12,AK-12
bathroom scale,体重計
jet airliner,旅客機
holding screwdriver,ドライバーを保持します
air jordan,エアジョーダン
after cunnilingus,Cunnilingusの後
spring (object),ばね
nendoroid,ねんどろいど
brown armor,茶色の鎧
subcul jirai,サブカル地雷
against table,テーブルに対して
super soaker,スーパーおむつカバー
pants under shorts,ショートパンツの下のズボン
ayanami rei (cosplay),アヤナミレイ（コスプレ）
brown tunic,茶色のチュニック
holding skateboard,スケートボードを持っています
epiphyllum,ゲッカビジン
watermelon print,スイカ柄
kaomoji,顔文字
stargazing,天体観測
mitarashi dango,みたらし団子
antler ornament,角の飾り
bug cage,虫かご
giant brush,巨大なブラシ
hugging another's tail,他の人の尾を抱き締める
pravda (emblem),プラヴダ（エンブレム）
mercedes-benz,メルセデスベンツ
playing card theme,トランプのテーマ
stealth masturbation,ステルスマスターベーション
flying nimbus,筋斗云
belly-to-belly,腹から腹
h&k mp7,H＆K MP7
empty plate,空のプレート
vault suit,Vaultスーツ
vertical-striped scarf,垂直縞模様のスカーフ
super saiyan 3,超サイヤ人3
imageboard colors,画像ボードの色
juuban middle school uniform,ユーバン中学校のユニフォーム
striped pillow,縞模様の枕
half-harpy,ハーフハーピー
holocouncil,ホロライブEN2期生
foot on another's face,顔に足
frilled nightgown,フリルのナイトガウン
komainu,狛犬
in locker,ロッカーで
plant monster,植物モンスター
vertical-striped gloves,垂直縞模様の手袋
hula hoop,フラフープ
bankai,卍解
riding bicycle,自電車に乗る
haori himo,羽織紐
spicy,辛い
hand under swimsuit,水着の下で手
satyr,サテュロス
ass on glass,尻ワイパー
flower-shaped hair,花型の髪
moriya's iron rings,神具「洩矢の鉄の輪」
vanity table,化粧テーブル
too many bows,弓が多すぎます
vhs artifacts,VHSアーティファクト
rope around neck,首の周りにロープ
cupping hand,カッピングハンド
glitch art,グリッチアート
rainbow print,レインボープリント
autoarousal,自己覚醒
alternate design,代替デザイン
suzuki (company),スズキ
cleats,钉鞋
leopard girl,ヒョウの女の子
sheep boy,羊の少年
implied prostitution,暗黙の売春
yamaku high school uniform,ヤマク高校のユニフォーム
color coordination,赤と青
shitty admiral (phrase),クソ提督
partially opaque glasses,部分的に不透明なメガネ
team magma uniform,チームマグマユニフォーム
height mark,高さマーク
foreclosure task force (blue archive),アビドス廃校対策委員会
crossed swords,交差した剣
grandfather and granddaughter,祖父と孫娘
gold halo,金色光环
tachi (weapon),太刀
hestia (danmachi) (cosplay),ヘスティア（ダンマチ）（コスプレ）
penny loafers,ペニー・ローファー
apron hold,エプロンホールド
mushroom hat,マッシュルームの帽子
armored legwear,装甲のレッグウェア
staff of homa (genshin impact),護摩の杖
bread bun,バンズ
lady yu doll,ぐっ様人形
team star,スター団
backless pants,バックレスパンツ
condom thigh strap,避孕套大腿带
awkward,不器用
rin's pendant (fate),凛のペンダント
willow,ヤナギ
roaring,とどろいている
yamcha pose (meme),ヤムチャしやがって・・・
crab claw,カニの爪
shaving,髭剃り
ribbon baton,リボンバトン
vanripper (style),vanripper（スタイル）
rabbit platoon (blue archive),RABBIT小队
rhinoceros beetle,カブトムシ(種)
foaming at the mouth,泡を吹く
zhijupao,直裾
samurai jacket (cyberpunk),サムライジャケット（サイバーパンク）
gingham apron,ギンガムエプロン
scarf grab,スカーフグラブ
uu~,uu〜
coral hair ornament,サンゴの髪の飾り
torn capelet,引き裂かれたカペレット
bamboo fence,竹垣
censored anus,検閲された肛門
orange sports bra,オレンジスポーツブラ
netorase,ネトラセ
four of a kind (touhou),フォーオブアカインド
sig p220/p226,Sig Sauer P220
o-ring dress,O型环连衣裙
wing print,ウィングプリント
chinese bellflower,キキョウ
feather fan,羽毛扇
koala,コアラ
held down,按住
hardboiled egg,ゆで卵
stake,ステーク
pointy hat,先のとがった帽子
gothic architecture,ゴシック建築
fried egg on toast,ラピュタパン
towel on one shoulder,片方の肩にタオル
bucket of water,水の入ったバケツ
projectile cumdrip,種噴き
foreskin insertion,伸入包皮
toy car,おもちゃの車
symbol,シンボル
shiranui mai (cosplay),不知火舞コス
long nipples,長乳首
rifle cartridge,ライフル実包
6koma,6コマ
headbutt,頭突き
long sword,长剑
walkman,ウォークマン
holoadvent,ホロライブEN3期生
holding drinking straw,ストローを飲む
surprised arms,驚いた腕
eye of providence,プロビデンスの目
red garter straps,赤いガーターストラップ
dragunov svd,ドラグノフ
brown scrunchie,茶色のシュリューチー
extra hands,余分な手
stomach punch,腹パン
tossing,投げる
jigsaw puzzle,ジグソーパズル
hair over mouth,口の上の髪
salmonid,シャケ(スプラトゥーン)
eye pop,アイポップ
cocktail umbrella,カクテル傘
spiral staircase,螺旋楼梯
tool belt,ツールベルト
toy gun,モデルガン
nami junior high school uniform,ナミ中学校のユニフォーム
bondage mittens,拘束ミトン
transgender flag,トランスジェンダー・フラッグ
modeling,モデリング
person between breasts,全身パイズリ
bisected,真っ二つ
quintuplets,五つ子
bucket on head,頭のバケツ
bmw,宝马
on ball,ボールに
fruit tart,フルーツタルト
achiga school uniform,アチガスクールユニフォーム
no,いいえ
grass type theme (pokemon),くさタイプ
sig mcx,セーフティー(ブルーアーカイブ)
shower curtain,シャワーカーテン
expressive tail,表現力豊かな尾
kimono dress,着物ドレス
torn bra,破れたブラジャー
craft essence (fate),概念礼装
boxing shorts,ボクシングショーツ
sleeping animal,眠っている動物
aqua rose,アクアローズ
crosier,司教杖
slime boy,スライムボーイ
beam,ビーム
large bulge,大きな膨らみ
firefighter jacket,消防士のジャケット
sashimi,刺身
energy arrow,エネルギー矢印
holding cannon,大砲を保持します
easy chair,安乐椅
metal belt,金属ベルト
bald female,光头女性
pangu terminal (wuthering waves),数据坞葫芦
lifting,持ち上げる
grandfather clock,大きな古時計
peacock,クジャク
fox hat,キツネの帽子
armillary sphere,アーミラリ天球儀
barrett m82,バレットM82
waiting,待っている
team aqua,アクア団
stuffed carrot,ぬいぐるみのニンジン
knot,結び目
ikura (food),イクラ
rabbit vibrator,兔子震动器
unworn belt,ベルトが取り外されました
open cloak,クロークを開きます
horse dildo,假阳具(马)
anatomical nonsense,解剖学的ナンセンス
aqua eyeshadow,アクアアイシャドウ
in bottle,瓶詰め
holding golf club,ゴルフクラブを開催
rabbit mask,バニーマスク
shaka sign,电话手势
wolf hood,オオカミフッド
tropical,トロピカル
standing on object,オブジェクトの上に立っています
lit fuse,照らされたヒューズ
poinsettia,ポインセチア
compression sleeve,圧縮スリーブ
emblem (fire emblem engage),紋章士
bust chart,ちちくらべ
bunk bed,二段ベッド
print tank top,タンクトップを印刷します
gaze on me! outfit (umamusume),私を見つめている！衣装（umamusume）
paint roller,ペイントローラー
bamboo screen,竹のスクリーン
blizzard,ブリザード
playing drums,ドラム
orange feathers,オレンジ色の羽
sex with insects,蟲姦
inflatable orca,インフレータブルオルカ
arm wrestling,アームレスリング
detonator,雷管
luger p08,ルガーP08
black mittens,黒いミトン
h&k g11,H＆K G11
eagle union (emblem),イーグルユニオン（エンブレム）
breast mousepad,おっぱいマウスパッド
two-handed sword,両手剣
loading screen,ロード画面
aqua cardigan,アクアカーディガン
implied handjob,暗黙の手コキ
fender jazzmaster,フェンダージャズマスター
dog hood,犬のフード
indonesian text,インドネシア語
star censor,スター検閲
wringing skirt,裾絞り
hidden camera,隠しカメラ
cupping glass,カッピンググラス
polka dot necktie,ポルカドットネクタイ
lace-trimmed garter belt,レーストリミングされたガーターベルト
holding goggles,ゴーグルを保持します
raw meat,生肉
unlimited blade works (reality marble),無限の剣製
arm over shoulder,肩越しに腕
pet walking,遛狗
too many sex toys,大人のおもちゃが多すぎます
shadow puppet,影絵
eevee backpack,イーブイリュック
transparent bag,透明なバッグ
nudist beach uniform,ヌーディストビーチ(キルラキル)
book on head,頭に予約してください
gunpod,ガンポッド
shin strap,シンストラップ
i'll teach you everything (chainsaw man),チェンソーマンパロ
shotadom,ショタおね
crystal shards,クリスタルシャード
latex dress,ラバードレス
an-94,アバカン
palette swap,パレットスワップ
teaching,教育
shinkon santaku,新婚三択
flying whale,空の鯨
dragonfly wings,dragonflyの翼
jelly bean,ジェリービーンズ
clothed bath,着衣入浴
print coat,プリントコート
thumbprint cookie,Thumbprint Cookie
bow camisole,弓のカミソール
symphogear pendant,Symphogearペンダント
holy grail (fate),聖杯
asymmetrical eyewear,非対称のアイウェア
frilled corset,フリルコルセット
hoto cocoa's school uniform,Hoto Cocoaの学校の制服
akademiya uniform,教令院制服
small stellated dodecahedron,小星型十二面体
school swimsuit flap,水抜き穴
mustard,マスタード
human toilet,肉便器
tassel choker,Tassel Choker
komatsuzaki rui (style),ダンガンロンパ風
tight top,タイトなトップ
plank,板
yakuza,ヤクザ
slav squatting,ヤンキー座り
stack,スタック
tootsuki saryou ryouri gakuen uniform,ootsuki saryou ryouri gakuenユニフォーム
stew,シチュー
otaku room,オタクルーム
holding unworn boots,ブーツを保持します
d;,d;
anchor hat ornament,アンカーハット飾り
sea slug girl,ウミウシ娘
stalking,ストーキング
suplex,スープレックス
power bottom,襲い受け
flannel,フランネル
banana boat,バナナボート
idol heart incom,アイドルハートインカム
ukraine,ウクライナ
chanchanko (clothes),ちゃんちゃんこ
tenugui,手拭い
fart,おなら
roulette table,ルーレットテーブル
holding crayon,クレヨンを保持します
spoken skull,話された頭蓋骨
mma gloves,综合格斗手套
through window,ウィンドウを通して
tactical surface fighter,戦術機
striped suit,ストライプスーツ
bitten apple,噛まれたリンゴ
kodomo no hi,こどもの日
ornate,華やか
stifled laugh,憋笑
scarecrow,案山子
gingham background,ギンガム
pages,ページ
lantern festival,元宵节
frilled boots,フリルブーツ
hand on window,ウィンドウにハンド
traditional clothes,民族衣装
cutoff jeans,カットオフジーンズ
robot dog,ロボット犬
moon print,月のプリント
tying footwear,靴紐結び
airport,空港
aoqun,袄裙
panda costume,パンダコスチューム
optical illusion,錯視
beaver ears,ビーバーの耳
holding wreath,花輪を持っています
naked suspenders,裸サスペンダー
mini flag,ミニフラグ
anatomy,かいぼうがく
sweater tug,セータータグ
stutter,吃り
game boy advance,ゲームボーイアドバンス
kissing hair,髪にキス
grief seed,グリーフシード
execution,エロ処刑
wet thighhighs,濡れた太もも
bear paws,熊の足
jedi,ジェダイ
sewing pin,縫製ピン
pokedex,ポケモン図鑑
power item (touhou),パワーアイテム（Touhou）
fur-trimmed armor,毛皮のトリミングされた鎧
sketching,スケッチ
team galactic,ギンガ団
alternate footwear,代替靴
guan dao,大刀(中国の武器)
marijuana,マリファナ
parasite,寄生
two-tone bra,ツートンブラジャー
portable stove,ポータブルストーブ
hair around ear,耳の周りの髪
gradient shirt,グラデーションシャツ
yaranaika,やらないか
horns through hood,フードを通る角
argyle bow,アーガイルボウ
tooth gap,すきっ歯
ooarai naval school uniform,ooarai海軍学校の制服
spoken symbol,話されたシンボル
cardboard,ボール紙
gold teeth,金歯
fur-trimmed mittens,毛皮のトリミングされたミトン
love confessions in gensokyo,告白幻想郷
webbed feet,水かき
gigantic testicles,超玉
white male swimwear,白い男性の水着
blister pack,ブリスターパック
pirate ship,かいぞくせん
symmetrical hand pose,対称的なハンドポーズ
mario (cosplay),マリオ（コスプレ）
alpaca tail,アルパカの尾
dress aside,脇に服を着る
pop filter,ポップガード
leopard print bra,豹纹胸罩
carhop,カーホップ
impasto,厚塗り
marching band,マーチングバンド
burp,げっぷ
hazmat suit,化学防護服
underbarrel grenade launcher,アンダーバレルグレネードランチャー
yellow moon,黄ムーン
extra digits,多指
imminent paizuri,パイズリ事前
magic trick,マジック
suspenders gap,サスペンダーギャップ
holding collar,襟を保持します
footjob over clothes,衣服の上の足場
rusty trombone,アナル舐め手コキ
billiards,スヌーカー
on cloud,クラウド上
florence nightingale (fate) (cosplay),フローレンスナイチンゲール（運命）（コスプレ）
breakfast,朝ご飯
skull choker,頭蓋骨チーカー
scimitar,シミター
butterfly choker,バタフライチョーカー
sandogasa,三度笠
quilted clothes,绗缝服饰
wimple,ウインプル
hasu no shousankaku,蓮ノ小三角
naoya hitting choso without looking (meme),ドブカスラッシュ
taxi,タクシー
recycling symbol,リサイクル識別表示マーク
manlification,伝説の超サムネ
punishment,罰
checkered bowtie,チェッカーボウタイ
victory pose,ビクトリーポーズ
money bag,ドル袋
recycle bin,ビンをリサイクルします
holding spork,スポークを保持します
green apple,青りんご
sweater around neck,首の周りのセーター
holding rattle,ガラガラを保持します
labia piercing,ラビアピアス
teabag,ティーバッグ
landing,着陸
weapon name,武器名
lion dance,舞獅
gazebo,ガゼボ
pig nose,豚の鼻
husky,ハスキー
mooncake,月饼
red flag,赤旗
print vest,ベストを印刷します
nodding,うなずく
silver bikini,銀色ビキニ
psychedelic,サイケデリック
unworn kimono,着物が取り除かれました
fruit tree,果物の木
pink jumpsuit,ピンクのジャンプスーツ
power-up,パワーアップアイテム
multiple vaginal,複数の膣
riding dragon,ドラゴンライダー
master spark,マスタースパーク
planter,プランター
heart arms duo,腕でハート
ribbed panties,リブ生地
ankle scrunchie,足首のシュリューティー
t-back,Tバック
night elf (warcraft),ナイトエルフ（ウォークラフト）
3d glasses,3Dメガネ
checkered sleeves,チェッカースリーブ
striped apron,縞模様のエプロン
star cutout,星の切り抜き
lipstick mark on stomach,胃の口紅マーク
national shin ooshima school uniform,ナショナルシンウーシマスクールユニフォーム
blue light,青色光
chaise longue,Chaise longue
snowflake earrings,スノーフレークイヤリング
traumatized,受创
inflatable dolphin,インフレータブルイルカ
death note (object),デスノート
arm scarf,アームスカーフ
giant snake,大蛇
softboiled egg,ゆで卵
saigyouji yuyuko's fan design,カリスマ扇
bulge press,バルジプレス
pokemon on arm,腕にポケモン
leopard print panties,豹纹内裤
holding laptop,ラップトップを保持します
reien girl's academy school uniform,レイエンガールズアカデミースクールユニフォーム
frontbend,前屈
stuffed dinosaur,ぬいぐるみ恐竜
celtic knot,ケルティック・ノット
cerberus,ケルベロス
power fist,パワーフィスト
multicolored capelet,多色のカペレット
checkered bikini,チェッカービキニ
putting on jewelry,ジュエリーを着る
see-through pants,シースルーパンツ
drainpipe,雨どい
frog boy,カエルの男の子
face filter,フェイスフィルター
cat print panties,猫パンティー
clima-tact,クリマ・タクト
artstation username,ArtStationユーザー名
fender precision bass,プレシジョンベース
ogre,オウガ
hololive fantasy,ホロライブファンタジー
arena (company),アリーナ（会社）
release celebration,本日発売
ostrich,ダチョウ
paprika private academy school uniform,私立パプリカ学園
grey mask,灰色のマスク
applying manicure,マニキュア
wrapped bento,ラップベント
valley,谷
matoi ryuuko (cosplay),マトイ・リュウコ（コスプレ）
rope marks,縄痕
squishing,つぶします
hippopotamus ears,カバの耳
tehepero,てへぺろ
reverse-jointed legs,逆関節
ama usa an uniform,甘兎庵
toque blanche,トック・ブランシュ
overlighting,顶部打光
adjusting shoe,靴の調整
polka dot scarf,水玉スカーフ
maid cafe,メイド喫茶
holding candy cane,キャンディケインを持っています
black bloomers,黒いブルマー
guan hat,冠
eye hair ornament,目の髪の飾り
braided beard,编织式下巴胡
tarutaru,タルタル(FF11)
belly rub,お腹ナデナデ
dobermann,ドーベルマン
very big eyes,とても大きな目
rags,ぼろ
slipping,滑る
head on ass,尻枕
tapir,バク
torn ribbon,引き裂かれたリボン
kouyouen academy school uniform,光陽園ハルヒ
tail flower,テールフラワー
plaid collar,格子縞の襟
demon costume,悪魔の衣装
spider tattoo,スパイダータトゥー
sitting on food,食べ物の上に座っています
firefly,ホタル
steel ball (jojo),鉄球(ジョジョの奇妙な冒険)
oiled,オイル
patting,パッティング
barn,厩舎
multicolored panties,多色のパンティー
battle standard,戦闘基準
hymen,処女膜
heavy lens flare,レンズフレアの乱用
hand under skirt,スカートの下に手
pink mask,ピンクマスク
blindfold lift,目隠しリフト
skull tattoo,頭蓋骨のタトゥー
typewriter,タイプライター
light in heart,心の光
kissing head,ヘッドキス
sitting in window,坐在窗台上
mole on leg,腿上的痣
on flower,花に
bear hat,クマの帽子
gold saint,黄金聖闘士
coronavirus pandemic,新型コロナウイルス感染症
heattech leotard,例のヒートテック
grasshopper,バッタ
one finger selfie challenge (meme),ワンフィンガー・セルフィー
arms bound apart,双臂束缚分开
pointing sword,剣
chaos emerald,カオスエメラルド
diary,にっき
canards,カナード
amen pose (meme),お尻ハートチャレンジ
desktop (computing),デスクトップ
boy and girl sandwich,男の子と女の子のサンドイッチ
smoke grenade,発煙弾
walther wa 2000,Walther WA 2000
cat shadow puppet (meme),猫影ポーズ
inflatable armbands,腕浮き輪
sitting on pillow,枕の上に座っています
exhaust pipe,マフラー
roegadyn,ロガディン
big dipper,七つの星
suction cup dildo,带吸盘的假阳具
shiitake,シイタケ
game cartridge,ROMカセット
kuoh academy school uniform,Kuoh Academy School Uniform
dragon costume,ドラゴンコスチューム
ferret tail,フェレットテール
lego,レゴ
eiffel tower,エッフェル塔
hem peeking out,衣角露出
money gesture,お金のジェスチャー
himation,迫害
rectangle,矩形
siamese cat,シャム猫
hamster girl,ハムスターガール
hair undone,髪は元に戻します
ishikei (style),石恵塗り
nipple tag,乳首に名札
cat ornament,猫の飾り
striped headband,ストライプヘッドバンド
pipa (instrument),琵琶
shadow (persona),シャドウ(ペルソナ)
championship belt,チャンピオンベルト
florence nightingale (trick or treatment) (fate) (cosplay),トリック・オア・トリートメント
rogues' gallery,ヴィランズ
kuromorimine (emblem),クロモリミン（エンブレム）
straw doll,藁人形
kunreishiki,訓令式ローマ字
rouge (makeup),頬紅
ceiling fan,シーリングファン
brown camisole,茶色のキャミソール
game over,ゲームオーバー
star print panties,スターパンティー
galaxia (sword),宝剣ギャラクシア
fake transparency,いわて応援ポケモン
piercing through clothes,服を貫通します
alpaca,アルパカ
purple slingshot swimsuit,紫水着
hatching,孵る
sweat stain,汗染み
visible ears,目に見える耳
lactating into container,注乳
color drain,カラードレイン
snowflake ornament,スノーフレーク飾り
trombone,トロンボーン
pgm hecate ii,ヘカートII
colorful festival (project sekai),カラフェス
rinnegan,轮回眼
striped scrunchie,縞模様のシュシュ
jizou,地蔵
field cap,パトロールキャップ
arcade stick,アーケードコントローラー
cowl neck,垂坠领
aqua border,アクア国境
purity seal,純度シール
geokinesis,地属性
metal bikini,メタルビキニ
ai arctic warfare,AI Arctic Warfare
book holster,予約ホルスター
penguin logistics logo,ペンギンロジスティクスロゴ
shibuya (tokyo),渋谷
stroking another's chin,他人のあごをなでる
hole in wall,壁の穴
pony play,ポニープレイ
aurelia academy school uniform,奥蕾莉亚学院制服
u.a. gym uniform,U.A.ジムユニフォーム
holding utensil,手段を保持します
salt,塩
scale print,スケールプリント
juggling,ジャグリング
ayaya~,あやややや〜
crotch kick,金蹴り
food writing,フードライティング
cigarette butt,吸い殻
fanning,暑くてパタパタ
blueprint (object),設計図
conductor,指揮者
paw stick,足のスティック
no smoking,禁煙
matching hairstyle,发型配对
seahorse,タツノオトシゴ
minimalism,极简主义
avalon (fate),全て遠き理想郷
release date,発売日
mirrored text,鏡文字
wardrobe,ワードローブ
from inside,从里向外
mechanical boots,機械ブーツ
charger,充電器
creamer (vessel),クリーマー（容器）
jaw drop,ジョードロップ
distress,苦痛
no hairband,ヘアバンドはありません
kiss day,キスの日
block (object),ブロック
golden rose,金玫瑰
itabag,痛バッグ
nabe,鍋
oni costume,鬼コス
cat stretch,猫式拉伸
rainbow flag,レインボーフラッグ
ankle bell,足首のベル
circuit board,电路板
omnic,オムニック
emotional engine - full drive,枕草子・春曙抄
raira academy school uniform,ライラアカデミーユニフォーム
spartan (halo),スパルタン
fundoshi aside,Fundoshiはさておき
presenting another's body,展示他人身体
prostate,前立腺
dizzy,めまい
torn vest,引き裂かれたベスト
sumo,相扑
aerial battle,航空戦
projectile trail,弾丸のトレイル
wooden staff,木製のスタッフ
looking at hands,手を見ています
crash,クラッシュ
h&k p30,デモンズロア
gauge,けいりょうき
element bending,要素の曲げ
taco,タコス
multicolored polka dots,多色の水玉
gingham skirt,ギンガムスカート
small testicles,小美玉
agejo gyaru,アゲ嬢
kinomoto sakura (cosplay),水田さくか（コスプレ）
animal on back,背中に動物
headwear switch,ヘッドウェアスイッチ
diner,ダイナー
tiktok logo,Tiktokロゴ
holding rock,岩を持っています
shadow hands,影子手
worm's eye view,虫瞰
upright restraints,站立拘束
zweihander,ツヴァイハンダー
handjob over clothes,隔着衣服手淫
jack-o'-lantern hat ornament,Jack-O'-Lantern Hat Ornament
nut (food),ナッツ
lydian academy school uniform,リディアンアカデミーユニフォーム
mahora academy middle school uniform,マホラアカデミー中学校のユニフォーム
blood trail,ブラッドトレイル
holding cable,ケーブルを保持します
spotted hair,斑点头发
impressionism,印象派
master ball,マスターボール
vocaloid boxart pose,ボーカロイドボクサートのポーズ
dollar bill,ドル紙幣
photo album,フォトアルバム
holding scale,保持規模
octopus boy,タコの少年
wiggling toes,つま先をくねらせます
template,テンプレート
hat tug,帽子を引っ張る
cheek piercing,頬ピアス
knotting,結び目
gardening,ガーデニング
nopon,ノポン族
seven-segment display,7セグメントディスプレイ
polar opposites,対
dahlia,ダリア
cavalier hat,キャバリア帽子
wagon,ワゴン
insult,罵倒
ford,フォード
nissan skyline,スカイライン
photobomb,Photobomb
gat (hat),黑笠
mafia,マフィア
christian louboutin (brand),クリスチャン・ルブタン
next time you're getting this (meme),お前それ次やったらマジで〝これ〟だからな
blue track suit,ブルートラックスーツ
ribbon bar,リボンバー
handheld electric fan,ハンディ扇風機
biting head,頭を噛む
fender mustang,フェンダー・ムスタング
playing card game,トランプゲーム
guinea pig,モルモット
diamond clan outfit,ダイヤモンド一族の衣装
club hair ornament,クラブの髪の飾り
good meat day,いい肉の日
h&k g3,H＆K G3
spiked shoes,スパイクされた靴
rider-tan,ライダー少女
scuba gear,スキューバギア
birthday party,誕生日会
play button,[再生]ボタン
moire,モアレ
hirabitai,平額
watermelon hair ornament,スイカの髪の飾り
warp pipe,土管(マリオシリーズ)
gym challenge uniform,ジムチャレンジユニフォーム
cicada,セミ
finger to tongue,指から舌へ
brain freeze,アイスクリーム頭痛
h&k psg1,アイディール(ブルーアーカイブ)
licking blood,血を舐める
wonderlands x showtime (project sekai),ワンダーランズ×ショウタイム
rolling pin,めんぼう
side sitting split,股割り
heel-less heels,かかとのないかかと
gnosis (genshin impact),神之心
dishes,餐具
slingshot (weapon),スリングショット
cramped,狭い
angel (evangelion),使徒
vent (object),通風孔
lowleg pantyhose,低腰连裤袜
sit-up,上体起こし
i heart...,私は心...
gift wrapping,ギフト包装
yellow cat,黄色の猫
simulated paizuri,擬似パイズリ
socks over thighhighs,太い靴の上に靴下
cat o' nine tails,猫o 'ナインテール
ferrari,フェラーリ
red pajamas,赤いパジャマ
mindscape cinema (zenless zone zero),意象影画
russian clothes,ロシア服
quimbaya airplane,黄金ジェット
hand on another's mouth,他の人の口に手をかける
myon (phrase),みょん
large buttons,大きなボタン
pink cloak,ピンクのマント
ukulele,ウクレレ
m1903 springfield,スプリングフィールドM1903
rhodes island uniform,罗德岛制服
impact (font),インパクト（フォント）
drill hand,ドリルアーム
crowded,満員電車
stairwell,階段の吹き抜け
astral express (honkai: star rail),星穹列车
headboard,ヘッドボード
irasutoya challenge,いらすとやチャレンジ
bicycle helmet,自転車ヘルメット
croquette,コロッケ
banana slice,バナナスライス
uncle and nephew,叔父甥
horn piercing,ホーンピアス
orange pubic hair,オレンジ色の陰毛
string pull,文字列プル
train (clothing),拖地裙摆
ultra instinct,身勝手の極意
dilapidated,老朽化
smelling ass,臭いのあるお尻
lanchester smg,ランチェスター短機関銃
sea slug,ウミウシ
hatchet (axe),手斧
animal in clothes,衣服の動物
mac-10/11,イングラムM11
scissors hair ornament,はさみの髪の飾り
dragonstone,ドラゴンストーン
destroyer,駆逐艦
swimsuit lift,水着リフト
pioneer neckerchief,红领巾
bust measuring,胸囲測定
yakitori,焼き鳥
no hair bow,髪の毛はありません
laces,レース
caution,注意
sakae general school uniform,栄総合学園
implied bisexual,暗黙のバイセクシュアル
vietnamese text,ベトナム語
stance,スタンス
volkswagen,フォルクスワーゲン
no detached sleeves,切り離された袖はありません
string phone,糸電話
dna,デオキシリボ核酸
ripping,リッピング
ribbon-trimmed panties,リボントリムパンティー
kagamine rin (cosplay),鏡音リンコス
harisen,ハリセン
formula racer,フォーミュラカー
crotchless leotard,无裆紧身衣
hoop,フープ
mickey mouse ears,ミッキーマウスの耳
kourindou,香霖堂
violet (flower),スミレ
mont blanc (food),モンブラン
after rain,雨上がり
angel mort,エンジェルモート
world war i,第一次世界大戦
bottle cap,ボトルキャップ
step and repeat,ステップと繰り返し
stingray,アカエイ
fossil,化石
sponsor,スポンサー
nipple bells,乳首の鐘
cross-laced sandals,架橋サンダル
wi-fi symbol,wifiシンボル
koi dance,恋ダンス
boss fight,ボス戦
nose shade,鼻の色合い
checkered vest,チェッカーベスト
tentacle clothes,触手スーツ
engulfing lightning (genshin impact),草薙の稲光
character watermark,キャラクターの透かし
safari jacket,サファリジャケット
nontraditional school swimsuit,非传统学校泳装
united kingdom,イギリス
dripping eye,滴る目
nose hook,鼻フック
cheytac m200,Cheytac M200
native american headdress,ネイティブアメリカンヘッドドレス
strawberry blossoms,イチゴの花
hand wrapped around waist,腰の周りに手
vernier thrusters,バーニアスラスタ
assisted stretching,ストレッチ補給を支援します
chicken nuggets,チキンナゲット
m14,M14
floppy disk,フロッピーディスク
twister (game),ツイスターゲーム
kissing object,キスオブジェクト
card between breasts,胸の間のカード
crooked eyewear,ずり落ち眼鏡
babywearing,ベビースリング
shoulder-to-shoulder,肩から肩まで
cape lift,ケープリフト
white wolf,白いオオカミ
knee strap,膝ストラップ
atom,げんし
welding mask,溶接マスク
swaying,揺れ
hair half undone,髪は半分元に戻ります
removing shoes,靴を脱ぐ
wooden railing,木製の手すり
vs seeker,バトルサーチャー
heel pop,脚后跟离鞋(地面)
porsche,ポルシェ
vertical-striped sweater,垂直縞模様のセーター
rabbit earrings,バニーイヤリング
dart,ダーツ
song of broken pines (genshin impact),松籁响起之时
fujiko f fujio (style),ドラえもん風
lipstick mark on leg,脚の口紅マーク
sound wave,音波
scaffolding,足場
daijoubu? oppai momu? (meme),大丈夫?おっぱい揉む?
frog costume,カエルスーツ
flinch,畏缩
running towards viewer,視聴者に向かって走ります
kooribata,氷旗
too many flowers,花が多すぎる
kingdom key,キングダムチェーン
organization xiii,XIII機関
streetcar,路面電車
pink leggings,ピンクのレギンス
ground shatter,粉砕
cartridge,カートリッジ
dancer (fire emblem: three houses),ダンサー（3つの家）
indirect kiss,間接キス
no emblem,エンブレムはありません
weapon in mouth,口の中の武器
south korean flag,大韓民国の国旗
gag around neck,首の周りのギャグ
mole on back,背部痣
z flag,Z旗
striped bandeau,ストライプバンドー
rpg-7,RPG-7
eye beam,目からビーム
foreground text,フォアグラウンドテキスト
pomeranian (dog),ポメラニアン
trellis,トレリス
ermine,エルミン
white rabbit (alice in wonderland) (cosplay),ホワイトウサギ（不思議の国のアリス）（コスプレ）
stellated octahedron,星型八面体
knights of the round table (fate),円卓の騎士
gladiator,剣闘士
red goggles,赤いゴーグル
greek text,ギリシャ語
kiritanpo (food),きりたんぽ
character cutout,キャラクターの切り抜き
orange collar,オレンジカラー
fuwapuchi,ふわぷち
giant hand,巨大な手
sex ed,性教育
girl staring at guy's chest (meme),胸のen望（ミーム）
yellow sarong,黄色いサロン
minoseki academy school uniform,美濃関学院
bonyari high school uniform,ボニャリ高校のユニフォーム
dive ball,ダイブボール
teaspoon,ティースプーン
tassets,腿甲
st. lucia academy school uniform,聖ルチーア学園
umapyoi densetsu,うまぴょい伝説
corked bottle,コルクボトル
pile,パイル
tsukimi dango,月見団子
happy holidays,幸せな休日
lid,ふた
lilith (darkstalkers) (cosplay),リリスコス
bunny ears prank,兔耳恶作剧
black sun,黒い太陽
slot machine,スロットマシン
gold skin,金の肌
mechanical tentacles,機械触手
size comparison,サイズの比較
famicom,ファミリーコンピュータ
male underwear aside,男性の下着はさておき
searching,検索
stuffed dolphin,ぬいぐるみイルカ
kerosene lamp,煤油灯
quiff,前刺发型
incoming call,電話の着信
ice cream hair ornament,アイスクリームの髪の飾り
slavic clothes,スラヴ服
flat chest joke,平らな胸の冗談
striped bodysuit,縞模様のボディスーツ
sea urchin,ウニ
tickling stomach,腹こちょ
holding kettle,ケトルを保持します
arrest,逮捕
american football uniform,アメリカンフットボールユニフォーム
glands of montgomery,モントゴメリー腺
aura bullying (meme),アウラ、○○しろ。
mercury (element),水銀
christmas tree costume,クリスマスツリーの衣装
spoken mars symbol,話しかけられた火星のシンボル
admiral (kancolle) (cosplay),提督（カンコル）（コスプレ）
pumpkin costume,カボチャの衣装
doppelganger,ドッペルゲンガー
stalactite,つらら石
big bad wolf (cosplay),ビッグバッドウルフ（コスプレ）
x anus,x肛門
boar boy,イノシシの少年
cape hold,ケープホールド
silence glaive,沈黙の鎌
thumb to mouth,口から口へ
adjusting hood,フードの調整
decantering,デカンタリング
glowing clothes,发光的衣服
wrinkled fabric,しわのある生地
life fiber,生命戦維
bowling ball,ボウリング
gradient bikini,グラデーションビキニ
polka dot pillow,ポルカドット枕
grenade hair ornament,手ren弾の髪の飾り
grandmother and grandson,祖母と孫
tsuchinoko,ツチノコ
floral border,花の境界
leaf bikini,葉っぱビキニ
goldfish scooping,金魚すくい
warp star,ワープスター
bolter,ボルター
sled,そり
stereo,ステレオ
stun grenade,スタングレネード
spade earrings,スペードイヤリング
brown pupils,棕色瞳孔
slave gear (tsmg nao!),スレイブギア
pig boy,豚の少年
putting on headwear,帽子をかぶっています
coat of arms,コート・オブ・アームズ
cracker,乾パン
panda print,パンダプリント
blood drop,血液滴
buster shirt (fate),バスターシャツ
green tube top,グリーンチューブトップ
mouth focus,嘴部特写
olive,もくせい
holding case,保持ケース
fur bracelet,毛皮のブレスレット
prehensile tongue,前舌
shroud of magdalene,マグダラの聖骸布
pepperoni,ペパロニ
sesame seeds,胡麻
see-through coat,シースルーコート
hermit crab,ヤドカリ
lip ring,リップリング
body jewelry,ボディジュエリー
holding pitchfork,ピッチフォークを保持します
snake boy,ナーガ
propaganda,プロパガンダ
companion/af,コンパニオン/AF
cow hood,牛のフード
silhouette demon,淫獣宮藤
tramp stamp,トランプスタンプ
waffle cone,ワッフルコーン
fake antennae,触角カチューシャ
face to pecs,ペックに顔を合わせます
fat pikachu,初期ピカ
knifed,ナイフ
on wall,壁に
great pyrenees,グレートピレニーズ
rouman academy school uniform,ルーマンアカデミーユニフォーム
relationship graph,相関図
magnolia,モクレン
akm,Akm
checkered jacket,チェッカージャケット
broken pillar,壊れた柱
simulated footjob,模拟足交
primordial jade winged-spear (genshin impact),和璞鸢
lace-trimmed veil,レーストリミングされたベール
penetration through clothes,布越し
oshikatsu,推し活
clock hands,時計の針
snow shelter,スノーシェルター
window fog,窓の霧
white loincloth,白いロインコロス
garlic,にんにく
table tennis ball,乒乓球
2002,2002年
yume no tsue,夢の杖
smelling hair,髪の臭い
chalkboard sign,黒板サイン
animation paper,アニメーションペーパー
monado,モナド
frog hat,カエルの帽子
terastallization,テラスタル
lee-enfield,リー・エンフィールド
armored personnel carrier,装甲車
piston,ピストン
eye socket,眼窩
maple syrup,メイプルシロップ
orange hair ornament,オレンジ色の髪の飾り
brodie helmet,ブロディヘルメット
gemini (constellation),ふたご座
fur-trimmed pants,毛皮のトリミングされたズボン
hoe,くわ
clockwork,時計仕掛け
smartwatch,スマートウォッチ
excessive nosebleed,出血大サービス
tape maebari,胶带阴贴
late for school,ちこくちこく
nt-d,NT-Dシステム
no horns,角はありません
donut innertube,ドーナツフロート
tonguejob,舌コキ
purple buruma,紫ブルマ
imperium of man,人間の帝国
sith,シス
tomoe mami (cosplay),トモーマミ（コスプレ）
zako (phrase),ざぁこ
corn cob,トウモロコシの芯
headphones over headwear,ヘッドウェアのヘッドフォン
chocolate donut,チョコレートドーナツ
mp40,MP40
kazekoshi school uniform,Kazekoshi学校の制服
blood on feet,足の血
twi'lek,Twi'lek
cupid,キューピッド
unworn armor,鎧は削除されました
scorpion,サソリ
octagram,八芒星
holding bullet,弾丸を保持します
drakeposting (meme),ドレイクポスティング
st. hermelin school uniform,st。エルメリンの学校のユニフォーム
window shutter,シャッター
dss choker,DSSチョーカー
between buttocks,お尻の間
mobile armor,モビルアーマー
kendama,けん玉
ashes,灰烬
crown print,クラウンプリント
lunar tear,月の涙
multicolored neckerchief,多色のネッカチーフ
heart apron,ハートエプロン
good ass day,いいおしりの日
spiked ball,スパイクボール
chainsword,チェーンソード
brown sky,茶色の空
removing mask,マスクを取り外します
brown rose,棕玫瑰
bioluminescence,生物発光
celestial being uniform,天体は均一です
newhalf with female,女性とニューハーフ
hina ningyou,ひな人形
feather-trimmed jacket,フェザートリムジャケット
ragnell,ラグネル
ouendan,応援団
transformer,変圧器
emperor penguin,コウテイペンギン
muffled,くぐもった
extra tails,余分な尾
golden shower,浴尿
spilled milk,こぼれた牛乳
back peek,バックピーク
spoken light bulb,話し言葉電球
necrophilia,屍姦
2003,2003年
removing glove,グローブを取り外します
conjoined,シャム双生児
compound bow,コンパウンドボウ
strip game,脱衣ゲーム
stomach mouth,腹口
grey jumpsuit,灰色のジャンプスーツ
fabric,生地
uohhhhhhhhh! (meme),うおおおおああああああ
bone necklace,骨のネックレス
gargoyle,ガーゴイル
mahjong table,麻将桌
tweet,ツイート
bandaged tail,包帯の尾
hasu no sanrenka,蓮ノ三連華
lightning glare,メンチビーム
too much food,あまりにも多くの食べ物
licking weapon,舐める武器
verone gakuin school uniform,ベローネ学院
placard,プラカード
starry sky bright (idolmaster),スターリースカイ・ブライト
sword of dios,ディオスの剣
wireless sex toy controller,ワイヤレスセックスおもちゃコントローラー
bottle to cheek,ボトルからチーク
gyate gyate,ぎゃてコラ
card between fingers,指の間のカード
party dress,パーティードレス
veiny thighs,太ももの静脈
calla lily,オランダカイウ
jack-o'-lantern ornament,Jack-o'-Lantern Ornament
cross-laced leotard,交叉系紧身衣
sewing machine,ミシン
hover bike,ホバーバイク
mermaid costume,人魚の衣装
top pull,トッププル
tifa lockhart (cosplay),Tifa Lockhart（コスプレ）
erhu,二胡
stone mask (jojo),石鬼面
izayoi sakuya (cosplay),Izayoi sakuya（コスプレ）
strawberry milk,いちごミルク
jack daniel's,ジャックダニエル
qilin (mythology),麒麟
chameleon,カメレオン
ham,ハム
hololive gamers,ホロライブゲーマーズ
uwu,uwu
male yandere,ヤンデレ男子
all the way through,体内貫通
fishnet leotard,渔网紧身衣
vespa,ベスパ
holding dice,サイコロを保持します
school nurse,保健室の先生
sweater vest lift,セーターベストリフト
meatball,ミートボール
improvised weapon,即興の武器
crotchless bikini,クロットレスビキニ
cat-shaped pillow,猫の枕
medical scrubs,スクラブ
mantis girl,カマキリ娘
snoring,いびき
asymmetrical bodysuit,非対称のボディスーツ
alraune,アルラウネ
basketball court,バスケットボールコート
tackle,タックル
penis milking,榨精
sea turtle,ウミガメ
aqua sash,アクアサッシ
inverted colors,補色
oogai daiichi middle school uniform,大貝第一中学
lace-trimmed ribbon,レーストリムリボン
chiaroscuro,キアロスクーロ
standing on person,站在别人身上
belly dancing,ベリーダンス
otter girl,カワウソの女の子
fire elemental,火の精霊
dance studio,ダンススタジオ
flick,弾く
;>,;>
groucho glasses,グルーチョ眼鏡
gimp mask,全頭マスク
people's liberation army,中国人民解放军
maple tree,メープル
counters (nikke),カウンターズ(勝利の女神:NIKKE)
breathing on hands,手に呼吸
irony,イロニー
kyoto (city),京都
dazed,ぼんやり
greco-roman architecture,Greco-Roman Architecture
stuffed gag,塞满堵嘴
kerchief,ケルチーフ
gingham dress,方格连衣裙
sphinx,スフィンクス
leather strap,レザーストラップ
pajamas pull,パジャマプル
splat roller (splatoon),スプラローラー
number hair ornament,数字の髪の飾り
ichimegasa,市女笠
fruit bowl,フルーツボウル
uzi,ウージー
floral arch,フラワーアーチ
mine (weapon),地雷
playstation vita,プレイステーションヴィータ
human dog,ヒトイヌ
lace-trimmed eyepatch,レーストリミングされたアイパッチ
orange peel,オレンジの皮
clitoris slip,クリチラ
chinchilla ears,チンチラの耳
m4 sherman,M4シャーマン
sleepover,お泊り会
wiping forehead,額を拭く
tail pull,テールプル
whale print,クジラプリント
attack helicopter,攻撃ヘリコプター
print male underwear,男性の下着を印刷します
gumroad logo,Gumroadロゴ
saw cleaver,クリーバーを見た
danganronpa 10th anniversary costume,Danganronpa 10周年記念衣装
star bracelet,スターブレスレット
paper doll,紙人形
goalkeeper,ゴールキーパー
spas-12,スパス12
l85,L85
exercise machine,健身器材
oral sandwich,アナル舐めフェラサンド
subaru (brand),スバル
chameleon tail,カメレオンの尾
purple blood,紫の血
striped footwear,縞模様の履物
cursed spirit (jujutsu kaisen),呪霊
argyle shirt,アーガイルシャツ
hands on another's arm,他の人の腕の上
anti-eyebrow piercing,アンチエウモウピアス
browning m2,ブローニングM2重機関銃
ice cream bar,雪糕
souffle pancake,スフレパンケーキ
suomi kp/-31,RABBIT-31式短機関銃
tsukimi,お月見
a6m zero,ゼロ戦
guarana antarctica,ガラナ・アンタルチカ
lcl,LCL
convention,即売会
orbital path,軌道経路
knee to chest,膝から胸
giant tree,巨樹
gibson sg,ギブソンSG
single claw pose,单手握爪姿势
adhesive bra,ヌーブラ
tsab executive military uniform,TSABエグゼクティブ軍服
jellyfish girl,クラゲの女の子
playstation 5,プレイステーション5
pokemon on back,背中にポケモン
japan maritime self-defense force,海上自衛隊
juubako,重箱
shipping container,コンテナ
frog hood,カエルフード
cinderella girls card parody,シンデレラガールズ風
print scrunchie,プリントシュリューヒー
blue nightgown,青いナイトガウン
against door,ドアに対して
izakaya,居酒屋
bachi,撥
messy sleeper,寝相
isopod,フナムシ
paper hat,紙の帽子
kokoshnik,ココシニク
penguin hair ornament,ペンギンの髪の飾り
backwards virgin killer sweater,後方のバージンキラーセーター
gourmet guild (princess connect!),美食殿
test tube rack,テストチューブラック
weirdcore,ウィアードコア
drifting,ドリフト走行
knife in head,頭のナイフ
hurricane glass,ハリケーンガラス
new mask of hope,希望の面
blacksmith,鍛冶師
humming,ハミング
coin (ornament),コイン（装飾）
third wheel,电灯泡(第三者)
spiked dildo,带刺的假阳具
butter knife,バターナイフ
implied ejaculation,暗黙の射精
rocking chair,ロッキングチェア
ape,ヒト上科
reverse paizuri,逆パイズリ
dog print,ドッグプリント
sitting on log,丸太の上に座っています
civilight eterna (arknights),文明的存续
holding hairband,ヘアバンドを保持します
multicolored cloak,多色のマント
underwear theft,《窃盗(スティール)》
digivice,デジヴァイス
stirrups (riding),鐙
stick grenade,スティックグレネード
yakiniku,焼肉
purple babydoll,パープルベビードール
pink cat,ピンク猫
skull collar,頭蓋骨の襟
hand to forehead,手から額まで
mining helmet,マイニングヘルメット
censored food,検閲された食べ物
urine meter,尿意ゲージ
doritos,ドリトス
zipper footwear,ジッパーフットウェア
ohogao,オホ顔
frozen frog,冷凍カエル
dreamcatcher,ドリームキャッチャー
winged unicorn,アリコーン
vibrator in anus,肛门里的震动器
rejected kiss,キスをブロックします
dying message,ダイイングメッセージ
head between pecs,PECの間に向かいます
chaldea security organization,人理継続保障機関フィニス・カルデア
life vest,ライフジャケット
new generations (idolmaster),ニュージェネレーションズ
sticker on arm,腕にステッカー
image macro (meme),画像マクロ（ミーム）
sneaking,忍び足
equation,ほうていしき
skeletal tail,骨格尾
predicament bondage,脱出芸
binaural microphone,ダミーヘッドマイク
zebra ears,ゼブラの耳
umbrella gun,仕込み傘
the end (phrase),終わり
clip studio paint,クリップスタジオペイント
sword between breasts,胸の間の剣
yor briar (cosplay),Yor Briar（コスプレ）
vaginal prolapse,子宮脱
calves,ふくらはぎ
triforce print,トリフォースプリント
strawberry earrings,イチゴのイヤリング
multiple insertions,複数の挿入
instant soba,インスタントそば
adult baby,赤ちゃんプレイ
zuiyin,罪印
damage numbers,損傷数
baggy shorts,だぶだぶのショートパンツ
particle cannon case,遺されたケース
cheetah girl,チーター娘
legendary super saiyan,伝説の超サイヤ人
soapland,ソープランド
unworn swim cap,水泳キャップが取り除かれました
chocolate on hand,手にチョコレート
iced latte with breast milk (meme),母乳入りアイスラテ
sleeping on desk,趴在桌上睡觉
burning building,火事
height conscious,高さを意識しています
mini santa hat,ミニサンタハット
tsukumihara academy uniform (fate/extra),ツミハラアカデミーユニフォーム（運命/エクストラ）
crew cut,板寸
omake,御負け
multicolored sweater,多色のセーター
orange armor,オレンジアーマー
torn boots,破れたブーツ
tumblr logo,Tumblrロゴ
flat sign,フラットサイン
sitting on roof,屋根の上に座っています
digital camera,デジタルカメラ
fukumoto nobuyuki (style),福本伸行
bikini briefs,ビキニパンツ
united states navy,アメリカ海軍
key in head,頭のキー
lace-trimmed camisole,レーストリミングされたキャミソール
squid girl,イカの女の子
flat top chef hat,フラットトップシェフの帽子
hoop skirt,フープ・スカート
shiruko (food),しるこ
walther ppk,ワルサーPP
downpants,ダウンパンツ
fin funnels,フィン・ファンネル
double-barreled shotgun,ダブルバレルショットガン
nasa logo,NASAロゴ
roto's emblem,ロトの紋章
music stand,譜面台
arched soles,アーチ型の裏
camera phone,カメラ付き携帯電話
head under skirt,スカートの下に頭
ears back,耳を絞る
farmer,ファーマー
half moon,半月
dark orb (madoka magica),ダークオーブ
maxim tomato,マキシムトマト
spoken number,音声番号
sand on skin,肌に砂
lens eye,レンズアイ
alternate sleeve length,代替スリーブの長さ
meltrandi,メルトランディ
meerkat ears,Meerkat Ears
broken plate,壊れたプレート
leo (constellation),ししざ
elizabeth tower,ビッグ・ベン
on fence,フェンスで
autocannon,オートキャノン
minecraft pickaxe,Minecraft Pickaxe
myouga (plant),Myouga（植物）
neglect play,放置プレイ
holding cue stick,キュースティックを保持します
churro,チュロス
toes up,つま先アップ
bra slip,ブラジャースリップ
herb,ハーブ
miniature,ミニチュア
purple leggings,紫色のレギンス
chikuwa,ちくわ
meslamtaea (fate),Meslamtaea（武器）
tube chastity cage,貞操帯
orange pajamas,オレンジパジャマ
railroad signal,鉄道信号機
famas,ファマス
animal-shaped balloon,動物バルーン
textbook,教科書
yuujo,遊女
toy block,積み木
pink bandana,ピンクのバンダナ
dishwashing,皿洗い
cotton swab,綿棒
holding magazine (weapon),ホールディングマガジン（武器）
male lactation,父乳
substitute (pokemon),みがわり
shogi piece,駒
giraffe print,キリンプリント
display,画面
united states army,アメリカ陸軍
grey shawl,灰色のショール
triple wielding,三刀流
eyes of grima,ギムレーの邪痕
you work you lose,働いたら負けかなと思ってる
hand in pants,ズボンの手
zaft uniform,ザフト
black tongue,黒い舌
rebellion (sword),リベリオン
cum in throat,喉に精液
hands on own leg,自分の足の手
alchemy,れんきんじゅつ
pile of skulls,頭蓋骨の山
watercolor background,水彩画の背景
shipwreck,難破船
neet,ニート
turnip,かぶ
itou ikuko (style),itou ikuko（スタイル）
alpha pokemon,オヤブン
shiraitodai school uniform,Shiraitodaiの制服
ghost hands,幽霊の手
barbarian,バーバリアン
tying apron,エプロンを結ぶ
pantyhose around one leg,片足の周りのパンスト
aoshidan school uniform,青師団
nut (hardware),ナット
squiggle eyes,波浪状的眼睛
green bandeau,グリーンバンドー
maid leotard,メイド・レオタード
ruined for marriage,もうお嫁にいけない
wax,蝋
leather suit,革のスーツ
t-34,T-34
purple overalls,紫色のオーバーオール
railgun (misaka mikoto),超電磁砲
jogging,ジョギング
theater,劇場
horizontal bar,鉄棒
wood carving tool,木彫りツール
improvised umbrella,即興の傘
playstation 4,プレイステーション4
bunbunmaru,文々。新聞
pink bloomers,ピンクブルマー
jin (headwear),貝葉巾
candle wax,ろうそくのろう
unofficial precure costume,プリキュア化
wolf pelt,オオカミの毛皮
asagami private girls acadamy uniform,浅上女学院
pedestrian bridge,歩道橋
ak-74,AK-74
alligator,アリゲーター
valkyrie (ensemble stars!),Valkyrie(あんスタ)
torn,引き裂かれた
peter pan collar,ピーターパンカラー
ferris wheel interior,フェリスホイールインテリア
glaze lily,るりゆり
footjob with shoes,靴コキ
calling,電話
hime lolita,姫ロリ
blood elf (warcraft),ブラッドエルフ
skylight,天窓
holding jug,水差しを保持
bandage on knee,膝の包帯
green blood,緑の血
petal print,花びらプリント
susuki grass,ススキ
fluff,綿毛
sword print,ソードプリント
caress,爱抚
rough time school (idolmaster),ラフタイムスクール
hoshino ai's pose,推しの子パロ
working,働く
clubroom,部室
clothes shop,服屋
wii,Wii
nipple torture,乳头折磨
remington 870,レミントン870
piloting,パイロット
jacket tug,ジャケットタグ
flamenco dress,フラメンコドレス
marine day,海の日
mall,ショッピングモール
kneepit sex,膝裏コキ
torn tank top,引き裂かれたタンクトップ
blade arm,武器腕
gokugetsu gakuen school uniform,極月学園
dot pupils,ドットの生徒
moped,モペッド
alpaca girl,アルパカガール
picture hat,絵の帽子
eating hair,髪を食べる
acronym,頭字語
oppai mochi,かがみもちち
pocky kissing viewer,着信ポッキーキス
green bell pepper,青ピーマン
team plasma,プラズマ団
realistic teeth,逼真的牙齿
rolled-up paper,ペーパーロール
holding sheet,保持シート
interlocked mars and venus symbols,インターロックされた火星と金星のシンボル
waffen-ss,武装親衛隊
wafer,ウエハース
thumb in pocket,ポケットに親指
shirt rolled up,シャツが巻き上げられました
orange overalls,オレンジオーバーオール
bee costume,蜂の衣装
equipment layout,ウェポンロードディスプレイ
new york city,ニューヨーク
uroko (pattern),鱗
news,ニュース
carrot pin,ニンジンピン
h&k usp,H＆K USP
pestle,乳棒
asymmetrical shirt,非対称シャツ
hrothgar,ロスガル
mimosa (flower),ミモザ
holding manga,漫画を持っています
paizuri over clothes,布越しパイズリ
trick-or-treating,トリックオアトリート
power strip,テーブルタップ
character hat,キャラクターハット
cunnilingus gesture,クンニリングスジェスチャー
menpoo,面頬
costume chart,コスチュームチャート
detached magazine (weapon),マガジン
key hair ornament,キーヘアの飾り
date pun,日付のしゃれ
neckerchief between breasts,胸の間のネッカチーフ
ballet boots,バレエヒール
holding charm,魅力を保持します
luchador mask,ルチャドールマスク
lace-trimmed capelet,レーストリミングされたカペレット
tail insertion,テール挿入
construction site,工事現場
cammy white (cosplay),キャミーホワイト（コスプレ）
battoujutsu stance,抜刀
beef,ビーフ
osechi,おせち
celtic cross,ケルト十字
discrimination,差別
purple bandana,紫のバンダナ
garage,ガレージ
lace garter belt,レースガーターベルト
ungagged,gagged
taut skirt,ぴんと張りのスカート
stepladder,脚立
food-themed ornament,食べ物をテーマにした飾り
imminent bestiality,差し迫った獣姦
culottes,キュロット
flour,小麦粉
see-through cape,シースルーケープ
breakdance,ブレイクダンス
character pillow,キャラクターの枕
forced kiss,強制キス
peanut,ピーナツ
competition,競争
cream on breasts,胸のクリーム
snow leopard,ユキヒョウ
multiple moons,複数の月
cleaning brush,デッキブラシ
plectrum in mouth,口の中のプレクトラム
card in mouth,口の中のカード
clematis (flower),クレマチス
aria gakuen school uniform,アリア学園中学校
bio lab,ROお絵かき生体工学研究所
cloud focus,クラウドフォーカス
broken arm,折れた腕
automail,オートメイル
museum,博物館
green track suit,グリーントラックスーツ
scene fashion,シーン
ea (fate),乖離剣エア
bobby pin,ヘアピン
firewood,薪
applying pedicure,ペディキュア
naked lab coat,裸白衣
french girly,フレンチガーリー
karate,空手
downward dog,下犬式拉伸
snoot challenge,スヌートチャレンジ
apple on head,頭の上のリンゴ
cancer (constellation),かに座
print capelet,カペレットを印刷します
unbuttoning,ボタンを外します
knights of the round uniform,丸いユニフォームの騎士
nyotaimori,女体盛り
multi-strapped bra,マルチストラップブラジャー
bust (sculpture),バスト（彫刻）
lotus pod,莲蓬
golden retriever,ゴールデンレトリバー
rapeseed blossoms,菜の花
bandaged ankle,足首の包帯
black fire,黒い炎
energy drain,エナジードレイン
puffer fish,フグ
yunjian,雲肩
wainscoting,羽目板
necktie between pectorals,胸の間のネクタイ
cardboard cutout,人形立牌
disdain,蔑视
indonesian high school uniform,インドネシアの高校の制服
human tower,人塔
novelty glasses,派手なメガネ
troll (homestuck),トロール（ホームスタック）
finnish text,フィンランド語
nanatsu-yoru,七つ夜
crab on head,頭にカニ
implied vibrator,暗黙のバイブレーター
fiery ears,燃えるような耳
side-view mirror,ドアミラー
dribbling (basketball),ドリブル
green mask,グリーンマスク
bubble wand,バブルワンド
do you want to pet my cat (meme),おまんこキャット
p14 enfield,P14エンフィールド
red fundoshi,レッド・ファンドシ
phone with ears,耳のある電話
security camera,防犯カメラ
abbreviated karakusa,略語されたカラクーサ
drag queen,ドラァグクイーン
cigarette kiss,シガーキス
pink check school (idolmaster),ピンクチェックスクール
nepolabo,ねぽらぼ
jack-o'-lantern print,Jack-o'-Lanternプリント
tasmanian devil ears,タスマニアの悪魔の耳
take it home,お持ち帰り
idea,アイデア
sulking,拗ねる
looking past viewer,過去の視聴者を探しています
cum on food,食ザー
taunting,挑発
rocket ship,ロケット
shrine bell,本坪鈴
ara ara,あらあら
healing,回復魔法
raizen high school uniform,Raizen High Schoolの制服
deva battle suit,デヴァバトルスーツ
washing vehicle,エロ洗車
shadow (shadows house),シャドウ（シャドウズハウス）
lifeguard chair,ライフガードチェア
set square,三角定規
wavy eyebrows,波状の眉
bloated,むくんだ
tenbou,点棒
hollow body,中空のボディ
muzzle device,砲口制退器
t t,t t
houshou marine (cosplay),Houshou Marine（コスプレ）
rabbit print panties,バニーパンティー
hand on animal,動物に手をかける
x-ray glasses,透視メガネ
poking belly,腹突く
puffy dress,蓬松连衣裙
standing on three legs,3本の足に立っています
snake bondage,ヘビの束縛
pussy sandwich,おまんこサンドイッチ
jamadhar,ジャマダハル
satin bra,サテンブラ
cooperative footjob,W足コキ
double helix,二重螺旋
naked cardigan,裸カーディガン
postcard,ポストカード
tragedy of a long life,いつか訪れる結末
naked boots,裸ブーツ
rabbit background,バニーの背景
apple rabbit,うさぎりんご
molcar,モルカー
fruit hair ornament,果物の髪の飾り
cooperative breast sucking,双重吮吸乳头
sexual exercising,锻炼同时性爱
finger to another's cheek,他の人の頬に指
subdermal port,サブダーマルポート
detached cape,戸建てケープ
char siu,チャーシュー
gold bar,金の延べ棒
stenciled rose,ステンシルローズ
topless other,側面全裸
make-up work club (blue archive),補習授業部
awestruck,awestruck
pectoral squeeze,胸部絞り
skull-shaped hat,頭蓋骨型の帽子
embroidered panties,刺繍パンティー
grey leggings,灰色のレギンス
bound knees,バインドされた膝
subway station,地铁站
effects pedal,エフェクター
biohazard symbol,バイオハザードシンボル
black tears,黒い涙
orange tunic,オレンジ色のチュニック
japanese tankery league (emblem),日本のタンクリーグ（エンブレム）
libra (constellation),てんびん座
fly agaric,ベニテングタケ
blue hawaii,ブルーハワイ
sea lion,アシカ
black undershirt,黒のアンダーシャツ
karasuno volleyball uniform,カラスノバレーボールユニフォーム
pile of corpses,死屍累々
camisole pull,キャミソールプル
business casual,ビジネスカジュアル
intravaginal futanari,膣内futanari
gavel,ガベル
french horn,フレンチホルン
gakuseibou,学生帽
sagging testicles,垂れ玉
milk churn,ミルクタンク
flaming halo,燃えるようなハロー
model,プラモデル
mesugaki pose,雌小鬼姿势
treadmill,トレッドミル
cardigan lift,カーディガンリフト
glowing hands,輝く手
ribbon-trimmed kimono,リボントリミングされた着物
double bass,コントラバス
premature ejaculation,早漏
instant udon,インスタントうどん
silver choker,シルバーチョーカー
plug gag,ギャグをプラグします
pensive,物思いにふける
chinese lantern (plant),ホオズキ
lamborghini,ランボルギーニ
green male swimwear,緑の男性の水着
holding snowman,雪だるまを持っています
cow hat,牛の帽子
bolverk,Bolverk
apple core,Apple Core
totenkopf,トーテンコップ
unworn sweater,セーターが取り外されました
gradient neckerchief,グラデーションネッカチーフ
raver,レイブ
kendo,剣道
pineapple slice,パイナップルスライス
burnt food,焦げた食べ物
implied erection,暗黙の勃起
knit sweater,ニットセーター
skis,スキー板
bad neck,悪い首
gas,ガス
mizura,みずら
badminton racket,羽毛球拍
arrow in head,頭の矢印
portuguese text,ポルトガル語
scuba,スクーバ
eargasm,eargasm
invisible air (fate),風王結界
framed insect,昆虫標本
barred window,防盗窗
picket fence,杭柵
kuuhaku to catharsis,空白とカタルシス
kagune (tokyo ghoul),赫子
spoken sparkle,話された輝き
barmaid,バーメイド
double vaginal,一穴二本
argyle skirt,アーガイルスカート
hippopotamus,河馬
grilled fish,焼き魚
oreo,オレオ
censored gesture,検閲されたジェスチャー
bikini over clothes,服の上のビキニ
teleportation,瞬間移動
brown dog,茶色の犬
used onahole,人工膣を使用しました
fn scar,fn scar
plaid hairband,格子縞のヘアバンド
blade to throat,喉に刃
quincy (bleach),灭却师
up sleeve,袖口走光
stuffed orca,ぬいぐるみorca
bluebird,ルリツグミ
hands on another's knees,他の人の膝の上
dvd case,DVDケース
pet shaming,反省札
taurus (constellation),おうし座
coach,コーチ
digimoji,デジ文字
scone,スコーン
finger to head,指から頭
animate object,オブジェクトをアニメーション化します
winged wand,翼のある杖
holox,ホロライブ6期生
green nipples,緑の乳首
multicolored text,多色のテキスト
ear through crown,耳朵上的王冠
chocolate on pussy,猫のチョコレート
pickle,ピクルス
waist poke ball,ウエストポークボール
inverted pentagram,逆五芒星
digging,掘る
accordion,アコーディオン
nipple tassels,ニップルタッセル
gold slingshot swimsuit,金色水着
nobori,のぼり
team 7 (naruto),7班
straylight (idolmaster),ストレイライト
rokubanchou school uniform,六番町学院制服
physical examination,お医者さんごっこ
sprite art,スプライトアート
imminent cunnilingus,差し迫ったクンニリンガス
toaster,トースター
unibrow,连心眉
flower shop,フラワーショップ
after meal,食後
cradling phone,夹着听筒
argentina,アルゼンチン
samoyed (dog),サモエド
buruma around one leg,片足の周りのブルーマ
yuzu (fruit),ゆず湯
slime sex,スライム姦
starry moon,星空の月
toucan,オオハシ
ryokan,旅館
book focus,本の焦点
sanshuu middle school uniform,Sanshuu Middle School Uniorm
mismatched underwear,不一致の下着
fake censor,假打码
pink rope,ピンクロープ
savannah,サバンナ
nipple press,乳头按压
reiwa,令和
on plate,プレート上
wilted flower,しおれた花
leppa berry,ヒメリのみ
repairing,修理
cheating (competitive),チート
changmingsuo,长命锁
airpods,AirPods
handle,キャリングハンドル
cool & sexy (idolmaster),クール＆セクシー（アイドルマスター）
shawl lapels,青果领
tennis net,网球网
pleated pants,プリーツパンツ
premier ball,プレミアボール
mushroom girl,キノコの女の子
old maid alliance (touhou),東方五大老
room you can't get out of unless you x (meme),○○しないと出られない部屋
see-through footwear,透明な履物
blue rope,青いロープ
enkidu (weapon) (fate),天の鎖
reeds,葦
chest height,身長差
palette hair ornament,パレットの髪の飾り
leaning on weapon,武器に寄りかかる
claw hammer,ネイルハンマー
gattai,合体ロボ
gensokyo,幻想郷
nattou,納豆
shirt on shoulders,肩にシャツ
sneer,冷笑
firecrackers,鞭炮
jam (umamusume),JAM(ウマ娘)
videocassette,ビデオテープ
expectation vs. reality,理想と現実
eel boy,ウナギの少年
here's johnny! (meme),シャイニング表紙パロ
fur gloves,毛皮の手袋
floating breasts,浮乳
kujo jotaro's pose,Kujo Jotaro's Pose（Jojo）
single letter,単一の文字
no headgear,ヘッドギアはありません
whipping,鞭打ち
thunder,雷鳴
bird's eye view,鳥瞰
seafloor,海底
canadian flag,カナダの国旗
scallop,ホタテ貝
holding bow (ornament),弓を持っている（飾り）
lipstick mark on ass,お尻の口紅マーク
see-through horns,透明な角
peplos,ペプロス
holding sickle,鎌を持っている
wet male underwear,濡れた雄の下着
japari bus,ジャパリバス
rake,レーキ
no scar,傷はありません
sunflower seed,ひまわりの種
sig 516,アリウス製アサルトライフル
razor blade,かみそりの刃
unworn bow,弓を取り除いた
kamui (kill la kill),神衣
spiked bat,スパイクされたコウモリ
ppsh-41,ペーペーシャ
queen of hearts (playing card),ハートのクイーン
black panther,クロヒョウ
white chocolate,ホワイトチョコ
cd player,CDプレイヤー
too bad! it was just me! (meme),残念さやかちゃん
snort,鼻息
panel gag,挡板型口塞
geass,ギアス
mosquito coil,蚊取り線香
ravenclaw,レイブンクロー
orange sarong,オレンジ・サロン
pokemon battle,ポケモンバトル
prehistoric animal,古生物
zombification,ゾンビ化
nargacuga (armor),ナルガ装備
aerokinesis,風使い
blue pussy,青い猫
megumin (cosplay),メグミン（コスプレ）
penguin hat,ペンギンの帽子
mail,郵便
no earrings,イヤリングはありません
too many butterflies,蝶が多すぎます
breast curtain lift,母乳カーテンリフト
pokegear,ポケモンギア
cum in urethra,输精管
mascot head,マスコットヘッド
studded jacket,スタッズされたジャケット
see-through headwear,透明な帽子
time lapse,時間の経過
conveyor belt,ベルトコンベアー
ouroboros,ウロボロス
seven sisters high school uniform,セブンシスターズ高校のユニフォーム
lace-up top,レースアップトップ
polygamy,一夫多妻
buying condoms,ゴム購入
too many books,本が多すぎる
oktoberfest,オクトーバーフェスト
pan-pa-ka-paaan!,ぱんぱかぱーん
pull out,外出し
nyoro~n,にょろーん
holding ruler,支配者を保持します
finger cots,指サック
lace dress,レースドレス
gradient pants,グラデーションパンツ
performance juxtaposition,日常見せつけ
codpiece,コッドピース
under skirt,スカート捕食
sofmap background,ソフマップ
unlikely accident,ハプニング
mutual fingering,相互手マン
glowing skin,輝く肌
fruit basket,フルーツバスケット
plant on head,頭に植えます
sun hair ornament,太陽の髪の飾り
progress bar,プログレスバー
impossible jacket,不可能なジャケット
ribbon-trimmed apron,リボントリミングされたエプロン
eevee (cosplay),Eevee（コスプレ）
spell,スペル
stealth fellatio,隐秘口交
clothes on bed,ベッドの服
ohisashiburi (style),ohisashiburi（スタイル）
chevrolet,シボレー
iced coffee,アイスコーヒー
st. michael's school uniform,st。マイケルの学校の制服
print pillow,枕を印刷します
biting nipple,乳首の噛みつき
fire type theme (pokemon),ほのおタイプ
oyster,カキ
mole on nose,鼻痣
arm on thigh,太ももの腕
country lolita,カントリーロリ
safety razor,安全剃刀
on animal,動物について
poverty,貧困
newhalf with male,男性とのニューハーフ
diamond earrings,ダイヤモンドイヤリング
scuba tank,スキューバタンク
air jordan 1,エアジョーダン1
pedestrian lights,信号機
unyu,うにゅ
anzio (emblem),アンツィオ（エンブレム）
bodysuit pull,ボディスーツプル
stapled,ステープル留め
after handjob,手コキの後
fn fal,fn fal
heart arrow,ハートアロー
brown outline,茶色の輪郭
yellow male underwear,黄色の男性下着
daifuku,だいふく
brown sclera,茶色の硬化
heian,平安時代
holding nail,爪を持っています
opening,開封
anus cutout,肛門の切り抜き
striped cardigan,縞模様のカーディガン
suzumiya haruhi (cosplay),スズミヤ・ハーヒ（コスプレ）
sidetail miku noodle stopper (meme),断发初音
rear naked choke,裸絞め
dandelion clock,綿毛
german suplex,ジャーマンスープレックス
swedish flag,スウェーデンの国旗
white lips,白嘴唇
fish tattoo,魚の入れ墨
overpass,高架下
lambent light,ランベントライト
jaguar boy,ジャガーボーイ
warming hands,手を温める
necromancer,ネクロマンサー
pee in container,アバ茶
bird hat,鳥の帽子
angel statue,天使雕像
hands on eyewear,アイウェアの手
vomiting rainbows,虹の嘔吐
red leggings,赤いレギンス
cake stand,ケーキスタンド
nakai (waitress),仲居
kimono on shoulders,肩に着物
makeup palette,アイシャドウパレット
naked belt,裸のベルト
jupiter (planet),木星
red babydoll,赤いbabydoll
finch,フィンチ
orange print,オレンジ色のプリント
award ribbon,賞のリボン
low block heels,低跟鞋
inside creature,内部クリーチャー
shinsengumi (fate),新選組(Fate)
jade bracelet,玉镯
covering head,頭を覆う
blackmail,恐喝
atmospheric perspective,空気遠近
keffiyeh,クーフィーヤ
altyn helmet,アルティン
hakuryou high school uniform,hakuryou High Schoolユニフォーム
glowing earrings,发光的耳环
pile bunker,パイルバンカー
polka dot shorts,水玉ショーツ
jet ski,ジェットスキー
mobile,モビール
floral dress,花のドレス
brown sports bra,ブラウンスポーツブラ
polka dot hair,水玉の髪
gardening shears,剪定鋏
oversized bug,特大の昆虫
flower ring,フラワーリング
nintendo switch 2,ニンテンドースイッチ2
panty tug,パンティータグ
solar eclipse,日食
crotch stomping,踩踏裆部
hair rollers,ヘアローラー
print camisole,キャミソールを印刷します
tweezers,ピンセット
asymmetrical breasts,非対称の胸
just as planned (meme),計画通り
padoru (meme),パドるパドる
length markings,雌シリンダー
jack-o'-lantern earrings,Jack-o'-Lanternイヤリング
myoudou gakuen middle school uniform,私立明堂学園
chibi on shoulder,肩にキビ
stitched eye,ステッチの目
lace-trimmed babydoll,レーストリミングベビードール
slap mark on face,顔に平手打ちマーク
nose pads,ノーズパッド
fuse tail,ヒューズテール
broken egg,壊れた卵
eyepatch lift,アイパッチリフト
chest protector,胸部プロテクター
red ribbon army,レッドリボン軍
dinosaur boy,恐竜の少年
spiked wings,スパイクされた翼
looking inside,中を見る
love ball,ラブラブボール
washing back,背中を流す
anal hook,アナルフック
platform,プラットホーム
striped sash,ストライプサッシ
uraeus,ウラエウス
yellow tunic,黄色のチュニック
falling money,お金を落とす
victory,勝利
avalon le fae (fate/grand order),アヴァロン・ル・フェ
mapo tofu,麻婆豆腐
needle sword,針の剣
after footjob,足ジョブの後
anteater ears,アリタンの耳
pentagon (shape),ペンタゴン
l'ecole des cinq lumieres school uniform,サンクルミエール学園
tongue tattoo,舌の入れ墨
hands on another's leg,別の足に手をかけます
pantsing,パンツ
school gateway,校門
grumpy,不機嫌
batter,バター
cupless babydoll,カプレスベビードール
moomoo milk,モーモーミルク
in basket,バスケットで
fuse,導火線
dirty hands,汚い手
frisbee,フリスビー
single-lens reflex camera,一眼レフ
primogem,Primogem
sexting,セクスティング
aks-74u,AKS-74U
star pin,スターピン
cake hair ornament,ケーキの髪の飾り
sailing ship,帆船
my dear vampire (idolmaster),マイディアヴァンパイア
crossed fingers,交差した指
biting own thumb,親指の噛みつき
id (fate/grand order),不可逆廃棄孔イド
scraped knee,膝を削った
soybean,大豆
chi-hatan school uniform,Chi-Hatan School Uniform
paper boat,纸船
osugaki,オスガキ
skirt rolled up,スカートが巻き上げられました
piercing pull,ピアスプル
yukari is merry theory (touhou),紫=メリー説
leopard,ヒョウ
heart-shaped mouth,ハート型の口
feather collar,フェザーカラー
mazda rx-7,サバンナRX-7
hyottoko mask,ひょっとこ
crystal tail,クリスタルテール
pouring onto another,別の人に注ぐ
shirt tan,シャツの日焼け
shield print,シールドプリント
shoulder massage,肩たたき
mystic eyes,魔眼
electric type theme (pokemon),でんきタイプ
stuck in a box,挤在盒子里
paintbrush hair ornament,ペイントブラシの髪の飾り
macaron hair ornament,マカロンの髪の飾り
staff riding,スタッフライディング
snot trail,スノットトレイル
pew,教会长椅
sunbathing,日光浴
color switch,カラーチェンジ
hobble,ホッブル
tortoise,リクガメ
masanori sato (style),野生の佐藤正徳
muscle car,アメ車
frieren blowing a kiss,フリーレンkiss
party horn,吹き戻し
zipping,ジッピング
idol heroes (idolmaster),出撃!アイドルヒーローズ
globus cruciger,帝国宝珠
spiked thighlet,スパイクされた大腿部
mural,壁画
knuckle hair,ナックルの髪
samus aran (cosplay),サムス・アラン（コスプレ）
heavy metal,ヘヴィメタル
climbing ladder,登山はしご
faerie knights (fate),厄災トリオ
leaf clothing,葉の服
stuffed fox,ぬいぐるみキツネ
torn neckerchief,引き裂かれたネッカチーフ
food truck,屋台
moon rabbit,月の兎
turning page,ターニングページ
youmu day,8月6日は妖夢の日
gambling,賭け
soil,つち
skunk ears,スカンク耳
opening eyes,睁眼(动画)
shirt behind neck,首の後ろのシャツ
seiyo academy school uniform,セイヨアカデミーユニフォーム
angry sex,怒っているセックス
holding cigarette pack,タバコパックを保持します
unworn wig,かつらが削除されました
bakuzan,縛斬
peg leg,ペグの脚
howa type 89,89式小銃
science,科学
twitch logo,Twitchロゴ
food as clothes,服として食べ物
crossed out,消し去った
hover vehicle,ホバー車
bowl stack,ボウルスタック
holding clover,クローバーを保持します
kunugigaoka middle school uniform,クヌギガカ川中学校のユニフォーム
implied rape,暗黙のレイプ
tedeza rize's school uniform,Tedeza Rizeの学校の制服
ttgl eyecatch,TTGLアイキャッチ
bren lmg,ブレン
aqua tongue,アクア舌
hotel,ホテル
arrow hair ornament,矢の髪の飾り
paper chain,ペーパーチェーン
handlebar mustache,カイゼル髭
clarinet,クラリネット
golf,ゴルフ
shirttail,シャツの裾
saunders (emblem),サンダース（エンブレム）
orange robe,オレンジローブ
starpiece memories (idolmaster),スターピースメモリーズ
random servant cosplay (fate/grand order),FGOでマイルームランダム設定にして一番目に来た鯖に二番目に来た鯖の服を着せた絵を描く
inkbrush (splatoon),パブロ
arius squad (blue archive),アリウススクワッド
knightmare frame,ナイトメアフレーム
tasting plate,味見皿
vortex,渦
leather shorts,革のショートパンツ
zooming in,ズームインします
dinosaur girl,恐竜の女の子
nightclub,クラブ
piercing hole,ピアス穴
butterfly on nose,鼻に蝶
brain injection,脳注入
chopped spring onion,刻みネギ
cooperative pussyjob,W素股
weapon connection,武器相仿
straw hats jolly roger,麦わら帽子ジョリー・ロジャー
holding thermometer,温度計を保持します
multiple dogs,犬のパック
miki sayaka (cosplay),ミキサカ（コスプレ）
scorpius (constellation),さそり座
colt single action army,コルトSAA
elbow spikes,肘のスパイク
chimame-tai,チマメ隊
lined paper,罫線
dangling,ぶら下がり
hand on mirror,鏡に手をかけます
hand guard,ハンドガード
apple print,アップルプリント
layer cake,レヤーケーキ
blood on dress,ドレスの血
clutch purse,クラッチバッグ
pikachu ears,ピカ耳
drinking pee,アバ茶
hands on own neck,自分の首の手
extra horns,余分な角
rabbit bag,バニーバッグ
crotchless swimsuit,开裆泳装
clapperboard,カチンコ
crushed,压扁的
bedroll,ベッドロール
adjusting headphones,ヘッドフォンの調整
pip boy,ピップボーイ
two soyjaks pointing (meme),2つの大豆ポインティング（ミーム）
boar mask,イノシシマスク
cassiopeia (constellation),カシオペヤ座
glass teapot,ガラスティーポット
link (cosplay),リンク（コスプレ）
creepy eyes,鬼眼
broken helmet,壊れたヘルメット
splattershot jr. (splatoon),わかばシューター
lace hairband,レースヘアバンド
bird nest,鳥の巣
white negligee,白いネグリジー
no ahoge,アホージュはありません
lace-trimmed kimono,レーストリミングされた着物
red garter belt,赤いガーターベルト
wii remote,Wiiリモコン
artist progress,新旧比較
mailman,郵便配達員
open towel,タオルを開けます
sequins,スパンコール
tornado,トルネード
raft,いかだ
day and night,昼と夜
stun gun,スタンガン
following,続く
pedestal,ペデスタル
danmaku comments,弾幕
dorayaki,どら焼き
peeing together,連れション
sunrise stance,サンライズ立ち
h&k g36,H＆K G36
licking stomach,胃をなめる
sanada clan (emblem),六文銭
gununu (meme),ガンヌ
requesting impregnation,请求受孕
ice cream cone spill,アイスクリームコーン流出
hut,小屋
fire hydrant,消火栓
homework,宿題
super famicom,スーパーファミコン
choker jewel,寶石項圈
cheshire cat (alice in wonderland) (cosplay),チェシャー猫（不思議の国のアリス）（コスプレ）
hair wagging,髪が振る
good fortune symbol,福
condom wrapper in clothes,衣服のコンドーム
cum in footwear,射鞋
photon ray (fate),軍神の剣
treehouse,ツリーハウス
winged animal,翼のある動物
ginkgo guild uniform,Ginkgoギルドユニフォーム
genkan,玄关
animegao,アニメ顔
mouse on head,頭のマウス
taiwan,台湾
panda tail,パンダテール
chinese empire,古代中国
slip showing,スリップショー
feigning sleep,狸寝入り
flipping food,ひっくり返る食べ物
mian guan,冕冠
pringles can,プリングルはできます
pop-up headlights,リトラクタブルヘッドライト
okonomiyaki,お好み焼き
prefect team (blue archive),風紀委員会(ブルーアーカイブ)
christmas tree hair ornament,クリスマスツリーの髪の飾り
frilled necktie,フリルネクタイ
shosei,書生
penguin chick,赤ちゃんペンギン
unworn headgear,ヘッドギアが取り外されました
putting on legwear,レッグウェアを着る
mixing console,ミキシングコンソール
pov dating,POVデート
anal fisting,アナルフィスト
funeral,葬式
walkure (macross delta),ワルキューレ(マクロスΔ)
asymmetrical shorts,非対称ショートパンツ
grilled eel,グリルしたウナギ
too many belts,ベルトが多すぎます
outer senshi,外部太陽系戦士
white tiger print,白いタイガープリント
folded braid,折叠发辫
shelf bra,トップレスブラ
removing sock,靴下を脱ぐ
reisen udongein inaba (cosplay),Reisen Udongein inaba（コスプレ）
hat under hood,フードの下の帽子
hakama lift,ハカマリフト
torn bow,引き裂かれた弓
shichirin,七輪
disheveled,乱れた
artist glove,绘画手套
licking cum,絶頂をなめる
holding hair ornament,髪の飾りを持っています
unworn ribbon,リボンが削除されました
saya (scabbard),鞘
ice pack,氷のう
encasement,エンケース
serving,サービング
mid-autumn festival,中秋节
toy airplane,おもちゃ飛行機
footjob with boots,ブーツコキ
atlas academy uniform,アトラス院制服
bar soap,バー石鹸
cable tie,結束バンド
carrot-shaped pillow,ニンジン枕
gamecube,ニンテンドーゲームキューブ
floating hat,浮かぶ帽子
autofellatio,セルフフェラ
jacket grab,ジャケットグラブ
extendable limbs,伸びる腕
pullcart,プルカート
frog headband,カエルヘッドバンド
holding ears,耳を保持します
privacy screen,プライバシー画面
gold headband,ゴールドヘッドバンド
packet,パケット
royal guard set (zelda),近衛兵の装備
distortion (project moon),ねじれ
quick ball,クイックボール
colosseum,コロシアム
eyewear in mouth,口の中のアイウェア
ankle belt,足首ベルト
plaid neckerchief,格子縞のネッカチーフ
caption,キャプション
multicolored bra,多彩胸罩
venus flytrap,ハエトリソウ
breast drop,ちちなだれ
leather vest,レザーベスト
margherita pizza,マルゲリータピザ
triad primus (idolmaster),トライアドプリムス
drying clothes,乾燥服
prosthetic hand,義手
mole (animal),モグラ
cat earrings,猫のイヤリング
movie reference,映画の参照
aqua fur,アクアファー
computer chip,コンピュータチップ
pepper shaker,コショウ入れ
scribble,落書き
frieren stuck in a mimic (meme),ミミックに食われかけフリーレン
cabin,こや
katsu (food),カツ(揚げ物)
marching band baton,マーチングバンドバトン
mash kyrielight (cosplay),マシュコス
plaid blanket,格子縞の毛布
splat charger (splatoon),スプラチャージャー
duijin ruqun,对襟襦裙
shirt hold,シャツホールド
extreme gaping,极度扩张
moon stick (sailor moon),ムーンスティック
podium,表彰台
eyewear around neck,首の周りのアイウェア
presenting bra,ブラ裏
evolution stone,進化の石
watermelon seeds,スイカの種
medicine bottle,薬瓶
looking at ass,お尻を見ています
bagua,八卦
qi maid,華メイド
original remodel (kantai collection),オリジナル改造（カンタイコレクション）
no navel,へそはありません
skunk tail,スカンクテール
bloody wings,血まみれの翼
cordless phone,コードレス電話
fake blood,偽の血
circus,サーカス
tic-tac-toe,三目並べ
dressing room,楽屋
rapid punches,オラオララッシュ
frappuccino,フラペチーノ
sarong lift,サロンリフト
spinning top,独楽
mosaic background,モザイクの背景
stuffed tiger,ぬいぐるみ
vaporwave,蒸汽波
yellow scales,黄色のスケール
male harem,逆后宫
flower censor,花の検閲
spitting blood,吐血
transforming clothes,変身する服
dress of heaven,天の衣
fire flower,ファイアフラワー
e16a zuiun,瑞雲
statue of liberty,自由の女神
minecraft sword,ダイヤの剣
sitting on ball,ボールに座っています
ribbed tank top,リブ付きタンクトップ
squeeze bottle,ボトルを絞ります
hatch,ハッチ
panties under bike shorts,はみパン
dinner,晩ご飯
artoria pendragon (royal icing) (fate) (cosplay),ロイヤル・アイシング
orange camisole,オレンジ色のキャミソール
breastless leotard,露胸紧身衣
fanta,ファンタ
armored shoes,装甲靴
roe,鱼子
music box,オルゴール
people's republic of china flag,中华人民共和国国旗
vegetation,植生
pouncing,飛び込む
marble (stone),大理石
standing double penetration,立っている二重浸透
electrostimulation,電気責め
tsuzumi,つづみ
blood writing,血文字
ichininmae no lady,一人前のレディ
water tank,貯水タンク
ink stamp,インクスタンプ
waltz (dance),ワルツ
finger touching,指に触れる
mummification (bound),マミフィケーション
hands on own shoulders,自分の肩の手
omega symbol,オメガシンボル
arcade (architecture),アーケード（アーキテクチャ）
french cruller,フレンチクルーラー
age switch,年齢操作
groping motion,わきわき
aogami high school uniform,赤鐘まり
fuck-me shirt,ファックミーシャツ
rengoku (sword) (fate),煉獄(Fate)
fennec fox,フェネック
hand mouth,手の口
gondola,ゴンドラ
urethral beads,尿道拉珠
sewer grate,下水道
reverse prayer,背面合掌縛り
ak-74m,AK-74M
brown bandana,茶色のバンダナ
old maid,ババ抜き
holding lamp,ランプを保持します
ribbon legwear,リボンレッグウェア
altar,さいだん
nontraditional wedding dress,生き恥ウェディングドレス
rowing,漕ぐ
stuffed chicken,ぬいぐるみ
rice (plant),イネ
satin bikini,サテンビキニ
kafra uniform,カプラ
corrugated galvanized iron sheet,トタン
flandre scarlet (cosplay),フランドルスカーレット（コスプレ）
kochiya sanae (cosplay),小島sanae（コスプレ）
tiger hood,タイガーフッド
prydwen (fate),プリドゥエン
artificial flower,造花
buddhism,仏教
harlequin,ハーレクイン
hookah,水タバコ
tomoeda middle school uniform,トモーダ中学校のユニフォーム
chonmage,丁髷
winchester model 1887,ウィンチェスターモデル1887
riding outfit,乗馬キュロット
cloud hair,雲毛
serving dome,クロッシュ
glowing arm,輝く腕
coat lift,コートリフト
tam (ragnarok online),Tam（Ragnarok Online）
camouflage helmet,カモフラージュヘルメット
cucumber slice,キュウリのスライス
mango,マンゴー
yakisobapan,焼きそばパン
torn necktie,引き裂かれたネクタイ
edamame,枝豆
daxiushan,大袖衫
gantz suit,ガンツスーツ
sock dangle,靴下のぶら下がっています
queue,並ぶ
tnt,トリニトロトルエン
grabbed breast over shoulder,肩を組んで乳揉み
sagittarius (constellation),いて座
condom on nipples,乳首コンドーム
bouncing pecs,バウンスペック
dojikko pose,ドジッコのポーズ
masturbating together,相互オナニー
slipper bathtub,スリッパバスタブ
stance (vehicle),スタンス
courtroom,法廷
voodoo doll,ブードゥー人形
flyer,チラシ
cheek on glass,ガラスの頬
film reel,胶卷(物体)
right-hand drive,右ハンドル
holding vase,花瓶を持っています
playstation 2,プレイステーション2
cum in navel,へそ
nen (hunter x hunter),ネン
extra breasts,複乳たん
airgetlam (fate),剣を摂れ、銀色の腕
stuffed horse,ぬいぐるみ
monstera deliciosa,モンステラ
fabarm fp6/sdass,ファバームFP6
security shutter,シャッター
chopping,切る
salt bae (meme),ソルトバイ
lipstick mark on chest,胸の口紅マーク
karaginu mo,唐衣裳
salamander,サラマンダー
action figure,アクションフィギュア
ass worship,お尻の礼拝
zoo,動物園
waterpark,アクアパーク
adapted weapon,適応した武器
studded garter belt,スタッズ付きガーターベルト
pot on head,頭の鍋
cat paw,猫の足
through ground,地面から
pyroxene (blue archive),青輝石
mating season,発情
holding nunchaku,ヌンチャクを持っている
oversized zipper,特大のジッパー
catcher (baseball),キャッチャー
twirl baton,バトントワリング
pajamas challenge (meme),パジャマチャレンジ
sweets bird,すいーとり
airplane wing,飛行機の翼
familymart,ファミリーマート
lolibaba,ロリババア
spiked horns,スパイクホーン
bear position,四肢着地(离膝)
enoshima junko (cosplay),エノシマ・ジャンコ（コスプレ）
smash invitation,招待状(スマブラ)
slurping,丸
breast size difference,胸囲の格差社会
small head,小さな頭
rakuyo (bloodborne),ラクヨ（ブラッドボーン）
choujuu gigaku,鳥獣伎楽
blood type,血液型
yellow leaves,黄色の葉
triangle (instrument),トライアングル
snow boots,スノー・ブーツ、雪用のブーツ
frilled pants,フリルパンツ
bloody handprints,血まみれの手形
command input,テンキー表記
orange tongue,オレンジ色の舌
night vision effect,暗視スコープ
linea nigra,黒線
dough,パン生地
bug type theme (pokemon),むしタイプ
acog,acog
spiral background,スパイラルの背景
checkered wall,チェッカーウォール
chemistry,化学
parakeet,インコ
blue garter straps,青いガーターストラップ
frilled bracelet,フリルブレスレット
status effect,デバフ
panties in mouth,嘴里含着内裤
entry plug,エントリープラグ
pp tenshi t-shirt,★PP天使★Tシャツ
sitting on fence,フェンスに座っています
bandaid on foot,徒歩でバンダイド
unconventional vehicle,型破りな車両
politics,政治
speculum,クスコ
tokarev tt-33,トカレフ
shared drink,共有ドリンク
freesia (flower),フリージア
rhongomyniad (fate),ロンゴミニアド
arena,とうぎじょう
stuffed seal,詰め物
receipt,りょうしゅうしょ
veiny testicles,静脈棒
sandstar,サンドスター
ice cream on face,顔にアイスクリーム
synthesizer,シンセサイザー
beach house,海の家
bat tattoo,バットタトゥー
no animal ears,動物の耳はありません
stationery,文房具
scarf pull,スカーフプル
unworn vest,ベストが削除されました
marigold,マリーゴールド
mosquito,か
panties day,ぱんつの日
pork,ポーク
spread cleavage,胸の谷間を広げます
grey headband,灰色のヘッドバンド
towel on arm,腕にタオル
stepping stones,垫脚石
sitting on arm,腕に座っています
white devil,管理局の白い悪魔
two-tone neckerchief,ツートンネッカチーフ
soviet flag,ソビエトの旗
harmonica,ハーモニカ
mad hatter (alice in wonderland) (cosplay),マッドハッター（不思議の国のアリス）（コスプレ）
gith (d&d),ギス(D&D)
tsukumogami,つくも神
reversible couple,リバ
keizoku (emblem),keizoku（エンブレム）
coin mask,銅錢面罩
invisible wall,目に見えない壁
turretless tank,架空戦車
gyuudon,ぎゅうどん
back hair,髪の毛
tiptoe kiss,踮脚亲吻
thour (meme),レモンミーム
holding telescope,望遠鏡を保持します
anpan,あんパン
unworn blindfold,目隠しは削除されました
chipmunk,シマリス
lantern on liquid,灯籠流し
jessie (pokemon) (cosplay),ムサシコス
cummerbund,カマーバンド
heart cure watch,ハートキュアウォッチ
axent wear,アクセントウェア
wasabi,わさび
vitarka mudra,说法印
matryoshka doll,マトリョーシカ
fluffy legwear,ふわふわしたレッグウェア
food-themed necklace,食品をテーマにしたネックレス
smother,スモーザー
cloaca,泄殖腔
orange cloak,オレンジマント
clover-shaped pupils,クローバー型の生徒
underwater sex,水中セックス
poi (goldfish scoop),ポイ
pillow humping,枕オナニー
naked raincoat,裸レインコート
hole in head,頭の穴
applying bandages,包帯の適用
swirling,渦巻く
dark magician girl (cosplay),ダークマジシャンガール（コスプレ）
saliva swap,唾液交換
triple amputee,トリプル切断者
duck innertube,アヒルスイミングリング
super saiyan rose,超サイヤ人ロゼ
nude modeling,ヌードモデル
catfish,ナマズ
blue moon,ブルームーン
spinning weapon,くるくる武器
pecjob,男パイズリ
excalibur (fate/prototype),エクスカリバー・プロト
camel,ラクダ
gris swimsuit,グリス水着
medjed (fate) (cosplay),Medjed（Fate）（コスプレ）
tricycle,三輪車
refrigerator interior,冷蔵庫のインテリア
bard,吟遊詩人
hooded kimono,フード付き着物
stag beetle,クワガタムシ
yomiyama north junior high school uniform,夜見山北中学校
color-coded,カラーコーディング
taishou,大正ロマン
falling star,流れ星
barre,バレ
goron,ゴロン
blood on shoes,靴の血
guy tired after sex (meme),性交后的疲惫男人(表情包)
haki (one piece),覇気
pretzel bikini,襷ブラ
2001,2001年
two-finger handjob,指輪っか手コキ
meowing,ニャー
mobile trace suit,ファイティングスーツ
heartsteel (league),心之钢
japan ground self-defense force,陸上自衛隊
fetus,胎兒
hair scarf,髪のスカーフ
seasons,春夏秋冬
cleaning pool,プール掃除
naked bowtie,裸のボウタイ
checkered neckerchief,チェッカーネッカチーフ
wrong hand,間違った手
hand under shorts,ショートパンツの下の手
sotoba,卒塔婆
judge,さいばんかん
upright piano,アップライトピアノ
creeparka,クリーパーカー
riot shield,ライオットシールド
bow print,弓印刷
kindergarten teacher,保育士
plain,平原
unofficial sailor senshi uniform,セーラー戦士化
kfp,KFP
black santa costume,黒いサンタの衣装
animal background,動物の背景
military truck,軍用トラック
panda hat,パンダの帽子
psycho frame,サイコフレーム
gasp,あえぎ
lipps (idolmaster),リップス（アイドルマスター）
wicker basket,ウィッカーバスケット
recruiters (disney),ヴィランズの手下
mihama junior high school uniform,ミハマ中学校のユニフォーム
traffic barrier,交通障壁
aqua outline,アクアアウトライン
bookstore,本屋
wilted ahoge,しおれしもの
stay gold clan (umamusume),ステゴ一族
shipping (fandom),関係チャッピング
extra teeth,余分な歯
numbers' uniform,ナンバーズスーツ
karate chop,チョップ
ganbaru pose,ガンバルのポーズ
lotus root,れんこん
leopard boy,ヒョウの少年
itasha,痛車
broken bottle,壊れたボトル
virgo (constellation),おとめ座
crocodile girl,鳄鱼娘
ukrainian text,ウクライナ語
glowing feather,輝く羽
corner,コーナー
trembling legs,震える足
f-15 eagle,イーグル
trailer,トレーラー
holding computer mouse,マウスを保持する（コンピューター）
tawawa challenge,たわわチャレンジ
elephant ears,エレファントイヤー
hollow (zenless zone zero),空洞(绝区零)
zippo lighter,ジッポライター
holojustice,ホロライブEN4期生
partially immersed,部分浸没
quarter rest,四分休符
veil lift,ベールリフト
july,7月
mvp,MVP
baluster,手すり子
doghouse,犬小屋
kneeing,膝蹴り
taut sweater,ぴんと見たセーター
smelling armpit,腋嗅ぎ
ss insignia,SS Insignia
shoe loss,靴の損失
sun shower,日照り雨
vivid bad squad (project sekai),ビビバスミク
elevator door,エレベータードア
fur-trimmed sweater,毛皮のトリミングされたセーター
coat rack,ハットラック
stuffed wolf,ぬいぐるみ
face in crotch,脸贴裆部
carabiner,カラビナ
print umbrella,傘を印刷します
snowboarding,スノーボード
nose art,ノーズアート
finger cannon,指鉄砲
saikai academy school uniform,彩海学園の制服
floorplan,見取り図
yogurt,ヨーグルト
triple ryuunen,とりぷる留年
selection university (emblem),セレクション大学（エンブレム）
grey pajamas,灰色のパジャマ
afterburner,アフターバーナー
whale shark,ジンベエザメ
fear of ghosts,ファスム恐怖症
sai (weapon),釵
pisces (constellation),うお座
electric kettle,電気ケトル
group incest,グループ近親相姦
entrails,内臓
wrists extended,手首が延長されました
holding bandages,包帯を保持します
fox costume,キツネの衣装
mandrake,マンドラゴラ
yari,槍
hishimochi,菱餅
pink garter straps,ピンクのガーターストラップ
blank page,空白ページ
argyle scarf,アーガイルスカーフ
blender (object),ミキサー
middle eastern architecture,アラビアの建築
pill in mouth,舌のピル
1up,1アップ
diving helmet,ダイビングヘルメット
ouran high school uniform,ウラン高校の制服
pushing down,押し倒し
go back!,カエレ!
cinnamon stick,シナモンスティック
car crash,こうつうじこ
june,6月
aqua capelet,アクアカペレット
projector,プロジェクタ
lubrication,潤滑
speech stab,スピーチの刺し傷
fake box art,偽のボックスアート
amekaji gyaru,アメカジ
palm-fist greeting,拱手礼
restraints,拘束
mitsubishi motors,三菱自動車
wooden shield,木製の盾
unworn hairclip,ヘアリップが削除されました
broken moon,壊れた月
collarbone piercing,鎖骨ピアス
sprout on head,頭に芽
apron tug,エプロンタグ
samba costume,サンバ
pikachu tail,ピカチュウの尾
lcb uniform (project moon),LCBパロ
saishi,釵子
plaid pillow,格子縞の枕
tera orb,テラスタルオーブ
capricorn (constellation),やぎ座
hope's dusk (apex legends),レイスのクナイ
wet shorts,ウェットショーツ
skunk girl,スカンクガール
hopping,ホッピング
aqua sclera,Aqua sclera
waiting for kiss,キス待ち
arabesque (pose),アラベスク
no parking sign,駐車禁止
female footjob,足マン
bumping,ぶつかる
aries (constellation),おひつじ座
semi truck,セミトレーラー
water world,塩湖
junk,ジャンク
firing at viewer,視聴者の発射
checkered blanket,チェッカーブランケット
candy bar,キャンディーバー
mermaid dress,マーメイドドレス
bridgeless bra,ブリッジレスブラ
body bridge,ブリッジ
latex bikini,ラテックスビキニ
team galactic uniform,チームギャラクティックユニフォーム
cup size,サイズ申告
stomach day,いいおなかの日
against rock,ロックに対して
pov cheek warming (meme),ほっぺた温めてくれるダッフルコート
tadpole,おたまじゃくし
cockatiel,オカメインコ
spring rider,スプリング遊具
firefighter helmet,消防ヘルメット
bad end precure,バッドエンドプリキュア
skiing,スキー
gradient cape,勾配ケープ
sitting on own tail,自分の尾に座っています
pterosaur,翼竜
nice nature (umamusume) (cosplay),素敵な自然（umamusume）（コスプレ）
multicolored rose,多彩玫瑰
chloroform,クロロホルム
radar dish,レーダー料理
england,イングランド
remilia scarlet (cosplay),レミリアスカーレット（コスプレ）
claw mark,クローマーク
jiaoling ruqun,交领襦裙
metal mask,鉄仮面
august,8月
torn robe,破れたローブ
nissan skyline gt-r,スカイラインGT-R
patting lap,パッティングラップ
awakening (sennen sensou aigis),目覚め（Sennen Sensou Aigis）
chevron (symbol),シェブロン
earth eleven,アースイレブン
high school girls posing for google street view (meme),ストリートビューで見つけた
bus stop sign,バス停の標識
idol heart brooch (precure),アイドルハートブローチ
hoverboard,ホバーボード
wheel o feet,ホイールOフィート
grey tongue,灰色の舌
eldar,エルダー
dartboard,ダートボード
go-kart,ゴーカート
dodecagram,dodecagram
wireless,無線
stuffed mouse,ぬいぐるみマウス
transparent seat,透明なシート
dawn (pokemon) (cosplay),ドーン（ポケモン）（コスプレ）
seabird,海鳥
m1 garand,M1ガーランド
kodachi,小太刀
left-hand drive,左ハンドル
german shepherd,シェパード
princess peach (cosplay),プリンセスピーチ（コスプレ）
fur skirt,ファースカート
bola (weapon),ボラ（武器）
heart pouch,ハートポーチ
kokeshi,こけし
squeezing testicles,玉握り
forced partners,強制パートナー
panther boy,パンサーボーイ
black negligee,黒いネグリジー
fusion dance,フュージョン
ice shard,アイスシャード
dining room,ダイニングルーム
thaumiel (zenless zone zero),塔乌弥尔
see-through slingshot swimsuit,シースルー水着
sandbag,土嚢
dialogue,字幕
fur-trimmed bra,毛皮のトリミングブラジャー
watermelon beachball,スイカビーチボール
label,ラベル
russian empire,ロシア帝国
praetor suit,プレータースーツ
black fundoshi,ブラック・ファンドシ
blue penis,青いペニス
shears,剪定鋏
rainbow text,虹のテキスト
fairy type theme (pokemon),フェアリータイプ
dressed shadow (meme),シャドウビキニ
illumination stars (idolmaster),イルミネーションスターズ
thompson/center contender,トンプソン・コンテンダー
palace,宮殿
;|,; |
elbowing,肘打ち
negai wa itsuka asa wo koete (project sekai),願いは、いつか朝をこえて
towel rack,タオル掛け
solar panel,ソーラーパネル
plastic wrap,食品用ラップフィルム
usada pekora (cosplay),Usada Pekora（コスプレ）
removing pasties,撕下乳贴
wooden stool,木製のスツール
latex panties,ラテックスパンティー
male spitroast,男性のスピトロスト
mars (planet),火星
unworn collar,襟が削除されました
planted knife,植えられたナイフ
frilled cape,フリルケープ
beaver tail,ビーバーテール
penguin logistics (arknights),ペンギン急便
stuffed dragon,ぬいぐるみドラゴン
slit throat,首切り
purikura,プリクラ
alarm siren,警报
donkey ears,ロバ耳
knife in mouth,口の中のナイフ
gyari (imagesdawn) (style),Gyari（ImagesDawn）（スタイル）
404 logo (girls' frontline),404ロゴ（女の子の最前線）
radio tower,ラジオタワー
eyebrows visible through hat,帽子を通して見える眉
crying aqua (meme),アクア泣き顔
warehouse,そうこ
balloon animal,風船動物
striped wrist cuffs,縞模様の手首の袖口
ashiyu,足湯
christianity,キリスト教
re;iris (idolmaster),ことてまさき
seaside,シーサイド
chireiden,地霊殿
mackintosh rose,マッキントッシュローズ
sakakino academy school uniform,榊野学園の制服
boys anti tank rifle,男の子アンチタンクライフル
gold panties,ゴールドパンティー
uchiha symbol,うちはシンボル
cloud background,クラウドの背景
giraffe tail,キリンテール
hexagram hair ornament,ヘキサグラムの髪の飾り
e-liter 4k (splatoon),リッター4K
moai,モアイ像
good breasts day,いいおっぱいの日
breeding mount,擬牝台
hip flask,スキットル
burmecian,ネズミ族
jaw,顎
polka dot apron,ポルカドットエプロン
legless amputee,足なし
chain between breasts,胸の間のチェーン
bound breasts,胸部捆绑
h&k mp5k,H＆K MP5K
paper kabuto,紙兜
mizuna girls' academy school uniform,水名女学園
roulette,ルーレット
black dog,黒い犬
transparent fan,透明扇子
calamity queller (genshin impact),息灾
gazelle ears,ガゼルの耳
game boy color,ゲームボーイカラー
kissing nose,鼻にキス
spread anus under clothes,服の下に肛門を広げます
print hakama,ハカマを印刷します
trim brush,はけ
skating rink,スケートリンク
cecilia flower (genshin impact),塞西莉亚花
first aid,応急処置
deck of cards,カードのデッキ
footjob from behind,後ろからの足場
drawn horns,描かれた角
inflatable shark,インフレータブルサメ
narehate,成れ果て
karakusa (pattern),唐草
kankaku shadan,感覚遮断落とし穴
fatherly,父親
heart tail duo,ハートテールデュオ
striped wristband,ストライプリストバンド
robot bird,機械的な鳥
womb massage,体外式ポルチオマッサージ
67 (meme),シックスセブン
forced perspective,強制的な視点
mamianqun,马面裙
recording studio,レコーディングスタジオ
genba neko (meme),現場猫
palanquin ship,聖輦船
yoko littner (cosplay),ヨーコ・リットナー（コスプレ）
u.a. cheerleader uniform,U.A.チアリーダーのユニフォーム
stormtrooper,ストームトルーパー
shadaloo dolls,ベガ親衛隊
fallopian tubes,卵管
weimao,帷帽
no hands,手はありません
iced tea,アイスティー
flying type theme (pokemon),ひこうタイプ
belt bow,ベルトボウ
tied sweater,縛られたセーター
eighth rest,八分休符
swimsuit tug,水着のタグ
shirt cut meme,シャツカットミーム
fingerprint,指紋
kusarigama,鎖鎌
rainbow hair ornament,虹の髪の飾り
nissan silvia,シルビア(日産)
argyle sweater vest,アーガイルセーターベスト
birch tree,白樺
striped cape,縞模様のケープ
broken condom,破れゴム
mug writing,マグカップライティング
aqua apron,アクアエプロン
honeypot,ハニーポット
kukri,ククリナイフ
blue apple,ブルーアップル
webcam,ウェブカメラ
holding tripod,三脚を保持します
dynamo roller (splatoon),ダイナモローラー
around corner,角を曲がって
tail masturbation,尾のマスターベーション
first high school uniform,最初の高校のユニフォーム
rope walking,股縄渡り
2011 tohoku earthquake and tsunami,東北地方太平洋沖地震
floor lamp,落地灯
head on knees,膝の上に向かいます
cereal,コーンフレーク
ass-to-ass penetration,交尾結合
denim vest,デニムベスト
kanchou,カンチョー
american football (object),橄榄球
visual kei,ヴィジュアル系
striped towel,縞模様のタオル
war fan,軍扇
broken cup,壊れたカップ
nightshirt,ナイトシャツ
amphoreus (honkai: star rail),オンパロス
apple juice,リンゴジュース
badge (pokemon),ジムバッジ
playable character celebration,実装おめでとう
mixing,混合
shining,シャイニング
hufflepuff,ハッフルパフ
three-wheeler,三輪自動車
glowing hot,赤熱
brown eyeshadow,茶色のアイシャドウ
shuten douji (fate) (cosplay),酒呑童子コス
valve,バルブ
stepping on viewer,踏みつけ
dustpan,ちりとり
ascii art,アスキーアート
holding legwear,レッグウェアを持っています
chamomile,カモミール
gyarugasaki,ギャルヶ咲
hair over crotch,股間の髪
boar ears,イノシシ
splat bomb (splatoon),スプラッシュボム
okamochi (container),岡持ち
living weapon,生きている武器
dryad,ドリアード
simulated facial,顔射
fishing net,タモ網
energy shield,ビームシールド
detached horns,孤立した角
persona eyes,カッ
boonie hat,ブーニーハット
food-themed hat ornament,食べ物をテーマにした帽子飾り
april,4月
foot wraps,フットラップ
fishnet fabric,フィッシュネットファブリック
cat slippers,猫のスリッパ
bulges touching,兜合わせ
bras d'honneur,お姉ちゃんに任せなさい
foot massage,足のマッサージ
multiple halos,複数のハロー
politician,政治家
dream c club uniform,Dream C Clubのユニフォーム
barking,吠える
washtub,たらい
anti-rain (girls' frontline),AR小隊
marlboro,マルボロ
sword fingers,剑指
capsule corp,カプセルコーポレーション
mandragora,マンドラゴラ
bow swimsuit,弓水着
nose picking,鼻ほじり
cat loaf,香箱座り
superhero landing,スーパーヒーロー着地
striped innertube,ストライプインターブ
clitoral stimulation through clothes,隔着衣服刺激阴蒂
human village (touhou),人間の里
drawn eyes,目に描かれた
head mirror,額帯鏡
ember celica (rwby),エンバー・セリカ
panty mask,パンティーマスク
white facial hair,白い顔の毛
pokemon center,ポケモンセンター
kerosene heater,石油ストーブ
xbox 360,Xbox360
yellow serafuku,黄色のセラフク
gas station,ガソリンスタンド
stg44,STG44
smelling underwear,アソコの匂い
prosthetic weapon,補綴武器
no choker,チョーカーはありません
tube socks,チューブソックス
scoreboard,スコアボード
flapper shirt,フラッパーシャツ
titan (titanfall),タイタン（タイタンフォール）
hand on belt,ベルトの上の手
hacksaw,弓ノコ
misato west high school uniform,美里西高校
holding pill,丸薬を持っています
golden spiral,黄金螺旋
1960s (style),1960年代（スタイル）
octopus hair ornament,タコの髪の飾り
telnyashka,Telnyashka
golden egg (splatoon),金イクラ
origami bird (honkai: star rail),折り紙の小鳥
severed torso,切断された胴体
snail shell,カタツムリの殻
nakabayashi yoshitaka's maid uniform,ヨシタカの中山のメイドユニフォーム
azrael (sword) (fate),死告天使
oppai challenge,おっぱいチャレンジ
chicken costume,鶏の衣装
poem,詩
pantograph,パンタグラフ
tokiwadai school swimsuit,Tokiwadai School Swimsuit
studio,スタジオ
sharing,共有
obsidian slasher,黒曜石の斬撃
anteater tail,アリタンテアの尾
body exploration,性器観察
hobble dress,束缚连衣裙
pillow fight,枕投げ
not for sale,非売品
shirt down,シャツダウン
black snake,黒いヘビ
bladder,膀胱
naked costume,裸の衣装
soup ladle,スープのひしゃく
churchill (tank),チャーチル
sailor one-piece swimsuit,セーラーワンピース水着
tri rod,トリィロッド
japanese postal mark,郵便マーク
hell,地獄
water tower,給水塔
drinking blood,血を飲む
n-zap (splatoon),n-zap（スプラトゥーン）
id photo,証明写真
cum in bowl,ボウルに精液
babylonia (fate/grand order),バビロニア
katsuyamamage,かつやままげ
yakumo yukari (cosplay),Yakumo Yukari（コスプレ）
cocoon,繭
four-leaf clover earrings,四葉のクローバーイヤリング
marriage certificate (object),婚姻届
brown one-piece swimsuit,茶色のワンピース水着
gimp suit,GIMPスーツ
geisha,芸者
snowman hair ornament,雪だるまの髪の飾り
cumdrip onto panties,パンティーに累積します
embroidered dress,刺繍ドレス
ink on face,顔にインク
glowing tail,輝く尾
crown (symbol),クラウン（シンボル）
chinese wedding,凤冠霞帔
aquarius (constellation),みずがめ座
balkenkreuz,バルケンクロイツ
mushroom cloud,キノコ雲
hololive summer 2022 swimsuit,ホロライブ・サマー2022
squid hat,イカの帽子
charles schulz (style),チャールズシュルツ（スタイル）
under shot,ショットの下
checkmark,チェックマーク
clown mask,ピエロマスク
^q^,^q^
berserker armor,バーサーカーアーマー
holding drawing tablet,描画タブレットを保持します
paneled background,パネルの背景
no cardigan,カーディガンはありません
leg wings,脚の翼
burning clothes,燃えている服
pushing face,推脸
euphemism,e曲表現
cross-laced gloves,架橋手袋
hip attack,ヒップアタック
doll on head,頭の人形
ant girl,アリ娘
team flare,フレア団
otoshidama,お年玉
kawaii boku to 142's (idolmaster),カワイイボクと142's
stuffed pig,詰め物
toe sucking,つま先吸う
explosion gag,爆発オチ
stielhandgranate,ポテトマッシャー
shedding,脱落
runway,滑走路
body chain,ボディチェーン
toyota sprinter trueno,スプリンタートレノ
fixed-point camera,定点カメラ
waistband,ウエストバンド
pokemon ability,とくせい
dim sum,廣式點心
red fire,赤い炎
x-ray film,レントゲン写真
sprain,ねんざ
cross-laced pants,架橋パンツ
chrysos heirs (honkai: star rail),黄金裔
year of the monkey,申年
recharging,充電
macintosh,マッキントッシュ
gradient bow,グラデーションボウ
bamboo slips,竹简
tent interior,帐篷内部
double bikini,ダブルビキニ
sunburn,晒伤
tsuruga school uniform,ツルーガ学校の制服
bonk,ボンク
skirt around ankles,足首の周りのスカート
no ears,耳はありません
welrod,ウェルロッド
minnie mouse ears,ミニーマウスの耳
character balloon,キャラクターバルーン
himekaji,姫カジ
rugby uniform,ラグビーユニフォーム
fir tree,杉
licking navel,へそ舐め
wrist blades,パタ
egyptian art,エジプトの芸術
mushroom print,マッシュルームプリント
teitan high school uniform,テイタン高校のユニフォーム
sugar bowl,シュガーボウル
cocking gun,コッキング
jet engine,ジェットエンジン
true crime,不謹慎
iwi tavor,タボール
overflowing,溢れる
hostess,キャバ嬢
price list,価格表
winter gloves,冬の手袋
cantaloupe,カンタロープ
kawasaki (company),川崎重工業
sigil,紋章
interrupted,中断
taking cover,カバーする
mora (genshin impact),摩拉
armpit stubble,ジョリ腋
licking blade,刃物舐め
mg mg,もぐもぐ
jingle bell earrings,ジングルベルイヤリング
key frame,キーフレーム
jupiter symbol,木星シンボル
playing with hair,髪で遊ぶ
diagonal-striped skirt,斜めの縞模様のスカート
feathered dragon,羽のあるドラゴン
royal navy,イギリス海軍
face of the people who sank all their money into the fx (meme),FXで有り金全部溶かす人の顔
paper child,ペーパーチャイルド
pectoral lift,胸唇
riding bird,鳥に乗る
cubicle,こしつ
artstation logo,アートステーションのロゴ
genius invokation tcg,七圣召唤
elasticity,弾性
red lightning,赤い稲妻
sagiri (kancolle) (cosplay),狭霧の水着
skipping,スキップ
penis sheath,ペニスソックス
year of the goat,未年
pokestar studios,ポケウッド
double cheek kiss,二重頬のキス
digital hazard,デジタルハザード
fiat,フィアット
print mask,マスクを印刷します
furin (bell),ふうりん
soft focus,ソフトフォーカス
product girl,製品ガール
hands on penis,ペニスの実り
volumen hydragyrum (fate),ボリュールハイドラム（運命）
night battle idiot,夜戦バカ
akihabara (tokyo),アキバ
animal-shaped pillow,動物の枕
title page,タイトルページ
as i've written (honkai: star rail),如我所书
sari,サリー
giraffe girl,キリンガール
hair blush,髪の赤面
knee brace,膝のブレース
table knife,テーブルナイフ
holding pinwheel,ピンホイールを保持します
animal between breasts,胸の間の動物
mandala,曼荼羅
emoji censor,自主規制
dress flip,ドレスフリップ
secret stone,秘石(ティアーズオブザキングダム)
gentiana (flower),リンドウ
ice bucket,アイスバケツ
blind obsession (e.g.o),盲目
cinderella bust,シンデレラバスト
soccer field,足球场
impossible towel,不可能なタオル
youtube username,YouTubeユーザー名
rainbow skirt,レインボースカート
purple nightgown,紫色のナイトガウン
mandalorian,マンダロリアン
acrylic stand (object),アクリルスタンド(アイテム)
aqua sarong,アクア・サロン
doormat,玄関マット
october,10月
cruiser,巡洋艦
thigh scrunchie,太もものシュリューティー
gibbous moon,凸月
#unicus (idolmaster),ユニット名募集中
holoforce,ホロふぉーす
mini shako cap,ミニシャコキャップ
thors military academy class vii uniform,Thors Military AcademyクラスVIIユニフォーム
algae,藻
print bag,プリントバッグ
food-themed pillow,食品をテーマにした枕
cum bath,ザーメン風呂
sports sunglasses,スポーツサングラス
sapling,苗木
blackberry (fruit),ブラックベリー
non-pubic inmon,淫紋
pencil mustache,鉛筆口ひげ
swimsuit theft,水着の盗難
bandaid on breast,乳房のバンダイド
howling,ハウリング
zebra,シマウマ
jammers,ジャマー
checkered apron,チェッカーエプロン
shinsengumi (gintama),真選組
apple tree,林檎の木
anvil,金敷き
public urination,公共の排尿
legskin,脚キン
smoothie,スムージー
drinking fountain,水飲み場
orange male underwear,オレンジ色の男性下着
listening,聞いている
vomiting cum,ザーゲロ
towel on legs,浴巾盖在腿上
butterfly mask,蝶のマスク
tasmanian devil tail,タスマニアの悪魔の尾
shutter shades,シャッターシェード
sitting on torii,トリイに座っています
lasso of truth,真実のラッソ
cross piercing,クロスピアス
countdown timer,カウントダウンタイマー
st. miator school uniform,聖ミアトル女学園
roasting,炙る
hot limit,コーラを振るだけ
jirou (ramen),ラーメン二郎
desire driver,デザイアドライバー
qbz-95,95式自動歩槍
chinchilla girl,チンチラガール
hand on sheath,シースに手をかけます
aoki ume (style),蒼樹うめ
philosopher's stone,賢者の石
thumb (identity) (project moon),親指(ProjectMoon)
hand gagged,ハンドギャグ
throwing person,投げる人
tug,引っ張る
flower bikini,フラワービキニ
wooden pencil,木製の鉛筆
standing leg lock,站立腿锁
trim marks,トリムマーク
gladiolus,グラジオラス
husband and wives,夫と妻
horseshoe print,ホースシュープリント
3 3,目が3
hoof shoes,ひづめの靴
triceratops,トリケラトプス
fn five-seven,5-セブン（銃）
making faces,顔を作る
brown facial hair,茶色の顔の毛
red-crowned crane,タンチョウヅル
manhole,マンホール
mid-stride,ミッドストライド
printer,プリンター
lamia boy,ナーガ
inugami-ke no ichizoku pose,犬神家の一族
alternate element,代替要素
huffing,ハフ
hecatia lapislazuli (cosplay),Hecatia Lapislazuli（コスプレ）
balancing on head,頭のバランス
grey umbrella,灰色の傘
heat hawk,ヒートホーク
on counter,カウンター
wasp,スズメバチ
bound feet,バインドされた足
condom in hair,コンドーム髪留め
upside-down kiss,逆さキス
crystallization,結晶化
red carnation,レッドカーネーション
repair bucket,高速修復材
ohitsu,お櫃
restroom symbol,トイレシンボル
raccoon hood,アライグマフード
rabbit choker,バニーチョーカー
unworn cardigan,カーディガンは削除されました
gerwalk,ガウォーク
orion (constellation),オリオン座
light nipples,浅色乳头
golden wings,黄金の翼
meal,食事
buruma under skirt,スカートの下のブルーマ
latex skirt,ラテックススカート
coin flip,コイントス
leo/need (project sekai),レオニ
laundry pole,物干し竿
covered armpit,透け腋
moriya shrine,守矢神社
bagel,ベーグル
straw (stalk),藁
hakugyokurou,白玉楼
statue of the seven,七天神像
ballroom,ボールルーム
construction,工事
orange umbrella,オレンジ色の傘
flying boat,飛行艇
pencil behind ear,耳の後ろの鉛筆
purple garter belt,紫色のガーターベルト
masturbating while watching,見ている間自慰行為
haze,ヘイズ
calculator,電卓
severed leg,切断された脚
patissier,パティシエ
buttoning,ボタン化
finger wagging,指がぐらぐら
rebar,鉄筋
ski pole,ストック
grey scrunchie,灰色のシュシュ
desert camouflage,砂漠のカモフラージュ
in bubble,泡の中
kokiri,コキリ族
onsen symbol,温泉マーク
patriotism,ナショナリズム
stone pillar,石柱
implied tail plug,暗黙のテールプラグ
surgeonfish,ニザダイ科
eighteen (fate),名剣エイティーン
writing on wall,壁に書く
winchester model 1897,ウィンチェスターモデル1897
lahti-saloranta m/26,サロランタ軽機関銃
holotempus,ホロスターズEN1期生
mori kei,森ガール
eavesdropping,盗み聞き
pearl anklet,パールアンクレット
flandre day,7月4日はフランの日
snail girl,カタツムリ娘
signal flag,海軍の旗
yellow mittens,黄色のミトン
kissing shoulder,肩のキス
double arm hug,ダブルアームの抱擁
porsche 911,ポルシェ911
gift card,ギフトカード
million dreams (idolmaster),ミリオンドリームス
red bean paste,あんこ
glass wall,ガラスの壁
alternate ears,代替耳
naked armor,裸の鎧
pillbug,ダンゴムシ
legs behind head,頭の後ろの足
opposing sides,对立双方
black gothic dress (idolmaster),ブラックゴシックドレス
double \n/,double \ n/
lion costume,ライオンの衣装
file cabinet,ファイルキャビネット
luchador,ルチャドール
alternate animal ears,代替動物の耳
dildo reveal,ディルドが明らかにします
american football (sport),アメリカンフットボール
protocol omega,プロトコル・オメガ
lounging,ラウンジ
coffee grinder,コーヒーミル
anti-demon corps uniform,魔防隊の制服
character select,キャラクターセレクト
japanese national soccer team uniform,サッカー日本代表
clawed boots,クローズドブーツ
segway,セグウェイ
dualsense,デュアルセンス
serval,サーバルキャット
soul patch,魂のパッチ
gear print,ギアプリント
slimy,ぬるぬる
doubledriver,ダブルドライバー
fusion swords,融合剣
december,12月
unison (nanoha),ユニゾン（ナノハ）
yellow suit,黄色のスーツ
peach blossom,桃花
soap dispenser,石鹸ディスペンサー
akiha school uniform,朱葉女子高等学校
after insertion,挿入後
snow sculpture,雪像
rebreather,レブラー
hip hop,ヒップホップ
penguins performance project (kemono friends),PPP(けものフレンズ)
roseate desire (e.g.o),桃色契约
kashiwa mochi (food),かしわ餅
adjusting collar,カラーの調整
elpis flower,エルピスの花
jaeger (pacific rim),イェーガー(パシフィック・リム)
backstage,舞台袖
o-ring legwear,Oリングレッグウェア
balletcore,バレエコア
splat dualies (splatoon),スプラマニューバー
ribbed swimsuit,リブ付き水着
st. feles gakuen uniform,st。フェレス・ガクエンのユニフォーム
charisma guard,カリスマガード
aqua tank top,アクアタンクトップ
menpu,面布
uncomfortable,気まずい
rope gag,ロープギャグ
jodhpurs,ジョードパーズ
honda super cub,スーパーカブ
pink suit,ピンクのスーツ
broken screen,壊れた画面
clothes gag,衣服口塞
kicking viewer,視聴者を蹴る
polka dot innertube,Polka Dot Innertube
sabotaged condom,穴あきゴム
yato (fire emblem),夜刀神(FEif)
rabbit earmuffs,バニーイヤーマフ
tv show,エロバラエティ
legs on table,テーブルの脚
vulcan salute,バルカンの敬礼
coaster,コースター
tribadism through clothes,服を通してトライバディズム
marley military uniform,マーリー軍服
scout movement,ボーイスカウト
gummy bear,くまグミ
senriyama school uniform,セナヤマの制服
pug,パグ
raimon school uniform,ライモンスクールユニフォーム
november,11月
guqin,古琴
wing hug,翼の抱擁
donkey,ロバ
work gloves,軍手
broken heart print,傷ついたハートプリント
toy train,おもちゃの列車
space habitat,スペースコロニー
mischievous straight uniform (blue archive),イタズラ☆ストレート
blue whale,シロナガスクジラ
oarfish,リュウグウノツカイ
sword in head,頭の中の剣
saber alter (cosplay),セイバーアルター（コスプレ）
yuzu bath,ゆず湯
windshield,フロントガラス
bright background,明亮的背景
glasses day,メガネの日
holding mistletoe,ヤドリギを保持します
facial expression training,表情練習用
energy tank,E缶
chopsticks in mouth,口の中の箸
happy easter,イースター、おめでとう
sega dreamcast,ドリームキャスト
ultramarines,スペースマリーン
pink moon,ピンクの月
spyglass,海盗望远镜
he wants to order (meme),彼は注文したい（ミーム）
brown leggings,茶色のレギンス
caveman,原始人
mini cooper,ミニ
cum swap,兼スワップ
jerry can,ジェリカン
autopaizuri,セルフパイズリ
garnet rod,ガーネット・ロッド
bikini bottom lift,掀起比基尼下衣
gibson flying v,フライングV
supreme (brand),シュプリーム
marching,マーチング
lace-up,レースアップ
harukawa moe (style),春河もえ
vertical-striped apron,垂直縞模様のエプロン
aqua pubic hair,アクア陰毛
fatal fury cap,致命的なフューリーキャップ
applying gag,ギャグを適用します
gangster,ギャングスター
ice type theme (pokemon),こおりタイプ
frilled bowtie,フリルボウタイ
unfastened,解除されていません
goldfish print,金魚のプリント
rider kick,ライダーキック
elevation contour lines,等高线
growling,うなり声
weather vane,風見鶏
normin (tales),ノルミン（物語）
cooperative buttjob,W尻コキ
liyue harbor,璃月港
ironwork,鉄工
palutena bow (kid icarus),パルテナの神弓
bad vulva,悪い外陰
shinto,神道
megastructure,メガストラクチャー
convention greeting,コンベンションの挨拶
motteke! serafuku,もってけ!セーラーふく
av idol,AVアイドル
planted polearm,槍の植えられた槍
broom surfing,立ち乗り
rabbit ear legwear,バニーイヤーレッグウェア
solar system,太陽系
counting,数える
jockey,ジョッキー
sanitized (splatoon),消毒
colored armpit hair,色付きの脇の下の髪
vertical-striped bow,垂直縞模様の弓
wet fundoshi,ウェットファンドシ
gunshot wound,銃創
triangle choke,三角絞め
march,3月
sidecar,サイドカー
shikai no sumi kuchiru oto,視界の隅_朽ちる音
menstruation,生理
bandaged ear,包帯耳
dinosaur hood,恐竜フッド
sumi-e,墨絵
helping,助ける
tinsel,ティンセル
skorpion vz. 61,Skorpion VZ。 61
justice task force (blue archive),正義実現委員会
zongzi,ちまき
zebra girl,ゼブラガール
burger hair ornament,ハンバーガーの髪の飾り
aether foundation uniform,エーテルファンデーションユニフォーム
666,666
horse mask,馬マスク
kashima (kancolle) (cosplay),カシマ（カンコル）（コスプレ）
ocean sunfish,マンボウ
ice cream crepe,アイスクリームクレープ
vietnam war,ベトナム戦争
cigarette holder,シガレット・ホルダー
vertical-striped one-piece swimsuit,垂直縞模様の水着
pitfall,落とし穴
nissin donbei,どん兵衛
post and rail fence,ポストとレールフェンス
human (warcraft),人間（warcraft）
fat joke,太った冗談
bucket of chicken,オリジナルチキン
leaf fan,葉扇子
mechanical gloves,メカニカルグローブ
stable,厩舎
sea serpent,シーサーペント
ultraviolet light,紫外線
christmas cake,クリスマスケーキ
super saiyan god,超サイヤ人ゴッド
stuck in the past,走るジェネレーションギャップ
bousouzoku,ぼうそうぞく
sword mastery academy school uniform,ソードマスタリーアカデミーユニフォーム
sleeve tied shut,绑紧的袖子
macaw,コンゴウインコ
electronic cigarette,ベイプ
magic circuit,魔術回路
imminent vore,差し迫ったつがみ
alstroemeria (idolmaster),アルストロエメリア（アイドルマスター）
shitty t-shirt naval base,クソT鎮守府
envy,羡慕
all-out attack,総攻撃チャンス
brown jumpsuit,茶色のジャンプスーツ
seraphim (one piece),セラフィム(ONEPIECE)
french braided twintails,法式编发双马尾
spoon hair ornament,スプーンの髪の飾り
bloom festival (project sekai),ブルームフェス
guillotine,ギロチン
fujimaru ritsuka (female) (cosplay),藤原ritsuka（女性）（コスプレ）
fn scar 17,fn scar 17
too many scoops,スクープが多すぎます
konpaku youmu (cosplay),Konpaku Youmu（コスプレ）
super famicom controller,スーパーファミコムゲームパッド
man face,男の顔
cum on gloves,手袋に精液
antelope horns,羚羊角
adjusting bowtie,ボウタイの調整
dealer (gambling),ディーラー
carro veloce cv-33,Carro Veloce CV-33
chullo,チュージョ
rem (re:zero) (cosplay),rem（re：zero）（コスプレ）
gas cylinder,ボンベ
spider-man (cosplay),スパイダーマン（コスプレ）
swiss flag,スイスの国旗
frost,しも
coughing blood,喀血
swiss cheese,スイスチーズ
reporter,リポーター
thief,シーフ
brushing another's teeth,歯磨きプレイ
the fool (tarot),愚者(塔罗牌)
dildo harness,ディルドハーネス
ten of hearts,10の心
mitsukoshi (department store),三越
shockwave,衝撃波
in cell,セルで
carving,彫る
nail clippers,爪切り
frilled innertube,フリルインチューブ
bouncing hair,髪を跳ねます
fan speaking,ワレワレハウチュウジンダ
open cockpit,オープンコックピット
seminar (blue archive),セミナー(ブルーアーカイブ)
king of spades,スペードのK
wet jacket,ウェットジャケット
stuffed duck,ぬいぐるみ
closing door,ドアを閉める
cum on testicles,test丸の精液
bearhug,ベアハッグ
imminent hand holding,即将牵手
areola piercing,areola Piercing
octavinelle dorm,オクタヴィネル寮
tonsure,トンスラ
kissing ear,耳にキス
handcuff dangle,手錠のぶら下がり
sefirot,セフィロト
removing bra under shirt,シャツの下でブラジャーを取り外します
can to cheek,頬にできます
lemon earrings,レモンイヤリング
no scarf,スカーフはありません
london,ロンドン
juggling club,ジャグリングクラブ
giant mushroom,大きな茸
nibbling,ニブリング
hot drink,ホットドリンク
nissan fairlady z,フェアレディz
brown pajamas,茶色のパジャマ
ebony & ivory,エボニー&アイボリー
nobiiru arm,のびーるアーム
stroller,ベビーカー
glass bowl,ガラスのボウル
cafeteria,食堂
3;,3;
january,1月
woollen cap,ウールキャップ
cosmic heart compact,コズミックハートコンパクト
five of hearts,5つの心
playstation 1,プレイステーション
sitting on wall,壁に座っています
cellphone strap,携帯ストラップ
cum on figure,フィギュアぶっかけ
missing poster,ポスターがありません
multishot rocket launcher,マルチショットロケットランチャー
checkered pillow,市松模様の枕
piggy bank,貯金箱
see-through shorts,シースルーショーツ
fox platoon (blue archive),FOX小队
bad gun anatomy,悪い銃の解剖学
behind curtains,在窗帘后面
military jeep,ジープ
september,9月
box stack,ボックススタック
lazulight,lazulight
fare gate,改札口
tracen academy,トレセン学園
more more jump! (project sekai),モモジャン
koto (instrument),コト（楽器）
sewer,下水道
staple,主食
akg k-series headphones,K701
fish hat,魚の帽子
bikkuriman (style),ビックリマン風
toad (animal),ヒキガエル
striped capelet,縞模様のカペレット
jungle gym,ジャングルジム
fire axe,消防斧
roubai academy school uniform (old),ルバイアカデミースクールユニフォーム（古い）
bath of blood,血風呂
semi-transparent,半透明
mjolnir (marvel),ムジョルニア
stuffed cow,ぬいぐるみ
inarizushi,いなり寿司
amos' bow (genshin impact),アモスの弓
rokku gyaru,ロックギャル
see-through towel,透けタオル
apocalypse,黙示録
flags of all nations,万国旗
riding boots,乗馬ブーツ
master dojo uniform,マスター・ドジョのユニフォーム
hitbox,当たり判定
novum chaldea,ノウム・カルデア
jellyfish hair ornament,クラゲの髪の飾り
backflip,後方宙返り
ground vehicle,地上車両
hand to hand,手から手から
abduction,アブダクション
dojo,道場
ribbon-trimmed shorts,リボントリミングされたショートパンツ
sanbaka anniversary outfit,アンジュ・カトリーナ(さんばか新衣装)
dango milk (genshin impact),团子牛奶
kelp,昆布
february,2月
scorpion girl,ギルタブリル
catheter,カテーテル
paparazzi,パパラッチ
coal,石炭
ptsd,トラウマ
spiked,スパイク
g-spot stimulation,Gスポット
apron pull,エプロンプル
meerkat tail,Meerkat Tail
hat basket,帽子バスケット
gambol shroud,Gambolシュラウド
the lovers (tarot),恋人(タロット)
ze (phrase),ぜ
objection,異議あり!
cookie hair ornament,クッキーの髪の飾り
m134 minigun,M134ミニガン
mouth beam,口からビーム
unbuttoned sleeves,ボタンのない袖
loose pants,ゆったりとしたズボン
panzerfaust,パンツァーファウスト
tube top lift,チューブトップリフト
security guard,警備員
hole in face,顔の穴
body modification,肉体改造
two of spades,2つのスペード
martini,マティーニ
no vest,ベストはありません
mercury symbol,水銀シンボル
you gonna get eaten,あなたは食べるつもりです
pantyhose tug,パンストのタグ
holding cd,CDを保持しています
eyewear view,眼镜视图
blowing in ear,耳に吹く
gunkanmaki,軍艦巻
chinese spoon,レンゲ(食器)
colored tears,色付きの涙
landing gear,着陸装置
akg,Akg
water wheel,水車
cirno (cosplay),Cirno（コスプレ）
revealing tanlines,Tanlinesを明らかにします
single tooth,単一の歯
hug and suck,腰抱きフェラ
prostate massager,エネマグラ
street snap,ストリートスナップ
doqute stuffed doll,どきゅーと
sand writing,砂遊び
lamellar armor,ラメラアーマー
toy sword,おもちゃの剣
wolf's gravestone (genshin impact),狼的末路
camouflage scarf,カモフラージュスカーフ
kujo jotaro (cosplay),Kujo Jotaro（コスプレ）
hot sauce,ホットソース
gas can,燃料容器
wing censor,翼検閲
clothes-dissolving potion,服だけを溶かす薬
earplugs,耳栓
galactic empire (star wars),銀河帝国(STARWARS)
team skull uniform,チームスカルユニフォーム
weapon on floor,床に武器
union jack print,ユニオンジャックプリント
hilt,柄
italian flag print,イタリアの旗印刷
menstrual pad,ナプキン
love handles,浮き輪肉
national verbena academy school uniform,国立バーベナ学園
paperwork,じむしょり
mayonnaise bottle,マヨネーズボトル
fox hood,フォックスフード
defy (girls' frontline),反逆小隊
gold one-piece swimsuit,金色水着
imminent punch,差し迫ったパンチ
polka dot kimono,ポルカドット着物
kjerag logo,谢拉格标志
ominous shadow,不吉な影
bandaid on clothes,服のバンダイド
zonai,ゾナウ
omnitrix,Omnitrix
dancer's costume (dq),踊り子の服
wax play,ろうそくプレイ
avocado,わになし
grappling hook,グラップリングフック
red sheet,赤いシート
master crown,マスタークラウン
swinging legs,足を振る
appmon,アプモン
umeboshi,梅干し
top-load washing machine,波轮洗衣机
pearl clan outfit,真珠一族の衣装
hover hand,ホバーハンド
hose nozzle,ホースノズル
b3 wingman,B3ウィングマン
crisis moon compact,クライシスムーンコンパクト
maboroshi no ginzuishou,幻の銀水晶
fox print,フォックスプリント
stalagmite,石笋
sneaking suit,こっそりスーツ
behind tree,木の後ろ
seeing stars,ピヨる
quality,ヤシガニ
hat writing,帽子の書き込み
glacier,氷河
revealing chastity cage,貞操帯
doorbell,ドアベル
elbow cutout,肘の切り抜き
glance,一目
raised fists,拳を上げた
cz 75,CZ-75
star rod,スターロッド
luigi (cosplay),ルイージ（コスプレ）
misty lake,霧の湖
no anus,肛門はありません
ankle gun,足首の銃
walther p38,ワルサーP38
squat (exercise),スクワット
hand over heart,心を渡します
fourth of july,7月4日
dollhouse view,娃娃屋视角
switch,スイッチ
shiny pantyhose,光沢のあるパンスト
egg implantation,産み付け
crushed can,押しつぶされた缶
storage pot,壷
lightning background,稲妻の背景
holding wig,かつらを保持します
reunion logo (arknights),再会ロゴ（arknights）
public bondage,公共の束縛
against mirror,鏡に対して
mystic eyes of enchantment,魅了の魔眼
poke doll,ピッピにんぎょう
dashing,威勢のいい
dress in mouth,嘴里含着连衣裙
eiserne jungfrau,Eiserne Jungfrau
joint (drug),共同（薬物）
tree print,ツリープリント
volkswagen beetle,フォルクスワーゲン・タイプ1
piper perri surrounded (meme),パイパー・ペリー
distracted boyfriend (meme),気を散らす彼氏（ミーム）
mourning,喪
throne room,謁見室
unraveling,解明
submarine sandwich,潜水艦サンドイッチ
playboy bunny swimsuit,水着バニー
brown male underwear,茶色の雄の下着
delusion (genshin impact),邪眼
trench,塹壕
adjusting mask,マスクの調整
three of hearts,3つの心
hanging food,ぶら下がっている食べ物
anal ball wear,Aストリングス
m16a2,コルト・カナダC7
extreme dangling,極端なぶら下がり
two of hearts,二つの心
kiss chart,キスチャート
majo shuukai de aimashou,魔女集会で会いましょう
rally car,ラリーカー
carp,フナ
hadouken,波動拳
kama (weapon),鎌
bra on head,ブラミミモード
ranunculus,ラナンキュラス
broken ground,壊れた地面
chopstick rest,箸置き
leather bikini,革のビキニ
bullet necklace,弾丸ネックレス
target practice,射撃練習
imp,小悪魔
reincarnation,生まれ変わり
airplane arms,ブーン
handbell,ハンドベル
cinnamon roll,肉桂卷
dotera (clothes),どてら
shampoo hat,シャンプーハット
vertical-striped leotard,垂直縞模様のレオタード
akira slide,金田スライドブレーキ
monkey mask,モンキーマスク
pachinko,パチンコ
communism,赤いpixiv
kiki (majo no takkyuubin) (cosplay),kiki（majo no takkyuubin）（コスプレ）
anglerfish costume,あんこうスーツ
kotori photobomb,生えてくることり
vasavi shakti (fate),日輪よ、死に随え
yonic symbol,ヨニックシンボル
hatsuyume,初夢
furnace,かまど
indonesian flag,インドネシアの国旗
ko~n,こーん
hurdle,ハードル
clitoris tweak,捏阴蒂
purple mittens,紫のミトン
mouth guard,マウスガード
squirrel boy,リスボーイ
paizuri day,パイズリの日
tohsaka rin (cosplay),Tohsaka Rin（コスプレ）
power drill,パワードリル
catcher's mask,キャッチャーマスク
cheri berry,クラボのみ
nanahyakuichi middle school uniform,公立七百一中学校制服
mustard bottle,マスタードボトル
shikai,始解
ventilation shaft,換気シャフト
shotajiji,ショタジジイ
your present is me,プレゼントは私
rondel,ロンデル
katori (kancolle) (cosplay),香取の服
squirting liquid,液体を潮吹き
azalea (flower),つつじ
unworn apron,エプロンが削除されました
photocopier,コピー機
rescue,救援
;/,;/
camping chair,キャンプチェア
nail biting,爪噛み
f-14 tomcat,トムキャット
silver nails,シルバーネイル
microscope,けんびきょう
false arm,偽の腕
javelin (spear),やり投げ
blue gakuran,青ラン
tuba,チューバ
antelope ears,アンテロープの耳
speed limit sign,最高速度
thinking emoji,絵文字を考えています
petroleum,石油
tri-stringer (splatoon),トライストリンガー
sideways perpendicular paizuri,横乳ズリ
finnish flag,フィンランドの国旗
argentinian flag,アルゼンチンの国旗
scientific name,学名
pedophile,小児性愛者
ragfes,ラグフェス
fan to mouth,扇子靠嘴巴上
shaving cream,シェービングクリーム
sweater under jacket,ジャケットの下のセーター
leaning against motorcycle,靠在摩托车上
knee cutout,膝の切り抜き
florida bikini,フロリダビキニ
construction worker,建設労働者
open magazine,オープンマガジン
business card,名刺
yotsubato! pose,ヨツバト！ポーズ
bad reflection,悪い反射
narcissism,ナルシスト
uchuu kei,宇宙系
rhinoceros ears,サイの耳
gardevoir day,サーナイトの日
sword clash,鍔迫り合い
biting hair,髪を噛む
tsab naval military uniform,TSAB海軍の軍服
heavy splatling (splatoon),バレルスピナー
inazuma japan,イナズマジャパン
kagamine len (cosplay),カガミン・レン（コスプレ）
food-themed bag,食べ物をテーマにしたバッグ
carnivorous plant,食虫植物
tank cupola,キューポラ
penis and testicles touching,玉ズリ
too many rabbits,ウサギが多すぎます
revenge,復讐
unworn hoodie,パーカーが削除されました
reindeer hood,トナカイフッド
jk gumi (nijisanji),にじさんじJK組
wooden tray,木製のトレイ
slimification,スライム化
organ (instrument),オルガン
stitched fingers,縫い付けられた指
large forehead,大きな額
rocking horse,木馬
no nut november,ナッツはありません。11月はありません
bikini bridge,ビキニブリッジ
leotard lift,レオタードリフト
miyamori school uniform,ミヤモリ学校のユニフォーム
bound leg,バウンドレッグ
winged hairband,翼のあるヘアバンド
object behind ear,耳の後ろ
official cosplay,公式コスプレ
youtube creator award,YouTube Creator Award
implied penetration,暗黙の侵入
tobacco,たばこ
self milking,挤奶
torn hoodie,引き裂かれたパーカー
black rope,黒いロープ
katsudon (food),カツ丼
seafood,シーフード
umaibou,うまい棒
kiryuuin satsuki (cosplay),Kiryuuin Satsuki（コスプレ）
food on hair,髪の毛の食べ物
headwear writing,帽子の執筆
daito academy school uniform,大東学院
cygnus (constellation),はくちょう座
holding turret,タレットを保持します
domino high school uniform,ドミノ高校のユニフォーム
shima (pattern),島（パターン）
hazard stripes,ハザードストライプ
m1 helmet,M1ヘルメット
double bowtie,二層ボウタイ
heijou institute school uniform,hejou Institute学校の制服
biting penis,ペニス噛む
testicles on face,睾丸贴在脸上
hands on own crotch,双手放在自己的裆部
kissing stomach,胃にキス
brushing,ブラッシング
jojifuku,大人なのに女児服着てる
asacoco,あさココ
toy packaging,フィギュア箱
humpback whale,ザトウクジラ
zhouzi jin (headwear),周子巾
vortex vanquisher (genshin impact),贯虹之槊
brushing tail,テールブラッシング
crest worm,刻印虫
rolling sleeves up,ローリングスリーブアップ
carcano,カルカノM1938
quadcopter,Quadcopter
spread eagle position,大の字
cum on headwear,帽子の中出し
archer (fate) (cosplay),アーチャーコス凛
p-chan (p90),P-chan（P-90）
cutlery,カトラリー
yellow male swimwear,黄色の雄の水着
waking another,目覚まし
forehead flick,デコピン
haagen-dazs,ハーゲンダッツ
mikan box,みかん箱
steyr aug,ステアーAUG
pineapple print,パイナップル柄
venice,ベニス
flower facial mark,フラワーフェイシャルマーク
nuclear weapon,地球はかい爆弾
shouting with hands,手で叫ぶ
takeout container,テイクアウトコンテナ
skinny jeans,スキニージーンズ
arms on head,頭の腕
male prostitution,男娼
ei ei mun!,えい、えい、むん!
stone tablet,石版
lungmen dollar,龍門幣
sweden,スウェーデン
momotsuki gakuen school uniform,桃村ガクエン学校のユニフォーム
shed,小屋
aozora middle school uniform,あおぞら中学校
ars almadel salomonis (fate),アルス・アルマデル・サロモニス
green screen,グリーンバック
navel insertion,へそ挿入
spoon straw,スプーンストロー
servant card (fate/grand order),セイントグラフ
sex slave,性奴隷
red circle,赤い円
open cuffs,カフスを開きます
sale,セール
anchor tattoo,アンカータトゥー
japanese cylindrical postbox,丸型ポスト
bowling,ボウリング
feather-trimmed gloves,羽毛の手袋
elucidator,エリュシデータ
convenient head,便利な頭
artist painter,画家
defecating,排便
scarf on head,頭のスカーフ
racism,じんしゅさべつ
lich,リッチ(アンデッド)
fake nose,偽の鼻
painttool sai,ペイントツールサイ
pump,ポンプ
fez hat,フェズ帽
white gakuran,白ラン
vibrator on clitoris,阴蒂上的震动器
cross-species cosplay,クロス種のコスプレ
adapted object,適応オブジェクト
team yell,エール団
jason voorhees (cosplay),ジェイソンボーヒーズ（コスプレ）
fig sign,女握り
glowing armor,輝く鎧
chihuahua,チワワ
japan-korea yuri (meme),日韓百合
asics,アシックス
herringbone,ヘリンボーン
pointed footwear,尖った履物
melon slice,メロンスライス
no-show socks,船袜
centipede girl,ムカデ娘
eevee ears,Eevee Ears
ice flower,氷の花
large belt,大きなベルト
molotov cocktail,モロトフカクテル
male swimwear pull,男性の水着の引っ張り
iceberg,氷山
erdtree (elden ring),エルドリー（エルデンリング）
conifer,針葉樹
snow shovel,雪かき
post guild war celebration,古戦場おつかれさまでした
heisei,平成
luftwaffe,ルフトヴァッフェ
mazda mx-5,ロードスター
tiger ii,ティーガーII
igloo,イグルー
throwing poke ball,ポークボールを投げる
pokemon rgby (style),ポケモンRGBY（スタイル）
zunda mochi,ずんだ餅
hiroshimaben,広島弁
horosho,ハラショー
retaining wall,保持壁
lifestream,ライフストリーム
negative space oral (meme),SFWイラスト
instant ramen,インスタントラーメン
spain,スペイン
xtransceiver,ライブキャスター
head on another's stomach,他の人のお腹に向かいます
blackletter,ブラックレター
diving regulator,レギュレーター
looking at pussy,猫を見ています
disembodied tongue,离体舌头
herb bundle,ハーブバンドル
american football helmet,アメリカンフットボールヘルメット
dodge (company),ダッジ
konnyaku (food),こんにゃく
walfie (style),ウォルフィー（スタイル）
duck hair ornament,アヒルの髪の飾り
drawstring bag,ドローストリングバッグ
tarpaulin,ターポリン
in pot,ポットで
ryoubu torii,両部鳥居
moon uniform (houseki no kuni),月のユニフォーム（houseki no kuni）
swordfish,カジキ
holding bandaid,バンダイドを保持します
biting breast,豊胸
storm cloud,ストームクラウド
umbilical cord,へその緒
button prompt,ボタンプロンプト
open hatch,ハッチを開きます
veil over eyes,目の上のベール
ear sex,耳姦
biscuit (bread),ビスケット
three section staff,三節棍
cross (weapon),クロス（武器）
1-up mushroom,1UPキノコ
nonstandard furigana,義訓
rivets,リベット
kamura (armor),カムラ（鎧）
kakizome,書き初め
bat earrings,コウモリのイヤリング
military medic,衛生兵
glowing headgear,輝くヘッドギア
sailing,セーリング
double ok sign,ダブルOKサイン
circuit board print,回路基板プリント
bedwetting,おねしょ
heart-shaped cake,ハート型のケーキ
argyle coat,アーガイルコート
palette knife,パレットナイフ
springsuit,スプリングスーツ
taiko sticks,ばち
lightning scar,リヒテンベルク図形
red stone of aja,エイジャの赤石
rowan,ローワン
ots-14 groza,グローザ
teddy bear hair ornament,テディベアの髪の飾り
quadruple wielding,4倍の振る舞い
hamster costume,ハムスターコスチューム
vibrator on penis,阴茎上的震动器
ganbare ganbare (itou life),がんばれ♥がんばれ♥
kissing back,キスバック
confessional,告解室
chocolate on legs,足のチョコレート
pumpkin on head,頭にカボチャ
reality arc (sinoalice),リアリティアーク（シノアリス）
totoro bus stop,トトロバス停
open sign,オープンサイン
sign language,手話
nemes,Nemes
dawnmaker (honkai: star rail),ヘリオス
single inverted nipple,単一の逆乳首
flying car,空飛ぶ車
body control,操り
violin case,バイオリンケース
zarei,三つ指
garden of the sun,太陽の畑
cure black (cosplay),Cure Black（コスプレ）
milk tea,ミルクティー
expandable baton,特殊警棒
501st joint fighter wing,第501統合戦闘航空団
skirt under kimono,着物の下のスカート
blood on axe,xの血
spotted tail,斑点のある尾
see-through sports bra,透视运动胸罩
downcast eyes,ダウンキャストの目
felicia (darkstalkers) (cosplay),フェリシアコス
tractor beam,トラクタービーム
adobe photoshop,フォトショップ
florakinesis,木属性
tsuka-ito,柄糸
gym teacher,体育の先生
mating (animal),交尾
torn apron,引き裂かれたエプロン
knee spikes,膝のスパイク
top of moe 2019,MOE2019
manila envelope,档案袋
checkered pants,チェッカーパンツ
grass skirt,腰みの
male pregnancy,妊夫
kantoku (style),カントク
leaning against vehicle,靠在车辆上
teeth print,歯の印刷
sand dune,砂丘
ledge,棚
tamandua ears,タマンドゥアの耳
brown bandeau,ブラウンバンドー
gamecube controller,ゲームキューブコントローラー
goal,ゴール
holding stomach,胃を抱きます
leg holster,枪套(腿部)
script,台本
ice horns,アイスホーン
prisma illya (cosplay),イリヤズム
carrier,キャリア
mexican standoff,メキシコのスタンドオフ
shindouji school uniform,Shindouji School Uniform
cat tree,キャットタワー
dango hair ornament,ダンゴの髪の飾り
tying necktie,タイを結ぶ
chocolate on foot,足チョコ
fur armlet,ファーアームレット
cutout below navel,へその下の切り抜き
adjusting bow,弓の調整
pie in face,パイ投げ
print towel,タオルを印刷します
daewoo k2,K2突擊步槍
wasteland,荒野
in jar,瓶で
educational,教育
mismatched irises,非対称虹彩
bongo cat (meme),コンパス式いいねとリツイートをする奴ら
plaid kimono,格子縞の着物
black rock shooter (character) (cosplay),ブラックロックシューター（キャラクター）（コスプレ）
carry me,抱っこ
lichtenberg figure,リヒテンベルク図形
fairy (girls' frontline),妖精(ドールズフロントライン)
tachihanabishi,立ち花菱
axe kick,踵落とし
sheep hair ornament,羊の髪の飾り
pregnancy halo,腹ヘイロー
mexican flag,メキシコの国旗
unworn neckerchief,ネッカチーフが削除されました
metal ball,鉄球
standard manufacturing dp-12,シューティング☆スター
rabbit symbol,バニーシンボル
moonlight greatsword,月光の大剣
pee pad,ペット用シート
hands under legs,足の下の手
unworn earring,イヤリングが削除されました
dial,指針面
cum on object,オブジェクトの中出し
sticky,ネバネバ
imminent fight,差し迫った戦い
moose tail,ムースの尾
m1918 bar,M1918バー
neck bobbles,首が丸くなっています
queen of spades (playing card),スペードのクイーン
walkway,通路
licking another's lips,他の人の唇をなめる
tied dress,縛られたドレス
m203,M203
removing coat,コートを取り外します
in pocket,ポケットに
shared coat,共有コート
washing hands,手を洗う
father's day,父の日
laser rifle,レーザーライフル
hiking,アウトドア
lever,レバー
multiple wielding,複数の振動
myoudou gakuen high school uniform,Myoudou Gakuen High Schoolの制服
silver chain,シルバーチェーン
roman empire,ローマ帝国
makarov pm,マカロフPM
holding planet,惑星を保持します
bleachers,観覧席
minecart,トロッコ
java sparrow,ブンチョウ
youkan (food),ようかん
satin dress,サテンドレス
mesh,メッシュ
hand eye,手の目
leaking,漏れ
kaine (nier) (cosplay),Kaine（nier）（コスプレ）
heart out of chest,胸から心臓
age conscious,年齢を意識しています
glass pen,ガラスペン
smash ball,スマッシュボール
mole on areola,乳晕痣
cloud strife (cosplay),クラウドストライフ（コスプレ）
tank interior,タンクインテリア
japanese saw,横挽き
pretzel pose,プレッツェルポーズ
pamphlet,パンフレット
holographic touchscreen,ホログラフィックタッチスクリーン
playstation 3,プレイステーション3
datemaki (food),伊達巻
folding knife,ポケットナイフ
honey dipper,ハニーディッパー
peeing in cup,カップでおしっこ
heart cheeks,心の頬
2000,2000年
implied bestiality,暗黙の獣姦
kaneda shoutarou's bike,金田のバイク
magic school uniform (mahou girls precure!),魔法学校(プリキュア)
panty bulge,パンティーバルジ
trypophobia,蓮コラ
pretty waitress (idolmaster),プリティウェイトレス
torn skin,破れた肌
larva,幼生
imminent breast grab,差し迫った乳房グラブ
gaia memory,ガイアメモリ
frozen lake,凍った湖
russian ground forces,ロシア連邦軍
turks (ff7),タークス
venus (planet),金星
sunagakure symbol,Sunagakureシンボル
shinjuku (tokyo),新宿
sheriff (western),保安官
sardine,サーディン
shepherd's crook,羊飼いの詐欺師
dropkick,ドロップキック
jacket around neck,首の周りのジャケット
supportasse,サポートスース
mighty sailor,マイティセーラーズ
fan over face,顔を越えてファン
button up skirt,ボタンダウンスカート
multicolored umbrella,多色の傘
king of hearts (playing card),キングオブハーツ（カード）
american flag pants,アメリカンフラッグパンツ
behelit,ベヘリット
binder clip,バインダークリップ
hypnotizing viewer,逆催眠
ribbed gloves,リブ付き手袋
dumpster,ごみ箱
studded armlet,スタッドアームレット
cat helmet,猫のヘルメット
noble phantasm (fate),宝具
invincible candy,無敵キャンディー
ship deck,シップデッキ
stitched hand,ステッチされた手
polka dot sleeves,水玉の袖
vine whip,つるのムチ
print neckerchief,ネッカチーフを印刷します
british army,イギリス陸軍
severed finger,切断された指
dual arm cannons,アームキャノン
youkai watch (object),Youkai Watch（オブジェクト）
shunryuu kokubyou senki,瞬閧_雷獣戦形_瞬霳黒猫戦姫
front braid,前侧发辫
stare down,見下す
sideboob paizuri,横乳ズリ
droid,ドロイド
leaf skirt,リーフスカート
pixels,ピクセル
bandaid on ass,お尻のバンダイド
lumine (genshin impact) (cosplay),ルミン（Genshin Impact）（コスプレ）
make a contract,僕と契約して、魔法少女になってよ
>3<,> 3 <
polka dot umbrella,ポルカドット傘
build driver,ビルドドライバー
dog on head,頭に犬
tactical playboy bunny,重装バニーガール
kitchen hood,キッチンフード
arrow (jojo),スタンドの矢
hydra splatling (splatoon),ハイドラント
fishing lure,ルアー
swimsuit costume,水着のコスチューム
backbend,海老反り
gradient scarf,グラデーションスカーフ
thors military academy branch campus uniform,Thors Military Academy Branch Campus Uniorm
cheek-to-breast,頬から脳breast
are you my master,あなたがわたしのマスターか
leggings pull,レギンスが引っ張る
snorkel in mouth,口の中でシュノーケル
reactive armor,リアクティブアーマー
on mecha,メカで
pendulum clock,振り子時計
kuromi (cosplay),クロミ（コスプレ）
sexy no jutsu,おいろけの術
pilot chair,パイロットチェア
front and back,表裏
animal cutout,動物の切り抜き
1999,1999年
ponification,ポニー化
snubnosed revolver,スナブノーズ
telepathic sex,テレパシーセックス
can't show this (meme),見せられないよ
jitte,十手
captcha,私はロボットではありません
paper cutout,紙の切り抜き
bug bite,虫刺され
twinmyniad (fate),Twinmyniad（運命）
detached legs,脚の孤立した脚
looking at watch,時計を見ています
spanish flag,スペインの国旗
garderobe uniform,ガーデロベのユニフォーム
rickenbacker 4001,リッケンバッカー4001
3rd live tour try tri unity!!!,蓮ノ空3rd
skydive,スカイダイビング
no tattoo,タトゥーはありません
headpatting viewer,着信ヘッドパット
gyaru makeup,ギャルメイク
sex battle,バトルファック
aircraft catapult,航空機のカタパルト
stanchion,スタンション
the magician (tarot),魔術師(タロット)
st. louis (azur lane) (cosplay),st。ルイ（アズールレーン）（コスプレ）
ro-500 (kancolle) (cosplay),RO-500（Kancolle）（コスプレ）
shared handcuffs,共用手铐
benelli m4,ベネリM4
grand servant (fate/grand order),グランドサーヴァント
holy ring,聖なるリング
holding thermos,Thermosを保持します
ball bra,玉ブラ
ciao churu,ちゅーる
sleep talking,話している睡眠
kissuisou uniform,喜翠荘
chest cannon,チェストキャノン
rotting,腐る
purple male underwear,紫の雄の下着
koa (phrase),こあ
pressing button,ポチッ
snow white (disney) (cosplay),白雪姫（ディズニー）（コスプレ）
possessive,所有
shoulder angel,天使と悪魔(葛藤の表現)
alzano school uniform,アルザノスクールユニフォーム
aqua bodysuit,アクアボディスーツ
frog on head,頭のカエル
siscon,シスコン
sea spray,浪花
magnetism,磁気
unworn cloak,マントを削除しました
mona (genshin impact) (cosplay),モナ（ジェンシンインパクト）（コスプレ）
shoebill,ハシビロコウ
arondight (fate),アロンダイト
black chemise,黒い化学
bread eating race,パン食い競争
pizza delivery,宅配ピザ
satori day,3月10日はさとりの日
border collie,ボーダー・コリー
hooded jumpsuit,フード付きジャンプスーツ
nameplate,ひょうさつ
cum on tail,尾の中出し
agemasen! (meme),あげません!
biopunk,バイオパンク
golden generation (umamusume),黄金世代(ウマ娘)
labia ring,ラビアリング
cat on person,人に猫
standing on another's head,他の人の頭の上に立っています
geometry,幾何学
although she hurriedly put on clothes (meme),実はさっきまでセックスしてた
rock cannon,★ロックキャノン
6 9,ガチャ目
radiator,ラジエーター
three of diamonds,3つのダイヤモンド
hyena,ハイエナ
wryyyyyyyyyyyyyyyyyyyy,wryyyyyyyyyyyyyyyyyyyy
chariot,チャリオット
toy robot,おもちゃロボット
muscular child,筋ショタ
samue,作務衣
zeknova,ゼクノヴァ
plant wings,植物の翼
microphone wand,マイクワンド
animal on leg,脚の動物
dewlap,デューラップ
tokyo skytree,東京スカイツリー
censored violence,検閲された暴力
multicolored vest,多色のベスト
capybara girl,カピバラの女の子
polka dot trim,水玉トリム
licking leg,脚をなめる
at knifepoint,KnifePointで
blue unitard,ブルーユニタード
pepperoni pizza,ペパロニピザ
dentist,歯医者
monarch butterfly,オオカバマダラ
spoken sound effect,音效对话框
knot gag,ノットギャグ
tiger print bikini,虎縞ビキニ
donut hair ornament,ドーナツの髪の飾り
hong meiling (cosplay),Hong Meil​​ing（コスプレ）
group profile,グループプロファイル
bougu,防具
malasada,マラサダ
junkyard,廃品
deadpan,デッドパン
lipstick mark on shoulder,肩の口紅マーク
paw up,ポーアップ
compass rose,羅針図
dromas (honkai: star rail),大地獣
eggshell hat,卵殻の帽子
white polka dots,白いポルカのドット
standing on chair,椅子の上に立っています
weapon charm,武器吊坠
corinthian helmet,コリント式ヘルメット
disc,ディスク
paris,パリ
occult ball,オカルトボール
jeogori (clothes),チョゴリ
suspension bridge,吊り橋
achievement unlocked,実績のロックが解除されました
steel-toe boots,スチール製のブーツ
matcha parfait,抹茶パフェ
slide phone,スライド式携帯電話
eclair (food),エクレア
rope necklace,ロープネックレス
paladin,パラディン
held up,持ち上げた
model ship,モデル船
ak-15,AK-15
kettenkrad,ケッテンクラート
kirameki high school uniform,私立きらめき高校
umbrella stand,傘立て
zui zui dance,ズイ(((ง_̆ω_̆)ว))ズイ
rupee (zelda),ルピー
zener card,ゼナーカード
see-through bodystocking,透视连体丝袜
crossbone vanguard,クロスボーン・バンガード
hime gyaru,姫ギャル
staccato 2011,書記の採決
urn,urn
imminent fingering,差し迫った運指
tensa zangetsu (bankai),天锁斩月
splatter print,スプラッタプリント
glue,接着剤
taekwondo,テコンドー
hair bondage,髪の束縛
ballet dress,バレエドレス
smith & wesson,スミス＆ウェッソン
guilty challenge (meme),ギルティチャレンジ
holding belt,保持ベルト
baby carrier,ベビースリング
auction,オークション
evo grim,エボルグリム
order of the black knights uniform,ブラックナイツユニフォームの順序
gnome,ノーム
dogfight,ドッグファイト
let's make touhou kids,東方子作りしましょ!
patchouli knowledge (cosplay),パチョリの知識（コスプレ）
crosscounter,クロスカウンター
lungs,肺
leather choker,革のチョーカー
oversized plant,特大の植物
checkered panties,チェッカーパンティー
holding gag,ギャグを保持します
jenga,ジェンガ
shapes,形
bloomers around one leg,片足の周りのブルマー
chanel,シャネル
bandaid on ear,耳にbandaid
too many weapons,武器が多すぎます
edging underwear,下着
animal on chest,胸の動物
777 (nikke),777(勝利の女神:NIKKE)
simulated bukkake,謎の白い液体
bit (gundam),ビット(ガンダム)
aa-12,AA-12
apple peel,リンゴの皮
fukutaichou badge,福田全バッジ
bowling pin,保龄球瓶
heart ring top,ハートリングトップ
f-22 raptor,らぷたん
seal script,篆書
removing hat,帽子を取り除く
bedside,ベッドサイド
pantyshot through reflection,反射パンチラ
step-parent and step-child,義母
polaroid camera,ポラロイドカメラ
intangible,無形
top of moe 2021,MOE2021
trilby,トリルビー
photo shoot,写真撮影
em wave change (mega man),電波変換
shocker (kamen rider),ショッカー
toyota supra,スープラ
takemoto izumi (style),野生の竹本泉
xbox controller,Xboxコントローラー
shinjuku (fate/grand order),悪性隔絶魔境新宿
hood basket,フードバスケット
polka dot pants,水玉パンツ
butterfly background,蝶の背景
bodyguard,ボディーガード
japan air self-defense force,航空自衛隊
keikyoku no machi wa doko e (project sekai),荊棘の道は何処へ
may,5月
areadbhar (fire emblem),アラドヴァル
curling iron,ヘアアイロン
mondstadt city,モンド城
holding finger,指を持っている
flying squirrel,モモンガ
sakura five,サクラファイブ
wet and messy,濡れて乱雑
lap pov,ラップPOV
untying hair,解开头发
dragon radar,ドラゴンレーダー
japanese white-eye,メジロ
three-toned background,三色调背景
tokkoufuku,特攻服
boiling,沸かす
shiba koen middle school uniform,Shiba Koen Middle Schoolユニフォーム
my first star (idolmaster),マイファーストスター
licking tip,舔龟头
dormer,ドーマー
rainbow wings,虹の翼
lava lamp,ラバライト
milkor mgl,ダネルMGL
united states air force,アメリカ空軍
polka dot border,ポルカドットボーダー
fur sweater,毛皮のセーター
x-shaped eyewear,X字型のアイウェア
clutching head,頭を抱える
cornflower,ヤグルマギク
traffic bollard,ボラード
measuring cup,計量カップ
nintendo 64,ニンテンドウ64
futou,幞头
tongue scarf,舌のスカーフ
datehyogo,伊達兵庫
fish costume,魚の衣装
raptor,ラプトル
psychic type theme (pokemon),エスパータイプ
finishing move,仕上げの動き
anal prolapse,脱肛
shirt aside,シャツは別として
skort,裙裤
air current,気流
finger on eyewear,アイウェアに指
cure white (cosplay),ホワイトを治す（コスプレ）
speedo (company),Speedo（会社）
hammerhead shark,シュモクザメ
holding water,水を保持します
npc jail,未実装キャラ一
wing tattoo,ウィングタトゥー
z3 max schultz (kancolle) (cosplay),Z3 Max Schultz（Kancolle）（コスプレ）
kiwi (bird),キーウイ
hydra,ヒュドラー
floating city,浮かぶ都市
baseball base,ホームベース
character pin,キャラクターピン
unworn sarong,サロンは削除した
locked slide,ロックされたスライド
hand in bikini,ビキニに手を入れます
ishikawa prefecture,石川県
smelling feet,足の匂い
rhinoceros girl,サイの女の子
tenshi day,10月4日は天子の日
no neckwear,ネックウェアはありません
humagear headphones,Humagearヘッドフォン
bois de justice,ボア・デ・ジャスティス
blowing on food,食べ物に吹く
character badge,キャラクターバッジ
yamato (uchuu senkan yamato),宇宙戦艦ヤマト
rocket punch,ロケットパンチ
nipple sleeves,乳套环
hair straightener,ストレートヘアアイロン
range finder,範囲ファインダー
slam dunk (basketball),扣篮
punishment sex,わからせ
http status code,HTTPステータスコード
shouryuuken,昇龍拳
forehead writing,額の書き込み
nintendo 64 controller,任天堂64コントローラー
war flag,戦旗
bt-42,BT-42
ears up,耳を上げます
armored trooper,アーマードトルーパー
navy cross,海軍クロス
jewelry box,宝石箱
star and crescent,星と三日月
chocolate lady no karasawagi,チョコレート・レディの空騒ぎ-Valentine_2016-
nest ball,ネストボール
pushpin,画鋲
octo shot (splatoon),オクタシューター
tomato juice,トマトジュース
radar chart,レーダーチャート
gn drive,GNドライヴ
sea cucumber,ナマコ
serval (kemono friends) (cosplay),serval（kemonofriends）（コスプレ）
shichiten shichitou,七天七刀
dogpile,ドッグパイル
unworn headband,ヘッドバンドが削除されました
hokkaido prefecture,北海道
heaven,天国
safe (container),金庫
bell tower,鐘楼
jinki-style restrained,土の字拘束
fawn,子鹿
racing colors,勝負服
boku wa sonzai shiteinakatta,僕は存在していなかった
goshoguruma,ゴーショグルマ
broken door,壊れたドア
nipple flick,乳首フリック
photographer,写真家
waist brooch,ウエストブローチ
tamagotchi (creature),たまごっち
string lights,ストリングライト
silver gloves,銀の手袋
hyrule castle,ハイラル城
snowflake choker,スノーフレークチョーカー
aymr (fire emblem),アイムール
game boy advance sp,ゲームボーイアドバンスSP
the star (tarot),星(タロット)
hand on headset,ヘッドセットのハンド
vietnam,ベトナム
floodlights,投光照明
alternate uniform,代替ユニフォーム
cum on bed,ベッドの中出し
serving cart,サービングカート
moorish idol,ツノダシ
mountaintop,山の頂
1998,1998年
shishimai,獅子舞
compass (instrument),コンパス
kitsune udon,きつねうどん
huge clitoris,巨クリ
project fairy (idolmaster),プロジェクトフェアリー
zeus (inazuma eleven),世宇子
mizuki yukikaze (cosplay),Yukikaze Mizuki（コスプレ）
arabic text,アラビア語
denim dress,牛仔连衣裙
griddle,鉄板焼き
rope around waist,腰の周りにロープ
d'orsay heels,d'orsayかかと
image warping,图像扭转
sword hilt,剣柄
trumpet creeper,ノウゼンカズラ
star of lakshmi,ラクシュミのスター
yukikaze (kancolle) (cosplay),Yukikaze（Kancolle）（コスプレ）
golf ball,ゴルフボール
sapporo beer,サッポロビール
seiou gakuen school uniform,Seiou Gakuen School Uniform
witcher medallion,ウィッチャーメダリオン
shoulder devil,肩の悪魔
false limb,偽の手足
abhaya mudra,施無畏印
zebra tail,ゼブラテール
jukebox,ジュークボックス
nautilus (animal),オウムガイ
dragon type theme (pokemon),ドラゴンタイプ
episode title,エピソードタイトル
pinky to mouth,ピンキーから口
diving mask around neck,首の周りにダイビングマスク
cereal box,シリアルボックス
expedition uniform,遠征ユニフォーム
pimp,ポン引き
pigeon pose,鳩のポーズ
united states marine corps,アメリカ海兵隊
pepper (spice),コショウ
pikapikapop (idolmaster),Pikapikapop（Idolmaster）
matching shanghai,一致する上海
pink male underwear,ピンクの雄の下着
arrow through apple,リンゴを通る矢印
fighting type theme (pokemon),かくとうタイプ
alternate eyewear,メガネチェンジ
4th live dream ~bloom the dream believers~,蓮ノ空4th石川Day1
broken handcuffs,壊れた手錠
florist,花屋さん
assassin,刺客
self bondage,自縛
jika-tabi,地下足袋
quilt,被子
scorpion tattoo,スコーピオンのタトゥー
wiping nose,鼻を拭く
judo,柔道
diagonal-striped bikini,斜めの縞模様のビキニ
decorating,装飾
withered,枯れる
ash ketchum (cosplay),アッシュケッチャム（コスプレ）
love train,ちんちん電車
mushroom hair ornament,マッシュルームの髪の飾り
snow on headwear,帽子の雪
kinoko no yama,きのこの山
torn umbrella,引き裂かれた傘
super chat,スーパーチャット
udder,乳房
triple vertical stripe,トリプル垂直ストライプ
matchbox,マッチ箱
frilled sweater,フリルのセーター
smeared blood,塗りつぶされた血
lion hair,ライオンヘア
fubuki (kancolle) (cosplay),Fubuki（Kancolle）（コスプレ）
bougainvillea (flower),ブーゲンビリア
bad apple!!,ダメなりんご！！
drawing on own face,自分の顔に絵を描きます
hollow mouth,中空の口
cleric,聖職者
recreational vehicle,キャンピングカー
calling card,テレフォンカード
pantyhose under pants,ズボンの下のパンスト
gawr gura (cosplay),ガーグラ（コスプレ）
cotton ball,棉球
castanets,カスタネット
thumb in beltline,ベルトラインの親指
stretch marks,肉割れ
cherub,cherub
sour (taste),酸っぱい
mclaren,マクラーレン
booby trap,ブービートラップ
hitchhiking,ヒッチハイク
under fire,火の下
donbei kitsune udon,どん兵衛きつねうどん
eating flower,花を食べる
grocery store,食料品店
glowing heart,輝く心
iwatobi high school uniform,岩田高校のユニフォーム
flare,フレア
kissing foot,足をキス
bandaged horn,包帯の角
coelacanth,シーラカンス
mold,カビ
alice margatroid (cosplay),アリス・マーガトロイド（コスプレ）
information sheet,インフォメーションシート
tights day,タイツの日
headband around neck,首の周りのヘッドバンド
aneros,エネマグラ
collage background,拼贴背景
panty gag,パンツで口塞ぎ
two of diamonds,ダイヤモンドの2つ
nursing fingering,授乳手マン
half-timbered,ファッハヴェルクハウス
jaguar,美洲虎
bracelet girls,柚子シリーズ
lamprey,ヤツメウナギ
hand on goggles,ゴーグルに手をかけます
fox shadow puppet kiss,仲良しのやつ
fruit sandwich,フルーツサンド
patting back,振り返る
underwear around one leg,片足の周りの下着
sex doll,ラブドール
giant skeleton,巨大なスケルトン
blood on mask,マスクの血
karuta (card game),かるた
lotus hair ornament,蓮の髪の飾り
ultra beam,ウルトラビーム
padded gloves,パッド入り手袋
shibuya 109,渋谷109
orange buruma,オレンジブルマ
reflex sight,反射視力
climbing tree,登山木
storage room,貯蔵室
republic of china flag,中华民国国旗
graphics card,ビデオカード
napolitan,ナポリタン
top of moe 2015,MOE2015
shameimaru aya (cosplay),恥ずかしいアヤ（コスプレ）
bisexual flag,バイセクシュアル・プライド・フラッグ
bauxite,ボーキサイト
core drill,コアドリル
ferrofluid,じせいりゅうたい
actor connection,俳優のつながり
bandaged knees,包帯膝
hand on mask,マスクに手をかけます
armlock,羽交い締め
audi,アウディ
cavalry,騎兵
biretta,ビレッタ帽
strawberry syrup,ストロベリーシロップ
banister,手すり
chocolate on clothes,服のチョコレート
sandwich cookie,夹心饼干
quinzhee,かまくら
plunger,ラバーカップ
liella! first generation,Liella!1期生
domain expansion (jujutsu kaisen),領域展開
ice pick,アイスピック
hara tetsuo (style),野生の原哲夫
henohenomoheji,へのへのもへじ
headache,頭が痛い
plum,すもも
dragoon,ドラグーン
jack-o'-lantern head,Jack-o'-Lantern Head
beretta ar70/90,ベレッタAR70
film strip border,フィルムボーダー
dodododo,ドドドドド
holding shawl,ショールを保持します
clockshow,時刻出し
freezer,れいとうこ
bad face,悪い顔
orange male swimwear,オレンジ色の男性水着
fourragere,フォーレーゲール
crib,ベビーベッド
farming,農作業
wooden bathtub,木製の浴槽
parental advisory,ペアレンタルアドバイザリー
surgical scissors,外科的ハサミ
pet cone,エリザベスカラー
kalar (race),カラー
close game/offline (project sekai),ゲーム/オフラインを閉じる（プロジェクトSekai）
gangsta hold,サイド・グリップ
kriegsmarine,クリークスマリーネ
lat model (mikumikudance),Lat式モデル
top of moe 2018,MOE2018
zinogre (armor),ジンオウ装備
three of clubs,3つのクラブ
potion (pokemon),キズぐすり
object in swimsuit,水着のオブジェクト
toilet seat,便座
lace-trimmed shorts,レーストリミングされたショートパンツ
x-cross (bdsm),X字拘束
misplaced genitals,誤った性器
breast sucking through clothes,透过衣服吸吮乳头
wash cloth,ハンドタオル
takenoko no sato,たけのこの里
ten of spades,10のスペード
conveyor belt sushi,回転寿司
hidden blade (assassin's creed),アサシンブレード
wrist wings,手首の翼
incoming letter,入ってくる手紙
black nipples,黒い乳首
scary sex,怖いセックス
stomach (organ),胃
tennis skirt,网球短裙
multicolored scrunchie,多色のシュリューティー
bonito flakes,削り節
yin yang earrings,陰陽イヤリング
strawberry print bra,草莓印花胸罩
retronia (fate),名盾レトロニア
segment display,セグメントディスプレイ
osafune girls academy school uniform,Osafune Girls Academyユニフォーム
anya (spy x family) (cosplay),アーニャ（スパイXファミリー）（コスプレ）
place name,地名
ford mustang,フォード・マスタング
snake head tail,蛇头尾巴
dab (dance),ダブ（ダンス）
private misaki high school uniform,私立三咲高等学校
celestial globe,天球儀
butterfly swords,蝶の剣
ribbon-trimmed vest,リボントリミングされたベスト
takuan,たくあん
oda eiichirou (style),野生の尾田
shortcake,ショートケーキ
somersault,宙返り
bag on lap,ラップにバッグ
glass teacup,ガラスティーカップ
space shuttle,スペースシャトル
strawberry background,イチゴの背景
seesaw,シーソー
pure onepiece (idolmaster),ピュアワンピース
string choker,文字列チョーカー
pink negligee,ピンクのネグリジー
comb over,コームオーバー
tapestry,タペストリー
stitching,ステッチ
record jacket,レコードジャケット
protractor,分度器
fortress,要塞
blood on teeth,歯の血
kino makoto's school uniform,キノマコトの学校の制服
komeiji koishi (cosplay),Komeiji Koishi（コスプレ）
orange tree,オレンジの木
drop trap,雀罠
pure white memories (idolmaster),ピュアホワイトメモリーズ
indonesian clothes,インドネシアの服
armored corset,装甲コルセット
tiger panties,タイガーパンティー
norwegian flag,ノルウェーの国旗
grey mittens,灰色のミトン
elbow on another's shoulder,他の人の肩に肘
propeller hat,プロペラハット
spider boy,スパイダーボーイ
australian flag,オーストラリアの国旗
sallet,サレット
food on legs,足の食べ物
french army,フランス軍
chui (weapon),チュイ（武器）
iguana,イグアナ
open leotard,レオタードを開きます
impossible vest,不可能なベスト
innertube with ears,耳を持つInnerTube
lotus pedestal,蓮の台座
m3 lee/grant,M3中戦車
great knife,素晴らしいナイフ
hakka no togame (bankai),白霞罸
kimi to boku no mirai,キミとボクのミライ
v buckle,Vバックル
lumiose city,ミアレシティ
long toes,長いつま先
boku no ashiato kimi no yukusaki (project sekai),ボクのあしあと_キミのゆくさき
ambulance,救急車
broken umbrella,壊れた傘
denki anma,電気あんま
vistamp,バイスタンプ
collision,碰撞
floating castle,浮かぶ城
full-body blush,フルボディブラッシュ
wet pants,ウェットパンツ
famicom controller,Famicomゲームパッド
kalina ann (weapon),カリーナ・アン（武器）
mimikyu (cosplay),ミミキュー（コスプレ）
vending cart,自動販売カート
holding cum,精液封入
sea anemone,イソギンチャク
beizi (clothing),褙子
ganyu (genshin impact) (cosplay),ガニュー（Genshin Impact）（コスプレ）
unworn male underwear,雄の下着が取り除かれました
spitting on another,唾液責め
shoulder support,肩のサポート
nasa,NASA
prism tower,プリズムタワー
skull and crossed swords,頭蓋骨と交差した剣
arch bridge,拱桥
shack,小屋
guard,ガード
pussy juice in mouth,口の中の猫ジュース
face in hands,手で顔
mega milk,メガミルク
sky mirage,スカイミラージュ
matador,マタドール
boxer,拳击手
lilac,ライラック
molten metal,溶融金属
fallen tree,倒木
sitting on book,本に座っています
open drawer,開いた引き出し
derringer,デリンジャー
carnival,カーニバル
regal blue tang,ナンヨウハギ
tetrapod,テトラポッド
mugen gakuen school uniform,Mugen Gakuen School Uniform
sub for couple,カップル奴隷
energy spear,エネルギー槍
cleaning windows,窓のクリーニング
kv-2,KV-2
breathing tube,呼吸チューブ
heal ball,ヒールボール
ear fondling,耳がりつけ
hinadan,雛壇
gold cloth (saint seiya),黄金聖衣
fox statue,キツネの像
cradling head,頭の頭
resurreccion,帰刃
half-soles,ハーフソール
spoken money,話されたお金
snowflake necklace,スノーフレークネックレス
broken tooth,壊れた歯
concept gyarus (idolmaster),コンセプト★ギャールズ
sparkle earrings,スパークルイヤリング
innovators (gundam 00),イノベーター（ガンダム00）
white buruma,白ブルマ
adjusting sleeves,袖を調整します
flyswatter,ハエ叩き
insect on finger,指の昆虫
yakimochi,焼き餅
ijimeka (meme),船堀パロ
little lyrical,リトルリリカル
snow on body,体の雪
monokini,モノキニ
mg34,MG34
baumkuchen,バームクーヘン
sky surfing,驭器飞行
raiden shogun (cosplay),Raiden Shogun（コスプレ）
overhead swing,オーバーヘッドスイング
structure,構造
temperature,温度
ninjutsu research club (blue archive),忍术研究部
holding knife behind back,後ろのナイフ
print male swimwear,男性の水着を印刷します
collapsed,倒れた
ninomae ina'nis (cosplay),ninomae ina'nis（コスプレ）
shaving crotch,シェービングクロッチ
marisa day,5月16日は恋色の日
shendyt,シェンティ
sliced,スライスされた
yamaha vino,ヤマハ・ヴィーノ
towing,曳航
kaitou shinshi no harahara!? white day (project sekai),怪盗紳士のハラハラ!?ホワイトデー
deku shield,デクの盾
taser,テーザー
backless kimono,露背和服
badger ears,アナグマの耳
steeple,尖塔
vertical-striped bodysuit,垂直縞模様のボディスーツ
movie camera,シネマカメラ
on top of pole,ポールの上に
z-move trainer pose,ゼンリョクポーズ
sprue,スプルー
kcco (girls' frontline),正規軍(ドールズフロントライン)
armadillo ears,アルマジロの耳
hand in mouth,口の中に手
afterglow (bang dream!),Afterglow(バンドリ)
holding eyepatch,アイパッチを保持します
favonius sword (genshin impact),西风剑
honeycomb print,ハニカムプリント
trust me (durarara!!),デュラララ!!EDパロ
steamroller,ロードローラー
youkai academy school uniform,陽海学園の制服
photokinesis,光属性
green mittens,緑のミトン
girly running,女の子走り
korea,朝鮮
message in a bottle,ボトルの中のメッセージ
le mans prototype,ル・マン
clamp (circle) (style),野生のCLAMP
ootori gakuen school uniform,ootori gakuen学校の制服
torn flag,引き裂かれた旗
inhaling,吸い込み
cafe maid (love live!),カフェメイド
maggot,うじ
the empress (tarot),女帝(タロット)
suppository,座薬
nagant m1895,ナガンM1895
hair clipper,バリカン
urban legend,都市伝説
convenient hand,便利な手
qinghua (porcelain),青花瓷
holding feet,足を持っています
sandbox,砂遊び
renpu girls school uniform,Renpu Girls Schoolユニフォーム
doppel (madoka magica),ドッペル(マギアレコード)
plague doctor,ペスト医師
not present,現在ではない
jack-in-the-box,びっくり箱
genius invokation tcg (style),七圣召唤(卡牌形制)
unworn armband,アームバンドが削除されました
spider web background,スパイダーWebの背景
dominator (gun),ドミネーター
butterfly girl,蝶娘
aqua camisole,アクアキャミソール
chameleon girl,カメレオン娘
wire fence,ワイヤーフェンス
porcelain,瓷器
holding own ankles,抓住自己的双脚脚踝
on piano,ピアノで
inflatable flamingo,インフレータブルフラミンゴ
elden ring (object),エルデンリング（オブジェクト）
bun (food),パン（食べ物）
llama,ラマ
mekakushi dan (kagerou project),メカクシ団
sword of kusanagi,草薙の剣
side-tie shorts,サイドタイのショートパンツ
bow bloomers,弓のブルマー
blood sucking,血の吸引
flower skirt,フラワースカート
pink garter belt,ピンクのガーターベルト
l'antica (idolmaster),アンティーカ
heart bracelet,ハートブレスレット
swinging,スイング
zangetsu (shikai),斩月
notes,ノート
outseal,アウトシール
melodica,鍵盤ハーモニカ
void (guilty crown),void（有罪の王冠）
rasengan,螺旋丸
rathalos (armor),レウス装備
canoe,カヌー
thighhigh gaiters,大胆なゲイター
anthurium,アンスリウム
spread nipple,乳首を広げます
east germany,ドイツ民主共和国
battlement,胸壁
latex top,ラテックストップ
yebisu,ヱビスビール
dummy,ダミー
robe lift,ローブリフト
manba gyaru,マンバ
earthworm,ミミズ
heart attack,心臓発作
hot dog bun,ホットドッグパン
elephant tail,象の尾
pushcart,手押し車
broken leg,骨折
dark rhongomyniad (fate),ダークロンゴミニアド
blue garter belt,ブルーガーターベルト
oboe,オーボエ
unownglyphics,アンノーン文字
punched,パンチ
banbi,半臂
sitting on drum,ドラムに座っています
osaka (city),大阪
highleg buruma,高腰日式体操短裤
remington arms,レミントン
rhinoceros,サイ
pen to mouth,口から口まで
yakult,ヤクルト
noble academy school uniform,ノーブル学園
vibrator over clothes,衣服上的震动器
chain whip,チェーンホイップ
himedanshi,姫男子
frenulum piercing,紅斑ピアス
hanging on,ぶら下がっています
gasterblaster,GasterBlaster
healing animal,癒しの動物
bead belt,ビーズベルト
clothes dryer,乾燥機
rapping,ラップ
workshop,アトリエ
audio visualizer,オーディオビジュアライザー
sig sauer p320,Sig Sauer P320
layered swimsuit,レイヤード水着
lipstick mark on arm,腕に口紅マーク
foot kabedon,足ドン
graviton beam emitter,重力子放射線射出装置
arawi keiichi (style),あらゐけいいち
under bridge,橋の下
pride month,プライド月間
patchouli day,6月9日はパチュリーの日
time travel,タイムトラベル
paradise lost (e.g.o),失楽園
grapefruit,グレープフルーツ
kyubey (cosplay),Kyubey（コスプレ）
blazefire saber,ブレイズエッジ
palette suit,パレットスーツ
grabbing own flat chest,抓自己的平胸
glowing fist,輝く拳
stickam,スティッカム
mutsuki face (azur lane),睦月顔
alternate tail,代替尾
page tear,ページの涙
shikairo days dance (meme),それゆけ元ヤンこしたん
black garter,ブラックガーター
ichigo daifuku,イチゴ大福
solarpunk,ソーラーパンク
abacus,そろばん
dark type theme (pokemon),あくタイプ
princess zelda (cosplay),ゼルダ王女（コスプレ）
diamond-shaped brooch,ダイヤモンド型のブローチ
kongou (kancolle) (cosplay),Kongou（Kancolle）（コスプレ）
polishing,磨く
purple pussy,紫色の猫
united states medal of honor,米国の名誉勲章
hanging on arm,ぶら下がる
polka dot jacket,ポルカドットジャケット
implied object insertion,暗黙のオブジェクト挿入
nintendo switch pro controller,プロコン
red-eye effect,赤目現狀
jackal,ジャッカル
field radio,フィールドラジオ
stealth bondage,偽装拘束
agnes tachyon (umamusume) (cosplay),Agnes Tachyon（Umamusume）（コスプレ）
fur-trimmed panties,毛皮のトリミングされたパンティー
multiple style parody,複数のスタイルのパロディ
wet dream,夢精
glowing crystal,輝くクリスタル
seascape,海景
vogue (magazine),Vogue（雑誌）
poses,ポーズ
sega mega drive,メガドライブ
dream academy school uniform,ドリームアカデミー
type 100 smg,一〇〇式機関短銃
eat me,私を食べて
amatsukaze (kancolle) (cosplay),amatsuaze（kancolle）（コスプレ）
sailor mars (cosplay),セーラーマーズ（コスプレ）
mustache print,口ひげ印刷
pectoral pillow,胸の枕
battle effectiveness award,バトル効果賞
the high priestess (tarot),女祭司(塔罗牌)
raccoon tails (hairstyle),浣熊尾巴(发型)
pactio,パクティオ
diverdiva,Diverdiva
predation,狩り
crystal star (sailor moon),クリスタルスターコンパクト
indonesia,インドネシア
mexican dress,メキシコのドレス
car trunk,車のトランク
storm drain,雨水排水
field ration,レーション
angled foregrip,角度のある前grip
stomach ache,腹痛
penis in glove,手袋コキ
erdrick's sword,ロトのつるぎ
jack of spades,スペードのJ
signing,署名
four of clubs,4つのクラブ
unconventional guitar,型破りなギター
6th live dream ~bloom garden party~,蓮ノ空6th福岡Day1
chiester sisters,シエスタ姉妹
gazelle horns,ガゼルホーン
armored animal,装甲動物
ntw-20,アイデンティティ(ブルーアーカイブ)
zipper panties,ジッパーパンティー
almond,アーモンド
stealth handjob,隐秘手交
nose pinch,鼻ピンチ
deviruchi hat,deviruchi Hat
universe,宇宙
honda motocompo,モトコンポ
fuuma shuriken,風魔手裏剣
goat legs,ヤギの足
cutie (umamusume),ぱかプチ
high-cut armor (persona),ハイレグアーマー
spoken flower,話された花
puffing up,炸毛
broken horns,角折れ
object insertion from behind,後ろからのオブジェクト挿入
latex bra,ラテックスブラ
ghost earrings,ゴーストイヤリング
ursus logo,乌萨斯
no penis,ペニスはありません
king saw,王は見た
rock balancing,ロックバランス
megurine luka (cosplay),ルカコス
woman yelling at cat (meme),猫で叫ぶ女性（ミーム）
hagun academy school uniform,破軍学園の制服
dog hat,犬の帽子
meat day,肉の日
hooded top,フード付きトップ
long torso,長い胴体
interlocked venus symbols,インターロックされた金星のシンボル
blindfold slip,蒙眼布滑落
skeptical,疑う
steel type theme (pokemon),はがねタイプ
powder puff,パウダーパフ
saigyouji yuyuko (cosplay),saigyouji yuyuko（コスプレ）
flamel symbol,フレームシンボル
bag on head,頭のバッグ
mailbag,郵袋
adjusting sock,靴下の調整
trickstar (ensemble stars!),トリックスター
family portrait,家族写真
assisted masturbation,协助自慰
adjusting shorts,调整短裤
o'neill cylinder,オニールのシリンダー
pottery,陶器
tape censor,胶带打码
rabbit on shoulder,肩にバニー
triple horizontal stripe,トリプル水平ストライプ
l'avenir academy school uniform,L'Avenir Academyのユニフォーム
guardian chara,しゅごキャラ
car keys,車のキー
type 89 i-gou,八九式中戦車_イ号
blue santa costume,ブルーサンタの衣装
drying body,乾燥体
starter five (kancolle),初期艦娘
pumpkin mask,カボチャマスク
adjusting strap,ストラップの調整
shouryouuma,精霊馬
me!me!me! dance (meme),私！私！私！ダンス（ミーム）
torn mask,マスク割れ
cathead,Cathead
shinji in a chair (meme),椅子の中のシンジ（ミーム）
feather-trimmed coat,フェザートリムコート
tadpole tail,オタマジャクシの尾
ios (os),iOS（OS）
whole note,全体のメモ
argyle kimono,アーガイル着物
five of spades,5つのスペード
sauropod,竜脚類
honda civic,シビック
baku (creature),貘
hat bobbles,帽子が丸くなっています
lace-trimmed leotard,レーストリムレオタード
aim-9 sidewinder,サイドワインダー
nagato yuki (cosplay),長門ゆき（コスプレ）
cookbook,料理本
caramel,カラメル
vajra (object),ヴァジュラ
hare hare yukai,ハレ晴レユカイ
mascara wand,マスカラの杖
planking,板張り
graphia academy school uniform,グラフィエ学院の制服
finger ribbon,フィンガーリボン
cum on crotch,股間に精液
wet floor sign,ウェットフロアサイン
ear focus,耳の焦点
checkered cape,チェッカーケープ
creature on lap,ラップのクリーチャー
liquid weapon,液体武器
dunhuang style,敦煌风
the moon (tarot),月(タロット)
lotus position,結跏趺坐
crusader (tank),クルセーダー
against locker,ロッカーに対して
f6 (osomatsu-san),F6(おそ松さん)
recipe,レシピ
card holster,カードホルスター
blood sword,血の剣
placemat,餐垫
fiat 500,フィアット500
tibetan clothes,藏族
clay,粘土
breast massage,乳房マッサージ
kirigakure symbol,Kirigakureシンボル
chocolate milk,チョコレートミルク
jagdpanzer 38(t),ヘッツァー
yamato (battleship),戦艦大和
undone ascot,アスコットを元に戻しました
planted arrow,植えられた矢印
spare tire,スペアタイヤ
souvenir doll (blue archive),お土産の人形
eyewear switch,アイウェアスイッチ
colt 9mm smg,RO635
cargo net,貨物ネット
gurokawa,グロカワ
bernese mountain dog,ベルネーゼマウンテンドッグ
torn hakama,ハカマを引き裂いた
thank you chainsaw man (meme),ありがとチェンソーマン
sleeve pull,スリーブプル
the monkey (dance),モンキーダンス
hand in pantyhose,パンストに手を入れます
eevee tail,Eevee Tail
extended upskirt,拡張アップスカート
reimu day,8月9日は博麗の日
ueda masashi (style),植田まさし
asahigaoka school uniform,浅野岡学校の制服
gingerbread house,ヘクセンハウス
box on head,頭の箱
goodbye,さようなら
windbreaker,ウインドブレーカー
striped bike shorts,ストライプバイクショーツ
rabbit pajamas,バニーパジャマ
statuette,スタチュート
fn fnc,fn fnc
dotted quarter note,点線のクォーターノート
queen of hearts (alice in wonderland) (cosplay),クイーンオブハート（不思議の国のアリス）（コスプレ）
asuna (blue archive) (cosplay),Asuna（Blue Archive）（コスプレ）
hyacinth,ヒアシンス
cleaning weapon,武器の掃除
character single,キャラソン
pelican,ペリカン
bead curtain,ビーズカーテン
extra tongue,余分な舌
elephant girl,象の女の子
elbow on arm,腕に肘
four of hearts,ハートの4
graph paper,方眼紙
navel fingering,へそ責め
stump cover,切り株カバー
glowing veins,輝く静脈
sega saturn,セガサターン
ginyu force pose,スペシャルファイティングポーズ
poke puff,ポフレ
loincloth lift,ロインコロスリフト
adzuki bean,あずき
prelati's spellbook,Prelatiのスペルブック
blue bloomers,青いブルマー
boom microphone,ブームマイク
bunny headphones,ウサギヘッドホン
pelvic thrust,骨盤の推力
teto day,10月10日はテトの日
mikumikudance,東方MMD
yakumo ran (cosplay),ヤクモ走った（コスプレ）
eye drops,目薬
engineering department (blue archive),エンジニア部
transparent hand,透明な手
bichen sword,避尘
dental gag,牙科开口器
snowflake pendant,スノーフレークペンダント
cross cutout,切り抜き
plaid ascot,格子縞のアスコット
karambit,カランビット
fn scar 16,fn scar 16
boston terrier,ボストンテリア
camel ears,ラクダの耳
soot,煤
rpk-16,RPK-16
star block,星ブロック
poland,ポーランド
eye slugger,アイスラッガー
bandeau lift,バンドーリフト
peas,エンドウ
flashlight beam,懐中電灯ビーム
kangaroo,カンガルー
scroll tube,スクロールチューブ
totem,トーテムポール
living armor,リビングアーマー
thai school uniform,タイ学生服
my melody (cosplay),私のメロディー（コスプレ）
flapping ears,羽毛
horse pose,一着のポーズ
platypus,カモノハシ
flower swing,フラワースイング
kimisaki school uniform,キミサキスクールユニフォーム
winged sword,翼のある剣
clasp,留め金
fireworks print,花火プリント
s.m.s.,SMS。
genkai made pom pon!!,限界までPom_Pon!!
nero claudius (bride) (fate) (cosplay),ネロ・クラウディウス（花嫁）（運命）（コスプレ）
mutsuki face (blue archive),铸币大头
sprite sheet,スプライトシート
parsee day,8月4日は橋姫の日
eye twitch,目のけいれん
8-ball,8ボール
nintendo switch lite,任天堂のスイッチライト
seven of hearts,7つの心
mixed martial arts,综合格斗
holding hands is lewd,手を握っています
hummingbird,ハチドリ
wing earrings,翼のイヤリング
scarab,スカラベ
large feet,デカ足
fidget spinner,ハンドスピナー
bakeneko (mythology),化け猫
shooting gallery,射的
hip gear,ヒップギア
slosher (splatoon),バケットスロッシャー
spaghetti and meatballs,ミートボールスパゲティ
buried in sculpted sand,砂遊び
chinchilla tail,チンチラの尾
interrogation,尋問
asparagus,アスパラガス
keikenchi (style),ちびノブ
tiramisu,ティラミス
sliced meat,スライスした肉
ame no kisaki academy school uniform,ame no kisaki academyのユニフォーム
sekibanki day,6月6日は赤蛮奇の日
siamese fighting fish,ベタ
s4 uniform,S4(アイカツスターズ!)
disembowelment,割腹
snake armband,ヘビのアームバンド
united nations,国際連合
wolf mask,ウルフマスク
bong,ボング
plaid scrunchie,格子縞のシュシュ
falconry,鷹狩り
pipe wrench,パイプレンチ
sonic the hedgehog (cosplay),ソニック・ザ・ヘッジホッグ（コスプレ）
score,採点
chuo academy school uniform,中央学園
hand sonic,ハンドソニック
pregnancy mark,ライフマーク
hairstyles of my wonderful wife,素晴らしき嫁の髪型
kawashiro nitori (cosplay),川島nitori（コスプレ）
unworn sleeves,袖が取り除かれました
penis in unworn legwear,靴下コキ
inkblot,Inkblot
futakuchi-onna,二口女
eruption,噴火
panther (tank),パンター
string tie,結び
three monkeys,見ざる聞かざる言わざる
buttercup redraw challenge (meme),バターカップレッドラウチャレンジ（ミーム）
terrarium,テラリウム
gravure swimsuit (idolmaster),グラビアミズギ
barioth (armor),ベリオ装備
takarazaki school uniform,宝崎市
surgery,手術
gourmet research society (blue archive),美食研究会(ブルーアーカイブ)
umesato middle school uniform,梅郷中学女子制服
bent,曲がっています
keisanchuu new costume,計算中新衣装
hug carry,抱き上げ
english flag,イングランドの国旗
micro uzi,マイクロUZI
geometric pattern,幾何学的パターン
egosearching,エゴサーチ
luna blaster (splatoon),ノヴァブラスター
lion cub,ライオンカブ
too many knives,ナイフが多すぎます
tsuka (handle),柄
radio controller,ラジオコントローラー
paw print palms,手套爪印
candy cigarette,ココアシガレット
chinese food,中華料理
mizuno (brand),ミズノ
loincloth aside,ロインコロスは別として
crop top lift,クロップトップリフト
rosa (pokemon) (cosplay),ローザ（ポケモン）（コスプレ）
squash,南瓜
b.a.b.e.l. uniform,B.A.B.E.L.ユニフォーム
camouflage tank top,カモフラージュタンクトップ
seggs (meme),seggs（ミーム）
accessory tan,アクセサリータン
dia de muertos,死者の日
time machine,タイムマシン
poison type theme (pokemon),どくタイプ
hair weapon,髪の武器
esp guitars,イーエスピー
kite flying,凧揚げ
cataracts,白内障
ah eto... bleh (meme),ああ、エト...ブレ
wangji guqin,忘机
single slipper,シングルスリッパ
xiezhi guan,獬豸冠
mitsuketa keshiki tazusaete,見つけた景色、たずさえて
death (tarot),死神(タロット)
ta girls school uniform,TAガールズスクールユニフォーム
picture book,絵本
gradient sarong,グラデーションサロン
neck piercing,ネックピアス
intertwined fate (genshin impact),紡がれた運命
st. hilde academy of magic uniform,st。ヒルデアカデミーオブマジックユニフォーム
canada,カナダ
onigiri hair ornament,onigiriの髪の飾り
death flag,死亡フラグ
strainer,ざる
shaved body,剃毛した体
ikari shinji (cosplay),イカリ・シンジ（コスプレ）
accidental kiss,事故チュー
scorecard,スコアカード
yoshi egg,ヨッシーエッグ
cracked phone,ひび割れた電話
purring,ごろごろ
peach ornament,桃の飾り
pink blanket,ピンクの毛布
duck print,アヒル印刷
maruchan akai kitsune udon,赤いきつね
catwalk (walkway),キャットウォーク（通路）
mortar (weapon),臼砲
yotsuboshi academy school uniform,四ツ星学園
bf 109,BF 109
against pillar,柱に対して
numbered flag,番号付きフラグ
kei car,軽自動車
neck brace,ネックブレース
on banana,バナナで
bonfire (dark souls),bonfire（ダークソウルズ）
cabbit,キャビット
dragon dildo,ドラゴンディルド
small hands,小さな手
drawn halo,描かれたハロー
forced title drop,タイトル回収
yakudo trio,躍動トリオ
stretcher,ストレッチャー
scout uniform,スカウトユニフォーム
puma (brand),プーマ（ブランド）
bird of paradise flower,ストレリチア
onion rings,オニオンリング
cd walkman,ウォークマン
fiery clothing,燃えるような服
shuttlecock,シャトルコック
unicycle,いちりんしゃ
peephole,のぞき穴
launching,打ち上げ
dao,刀
super smash bros. logo,スーパースマッシュブラザーズ。ロゴ
moe (phrase),萌え
wedding cake,ウエディングケーキ
umapyoi (phrase),うまぴょい(動詞)
soejima shigenori (style),野生の副島
dog mask,犬のマスク
frilled hakama,フリルされたハカマ
colt 1851 navy,コルト1851海軍
500 dollar four foot tall mareep (meme),500ドル4フィート背の高いマリープ（ミーム）
umbrella riding,傘の乗馬
overshirt,オーバーシャ​​ツ
twiddling fingers,指をぐるぐると
purah pad,プルアパッド
osmanthus blade,オスマンサスブレード
hezi,诃子
renault,ルノー
pumpkin print,カボチャのプリント
axolotl girl,axolotlの女の子
wrist extended,手首が拡張されました
red lining,赤い裏地
yazawa nico (cosplay),ヤザワ・ニコ（コスプレ）
metronome,メトロノーム
fireman's carry,ファイヤーマンズキャリー
nissin cup noodle seafood,カップヌードルシーフード
sword between thighs,太ももの間の剣
referee,しんぱん
footstool,脚凳
cum on skirt,スカートの中出し
bug spray,殺虫スプレー
poodle,プードル
triclops,第三の目
moose girl,ムースガール
large cross,大きな十字
landsknecht,ランツクネヒト
dragon on shoulder,肩にドラゴン
skull ring,頭蓋骨リング
slapping with penis,ちんこビンタ
skirt in mouth,嘴里含着裙子
horse costume,馬の衣装
gynecology chair,分娩台
carrot hamburger steak,にんじんハンバーグ
prattkeeping (meme),ジュラシックポーズ
twilight (spy x family) (cosplay),トワイライト（スパイxファミリー）（コスプレ）
adjusting skirt,调整裙子
mold camelot,モールド・キャメロット
tenjou utena (cosplay),Tenjou Utena（コスプレ）
ski gear,滑雪装备
twitch username,Twitchユーザー名
heraldry,紋章
yokohama,横浜市
pov adoring,POV崇拝
seishou middle school uniform,Seishou Middle School Uniform
top of moe 2017,MOE2017
refrigerator magnet,冷蔵庫の磁石
gumball machine,ガムボールマシン
sideless shorts,サイドレースアップデニムショートパンツ
manaita obi,俎板帯
footjob under table,桌下足交
shachihoko,鯱・鯱鉾
cutting mat,カッティングマット
jewelpet (creature),ジュエルペット
iron maiden,鉄の処女
candy print,キャンディープリント
flare gun,信号銃
crumbling,崩壊
dress straps,ドレスストラップ
samba,サンバ
school festival,文化祭
eientei,永遠亭
see-through kimono,透视和服
convenient breasts,便利な胸
h&k mg5,トリックオアトリック
shikairo days,シカ色デイズ
playstation vr,PlayStation VR
moon gate,月亮门
boko (girls und panzer) (cosplay),Boko（Girls und Panzer）（コスプレ）
orange bandeau,オレンジバンドー
tamandua tail,Tamandua Tail
cold war,冷战
wooden beam,角材
platform truck,台車
open poke ball,ポークボールを開きます
candy jar,キャンディージャー
perfume (cosmetics),香水（化粧品）
chemicals,化学物質
sekai wo kakumei suru chikara wo,世界を革命する力を
kinniku buster,キン肉バスター
badminton,バドミントン
pantyhose under buruma,ブルマの下のパンスト
double insertion,二重挿入
faux 3d,仿3D
sheathing,硬化
multiple penis fellatio,複数のペニスフェラチオ
chicken wing,鶏手羽肉
mangekyou sharingan,万花筒写轮眼
the hanged man (tarot),吊るされた男
conservatory,コンサバトリー
f6f hellcat,F6Fヘルキャット
in sack,袋に
sode no shirayuki (shikai),袖白雪
phalanx ciws,Phalanx CIWS
wolf hat,オオカミの帽子
wire manipulation,糸使い
tanning oil,日焼けオイル
tail strap,テールストラップ
art gallery,ギャラリー
spear of cassius,カシウスの槍
team 31a (heaven burns red),第31A部隊
hunting,狩り
fairey swordfish,フェアリーソードフィッシュ
stylized blood,様式化された血
taut shorts,緊張したショートパンツ
standing restraints,立っている拘束
akabeko,赤べこ
sun wukong (cosplay),サン・ウーコン（コスプレ）
love potion,惚れ薬
great trichiliocosm (e.g.o),三千世界(ego)(limbus_company)
flower anklet,花のアンクレット
acid,酸
pointing spider-man (meme),ポインティングスパイダーマン（ミーム）
wrestling boots,レスリングブーツ
shorts lift,ショートパンツリフト
zhongguo hua,中国の絵画
self-propelled artillery,自走砲
m16a4,M16A4
possum ears,ポッサム耳
cocked hammer,コックされたハンマー
palace of dragon (idolmaster),パレスオブドラゴン
ruan,阮
saturn symbol,土星のシンボル
o x,牛
floating screen,フローティング画面
sailor mercury (cosplay),セーラーマーキュリー（コスプレ）
top of moe 2016,MOE2016
shinkansen,新干线
attempted suicide,自殺未遂
sandstorm,砂嵐
heron,サギ科
girdle,ガードル
balisong,バタフライナイフ
backdrop,背景幕布
devil trigger,デビルトリガー
the hermit (tarot),隠者
ecstasy,狂喜
yuunagi middle school uniform,夕凪中学校
five of diamonds,ダイヤの5
dial television,ダイヤル式テレビ
closed lab coat,閉じたラボコート
photo bashing,フォトバッシュ
blunderbuss,ブランダーバス
1996,1996年
houkago climax girls (idolmaster),放課後クライマックスガールズ
sushi geta,寿司下駄
animal-themed umbrella,動物をテーマにした傘
plaid pajamas,格子縞のパジャマ
death momoi (meme),デスモモイ
model tank,モデルタンク
lego minifig,ミニフィグ
thai clothes,泰国服饰
casting couch,枕営業
neopet (creature),ネオペット
navel stimulation,へそ責め
maintenance,メンテナンス
bindle,包袱
free hugs,フリーハグ
heart bikini,ハートビキニ
excalibolg,エスカリボルグ
licking thigh,太ももをなめる
hand over another's eyes,他の人の目を渡します
cookie cutter,クッキーの抜き型
holding hourglass,砂時計を保持します
cat ear bikini,猫の耳ビキニ
aerith gainsborough (cosplay),Aerith Gainsborough（コスプレ）
chocolate strawberry,チョコレートイチゴ
libeccio (kancolle) (cosplay),マエストラーレ級の服
on liquid,液体に
yeti (creature),イエティ
sv-001 (metal slug),SV001（メタルスラグ）
colored shoe interior,色付きの靴のインテリア
gothic princess (idolmaster),ゴシックプリンセス
black moon clan,ブラックムーン
pringle duck,プリングルダック
tearing paper,引き裂く紙
hide and seek,かくれんぼ
volkswagen type 2,フォルクスワーゲン・タイプ2
monohoshizao (fate),物干し竿(武器)
dachshund,ダックスフンド
tri drills,トライドリル
himitsucalibur (fate),himitsucalibur（運命）
cosmic & funny (idolmaster),宇宙＆面白い（アイドルマスター）
unbirthing,胎内回帰
itano circus,板野サーカス
greece,ギリシャ
habataki academy school uniform,ハバタキアカデミーユニフォーム
horseback archery,流鏑馬
beaver,ビーバー
khan van,巾插
saru (style),サル（スタイル）
unmanned aerial vehicle,uav
neptune (planet),海王星
surf,サーフィン
f-35 lightning ii,F-35 Lightning II
polish flag,ポーランドの国旗
green cat,緑の猫
dangling eye,ぶら下がっている目
sheep hood,羊フッド
frilled garter belt,フリルガーターベルト
announcement,発表
postmark,消印
the sun (tarot),太陽(タロット)
caladbolg (fate),偽・螺旋剣
twitching womb,膣キュン
swimsuit over clothes,服の上に水着
cape grab,ケープグラブ
search bar,検索バー
snowfield police uniform,クラン・カラティン
fbi,連邦捜査局
braided tail,编织式尾巴
rhinestone,ラインストーン
lemur,キツネザル
airsoft,サバゲー
leotard tug,レオタード・タグ
feast,ごちそう
grey wolf,ハイイロオオカミ
finish line,ゴール
luxiem,肯德基Luxiem
stug iii,III号突撃砲
kissing leg,脚にキス
epee,エペ
betrayal,裏切り
r-301 carbine,R-301カービン
ethyria,エチリア
red leather,赤い革
splash-o-matic (splatoon),シャープマーカー
toaster oven,オーブントースター
cum on sheets,シートに精液
bonbori (lighting),ぼんぼり
aquarius (zodiac),水瓶座
gemini (zodiac),双子座
smack,スマック
finger to another's nose,他の人の鼻に指
capricorn (zodiac),やぎ座
manji,卍
living shadow,生きている影
external fuel tank,落下タンク
b-komachi (new),新生B小町
hollow (bleach),虚(境·界)
kitkat,キットカット
rabbit pin,バニーピン
yukadon on viewer,勝ち馬が乗る
pop-up book,飛び出す絵本
ma5,MA5
pet bed,ペットベッド
un uniform (muv-luv),国連軍制服
poking with penis,使用阴茎戳碰
flower collar,フラワーカラー
sewing kit,ソーイングセット
figma,Figma
kneeling on liquid,液体にひざまずきます
philippines,フィリピン
nausea,吐き気
star bit,スターピース
minibike,ミニビケ
ricocheting,跳ね返り
slapping breasts,乳ビンタ
smoke heart,煙心
wyrm,ワーム(ドラゴン)
swedish text,スウェーデン語
safeguard (blame!),セーフガード
phonecard (medium),テレカ
multiple fusions,複数の融合
ofuro,オフーロ
shun goku satsu,瞬獄殺
normal type theme (pokemon),ノーマルタイプ
new balance,ニューバランス
komaniya express (genshin impact),狛荷屋
cicada block (meme),蝉ドン
blue rose sword,青薔薇の剣
arts shirt (fate),アートシャツ
dive,飛び込む
miao clothes,ミャオ族
kosei high school uniform,コセイ高校のユニフォーム
st. bernard,セントバーナード
nomura tetsuya (style),野生の野村
m320,M320
infinity gauntlet,インフィニティ・ガントレット
missing finger,指がありません
soldering iron,はんだごて
wheel of fortune (tarot),運命の輪
kokiri sword,コキリの剣
excavator,ユンボ
colonnade,コロネード
spoken letter,話し言葉
holding organ,臓器を保持します
back slit,后开衩
mat play,マットプレイ
tug of war,綱引き
brown umbrella,茶色の傘
feather print,フェザープリント
balmung (fate),幻想大剣・天魔失墜
internet,インターネット
mouse costume,マウスコスチューム
colt commando,コルト・コマンドー
red pepper,赤ピーマン
kamchatka lily,クロユリ
coat stash,コートスタッシュ
taxidermy,剥製
torn footwear,破れた履物
slam,スラム
blue raincoat,青いレインコート
open wetsuit,オープンウェットスーツ
strawberry tart,ストロベリータルト
mouthful mode,ほおばりヘンケイ
chi-hatan (emblem),Chi-Hatan（エンブレム）
high schoolmate (idolmaster),ハイスクールメイト
dark cure (precure),ダークプリキュア5
penis on shoulder,肩にペニス
foxtail,エノコログサ
bow shorts,弓ショートパンツ
double popsicle,ダブルソーダ
troll,トロル
h&k g36c,H＆K G36C
amber (gemstone),琥珀
pilot uniform,パイロットユニフォーム
rocket boots,ロケットブーツ
froth,泡
wooden bowl,椀
chouchin-obake,提灯お化け
newhalf with newhalf,ニューハーフとニューハーフ
miko embrace,神無月の巫女EDパロ
bullying viewer,POVいじめ
cross patty,クロスパティ
kilt,キルトスカート
tail removed,尾が取り除かれました
finland,フィンランド
muscle envy,筋肉のvy望
crotchless bodysuit,クロットレスボディスーツ
ritual,儀式
juuban high school uniform,ユバン高校のユニフォーム
aperture science handheld portal device,開口科学ハンドヘルドポータルデバイス
hong kong,香港
massage chair,マッサージチェア
passport,パスポート
argyle necktie,アーガイルネクタイ
dalmatian,ダルメシアン
pinstripe camisole,ピンストライプキャミソール
doukyo's,同居ーず
cockatoo,オウム
northern ocean princess (cosplay),ノーザンオーシャンプリンセス（コスプレ）
humboldt penguin,フンボルトペンギン
clippers,钳子
yukkuri abuse,ゆっくり虐待
durumagi,トゥルマギ
kokorowatari,ココロワタリ
vsk-94,VSK-94
kissing thigh,太ももにキス
stuffed turtle,ぬいぐるみ
head on knee,膝に向かいます
pentagram necklace,五gram星のネックレス
dirtbike,オフロードバイク
lyra (constellation),こと座
cheetah,チーター
cyberspace,サイバースペース
pharaoh,法老
rabbit head,バニーヘッド
cooking oil,サラダ油
mifune takashi (style),いらすとや風
polka dot hoodie,水玉パーカー
shorts rolled up,ショーツが巻き上げられました
adjusting hair ornament,髪の飾りを調整します
reddit username,Redditユーザー名
testicles touching,睾丸互触
frilled underwear,フリル下着
pixie (ff14),ピクシー(FF14)
left-handed pitcher,サウスポー
type 97 chi-ha,九七式中戦車
parade,パレード
juuban elementary school uniform,ユバン小学校の制服
water censor,水検閲
dvd (object),DVD（オブジェクト）
saucepan,ソースパン
bullet in mouth,口の中の弾丸
necktie on head,ネクタイ鉢巻
orbited,軌道
clutter,乱雑
meat armor,肉鎧
bird skull,鳥の頭蓋骨
water masturbation,シャワーオナニー
veritas (blue archive),ヴェリタス
armadillo,アルマジロ
as val,ヴァルとして
ukrainian clothes,ウクライナ服
mawashi,廻し
montage,モンタージュ
hallucination,幻覚
double footjob,二重の足ジョブ
opal (gemstone),オパール
oasis,オアシス
denial,拒否
may (pokemon) (cosplay),5月（ポケモン）（コスプレ）
rock type theme (pokemon),いわタイプ
house of cards,トランプタワー
yatagarasu,八咫烏
spoken venus symbol,話された金星のシンボル
whisking,泡立てる
paru paru,ぱるぱる
dice earrings,サイコロイヤリング
magic carpet,魔法の絨毯
boar hood,イノシシのフード
neumann ku 100,Neumann Ku 100
zaisu,座椅子
wheat print,小麦プリント
shikoro,錣
okawaii koto,お可愛いこと
neptune symbol,ネプチューンシンボル
mooning,露出臀部
chevrolet corvette,シボレー・コルベット
claw bra,鷲掴みアーマー
wishcore,ウィッシュコア
fingers between toes,つま先の間の指
starting gate,スターティングゲート
the emperor (tarot),皇帝(タロット)
kanagawa prefecture,神奈川県
snowquill set (zelda),リト装備
automaton (object),オートマトン
granulated sugar,グラニュー糖
pineapple on pizza,パイナップルピザ
orange mittens,オレンジミトン
snowflake pupils,雪花瞳孔
scar on ass,お尻の傷
pumpkin skirt,カボチャのスカート
shaman,シャーマン
matsu symbol,松
bench press,ベンチプレス
haigure pose,ハイグレ
himitsu no valentine daisakusen! (project sekai),秘密の♡バレンタイン大作戦!
shimousa (fate/grand order),亜種特異点III
t-34-85,T-34-85
burger malfunction,ハンバーガーの誤動作
clone trooper,クローントルーパー
shoe print,靴の跡
dot-matrix,ドットマトリックス
muchourin,雷轟・無兆鈴
swept hilt,スウェプトヒルト
morning wood,朝勃ち
chinese hat,中国の帽子
dragon (arms),ドラゴン（腕）
folded wings,折り畳まれた翼
mika swiss roll (meme),ロールケーキをぶち込みますよっ!?︎
white java sparrow,文鳥の日
leaf censor,ディフェンスに定評のある葉っぱ
republic of korea army,韓国軍
disembodied torso,肉体化されていない胴体
roselia (bang dream!),ロゼリア
homeless,ホームレス
hood over eyes,目の上にフード
under bed,ベッドの下
sea angel,クリオネ
medicine box,薬箱
kyoudaidon,兄弟丼
natural sign,ナチュラルサイン
papillon (dog),パピヨン犬
tan tan pou,タン・タン・プー
syringe gun,シリンジガン
thumbtack,画鋲
meltryllis (fate) (cosplay),Meltryllis（Fate）（コスプレ）
kuudere,クーデレ
swallowtail butterfly,アゲハチョウ
oak cake roll (honkai: star rail),橡木蛋糕卷
chaldea boys collection,カルデアボーイズコレクション
succulent plant,多肉植物
gloria (pokemon) (cosplay),グロリア（ポケモン）（コスプレ）
maximal,サイバトロン
howa type 64,64式小銃
pastels,パステル
face hug,顔の抱擁
adrenaline!!!,アドレナリン!!!
raining blood,雨の血
unworn blazer,ブレザーは削除されました
list,リスト
otomad,音ワンドロ
claymore (mine),クレイモア地雷
beam gun,ビームガン
decay,減衰
desperation,ぜつぼう
klee (genshin impact) (cosplay),クリー（ジェンシンインパクト）（コスプレ）
stoned,石打ち
stellaron hunters (honkai: star rail),星核ハンター
string in mouth,口の中の文字列
bridal bikini,ウェディングビキニ
bridal swimsuit,新娘泳装
sensory deprivation,感覚剥奪
syringe holster,シリンジホルスター
implied pornography,暗黙のポルノ
chitin,キチン
.52 gal (splatoon),.52ガロン
commercial,コマーシャル
umbrella hair ornament,傘の髪の飾り
barber pole,バーバーポール
sitting on hand,手に座っています
grizzly win mag,LARグリズリー
motion slit,モーションスリット
hikikomori,引きこもり
colombia pose (meme),コロンビア
fairy tale (love live!),童話編
kick scooter,キックボード
ghost in the shell lineup,攻殻立ち
nissin cup noodle curry,カップヌードルカレー
millennium ring,千年リング
omegaverse,オメガバース
insulting viewer,侮辱的な視聴者
colt python,コルト・パイソン
twin-lens reflex camera,二眼レフ
glider,グライダー
powdered sugar,粉砂糖
icha icha (naruto),イチャイチャ
tamagokake gohan,卵かけご飯
rapture (nikke),ラプチャー(勝利の女神:NIKKE)
covering another's crotch,他の股を覆う
pyrefly,幻光虫
broken vase,壊れた花瓶
plant boy,植物の少年
item (toaru),アイテム(とある魔術の禁書目録)
golf course,ゴルフ場
standing on box,箱の上に立っています
international precure,モブキュア
hakama pull,ハカマプル
tractor,トラクター
broken fence,壊れたフェンス
himura kiseki (style),比村奇石
too many chicks,ひよこが多すぎます
cat breakdancing (meme),猫のブレイクダンス（ミーム）
octobrush (splatoon),ホクサイ
switchblade,SwitchBlade
poking penis,戳碰阴茎
striped wall,縞模様の壁
yellow hakama,黄色いha
fig,無花果
azov battalion,アゾフ大隊
frilled hood,フードフード
lemur tail,キツネザルの尾
bokutachi no seizon tousou (project sekai),ボク達の生存逃走
palm leaf fan,芭蕉扇
shoe box,靴箱
checkered shorts,チェッカーショーツ
object in panties,パンティーのオブジェクト
high-speed train,高速鉄道
tanling ruqun,坦领襦裙
food on penis,ペニスの食べ物
walnut,くるみ
lego brick,レゴブリック
glowing penis,发光的阴茎
bifurcated jaw,分岐した顎
obelisk,オベリスク
mousse (food),ムース
pop-up pirate,黒ひげ危機一発
uniform vest,均一なベスト
castration,去勢
tied nipples,被系绑的乳头
rappelling,ラペリング
genjiguruma,genjiguruma
fate testarossa (cosplay),Fate Testarossa（コスプレ）
crab girl,カニ娘
hero shot (splatoon 1),ヒーローシューター
escape room,セックスしないと出られない部屋
running on liquid,液体で走っています
dilation belt,扩张腰带
head arms,ヘッドアーム
fim-92 stinger,スティンガーミサイル
you died,あなたが死亡しました
snowdrop (flower),スノードロップ
impersonation,なりすまし
seven of diamonds,7つのダイヤモンド
shirt over head,頭の上のシャツ
honggaitou,红盖头
fish head,魚の頭
negative,负片
lemur ears,キツネザル
nue,ヌエ
morse code,モールス信号
grey nipples,灰色の乳首
getting up,起きる
paint in hair,髪を塗ります
giorno giovanna's pose,『ギャング・スター』にあこがれるようになったのだ!
typhoon (kamen rider),タイフーン(仮面ライダー)
napkin holder,ナプキンホルダー
puttees,巻きゲートル
glowing liquid,輝く液体
detergent,洗剤
flamberge,フランベルジュ
bibi (love live!),ビビ（ラブライブ！）
nutcracker,くるみ割り人形
quick shirt (fate),クイックシャツ
polka dot footwear,水玉の履物
monolith (object),モノリス
riot police,機動隊
sailor moon narikiri bra set,セーラームーンなりきりブラセット
pk machine gun,PKマシンガン
de lisle carbine,デ・リーズルカービン
hangover,二日酔い
morichika rinnosuke (cosplay),モリチカ・リノスケ（コスプレ）
american flag tattoo,アメリカ国旗のタトゥー
akasha terminal,アカシャターミナル
tickling navel,臍こちょ
bird hood,鳥のフード
five of clubs,5つのクラブ
misty (pokemon) (cosplay),ミスティ（ポケモン）（コスプレ）
shooting range,射撃場
yubi yubi (inugami korone),ゆびゆび
penis chart,阴茎对比图表
dimple,酒窩
karst,カルスト
cleaning eyewear,グラスの掃除
deep aqua mirror,ディープアクアミラー
clitoris peek,クリトリスピーク
planted axe,植えられたx
fed by viewer,視聴者によって供給されます
standing on swing,立ち漕ぎ
little devil (love live!),小悪魔編
unworn bracelet,ブレスレットが除去されました
holding digimon,デジモンを保持します
hockey stick,曲棍球棍
tharja (fire emblem) (cosplay),Tharja（Fire Emblem）（コスプレ）
from hat trick,ハットトリックから
aries (zodiac),白羊座
individuals (idolmaster),インディヴィジュアルズ
suiten nikkou amaterasu yanoshisu ishi,水天日光天照八野鎮石
mobius strip,メビウスの輪
kanazawa (city),金沢市
peach print,ピーチプリント
beast ball,ウルトラボール
jikan sokougun,時間遡行軍
gingerbread cookie,ジンジャーブレッド
foam mustache,泡の口ひげ
sardegna empire (emblem),サディア帝国
trainer wants to battle,勝負をしかけてきた!
public morals,風紀
stadiometer,スタジオメーター
gunbai,軍配
mosaic pattern,モザイク
nipple injection,乳首注射
browning m1919,ブローニングM1919重機関銃
covering body,体を覆う
hanamaru,花丸マーク
hair dye,毛髪染料
mutilation,性器破壊
apu spills his tendies (meme),APUが彼の傾向をこぼす（ミーム）
gacha suffering,ガチャ爆死
eight of hearts,ハートの8
freudian slip,本音と建前
eremite (faction),エルマイト旅団
head rub,頭こすり
sarcophagus,石棺
justice (tarot),正義(タロット)
tango,タンゴ
utx school uniform,UTX学校のユニフォーム
eye glitter,目のきらめき
inconvenient tail,不便な尾
american flag skirt,アメリカンフラッグスカート
drinking from condom,ゴムから精飲
sea monster,シーモンスター
k.o.,ノックアウト
proboscis,吻
tail fondling,しっぽいじり
namusanbou,南無三宝
feathered dinosaur,羽毛恐竜
cradle,ベビーベッド
lasgun,ラスガン
dogwood (flower),ヤマボウシ
implied footjob,暗黙の足場
merchant,店主
animal earmuffs,動物のイヤマフ
water elemental,水の精霊
magitek armor,魔導アーマー
clothes on shoulders,肩に服
remote control vehicle,リモートコントロール車両
sentry,セントリーガン
ags (last origin),AGS（最終起源）
disassembly,分解
polka dot gloves,水玉手袋
shopping district,商店街
acrobatics,きょくげい
firework background,花火の背景
bean sprout,もやし
horn speaker,ホーンスピーカー
sybian,シビアン
pocky strawberry,いちごポッキー
plaque,プラーク
bugle,ビューグル
shibafu (glock23) (style),しばふ村
penis face,ペニスの顔
beyond the bluesky (idolmaster),ビヨンドザブルースカイ
fliegerhammer,フリーガーハマー
hair net,ヘアネット
ice shaver,かき氷器
nimono,にもの
paint on fingers,指にペイントします
caduceus,ケーリュケイオン
virtuous treaty,高潔な条約
joui,ジュイ
beagle,ビーグル
vital sunflower (idolmaster),バイタルサンフラワー
sports court,运动场
tied to stake,ステークに縛られています
1997,1997年
anteater,アリクイ
the hierophant (tarot),教皇(タロット)
measuring stick,物差し
hand in another's pocket,ポケットに手
moose,ヘラジカ
game show,ゲーム番組
engraved,刻まれた
aquarium tunnel,水族館トンネル
crayfish,ザリガニ
mistsplitter reforged (genshin impact),Mistsplitterが改装された（Genshin Impact）
bugles (food),とんがりコーン
partial bodysuit,部分的なボディスーツ
siddham,悉曇文字
northern parliament (emblem),北部議会（エンブレム）
stuffed squid,ぬいぐるみのイカ
cancer (zodiac),かに座
e-liter 3k (splatoon),リッター3K
escoffion,エスコフィオン
eye chart,视力表
ball pit,ボールプール
table of contents,目次
anmitsu (dessert),あんみつ
smithing,鍛冶
serendia academy school uniform,セレンディア学園
test card,テストパターン
fur shirt,ファーシャツ
hachimitsu academy school uniform,八光学園
renaissance clothes,ルネッサンスの服
cherry print panties,チェリーパンティー
holding halo,ハローを保持します
windows logo,Windowsロゴ
chrysos heirs school uniform,黄金裔校服
fai chun,春聯
candy corn,キャンディーコーン
ibaraki kasen (cosplay),イバラキ・カセン（コスプレ）
foot on another's back,後ろに足
layered capelet,層状のカペレット
lacrosse stick,ラクロススティック
ipod ad,iPod風
instrument on back,背面に楽器
uterus pose,子宮のポーズ
remilia day,7月9日はレミリアの日
cross punisher,クロスパニッシャー
gripping clothes,服掴み
glowing arrow,輝く矢印
penis hug,ペニスの抱擁
digimon day,お台場メモリアル
level up,レベルアップします
australia,オーストラリア
bending backward,後方に曲げます
zanscare,ザンスカール
wet bra,ウェットブラ
no toes,つま先はありません
union jack bikini,ユニオンジャックビキニ
pillow bite,枕バイト
single greave,シングルグリーブ
large shoes,大きな靴
moriya suwako (cosplay),Moriya Suwako（コスプレ）
+ -,+  -
strength (tarot),力(タロット)
shepherd,羊飼い
good morning my brother! (meme),グッドモーニ〜ン、マイブラザ〜
h&k mark 23,マーク23
saddlebags,サドルバッグ
mackerel (fish),サバ
catcher stance,キャッチャー
bascinet,バシネット
wiggling,ウィグリング
yellow rope,黄色いロープ
flower in drink,飲み物の花
bowgun,ヘビィボウガン
block (mario),レンガブロック
bound wings,バウンドウィング
seppuku,腹切り
excalibur galatine (fate),Excalibur Galatine（運命）
egg carton,卵パック
battlesuit,バトルスーツ
outfit connection,衣装の接続
gunlance,ガンランス
shared sense,感覚共有
contact lens,コンタクトレンズ
holding flame,炎を保持します
side handle teapot,横手の急須
butterfly on shoulder,肩に蝶
aura sphere (pokemon),はどうだん
mossberg 590,モスバーグ590
shamrock,シャムロック
cat symbol,猫のシンボル
scathach (fate) (cosplay),スカサッハ（運命）（コスプレ）
green leggings,緑色のレギンス
immersed,水没
ground type theme (pokemon),じめんタイプ
matchlock,火縄銃
guzheng,古箏
half-split chopsticks,割り箸
subaru impreza,スバルインプレッサ
9a-91,9A-91
mega evolution,メガシンカ
print cloak,マントを印刷します
quarian,クォーアン
barnacle,フジツボ
beak hold,くちばしホールド
angel's swimsuit (idolmaster),天使のミズギ
ototachibana academy school uniform,乙橘学園の制服
shirakami fubuki (cosplay),Shirakami Fubuki（コスプレ）
augma,オーグマー
armored collar,装甲襟
thunderseal,サンダーシール
puka puka,プカプカ
ke-ta (style),ke-ta（スタイル）
pushing cart,カートを押す
strappado,ストラッパド
thatched roof,thatき屋根
bowling alley,ボウリング場
kasugayama high school uniform,カスガヤマ高校のユニフォーム
jack the ripper (fate/apocrypha) (cosplay),ジャックコス
ragequit,ragequit
submission,服従
licking dildo,舔假阳具
waveform,波形
skinsuit,皮モノ
sawed-off shotgun,ソードオフショットガン
dynamax ball,ダイマックスボール
transform (pokemon),へんしん
cure black pose,黒のポーズを治します
ox guard,霞の構え
two of clubs,2つのクラブ
narwhal,イッカク
horikoshi kouhei (style),野生の堀越
battle chatelaine,バトルシャトレーヌ
devil fruit,悪魔の実
desert tech mdr,デザートテクノロジーMDR
pudding a la mode,プリンアラモード
chocopuni,ちょこぷに
himematsu school uniform,Himematsu School Uniform
rococo movement,ロココ
hands on another's thigh,他の人の太ももを手にします
reversi,オセロ
ganbaruzoi,今日も一日がんばるぞい!
takeoff,離陸
dutch flag,オランダの国旗
kakera,カケラ
blitzball,(ブリッツボール
fujin yumi (fire emblem),富士ウン（火の紋章）
kissing breast,胸にキス
urethral fingering,尿道指の指
multicolored choker,多色のチョーカー
nahui mictlan (fate/grand order),黄金樹海紀行ナウイ・ミクトラン
shining needle castle,輝針城
potato wedges,ポテトウェッジ
myouren temple,命蓮寺
usui yoshito (style),野生の臼井儀人
in cauldron,大釜で
armbar,腕ひしぎ十字固め
panorama,パノラマ
kimoi girls (meme),キモーイガールズ
unbuttoned dress,ボタンのないドレス
asanagi (style),麻木（スタイル）
ship in a bottle,ボトルに出荷します
vibrator bulge,振动器的凸起
phantometal (paradox live),ファントメタル
burst bomb (splatoon),クイックボム
musketeer,銃士
spiral power,螺旋力
alfa romeo,アルファロメオ
mime,パントマイム
pitcher plant,ネペンテス
pool party (league),プールパーティー（リーグオブレジェンド）
frogging,フロッグボタン
pilder,ホバーパイルダー
static electricity,静電気
edo tensei,江戸時代
pandemonium society (blue archive),パンデモニウム・ソサエティー
chijo,痴女
leather collar,革の襟
stuffed monkey,詰まった猿
marnie (pokemon) (cosplay),マーニー（ポケモン）（コスプレ）
wringing,絞る
primrose (flower),プリムラ
logo hair ornament,ロゴヘアの飾り
gilgamesh (fate) (cosplay),ギルガメッシュ（運命）（コスプレ）
mucus,黏液
crane stance,クレーンスタンス
blanket grab,ブランケットグラブ
playstation symbols,PlayStationシンボル
tabasco,タバスコ
facejob,顔コキ
recorder case,レコーダーケース
double soul (mega man),ソウルユニゾン
takahashi rumiko (style),野生の高橋留美子
boyfriend's shirt (tokimeki no mirai chizu),虹ヶ咲学園彼シャツ同好会
scratching stomach,胃を傷つけます
lime hair ornament,ライムヘアー飾り
stuffed reindeer,ぬいぐるみのトナカイ
it's just not right!,そういうのよくないと思います!
artoria pendragon (swimsuit ruler) (fate) (cosplay),Artoria Pendragon（水着の支配者）（運命）（コスプレ）
lantern earrings,ランタンイヤリング
yule log (cake),ブッシュドノエル
kawakami academy school uniform,川崎アカデミーのユニフォーム
nekoma volleyball uniform,ネコマバレーボールユニフォーム
tipsy,ほろ酔い
tree costume,木の役
decadriver,ディケイドライバー
wotagei,ヲタ芸
myoukou pose (meme),妙高飛び
starfish bikini,ヒトデブラ
gas pump,ガスポンプ
in-ear earphones,インイヤーイヤホン
skull-shaped pupils,頭蓋骨型の瞳
fn f2000,FN F2000
leaf bra,リーフブラ
space sword,スペースソード
tsuki ga kirei desu ne (phrase),月が綺麗ですね
bait,餌
blood in water,水中の血
magpie,カササギ
wii u,wii u
dock (tail),尻尾の裏
dorothea arnault (cosplay),ドロテア・アーノー（コスプレ）
luminous (madoka magica),ルミナス(魔法少女まどか☆マギカ)
libra (zodiac),天平座
cheese wheel,チーズホイール
dazzle paint,ダズル迷彩
mitsubishi lancer evolution,ランサーエボリューション
centurion (tank),センチュリオン
priest (dq3) (cosplay),司祭（DQ3）（コスプレ）
celestica flute,カミナギのふえ
lace-up thighhighs,レースアップの大腿部
headphones for animal ears,動物の耳用のヘッドフォン
signal bar,信号バー
glorious azure costume (umamusume),輝かしいazure衣装（umamusume）
telepathy,テレパシー
spinning bird kick,スピニングバードキック
kirino ranmaru (mixi max jeanne d'arc),蘭ヌ
uranus (planet),天王星
water cooler,ウォータークーラー
good couple day,良い夫婦の日
chugging,一気飲み
fur-trimmed shawl,毛皮のトリミングされたショール
wisdom cube (azur lane),メンタルキューブ
dragon fruit,ドラゴンフルーツ
assisted paizuri,二人羽織パイズリ
too much fluff,綿毛が多すぎます
nissan gt-r,日産GT-R
beyblade (object),ベイブレード
underwater city,水中都市
latex shorts,ラテックスショートパンツ
leo (zodiac),狮子座
ducati,ドゥカティ
dirty footwear,靴下汚れ
granblue fantasy (style),グラブル風
hostage,人質
yiga clan,イーガ団
paper balloon,紙風船
dead heat summer race!,デッドヒート・サマーレース!
headbanging,ヘッドバンギング
teddy (lingerie),テディ
heineken,ハイネケン
seyana (meme),せやな
old-fashioned donut,オールドファッション
cum on mask,ザーメンマスク
crab hair ornament,カニの髪の飾り
fansub,fansub
m1 abrams,M1エイブラムス
power cord,電源コード
b&t mp9,ステアーTMP
wet lens,ウェットレンズ
character chart,文字チャート
snare drum,スネアドラム
heart bra,ハートブラ
clear insertion,クリア挿入
f-4 phantom ii,F-4ファントムII
great rune (elden ring),グレートルーン（エルデンリング）
team rainbow rocket,レインボーロケット団
padded walls,パッド入りの壁
nectar,みき
hay fever,花粉症
blowing nose,鼻をかむ
cuckoo clock,鳩時計
idle animation,アイドルアニメーション
heart ribbon,ハートリボン
ddd threesome,双双双3P
holding cushion,クッションを保持します
tied skirt,縛られたスカート
stocking (psg) (cosplay),ストッキング（PSG）（コスプレ）
ganbare! nakamura-kun!! cover parody,ガンバレ!中村くん!!
uranus symbol,天王星シンボル
arcle (kuuga),アークル
mirror image,鏡像
checkered footwear,チェッカーフットウェア
oak leaf,オークの葉
clip (weapon),クリップ
rice planting,田植え
metabole piglets,メタボ・ピグレッツ
venus bikini,维纳斯比基尼
garrote,ギャロテ
nagashi soumen,流しそうめん
rock garden,枯山水
azure (armor),Azure（鎧）
haraegushi,祓串
blueberry hair ornament,ブルーベリーの髪の飾り
tsum-tsum,ツムツム
kanohi (bionicle),カノヒ(バイオニクル)
externally piloted mecha,外部で操縦されたメカ
celestella unison (idolmaster),セレステラユニゾン
poking nose,鼻を突く
head tail,尾巴长在头上
the chariot (tarot),戦車(タロット)
cubism,キュビスム
sisterhood (blue archive),シスターフッド
good thighhighs day,いいニーハイの日
removing helmet,ヘルメットを取り外します
ink stain,インクの汚れ
beluga whale,シロイルカ
harley quinn (cosplay),ハーレークイン（コスプレ）
nationale volksarmee,赤いプロイセン
doll house,ドールハウス
rotisserie,ロティサリー
amazake (drink),甘酒
sleeves tied together,袖結び
bobbles,ボブル
orange-shaped earrings,オレンジ色のイヤリング
nah i'd win (meme),勝つさ
sad cat dance (meme),悲しいキャットダンス（ミーム）
cover them up slut (meme),それらを覆う女（ミーム）
assisted peeing,やり手水
train attendant,列車アテンダント
mammoth,マンモス
hollyhock,タチアオイ
red button,赤いボタン
elizabeth bathory (brave) (fate) (cosplay),エリザベス・バソリー（勇敢）（運命）（コスプレ）
dragon boat festival,端午节
running blades,ランニングブレード
barricade,バリケード
chupacabra,チュパカブラ
takamachi nanoha (cosplay),タカマチナノハ（コスプレ）
uh-60 blackhawk,uh-60ブラックホーク
strip mahjong,脱衣麻雀
brynhild romantia,死がふたりを分断つまで
lopunny (cosplay),Lopunny（コスプレ）
yamaboshi private high school uniform,私立山星高等学校の制服
agni gandiva,アグニ・ガーンディーヴァ
seams,縫い目
cum in eye,眼射
whirlpool,渦潮
insect pin,虫ピン
yellow buruma,黄ブルマ
candle no kaori wa omoide to tomo ni (project sekai),キャンドルの香りは思い出と共に
sumeru rose (genshin impact),须弥蔷薇
second wangan school uniform,私立湾岸第二中学校
pisces (zodiac),うお座
armet,アーメット
holding pants,ズボンを持っています
axis (gundam),アクシズ
robot cat,ロボット猫
denim shirt,デニムシャツ
pikachu costume,ピカチュウの衣装
bird on leg,足の鳥
writing on ass,お尻に書く
bomb item (touhou),爆弾アイテム（Touhou）
leather bag,レザーバッグ
keshin (inazuma eleven),化身
people's liberation army air force,中国人民解放军空军
char aznable (cosplay),Char aznable（コスプレ）
donburi,丼
mismatched armpit hair,色違い脇毛
shigure (kancolle) (cosplay),shigure（kancolle）（コスプレ）
compilation,編集
trap door,トラップドア
bad singing,ボエ~
space marine,スペースマリン
revice driver,リバイスドライバー
colophon,奥付
engineer,エンジニア
ugg boots,UGGブーツ
kraken,クラーケン
team aqua uniform,チームアクアユニフォーム
dearly stars (idolmaster),DeallyStars（Idolmaster）
defensive wall,防御壁
pkp pecheneg,PKPペチェネグ
splattershot pro (splatoon),プライムシューター
station wagon,ステーションワゴン
back pain,背中の痛み
heartbreak (futsuu no keion-bu),はーとぶれいく(ふつうの軽音部)
gamer driver,ゲーマドライバー
oh? you're approaching me? (meme),ほう...向かってくるのか
harpoon gun,スピアガン
the world (tarot),世界(タロット)
panties under leotard,レオタードの下のパンティー
clutching clothes,クラッチ服
glowing mushroom,輝くキノコ
mixer (cooking),ハンドミキサー
rockabilly,ロカビリー
strawberry pop moon (idolmaster),ストロベリーポップムーン
cappuccino,カプチーノ
grater,おろし金
carrot on stick,スティックにニンジン
chain blades,チェーンブレード
cow skull,牛の頭蓋骨
1995,1995年
canari plush (pokemon),カナリィぬい
airplane hair ornament,飛行機の髪の飾り
sleeping with eyes open,目を開けて寝る
radio booth,ラジオブース
cats love being spanked,腰トン
sweet pea,スイートピー
four-leaf clover necklace,4葉のクローバーネックレス
namori (style),なもり
photo booth,プリクラ
yellow bloomers,黄色のブルマー
joint lock,関節技
alphabet,アルファベット
robot sex,ロボットセックス
holoro,ホロライブID2期生
carro armato p40,P40(戦車)
gazelle tail,ガゼルテール
chocolate clothes,チョコレートの服
white garter,白いガーター
misono gakuen school uniform,都立御苑女学園制服
servant summer festival! 2018,サーヴァント・サマー・フェスティバル!
nantaimori,男体盛り
umpire,裁判
furaffinity username,Furaffinityユーザー名
shroud of martin,マルティーンの聖骸布
norway,ノルウェー
standing on branch,枝に立っています
locked legs,戸川固め
crimson moon's semblance (genshin impact),赤月のシルエット
ceremonial blade (honkai: star rail),儀礼剣
stargazy pie,スターゲイジーパイ
constellation hair ornament,星座の髪の飾り
faewish sprite,願いの精霊
panther print,ヒョウ柄
bond level (fate/grand order),絆ポイント
chesto (phrase),ちぇすとー!
panties under swimsuit,水着の下のパンティー
honda nsx,ホンダNSX
road bicycle,道路自転車
yukimi daifuku (food),雪見だいふく
natsuki subaru (cosplay),ナツキ・スバル（コスプレ）
amano yoshitaka (style),野生の天野喜孝
canon (company),キヤノン
f-16 fighting falcon,ファイティングファルコン
six of hearts,6つの心
paw ornament,足の飾り
straight razor,西洋かみそり
foil,アルミホイル
tomoeda high school uniform,トモーダ高校のユニフォーム
hand wave,手波
sukiyaki,すき焼
tweedia,ツイーディア
cinder block,軽量コンクリートブロック
maruchan midori no tanuki tensoba,緑のたぬき
sherlock holmes (cosplay),シャーロックホームズ（コスプレ）
tomato costume,トメィトゥ
the north face,ノースフェイス
5th live tour ~4pair power spread!!!!~,蓮ノ空5th東京Day1
shiranui kensetsu,しらけん
taurus (zodiac),金牛座
srw battle screen,スパロボ風
sakana~ (meme),さかなー
banjo,バンジョー
panties around one finger,1本の指のパンティー
masturbation day,0721の日
holding legs,足を持っています
parchment,ようひし
raised curb,縁石
wheelie,ウイリー
feathered cape,羽毛のケープ
dazzling pearl (nikke),ダージリンパール
rawst berry,チーゴのみ
disappearance outline,消失轮廓线
finger puppet,指偶
resisting,抵抗
mochi mochi dance,キビキビー!!
decoden,デコ電
adjusting earrings,イヤリングの調整
judgement (tarot),審判
sulong form,スーロン
personality excrement,人格排泄
triple bun,三发髻
track marks,注射痕
spider gag,スパイダーギャグ
spring onion hair ornament,スプリングオニオンの髪の飾り
mute,ミュート
four of diamonds,ダイヤモンドの4つ
egret orchid,サギソウ
snake costume,ヘビの衣装
purple moon,パープルムーン
they're not panties,パンツじゃないから恥ずかしくないもん!
sagittarius (zodiac),射手座
sword cane,仕込み杖
detached ears,孤立した耳
pipe bomb,パイプ爆弾
fingers to cheek,頬に指
thunder stone,かみなりのいし
moon ball,ムーンボール
foaming waves,発泡波
people's liberation army ground force,中国人民解放军陆军
impossible storage,四次元スカート
fantia username,Fantiaユーザー名
water dress,ウォータードレス
energy bullet,エネルギー弾
instruction manual,取扱説明書
apollo chocolate,アポロチョコ
fukujinzuke,ふくじんづけ
throwing food,食べ物を投げた
monkey d. luffy (cosplay),モンキーd。ルフィ（コスプレ）
alto saxophone,アルトサックス
snake box sneak,スネークボックススニーク
area 15,ホロライブID1期生
tiger tattoo,タイガータトゥー
mogeko (species),モゲコ
advent deck,カードデッキ
musical note necklace,ノートノートネックレス
achilles tendon,アキレス腱
moon reflection,月の反射
aks-74,AKS-74
materializing,具体化
town square,広場
volume symbol,ボリュームシンボル
hipster,ヒップスター
budgerigar (bird),セキセイインコ
okapi ears,okapi耳
open can,開く缶
bubble filter,水玉コラ
linked gag,ダブルギャグ
relax teatime (project sekai),リラックスティータイム
rolled-up newspaper,新聞を丸めた
hello happy world!,ハロー、ハッピーワールド!
aspear berry,ナナシのみ
gas pump nozzle,ガスポンプノズル
chimerism,キメリズム
toyota 86,ハチロク
head flag,ヘッドフラグ
scorpio (zodiac),さそり座
looking for glasses,メガネメガネ
tetromino,テトロミノ
pussy squeeze,猫の絞り
soumen,そうめん
villain pose,ベガ立ち
glitch censor,グリッチ検閲
jonathan joestar's pose,大乔立
snowman print,雪だるま柄
hiccup,しゃっくり
orel cruise,オリョールクルージング
webclap,webclap
curtain call challenge (meme),カーテンコールチャレンジ（ミーム）
zashiki-warashi,座敷わらし
nymph,ニュンペー
ilya kuvshinov (style),イリヤ・クブシノフ（スタイル）
sennin mode,仙人モード
recruitment bag (arknights),採用バッグ（Arknights）
clock print,クロックプリント
rare candy,ふしぎなアメ
sword fight,剣の戦い
planetarium,プラネタリウム
blowing candle,ろうそくを吹く
fullbottle,フルボトル
tracen ondo outfit (umamusume),トレセン音頭
fundoshi pull,Fundoshi Pull
stechkin aps,スチェッキン・マシンピストル
alternate horns,代替ホーン
hand under dress,ドレスの下の手
omanko mark,おまんこマーク
whammy bar,ワミーバー
zooming out,ズームアウト
misaka mikoto (cosplay),ミサカ・ミコト（コスプレ）
cum on lips,唇に精液
scrotum piercing,陰嚢のピアス
grape vine,グレープヴァイン
gari gari-kun,ガリガリ君
virgo (zodiac),处女座
tokoyami towa (cosplay),Tokoyami Towa（コスプレ）
military police,憲兵
power tool,有力な手法
crown hat,クラウンハット
kirima syaro (cosplay),キリマ・シロ（コスプレ）
toothbrush mustache,ちょびひげ
military lolita,ミリタリーロリータ
tracen ondo (song),トレセン音頭
medusa (rider) (fate) (cosplay),Medusa（Rider）（Fate）（Cosplay）
kirigami,切り紙
donkey girl,ロバの女の子
gopnik,ゴプニク
para para,パラパラ
d.va (overwatch) (cosplay),D.VA（オーバーウォッチ）（コスプレ）
cradling,抱きかかえる
noble heart (grimms notes),ノーブル・ハート(グリムノーツ)
robbery,強盗
american flag print panties,アメリカ国旗のパンティー
tennis dress,网球连衣裙
charro,シャロ
aston martin,アストンマーティン
yellow tang,キイロハギ
transparent weapon,透明な武器
eyepatch pull,アイパッチプル
tank (container),タンク
umamusume tanuki,たぬき(ウマ娘)
ribbed hat,リブ付きの帽子
tail on face,顔の尾
gold ship (umamusume) (cosplay),金の船（Umamusume）（コスプレ）
holding sarong,サロンを保持します
drive-thru,ドライブスルー
maze,迷路
iwagakure symbol,iwagakureシンボル
dappled moonlight,ちょっとした月明かり
courtyard,なかにわ
the devil (tarot),悪魔(タロット)
introduction,導入
ice block,アイスブロック
eel girl,ウナギ娘
night clothes,パジャマ
sailor venus (cosplay),セーラー金星（コスプレ）
terada tera (style),寺田てら
hairline,生え際
pyra (xenoblade) (cosplay),pyra（xenoblade）（コスプレ）
babyls school uniform,バビルススクールユニフォーム
arima kinen,有馬記念
microphone cord,マイクコード
vichya dominion (emblem),ヴィチャ・ドミニオン（エンブレム）
hand towel,手巾
rafflesia (flower),ラフレシア
presentation,プレゼンテーション
delorean,デロリアン
doting parent,親バカ
clear card,クリアカード
world map,世界地図
tsukkomi,ツッコミ
book strap,ブックストラップ
minus sign,マイナス記号
hokage,ほかげ
ribbon-trimmed bloomers,リボントリミングされたブルマー
after birth,産後
glass shard,单块碎玻璃
cometik (idolmaster),コメティック
harpe (fate/grand order),不死身殺しの鎌・ハルペー
vehicle chase,カーチェイス
hilda (pokemon) (cosplay),ヒルダ（ポケモン）（コスプレ）
tyrfing (fire emblem),ティルフィング
flying animal,飛んでいる動物
sucking both nipples,吮吸两个乳头
chocolate fountain,チョコレートファウンテン
golden deer (fire emblem),金鹿の学級
rugby ball,ラグビーボール
animal realm yakuza (touhou),三組長
gladius,グラディウス(剣)
cross-laced panties,架橋パンティー
sashimono,指物
lunging,突進
kaga (kancolle) (cosplay),Kaga（Kancolle）（コスプレ）
vermilion city school uniform,バーミリオンシティスクールユニフォーム
contract,合同
cutting clothes,服を切る
torn curtains,引き裂かれたカーテン
elbow gauntlets,肘ガントレット
obon,お盆
polish text,ポーランド語
hood pull,フードプル
nipple object insertion,ニプルプラグ
towel slip,タオルスリップ
deer skull,鹿の頭蓋骨
crime scene,犯罪現場
lynx,オオヤマネコ
broken bone,骨折
pie chart,円グラフ
plaid sweater,格子縞のセーター
hacking,ハッキング
kissing eye,目をキス
ursa minor (constellation),こぐま座
yoru (sword),ヨル（剣）
zawa (onomatopoeia),ざわ...
queen of diamonds,ダイヤモンドの女王
candy store,駄菓子屋
inconvenient ass,不便なお尻
licking paw,足をなめる
brazier,火鉢
sothis (fire emblem) (cosplay),神祖の服
mask bikini,マスクビキニ
knolling,ノール
solar term,节气
observatory,てんもんだい
grey male swimwear,灰色の男性水着
thailand,タイ王国
cutesexyrobutts (style),Cutesexyrobutts（スタイル）
fish earrings,魚のイヤリング
prince albert,プリンスアルバート
arquebus,火縄銃
eye poke,目潰し
yjsnpi interview (meme),インタビューシリーズ
carat (umamusume),ジュエル(ウマ娘)
vivosaur,リバイバー
beer crate,ビールコンテナ
friendship club (princess connect!),聖テレサ女学院(なかよし部)
food dildo,フルーツディルド
pi (math),pi（数学）
waving flag,旗を振る
marmyadose (fate),マルミアドワーズ
stilts,竹馬
star harmony academy school uniform,スターハーモニー学園
boardwalk,ボードウォーク
fruit on liquid,液体の果物
gift between breasts,胸の間の贈り物
body soaping,洗体
team plasma uniform,チームプラズマユニフォーム
egypt,エジプト
tape recorder,テープレコーダー
borzoi,ボルゾイ
server,サーバー
chastity bra,貞操ブラ
lucina (fire emblem) (cosplay),Lucina（Fire Emblem）（コスプレ）
jagarico,じゃがりこ
ankha zone (meme),アンカゾーン
lorem ipsum,Lorem Ipsum
asymmetrical bikini,非対称ビキニ
chalk outline,チョークアウトライン
air guitar,エアギター
hay bale,牧草ロール
humvee,ハンヴィー
nambu pistol,南部式大型自動拳銃
type 99 cannon,タイプ99キャノン
charisma establishment,カリスマ施設
kagemitsu g4,Kagemitsu G4
cumdrip through panties,パンティーを介して累積します
alternate wing color,代替翼の色
tail pussy,尻尾オナホ
gauna,奇居子
orchestra,オーケストラ
oath of judah,ユダの誓い
browning hi-power,ブローニング・ハイパワー
ultimate madoka (cosplay),アルティメットマドーカ（コスプレ）
bismarck (coat of arms),ビスマルク(紋)
naked hood,裸のフード
lunch,昼ご飯
wii u gamepad,Wii U GamePad
shiny trinity (idolmaster),シャイニートリニティ
aimpoint,AimPoint
niconico id,ニコニコID
wandenreich,見えざる帝国
eyewear pull,アイウェアプル
x-ray phone,透視アプリ
pimple,ニキビ
satin underwear,サテンの下着
momotalk (blue archive),モモトーク
ottoman (furniture),オットマン
shared jacket,共有ジャケット
rest in peace (phrase),安心して休む（フレーズ）
yacht,ヨット
peeing on penis,ペニスにピス
chocolate on ass,お尻のチョコレート
allergy,アレルギー
upright 69,站立式69
chick print,ひよこプリント
amenomurakumo-no-tsurugi (fate),界剣・天叢雲剣
finnish army,フィンランド軍
monkey costume,猿の衣装
nipple guessing game (meme),乳首当てゲーム
ptrd-41,デグチャレフPTRD1941
rope ladder,縄ばしご
paper towel,毛巾
anomalocaris,アノマロカリス
fengguan,凤冠
poppin'party,ポピパ
beats by dr. dre,博士によるビート。ドレ
high heel sneakers,高跟运动鞋
grilled corn,焼きトウモロコシ
yamamura sadako (cosplay),山村夏（コスプレ）
bulldog,ブルドッグ
pen holder,ペンホルダー
figure stage,フィギュアステージ
millennium necklace,千年タウク
liquid-in-glass thermometer,液体イングラス温度計
emergency exit,非常口
sageo,下げ緒
mouth submerged,口が沈んでいます
supermarine spitfire,スピットファイア
habanero pepper,ハバネロ
hand on another's hat,他の人の帽子を手にします
akademeia uniform,アカデメイアのユニフォーム
dio brando's pose,ディオブランドのポーズ（ジョジョ）
yamato (kancolle) (cosplay),ヤマト（カンコル）（コスプレ）
happy meal,ハッピーセット
crescent tattoo,三日月タトゥー
eyebrows visible through mask,マスクを通して見える眉
tall crown,背の高い王冠
cruise ship,クルーズ船
subway (company),サブウェイ
xiaohongshu watermark,小红书水印
fell bullet (e.g.o),凶弾の射手
sucking on multiple breasts,吮吸多个乳头
plaid footwear,格子縞の履物
terrier (dog),テリア
horse head,馬の頭
licking self,自分を舐める
juliet capulet (cosplay),ジュリエット・カプレット（コスプレ）
mosaic art,モザイクアート
panty (psg) (cosplay),パンティー（PSG）（コスプレ）
three-legged race,二人三脚
revealing swimsuit (dq),あぶない水着
edie crop hoodie,エディ作物のパーカー
rattle drum,でんでん太鼓
kintsugi,金継ぎ
uriko (baseball),ビール売り子
vehicalization,車両化
heart bubbles,心臓の泡
birdhouse,バードハウス
macuahuitl,マクアウィトル
disco,ディスコ
pokemon gym,ポケモンジム
stealth set (zelda),忍び装備
physics,ぶつりがく
hibikino high school uniform,私立ひびきの高校
son goku (cosplay),息子悟空（コスプレ）
jupiter (idolmaster),ジュピター(アイドルマスター2)
paratrooper,空挺兵
fishnet panties,フィッシュネットパンティー
programming (topic),プログラミング（トピック）
skull cup,スカルカップ
chen (cosplay),チェン（コスプレ）
sailor jupiter (cosplay),船乗りの木星（コスプレ）
toe socks,分趾袜
alexandria,アレクサンドリア
tabletop troupe (genshin impact),テーブルトークシアター
hanging from tree,木からぶら下がっています
crab print,カニ印刷
underworld,あの世
chi xiao (arknights),赤霄
walrus,セイウチ
smog,スモッグ
goggles on eyes,目にゴーグル
cooperative nipple licking,W乳首舐め
no freckles,そばかすはありません
1930s (style),1930年代（スタイル）
multicolored pubic hair,多色の陰毛
makinami mari illustrious (cosplay),マキナミマリイラストレス（コスプレ）
smudge,染み
dapple dualies (splatoon),スパッタリー
adaptive combat rifle,ブッシュマスターACR
clock hair ornament,時計の髪の飾り
leech,ヒル
adjusting headset,ヘッドセットの調整
eight of diamonds (playing card),ダイヤの8
ichigo ichie na hyakki yagyou!? (project sekai),一期一会な百鬼夜行!?
cable car,ロープウェイ
adjusting shirt,シャツの調整
religious offering,お供え
animal on face,顔に動物
jack of hearts,ハートのジャック
pig snout,豚の鼻
bouquet toss,ブーケトス
ladybug/beauty (love live!),レディバグ/麗
against bookshelf,本棚に対して
hu tao (genshin impact) (cosplay),Hu Tao（Genshin Impact）（コスプレ）
gotland (kancolle) (cosplay),Gotland（Kancolle）（コスプレ）
jindai high school uniform,Jindai High Schoolの制服
hair behind eyewear,アイウェアの後ろの髪
hamayumi (genshin impact),hamayumi（Genshin Impact）
rickshaw,人力車
forge,フォージ
drum bath,ドラム缶風呂
guess who,だれだ
finger writing,指の書き込み
type 91 armor-piercing shell,九一式徹甲弾
lip balm,リップクリーム
standing on shoulder,肩に立っています
ga rune pose,GAルーンポーズ
pencil sharpener,鉛筆削り
mining,鉱業
feather (magia record),黒羽根
buchi holes,ブチ穴
body bag,ボディバッグ
save the queen,セーブ・ザ・クィーン
tristar vision (idolmaster),トライスタービジョン
johnston (kancolle) (cosplay),ジョンストン（カンコル）（コスプレ）
hyakkaryouran (blue archive),百花缭乱纷争调停委员会
cork gun,コルクガン
sylveon (cosplay),Sylveon（コスプレ）
ishtar (fate) (cosplay),Ishtar（Fate）（コスプレ）
forte (symbol),フォルテ（シンボル）
esports,eスポーツ
cz scorpion evo 3,スコルピウス(ブルーアーカイブ)
seven-branched sword,七支刀
stuffed snake,ぬいぐるみ
seven of spades,7つのスペード
happuri,はっぷり
afghan hound,アフガン・ハウンド
shin ramyun,辛ラーメン
meister otome uniform,マイスター・オトムのユニフォーム
golden gun,黄金銃
barn owl,メンフクロウ
broly culo (meme),Broly culo（ミーム）
veiny tentacles,静脈触手
faceplate,面甲
netherlands,オランダ
bear slippers,クマのスリッパ
pikarigaoka middle school uniform,ぴかりが丘中学校
speedpaint,スピードペイント
lily servant,リリーの使用人
metal gear (robot),メタルギア（ロボット）
side-seamed gloves,サイドシームグローブ
spirit (super smash bros.),スピリッツ(スマブラ)
ultra recon squad uniform,Ultra Recon Squadユニフォーム
forniphilia,ポゼッションプレイ
crewmate (among us) (cosplay),乗組員（私たちの間）（コスプレ）
hips in air,空気中の腰
social media composition,四分割
head hold,ヘッドホールド
top of moe 2020,MOE2020
spanking self,お尻ペンペン
gear shift,ギアシフト
removing bandaid,バンダイドを削除します
sirius (azur lane) (cosplay),シリウス（アズールレーン）（コスプレ）
praise the sun,太陽賛美
kono matsuri ni yuuyami iro mo (project sekai),この祭に_夕闇色も
see-through cutout,透视开口
ignite module,イグナイトモジュール
artillery shell,砲弾
flower bra,フラワーブラ
children's book,児童書
seven deadly sins,七つの大罪
iphone 11 pro,iPhone 11 Pro
crotchless shorts,クロットレスショートパンツ
paperclip hair ornament,ペーパークリップの髪の飾り
green babydoll,緑のbabydoll
ushi no koku mairi,丑の刻参り
suzumebachi (shikai),雀蜂
type-moon heroines,TYPE-MOONヒロインズ
wormhole,ワームホール
insect on head,頭の昆虫
calavera,カラベラ
crab on shoulder,肩にカニ
exasperation,怒り
closed curtains,閉じたカーテン
skull fucking,脳姦
thanksgiving,サンクスギビング
exercise bike,エアロバイク
paku paku desuwa,パクパクですわ
gojou's imaginary technique,虚式「茈」
orangette,オランジェット
tsuganoki second junior high school uniform,私立栂の木第二中学校制服
sunflower petals,ひまわりの花びら
abs cutout,ABSカットアウト
jelleton,スケルトーン
nilou (genshin impact) (cosplay),nilou（Genshin Impact）（コスプレ）
hamster wheel,ハムスターホイール
cracking egg,卵を割る
sitting on liquid,液体の上に座っています
relay race,リレー
astolfo monster cosplay (meme),巨根アストルフォ部
skin-colored pantyhose,肉丝
fou (fate) (cosplay),fou（Fate）（コスプレ）
yukianesa,氷剣・ユキアネサ
orange moon,オレンジムーン
pepperbox revolver,Pepperboxリボルバー
odradek,オドラデク
frog raincoat,カエルレインコート
lychee,ライチ
razz berry,ズリのみ
blood on snow,雪の血
unworn scrunchie,削除しました
bagpipes,バグパイプ
petal censor,花びらの検閲
felching,フェルチング
finger twirl,指のくるくびき
striped underwear,縞模様の下着
dark repulser,ダークリパルサー
climbing wall,登山壁
clothes iron,アイロン
cookie jar,クッキー缶
serena (pokemon) (cosplay),セレナ（ポケモン）（コスプレ）
savanaclaw dorm,サバナクロー寮
headstand,ヘッドスタンド
year connection,年のつながり
unworn buruma,ブルマは取り除かれました
glowing jewelry,輝くジュエリー
mihono bourbon (umamusume) (cosplay),ミホノバーボン（ウマムスメ）（コスプレ）
bang (gesture),バン（ジェスチャー）
pullups,けんすい
six of diamonds,6つのダイヤモンド
article,記事
suzuya (kancolle) (cosplay),スズヤ（カンコル）（コスプレ）
parrying,パリィ
stone torii,ストーントリイ
tamato berry,マトマのみ
chin on palm challenge,あご乗せチャレンジ
dog shadow puppet,犬の影の人形
nose tape,ノーズテープ
storm attacker,ストーム攻撃者
female protagonist (pokemon go) (cosplay),女性主人公（ポケモンGO）（コスプレ）
2 fuel 4 ammo 11 steel,恋の2-4-11
bound fingers,バインドされた指
police motorcycle,白バイ
beating,鼓動
matrix of leadership,マトリクス(トランスフォーマー)
vivienne westwood,ヴィヴィアン・ウエストウッド
canned tuna,ツナ缶
temperance (tarot),節制
bitten,噛まれた
areola measuring,areola測定
illicium,イリシウム
penis growth,陰茎の成長
parking garage,屋内駐車場
pegasus (constellation),ペガスス座
transparent butterfly,透明な蝶
clear file (medium),クリアファイル
triangle cutout,三角形の切り抜き
rabbit puppet,バニーの人形
porridge,おかゆ
panties over leggings,レギンスの上のパンティー
ray of grace,恵みのレイ
wire cutters,ワイヤーカッター
narrative formation,ナラティブ組体操
mythra (xenoblade) (cosplay),Mythra（xenoblade）（コスプレ）
harvest,収穫
space elevator,宇宙エレベーター
colossus,コロッサス
whirlwind,つむじ風
rave party,レイブガール
cure white pose,白いポーズを治します
carrot earrings,ニンジンイヤリング
erection under blanket,毛布の下の勃起
gracidea,Gracidea
ultra instinct sign,身勝手の極意
kikyo private academy school uniform,私立桔梗学園女子高等学校
cloche hat,クローシュハット
pale eye,淡い目
dio brando (cosplay),Dio Brando（コスプレ）
realified,リアル風
long fangs,長い牙
kirara jump,きららジャンプ
title screen,タイトル画面
xylophone,シロフォン
water dragon,ウォータードラゴン
anaheim electronics,アナハイム・エレクトロニクス
bottle opener,栓抜き
hose between breasts,胸の間のホース
tonari ni tatsu yasashii anata e (project sekai),隣に立つ、優しいあなたへ
diamond (minecraft),ダイヤモンド(Minecraft)
cunt punt,マン的
one way sign,一方通行
dodo (bird),ドードー鳥
sloth (animal),ナマケモノ
spot the differences,間違い探し
production note,生産ノート
joker (dc) (cosplay),ジョーカー（DC）（コスプレ）
cum bucket,兼バケツ
goddess of war (fate),ゴッデス・オブ・ウォー
camellya mascot (meme),大傻椿
in hat,帽子で
lycoris challenge (meme),リコリスチャレンジ（ミーム）
shredded cabbage,キャベツの千切り
chocolate statue,チョコレート像
maclone,マクロン
ending,エンディング
unconventional broom,型破りなほうき
rock climbing,ロッククライミング
red (pokemon) (cosplay),赤（ポケモン）（コスプレ）
dslr,DSLR
snow camouflage,冬季迷彩
imminent tickling,くすぐりそう
himemiya anthy (cosplay),Himemiya Anthy（コスプレ）
idiot sandwich (meme),バカのサンドイッチ
tasouken,蛇叢剣
sunset nostalgie (idolmaster),サンセットノスタルジー
mixed harem,混合ハーレム
mamezara,豆皿
two-tone jumpsuit,ツートンジャンプスーツ
leaf bracelet,树叶手环
monowire,モノワイヤ
beehive,蜂の巣
stuffed raccoon,ぬいぐるみのアライグマ
public service announcement,公益宣传
pig costume,豚の衣装
fake play button,偽の再生ボタン
sage (dq3) (cosplay),セージ（DQ3）（コスプレ）
juumonji yari,十文字槍
sugar song and bitter step,シュガーソングとビターステップ
peacoat,Pコート
orange hakama,オレンジ・ハカマ
at field,ATフィールド
sexy guilty (idolmaster),セクシーギルティ
help (phrase),ヘルプ
straight flush (poker),ストレートフラッシュ
vss vintorez,VSS Vintorez
autocunnilingus,autocunnilingus
noodle stopper,ヌードルストッパー
gold lips,金嘴唇
fujimaru ritsuka (male) (cosplay),藤原ritsuka（男性）（コスプレ）
kamina pose,カミナポーズ
sitting on hair,髪の毛に座っています
in refrigerator,冷蔵庫で
bonple military uniform,ボンプル高校
scapular,肩甲骨
long tail,ロングテール
playing with another's ears,他の人の耳で遊ぶ
sparkling daydream,(σ回ω・)σ←↖↑↗→↘↓↙←↖↑↗
camelot (fate/grand order),キャメロット
splatana stamper (splatoon),ジムワイパー
hat ring,帽子のリング
cat's tongue,猫舌
is-2,IS-2
takahashi kazuki (style),高橋和希
gold creator award,金の盾
sploosh-o-matic (splatoon),ボールドマーカー
prologue rouge (idolmaster),プロローグ・ルージュ
desk slam,デスクスラム
komeiji satori (cosplay),Komeiji Satori（コスプレ）
holding on,握る
wet kimono,濡れた着物
dianthus,ナデシコ
okosama lunch,お子様ランチ
z-crystal,Zクリスタル
starting brighty (idolmaster),スターティングブライティー
bow babydoll,bow babydoll
louis vuitton (brand),ルイヴィトン
fist shaking,握りこぶし
pkm,PKM
brown sarong,ブラウンサロン
public address system,パブリックアドレスシステム
wooden deck,木製デッキ
okinawa prefecture,沖縄
banana print,バナナプリント
raise buckle,レイズバックル
outstretched foot,足を伸ばした
maritime port,港
one-finger caress,ちんカリ
banging,叩く
night lords,蝙蝠崽
french toast,フレンチトースト
glove cuffs,グローブカフス
melon hair ornament,メロンの髪の飾り
pastel palettes (bang dream!),パスパレ
beretta px4,ベレッタPx4
jill valentine (cosplay),ジルバレンタイン（コスプレ）
ultra ego (dragon ball),我儘の極意
penis tattoo,ペニスタトゥー
deer cracker,鹿せんべい
lazy,怠け者
tail mouth,テールマウス
drawing board,画板
aquila (constellation),わしざ
panties around toe,つま先の周りのパンティー
boku no hero academia 7th popularity poll,冬十傑
nijisanji fes t-shirt,にじさんじクラスTシャツ
unworn mittens,ミトンは削除されました
shoe strap,靴ストラップ
single mitten,シングルミトン
white ensign,白い少sign
x-drive (symphogear),エクスドライブ
sheeeh!,シェー
st. spica school uniform,聖スピカ女学院
lacrosse,ラクロス
iaidou,居合道
tiger pelt,タイガーペルト
predacon,パンダコン
earthquake,地震
majorette,攻撃
bulge to face,顔に膨らみます
eight of clubs,クラブの8
sengoku driver,戦極ドライバー
kenmyouren (fate),顕明連
hagane vocaloid,ハガネ・ボーカロイド
bladeless fan,羽なし扇風機
stoat girl,ストートガール
basement,地下
mejiro family (umamusume),メジロ家
chest (furniture),チェスト
instant pack noodles,袋麺
arwing,アーウィン
pajamas lift,パジャマリフト
sleevejob,袖コキ
citroen,シトロエン
moth hair ornament,髪の毛の飾り
diyap (style),嘟嘟脸恶作剧(画风模仿)
paizuri gesture,パイズリのジェスチャー
tail around neck,首の周りの尾
fire stone,ほのおのいし
girl scout,ガールスカウト
mickey mouse (cosplay),ミッキーマウス（コスプレ）
shrinking,シュリンカー
impossible shorts,不可能なショートパンツ
batman (cosplay),バットマン（コスプレ）
nigekiri sisters (umamusume),逃げ切りシスターズ
hoplite,ホップライト
desert voe set (zelda),熱砂装備
extra nipples,余分な乳首
implied orgasm,暗黙のオーガズム
moon in daylight,昼の月
underbite,アンダーバイト
lamborghini countach,ランボルギーニ・カウンタック
wriggle day,【企画】6月4日リグルリレー
aigis (fate),神体結界
seed uniform (ff8),SeeD制服
o medal,オーメダル
breast reduction,乳房縮小
shiny forehead,光沢のある額
babydoll t-shirt,BabyDoll Tシャツ
striped umbrella,縞模様の傘
tenryuu (kancolle) (cosplay),tenryuu（kancolle）（コスプレ）
snickers (brand),スニッカーズ
book to mouth,口に予約してください
skeleton costume,スケルトンの衣装
teddy bear sex,テディベアのセックス
mercury (planet),水星
unicorn boy,ユニコーンの少年
vertical-striped footwear,垂直縞模様の履物
reverse palettes,赤と青
nearly naked coat,ほぼ裸のコート
mimiga,ミミガ
nishikigi chisato (cosplay),西キサート（コスプレ）
rpk,RPK
tamamo cat (fate) (cosplay),タマモ猫（運命）（コスプレ）
sugar lyric,シュガーリリック
intersection,交差点
hiden zero-one driver,飛電ゼロワンドライバー
buri hamachi,ブリ(゚∀゚)ハマチ
range blaster (splatoon),ロングブラスター
bad ass,悪いお尻
seventh holy scripture,第七聖典
horn lance,ホーンランス
shumai (food),シュウマイ
swarm,群れ
qing dynasty,清朝
bent spoon,スプーン曲げ
rickenbacker,リッケンバッカー
tatsuki (irodori) (style),たつき監督
class card (prisma illya),クラスカード
inflating,充气
awesome face,素晴らしい顔
mecha danshi,メカ男子
stroking beard,摸胡子
half-track,ハーフトラック
prehistoric,石器時代
round shield,ラウンドシールド
starfleet uniform,宇宙艦隊のユニフォーム
alternate neckwear,代替ネックウェア
imperial fists,インペリアルフィスト
frog print panties,カエルパンティー
fencing,フェンシング
double-decker bus,二階建てバス
spiral heart moon rod,スパイラルハートムーンロッド
glowing nipples,輝く乳首
flattened,平面化
nissan silvia s15,シルビア
mega pokemon (other),オリジナルメガシンカ
nine ball maid uniform,ナインボール制服
plucking petals,花占い
tasukete eirin,えーりん!えーりん!
mi-24,MI-24
kitchen scale,キッチンスケール
yae miko (cosplay),イエ・ミコ（コスプレ）
custard,カスタード
pollen,かふん
sakuya's pads (meme),PAD長
ursa major (constellation),おおぐま座
cumdrip through clothes,着衣溢精
model building,モデル構築
chest stand,キングアラジン
^3^,^3^
tying headband,ヘッドバンドを結ぶ
crying kasumi (blue archive),ちいかわカスミ
toy mouse,おもちゃマウス
inkstone,硯
rider gashat,ライダーガシャット
jaws,顎
dendrobium schema,オーキス(ガンダムシリーズ)
human tug of war,大岡裁き
yd dancer outfit,YD型踊り子衣装
h&k g41,H＆K G41
sokutai,束帯
extension cord,延長コード
squiffer (splatoon),スクイックリンα
bridal chest (fate),ブライダル・チェスト
ronin,浪人
fake scan,偽のスキャン
yobai,夜這い
site of grace,恵みの場所
autodefenestration,オートドーデストレーション
arc de triomphe,エトワール凱旋門
shimekazari,しめ飾り
mosquito girl,蚊娘
aihara academy school uniform,Aihara Academy School Uniform
caloriemate,カロリーメイト
castella (food),カステラ
model airplane,模型航空機
royal flush,ロイヤルストレートフラッシュ
wonderhorror~!? na kimodameshi! (project sekai),わんだほら~!?な肝だめし!
chocolate on penis,ペニスのチョコレート
shared cape,共有ケープ
m79,M79
shirt straps,シャツストラップ
phone number,電話番号
wanwan wonderful (idolmaster),ワンワン・ワンダフル
dream world (touhou),夢の世界
crazy laugh,クレイジーな笑い
check my note (idolmaster),チェックMYノート
taut pants,ぴんぴりパンツ
the process of affection level upgrades (meme),好感度変化シリーズ
rokushaku fundoshi,六尺ふんどし
olympus (fate/grand order),星間都市山脈オリュンポス
nue day,6月24日はぬえの日
umakoshi yoshihiko (style),野生の馬越嘉彦
soju,燒酒
folded stock,折りたたみストック
fubumicomet (hololive),ふぶみこめっとさん
operating table,手术台
mitsu uroko,三つ鱗
shijuuhatte,四十八手
plasma cutter,プラズマカッター
israel,イスラエル
satire,風刺
phosphophyllite (gemstone),リン植物（宝石）
burning love (phrase),燃える愛（フレーズ）
carbon roller (splatoon),カーボンローラー
leopon (animal),レオポン（動物）
gravel,砂利
iris libre (emblem),アイリスリブレ（エンブレム）
hameru-type asacoco,はめるタイプのあさココ
floppy sleeves,フロッピースリーブ
punkish gothic (idolmaster),パンキッシュゴシック
koakuma (cosplay),小屋（コスプレ）
stuffed crocodile,ぬいぐるみ
amamiya ren (cosplay),Amamiya Ren（コスプレ）
wa bunny,和ニー
tv camera,テレビカメラ
tie fighter,ネクタイファイター
leaf hat,葉の帽子
astolfo (fate) (cosplay),アストルフォ（運命）（コスプレ）
boarded windows,搭乗窓
hula,フラ
digimon crest,紋章(デジモンアドベンチャー)
condensed milk,煉乳
napoleonic wars,ナポレオン戦争
nightgown lift,ナイトガウンリフト
orange blossoms,オレンジ色の花
barber,りはつし
kneading dough,捏ねる
holofive,ホロライブ5期生
saber lily (cosplay),セイバー・リリー（コスプレ）
studio lights,スタジオライト
deer head,鹿头
white cane,白杖
lace-up legwear,レースアップレッグウェア
dualie squelchers (splatoon),デュアルスイーパー
coin sword,銅錢劍
tsunokakushi,角隠し
steyr iws 2000,Steyr IWS 2000
nine years in a coma (meme),いいですか、落ち着いて聞いてください
vacuum bed,バキュームベッド
hair length switch,髪の長さのスイッチ
ass expansion,膨尻
secret of pedigree (fate),不貞隠しの兜
brownie (food),ブラウニー
umbrella bow,傘の弓
urushihara satoshi (style),うるし原智志
streaking,裸奔
simon shades,サイモンシェード
pulley,プーリー
flaming arrow,火矢
broken necklace,壊れたネックレス
dithered background,ディザリングされた背景
traffic cone on head,頭の交通コーン
ipod touch,iPodtouch
licking shoulder,肩をなめる
buoy,ブイ
jagged sword,ギザギザの剣
status bar,ステータスバー
concentric circles,同心円
vulture,ハゲタカ
antenna mast,アンテナマスト
namek,ナメック星
cannonball,球形弾
janitor,管理人
z1 leberecht maass (kancolle) (cosplay),Z1 Leberecht Maass（Kancolle）（コスプレ）
german flag print,ドイツの旗印刷
hoshino crunchy (meme),ホシノサクサク
boss coffee,宇宙人ジョーンズ
miyafuji yoshika (cosplay),ミヤフジヨシカ（コスプレ）
splatana wiper (splatoon),ドライブワイパー
footsies,フットシーズ
roubai academy school uniform (new),ルバイアカデミースクールユニフォーム（新）
apron aside,エプロンはさておき
pedestrian crossing sign,歩行者の交差点
haregi,晴着
kite shield,カイト・シールド
mole on ear,耳痣
choir,合唱団
crotchless bloomers,旧ドロワ
wrinkled frown (detective pikachu),しわしわピカチュウ
renault ft,ルノーFT-17
expression 35,表情35
flower tact,フラワータクト
casteliacone,ヒウンアイス
dual drum magazine,デュアルドラムマガジン
wo-class aircraft carrier (cosplay),WOクラスの航空機キャリア（コスプレ）
playground equipment (kemono friends pavilion),遊び場機器（ケモモンフレンズパビリオン）
belgian flag,ベルギーの国旗
mage masher,メイジマッシャー
hamster hood,ハムスターフード
ice cream sandwich,アイスクリームサンドイッチ
slamming door,ドアを叩きます
blue facial hair,青い顔の毛
nearly naked shirt,下着ワイシャツ
even though you lost your virginity to me (meme),私で童貞捨てたくせに
pseudo scat,アナルゼリー
torture instruments,拷問楽器
austrian flag,オーストリアの国旗
mayu-tan no kung fu (meme),まゆたんのカンフー
land striker,土地のストライカー
bofors 40 mm gun,ボフォース40mm機関砲
trophy head,トロフィーヘッド
coronation,戴冠式
gucci,グッチ
forbidden list (yu-gi-oh!),禁止カード
mad scientist,マッドサイエンティスト
organic,オーガニック
laserdisc cover,Laserdiscカバー
okita souji (koha-ace) (cosplay),オキタ・スージー（koha-ace）（コスプレ）
power level,パワーレベル
stroking,撫でる
turbine,タービン
too many dogs,犬が多すぎる
ork (warhammer),オルク
maid one-piece swimsuit,メイド水着
alstroemeria (flower),アルストロメリア
ice fishing,ワカサギ釣り
water boiler,電気ポット
demon core,デーモンコア
claymore (sword),クレイモア
cloak lift,マントリフト
folding table,折叠桌
frosted glass,磨りガラス
hayabusa (spacecraft),hayabusa（宇宙船）
scrapbook,スクラップブック
punk lolita,パンクロリ
sten gun,ステン
kafuu chino (cosplay),Kafuu Chino（コスプレ）
zukyuun,ズキュウウウン
shantae (cosplay),シャンタエ（コスプレ）
prairie dog,プレーリードッグ
hair mustache,髪の口ひげ
atago (azur lane) (cosplay),アタゴ（アズールレーン）（コスプレ）
portable barricade,ポータブルバリケード
domestic violence,ドメスティックバイオレンス
love live! series asia tour 2024,LLSAT_横浜_day1
moai (koseki bijou),モアイ(古石ビジュ―)
benishouga,紅ショウガ
side chest pose,サイドチェスト
penis in another's thighhigh,ニーソコキ
lor starcutter,ローア
cylinder,シリンダー
pig mask,豚マスク
shiny rod (little witch academia),シャイニィロッド
tangyuan,汤圆
diesel locomotive,ディーゼル機関車
imminent double penetration,差し迫った二重浸透
freaky satono diamond (meme),舌出しダイヤミーム
mortar headd,モーターヘッド
hood grab,フードグラブ
frieren lap pillow (meme),空が半分しか見えなかった
landship,ランドシップ
atlantis (fate/grand order),アトランティス
gustav klimt (style),グスタフ・クリムト
webley revolver,ウェブリー・リボルバー
junko day,6月5日は純狐の日
taut jacket,ぴんと張りのジャケット
japanese macaque,ニホンザル
konbumaki,昆布巻き
budweiser,バドワイザー
favonius greatsword (genshin impact),Favonius Greatsword（Genshin Impact）
ridewatch,ライドウォッチ
bowsette (cosplay),ボーセット（コスプレ）
tent dress,帐篷连衣裙
torn ascot,引き裂かれたアスコット
crux (constellation),みなみじゅうじ座
lion's roar (genshin impact),ライオンのro音（genshinの衝撃）
sword of exorcism,退魔の剣
hannya (arknights),般若
fujiwara no mokou (cosplay),藤原no mokou（コスプレ）
akita inu,秋田犬
abigail williams (fate) (cosplay),アビゲイル・ウィリアムズ（運命）（コスプレ）
rope train,電車ごっこ
impossible skirt,不可能なスカート
vessel of sin,罪の容器
ah-64 apache,AH-64 Apache
rafters,垂木
whimstar (infinity nikki),奇想の星
overalls pull,オーバーオールプル
junior high schoolmate (idolmaster),ジュニアハイスクールメイト
bugles on fingers,指のバグル
operation crossroads,クロスロード作戦
niedersachsen military uniform,ニーダーザクセン
leaning in,傾いている
tanuki costume,タヌキのコスチューム
debt,借金
clitoris torture,阴蒂折磨
paralysis,まひ
tarantula,オオツチグモ
crow's feet,鱼尾纹
coupon,クーポン
cat penis,猫のペニス
opera glasses,オペラグラス
tapping shoulder,肩を叩く
body piercings,ボディピアス
snow angel,スノーエンジェル
spiking,スパイク
kiddie ride,キディ・ライド
backwards text,後方テキスト
shoving,押し込む
toy boat,おもちゃボート
ayafubumi (hololive),いろはにほへっとあやふぶみ
ziku-driver,ジクウドライバー
new moon,新月
spitting in another's mouth,唾飲ませ
brough superior,あろう上位
stuffed owl,ぬいぐるみ
tengu family of gensokyo (touhou),東方三天狗
inaba tewi (cosplay),inaba tewi（コスプレ）
poke ball hair ornament,ポークボールの髪の飾り
dildo under mask,口罩下的假阳具
throat grab,喉のつかみ
female fertilization,百合受孕
vtol,垂直離着陸機
holographic keyboard,ホログラフィックキーボード
meeting,ミーティング
koyukkuri,koyukkuri
matis (nikke),メティス(勝利の女神:NIKKE)
king of clubs,クラブの王
bellows camera,ベローズカメラ
archery dojo,弓道場
china tracksuit,中国ジャージ
acid trip,酸トリップ
bitter melon,ゴーヤー
uncanny valley,不気味の谷
miracreation/elegance,みらくりえーしょん/雅
untucked,つかまえた
hex grid,ヘックスグリッド
capoeira,カポエイラ
gasoline,ガソリン
r-99 smg,R-99 SMG
eustoma,トルコキキョウ
rubber chicken,びっくりチキン
latex corset,ラテックスコルセット
roller shoes,ローラーシューズ
ice cream scoop (utensil),ディッシャー
scottish fold,スコティッシュフォールド
kel-tec rfb,KEL-TEC RFB
dominoes,ドミノ
palm tree print,ヤシの木のプリント
lotion play,ローションプレイ
xiangyun print,云纹
book stand,ブックスタンド
herbarium,ハーバリウム
bandeau pull,バンドープル
artificial wings,人工翼
master up,マスターアップ
glowing nails,輝く爪
forest of magic,魔法の森
the tower (tarot),塔(タロット)
broken chopsticks,割れず箸
hoshinomiya girls' high school uniform,Hoshinomiya Girls 'High Schoolユニフォーム
wind glider,风之翼
pecking,pecking
naked vest,裸のベスト
upside-down text,逆さまのテキスト
stress,ストレス
leaving,去る
pygmy hippopotamus,コビトカバ
audio-technica,オーディオテクニカ
stuffed elephant,象のぬいぐるみ
floating stairs,悬浮楼梯
camouflage panties,カモフラージュパンティー
simon (ttgl) (cosplay),サイモン（TTGL）（コスプレ）
figure stand,フィギュアスタンド
electric toothbrush,電動歯ブラシ
towel around breasts,タオルブラ
green rope,緑のロープ
qinglong yanyue dao,青龍偃月刀
garden eel,チンアナゴ
suigintou (cosplay),suigintou（コスプレ）
takanashi kiara (cosplay),高野kiara（コスプレ）
marriage certificate,pixiv婚姻届
project krone (idolmaster),プロジェクトクローネ
akari (pokemon) (cosplay),アカリ（ポケモン）（コスプレ）
boot straps,ブートストラップ
nightmare blood (idolmaster),ナイトメアブラッド
neck lift,ネックリフト
medium tank,ミディアムタンク
giant leaf,巨大な葉
character-themed onahole,角色娃娃飞机杯
personal terminal,PET(ロックマンエグゼ)
rice shower (umamusume) (cosplay),ライスシャワー（Umamusume）（コスプレ）
batarang,バッタラン
torn sack,引き裂かれた袋
tabard lift,タバードリフト
shaved mark,头发剃痕
chili dog,チリドッグ
window shopping,ウインドーショッピング
split image,分割画像
f4u corsair,F4U Corsair
romani,ジプシー
okapi tail,オカピの尾
summer maid coord,サマーメイドコーデ
spinning wheel,回転する車輪
royal kale juice (umamusume),ロイヤルビタージュース
kei (keigarou) (style),Kei（Keigarou）（スタイル）
lace ribbon,レースリボン
rod of asclepius,アスクレピオスの杖
giant insect,巨大な昆虫
the nameless (honkai: star rail),列車組
foil (fencing),フルーレ
shih tzu,シーズー
chinese trumpet vine,ノウゼンカズラ
pike (weapon),パイク
gothic & horror hatsune miku design contest,グッスマイラコン10ミク
frayed clothes,ほつれた服
patio,パティオ
voyager golden record,ボイジャーのゴールデンレコード
gomusin,ゴムシン
panties on breasts,おっぱんつ
kaleidomoon scope,Kaleidomoonの範囲
m3 submachine gun,グリースガン
damselfish,スズメダイ
kris (weapon),クリスナイフ
kitsune dance,きつねダンス
percentage,ひゃくぶんりつ
you can just give this kind of thing to men and they will be thrilled (meme),男ってのはね、こういうの渡しておけば喜ぶんだよ。
lint roller,コロコロ
alondite,エタルド
nautilus (splatoon),ノーチラス
people's liberation army navy,中国人民解放军海军
scuffed,擦り切れた
poop on a stick,スティックにうんち
sexual dimorphism,性的二型
heaven (kanji),天国（漢字）
bundeswehr,ドイツ連邦軍
fujiwara takumi's toyota trueno ae86,藤原高山のトヨタトルーノAE86
unwrapping,アンラッピング
tube top pull,チューブトッププル
tiger mask (object),タイガーマスク（オブジェクト）
ashford academy swimsuit,アシュフォードアカデミーの水着
jidaigeki,時代劇
gotcha driver,ガッチャードライバー
peeing in bottle,ボトル放尿
frostbite set (zelda),吹雪の服
angel's trumpet (flower),チョウセンアサガオ
sazae-san food gag (meme),フライングタマ
lsd,リゼルグ酸ジエチルアミド
sakata gintoki (cosplay),Sakata Gintoki（コスプレ）
intercom,インターホン
haruna (kancolle) (cosplay),ハルナ（カンコル）（コスプレ）
inquisition (warhammer),審問（ウォーハンマー）
sakura card,さくらカード
folding clothes,折り畳み式の服
backpacking stove,キャンプ用コンロ
helicopter hair,ヘリコプターの髪
tiger lily,オニユリ
fusion suit,フュージョンスーツ
pig penis,猪阴茎
neck hold,ネックホールド
ramp,ランプ
single-shoulder bikini,ワンショルダービキニ
holding pokedex,Pokedexを保持します
piyo piyo apron,PIYOPIYOエプロン
thirteen flame-chasers (honkai impact),火を追う十三英傑
palm-fist tap,手を打つ
beer keg,ビール樽
wonderful pact,ワンダフルパクト
bridget (guilty gear) (cosplay),Bridget（Guilty Gear）（コスプレ）
rule breaker (fate),ルールブレイカー
sks,SKSカービン
skirt aside,スカートはさておき
mismagius (cosplay),ミスマギウス（コスプレ）
khopesh,ケペシュ
paintbrush rack,笔架
etna (disgaea) (cosplay),エトナ（sigaea）（コスプレ）
military base,軍事基地
star color pen,スターカラーペン
puzzle piece hair ornament,パズルピースの髪の飾り
sv-98,SV-98
kubrick stare,キューブリック・ステア
sanzu river,三途の川
bribery,わいろ
aqua umbrella,アクア傘
chipped sword,欠けた剣
nail gun,打钉枪
gravity suit (metroid),グラビティスーツ
h8k,二式飛行艇
hiking pole,登山杖
menma,メンマ
yggdrasil (sao),yggdrasil（sao）
lotus (brand),ロータス（ブランド）
loud,うるさい
librarian,ライブラリアン
obsydia (nijisanji),obsydia（nijisanji）
katsuragi misato (cosplay),カツーラギ師場（コスプレ）
lost child,迷子
lilistia,リリスティア
shiritori,しりとり
atago (kancolle) (cosplay),アタゴ（カンコル）（コスプレ）
mechanical broom,機械的ほうき
katsu curry,カツカレー
lum berry,ラムのみ
nipa~,にぱ〜
long breast curtain,長い胸カーテン
arthropod,節足動物
implied anilingus,暗黙のアニリンガス
pizza cutter,ピザカッター
cyber-elf (mega man),サイバーエルフ
dao fu,倒福
time bomb,時限爆弾
hercules beetle,ヘラクレスオオカブト
tourniquet,止血帯
raccoon costume,アライグマの衣装
blurry vision,かすみ目
practicing,練習
gradient neck ribbon,グラデーションネックリボン
m87 black hole,M87ブラックホール
holding rosary,拿着念珠
planet popstar,ポップスター
shell to ear,耳からシェル
clogs,詰まり
rex genome,Rex Genome
aerospray (splatoon),プロモデラーMG
eyepatch slingshot swimsuit,眼帯スリングショット
vans,バン
azuna (love live!),A・ZU・NA
nimble fabric,ひらり布
catalyst scimitar,Catalyst Scimitar
hand in bra,ブラジャーに手を入れます
pink water,ピンクの水
upside-down book,逆さまの本
long table,長いテーブル
musical note-shaped pupils,ノート型の生徒
exceeds uniform,Exceeds制服
fire truck,消防車
big mouth,大きい口
\(^o^)/,\（^o^）/
astromech droid,Astromech Droid
game link cable,通信ケーブル
stigmata,スティグマ
enamel leather dark nurse,黒ナース
endless knot,菊結び
panzer ii,II号戦車
arm slave (mecha),アームスレイブ
good thighs day,いい太ももの日
static cling,静的なしがみつき
pokemon ranger uniform,ポケモンレンジャーユニフォーム
amazons quartet,アマゾネスカルテット
kneading (behavior),ふみふみ
riding machine,乗馬マシン
military police brigade (emblem),憲兵団
turquoise (gemstone),トルコ石
shadow ball (pokemon),シャドーボール
dress slip,ドレススリップ
dingir (fate),ディンギル
tightrope,綱渡り
olympic rings,五輪マーク
mirror twins,双子を鏡
covering nose,鼻を覆う
against vehicle,車両に対して
waterfall shower,滝行
judy hopps (cosplay),ジュディ・ホップス（コスプレ）
striped ascot,縞模様のアスコット
heart ring bottom,ハートリングボトム
bump (volleyball),バンプ（バレーボール）
control stick,コントロールスティック
electric panel,配電盤
balmung kriemhild (fate),流離魔剣・聖妃失墜
lily white (love live!),リリホワ
tiro finale,ティロ・フィナーレ
hamburger hat,ハンバーガーの帽子
devil bringer,悪魔のブリンガー
extended magazine,拡張雑誌
tsukimi burger,月見バーガー
.96 gal (splatoon),.96ガロン
master emerald,マスターエメラルド
bear mask,クマのマスク
gardenia (flower),クチナシ
acceptor,アクセプター
hibachi (object),hibachi（オブジェクト）
flickering,ちらつき
paw cutout,足の切り抜き
drip (meme),ドリップ（ミーム）
bijia,比甲
thai flag,タイの国旗
multiple panties,複数のパンティー
opening can,オープニング缶
babysitter,ベビーシッター
prism,プリズム
intertwined hair,絡み合った髪
i'm such a fool,あたしって、ほんとバカ
f-18 hornet,F-18ホーネット
bands,バンド
blacksmith tongs,やっとこ
haiku,俳句
star guardian pet,スターガーディアンペット
kaban (kemono friends) (cosplay),Kaban（Kemono Friends）（コスプレ）
basil leaf,バジル
no hood,フードはありません
atmospheric reentry,大気圏突入
8-bit,8ビット
wing ribbon,ウィングリボン
linked sausages,リンクされたソーセージ
holding to chest,胸を握る
choking on object,誤嚥
italian brainrot ai animals (meme),イタリアンブレインロット
lipstick writing,口紅の書き込み
biting sheet,シートバイト
hakuho high school uniform,白宝高校
lauren phillips lifting alice merchesi (meme),ローレンフィリップスリフティングアリスマーチェシ（ミーム）
wrapping paper,包装紙
dark eldar,ダークエルダー
mojibake text,文字化け
badger tail,アナグマの尾
imi negev,Imi negev
mutual breast sucking,相互授乳
kagome (pattern),籠目
butcher,肉屋
lillie (pokemon) (cosplay),リリー（ポケモン）（コスプレ）
comforter,掛け布団
qujupao,曲裾
ambush,待ち伏せ
double barrels,ダブルバレル
pope,教皇
skirt tied over head,茶巾縛り
tezuka osamu (style),野生の手塚治虫
diving board,ダイビングボード
timeline,ねんぴょう
dante (devil may cry) (cosplay),ダンテ（デビルメインクライ）（コスプレ）
d-wheel,Dホイール
wipers,ワイパー
vincent van gogh (style),フィンセント・ファン・ゴッホ
octagon,八角形
macbook,マックブック
rokurokubi,ろくろ首
recipe (object),レシピ（オブジェクト）
king of diamonds,キングオブダイヤモンド
ooarai (ibaraki),大洗
night sky sword,夜空の剣
brocon,ブラコン
bakatare (hololive),バカタレ共
love guitar rod,ギターロッドが大好きです
osawa rurino's cardboard box,大沢瑠璃乃の段ボール箱
waist hold,ウエストホールド
hogwarts,ホグワーツ魔法魔術学校
crescent wand,三日月
tokonoma,床の間
chain print,チェーンプリント
snowman costume,雪だるまの衣装
scarlet macaw,コンゴウインコ
crypters (fate/grand order),クリプター
canopy (shelter),キャノピー（シェルター）
no image,画像無し
hakuren,ハクレン
holy night dress (idolmaster),ホーリーナイトドレス
terrace,梯田
ribbed jacket,リブ付きジャケット
hello kitty (character) (cosplay),ハローキティ（キャラクター）（コスプレ）
wind waker (object),風のタクト(アイテム)
soldier's set (zelda),ハイリア兵の装備
booth babe,イベントコンパニオン
silver bow (kid icarus),神弓シルバーリップ
gun gun cut,ぐんぐんカット
cranberry,蔓越莓
diamond ring,钻戒
racist momoi (meme),种族骑士王小桃
holding own ankle,抓住自己的脚踝
ovulation,排卵
remington model 700,レミントンモデル700
chiappa rhino,チアッパ・ライノ
2024 attempted assassination of donald trump,ドナルド・トランプ暗殺未遂事件
standing fellatio,立っているフェラ
hobble skirt,ホブルスカート
foot on another's breast,胸の足
picking fruit,果物を選ぶ
jasmine (flower),ジャスミン
leg brace,レッグブレース
tomahawk,トマホーク
nipple ribbon,系在乳头的丝带
no undershirt,アンダーシャツはありません
top of moe 2022,MOE2022
boxing headgear,ボクシングヘッドギア
disguised pyra (xenoblade),耳付きポンチョのホムラ
blaster (splatoon),ホットブラスター
suction bomb (splatoon),キューバンボム
hokkamuri,ホッカムリ
sbd dauntless,sbd dauntless
fight cloud,雲と戦う
venus love me chain,ヴィーナスラブミーチェーン
captain america (cosplay),キャプテンアメリカ（コスプレ）
thistle,アザミ
lexus,レクサス
dejiko (cosplay),dejiko（コスプレ）
marumage,まるまげ
satin clothes,サテンの服
lagombi (armor),ウルク装備
kazami yuuka (cosplay),カザミユウカ（コスプレ）
umafication,ウマ娘化
battle academia (league),バトルアカデミア（リーグオブレジェンド）
minotsuki academy school uniform,水乃月学園
han juri (cosplay),ハン・ジュリ（コスプレ）
tatenashi high school uniform,Tatenashi High Schoolの制服
south korea,韓国
imminent grope,差し迫った模索
folding bicycle,折りたたみ自転車
air pump,空気入れ
marmot ears,マーモットの耳
paint gun,ペイントガン
strawbell bell,ストロベルベル
houraisan kaguya (cosplay),Houraisan Kaguya（コスプレ）
amabie,アマビエ
dobok,道服
covering navel,へそを覆う
armadillo tail,アルマジロの尾
sly,sly
fetal movement,胎動
tuxedo jacket,タキシードジャケット
buffalo,アメリカバイソン
digitama,デジタマ
executioner's sword,エグゼキューショナーズソード
tail slapping,テールスラッピング
sleepsack,スリープサック
fondue,フォンデュ
thermostat,サーモスタット
spider-gwen (cosplay),Spider-Gwen（コスプレ）
bloody stream,血まみれの流れ
door chain,ドアチェーン
camouflage gloves,カモフラージュグローブ
ishikawa ken (style),石川賢
spring onion print,スプリングオニオンプリント
arona (blue archive) (cosplay),アロナの服
ohagi (food),おはぎ
easy breezy,簡単な
pipe organ,パイプオルガン
head between knees,膝の間に頭
genkou youshi,原稿用紙
osandon,おさんどん
orbital frame (zone of the enders),軌道フレーム（エンダーのゾーン）
strip poker,ストリップポーカー
toilet paper tube,トイレットペーパーチューブ
ironclad,甲鉄艦
clitoris clamp,阴蒂夹
crocus (flower),クロッカス
sledding,そり
loose panties,ゆるいパンティー
multi-strapped swimsuit,マルチストラップ水着
heart wings,ハートウィング
ai drawing anime characters eating ramen (meme),ラーメンを食べる樋口円香
alto mare,アルトマーレ
hippie,ヒッピー
celtic,ケルト
koala forest military uniform,コアラ森林軍服
miserable fate,運命「ミゼラブルフェイト」
death star,デス・スター
shibuya scramble crossing,渋谷スクランブル交差点
sephiroth (cosplay),セフィロス（コスプレ）
constellation (love live!),星座コス
naruko (instrument),鳴子
failnaught (fate),痛哭の幻奏
push down,押し下げる
among us eyes (meme),私たちの目（ミーム）
holding shorts,ショートパンツを持っています
kneehighs pull,膝のように引っ張る
bellyjob,ボテズリ
mikuru beam,みくるビーム
concept maihime (idolmaster),コンセプト★マイヒメ
virus,ウイルス
nude beach,ヌーディストビーチ
core medal,コアメダル
ruined (league),台無しに（リーグオブレジェンド）
top! clover (idolmaster),トップ!クローバー
final chapter (fate/grand order),終章(Fate/GrandOrder)
kizu darake no te de watashi-tachi wa (project sekai),傷だらけの手で、私達は
decal,デカール
pavise,パヴィース
wet ground,濡れた地面
piecey,服の霊
blocked senses,感觉遮断
ruined orgasm,ルーインドオーガズム
angel leotard,天使のレオタード
crychic (bang dream!),クライシック
kobe,神戸
spiked legwear,スパイクレッグウェア
liver,肝臓
nail file,爪やすり
covering anus,肛門を覆う
astrolabe,アストロラーベ
panties over clothes,服の上のパンティー
filigree,フィリグリー
chawan,茶碗
alcina dimitrescu (cosplay),Alcina dimitrescu（コスプレ）
guanjin,孔明帽子
mallet (instrument),マレット（楽器）
leopard 2,レオパルト2
tutor,かてきょ
gigachad (meme),ギガチャド（ミーム）
ame-no-sakahoko (fate),天逆鉾
landolt c,ランドルト環
pioneer movement,ピオネール
class number,クラス番号
kamakura (city),鎌倉
2nd live tour ~blooming with ooo~,蓮ノ空2nd兵庫Day2
progrisekey,プログライズキー
pangolin ears,パンゴリンの耳
lockseed,ロックシード
golden shrimp balls (genshin impact),ゴールデンシュリンプボール（Genshin Impact）
soapy,石鹸
goku day,悟空の日
tetra dualies (splatoon),クアッドホッパー
haunted house (attraction),お化け屋敷
yukata lift,ユカタリフト
ivy cudgel (pokemon),ツタこんぼう
uwasa (madoka magica),ウワサ
packing peanuts,パッキング・ピーナッツ
green shell (mario),グリーンシェル（マリオ）
zither,箏
print cup,プリントカップ
chair tipping,椅子の転換
head fuse,ヘッドヒューズ
crank,クランク
porthole,舷窓
eisei sankyou (umamusume),永世三強
emilia (re:zero) (cosplay),エミリア（Re：ゼロ）（コスプレ）
spirits,霊
original terror (blue archive),テラー化
chesto berry,カゴのみ
one-armed hug,片腕の抱擁
stained bra,染みブラ
2nd generation (hololive),ホロライブ2期生
soshite ima ribbon wo musunde (project sekai),そしていま、リボンを結んで
mask around one ear,片耳の周りにマスク
noogie,ヌーギー
it's all a matter of angle (meme),角度の問題
bayonetta (cosplay),ベヨネッタ（コスプレ）
trapeze dress,梯形连衣裙
iphone x,iPhone X
clitoris leash,阴蒂拉绳
cats are liquid,猫は液体
urban camouflage,都市迷彩
parsley,パセリ
ravine,けいこく
think mark think! (meme),マークを考えてみてください！ （ミーム）
holding blindfold,目隠しを保持します
monument,記念碑
ribbon-trimmed choker,リボントリムチョーカー
hololive friends (plush),ホロライブフレンズ
mt. silver,シロガネ山
chasen,茶筅
white lotus,白い蓮
keaton mask,キータンのお面
amnesia,健忘
shining finger,シャイニングフィンガー
shure 55sh,Shure 55sh
sculpting,彫刻
standing on torii,トリイに立っています
gundam aerial slap (meme),ガンダムスタンプ
dp-27,DP28軽機関銃
mongolia,モンゴル国
genki dama,元気玉
type 95 ha-gou,九五式軽戦車
binding blade (weapon),封印の剣
shiki eiki (cosplay),シキ・エイキ（コスプレ）
asahina mikuru (cosplay),アサヒナ・ミクル（コスプレ）
hyadain no kakakata kataomoi - c,ヒャダインのカカカタカタオモイ-C
nazi flag,ナチス・ドイツの国旗
yuntouxie,云头鞋
necron,ネクロン
friend ball,フレンドボール
nodowa (gorget),喉輪
twisted breasts,扭动乳房
rumia (cosplay),ルミア（コスプレ）
two-legged horse (kanji),バ(ウマ娘)
x-wing,X-Wing
c4,C4
murakumo (kancolle) (cosplay),ムラクモ（カンコル）（コスプレ）
beauty swimsuit (idolmaster),ビューティミズギ
gamilas,ガミラス
gigandal federation,ギガンダル連邦
naka (kancolle) (cosplay),naka（Kancolle）（コスプレ）
laughing man (gits),笑う男（貝殻の幽霊）
nice boat (meme),素敵なボート（ミーム）
marmot girl,マーモットガール
mihoshi academy school uniform,Mihoshi Academyユニフォーム
i-beam,H鋼
7 colored flowers (deltarune),7色の花
object riding,オブジェクトライディング
eyes visible through headwear,帽子を通して目が見える
party whistle,パーティーホイッスル
spoken dollar sign,話し言葉のサイン
rizu-kyun (cosplay),rizu-kyun（コスプレ）
hakutaku,白沢
testicle tattoo,test丸タトゥー
surgeon,外科医
penalty card,レッドカード
purple male swimwear,紫の雄の水着
shipyard,造船所
licking back,背中をなめる
single hand,片手
fogged glasses,曇る眼鏡
surrendering,降伏
moray eel,ウツボ
shootout,銃撃戦
torn choker,引き裂かれたチョーカー
urinary drainage bag,尿排水袋
canele,カヌレ
keypad,キーパッド
legionnaire,レジオネラ
nixie tube,ニキシー管
paisley,ペイズリー
fushimi inari taisha,伏見稲荷
philtrum,人中
mogura (nichijou),モグラ（ニチジョウ）
golden eater,黄金喰い
ibuki suika (cosplay),Ibuki Suika（コスプレ）
dream eater (kingdom hearts),ドリームイーター
watson amelia (cosplay),ワトソンアメリア（コスプレ）
walther p99,ワルサーP99
takao (kancolle) (cosplay),タカオ（カンコル）（コスプレ）
jeep (company),ジープ
locking,施錠
helicopter tail,ヘリコプターテール
yellow sponge,黄色のスポンジ
bloblobber (splatoon),オーバーフロッシャー
smoke ring,スモークリング
elevator operator,エレベーターガール
f4f wildcat,F4Fワイルドキャット
phantom thief erichika,怪盗エリーチカ
bizarre rain,ファフロツキーズ
black eagles (fire emblem),黒鷲の学級
uzumaki naruto (cosplay),うずまきナルト（コスプレ）
banana hair ornament,バナナの髪の飾り
unbuckled,バックルされていない
ionioi hetairoi (fate),王の軍勢
scorch mark,スコーチマーク
bunny hood (zelda),ウサギずきん
phoenix wings,フェニックスウィングス
dolphin print,イルカプリント
sea bunny,海のウサギ
polish clothes,ポーランド服
brand of sacrifice,生贄の焼印
print choker,チョーカーを印刷します
taiyou gakuen uniform,台湾ガクエンユニフォーム
marie rose (cosplay),マリー・ローズ（コスプレ）
mooring bollard,ボラード
animasa model (mikumikudance),あにまさ式
massaging device,マッサージャー
for the better right? (meme),より良い権利のために？ （ミーム）
heavy ball,ヘビーボール
secret distance (project sekai),シークレット・ディスタンス
eternal tiare,エターナル・ティアル
stegosaurus,ステゴサウルス
fried rice prank (meme),チャーハン作るよ!
sos,sos
grape stomping,ぶどう踏み
gong,锣
striped sarong,縞模様のサロン
dvddvd (meme),姉DVD
raijinto (fire emblem),雷神刀
takarazuka kinen,宝塚記念
dam,ダム
north korea,きたちょうせん
ichigo junior high uniform,一五学園中等部
combo counter,コンボカウンター
philippine flag,フィリピンの国旗
howl (howl no ugoku shiro) (cosplay),howl（howl no ugoku shiro）（コスプレ）
team ascella,チームアスケラ
vibrator under pantyhose,パンストの下のバイブレーター
across the stars (idolmaster),アクロス・ザ・スターズ
chain gun,チェーンガン
videocassette recorder,ビデオレコーダー
kashima high school uniform,鹿縞高校の制服
poker face failure,ポーカーフェイスの故障
biting ass,お尻の噛み合い
tiger hat,タイガーハット
attic,屋根裏
pinch grip,つまむ
barbarian set (zelda),蛮族装備
en'enra,煙々羅
sennheiser,sennheiser
deaf,難聴
broken arrow,折れた矢
less than chest height,身長差
butterfly on hair,髪に蝶
stuffed squirrel,ぬいぐるみリス
bling,キラキラ
walk cycle,ウォークサイクル
art deco,アールデコ
bluk berry,ブリーのみ
cafe cuties (league),カフェキューティーズ（リーグオブレジェンド）
tortoiseshell cat,錆び猫
reisalin stout (cosplay),レイザリンスタウト（コスプレ）
multi-strapped dress,マルチストラップドレス
tamagoyaki pan,卵焼き器
thigh cuffs,腿枷
green hill zone,グリーンヒルゾーン
nagato (kancolle) (cosplay),ナガート（カンコル）（コスプレ）
kaito (vocaloid) (cosplay),Kaito（Vocaloid）（コスプレ）
tuning fork,音叉
tool kit,ツールキット
fake pregnancy,偽の妊娠
water stone,みずのいし
donkey tail,ロバの尾
lottery,くじ引き
vectors,ベクトル
^v^,^v^
imperial german flag,帝国のドイツの旗
winnie the pooh reading (meme),紙を見るプーさん
sagittal plane cutting,サジタル面切断
calculus,微積分
magazine ejection,雑誌の排出
fortune teller,占い師
see-through (psg),シースルー（PSG）
skullcap,Skullcap
riding dinosaur,恐竜乗馬
personality core,人格コア
vdv,ソ連空挺軍
hebrew text,ヘブライ語
leekspin (meme),ロイツマ
side-tie costume,サイドタイのコスチューム
leaf panties,葉のパンティー
malaysian secondary school uniform,马来西亚校服
doner kebab,シャワルマ
lupin dive,ルパンダイブ
reebok,リーボック
japari coin,ジャパリコイン
qbz-97,QBZ-97
mechanical skirt,メカニカルスカート
doufang,斗方
studio ghibli (style),野生のジブリ
booba (meme),ブーバ（ミーム）
tri-slosher (splatoon),ヒッセン
tape dispenser,テープカッター
youkai mountain,妖怪の山
blu-ray,ブルーレイ
wringing dress,裾絞り
italian senate porn livestream (meme),イタリア元老院ティファ放映事件
breast size switch,おっぱい逆転
table tennis net,卓球ネット
jumpsuit pull,ジャンプスーツプル
ice dragon,氷の竜
sweet flower,甘い花
noodle strainer,テボ
thighhigh dangle,太もものぶら下がっています
velvet room,ベルベットルーム
1985,1985年
isbn,ISBN
mofumofuen (idolmaster),もふもふえん
clinic,いいん
porcupine ears,ヤマアラシの耳
hermitaur (armor),ザザミ装備
oguri oguri (meme),オーグーリ!オーグーリ!
nick wilde (cosplay),ニックワイルド（コスプレ）
andromeda (constellation),アンドロメダ座
shark nose art,シャークマウス
curse seal,呪印­
slovenly,滑らかに
checking watch,時計をチェックします
ribbon hair,リボンの髪
pinap berry,パイルのみ
blue lions (fire emblem),青獅子の学級
spy,スパイ
glowing staff,輝くスタッフ
qixi festival,七夕
defibrillator,除細動器
snake mouth,ヘビの口
a-10 thunderbolt ii,A-10 Thunderbolt II
edelweiss (flower),エーデルワイス
taste of a liar (meme),この味は嘘をついている味だぜ
pen spinning,ペン回し
shared pocket,共有ポケット
how to talk to short people (meme),背が低い人と話し方
cardigan pull,カーディガンプル
henshin belt gavv,変身ベルトガヴ
nuclear explosion,核爆発
servant summer festival! 2023,サーヴァント・サマー・フェスティバル2023!
straight-arm salute,ナチス式敬礼
watchtower,ぼうろう
heart ahoge duo,ハートアホージュデュオ
checkered bra,方格胸罩
group costume switch,衣装シャッフル
sprite (drink),スプライト
torn bag,引き裂かれたバッグ
dotted half note,点線のハーフノート
collared bikini,襟付きビキニ
cicada hug,ウマゼミ
pelisse,ペリス
israeli flag,イスラエルの国旗
pheasant,キジ
nissan silvia s13,シルビア
antelope,レイヨウ
tiger hair ornament,虎の髪の飾り
holding hoodie,パーカーを持っています
scotch (cookie) (style),スコッチ（クッキー）（スタイル）
unlimited shining,アンリミテッドシャイニング
cure marine (cosplay),Cure Marine（コスプレ）
akatsuhara empire,アカツハラ帝国
healer u (armor),ヒーラーu（鎧）
tequila,テキーラ
heaven condition,ヘブン状態
danish flag,デンマークの国旗
portmanteau,ポートマントー
mesa,メサ
dianzi,钿子
socket wrench,ソケットレンチ
kuroe shizuku (cosplay),クロエ・シズク（コスプレ）
elementary schoolmate (idolmaster),エレメンタリースクールメイト
faiz driver,ファイズドライバー
earphones around neck,耳机挂在脖子上
multiple pregnancy,多胎
chisato and takina kicking each other's butt (meme),お互いのお尻を蹴るチザートとタキナ（ミーム）
counting money,お金を数える
diagonal-striped neckerchief,斜めの縞模様のネッカチーフ
oenothera (flower),ツキミソウ
hasshaku-sama (cosplay),hasshaku-sama（コスプレ）
diable jambe,ディアブルジャンブ
thors military academy school uniform,Thors Military Academyのユニフォーム
what's in my bag,かばんのなかみは
my little pogchamp (meme),私の小さなポグチャンプ（ミーム）
phalaenopsis,コチョウラン属
oota kuniyoshi face (meme),oota kuniyoshiの顔（ミーム）
various blushing faces,照れ顔いろいろイメレス9!
partisan (weapon),パルチザン
ithaca m37,イサカM37
blue jay,アオカケス
marching band (idolmaster),マーチングバンド
m1 carbine,M1カービン
beer tap,ビールタップ
popularity contest,人気コンテスト
hibiki (blue archive) (cosplay),hibiki（青いアーカイブ）（コスプレ）
triple anal,トリプルアナル
nintendo ds lite,任天堂DSライト
z-move,Zワザ
god knows...,神のみぞ知る...
tiger (p),ポルシェティーガー
true velocity rm338,オートラッカー
beam magnum (gundam),ビーム・マグナム
a5m,九六式艦上戦闘機
snowbell (flower),スズランスイセン
kobold,コボルド
come at me bro,かかってこい
smile lines,ほうれい線
ugly sweater,ダサセーター
object on pectorals,胸のオブジェクト
bat background,コウモリの背景
antithetical couplet,对联
haro button badge,ハロボタンバッジ
fake scrollbar,スクロール詐欺
jeanne d'arc alter santa lily (fate) (cosplay),JeanneD'Arc Alter Santa Lily（Fate）（Cosplay）
entrenching tool,エントレンチングツール
charizard pose,リザードンポーズ
vergil (devil may cry) (cosplay),Vergil（Devil May Cry）（コスプレ）
floro (7th dragon),フロワロ
sea bream,タイ
ancient dark,エンシャントダーク
chinese paper-cut,剪纸
sig p228/p229,Sig Sauer P228
pentagram earrings,五gramsイヤリング
bar chart,棒グラフ
bookshelf pov,本棚POV
spine sword,脊髓劍
ryukishi07 (style),ryuukishi07（スタイル）
welding,溶接
salad bowl,サラダボウル
apron basket,エプロンバスケット
flash drive,USBメモリ
wizardriver,ウィザードライバー
silver leotard,シルバーレオタード
stork,コウノトリ
lancia (brand),ランチャ
k9 (dog),警察犬
handjob under clothes,スカートコキ
spinning teacup,コーヒーカップ
ooo driver,オーズドライバー
equal sign,等号
freefall,フリーフォール
team flare uniform,チームフレアユニフォーム
regeneration,再生能力
amaryllis (flower),アマリリス
ice sculpture,氷像
funnel (tool),漏斗
draco (constellation),りゅう座
mg3,MG3
tatsumaki (cosplay),Tatsumaki（コスプレ）
yuigaoka music program school uniform,ユイガカ音楽プログラム学校の制服
horn bell,ホーンベル
kebaya,ケバヤ
okina mask,翁面
amiibo,アミーボ
gumball,ガムボール
chengdu j-20,成都歼20
sheep hat,羊の帽子
card pendant,カードペンダント
hennin,エナン
kagiyama hina (cosplay),カギヤマ・ヒナ（コスプレ）
matoi,マトイ
ryuko redraw (meme),リュウコ・レッドロー（ミーム）
sloshing machine (splatoon),スクリュースロッシャー
heziqun,诃子裙
mirage pen,ミラージュペン
spice,香辛料
bycocket,バイコケット
gear fourth,ギア4
hat on chest,胸に帽子
magpul,マグプル
wharf,埠頭
minamoto no raikou (fate) (cosplay),鉱本no raikou（運命）（コスプレ）
cactus girl,サボテン娘
traffic officer,交通官
striped nails,縞模様の爪
lop rabbit,垂れ耳うさぎ
scramble fan festa! (project sekai),スクランブル・ファンフェスタ!
starfruit,スターフルーツ
type 74 (tank),74式戦車
odogaron (armor),ガロン装備
tentacle masturbation,触手オナニー
beetle horn,カブトムシの角
eyelash curler,アイラッシュカーラー
yoshida akihiko (style),FFT風
sarkany csont landzsa,Sarkany Csont Landzsa
make america great again,アメリカを再び偉大にします
tenseiga (sword),天生牙
warts,いぼ
queen of clubs,クラブの女王
breast pull,豊胸手術
cotton boll,コットンボル
black knife (elden ring),ブラックナイフ（エルデンリング）
funeral kimono,喪服
dog lead,犬のリード
localized gravity,局部重力
beam shield,ビームシールド
poke flute,ポケモンのふえ
ass mousepad,おしりマウスパッド
nanami chiaki (cosplay),ナナミチアキ（コスプレ）
helltaker dance,ヘルテイカーダンス
new star guild (stella sora),空白旅団
daewoo k1,K1卡賓槍
saddle shoes,サドルシューズ
draw an original girl with all the traits that your followers like,フォロワーさんの好きな要素を詰め込んだ創作女子を描く
mouse hood,マウスフード
pluto symbol,Pl王星のシンボル
impossible pants,不可能なズボン
las plagas,プラーガ
camouflage dress,カモフラージュドレス
usada hikaru (cosplay),ウサダ・ヒカル（コスプレ）
log cabin,ログキャビン
clownpiece (cosplay),クラピコス
yagokoro eirin (cosplay),Yagokoro Eirin（コスプレ）
chikage (bloodborne),チケージ（血borne）
santa bra,サンタブラジャー
tsuyu sauce,ツユーソース
overblot,オーバーブロット
forklift,フォークリフト
2d dating,2Dデート
brotherhood (ff10),フラタニティ
thumbs in pockets,ポケットの親指
broken finger,壊れた指
ei ei okotta? (meme),えいえい_おこった?
crested ibis,朱鷺
school wear (idolmaster),スクールウェア
swan boat,スワンボート
swinging (relationship),スワッピング
joke,ジョーク
penis to navel,臍姦
proton pack,プロトンパック
statue of her excellency (genshin impact),御建鳴神主尊大御所様像
flower panties,フラワーパンティー
antique seraphim (blue archive),アンティーク・セラフィム
morpho paresia (idolmaster),モルフォ・パレシア
grey alien,グレイ型宇宙人
combat shirt,コンバットシャツ
orange bloomers,オレンジ色のブルマー
akagi (kancolle) (cosplay),アカギ（カンコル）（コスプレ）
mossberg 500,モスバーグM500
cute x subculture hatsune miku design contest,グッスマイラコン08ミク
angel day,天使の日
ugoitenai no ni atsui yo (meme),動いてないのに暑いよ〜...
strip club,ストリップクラブ
anthias (fish),サクラダイ
rabbit-shaped eyewear,バニー型のアイウェア
bucket spill,バケツ流出
code,コード
too many hearts,心が多すぎます
lace-up heels,レースアップヒール
ehho ehho (meme),エッホエッホ
red bloomers,赤いブルマー
wrap towel,ラップタオル
finger piercing,フィンガーピアス
cat pajamas,猫パジャマ
too many pikachu,ピカチュウが多すぎる
greenery day,みどりの日
manzai,漫才
arson,放火
white santa costume,白いサンタの衣装
mankanshoku mako (cosplay),Mankanshoku Mako（コスプレ）
severed tail,切断された尾
kosho academy school uniform,工匠学舎
aquamarine (gemstone),アクアマリン（宝石）
haskap,ハスカップ
sheryl nome (cosplay),シェリル・ノーム（コスプレ）
full cowling (boku no hero academia),フルカウリング（Boku No Hero Academia）
panzer iii,III号戦車
marimo,マリモ
crystal carillon,クリスタルカリヨン
paw print panties,ポーパンティー
mysterious heroine xx (fate) (cosplay),神秘的なヒロインxx（運命）（コスプレ）
datsun,ダットサン
secretary settings (arknights),主页设置眼镜(明日方舟)
ragdoll (cat),ラグドール
dino buckler,ダイノバックラー
ski boots,スキー靴
high jump,走り高跳び
traditional harpy,人面鳥
ju 87,JU 87
immiscible discord (project sekai),イミシブル・ディスコード
burnt hair,焦げた髪
assembling,組み立て
flogger,フロガー
miclone,ミクロン
tea ceremony,茶道
freikugel (fire emblem),フライクーゲル
putting on condom,戴避孕套
femme fatale,ファム・ファタール
bowser logo,クッパロゴ
silver legwear,シルバーレッグウェア
caterpillar girl,イモムシ娘
super nintendo,スーパー任天堂
hard drive,ハードドライブ
rainforest,雨林
aoshidan (emblem),aoshidan（エンブレム）
potty,おまる
fishnet leggings,渔网紧身裤
zuikaku (kancolle) (cosplay),Zuikaku（Kancolle）（コスプレ）
ran ran ru,ランランルー
ryu (street fighter) (cosplay),ryu（ストリートファイター）（コスプレ）
millennium rod,千年ロッド
tsukishima general high school uniform,津島一般高校の制服
minato aqua (cosplay),港アクア（コスプレ）
iron man (cosplay),アイアンマン（コスプレ）
bra tug,ブラジャータグ
godzilla (cosplay),ゴジラ（コスプレ）
table flip,ちゃぶ台返し
hey i could have died (meme),こら。死んだらどうする
metal sand,砂鉄
concept police (idolmaster),コンセプト★ポリス
blade catching,真剣白刃取り
liberator (exs-tia),リベレイター
cramp,こむら返り
actress,アクトレス
nintendo dsi,ニンテンドーDSi
sploot,sploot
turian,トゥリアン
muji body fitting sofa,人をダメにするソファ
gian punch (meme),ジャイアンパンチ
durandal (fire emblem),デュランダル(FE)
card with aura,オーラ付きのカード
metal wire,針金
honeycomb (object),蜂の巣
birthday jacket (twisted wonderland),ユニオンバースデー
sangheili,サンゲリ
inubashiri momiji (cosplay),inubashiri momiji（コスプレ）
musashi (kancolle) (cosplay),Musashi（Kancolle）（コスプレ）
lockpick,ピッキング用品
ventriloquism,腹話術
halo removed,ハローが削除されました
panties around feet,足の周りのパンティー
inverted umbrella,上向きの傘
panchang knot,盤長結
dirty legwear,靴下汚れ
grand star (mario),グランドスター
milk mustache,牛乳の口ひげ
sasumata,刺股
qbu-88,88式狙撃銃
rabbit cutout,バニーカットアウト
chest mouth,胸口
cadillac,キャデラック
octopus print,タコ印刷
oyster pail,箱中華
removing headwear,帽子を取り外します
shotel,ショーテル
pp-19 bizon,PP-19ビゾン
akatsuki (ensemble stars!),紅月
stuffed koala,ぬいぐるみコアラ
paradise private academy school uniform,私立パラダイス学園制服
artoria caster (fate) (cosplay),アルトリアキャスター（運命）（コスプレ）
mizutsune (armor),タマミツネ装備
meer campbell (cosplay),Meer Campbell（コスプレ）
net ball,ネットボール
arrow earrings,矢印のイヤリング
nail hair ornament,ネイルヘアオーナメント
hyadain no joujou yuujou,ヒャダインのじょーじょーゆーじょー
tourmaline,トルマリン
shinkawa youji (style),野生の新川洋司
aoyama goushou (style),野生の青山
seisen school uniform,Seisen School Uniorm
stuffed otter,ぬいぐるみ
hercules (constellation),ヘルクレス座
limousine,リムジン
hot tub,ホットタブ
aqueduct,水道橋
almond tofu (genshin impact),アーモンド豆腐（Genshin Impact）
nes,nes
cigarette burn,根性焼き
rome (city),ローマ
hinanawi tenshi (cosplay),hinanawi tenshi（コスプレ）
pillion,ピリオン
shiny cats pact,シャイニーキャッツパクト
enoshima electric railway,江ノ電
disposable camera,使い捨てカメラ
raijuu,雷獣
toyota supra mk v,GRスープラ
duo chromatic,デュオクロマティック
traum (fate/grand order),トラオム
kogetsukan satsujin jiken,虚月館殺人事件
stuffed giraffe,ぬいぐるみ
director's chair,監督の椅子
solid snake (cosplay),固体ヘビ（コスプレ）
knee boobs,膝おっぱい
cow print leotard,牛柄レオタード
thousand sons,千子军团
counting sheep,羊数え歌
ice floe,流氷
lightning bolt necklace,稲妻のネックレス
sorganeil,見た者を拘束する魔法
weather,天気
peeing on viewer,視聴者のおしっこ
family tree,家系図
mini piano,ミニピアノ
cocaine,コカイン
green santa costume,グリーンサンタコスチューム
st. lulim school uniform,聖ル・リム女学校
red queen (sword),レッドクイーン（剣）
washing face,顔を洗う
duet,にじゅうしょう
type 10 (tank),10式戦車
gutter,溝
eight of spades,スペードの8
baked potato,ベイクドポテト
uchiha sasuke (cosplay),うちはサスケ（コスプレ）
drama cd,ドラマCD
cherry stem knot,チェリーステムノット
recollection (blue archive),メモリアルロビー
pull,引く
chevrolet camaro,カマロ
lawnmower,芝刈り機
kingfisher,カワセミ
potential unleashed,アルティメット悟飯
type-1 energy sword,タイプ-1エネルギーの剣
this is fine (meme),これは大丈夫です（ミーム）
soviet navy,ソ連海軍
kibasen,騎馬戦
georgia max coffee,マックスコーヒー
grooming,舔毛
money-shaped pupils,お金の形をした生徒
brown buruma,茶色のブルーマ
tongue suck,舌は吸う
holographic horns,ホログラフィックホーン
geoduck,ミル貝
ku korose!,くっころ
grazing (livestock),放牧（家畜）
monster! devil (idolmaster),モンスター!デビル
doctor (arknights) (cosplay),ドクター（arknights）（コスプレ）
camouflage trim,カモフラージュトリム
makankousappou,魔貫光殺砲
art room,美術室
catwalk (modeling),ランウェイ
alchemist,アルケミスト
pear blossoms,梨花
princess peach's castle,ピーチ城
laser hallway,レーザートラップ
heart-shaped hole,ハート型の穴
multicolored butterfly,多色の蝶
punishment game,罰ゲーム
breast missiles,おっぱいミサイル
fetch,フェッチ
freight train,貨物列車
armpit onigiri,脇おにぎり
anastasia (lostbelt) (fate/grand order),アナスタシア
peanut butter,ピーナッツバター
se.ra.ph (fate/grand order),深海電脳楽土
checkered ceiling,市松模様の天井
team rainbow rocket uniform,チームレインボーロケットユニフォーム
snowflake liliput (idolmaster),スノーフレークリリパット
kanazawaben,金沢弁
awake,起きている
songkran,ソンクラーン
orchid mantis,ハナカマキリ
anzio ironworks 20mm rifle,アンツィオ20mm対物ライフル
hex tails,六马尾
fragarach (fate),フラガラック
rabbit paws,バニーの足
sex through torn clothes,破れた服を通してセックス
frilled scarf,フリルスカーフ
old-fashioned swimsuit,昔ながらの水着
rotating light,回転光
snowy owl,シロフクロウ
macaron background,マカロンの背景
towel pull,タオルプル
panties over bodysuit,ボディースーツのパンティー
guilty kiss (love live!),有罪のキス（Love Live！）
san francisco,サンフランシスコ
duck hood,アヒルのフード
zone (energy drink),ZONe(エナジードリンク)
meruru (oreimo) (cosplay),Meruru（Oreimo）（コスプレ）
kel-tec ksg,KEL-TEC KSG
depth charge projector,爆雷投射機
fantasy seal,夢想封印
cum milking,絶頂搾乳
djinn equip,Djinn装置
no hairclip,ヘアリップはありません
ikamusume (cosplay),Ikamusume（コスプレ）
surgical scar,外科的瘢痕
when mama isn't home (meme),ママが家にいないとき（ミーム）
enoshima,江の島
imac,iMac
wraith (apex legends) (cosplay),レイス（頂点の伝説）（コスプレ）
rosenburg engel (idolmaster),ローゼンブルクエンゲル
mad burnish,マッドバーニッシュ
new wave (idolmaster),ニューウェーブ
dragon empery (emblem),ドラゴンエンペリー（エンブレム）
mess kit,飯盒
bird on lap,膝の上の鳥
sorry for being sexy yuni,セクシーユニで申し訳ない
arrow symbol hair ornament,方向矢印の髪の飾り
imminent hit,差し迫ったヒット
vision test,視力検査
large head wings,大きな頭の翼
shedding skin,脱皮
radome,レドーム
energy whip,エネルギー鞭
high-waist bikini,ハイウエストビキニ
celery,セロリ
cheese hair ornament,チーズの髪の飾り
torn belt,破れたベルト
carrot cake,キャロットケーキ
lunar eclipse,月食
apron grab,エプロングラブ
artifact (genshin impact),圣遗物
pretz,プリッツ
hardsuit,ハードスーツ
dutch text,オランダ語
aerobics,エアロビクス
automatic door,自動ドア
timer ball,タイマーボール
siegfried (fire emblem),ジークフリート
roadblock,どうろふうさ
lapis lazuli (gemstone),ラピスラズリ
maribel hearn (cosplay),マリベルハーン（コスプレ）
pokedance (meme),ポケモンダンス
hamon (jojo),波纹
mig-29,MIG-29
cut-away,カットアウェイ
chile,チリ
black teeth,お歯黒
shell print,貝殻プリント
rope bridge,ロープブリッジ
hashihime,橋姫
print bed sheet,ベッドシートを印刷します
bean bag,豆袋
ryuujou (kancolle) (cosplay),ryuujou（kancolle）（コスプレ）
squirting dildo,可喷射假阳具
harley davidson,ハーレーダビッドソン
bikini jeans,ウルトラローライズデニムビキニパンツ
platelet (hataraku saibou) (cosplay),血小板（hataraku saibou）（コスプレ）
oppai oppai,Oppai Oppai
milo and akouo,ミロとアコウ
kirarigaoka middle school uniform,きらりヶ丘中学校の制服
don't you ever stop (meme),止まるんじゃねぇぞ...
webbing,ウェビング
blue journey (hololive),BJ衣装
headhunting permit (arknights),ヘッドハンティング許可（Arknights）
longevity peach bun,寿桃包
naval battle,海戦
esseling (infinity nikki),邪魔モン
cargo pallet,パレット(輸送)
wiping pussy,事后清理
touhou 12th popularity poll,第12回東方Project人気投票票
nonexistent memories (jujutsu kaisen),存在しない記憶
gun decal,ガンデカール
wringing hair,髪を絞る
ducking,ダッキング
blazblue insignia,Blazblue Insignia
wasp girl,スズメバチの女の子
ammonite,アンモナイト
stealth fingering,隐秘指交
pulque,プルク
chilla (arms),チラ（腕）
masa ni (meme),まさに外道
sprinkling,振りかける
icosahedron,正二十面体
coyote,コヨーテ
holding nose,鼻をつまむ
knighting,アコレード
hibiki (kancolle) (cosplay),hibiki（kancolle）（コスプレ）
lure,ルアー
unworn bloomers,ブルマーが除去されました
holonatsu paradise,ホロナツパラダイス
inoue takina (cosplay),井上タキナ（コスプレ）
french clothes,フランスの服
clitoral circular saw,シリコン丸鋸
ultraman suit (hero's comics),ウルトラマンスーツ
duel (yu-gi-oh!),デュエル
aquila favonia (genshin impact),Aquila Favonia（Genshin Impact）
penis ornament,陰茎飾り
trashcan lid,ゴミ箱の蓋
cero,コンピュータエンターテインメントレーティング機構
guided crotch grab,ガイド付き股のグラブ
upward dog,海老反り
blue shell (mario),トゲゾーこうら
child abuse,児童虐待
wonder magical showtime! (project sekai),ワンダーマジカルショウタイム!
at4,AT4
shoulder necklace,ショルダーネックレス
crash landing,不時着
tagalog text,タガログ語
kurumada masami (style),野生の車田正美
leucochloridium paradoxum,ロイコクロリディウム
tuxedo kamen (cosplay),タキシード・カメン（コスプレ）
crown of insight,知恵の冠
sankyoin academy school uniform,参京院教育学園
cometik note (idolmaster),コメティックノート
austria,オーストリア
servant,しようにん
cinderella dream (idolmaster),シンデレラドリーム
tidal wave,津波
a-rise,A-Rise
kitagawa marin (cosplay),北川マリン（コスプレ）
stola,ストーラ
falconry glove,餌掛け
electric locomotive,電気機関車
igeta (pattern),井桁
dark foreground,暗い前景
team sonic (sonic),チームソニック
maigo no te wo hiku sono saki wa (project sekai),迷い子の手を引く、そのさきは
hijiri byakuren (cosplay),hijiri byakuren（コスプレ）
makai (touhou),マカイ（touhou）
obvious statement,明白な声明
kune-kune,くねくね
d3a,九九式艦上爆撃機
pokemon wings,ポケモンの翼
heavy spear (evangelion),重い槍
shelving book,棚の本
groin attack,gro径部攻撃
altering (agito),オルタリング
orthodox cross,八端十字架
neck corset,ネックコルセット
broken shield,壊れたシールド
asterisk (symbol),アスタリスク
bonesaw,骨のこぎり
alternate bottom wear,代替ボトムウェア
dried flower,ドライフラワー
uproar (holostars),ホロスターズ4期生
journal,ジャーナル
grateful blue (idolmaster),グレイトフル・ブルー
gashadokuro,がしゃどくろ
lobster claw,ロブスター爪
hat over hat,帽子の帽子
dog treat,犬の御馳走
voltaction,VOLTA展
jaguar (car),ジャガー（車）
kyaraben,キャラ弁
chinese track school uniform,蓝白校服
rainbow feather (pokemon),虹色の羽根
taihou (azur lane) (cosplay),Taihou（Azur Lane）（コスプレ）
kanchuumimai,寒中見舞い
hoodie tug,パーカータグ
indian flag,インドの国旗
playing card print,トランププリント
marilyn monroe (cosplay),マリリンモンロー（コスプレ）
water pump,ウォーターポンプ
ming dynasty,明朝
pineapple hair ornament,パイナップルの髪の飾り
ram (re:zero) (cosplay),Ram（Re：Zero）（コスプレ）
wet tail,濡れた尾
komedawara,こめだわら
pangolin tail,パンゴリンの尾
nerunerunerune,ねるねるねるね
camouflage hoodie,カモフラージュパーカー
shelter,シェルター
maus (tank),超重戦車マウス
typhoon,サイクロン
ghillie suit,ギリースーツ
huddle,ハドル
cryptid,未確認動物
rebel alliance (star wars),反乱同盟軍
black sheep,黒い羊
google play,グーグルプレイ
silicon creature (blame!),珪素生物
ijigen fes idolmaster love live! utagassen,異次元フェス
shimushu pose,清水ポーズ
cascade badge,ブルーバッジ
throat,喉
takao (azur lane) (cosplay),タカオ（アズールレーン）（コスプレ）
scratching ass,お尻を傷つけます
black moon,ブラックムーン
hoshi no sanzang-chan tenjiku ni iku,星の三蔵ちゃん天竺に行く
maihama minami high school uniform,マイハマ・ミナミ高校の制服
powder,粉
wrists bound apart,区切られた手首
funsai seyo! unvalentine no fukushuu (project sekai),粉砕せよ!アンヴァレンタインの復讐
poptepipic pose,Poptepipicポーズ
auditorium,講堂
standing at attention,注意を払っています
neuralyzer,ニューラライザー
sleepwalking,夢遊病
miyamoto musashi (fate) (cosplay),宮本蘇省（運命）（コスプレ）
gomen yuuka,ごめユウカ
ribbon-trimmed footwear,リボントリミングされた履物
stacked hats,積み重ねられた帽子
clitoral suction vibrator,吸引バイブ
haystack,ヘイスタック
pantaloons,パンタロン
generator,発電機
feather skirt,フェザースカート
priticket,プリチケ
kojitsunagi (pattern),工字繋ぎ
inward flipped hair,内巻き
inflatable chair,インフレータブルチェア
insect collection,昆虫のコレクション
tumbler,タンブラー
12 billion yen incident,120億円事件
halberd (airship),戦艦ハルバード
string play spider baby (meme),ストリングプレイスパイダーベイビー
chocolate on pectorals,胸のチョコレート
embroidery hoop,绷子
saint snow,セイントスノー
work boots,ワークブーツー
cape tug,ケープタグ
argyle bikini,アーガイルビキニ
blade of mercy,慈悲の刃
smelly penis,臭いペニス
combined attack,合体技
mofuji,もふじ
estus flask,estusフラスコ
doguu,土偶
larkspur (flower),デルフィニウム
a flat chest is a status symbol,貧乳はステータス
red shell (mario),アカこうら
aqua (konosuba) (cosplay),アクア（コノスバ）（コスプレ）
basilisk,バジリスク
soaking hands,手を浸す
cure sunshine (cosplay),Cure Sunshine（コスプレ）
left out,除外
ryuuguu komachi (idolmaster),竜宮小町
like an ero-doujin,エロ同人みたいに
hero charger (splatoon),ヒーローチャージャー
chaldea summer memory,開拓漂流日誌ブルースカイランド
dry suit,ドライスーツ
vuvuzela,ブブゼラ
how to make sushi (meme),誰もお前を愛さない
sr-25,SR-25
hallelujah essaim,ハレルヤ・エサイム
takoyaki pan,タコ焼き器
bismarck (kancolle) (cosplay),bismarck（kancolle）（コスプレ）
mall link suit,モールリンクスーツ
levin sword,レビンソード
manly tears,男泣き
destroid,デストロイド
uh-1 iroquois,uh-1イロコイ
excalibur (fate/strange fake),永久に遠き勝利の剣
amigasa,編み笠
tiltrotor,ティルトローター
tetrahedron,三角錐
silk flower (genshin impact),シルクの花（ゲンシンの衝撃）
stellar jade,星琼
matsumoto leiji (style),野生の松本零士
graphic equalizer,グラフィックイコライザー
reiuji utsuho (cosplay),Reiuji Utsuho（コスプレ）
yabuki joe in a chair (meme),燃え尽きたぜ...真っ白にな...
naked kappougi,裸割烹着
beatrice (umineko) (cosplay),ベアトリス（ウミネコ）（コスプレ）
shrimp tie,海老責め
pumpkin shorts,カボチャのショートパンツ
chimpanzee,チンパンジー
gibson les paul custom,ギブソン・レスポール・カスタム
rice porridge,おかゆ
stippling (texture),点刻
twinkle star (idolmaster),トゥインクルスター
crackling box (reverse:1999),啪唧匣子
pumpkin earrings,カボチャのイヤリング
rose of sharon,ムクゲ
yuanbao,银锭
unplugged,プラグを外します
jervis (kancolle) (cosplay),Jervis（Kancolle）（コスプレ）
badger,アナグマ
hydrangea hair ornament,アジサイの髪の飾り
head wreath removed,ヘッドリースが削除されました
mondragon rifle,モンドラゴン
blowgun,吹き矢
affliction (darkest dungeon),苦しみ（最も暗いダンジョン）
tohru (maidragon) (cosplay),tohru（maidragon）（コスプレ）
frogman,ミリタリーダイバー
watashi kininarimasu,わたし、気になります
angel french,エンゼルフレンチ
c.c. (cosplay),C.C. （コスプレ）
komakasugite tsutawaranai monomane senshuken,細かすぎて伝わらないモノマネ選手権
on ceiling,天井に
stealth footjob,隐秘足交
triple vaginal,トリプル膣
plasma sword,プラズマソード
fire escape,非常階段
lemon blossoms,レモンの花
tang jin (headwear),唐巾
bromide,ブロマイド
lace-up gloves,レースアップグローブ
sam porter bridges (cosplay),サムポーターブリッジ（コスプレ）
open gift,オープンギフト
holding relay baton,拿着接力棒
asuna (sao) (cosplay),閃光の少女衣装
swimsuit under swimsuit,水着の下の水着
kame house,カメハウス
card background,カードの背景
asashio kai ni (kancolle) (cosplay),Asashio Kai Ni（Kancolle）（コスプレ）
piledriver (wrestling),パイルドライバー
yuzuki yukari (cosplay),ゆうきゆく（コスプレ）
inspecting,検査
tenebrism,テネブリズム
camouflage legwear,カモフラージュレッグウェア
bidet,ビデ
neko nabe,ねこ鍋
labrador retriever,ラブラドール・レトリバー
sakamoto clan (emblem),坂本氏族（エンブレム）
fenix uniform,フェニックスユニフォーム
the kogado (idolmaster),THE虎牙道
motherboard,マザーボード
soshite hari wa ugokidasu (project sekai),そして、針は動き出す
lock earrings,イヤリングをロックします
tileable,タイル可能
maya (culture),マヤ文明
japanese tankery league judge uniform,日本のタンクリーリーグジャッジユニフォーム
toy horse,おもちゃ馬
cybertron,サイバートロン
satin sheets,サテンシート
slow motion,スローモーション
box braids,ボックスブレイズ
moccasins,モカシン
deku (zelda),デクナッツ
mario hat,マリオの帽子
kimi ni matsuwaru mystery,君にまつわるミステリー
mori calliope (cosplay),森カリオペ（コスプレ）
italian flag bikini,イタリアの旗ビキニ
grabber tool,マジックハンド
cum on neck,首に精液
skeleton horse,馬の骨
rope braid,绳索状发辫
gunbelt,ガンベルト
0th generation (hololive),ホロライブ0期生
wing umbrella,翼の傘
orrery,太陽系儀
against object,オブジェクトに対して
toyota hiace,ハイエース
mouse print,マウスプリント
embroidered legwear,刺繍されたレッグウェア
fishnet swimsuit,メッシュ水着
chicken sandwich,チキンサンドイッチ
maxim gun,マキシム機関銃
nessa (pokemon) (cosplay),ネッサ（ポケモン）（コスプレ）
super full power saiyan 4 limit breaker,超フルパワーサイヤ人4・限界突破
amaurot,アーモロート
b5n,九七式艦上攻撃機
james (pokemon) (cosplay),ジェームズ（ポケモン）（コスプレ）
soul,魂
selene (pokemon) (cosplay),セレネ（ポケモン）（コスプレ）
green facial hair,緑の顔の毛
furball,ファーボール
renaissance,ルネサンス
red nipples,赤い乳首
poking head,頭を突く
spinning gun,くるくる銃
toy soldier,おもちゃの兵隊
lawn,芝生
wet leotard,ウェットレオタード
shared hat,共有帽子
double facepalm,ダブルフェイスパーム
loser kings,ルーザーキングス
serpens (constellation),へび座
absorbing,吸収
mab pa-15,MAB PA-15
yuudachi kai ni (kancolle) (cosplay),ユダチカイニ（カンコル）（コスプレ）
nashi pear,梨
alcohol enema,肛門ワイン
channel ppp,ワドルディレポート隊
konjiki no yami (cosplay),konjiki no yami（コスプレ）
type 56 assault rifle,56式自動歩槍
qingtuan,青团
poking self,自己を突く
cryostasis pod,コールドスリープ
turkish flag,トルコの国旗
ar-10,AR-10
zero (code geass) (cosplay),Zero（コードGEASS）（コスプレ）
fudanshi,腐男子
cutie moon rod,キューティムーンロッド
kidokawa seishuu,Kidokawa Seishuu
public yotsuba middle school uniform,公立四つ葉中学校
retweet chicks,#RTされた数だけ推しキャラにひよこを乗せる
protest,抗議
biting foreskin,包皮の噛み合い
sizzler plate,シズラープレート
monocular,モノキュラー
roundhouse kick,後ろ回し蹴り
animal on ass,お尻の動物
chairlift,スキーリフト
front sitting split,前坐劈腿
kirby's house,カービィのおうち
entrance ceremony,入学式
sconce,sconce
maltese cross,マルタの十字架
dolphin penis,海豚阴茎
egyptian toe,エジプト型
handjob with legwear,靴下コキ
kasumi (kancolle) (cosplay),kasumi（kancolle）（コスプレ）
invisible object,目に見えないオブジェクト
chengdu j-10,歼-10
vaulted ceiling,ボールト
tank truck,タンクローリー
hiburi (kancolle) (cosplay),Hiburi（Kancolle）（コスプレ）
shanghai,上海
optical camouflage,光学迷彩
detached tail,分離した尾
lecturing,講義
blackish 961sp (idolmaster),ブラッキッシュ961SP
gotterdammerung (fate/grand order),ゲッテルデメルング
clacker,アメリカンクラッカー
oridigi,オリデジ
ruqun,襦裙
mark iv tank,マークIV戦車
touhou 11th popularity poll,"""第11回東方Project人気投票票"
hummer,ハマー
step stool,踏み台
fireseal,Fireseal
sailor fundoshi,セーラーふんどし
cuff title,カフタイトル
tda model (mikumikudance),Tda式モデル
kamina (ttgl) (cosplay),Kamina（TTGL）（コスプレ）
monokuma (cosplay),モノクマ（コスプレ）
dimension mirror,ディメンションミラー
too many in mouth,口が多すぎます
yasaka kanako (cosplay),Yasaka Kanako（コスプレ）
heart guitar,ハートギター
toramaru shou (cosplay),トラマル・ショウ（コスプレ）
writing on hand,手に書いています
deku mask,デクナッツの仮面
nexus casual (idolmaster),ネクサスカジュアル
whac-a-mole,モグラ叩き
birthday boy (twisted wonderland),おめかしバースデー
kitauji quartet,北宇治カルテット
rabbit ears antenna,ウサギの耳アンテナ
wolfsbane (flower),トリカブト
dream ball,ドリームボール
yatteyan'yo,やってやんよ!
mason jar,メイソンジャー
boeing 747,ボーイング747
layered panties,層状のパンティー
first ken,ファースト剣
arc phone,アルセウスフォン
person on back,後ろの人
war paint,ウォーペイント
morito (sidonia no kishi),衛人
dohyo,土俵
lawyer,弁護士
peugeot,プジョー
sig sg550,SIG 550
synchronized swimming,アーティスティックスイミング
radiant light,放射光
victory club (umamusume),サクラ軍団
funeral veil,面纱(丧服)
kurumibashi school uniform,胡桃橋中学校
will smith slapping chris rock (meme),ウィル・スミスビンタ
east japan railway company,JR東日本
creamer packet,クリーマーパケット
romeo montague (cosplay),ロミオモンタギュー（コスプレ）
stealth cunnilingus,隐秘舔阴
aspis,アスピ
makise kurisu (cosplay),MakiseKurisu（コスプレ）
surstromming,シュールストレミング
m6a seiran,晴嵐
dive bomber,急降下爆撃機
class change,クラスチェンジ
quicksand,底なし沼
nanab berry,ナナのみ
vi-o-la suit,ヴァイオラスーツ
zura (phrase),Zura（フレーズ）
inn,やどや
b-52 stratofortress,B-52 Stratofortress
p-51 mustang,P-51マスタング
ginger root,根生姜
durindana (fate),ドゥリンダナ
ballpoint splatling (splatoon),クーゲルシュライバー
mashed potatoes,マッシュポテト
warming,温暖化
hair salon,美容院
416 day,416の日
mecha on girl,女の子のメカ
rider card,ライダーカード
nazrin (cosplay),ナズリン（コスプレ）
hornjob,角コキ
aoku haruka/flower,アオクハルカ/華
tartarus,タルタロス
reflector (ookami),鏡(大神)
phantasm rod,ファンタズムロッド
deodorant,デオドラント
chipmunk costume,シマリスのコスチューム
clover earrings,クローバーイヤリング
un tan,うんたん
rocking school (idolmaster),ロッキングスクール
kaga cape,カガ・ケープ
fencing suit,フェンシングスーツ
lewis gun,ルイス軽機関銃
garapon,ガラポン
dragon install,ドラゴンインストール
geranium,ゼラニウム
checklist,チェックリスト
suzuki jimny,ジムニー
compensated molestation,補償された虐待
blood moon (league),ブラッドムーン（リーグオブレジェンド）
trionda,トリノンダ
cargo ship,貨物船
tenga suit,TENGAスーツ
map background,マップの背景
catherine cover parody,キャサリンカバーパロディ
penis in swimsuit,水着の陰茎
kanmarisa (meme),紺珠伝魔理沙
knights (ensemble stars!),Knightsの日
hokora (shrine),祠
haidate,佩楯
voodoo,ブードゥー
propane tank,プロパンガス
slapping with breasts,乳ビンタ
sol badguy (cosplay),Sol Badguy（コスプレ）
hello mem world! (honkai: star rail),Hello_迷World!
drawing mannequin,デッサン人形
recoil,反動
no headband,ヘッドバンドはありません
too much burger,ハンバーガーが多すぎる
popping,ポップ
double neck guitar,ダブルネック・ギター
drink me,私を飲んで
kama (fate) (cosplay),カマ（運命）（コスプレ）
pedestrians only sign,歩行者のみ署名
troll (warcraft),トロール（warcraft）
critical hit,急所
lotus earrings,蓮のイヤリング
kobeni's car (chainsaw man),コベニの愛車
unworn bandana,バンダナは削除した
center axis relock stance,C.A.R.システム
beoseon,ポソン
tawawa group,タワワグループ
sour model (mikumikudance),Sour式モデル
parker-hale idw,パーカー - ヘールIDW
booklet,冊子
new stars rose (umamusume),ニュースターズ・ロゼ
daga kotowaru,だが断る
branding iron,ブランディングアイロン
time tunnel (madoka magica),タイムトンネル（マドカマジカ）
absolut vodka,アブソルートウォッカ
elsa (frozen) (cosplay),エルザ（フローズン）（コスプレ）
plesiosaur,プレシオサウルス
half-nightmare,ハーフナイトメア
crucible (doom),るつぼ（運命）
ripple star,リップルスター
limbo,リンボーダンス
caliper,ノギス
pepsi nex,ペプシネックス
puffer fish vomiting water (meme),水を吐くフグ
psychogun,サイコガン
bat genome,バットゲノム
shouten pegasus mix mori,昇天ペガサスMIX盛り
kaiouken,超サイヤ人ブルー界王拳
ensis exorcizans,エクサスのエクササン
j7w shinden,震電
emiya shirou (cosplay),emiya shirou（コスプレ）
aac honey badger,ハニーバジャー
layout plan,間取り
aozora ni negau your happiness! (project sekai),青空に願うユア・ハピネス!
eating contest,食事コンテスト
tree hollow,木の洞
siren (mythology),セイレーン
star destroyer,スター駆逐艦
slums,スラム街
rhine lab (arknights),莱茵生命
g-suit,耐Gスーツ
sheep print,羊のプリント
40mm grenade,40mm榴弾
shouwa,昭和
pager,ポケベル
toyota celica,セリカ
igawa asagi (cosplay),イガワサギ（コスプレ）
touhou 14th popularity poll,第14回東方Project人気投票
samonji family (touken ranbu),左文字三兄弟
smug inori (meme),見なよ...オレの司を...
sumeru city,スメールシティ
hawaiian pizza,ハワイアンピザ
bowser (cosplay),クッパー（コスプレ）
street gutter,ストリートガター
oppai hoodie,OPPAIパーカー
summon ticket (fate),呼符
scrambled egg,スクランブルエッグ
ship interior,船内
azoth knife,アゾット剣
erdrick's shield,ロトのたて
tbf avenger,TBFアベンジャー
char b1,ルノーB1
alice gear,アリスギア
galka,ガルカ
burning at the stake,危機にburningしている
luck and pluck,幸運と勇気の剣
touhou costume examination (meme),東方装束考
chiss,チス
taihou (kancolle) (cosplay),大鳳装備
stage of magic (idolmaster),ステージオブマジック
fake whiskers,假胡须
dashboard,ダッシュボード
broken goggles,壊れたゴーグル
homophobia,ホモフォビア
pontiac,ポンティアック
curry udon,カレーうどん
imi galil,ガリル
aqua buruma,アクアブルマ
akiyama mio (cosplay),秋山mio（コスプレ）
lyra (pokemon) (cosplay),ライラ（ポケモン）（コスプレ）
karada,カラダ
route 66,ルート66
joseph joestar (young) (cosplay),ジョセフ・ジョスター（ヤング）（コスプレ）
yugakshetra (fate/grand order),ユガ・クシェートラ
nouvelle tricolor (idolmaster),ヌーベル・トリコロール
shared straw,共有ストロー
hand glasses,手眼鏡
free sex sign,無料のセックスサイン
showdown,対決
film cartridge,フィルムカートリッジ
tales of festival,テイルズオブフェスティバル
holes,穴
m1 bazooka,バズーカ
le malin (azur lane) (cosplay),Le Malin（Azur Lane）（コスプレ）
gear second,ギア2
manatee,マナティー
pentakill (league),ペンタキル（リーグオブレジェンド）
oversized spider,大蜘蛛
breasts on shoulders,肩の胸
precum pool,precumプール
burger skater (idolmaster),バーガースケーター
volvo,ボルボ
enten (sword),淵天
sexy beautiful (idolmaster),セクシービューティフル
saiga-12,サイガ12
great pyramid of giza,ギザの大ピラミッド
brown bear,ヒグマ
matching earrings,一致するイヤリング
subarashii pose,スバラシイポーズ
tokiame (style),トキアメ（スタイル）
edelgard von hresvelg (cosplay),edelgard von hresvelg（コスプレ）
hypnosis earrings,催眠イヤリング
ar-57,AR-57
surfboard (wrestling),ロメロスペシャル
ghost driver,ゴーストドライバー
kokushi musou,国士無双十三面待ち
certificate,証明書
ford crown victoria,クラウンビクトリア
wrap skirt,巻きスカート
overpowering,圧倒的
swiss army knife,アーミーナイフ
morion,モリオン
mutual foot licking,相互の足の舐め
irori (hearth),いろり
asashio (kancolle) (cosplay),asashio（kancolle）（コスプレ）
father-son kamehameha,親子かめはめ波
ch-47 chinook,CH-47チヌーク
xbox (original),初代Xbox
honda integra,インテグラ
minaminagi liberty academy school uniform,南凪自由学園
cat eye-framed eyewear,キャットアイ
one year artist progress record,絵師一年進化録
zentai,ゼンタイ
nipple leash,乳首のリーシュ
on finger,指で
studded footwear,スタッズ付きの履物
bicycle seat,サドル
bass drum,バスドラム
soap shoes,グラインドシューズ
tint me (idolmaster),ミリマス小学生トリオ
yamabushi tengu,山otengu
calico m950,Calico M950
finger marks,フィンガーマーク
ranka lee (cosplay),ランカ・リー（コスプレ）
breast slider,おっぱいスライダー
rentarou family,恋太郎ファミリー
kangaroo girl,カンガルーガール
horizontal comic,水平コミック
re-class battleship (cosplay),レ級の服
yugoslavia,ユーゴスラビア
nyannyan cat's eye (idolmaster),にゃんにゃん・キャッツアイ
bohegao,ボヘ顔
high-waist panties,ハイウエストパンティー
inazuma city,稲妻城
bubble wrap,プチプチ
odst,odst
fish cake,練り物
choice scarf,こだわりスカーフ
diarrhea,下痢
carcinization,カーシニゼーション
sabertooth cat,Sabertooth Cat
muay thai,ムエタイ
gps,GPS
illyasviel von einzbern (cosplay),Illyasviel von einzbern（コスプレ）
mortar shell,モルタルシェル
mk 14 ebr,MK 14 EBR
zushiri (nijisanji),ずしり
ryuseitai (ensemble stars!),流星隊
mille-feuille,ミルフィーユ
chaldea's stalker trio,溶岩水泳部
march hare (alice in wonderland) (cosplay),マーチヘア（不思議の国のアリス）（コスプレ）
straw cape,みの
mihoshi middle school uniform,観星中学校
minazuki (bankai),皆尽
ouija,ouija
shitajiki (medium),下敷き
shenhe (genshin impact) (cosplay),Shenhe（Genshin Impact）（コスプレ）
isuzu motors,いすゞ
tourbox,ツアーボックス
gyokuto high school uniform,玉兎高校制服
diamond plate,縞鋼板
golden axe (weapon),ゴールデンアックス（武器）
marine angelfish,サザナミヤッコ
nekomata okayu (cosplay),nekomata okeu（コスプレ）
nervous tama-chan pose,ナーバスタマちゃん
umbreon (cosplay),Umbreon（コスプレ）
failnaught (fire emblem),フェイルノート
snake tongue (polearm),蛇矛
otamatone,オタマトーン
jetty,とってい
fine art,美術品
shibuya rin (cosplay),渋谷rin（コスプレ）
fallen angel ero maid costume,Fallen Angel Ero Maid Costume
precure netorare (meme),プリキュア寝取られミーム
azamaru (fate),痣丸
dragon on head,頭のドラゴン
senkou high school uniform,Senkou High Schoolの制服
not afraid anymore,もう何も恐くない
smc-gumi (nijisanji),SMC組
golden egg,金蛋
torn tabard,引き裂かれたタバード
occluder,遮眼子
stay fresh (pose),イカよろしく
sakura miko (cosplay),さくらミコ（コスプレ）
night and day amcg (idolmaster),ナイトアンドデイAMCG
penis bow,陰茎の弓
no harness,ハーネスはありません
torii earrings,トリイイヤリング
kishimoto masashi (style),野生の岸本
beit (idolmaster),Beit（Idolmaster）
santoku knife,三徳包丁
chin-chin,チンチン
brick oven,ブリックオーブン
gn sword,GNソード
yoitomake (food),よいとまけ
cure blossom (cosplay),Cure Blossom（コスプレ）
royal greatsword (elden ring),王家のグレートソード
bakunetsu god finger,爆熱ゴッドフィンガー
nikon (company),ニコン（会社）
unajuu (food),うな重
wet buruma,濡れたブルーマ
saigo no getsuga tenshou,最後の月牙天衝
fried fish,フィッシュフライ
mouse on shoulder,肩のマウス
aerosol,エアロゾル
long face,面長
viola (instrument),ヴィオラ(楽器)
seidoukan academy school uniform,星導館学園
supplicant mask,愉悦の仮面
scamp (kancolle) (cosplay),Scamp（Kancolle）（コスプレ）
light gun,ガンコン
energy axe,エネルギーx
korean fire noodles,ブルダック炒め麺
torn sarong,破れたサロン
minna de enjoy! spojoy park (project sekai),みんなでエンジョイ!スポジョイパーク
tumbleweed,タンブルウィード
mariachi,マリアッチ
kamado nezuko (cosplay),カマドネズコ（コスプレ）
turkey (bird),シチメンチョウ
summer highschool (idolmaster),サマーハイスクール
bassoon,ファゴット
maru-yu (kancolle) (cosplay),Maru-yu（kancolle）（コスプレ）
plugging ears,耳を塞ぐ
hypnosis microphone,ヒプノシスマイク(ヒプマイ)
kyurumaru,きゅるまる
dance pad,ダンスパッド
glorious success,輝かしい成功
watermelon between thighs,太ももでスイカ割り
miike tenta mitsuyo (fate),三池典太光世
pollution,汚染
wet pavement,ウェット舗装
hamster on shoulder,肩にハムスター
hands on another's wrists,他の手首を手にします
cat zipper,猫ジッパー
alcohol burner,アルコールランプ
flip smartphone,ガラホ
plant sex,植物のセックス
peru,ペルー
you are already dead,お前はもう死んでいる
tatsuta (kancolle) (cosplay),Tatsuta（Kancolle）（コスプレ）
liella! second generation,Liella!2期生
doomguy (cosplay),Doomguy（コスプレ）
snap my choker (phrase),私のチョーカーをスナップする（フレーズ）
naan bread,ナン
tongue clamp,舌クランプ
great grail,素晴らしい聖杯
bodyboard,ボディボード
etherlite,エーテライト
partition,パーティション
mikimoto haruhiko (style),美樹本晴彦
thighhigh removed,大胆な削除
hiraikotsu,飛来骨
hussar,ハッサル
akms,Akms
flower umbrella,花の傘
hungarian flag,ハンガリーの国旗
ujikintoki,宇治金時
suicide bomb,自爆テロ
holding javelin,ジャベリンを持っている
kamishirasawa keine (cosplay),カミシャイラサワキーン（コスプレ）
sake barrel,酒樽
s.e.m (idolmaster),S.E.M（Idolmaster）
future fish,将来の魚
madoromi no yakusoku,まどろみの約束
suzu head,スズヘッド
crystal night party (idolmaster),クリスタルナイトパーティ
pink moon stick,ピンクムーンスティック
healing wand,癒しの杖
stalk,茎
akatsuki (kancolle) (cosplay),acatsuki（kancolle）（コスプレ）
suuankou,四暗刻
belfast (azur lane) (cosplay),ベルファスト（アズールレーン）（コスプレ）
irisviel von einzbern (cosplay),Irisviel von einzbern（コスプレ）
witches 5,ウィッチーズ5
crucifix,十字架
good twins day,いい双子の日
cpr,心臓マッサージ
scalp massager,メタルシャワー
hole in ceiling,天井の穴
the genesis,創世記
yoshizaki mine (style),野生の吉崎観音
nipple suction cups,乳头吸盘
orgasm beam,アクメビーム
barber chair,理髪店の椅子
tm (pokemon),わざマシン
ice axe,ピッケル
hunchback,ハンチバック
kickboxing,キックボクシング
piss bottle,尿入りペットボトル
otonashi kotori (cosplay),ユニフォーム765
fourze driver,フォーゼドライバー
brown butterfly,茶色の蝶
su-57,SU-57
male futanari,男ふたなり
peking opera,京剧
dodge viper,ダッジバイパー
frog mask,カエルマスク
rinne sharingan,轮回写轮眼
hololive 3rd generation live outfit,きゅるるん大作戦
pink leotard (dq),ピンクのレオタード
topiary,トピアリー
trinity metatronius (fate/grand order),人類裁決法廷トリニティ・メタトロニオス
chiyoda (tokyo),千代田
kaenbyou rin (cosplay),Kaenbyou Rin（コスプレ）
makoto mirai academy middle school uniform,私立まことみらい学園
ribbon-trimmed pants,リボントリミングされたズボン
callie (splatoon) (cosplay),カリー（スプラトゥーン）（コスプレ）
gungnir (toaru),主神の槍
white freckles,白いそばかす
st. liliana's academy school uniform,聖リリアンナ学園
sacrificial sword (genshin impact),祭礼剑
navel poke,へそ責め
moonbeam,月光
future signature (idolmaster),フューチャー・シグネチャー
yada yada,ヤダヤダ
hajimete no otsukai,はじめてのおつかい
contract monster,契約モンスター
aincrad,浮遊城アインクラッド
flamenco,フラメンコ
leather footwear,革の履物
bamboozler 14 (splatoon),14式竹筒銃・甲
barbara (genshin impact) (cosplay),バーバラ（ジェンシンインパクト）（コスプレ）
bat signal,バットシグナル
grado labs,Grado Labs
grim reaper (weapon) (fate),グリム・リーパー(Fate)
heart sutra,般若心経
boku ga motteru mono nara,僕が持ってるものなら
pornstar,ポルノスター
whale ornament,クジラの飾り
triumph (expression),Triumph（表現）
backbreaker,バックブレーカー
burrito,ブリート
minidisc,ミニディスク
usada kensetsu,兔田建設
positive passion (idolmaster),ポジティブパッション
death box (apex legends),デスボックス（頂点の伝説）
katano sukune's bottle opener,カタノソクネのボトルオープナー
honey strap,ハニーストラップ
lenny face,レニーの顔
zonai device,ゾナウギア
mouthwash,洗口液
violetgrass,バイオレットグラス
grepa berry,ウブのみ
campaign hat,キャンペーンハット
boar tail,イノシシの尾
splat brella (splatoon),パラシェルター
navigator,ナビゲーター
spinosaurus,スピノサウルス
tied jumpsuit,縛られたジャンプスーツ
mouse hair ornament,マウスの髪の飾り
fletcher (kancolle) (cosplay),フレッチャー（カンコル）（コスプレ）
uekawa yuji (style),野生の上川祐司
floral bow,ギフトボウ
ryuuguu rena (cosplay),ryuuguu rena（コスプレ）
kuomintang,国民党
planting,植付
vertical anus,縦割れアナル
royal air force,イギリス空軍
sarashi pull,サラシプル
fgm-148 javelin,ジャベリン
coughing flowers,花吐き病
grape hyacinth,ムスカリ
brace,ブレース
camouflage bra,カモフラージュブラ
ring toss,輪投げ
shiso (plant),シソ
africa,アフリカ
han'ei no chocolate gardens of valentine,繁栄のチョコレートガーデンズ・オブ・バレンタイン
journey in the auspicious snow (girls' frontline),瑞雪の旅
pubic hair pull,陰毛が引っ張る
arowana,アロワナ
cum on horns,角の中出し
kanazawa station,金沢駅
giant squid,ダイオウイカ
marble phantasm,空想具現化
bursting,バースト
dodge charger,ダッジ・チャージャー
idios,いでぃおす
kendo mask,剣道マスク
meowth (cosplay),Meowth（コスプレ）
nazrin day,7月20日はナズーリンの日
quiz,クイズ
prehensile toes,つま先を予後とする
mitasarenai pale color (project sekai),満たされないペイルカラー
yearbook,卒業アルバム
ooku (fate/grand order),徳川廻天迷宮
trap of argalia,トラップ・オブ・アルガリア
buttercup (flower),キンポウゲ
iroha (samurai spirits) (cosplay),イロハ（サムライスピリッツ）（コスプレ）
death devil (k-on!),放課後メタルタイム
weapon rack,武器ラック
temple gate,寺院の門
petals in mouth,口の中の花びら
dassault rafale,ダッソー・ラファレ
lion hood,ライオンフード
weighing breasts,乳重測定
shoveling,シャベル
pouring onto pussy,猫に注ぐ
fur-trimmed waist cape,毛皮のトリミングされたウエストケープ
kashikoma!,かしこま
meiji milk chocolate,明治ミルクチョコレート
bunker,陣地壕
smersh,スマーシュ
new california republic,新カリフォルニア共和国
princess melody (idolmaster),プリンセスメロディ♪
catapult,カタパルト
berserker rage,バーサーカーの怒り
omedetou! (meme),世界の中心でアイを叫んだけもの
elephant hat,象の帽子
light bow shekinah,ライトボウシェキナ
height switch,高さスイッチ
radioactive,放射性
tournament bracket,トーナメントブラケット
hole in ears,耳の穴
backstab,バックスタブ
super famicom cartridge,スーパーファミコムカートリッジ
i am l,私はLです
h&k hk417,H＆K HK417
nested mouths,インナーマウス
multiple penetration,複数の浸透
saberface,セイバー顔
crafting table (minecraft),作業台
smash is for good boys and girls,このおっぱいでスマブラ参戦は無理でしょ
shinku (cosplay),シンク（コスプレ）
sharpening,研ぐ
lupinus (flower),ルピナス
squirrel costume,リスの衣装
women's day,ミモザの日
dog slippers,犬のスリッパ
comfy,快適
battle chip,バトルチップ
papaya,木瓜
weathergirl,お天気お姉さん
menuki,目貫
yuubari (kancolle) (cosplay),ユバリ（カンコル）（コスプレ）
tokai teio (umamusume) (cosplay),Tokai Teio（Umamusume）（コスプレ）
washboard,ウォッシュボード
houjuu nue (cosplay),Houjuu Nue（コスプレ）
tokyo racecourse,東京競馬場
king penguin,オウサマペンギン
meltryllis (swimsuit lancer) (fate) (cosplay),Meltryllis（水着ランサー）（運命）（コスプレ）
501st joint fighter wing (emblem),501stジョイントファイターウィング（エンブレム）
torii hair ornament,トリイの髪の飾り
matilda (tank),マチルダ
bead sex machine,ビーズセックスマシン
hair fruit,ヘアフルーツ
vegeta (cosplay),ベジータ（コスプレ）
hamakaze (kancolle) (cosplay),Hamakaze（Kancolle）（コスプレ）
mystery box,箱の中身はなんだろな
islam,イスラム教
fisherman,りょうし
helix fossil,かいのカセキ
multicolored pajamas,多色のパジャマ
deredere,デレデレ
cavorite ball,cavoriteボール
four beasts (nikke),フォービースト(勝利の女神:NIKKE)
cossack dance,コサックダンス
cuck chair (meme),无能的伴侣
happy happy happy cat (meme),猫ミーム
ooarai marine tower,大洗マリンタワー
fangtian ji,方天戟
artificial insemination,人工授精
darth vader (cosplay),ダースベイダー（コスプレ）
gordius wheel (fate),ゴルディウスホイール（運命）
boulder badge,グレーバッジ
vacation,旅行
saotome academy school uniform,ソートームアカデミーユニフォーム
royale style (idolmaster),ロワイヤルスタイル
true damage (league),真のダメージ（リーグオブレジェンド）
hasu no shoushihenkei,蓮ノ小四辺形
cherish ball,プレシャスボール
no ribbon,リボンはありません
great dane,グレートデーン
horse legs,馬の足
tre kronor,Tre kronor
deception,欺くこと
autism,自閉症スペクトラム
production line,生産ライン
jack-o'-lantern cutout,Jack-o'-Lanternカットアウト
director,ディレクター
currency strap,帯封
leaf (pokemon) (cosplay),リーフ（ポケモン）（コスプレ）
etoile brilliant (idolmaster),エトワール・ブリヤント
newman,ニューマン
blackjack table,ブラックジャックテーブル
swatting,スワッティング
moonlight butterfly (gundam),月光蝶
church bell,教会の鐘
german empire,帝政ドイツ
sr-3mp,SR-3MP
breast implants,シリコン
antarctica,南極大陸
kemurikusa (object),ケムリクサ(アイテム)
barley tea,麦茶
ojigi (bowing),お辞儀
cure melody (cosplay),治療メロディー（コスプレ）
trans-am,トランザム(機動戦士ガンダム00)
leap frog,馬跳び
palestine,パレスチナ
saboten pose,サボテン
sukoyaka middle school uniform,すこやか中学校
autoscorer,オートスコアラー
straight-laced footwear,まっすぐな履物
exciting animal (love live!),エキサイティングな動物（Love Live！）
money bath,札束風呂
kizuna ai (cosplay),キズナアイ（コスプレ）
windfish's egg,聖なるタマゴ
nagato (battleship),長子（戦艦）
cutting onions,オニオンを切る
astronomical clock,天文時計
shot lancer,ショットランサー
mini splatling (splatoon),スプラスピナー
nazi war ensign,ナチス戦争少sign
symbol ricochet,シンボルリコチェット
india,インド
joyeuse ordre (fate),ジュワユーズ・オルドル
party parrot (meme),パーティーパロット（ミーム）
beast spear,獣の槍
lace-trimmed swimsuit,レーストリミングされた水着
panjandrum,パンジャンドラム
riding boar,乗馬イノシシ
honda s2000,ホンダS2000
imagine breaker,幻想殺し
satellite cannon,サテライトキャノン
dusting,ほこり
queen of hearts symbol,ハートの女王シンボル
scout car,スカウトカー
sin devil trigger,真魔人
gravy,グレイビーソース
hoto cocoa (cosplay),hoto cocoa（コスプレ）
fabarm sat-8,ファバームSAT-8
murasa minamitsu (cosplay),ムラサ・ミナミツ（コスプレ）
cetus (constellation),くじら座
valgiris,ヴァルギリス
kamoi (kancolle) (cosplay),神威の服
prinz eugen (kancolle) (cosplay),Prinz Eugen（Kancolle）（コスプレ）
miniskirt day,ミニスカートの日
play of the game,ゲームのプレイ
negi suppository,ネガシスコリー
uchiko,打粉責め
bra in mouth,くちブラ
high x joker (idolmaster),ハイxジョーカー（アイドルマスター）
summer junior highschool (idolmaster),サマージュニアハイスクール
gloriosa (flower),グロリオサ
mega man day,6月9日はロックマンの日
cum on picture,二次絵ぶっかけ
impossible armor,不可能な鎧
tomato hair ornament,トマトの髪の飾り
servants holding aphrodite's breasts (meme),アフロディーテの胸を持っている召使（ミーム）
russian civil war,ロシア内戦
blue-and-yellow macaw,ルリコンゴウインコ
virtual boy,バーチャルボーイ
abortion mark,堕胎マーク
smile of dreamer (project sekai),スマイルオブドリーマー
meringue,メレンゲ
deuman,デューマン
bungee jumping,バンジージャンプ
kirakira patisserie uniform,キラキラ・パティスリーのユニフォーム
reverse bikini armor,逆ビキニアーマー
sh-60 seahawk,SH-60シーホーク
feet in food,足バーガー
lovebird,ボタンインコ
n7 armor,N7アーマー
touhou 10th popularity poll,第10回東方シリーズ人気投票
odaiba middle school uniform,オダイバ中学校のユニフォーム
sponge cake,スポンジケーキ
junkyard dog mk iii,Junkyard Dog Mk III
holding by the ears,耳で握る
lariat,ラリアット
yodaka (ado),adoよだか
chocolate chip,チョコチップ
frieren's three-day tantrum,癇癪のフリーレン
fruit hat,フルーツハット
breathing ice,アイスブレス
school bus,スクールバス
tekoki karaoke,手コキカラオケ
plait,編組
wind chime focus,ウィンドチャイムフォーカス
canis major (constellation),おおいぬ座
compressed breasts,隠れ巨乳
hifu,被布
dhyana mudra,定印
final smash,最後の切りふだ
printemps (love live!),プランタン
yuna (ff10) (cosplay),ユナ（ff10）（コスプレ）
v-22 osprey,V-22オスプレイ
lancer (gears of war),ランサーアサルトライフル
beast mode (evangelion),ビーストモード
1st generation (hololive),ホロライブ1期生
kaioushin,界王神
torn sarashi,破れたサラシ
shirai kuroko (cosplay),シライ・クロコ（コスプレ）
cow mask,牛マスク
confetti ball,くす玉
maya (kancolle) (cosplay),マヤ（カンコル）（コスプレ）
malaysia,マレーシア
polka dot sarong,ポルカドットサロン
toyosatomimi no miko (cosplay),トイサトミミはミコ（コスプレ）
lure ball,ルアーボール
kataphrakt (aldnoah.zero),カタフラクト
magnum buckle,マグナムレイズバックル
hat launch,帽子の発売
komaru (himouto! umaru-chan) (cosplay),コマル（ヒマウフ！ウマルちゃん）（コスプレ）
academy city,学園都市
grapple,グラップル
paizuri while penetrated,浸透している間、ペイズリ
brigandine (armor),ブリガンディン
cossack,コサック
quad buns,四发髻
hylian set (zelda),ハイリア装備
unconventional vibrator,非常规的震动器
tapestry (medium),タペストリー(媒体)
exs-slave,エクスレイヴ
pokemon on leg,脚のポケモン
suibian sword,随便
raiden punching armstrong (meme),レイデンパンチアームストロング（ミーム）
dragon li cat,狸花猫
upswept hair,アップスタイル
three ramen musketeers,ラーメン三銃士
zero two (darling in the franxx) (cosplay),ゼロ2（franxxの最愛の人）（コスプレ）
vertical text,文字纵向排列
cougar,ピューマ
collapsing,崩壊
jaxa,ジャクサ
treant,トレント
usami renko (cosplay),ウサミ・レンコ（コスプレ）
penis head,ペニスヘッド
backscratcher,孫の手
kouno marika's silence suzuka drawing (meme),高野スズカ
fundoshi day,ふんどしの日
insecticide,殺虫剤
sports drink,スポーツドリンク
pet carrier,ペットキャリア
cable-stayed bridge,斜張橋
aurebesh,aurebesh
mankai,満開
group battle,グループバトル
italia mondial,イタリアモンディアル
cat testicles,猫のtest丸
twitter verified checkmark,Twitterの認証マーク
fresh china (idolmaster),フレッシュチャイナ
turkey (country),トルコ
takarada rikka (cosplay),タカラダ・リッカ（コスプレ）
lamborghini aventador,ランボルギーニ・アベンタドール
wife and wife and wife,妻と妻と妻
summary,まとめ
sweet madame (genshin impact),鳥肉のスイートフラワー漬け焼き
reflector (photography),レフ板
ishidaki,石抱き
tsubakigaoka metropolitan high school uniform,Tsubakigaoka Metropolitan High School Uniorm
reze dance,レゼダンス
kazunoko (food),数の子
cauliflower,カリフラワー
formidable (azur lane) (cosplay),恐ろしい（Azur Lane）（コスプレ）
shibarikini,シャイバリキーニ
nopal,ウチワサボテン
dystopia,暗黒郷
iroha karuta,いろはカルタ
mochidoru (plush),もちどる
exploded head,頭部破壊
realdoll,人形化
duel avatar,決闘アバター
wireless mouse,ワイヤレスマウス
duel academy uniform (yu-gi-oh! 5d's),デュエルアカデミーユニフォーム（Yu-gi-oh！5d's）
ayase eli (cosplay),ayase eli（コスプレ）
salmiakki,サルミアッキ
far side backboob,裏乳
magnolia eclair ii,マグノリアエクレアII
shared sweater,共有セーター
shinjou akane (cosplay),Shinjou akane（コスプレ）
bnahabra (armor),ブナハ装備
raspberry hair ornament,ラズベリーの髪の飾り
monday,月曜日
emperor penguin (kemono friends) (cosplay),皇帝ペンギン（ケモモンフレンズ）（コスプレ）
shiny tambourine (heartcatch precure!),シャイニータンバリン
overhead door,引き上げ扉
good luck knot,好運結
ice cream cone on head,頭にアイスクリームコーン
half lotus position,半跏
kasumi (doa) (cosplay),kasumi（doa）（コスプレ）
taokaka (cosplay),タカカ（コスプレ）
pig print,豚の版画
raise a suilen,スイレンを育てます
ground pound,ヒップドロップ
poffin,ポフィン
instance domination,インスタンスの支配
camel clutch,キャメルクラッチ
mentos,メントス
crazy b (ensemble stars!),クレイジービー
manya (dq4) (cosplay),Manya（DQ4）（コスプレ）
durian,ドリアン
superman (cosplay),スーパーマン（コスプレ）
leather chair,革の椅子
torso only,胴体のみ
great white shark,ホホジロザメ
pectorals on glass,ガラスの胸
remedial knights (blue archive),救護騎士団
under the table (arknights),テーブルの下（arknights）
meiling day,5月15日は美鈴の日
femboy hooters (meme),フェムボーイフーターズ（ミーム）
gigantamax (other),オリジナルキョダイマックス
leafy seadragon,リーフィーシードラゴン
blooming,咲く
solomon (singularity) (fate/grand order),ソロモン
belarusian flag,ベラルーシの国旗
kurikinton (food),栗きんとん
choco fashion,チョコファッション
high chair,ハイチェア
yuruyuri's starting,Yuru Yuriのスタート
traditional dress,伝統的なドレス
tail pillow,テールピロー
diamond hands,ダイヤモンドの手
storyboard,絵コンテ
breast crush,乳圧
trumpet boy (meme),トランペットボーイ（ミーム）
passionlip (fate) (cosplay),PassionLip（Fate）（コスプレ）
big mac,ビッグマック
tail garter,テールガーター
ethan (pokemon) (cosplay),イーサン（ポケモン）（コスプレ）
vanilla,バニラ
imagawayaki,今川焼き
henna,ヘンナ
honda civic type r,シビックTypeR
hand drill,ハンドドリル
ness (mother 2) (cosplay),ness（母2）（コスプレ）
shearing,剪断
curry bread,カレーパン
djeeta (granblue fantasy) (cosplay),Djeeta（Granblueファンタジー）（コスプレ）
suzume's chair,すずめの椅子
hole in sock,靴下の穴
weeping cherry blossoms,しだれ桜
hutou hat,虎头帽
unworn kneehighs,ニーハイは削除されました
tangle,もつれ
endless eight,エンドレスエイト
mamool ja,マムージャ
off-color cum,オフカラー精液
pedal,ペダル
freddy krueger (cosplay),フレディクルーガー（コスプレ）
human ashtray,人間灰皿
pussy juice in container,容器の猫ジュース
kakyoin noriaki's pose,花京院立ち
trapeze,空な
pokemon adventures anime (meme),アニメポケスペ
leaf wreath,树叶花环
bellhop uniform,ベルボーイ
iwi jericho 941,ジェリコ941
ringer t-shirt,リンガーTシャツ
oyoufuku akachan,お洋服赤ちゃん
have to poop,便意我慢
star wars day,スター・ウォーズの日
land rover (company),ランドローバー
nero claudius (swimsuit caster) (fate) (cosplay),ネロクラウディウス（水着キャスター）（運命）（コスプレ）
doom wings,ドゥームウィング
f-lags (idolmaster),f-lags（idolmaster）
kaburagi t. kotetsu (cosplay),Kaburagi t。 Kotetsu（コスプレ）
terrorist,テロリスト
arachne boy,アラクネ・ボーイ
acorn hair ornament,ドングリの髪の飾り
papyrus (font),パピルス（フォント）
pillow straddling,枕にまたがっています
junpaku no anata e chikai no uta wo! (project sekai),純白の貴方へ、誓いの歌を!
emerald splash,エメラルドスプラッシュ
raidian's summons (arknights),电弧的召唤物
blowtorch,トーチランプ
matou sakura (cosplay),マトゥーサクラ（コスプレ）
hashire! taiikumatsuri! ~jikkou iin wa ooisogashi~ (project sekai),走れ!体育祭!~実行委員は大忙し~
internet cafe,インターネットカフェ
frame (idolmaster),FRAME(アイドルマスター)
guitar little sister (hitomi o) (cosplay),ギターリトルシスター（ヒトミO）（コスプレ）
balancing ball,バランスボール
quiet (metal gear) (cosplay),Quiet（Metal Gear）（コスプレ）
type 3 chi-nu,三式中戦車_チヌ
rugby,ラグビー
curling,カーリング
shinshun! shishimai robo no oshougatsu show! (project sekai),新春!_獅子舞ロボのお正月ショー!
0w0,0W0
blushing girls are cute (template),赤面する子は可愛い
clitoris pull,阴蒂拉扯
bootes (constellation),うしかい座
liftoff,降ろす
black tape project,ブラックテーププロジェクト
tampon,タンポン
iowa (kancolle) (cosplay),アイオワ（カンコル）（コスプレ）
ophiuchus (constellation),へびつかい座
treasure map,宝の地図
quality cabbage (meme),キャベツ検定
fishing gear,釣り道具
m240,M240
turkey leg,七面鳥の脚
mushi (mushishi),蟲(蟲師)
kelpie,ケルピー
knee to face,顔を合わせます
dancing pallbearers (meme),棺桶ダンス
zero (inazuma eleven),ゼロ（イナズマイレブン）
too many bats,コウモリが多すぎます
aragami,アラガミ
white whale,白鯨
p2020 (pistol),P2020（ピストル）
fur footwear,ムートンブーツ
glyph,グリフ
hachikuji mayoi (cosplay),Hachikuji Mayoi（コスプレ）
dark pit staff (kid icarus),ブラピの狙杖
sorceress (dragon's crown) (cosplay),魔術師（ドラゴンの王冠）（コスプレ）
heat haze,陽炎
embryo,胚
samidare (kancolle) (cosplay),Samidare（Kancolle）（コスプレ）
uchiwa (medium),うちはデザイン
poryphone,ポリゴンフォン
boston crab,逆エビ固め
parkour,パルクール
back alley alliance,路地裏同盟
energon,エネルギー
pocketbook,ポケットブック
lupine scarlet (arknights),狼之绯
poltergust 3000,オバキューム
radio telescope,電波望遠鏡
a grim reminder,その日人類は思い出した
zora set (zelda),ゾーラ装備
synergetic suit,シナジェティックスーツ
wooden cup,木製のカップ
stronghold protocol (arknights),卫戍协议
resurrection,蘇生
perseus (constellation),ペルセウス座
naze? nazo?! answer,なぜ?謎?!ANSWER
personal digital assistant,パーソナルデジタルアシスタント
duster coat,ダスターコート
shiratsuyu-type underwear,白露型下着
i hate kids with good instincts like you (meme),君のような勘のいいガキは嫌いだよ
ronso,ロンゾ
licking panties,パンティーをなめる
mask of truth,まことのお面
nutella,ヌテラ
sousaphone,スーザフォン
borrowing race,借り物競走
shirogane noel (cosplay),Shirogane Noel（コスプレ）
camouflage background,カモフラージュの背景
zinnia,ヒャクニチソウ
bremerton (azur lane) (cosplay),ブレマートン（アズールレーン）（コスプレ）
gliding,滑空
cellphone display,携帯電話ディスプレイ
saihate e to tobu kimi e (project sekai),最果てへと飛ぶキミへ
trigonometry,三角法
infinity gems,インフィニティ・ジェム
under armour,アンダーアーマー
penis under breasts,下乳ズリ
face stretching,顔のストレッチ
golden gate bridge,ゴールデン・ゲート・ブリッジ
diploma folder,卒業証書ファイル
dent,凹み
sailor leotard,セーラーレオタード
dog day,犬の日
maternity dress,マタニティドレス
mashin,マシン
pogo stick,ホッピング
neonlight romancer (idolmaster),ネオンライトロマンサー
santa panties,サンタパンティー
kabuto zecter,カブトゼクター
moonflower (flower),ユウガオ
ikebana,生け花
rocker-chic,ロッカーシック
fish and chips,フィッシュアンドチップス
crafting,クラフト
bad multiple views,悪い複数のビュー
distant,遠い
knights templar,テンプル騎士団
cure peace (cosplay),キュア平和（コスプレ）
super affection,すーぱー☆あふぇくしょん
judo throw,投げ技
angel (kof) (cosplay),エンジェル（kof）（コスプレ）
poke bean,ポケマメ
twitching pussy,抽搐的阴部
monkey bars,高い鉄棒
thumb,親指
rensouhou-chan (cosplay),rensouhou-chan（コスプレ）
pocket tissue,ポケットティッシュ
urameshiya,ウラメシヤ
onozuka komachi (cosplay),コマチノズカ（コスプレ）
if happiness is a circle (meme),如果幸福是一个圈
t-72,T-72
dark fountain (deltarune),闇の泉
posture collar,姿勢襟
assassination,あんさつ
dolphin earrings,イルカイヤリング
irish flag,アイルランドの国旗
locked,ロックされています
dokuzuhonsha,ド葛本社
all-terrain vehicle,全地形対応車
breast punch,乳打撃
majiwaru senritsu tomoru nukumori (project sekai),交わる旋律_灯るぬくもり
petunia (flower),ペチュニア
pinyin text,拼音
chasenmage,茶筅髷
hermitage (ensemble stars!),エルミタージュ
skunk,スカンク
chaldea summer adventure!,カルデア・サマーアドベンチャー!
hand warmer,カイロ
common kingfisher,カワセミ
charcoal,炭
israel-hamas war,年パレスチナ・イスラエル戦争
sea otter,ラッコ
ayanami barrage (meme),射爆綾波
puchisshu,ぷちっしゅ
wilt and blush,しおれて赤面
mechanical,機械
dieselpunk,ディーゼルパンク
severed penis,ペニス切断
over the collar (idolmaster),オーバー・ザ・カラー
woof,横糸
eyebrows visible through headband,ヘッドバンドから見える眉
time signature,拍子記号
bison,アメリカバイソン
charlotte (madoka magica) (cosplay),シャーロット（マドカマジカ）（コスプレ）
rooster tail,ルースターテール
shizuoka prefecture,静岡県
pikachu hood,ピカチュウフッド
heart's egg (shugo chara!),こころ
shishi odoshi,ししおどし
crossdraw holster,クロスドローホルスター
okina's natural hair color,黒隠岐奈
hypericum berry,ヒペリカム
pumpkin dance (meme),パンプキンダンス
betting ticket,馬券
koyanskaya (fate) (cosplay),koyanskaya（運命）（コスプレ）
space phantas-moon another christmas,スペース・ファンタズムーン_アナザー・クリスマス
goo goo babies (meme),でちゅね遊び
chilean flag,チリの国旗
naruto run,ナルト走り
mallard,マガモ
bok choy,チンゲンサイ
wet hat,ウェットハット
aek-971,AEK-971
cepheus (constellation),ケフェウス座
kamisama datte kimerarenai,神様だって決められない
kusanagi motoko (cosplay),モトコクサナギ（コスプレ）
auriga (constellation),ぎょしゃ座
fresh fruits parlor (love live!),フルーツパーラー編
vacuum tube,真空管
blacksteel worldwide (arknights),Blacksteel Worldwide（Arknights）
the nether (minecraft),ネザー
connect (madoka magica),コネクト
fish-shaped pillow,魚の枕
kazakhstan,カザフスタン
inu-hariko,いぬはりこ
tetramand,テトラマッド
rabbit-shaped pillow,バニー枕
lily white (cosplay),リリーホワイト（コスプレ）
futaba anzu (cosplay),Futaba Anzu（コスプレ）
balamb garden uniform (ff8),バラムガーデン制服
duck costume,アヒルの衣装
uta-garuta,歌ガルタ
black iron great sword,ブラックアイアングレートソード
glasses case,メガネケース
let's draw pretty girls challenge,美少女描いてみよう
soviet air force,ソ連空軍
marmot tail,マーモットテール
imomochi,いももち
daijoubu da mondai nai,そんな装備で大丈夫か?
surf (pokemon),なみのり
it's j.j. style!,J.J.スタイル！
labia clamps,ラビアクランプ
that's your girlfriend (meme),それはあなたのガールフレンドです（ミーム）
brazuca,ブラズカ
hikoboshi (cosplay),hikoboshi（コスプレ）
fenrir (vehicle),フェンリル（車両）
forced dressing,強制ドレッシング
fragile symbol,割れ物注意シール
sailor chibi moon (cosplay),セーラーチビムーン（コスプレ）
dump truck,ダンプ
face hold,フェイスホールド
horse racing,競馬
moscow,モスクワ
pawoo username,Pawooユーザー名
royal wonder academy school uniform,ロイヤルワンダー学園
forceps,鉗子
arctic fox,ホッキョクギツネ
kitsune no mado,狐の窓
closing book,閉じる本
gatotsu stance,牙突
lava bath,溶岩風呂
quadruplets,四つ子
cook,コック
american flag swimsuit,アメリカ国旗の水着
venom snake (cosplay),毒ヘビ（コスプレ）
hololive gamers fes outfit,超超超超ゲーマーズ
handkerchief biting,ハンカチの噛み合い
overalls removed,オーバーオールは削除されました
defenestration,脱enestration
cricket,コオロギ
two-barred cross,ロレーヌ十字
mutual feeding,相互給餌
fish hood,魚のフード
wuxia,武俠
spoken panties,話されたパンティー
shorts tug,ショーツタグ
running ganger (meme),走るガンガー
koshirae,拵え
santa lily,サンタリリー
brushguard,バンパーガード
mago berry,マゴのみ
wonder ride book,ワンダーライドブック
sweet berries (minecraft),スイートベリー
adonis (flower),フクジュソウ
magnum shooter 40x,マグナムシューター40X
model train,Nゲージ
yas bitch slay (meme),Yas Bitch Slay（ミーム）
1994,1994年
fw 190,FW 190
kanaria wa kyuukyou ni utau (project sekai),カナリアは窮境に歌う
olympus (apex legends),オリンパス（頂点の伝説）
prone masturbation,床オナ
san (mononoke hime) (cosplay),San（MononokeMime）（コスプレ）
waders,ウェーダー
touching toes,つま先に触れます
magus (synduality),メイガス
defecating self,着衣脱糞
surprise deepthroat,驚きのディープスロート
necromorph,ネクロモーフ
afrika korps,ドイツアフリカ軍団
frilled square (idolmaster),フリルドスクエア
anchovy (girls und panzer) (cosplay),Anchovy（Girls und Panzer）（コスプレ）
autogyro,オートジャイロ
chipi chipi chapa chapa (meme),チピチピチャパチャパ
srw cover,スパロボ風集合絵
stereogram,ステレオグラム
cure berry (cosplay),Cure Berry（コスプレ）
repeat ball,リピートボール
mood swing,気分変動
mod fashion,modファッション
shining resonance collection of visual materials,視覚素材の輝く共鳴コレクション
beastlord (sword),ビーストロード（剣）
singapore,シンガポール
necronomicon,ネクロノミコン
beretta 93r,ベレッタ93R
corn field,トウモロコシ畑
howa type 20,20式小銃
daiguren hyourinmaru (bankai),大紅蓮氷輪丸
aozora no saki kagayaki wo oikakete (project sekai),青空の先、輝きを追いかけて
e pluribus unum (fate/grand order),イ・プルーリバス・ウナム
f/a-18e super hornet,スーパーホーネット
mega man (character) (cosplay),メガマン（キャラクター）（コスプレ）
holding headgear,ヘッドギアを持っています
kiss 22 title,キス22箇所
apricorn,ぼんぐりのみ
untied swimsuit,解き放たれた水着
banquet,えんかい
precure baton pass,バトンタッチプリキュア!
sarayashiki junior high school uniform,Sarayashiki中学校のユニフォーム
cargo aircraft,貨物機
diet coke and mentos (meme),メントスコーラ
khajiit,カジート
ecdysis,脱皮
bodysuit aside,ボディスーツは別として
level difference,レベルの違い
zenithian sword,てんくうのつるぎ
road closed to vehicles sign,車両通行止め
trance (music),トランス
malay text,マレー語
spring roll,春卷
portugal,ポルトガル
koi koi cafe (ensemble stars!),恋こい喫茶
capelet lift,Capelet Lift
panties under bloomers,ブルマーの下のパンティー
shake shake fries,シャカシャカポテト
onikiri yasutsuna (fate),鬼切安綱
sixteenth rest,16分休符
horseshoe crab,カブトガニ
digimon (virtual pet),デジタルモンスターVer.1
hand in thighhighs,太ももの手に渡ります
zeztz driver,ゼッツドライバー
hunting horn,狩猟笛
head swap,首のすげ替え
ruger mini-14,ルガーミニ14
hofmann knot,霍夫曼结
omoi wo nosete! dream stage (project sekai),想いをのせて!Dream_Stage
lace bikini,レースビキニ
pasteur pipette,スポイト
inugami korone (cosplay),inugami korone（コスプレ）
pc engine,PCエンジン
genocide cutter,ジェノサイドカッター
uniform number,背番号
flotation belt,浮選ベルト
chemistry set,化学セット
hazard trigger,ハザードトリガー
hepatica (flower),ミスミソウ
tracer (overwatch) (cosplay),トレーサー（オーバーウォッチ）（コスプレ）
human pyramid,組体操
scam,詐欺
coffee milk,コーヒー牛乳
chari de kita (meme),チャリで来た
glowing finger,輝く指
petri dish,ペトリ皿
mini 4wd,ミニ四駆
sakura futaba (cosplay),さくらutaba（コスプレ）
makoto nanaya (cosplay),マコトナナヤ（コスプレ）
it's ok to touch,時間と場所を弁えればお触りOK
breasts in a box,箱入り乳
mounted dildo,マウントされたディルド
two sidriver,ツーサイドライバー
su-37,SU-37
daidouji tomoyo (cosplay),Daidouji Tomoyo（コスプレ）
toy box,おもちゃ箱
cutie honey (character) (cosplay),キューティーハニー（キャラクター）（コスプレ）
pulling back,引き戻す
universal federation army uniform,ユニバーサルフェデレーション陸軍の制服
rocket engine,ロケットエンジン
la black luna,ラ・ブラック・ルナ
pencil to face,顔を合わせる鉛筆
crossbow bolt,矢
shroomling (infinity nikki),キノキノ族
viet lolita,越ロリ
diagonal-striped legwear,斜めの縞模様のレッグウェア
famicom cartridge,Famicomカートリッジ
call bell,呼び鈴
gravy boat,グレービーボート
bicorn (creature),バイコーン
roningasa,浪人笠
hash browns,ハッシュドポテト
ahoge removed,Ahogeは削除されました
vine on leg,脚に蔓
mysterious heroine x (fate) (cosplay),神秘的なヒロインX（運命）（コスプレ）
cloth glansjob,ローションガーゼ
it's not you. sit down,おまえじゃねぇすわってろ
keqing (genshin impact) (cosplay),Keqing（Genshin Impact）（コスプレ）
otaru (hokkaido),小樽
jungle style,ジャングルスタイル
guided kiss,ガイド付きキス
neapolitan ice cream,ナポリタンアイス
dragoon (kirby),ドラグーン
run over,轢く
string on pinky,ピンキーの文字列
decagrammatonization,デカグラマトン化
tessaiga,鉄砕牙
face chain,フェイスチェーン
burial blade,埋葬ブレード
welding torch,溶接トーチ
ladder cutout,はしごの切り抜き
great sphinx of giza,ギザの大スフィンクス
yakusoku no passerelle (project sekai),約束のPasserelle
naval mine,機雷
caplock,パーカッションロック
decayed master sword,朽ちたマスターソード
sleeper hold,スリーパーホールド
fuyuki (fate/grand order),特異点F
creepy chin joey wheeler (meme),城之内顎クソコラグランプリ
travel,観光
ride booker,ライドブッカー
how to draw an owl (meme),ふくろうの描き方
saitama (one-punch man) (cosplay),SAITAMA（ワンパンチマン）（コスプレ）
nagae iku (cosplay),名誉イク（コスプレ）
japan cup,ジャパンカップ
delivery robot,配達ロボット
caracal,カラカル
zelretch sword,宝石剣ゼルレッチ
viola tricolor,サンシキスミレ
cpu,CPU
ten no hate no phoenix e (project sekai),天の果てのフェニックスへ
metroid suit,メトロイドスーツ
bear head,頭の頭
brick phone,大哥大
kamiha magica idol costume,カミハ☆マギカ
eliwood (fire emblem) (cosplay),エリウッド（火の紋章）（コスプレ）
hero shot (splatoon 2),ヒーローショット（スプラトゥーン2）
maetenkan,まえてんかん
panties under bodysuit,ボディースーツの下のパンティー
shooting through heart,心を通して撃ちます
creature inside,内部の生き物
marie (splatoon) (cosplay),マリー（スプラトゥーン）（コスプレ）
gram (fate),グラム(Fate)
leatherclub scene (meme),VAN様
ooyodo (kancolle) (cosplay),Ooyodo（Kancolle）（コスプレ）
megawatt (arms),メガワット（腕）
cool your head,少し頭冷やそうか
no goggles,ゴーグルはありません
baker at bat,バットのベイカー
pomf,pomf
a7m reppuu,烈風
magnhild,マンヒルド
xingchen (cosplay),Xingchen（コスプレ）
magazine rack,マガジンラック
leaning tower of pisa,ピサの斜塔
annihilate ray,レイを消滅させる
dancing flower,踊る花
uso da,嘘だッ!
kongou (battleship),金剛
miyako yoshika (cosplay),ミヤコヨシカ（コスプレ）
m1904 mastiff,M1904マスティフ
noel vermillion (cosplay),ノエル・ヴェルミリオン（コスプレ）
silver (metal),シルバー
camouflage cloak,カモフラージュマント
carnival mask,カーニバルマスク
araizumi rui (style),野生のあらいずみるい
overturned car,横転
host,ホスト
morph ball,モーフボール
continue,コンティニュー
distortion world,やぶれたせかい
shared onahole,共有人工膣
mouse mask,マウスマスク
puffin,ふっくら
swimsuit around one leg,片足の周りの水着
michael jackson (cosplay),マイケルジャクソン（コスプレ）
diasomnia dorm,ディアソムニア寮
lada (car),ラーダ
bridgestone,ブリヂストン
jumbotron,ジャンボトロン
boost buckle,ブーストレイズバックル
ribbon-trimmed swimsuit,リボントリミングされた水着
self fisting,自己拳
leg behind shoulder,肩の後ろの足
sitar,シタール
kaiser pmc corruption,カイザーPMC
tsutenkaku,通天閣
shiratsuyu-class swimsuit,白露型水着
daihatsu (landing craft),ダイハツ（着陸船）
james day,コジロウの日
michiyuki,道行
ranni the witch (cosplay),魔女ランニ（コスプレ）
lepus (constellation),うさぎ座
15-nin no richiteki na megane-tachi,15人の理知的なメガネたち
multicolored sarong,多色のサロン
serbu super-shorty,セルブ・スーパー・ショーティ
panzer 38(t),38(t)戦車
mysterious mask (fate),謎の仮面
camouflage footwear,カモフラージュフットウェア
sekiha love-love tenkyoken,石破ラブラブ天驚拳
futa with newhalf,NewhalfのFuta
cleaning rod,クリーニングロッド
pop tab,ポップタブ
shirow masamune (style),士郎正宗
hand in jacket,ジャケットの手
fast ball,スピードボール
isekai truck,トラック転生
the best schoolmate (idolmaster),ザベストスクールメイト
kagura (gintama) (cosplay),kagura（gintama）（コスプレ）
brush holder,筆掛け
champagne tower,シャンパンタワー
naked pumpkin,裸のカボチャ
s.o.n.g. uniform,歌。ユニフォーム
etorofu (kancolle) (cosplay),エトロフ（カンコル）（コスプレ）
yuugumo (kancolle) (cosplay),ユウガモ（カンコル）（コスプレ）
leech girl,リーチガール
super sass,スーパーサス
throwing money,お金を投げる
marsh badge,ゴールドバッジ
rainbow badge,レインボーバッジ
minnie mouse (cosplay),ミニーマウス（コスプレ）
vaio,vaio
another rider (zi-o),アナザーライダー
heian-kyou (fate/grand order),地獄界曼荼羅
kiso (kancolle) (cosplay),Kiso（Kancolle）（コスプレ）
ucc coffee,UCCコーヒー
from ground,地面から
paduka,パドゥカ
kaisendon,海鮮丼
sticks,スティック
lasagne,ラザニア
taut bikini,ぴんと見たビキニ
lass (pokemon) (cosplay),ラス（ポケモン）（コスプレ）
let's draw short-haired hinanawi tenshi,【企画】『短髪天子、描かないか。』
koukyou suru machi no katasumi de (project sekai),交響する街の片隅で
nandeyanen,なんでやねん
space colony ark,スペースコロニー・アーク
tundra,ツンドラ
breast shake,乳揺れ
psyche (project tokyo dolls),プシュケー
underwear locked,パンツロック
e-ming scimitar,厄命
heart container,ハートのうつわ
mikagura private academy school uniform,私立ミカグラ学園
glooga dualies (splatoon),ケルビン525
upside-down world,颠倒世界
mao suit,人民服
french braided ponytail,法式编发马尾辫
dolman (jacket),骠骑兵夹克
monowheel,モノホイール
speedometer,速度計
heart day,ハートの日
doujinshi cover trope (trend),同人誌の表紙あるある
lucky channel,ラッキーチャンネル
backyard,うらにわ
highwind,ハイウインド
clear marine calm (idolmaster),クリアマリンカーム
shower cap,シャワーキャップ
zastava m21,ツァスタバM21
pinata,ピニャータ
yotsuwari-bishi,四つ割菱
atlanta (kancolle) (cosplay),アトランタ（カンコル）（コスプレ）
print ascot,アスコットを印刷します
festering desire (genshin impact),腐殖之剑
tesla (company),特斯拉
carpet beater,布団叩き
koe naki sakana,声なき魚
announcer,アナウンサー
paper plate,紙皿
caren hortensia (cosplay),Caren Hortensia（コスプレ）
castle dedede,デデデ城
tardis,ターディス
ohhoai,オッホアイ
snake penis,ヘミペニス
flab,フラブ
power rack,パワーラック
jet squelcher (splatoon),ジェットスイーパー
atmospheric layer,大气层
flirting 10 image response,イチャイチャ10のイメレス
vietnamese flag,ベトナムの国旗
zi-o ridewatch,ジオウライドウォッチ
sakimichan (style),サキミチャン（スタイル）
kettlebell,ケトルベル
onomichi (city),尾道
medi gun,Medi Gun
after tribadism,磨鲍后
kaenken rekka,火炎剣烈火
timpani,ティンパニ
buffet,ビュッフェ
b-25 mitchell,B-25ミッチェル
nikujaga (food),肉じゃが
lactic acid bacteria,乳酸菌とってるぅ?
hot plate,ホットプレート
caviar,キャビア
vk-47 flatline,VK-47フラットライン
slouch hat,前かがみの帽子
chicken-mushroom skewer (genshin impact),チキンマッシュルームの串焼き（Genshin Impact）
removable censorship,Gマスク
dramatic stars (idolmaster),劇的な星（アイドルマスター）
ittan momen,一反木綿
wave motion gun,波動砲
giant salamander,オオサンショウウオ
hexafusion,ヘキサフィュージョン
webcounter,WebCounter
fish-flavored toast (genshin impact),魚香トースト
king gainer over!,キングゲイナー・オーバー!
dot triangle,ドットトライアングル
tirol chocolate,チロルチョコ
cartesian chart,デカルトチャート
guy fawkes mask,ガイフォークスマスク
clipping fingernails,爪切り
nagisa kaworu (cosplay),ナギサ・カワル（コスプレ）
za warudo,砸瓦鲁多!
symphony no. 765 (idolmaster),シンフォニーNo.765
peekaboo,ピーカブー
archetype inception (fate/grand order),新霊長後継戦アーキタイプ・インセプション
nagamaki,長巻
sega game gear,ゲームギア
fluffy sweet (idolmaster),ふわふわスウィート
ironing board,アイロン台
pleasing parfait (umamusume),やる気UPスイーツ
palestinian flag,パレスチナの旗
czech flag,チェコの国旗
bulldozer,ブルドーザー
saab gripen,サーブ・グリペン
coat grab,抓着外套
mandolin,マンドリン
spores,胞子
millennium castle (tsukihime),千年城
muscle growth,筋肉成長
kill me dance,キルミーダンス
delphinus (constellation),いるか座
nursing paizuri,授乳パイズリ
are you a virgin? (meme),アンタ童貞?
piranha,ピラニア
triangle hair bun with corners toward head,三角发髻尖角朝头
broken staff,壊れたスタッフ
food fight,フードファイト
shark bag,サメリュック
penrose triangle,ペンローズの三角形
brachiosaurus,ブラキオサウルス
shanzha (fruit),サンザシ
spam (food),スパム
short messy bangs,オンザ眉毛
shiratsuyu (kancolle) (cosplay),shiratsuyu（kancolle）（コスプレ）
fg42,FG42
special type 2 launch ka-mi,カミ車
mage (dq3) (cosplay),メイジ（DQ3）（コスプレ）
print bandaid,バンダイドを印刷します
paladins of charlemagne (fate),シャルルマーニュ十二勇士
mine (place),鉱山
sol emerald,ソルエメラルド
atre akihabara,アトレ秋葉原
raw egg,生卵
oscilloscope,示波器
coin slot,コインスロット
den-o belt,デンオウベルト
swedish clothes,スウェーデンの民族衣装
earth elemental,地の精霊
akuma homura (cosplay),Akuma Homura（コスプレ）
north korean flag,朝鮮民主主義人民共和国の国旗
crested hair,紋付きの髪
folding,折りたたみ
danish pastry,デニッシュ
veterinarian,獣医師
miko day,巫女の日
diaper changing,おむつ交換
dragon dance,舞龍
rowdyruff boys,ラウディラフボーイズ
swedish flag print,スウェーデンの旗印刷
zun hat,ZUN帽
winter daphne,ジンチョウゲ
druid,ドルイド
minebea pm-9,9mm機関けん銃
trolley problem,トロッコ問題
hoodie pull,パーカープル
umezu kazuo (style),楳図かずお
cryptocurrency,暗号通貨
fn minimi,FNミニミ
lounge,ラウンジ
kitakami (kancolle) (cosplay),北京（カンコル）（コスプレ）
la liga,ラリーガ
at-at,at-at
tennomifune academy school uniform,Tennomifune Academyのユニフォーム
onion (pikmin),オニヨン
miracle belltier,ミラクルベルティエ
headdesk,ヘッドデスク
mystia lorelei (cosplay),Mystia Lorelei（コスプレ）
spoon bending,スプーン曲げ
dodge challenger,ダッジ・チャレンジャー
alpaca hair ornament,アルパカの髪の飾り
fall guy (cosplay),秋の男（コスプレ）
lion (macross frontier),ライオン（マクロスフロンティア）
triple tiara (umamusume),トリプルティアラ
autocycle,三轮小拖车
police box,ポリスボックス
ear picking,耳をほじる
montsuki,もんつきはおりはかま
ntr character sheet,NTRエロ漫画の登場人物
finger in navel,へそ責め
shashka,シャシュカ
contingency contract (arknights),危机合约
trampoline,トランポリン
bodybuilder,ボディビルダー
double luo ji,双螺髻
evol driver,エボルドライバー
earth badge,グリーンバッジ
fierce deity mask (zelda),鬼神の仮面
pole vault,棒高跳び
rakugo,落語
oriens (nijisanji),オリ絵ンス
stretched neck,首を伸ばした
silicone chainsaw (sex tool),シリコンチェーンソー
rosemary (herb),ローズマリー
warbonnet,ウォーボンネット
nia colle fashion design,【企画】ニア*コレ【280%】
rof-mao,ろふあーと
slingshot tan,Slingshot Tan
spetsnaz,スペツナズ
urethral penetration,チンポインチンポ
crouch start,クラウチングスタート
nagai gou (style),野生の永井豪
riding shark,サメに乗る
matt groening (style),マットグルーニング（スタイル）
new york city police department,ニューヨーク市警察
occult studies club (blue archive),オカルト研究会
dandruff,フケ
1950s (style),1950年代（スタイル）
cyaron! (love live!),Cyaron（Love Live！）
catnip,イヌハッカ属
gratin,グラタン
zebesian,ゼーベス星人
apprentice chef (twisted wonderland),見習いシェフ
maritozzo,マリトッツォ
pokeblock,ポロック
airfield,ひこうじょう
suzume no oyado no katsudou nisshi,雀のお宿の活動日誌〜閻魔亭繁盛記〜
hyundai,ヒョンデ
shampoo challenge,シャンプーチャレンジ
hs2000,スプリングフィールドXD
type 90 (tank),90式戦車
yelan (genshin impact) (cosplay),Yelan（Genshin Impact）（コスプレ）
tortoiseshell-framed eyewear,べっ甲眼鏡
saizeriya,サイゼリヤ
nismo,ニスモ
braided mustache,编织式上唇胡
eggplant costume,ナスコスチューム
burying,埋葬
quanxi's group (chainsaw man),Quanxiのグループ（チェーンソーマン）
secretarybird,ヘビクイワシ
double-decker hamburger bun,ダブルデッカーハンバーガーパン
raihan (pokemon) (cosplay),Raihan（ポケモン）（コスプレ）
aether foundation employee (cosplay),エーテル財団の従業員（コスプレ）
muleta,ムレータ
king game,王様ゲーム
marui (company),マルイ
t-back spats,Tバックスパッツ
miyamoto musashi (swimsuit berserker) (fate) (cosplay),宮本学芸（水着バーサーカー）（運命）（コスプレ）
jasmine (disney) (cosplay),ジャスミン（ディズニー）（コスプレ）
tea stalk,茶柱
tatara kogasa (cosplay),Tatara Kogasa（コスプレ）
pooka (odin sphere),プーカ（オーディン球）
minami kotori (cosplay),天ミkotori（コスプレ）
togepi egg,トゲピの卵
breast band,母乳バンド
finger wrap,フィンガーラップ
penis envy,陰茎の格差社会
kouryou academy school uniform,Kouryouアカデミーユニフォーム
stardust breaker,スターダストブレイカー
tiger dojo,タイガー道場
mercy (overwatch) (cosplay),慈悲（オーバーウォッチ）（コスプレ）
soldering,はんだ
theodolite,セオドライト
tairyou-bata,大漁旗
thunder badge,オレンジバッジ
collateral damage,巻き添え被害
the wild strawberry (idolmaster),ザ☆ワイルドストロベリー
toni kensa (splatoon),トニ・ケンサ（スプラトゥーン）
alaskan klee kai,アラスカのクリー・カイ
steel ingot,インゴット
zipper legwear,ジッパーレッグウェア
biting testicles,咬睾丸
dotabata cafe rec!! (project sekai),ドタバタ_cafe_●REC!!
g-clef (precure),g-clef（スイートプリケア）
potters wheel,ろくろ
silo,サイロ
ochazuke (food),お茶漬け
air max,エアマックス
nachos,ナチョス
dvd player,DVDプレーヤー
coffee siphon,コーヒーサイフォン
ashen wolves (fire emblem),灰狼の学級
gallows,絞首台
stilt house,高床建築
sphynx cat,スフィンクス
junko (touhou) (cosplay),Junko（Touhou）（コスプレ）
jalapeno pepper,ハラペーニョ
schedule,スケジュール
awooo,awooo
tenor saxophone,テナーサックス
ichigozaka middle school uniform,いちご坂中学校
empire state building,エンパイア・ステート・ビルディング
air hockey,エアホッケー
human shield,肉の盾
kv-1,KV-1
velcro,面ファスナー
tail stand,テールスタンド
zenryoku cheerleader (idolmaster),全力!チアガール
kumorizora no mukou wa hareteiru,曇り空の向こうは晴れている
youkai pad,妖怪パッド
umbrella sword,仕込み傘
loquat,びわ
b-29 superfortress,B-29スーパーフォートレス
shiisaa,シーサー
patisserie chuchu uniform,パティスリーチュチュ
lattice mast,格子マスト
mafia (holostars),魔フィア
yakisoba spill,ペヤングだばあ
spathiphyllum,スパティフィラム
kyouwa school uniform,共和学園
desu,です
egg tart,エッグタルト
kirin (company),キリンビール
majima everywhere,どこでも真島
american civil war,南北戦争
shedding fur,換毛
mahou shoujo kikou ~prisma codes~,廃棄少女幻想エンド・サクリファイス
balenciaga,バレンシアガ
nijiura 7 (meme),ニジウラセブン
kono dio da (meme),このディオだッ!
evolved virgin killer sweater,進化したバージンキラーセーター
frilled curtains,フリルカーテン
diddle diddle,夜の饗宴
kamado tanjirou (cosplay),カマド・タンジルー（コスプレ）
puppet show,人形劇
holotori,ホロ鳥
stuffed pegasus,ぬいぐるみペガサス
survey corps,調査兵団
naver username,Naverユーザー名
drillhorn sword,ドリルホーンの剣
she holds my weakness (meme),弱みを握られている
paifang,牌坊
itunes card,iTunesカード
goggles around arm,腕の周りのゴーグル
kasugano sakura (cosplay),カスガノ・サクラ（コスプレ）
kotatsnail,こたつむり
departure board,発車標
arakumo gakuen,新雲学園
panther pink (precure),ぱんさーぴんく
animal band panties,アニマルバンドパンティー
joya no kane,除夜の鐘
tackle box,タックルボックス
hungary,ハンガリー
hinduism,ヒンドゥ教
smelling pantyhose,パンストの臭い
touching forehead,額に触れる
cooperative naizuri,合作平胸乳交
camelopardalis (constellation),きりん座
golf bag,ゴルフバッグ
tenno sho,天皇賞
kingstone,キングストーン
holographic wings,全息翅膀
control tower,管制塔
kazoo,カズー
hello good day! (project sekai),ハロー・グッド・ディ!
meerkat,ミーアキャット
after time valentine 2026,アフタータイム・バレンタイン2026
open hat,涼帽
persim berry,キーのみ
nipple push,乳首のプッシュ
art styles image response,画風イメレス
margarita,マルガリータ(カクテル)
licking tentacle,舔舐触手
torn buruma,引き裂かれたブルーマ
broken hypnosis,催眠解除
the dazzlings (my little pony),海妖三姐妹
izumi sagiri (cosplay),Izumi Sagiri（コスプレ）
tomakanote (love live!),トマカノーテ
armory,武器庫
world trade center,ワールドトレードセンター
helipad,ヘリポート
nijisanji gamers,にじさんじゲーマーズ
uchigatana,うどん
judaism,ユダヤ教
zuo wang dao,坐忘道
ki-43 hayabusa,一式戦闘機
setsubun shuen emaki,温泉イベ
photo stand-in,顔ハメ看板
himaruya hidekazu (style),野生のひまさん
gunkata,ガン=カタ
arsene lupin iii (cosplay),Arsene Lupine III（コスプレ）
you dress weird (meme),服が変
island turtle,アイランドタートル
escape ad,広告のあのゲーム
koopalings,コクッパ
goldeen (cosplay),ゴールデン（コスプレ）
voices & letters collection!,ボイス&レター・これくしょん!〜紫式部と7つの呪本〜
goldion hammer,ゴルディオンハンマー
charge blade,チャージアックス
hirasawa yui (cosplay),平田ゆい（コスプレ）
b-2 spirit,B-2スピリット
bleeding heart (flower),ケマンソウ
vagina dentata,ヴァギナ・デンタータ
aestus domus aurea,招き蕩う黄金劇場
rectangular coffin,棺桶
a baoa qu,ア・バオア・クー
loose skirt,ゆるいスカート
carrying pole,天秤棒
labraunda (fire emblem),ラブラウンダ
rain mikamura (cosplay),雨ミカムラ（コスプレ）
last shooting,ラストシューティング
smok (hololive),SMOK(ホロライブ)
unworn blouse,ブラウスが削除されました
wing star,ウィングスター
nia teppelin (cosplay),nia Teppelin（コスプレ）
yuiazu (unit),ゆいあず(ユニット)
ff gradient,ff勾配
airbrush,喷枪
being late,遅刻
recliner,躺椅
coronavirus,コロナウイルス
monorail,モノレール
pinball,ピンボール
dell,デル
cure happy (cosplay),ハッピーを治す（コスプレ）
asymmetry,アシンメトリー
armor girls project,アーマーガールズプロジェクト
pointillism,点描
ushiwakamaru (fate) (cosplay),ushiwakamaru（運命）（コスプレ）
warspite (kancolle) (cosplay),Warspite（Kancolle）（コスプレ）
imaginary scramble,イマジナリ・トレンチ
sailor uranus (cosplay),セーラー・ウラヌス（コスプレ）
gossip,うわさ
substitution technique,変わり身の術
new year's eve,大晦日
geyser,間欠泉
bling-bang-bang-born (creepy nuts),BBBBダンス
dash store touhou collaboration,パルコ純狐
hanegasaki academy school uniform,園の文学アカデミーのユニフォーム
longship,ロングシップ
buster rifle,バスターライフル
chest binder,ナベシャツ
toothache,歯痛
byzantine empire,東ローマ帝国
league card,ポケモンリーグカード
grunge (fashion),グランジファッション
demonica,デモニカ
pipeline,パイプライン
flehmen response,フレーメン反応
sonic boom (speed),ソニックブーム
advent card,アドベントカード
beamed thirty-second notes,32秒のノートをビームしました
boku wa konya deteiku,僕は今夜、出て行く
suiseiseki (cosplay),suiseiseki（コスプレ）
eden-gumi,エデン組
illegible text,省略性文字
autobomb (splatoon),ロボットボム
shine sprite,シャイン(マリオシリーズ)
sig sg552,Sig Sauer 552
ah-1 cobra,AH-1コブラ
fractal,フラクタル
instant transmission,瞬間移動
hitler youth,ヒトラーユーゲント
revy (black lagoon) (cosplay),Revy（ブラックラグーン）（コスプレ）
switch (ensemble stars!),スウィッチ
guts (berserk) (cosplay),ガッツ（バーセルク）（コスプレ）
archer summoning day,アーチャー召喚祭
allagan tomestone,アラガントームストーン
ointment,軟膏
star color pendant,スターカラーペンダント
keep calm and carry on,冷静に、戦い続けよ
paramedic,救急救命士
flash cards,暗記カード
passion flower,トケイソウ
shooing,shooing
shinzou (ado),心臓
watermelon innertube,スイカスイミングリング
sonoda umi (cosplay),Sonoda Umi（コスプレ）
cockatrice,コカトリス
blindfold down,目隠し
life-size gardevoir plush,サーナイト_等身大
head removed,頭を取り除いた
imijikarishi valentine,いみじかりしバレンタイン〜紫式部と5人のパリピギャル軍団〜
threaded cane,ねじれた杖
gudaguda meiji ishin,ぐだぐだ明治維新
weichang,围裳
coiled cord,コイルドコード
i-401 (kancolle) (cosplay),I-401（Kancolle）（コスプレ）
daddycool's tan'yao (meme),タンヤオ(AA)
daitouren (fate),恋愛発破・天鬼雨
rakko-nabe,ラッコ鍋
robe slip,ローブスリップ
frostmourne,フロストモーン
galette (food),ガレット
colombia,コロンビア
carbon fiber,カーボンファイバー
tandem bicycle,タンデム自転車
brochure,ブローシャー
su----per cute,めっっっっちゃ可愛い○○シリーズ
meiko (vocaloid) (cosplay),Meiko（Vocaloid）（コスプレ）
letter pose,人文字
glass floor,ガラスの床
side-tie legwear,サイドタイのレッグウェア
qiqi (genshin impact) (cosplay),Qiqi（Genshin Impact）（コスプレ）
su-47 berkut,Su-47 Berkut
qawsedrftgyhujikolp,くぁwせdrftgyふじこlp
nachiya,ナチヤ
humidifier,加湿器
etwahl,エトワール
tsuioku marionette (ensemble stars!),追憶*マリオネット
faux text,フェイクテキスト
it's super effective,こうかはばつぐんだ!
bow of light,光の弓矢(ゼルダの伝説)
9/11,911テロ
amemiya taiyou (mixi max zhuge kongming),太明
smoked cheese,スモークチーズ
edward elric (cosplay),エドワード・エルリック（コスプレ）
aloe (plant),アロエ
quartz (gemstone),クォーツ
neck snap,ネックスナップ
shibari marks,シバリマークス
uss iowa (bb-61),USSアイオワ（BB-61）
poking ass,突っ込んだお尻
ecchuu fundoshi,越中ふんどし
502nd joint fighter wing,ブレイブウィッチーズ(部隊)
drive driver,ドライブドライバー
columbine (flower),オダマキ
zekkyou!? ookami no mori e youkoso! (project sekai),絶叫!?オオカミの森へようこそ!
blutgang (fire emblem),ブルトガング
phoenix wright (cosplay),フェニックスライト（コスプレ）
thirty-second note,32秒のメモ
you and i! (idolmaster),YOU_AND_アイ!
kawaranu atatakasa no tonari de (project sekai),変わらぬあたたかさの隣で
whipping hair,髪を鞭打ちます
aris dance (meme),アリスダンス
folding stool,折りたたみ便
pin legs,足ピン
driving license,運転免許
bolt cutters,ボルトカッター
harness belt,ハーネスベルト
s'more,スモア
cracked shell,ひび割れたシェル
kono hito hari ni omoi wo komeru (project sekai),このひと針に想いを込めて
pan flute,パンフルート
sailor saturn (cosplay),船乗り土星（コスプレ）
no stopping sign,駐停車禁止
squeezer (splatoon),ボトルガイザー
mussel,イガイ
ramekin,ラメキン
t-90,T-90
chocolate truffle,トリュフチョコレート
allium (flower),アリウム
mash kyrielight (enma-tei uniform) (cosplay),MashKyrielight（Enma-Teiユニフォーム）（コスプレ）
subachocolunatan (hololive),スバちょこるなたん
tying panties,パンティーを結ぶ
chagama (pot),茶釜
toy tank,おもちゃタンク
scottish flag,スコットランドの国旗
divine water (fate),水神(Fate)
canary,カナリア
patio swing,パティオスイング
mclaren p1,マクラーレンP1
transparent ribbon,透明なリボン
morozoff,モロゾフ
ocelot print,オセロットプリント
fax machine,ファクス
black swan (bird),コクチョウ
nidaime wa alter-chan,二代目はオルタちゃん〜2016クリスマス〜
tone (kancolle) (cosplay),トーン（kancolle）（コスプレ）
hawker harrier,ハリアー
against chalkboard,黒板に対して
matching ring,マッチングリング
argonian,アルゴニアン
tail rape,テールレイプ
curry roux,カレールー
bugatti,ブガッティ
cooling tower,冷却塔
horoscope,星占い
bowed wings,お辞儀をした翼
undine,ウンディーネ
n1k,強風
tsurikichi obasan,釣りキチおばさん
re prologue x (idolmaster),リ・プロローグ・X
object on bulge,バルジのオブジェクト
angela balzac (cosplay),アンジェラバルザック（コスプレ）
walfas,Walfasツール
shirasaya,シラサヤ
ibm (ajin),インビジブルブラックマター
diving block,ダイビングブロック
s i n (fate/grand order),シン
choice specs,こだわりメガネ
waterskiing (meme),艦これPVパロ
maltese,マルチーズ
training wheels,トレーニングホイール
fledglings class (blue archive),雛鳥組
transverse plane cutting,トランスアキシャル面切断
gorka suit,ゴルカ
fountain of dreams,夢の泉
parabolic antenna,パラボラアンテナ
tendon (food),てんどん
revolcane,リボルケイン
apricot (fruit),アプリコット
parka girls (touhou),東方パーカーむすめ。
anti-tank missile,対戦車ミサイル
no u-turn sign,Uターン禁止
hiking backpack,登山背包
asura (mythology),阿修羅
galaxy rangers (honkai: star rail),巡海レンジャー
jizaikagi,自在鉤
d-ark,ディーアーク
assassin (fate/zero) (cosplay),アサシン（Fate/Zero）（コスプレ）
sniping,狙撃
silver skirt,シルバースカート
jeanne d'arc alter (swimsuit berserker) (fate) (cosplay),JeanneD'Arc Alter（水着Berserker）（Fate）（Cosplay）
egg mobile,エッグモービル
futatsuiwa mamizou (cosplay),Futatsuiwa mamizou（コスプレ）
murasame (kancolle) (cosplay),Murasame（Kancolle）（コスプレ）
mushoku toumeisai,無色透名祭
pallas's cat,マヌルネコ
thousand-men pin,ヘルスジャンキー
finger to eyewear,指からアイウェアへ
1990,1990年
c.c. day,シーツーの日
big boss (cosplay),ビッグボス（コスプレ）
softball (sport),ソフトボール
strapless dildo,ストラップレスディルド
electric razor,電気シェーバー
dromedary camel,ヒトコブラクダ
jackhammer,はつり機械
enter enter mission!,Enter Enter Mission！
chernobyl,チェルノブイリ
somua s35,ソミュアS35
gantz sword,ガンツの剣
cbj-ms,CBJ-MS
same-hada,鮫肌
hidden weapon,隠された武器
stille (sousou no frieren),隕鉄鳥(シュティレ)
jamaican flag,ジャマイカの国旗
yuffie kisaragi (cosplay),Yuffie Kisaragi（コスプレ）
icelandic flag,アイスランドの国旗
toilet brush,马桶刷
body cam,ウェアラブルカメラ
nanakusa-no-sekku,七草がゆ
times square,タイムズスクエア
giga drill break,ギガドリルブレイク
kagerou (kancolle) (cosplay),kagerou（kancolle）（コスプレ）
walking backwards,後ろに歩く
landing craft,着陸船
venus chain (sailor moon),金星チェーン（セーラームーン）
chinpo ni wa katenakatta yo,絶対チ○ポなんかに負けたりしない!!
xiangqi,象棋
blackcliff slasher (genshin impact),ブラッククリフスラッシャー（Genshin Impact）
omanjuu mascot,おまんじゅうシリーズ
takecopter,タケコプター
hata no kokoro (cosplay),hata no kokoro（コスプレ）
highleg shorts,ハイレッグショートパンツ
barrel shroud,槍管罩筒
rapid blaster (splatoon),ラピッドブラスター
mononobe no futo (cosplay),Mononobe No Futo（コスプレ）
protect gear,プロテクトギア
wintersweet,ロウバイ
teikoku,テイコク
human sacrifice,最上級の奉仕
helena blavatsky (fate) (cosplay),ヘレナ・ブラバツキー（運命）（コスプレ）
nudge,ナッジ
pokestop,ポケストップ
usuzan school uniform,ウスザン学校の制服
divine bustier (dq),Divine Bustier（DQ）
chippendales,チッペンデール
ceremony,式
sa-3 mozambique,SA-3モザンビーク
song dynasty,宋朝
kojiri,鐺
karaoke hasu no sora,カラオケ蓮ノ空
russian roulette,ロシアンルーレット
periscope,潜望鏡
cum in headwear,ザーメン帽子
peeler,ピーラー
ueda hajime (style),ウエダハジメ
live for venus (idolmaster),ライブフォーヴィーナス
kurobara girls high school uniform,黒薔薇女子高校
towel lift,タオルリフト
quidditch,クィディッチ
sengoku nadeko (cosplay),Sengoku nadeko（コスプレ）
kefir,ケフィア
ideon gauge,ゲージ(イデオン)
valkyrie skirt,ヴァルキリースカート
mirakurun (cosplay),Mirakurun（コスプレ）
checkered swimsuit,チェッカー水着
mehve,メーヴェ
improvised instrument,即興樂器
sailor crest,セーラークレスト
storybook,ストーリーブック
cross shinjuku vision,クロス新宿ビジョン
serratus anterior,前鋸筋
thigh bands,太ももバンド
king of pearl 360 (idolmaster),キングオブパール360
egg sandwich,たまごサンド
dilation insertion,拡張挿入
it runs doom (meme),DOOMチャレンジ
sexy spy (idolmaster),セクシースパイ
dshk,DShK重機関銃
hirano kouta (style),野生の平野耕太
arzuros (armor),アルツロス（鎧）
zucchini (vegetable),ズッキーニ
gynecomastia,女性化乳房
ptrs-41,シモノフPTRS1941
blobfish,ニュウドウカジカ
glowing organ,輝く心臓
kujo jolyne (cosplay),Kujo Jolyne（コスプレ）
loft bed,ロフトベッド
imageboard,イメージボード
stollen,シュトーレン
green bean,サヤインゲン
mutual penetration,相互挿入
toraware no marionette (project sekai),囚われのマリオネット
nugget (pokemon),きんのたま
plaid umbrella,格子縞の傘
geode,ジオード
hero roller (splatoon),ヒーローローラー
bobblehead,首振り人形
shiranui (kancolle) (cosplay),shiranui（kancolle）（コスプレ）
mutual impregnation,百合同时受孕
chocoboo,チョコボー
sherman firefly,ファイアフライ
okra,オクラ
hiroshima prefecture,広島県
kure (city),呉
cat cafe,猫咖
what i watched what i expected what i got (meme),私が見たものが私が得たものを期待したもの（ミーム）
orirock (arknights),オリロック（arknights）
british shorthair,ブリティッシュショートヘア
birthday bloom,ブルームバースデー
furred dragon,ファードラ
shift car,シフトカー
teheperinko (heaven burns red),てへぺりんこ
volumetric flask,メスフラスコ
tea leaves,茶葉
millennium falcon,ミレニアム・ファルコン
head on back,後ろに向かいます
legjob,legjob
california,カリフォルニア
chocolate river no sono saki ni,チョコレート・リバーのその先に
peperuto pollon,ペペルトポロン
leon (pokemon) (cosplay),レオン（ポケモン）（コスプレ）
boat interior,ボートのインテリア
arrow in mouth,口の矢印
rubbing neck,首をこすります
jerky,ジャーキー
faceswap,顔交換
obi spin,よいではないか
fist fight,拳の戦い
p416,P416
imaizumi kagerou (cosplay),Imaizumi Kagerou（コスプレ）
shadow star,デビルスター
mew ichigo (cosplay),ミュー・イチゴ（コスプレ）
penenko,ペネンコ
hull shoes,船体の靴
how to draw manga redraw challenge (meme),マンガレッドローチャレンジ（ミーム）を描く方法
hiki furisode,引き振袖
usami sumireko (cosplay),ウサミ・スミレコ（コスプレ）
barrel replica (type-moon),バレルレプリカ
qixie,旗鞋
staring contest,にらめっこ
doraemon (character) (cosplay),Doraemon（キャラクター）（コスプレ）
mumumuridesu zettai! (meme),むむむ、無理です絶対
dragon fist (dragon ball),龍拳爆発
vorpal bunny,ヴォーパル・バニー
pussy steam,猫の蒸気
midori (kemurikusa),ミドリ（ケムリクーサ）
transparent bow,透明な弓
greek flag,ギリシャの国旗
stele,石碑
shichi-go-san,七五三
wicker furniture,icker家具
ak 5,AK 5
amusphere,アミュスフィア
switzerland,スイス
half rest,半休息
soul edge (weapon),ソウルエッジ（武器）
hakama removed,ハカマは削除した
wiping hands,手を拭く
heat stroke,熱中症
school connection,学校のつながり
toyota prius,プリウス
batten japari dan,×ジャパリ団
korg,Korg
ikari gendou (cosplay),イカリ・ジェンドゥ（コスプレ）
circle k sunkus,サークルKサンクス
mizuhashi parsee (cosplay),光沢パーシー（コスプレ）
resistance japan,レジスタンスジャパン
archaic japanese text,古典日本語
magicite,魔石(ファイナルファンタジーVI)
succubus cheerleader costume,サキュバスチアコス
omikuji-bako,御籤箱
kochou shinobu (cosplay),小川忍（コスプレ）
haru desu yo,春ですよー
laterano logo,拉特兰
cephalopod,頭足類
las vegas,ラスベガス
trinity (nijisanji),とりにてぃ
flounder,ヒラメ
toyota crown,トヨタ・クラウン
half-shirt,ハーフシャツ
torn unitard,引き裂かれたユニタード
tokyo yushun,日本ダービー
powered suit (toaru),駆動スーツ（Toaru）
bad eyesight,近視
saint patrick's day,聖パトリックの祝日
semovente 75/18,セモヴェンテ
divine spirit mausoleum,夢殿大祀廟
shinnen kotohogu inori no mai (project sekai),新年言祝ぐ、祈りの舞
battlecruiser,巡洋戦艦
the gate (fma),真理の扉
ogura toast (food),小倉トースト
sanjou school swords (touken ranbu),三条(刀剣乱舞)
kazikli bey (fate/apocrypha),カズィクル・ベイ
invasion of normandy,ノルマンディー上陸作戦
broom ribbon,ほうきリボン
melon print,メロン柄
core (girls' frontline),代用コア
doner wrap,ギロピタ
inkan,印鑑
da qian lu,大千录
assless swimsuit,尻のない水着
eula (genshin impact) (cosplay),Eula（Genshin Impact）（コスプレ）
oyakodon (food),親子丼
dance on the galaxy (idolmaster),ダンスオンザギャラクシー
neodecadriver,ネオディケイドライバー
chiffon cake,シフォンケーキ
captured alien (meme),捕まった宇宙人
see-through china babydoll,透け透けシースルーチャイナ服ベビードール
monofin,人魚スーツ
female admiral (kancolle) (cosplay),女性提督（カンコル）（コスプレ）
thor (marvel) (cosplay),トール（マーベル）（コスプレ）
fine (ensemble stars!),フィーネ
oncidium,オンシジューム
jigen daisuke (cosplay),Jigen daisuke（コスプレ）
heliconia,ヘリコニア
nonstop story,ノンストップストーリー
ningen mukotsu (fate),人間無骨(Fate)
monogram,モノグラム
super saiyan blue evolved,超サイヤ人ゴッドSS・進化
princess of the crystal (cosplay),クリスタルの王女（コスプレ）
t-65 x-wing,Xウィング
sagisawa fumika (cosplay),佐々木fumika（コスプレ）
avatar base,アバターベース
casserole,キャセロール
ice hockey,アイスホッケー
royal flare,日符「ロイヤルフレア」
palm strike,パームストライク
balus,バルス
d4y suisei,彗星
dizzy (guilty gear) (cosplay),Dizzy（Guilty Gear）（コスプレ）
corkscrew,コークスクリュー
donbei tempura soba,どん兵衛天ぷらそば
leaf flute,草笛
2024 niconico cyberattack,がんばれニコニコ運営
waha~ (meme),わは~
tied breast,被系绑的胸部
g7 scout,G7スカウト
digital rain,デジタルレイン
seidouzan,聖堂山中
nyanpassu~,にゃんぱす~
raiden (metal gear) (cosplay),Raiden（Metal Gear）（コスプレ）
folding paizuri,おっぱい抱きしめホールド
serie a,セリエa
minibow,ミニボウ
sumaki (action),簀巻き
flat tire,パンクしたタイヤ
cure fleuret,キュアフルーレ
diatrekhon aster lonkhe,ディアトレコーン・アステール・ロンケーイ
futaba riho (cosplay),Futaba riho（コスプレ）
orphnoch (555),オルフェノク
h&k xm8,H＆K XM8
behemoth,ベヒーモス
ikazuchi (kancolle) (cosplay),岩石（カンコル）（コスプレ）
oikawa shizuku (cosplay),及川雫の衣装
cinemagraph,シネマグラフ
tomorrow (konosuba),このすば謎ダンス
shared innertube,共有InnerTube
giorno giovanna (cosplay),ジョルノジョバンナ（コスプレ）
itou junji (style),伊藤潤二
izayoi arisa (cosplay),十六夜ありさ
cello case,チェロケース
artzy tyrannical (arknights),艺术暴君(武器)
walking on wall,ウォールウォーキング
higashikata josuke (cosplay),ヒガシカタ・ジョセル（コスプレ）
op chiya (gochiusa),OP千夜
kokkuri-san (game),こっくりさん
animal pov,動物POV
camp,キャンプ
super phenomenon task force (blue archive),特異現象捜査部
donald duck sailor hat,ドナルドダックセーラーハット
i'm so fucked up (meme),最低だ、俺って...
king's rock,おうじゃのしるし
wii balance board,バランスWiiボード
meshers (nijisanji),メッシャーズ
kogasa day,6月11日は小傘の日
terrorism,テロリズム
pop'n music (style),ポップン風
sweet dolls (idolmaster),スウィートドールズ
level ball,レベルボール
plaid sarong,格子縞のサロン
like and redraw challenge,いいねした人は私のイラストを自分の絵柄で描く
paper moon (fate/grand order),虚数羅針内界ペーパームーン
handheld metal detector,金属探知機
torifune (touhou),トリフネ
tatsumaki senpuukyaku,竜巻旋風脚
atashi-tachi no happy end (project sekai),あたしたちのハッピーエンド
astolfo (sailor paladin) (fate) (cosplay),アストルフォ（セーラーパラディン）（運命）（コスプレ）
hershey's,ハーシーズ
suiguutou (juuni kokuki),水禺刀
dryness squad,捕食者四天王
filipino text,フィリピン語
plateau,こうげん
leash on penis,ペニスリード
yu mei-ren (fate) (cosplay),Yu Mei-Ren（Fate）（コスプレ）
bismarck (battleship),ビスマルク（戦艦）
breathplay,首絞めプレイ
giant of light,光の巨人
tap out,タップアウト
litter box,猫砂
measuring cylinder,メスシリンダー
technical,テクニカル
wave rider,ウェイブライダー
triple action thunder,トリプルアクションサンダー
sex toy replacing penis,偽根
ballista,バリスタ
st. basil's cathedral,セントバジル大聖堂
roast beef,ローストビーフ
rinmeikan girls school uniform,Rinmeikan Girls Schoolユニフォーム
johanna-san to mikakunin no ai,ヨハンナさんと未確認の愛
multiple shikishi,複数のシキシ
parasite crest,寄生虫の紋章
bottle cap challenge,ボトルキャップチャレンジ
iskandar (fate) (cosplay),イスカンダル（運命）（コスプレ）
torayamachi academy school uniform,トーラーマチアカデミースクールユニフォーム
uzaki hana (cosplay),うずまきハナ（コスプレ）
scotland,スコットランド
da vinci to shichinin no gansaku eirei,ダ・ヴィンチと七人の贋作英霊
gumi (cosplay),グミ（コスプレ）
trench knife,トレンチナイフ
kagotsurube isshin (genshin impact),笼钓瓶一心
paella,パエリア
faberge egg,インペリアル・イースター・エッグ
styrofoam,発泡スチロール
x<,x <
cat cutout panties,猫の切り抜きパンティー
orihimeboshi (nijisanji),織姫星
1991,1991年
double eyepatch,ダブルアイパッチ
n.u.n.s.,新統合宇宙軍
kokkoro (princess connect!) (cosplay),コッコロ（プリンセスコネクト！）（コスプレ）
pop sound blossom (idolmaster),ポップサウンドブラッサム
woodpecker,キツツキ
musou saber,無双セイバー
honma meiko (cosplay),Honma Meiko（コスプレ）
bongo drums,ボンゴ
xbox series x,Xboxシリーズx
empress,皇后
takanashi rikka (cosplay),高野rikka（コスプレ）
crotch ribbon,股間リボン
pig tattoo,豚のタトゥー
blay buckle,ブレイバックル
black forest cake,黒い森のケーキ
dry grass,枯れ草
virtual youtuber shiten'nou,バーチャル親分と四天王
electric wind instrument,電気機器
outside of play area,プレイエリアの外です
torc,Torc
pyonpyon rabbit (idolmaster),ぴょんぴょん・ラヴイット
rum,ラム酒
squirt bottle (pokemon),ゼニガメじょうろ
h&k sl8,H＆K SL8
training room,トレーニングルーム
nigiribashi,握り箸
penis wrap,ペニスラップ
pokeblock case,ポロックケース
anmin dreamingribbon (project sekai),安眠☽DreamingRibbon
seidouzan soccer uniform,Seidouzanサッカーユニフォーム
whole rest,全休息
ippen shinde miru?,いっぺん、死んでみる?
iron claw,アイアンクロー
va (phrase),ヴぁ
ludwig's holy blade,ルートヴィヒの聖なる刃
chaldea nankai dai kessen,南海沖縄幻想マジムンアイランド
baobab,バオバブ
faun,ファウヌス
cake pop,ケーキポップ
exploding watermelon challenge,スイカ輪ゴム実験
gem apple,ジェムリンゴ
roasted bottle (mahou shoujo no majo saiban),炙りビン
void hunters (zenless zone zero),虚狩り
vulcan,バルカン
hanamichi middle school uniform,はなみち中学校
ireland,アイルランド
danyaji,单丫髻
dive to the heart,ダイブ・トゥ・ハート
eurofighter typhoon,ユーロファイター・タイフーン
maid for you (nikke),メイド・フォー・ユー
lunamoon (style),ルナムーン（スタイル）
little devil swimsuit (idolmaster),リトルデビルミズギ
good oshi day,いい推しの日
thighhighs under pantyhose,パンストの下の太もも
minasoko ni kage wo sagashite (project sekai),水底に影を探して
mini uzi,ミニウージー
m26 pershing,M26パーシング
daiyousei (cosplay),daiyousei（コスプレ）
parfait noir (idolmaster),パルフェ・ノワール
pluto (planet),冥王星
clitoris sleeve,クリトリススリーブ
galick gun,ギャリック砲
ace trainer (pokemon) (cosplay),エーストレーナー（ポケモン）（コスプレ）
mechanical bull,ロデオマシン
ruri&to (love live!),りとるりと
touhou 9th popularity poll,第9回東方シリーズ人気投票
good armpit day,いい腋の日
kyotoben,京都弁
igawa sakura (cosplay),イガワサクラ（コスプレ）
cromwell (tank),クロムウェル
flower tank (touhou),ふらわ~戦車
guppy (fish),グッピー
jersey barrier,ジャージー・バリア
snake charmer,蛇使い
obligation chocolate,義理チョコ
tekkou,手甲
bucket of lava,溶岩入りバケツ
jackalope,ジャッカロープ
the one ring,一つの指輪
double happiness,双喜
war in afghanistan,アフガニスタン戦争
tokitsukaze (kancolle) (cosplay),tokitsuaze（kancolle）（コスプレ）
bb-28 (cosplay),BB-28（コスプレ）
fallstreak hole,フォールストリークホール
former capital,旧都
itsukushima shrine,厳島神社
statice,リモニウム
decoration (idolmaster),凸レーション
bonklers,ぼんくら~ず
nadia la arwall (cosplay),ナディアラアルウォール（コスプレ）
lyn (fire emblem) (cosplay),Lyn（Fire Emblem）（コスプレ）
swedish air force,SVENSKA FLYGVAPNET
liver spots,肝臓の斑点
dum sticky note,Dum Sticky Note
water spring,水の泉
soul badge,ピンクバッジ
karl gerat,カール自走臼砲
weapon shop,武器店
digestion,消化
burdock root,ゴボウ
nameko face (osawari tantei),namekoフェイス（オサワリタンテイ）
skol,スコール
fischl (genshin impact) (cosplay),fischl（Genshin Impact）（コスプレ）
poison dart frog,ヤドクガエル
twinkle eye,きらめく目
wall crash,壁のクラッシュ
x-gun,x-gun
medawatch,メダロッチ
zanburg,ザンブルグ
hrunting (fate),赤原猎犬
hellebore,クリスマスローズ
bend,曲げる
otaple,オタプル
shihou (g-o-s) (style),shihou（g-o-s）（スタイル）
hakuryuu (mixi max zhuge kongming),白明
engineering nonsense,技術の無駄遣い
gyakkou no lens flare (project sekai),逆光のレンズフレア
oculus (genshin impact),神の瞳
wave makers! (idolmaster),ウェーブ・メーカーズ!
hatsune miku the world traveler,ミクさん世界の旅
ironing,アイロン
dictionary,辞書
strawberry day,いちごの日
aki sandwich (meme),秋サンド
laser pointer,レーザーポインター
bardiche (weapon),バルディッシュ
hamster tail,ハムスターの尾
shine arcana rod,シャインアルカナロッド
nameless hill,無名の丘
fire bomber,ファイヤー・ボンバー
fire poker,火かき棒
kimono tug,着物の綱引き
hachibousei dance (bang dream!),八芒星ダンス
penis nipples,乳首チンコ
primordial jade cutter (genshin impact),原始ジェイドカッター（Genshin Impact）
jo lolita,朝ロリ
chopper (motorcycle),チョッパー
crochet,かぎ針編み
second sino-japanese war,抗战
felicia (fire emblem) (cosplay),フェリシア（火の紋章）（コスプレ）
ohgercalibur,変身剣オージャカリバー
pp-91 kedr,PP-91 Kedr
curling stone,カールストーン
philodendron,フィロデンドロン
yajuu no gankou (meme),野獣の眼光
teatime happiness (idolmaster),ティータイムハピネス
kihel heim (cosplay),Kihel Heim（コスプレ）
men always do that! (meme),男の人っていつもそうですね...!
airborne aircraft carrier,空中空母
ingo (pokemon) (cosplay),インゴ（ポケモン）（コスプレ）
lotus lantern,莲花灯笼
tinfoil hat,ティンホイル・ハット
flingza roller (splatoon),ヴァリアブルローラー
millipede,ヤスデ
august1st,8月1日
get,得る
blue napoleon (idolmaster),ブルーナポレオン
milk slave maid (exs-tia),雌牛奴隷メイド・エクスティア
monoceros (constellation),いっかくじゅう座
danshi koukou valentine (meme),男子校バレンタイン
split depth,例の線
folding umbrella,折りたたみ傘
weapon stand,武器スタンド
numazu,沼津市
accessories switch,アクセサリースイッチ
wood gradient hair,木材勾配の髪
kirimon (paulownia),桐紋
dreamstalk,ワールドツリー
katamari,カタマリ
confederate flag,アメリカ連合国の国旗
torpedo bomber,雷撃機
corona borealis (constellation),かんむり座
sendai (kancolle) (cosplay),センダイ（カンコル）（コスプレ）
spats (footwear),スパッツ（履物）
rare cheesecake,レアチーズケーキ
hand in buruma,burumaを手に入れます
rifling,ライフリング
su-33,SU-33
power glove (nintendo),パワーグローブ
nani ga warui,なにが悪い
bridal blade (fate),ブライダル・ブレイド
daemonette,デーモネット
gingham legwear,ギンガムレッグウェア
demons driver,デモンズドライバー
orangutan,オランウータン
maru (lagrange),マル（ラグランジュ）
that's not it,そうではない
tsunagi first middle school uniform,津波最初の中学校のユニフォーム
novel (object),小説（オブジェクト）
utawarerumono radio,Utawarerumonoラジオ
knapsack,ナップザック
nagashi-bina,流し雛
daruma-san ga koronda,だるまさんがころんだ
clawing,引っ掻く
asteroid field,アステロイドベルト
mugendai mewtype,夢限大みゅーたいぷ
kitto saikou no summer! (project sekai),きっと最高のsummer!
peach blossom pastry,桃花酥
hopscotch,ホップスコッチ
wombforce (meme),ウームフォース
akiko jam,謎ジャム
borchardt c-93,ボーチャードピストル
huge afro,巨大なアフロ
rainbow mika (cosplay),レインボーミカ（コスプレ）
colombian flag,コロンビアの国旗
lipton,リプトン
minna de haishin wedding live! (project sekai),みんなで配信♡WEDDING_LIVE!
gear-shaped pupils,齿轮瞳孔
horsetail (plant),ツクシ
caliby cat,しまみけ
stomping on floor,地団駄
stock pot,ストックポット
is this a pigeon (meme),これは鳩ですか
autorefractor test,オートレフラクトメーター
one cup,ワンカップ
hair raising,髪の毛
nagano prefecture,長野県
caipirinha (meme),ぷんちきぱやっぱーヾ(_゚∀_゚)ノ♪
honeydew (fruit),白兰瓜
white blood cell (hataraku saibou) (cosplay),白血球（hataraku saibou）（コスプレ）
gargling,うがい
d-day,Dデイ
dokkiri camera,ドッキリ
7koma,7コマ
honey badger,ラーテル
pochacco (cosplay),ポチャコ（コスプレ）
ab roller,アブローラー
red blood cell (hataraku saibou) (cosplay),赤血球（hataraku saibou）（コスプレ）
panties over bike shorts,バイクショーツのパンティー
prinz eugen (azur lane) (cosplay),Prinz Eugen（Azur Lane）（コスプレ）
jakuzure nonon (cosplay),Jakuzure Nonon（コスプレ）
mabayui hikari no stage de (project sekai),まばゆい光のステージで
olivia (fire emblem) (cosplay),オリビア（火の紋章）（コスプレ）
kabayaki,蒲焼
food on toes,つま先の食べ物
hang gliding,ハンググライダー
qungua,裙褂
dressy alice (idolmaster),ドレッシーアリス
kawasaki (kanagawa),川崎市
volcano badge,クリムゾンバッジ
kinoko vs takenoko,きのこたけのこ戦争
shirt basket,シャツバスケット
korean empire,大韓帝国
insect glaive,操虫棍
mobile infantry,モバイル歩兵
shoulder rest,肩の休息
chocolate coin,コインチョコ
memory card,メモリーカード
karukozaka high school uniform,カルコザカ高校の制服
round shelf,丸い棚
souzu,鹿威し
ramram (arms),ラムラム（腕）
juliet starling (cosplay),ジュリエットスターリング（コスプレ）
siren (borderlands),サイレン（国境地帯）
tetsuzankou,鉄山靠
instant rice,パックご飯
care label,ケアラベル
bleach (chemical),漂白剤
floral mint uniform,フローラルミント
tongue twister,早口言葉
lion paw,ライオンポー
salar de uyuni,ウユニ塩湖
neckwear lift,ネックウェアリフト
masquerade,仮面舞踏会
office siren,オフィスサイレン
smirnoff (vodka),スミノフ
houshou (kancolle) (cosplay),houshou（kancolle）（コスプレ）
jaoooo,じゃおおおお
evo moment #37,背水の逆転劇
loot box,ルートボックス
ereshkigal (fate) (cosplay),ereshkigal（Fate）（コスプレ）
misaki kurehito (style),幻kurehito（スタイル）
fusou (kancolle) (cosplay),fusou（kancolle）（コスプレ）
marching melodies (idolmaster),マーチング☆メロディーズ
cure pine (cosplay),Cure Pine（コスプレ）
susohiki,裾引き
gobul (armor),ゴブール（アーマー）
bandit,強盗
rioting,暴動
seaport princess (cosplay),シーポートプリンセス（コスプレ）
impossible underwear,不可能な下着
kujikawa rise (cosplay),kujikawa Rise（コスプレ）
balsamic vinegar,バルサミコ酢
oppai ball,オパイボール
yesa robe,曳撒袍
cure peach (cosplay),Cure Peach（コスプレ）
savoia s.21,サボイアS.21
colonial marine,植民地海兵隊
dondurma (ice cream),ドンドゥルマ
thumbcuffs,サムカフ
wishful lily (idolmaster),ウィッシュフルリリー
rocky helmet (pokemon),ゴツゴツメット
car-mouth cake,くるまほおばりケーキ
1988,1988年
tailor,仕立て屋
rum raisin,ラムレーズン
batting cage,バッティングセンター
lupinus virtual games,Lupinus Virtual Games
animal abuse,動物虐待
periodic table,周期表
team 31c (heaven burns red),第31C部隊
five impossible requests,五つの難題
rpd (machine gun),RPD軽機関銃
porcupine,ヤマアラシ
mouthpiece,マウスピース
black flash (jujutsu kaisen),黒閃
high-cloud quintet (honkai: star rail),雲上の五騎士
beetle girl,甲虫娘
pokemon between legs,足の間のポケモン
aomori prefecture,青森県
salvia (flower),サルビア
tessen,鉄扇
astro switch,アストロスイッチ
twin-bush disguise,ツインブッシュの変装
uruha rushia (cosplay),ウルハ・ラシア（コスプレ）
mirror shield (zelda),ミラーシールド(ゼルダの伝説)
index (toaru majutsu no index) (cosplay),index（toaru majutsu no index）（コスプレ）
magpul fmg-9,マグプルFMG-9
ryusuimon,流水文
i don't have a single regret in my life,我が生涯に一片の悔い無し
eye of ender,エンダーアイ
kimchi,キムチ
pecorine (princess connect!) (cosplay),ペコリン（プリンセスコネクト！）（コスプレ）
mount rushmore,ラシュモア山
spread urethra,尿道を広げます
unadon (food),うな丼
serbia,セルビア
mausoleum,霊us
cornucopia,コルヌコピア
breaking and entering,不法侵入
shampoo no nioi ga shita,シャンプーの匂いがした
yak,ヤク
azalea (love live!),Azalea（Love Live！）
thundering pulse (genshin impact),飛雷の鳴弦
true apocrypha,正式外典ガマリエル
american revolution,アメリカ独立戦争
rei gun,霊丸
toppo,トッポ
locacaca,ロカカカ
hurt expressions of your wife practice,嫁の傷付いた表情練習
nerf gun,nerf gun
glue stick,スティックのり
kyoto tower,京都タワー
1984 (year),1984年
hawaii,ハワイ
car wash (place),エロ洗車
lamborghini huracan,ウラカン
lorum piercing,Lorum Piercing
anaglyph,アナグリフ
kirito (cosplay),黒の剣士衣装
awakening (neural cloud),覚醒シリーズ(ニューラルクラウド)
special air service,特殊空挺部隊
hoshiguma yuugi (cosplay),ホシグマユーギ（コスプレ）
cat between legs,足の間の猫
pon de lion (cosplay),ポン・デ・ライオン（コスプレ）
isayama hajime (style),野生の諫山創
kirishima (kancolle) (cosplay),キリシマ（カンコル）（コスプレ）
hyper beam (pokemon),はかいこうせん
zombie breaker,ゾンビブレイカー
hanekawa tsubasa (cosplay),園ツバサ（コスプレ）
get down (meme),ゲッダン
nefushutan no yoroi,ネフシュタンの鎧
lost in the book with tim burton's the nightmare before christmas,ツイステハロウィーン
ragna the bloodedge (cosplay),ラグナ・ザ・ブラッドエッジ（コスプレ）
ice elemental,氷の精
rockhopper penguin,イワトビペンギン
intestine hair,腸の髪
hymmnos,Hymmnos
gypceros (armor),ジプセロス（鎧）
currymeshi,カレーメシ
priest (ragnarok online) (cosplay),司祭（ラグナロクオンライン）（コスプレ）
takahashi akira (style),高橋晃
pogamoggan,ポカモガン
pixiv bottlecap,Pixiv BottleCap
concertina,コンサーティーナ
tengawara,天河原中
world w academy school uniform,ワールドWアカデミーユニフォーム
ribeyrolles 1918,Ribeyrolles 1918
mosasaurus,モササウルス
bmw z4,BMW Z4
maid fairy tale (idolmaster),メルヘンメイド
shading mismatch,シェーディングミスマッチ
nanashi inc. jackpot costume,JACKPOT衣装
senjougahara hitagi (cosplay),センジョガハラhatagi（コスプレ）
indigo spangle (idolmaster),インディゴスパングル
jueyun chili pepper (genshin impact),絶雲の唐辛子
gugugaga (meme),咕咕嘎嘎
belgium,ベルギー
gear fourth: boundman,バウンドマン
kotomine kirei (cosplay),コトミンkirei（コスプレ）
heracles (fate) (cosplay),ヘラクレス（運命）（コスプレ）
brioche,ブリオッシュ
ferry (ship),フェリー
michishio (kancolle) (cosplay),ミシシオ（カンコル）（コスプレ）
malaysian flag,マレーシアの国旗
asfeld academy school uniform,アスフェルド学園
gorosei,五老星
ntr video letter,NTRビデオレター
fukuoka prefecture,福岡県
titans test team (gundam),ティターンズ・テスト・チーム
dekopon (fruit),デコポン
ride armor (mospeada),ライドアーマー
funade no mae no one day trip (project sekai),船出の前のワンデイトリップ
four rare tachi (touken ranbu),レア4太刀
jesus revenge (meme),即撃ち2コマシリーズ
water gun (pokemon),みずでっぽう
voice recorder,ボイスレコーダー
garbage truck,ごみ収集車
loitering munition,自爆ドローン
wonderhoy,わんだほーい
mercedes-benz g-class,メルセデスベンツGクラス
kunoichi day,くノ一の日
innocent sailor (idolmaster),イノセントセーラー
haikei ano koro no watashi e (project sekai),拝啓、あの頃のわたしへ
oriental pearl tower,东方明珠
arcade stick template,アーケードスティックテンプレート
hakunetsu! kamikou ouendan! (project sekai),白熱!神高応援団!
wriggle nightbug (cosplay),うねるナイトバグ（コスプレ）
b-17 flying fortress,B-17フライング要塞
steyr hs .50,ステアーHS.50
borscht (food),ボルシチ
hitotoshite jiku ga bureteiru,人として軸がぶれている
hole puncher,穴あけパンチ
souffle (food),スフレ
geki,げき
isaf,ISAF
manannan souvenir valentine,マナナン・スーベニア・バレンタイン
nakayama racecourse,中山競馬場
verniy (kancolle) (cosplay),verniy（kancolle）（コスプレ）
tem ray's circuit,テム・レイの回路
zenryoku! wonder halloween! (project sekai),全力!ワンダーハロウィン!
defusing,爆弾解体
utsukushiki soutei itoshiki kotoba (idolmaster),美しき装丁、愛しき言葉
folkvangr (fire emblem),フォールクヴァング
lumiose galette,ミアレガレット
switch axe,スラッシュアックス
sore loser,負けず嫌い
hands in pants,ズボンの手
fuyu no okurimono (love live!),冬のおくりもの
vivid bikini (idolmaster),ビビッドビキニ
stolichnaya (vodka),Stolichnaya（Vodka）
long dildo,腸ディルド
kanata kensetsu,かなけん
skyrocket,ロケット花火
guapi mao,瓜皮帽
taito (tokyo),台東
augmented reality,拡張現実
under the desk (idolmaster),アンダーザデスク
toshima (tokyo),豊島
doma umaru (cosplay),Doma Umaru（コスプレ）
akaname,垢舐め
yukumo (armor),ゆく（鎧）
kraken (splatoon),ダイオウイカ
keshin armed,ケシン武装
tentacle underwear,触手下着
edoben,江戸弁
namagashi,生菓子
katzbalger,カッツバルゲル
kamikaze (kancolle) (cosplay),Kamikaze（Kancolle）（コスプレ）
capsems,カプセム
matatabi (flower),マタタビ
two moons (ff9),ふたつの月
tattoo machine,タトゥーマシン
king rouzer,キングラウザー
christian private white clover academy school uniform,クリスチャンプライベートホワイトクローバーアカデミースクールユニフォーム
greil (cosplay),グレイル（コスプレ）
sanya v. litvyak (cosplay),Sanyav。Litvyak（コスプレ）
scottish english text,スコットランド英語
ball toss,玉入れ
airplane ornament,飛行機の飾り
l'cie brand,ルシの烙印
kickstarter,Kickstarter
reverse x-ray,逆X線
undercover brella (splatoon),スパイガジェット
knife in hair,髪のナイフ
mellow yellow (idolmaster),メロウ・イエロー
holy hand grenade,聖なる手榴弾
prog knife,プログレッシブ・ナイフ
planetary destruction,惑星破壊
embroidered garter belt,刺繍されたガーターベルト
temple of time,時の神殿
hiroshima (city),広島市
sumiyoshi rocket,スミヨシロケット
nervegear,ナーヴギア
leftovers (pokemon),たべのこし
yuki miku official costume design contest,グッスマイラコン12雪ミク
wendigo,ウェンディゴ
chauchat,ショーシャ
red-and-green macaw,ベニコンゴウインコ
ifrit jambe,イフリートジャンブ
no armwear,アームウェアはありません
snowgrave (spell),スノーグレイブ
pondering my orb (meme),私のオーブ（ミーム）を熟考する
beauty mask,面膜
kuitou,盔头
yuzuriha inori (cosplay),Yuzuriha inori（コスプレ）
slapping penis,乙女のビンタ
radio exercises,ラジオ体操
fruit stand,フルーツスタンド
fairy tale girly (idolmaster),メルヘンガーリー
closed sign,閉店
choukai (kancolle) (cosplay),choukai（kancolle）（コスプレ）
abdominal stretch,腹部伸び
team 31b (heaven burns red),第31B部隊
hassan of serenity (fate) (cosplay),セレニティのハッサン（運命）（コスプレ）
pharmacy,ドラッグストア
sekiro (cosplay),セキロ（コスプレ）
snow print,スノープリント
tega sword,テガソード
"""pour la justice"" (genshin impact)",プル・ラ・ジャスティス
too low salary (meme),年収低すぎ
bone rush (pokemon),ボーンラッシュ
touhou 15th popularity poll,第15回東方Project人気投票
leaf stone,リーフのいし
sitting on tail,尾に座っています
sandersonia (flower),サンダーソニア
absurdly fat mons,不条理な太ったモン
yoshi (cosplay),ヨッシー（コスプレ）
revive (pokemon),げんきのかけら
nagoya (city),名古屋
jumping spider,ハエトリグモ
vest pull,ベストプル
donald duck (cosplay),ドナルドダック（コスプレ）
equipment screen,機器画面
gender dysphoria,性別違和
minoan clothes,ミノア文明
pomefiore dorm,ポムフィオーレ寮
astronomy,天文学
capacitor,コンデンサ
hand truck,キャリーカート
i am your father (meme),お前の父は私だ
croatia,クロアチア
enjin (idolmaster),炎陣
carnation recollection (project sekai),カーネーション・リコレクション
venezuela,ベネズエラ
mebius brace,メビウスブレス
pouring from condom,倒出避孕套里的精液
how is the progress (meme),進捗どうですか
pizza toast,ピザトースト
giant cat,巨大な猫
kokuu no megami athena (armed),コクウno megami athena（武装）
lucifer (helltaker) (cosplay),ルシファー（ヘルテイカー）（コスプレ）
marmalade,マーマレード
kokodayo,ココダヨ
mind rape,マインドレイプ
deck (architecture),デッキ（アーキテクチャ）
1986,1986年
uss enterprise (star trek),エンタープライズ(スタートレック)
gazelle,ガゼル
ballot,投票
aestus estus (queen draco),終末の火
wagon star,ワゴンスター
mysterious heroine x alter (fate) (cosplay),神秘的なヒロインx alter（運命）（コスプレ）
sticky honey roast (genshin impact),ニンジンとお肉のハニーソテー
wooden fish,木魚
pistachio,ピスタチオ
city below,以下の都市
inrou,印籠
lumitoile (genshin impact),ルエトワール
radiation,放射線
letty whiterock (cosplay),LettyWhiterock（コスプレ）
starpoint lance (fire emblem),スターポイントランス（火の紋章）
body part swap,挿げ替え
bookend,ブックエンド
shibuya station,渋谷駅
jill stingray (cosplay),ジル・スティングレイ（コスプレ）
rca connector,RCAコネクタ
shimamura uzuki (cosplay),島村うずキキ（コスプレ）
h-a-j-i-m-a-r-i-u-t-a-!!,h-a-j-i-m-a-r-i-u-t-a- !!
body slam,ボディスラム
pork pie sailor hat,ポークパイセーラーハット
unconventional gun,型破りな銃
mei (overwatch) (cosplay),メイ（オーバーウォッチ）（コスプレ）
noppera-bou,のっぺらぼう
your tie is crooked,タイが曲がっていてよ
skill,スキル
hyper mega launcher,ハイパー・メガ・ランチャー
drum major,ドラムメジャー
social commentary,ソーシャル解説
reebok pump,リーボックポンプ
inverted moon of the heavens,天の逆の月
fp-45 liberator,FP-45リベレーター
thimble,指貫
gorogoro (sfx),ゴロゴロ（SFX）
vippaloid,ビッパロイド
barnaby brooks jr. (cosplay),バーナビー・ブルックス・ジュニア（コスプレ）
undressable,服を脱ぐことができません
sergeant (fish),オヤビッチャ
arakumo gakuen soccer uniform,arakumo gakuenサッカーユニフォーム
f-104 starfighter,F-104スターファイター
hito komoru (style),ヒトコモル（スタイル）
same face,同じ顔
zuikaku (girls und panzer),Zuikaku（女の子とパンツァー）
orpheus (inazuma eleven),オルフェウス（イナズマイレブン）
mig-21,MIG-21
sexy gals (idolmaster),セクシーギャルズ
gaogao leopard (idolmaster),がおがお・レオパード
if you want to become a godly artist (koyansuee),もっさり黒髪眼鏡に目の下にクマのある股の毛の濃そうな女
limousine interior,リムジン
kilroy was here,キルロイ参上
hilbert (pokemon) (cosplay),ヒルバート（ポケモン）（コスプレ）
sugarcane,サトウキビ
okeanos (fate/grand order),オケアノス
ichimatsu doll,市松人形
ancient set (zelda),古代兵装
bantu knots,班图结
itsuka zetsubou no soko kara (project sekai),いつか、絶望の底から
wolfsangel,ヴォルフスアンゲル
diabolo,ディアボロ
dilute tortoiseshell,パステル三毛
honda beat,ビート(ホンダ)
tanuki statue,信楽狸
hina arare,ひなあられ
umbrella sky,アンブレラスカイ
with this treasure i summon,布瑠部由良由良
stucco,スタッコ
tokyo rainbow bridge,レインボーブリッジ
suntempo,ホロスターズ2期生
volkswagen golf,フォルクスワーゲン・ゴルフ
purely silk (idolmaster),ピュアリーシルク
dark emperors,暗い皇帝
sekai ni hibike! your song (project sekai),セカイに響け!Your_Song
chow chow,チャウチャウ
resume,履歴書
pipelining,パイプライン
b6n tenzan,天山
bokjumeoni,Bokjumeoni
kanna kamui (cosplay),カンナ・カムイ（コスプレ）
street hopper (idolmaster),ストリートホッパー
omega slugger,オメガスラッガー
rabbit fullbottle,ラビットフルボトル
polaris (star),北极星
safari ball,サファリボール
engine blade,エンジンブレード
bambies (bleach),バンビーズ
gudaguda teito seihai kitan,ぐだぐだ帝都聖杯奇譚
jupiter cannon (girls' frontline),ジュピター(ドールズフロントライン)
breast piercing,乳房ピアス
daewoo k5,大宇K5半自動手槍
nintendo 3ds ll,ニンテンドー3DSLL
nero matsuri,ネロ祭
kokumucho (nijisanji),黒夢町
touhou 13th popularity poll,第13回東方Project人気投票
ecchi nano wa ikenai to omoimasu,Hなのはいけないと思います
venus ark uniform,金星アークのユニフォーム
poison yuuka (meme),毒ユウカ
kykeon,カキオン
neopaganism,ネオペイガニズム
boost mark ix buckle,ブーストマークIXレイズバックル
battle in new york 2018,バトル・イン・ニューヨーク2018
mountain bicycle,山の自転車
hoshizora rin (cosplay),ホシゾラリン（コスプレ）
venera-sama (cosplay),ヴェネラ様（コスプレ）
new nintendo 3ds,Newニンテンドー3DS
claude monet (style),クロード・モネ
caprese salad,カプレーゼ
hadeko,派手仔
harada takehito (style),原田たけひと
shoutouren (fate),才知の祝福
ear tug,耳の綱引き
love live! series presents unit koshien 2024,LoveLive!_Series_Presents_ユニット甲子園_2024
souseiseki (cosplay),sousesiseki（コスプレ）
1992,1992年
broken spear,壊れた槍
qinglong ji,青龙戟
1nm8 (paradox live),インメイト
naginomori gakuen high school uniform,ナギノモリ・ガクエン高校のユニフォーム
niijima makoto (cosplay),Niijima Makoto（コスプレ）
crocea mors (rwby),クロセアモア（RWBY）
kasumin box,かすみんBOX
impossible necktie,不可能なネクタイ
button-down collar,ボタンダウン
shimada arisu (cosplay),島田arisu（コスプレ）
polka dot towel,ポルカドットタオル
staff room,職員室
deviljho (armor),Deviljho（鎧）
area zero,エリアゼロ
slinger (monster hunter),スリンガー
super sonico (cosplay),スーパーソニコ（コスプレ）
melty sweet (idolmaster),メルティスイート
inari,お稲荷様
school yard,学校ヤード
inazuma (kancolle) (cosplay),イナズマ（カンコル）（コスプレ）
mmorpg,mmorpg
subaru 360,スバル360
catch,キャッチ
type 79 smg,79式衝鋒槍
fensalir (fire emblem),フェンサリル
torture dance,ギャングダンス
illuminati,イルミナティ
serbian flag,セルビアの国旗
wine rack,ワイン棚
sudare,すだれ
yuudachi (kancolle) (cosplay),ユダチ（カンコル）（コスプレ）
wedding march! (ensemble stars!),ウェディングマーチ!
orange lockseed,オレンジロックシード
joseon dynasty,朝鮮
white army,白軍
tokyo station,東京駅
driftwood,りゅうぼく
rei no mizugi,例の水着
sexy or cute?,セクシーなの?キュートなの?
mochi what!,もちほわ
velociraptor,ヴェロキラプトル
sr-71 blackbird,SR-71ブラックバード
nerine (flower),ネリネ
friendship bracelet,プロミスリング
tank fullbottle,タンクフルボトル
equilibrium umbrella,平衡伞
mermaid ni akogarete (project sekai),マーメイドにあこがれて
hair fan,髪のファン
tartar sauce,タルタルソース
graf zeppelin (kancolle) (cosplay),Graf Zeppelin（Kancolle）（コスプレ）
daewoo k11,K11複合型小銃
panzerfaust 3,パンツァーファウスト3
kougyaku reiki,肛虐隷姫
aki minoriko (cosplay),アキ・マリコーコ（コスプレ）
moonblast (pokemon),ムーンフォース
piao jin (headwear),万字巾
orion cocoa cigarettes,ココアシガレット
bea (pokemon) (cosplay),Bea（ポケモン）（コスプレ）
soviet navy flag,ソビエト海軍の旗
sumida (tokyo),墨田
wrecking ball,鋼球
paresthesia,パレステジア
kuuhaku no canvas ni egaku watashi wa (project sekai),空白のキャンバスに描く私は
power combo (kirby),コピー能力ミックス
ryuusou,琉装
nani mo shiteagerarenai,何もしてあげられない
painbrush (splatoon),フィンセント
spider genome,スパイダーゲノム
acceldriver,変身ベルトアクセルドライバー
kidney,腎臓
mouse on hand,手元のマウス
angry dog noises (meme),怒っている犬の騒音
satonaka chie (cosplay),サトナカチエ（コスプレ）
syringe in head,頭の注射器
denmark,デンマーク
ghost (starcraft),ゴースト（スタークラフト）
corvus (constellation),からす座
battle subway,地下鉄の戦い
soulglad,スラーダ
l-3 nozzlenose (splatoon),L3リールガン
windsurfing,ウィンドサーフィン
biting ear for good luck,耳噛み開運
yoke (clothing),ヨーク
umu (phrase),umu（フレーズ）
shimura shinpachi (cosplay),島村shinpachi（コスプレ）
peacekeeper (shotgun),ピースキーパー
saw blade,刃を見た
hinge,蝶番
nue (phrase),NUE（フレーズ）
youkai gyaru (meme),妖怪ギャル
inkzooka (splatoon),inkzooka（スプラトゥーン）
red guard,紅衛兵
nissin chicken ramen,チキンラーメン
yajuu no houkou (meme),野獣の咆哮
dotsuitare hompo,どついたれ本舗
garderobe swimsuit,Garderobe水着
milk gun,母乳鉄砲
jaguarman series,ジャガーマンシリーズ
rudder,ラダー
necktie on mouth,口のネクタイ
spice rack,調味料入れ
tabako-bon,煙草盆
keep this a secret from everyone in class,クラスの皆には内緒だよ☆
mag (phantasy star),マグ（ファンタシースター）
carrying clothes,衣服を運ぶ
hugging blanket,毛布を抱く
fuchi (hilt),縁
internet yamero (meme),インターネットやめろ
limbs,手足
wakasagihime (cosplay),wakasagihime（コスプレ）
fantastic belltier,素晴らしいベルティエ
alice-type underwear,アリスっぽい下着
tropical camouflage,熱帯カモフラージュ
demon parade,百鬼夜行
kikouken,気功拳
hanging bridge,ハンギングブリッジ
nakoruru (cosplay),ナコルル（コスプレ）
teutonic knight,ドイツ騎士団
groin punch,gro径部パンチ
treasure insect (dungeon meshi),宝虫
khezu (armor),ケズ（鎧）
rock (music),ロック
zentlardy alphabet,Zentlardy Alphabet
road roller da! (meme),ロードローラーだッ!
mouth-to-mouth resuscitation,人工呼吸
dragon tail steak,ドラゴンテールステーキ
stuffed alpaca,ぬいぐるみアルパカ
pre-kit mirror loupe,プリキットミラールーペ
petrosapien,ペトロサピエン
ushi-oni,牛鬼
akagi (aircraft carrier),アカギ（航空機航空会社）
mu ren zhuang,木人桩
see-through breast curtain,透视乳盖
exposed diglett,ディグダの体
maternity mark,マタニティマーク
minato (tokyo),港区(東京23区)
snowmobile,スノーモービル
gewehr 43,ワルサーGew43半自動小銃
forever star (idolmaster),フォーエバースター☆☆☆
raison d'etre (ensemble stars!),レゾンデートル
great wall of china,万里の長城
nissin cup noodle chili tomato,カップヌードルチリトマト
pikipiki piiman (inugami korone),ピキピキピーマン
liangbatou,両把頭
florence (city),フィレンツェ
trilobite,三葉虫
tinker bell (disney) (cosplay),ティンカーベル（ディズニー）（コスプレ）
frog charm,青蛙挂饰
babel logo (arknights),巴别塔标志
card gun,トランプ銃
nuclear powerplant,原子力発電所
comitia,コミティア
kyu kyu kyu nyaa (meme),きゅっきゅっきゅっニャー
examination table,検査テーブル
huipai architecture,徽派建筑
rabbit day,うさぎの日
karyl (princess connect!) (cosplay),Karyl（Princess Connect！）（コスプレ）
kaguya day,9/8は輝夜の日
seiken swordriver,聖剣ソードライバー
stratosphere,成層圏
animare,あにまーれ
rotating brushes,ハケ水車
ato de wakaru koto,後でわかること
kay (girls und panzer) (cosplay),ケイ（女の子とパンツァー）（コスプレ）
silver one-piece swimsuit,シルバーワンピース水着
washi tape (object),"マスキングテープ,"
playing dead,死んだふり
studded trim,スタッドトリム
abyssal hunters logo,Abyssal Huntersのロゴ
ichigo 123 (love live!),いちご123
fraud,詐欺
webley-fosbery automatic revolver,Webley-Fosbery Automatic Revolver
pps-43,スダエフ短機関銃
jagdpanther,ヤークトパンター
three emoji challenge,リプきた3つの絵文字でキャラデザする
fake tears,嘘泣き
verdurous anima,緑豊かなアニマ
mk2 grenade,マークII手榴弾
prosperous peace (genshin impact),繁栄する平和（ゲンシンの影響）
soramimi cake,空耳ケーキ
kirby burger,カービィバーガー
you're finally awake (meme),やっと目が覚めたか
kaga (aircraft carrier),カガ（航空機キャリア）
ballot box,投票箱
deep frying,揚げ物
tatooine,タトゥイーン
heimuer,キクラゲ
korg triton,Korg Triton
distillation column,蒸留柱
h&k mg4,H＆K MG4
tsunagu painful hope (project sekai),つなぐPainful_Hope
nurikabe,ぬりかべ
satou kazuma (cosplay),サトゥ・カズマ（コスプレ）
kumano (kancolle) (cosplay),クマノ（カンコル）（コスプレ）
stirrer,マドラー
shou (symbol),壽
h-3 nozzlenose (splatoon),H3リールガン
daruma otoshi,だるま落とし
netsuke,根付
boobies uniform,ブービーズ
pantyhose over swimsuit,水着のパンスト
hedge clippers,ヘッジクリッパー
1987,1987年
ama diver,海女
korean people's army,朝鮮人民軍
gokou ruri (cosplay),gokou ruri（コスプレ）
alisa ilinichina amiella (cosplay),アリサ・イリニチナ・アミエラ（コスプレ）
gs ball,GSボール
boy scout,ボーイスカウト
magic research,魔法の研究
potbelly stove,だるまストーブ
doppa,朵帕
orleans (fate/grand order),オルレアン
tampon string,タンポン弦
forehead beam,額ビーム
gotouge koyoharu (style),野生のワニ
g4m,一式陸上攻撃機
ai no dendoushi amor-chan no saint valentino!,愛の伝道師アムールちゃんのサン・バレンティーノ!
raichu (cosplay),ライチュ（コスプレ）
cherenkov radiation,チェレンコフ光
mitsubishi f1m pete,零式水上観測機
zijiang m99,ZijiangM99
hindi text,ヒンディー語
tedeza rize (cosplay),Tedeza Rize（コスプレ）
pirozhki,ピロシキ
worgen,ワーゲン
los angeles,ロサンゼルス
shogun,将軍
bullet men (kim ji-hyun),モルゲッソヨ
wattson (apex legends) (cosplay),ワトソン（頂点の伝説）（コスプレ）
racing miku (cosplay),レーシングミク（コスプレ）
millennium eye,千年眼
kaguya luna (cosplay),カグヤ・ルナ（コスプレ）
digivice ic,デジヴァイスiC
i-58 (kancolle) (cosplay),I-58（Kancolle）（コスプレ）
baritone saxophone,バリトンサックス
candy island (idolmaster),キャンディアイランド
atai,あたい
mk 12 spr,Mk 12 Spr
hyogo prefecture,兵庫県
cleansed crystal mirror,浄玻璃の鏡
placenta (sidonia no kishi),胎盤（sidonia no kishi）
schwerer gustav,シュヴェラー・グスタフ
bomb suit,対爆スーツ
nininbaori,二人羽織
refueling,給油
himekaidou hatate (cosplay),Himekaidou Hatate（コスプレ）
guntou,軍刀
taut vest,ぴんと見たベスト
litter (vehicle),輿
otter costume,カワウソの衣装
aqua simulacra (genshin impact),若水
hand pump,ハンドポンプ
shuffling cards,シャッフル
sekibanki (cosplay),セキバンキ（コスプレ）
sperm whale,マッコウクジラ
honda today,トゥデイ
waverider crash,ウェイブライダー突撃
shanghai arms fest (touhou),上海武具祭
underbarrel shotgun,マスターキー
nazar (amulet),ナザール・ボンジュウ
decapitated head sex sleeve,生首オナホ
fly (pokemon),そらをとぶ
the oddballs (ensemble stars!),五奇人
peahen,クジャク
bluebell (flower),ブルーベル
hodokenu ashita ni te wo nobashite (project sekai),ほどけぬ明日に手を伸ばして
ponytail day,ポニーテールの日
merkava (tank),メルカバ
krogan,クロガン
explain in detail (kaze no daichi) (meme),今、僕は冷静さを欠こうとしています
ticket machine,自動券売機
burglar,どろぼー
indomie (brand),インドミー
baka mitai (meme),ばかみたい
foxglove,ジギタリス
b-kei,B系
mujun-gatamari (meme),むじゅんがたまり
furry scale,ケモ度の階段
korean war,朝鮮戦争
sentai ring,センタイリング
stop,停止
standard diving dress,ヘルメット潜水
exploded diagram,分解図
frieza's hoverpod,フリーザの小型ポッド
national revolutionary army,国民革命軍
murozaki melody (project sekai),室咲きメロディー
tower of the sun,太陽の塔
hoi-poi capsule,ホイポイカプセル
hedge trimmer,ヘッジトリマー
em being (mega man),電波生命体
tenta brella (splatoon),キャンピングシェルター
blue archive 2025 hack,コユキウイルス
meikai no merry christmas,冥界のメリークリスマス
saint symbolism,聖人
rider belt (kabuto),ライダーベルト(仮面ライダーカブト)
sorbet,シャーベット
tassel loafers,タッセルローファー
takeuchi naoko (style),野生の武内直子
tainaka ritsu (cosplay),Tainaka ritsu（コスプレ）
inazuma kick,イナズマキック
lunge,弓步
venezuelan flag,ベネズエラの国旗
naku weed,鳴草
umisea,umisea
eurobeat,ユーロビート
team instinct,チームの本能
octopus hold,卍固め
mount,マウント
woolly mammoth,ケナガマンモス
usas-12,USAS-12
heart trace,ハートトレス
matsutake mushroom,マツタケ
cacao fruit,カカオ
lynx (constellation),やまねこ座
motorized kick scooter,電動キックボード
mizuhiki,水引
valentine (tank),バレンタイン歩兵戦車
sweets lingerie,スイーツ下着
lighter-than-air pancake (genshin impact),より軽い空気パンケーキ（Genshin Impact）
christ the redeemer,コルコバードのキリスト像
abalone,アワビ
mikasa ackerman (cosplay),ミカサ・アッカーマン（コスプレ）
alpine a310,アルピーヌ・A310
xbox one,Xbox One
a.i.m.s. shotriser,エイムズショットライザー
sagitta (constellation),や座
harkonnen (gun),ハルコネン（銃）
black widow (cosplay),ブラックウィドウ（コスプレ）
dipping,浸漬
raindrop print,レインドロッププリント
tameshiwari,試割り
fams (group),ファム（グループ）
slow loris,スローロリス
heart-shaped breath,ハート型の呼吸
boob injection (meme),おっぱい注射
wonderful magic (idolmaster),ワンダフルマジック
business,仕事
proud of stage (idolmaster),プラウド・オブ・ステージ
locked outside,外にロックされています
blues (nijisanji),ぶるーず
i'm a healer but... (meme),私は、治す方の人間なんだが
shouhou (kancolle) (cosplay),shouhou（kancolle）（コスプレ）
bloopers,ブルーパー
food on tail,尾の食べ物
mystery phantom,謎怪人
alternator,オルタネーター
cherry girls,チェリーガールズ
welts,ウェルト
sword of seiros,セイロスの剣
raven's bite,レイヴンの咬傷
dydoe,ディドー
invasion stripes,インベイジョン・ストライプ
facedesk,Facedesk
mask on breasts,胸にマスク
black soccer ball,ブラックサッカーボール
chuseok,秋夕
tech box (azur lane),技術ボックス（Azur Lane）
concept take care (idolmaster),コンセプト★テイクケア
huaji,滑稽
afghanistan,アフガニスタン
obsidian rock,黒曜石
mensis cage,メンシスの檻
self hypnosis,自己催眠
quin tails,五马尾
braille,点字
don't you have a human heart? (meme),人の心とかないんか?
eye sex,眼孔姦
clothes on wall,壁の服
seawall,防潮堤
kineceleran,ケネセレラン
kuma kuma resq (ensemble stars!),クマクマレスQ
f-117 nighthawk,F-117ナイトホーク
police station,警察署
meiko day,5月5日はMEIKOの日
yusuf dikec (cosplay),無課金おじさん(コスプレ)
penis hot dog,阴茎热狗
ephraim (fire emblem) (cosplay),エフライム（火の紋章）（コスプレ）
sodegukuri,袖括り
juggling (soccer),リフティング
joy-con 2,ジョイコン2
kimodameshi,肝試し
taiyou iwaku moe yo chaos,(」・ω・)」うー!(/・ω・)/にゃー!
lostdriver,変身ベルトロストドライバー
kanzaki ranko (cosplay),漢字ランコ（コスプレ）
cantonese text,広東語
bill (object),請求書
starting bloom (idolmaster),スターティング・ブルーム
blaser r93,ブレイザーR93
curtain call ni sekibetsu wo (project sekai),カーテンコールに惜別を
pepper mill,ペッパーミル
crow's nest,カラスの巣
container ship,コンテナ船
food delivery box,フード配送ボックス
kono toori musuko mo hansei shite orimasu node (meme),すみません...この通り息子も反省しておりますので今回の件は許していただいて...
frigate,フリゲート
hibiku twilight parade (project sekai),響くトワイライトパレード
mach driver honoh,マッハドライバー炎
sasebo,佐世保
bentley,ベントレー
fish mint (plant),ドクダミ
saitama prefecture,埼玉県
salem (fate/grand order),セイレム
shinguuji sakura (cosplay),shinguji sakura（コスプレ）
oobari masami (style),大張正己
violet book (pokemon),バイオレットブック
browning auto 5,ブローニング・オート5
502nd joint fighter wing (emblem),502nd共同戦闘機翼（エンブレム）
death penalty (meme),死刑
final destination (smash bros),終点
wonder orb,ふしぎだま
holo (cosplay),ホロ（コスプレ）
puchitto nine (idolmaster),ぷちっとナイン
lacerta (constellation),とかげ座
hippogriff,ヒポグリフ
black spaghetti,イカスミ
electric chair,電気椅子
halloween comeback!,超極大魔城ベルトチェイテ
takozonesu (cosplay),高山（コスプレ）
incom (gundam),インコム
cross moline,クロス・モーリン
devoured by darkness,闇に食い尽くされています
heretics (nikke),ヘレティック(勝利の女神:NIKKE)
sakuraba institute school uniform,桜庭学院
railway gun,列車砲
leopard gecko,ヒョウモントカゲモドキ
sos galactic patrol,SOS Galactic Patrol
fuel,燃料
multicolored lips,多色嘴唇
high elf (warcraft),ハイエルフ（warcraft）
hot water bottle,湯たんぽ
paravane,パラヴァン
nishihama middle school uniform,西山中道中学ユニフォーム
fire dragon (inazuma eleven),ファイアドラゴン（イナズマイレブン）
pet door,ペットドア
kings canyon,キングスキャニオン
brassard,ブラッサード
los pollos hermanos,ロス・ポヨス・エルマノス
georgian flag,ジョージア国旗
morino hon (style),もりのほん
torigoe gakuen school uniform,Torigoe Gakuen School Uniform
longpao,龍袍
midas money,Midas Money
wonder flower,ワンダーフラワー
crowd surfing,クラウドサーフィング
watereffect.net,水面gif
rain of arrows,矢の雨
dragon sword,ドラゴンソード
mutsu (kancolle) (cosplay),Mutsu（Kancolle）（コスプレ）
mongkhon,モンホン
massakasama (style),マッサカサマ（スタイル）
mochimochi mascot,もちもちマスコット
evilblade,Evilblade
charge rifle,充電ライフル
kill la kill final episode scissor blade relay (meme),キルラキル最襲回ハサミリレー
kaku seiga (cosplay),カク・セガ（コスプレ）
glorybringer (granblue fantasy) (cosplay),Glorybringer（Granblueファンタジー）（コスプレ）
me 262,私262
p-40 warhawk,P-40 Warhawk
sprinkler (splatoon),スプリンクラー
higuruma stressed out (meme),日车宽见捂脸
earmuffs removed,イヤマフは削除されました
malignant chain (pokemon),じゃどくのくさり
pink santa costume,ピンクのサンタコスチューム
timetable,時刻表
purumia,ぷるーみあ
kayaba ka-1,Kayaba Ka-1
kijiyama north high school,キジヤマ北高校
papel picado,パペルピカド
inflatable gag,充气口塞
deadlift,デッドリフト
satokoi day,8月24日はさとこいの日
nanpa,ナンパ
a cat is fine too (meme),猫も元気です（ミーム）
toyota land cruiser,トヨタ・ランドクルーザー
urinal bottle,しびん
slouching shigure ui (meme),ねこぜうい
defense distributed liberator,防衛分散解放者
incan,インカ帝国
konkon comfort (idolmaster),コンコン・コンフォート
rhodes island landship,罗德岛本舰
central japan railway company,JR東海
turtle girl,亀娘
double suicide,心中
minaret,ミナレット
black sun (symbol),黒い太陽
momiji manjuu,もみじ饅頭
new nambu m60,ニューナンブM60
shenyang j-15,歼-15
soko no omae! lemon ikko ni fukumareru vitamin c wa lemon ikkobun da ze (meme),そこのお前!
stone axe,石斧
water shuriken (pokemon),みずしゅりけん
sailor neptune (cosplay),セーラーネプチューン（コスプレ）
aerial bomb,航空爆弾
tunguska sanctuary (fate/grand order),ツングースカ・サンクチュアリ
shinpi no kuni no oniland!!,神秘の国のONILAND!!〜鬼の王とカムイの黄金〜
los angeles police department,ロサンゼルス市警察
muzui,ムズイ
cure rhythm (cosplay),キュアリズム（コスプレ）
technical difficulties,技術的な問題
touhou 7th popularity poll,第7回東方シリーズ人気投票
marugoshi shinji-kun,まるごしシンジ君
warabimochi,わらびもち
cuttlefish,コウイカ
little egret,コサギ
matenro (hypnosis mic),麻天狼
ultimate weapon (armored core),オーバードウェポン
kuso atsui (meme),ファッキンホット(くそ熱い)
czech hedgehog,チェコの針鼠
type 99 lmg,九九式軽機関銃
tupperware,タッパーウェア
texas,テキサス州
bridal one-piece swimsuit,新娘连体泳装
dunhuang dance,敦煌舞
primary-star plum (idolmaster),プライマリースタープラム
schoolish girl (idolmaster),スクーリッシュガール
enel face (meme),エネル顔
akumu no niwa wo utai akashite (project sekai),悪夢の庭を歌い明かして
maitake dance,まいたけダンス
fate/accel zero order,第四次異聞録冬木
capture styler,キャプチャー・スタイラー
chinese guardian lion,唐獅子
armads (fire emblem),アーマド（火の紋章）
pink dot balloon (idolmaster),ピンクドットバルーン
soleil (aikatsu!),ソレイユ
kaleido ruby (cosplay),Kaleido Ruby（コスプレ）
gaiwan,盖碗
coriander,コリアンダー
illusion grid t-shirt,例のシャツ
kisaragi station,きさらぎ駅
kotobuki tsumugi (cosplay),sumugi（コスプレ）
nakano azusa (cosplay),中野azusa（コスプレ）
louise francoise le blanc de la valliere (cosplay),ルイーズ・フランソワーズ・ル・ブラン・デ・ラ・ヴァリエール（コスプレ）
zuihou (kancolle) (cosplay),Zuihou（Kancolle）（コスプレ）
pokewalker,ポケウォーカー
next frontier (idolmaster),ネクスト・フロンティア
padjal,角尊
yamakaze (kancolle) (cosplay),Yamakaze（Kancolle）（コスプレ）
balljob,玉ズリ
leo minor (constellation),こじし座
fuchsia (flower),フクシア
mutsuki (kancolle) (cosplay),ムツキ（カンコル）（コスプレ）
silver creator award,銀の盾
letter opener,ペーパーナイフ
saberstaff,saberstaff
friulian spear,フリウリスピア
cake (minecraft),ケーキ(Minecraft)
blue-ringed octopus,ヒョウモンダコ
akagi ritsuko (cosplay),ritsuko（コスプレ）
wombat,ウォンバット
one (style),野生のONE
isis (terrorist group),ISIS（テロリストグループ）
bonito,カツオ
classical maid (project sekai),クラシカルメイド
trace (pokemon ability),トレース(ポケモン)
akizuki (kancolle) (cosplay),秋野（カンコル）（コスプレ）
octahedron,八面体
dawn stone,めざめいし
kyahan,きゃはん
ecruteak city,エンジュシティ
l.m.b.g (idolmaster),L.M.B.G（Idolmaster）
ginseng,人参
food awe,食べ物a敬の念
mikasa (battleship),ミカサ（戦艦）
pokemon-amie,ポケパルレ
hokuto hyakuretsu ken,北斗百裂拳
lancia stratos,ランチア・ストラトス
suicide pact,心中
dishwashing soap,食器洗い石鹸
kbyd (idolmaster),kbyd（idolmaster）
daisangen,大三元
world's edge,ワールズエッジ
kabuki,歌舞伎
kite balloon,係留気球
playstation move,PlayStation Move
banana popsicle,バナナアイスキャンディー
lirika matoshi strawberry dress,いちごドレス
angry boss with happy family irasutoyas (meme),上司と部下の帰宅ミーム
sydney opera house,オペラハウス
sanskrit,サンスクリット
splash free,スプラッシュ無料
shindou takuto (mixi max oda nobunaga),拓長
golem keter malkuth,ゴーレム・ケテルマルクト
saten day,佐天さんの日
i-19 (kancolle) (cosplay),I-19（kancolle）（コスプレ）
royal starlet (idolmaster),ロイヤル・スターレット
national police agency (japan),日本の国家警察庁（エンブレム）
utakata ni idakarete (project sekai),泡沫に抱かれて
yami q ray,ヤミキューレ
cell medal,セルメダル
abortion,堕胎
speciale (nijisanji),すぺしゃーれ
favonius lance (genshin impact),西风长枪
sekijitsu no read-aloud (project sekai),昔日のRead-aloud
hair around neck,髪マフラー
fondant au chocolat,フォンダンショコラ
star anise (spice),トウシキミ
wailmer pail,ホエルコじょうろ
kakushin-teki metamorphose!,かくしん的☆めたまるふぉ〜ぜっ!
vaginal calligraphy,ま○こ習字
it's over 9000 (meme),八千以上だ!
ren'ai circulation,恋愛サーキュレーション
team 31e (heaven burns red),第31E部隊
mangaka,漫画家
koss,コス
breathing lightning,サンダーブレス
nether portal,ネザーゲート
geats buster qb9,ギーツバスターQB9
mondegreen,空耳
mold (casting),型
yorkshire terrier,ヨークシャーテリア
sniper team,狙撃班
carl gustaf recoilless rifle,カールグスタフ無反動砲
touching tail,尾に触れる
cheer girl 2 (idolmaster),チアガール2
zettai zetsumei!? island panic! (project sekai),絶体絶命!?アイランドパニック!
zero unit,ゼロユニット
koala no march,コアラのマーチ
war crime,戦争犯罪
arrow to the knee,膝に矢を受けてしまってな...
shrug emoticon,̄\_(ツ)_/_̄
shiiton gakuen school uniform,Shiiton Gakuen School Uniform
hiden zero-two driver,飛電ゼロツードライバー
shakuhachi,尺八
halfpipe,ハーフパイプ
gulf war,砂漠の嵐作戦
light arrow (zelda),光の弓矢(ゼルダの伝説)
brendan (pokemon) (cosplay),ブレンダン（ポケモン）（コスプレ）
reiko holinger (cosplay),レイコ・ホリンジャー（コスプレ）
gign,フランス国家憲兵隊治安介入部隊
rero rero,レロレロ
bell tower (pokemon),スズのとう
thanatos eros (cosplay),タナトス・エロス（コスプレ）
princess king boo (cosplay),プリンセスキングブー（コスプレ）
goomba's shoe,クリボーの靴
root beer,ルートビア
snare,スネアトラップ
panzerschreck,パンツァーシュレック
bosnia and herzegovina,ボスニア・ヘルツェゴビナ
team chaotix (sonic),カオティクス
alternate headgear,代替ヘッドギア
ootoriryouran gakuen school uniform,ootoriryouran gakuen学校のユニフォーム
producer,プロデューサー
red sequin (idolmaster),レッドスパンコール
seihai (sailor moon),セイハイ（セーラームーン）
bunsen burner,ブンゼンバーナー
luxurious sea-lord,豪華なシーロード
ayanami (azur lane) (cosplay),アヤナミ（アズールレーン）（コスプレ）
kamogawa girls' high school uniform,カモガワ女子高校のユニフォーム
nerikiri,練り切り
uguu~,uguu〜
body parts,体の部分
figy berry,フィラのみ
kujou karen (cosplay),Kujou Karen（コスプレ）
ultra guardians uniform,ウルトラガーディアンズ
tibetan sand fox,チベットスナギツネ
breast rings,胸リング
hawker hurricane,ホーカーハリケーン
wing hold,ウィングホールド
in net,ネットで
shining shoot (pose),輝き撃ち
jigoku no misawa (style),地獄のミサワ
teio's honey song,はちみーのうた
platinum jacket (twisted wonderland),プラチナジャケット
bloomers on head,頭のブルマー
parachute pants,パラシュートパンツ
takanoori middle school uniform,タカヌーリ中学校の制服
double flare skirt one-piece,ダブルフレアスカートワンピース
bathtub tray,バスタブテーブル
wildfire,山火事
wii version,Wiiバージョン
hokkai,法界
anta baka?,あんたバカァ?
lumakini,ルマキーニ
lotus wand,ロータスワンド
kabane,カバネ
the dress (meme),例のドレス
gel banana,ゲルバナナ
iden teitei meltdown,アイデン貞貞メルトダウン
galvanic mechamorph,ガルヴァニク・メカモルフ
blinkers (horse tack),ブリンカー
romanian flag,ルーマニアの国旗
happy trigger (nijisanji),ハッピートリガー
love love stick,ラブラブステッキ
sakanade (shikai),逆撫
thermogram,サーモグラフィ
estonian flag,エストニアの国旗
taja spinner,タジャスピナー
starpiece dreamer (idolmaster),スターピースドリーマー
harmony scarf,きずなのスカーフ
operation ten-gou,天号作戦
revival my dream (project sekai),リバイバル_マイ_ドリーム
peasant,農民
kimi to tsumugu precious memories (project sekai),君と紡ぐPrecious_memories
noppo bread,のっぽパン
daidai maru,大橙丸
tsunagu hoshi no uta (project sekai),つなぐ、星の歌
galapagos penguin,ガラパゴスペンギン
chozo,鳥人族
flying taxi (pokemon),そらとぶタクシー
houmonka,蜂紋華
viet cong,南ベトナム解放民族戦線
kivat belt,キバットベルト
don't look down on central (meme),中央を無礼るなよ
pomeg berry,ザロクのみ
yugoslavian flag,ユーゴスラビアの国旗
breast beam,チクビーム
bujinsword buckle,ブジンソードバックル
abarth,アバルト
hoshi wo mezashite yoosoroo! (project sekai),星を目指して、ヨーソロー!
amulet coin,おまもりこばん
kore ga kyonyuu da (meme),これが巨乳だ
muscle spark,マッスルスパーク
apple blossoms,リンゴの花
sun stone (pokemon),たいようのいし
shark meme (meme),サメミーム
guinness (beer),ギネス
prussia,プロイセン
scavenger hunt,借り物競争
eaves,庇
helvetian military uniform,ヘルベティアの軍服
ishgard (ff14),イシュガルド
london (fate/grand order),ロンドン
sparky (arms),Sparky（腕）
guzma (pokemon) (cosplay),グズマ（ポケモン）（コスプレ）
grinding,研削
cape verde,カーボベルデ
christmas is cancelled,クリスマス中止のお知らせ
tiananmen square,天安门广场
shiran no ka (meme),知らんのか
mitsuba aoi (tokugawa mon),三つ葉葵
hayasui (kancolle) (cosplay),hayasui（kancolle）（コスプレ）
nyan nyan nyan (idolmaster),にゃん・にゃん・にゃん
vihta,ヴィヒタ
anywhere door,どこでもドア
disembodied breast,肉体化されていない胸
calf (animal),子牛
lionfish,フサカサゴ科
hiyayakko (food),冷奴
cherryton school uniform,チェリトンスクールのユニフォーム
a~ un~,A〜un〜
back scrubber,バックスクラバー
round girl,ラウンドガール
cross fusion,クロスフュージョン
battle of midway,ミッドウェー海戦
unwrap me body bow,私にボディーボウを解きます
more deban,もっとデバン
semaphore flags,セマフォの旗
kubelwagen,キューベルワーゲン
anaconda,アナコンダ
chikattochikachika (kaguya-sama wa kokurasetai),チカっとチカ千花っ♡
hieda no akyuu (cosplay),Hieda no akyuu（コスプレ）
i-401 (aoki hagane no arpeggio),I-401（Aoki Hagane no arpeggio）
yogetsu high school uniform,Yogetsu High Schoolユニフォーム
pepsi japan cola challenge (meme),本田とじゃんけん
neo geo pocket color,ネオジオポケットカラー
weighted clothes,加重服
neutrophil,こうちゅうきゅう
teostra (armor),テオ装備
school invader (hundred line),侵校生
dunkleosteus,ダンクルオステウス
edelweiss (senjou no valkyria),エーデルワイス号
garrison regiment (emblem),駐屯兵団
bloodhound (apex legends) (cosplay),Bloodhound（Apex Legends）（コスプレ）
hiiragi yuzu (cosplay),hiiragi yuzu（コスプレ）
adfx-02 morgan,ADFX-02モーガン
gundam team,ガンダム・チーム
livegun,ライブガン
figure four leglock,首四の字
kuroobi (armor),クルービ（鎧）
glove spread,グローブが広がります
oh! pamo-san (meme),パモさん構文
honnouji gakuen,ホンノウジ・ガクエン
habaki,鎺
enki (fate/prototype),終末剣エンキ
big bang kamehameha,ビッグバンかめはめ波
mp18,ベルグマンMP18
loom,織機
focus sash,きあいのタスキ
cyclamen,シクラメン
starscourge greatsword,星砕きの大剣
ender pearl,エンダーパール
good hips day,いいヒップの日
arapaima,ピラルク
darksider (star wars),ダークダー（スターウォーズ）
pearl harbor,真珠湾
goron mask (zelda),ゴロンの仮面
repel (pokemon),むしよけスプレー
drawbridge,跳ね橋
belarus,ベラルーシ
persian cat,ペルシャ猫
music man stingray,ミュージックマン・スティングレイ
zoom lens,望遠レンズ
cassowary,ヒクイドリ
let's use every last drop (meme),一回だけですよ
squid pose,イカのポーズ
ruyi,如意
mosque,モスク
ultimate moe,発想の友鶴事件
persian speedwell,オオイヌノフグリ
soothe bell,やすらぎのすず
togashi yoshihiro (style),野生の冨樫
super masara ahegao,まさら式アヘ顔シリーズ
fuzi,拂尘
metal upa,金属upa
jinmenken,人面犬
caltrops,カルトロップ
fondue au fromage,チーズフォンデュ
ano hi kanadeta neiro wo (project sekai),あの日、奏でた音色を
gunma prefecture,群馬県
fruitcake,フルーツケーキ
moka pot,モカエキスプレス
portuguese man o' war,カツオノエボシ
mare's leg,ランダルカスタム
marimba,マリンバ
1989,1989年
behind cover,カバーの後ろ
pig hood,豚のフード
boxcar,冷蔵車
variety animal (idolmaster),バラエティーアニマル
massacre,虐殺
crossing guard,学童擁護員
upside-down bikini top,逆さビキニ
doremy sweet (cosplay),ドレミー・スウィート（コスプレ）
chiba prefecture,千葉県
the dragon knights,ドラゴンナイツ
portuguese flag,ポルトガルの国旗
arachnophobia,クモ恐怖症
strength tester machine,パンチングマシン
karasawa (weapon),カラサワ
kamen no watashi ni sayonara wo (project sekai),仮面の私にさよならを
costume combination,コスチュームの組み合わせ
pichu (cosplay),ピチュ（コスプレ）
metropolitan police service,ロンドン警視庁
areishia spirit academy uniform,アレイシアスピリットアカデミーユニフォーム
what is love (meme),金·凯瑞三人组
plate spinning,皿回し
hatsuzuki (kancolle) (cosplay),Hatsuzuki（Kancolle）（コスプレ）
dual squelcher (splatoon),デュアルスイーパー
no horny (meme),不可以色色
kilt hide,キルトハイド
death jail summer escape,デスジェイル・サマーエスケイプ
gelato,ジェラート
niqab,ニカブ
dempsey roll,デンプシーロール
airport security,保安検査
integrated strategies (arknights),集成战略
cure dream (cosplay),Cure Dream（コスプレ）
emu,エミュー
nigella,ニゲラ
jade parcels (genshin impact),翠玉福袋
twitter sparkles,Twitterは輝きます
auto-9,オート9
forgeborn scathe (arknights),熔铸火焰(明日方舟)
urna,白毫
glaucid,アオミノウミウシ
balance beam,バランスビーム
endoscope,内視鏡
transparent bathtub,透明なバスタブ
vulpecula (constellation),こぎつね座
milkman,ぎゅうにゅうや
cocoa bean,ココアビーン
kiryu coco (cosplay),Kiryu Coco（コスプレ）
kannushi,神主
cancan dance,フレンチカンカン
twins day,双子の日
longhorn lance,ロングホーンランス
blocking way,立ち塞ぐ
bactrian camel,フタコブラクダ
kiraboshi (star driver),綺羅星
presenting another's ass,展示他人的屁股
yuigesa,結袈裟
natalia (idolmaster) (cosplay),ナタリア（アイドルマスター）（コスプレ）
widowmaker (overwatch) (cosplay),ウィドウメーカー（オーバーウォッチ）（コスプレ）
air quotes,エアクオート
sai (idolmaster),彩
legenders (idolmaster),レジェンド（アイドルマスター）
perrine h. clostermann (cosplay),perrine h。 Clostermann（コスプレ）
kazuma kaneko (style),野生の金子
ryaku,リアク
israel defense forces,イスラエル国防軍
rathian (armor),RATHIAN（鎧）
zentaiteki ni sensation,ぜんたい的にセンセーション
way to the dawn,ウェイトゥザドーン
satsuki (kancolle) (cosplay),サツキ（カンコル）（コスプレ）
esbeliben,エスベリベン
shiawase graffiti,しあわせグラフィティ
mian (dream c club) (cosplay),ミアン（ドリームCクラブ）（コスプレ）
rosso fantasma,ロッソ・ファンタズマ
seizon senryaku,生存戦略
wonderswan,ワンダースワン
hiiragi iwashi,柊鰯
saimoe 2006,Saimoe 2006
cat burger,猫バーガー
anglerfish dance,あんこう踊り
hyoumetsu juuji senzen antiokheia,剽滅十字前線アンティオキア
tidus no chinpo kimochiyo sugidaro! (meme),ティーダのチンポ気持ちよすぎだろ!
kimi no tonari kimi to miru ashita (project sekai),君の隣、君と見る明日
zora mask (zelda),ゾーらの仮面
international space station,国際宇宙ステーション
peing (site),ペイング
periwinkle (flower),ツルニチニチソウ
cupola (building),キューポラ
gun rack,ガンラック
tuberose,ゲッカコウ
aqours finale lovelive! ~eikyuu stage~,Aqours_永久Stage
tower of babel,バベルの塔
iluna (nijisanji),異能学科ILUNA
kyoto prefecture,京都府
inori no saki negau ashita wa (project sekai),祈りの先_願う明日は
hollywood sign,ハリウッドサイン
sapporo (city),札幌
tribadism gesture,貝合わせジェスチャー
uraku misugiri (genshin impact),有楽御簾切
shidare hotaru (cosplay),Shidare Hotaru（コスプレ）
illusion (pokemon),イリュージョン(ポケモン)
teez (d.gray-man),ティーズ
cream cheese,クリームチーズ
addiction,しへき
kgb,ソ連国家保安委員会
honda monkey,ホンダモンキー
indigo plateau,セキエイこうげん
tanegashima (gun),てっぽう
voxel art,ボクセル
pee in pussy,膣内放尿
shunga,春画
clam digging,潮干狩り
stirring rod,かき混ぜ棒
agapanthus (flower),アガパンサス
flatcar,コンテナ車
scarlet book (pokemon),スカーレットブック
baklava,バクラヴァ
happiness roomwear (idolmaster),ハピネスルームウェア
jagdtiger,ヤークトティーガー
psyche-lock,サイコ・ロック
impact wrench,インパクトレンチ
team dark (sonic),チームダーク
meifu (nijisanji),めいふ
wakaba girls (k-on!),若葉の女の子
phazon,フェイゾン
circuit de la sarthe,サルト・サーキット
creme brulee,クリームブリュレ
blueberry tart,ブルーベリータルト
hotel yamato,ホテルヤマト
life orb,いのちのたま
abbacchio joins the kicking (meme),敌人?艹!敌人?打!
berserker (fate/zero) (cosplay),Berserker（Fate/Zero）（コスプレ）
tomahawk missile,トマホークミサイル
child safety seat,チャイルドシート
happy happy friends,幸せな幸せな友達
retro framers (splatoon),8ビットフレーム
dongpo pork,东坡肉
nissin yakisoba ufo,日清焼そばU.F.O.
kaixa driver,カイザドライバー
seishin school uniform,静真高等学校
executioner,死刑執行人
tick tock bomb,チクタク・ボム
noveske space invader,Noveske Space Invader
spiny egg,パイポ
college of angel (idolmaster),カレッジオブエンジェル
god of the new world (meme),新世界の神ごっこ
toaster (arms),トースター（腕）
djinn (golden sun),ジン(黄金の太陽)
shigeno shuuichi (style),しげの秀一
zaytun peach (genshin impact),ザイトゥン桃
maserati,マセラティ
lithuanian flag,リトアニアの国旗
nishizumi miho (cosplay),西島miho（コスプレ）
batmobile,バットモービル
kayak,カヤック
useless machine,役に立たない機械
kienzan,気円斬
aki shizuha (cosplay),アキ・シズハ（コスプレ）
gyroscope,ジャイロスコープ
water buffalo,スイギュウ
marcille breakdance (meme),やだやだ絶対やだ
evol trigger,エボルトリガー
oil rig,石油プラットフォーム
toha heavy industries,東亜重工
blood donation,献血
t-55,T-55中戦車
lr-300,LR-300
bird scarer,鳥除け
dunk tank,ダンクタンク
mirage precure,ミラージュプリキュア
itsumo no you ni love & peace!!,叩いてるだけシリーズ
shared towel,共用浴巾
alpha omega (cosplay),アルファオメガ（コスプレ）
sexy underwear (dq),エッチな下着
uni (food),ウニ
eyecon,眼魂
taoism,道教
diarmuid ua duibhne (lancer) (fate) (cosplay),diarmuid ua duibhne（ランサー）（運命）（コスプレ）
mora meat (genshin impact),モーラ肉（ゲンシンの衝撃）
divine spirit (touhou),しんれい
katsushika hokusai (fate) (cosplay),katsushika hokusai（運命）（コスプレ）
hydro pump (pokemon),ハイドロポンプ
breast clinging,乳房のしがみつき
hajime x cross,ハジメxクロス
kudagitsune,クダ狐
lydian academy swimsuit,リディアンアカデミーの水着
pantyhose on head,頭のパンスト
blackberry hair ornament,ブラックベリーの髪の飾り
autofootjob,セルフ足コキ
tie pilot,タイパイロット
507th joint fighter wing,第507統合戦闘航空団
hololive fantasy 1st anniversary outfit,ホロライブ3期生1stライブ
spinzaku,Spinzaku
shana (cosplay),シャナ（コスプレ）
masturbation from behind,後ろからのマスターベーション
cocktail pick,カクテルピック
pallet rifle (evangelion),パレットガン
gear fourth: snakeman,スネイクマン
nekomimi mode (tsukuyomi),ネコミミモード（ツクヨミ）
object (vehicle),オブジェクト（車両）
anman,アンマン
i-8 (kancolle) (cosplay),I-8（kancolle）（コスプレ）
project (league),プロジェクト（リーグオブレジェンド）
knit day,ニットの日
electric onahole,電動オナホ
transformation pen,変身ペン
overdose,過剰摂取
! block,ビックリブロック
mate (drink),マテ茶
narase beauitful sound! (project sekai),鳴らせビューティフルサウンド!
fried squid,揚げたイカ
kitaete fly! muscle training! (project sekai),鍛えてFLY!Muscle_Training!
uss enterprise (cv-6),USSエンタープライズ(CV-6)
max revive,げんきのかたまり
royal canadian mounted police,マウンティ
mitarashi-dan,みたらし団
shibuya-kei,渋谷系
ultra bracelet,ウルトラブレスレット
mintone arrow,ミントーンアロー
fragrance (ensemble stars!),フレグランス
cormorant,ウ科
kirakira showtime mic,キラキラショータイムマイク
manurhin mr73,マニューリンMR73
acchi kocchi shiikuin taiken! (project sekai),あっちこっち飼育員体験!
heartslabyul dorm,ハーツラビュル寮
lemon cake,レモンケーキ
sword of extermination (jujutsu kaisen),退魔の剣(呪術廻戦)
windfire wheel,圈
licking shoe,靴舐め
flower day,花の日
poverty outfit,びんぼっちゃま
save point,セーブポイント
otsukai no tanmatsu kara x ga kenshuu saremashita (meme),お使いの端末から〇〇が検出されました
grilled tiger fish (genshin impact),グリルしたタイガーフィッシュ（Genshin Impact）
enfield no.2 mk1,エンフィールド・リボルバー
double frill skirt swimsuit,ダブルフリルスカート水着
sistrum,シストルム
kenkou ni yoku nai! (bang dream!),健康によくない!
dragvisor,ドラグバイザー
twitter header won't fit (meme),うまくヘッダーに収まらない...
microsoft excel,エクセル
security checkpoint,セキュリティーチェック
i lohas,いろはす
drawing equipment,描画装置
gun fellatio (shingeki no kyojin),銃フェラ
amagi yukiko (cosplay),アマギユキコ（コスプレ）
unilog (reverse:1999),独一律
gothic lolita project (touhou),東方ゴスロリ
speedrunning (topic),タイムアタック
phantasm punishment (fate),神秘轢断
kikuka-sho,菊花賞
lobotomy,ロボトミー
pokemon between breasts,胸の間のポケモン
namahage,生剥げ
sengoku jidai,戦国時代
chuo (tokyo),中央区(東京23区)
ye olde zipangese,あなたがたはジパンギー語
1983,1983年
secret lip (idolmaster),シークレットリップ
sing (pokemon),うたう
cutie mark crusaders,可爱军团
utatsuyama park,卯辰山公園
beretta m1934,ベレッタM1934
ishikawa goemon xiii (cosplay),石川goemonxiii（コスプレ）
dissection,かいぼう
ki-61 hien,三式戦闘機
ujimatsu chiya (cosplay),ujimatsu chiya（コスプレ）
tang dynasty,唐朝
card crusher (meme),碑文谷潤
ki-84 hayate,四式戦闘機
denka kumaneko (project sekai),電華熊猫
sexy panthers (idolmaster),セクシーパンサーズ
dental drill,エアタービン
zundamon outfit,おっぱい丸出しすけべバニーガール
fur-trimmed crop top,毛皮のトリミングされたクロップトップ
astro city,アストロシティ
team valor,チームの勇気
ichigo field high school uniform,いちご野高校
wakame (seaweed),ワカメ
pink apollo (idolmaster),ピンクアポロ
social distancing,ソーシャル・ディスタンシング
yueqin,月琴
gargadia empire,ガルガディア
conjugating the six stages of rage (meme),激おこ六段活用
shadow border,シャドウ・ボーダー
ono no komachi koken-shou,小野小町古今抄
susanoo (naruto),须佐能乎
rhyme,押韵
allen wrench,六角レンチ
imminent pounce,即将飞扑
party time gold (idolmaster),パーティータイム・ゴールド
super ghost kamikaze attack,スーパーゴーストカミカゼアタック
jade chamber (genshin impact),群玉阁
danish text,デンマーク語
draco meteor (pokemon),りゅうせいぐん
morfonica,モルフォニカ
akagi (azur lane) (cosplay),アカギ（アズールレーン）（コスプレ）
bat pasties,バットペースト
sulphur-crested cockatoo,キバタン
super smash bros eyecatch,スマブラ参戦シリーズ
iran,イラン
traffic jam,渋滞
triggertop,トリガートップ
stealth paizuri,隐秘乳交
moon stone,つきのいし
crotch mousepad,股間マウスパッド
saber wars ii,セイバーウォーズ2〜始まりの宇宙へ〜
first order,ファーストオーダー
mountain pattern armor,山文甲
easter island,イースター島
thyrsus (fire emblem),Thyrsus（火の紋章）
revolver speedloader,スピードローダー
thumb war,指相撲
sig sauer p239,Sig Sauer P239
newton's cradle,ニュートンのゆりかご
sekai no sakura tsunagaru omoi (project sekai),セカイの桜、つながる想い
westminster palace,ウェストミンスター宮殿
y-pose,Y字バランス
love is blue (bayonetta),愛は青（ベヨネッタ）
blue-footed booby,アオアシカツオドリ
hiei (kancolle) (cosplay),hiei（kancolle）（コスプレ）
legs back,足を後ろに
rubber day,ゴムの日
ellen baker (cosplay),エレン・ベイカー（コスプレ）
yuri (dirty pair) (cosplay),Yuri（Dirtyペア）（コスプレ）
re-45 auto,Re45 Auto
musashi (battleship),戦艦武蔵
elmo (vehicle),エルモ(ドールズフロントライン)
lynette bishop (cosplay),リネットビショップ（コスプレ）
gaia force (digimon),ガイアフォース
unicorn (azur lane) (cosplay),ユニコーン（アズールレーン）（コスプレ）
puerto rican flag,プエルトリコの旗
aichi prefecture,愛知県
sapotama,サポタマ
vikala (granblue fantasy) (cosplay),ヴィカラ（グランブルーファンタジー）（コスプレ）
pyoitto hallelujah!,ぴょいっと♪はれるや!
power bank,モバイルバッテリー
capo (guitar),カポタスト
where are you sitting (meme),座席選びミーム
tomoshibi wo teguri yosete (project sekai),灯を手繰りよせて
cure module,キュアモジューレ
stonehenge,ストーンヘンジ
create festival (idolmaster),クリエイト∞フェスティバル
penrose stairs,ペンローズの階段
tower bridge (london),タワーブリッジ
bolt badge,ボルトバッジ
leotard removed,レオタードは削除されました
yakshi statue (meme),ヤクシー像
cross x mark (ensemble stars!),バツ×バッテン
mommy daddy doggy and me (meme),ホラー映画の子供が描いた落書き
dendrobium,セッコク属
fletches,フレッチ
touhou 8th popularity poll,第8回東方シリーズ人気投票
hammer and sickle bikini,ハンマーと鎌のビキニ
d-scanner,ディースキャナ
peregrine falcon,ハヤブサ
is this the rose of sharon? (meme),シャロンの薔薇
dotonbori,道頓堀
lebel model 1886,ルベルM1886小銃
type 97 te-ke,九七式軽装甲車_テケ
tugboat,タグボート
smile pact,笑顔の協定
stygian zinogre (armor),スタイジアンジノーグル（アーマー）
acchi muite hoi,あっち向いてホイ
ding (vessel),鼎
kagami sei no kote (grimms notes),鏡精の篭手(グリムノーツ)
refinery,製油所
ottoman empire,オスマン帝国
dubai,ドバイ
dunce cap,ダンセキャップ
yes to no no aida ni,YESとNOの間に
ztz-99,99式坦克
lady reines case files,レディ・ライネスの事件簿
drunken fist,すいけん
potters wheel pose,ろくろを回すポーズ
lotus flower pastry,荷花酥
opabinia,オパビニア
kabukicho (shinjuku),新宿ゴールデン街
pure literature cirno,純文学チルノ
rock wa shinanai,ロックは死なない
grass lily,オオアマナ
shiro-noir,シロノワール
eggs benedict,エッグベネディクト
celeb summer experience!,セレブサマー・エクスペリエンス!
ebi mome (meme),エビ揉め
cradle coffin,クレイドルコフィン
spear pillar,やりのはしら
attache calibur,アタッシュカリバー
concept shaker (idolmaster),コンセプト★シェイカー
stoner sunshine,ストナーサンシャイン
team mystic,チームミスティック
washizu mahjong,鷲巣麻雀
martini-henry,マルティニ・ヘンリー銃
boar costume,イノシシの衣装
white strawberry,白イチゴ
dune buggy,バギーカー
mk48,マーク48
francesca lucchini (cosplay),フランチェスカ・ルッキーニ（コスプレ）
shichibukai,王下七武海
gache,加髢
gandr,ガンド
rugal bernstein (cosplay),ルガル・バーンスタイン（コスプレ）
elephant fruit,ゾウフルーツ
phone book,タウンページ
medusa (lancer) (fate) (cosplay),Medusa（Lancer）（Fate）（Cosplay）
makna armour,マクナアーマー
pokenav,ポケモンナビゲーター
turkish text,トルコ語
var (senjou no valkyria),var（武器）
science special search party uniform,科学特捜隊
money slap,札束ビンタ
niconico headquarters (harajuku),ニコニコ本社
miwa torii,三ツ鳥居
japanese skink,キシノウエトカゲ
fail whale,twitterクジラ
ladder lottery,あみだくじ
kraber,Kraber
prussian flag,プロイセンの国旗
reaching into cleavage,切断リーチ
echolocator (splatoon),スーパーセンサー
inkstrike (splatoon),トルネード
go to paradise (idolmaster),パラダイス（アイドルマスター）に行く
shinsei inazuma japan,新生イナズマジャパン
m67,M67破片手榴弾
yamabiko,やまびこ
hydra (kirby),ハイドラ
neo armstrong cyclone jet armstrong cannon,ネオアームストロングサイクロンジェットアームストロング砲
fumika bug (idolmaster),フミカバグ（アイドルマスター）
euryale (fate) (cosplay),Euryale（Fate）（コスプレ）
kumoi ichirin (cosplay),クモイ・イチリン（コスプレ）
allosaurus,アロサウルス
gurongi,グロンギ
yokohama landmark tower,横浜ランドマークタワー
yuki miku (cosplay),ユキ・ミク（コスプレ）
purple santa costume,紫のサンタの衣装
yahoo,Yahoo
bread crust,パンの耳
a6m2-n,二式水戦
ten year artist progress record,10年進化録
nekomancer (granblue fantasy) (cosplay),ネコマンサー（グランブルーファンタジー）（コスプレ）
iranian flag,イランの国旗
meat kanji on forehead,額に肉
noble galerus,ノーブルガレルース
nigerundayo!,逃げるんだよォ!
on horn,ホーンに
portfolio,作品集
mayan (macross),マヤン島
mitosis,有糸分裂
mochikororin,もちころりん
bakyu-n!!,バキューンあかり
ji (weapon),戟
nitori day,2月10日はにとりの日
miltank (cosplay),Miltank（コスプレ）
famichiki,ファミチキ
fuwafuwa sweets kagamine rin design contest,グッスマイラコン02リン
cleaning robot,掃除ロボ
lullaby,子守唄
estrogen,エストロゲン
chinese-styled leotard,チャイナレオタード
rakurui no tsubasa,落涙の翼
wizard ring,ウィザードリング
humidity squad,ブルアカ加湿器四天王
answer hanamaru sword,アンサーはなまるソード
smash 64 pikachu kick (meme),空N
flamethrower (pokemon),かえんほうしゃ
autoerotic asphyxiation,自己発情窒息
quetzalcoatlus,ケツァルコアトルス
flea (animal),ノミ
see-through dress swimsuit,シースルー水着
kiyohime (fate) (cosplay),Kiyohime（Fate）（コスプレ）
jet stream attack,ジェットストリームアタック
hong kong regional flag,香港の旗
final flash,ファイナルフラッシュ
seiten galaxy cross,星天ギャラクシィクロス
dalgona,タルゴナ
tropical pact,トロピカルパクト
how'd you know (jujutsu kaisen) (meme),なんで分かるんだよ
boeing 777,ボーイング777
libre conillo (idolmaster),リーブレコニーリョ
self-destruct button,自爆スイッチ
penis neck,首チンコ
opel (company),オペル
minna shinu shika nai ja nai!,みんな死ぬしかないじゃない!
hemerocallis,ニッコウキスゲ
carbonara (food),カルボナーラ
team 31d (heaven burns red),第31D部隊
pear of anguish,苦悩の梨
money hand (meme),札束コラ
brothel,ブロッセル
sukajan gyarus (idolmaster),スカジャンギャルズ
heptagram,七芒星
hovercraft,ホバークラフト
pasgt helmet,PASGTヘルメット
mageres,マジレス
imma frickin kill you tennosuke (meme),殺してやるぞ天の助
m18 hellcat,M18ヘルキャット
redhorn stonethresher (genshin impact),赤角石溃杵
star platinum (cosplay),スタープラチナ（コスプレ）
grey knight,グレイナイト
shanghai doll (cosplay),上海人形（コスプレ）
bullfighting,闘牛
short suit,ショートパンツスーツ
senbonzakura kageyoshi (bankai),千本桜景厳
vought os2u kingfisher,Vought os2u kingfisher
old chateau (pokemon),森の洋館
watmel berry,カイスのみ
rikaisha,理解者
8.8 cm flak,アハトアハト
kara no kyoukai/the garden of order,空の境界/the_Garden_of_Order
hakodate (city),函館
who's that pokemon (meme),だ〜れだ?
yasaka pagoda,八坂の塔
halloween strike!,ハロウィン・ストライク!魔のビルドクライマー/姫路城大決戦
light suit (metroid),ライトスーツ
mangosteen,マンゴスチン
ecuador,エクアドル
dal segno (symbol),ダル・セーニョ
han dynasty,漢朝
muneate removed,Muneateは削除されました
kaminarimon,雷門
ginza (tokyo),銀座
decavitator (splatoon),デンタルワイパーミント
agartha (fate/grand order),アガルタ
crevice,隙間
mojito,モヒート
telstar 18,テルスター18
twinkle wish (princess connect!),トゥインクルウィッシュ
impel down,インペルダウン
wiki berry,ウイのみ
quokka,クオッカワラビー
blaze rod,ブレイズロッド
reaper (overwatch) (cosplay),Reaper（Overwatch）（コスプレ）
romania,ルーマニア
chicken feet,鶏の足
mongolian spot,蒙古斑
poison mushroom,毒マッシュルーム
disgaea team attack,ディスガイア風カットイン
brahmastra (fate/apocrypha),ブラフマーストラ
bullet time,マトリックス避け
silver lips,银嘴唇
shoukaku (kancolle) (cosplay),shoukaku（kancolle）（コスプレ）
free planets alliance,自由惑星同盟
tarot set,タロットセット
inazuma legend japan,イナズマ伝説の日本
fire alarm,火災報知器
yoshinoya (restaurant),吉野家
jack mackerel,あじ
yamakawa jun'ichi (style),ヤマジュン
cloud gouger (sword),刳雲
u-511 (kancolle) (cosplay),U-511（Kancolle）（コスプレ）
six shame faces,SIX_SHAME_FACES~今夜も最高!!!!!!~
kaga (battleship),戦艦加賀
barn swallow,ツバメ
super bell,スーパーベル
cyber (love live!),サイバー編
czech text,チェコ語
falcon punch,ファルコンパンチ
indoor fish,インドアフィッシュ
crab tank (splatoon),カニタンク
taiyouken,天津飯!技を借りるぜぇ!!
grunge (genre),グランジ
roulette roulette,ルーレット☆ルーレット
prima vista,プリマビスタ
constructicon,コンストラクティコン
mai waifu,マイ・ワイフ
mcnuggies (meme),McNuggies（ミーム）
through panties,パンティーを通して
warped context,ゆがんだコンテキスト
hourai elixir,蓬莱の薬
hallucigenia,ハルキゲニア
zetta (phantom kingdom) (book),ゼッタ（ファントム王国）（本）
kac-pdw,kac-pdw
