1girl,0,8385500,
solo,0,7040794,
long hair,0,6188085,
breasts,0,4959363,
looking at viewer,0,4898672,
smile,0,4157895,:}
blush,0,4088714,
open mouth,0,3502367,
short hair,0,3122215,
shirt,0,2930502,
simple background,0,2851833,
blue eyes,0,2463637,
long sleeves,0,2348246,
white background,0,2334561,
large breasts,0,2252251,
holding,0,2195804,
black hair,0,2194629,
skirt,0,2174268,
blonde hair,0,2164248,gold hair
1boy,0,2122737,
multiple girls,0,2106554,
brown hair,0,2082836,
hair ornament,0,2063874,
closed mouth,0,1960836,
dress,0,1947620,
gloves,0,1934391,
hair between eyes,0,1780285,bangs between eyes
red eyes,0,1773703,
animal ears,0,1754305,
bow,0,1725398,
hat,0,1694995,
navel,0,1601787,
jewelry,0,1596102,
thighhighs,0,1530141,
jacket,0,1488182,
ribbon,0,1458679,
2girls,0,1433452,
cleavage,0,1416198,
white shirt,0,1410634,
very long hair,0,1410437,hair past waist
bare shoulders,0,1393287,
standing,0,1328827,
sitting,0,1309900,
full body,0,1278500,
twintails,0,1233543,
medium breasts,0,1212474,
blue hair,0,1198166,
purple eyes,0,1196558,
tail,0,1195033,
green eyes,0,1192149,
upper body,0,1190468,
multicolored hair,0,1183643,three-tone hair
nipples,0,1137700,
male focus,0,1125234,"boys only,guys only"
collarbone,0,1106300,
brown eyes,0,1088885,
pink hair,0,1058802,
closed eyes,0,1055811,
school uniform,0,1054413,
white hair,0,1040746,
grey hair,0,1024552,
yellow eyes,0,1019353,golden eyes
underwear,0,1015317,
ahoge,0,969629,
ponytail,0,963007,
sidelocks,0,936206,
braid,0,925116,
swimsuit,0,917509,
purple hair,0,913033,lavender hair
short sleeves,0,909133,
heart,0,902948,
flower,0,884008,
earrings,0,852741,
shoes,0,852150,
monochrome,0,851510,
:d,0,850296,
cowboy shot,0,850258,
thighs,0,832461,
panties,0,819116,
weapon,0,811805,
outdoors,0,807791,
hetero,0,803619,
hair ribbon,0,795228,ribbon hair ornament
ass,0,791034,
frills,0,771777,frilled
teeth,0,771475,
sweat,0,769015,
collared shirt,0,761403,
hair bow,0,759610,
open clothes,0,752252,
parted lips,0,742655,
pantyhose,0,736187,
red hair,0,734013,
comic,0,729339,
small breasts,0,715659,
pleated skirt,0,708542,
pants,0,705424,slacks
hairband,0,703595,
boots,0,701291,
bikini,0,699887,
multiple boys,0,694976,
nude,0,691574,
greyscale,0,689538,
horns,0,688425,
black gloves,0,675708,
necktie,0,662312,
censored,0,659377,
shorts,0,658946,
virtual youtuber,0,646859,
alternate costume,0,644525,
medium hair,0,638854,shoulder-length hair
sleeveless,0,633838,
wings,0,625443,
artist name,0,622913,
food,0,622018,
lying,0,621967,
one eye closed,0,619255,
choker,0,619240,
sky,0,618438,sky background
pointy ears,0,599562,
penis,0,595088,
green hair,0,590747,
detached sleeves,0,589500,
socks,0,577791,
official alternate costume,0,569835,
hand up,0,558975,
tongue,0,555355,
indoors,0,550424,
japanese clothes,0,529237,
puffy sleeves,0,523135,
speech bubble,0,522384,
pussy,0,515287,
belt,0,512311,
halo,0,509787,
hairclip,0,509675,hairpin
black thighhighs,0,506614,
glasses,0,502768,
solo focus,0,502277,
barefoot,0,501130,
bowtie,0,490837,
black skirt,0,466867,
2boys,0,466069,
day,0,456844,
fang,0,453487,
white dress,0,452189,
signature,0,441876,
white gloves,0,441372,
hood,0,440907,
looking at another,0,435351,
twitter username,0,434654,x username
streaked hair,0,434558,
pink eyes,0,429820,
blunt bangs,0,428355,
tongue out,0,419450,
holding weapon,0,418511,
stomach,0,417838,
sailor collar,0,411973,
english text,0,409848,
cat ears,0,407489,
elbow gloves,0,407342,
dark skin,0,406457,
midriff,0,403040,
two-tone hair,0,400874,
mole,0,400491,
hair flower,0,399633,
cloud,0,398242,
sex,0,393614,
serafuku,0,392903,
black jacket,0,390736,
miniskirt,0,384827,
grey background,0,382077,
open jacket,0,379796,
coat,0,378483,
chibi,0,378286,
black dress,0,377281,
necklace,0,376112,
fingerless gloves,0,373018,
sword,0,372551,
hair bun,0,371628,hairbun
black shirt,0,371118,
hair over one eye,0,370129,
animal ear fluff,0,365163,
looking back,0,364390,
wide sleeves,0,359710,
star (symbol),0,358973,
on back,0,357238,
striped clothes,0,356652,striped clothing
grin,0,356234,grinning
spread legs,0,350519,spread leg
orange hair,0,350200,
white thighhighs,0,348374,
off shoulder,0,345232,
nail polish,0,344092,
cum,0,342879,
kimono,0,342347,kosode
black eyes,0,339490,
from side,0,336396,
armpits,0,331712,
red bow,0,331364,
bag,0,329264,
from behind,0,329050,"back turned,back view,from back"
yuri,0,328778,
sweatdrop,0,327336,
3girls,0,326896,
huge breasts,0,326782,
rabbit ears,0,325461,
vest,0,322487,
leotard,0,314983,
parted bangs,0,311904,
blurry,0,310696,
apron,0,307760,
character name,0,307140,
armor,0,305834,
arm up,0,305163,
mosaic censoring,0,304577,
sweater,0,304524,sweatshirt
cape,0,302834,
blue sky,0,299198,
black pantyhose,0,298708,
tears,0,294993,
water,0,291597,
completely nude,0,291472,
high heels,0,290585,
grey eyes,0,288664,
vaginal,0,287964,vaginal sex
clothes lift,0,286827,
crop top,0,284199,
scarf,0,282391,
looking to the side,0,280675,
collar,0,278229,
hands up,0,277948,
bra,0,276630,
fingernails,0,274732,
feet,0,273044,
black choker,0,272852,
black shoes,0,271294,
multiple views,0,270404,
bracelet,0,270087,wristlet
dated,0,269082,
clothing cutout,0,266690,
red ribbon,0,266530,
eyelashes,0,265057,
cup,0,264844,
v-shaped eyebrows,0,264810,
:o,0,264318,
blue skirt,0,263105,
arms up,0,262875,
hair intakes,0,261868,hair vents
puffy short sleeves,0,260161,
upper teeth only,0,258797,upper teeth
neckerchief,0,255764,
aqua eyes,0,255409,
orange eyes,0,255366,
border,0,254839,
black pants,0,254575,
dark-skinned female,0,252548,
black hat,0,252288,
symbol-shaped pupils,0,250980,
thigh strap,0,250296,
mole under eye,0,249154,
two side up,0,248533,
twin braids,0,248402,double braid
watermark,0,244633,
white panties,0,243448,
bar censor,0,240911,
strapless,0,239756,
toes,0,238975,
feet out of frame,0,238680,
sleeves past wrists,0,237616,
v,0,237088,
flat chest,0,236773,
fake animal ears,0,236132,
pokemon (creature),0,236065,
side ponytail,0,235266,
no humans,0,235023,
fur trim,0,234538,
horse ears,0,234283,
tree,0,232748,
sleeveless dress,0,231769,
sparkle,0,230947,
hand on own hip,0,229044,hand on hip
sleeveless shirt,0,228667,
horse girl,0,228508,
black bow,0,226850,
gradient hair,0,225066,
white socks,0,224115,
cat tail,0,222321,
see-through clothes,0,219128,"see-through,translucent clothing"
fox ears,0,217568,
buttons,0,217299,
wrist cuffs,0,213975,
neck ribbon,0,213270,
colored skin,0,212828,ishoku hada
torn clothes,0,211780,damaged clothes
maid,0,210842,
tattoo,0,210413,
loli,0,210098,
maid headdress,0,208067,
ascot,0,204445,jabot
pillow,0,204033,
covered nipples,0,203573,
pov,0,199961,
mask,0,199930,
plaid clothes,0,199828,plaid clothing
sash,0,199222,
hoodie,0,198193,
covered navel,0,197656,
muscular,0,197541,
uncensored,0,196760,
white jacket,0,196455,
black shorts,0,196166,
gun,0,195961,
sketch,0,195336,
wet,0,195007,"wet body,wet skin"
black ribbon,0,193598,
floating hair,0,193553,hair blowing
short shorts,0,193369,minishorts
blue background,0,192402,
bare arms,0,191357,
book,0,190459,
blood,0,190397,
gradient background,0,188841,
makeup,0,188703,
groin,0,188633,
pubic hair,0,188593,
cosplay,0,187598,
blue dress,0,187401,dark blue dress
detached collar,0,187074,
one-piece swimsuit,0,186606,
blurry background,0,185919,
siblings,0,185739,
black boots,0,184600,
single braid,0,183378,
legs,0,183349,
bodysuit,0,182915,
:3,0,182766,
copyright name,0,182438,
black panties,0,181710,
profile,0,181516,
expressionless,0,180556,
turtleneck,0,180157,
window,0,180141,
blue bow,0,179981,
bare legs,0,179369,
holding sword,0,179172,"holding katana,holding rapier"
lips,0,178951,
transparent background,0,178552,
double bun,0,178402,double hair bun
aqua hair,0,178190,
capelet,0,177372,
piercing,0,175741,
hug,0,173868,
petals,0,173702,
white hat,0,173658,
on bed,0,173553,
head tilt,0,173210,
heterochromia,0,173092,
night,0,170583,
zettai ryouiki,0,170309,
cat girl,0,170213,catgirl
scar,0,170102,
facial hair,0,168598,
anus,0,167990,
kneehighs,0,167462,
highleg,0,166715,
dress shirt,0,166000,suit shirt
red skirt,0,165424,
blue shirt,0,165246,
black bikini,0,165112,
shadow,0,164056,
low twintails,0,163999,
bell,0,162967,
dutch angle,0,162954,
leaning forward,0,162726,
chinese clothes,0,162695,
swept bangs,0,162339,
skindentation,0,162131,
white border,0,161110,
thick thighs,0,160377,huge thighs
colored inner hair,0,159019,
blush stickers,0,158817,
blue jacket,0,158104,
sideboob,0,157577,
shiny skin,0,157259,
kneeling,0,156789,
fangs,0,156480,
^ ^,0,156064,
white bow,0,155801,
holding food,0,154500,
frown,0,153882,:{
pussy juice,0,153661,wet pussy
phone,0,152189,
facial mark,0,152101,
saliva,0,151987,
bright pupils,0,151742,
sandals,0,151531,
fruit,0,151448,
erection,0,151051,
one side up,0,150852,
black hairband,0,150697,
open shirt,0,150621,
bird,0,150584,
white flower,0,150428,
pink background,0,150412,
frilled dress,0,150209,
beret,0,150155,
rose,0,149933,
wavy hair,0,149096,
soles,0,148915,
nose blush,0,148506,
black socks,0,148355,black kneehighs
playboy bunny,0,147701,
sunglasses,0,147595,
chair,0,147421,
fox girl,0,147405,
animal,0,145928,
holding hands,0,145829,holding another's hand
from above,0,145761,
alternate hairstyle,0,145407,
halterneck,0,145341,halter top
4girls,0,145238,
red dress,0,144880,
ocean,0,144752,
fox tail,0,144505,
hood down,0,144494,
cum in pussy,0,144072,"vaginal creampie,vaginal nakadashi"
half-closed eyes,0,143865,
furry,0,143752,
white skirt,0,143589,
portrait,0,142930,headshot (composition)
chain,0,142840,
demon horns,0,142616,
embarrassed,0,141813,shame (embarassment)
thick eyebrows,0,140851,
testicles,0,140167,
leaf,0,140075,
muscular male,0,139512,
looking down,0,138908,
bob cut,0,138770,
happy,0,138752,
glowing,0,138495,
squatting,0,137340,
bed,0,137339,
headphones,0,137311,
white bikini,0,137239,
witch hat,0,136046,brimmed wizard hat
horse tail,0,135406,
cellphone,0,135255,
abs,0,134756,
dark-skinned male,0,134378,
black background,0,134350,
plaid skirt,0,133847,
demon girl,0,132752,
groping,0,132711,
beach,0,132424,
headband,0,132334,
short dress,0,131323,
drill hair,0,131165,
bandages,0,130595,
pectorals,0,129794,male chest
ring,0,129731,
floral print,0,128817,
1other,0,128354,
cum on body,0,128288,
underboob,0,127896,
flying sweatdrops,0,127742,
cardigan,0,127623,
antenna hair,0,127598,double ahoge
female pubic hair,0,127011,
standing on one leg,0,126951,
high ponytail,0,126853,
cameltoe,0,126453,
no shoes,0,125443,
depth of field,0,125420,focus blur
light blush,0,124936,
side-tie bikini bottom,0,124768,
arms behind back,0,124580,
no bra,0,124238,
on side,0,124062,
bed sheet,0,123933,bedsheet
sharp teeth,0,123729,
thigh boots,0,123561,
white apron,0,123471,
frilled sleeves,0,123333,
tank top,0,122856,
white pupils,0,122804,
bottomless,0,122642,
motion lines,0,122413,
crossed arms,0,122341,
cleavage cutout,0,121962,
black nails,0,121457,
red necktie,0,121439,
pink bow,0,120932,
back,0,120678,
umbrella,0,120341,
stuffed toy,0,120309,
heart-shaped pupils,0,120284,
oral,0,119831,
table,0,119529,
from below,0,119435,
arm support,0,119064,
cat,0,118512,
x hair ornament,0,118229,
ass visible through thighs,0,117885,
gem,0,117773,
sisters,0,117701,
4koma,0,117513,
smartphone,0,117160,
frilled skirt,0,117143,
grass,0,116974,
own hands together,0,116319,
no panties,0,116160,
military uniform,0,115904,
yaoi,0,115784,
wolf ears,0,115750,coyote ears
eating,0,115618,
red bowtie,0,115275,
crying,0,114590,
helmet,0,113969,
garter straps,0,113952,
elf,0,112996,
red flower,0,112569,
leg up,0,111941,
magical girl,0,111891,henshin heroine
bound,0,111396,
black leotard,0,111386,
holding cup,0,111171,
blue ribbon,0,111034,
red shirt,0,110356,
parody,0,109503,
shirt lift,0,109195,
light smile,0,109013,"slight smile,soft smile"
wariza,0,108796,
scrunchie,0,108637,
clothes pull,0,108464,
ear piercing,0,108319,
trembling,0,108253,
fire,0,108096,flame
crossed bangs,0,107860,
scar on face,0,107615,
denim,0,107436,
obi,0,107409,
6+girls,0,107356,
spiked hair,0,107314,
mob cap,0,107148,pillow hat
sex from behind,0,107045,penetration from behind
grey shirt,0,106994,
military,0,106753,
suit,0,106613,"dress suit,three-piece suit"
crossed legs,0,106481,
feathers,0,106428,
?,0,106363,
black necktie,0,106123,
double-parted bangs,0,106071,
clenched teeth,0,105799,
3boys,0,105419,
moon,0,104956,
skin fang,0,104594,lip fang
black belt,0,104489,
cross,0,104438,
eyes visible through hair,0,104305,
feathered wings,0,104249,
eyepatch,0,104079,
cloudy sky,0,104071,
hair tubes,0,103753,
shoulder armor,0,103587,
facing viewer,0,103110,
plant,0,102501,
sunlight,0,102376,
holding phone,0,102202,
holding gun,0,102190,
wavy mouth,0,102096,
straight hair,0,101721,
juliet sleeves,0,101692,
mouth hold,0,101415,
headgear,0,101157,
bottle,0,101102,
sleeping,0,100938,
yellow background,0,100862,
strapless leotard,0,100720,
looking up,0,100314,
bug,0,100144,
couple,0,100139,
outside border,0,100088,
backpack,0,100051,rucksack
black coat,0,99909,
t-shirt,0,99629,
eyewear on head,0,99544,
crown,0,99317,
dot nose,0,98612,
puffy long sleeves,0,98528,bishop sleeves
veil,0,98233,
fellatio,0,98117,"sucking cock,sucking dick,sucking penis"
blazer,0,98048,
tassel,0,97989,
animal print,0,97735,
bandaid,0,97592,band-aid
thigh gap,0,97498,
pink dress,0,97427,
straddling,0,97014,
sneakers,0,96599,
suspenders,0,96323,
kiss,0,96013,
white shoes,0,95880,
red background,0,95482,
grabbing another's breast,0,95116,breast grab
stuffed animal,0,95028,
;d,0,94863,
red jacket,0,94856,
skirt lift,0,94827,lifting skirt
pink flower,0,94607,
alternate breast size (larger),0,94497,larger breasts than canon
> <,0,94369,
outstretched arm,0,94198,
head wings,0,93776,
pointing,0,93745,
fishnets,0,93139,
brooch,0,93117,
outstretched arms,0,93087,
bara,0,93077,
cover,0,92964,
robot,0,92759,
single hair bun,0,92757,
curtains,0,92373,
slit pupils,0,92345,
on stomach,0,91908,
girl on top,0,91809,female on top
brown shoes,0,91756,
messy hair,0,91710,
white sailor collar,0,91561,
official alternate hairstyle,0,91398,
meme,0,91202,
blue sailor collar,0,91121,
logo,0,90958,
extra ears,0,90698,
white pantyhose,0,90619,
dog ears,0,90603,
outline,0,90540,
knife,0,90129,
white ribbon,0,89699,
hand on own chest,0,89449,
demon tail,0,89288,
aged down,0,88886,"de-aged,younger"
hooded jacket,0,88866,
topless female,0,88635,
red nails,0,88607,
red hat,0,88367,
lifting own clothes,0,88359,lifted by self
breasts out,0,88259,
tiara,0,87962,
goggles,0,87865,
bdsm,0,87662,
clenched hand,0,87493,
black bra,0,87414,
rabbit tail,0,87376,
green skirt,0,87077,
hat bow,0,86954,
short twintails,0,86728,
hat ribbon,0,86281,
star (sky),0,86067,
side braid,0,85992,
white sleeves,0,85846,
crossover,0,85833,
wing collar,0,85645,
building,0,84935,
polka dot,0,84558,
bent over,0,84440,
knee boots,0,84189,
loafers,0,83894,
katana,0,83210,
armband,0,83022,arm band
single thighhigh,0,82997,
staff,0,82915,
group sex,0,82629,
low ponytail,0,82279,
knees up,0,81851,
grey skirt,0,81766,
ribbon trim,0,81765,ribbon-trimmed clothes
shaded face,0,81753,
chibi only,0,81364,
anger vein,0,81353,
claws,0,81308,
blue hat,0,81292,
instrument,0,81020,
light particles,0,80956,
blue necktie,0,80873,
tachi-e,0,80790,
maid apron,0,80761,
all fours,0,80600,
underwear only,0,80294,
drooling,0,80222,saliva drip
monster girl,0,80210,
hood up,0,80195,
cropped jacket,0,79428,
open coat,0,79426,
spoken heart,0,79404,
purple dress,0,79218,
formal clothes,0,79198,formal
cloak,0,79126,
...,0,79119,
hair over shoulder,0,79101,
pantyshot,0,78998,
child,0,78876,
box,0,78685,
tan,0,78646,
highleg leotard,0,78533,
sleeves past fingers,0,78419,moe sleeves
qipao,0,77934,china dress
mole under mouth,0,77819,
strapless dress,0,77628,
trap,0,77464,otoko no ko
round eyewear,0,77369,circular eyewear
butterfly,0,77063,
red neckerchief,0,76961,
colored sclera,0,76930,
couch,0,76776,
musical note,0,76574,
brown boots,0,76533,
curvy,0,76327,
no pants,0,76284,no shorts
towel,0,76238,
dragon horns,0,76089,
o-ring,0,75952,
crescent,0,75950,
areola slip,0,75691,
school swimsuit,0,75687,
blue nails,0,75576,
steam,0,75397,
bat wings,0,75223,
black vest,0,75003,
candy,0,74993,
index finger raised,0,74965,
5girls,0,74911,
scenery,0,74853,
lipstick,0,74784,
pink nails,0,74742,
cropped torso,0,74599,
polearm,0,74539,
pelvic curtain,0,74530,"crotch veil,pussy veil,waist veil"
sex toy,0,74441,
anal,0,74376,
toenails,0,74321,
surprised,0,74041,startled
bondage,0,73868,
buckle,0,73597,
gold trim,0,73586,
pale skin,0,73437,
holding book,0,73418,
eyeshadow,0,73359,
pink shirt,0,73164,
one eye covered,0,73161,
hand on own face,0,73125,hand to own face
tearing up,0,73088,
cherry blossoms,0,72897,
bridal gauntlets,0,72880,
yellow bow,0,72872,
waist apron,0,72861,
microphone,0,72740,
arms behind head,0,72617,
ejaculation,0,72582,
white pants,0,72491,
pom pom (clothes),0,72143,
white coat,0,71833,
striped thighhighs,0,71820,
cropped legs,0,71680,cropped feet
single earring,0,71675,
twin drills,0,71673,
baseball cap,0,71601,
revealing clothes,0,70893,slutty clothing
lace trim,0,70711,
restrained,0,70262,
hair rings,0,70246,
web address,0,70170,
rope,0,70154,
furrowed brow,0,70043,
cover page,0,69838,
black wings,0,69667,black wing
foreshortening,0,69648,
letterboxed,0,69562,
faceless,0,69510,
wristband,0,69505,
blue shorts,0,69398,
black bowtie,0,69255,
winter uniform,0,69143,
male pubic hair,0,69080,
eye contact,0,69058,
white wings,0,69036,
furry female,0,68874,furry girl
sheath,0,68865,
short hair with long locks,0,68774,
undressing,0,68736,taking off clothes
gauntlets,0,68567,
breast press,0,68545,
interlocked fingers,0,68471,
hair bobbles,0,68196,
red gloves,0,68147,
string bikini,0,68049,
robe,0,67985,
wind,0,67920,
blue flower,0,67734,
hakama,0,67716,
red shoes,0,67522,
beard,0,67506,
plate,0,67439,dish
camisole,0,67422,
pink skirt,0,67396,
lingerie,0,67389,
multiple tails,0,67326,"animal tails,tails"
purple background,0,67325,
purple bow,0,67321,
green background,0,67255,"dark green background,light green background"
demon wings,0,67178,
neck bell,0,67054,
black horns,0,67013,
multicolored eyes,0,66964,
frilled apron,0,66963,
spikes,0,66892,spike
nature,0,66879,
corset,0,66878,
adapted costume,0,66873,
^^^,0,66642,realization crown
sweater vest,0,66641,
green bow,0,66462,
happy birthday,0,66425,hbd
skirt set,0,66358,
furry male,0,66165,furry boy
patreon username,0,66156,
brown gloves,0,66046,
arm at side,0,65761,
pink ribbon,0,65744,
clothing aside,0,65727,
casual,0,65470,
yellow shirt,0,65421,
grey jacket,0,65385,
carrying,0,65283,
tsurime,0,65156,
vertical-striped clothes,0,64895,vertical-striped clothing
breath,0,64886,
between breasts,0,64869,
black sailor collar,0,64771,
high collar,0,64739,
semi-rimless eyewear,0,64721,
two-tone background,0,64591,
armlet,0,64544,
green jacket,0,64351,
bike shorts,0,64325,
veins,0,64080,
dragon girl,0,63805,
freckles,0,63619,
brown jacket,0,63580,
white skin,0,63537,
close-up,0,63511,
:p,0,63465,
genderswap,0,63259,
dual persona,0,62967,
white boots,0,62888,
spot color,0,62858,
forehead,0,62829,
black sleeves,0,62628,
purple shirt,0,62411,
glowing eyes,0,62336,
white hairband,0,62258,
motor vehicle,0,62168,
breasts apart,0,62095,
pink panties,0,62068,
angry,0,61964,
wet clothes,0,61764,
wolf tail,0,61599,coyote tail
clenched hands,0,61494,
facial,0,61432,
blue bikini,0,61406,
peaked cap,0,61381,
hand fan,0,61368,
androgynous,0,61365,
pocket,0,61232,
brown background,0,61204,
straight-on,0,61088,head-on
floating,0,60792,
tentacles,0,60790,
frilled shirt collar,0,60574,
white outline,0,60566,
blue pants,0,60544,
toned,0,60531,
beads,0,60222,
wolf girl,0,60137,
rabbit girl,0,59996,
brown pantyhose,0,59888,
clothed female nude male,0,59828,
micro bikini,0,59753,
blood on face,0,59737,
licking,0,59633,
side slit,0,59608,
bow panties,0,59584,ribbon panties
green dress,0,59504,
clothes writing,0,59442,text print
half updo,0,59431,half down half up
blue halo,0,59356,
science fiction,0,59310,
paizuri,0,59234,titjob
panty pull,0,59206,
low-tied long hair,0,58822,
jingle bell,0,58816,
sleeves rolled up,0,58769,sleeves folded up
looking ahead,0,58727,
knee up,0,58685,
mole on breast,0,58650,
smoke,0,58619,
single glove,0,58463,
covering privates,0,58461,covering
turtleneck sweater,0,58328,
tareme,0,58268,
purple skirt,0,58255,
wide hips,0,58196,"big hips,large hips"
drinking glass,0,58186,
cake,0,58163,
doll,0,58142,
high heel boots,0,58081,
colored eyelashes,0,58076,
angel wings,0,58053,
white kimono,0,57994,white kosode
topless male,0,57889,
christmas,0,57806,
shirt tucked in,0,57510,
thought bubble,0,57258,
green shirt,0,57237,
crossdressing,0,57089,
!,0,57066,
large pectorals,0,57047,
zipper,0,56975,
black-framed eyewear,0,56935,
desk,0,56904,
mary janes,0,56875,
copyright notice,0,56725,"all rights reserved,trademark notice"
hair flaps,0,56550,
asymmetrical legwear,0,56478,
hair scrunchie,0,56331,
track jacket,0,56325,
anime coloring,0,56322,cel shading (2d)
reflection,0,56314,
@ @,0,56203,swirly eyes
ball,0,56203,
rifle,0,56001,
snow,0,55937,
cowgirl position,0,55767,
full moon,0,55655,
white shorts,0,55619,
mecha,0,55481,
crying with eyes open,0,55323,
long skirt,0,55322,
long fingernails,0,55277,long nails (fingers)
wading,0,55219,standing in liquid
gift,0,55171,
pencil skirt,0,55059,
star hair ornament,0,55010,
spoken ellipsis,0,54946,spoken ...
thong,0,54851,
high-waist skirt,0,54836,
:<,0,54619,
arm behind back,0,54564,
pink halo,0,54547,
walking,0,54504,
yellow flower,0,54438,
black bodysuit,0,54378,black bikesuit
cum on breasts,0,54300,
belt buckle,0,54174,
clothed sex,0,53925,
handgun,0,53761,pistol
blue bowtie,0,53545,
fake tail,0,53314,
notice lines,0,53280,realization lines
kemonomimi mode,0,53201,
purple flower,0,53186,
front-tie top,0,53146,
wide-eyed,0,53143,
frilled bikini,0,53125,
starry sky,0,53052,
hand on another's head,0,52928,
hand in pocket,0,52911,
skin tight,0,52831,
sound effects,0,52804,sfx
pauldrons,0,52692,
handjob,0,52497,
holding umbrella,0,52484,holding parasol
headset,0,52477,
blunt ends,0,52375,
finger to mouth,0,52267,
strap slip,0,52237,
pouch,0,51927,
arm behind head,0,51738,
tray,0,51699,
after sex,0,51639,
ear covers,0,51630,
heavy breathing,0,51605,
futanari,0,51563,
faceless male,0,51539,
summer uniform,0,51523,
sports bra,0,51478,
hair behind ear,0,51423,
striped shirt,0,51367,
single horn,0,51354,
long dress,0,51318,
fish,0,51266,
brown skirt,0,51237,
collared dress,0,51188,
goggles on head,0,51157,
age difference,0,51134,
masturbation,0,50846,
holding staff,0,50839,
dog girl,0,50772,
chinese text,0,50758,
fins,0,50716,
convenient censoring,0,50521,
lens flare,0,50502,
braided ponytail,0,50444,
swim ring,0,50318,
ribbon-trimmed sleeves,0,50268,
blouse,0,50226,
empty eyes,0,50189,
between legs,0,50183,
shoulder bag,0,50115,
seiza,0,50093,
cigarette,0,50062,
2koma,0,50036,
sailor dress,0,49960,
curtained hair,0,49857,ribbon bangs
jitome,0,49759,
dog tail,0,49652,
reaching,0,49614,
mature female,0,49607,
:q,0,49589,
denim shorts,0,49575,
unworn headwear,0,49519,headwear removed
sideways glance,0,49486,
lace,0,49485,
missing headwear,0,49466,"no hat,no headwear,no helmet"
yellow ribbon,0,49407,
striped panties,0,49342,
forest,0,49145,
missionary,0,49032,
alcohol,0,48999,
red scarf,0,48756,
santa hat,0,48687,christmas hat
rain,0,48672,
one-hour drawing challenge,0,48528,
cleft of venus,0,48470,
short ponytail,0,48424,
puffy nipples,0,48380,puffy areolae
side-tie panties,0,48340,
oni,0,48285,
disembodied linked eye,0,48285,"floating linked eye,third eye (touhou)"
layered sleeves,0,48276,
brown belt,0,48246,
dragon tail,0,48198,
ribbed sweater,0,48198,
large areolae,0,48085,
pov hands,0,48025,hand pov
pendant,0,47993,
genderswap (mtf),0,47879,
asymmetrical bangs,0,47859,
pink lips,0,47847,
rape,0,47628,
top hat,0,47608,magician hat
striped bow,0,47561,
long bangs,0,47513,
emphasis lines,0,47436,
legs up,0,47416,
curly hair,0,47375,
shrug (clothing),0,47339,
red bikini,0,47311,
bulge,0,47254,
hair spread out,0,47254,
hand in own hair,0,47250,
animal ear hairband,0,47232,
animal hands,0,47187,
pokemon focus,0,47113,
hakama skirt,0,47029,
partially submerged,0,47006,
4boys,0,46970,
tokin hat,0,46862,
legs apart,0,46852,
twins,0,46846,
height difference,0,46796,
fingering,0,46776,fingers in pussy
animal focus,0,46710,
white leotard,0,46593,
personification,0,46593,
crossdressing (mtf),0,46516,
condom,0,46449,
pink jacket,0,46333,
tinted eyewear,0,46277,
large penis,0,46257,
brown hat,0,46253,
bubble,0,46225,
bandaged arm,0,46145,
mouth mask,0,46098,
lapels,0,46064,lapel
white bra,0,45999,
ass focus,0,45932,
cropped shirt,0,45713,
heart hair ornament,0,45713,heart hairclip
eyeliner,0,45638,
hat ornament,0,45637,
low wings,0,45623,"hip wings,waist wings"
backlighting,0,45540,
falling petals,0,45527,"flying petals,petals in wind"
off-shoulder dress,0,45481,
santa costume,0,45386,
black collar,0,45378,
epaulettes,0,45230,
mature male,0,45139,
head rest,0,45082,
red rose,0,45068,
hoop earrings,0,45016,
jeans,0,44978,
korean text,0,44976,
torn pantyhose,0,44970,
blue one-piece swimsuit,0,44904,
running,0,44900,
cuffs,0,44683,
red cape,0,44658,
paper,0,44572,
hands on own hips,0,44523,hands on hips
halloween,0,44326,
teacup,0,44320,
raised eyebrows,0,44296,
back bow,0,44211,
parent and child,0,44129,
red-framed eyewear,0,44106,
threesome,0,44000,
plump,0,44000,
out of frame,0,43976,
hair down,0,43882,
stud earrings,0,43866,
orange background,0,43803,
drinking straw,0,43778,
bikini top only,0,43680,
flying,0,43648,flight
bowl,0,43542,
cumdrip,0,43513,
school bag,0,43423,
hand on another's shoulder,0,43421,grabbing another's shoulder
bags under eyes,0,43373,eye bags
dog,0,43245,
stubble,0,43114,
monster,0,43091,
double v,0,43086,double peace
dress lift,0,43044,
grey pants,0,42948,
lolita fashion,0,42909,
watch,0,42811,
purple nails,0,42746,
sun hat,0,42581,
steaming body,0,42529,
6+boys,0,42524,
bouquet,0,42505,
holding flower,0,42403,
flipped hair,0,42337,
doggystyle,0,42262,
gym uniform,0,42176,
mini person,0,42002,miniperson
foot out of frame,0,41964,
knees together feet apart,0,41909,
tentacle hair,0,41889,
blurry foreground,0,41878,
short eyebrows,0,41858,round eyebrows
arm tattoo,0,41748,
tracen school uniform,0,41733,
green hat,0,41595,
+ +,0,41566,
broom,0,41545,
mug,0,41519,
tanlines,0,41489,
on chair,0,41442,
holding knife,0,41399,holding karambit
lab coat,0,41358,labcoat
double-breasted,0,41356,
blue gloves,0,41349,
veiny penis,0,41344,
black serafuku,0,41275,
dual wielding,0,41180,
spread pussy,0,41133,
holding unworn clothes,0,41031,
partially fingerless gloves,0,40987,
heart hands,0,40967,
innertube,0,40959,
breastplate,0,40926,chest plate
cum in mouth,0,40864,"cumshot in mouth,oral cumshot"
brother and sister,0,40859,
circlet,0,40818,
cum overflow,0,40811,
white sweater,0,40802,
scar across eye,0,40778,
open book,0,40761,
pajamas,0,40746,
mirror,0,40739,
red hairband,0,40700,
buruma,0,40692,
brown dress,0,40651,
yellow ascot,0,40616,
waving,0,40580,waving arm
armpit crease,0,40494,
blue skin,0,40466,
mustache,0,40387,
facing away,0,40384,
wooden floor,0,40379,hardwood floor
yellow jacket,0,40374,
injury,0,40192,
ringed eyes,0,40069,
red lips,0,40068,
blue kimono,0,40034,
split mouth,0,39955,
lollipop,0,39816,
serious,0,39762,
zoom layer,0,39760,
blue theme,0,39746,
toenail polish,0,39700,
bandaid on face,0,39681,
fur-trimmed jacket,0,39674,
black cape,0,39608,
arrow (symbol),0,39604,
upskirt,0,39566,
drawstring,0,39499,
fake horns,0,39434,horn hair ornament
on floor,0,39300,
poke ball,0,39290,
sunset,0,39286,
can,0,39261,
single side bun,0,39204,side bun
under-rim eyewear,0,39132,
arms at sides,0,39073,
bouncing breasts,0,39051,
red halo,0,39031,
fishnet pantyhose,0,39026,
eyebrows,0,38938,
yellow halo,0,38932,
doujin cover,0,38864,
lantern,0,38822,
forehead mark,0,38790,
enmaided,0,38723,
visor cap,0,38710,
sideburns,0,38697,
hug from behind,0,38694,
mini hat,0,38693,
:t,0,38663,
!?,0,38647,
chromatic aberration,0,38637,
rabbit,0,38591,bunny
shawl,0,38565,
leash,0,38532,
hat flower,0,38531,
holding bag,0,38430,
competition swimsuit,0,38421,
center frills,0,38413,centre frills
impossible clothes,0,38390,
glint,0,38306,
shield,0,38212,
print bikini,0,38211,
lace-up boots,0,38198,"cross-laced boots,laced boots"
muscular female,0,38108,
pout,0,38054,pouting
sailor shirt,0,38025,
very short hair,0,38003,
card,0,37977,
artist logo,0,37911,
character doll,0,37789,
long pointy ears,0,37786,
brown shirt,0,37772,
dragon,0,37739,
nipple stimulation,0,37718,teasing nipples
breasts squeezed together,0,37676,breast squeeze
contrapposto,0,37612,
foot focus,0,37561,feet focus
hand on own cheek,0,37533,
snowing,0,37528,falling snow
reaching towards viewer,0,37511,reaching out
frilled shirt,0,37465,
sand,0,37424,
legs together,0,37416,
black sclera,0,37361,
rock,0,37314,
asymmetrical hair,0,37299,
object insertion,0,37285,
fur collar,0,37277,
half up braid,0,37195,
popsicle,0,37192,
two-sided fabric,0,37178,
ghost,0,37108,
garter belt,0,37049,
weibo watermark,0,37026,weibo logo
tiles,0,37014,
butterfly hair ornament,0,36910,
aged up,0,36909,older
shoulder cutout,0,36826,
green ribbon,0,36805,
crown braid,0,36783,
purple ribbon,0,36769,
thighband pantyhose,0,36694,
huge ass,0,36686,thick ass
pinafore dress,0,36665,
stairs,0,36643,
bishounen,0,36616,bishi
smirk,0,36601,
hand between own legs,0,36552,"arm between own legs,hand between own thighs"
teddy bear,0,36463,
female masturbation,0,36439,
off-shoulder shirt,0,36377,
food in mouth,0,36340,
red vest,0,36327,
paw pose,0,36253,
sign,0,36226,
unworn hat,0,36211,hat removed
black sweater,0,36151,
adjusting clothes,0,36089,
nontraditional miko,0,36062,
naughty face,0,35942,
strawberry,0,35914,
ice,0,35861,
crystal,0,35842,
single bare shoulder,0,35806,
mouse ears,0,35785,
on ground,0,35741,
sheathed,0,35713,
white fur,0,35673,
spoon,0,35667,
blood on clothes,0,35625,
body fur,0,35619,
panties under pantyhose,0,35572,
card (medium),0,35518,
beanie,0,35494,toque
interracial,0,35486,
backless outfit,0,35482,
fork,0,35470,
spaghetti strap,0,35413,
handbag,0,35297,hand bag
ice cream,0,35200,
brown pants,0,35186,
drink,0,35162,
eyebrows hidden by hair,0,35124,eyebrows behind hair
skull,0,35078,
city,0,35073,
pasties,0,35038,
smug,0,34987,
looking away,0,34935,
motion blur,0,34913,
on couch,0,34912,
striped bikini,0,34912,
symbol in eye,0,34796,
smoking,0,34743,
arm warmers,0,34714,
upside-down,0,34706,upside down
two-tone dress,0,34705,
water drop,0,34650,
long sidelocks,0,34632,
nurse cap,0,34582,
arm under breasts,0,34541,
sharp fingernails,0,34540,pointy fingernails
hands in pockets,0,34513,
bandana,0,34449,
blue shoes,0,34443,
= =,0,34439,
nun,0,34363,
sarashi,0,34270,
sitting on person,0,34248,
brown thighhighs,0,34217,
white capelet,0,34192,
alternate color,0,34174,
railing,0,34171,
black one-piece swimsuit,0,34157,
holding polearm,0,34075,"holding halberd,holding trident"
white one-piece swimsuit,0,34065,
straw hat,0,34056,
criss-cross halter,0,33987,
style parody,0,33921,
print kimono,0,33886,
borrowed character,0,33876,
fighting stance,0,33868,
jacket on shoulders,0,33847,
chopsticks,0,33760,
front-tie bikini top,0,33737,
nose,0,33684,
star-shaped pupils,0,33660,
tabard,0,33620,
sportswear,0,33569,
rigging,0,33565,
chocolate,0,33477,
hair tie,0,33435,
animal hood,0,33406,
;),0,33332,
white scarf,0,33325,
panties aside,0,33288,
other focus,0,33287,
ear ornament,0,33275,
light rays,0,33243,
minigirl,0,33148,
sample watermark,0,33136,
v arms,0,33121,
rabbit ear hairband,0,33018,
branch,0,32944,
contemporary,0,32917,
covering own mouth,0,32894,hands over own mouth
hugging object,0,32848,object hug
blue panties,0,32844,
ofuda,0,32798,paper talisman
chibi inset,0,32765,
creature,0,32758,mascot creature
overalls,0,32725,
pleated dress,0,32660,
holding bottle,0,32655,
realistic,0,32638,
outstretched hand,0,32598,
shiny clothes,0,32576,
android,0,32479,
grey dress,0,32422,
palm tree,0,32414,
holding fan,0,32407,
breast pocket,0,32289,chest pocket
mountain,0,32230,
grabbing from behind,0,32224,
jumping,0,32223,
military hat,0,32206,
apple,0,32190,red apple
cross-laced clothes,0,32180,
blue hairband,0,32131,
fence,0,32129,
yukata,0,32124,
holding microphone,0,32083,
hand on another's face,0,32062,
camera,0,32043,
selfie,0,31887,
vibrator,0,31827,
purple jacket,0,31824,
antlers,0,31801,
pixel art,0,31703,
hime cut,0,31680,
blue leotard,0,31677,
black kimono,0,31676,
dildo,0,31631,
gag,0,31618,
adjusting eyewear,0,31605,
tail ornament,0,31600,
potted plant,0,31534,
clitoral hood,0,31525,
hair over eyes,0,31510,
snake,0,31487,
midriff peek,0,31456,stomach peek
floral background,0,31447,
pov crotch,0,31369,
clitoris,0,31363,
frilled bow,0,31360,
spoken question mark,0,31345,spoken ?
size difference,0,31344,
green skin,0,31279,
new year,0,31237,
hair bell,0,31207,bell hair ornament
confetti,0,31167,
animification,0,31164,
gagged,0,31138,
split-color hair,0,31135,
door,0,31083,
bow (weapon),0,31082,
licking lips,0,30960,
bespectacled,0,30959,
mother and child,0,30904,
petite,0,30844,
goatee,0,30811,
sunflower,0,30797,
full-face blush,0,30791,
holding tray,0,30768,
grabbing another's ass,0,30759,
wedding dress,0,30662,
angel,0,30511,angel costume
pink bikini,0,30478,
yellow neckerchief,0,30471,
zipper pull tab,0,30457,
no nose,0,30446,
shota,0,30382,
covered mouth,0,30352,
blindfold,0,30193,
underwater,0,30174,
gift box,0,30054,
holding instrument,0,30012,
pen,0,29992,
spear,0,29981,
absurdly long hair,0,29926,"extremely long hair,hair past feet"
bound wrists,0,29850,
sun,0,29836,
pink hat,0,29833,
cum on hair,0,29760,
purple thighhighs,0,29757,
anklet,0,29712,lower leg bracelet
crotch seam,0,29694,
3d,0,29670,
balloon,0,29667,
food-themed hair ornament,0,29628,
car,0,29617,
w,0,29598,
hand on own chin,0,29471,
horizon,0,29467,
wrist scrunchie,0,29403,scrunchie on wrist
talking,0,29392,
black hoodie,0,29376,
page number,0,29371,
guitar,0,29336,
valentine,0,29289,
name tag,0,29253,
gyaru,0,29246,
white cape,0,29243,
multiple others,0,29230,
joints,0,29209,
kneepits,0,29168,
head out of frame,0,29135,
blue gem,0,29079,blue gemstone
scales,0,29040,
antennae,0,28966,
cable,0,28952,electrical wire
vision (genshin impact),0,28939,
wristwatch,0,28928,
o o,0,28901,
hair stick,0,28900,
suspender skirt,0,28863,jumper skirt
white choker,0,28858,
food on face,0,28843,
bikini under clothes,0,28803,
gakuran,0,28790,
forehead jewel,0,28763,
white streaks,0,28754,
duel monster,0,28737,
wand,0,28731,
top-down bottom-up,0,28717,
blue cape,0,28713,
highleg panties,0,28707,
+++,0,28705,
print shirt,0,28670,
open cardigan,0,28668,
half gloves,0,28607,
butt crack,0,28603,
sleeve cuffs,0,28593,cuffed sleeves
bandeau,0,28567,
orange bow,0,28565,
fish tail,0,28482,tail fin
spread arms,0,28455,
ahegao,0,28454,
newsboy cap,0,28408,cabbie hat
purple gloves,0,28397,
bloomers,0,28377,
silent comic,0,28365,
raised inner eyebrows,0,28363,
id card,0,28361,
toeless legwear,0,28353,
covering breasts,0,28337,handbra
red thighhighs,0,28336,
mask on head,0,28313,
claw pose,0,28284,
cow print,0,28224,
blue vest,0,28223,
saliva trail,0,28149,spit trail
checkered clothes,0,28123,
haori,0,28111,
multicolored jacket,0,28095,
bookshelf,0,28030,
dakimakura (medium),0,28028,
pink bowtie,0,28011,
hanging breasts,0,27988,
folding fan,0,27968,
black tank top,0,27952,
white ascot,0,27947,
lactation,0,27941,
white wrist cuffs,0,27920,
blanket,0,27867,
white eyes,0,27813,
oekaki,0,27724,
microskirt,0,27638,micro skirt
candle,0,27612,
headpiece,0,27576,
center opening,0,27563,centre opening
tube top,0,27534,
partially visible vulva,0,27520,
adjusting hair,0,27496,
abyssal ship,0,27467,
red kimono,0,27466,
open fly,0,27452,unbuttoned shorts
cow ears,0,27446,ox ears
black tail,0,27416,
electricity,0,27413,
covered eyes,0,27397,obscured eyes
mecha pilot suit,0,27309,
clock,0,27303,
curled horns,0,27289,
panties around one leg,0,27285,
winter clothes,0,27162,
red horns,0,27102,
underbust,0,27042,
company name,0,27036,
bush,0,27023,
eighth note,0,27018,
colored tips,0,26983,frosted tips
tress ribbon,0,26975,
highleg one-piece swimsuit,0,26972,
blue neckerchief,0,26965,
poke ball (basic),0,26959,
3koma,0,26955,
diamond (shape),0,26920,"diamonds (card suit),rhombus"
pink bra,0,26852,
on head,0,26846,
japanese armor,0,26757,
red boots,0,26743,
feather hair ornament,0,26706,
holding bouquet,0,26699,
white belt,0,26675,
film grain,0,26670,noise (visual)
mini crown,0,26666,
yellow dress,0,26630,
uniform,0,26624,
white tank top,0,26619,
drinking,0,26586,
undershirt,0,26500,
toned male,0,26490,
pool,0,26410,
limited palette,0,26395,
long legs,0,26318,
basket,0,26276,
brown coat,0,26262,
bodystocking,0,26175,bodystocking under clothes
leaning back,0,26146,
classroom,0,26137,
patreon logo,0,26127,
red ascot,0,26119,
yokozuwari,0,26100,
hands on own face,0,26061,
white collar,0,26050,
folded ponytail,0,26009,
| |,0,25990,|| ||
controller,0,25978,
blue rose,0,25942,
heart censor,0,25929,
shoulder tattoo,0,25906,
disposable cup,0,25861,
red streaks,0,25839,
after vaginal,0,25824,
fairy wings,0,25767,
petticoat,0,25747,
glass,0,25690,
black border,0,25632,
looking afar,0,25612,
blue thighhighs,0,25597,
orgasm,0,25591,
eyeball,0,25590,
black capelet,0,25586,
fishnet thighhighs,0,25573,
surrounded by penises,0,25530,
scar on cheek,0,25519,
arrow (projectile),0,25505,
holding animal,0,25461,
open hand,0,25426,
nervous sweating,0,25405,"cold sweat,sweating profusely"
red coat,0,25375,
harness,0,25322,
white hoodie,0,25309,
torn thighhighs,0,25309,
cow horns,0,25297,ox horns
red choker,0,25283,
tiger ears,0,25276,
grabbing own breast,0,25268,self fondle
tight clothes,0,25263,tight
hand on headwear,0,25248,
school desk,0,25235,
parallel hairclips,0,25225,= hair ornament
aircraft,0,25213,
purple hat,0,25172,
invisible chair,0,25159,sitting in midair
tabi,0,25140,
arm strap,0,25137,
holding stuffed toy,0,25108,"holding plush,holding teddy bear"
fur-trimmed coat,0,25104,
leg warmers,0,25011,
armored boots,0,24990,metal boots
partially unbuttoned,0,24943,
gangbang,0,24892,
ankle boots,0,24889,
cheerleader,0,24839,
onsen,0,24812,
mechanical arms,0,24809,"robot arms,robotic arms"
pink shoes,0,24800,
arched back,0,24797,
futa with female,0,24795,
white bowtie,0,24776,
pom pom (cheerleading),0,24763,
striped necktie,0,24762,
halloween costume,0,24752,
bow hairband,0,24730,
witch,0,24717,
squiggle,0,24661,
animal nose,0,24618,"bunny nose,cat nose,dog nose,rabbit nose"
hanfu,0,24608,
retro artstyle,0,24579,
light frown,0,24528,
collared jacket,0,24431,
asymmetrical gloves,0,24425,
space,0,24397,
headpat,0,24373,
bun cover,0,24363,
hand on own head,0,24338,
multicolored skin,0,24311,
low twin braids,0,24286,
leggings,0,24264,
holding poke ball,0,24157,
road,0,24119,
shibari,0,24077,
cityscape,0,24040,
bandaid on leg,0,24007,
layered dress,0,23999,
precum,0,23994,
nipple tweak,0,23977,
nipple piercing,0,23965,
assault rifle,0,23943,
red pants,0,23927,
tile floor,0,23919,floor tiles
purple bowtie,0,23891,
shared bathing,0,23891,
vambraces,0,23858,
holding plate,0,23838,
polka dot background,0,23824,
frilled hairband,0,23806,
wide shot,0,23771,
bikini armor,0,23743,chainmail bikini
reading,0,23736,
inkling,0,23703,
green necktie,0,23668,
stretching,0,23637,stretch
highleg bikini,0,23598,
grey skin,0,23528,
yellow necktie,0,23439,
gothic lolita,0,23437,
bald,0,23422,
riding,0,23416,
belly,0,23412,
magic,0,23402,
animal ear piercing,0,23390,animal ear earrings
interspecies,0,23355,
purple bikini,0,23353,
under covers,0,23350,under blanket
geta,0,23341,
standing sex,0,23316,
french kiss,0,23314,
short over long sleeves,0,23311,"long sleeves under short sleeves,short sleeves over long sleeves"
huge ahoge,0,23279,
layered skirt,0,23274,
fairy,0,23232,
slippers,0,23223,
clothes around waist,0,23215,
lamp,0,23158,
headdress,0,23135,
dancing,0,23124,
sleeveless turtleneck,0,23083,
notched lapels,0,23035,
rolling eyes,0,23023,
hair slicked back,0,23014,
ear bow,0,22991,animal ear bow
thong panties,0,22986,
miko,0,22972,
facial tattoo,0,22965,
blue coat,0,22965,
silhouette,0,22956,
shade,0,22925,in shadow
laughing,0,22869,
green nails,0,22866,
pink kimono,0,22865,
mismatched legwear,0,22860,
disembodied hand,0,22855,
red shorts,0,22852,
blue boots,0,22847,
military vehicle,0,22838,
long hair between eyes,0,22837,
red pupils,0,22823,
back-to-back,0,22810,
evil smile,0,22792,
pulling own clothes,0,22786,pulled by self
flag,0,22752,
emblem,0,22743,
no pupils,0,22737,
bird wings,0,22724,
paw gloves,0,22715,fake paws
undercut,0,22678,
star print,0,22677,
office lady,0,22663,secretary
bound arms,0,22659,
bare back,0,22647,
frilled hair tubes,0,22640,
eye mask,0,22615,eyemask
nurse,0,22613,
mechanical halo,0,22607,
triangle mouth,0,22598,
bangle,0,22595,
sailor hat,0,22589,
aqua necktie,0,22529,
frog hair ornament,0,22526,
hand to own mouth,0,22509,
thighlet,0,22506,"thigh ring,upper leg bracelet"
reference sheet,0,22463,"character sheet,design sheet,settei"
animal costume,0,22440,
own hands clasped,0,22437,
red leotard,0,22370,
male underwear,0,22368,
inverted nipples,0,22350,
bridal veil,0,22344,
aqua nails,0,22329,
grabbing another's arm,0,22280,
partially colored,0,22280,
nipple slip,0,22267,
loose socks,0,22231,baggy socks
blue scarf,0,22224,
white rose,0,22157,
mother and daughter,0,22128,
brown cardigan,0,22097,
incest,0,22096,
bandaged leg,0,22090,
mouse tail,0,22076,
purple kimono,0,21968,
blue streaks,0,21965,
jack-o'-lantern,0,21959,
wine glass,0,21958,
yellow bikini,0,21957,
multiple rings,0,21933,rings
taut clothes,0,21860,
sundress,0,21856,
unworn eyewear,0,21842,eyewear removed
bench,0,21839,
no mouth,0,21836,
gohei,0,21819,
frilled thigh strap,0,21817,"bridal garter,leg garter,thigh garter"
chest jewel,0,21792,"chest gem,gem on chest"
happy new year,0,21790,
rabbit hair ornament,0,21773,bunny hair ornament
tied shirt,0,21755,
ninja,0,21746,
scared,0,21733,"dread,terrified"
triangular headpiece,0,21723,
happy sex,0,21679,
holster,0,21674,
imminent penetration,0,21661,imminent insertion
beachball,0,21648,
ship turret,0,21625,
femdom,0,21623,
key,0,21604,
chinese zodiac,0,21587,
spreading own pussy,0,21577,
holding own dress,0,21574,
red eyeshadow,0,21562,
architecture,0,21549,
wedding ring,0,21547,wedding band
suit jacket,0,21536,dress jacket
paw print,0,21524,
animalization,0,21501,
hand on own arm,0,21496,"grabbing own arm,holding own arm"
striped dress,0,21479,
grey shorts,0,21476,
facing another,0,21473,
brown shorts,0,21463,
field,0,21431,
wet shirt,0,21429,
leg lift,0,21427,
stuffed rabbit,0,21420,stuffed bunny
presenting own body,0,21420,
holding fruit,0,21367,"holding cherry,holding grape,holding lemon,holding orange,holding watermelon"
unbuttoned,0,21346,
5boys,0,21342,
cross necklace,0,21318,
cum in ass,0,21292,anal creampie
tail raised,0,21256,tail lifted
cone hair bun,0,21226,hair cones
bread,0,21204,
face-to-face,0,21188,
leather,0,21171,
scythe,0,21151,
skin-covered horns,0,21142,
indian style,0,21126,
tatami,0,21106,
headphones around neck,0,21105,
head wreath,0,21086,
condom wrapper,0,21073,
backless dress,0,21039,
axe,0,21030,
dagger,0,20984,
sarong,0,20967,
hands on own chest,0,20955,
brown sweater,0,20940,
vampire,0,20916,
halftone,0,20903,halftone texture
navel cutout,0,20895,
pocky,0,20868,
mittens,0,20849,
black cat,0,20841,
spoken exclamation mark,0,20813,spoken !
averting eyes,0,20800,avoiding eye contact
salute,0,20798,
star earrings,0,20784,
grey sweater,0,20762,
bow bra,0,20742,
hand on own thigh,0,20730,
bedroom,0,20723,
horn ornament,0,20691,
orange shirt,0,20681,
bucket,0,20671,
ears through headwear,0,20647,
alternate eye color,0,20642,
hitodama,0,20610,
black suit,0,20596,
playing instrument,0,20583,playing musical instrument
shark tail,0,20575,
see-through shirt,0,20551,transparent shirt
shoulder blades,0,20499,scapula
naked shirt,0,20492,
anchor symbol,0,20461,
raccoon ears,0,20457,
tilted headwear,0,20453,tilted hat
red eyeliner,0,20448,
battle,0,20436,
used condom,0,20417,
wet hair,0,20413,
2000s (style),0,20398,
fantasy,0,20360,
computer,0,20356,
teapot,0,20340,
whisker markings,0,20329,
annoyed,0,20307,
superhero costume,0,20298,"superhero,supervillain,supervillain costume,supervillains"
constricted pupils,0,20278,
puff of air,0,20278,=3
leaf hair ornament,0,20256,
mouse girl,0,20204,rat girl
thumbs up,0,20199,
drunk,0,20197,
hip vent,0,20169,
bonnet,0,20159,
green bikini,0,20093,
charm (object),0,20092,keychain
red hakama,0,20083,
yellow skirt,0,20071,
anal object insertion,0,20055,
round teeth,0,20036,
anniversary,0,20021,
pink theme,0,20007,
open kimono,0,19970,
air bubble,0,19956,
holding own hair,0,19927,
public indecency,0,19923,
pectoral cleavage,0,19914,
see-through sleeves,0,19910,sheer sleeves
bead necklace,0,19894,
text focus,0,19862,
brothers,0,19847,
belt collar,0,19810,belt choker
fat,0,19804,
against wall,0,19787,
face piercing,0,19774,face piercings
red skin,0,19770,
two-tone eyes,0,19768,
bikini skirt,0,19755,
:>,0,19747,
dark,0,19737,
coat on shoulders,0,19733,
animal hat,0,19732,
pink rose,0,19717,
off-shoulder sweater,0,19711,
pubic tattoo,0,19650,
three-quarter sleeves,0,19625,sleeves past elbows
ear blush,0,19623,
hugging own legs,0,19622,
red panties,0,19582,
holding another's wrist,0,19572,
chest tattoo,0,19540,
toned female,0,19525,
paintbrush,0,19523,
autumn leaves,0,19507,fall leaves
uneven legwear,0,19499,
princess carry,0,19488,
fireworks,0,19477,
cannon,0,19464,
hat feather,0,19453,"feather in hat,feathered hat"
lowleg,0,19444,low-rise
idol,0,19441,
photo (object),0,19440,
fox mask,0,19416,
head fins,0,19415,"ear fins,fin ears"
pink thighhighs,0,19413,
two tails,0,19390,
green halo,0,19386,
unworn shoes,0,19367,shoes removed
stitches,0,19361,
navel piercing,0,19356,
heart of string,0,19319,
turning head,0,19315,
unzipped,0,19274,
green pants,0,19251,
fur-trimmed sleeves,0,19202,
red capelet,0,19173,
latex,0,19157,
heart earrings,0,19145,
hooded cloak,0,19139,
one breast out,0,19138,
white bodysuit,0,19096,white bikesuit
cross-shaped pupils,0,19079,
randoseru,0,19072,
cat boy,0,19070,
bare pectorals,0,19059,pectorals out of clothes
wind lift,0,19058,
jacket partially removed,0,19009,
bracer,0,19002,
swimsuit under clothes,0,18993,
lower teeth only,0,18973,lower teeth
giant,0,18961,
drink can,0,18950,
tunic,0,18941,
aura,0,18911,
string,0,18899,
oil-paper umbrella,0,18889,
black halo,0,18851,
on one knee,0,18822,"genuflecting,one knee"
yellow bowtie,0,18815,
headscarf,0,18770,head scarf
chest harness,0,18764,
sparkling eyes,0,18763,
carrot,0,18760,
cross hair ornament,0,18740,
blank eyes,0,18738,
gym shirt,0,18712,
black neckerchief,0,18712,
spiked collar,0,18688,
two-tone skin,0,18662,
mandarin collar,0,18645,
striped bowtie,0,18643,
ffm threesome,0,18631,
game controller,0,18629,gamepad
imminent kiss,0,18610,
clothes between breasts,0,18600,
old,0,18600,
belt pouch,0,18588,
red gem,0,18587,red gemstone
cross-section,0,18584,
chestnut mouth,0,18569,
knee pads,0,18568,
picture frame,0,18560,"painting frame,photo frame"
green vest,0,18540,
holding fork,0,18530,
blue sweater,0,18523,
everyone,0,18517,
snowflakes,0,18516,
oversized clothes,0,18503,clothes too big
snake hair ornament,0,18492,
shoe soles,0,18487,
pink gloves,0,18486,
purple panties,0,18485,
gameplay mechanics,0,18481,
white camisole,0,18469,
scabbard,0,18459,sword sheath
coin,0,18448,
micro shorts,0,18444,
tiptoes,0,18426,
mmf threesome,0,18424,
watercraft,0,18416,
fang out,0,18414,
afterimage,0,18360,
male penetrated,0,18358,
holding gift,0,18350,
assertive female,0,18343,
single sidelock,0,18340,
moaning,0,18334,
heart ahoge,0,18327,
animal on head,0,18321,
naked towel,0,18318,
blood on hand,0,18317,blood on hands
monitor,0,18317,
holding cigarette,0,18314,
bad anatomy,0,18291,
animal collar,0,18286,
yellow sclera,0,18278,
kitsune,0,18251,
sitting on lap,0,18250,
aqua background,0,18246,
nervous,0,18217,
purple skin,0,18206,
facepaint,0,18199,
hand on own knee,0,18191,
blue hoodie,0,18155,
two-tone shirt,0,18146,
winter,0,18140,
bathing,0,18132,
crescent hair ornament,0,18112,
vines,0,18062,
ice wings,0,18056,
holding spoon,0,18035,
two-tone jacket,0,18028,
striped background,0,18010,
holding can,0,18005,
licking penis,0,18000,
digimon (creature),0,17978,
very dark skin,0,17969,
green shorts,0,17966,
diagonal-striped clothes,0,17965,diagonal-striped clothing
:/,0,17960,
floppy ears,0,17956,
side braids,0,17954,
braided bangs,0,17938,
short kimono,0,17916,
armored dress,0,17914,
red collar,0,17911,
pinstripe pattern,0,17887,
nosebleed,0,17886,
sad,0,17866,
folded,0,17833,
holding chopsticks,0,17820,
earmuffs,0,17814,
lolita hairband,0,17768,
father and child,0,17754,
black scarf,0,17743,
looking at object,0,17739,
biting,0,17737,
pointing at viewer,0,17733,
bat (animal),0,17715,
v-neck,0,17696,
dolphin shorts,0,17691,
breast sucking,0,17690,sucking nipples
areolae,0,17673,
blue choker,0,17673,
colored extremities,0,17661,"darker arms,darker hands"
leg ribbon,0,17626,
one-eyed,0,17610,single eye
handcuffs,0,17604,
m legs,0,17601,
onee-shota,0,17586,
cowbell,0,17584,
black sports bra,0,17582,
alternate hair color,0,17581,
pantyhose under shorts,0,17563,
slingshot swimsuit,0,17561,
multiple hair bows,0,17553,
holding candy,0,17552,
white veil,0,17503,
squeans,0,17481,sleep bubble
waitress,0,17471,
airplane,0,17421,
x-ray,0,17403,
grey gloves,0,17391,
merfolk,0,17342,
multiple persona,0,17341,
pink hairband,0,17313,
shimenawa,0,17301,
torn shirt,0,17298,ripped shirt
fur-trimmed gloves,0,17274,
food focus,0,17269,drink focus
dark persona,0,17255,
vaginal object insertion,0,17254,
blue bra,0,17248,
pointless censoring,0,17223,
wince,0,17220,
shark girl,0,17217,
!!,0,17211,
brown fur,0,17204,
birthday,0,17178,
red sash,0,17153,
green bowtie,0,17151,
weapon on back,0,17135,
deep skin,0,17104,
o-ring bikini,0,17104,
pink sweater,0,17081,
police,0,17076,
sphere hair ornament,0,17074,
east asian architecture,0,17072,japanese house
drop shadow,0,17059,
string panties,0,17057,
sack,0,17057,
biceps,0,17036,
wagashi,0,17031,
over shoulder,0,17010,
grid background,0,16993,tile background
donut,0,16989,doughnut
nun headdress,0,16987,
huge penis,0,16958,
bukkake,0,16948,
alternate hair length (longer),0,16927,
grey hat,0,16918,
aqua bow,0,16899,
shell,0,16897,
gold,0,16862,
neck ring,0,16832,
dark background,0,16822,
stomach bulge,0,16805,
carrying person,0,16798,
sanpaku,0,16797,
fur-trimmed cape,0,16796,
lace-trimmed thighhighs,0,16770,
holding bow (weapon),0,16766,
holding another's hair,0,16758,
in container,0,16742,
>:),0,16731,
lace-trimmed bra,0,16727,
torii,0,16724,
frilled choker,0,16722,
bead bracelet,0,16717,
body markings,0,16708,
holding wand,0,16699,
cum on clothes,0,16691,
stool,0,16659,
aiming,0,16645,"pointing bow (weapon),pointing crossbow,pointing gun"
frog,0,16626,
yellow hairband,0,16620,
grey thighhighs,0,16619,gray thighhighs
diamond-shaped pupils,0,16609,
dress bow,0,16589,
lineart,0,16567,
braided bun,0,16559,
crescent moon,0,16552,
blue sleeves,0,16549,
sexually suggestive,0,16531,
ribs,0,16520,
playing card,0,16502,
goat horns,0,16491,
house,0,16452,
hair up,0,16434,
singing,0,16422,
ribbon choker,0,16405,
colored speech bubble,0,16390,colored thought bubble
pumpkin,0,16376,
strap gap,0,16374,
detached wings,0,16363,
hasu no sora school uniform,0,16360,hasunosora school uniform
cunnilingus,0,16356,
pearl necklace,0,16310,
tea,0,16310,
print thighhighs,0,16306,
split,0,16306,
gold bikini,0,16295,golden week bikini
gigantic breasts,0,16270,
side-by-side,0,16253,
floating clothes,0,16242,blowing clothes
badge,0,16239,
electric guitar,0,16233,
hip focus,0,16232,
foursome,0,16220,
bathroom,0,16210,
red sweater,0,16179,
holding paper,0,16162,
strap,0,16151,
tiger tail,0,16151,
presenting own armpit,0,16142,
narrow waist,0,16140,"slim waist,thin waist"
platform sandals,0,16118,
female ejaculation,0,16109,
alphes (style),0,16107,
black bag,0,16083,
tassel earrings,0,16064,
spiked bracelet,0,16042,
pants pull,0,16036,
brick wall,0,16036,
very long braid,0,16031,long braid
popped collar,0,16018,collar up
black streaks,0,16018,
yellow gloves,0,16002,
christmas tree,0,15999,
bear ears,0,15993,
fur-trimmed dress,0,15992,
brown vest,0,15991,
clothes grab,0,15983,
covering crotch,0,15968,
pink cardigan,0,15956,
pencil,0,15934,
humanization,0,15927,
zzz,0,15887,
baby animal,0,15878,
fur-trimmed capelet,0,15868,
cube hair ornament,0,15858,hair cubes
topknot,0,15842,
hibiscus,0,15831,
animal ear headphones,0,15829,
mecha musume,0,15828,
flat cap,0,15822,
extra arms,0,15806,four arms
parasol,0,15799,
heart cutout,0,15795,
mushroom,0,15769,
casual one-piece swimsuit,0,15758,
burger,0,15741,
showgirl skirt,0,15721,
braided hair rings,0,15719,looped braids
mermaid,0,15715,
heads together,0,15700,
explosion,0,15695,
mountainous horizon,0,15692,
television,0,15641,
seductive smile,0,15635,
kicking,0,15624,
hooded coat,0,15619,
handheld game console,0,15587,
holding card,0,15585,
shackles,0,15570,
earclip,0,15564,
glowing eye,0,15545,
purple necktie,0,15544,
multicolored gloves,0,15543,
water bottle,0,15531,
tacet mark (wuthering waves),0,15529,
falling,0,15512,
body writing,0,15474,text on body
necktie between breasts,0,15454,
ripples,0,15429,
median furrow,0,15424,
multicolored dress,0,15415,
asymmetrical clothes,0,15415,
gold earrings,0,15413,
police uniform,0,15390,
cookie,0,15390,
black fur,0,15380,
yellow nails,0,15379,
raglan sleeves,0,15376,
print dress,0,15374,
sliding doors,0,15367,
content rating,0,15366,
vehicle focus,0,15363,tank focus
red bodysuit,0,15361,red bikesuit
anchor,0,15355,
erection under clothes,0,15340,covered erection
scene reference,0,15307,
holding camera,0,15298,holding camcorder
black mask,0,15283,
leg tattoo,0,15271,
fake screenshot,0,15270,
jumpsuit,0,15244,
whiskers,0,15219,
wing hair ornament,0,15216,angel wings hair ornament
hammer,0,15211,
stirrup legwear,0,15210,
summer,0,15199,
raccoon tail,0,15195,
babydoll,0,15184,
bath,0,15146,
torn pants,0,15138,ripped pants
green kimono,0,15128,
sleeveless jacket,0,15120,
dappled sunlight,0,15114,
camouflage,0,15112,
orange skirt,0,15102,
heart in eye,0,15102,
earphones,0,15093,
polka dot bow,0,15058,
horse,0,15043,
peeing,0,15040,"pissing,urination"
open collar,0,15026,
crop top overhang,0,15024,
lace-trimmed panties,0,15014,
infection monitor (arknights),0,15010,
cherry,0,15010,
knees,0,15006,
ruins,0,15000,
open vest,0,14989,
lion ears,0,14978,
white robe,0,14970,
o-ring top,0,14969,
leaning to the side,0,14961,
old man,0,14958,
number tattoo,0,14950,
garrison cap,0,14939,pilotka
holding pen,0,14937,
black sandals,0,14924,
lanyard,0,14919,
pigeon-toed,0,14917,
yellow sweater,0,14902,
traditional bowtie,0,14901,
light,0,14886,
tentacle sex,0,14882,
official style,0,14877,
cow print bikini,0,14869,
braided base,0,14855,
cutoffs,0,14853,frayed shorts
female orgasm,0,14843,
orange flower,0,14823,
green gloves,0,14792,
mind control,0,14791,
arms under breasts,0,14791,
2others,0,14779,
cow girl,0,14765,ox girl
copyright logo,0,14760,
black flower,0,14757,
dirty,0,14754,
fat man,0,14754,
halter dress,0,14738,
mini top hat,0,14727,
mouth drool,0,14717,
insect wings,0,14710,
red theme,0,14683,
short necktie,0,14671,
no shirt,0,14669,
black skin,0,14668,
grey halo,0,14639,
out-of-frame censoring,0,14609,cropped censoring
white neckerchief,0,14593,
asymmetrical docking,0,14581,
arm cannon,0,14579,"mega buster,x buster,z buster,zero buster"
magatama,0,14565,
medium dress,0,14564,
zouri,0,14545,
double penetration,0,14538,
tiger print,0,14534,
syringe,0,14527,
:|,0,14525,
turtleneck shirt,0,14522,
planet,0,14519,
shy,0,14506,
same-sex bathing,0,14500,
photo background,0,14480,
reference inset,0,14476,
track suit,0,14476,
chest sarashi,0,14471,bandage bra
faceless female,0,14470,
grey pantyhose,0,14441,gray pantyhose
crescent hat ornament,0,14428,
blue socks,0,14408,blue kneehighs
transparent,0,14403,
single hair intake,0,14398,single hair vent
argyle clothes,0,14380,argyle clothing
implied sex,0,14379,
lamppost,0,14371,
pantyhose pull,0,14336,
hakama short skirt,0,14333,
extra eyes,0,14326,
eyes out of frame,0,14323,cutting out below the eyes is hot (meme)
plaid bow,0,14318,
speed lines,0,14311,
yawning,0,14308,
blue bodysuit,0,14302,blue bikesuit
doll joints,0,14296,ball joints
maple leaf,0,14290,
naval uniform,0,14280,
bandaid on nose,0,14277,
cross earrings,0,14275,
no eyes,0,14272,
cake slice,0,14269,
power lines,0,14267,
asymmetrical wings,0,14267,
oversized object,0,14256,
rectangular halo,0,14233,square halo
mobile suit,0,14221,
bare tree,0,14220,
white necktie,0,14188,
solid oval eyes,0,14184,
tail wagging,0,14183,
multiple expressions,0,14161,expressions
voice actor connection,0,14152,
chest hair,0,14134,hairy chest
mismatched gloves,0,14132,
frilled collar,0,14131,
pee,0,14105,piss
frilled thighhighs,0,14100,
hatching (texture),0,14096,
holding lollipop,0,14091,
mecha focus,0,14086,
black cloak,0,14078,
holding ball,0,14075,
scissors,0,14072,
huge weapon,0,14062,"large bow (weapon),oversized weapon"
hands on own cheeks,0,14057,
baseball bat,0,14048,
tailcoat,0,14032,
mismatched pupils,0,14015,
plugsuit (evangelion),0,13975,
blue butterfly,0,13973,
millennium science school logo,0,13958,
checkered floor,0,13952,
yellow fur,0,13939,
tomboy,0,13918,
symmetrical docking,0,13908,
bamboo,0,13908,
tail bow,0,13890,
zoophilia,0,13889,
small sweatdrop,0,13880,
muneate,0,13867,
arm guards,0,13867,armguards
pink skin,0,13866,
pregnant,0,13865,
robot joints,0,13862,
two-tone fur,0,13854,
star hat ornament,0,13841,
greaves,0,13838,
vertical-striped shirt,0,13834,
grey vest,0,13827,
pink streaks,0,13816,
rainbow,0,13816,
pink choker,0,13815,
chalkboard,0,13804,
mitakihara school uniform,0,13795,
orange jacket,0,13791,
scar on arm,0,13769,
dog boy,0,13743,
checkered background,0,13741,
flat color,0,13741,
torso grab,0,13737,
floral print kimono,0,13721,
leg grab,0,13718,
purple theme,0,13709,
star in eye,0,13700,stars in eye
single wing,0,13692,
big hair,0,13673,
shorts under skirt,0,13671,
striped pantyhose,0,13668,
heart brooch,0,13656,
recording,0,13653,filming
saucer,0,13652,
see-through cleavage,0,13645,transparent cleavage
submachine gun,0,13645,smg
;o,0,13606,
foreskin,0,13604,uncircumcised
grey coat,0,13604,
bound legs,0,13593,
pink boots,0,13591,
trait connection,0,13587,
multicolored nails,0,13574,mismatched nail polish
floating earrings,0,13564,floating earring
coffee,0,13553,
flower field,0,13545,
brown bag,0,13536,
tate eboshi,0,13532,
floating object,0,13509,
multicolored background,0,13500,
bra strap,0,13495,
standing split,0,13492,
bridge,0,13479,
third eye,0,13478,
ball gag,0,13474,
shiny pokemon,0,13472,
purple shoes,0,13460,
cowboy hat,0,13457,
unconventional maid,0,13445,
sheep horns,0,13441,
name connection,0,13437,namesake
kita high school uniform,0,13426,
single sock,0,13424,
monster boy,0,13413,
smoking pipe,0,13407,
monocle,0,13363,
hand on another's cheek,0,13356,
gradient eyes,0,13355,
evening,0,13354,
linea alba,0,13351,
alien,0,13345,
tape,0,13327,
sunbeam,0,13319,
bruise,0,13316,
sleepy,0,13310,tired (drowsy)
tasuki,0,13300,
watermelon,0,13298,
greyscale with colored background,0,13294,
full cleavage,0,13262,
naked apron,0,13246,
ear ribbon,0,13242,
skeleton,0,13239,
one-piece tan,0,13237,
spoken musical note,0,13224,
red sleeves,0,13217,
very sweaty,0,13216,
heart pasties,0,13209,
sheet grab,0,13200,
streaming tears,0,13199,
unworn panties,0,13198,panties removed
holding unworn hat,0,13154,
male swimwear,0,13151,
splashing,0,13148,
purple halo,0,13143,
multiple moles,0,13141,
sidelighting,0,13140,
1990s (style),0,13115,
deformed,0,13114,
peach,0,13113,
fur-trimmed headwear,0,13109,
beard stubble,0,13103,
magic circle,0,13096,spell circle
pink pupils,0,13095,
footwear bow,0,13071,
covered collarbone,0,13067,
cyborg,0,13062,
blinking,0,13049,
idol clothes,0,13048,
leaf on head,0,13047,
single leg pantyhose,0,13038,
bathtub,0,13014,
traditional halo,0,13010,
blue fire,0,13010,
clipboard,0,13009,
tying hair,0,12984,
material growth,0,12982,
bra lift,0,12966,
shouting,0,12965,
arm belt,0,12918,
long sideburns,0,12911,
prosthesis,0,12905,
bestiality,0,12904,
nightgown,0,12882,
shelf,0,12874,
hand on own stomach,0,12846,
grey hoodie,0,12840,
dripping,0,12833,
aerial fireworks,0,12828,
pillar,0,12827,
black corset,0,12817,
whistle,0,12811,
arm ribbon,0,12806,
flag print,0,12801,
long eyelashes,0,12798,
bandaged hand,0,12787,
sticker,0,12782,
the pose,0,12755,
motorcycle,0,12754,
heart print,0,12747,
yellow hat,0,12747,
sweater dress,0,12745,
genderswap (ftm),0,12709,
single off shoulder,0,12682,
sandwiched,0,12680,
artist self-insert,0,12679,
print gloves,0,12677,
feet up,0,12674,
dragon wings,0,12667,
trigger discipline,0,12666,
neck tattoo,0,12665,
barbell piercing,0,12663,
pink necktie,0,12661,
falling leaves,0,12660,"flying leaves,leaves in wind"
black ascot,0,12629,
breast rest,0,12626,
scar on chest,0,12612,
soaking feet,0,12605,
poolside,0,12600,
egg,0,12596,
book stack,0,12593,
partially unzipped,0,12580,
plaid shirt,0,12575,
between fingers,0,12575,
weapon over shoulder,0,12575,
swivel chair,0,12565,
multiple wings,0,12561,"4 wings,6 wings"
alternate hair length (shorter),0,12561,
striped socks,0,12550,striped kneehighs
solid circle eyes,0,12519,
tile wall,0,12518,
internal cumshot,0,12515,
red armband,0,12514,
feeding,0,12505,
skull hair ornament,0,12494,
obijime,0,12478,
fringe trim,0,12474,
military jacket,0,12468,
blood from mouth,0,12461,
crack,0,12459,
purple lips,0,12441,
glaring,0,12440,
brown bow,0,12432,
scroll,0,12427,
yin yang,0,12417,
tiger girl,0,12396,
torogao,0,12394,
medium skirt,0,12392,
mole on neck,0,12387,
black robe,0,12387,
grabbing another's hair,0,12382,hair pull
fur-trimmed boots,0,12381,
flower-shaped pupils,0,12378,kagan
husband and wife,0,12377,
utility pole,0,12336,
merry christmas,0,12335,
demon boy,0,12332,
asymmetrical sleeves,0,12329,
fundoshi,0,12324,
cum string,0,12323,
ice cream cone,0,12323,
orange dress,0,12311,
rice,0,12309,
blood splatter,0,12303,
adjusting headwear,0,12300,
tassel hair ornament,0,12298,hair tassel
purple pantyhose,0,12294,
race queen,0,12293,
kote,0,12287,
shoulder pads,0,12279,
planted,0,12258,
reverse cowgirl position,0,12252,
remote control vibrator,0,12252,
white vest,0,12233,
dougi,0,12231,fighting kimono
beer,0,12222,
sniper rifle,0,12211,
alternate universe,0,12207,
green gem,0,12202,green gemstone
fox shadow puppet,0,12201,
hand on another's chin,0,12196,
multi-strapped bikini bottom,0,12177,
american flag,0,12176,
giantess,0,12173,"giant female,giant woman"
center-flap bangs,0,12159,centre-flap bangs
arthropod girl,0,12156,
cooking,0,12129,
wine,0,12129,
low neckline,0,12129,low-cut neckline
jester cap,0,12124,
beach umbrella,0,12120,
elbow rest,0,12113,
white bloomers,0,12111,
convenient hair,0,12109,hair censor
cat ear headphones,0,12104,
two-tone gloves,0,12094,
button gap,0,12075,
cardboard box,0,12050,
defeat,0,12050,
looking at penis,0,12042,
red wings,0,12041,
long coat,0,12035,
forehead protector,0,12032,
holding shield,0,12031,
multiple belts,0,12030,
suitcase,0,12020,
aiguillette,0,12011,
nervous smile,0,11980,
baggy pants,0,11971,
teamwork (sexual),0,11968,
rimless eyewear,0,11963,
pom pom hair ornament,0,11956,
waist cape,0,11951,
pink neckerchief,0,11946,
chain necklace,0,11925,
pose,0,11920,
object on head,0,11918,
shushing,0,11916,silence gesture
lily (flower),0,11900,
projectile cum,0,11896,
draph,0,11895,
dog tags,0,11893,
print panties,0,11892,
lap pillow,0,11888,
wolf boy,0,11874,
0 0,0,11870,
uterus,0,11865,
orb,0,11857,
holding broom,0,11856,
broom riding,0,11837,
single ear cover,0,11830,
alternate hair length,0,11828,
red belt,0,11828,
maebari,0,11811,
arms around neck,0,11808,
bikini bottom only,0,11805,
bobby socks,0,11803,
bra visible through clothes,0,11800,
bandaid on knee,0,11794,
flower knot,0,11785,
slice of life,0,11782,
open hands,0,11772,
taking picture,0,11770,
head on pillow,0,11763,
grey shoes,0,11761,
high heel sandals,0,11748,
vertical-striped thighhighs,0,11736,
vase,0,11735,
blue capelet,0,11730,
raised eyebrow,0,11730,
netorare,0,11722,
waist bow,0,11702,
gap (touhou),0,11700,
paper lantern,0,11694,
hair pulled back,0,11694,
holding bowl,0,11691,
futon,0,11674,
red headband,0,11657,
frilled bra,0,11652,
bride,0,11642,
laptop,0,11631,
contrast collar,0,11619,
punching,0,11614,
animal on shoulder,0,11609,
street,0,11600,
miqo'te,0,11588,
frilled hat,0,11588,
clothed male nude female,0,11588,
studs,0,11573,studded
skyscraper,0,11569,
thigh belt,0,11555,
jaggy lines,0,11548,
diagonal-striped necktie,0,11547,
holding removed eyewear,0,11537,holding eyewear
green panties,0,11534,
xd,0,11529,
father and daughter,0,11514,
plaid vest,0,11491,
footjob,0,11485,
wardrobe malfunction,0,11484,
single pauldron,0,11482,
hair over breasts,0,11481,
skinny,0,11480,
holding box,0,11477,
knight,0,11470,
cow tail,0,11467,ox tail
train interior,0,11466,
cushion,0,11449,
d:,0,11443,
fox,0,11443,
oripathy lesion (arknights),0,11441,
print skirt,0,11433,
black armor,0,11425,
kogal,0,11418,
midair,0,11408,
chain-link fence,0,11408,
multi-tied hair,0,11393,bubble braid
pillow hug,0,11393,
striped jacket,0,11391,
beamed eighth notes,0,11379,
spoken blush,0,11372,
multicolored bodysuit,0,11370,multicolored bikesuit
backboob,0,11353,
single mechanical arm,0,11348,
school chair,0,11341,
bow-shaped hair,0,11333,"bow by hair,bow hair"
skirt pull,0,11333,
green theme,0,11313,
purple hairband,0,11308,
holding own skirt,0,11298,
heart-shaped eyewear,0,11294,
green sweater,0,11289,
kariginu,0,11272,
parted hair,0,11260,
squatting cowgirl position,0,11239,
red bra,0,11229,
half-closed eye,0,11221,one eye narrowed
multicolored bikini,0,11198,
gold necklace,0,11185,
unworn jacket,0,11179,jacket removed
playing games,0,11145,
bandaid on cheek,0,11133,
coffee mug,0,11122,
reclining,0,11122,
full armor,0,11120,
multiple horns,0,11112,
frilled panties,0,11103,
o-ring choker,0,11098,
meat,0,11091,
cane,0,11075,
large bow,0,11063,big bow
gold bracelet,0,11059,
steepled fingers,0,11054,
barcode,0,11045,
exhibitionism,0,11034,
vertical-striped dress,0,11034,
boy on top,0,11026,
single elbow glove,0,11020,
brown tail,0,10996,
explosive,0,10994,
striped skirt,0,10991,
iron cross,0,10988,eisernes kreuz
leaning on person,0,10983,leaning on another
blue belt,0,10978,
cum on ass,0,10977,
noodles,0,10975,
radio antenna,0,10965,
blood on weapon,0,10947,
low-braided long hair,0,10944,
sakazuki,0,10940,
holding axe,0,10936,holding tomahawk
food print,0,10932,
yellow cardigan,0,10926,
blue overalls,0,10920,
heart-shaped food,0,10917,
rectangular eyewear,0,10913,
grey sailor collar,0,10901,
sakuragaoka high school uniform,0,10901,
leather jacket,0,10899,
river,0,10874,
single shoe,0,10870,
perineum,0,10859,taint
grey cardigan,0,10857,
raccoon girl,0,10855,tanuki girl
purple leotard,0,10847,
dot mouth,0,10841,
pink shorts,0,10836,
star symbol background,0,10829,
sideways mouth,0,10827,
arm garter,0,10812,
amputee,0,10812,missing limb
blue ascot,0,10801,
notebook,0,10792,
multicolored wings,0,10790,
kissing cheek,0,10784,cheek kiss
drink carton,0,10776,
flower wreath,0,10774,
wolf,0,10769,
lightning bolt symbol,0,10760,electricity symbol
holding popsicle,0,10757,
grey socks,0,10756,"gray socks,grey kneehighs"
updo,0,10755,
mixed-language text,0,10755,
thigh holster,0,10751,
thank you,0,10748,
sleeveless kimono,0,10746,
on desk,0,10745,sitting on desk
unworn skirt,0,10739,skirt removed
ankle socks,0,10736,"anklehighs,short socks"
purple sleeves,0,10734,
cowlick,0,10732,
nekomata,0,10723,
sweater lift,0,10720,
snout,0,10720,
bokeh,0,10719,
company connection,0,10718,
viewfinder,0,10705,camcorder interface
leopard print,0,10699,"cheetah print,jaguar print"
hand on another's back,0,10685,
panty peek,0,10685,
gradient clothes,0,10672,
turn pale,0,10670,
shopping bag,0,10664,
holding controller,0,10652,
hot,0,10651,
narrowed eyes,0,10637,
hand on own ass,0,10628,
manly,0,10623,
firing,0,10621,
two-sided cape,0,10607,
jiangshi,0,10606,
corruption,0,10599,
tank,0,10596,main battle tank
loose hair strand,0,10594,
heart-shaped box,0,10589,
dragon boy,0,10585,
octoling,0,10583,
waves,0,10581,
bird ears,0,10575,
heart necklace,0,10573,
fucked silly,0,10561,
holding scythe,0,10530,
mouse (animal),0,10523,rat
dango,0,10516,
;p,0,10512,
white horns,0,10511,
leotard under clothes,0,10510,
open hoodie,0,10503,
teardrop,0,10497,
fashion,0,10494,
waistcoat,0,10486,waist coat
costume switch,0,10483,
castle,0,10482,
sepia,0,10478,
red buruma,0,10478,
twitching,0,10461,
torn dress,0,10455,ripped dress
white headband,0,10448,
black veil,0,10431,
ranguage,0,10430,
holding pom poms,0,10413,
arm around shoulder,0,10406,
colored inner animal ears,0,10402,
cow print thighhighs,0,10396,
ooarai school uniform,0,10395,
pointing at self,0,10392,
four-finger heart hands,0,10391,"4-finger heart hands,4-fingers heart hands"
blue wings,0,10387,
bun with braided base,0,10385,
painterly,0,10384,
green sailor collar,0,10382,
pawpads,0,10381,toe beans
unworn clothes,0,10380,clothes removed
broken,0,10379,
covering face,0,10376,
purple bra,0,10361,
holding drink,0,10360,
humanoid robot,0,10357,
uwabaki,0,10354,
lifting person,0,10326,
poster (object),0,10322,
loose necktie,0,10319,
black sash,0,10314,
competition school swimsuit,0,10308,
green shoes,0,10306,
faulds,0,10304,
green cape,0,10301,
armpit hair,0,10297,
plaid scarf,0,10295,
slime (substance),0,10281,
black camisole,0,10276,
beer mug,0,10275,
blue buruma,0,10260,
metal collar,0,10260,
gradient sky,0,10251,
cum on tongue,0,10249,
high-waist shorts,0,10231,
landscape,0,10227,
white headdress,0,10225,
v over eye,0,10213,
choppy bangs,0,10209,
policewoman,0,10196,
red sclera,0,10186,
aegyo sal,0,10181,puffy eyelids
water gun,0,10180,
yellow shorts,0,10173,
fedora,0,10168,
white feathers,0,10163,
yellow shoes,0,10149,
diagonal-striped bow,0,10149,
holding mask,0,10147,
pumps,0,10145,
navel hair,0,10139,happy trail
collared coat,0,10134,
single detached sleeve,0,10134,
shorts pull,0,10125,shorts down
erune,0,10122,
abstract background,0,10113,
sailor senshi uniform,0,10112,
twisted torso,0,10101,
fox boy,0,10101,
holding towel,0,10092,
black lips,0,10090,
wing ornament,0,10088,wing decorations
sagging breasts,0,10086,
hypnosis,0,10080,
orange (fruit),0,10076,
hands on own knees,0,10071,
hachimaki,0,10068,
oppai loli,0,10067,
furry with non-furry,0,10064,
against glass,0,10057,
downblouse,0,10056,
hand on another's arm,0,10055,
cat hair ornament,0,10054,
album cover,0,10016,
diamond button,0,10014,
bite mark,0,10007,
musical note hair ornament,0,10005,
plaid dress,0,10002,
heart choker,0,9998,
purple vest,0,9996,
deep penetration,0,9988,
yellow pupils,0,9983,
improvised gag,0,9982,
frilled gloves,0,9976,
crystal wings,0,9971,
blue fur,0,9967,
whip,0,9963,
demon,0,9949,
tight pants,0,9940,
tie clip,0,9938,necktie clip
girl sandwich,0,9938,
orange bikini,0,9932,
track pants,0,9926,
furisode,0,9923,
pink scarf,0,9922,
aqua shirt,0,9920,
wispy bangs,0,9918,sparse bangs
crotchless,0,9905,
high-waist pants,0,9903,
v-fin,0,9902,
reverse outfit,0,9883,
over-kneehighs,0,9882,
dark nipples,0,9873,
microphone stand,0,9861,
bikini bottom aside,0,9860,
bone,0,9850,
trading card,0,9839,
white cat,0,9838,
flip phone,0,9836,
\m/,0,9830,ily hand sign
purple coat,0,9824,
still life,0,9823,
purple pants,0,9804,
loincloth,0,9803,
drill sidelocks,0,9801,drill locks
uneven eyes,0,9794,
old school swimsuit,0,9790,
ambiguous gender,0,9776,
artistic error,0,9768,error
kitchen,0,9763,
thong bikini,0,9760,
onigiri,0,9753,
grey boots,0,9750,
dark elf,0,9746,
back cutout,0,9743,
penguin,0,9738,
red sailor collar,0,9733,
purple rose,0,9729,
perspective,0,9727,
hand in another's hair,0,9712,
ears down,0,9709,
looking at animal,0,9685,
yellow scarf,0,9684,
anal beads,0,9683,
triangle,0,9671,
o-ring thigh strap,0,9665,
multiple earrings,0,9660,
robot ears,0,9646,
stomach tattoo,0,9645,
convenient leg,0,9643,
long tongue,0,9639,
evil grin,0,9626,
energy,0,9626,
pinky out,0,9624,
pink petals,0,9624,
family,0,9622,
single sleeve,0,9607,one sleeve
3:,0,9606,
single hair streak,0,9604,
partially undressed,0,9601,
crow,0,9592,
torpedo,0,9591,
holding leash,0,9568,
earpiece,0,9565,
painting (object),0,9553,
diagonal bangs,0,9552,
hand on another's waist,0,9549,
holding strap,0,9548,
yandere,0,9537,
orange sky,0,9535,
people,0,9528,background people
mega pokemon,0,9526,
chess piece,0,9519,
zombie,0,9509,
laurel crown,0,9506,
computer keyboard,0,9503,keyboard (computer)
revolver,0,9500,
pervert,0,9491,
e.g.o (project moon),0,9478,
autumn,0,9478,fall (season)
medical eyepatch,0,9478,
two-sided jacket,0,9477,
towel around neck,0,9476,
red socks,0,9469,red kneehighs
??,0,9468,
starfish,0,9467,
time paradox,0,9465,
thighhighs under boots,0,9464,
shirt pull,0,9461,
hair beads,0,9459,
pole,0,9458,
asymmetrical horns,0,9458,
stage,0,9438,
goth fashion,0,9437,"goth girl,gothic"
spotlight,0,9437,
bra pull,0,9423,
waking up,0,9423,
red trim,0,9421,
see-through dress,0,9416,transparent dress
ear tag,0,9414,
clone,0,9414,
reverse bunnysuit,0,9411,
colored tongue,0,9411,
disembodied penis,0,9391,
layered clothes,0,9381,layered clothing
interface headset (evangelion),0,9379,
money,0,9378,cash
rose print,0,9377,
pubic hair peek,0,9375,
horror (theme),0,9372,
pillarboxed,0,9368,
\||/,0,9353,middle and ring fingers together
mini wings,0,9349,
horn ribbon,0,9349,
santa dress,0,9336,
sphere earrings,0,9333,
tablet pc,0,9328,
bird tail,0,9326,
blue scrunchie,0,9318,
grabbing own ass,0,9317,
front ponytail,0,9313,
lightning,0,9308,
heart-shaped chocolate,0,9299,
mother and son,0,9299,
heart background,0,9284,
statue,0,9258,
scar on nose,0,9240,
engrish text,0,9236,
open door,0,9231,
print pantyhose,0,9212,
green coat,0,9203,
boat,0,9201,
arm rest,0,9199,
throne,0,9193,
winter coat,0,9186,
machinery,0,9181,
wine bottle,0,9180,
breast curtains,0,9178,
suggestive fluid,0,9173,ambiguous white liquid
road sign,0,9173,
mixed-sex bathing,0,9171,
nintendo switch,0,9165,
aqua bowtie,0,9164,
muted colors,0,9159,muted color
blue sash,0,9151,
animal feet,0,9150,
reverse suspended congress,0,9136,reverse stand and carry
doorway,0,9131,
black leggings,0,9127,
grapes,0,9125,
asymmetrical footwear,0,9118,
energy sword,0,9117,"beam saber,beam sword"
drawing (object),0,9112,
breast lift,0,9104,
fur hat,0,9097,
blue pupils,0,9093,
holding another's arm,0,9084,
jacket around waist,0,9080,
machine gun,0,9068,general-purpose machine gun
demon slayer uniform,0,9065,
lion girl,0,9051,
east-west crossover,0,9047,east meets west
leotard aside,0,9042,
goggles on headwear,0,9028,
pointing up,0,9018,
bicycle,0,9017,
stick,0,9016,
hand on another's thigh,0,9016,
mole on thigh,0,9014,
looking at phone,0,9011,
anchor hair ornament,0,8991,
pouring,0,8989,
double handjob,0,8985,
coattails,0,8979,
bubble skirt,0,8974,
twilight,0,8972,
paper fan,0,8972,
hand on another's chest,0,8967,
take your pick,0,8965,
thorns,0,8964,
two-tone skirt,0,8948,
backwards hat,0,8947,
white halo,0,8940,
animal penis,0,8930,
bird girl,0,8928,
red cloak,0,8928,
female pov,0,8927,
tracen training uniform,0,8925,
holding dagger,0,8923,
elbow pads,0,8920,
locker,0,8914,
untied bikini top,0,8913,
kotatsu,0,8911,
pun,0,8911,
non-humanoid robot,0,8907,
male masturbation,0,8905,
crab,0,8902,
bandage over one eye,0,8895,
playing video games,0,8892,
school,0,8882,
male maid,0,8870,
beak,0,8867,
tomoe (symbol),0,8862,
tail ribbon,0,8861,
shore,0,8859,
striped scarf,0,8857,
facing to the side,0,8850,
cropped shoulders,0,8850,
white cloak,0,8849,
hands on another's shoulders,0,8848,grabbing another's shoulders
halftone background,0,8843,
aqua dress,0,8838,
baby,0,8826,
hands on another's face,0,8826,
black bridal gauntlets,0,8822,
pussy peek,0,8808,
no socks,0,8807,
tokiwadai school uniform,0,8792,
pointy hair,0,8792,
brown horns,0,8787,
spider lily,0,8781,red spider lily
chest belt,0,8781,
planted sword,0,8780,sword stuck in ground
rose petals,0,8779,
ringlets,0,8770,
sake,0,8764,
forked eyebrows,0,8762,
mask pull,0,8758,
prosthetic arm,0,8756,
lipstick mark,0,8754,kiss mark
orgy,0,8752,
arm hair,0,8750,hairy forearms
purple gem,0,8739,purple gemstone
crowd,0,8735,
holding doll,0,8732,
hands in own hair,0,8723,
side cutout,0,8722,
crazy eyes,0,8722,
bike shorts under skirt,0,8721,
purple wings,0,8719,
grey fur,0,8710,
dressing,0,8706,
unmoving pattern,0,8700,
armchair,0,8685,
red scrunchie,0,8683,
mechanical wings,0,8678,robot wings
urethra,0,8669,
power armor,0,8665,
orange nails,0,8663,
letter,0,8661,
u u,0,8660,
ladle,0,8660,
art program in frame,0,8653,
cable knit,0,8653,
spring onion,0,8652,leek
soap bubbles,0,8647,
x-shaped pupils,0,8643,
reverse grip,0,8636,
pink sleeves,0,8628,
unsheathing,0,8627,
purple cape,0,8624,
purple streaks,0,8621,
taut shirt,0,8620,
striped ribbon,0,8608,
strap pull,0,8608,
black headband,0,8598,
ceiling,0,8592,
on bench,0,8592,
dress flower,0,8587,
snowman,0,8587,
pink leotard,0,8585,
otonokizaka school uniform,0,8584,
penis on face,0,8578,
test tube,0,8575,
breast tattoo,0,8570,
yellow rose,0,8567,
wedgie,0,8566,
dimples of venus,0,8554,
purple choker,0,8548,
cross scar,0,8544,
unworn mask,0,8542,mask removed
fighting,0,8528,
shooting star,0,8525,
gears,0,8514,
in-franchise crossover,0,8505,series connection
flower earrings,0,8504,
frilled socks,0,8502,
damaged,0,8499,
green scarf,0,8499,
clover,0,8496,
romaji text,0,8487,
robot girl,0,8480,
leaf print,0,8480,leaf-pattern stripe
glitch,0,8479,
ring piercing,0,8469,
transformation,0,8464,transforming
spread anus,0,8462,
peeking out,0,8454,
bursting breasts,0,8441,
blue pantyhose,0,8440,
chick,0,8432,baby bird
see-through veil,0,8431,transparent veil
colored pubic hair,0,8423,
jar,0,8423,
orange necktie,0,8421,
ribbed shirt,0,8418,
office chair,0,8417,
no nipples,0,8415,
orange ribbon,0,8415,
silk,0,8410,
reverse trap,0,8408,
red pantyhose,0,8407,
underboob cutout,0,8397,
yukkuri shiteitte ne,0,8394,
pocket watch,0,8394,
black cardigan,0,8391,
brown scarf,0,8377,
spoken squiggle,0,8368,
orange bowtie,0,8367,
brown sweater vest,0,8363,
after fellatio,0,8362,
albino,0,8360,
karakasa obake,0,8360,
middle finger,0,8359,
imminent rape,0,8359,
breast suppress,0,8355,
ship,0,8349,
chewing gum,0,8348,
shop,0,8335,
big belly,0,8326,large belly
dragon print,0,8325,
pirate hat,0,8316,
female pervert,0,8312,
orange-tinted eyewear,0,8312,
polka dot panties,0,8311,
evolutionary line,0,8306,
blue tail,0,8306,
butterfly wings,0,8305,
flip-flops,0,8302,
shikishi,0,8299,
thinking,0,8290,
pink bag,0,8281,
imminent vaginal,0,8278,
strapless bikini,0,8276,
penis awe,0,8273,
lake,0,8270,
green sleeves,0,8267,
naked ribbon,0,8263,
crossed ankles,0,8254,
pendant choker,0,8254,
huge nipples,0,8252,
trench coat,0,8251,
macaron,0,8238,
american flag print,0,8238,
imagining,0,8235,
stomach cutout,0,8234,
locked arms,0,8233,arm around another's arm
yume kawaii,0,8218,
death,0,8218,
frilled one-piece swimsuit,0,8215,
white eyelashes,0,8211,
tower,0,8208,
large tail,0,8204,
anal tail,0,8201,
green hairband,0,8200,
hydrangea,0,8199,
egg vibrator,0,8194,bullet vibrator
gold chain,0,8178,
spoken anger vein,0,8175,
closed umbrella,0,8174,folded umbrella
torn skirt,0,8170,ripped skirt
anus peek,0,8166,partially visible anus
lower body,0,8162,legs only
green thighhighs,0,8160,
bandaged head,0,8153,
kyuubi,0,8142,"jiuweihu,kumiho,nine-tailed fox"
poking,0,8138,
feather hair,0,8136,
bleeding,0,8135,
taur,0,8122,
purple boots,0,8119,
opaque glasses,0,8117,glasses shine
wrist ribbon,0,8110,
lion tail,0,8108,
shotgun,0,8107,
yellow theme,0,8098,
red rope,0,8096,
yellow skin,0,8091,
purple shorts,0,8084,
tomato,0,8083,
sleeveless sweater,0,8082,
envelope,0,8078,
unworn helmet,0,8075,helmet removed
jirai kei,0,8074,
business suit,0,8067,
orange hat,0,8065,
irrumatio,0,8061,facefuck
breast envy,0,8059,
puddle,0,8058,
holding paintbrush,0,8057,
greco-roman clothes,0,8048,
body blush,0,8046,
spoken interrobang,0,8042,spoken !?
armpit peek,0,8031,
rabbit pose,0,8030,bunny pose
lying on person,0,8018,
toilet,0,8016,
bear,0,8014,
pentagram,0,8013,
glowstick,0,8013,lightstick
assault visor,0,8012,
deepthroat,0,8008,
horseshoe ornament,0,8001,
quiver,0,8001,
cow print gloves,0,7981,
blue cardigan,0,7980,
okobo,0,7979,
aqua skirt,0,7978,
lemon,0,7972,
reflective liquid,0,7971,reflective water
red-tinted eyewear,0,7969,
multicolored skirt,0,7968,
wet panties,0,7967,
blowing bubble gum,0,7953,
gym shorts,0,7951,
wall,0,7947,
blue lips,0,7935,
color guide,0,7920,color swatch
orange gloves,0,7919,
folded fan,0,7916,closed fan
blue serafuku,0,7916,
garreg mach monastery uniform,0,7916,
inverted bob,0,7915,
yellow kimono,0,7913,
diffraction spikes,0,7903,
miniboy,0,7900,mini boy
plunging neckline,0,7898,
suction cups,0,7896,
grey panties,0,7878,
sleeve bow,0,7877,
cat paws,0,7874,
stand (jojo),0,7874,
holding baseball bat,0,7874,holding bat (baseball)
arm hug,0,7869,
deer ears,0,7859,
colored blood,0,7859,
flaccid,0,7857,
quad tails,0,7857,
finger gun,0,7853,
upright straddle,0,7847,
large hat,0,7841,
hairpods,0,7831,
colorful,0,7825,
bra peek,0,7822,
purple sailor collar,0,7814,
mechanical tail,0,7796,
cat hood,0,7795,
hooded capelet,0,7788,
bolt action,0,7787,
spider web,0,7779,
black shrug,0,7776,
dancer,0,7774,
triangle hair ornament,0,7772,
frilled kimono,0,7758,
flashing,0,7756,
low-tied sidelocks,0,7753,low tied sidelocks
bangs pinned back,0,7753,
debris,0,7748,
lock,0,7747,
holding basket,0,7741,
reindeer antlers,0,7735,
holding flag,0,7729,
after anal,0,7725,
lowleg panties,0,7723,low-rise panties
grey sky,0,7722,gray sky
hairy,0,7720,
fat mons,0,7720,
arm around another's waist,0,7714,
brown sandals,0,7710,
mitsudomoe (shape),0,7710,
waterfall,0,7708,
argyle background,0,7700,
frilled wrist cuffs,0,7695,
dress pull,0,7693,
fog,0,7685,
whistle around neck,0,7684,
subtitled,0,7669,
plaid bowtie,0,7661,
winged arms,0,7654,arm wings
tail through clothes,0,7654,
pizza,0,7637,
see-through silhouette,0,7636,
food on body,0,7635,
red armor,0,7633,
arm around neck,0,7632,
carrot hair ornament,0,7623,
aroused,0,7622,horny
white trim,0,7619,
holding hammer,0,7615,
nostrils,0,7609,
cat cutout,0,7606,
grabbing another's penis,0,7602,penis grab
w arms,0,7602,
red bag,0,7595,
hose,0,7590,
purple sash,0,7590,purple obi
frilled capelet,0,7588,
white sash,0,7587,
unbuttoned shirt,0,7587,
domino mask,0,7587,
towel on head,0,7586,
too many,0,7584,
fusion,0,7584,
wolf cut,0,7572,
yellow panties,0,7570,
clothed pokemon,0,7567,hatted pokemon
shibari over clothes,0,7561,
paizuri under clothes,0,7554,
mechanical legs,0,7548,"robot legs,robotic legs"
kurokote,0,7546,
bangboo (zenless zone zero),0,7538,
panty straps,0,7537,
novelty censor,0,7535,
white tail,0,7530,
chef hat,0,7528,
hooded cape,0,7526,
earth (planet),0,7525,
cracked skin,0,7510,
bone hair ornament,0,7509,
circle,0,7504,
command spell,0,7503,
parfait,0,7501,
spacesuit,0,7500,
tengu-geta,0,7499,
fruit print,0,7493,
striped pants,0,7489,
yellow horns,0,7488,
energy gun,0,7486,
clothed animal,0,7484,
father and son,0,7480,
spacecraft,0,7479,
gourd,0,7472,
wizard hat,0,7468,brimless witch hat
sword on back,0,7468,
rubber duck,0,7458,
christmas ornaments,0,7458,"bauble (christmas),christmas tree ornament"
short bangs,0,7453,
purple tail,0,7442,
butt plug,0,7436,
hair flowing over,0,7435,
shouji,0,7429,
cheek-to-cheek,0,7427,
knees to chest,0,7420,
two-tone bow,0,7411,
numbered,0,7411,
star halo,0,7401,
hagoromo,0,7397,
multicolored horns,0,7395,
sheep girl,0,7393,
guro,0,7391,
mandarin orange,0,7390,
white scrunchie,0,7384,
holding cat,0,7383,
bikini top lift,0,7381,
spread ass,0,7378,
holding behind back,0,7373,"behind back,object behind back"
soul gem (madoka magica),0,7371,
tokusatsu,0,7369,sentai
roots (hair),0,7369,
on throne,0,7368,sitting on throne
trident,0,7365,
leg hair,0,7363,hairy thighs
chaldea master uniform,0,7359,
hair horns,0,7353,horn-shaped hair
beer can,0,7351,
violin,0,7343,
paint splatter,0,7341,
white mask,0,7333,
small horns,0,7331,short horns
glowing weapon,0,7328,
super saiyan,0,7322,
single hair ring,0,7322,
heart o-ring,0,7319,
animal ear headwear,0,7312,
flexible,0,7310,
bustier,0,7308,
biting own lip,0,7308,lip biting
framed breasts,0,7307,
surgical mask,0,7302,
sandwich,0,7299,
nontraditional playboy bunny,0,7295,
grabbing another's thighs,0,7289,holding another's thighs
two-footed footjob,0,7289,
bodypaint,0,7288,
flustered,0,7279,shame (flustered)
sheep ears,0,7279,
thick eyelashes,0,7275,
gloom (expression),0,7266,gloomy
song name,0,7256,
tongue piercing,0,7256,
spread toes,0,7254,
>:(,0,7252,
sideless outfit,0,7247,
puckered lips,0,7240,
wa maid,0,7234,
pocky in mouth,0,7230,
fishing rod,0,7229,
spade (shape),0,7225,spades (card suit)
bandaids on nipples,0,7220,bandaid on nipple
one-piece swimsuit pull,0,7218,one-piece swimsuit down
condom in mouth,0,7218,
horizontal pupils,0,7218,
:>=,0,7214,
holding gohei,0,7214,
two-tone bikini,0,7205,
text background,0,7204,background text
milk,0,7204,
drum,0,7200,
holding pokemon,0,7190,
pink fur,0,7189,
covered face,0,7189,
pancake,0,7183,
seagull,0,7179,gull
birthday cake,0,7179,
single fingerless glove,0,7176,
pussy juice trail,0,7174,
egasumi,0,7171,
swimsuit aside,0,7165,
overskirt,0,7160,
goggles around neck,0,7149,
pink hoodie,0,7146,
yoga pants,0,7145,
pince-nez,0,7143,
strapless shirt,0,7143,
shoulder spikes,0,7142,
plectrum,0,7140,
holding game controller,0,7139,
no pussy,0,7139,
black apron,0,7138,
obiage,0,7137,
finger to cheek,0,7136,
twitter logo,0,7133,
cupcake,0,7127,
library,0,7124,
white suit,0,7122,
white cardigan,0,7116,
notched ear,0,7110,"broken ear,chipped ear,torn ear"
skates,0,7105,
pussy juice stain,0,7103,
cat lingerie,0,7098,
pink apron,0,7096,
hand under clothes,0,7093,
tissue box,0,7092,
hair tie in mouth,0,7090,
bullet,0,7088,
holding clipboard,0,7087,
yellow boots,0,7083,
letterman jacket,0,7082,
alternate form,0,7081,
bag charm,0,7080,
turtleneck dress,0,7080,
1980s (style),0,7069,
aqua neckerchief,0,7065,
2023,0,7063,
spoken character,0,7062,
aiming at viewer,0,7054,
maid bikini,0,7054,
octopus,0,7049,
fur-trimmed hood,0,7049,
yellow-framed eyewear,0,7043,
smelling,0,7043,
button badge,0,7036,
duck,0,7036,
white-framed eyewear,0,7034,
piggyback,0,7032,
orange shorts,0,7031,
heart balloon,0,7027,heart-shaped balloon
paper bag,0,7027,
milestone celebration,0,7020,
pink socks,0,7019,pink kneehighs
uneven horns,0,7019,
au ra,0,7016,
talons,0,7014,
vegetable,0,7008,
after kiss,0,7005,
sheep,0,7005,
sparse pubic hair,0,7000,
feather boa,0,6997,
latex bodysuit,0,6989,
toe scrunch,0,6984,
rapier,0,6979,
burn scar,0,6977,
black garter straps,0,6973,
crescent earrings,0,6967,
green hoodie,0,6964,
green boots,0,6964,
microdress,0,6956,
brand name imitation,0,6956,
character profile,0,6952,
blue bag,0,6952,
hand on own leg,0,6947,
small penis,0,6940,
black feathers,0,6931,
red hoodie,0,6930,
impossible shirt,0,6926,
borrowed clothes,0,6925,borrowed garments
eyepatch bikini,0,6924,
holding smoking pipe,0,6922,"holding kiseru,holding pipe"
cage,0,6919,
skin fangs,0,6916,lip fangs
puffy detached sleeves,0,6913,
kunai,0,6912,
pokephilia,0,6905,
spitroast,0,6904,
city lights,0,6904,
2024,0,6900,
cum on legs,0,6899,
holding guitar,0,6887,
pink pants,0,6880,
wiffle gag,0,6879,
cum pool,0,6877,cum puddle
two-tone bodysuit,0,6873,
floor,0,6869,
impossible bodysuit,0,6864,
unaligned breasts,0,6864,
megaphone,0,6859,
romper,0,6855,
brown ribbon,0,6846,
> o,0,6844,
hand over own mouth,0,6842,
flag print bikini,0,6841,
black sweater vest,0,6837,
danmaku,0,6835,
flower pot,0,6831,"flowerpot,pot (plant)"
swimming,0,6829,
sleepwear,0,6828,
thigh pouch,0,6826,
stage lights,0,6822,
latin cross,0,6821,christian cross
constellation,0,6805,
bikini pull,0,6805,
white leg warmers,0,6802,
purple serafuku,0,6802,
head back,0,6799,
very long tail,0,6798,
bar (place),0,6795,"bar,pub"
cuts,0,6795,
spanked,0,6789,slap mark on ass
unworn bra,0,6788,bra removed
treble clef,0,6787,
ancient egyptian,0,6785,
fisheye,0,6778,
bat print,0,6774,
yellow belt,0,6770,
black scrunchie,0,6770,
briefcase,0,6762,
magazine (weapon),0,6761,stanag magazine
bandaged neck,0,6759,
throwing,0,6758,thrown
wide spread legs,0,6757,
hand on another's hip,0,6749,
evening gown,0,6749,
orange fur,0,6747,
sparkle background,0,6743,
crotch,0,6743,
candy apple,0,6742,
white headscarf,0,6740,
heart facial mark,0,6738,
leaning,0,6733,
eastern dragon,0,6731,
jingasa,0,6729,
holding lantern,0,6725,
heart tattoo,0,6724,
white sports bra,0,6718,
request inset,0,6718,
screenshot inset,0,6717,screencap inset
cheese,0,6710,
spider web print,0,6709,web print
finger in another's mouth,0,6705,
bulletproof vest,0,6704,plate carrier
upturned eyes,0,6704,
cosmetics,0,6703,
horned helmet,0,6701,
embers,0,6700,cinders
ancient greek clothes,0,6698,
platform shoes,0,6697,
string of fate,0,6695,
ribbon-trimmed thighhighs,0,6693,
snake tail,0,6692,
gloved handjob,0,6690,
popsicle in mouth,0,6682,
sailor,0,6681,
harpy,0,6679,
flame-tipped tail,0,6672,
side cape,0,6671,"half cape,single-shoulder cape"
triangle earrings,0,6670,
oversized shirt,0,6667,
remote control,0,6657,
unworn shirt,0,6654,shirt removed
multiple braids,0,6647,
tiger,0,6646,
flute,0,6642,
checkered skirt,0,6639,
frying pan,0,6630,skillet
shide,0,6626,
mage staff,0,6626,
unsheathed,0,6626,
nude cover,0,6624,
scope,0,6624,sniper scope
surreal,0,6620,
stuffed cat,0,6617,
black hanfu,0,6614,
soccer uniform,0,6608,
gown,0,6606,ball gown
kodomo doushi,0,6602,child on child
bass guitar,0,6601,electric bass guitar
red moon,0,6598,
purple scarf,0,6597,
holding syringe,0,6594,
cum on stomach,0,6594,
police hat,0,6593,
wrench,0,6593,
holding handheld game console,0,6592,
showering,0,6589,
holding arrow,0,6587,
thong leotard,0,6585,
teacher,0,6582,
prone bone,0,6579,
calligraphy brush,0,6571,
writing,0,6570,
shortstack,0,6567,
grey bow,0,6566,
soldier,0,6563,infantry
gaping,0,6560,
two-handed,0,6560,
gold choker,0,6559,
broken glass,0,6558,shattered glass
instagram username,0,6550,
green leotard,0,6546,
harem outfit,0,6543,
head-mounted display,0,6542,
blue horns,0,6536,
lily pad,0,6535,water lily pad
petting,0,6532,
striped sleeves,0,6530,
purple bodysuit,0,6530,purple bikesuit
checkered scarf,0,6526,
pink eyeshadow,0,6525,
steamed bun,0,6522,"baozi,bean bun,siopao"
pearl earrings,0,6518,
pointy nose,0,6517,
multiple crossover,0,6513,
multiple 4koma,0,6512,
scowl,0,6510,
ceiling light,0,6509,
1koma,0,6508,
purple sky,0,6503,
holding sheath,0,6501,holding scabbard
yellow trim,0,6497,
sushi,0,6496,
;q,0,6492,
mechanical horns,0,6492,
finger on trigger,0,6490,
2025,0,6489,
white bag,0,6484,
plaid necktie,0,6477,
scar on forehead,0,6474,
hand on another's neck,0,6474,
cat hat,0,6466,
raincoat,0,6466,
holding underwear,0,6465,
french fries,0,6463,
white sandals,0,6460,
cooperative fellatio,0,6459,multiple fellatio
driving,0,6455,
lance,0,6451,
deer antlers,0,6448,
trash can,0,6444,trash bin
train,0,6437,
gekkoukan high school uniform,0,6433,
falling feathers,0,6432,
pink scrunchie,0,6430,
kanzashi,0,6430,
strangling,0,6428,choking another
white hanfu,0,6425,
mismatched footwear,0,6418,
2022,0,6411,
light trail,0,6410,
aqua ribbon,0,6410,
reverse upright straddle,0,6404,
pill,0,6403,
torn sleeves,0,6398,ripped sleeves
fluffy,0,6397,
white nails,0,6397,
yellow sash,0,6396,
happy halloween,0,6389,
tusks,0,6387,
crescent pin,0,6385,
candlestand,0,6377,candlestick
banana,0,6376,
hallway,0,6370,school hall
cream,0,6370,
tiger boy,0,6364,
grey tail,0,6355,
chips (food),0,6352,crisps
multiple hairclips,0,6351,"multiple hair clips,multiple hairpins"
official alternate hair color,0,6350,
two-tone swimsuit,0,6346,
assisted exposure,0,6345,
rooftop,0,6343,
multiple scars,0,6341,
dirty face,0,6340,dirt on face
cone horns,0,6336,
on shoulder,0,6336,
squirrel ears,0,6335,
head grab,0,6335,
bodysuit under clothes,0,6333,
lamia,0,6332,
staring,0,6331,
instant loss,0,6330,
white shrug,0,6327,
on table,0,6326,
layered bikini,0,6323,
map,0,6323,
frilled pillow,0,6322,
behind another,0,6318,
blue apron,0,6315,
chicken,0,6312,
ribbon-trimmed skirt,0,6311,
defloration,0,6308,
pink belt,0,6307,
holding swim ring,0,6306,"holding innertube,holding lifebuoy"
clothes in mouth,0,6305,
mating press,0,6303,
banner,0,6301,vertical flag
puppet,0,6300,
leg lock,0,6295,legs around waist
shrine,0,6290,
clover hair ornament,0,6288,
bandaid hair ornament,0,6288,
jellyfish,0,6287,
purple sweater,0,6284,
afloat,0,6283,
tall female,0,6278,
soda can,0,6272,
strappy heels,0,6271,
piano,0,6270,
holding sign,0,6263,
white bird,0,6258,
tsundere,0,6254,
holding another's leg,0,6253,grabbing another's leg
holding sack,0,6249,
stylus,0,6246,
covered abs,0,6242,
hickey,0,6242,
bikini tan,0,6240,
omelet,0,6239,
red bandana,0,6237,
nipple rings,0,6236,
colored bangs,0,6235,dyed bangs
multicolored hairband,0,6233,
fellatio gesture,0,6225,blowjob gesture
swim trunks,0,6222,
exercising,0,6220,"exercise,working out"
brown capelet,0,6220,
flower ornament,0,6219,
straddling paizuri,0,6216,
humiliation,0,6214,"degradation,shame (humiliated)"
energy wings,0,6212,
sun symbol,0,6212,
pink tail,0,6212,
torn bodysuit,0,6204,ripped bodysuit
sideways,0,6198,
fewer digits,0,6196,3finger hand
employee uniform,0,6194,
holding plectrum,0,6194,
electric fan,0,6194,
grey border,0,6190,
hand grab,0,6181,
shark hair ornament,0,6178,
bird on head,0,6177,
ancient egyptian clothes,0,6173,
unamused,0,6167,
unusually open eyes,0,6162,
car interior,0,6162,
disposable coffee cup,0,6162,
lotus,0,6161,
bubble tea,0,6160,
polka dot bikini,0,6160,
contrail,0,6160,
multicolored fur,0,6158,
chain leash,0,6156,collar with chain
happy valentine,0,6154,
magazine cover,0,6153,
medal,0,6151,
emoji,0,6149,
lace panties,0,6140,
see-through skirt,0,6140,
goat ears,0,6131,
teardrop facial mark,0,6127,
character print,0,6127,
yellow vest,0,6126,
toy,0,6125,
shoulder boards,0,6124,
mochi,0,6121,
:i,0,6119,
body freckles,0,6115,
tucking hair,0,6112,hair tucking
in box,0,6108,
virgin killer sweater,0,6106,
lowleg bikini,0,6103,low-rise bikini
looking over eyewear,0,6096,
red umbrella,0,6093,
ok sign,0,6093,okay
denim skirt,0,6091,
stained glass,0,6090,
dusk,0,6086,
worried,0,6085,concerned
feather earrings,0,6084,
kindergarten uniform,0,6082,
roswaal mansion maid uniform,0,6077,
orange hairband,0,6069,
bound ankles,0,6068,
diamond hairband,0,6068,
praying,0,6063,
ship class reunion,0,6061,
princess,0,6057,
string of flags,0,6056,bunting
pompadour,0,6055,
striped tail,0,6055,
flower symbol,0,6045,flower (symbol)
sleeves pushed up,0,6041,
flask,0,6035,
red fur,0,6031,
bow choker,0,6026,
ejaculating while penetrated,0,6025,"cum while penetrated,ejaculation when penetrated"
strap between breasts,0,6023,
cumulonimbus cloud,0,6020,
torn cape,0,6014,
fake phone screenshot,0,6010,
profanity,0,6007,swearing
torn shorts,0,6006,ripped shorts
lineup,0,5999,
brown cape,0,5999,
ramen,0,5999,
basketball (object),0,5994,
clitoral stimulation,0,5989,
haneoka school uniform,0,5985,
foot up,0,5984,
single kneehigh,0,5983,
brown sailor collar,0,5978,
chest strap,0,5977,
blue eyeshadow,0,5976,
super crown,0,5974,
plastic bag,0,5971,
eyebrow piercing,0,5966,
reflection focus,0,5964,
cum on penis,0,5961,
needle,0,5960,
purple-tinted eyewear,0,5949,
smell,0,5948,stink
slime (creature),0,5934,
confused,0,5932,
bandaid on arm,0,5930,
squirrel tail,0,5926,
suspender shorts,0,5925,
stray pubic hair,0,5923,
hands on own head,0,5922,
toon (style),0,5917,
stitched face,0,5910,
holding condom,0,5909,
partially shaded face,0,5905,
hiding,0,5898,
game console,0,5894,
pudding,0,5893,
seashell,0,5893,
graffiti,0,5892,
shovel,0,5890,
suspension,0,5890,
green neckerchief,0,5887,
user interface,0,5884,game interface
diamond cutout,0,5880,argyle cutout
grey sleeves,0,5868,
aqua jacket,0,5867,
quill,0,5867,
utaite,0,5859,utaite (singer)
hand on another's ass,0,5858,
purple eyeshadow,0,5856,
blue-framed eyewear,0,5854,
food on head,0,5847,
newspaper,0,5846,
arch,0,5839,
presenting own foot,0,5838,presenting feet
monkey tail,0,5836,
grey horns,0,5832,grey horn
nipple bar,0,5832,
black hakama,0,5824,
pink-tinted eyewear,0,5816,
lace-trimmed dress,0,5807,
public nudity,0,5802,
triangle bikini top,0,5802,
patterned clothing,0,5800,
paw shoes,0,5799,
grey kimono,0,5797,gray kimono
segmented comic,0,5795,
blue armor,0,5791,
collage,0,5789,
mohawk,0,5785,mohican (hairstyle)
hill,0,5784,
tally,0,5783,
dice,0,5774,
uneven gloves,0,5771,
bat hair ornament,0,5770,
screentones,0,5770,
back tattoo,0,5767,
chinese knot,0,5767,
green bra,0,5766,
kiseru,0,5765,
red tattoo,0,5763,
black rose,0,5763,
yellow hoodie,0,5761,
ice cube,0,5760,
nijigasaki school uniform,0,5759,nijigasaki academy school uniform
striped horns,0,5759,
heart hands duo,0,5756,
daisy (flower),0,5755,
twitching penis,0,5754,
multicolored shoes,0,5753,
blank censor,0,5751,
holding ice cream,0,5744,
crazy smile,0,5744,
flats,0,5742,
corpse,0,5742,
under-elbow gloves,0,5740,
owl,0,5739,
untied bikini bottom,0,5735,
snot,0,5732,
horned headwear,0,5731,
speaker,0,5730,
arched bangs,0,5726,
furry with furry,0,5725,
black pubic hair,0,5724,
cross-laced dress,0,5724,
ruffle bikini,0,5723,
school emblem,0,5721,
matching outfits,0,5721,matching outfit
qingdai guanmao,0,5716,"jiangshi hat,qing guanmao"
skirt suit,0,5716,
adam's apple,0,5715,
mascara,0,5714,
cigar,0,5713,
four-leaf clover,0,5712,
nightcap,0,5711,"sleeping cap,sleeping hat"
orange neckerchief,0,5708,
cuddling,0,5705,
missing legwear,0,5702,no legwear
diagonal-striped bowtie,0,5691,
crotch rope,0,5686,
arm held back,0,5681,
drumsticks,0,5674,
screaming,0,5674,
mp3 player,0,5673,
scratches,0,5672,
jealous,0,5672,
fishnet top,0,5671,fishnet shirt
twirling hair,0,5660,hair twirling
tokyo-3 middle school uniform,0,5658,tokyo-3 middle school uniform (evangelion)
rabbit boy,0,5655,
sleep mask,0,5653,
fur,0,5653,
path,0,5652,
halo behind head,0,5651,
untucked shirt,0,5649,
snowflake print,0,5649,
open dress,0,5645,
attacking viewer,0,5644,incoming attack
earbuds,0,5643,
chainsaw,0,5640,
title,0,5639,
grey-framed eyewear,0,5637,
brown socks,0,5635,brown kneehighs
2021,0,5634,
computer mouse,0,5631,mouse (computer)
aran sweater,0,5630,
fluffy hair,0,5629,
dreadlocks,0,5619,dreads
pink pajamas,0,5619,
slime girl,0,5617,
aqua bikini,0,5611,
yellow coat,0,5611,
deer girl,0,5611,
spread fingers,0,5610,
fanbox username,0,5610,
tulip,0,5610,
multiple bracelets,0,5606,
slave,0,5601,
on lap,0,5600,
lifting another's clothes,0,5587,
multicolored clothes,0,5585,
ring light reflection,0,5584,
possessed,0,5584,
purple horns,0,5579,
ryouou school uniform,0,5573,
adjusting swimsuit,0,5567,
grenade,0,5565,
looking at mirror,0,5560,
nose piercing,0,5558,
pink coat,0,5556,
cheating (relationship),0,5549,cheating
bullpup,0,5548,
character hair ornament,0,5544,
mouth veil,0,5542,
pinching,0,5538,
veiny arms,0,5538,
alternate skin color,0,5536,
rabbit hood,0,5536,"bunny hood,rabbit-ear hood"
eastern dragon horns,0,5536,
bread slice,0,5533,
rudder footwear,0,5532,
white armor,0,5530,
gas mask,0,5523,
clothes hanger,0,5522,
platform boots,0,5520,
impregnation,0,5516,
condom on penis,0,5516,
candy cane,0,5515,
thigh sex,0,5514,thighjob
korean clothes,0,5511,
sink,0,5510,
long shirt,0,5507,t-shirt dress
holding pencil,0,5506,
riding crop,0,5499,
hugging doll,0,5497,doll hug
party hat,0,5496,birthday hat
smokestack,0,5495,ship funnel
left-handed,0,5492,
instrument case,0,5492,
blue hakama,0,5491,
squirrel girl,0,5484,
pussyjob,0,5483,grinding (sexual)
high side ponytail,0,5481,
dove,0,5481,white dove
goldfish,0,5475,
hooves,0,5474,hoof
frogtie,0,5472,
crossed bandaids,0,5472,
orange kimono,0,5470,
yellow scrunchie,0,5467,
multicolored swimsuit,0,5461,
cat print,0,5447,
brown hairband,0,5447,
multicolored halo,0,5437,
beach towel,0,5435,
uchiwa,0,5429,
perky breasts,0,5426,
;3,0,5420,
rug,0,5416,
single hair tube,0,5414,
bloom,0,5413,
open shorts,0,5411,
toothbrush,0,5406,
purple belt,0,5406,
cropped vest,0,5403,
attack,0,5403,
heart-shaped pillow,0,5399,heart pillow
rubbing eyes,0,5399,
figure,0,5399,
belly chain,0,5396,
lotion,0,5395,
shako cap,0,5391,
horseback riding,0,5391,
gold armor,0,5390,
desert,0,5388,
panther ears,0,5387,
o-ring bottom,0,5385,
wet swimsuit,0,5383,
pantylines,0,5380,
restaurant,0,5379,
spill,0,5377,
sake bottle,0,5376,
surrounded by hands,0,5369,swarming hands
blowing kiss,0,5367,
neck ruff,0,5366,
inset border,0,5365,
scar on neck,0,5364,
multicolored leotard,0,5363,
shark,0,5361,
print bow,0,5358,
censored nipples,0,5353,
duel,0,5350,
cellphone photo,0,5345,cellphone picture
undersized clothes,0,5344,clothes too small
blue trim,0,5342,
holding cane,0,5342,holding walking stick
moss,0,5341,
covering own eyes,0,5339,
red hands,0,5339,
yellow bag,0,5339,
sticker on face,0,5338,sticker on cheek
gold ring,0,5336,
grey necktie,0,5333,
fanny pack,0,5325,
fish hair ornament,0,5324,
grey neckerchief,0,5321,
no lineart,0,5316,lineless
stethoscope,0,5310,
come hither,0,5309,
single gauntlet,0,5309,
snowflake hair ornament,0,5307,
lifebuoy,0,5297,life preserver (ring)
locker room,0,5296,
orange pants,0,5294,
multicolored shirt,0,5290,
legwear garter,0,5289,"sock garters,thighhigh garter"
naked jacket,0,5289,
heart in mouth,0,5288,
caught,0,5284,
sitting on face,0,5284,
purple umbrella,0,5284,
hands on another's head,0,5280,
wife and wife,0,5279,
hip bones,0,5277,
flight deck,0,5270,
abstract,0,5269,
textless cover page,0,5269,cover image
photo inset,0,5268,
peeing self,0,5266,
orange theme,0,5264,
american flag bikini,0,5261,
sleeve garter,0,5260,
bare hips,0,5258,
cold,0,5257,
dessert,0,5253,
orange shoes,0,5249,
musical staff,0,5249,staff (music)
hair ears,0,5249,
wedding,0,5245,
paint,0,5245,
head on another's shoulder,0,5241,
yellow thighhighs,0,5241,
carpet,0,5240,
bow bikini,0,5237,
dirty clothes,0,5232,
heart button,0,5230,
mismatched bikini,0,5227,
kabedon,0,5227,
curled fingers,0,5224,
frilled ribbon,0,5221,
blue armband,0,5221,
yellow sweater vest,0,5217,
different reflection,0,5214,
fish girl,0,5211,
arabian clothes,0,5209,
church,0,5209,
green choker,0,5209,
fur scarf,0,5193,
running bond,0,5190,
object namesake,0,5189,
neckwear grab,0,5189,
baseball uniform,0,5186,
thrusters,0,5186,"booster rocket,jet booster,rocket booster"
greatsword,0,5185,
striped shorts,0,5184,
ladder,0,5183,
holding stick,0,5180,
watson cross,0,5177,
sode,0,5175,
pink-framed eyewear,0,5169,
loose belt,0,5168,
teardrop earrings,0,5167,"droplet earrings,tear drop earrings"
backless leotard,0,5164,
orc,0,5163,
you gonna get raped,0,5161,
blur censor,0,5161,
uranohoshi school uniform,0,5159,
chained,0,5157,
sunburst,0,5157,
combat helmet,0,5156,military helmet
roman numeral,0,5140,
rubber boots,0,5139,rain boots
burning,0,5123,
cat ear hairband,0,5121,
grey belt,0,5119,
brown necktie,0,5119,
faux traditional media,0,5114,
fivesome,0,5112,
club (weapon),0,5110,
in tree,0,5109,
no jacket,0,5105,
lounge chair,0,5098,
see-through leotard,0,5097,transparent leotard
green socks,0,5091,green kneehighs
bow legwear,0,5090,"bow socks,sock bow,thighhigh bow"
skewer,0,5080,
deviantart username,0,5078,
drawing (action),0,5076,
milk bottle,0,5075,
steering wheel,0,5070,
bento,0,5065,
patterned background,0,5062,
over-rim eyewear,0,5061,
clothed female nude female,0,5060,
braided twintails,0,5059,
cropped hoodie,0,5058,
panther girl,0,5058,
feather trim,0,5057,
capri pants,0,5056,cropped pants
group picture,0,5056,
binoculars,0,5055,
flexing,0,5051,
purple capelet,0,5047,
fake wings,0,5045,
holding scissors,0,5043,
space helmet,0,5042,
side up bun,0,5041,
shower head,0,5038,
fake cover,0,5036,
patch,0,5034,
hands on own thighs,0,5034,
lemon slice,0,5033,
lip piercing,0,5026,
pink border,0,5023,
light bulb,0,5018,
champagne flute,0,5016,
sunrise,0,5015,
tombstone,0,5015,
stiletto heels,0,5014,
rabbit print,0,5012,bunny print
fur coat,0,5012,
after ejaculation,0,5007,
pyrokinesis,0,5006,"fire bending,fire manipulation,pyromancy"
eyebrow cut,0,5004,
plantar flexion,0,5003,toe-point down
laevatein (touhou),0,5003,
neon trim,0,5002,
mechabare,0,5002,mechanical organs
blue collar,0,4997,
reflective floor,0,4993,
monsterification,0,4989,
safety pin,0,4988,
false smile,0,4983,
buck teeth,0,4980,
blood from eyes,0,4979,
finger to own chin,0,4978,
cousins,0,4975,
green lips,0,4970,
wide ponytail,0,4968,
eyewear strap,0,4965,"eyewear chain,glasses chain"
ghost tail,0,4961,
cocktail glass,0,4959,
licking finger,0,4958,
onee-loli,0,4955,
grimace,0,4952,
cliff,0,4947,
ovum,0,4946,
full beard,0,4946,
spatula,0,4942,
skull and crossbones,0,4942,
submerged,0,4941,
shaved ice,0,4938,snow cone
white garter straps,0,4936,
broken horn,0,4934,
shrimp,0,4934,
pirate costume,0,4931,pirate
shell casing,0,4931,
wooden table,0,4930,
full nelson,0,4928,
mole on cheek,0,4920,
grabbed by tentacles,0,4913,
hand on another's stomach,0,4910,
shirt tug,0,4903,
playing with own hair,0,4901,
pillbox hat,0,4899,
skull print,0,4899,
sweaty armpits,0,4898,
transparent umbrella,0,4898,
tiger stripes,0,4897,
brown theme,0,4896,
heart maebari,0,4888,
vertical-striped skirt,0,4883,
goatee stubble,0,4882,
grey scarf,0,4876,
red one-piece swimsuit,0,4874,
jackal ears,0,4874,
tribadism,0,4873,
lace bra,0,4868,
starry sky print,0,4867,
ammunition,0,4865,cartridge (weapon)
open robe,0,4860,
fetal position,0,4858,
drinking straw in mouth,0,4857,
multicolored thighhighs,0,4857,
bandage on face,0,4855,
vibrator under clothes,0,4854,
no eyewear,0,4846,
holding sex toy,0,4843,holding dildo
ribbed dress,0,4842,
strawberry shortcake,0,4841,
ass ripple,0,4841,
blue border,0,4841,
ornate border,0,4839,"complex border,detailed border"
in-universe location,0,4838,
hitachi magic wand,0,4837,
breastless clothes,0,4836,
panda,0,4834,giant panda
striped sweater,0,4831,
high contrast,0,4825,
barcode tattoo,0,4824,
mustache stubble,0,4822,
mechanical hands,0,4822,robot hands
veiny breasts,0,4819,
shiny,0,4817,
pink vest,0,4809,
red sky,0,4809,
horn hairband,0,4804,
turnaround,0,4803,
corded phone,0,4800,
blue-tinted eyewear,0,4799,
holding panties,0,4797,
moonlight,0,4795,
holding weapon behind back,0,4795,weapon behind back
butterfly print,0,4793,
horn bow,0,4788,
balcony,0,4786,
breast bondage,0,4785,
studded belt,0,4785,
holding pillow,0,4784,
whipped cream,0,4783,
loose bowtie,0,4781,
gauze,0,4780,
head only,0,4775,
mole under each eye,0,4774,
stripper pole,0,4772,
impending doom,0,4772,
tied up (nonsexual),0,4769,
pearl,0,4767,pearl (gemstone)
pillow grab,0,4767,
american flag legwear,0,4766,
cloth gag,0,4766,otm gag
swirl lollipop,0,4763,
pastel colors,0,4760,
ofuda on clothes,0,4757,
pink bodysuit,0,4756,pink bikesuit
bamboo forest,0,4756,
quarter note,0,4755,
gold armlet,0,4752,
girthy penis,0,4752,thick penis
open-toe boots,0,4752,"peep-toe boots,toeless boots"
bird on hand,0,4751,
object head,0,4751,
town,0,4748,
star facial mark,0,4746,
adjusting gloves,0,4741,
winged helmet,0,4738,
fertilization,0,4733,
spreading another's pussy,0,4732,
5koma,0,4732,
orange scarf,0,4732,
bat ears,0,4731,
turtleneck leotard,0,4729,
swing,0,4726,tree swing
pink pantyhose,0,4726,
helm,0,4725,
rough sex,0,4722,
yunomi,0,4719,japanese teacup
reach-around,0,4718,
red hood,0,4716,
ankle ribbon,0,4716,
3others,0,4715,
brown corset,0,4712,
side part,0,4711,
milk carton,0,4711,
o3o,0,4711,
flower tattoo,0,4702,
cooking pot,0,4699,
asticassia school uniform,0,4698,
soccer ball,0,4694,
pig,0,4689,
uneven sleeves,0,4689,
white romper,0,4688,
black hood,0,4687,
yellow pants,0,4687,
thick lips,0,4682,puffy lips
pulling another's clothes,0,4678,
vending machine,0,4678,
star necklace,0,4676,
cervix,0,4672,
holding water gun,0,4671,
winding key,0,4669,wind-up key
pointing at another,0,4667,
plaid pants,0,4666,
plum blossoms,0,4663,
fur-trimmed skirt,0,4660,
bowl cut,0,4657,
ammunition pouch,0,4655,magazine pouch
tarot,0,4654,
asymmetrical sidelocks,0,4653,
sleeping on person,0,4647,
selfcest,0,4647,
too many watermarks,0,4646,
green apron,0,4645,
futa with male,0,4643,
sleeveless coat,0,4643,
instant noodles,0,4641,
boxing gloves,0,4640,
grey bodysuit,0,4639,"gray bikesuit,grey bikesuit"
what,0,4637,
gold hairband,0,4634,
afro,0,4631,
wrinkled skin,0,4629,
japari symbol,0,4624,japari symbol print
holding balloon,0,4622,
shoe dangle,0,4621,"flats dangling,heels dangling"
tsukinomori school uniform,0,4619,
scar on stomach,0,4619,
counter,0,4618,
talisman,0,4615,
disembodied head,0,4614,
spiked choker,0,4614,
playing sports,0,4614,
holding unworn helmet,0,4612,holding helmet
orange bodysuit,0,4611,orange bikesuit
holding whip,0,4610,
giving,0,4606,
roller skates,0,4606,
gold crown,0,4605,
sweatpants,0,4605,
video game dialogue box,0,4604,"adventure text box,visual novel dialogue box,visual novel text box"
star choker,0,4603,
cafe,0,4603,
mop,0,4602,
brown kimono,0,4601,
blue robe,0,4600,
peeking,0,4598,peeping
linear hatching,0,4598,
white snake,0,4598,
shared clothes,0,4597,
duffel bag,0,4597,gym bag
american flag dress,0,4597,
animal bag,0,4595,
inverted cross,0,4595,"antichrist cross,upside-down cross"
blonde streaks,0,4589,yellow streaks
melting,0,4587,
white serafuku,0,4583,
against railing,0,4583,leaning on rail
licking nipple,0,4581,
plaid jacket,0,4581,
goblin,0,4580,
skirt tug,0,4580,
bear girl,0,4580,
goat girl,0,4579,
tape gag,0,4578,
calendar (object),0,4576,
drone,0,4574,
purple fur,0,4573,
cross print,0,4573,
bisexual female,0,4570,
constellation print,0,4569,
hands in opposite sleeves,0,4569,
two-sided coat,0,4568,
forked tongue,0,4567,split tongue
blue headband,0,4564,
mirror selfie,0,4561,
nanamori school uniform,0,4558,
missing halo,0,4556,no halo
surfboard,0,4552,
paddle,0,4551,
hatsuboshi gakuen school uniform,0,4546,
fried egg,0,4545,
darkness,0,4544,
sigh,0,4542,
very long fingernails,0,4536,
oversized animal,0,4536,
no feet,0,4534,
breasts on glass,0,4533,
teasing,0,4532,
handsfree ejaculation,0,4529,untouched ejaculation
collared cape,0,4520,
pink wings,0,4520,
striped bra,0,4517,
footprints,0,4512,
fiery hair,0,4510,
stationary restraints,0,4507,
lace-trimmed sleeves,0,4507,
sailor bikini,0,4506,
turtle shell,0,4506,
white theme,0,4505,
glowing sword,0,4498,
buzz cut,0,4496,
magatama necklace,0,4495,
head between breasts,0,4493,
ribbon-trimmed collar,0,4490,
nape,0,4489,
pink collar,0,4487,
stuck,0,4487,
fleeing,0,4484,"escape,escaping"
walk-in,0,4482,
holding unworn shoes,0,4482,"holding shoe,holding shoes,shoes on hands"
multiple piercings,0,4481,
thumb ring,0,4481,
excalibur (fate/stay night),0,4479,
keyhole,0,4473,
horse penis,0,4471,
deerstalker,0,4468,
purple hoodie,0,4463,
enpera,0,4455,
lipstick tube,0,4451,
morning,0,4450,
gradient dress,0,4450,
crossdressing (ftm),0,4450,
bandaid on pussy,0,4447,
sweets,0,4447,
headlamp,0,4446,
alley,0,4445,
birdcage,0,4441,
winged hat,0,4441,
negligee,0,4440,
2026,0,4438,
nose bubble,0,4438,
tactical clothes,0,4435,
real world location,0,4434,
shimakaze (kancolle) (cosplay),0,4434,
multicolored coat,0,4433,
sleep molestation,0,4430,somnophilia
blue cloak,0,4427,
clothes down,0,4425,
asphyxiation,0,4424,suffocation
volleyball (sport),0,4419,volleyball
hawaiian shirt,0,4417,
chandelier,0,4413,
blue tongue,0,4410,
art tools in frame,0,4410,
butler,0,4410,
bit gag,0,4409,
battery indicator,0,4409,low battery (symbol)
turban,0,4408,
padlock,0,4408,
halter shirt,0,4405,
ribbed socks,0,4404,
thigh cutout,0,4401,
shading eyes,0,4401,shielding eyes from sun
hands on lap,0,4400,
no sclera,0,4399,
school hat,0,4397,
square 4koma,0,4395,
potato chips,0,4395,
poke ball print,0,4393,
canon event,0,4393,
baguette,0,4390,
tail wrap,0,4390,hugging with tail
carrying over shoulder,0,4389,
ace (playing card),0,4388,
anal fingering,0,4388,
overcast,0,4384,
pencil dress,0,4384,
cyberpunk,0,4383,
bow (music),0,4381,
puffy shorts,0,4380,
flame print,0,4379,
age progression,0,4378,
typo,0,4377,
talking on phone,0,4374,on phone
industrial piercing,0,4371,
hand on eyewear,0,4370,
ouji fashion,0,4368,kodona
tangzhuang,0,4367,
toast,0,4367,
hand on hilt,0,4365,
phimosis,0,4364,
hooded robe,0,4364,
shoulder carry,0,4360,sitting on shoulders
muscular arms,0,4359,
whisk,0,4357,
mallet,0,4356,
gorget,0,4355,
utility belt,0,4352,
neck fur,0,4350,
bow earrings,0,4346,
fake antlers,0,4345,
6+others,0,4344,
hand tattoo,0,4341,
2020,0,4339,
omurice,0,4338,
obliques,0,4336,
arm wrap,0,4333,
bird legs,0,4331,
coral,0,4329,
footjob with legwear,0,4325,"footjob with socks on,footjob with thighhighs on"
mesugaki,0,4322,bitch brat
fold-over boots,0,4319,
arm armor,0,4319,
breast focus,0,4317,
blueberry,0,4314,
flaming eye,0,4311,
trefoil,0,4308,
hamster,0,4306,
rod of remorse,0,4305,
slap mark,0,4304,
magnifying glass,0,4301,
eye trail,0,4298,
hakama pants,0,4297,
under table,0,4295,
plaid background,0,4294,
armpit focus,0,4293,
mars symbol,0,4289,
white hood,0,4288,
blue helmet,0,4284,
frilled cuffs,0,4284,
sleeping upright,0,4281,
cube,0,4278,
creature and personification,0,4277,
no dickey,0,4276,
cheek poking,0,4274,
one-eyed mecha,0,4274,
beam rifle,0,4274,
penis out,0,4271,penis outside
creator connection,0,4269,artist connection
holding brush,0,4268,
harem,0,4267,
fur-trimmed cloak,0,4267,
yellow choker,0,4266,
walkie-talkie,0,4264,
colored shoe soles,0,4264,
crotchless panties,0,4262,
porkpie hat,0,4262,
russian text,0,4261,
tickling,0,4261,
shoelaces,0,4260,
melting popsicle,0,4256,
black male underwear,0,4254,
sketchbook,0,4253,
spilling,0,4253,
bear hair ornament,0,4249,
black tiara,0,4246,
palm leaf,0,4245,
claw (weapon),0,4244,
paradis military uniform,0,4242,
office,0,4241,
drop-shaped pupils,0,4241,
looking at food,0,4236,
oc x canon,0,4236,original character with canon character
happy tears,0,4233,
cheek pinching,0,4232,
crepe,0,4231,
santa bikini,0,4231,
palms together,0,4230,
tuxedo,0,4227,
pink blood,0,4224,
world war ii,0,4219,ww2
bruise on face,0,4214,
neck flower,0,4214,
juice box,0,4212,
platform heels,0,4211,
bandaid on hand,0,4210,
knees apart feet together,0,4209,
middle ring,0,4203,
eye focus,0,4203,
orange thighhighs,0,4202,
heel up,0,4200,
plaid hat,0,4196,
bomber jacket,0,4195,
hadanugi dousa,0,4194,
egg (food),0,4193,
oni horns,0,4191,
inflatable toy,0,4190,
magazine (object),0,4187,
chainmail,0,4185,
wrestling outfit,0,4185,
jewel under eye,0,4185,
large testicles,0,4182,
censored identity,0,4179,identity censor
halloween bucket,0,4179,
shower (place),0,4176,
window shadow,0,4175,
plaid bikini,0,4173,"plaid bikini bottom,plaid bikini top"
industrial pipe,0,4173,"pipe (plumbing),pipes,water pipe"
shoulder strap,0,4172,
print bowtie,0,4171,
squirrel,0,4170,
round border,0,4170,"circular border,circular image,round image"
zombie pose,0,4170,jiangshi pose
pink one-piece swimsuit,0,4169,
eraser,0,4169,
blood in hair,0,4166,
holstered,0,4165,holstered weapon
scepter,0,4164,
banknote,0,4163,paper money
hiphighs,0,4161,
demon (megami tensei),0,4158,
blue tunic,0,4158,
pant suit,0,4157,
index fingers together,0,4155,
butterfly on hand,0,4154,
refrigerator,0,4151,
rice bowl,0,4150,
hexagram,0,4150,
yellow wings,0,4149,
ankle cuffs,0,4149,
fine art parody,0,4148,
shuriken,0,4147,ninja star
dust,0,4144,
side ahoge,0,4142,
jersey,0,4142,
impossible dress,0,4137,
chest bow,0,4137,
leotard pull,0,4134,
vial,0,4133,
leaning on object,0,4133,
mummy costume,0,4130,
insignia,0,4129,military insignia
disgust,0,4128,
yellow sleeves,0,4127,
grey sports bra,0,4126,
wire,0,4124,
cave,0,4121,
purple rope,0,4121,
faux retro artstyle,0,4120,
smiley face,0,4119,
red petals,0,4119,
turtle,0,4118,
boxers,0,4114,
nail (hardware),0,4113,
drawer,0,4111,
guitar case,0,4111,
yellow cape,0,4105,
black buruma,0,4104,
nape braid,0,4104,
rocket launcher,0,4103,recoilless rifle
blue sclera,0,4103,
naked sweater,0,4103,
keyboard (instrument),0,4102,
floating cape,0,4101,"floating capelet,floating cloak"
hands on another's cheeks,0,4101,
yellow feathers,0,4101,
star brooch,0,4099,
mismatched pubic hair,0,4095,
black armband,0,4091,
dalachi (headdress),0,4091,
cherry blossom print,0,4090,
hanasakigawa school uniform,0,4089,
braided sidelocks,0,4086,
tricorne,0,4086,
frilled shorts,0,4083,
taut dress,0,4080,
aqua trim,0,4079,
cabinet,0,4078,
impossible leotard,0,4077,
digitigrade,0,4077,
team rocket,0,4075,
curly eyebrows,0,4074,
rubble,0,4070,
white corset,0,4070,
black garter belt,0,4069,
two-tone hairband,0,4066,
fur-trimmed kimono,0,4065,
metal hairband,0,4064,
spinning,0,4063,
instagram logo,0,4062,
colored shadow,0,4059,
steam censor,0,4056,
cutout above navel,0,4052,
tokkuri,0,4051,
key necklace,0,4049,
pink sailor collar,0,4048,
sparks,0,4046,spark
patchwork skin,0,4046,
naked bandage,0,4046,
watermark grid,0,4045,
incoming gift,0,4043,"giving to viewer,offering to viewer"
yellow socks,0,4042,yellow kneehighs
dress shoes,0,4030,
g-string,0,4026,
naoetsu high school uniform,0,4024,
black tube top,0,4024,
kitauji high school uniform,0,4022,
thigh ribbon,0,4021,
sweater around waist,0,4021,
holding ladle,0,4019,
scar on leg,0,4018,
holding own leg,0,4018,grabbing own leg
sparkler,0,4015,
on swing,0,4011,
curry,0,4011,
chicken (food),0,4008,
white male underwear,0,4006,
groin tendon,0,4006,
zero suit,0,4004,
stole,0,4004,
lapel pin,0,4004,
cropped sweater,0,4002,
seamed legwear,0,4001,
dinosaur,0,3999,
striped arm warmers,0,3998,
side-tie leotard,0,3997,
fourth wall,0,3997,
tooth necklace,0,3993,"fang necklace,teeth necklace"
cameo,0,3993,
black helmet,0,3987,
x (symbol),0,3985,x
brushing hair,0,3984,combing
red tail,0,3983,
health bar,0,3974,
torch,0,3972,
purple ascot,0,3967,
lion boy,0,3965,
cat ear panties,0,3964,
eyewear on headwear,0,3963,
dreaming,0,3962,
gae bolg (fate),0,3960,
dynamic pose,0,3958,
window blinds,0,3958,blinds
red helmet,0,3955,
covering nipples,0,3954,
see-through body,0,3954,"see-through skin,translucent skin"
fur-trimmed collar,0,3954,
poker chip,0,3952,
white mouth,0,3952,
pastry,0,3952,
shoulder belt,0,3948,
millennium cheerleader outfit (blue archive),0,3946,
tree shade,0,3944,
green flower,0,3944,
comb,0,3943,
orange slice,0,3941,
finger heart,0,3939,
holding leaf,0,3937,
holding fireworks,0,3935,holding firecrackers
skyline,0,3935,
solid eyes,0,3935,
spring (season),0,3933,
onahole,0,3932,artificial vagina
wreath,0,3932,
pond,0,3931,
vertical-striped pantyhose,0,3929,
redesign,0,3926,
qr code,0,3925,
multiple drawing challenge,0,3925,
kuromorimine military uniform,0,3925,
chemise,0,3923,
purple fire,0,3923,
leg belt,0,3922,
polka dot dress,0,3921,
triforce,0,3921,
overall shorts,0,3918,
starry sky background,0,3918,
barrel,0,3918,
latex gloves,0,3916,
wooden fence,0,3916,
argyle pantyhose,0,3915,
purple socks,0,3915,purple kneehighs
jersey maid,0,3914,tracksuit maid
red mask,0,3910,
desk lamp,0,3909,
two-tone leotard,0,3909,
puffy pants,0,3909,
fangs out,0,3907,
caustics,0,3904,
loose clothes,0,3902,
brown cloak,0,3901,
arm cutout,0,3900,
penis size difference,0,3899,
front slit,0,3896,
pool ladder,0,3894,
if they mated,0,3894,fanchild
starter pokemon trio,0,3894,
bad feet,0,3894,
ufo,0,3894,
green capelet,0,3893,
blood stain,0,3893,bloodstain
breast slip,0,3893,
polo shirt,0,3893,
through clothes,0,3890,
pixiv username,0,3890,
samurai,0,3887,
holding tablet pc,0,3885,
circle name,0,3885,
excessive cum,0,3885,
tight shirt,0,3884,
look-alike,0,3883,
alternate headwear,0,3883,alternate hat color
pet play,0,3882,
carrot necklace,0,3882,
manga (object),0,3881,
prostitution,0,3879,
black wrist cuffs,0,3878,
pale colors,0,3877,pale color
frilled headwear,0,3877,
spoken sweatdrop,0,3876,
torn jeans,0,3873,ripped jeans
gem uniform (houseki no kuni),0,3870,
alternate legwear,0,3869,
implied yuri,0,3868,
sideburns stubble,0,3868,
energy ball,0,3867,
suit pants,0,3867,dress pants
two-tone ribbon,0,3866,
xiao guan (headdress),0,3865,
brown apron,0,3864,
liquid,0,3861,
animal ear hood,0,3860,
brown bowtie,0,3860,
official alternate hair length,0,3859,
arm blade,0,3858,
biker clothes,0,3858,
tanuki,0,3857,
lycoris uniform,0,3856,
flat ass,0,3851,
sitting on stairs,0,3851,
unconscious,0,3846,"fainted,passed out"
color connection,0,3846,
finger in own mouth,0,3846,
white tube top,0,3845,
racket,0,3845,
smoke trail,0,3844,
countdown,0,3844,
oni mask,0,3844,
cum on male,0,3842,cum on boy
traffic light,0,3842,traffic signal
watering can,0,3839,
orange skin,0,3837,
pear-shaped figure,0,3836,pear shaped figure
hair extensions,0,3836,
electrokinesis,0,3834,electricity manipulation
red tank top,0,3834,
faucet,0,3833,
leather belt,0,3832,
multicolored bow,0,3832,
trumpet,0,3831,
livestream,0,3829,
brown-framed eyewear,0,3827,
wrist guards,0,3826,
drawing bow,0,3825,
battle axe,0,3825,war axe
kalashnikov rifle,0,3824,
sanshoku dango,0,3823,tricolor dango
striped kimono,0,3822,
menu,0,3821,
feeding viewer,0,3820,incoming food
sleeve ribbon,0,3819,
spider,0,3817,
holding ice cream cone,0,3817,
wooden bucket,0,3816,
fur-trimmed shorts,0,3816,
wooden wall,0,3816,
green fur,0,3815,
ankle lace-up,0,3815,
orange scrunchie,0,3815,
buttoned cuffs,0,3815,
bucket hat,0,3811,
alarm clock,0,3810,
green tunic,0,3808,
respirator,0,3808,
power symbol,0,3807,
cloud print,0,3804,
pain,0,3803,
orange hoodie,0,3803,
dark anus,0,3803,
short sword,0,3803,
shoulder sash,0,3803,
panther tail,0,3802,
linked piercing,0,3798,
ankle strap,0,3794,
drawing tablet,0,3793,
wrist bow,0,3791,
pink camisole,0,3789,
rei no himo,0,3789,
mechanical ears,0,3782,
fish (food),0,3781,
pinstripe jacket,0,3781,
pink gem,0,3777,pink gemstone
hikimayu,0,3777,
park bench,0,3775,
whale,0,3774,
yasogami school uniform,0,3772,
leg armor,0,3771,
naked coat,0,3769,naked fur coat
baseball (sport),0,3768,
mob x character,0,3768,
head down,0,3766,
green bodysuit,0,3766,green bikesuit
shoulder peek,0,3763,
column,0,3762,
donut hair bun,0,3761,doughnut hair bun
aqua halo,0,3759,
hair lift,0,3759,
layered kimono,0,3758,
pink cape,0,3757,
strapless bra,0,3757,
two-tone one-piece swimsuit,0,3757,
poke ball symbol,0,3754,
traditional nun,0,3751,
strap-on,0,3749,
pink horns,0,3747,
male playboy bunny,0,3743,
hair brush,0,3742,
striped headwear,0,3742,
commissioner name,0,3741,
green bag,0,3740,
exhausted,0,3739,tired (fatigue)
board game,0,3739,
projected inset,0,3737,
meiji schoolgirl uniform,0,3736,
fishnet gloves,0,3734,
pink capelet,0,3734,
suppressor,0,3734,
single pantsleg,0,3733,
tentacle pit,0,3732,
year of the rabbit,0,3727,
crescent print,0,3726,
vertical-striped jacket,0,3724,
white umbrella,0,3724,
bodice,0,3724,
hyur,0,3723,
satchel,0,3722,
open bra,0,3718,"undone bra,unfastened bra,unhooked bra,untied bra"
cum on feet,0,3718,
spiked armlet,0,3715,
pixiv id,0,3713,
spanking,0,3711,
multiple weapons,0,3709,
grabbing,0,3709,
blank speech bubble,0,3708,blank thought bubble
cyclops,0,3704,mono-eye
sports car,0,3703,
futanari masturbation,0,3701,
molestation,0,3700,
pov doorway,0,3699,
beamed sixteenth notes,0,3697,
head on hand,0,3696,
marker,0,3696,
fine fabric emphasis,0,3696,
bomb,0,3695,
variations,0,3695,
opening door,0,3693,
hair on horn,0,3690,
runny makeup,0,3687,mascara smear
face to breasts,0,3686,
bikini bottom pull,0,3686,
fighter jet,0,3685,
bondage outfit,0,3683,
grey hairband,0,3682,
pokedex number,0,3681,
have to pee,0,3680,
cupless bra,0,3678,
inflation,0,3678,
east asian,0,3675,
hand puppet,0,3674,
furrification,0,3673,
tripping,0,3672,tripped
red apron,0,3672,
pinstripe shirt,0,3671,
69,0,3671,
official alternate color,0,3669,
green-framed eyewear,0,3664,
purple neckerchief,0,3663,
old woman,0,3663,
streamers,0,3658,
torn leotard,0,3656,ripped leotard
chaps,0,3656,
white lily,0,3654,
claw ring,0,3653,
drying,0,3653,
black hands,0,3652,
chewing,0,3651,
multiple swords,0,3648,
k-pop,0,3646,
see-through legwear,0,3645,transparent legwear
lizard tail,0,3645,
wind chime,0,3644,
grey bra,0,3643,
two-tone shoes,0,3642,
v-shaped eyes,0,3641,
timestamp,0,3640,
seigaiha,0,3638,
orange tail,0,3638,
bird on shoulder,0,3638,
crosswalk,0,3636,pedestrian crossing
excessive pubic hair,0,3636,
plate armor,0,3635,
trick or treat,0,3633,
folding chair,0,3632,
prayer beads,0,3632,
excited,0,3625,
broken halo,0,3625,
green tail,0,3623,
red cross,0,3622,
circle skirt,0,3622,
coif,0,3620,
strawberry print,0,3613,
holly,0,3612,
caterpillar tracks,0,3612,tank treads
champion's tunic (zelda),0,3612,
through wall,0,3610,
mole on ass,0,3608,
ainu clothes,0,3607,
overgrown,0,3602,
brown wings,0,3601,
feather-trimmed sleeves,0,3601,
blue feathers,0,3600,
letter hair ornament,0,3597,
ugly bastard,0,3596,ugly man
puckered anus,0,3594,puffy anus
standing on liquid,0,3594,
naked shoes,0,3592,just shoes
real life insert,0,3590,
breath weapon,0,3589,
3d background,0,3588,
blue pajamas,0,3586,
fake facial hair,0,3586,
video camera,0,3584,
railroad tracks,0,3584,
ryona,0,3584,
2019,0,3583,
spooning,0,3581,
festival,0,3580,
alternate breast size,0,3580,
beckoning,0,3578,
hand on another's leg,0,3578,
wheelchair,0,3576,
short-sleeved jacket,0,3575,short sleeved jacket
cheek press,0,3574,
d-pad,0,3570,
crew neck,0,3566,
chocolate on body,0,3566,
screen,0,3566,
cetacean tail,0,3565,
neon lights,0,3565,
pocky day,0,3563,
taiyaki,0,3563,bungeoppang
basketball (sport),0,3562,
ushanka,0,3562,
implied futanari,0,3561,
print jacket,0,3561,
sports bikini,0,3560,
game screenshot inset,0,3559,
spoken object,0,3559,
grey ribbon,0,3558,
pacifier,0,3557,
yellow-tinted eyewear,0,3554,
lion,0,3553,
stab,0,3552,
checkered kimono,0,3552,
blue tabard,0,3552,
yellow apron,0,3550,
triangle facial mark,0,3548,
choko (cup),0,3546,
konohagakure symbol,0,3545,
hollow eyes,0,3544,
blunt tresses,0,3544,
sprite,0,3544,
cum on hands,0,3543,
yellow bra,0,3543,
holding fishing rod,0,3542,
pov across table,0,3542,
nail art,0,3540,
unworn socks,0,3539,socks removed
impaled,0,3539,
open pants,0,3539,
blood on knife,0,3539,
undone necktie,0,3535,
condom packet strip,0,3534,
yellow armband,0,3533,
hand on own shoulder,0,3532,
text-only page,0,3532,
stone wall,0,3531,
shared scarf,0,3531,
orange halo,0,3530,
crt,0,3529,old television
pulling,0,3526,
ink,0,3523,
cross-laced shoes,0,3523,
armored gloves,0,3522,
bilingual text,0,3521,
cardigan around waist,0,3519,
tail bell,0,3519,
lettuce,0,3519,
prosthetic leg,0,3518,
star sticker,0,3517,
instrument case on back,0,3517,
unworn boots,0,3514,boots removed
multiple condoms,0,3514,
poncho,0,3512,
column lineup,0,3508,
curtain grab,0,3507,"holding curtain,pulling curtains"
holding megaphone,0,3504,
concert,0,3501,musical performance
intravenous drip,0,3501,
sweet potato,0,3500,
hakama shorts,0,3499,
volleyball uniform,0,3497,
orange choker,0,3496,
clawed gauntlets,0,3496,
tam o' shanter,0,3496,
wisteria,0,3495,
frilled sailor collar,0,3494,
mace,0,3482,
spread wings,0,3480,
monkey,0,3479,
surprise kiss,0,3478,
foliage,0,3477,
blood on arm,0,3475,
skull earrings,0,3475,
hand on own neck,0,3475,hand on own throat
tennis uniform,0,3474,
sunflower hair ornament,0,3472,
year of the tiger,0,3469,
bat girl,0,3468,
german clothes,0,3468,
coin on string,0,3466,
frilled leotard,0,3465,
truck,0,3465,
twincest,0,3464,
pole dancing,0,3464,
undressing another,0,3462,
pokemon on head,0,3461,
imminent fellatio,0,3460,
hair through headwear,0,3459,
dotted line,0,3458,
rotational symmetry,0,3454,
horns through headwear,0,3453,antlers through headwear
sweatband,0,3451,
jimiko,0,3449,
after paizuri,0,3449,
necktie grab,0,3447,
chasing,0,3446,
nengajou,0,3445,
yugake,0,3440,
pie,0,3440,
priest,0,3438,
orange vest,0,3436,
sweaty breasts,0,3435,
untied panties,0,3435,
camellia,0,3435,
floating headgear,0,3434,floating hair ornament
ballerina,0,3431,
see-through jacket,0,3431,transparent jacket
yellow tail,0,3429,
plant girl,0,3428,
oversized food,0,3426,
baseball mitt,0,3421,
open-chest sweater,0,3420,
anilingus,0,3419,
youkai (youkai watch),0,3419,
venus symbol,0,3418,
mimikaki,0,3418,japanese ear pick
tail around own leg,0,3417,
group name,0,3417,
cross-laced sleeves,0,3416,lace-up sleeves
holding beachball,0,3416,
dark aura,0,3416,
fishing,0,3414,
holding burger,0,3413,
holding chocolate,0,3411,
shark hood,0,3411,
patterned hair,0,3411,print hair
black arm warmers,0,3409,
product placement,0,3409,
sig sauer,0,3408,
prehensile tail,0,3408,
holding unworn jacket,0,3408,holding jacket
wrestling,0,3407,
ribbon in braid,0,3405,
. .,0,3402,
broken heart,0,3402,
potion,0,3402,
purple veil,0,3401,
twitter x logo,0,3400,
ring hair extensions,0,3400,
simple bird,0,3396,
cheering,0,3396,
gun sling,0,3395,sling (firearms)
hairdressing,0,3394,hair styling
animal hug,0,3392,hugging animal
open window,0,3392,
chibikemo,0,3391,
elbow carry,0,3390,
destruction,0,3386,
briefs,0,3379,
ghost costume,0,3379,
voice actor,0,3378,
pot,0,3378,
waist sash,0,3377,
checkered necktie,0,3377,
bud,0,3377,
striped gloves,0,3376,
digging your own grave,0,3376,
lyrics,0,3374,
juban,0,3373,
holding notebook,0,3371,
lop rabbit ears,0,3369,
bear boy,0,3366,
sticker (medium),0,3362,emote (medium)
tablecloth,0,3361,
bad hands,0,3359,
sex machine,0,3356,
star ornament,0,3355,
crotch plate,0,3354,
usekh collar,0,3353,egyptian collar
pussy juice puddle,0,3353,
layered shirt,0,3351,
whispering,0,3350,
doyagao,0,3350,
spider girl,0,3348,
collared vest,0,3348,
dynamax band,0,3348,
d-pad hair ornament,0,3348,
masturbation through clothes,0,3347,"masturbation over clothes,masturbation through clothing"
holding drink carton,0,3346,
deer,0,3346,
grand piano,0,3345,
two-tone bowtie,0,3344,
half-siblings,0,3343,
diving mask,0,3341,
single garter strap,0,3341,
hands on headwear,0,3341,
futa with futa,0,3337,
striped hairband,0,3336,
open skirt,0,3336,
gym storeroom,0,3335,
treasure chest,0,3334,
half up half down braid,0,3333,
single braided sidelock,0,3332,
stepped on,0,3331,
double w,0,3331,
eastern dragon tail,0,3330,
green pupils,0,3330,
on motorcycle,0,3329,
sword over shoulder,0,3329,
yellow bodysuit,0,3328,yellow bikesuit
rectangular mouth,0,3328,square mouth
when you see it,0,3328,
palms,0,3327,
manga cover,0,3326,tankoubon cover
long beard,0,3325,
bath yukata,0,3324,
chocolate bar,0,3323,
vertical-striped background,0,3322,
red border,0,3321,
convenient arm,0,3321,
blue tank top,0,3321,
grey nails,0,3320,
single vertical stripe,0,3320,
pith helmet,0,3318,safari hat
crest,0,3317,
cross tie,0,3316,x-shaped choker
green headband,0,3314,
paint palette,0,3312,palette (object)
off-shoulder jacket,0,3311,
against tree,0,3311,
unworn bag,0,3310,bag removed
calico (pattern),0,3308,calico
anti-materiel rifle,0,3308,anti-tank rifle
projectile lactation,0,3303,
licking another's face,0,3302,
super robot,0,3302,
holding vegetable,0,3301,
scar on mouth,0,3301,
o-ring belt,0,3300,
notepad,0,3298,
on stool,0,3296,
caution tape,0,3296,"police tape,warning tape"
little busters! school uniform,0,3295,
between thighs,0,3293,
snap-fit buckle,0,3293,"quick release buckle,side release buckle"
pearl bracelet,0,3292,
white butterfly,0,3291,
warship,0,3291,
prehensile hair,0,3290,
blue veil,0,3289,
official art inset,0,3286,
gate,0,3286,
skirt around one leg,0,3285,
simplified chinese text,0,3280,
single epaulette,0,3278,
fumo (doll),0,3275,
character charm,0,3275,character keychain
split ponytail,0,3274,
holding violin,0,3272,
used tissue,0,3272,
blindfold mask,0,3272,
onesie,0,3270,
viera,0,3269,
failure,0,3269,
breathing fire,0,3268,
absurdly detailed composition,0,3267,"busy composition,cluttered composition,intricate composition"
neck,0,3267,
heart tail,0,3265,
lace choker,0,3264,
m4 carbine,0,3264,"m4 sopmod ii,mk 18 carbine"
missile,0,3262,
green cloak,0,3261,
bolo tie,0,3261,
pine tree,0,3260,
party popper,0,3259,
core crystal (xenoblade),0,3257,
sword of hisou,0,3255,
tennis racket,0,3255,
low side ponytail,0,3255,
holding stylus,0,3254,
holographic interface,0,3252,
implied yaoi,0,3251,
red sandals,0,3251,
spandex,0,3251,
ribbon bondage,0,3250,
kettle,0,3248,
fake magazine cover,0,3247,
window (computing),0,3246,
kigurumi,0,3246,
swim briefs,0,3246,
train station,0,3245,
cross-laced top,0,3245,cross-laced shirt
pointless condom,0,3242,
juice,0,3240,
mismatched sleeves,0,3240,
applying makeup,0,3239,
buttjob,0,3238,assjob
rabbit-shaped pupils,0,3238,bunny-shaped pupils
arm above head,0,3238,arm over head
holding saucer,0,3236,
print bra,0,3235,
diamond hair ornament,0,3233,
ketchup,0,3233,
skull mask,0,3232,
grey tank top,0,3232,
2018,0,3232,
calendar (medium),0,3231,
mini-hakkero,0,3230,
presenting own ass,0,3230,
stuffed shark,0,3230,
x x,0,3229,
multicolored boots,0,3227,
love letter,0,3221,
brown hoodie,0,3219,
green belt,0,3218,
arms around another's waist,0,3218,arms around waist
official alternate eye color,0,3217,
cursor,0,3214,mouse pointer
snow leopard ears,0,3213,
fallen down,0,3212,
viewer holding phone,0,3209,
diagonal-striped background,0,3208,
wheel,0,3208,
panda ears,0,3208,
stone floor,0,3206,
snake girl,0,3206,
single strap,0,3204,
holding own tail,0,3204,
sleeveless hoodie,0,3200,
meandros,0,3198,greek key
guiding hand,0,3197,
christmas lights,0,3196,
purple pupils,0,3195,
bandana around neck,0,3194,
camouflage pants,0,3193,
picnic basket,0,3192,
severed head,0,3192,
off-shoulder bikini,0,3191,
wiping tears,0,3191,
camouflage jacket,0,3190,
ring hair ornament,0,3190,
large insertion,0,3190,
holding envelope,0,3189,
sangvis ferri,0,3189,
yagasuri,0,3187,
fourth east high school uniform,0,3186,
sidepec,0,3186,
grey bikini,0,3185,
bandaged chest,0,3184,
object through head,0,3184,
floral print bikini,0,3182,
missing wings,0,3181,no wings
kissing forehead,0,3180,
white leggings,0,3179,
delinquent,0,3179,yankee
caressing testicles,0,3177,
yellow border,0,3174,
gatling gun,0,3174,
two-tone horns,0,3170,
single stripe,0,3167,
air conditioner,0,3167,"a/c,aircon"
micro panties,0,3167,
spine,0,3166,
alternate breast size (smaller),0,3166,smaller breasts than canon
holding hose,0,3162,
aqua hat,0,3161,
sunburst background,0,3158,
st. gloriana's school uniform,0,3154,
crotch rub,0,3154,
yurigaoka girls academy school uniform,0,3153,
monster energy,0,3148,
jujutsu tech uniform,0,3147,
spiked halo,0,3147,compass rose halo
square neckline,0,3146,
gibson les paul,0,3146,
skateboard,0,3145,
plap,0,3144,
head bump,0,3143,
looking at breasts,0,3142,
expressive hair,0,3141,
half mask,0,3141,
metal skin,0,3137,
rider belt,0,3135,driver (kamen rider)
purple butterfly,0,3135,
pavement,0,3134,
single breast curtain,0,3131,"breast curtain,breast veil"
dust cloud,0,3130,
dominatrix,0,3127,
suspended congress,0,3124,stand and carry
no testicles,0,3124,
arthropod limbs,0,3123,
mark under both eyes,0,3122,
chinese hairpin,0,3122,chinese hair stick
orange belt,0,3121,
open belt,0,3118,
drill ponytail,0,3110,
syrup,0,3109,
instant cup noodles,0,3109,"cup ramen,cup soba,cup udon,cup yakisoba"
tube,0,3105,
fingering through clothes,0,3104,
leather gloves,0,3104,
stroking own chin,0,3103,
two-tone cape,0,3103,
shared umbrella,0,3101,sharing umbrella
shallow water,0,3098,
bunny day,0,3097,
fur-trimmed legwear,0,3097,
brown sleeves,0,3096,
invisible floor,0,3095,
pink ascot,0,3095,
presenting own pussy,0,3094,
holding drumsticks,0,3094,
mark under eye,0,3092,
dwarf,0,3091,
sparkling aura,0,3090,
tight dress,0,3087,
tissue,0,3085,
unworn bikini top,0,3084,bikini top removed
sideless kimono,0,3083,
fake mustache,0,3082,
oversized wings,0,3080,large wings
blue sports bra,0,3079,
blending,0,3079,
mechanical eyes,0,3076,artificial mechanical eyes
c:,0,3074,
vibrator cord,0,3073,
striker unit,0,3073,
dixie cup hat,0,3073,
painting (action),0,3073,
teacher and student,0,3073,master and padawan
underbutt,0,3069,gluteal fold peek
voyeurism,0,3068,
multi-strapped bikini top,0,3066,
impossible swimsuit,0,3064,
large nose,0,3063,big nose
birthmark,0,3063,
hand rest,0,3063,
viewer holding leash,0,3062,
shimaidon,0,3062,shimaidon (sex)
chef,0,3060,chef uniform
zeon,0,3060,
naked sheet,0,3059,
lighter,0,3059,
shorts under dress,0,3057,
garden,0,3057,
no eyebrows,0,3056,
plume,0,3054,
mask around neck,0,3054,
harem pants,0,3054,
handkerchief,0,3054,
pink wrist cuffs,0,3053,
grabbing another's chin,0,3051,
height,0,3050,
sitting in tree,0,3050,
park,0,3048,
cat day,0,3047,
weighing scale,0,3047,
blonde pubic hair,0,3046,
cactus,0,3044,
cat on head,0,3044,
cooperative paizuri,0,3042,multiple paizuri
kitchen knife,0,3042,
rope belt,0,3041,
yellow sky,0,3039,
diving suit,0,3038,
volleyball (object),0,3038,
forehead tattoo,0,3038,
dolphin,0,3037,
laser,0,3035,lasers
purple scrunchie,0,3035,
boobplate,0,3034,
ginkgo leaf,0,3033,gingko leaf
thick mustache,0,3032,
hands on own ass,0,3029,
pixiv logo,0,3028,
orange pantyhose,0,3028,
spitting,0,3027,
lotion bottle,0,3024,
novel cover,0,3022,
year of the ox,0,3022,
watermelon slice,0,3022,
stained panties,0,3022,
ferris wheel,0,3019,
aqua gem,0,3017,aqua gemstone
flower necklace,0,3016,
circle cut,0,3015,
veranda,0,3014,
tiered tray,0,3013,
mega stone,0,3013,key stone (pokemon)
berry,0,3012,
bouncing ass,0,3010,
pink sky,0,3009,
huge testicles,0,3009,
centaur,0,3007,
breasts on head,0,3003,
kappougi,0,3003,
drum set,0,3003,
ribbon-trimmed dress,0,3002,
pointing out the details,0,3000,
sidecut,0,2999,side cut
yuigaoka school uniform,0,2999,
cowboy western,0,2998,
club (shape),0,2997,clubs (card suit)
bowing,0,2997,
strawberry hair ornament,0,2997,
crossbow,0,2996,
green wings,0,2996,
left-to-right manga,0,2996,
lace gloves,0,2994,
denim jacket,0,2994,
happi,0,2992,
reins,0,2992,
transparent wings,0,2990,see-through wings
robot animal,0,2989,mechanical animal
nike (company),0,2988,
bird boy,0,2987,
setsubun,0,2986,
acoustic guitar,0,2985,
missing tail,0,2984,no tail
symmetry,0,2984,
unworn sandals,0,2982,sandals removed
spread pussy under clothes,0,2982,
flower in eye,0,2982,
object focus,0,2981,
naginata,0,2981,
shoulder blush,0,2980,
orange sweater,0,2980,
brushing teeth,0,2978,
argyle thighhighs,0,2978,
skirt under dress,0,2973,
blunt sidelocks,0,2972,
sunflower field,0,2971,
wiping face,0,2971,
flashlight,0,2971,electric torch
box of chocolates,0,2969,
cotton candy,0,2968,
gladiator sandals,0,2968,
round table,0,2966,
twitter strip game,0,2965,twitter strip game (meme)
cross halo,0,2965,cruciform halo
grey wings,0,2963,
stadium,0,2963,
phonograph,0,2963,
hand on another's hand,0,2962,
tree stump,0,2961,
ear wiggle,0,2961,"ear twitch,ears wagging"
icing,0,2960,
grenade pin,0,2960,
split screen,0,2959,
frilled ascot,0,2957,
puppet strings,0,2956,
on rock,0,2956,
fur cape,0,2956,
black umbrella,0,2955,
analog clock,0,2954,
high-waist belt,0,2952,belt around waist
told you not to do that,0,2951,
tent,0,2950,
shuuchiin academy school uniform,0,2946,shuuchiin academy uniform
mole on stomach,0,2945,
cat teaser,0,2945,
sperm cell,0,2942,
long nose,0,2940,
ballet slippers,0,2938,
vertical-striped pants,0,2934,
load-bearing vest,0,2934,"load bearing vest,tactical vest"
action shot,0,2933,
lily of the valley,0,2933,
short tail,0,2933,
2016,0,2932,
2017,0,2932,
strongman waist,0,2930,
two-tone halo,0,2926,
covered penis,0,2925,
kinky hair,0,2925,very curly hair
portrait (object),0,2921,
holding letter,0,2921,
ankh,0,2920,egyptian cross
hand on ground,0,2919,
flower brooch,0,2915,
checkerboard cookie,0,2915,
brown bikini,0,2914,
floating weapon,0,2914,
rainbow order,0,2912,
loungewear,0,2911,
holding creature,0,2909,
drawing sword,0,2908,
futa without pussy,0,2908,newhalf
compound eyes,0,2907,
ooarai military uniform,0,2906,
completely unamused,0,2905,
antique phone,0,2904,antique telephone
parallel piercings,0,2904,
unworn gloves,0,2902,gloves removed
offering hand,0,2902,
holding bucket,0,2901,
family bonding,0,2901,
carrying under arm,0,2901,
black eyeshadow,0,2900,
large hands,0,2898,
green sweater vest,0,2895,
hikarizaka private high school uniform,0,2895,
holding jewelry,0,2895,
pancake stack,0,2893,stack of pancakes
tanabata,0,2892,
character age,0,2892,
multiple necklaces,0,2892,
wooden sword,0,2891,
holding ribbon,0,2891,
crime prevention buzzer,0,2888,
extra mouth,0,2887,multiple mouths
hair in own mouth,0,2886,hair in mouth
screw,0,2885,
dirndl,0,2884,
square-end necktie,0,2884,
bikesuit,0,2883,bike suit
sweaty clothes,0,2883,
soap,0,2882,
shirt under shirt,0,2882,
vertical-striped shorts,0,2879,
bandaged wrist,0,2877,
hanbok,0,2877,
rainbow gradient,0,2876,
orange boots,0,2876,
power symbol-shaped pupils,0,2875,
in food,0,2875,
convenient tail,0,2874,tail censor
pants rolled up,0,2874,
food-themed earrings,0,2873,
fireplace,0,2873,
aqua panties,0,2872,
cucumber,0,2872,
hand on own forehead,0,2872,
single bare foot,0,2871,single barefoot
team rocket uniform,0,2870,
fluffy tail,0,2869,
master sword,0,2868,
crescent facial mark,0,2867,
centauroid,0,2867,
dress tug,0,2865,
log,0,2865,
hanging,0,2864,
chemical structure,0,2862,structural formula
sheet music,0,2861,
stove,0,2860,
partially underwater shot,0,2859,
bowl hat,0,2859,
yellow leotard,0,2858,
framed,0,2858,
takoyaki,0,2857,octopus balls
pearl hair ornament,0,2853,
pussy piercing,0,2853,
ofuda on head,0,2852,
single wrist cuff,0,2852,single wristcuff
pocky kiss,0,2851,
colored nipples,0,2851,
christmas present,0,2851,
costume,0,2850,
popcorn,0,2848,
cumdrip from penis,0,2847,
tarot (medium),0,2847,
2015,0,2847,
aqua theme,0,2841,
v over mouth,0,2841,
purple cardigan,0,2838,
cupping hands,0,2838,
boned meat,0,2837,
hydrokinesis,0,2836,"water bending,water manipulation"
reptile girl,0,2834,
angel and devil,0,2832,angel and demon
two-tone scarf,0,2832,
graveyard,0,2832,
cockpit,0,2831,
unicorn,0,2831,
after rape,0,2830,broken rape victim
yes-no pillow,0,2830,
cable tail,0,2829,
raised fist,0,2829,
wiping sweat,0,2828,
chat log,0,2826,
back focus,0,2825,
single horizontal stripe,0,2825,
green pantyhose,0,2823,
blue hood,0,2823,
thick beard,0,2821,
double fox shadow puppet,0,2820,
sidewalk,0,2819,
eyelid pull,0,2819,
full-package futanari,0,2818,
button eyes,0,2815,
sideless dress,0,2815,
union jack,0,2813,"uk flag,united kingdom flag"
full-length zipper,0,2812,
grid teeth,0,2811,
condom belt,0,2810,
genderswap (otf),0,2809,
flower on head,0,2808,
determined,0,2807,
lights,0,2807,
halberd,0,2807,
spray can,0,2806,
red cardigan,0,2805,
hooded sweater,0,2805,
flock,0,2805,
forehead-to-forehead,0,2804,
hand focus,0,2804,hands focus
grabbing another's shirt,0,2803,shirt grab
pokemon on shoulder,0,2801,
normal suit (gundam),0,2800,
blood on ground,0,2798,blood on floor
corrupted halo,0,2797,dark halo
pointed crown,0,2796,
pointer,0,2796,
trash bag,0,2795,
origami,0,2793,
two-tone thighhighs,0,2792,
doki doki literature club school uniform,0,2790,
lube,0,2785,
pectoral grab,0,2785,
floral print dress,0,2782,
spiked tail,0,2781,
mechanical pencil,0,2780,
shards,0,2780,
thread,0,2780,
hands on own stomach,0,2779,
phallic symbol,0,2778,
belt bra,0,2778,beltbra
vignetting,0,2777,
ramune,0,2776,
you're doing it wrong,0,2775,
candy hair ornament,0,2774,
mixing bowl,0,2774,
dumbbell,0,2773,
two-tone hat,0,2773,
grey capelet,0,2772,
cross pasties,0,2771,
frilled jacket,0,2770,
wooden chair,0,2770,
brown halo,0,2770,
tempura,0,2770,
sitting on object,0,2769,
cheek squash,0,2769,
harvin,0,2768,
shiba inu,0,2766,
red robe,0,2765,
fireflies,0,2764,
sunscreen,0,2763,
heart collar,0,2763,
shin guards,0,2763,
brown border,0,2762,
sweet lolita,0,2762,
helicopter,0,2761,
squid,0,2761,
tri tails,0,2759,
ritual baton,0,2755,
droopy ears,0,2753,
miyamasuzaka girls' academy school uniform,0,2752,miyamasuzaka girls' academy uniform
chinstrap,0,2750,chin strap
brown choker,0,2749,
holding ofuda,0,2749,
japanese flag,0,2748,
rolling suitcase,0,2747,
coffin,0,2747,funerary casket
collared capelet,0,2747,
mismatched eyebrows,0,2745,
gauze on cheek,0,2744,
torn scarf,0,2742,ripped scarf
full page comic,0,2738,splash page
doctor,0,2737,
hospital bed,0,2736,
two-tone hoodie,0,2736,
black trim,0,2733,
multicolored hat,0,2730,
fff threesome,0,2730,
gauze on face,0,2730,
rayman limbs,0,2729,
flower hairclip,0,2729,flower hairpin
ribbed sleeves,0,2729,
frog print,0,2728,
jack-o' challenge,0,2726,
y2k fashion,0,2726,y2k (fashion)
holding riding crop,0,2726,
flower choker,0,2723,
huge bow,0,2723,
asymmetrical dual wielding,0,2722,
bear print,0,2720,
x mouth,0,2718,:x
inset,0,2718,
tail piercing,0,2717,
black bandeau,0,2717,
yellow butterfly,0,2716,
bib collar,0,2715,
jacket over hoodie,0,2715,
snake hair,0,2714,
armpit cutout,0,2711,
holding cake,0,2711,
milking machine,0,2710,
cow boy,0,2709,ox boy
tail ring,0,2708,
criss-cross straps,0,2706,
reindeer costume,0,2702,
kissing hand,0,2702,
before and after,0,2701,
mascot,0,2701,
orange sleeves,0,2701,
pizza slice,0,2701,
accidental exposure,0,2700,
st. gloriana's military uniform,0,2700,
sausage,0,2700,
tutu,0,2698,
pants tucked in,0,2698,pants in boots
full-body tattoo,0,2697,
tumblr username,0,2697,
blue sweater vest,0,2696,
hand net,0,2696,
naked cape,0,2694,
role reversal,0,2692,
campfire,0,2691,
hatsune miku (cosplay),0,2690,
budget sarashi,0,2690,
cropped head,0,2689,
two-tone coat,0,2689,
holding suitcase,0,2689,
clover print,0,2686,
crystal earrings,0,2685,
lone nape hair,0,2685,
flaming weapon,0,2685,"fiery weapon,flame weapon"
summer festival,0,2685,
fishnet sleeves,0,2683,
retrofuturism,0,2682,
pink arm warmers,0,2681,
cleaning,0,2681,
drill,0,2681,
fountain,0,2680,
curtsey,0,2680,
high kick,0,2676,
arms between legs,0,2675,
year of the snake,0,2673,
soup,0,2672,
bar stool,0,2672,
broken chain,0,2671,
side drill,0,2669,
orange rose,0,2669,
miku day,0,2668,mikupa
bikini top pull,0,2667,
glutton,0,2666,
drawn ears,0,2666,
eyewear hang,0,2665,"eyewear on clothing,eyewear on shirt"
oral invitation,0,2665,
ribbon in mouth,0,2663,
hammer and sickle,0,2662,
holding pizza,0,2660,
marshmallow (site),0,2659,
ninja mask,0,2659,
pendulum,0,2658,
traditional youkai,0,2658,youkai
untied,0,2658,
virtual graduation commemoration,0,2655,
cherry hair ornament,0,2655,
shirt in mouth,0,2654,
pink trim,0,2653,
white bridal gauntlets,0,2652,
key earrings,0,2651,
race fetishism,0,2650,raceplay
gold coin,0,2650,
glowing butterfly,0,2650,
holding teapot,0,2650,
soda,0,2647,
green streaks,0,2645,
gyaru v,0,2644,gyaru peace
breast smother,0,2643,
round-bottom flask,0,2642,florence flask
large ears,0,2642,big ears
hagoita,0,2642,
fast food,0,2640,
crocs,0,2638,
playing guitar,0,2637,
nipple indents,0,2637,innie nipples
autobot,0,2637,
lace-trimmed skirt,0,2636,
39,0,2635,
detective,0,2633,
goat boy,0,2631,
pinned,0,2631,
lace-trimmed choker,0,2630,
clear sky,0,2629,
chest of drawers,0,2628,
animal on lap,0,2627,
u.a. school uniform,0,2627,
struggling,0,2624,
cum on self,0,2622,
torn gloves,0,2622,ripped gloves
black sky,0,2621,
precum drip,0,2621,
shuka high school uniform,0,2618,
invisible penis,0,2613,
coke-bottle glasses,0,2613,
gusset,0,2612,
cyber fashion,0,2612,
utensil in mouth,0,2612,
two-tone headwear,0,2611,
spirit,0,2611,
military combat uniform,0,2610,battle dress uniform
yes,0,2609,
werewolf,0,2608,
umamusume horse relations,0,2608,the dark side of the horse (umamusume)
unworn coat,0,2607,coat removed
white sarong,0,2607,
eagle,0,2606,
grey cape,0,2605,
flower over eye,0,2605,
ballet,0,2605,
squinting,0,2604,
visible air,0,2603,
grey serafuku,0,2601,
holding branch,0,2601,
naranja academy school uniform,0,2601,naranja academy uniform
western dragon,0,2600,
breast expansion,0,2600,growing breasts
crate,0,2599,
telekinesis,0,2598,object manipulation
hands on another's thighs,0,2595,
black slingshot swimsuit,0,2594,
friends,0,2594,
cephalopod eyes,0,2593,
polka dot bra,0,2592,
cargo pants,0,2590,
open-toe shoes,0,2589,"peep-toe shoes,toeless shoes"
dildo riding,0,2589,
holding needle,0,2588,
extra,0,2587,
in the face,0,2586,
arm between breasts,0,2585,
hospital gown,0,2585,
orange sailor collar,0,2583,
arrow through heart,0,2582,
frilled camisole,0,2582,
bikini bottom under shorts,0,2582,bikini under shorts
cooler,0,2581,
clapping,0,2581,
dowsing rod,0,2581,
buster sword,0,2580,
mahjong tile,0,2579,
purple tabard,0,2578,
animal ear legwear,0,2578,
yin yang orb,0,2577,
white helmet,0,2574,
golden week,0,2573,
multiple heads,0,2573,"extra heads,two heads"
shinsengumi,0,2573,
split theme,0,2571,
loving aura,0,2570,
spiked club,0,2570,
on person,0,2570,
traffic cone,0,2569,pylon (traffic)
cheek bulge,0,2568,
moon (ornament),0,2567,
fortissimo,0,2567,
basketball uniform,0,2565,
cleave gag,0,2565,
animal skull,0,2565,
toe ring,0,2562,
legs folded,0,2562,
blue camisole,0,2561,
ribbed thighhighs,0,2561,
runes,0,2558,rune
pink sash,0,2558,pink obi
skirt bow,0,2558,bow skirt
fur-trimmed thighhighs,0,2558,
torn jacket,0,2558,ripped jacket
globe,0,2555,
looking outside,0,2555,
scar on hand,0,2555,
kamiyama high school uniform (project sekai),0,2555,
feral instincts,0,2554,
chocolate on breasts,0,2553,
grey sweater vest,0,2551,
doodle inset,0,2551,
gaming chair,0,2551,
holed coin,0,2550,
purple tongue,0,2549,
stone lantern,0,2549,
screenshot background,0,2548,screencap background
furigana,0,2548,
aqua gloves,0,2548,
fish print,0,2547,
leather boots,0,2547,
stealth sex,0,2546,
spear the gungnir,0,2546,
hand on lap,0,2546,
sharp tail,0,2545,
skull ornament,0,2545,
prototype design,0,2544,beta design
puffy cheeks,0,2543,puffed cheeks
sideless shirt,0,2542,
bendy straw,0,2542,
adjusting necktie,0,2541,
presenting own breasts,0,2541,
head chain,0,2541,
anal hair,0,2539,
jiangshi costume,0,2539,
tankini,0,2537,
drying hair,0,2536,
jaguar ears,0,2536,
holding wrench,0,2536,
green horns,0,2535,
dashed eyes,0,2535,
kusazuri,0,2531,
accurate lolita coord,0,2531,
ajirogasa,0,2530,
holding frying pan,0,2530,
faux figurine,0,2530,
grey leotard,0,2530,
akanbe,0,2529,
year of the dragon,0,2529,
spiked ear piercing,0,2527,
black outline,0,2527,
cocktail dress,0,2522,
paw print background,0,2522,
pikmin (creature),0,2521,
high-low dress,0,2520,
ass cutout,0,2520,
naked kimono,0,2519,
polka dot headwear,0,2519,
giving up the ghost,0,2518,
dice hair ornament,0,2518,
no mask,0,2518,
prison clothes,0,2517,"prison uniform,prisoner uniform"
purple one-piece swimsuit,0,2516,
green sclera,0,2516,
green tank top,0,2515,
single shoulder pad,0,2514,
short side ponytail,0,2514,short sidetail
morning glory,0,2514,
scooter,0,2512,
vaulting horse,0,2511,
tanzaku,0,2508,
anzio school uniform,0,2507,
white shawl,0,2507,
self-harm,0,2507,"self-injury,self-mutilation,self harm"
bandaid on thigh,0,2507,
holding cotton candy,0,2505,
pasta,0,2503,
shaking,0,2503,
confession,0,2502,
riding pokemon,0,2501,
bowlegged pose,0,2499,
wheat,0,2495,
canvas (object),0,2495,
heart-shaped buckle,0,2493,"heart belt,heart belt buckle"
pornography,0,2492,
unworn dress,0,2491,dress removed
melting halo,0,2490,dripping halo
baseball (object),0,2488,
child carry,0,2487,
berry (pokemon),0,2486,
slapping,0,2486,
electric plug,0,2485,
motorcycle helmet,0,2485,
mahjong,0,2484,
guided breast grab,0,2481,
frottage,0,2481,
paper airplane,0,2481,
vampire costume,0,2480,dracula costume
cutting board,0,2479,
green armband,0,2479,
tracen swimsuit,0,2477,
leg wrap,0,2475,
turtleneck jacket,0,2474,
iphone,0,2474,
black leg warmers,0,2473,
portal (object),0,2473,dimensional hole
kibito high school uniform,0,2471,
kouhaku nawa,0,2471,
weight conscious,0,2470,
glass bottle,0,2470,
washing machine,0,2469,
energy drink,0,2469,
blank stare,0,2467,
magical musket (madoka magica),0,2466,
mole above mouth,0,2465,
in bucket,0,2465,
scribble censor,0,2465,
forced orgasm,0,2463,
black eyeliner,0,2463,
glass shards,0,2462,
neck tassel,0,2462,
yellow tank top,0,2462,
multicolored kimono,0,2461,
lava,0,2460,molten rock
april fools,0,2459,
light censor,0,2458,
single thigh boot,0,2458,
two-sided dress,0,2457,
saw,0,2456,
orange socks,0,2453,orange kneehighs
duster,0,2452,
tented shirt,0,2452,
hitting,0,2451,
holding bow (music),0,2450,
yellow gem,0,2450,yellow gemstone
machine,0,2450,
noose,0,2445,
bookmark,0,2442,
weasel ears,0,2442,stoat ears
green-tinted eyewear,0,2438,
snail,0,2437,
arm on knee,0,2436,
round window,0,2436,
daruma doll,0,2435,
oven mitts,0,2432,
pinwheel,0,2430,paper windmill
tail grab,0,2430,
grey suit,0,2429,
lalafell,0,2428,
tactical school uniform,0,2426,
knotted penis,0,2426,
green cardigan,0,2424,
outie navel,0,2421,
glowing hair,0,2421,
body hair,0,2420,
holding microphone stand,0,2417,
perpendicular paizuri,0,2417,
leg between thighs,0,2416,
crumbs,0,2415,
imminent anal,0,2414,
rainbow hair,0,2413,
hand on glass,0,2413,
holding test tube,0,2412,
patchwork clothes,0,2412,
comforting,0,2411,consoling
scissor blade (kill la kill),0,2411,scissor blade
sleeved leotard,0,2411,
h&k hk416,0,2409,m27 iar
holding flute,0,2408,holding recorder
multiple traps,0,2408,
peanut mouth,0,2408,
elbows on table,0,2408,
holding remote control,0,2407,holding remote
heart in heart hands,0,2407,
pouring onto self,0,2407,
soda bottle,0,2406,
hedgehog boy,0,2405,
fanged bangs,0,2405,
chimney,0,2405,
hand on own elbow,0,2404,elbow on own hand
bad proportions,0,2402,
fatui coat,0,2401,
hoodie lift,0,2401,
jester,0,2400,
spiked shell,0,2396,
chain headband,0,2395,
from outside,0,2394,
wetsuit,0,2393,
comic cover,0,2392,
three-dimensional maneuver gear,0,2392,
champagne,0,2392,
star tattoo,0,2392,
hand on wall,0,2391,
scar on shoulder,0,2391,
cow,0,2391,
through medium,0,2391,
mismatched sclera,0,2390,
school briefcase,0,2390,
blue suit,0,2389,
ootachi,0,2389,
tube dress,0,2389,
ponytail with braided base,0,2389,
short jumpsuit,0,2388,
ass shake,0,2388,
dropping,0,2388,
dandelion,0,2386,
torpedo tubes,0,2385,
long labia,0,2384,
battle rifle,0,2383,
yarn,0,2382,
shell hair ornament,0,2381,
more muscular than canon,0,2380,alternate body size (more muscle)
ruler,0,2380,
masked,0,2380,
dumpling,0,2379,
kaiju,0,2378,kaijuu
two-tone pants,0,2378,
<|> <|>,0,2377,
akeome,0,2377,
embellished costume,0,2377,
jellyfish cut,0,2375,
purple trim,0,2374,
reaching towards another,0,2373,
purple collar,0,2372,
two-sided headwear,0,2371,
white arm warmers,0,2371,
hexagon,0,2371,
nursing handjob,0,2370,
chinese new year,0,2370,lunar new year
potara earrings,0,2368,
ema,0,2368,
holding another's legs,0,2367,grabbing another's legs
leather pants,0,2367,
collared shrug,0,2365,
red feathers,0,2365,
cum in clothes,0,2363,cum inside thighhigh
lower eyelashes only,0,2362,
triangle print,0,2362,
tribal,0,2361,"indigenous,native"
organic bra,0,2361,
blue sandals,0,2361,
earth (ornament),0,2360,
duffel coat,0,2360,
lollipop in mouth,0,2360,
baggy clothes,0,2359,
blue outline,0,2358,
wall clock,0,2358,
german text,0,2358,
race vehicle,0,2357,
red tabard,0,2357,
ace of hearts,0,2356,
vibrator under panties,0,2355,
radio,0,2354,
black theme,0,2354,
gag harness,0,2353,
pleated shorts,0,2353,
overcoat,0,2353,greatcoat
picnic,0,2353,
white bonnet,0,2352,
brick floor,0,2352,
character censor,0,2352,
mouth pull,0,2351,
brushing another's hair,0,2351,
holding candy apple,0,2351,
under kotatsu,0,2350,
heart pendant,0,2350,
spiked hairband,0,2349,
honeycomb (pattern),0,2348,
tied jacket,0,2346,
arm around another's back,0,2344,"arm around back,arm behind another's back"
bamboo steamer,0,2344,
covering another's mouth,0,2344,
audience,0,2344,
chart,0,2343,
shark costume,0,2343,
just the tip,0,2342,
no gloves,0,2342,
visor (armor),0,2342,
shared food,0,2341,
boater hat,0,2339,
jacket over swimsuit,0,2339,
misleading thumbnail,0,2339,
astronaut,0,2338,cosmonaut
streetwear,0,2337,urban style
clitoral piercing,0,2336,clitoris piercing
scarlet devil mansion,0,2335,
red corset,0,2333,
text messaging,0,2333,
penis peek,0,2332,
brown nails,0,2332,
perversion of canon,0,2332,
exposed pocket,0,2331,
stalk in mouth,0,2331,
child's drawing,0,2331,child drawing
mechanization,0,2330,"robotification,robotization"
hyena ears,0,2329,
yellow outline,0,2328,
shell bikini,0,2328,
wig,0,2327,
finger frame,0,2326,finger framing
poster (medium),0,2325,
animal slippers,0,2322,
grey streaks,0,2321,
holding scroll,0,2321,
red outline,0,2319,
race fetishism symbol,0,2317,
western comics (style),0,2317,
white armband,0,2316,
weibo username,0,2315,
chalk,0,2315,
holding lipstick tube,0,2314,
breast conscious,0,2314,
heartbeat,0,2313,
outstretched leg,0,2312,
black scales,0,2312,
holding magnifying glass,0,2311,
tentacle in mouth,0,2311,
fishnet socks,0,2310,
ass peek,0,2310,
liquid hair,0,2309,
narration,0,2308,
cutting hair,0,2308,
kuromorimine school uniform,0,2308,
dark penis,0,2307,
crotch cutout,0,2307,
white bandeau,0,2306,
petals on liquid,0,2305,
brown leotard,0,2304,
sponge,0,2304,
headless,0,2303,
spanish text,0,2302,
sundae,0,2301,
ho-kago tea time,0,2300,"after-school tea time,hokago tea time,houkago tea time"
finger to face,0,2300,
fiery horns,0,2299,"burning horns,fiery horn"
powering up,0,2298,charging energy
adoptive parent and adoptive child,0,2298,
food-themed clothes,0,2298,
dithering,0,2298,
futa on male,0,2297,
thai text,0,2296,
sakuramon,0,2295,
police badge,0,2295,
single arm warmer,0,2293,
ammunition belt,0,2291,
sharp toenails,0,2291,pointy toenails
kepi,0,2290,
orange headband,0,2290,
orange pupils,0,2289,
print hoodie,0,2289,
lace-trimmed gloves,0,2288,
hot dog,0,2287,
aviator sunglasses,0,2286,
pointy breasts,0,2286,
horned mask,0,2285,
rotary phone,0,2284,
food stand,0,2284,
calico cat,0,2284,
unworn swimsuit,0,2284,swimsuit removed
chastity cage,0,2284,
bad end,0,2284,
boxer briefs,0,2281,
holding quill,0,2281,
hands on another's hips,0,2280,
easel,0,2278,
uvula,0,2278,
cross choker,0,2277,
sick,0,2277,
grimoire,0,2277,
emotionless sex,0,2277,
pink slippers,0,2276,
sidesaddle,0,2276,
on car,0,2276,
torpedo launcher,0,2275,
blue wrist cuffs,0,2274,
penlight (glowstick),0,2273,
curry rice,0,2273,
paper stack,0,2272,
grey theme,0,2272,
yellow cloak,0,2272,
tomoeda elementary school uniform,0,2270,
fanning self,0,2269,
white nightgown,0,2267,
shirt under dress,0,2266,
aqua streaks,0,2266,
nose ring,0,2264,
body armor,0,2264,
long ribbon,0,2263,
slashing,0,2261,
rabbit house uniform,0,2261,
pinching sleeves,0,2260,
white mittens,0,2259,
two-tone boots,0,2258,
yellow raincoat,0,2258,
cursive,0,2257,
sleeveless bodysuit,0,2257,
island,0,2257,
chaldea logo,0,2257,
pool of blood,0,2257,puddle of blood
salaryman,0,2256,male secretary
levitation,0,2255,
tropical fish,0,2252,
tail between legs,0,2250,
very wide shot,0,2249,
hourglass,0,2248,
butterfly net,0,2247,
medallion,0,2246,
borrowed design,0,2246,
snow leopard tail,0,2246,
dorsal fin,0,2246,
object in pocket,0,2245,
sukajan,0,2245,souvenir jacket
stream,0,2244,
punk,0,2243,
shiny and normal,0,2242,
shoulder holster,0,2242,
torn panties,0,2240,ripped panties
yellow headband,0,2239,
magatama earrings,0,2239,
playstation controller,0,2239,
floating scarf,0,2238,
colorful background,0,2236,
video game,0,2235,
shell necklace,0,2235,
shared speech bubble,0,2233,
cheekbones,0,2233,
anchor print,0,2232,
pokemon card,0,2232,
naked hoodie,0,2232,
witch (madoka magica),0,2231,
polka dot skirt,0,2231,
hooded cardigan,0,2230,
hat tip,0,2230,tipping hat
blue shawl,0,2230,
musical note print,0,2228,
haniwa (statue),0,2227,
holding crepe,0,2225,
four-leaf clover hair ornament,0,2224,
person and animalization,0,2223,
striped fur,0,2222,
footwear ribbon,0,2221,
crane (machine),0,2221,
heart (organ),0,2221,
energy beam,0,2218,
hat on back,0,2217,"hat around neck,hat behind back"
single blush sticker,0,2216,
bag of chips,0,2216,
moth,0,2215,
asahiyama high school uniform,0,2215,
napkin,0,2211,
grey bowtie,0,2211,
snowball,0,2211,
elezen,0,2210,
ass support,0,2209,
jojo pose,0,2209,
adapted turret,0,2208,
opening own clothes,0,2208,opened by self
snorkel,0,2207,
holding coin,0,2206,
monkey ears,0,2206,
athletic leotard,0,2206,
henshin,0,2205,
flashback,0,2205,
kuji-in,0,2202,ninja hand gesture
holding glowstick,0,2202,"holding lightstick,holding penlight glowstick"
kimono pull,0,2202,
silver trim,0,2201,
cut bangs,0,2201,
ice skates,0,2201,
dakimakura (object),0,2201,
thighhighs pull,0,2200,
burnt clothes,0,2200,
papakha,0,2198,
power suit (metroid),0,2198,
drugs,0,2197,
condensation,0,2197,
cocktail,0,2197,
white garter belt,0,2195,
asa no ha (pattern),0,2195,
ear scrunchie,0,2194,
stitched arm,0,2193,
pump action,0,2193,
gold tiara,0,2193,
shuujin academy school uniform,0,2193,shuujin academy uniform
orange ascot,0,2192,
blue bandana,0,2192,
coconut,0,2191,
heart-shaped gem,0,2191,
red butterfly,0,2190,
blind,0,2189,
hands on ground,0,2189,
scarf over mouth,0,2189,
raccoon,0,2189,
age comparison,0,2189,
white bandana,0,2188,
cropped arms,0,2188,
musou isshin (genshin impact),0,2187,
hand in another's panties,0,2186,
leotard peek,0,2186,
cerise bouquet,0,2186,
detached ahoge,0,2186,
noh mask,0,2186,
gradient horns,0,2184,
m1911,0,2183,
two-tone necktie,0,2183,
white babydoll,0,2183,
visor,0,2183,
purple robe,0,2182,
makizushi,0,2179,sushi roll
grey cat,0,2179,
sand sculpture,0,2178,
butter,0,2178,
optical sight,0,2177,
frontal wedgie,0,2177,
glowing tattoo,0,2176,
uchikake,0,2175,
spoken food,0,2175,spoken meat
sequential,0,2175,
cowboy boots,0,2175,
green trim,0,2174,
cracked wall,0,2173,
holding detached head,0,2173,"holding disembodied head,holding severed head"
thick arms,0,2172,
mullet,0,2171,
crayon,0,2171,
side slit shorts,0,2171,
ojou-sama pose,0,2171,
pickaxe,0,2170,
wavy eyes,0,2170,
hole on body,0,2168,
leash pull,0,2168,
diamond (gemstone),0,2168,
orange panties,0,2167,
super saiyan 1,0,2167,
warning sign,0,2165,
fur-trimmed shirt,0,2165,
holding money,0,2164,holding banknote
black babydoll,0,2163,
crystal hair,0,2163,
coat partially removed,0,2162,
studded choker,0,2160,
morning after,0,2159,
vertical scroll comic,0,2158,
aquarium,0,2156,
pinstripe dress,0,2155,
plastic bottle,0,2155,
pom pom beanie,0,2155,bobblehat
balancing,0,2155,
holding skull,0,2154,
mole on shoulder,0,2154,
sparse chest hair,0,2152,
easter egg,0,2151,
fascinator,0,2151,
shikigami,0,2150,paper ghost
pink outline,0,2149,
aqua hairband,0,2149,
cum on legwear,0,2147,"cum on leggings,cum on pantyhose,cum on socks,cum on thighhighs"
pennant,0,2146,
combat boots,0,2146,"army boots,military boots"
full-length mirror,0,2146,full-body mirror
sparkle print,0,2146,
hand under shirt,0,2144,
comparison,0,2143,
clown,0,2142,
facing ahead,0,2142,
eggplant,0,2142,
kanabou,0,2140,
undead,0,2139,
half-spread pussy,0,2139,
breasts on table,0,2139,
covering one eye,0,2139,
blood drip,0,2138,dripping blood
gigantic penis,0,2138,
winged heart,0,2138,
blowing bubbles,0,2137,bubble blowing
tropical drink,0,2137,
paint splatter on face,0,2137,
clock tower,0,2137,
lattice,0,2136,chinese window
tentacles under clothes,0,2136,
blood on leg,0,2135,
peach hat ornament,0,2135,
gills,0,2134,
tegaki,0,2134,
condom box,0,2134,
ribbed leotard,0,2133,leotard sweater
like and retweet,0,2132,
kikkoumon,0,2131,
mouth piercing,0,2131,
void face,0,2130,
infinity symbol,0,2129,
front-fastening bra,0,2129,
game screenshot background,0,2128,
desi,0,2128,"asian indian,south asian"
red hanfu,0,2128,
subscribestar username,0,2128,
devil fruit power,0,2128,
holding mop,0,2128,
holding skewer,0,2127,
head on chest,0,2127,head on another's chest
pussy juice drip through clothes,0,2127,
hard hat,0,2126,"construction helmet,hardhat,safety helmet"
climbing,0,2126,
open bodysuit,0,2125,
brown collar,0,2125,
kimono skirt,0,2125,
maid day,0,2124,
seaweed,0,2122,
orange cape,0,2122,
in cup,0,2122,
strap lift,0,2121,
wrist wrap,0,2120,
ice cream float,0,2119,cream soda (ice cream)
waist ribbon,0,2119,
facebook username,0,2119,
uva academy school uniform,0,2118,uva academy uniform
green hakama,0,2117,
black bird,0,2116,
brown panties,0,2114,
arched crown,0,2113,
green scrunchie,0,2112,
pants under skirt,0,2112,skirt over pants
swimsuit cover-up,0,2112,
k/da (league),0,2111,k/da (league of legends)
apartment,0,2111,
white pajamas,0,2111,
holding heart,0,2110,
shinda sekai sensen uniform,0,2110,
polka dot shirt,0,2110,
saddle,0,2107,
bartender,0,2107,
hat with ears,0,2107,
breastfeeding,0,2106,
spoken expression,0,2106,spoken emoticon
belt boots,0,2105,
queen of spades symbol,0,2105,
bishamonten's pagoda,0,2105,
androgyne symbol,0,2105,
uncommon stimulation,0,2104,fantastic arousal
inkwell,0,2104,ink bottle
honey,0,2103,
hooded dress,0,2103,
grocery bag,0,2102,
loaded interior,0,2101,
yo-yo,0,2101,
hauchiwa,0,2100,
high-waist pantyhose,0,2097,
green border,0,2097,
soap censor,0,2095,
native american,0,2095,
saliva on penis,0,2094,
loose shirt,0,2094,
steampunk,0,2094,
umbrella over shoulder,0,2093,
egg hair ornament,0,2092,
potato,0,2092,
holding mirror,0,2092,
convenience store,0,2092,konbini
red wine,0,2092,
cd,0,2091,
roundel,0,2091,
\n/,0,2091,"rock on (gesture),sign of the horns"
embroidery,0,2091,embroidered
adoptive siblings,0,2090,
glock,0,2089,"glock 17,glock 18c,glock 19"
holding photo,0,2088,
4others,0,2087,
shoulder cannon,0,2087,
mira-cra park!,0,2085,
ben-day dots,0,2084,
blacked female,0,2083,
cheek pull,0,2082,stretching cheeks
on bicycle,0,2082,
hakurei reimu (cosplay),0,2082,
juxtaposition,0,2081,
gradient halo,0,2081,
green armor,0,2080,
watermelon bar,0,2080,watermelon popsicle
shopping,0,2080,
crane game,0,2079,
bandolier,0,2079,
holding briefcase,0,2078,
hamaya,0,2078,
bicorne,0,2077,
\o/,0,2077,
lactation through clothes,0,2076,
freediving,0,2074,
telescope,0,2074,
gyaruo,0,2074,"charao,gyaru-oh"
mole on collarbone,0,2074,
pet bowl,0,2073,food bowl
body horror,0,2072,
cleaver,0,2072,
mole on arm,0,2071,
vocaloid append,0,2070,
drawn whiskers,0,2070,
hat over one eye,0,2069,
holding scepter,0,2068,
screwdriver,0,2068,
two-sided gloves,0,2067,
bored,0,2067,
vibrator in thighhighs,0,2067,
messy,0,2066,
nipple rub,0,2065,
huge eyebrows,0,2065,
hand mirror,0,2065,
red suit,0,2065,
barbed wire,0,2064,
under tree,0,2064,
eldritch abomination,0,2064,
facing down,0,2062,
dotted background,0,2062,
aurora,0,2062,
bird print,0,2061,
hologram,0,2061,
chest guard,0,2060,
covered testicles,0,2060,
fuuin no tsue,0,2060,
gradient legwear,0,2060,
grey flower,0,2057,
tapir tail,0,2057,
cross-laced slit,0,2057,
yellow pantyhose,0,2057,
donation box,0,2056,saisen-bako
wrapped candy,0,2056,
unitard,0,2055,
mismatched earrings,0,2054,asymmetrical earrings
toilet use,0,2054,
turtleneck bodysuit,0,2053,
hand on table,0,2053,
panicking,0,2052,
sakugawa school uniform,0,2052,
studded bracelet,0,2052,
pentacle,0,2051,
red wrist cuffs,0,2050,
bus stop,0,2050,
crescent necklace,0,2050,
hair vines,0,2049,
untying,0,2049,
antique firearm,0,2049,
borderless panels,0,2048,
lighthouse,0,2047,
print headwear,0,2047,
camcorder,0,2047,
flaming sword,0,2046,"fiery sword,flame sword"
light machine gun,0,2045,
night raven college school uniform,0,2045,night raven college uniform
mat,0,2044,
knees out of frame,0,2044,
blue sarong,0,2044,
yordle,0,2043,
candy wrapper,0,2041,
objectification,0,2041,
smoking barrel,0,2040,smoking gun
horn flower,0,2040,
casting spell,0,2039,
two-tone legwear,0,2038,
hunched over,0,2038,
pixelated,0,2036,
hair color connection,0,2036,
hair strand,0,2036,
messenger bag,0,2036,
lyre,0,2035,
undersized breast cup,0,2035,
red nose,0,2035,
bandaid on forehead,0,2034,
colorful clouds,0,2032,"aqua clouds,blue clouds,colored clouds,colorful cloudy sky,green clouds,orange clouds,pink cloud,pink clouds,purple clouds,red clouds,yellow clouds"
broad shoulders,0,2032,
huge moon,0,2032,
food bite,0,2031,
pencil case,0,2031,
zabuton,0,2031,
maple leaf print,0,2031,
honda,0,2030,
aqua skin,0,2029,
green sash,0,2028,
aqua kimono,0,2028,
pet,0,2027,
tengu,0,2027,
hair dryer,0,2027,
futa without balls,0,2025,
wallet chain,0,2024,belt chain
orange tank top,0,2024,
pornography production,0,2024,
racecar,0,2022,
eden academy school uniform,0,2022,eden academy uniform
captured,0,2022,
lizard,0,2021,
dirt,0,2021,
kissing neck,0,2021,
off-shoulder one-piece swimsuit,0,2021,
frilled armband,0,2021,
pink umbrella,0,2020,
partial humanization,0,2018,
multiple riders,0,2018,riding double
kissing penis,0,2018,
in palm,0,2017,
broken weapon,0,2017,
lifebuoy hair ornament,0,2017,
handsfree paizuri,0,2016,
disembodied eye,0,2016,floating eye
rectum,0,2016,
homurabara academy school uniform,0,2016,"homurahara academy school uniform,homurahara academy uniform"
multicolored flower,0,2015,
lipstick mark on penis,0,2015,
mochi trail,0,2015,
saiyan armor,0,2015,
crystal ball,0,2014,
fish skeleton,0,2014,fish bone
earth federation,0,2013,
bamboo broom,0,2013,
lightsaber,0,2012,
bindi,0,2012,
two-tone sports bra,0,2011,
fur shawl,0,2010,
galaxy,0,2010,
holding spatula,0,2010,
age regression,0,2008,
nejiri hachimaki,0,2008,
self-cosplay,0,2008,"midform,self cosplay"
colored teeth,0,2007,
number print,0,2007,
purple-framed eyewear,0,2006,
han'eri,0,2005,haneri
white sky,0,2004,
arm shield,0,2004,
clothes between thighs,0,2004,clothing between thighs
dorsiflexion,0,2003,toe-point up
horn ring,0,2002,
chalice,0,2001,"goblet,grail"
toilet paper,0,2001,
multiple monochrome,0,2001,
single bridal gauntlet,0,2000,
half crown braid,0,2000,
kine,0,2000,
arm across waist,0,1999,
swiss roll,0,1998,
yarn ball,0,1998,
light areolae,0,1998,
deer tail,0,1998,
kishimen hair,0,1998,
white tabard,0,1997,
aroused nosebleed,0,1997,
holding toy,0,1997,
heart-shaped lock,0,1997,
shrimp tempura,0,1997,fried shrimp
teardrop tattoo,0,1997,
couter,0,1997,cowter
half-skirt,0,1996,
pink tank top,0,1996,
cum inflation,0,1996,cumflation
dress swimsuit,0,1995,
pursed lips,0,1995,
single tear,0,1994,
thighhighs over pantyhose,0,1994,
skirt cutout,0,1994,
lipstick mark on face,0,1993,lipstick mark on cheek
facing up,0,1992,
aqua shoes,0,1992,
houndstooth,0,1992,
leather armor,0,1992,
curled up,0,1991,
sticky note,0,1991,
striped vest,0,1991,
hanging plant,0,1990,
circle facial mark,0,1990,
dongtan dress,0,1990,dongtan lady (k pring) (cosplay)
glomp,0,1990,
vore,0,1987,
crazy,0,1986,
bass clef,0,1985,
green robe,0,1985,
italian flag,0,1984,
green one-piece swimsuit,0,1984,
tennis ball,0,1984,
flying kick,0,1983,jump kick
brain,0,1983,
arm on another's shoulder,0,1982,arm on shoulder
training bra,0,1982,
french text,0,1982,
striped hoodie,0,1981,
side-tie peek,0,1981,
index fingers raised,0,1980,
glansjob,0,1980,
intestines,0,1979,
pigeon,0,1978,
fish boy,0,1977,
blue jumpsuit,0,1977,
long earlobes,0,1976,
grey choker,0,1976,
looking through own legs,0,1976,looking through legs
amplifier,0,1976,
greek toe,0,1976,
long horns,0,1975,
unzipping,0,1974,
laundry,0,1974,
brown sash,0,1973,
crocodilian tail,0,1973,
mutual hug,0,1973,
fully genderswapped group,0,1973,
beretta 92,0,1972,"beretta 92fs,beretta m9"
purple border,0,1971,
grey cloak,0,1970,
personality switch,0,1970,
blue umbrella,0,1968,
crotch focus,0,1968,
hands on feet,0,1968,
kesa,0,1968,
fitness gym,0,1968,"fitness center,fitness studio,training gym,wellness gym,workout gym"
gold thighlet,0,1967,
spoiler (automobile),0,1967,
holding shovel,0,1966,
fur jacket,0,1966,
gold circlet,0,1966,
bloodshot eyes,0,1965,
long neck,0,1965,
wa lolita,0,1965,
cat ear legwear,0,1964,
creature focus,0,1964,
print sleeves,0,1963,
blood on bandages,0,1962,
bound torso,0,1962,
hooded vest,0,1961,
pink headband,0,1959,
arthropod boy,0,1958,"bug boy,bugboy"
corn,0,1957,
legs over head,0,1957,
wing brooch,0,1957,
implied fellatio,0,1956,
odaibako,0,1956,
new school swimsuit,0,1954,
art nouveau,0,1954,alphonse mucha (style)
holding chain,0,1954,
print necktie,0,1951,
green headscarf,0,1951,
self wedgie,0,1949,
high tops,0,1949,
flower bracelet,0,1948,
penis over eyes,0,1948,
pokemon move,0,1947,
taimanin suit,0,1947,
merchandise,0,1946,
two-tone kimono,0,1944,
face between breasts,0,1942,
symbolism,0,1942,
multiple legs,0,1941,
logo parody,0,1941,
living clothes,0,1940,
tongs,0,1939,
ear chain,0,1939,
archery,0,1939,
gradient wings,0,1939,
pointing forward,0,1936,
ar-15,0,1936,
short-sleeved sweater,0,1936,
hat belt,0,1935,
sideways hat,0,1934,
two-tone veil,0,1934,
toga,0,1933,
groom,0,1933,
gradient skin,0,1933,
wrestling ring,0,1933,
erect clitoris,0,1932,
traditional chinese text,0,1930,
sobu high school uniform,0,1930,
amulet,0,1929,
weightlifting,0,1929,lifting weights
print haori,0,1928,
alternate weapon,0,1926,
red mittens,0,1926,
checkered flag,0,1924,
seal (animal),0,1922,
truth,0,1922,
hat tassel,0,1920,tassel hat ornament
eye of horus,0,1920,"eye of wadjet,eye of wdjat,eye of wedjat"
wide brim,0,1919,
wheat field,0,1918,
two-handed handjob,0,1917,
ghost pose,0,1917,
bullet hole,0,1917,
bowler hat,0,1917,
zun (style),0,1917,
butterfly-shaped pupils,0,1915,
print shorts,0,1915,
...?,0,1915,
hand on floor,0,1914,
nebula,0,1914,
stone stairs,0,1913,
straitjacket,0,1912,
stitched mouth,0,1911,
kourindou tengu costume,0,1911,
snack,0,1911,
licking armpit,0,1909,
sweater tucked in,0,1909,
bayonet,0,1909,
propeller,0,1909,
onii-shota,0,1908,
ear protection,0,1907,
bridal legwear,0,1907,
two-tone sweater,0,1906,
on railing,0,1906,sitting on railing
mannequin,0,1906,
huge pectorals,0,1906,
2014,0,1905,
nearly naked apron,0,1905,
perfume bottle,0,1904,
cartoon bone,0,1904,
urban,0,1903,
holding fish,0,1903,
rocket,0,1903,
teruterubouzu,0,1903,
lying on lap,0,1902,
boxcutter,0,1902,"stationery knife,utility knife"
anal fluid,0,1901,
uneven twintails,0,1901,asymmetrical twintails
torn bodystocking,0,1900,
ready to draw,0,1900,
dragon ears,0,1899,
foregrip,0,1898,
bo staff,0,1897,
baby bottle,0,1896,
mouth insertion,0,1895,
bike shorts under shorts,0,1895,
zero gravity,0,1894,
bulletin board,0,1892,pin board
green feathers,0,1892,
blue haori,0,1891,
shiny legwear,0,1891,
jacket pull,0,1891,
implied kiss,0,1890,
nipple clamps,0,1890,
speckled areolae,0,1890,
human scabbard,0,1889,
alternate species,0,1889,alternate race
single knee pad,0,1888,
sprinkles,0,1887,
multicolored tail,0,1886,
chimera,0,1885,
thermometer,0,1885,
a certain high school uniform,0,1884,
sun tattoo,0,1883,
sexualized chibi,0,1883,
vertical-striped sleeves,0,1883,
above clouds,0,1882,
purple armor,0,1882,
blood bag,0,1881,blood pack
snake earrings,0,1880,
war,0,1880,
martial arts belt,0,1880,
double horizontal stripe,0,1879,
penises touching,0,1877,
latex legwear,0,1876,
testicle sucking,0,1876,
eye print,0,1876,
gingham clothes,0,1875,
mash kyrielight (dangerous beast) (cosplay),0,1874,
wet dress,0,1873,
soccer,0,1873,
implied fingering,0,1873,
knife sheath,0,1872,knife holster
thick lineart,0,1872,
striped hair,0,1871,
triple penetration,0,1871,
goat,0,1868,
balding,0,1867,"bald spot,partially bald"
handprint,0,1867,hand print
red track suit,0,1867,
messy room,0,1866,
nipple jewelry,0,1865,
star pasties,0,1865,
red sports bra,0,1864,
handstand,0,1864,
racerback,0,1864,
doily,0,1861,
sparkle hair ornament,0,1861,
bound together,0,1860,tied together
cum in container,0,1860,
consensual tentacles,0,1858,
covering another's eyes,0,1858,
eyelash ornament,0,1857,
nib pen (object),0,1857,
two-sided cloak,0,1857,
dog penis,0,1856,canine penis
sorcerer's sutra scroll,0,1856,
lace-trimmed shirt,0,1856,
holding toothbrush,0,1855,
analogous colors,0,1853,
heckler & koch,0,1853,
holding person,0,1853,
flower in mouth,0,1852,
animal on arm,0,1852,
gold shoes,0,1852,
hanten (clothes),0,1852,
on innertube,0,1851,
flying fish,0,1851,
two-finger salute,0,1851,
biting ear,0,1848,ear biting
clueless,0,1847,unaware
hanging light,0,1847,
spaghetti,0,1847,
humping,0,1845,
leaf hat ornament,0,1844,hat leaf
affectionate,0,1843,
hogwarts school uniform,0,1843,
warm colors,0,1843,warm colored
kiwi (fruit),0,1842,
pushing,0,1842,
album name,0,1841,
vibrator on nipple,0,1841,
labret piercing,0,1841,
smokestack hair ornament,0,1841,
red slingshot swimsuit,0,1840,
puff and slash sleeves,0,1840,
family crest,0,1840,
starfish hair ornament,0,1840,
title parody,0,1838,
toilet stall,0,1838,
purple cloak,0,1837,
lightning bolt print,0,1837,
chocolate cake,0,1836,
pinstripe suit,0,1836,
vertical-striped bikini,0,1836,
cat bag,0,1836,
hedgehog,0,1835,
untied shoelaces,0,1835,untied footwear
monochrome background,0,1835,colored with greyscale background
glowing wings,0,1835,
upshorts,0,1834,
decepticon,0,1834,
melon,0,1834,
food on breasts,0,1833,
invisible man,0,1833,
bluesky username,0,1833,
bird mask,0,1833,
licking foot,0,1832,
penis on ass,0,1831,
sauna,0,1831,
tapir ears,0,1830,
glove bow,0,1830,
holding sword behind back,0,1829,sword behind back
self-harm scar,0,1828,wrist cutting scar
bite mark on neck,0,1827,
tulip hat,0,1827,
shirt overhang,0,1827,
procreate (software),0,1826,
masochism,0,1826,
post-apocalypse,0,1825,
posing,0,1824,
hand over eye,0,1823,
down jacket,0,1823,
blake bloom (wuthering waves),0,1822,
single bare leg,0,1821,
wallet,0,1820,
koi,0,1820,
hand on another's ear,0,1819,touching another's ear
double vertical stripe,0,1818,
oda uri,0,1818,
cellphone charm,0,1817,
coat dress,0,1816,
hand on own ear,0,1816,touching own ear
sports panties,0,1816,
toast in mouth,0,1816,
guided penetration,0,1816,assisted penetration
facepalm,0,1816,
striped coat,0,1815,
back-seamed legwear,0,1815,
alice (alice in wonderland) (cosplay),0,1814,
anchor necklace,0,1813,
vertical-striped kimono,0,1813,
electrical outlet,0,1813,electric socket
koishi day,0,1813,
super saiyan 4,0,1811,
adjusting legwear,0,1810,
holding newspaper,0,1809,
conductor baton,0,1809,baton (conducting)
maneki-neko,0,1809,
torture,0,1809,
crocodilian,0,1808,
dress ribbon,0,1808,
bad food,0,1807,disgusting food
storefront,0,1807,
arm cuffs,0,1805,
plant roots,0,1805,"root,roots,tree root"
bad perspective,0,1804,
peony (flower),0,1804,
tearing clothes,0,1804,
brick,0,1803,
2013,0,1802,
ring gag,0,1802,
gem (steven universe),0,1802,
how to,0,1801,
polaroid photo,0,1801,instant photo
holding whisk,0,1801,
paper crane,0,1801,
green ascot,0,1800,
missile pod,0,1799,
king (chess),0,1799,
tag,0,1799,
boar,0,1799,
oohashi high school uniform,0,1798,
sadism,0,1798,
on roof,0,1797,
blue petals,0,1797,
holding plant,0,1797,
waiter,0,1796,
one ear down,0,1796,"single ear down,unaligned ears"
rhodes island logo (arknights),0,1796,
taller female shorter male,0,1796,
lowleg pants,0,1795,low-rise pants
ticket,0,1794,
no eyepatch,0,1793,
theft,0,1793,
photorealistic,0,1793,
panties under buruma,0,1791,
diamond-shaped earrings,0,1790,
pixie cut,0,1788,
cuirass,0,1786,
tokyo,0,1786,"tokyo (city),tokyo metropolis,tokyo prefecture"
clown nose,0,1785,
white tunic,0,1784,
mob face,0,1784,
anemo symbol (genshin impact),0,1783,
diving mask on head,0,1782,
historical name connection,0,1782,historical reference connection
seatbelt,0,1781,
paint on clothes,0,1781,
in memoriam,0,1781,
no blindfold,0,1779,
white petals,0,1779,
sitting on table,0,1776,
star-shaped eyewear,0,1776,
galaxy team survey corps uniform,0,1776,galaxy expedition team survey corps uniform
trinity general school logo,0,1775,
ace of spades,0,1775,
looking at hand,0,1774,
censored text,0,1774,
clothes tug,0,1772,
poleyn,0,1771,
food art,0,1770,
oversized breast cup,0,1770,
duel academy uniform (yu-gi-oh! gx),0,1770,
bus,0,1770,
object floating above hand,0,1770,
mitre,0,1770,
skull necklace,0,1769,
lute (instrument),0,1769,
orange jumpsuit,0,1768,
dollchestra,0,1768,
bean bag chair,0,1767,
string bra,0,1767,
dawn,0,1767,
circled 9,0,1767,
between toes,0,1767,
hammock,0,1766,
art brush,0,1766,
mast,0,1766,
urethral insertion,0,1765,
ribbed bodysuit,0,1765,
makeup brush,0,1765,
tools,0,1765,
single fishnet legwear,0,1764,
ketchup bottle,0,1764,
moon phases,0,1764,
adidas,0,1763,
polka dot swimsuit,0,1763,
papers,0,1762,
bear costume,0,1762,
holding cross,0,1762,
rubber gloves,0,1761,
icho private high school uniform,0,1760,
brazilian flag,0,1759,
group hug,0,1759,
see-through sarong,0,1758,transparent sarong
rounded corners,0,1758,
half-heart hands,0,1758,
floating island,0,1758,
black male swimwear,0,1757,
tuanshan,0,1756,
female goblin,0,1756,
single head wing,0,1756,
clone harem,0,1755,
multi-strapped panties,0,1755,
skeleton print,0,1754,
amesuku gyaru,0,1754,
surrounded,0,1754,
hugging viewer,0,1753,incoming hug
infirmary,0,1753,
hooded bodysuit,0,1752,
misunderstanding,0,1751,
grey bag,0,1751,
single boot,0,1749,
heart-shaped eyes,0,1749,
marking on cheek,0,1748,
holding necklace,0,1747,
solid circle pupils,0,1747,
multicolored hoodie,0,1746,
hand grip,0,1745,
spreading own anus,0,1745,
playstation portable,0,1744,
wakizashi,0,1744,
gerudo,0,1743,
cum in nose,0,1742,
owl ears,0,1741,
hairjob,0,1740,
complementary colors,0,1739,"color contrast,opposite colors"
inline skates,0,1738,
tweaking own nipple,0,1738,
satin,0,1738,
giant monster,0,1738,
watching television,0,1737,
holding key,0,1737,
color timer,0,1737,
steak,0,1736,
grill,0,1736,"barbecue (object),bbq (object)"
jockstrap,0,1736,
flak jacket,0,1736,
converse,0,1736,
flying paper,0,1736,
german flag,0,1736,
shiny swimsuit,0,1736,
hand in own panties,0,1736,
omikuji,0,1735,
sparse stubble,0,1734,
lovestruck,0,1734,
cat on shoulder,0,1734,
red oni,0,1733,
negative space,0,1732,
cum on pussy,0,1732,
kono lolicon domome,0,1732,
bib,0,1731,
excalibur morgan (fate),0,1731,
cat costume,0,1730,
finger to another's mouth,0,1730,
whiteboard,0,1730,markerboard
monster focus,0,1729,
gift bag,0,1728,
white tiger,0,1727,
beam cannon,0,1727,
spit take,0,1727,spitting reaction
very long sidelocks,0,1727,
forked tail,0,1725,split tail
ankle bow,0,1724,
holding own legs back,0,1722,
wolf costume,0,1721,"werewolf costume,wolf man costume"
inseki,0,1720,
log pose,0,1720,
star of david,0,1719,
pom pom earrings,0,1719,
bear tail,0,1718,
ghost hair ornament,0,1718,
lord camelot (fate),0,1717,
expressive clothes,0,1717,
contrast lapels,0,1716,colored lapels
frilled wristband,0,1715,
diaper,0,1715,
grenade launcher,0,1714,
chocobo,0,1714,
reindeer,0,1714,
changpao,0,1714,
hand on headphones,0,1714,
glory wall,0,1711,
sand castle,0,1711,
saiyan,0,1711,
rook (chess),0,1711,
grey armor,0,1710,
butterfly ornament,0,1709,
horseshoe,0,1709,
wading pool,0,1709,kiddie pool
red bandeau,0,1709,
two-tone shorts,0,1708,
hexagon print,0,1708,
glowing horns,0,1708,
spreader bar,0,1708,
plaid panties,0,1707,
scar on back,0,1706,
dragging,0,1705,
bathrobe,0,1705,
2012,0,1705,
spiked jacket,0,1705,
military dress uniform,0,1704,
floating book,0,1703,
black bonnet,0,1703,
recorder,0,1702,
two-tone wings,0,1701,
white pubic hair,0,1701,
multiple scoops,0,1700,"double scoop,quadruple scoop,triple scoop"
hooded shrug,0,1700,
sugar cube,0,1700,
hospital,0,1699,
do not want,0,1699,
torn coat,0,1698,ripped coat
no mole,0,1698,
camisole lift,0,1698,
hexagon hair ornament,0,1698,
elbow on knee,0,1697,
hole in chest,0,1697,
ink tank (splatoon),0,1696,
josou seme,0,1695,"assertive trap,trap penetrating,trapdom"
teeth hold,0,1695,
after bathing,0,1695,
tenshi kaiwai,0,1695,
orange cat,0,1693,
holding pole,0,1693,
cracked glass,0,1693,
thermos,0,1693,
multicolored cape,0,1693,
green eyeshadow,0,1693,
applying own makeup,0,1692,
unworn backpack,0,1692,backpack removed
kabuto (helmet),0,1691,
holding donut,0,1691,holding doughnut
pastry bag,0,1691,piping bag
bee,0,1691,
nipple pull,0,1691,
dragon bean (arknights),0,1689,"chubby lung (arknights),dragon bubble (arknights)"
muzzle (mask),0,1689,
shorts around one leg,0,1688,
grey apron,0,1688,
spiked pauldrons,0,1687,
merman,0,1687,
holding map,0,1687,
multitasking,0,1686,
animal genitalia on humanoid,0,1685,
crosshatching,0,1685,
shinai,0,1685,
holding swimsuit,0,1685,
white rabbit (animal),0,1684,
acorn,0,1683,
gold belt,0,1683,
aqua bra,0,1683,
ribbon-trimmed headwear,0,1682,
netnavi,0,1682,
easter,0,1682,
weasel girl,0,1680,
tentacles on male,0,1680,
breast padding,0,1679,
gem hair ornament,0,1679,
orange streaks,0,1679,
distortion,0,1679,
hands on another's ass,0,1678,
pegasus,0,1677,
lightning bolt hair ornament,0,1677,
splatter,0,1677,
ruffling hair,0,1677,
multicolored necktie,0,1677,
windmill,0,1676,
decapitation,0,1676,beheading
winged heart tattoo,0,1676,
suimei academy school uniform,0,1675,
odd one out,0,1675,
thigh grab,0,1675,
jaguar tail,0,1674,
holding pocky,0,1674,
winged halo,0,1674,
strawberry cake,0,1673,
pizza box,0,1673,
spell card,0,1673,
blue pubic hair,0,1673,
fried chicken,0,1671,
footwear flower,0,1671,shoe flower
reverse fellatio,0,1671,
biting glove,0,1670,glove biting
vertical-striped headwear,0,1669,
eye reflection,0,1668,reflective eyes
character signature,0,1667,
yellow teeth,0,1666,
storm,0,1666,
happy aura,0,1665,
zora,0,1665,
wallpaper (object),0,1665,
marshmallow,0,1665,
severed limb,0,1664,
sling bikini top,0,1664,
loosely tucked bangs,0,1662,
checkered shirt,0,1662,
pink sweater vest,0,1662,
chained wrists,0,1662,
implied after sex,0,1662,
blowing,0,1659,
wall of text,0,1659,
red haori,0,1658,
swim cap,0,1657,
2010,0,1655,
shimokitazawa high school uniform,0,1655,
gem (symbol),0,1655,
starry hair,0,1655,
checkered hairband,0,1654,
nipple cutout,0,1654,
upshirt,0,1654,
penguin costume,0,1654,
hand wraps,0,1653,
panties on head,0,1651,
beans,0,1651,
kessoku band,0,1650,
bunching hair,0,1649,
buruma pull,0,1648,
ao dai,0,1648,vietnamese dress
height chart,0,1648,
polka dot pajamas,0,1647,
crowbar,0,1646,
motoyui,0,1645,
frontless outfit,0,1642,
wrist cutting,0,1642,
hashtag,0,1641,
wanted poster,0,1641,wanted
grey camisole,0,1641,
glaive (polearm),0,1640,glaive
peace symbol,0,1640,
duel disk,0,1640,
holding mini person,0,1640,holding miniperson
karaoke,0,1639,
tribal tattoo,0,1639,
ladybug,0,1638,
naturally detached hair,0,1638,"detached floating hair,detached hair"
booth seating,0,1638,
tape measure,0,1636,
hugging tail,0,1636,tail hug
cobblestone,0,1635,
evangelion (mecha),0,1635,
cigarette pack,0,1635,
raimon,0,1635,
naked overalls,0,1635,
lace-trimmed hairband,0,1634,
grabbing another's sleeve,0,1634,sleeve grab
frilled umbrella,0,1634,
onmyouji,0,1634,
hands on another's waist,0,1633,
pinstripe pants,0,1633,
cross-eyed,0,1632,
arm pouch,0,1631,
aristocratic clothes,0,1630,
holding with tail,0,1629,
pier,0,1629,
heads-up display,0,1628,
license plate,0,1627,
hands on another's chest,0,1627,
futasub,0,1627,
green collar,0,1627,
masturbation under clothes,0,1626,
yellow camisole,0,1626,
hedgehog girl,0,1626,
running track,0,1626,
right-to-left comic,0,1625,
front-to-back,0,1625,
triplets,0,1625,
helmet over eyes,0,1625,
hands on own legs,0,1625,
croissant,0,1625,
cow ear hairband,0,1624,
lipgloss,0,1623,
vinyl record,0,1623,
policeman,0,1622,
wrist flower,0,1622,
windowsill,0,1622,
saber (weapon),0,1622,
elbow on table,0,1621,
ornate ring,0,1621,"gem ring,gemstone ring"
nail bat,0,1621,
hand on railing,0,1621,
green tea,0,1621,
wizard,0,1620,
shopping cart,0,1619,
copy ability,0,1618,
queen (chess),0,1618,
crotch zipper,0,1617,
wet towel,0,1617,
vertical-striped socks,0,1616,vertical-striped kneehighs
blue bird,0,1615,
pineapple,0,1615,
public use,0,1614,
multicolored scarf,0,1614,
<o> <o>,0,1614,
veiny hands,0,1613,
ivy,0,1613,
rabbit hat,0,1613,bunny hat
dirty feet,0,1610,
carrying baby,0,1610,holding baby
fluffy clothes,0,1609,
sailor moon redraw challenge (meme),0,1609,
anchor choker,0,1609,
simulated fellatio,0,1608,
playing,0,1608,
glitter,0,1608,
porch,0,1607,
trophy,0,1607,
cracked floor,0,1607,
torn cloak,0,1606,
pubic stubble,0,1606,
parrot,0,1605,
twintails with hair base,0,1605,
harp,0,1604,
stain,0,1604,
cola,0,1604,
massage,0,1604,
stirrup footwear,0,1604,
gold collar,0,1603,
kirin (armor),0,1603,
standing doggystyle,0,1603,standing doggy style
green assault visor,0,1602,
above-cleavage cutout,0,1602,above cleavage cutout
carousel,0,1602,
overall skirt,0,1601,
playing piano,0,1601,
mithra (ff11),0,1600,
beer bottle,0,1600,
crossover pairing,0,1599,crossover couple
drying own hair,0,1598,
clothed robot,0,1597,
brown bra,0,1597,
broken mirror,0,1597,
barefoot sandals (jewelry),0,1595,
cool colors,0,1594,cool colored
nintendo ds,0,1593,
hair flip,0,1593,
abuse,0,1593,
heart-shaped ornament,0,1592,
army,0,1592,
white day,0,1591,
bubble tea challenge,0,1590,
torn wings,0,1590,"broken wing,injured wings"
nissin cup noodle,0,1590,nissin cup noodles
licking ear,0,1589,
bagged fish,0,1589,
araki hirohiko (style),0,1589,
sheikah,0,1588,
materia,0,1588,
aqua flower,0,1588,
wrist belt,0,1587,belt bracelet
blood from forehead,0,1587,bleeding from forehead
foam,0,1587,
salad,0,1586,
otaku,0,1586,
covered pussy,0,1585,
stats,0,1585,
character-themed food,0,1585,"character-shaped food,character food"
fur choker,0,1584,
puppy,0,1584,
brown neckerchief,0,1583,
cream on face,0,1583,
folder,0,1581,
head steam,0,1580,
muzzle flash,0,1580,
unworn bikini,0,1579,bikini removed
aqua shorts,0,1578,
smalldom,0,1577,
animal helmet,0,1577,
hair floating upwards,0,1574,
weapon case,0,1574,gun case
ferret,0,1573,
motherly,0,1573,
anemone (flower),0,1573,
underwear writing,0,1572,
fur cloak,0,1572,
weasel tail,0,1572,stoat tail
hanetsuki,0,1572,
giant male,0,1572,giant man
gokkun,0,1571,
rice hat,0,1570,
seal impression,0,1570,
kamaboko,0,1570,
airship,0,1569,
monkey boy,0,1569,
butterfly sitting,0,1569,butterfly pose
casino,0,1568,
floating card,0,1568,falling card
bishop (chess),0,1567,
floating neckwear,0,1565,"floating bowtie,floating neck ribbon,floating necktie"
whiskey,0,1565,
brown lips,0,1565,
aria company uniform,0,1565,
coin hair ornament,0,1564,
elevator,0,1564,
striped pajamas,0,1563,
scars all over,0,1563,too many scars
wedge heels,0,1563,
blood on chest,0,1561,
onion,0,1561,
finger counting,0,1561,finger number
propeller fighter,0,1561,"piston engine fighter,piston fighter"
pilot,0,1560,
white scales,0,1560,
holding shirt,0,1559,
snow leopard girl,0,1559,
holding flask,0,1559,
sitting backwards,0,1559,
boy sandwich,0,1559,
2011,0,1558,
purple hakama,0,1558,
head on head,0,1556,
corsage,0,1556,flower in breast pocket
print sweater,0,1555,
pink track suit,0,1555,
noses touching,0,1555,
power suit,0,1554,
metamoran vest,0,1554,
shirt partially removed,0,1554,
shirt partially tucked in,0,1553,shirt half tucked in
through screen,0,1553,"coming out of screen,through computer,through television"
animal head,0,1553,
pankou,0,1553,"chinese knot button,frog button"
very long tongue,0,1553,
virgin destroyer sweater,0,1552,
year of the horse,0,1552,
aqua leotard,0,1552,
baton (weapon),0,1551,
vanishing point,0,1551,
game boy,0,1551,
green bandana,0,1551,
nata (tool),0,1551,
holding another's horns,0,1550,"grabbing another's horn,grabbing another's horns,hand on another's horn,holding another's horn"
holding gem,0,1550,
griffin & kryuger military uniform,0,1550,griffin and kryuger military uniform
grave,0,1550,
holding lighter,0,1549,
drum (container),0,1548,
pee stain,0,1548,
keizoku military uniform,0,1548,
cross-laced skirt,0,1547,
lace sleeves,0,1545,
between pectorals,0,1544,
holding calligraphy brush,0,1544,
multicolored hair bobbles,0,1543,
chessboard,0,1543,
wringing clothes,0,1543,
ultra ball,0,1542,
sidelocks tied back,0,1542,
bandaged fingers,0,1542,
breaking,0,1542,shattering
dvd cover,0,1542,
popped button,0,1539,
braiding hair,0,1539,
creature on head,0,1539,
lifeguard,0,1539,
covered groin,0,1538,"crotch outline,groin outline"
black bandana,0,1538,
nazi,0,1538,
unworn bikini bottom,0,1538,bikini bottom removed
kimono lift,0,1537,
used condom on penis,0,1536,
lime (fruit),0,1535,
stitched torso,0,1535,
dudou,0,1535,
pelt,0,1534,
night vision device,0,1534,
math,0,1532,
chakram,0,1532,
broken window,0,1532,
energy cannon,0,1532,
skull on head,0,1531,
winged shoes,0,1530,
aqua thighhighs,0,1530,
clothed male nude male,0,1530,
tickling feet,0,1529,foot tickling
hole,0,1529,
plaid ribbon,0,1529,
bridal lingerie,0,1528,
van,0,1528,
strapless one-piece swimsuit,0,1527,strapless swimsuit
red shawl,0,1526,
two-sided skirt,0,1526,
holding mace,0,1526,
white jumpsuit,0,1525,
abandoned,0,1525,
folded hair,0,1525,
kinchaku,0,1525,
knives between fingers,0,1523,
exercise ball,0,1523,
purple bag,0,1522,
blue corset,0,1521,
crawling,0,1521,
kiyosumi school uniform,0,1521,
christmas stocking,0,1520,stocking stuffer
stopwatch,0,1520,
l hand,0,1519,
menu board,0,1519,
kikumon,0,1517,
good end,0,1517,
star wand,0,1516,
public restroom,0,1516,"public toilet,restroom"
jacket lift,0,1516,
fidgeting,0,1516,
sneezing,0,1515,
holding with feet,0,1514,foot hold
huge dildo,0,1514,
armored leotard,0,1514,
tucked penis,0,1514,"cock-tail,penis tucking"
bandaid on head,0,1514,
aqua sleeves,0,1513,
checkered bow,0,1513,
hand to head,0,1513,
empire waist,0,1512,
amazon position,0,1512,
flower hairband,0,1511,
blue shrug,0,1511,
black overalls,0,1511,
hungry,0,1511,
zodiac,0,1511,
blade,0,1511,
meadow,0,1511,
middle part,0,1511,
licking another's neck,0,1510,licking neck
hoyofair,0,1510,
milky way,0,1510,
against fourth wall,0,1509,
screw hair ornament,0,1508,
orange leotard,0,1508,
mind break,0,1507,
tile ceiling,0,1506,
see-through panties,0,1505,transparent panties
fan hair ornament,0,1505,
snowflake background,0,1504,
single-shoulder dress,0,1504,
pink sandals,0,1504,
melon bread,0,1504,
gunblade,0,1503,
cat mask,0,1503,
aestus estus,0,1503,
sparrow,0,1502,
medieval,0,1502,
fire on chest,0,1502,
legband,0,1501,
tapir girl,0,1501,
argyle sweater,0,1501,
polar bear,0,1500,
covering ass,0,1499,
unworn necktie,0,1498,necktie removed
holding rope,0,1498,
ipod,0,1498,
brown flower,0,1496,
green helmet,0,1496,
handsfree breast squeeze,0,1495,
glove cutout,0,1495,cutout gloves
dissolving,0,1495,
sheet ghost,0,1495,
stuffed penguin,0,1495,
presenting foot,0,1495,
pink hakama,0,1494,
two-tone tail,0,1493,
fitting room,0,1493,
bandaid on neck,0,1492,
covering one breast,0,1492,
ears visible through hair,0,1492,
covered pectorals,0,1492,
shield on back,0,1491,
radish,0,1491,
rabbit costume,0,1490,
torn swimsuit,0,1490,ripped swimsuit
ski goggles,0,1490,snow goggles
hand on own crotch,0,1490,
red crown,0,1490,
black jumpsuit,0,1490,
holding bra,0,1489,
eyeball hair ornament,0,1489,
isometric,0,1489,
note,0,1488,
behind-the-head headphones,0,1488,
pill earrings,0,1488,
male underwear peek,0,1487,
cork,0,1486,
detached leggings,0,1486,
drugged,0,1485,
braces,0,1485,
inktober,0,1485,
fur boots,0,1485,
flag background,0,1485,
first aid kit,0,1484,
player 2,0,1484,
orange horns,0,1483,
red panda ears,0,1482,
long scarf,0,1482,
sitting on branch,0,1481,
ero guro,0,1481,eroguro
champion uniform (pokemon),0,1481,champion uniform
credits,0,1481,
testicle grab,0,1480,
cross-laced legwear,0,1479,
scratching head,0,1479,
vibrator in thigh strap,0,1479,vibrator in leg garter
protecting,0,1479,
orange coat,0,1479,
victorian,0,1477,
broken armor,0,1476,
ofuda between fingers,0,1476,
ball and chain restraint,0,1475,
crotchless pantyhose,0,1474,
double \m/,0,1474,
meta,0,1473,
ganguro,0,1473,kuro gyaru
stone,0,1473,
girly boy,0,1471,
track uniform,0,1470,
guard rail,0,1468,
downturned eyes,0,1468,
haramaki,0,1466,
chrysanthemum,0,1466,
heisei retro,0,1466,
wataboushi,0,1465,
survey corps (emblem),0,1465,
pinching own belly,0,1465,"grabbing own belly,grabbing own stomach,grabbing own tummy,pinching own tummy"
comedic sweatdrop,0,1463,
double amputee,0,1463,
yellow bandeau,0,1463,
red carpet,0,1463,
food-themed background,0,1463,
meteor shower,0,1462,
2009,0,1462,
scylla,0,1462,
holding marker,0,1461,
blue scales,0,1461,
shotgun shell,0,1461,
cauldron,0,1460,
brown mittens,0,1460,
armored bodysuit,0,1460,
wagnaria uniform,0,1459,
holding bass guitar,0,1458,
beetle,0,1458,
jungle,0,1458,
movie poster (medium),0,1458,
kamiyama high school uniform (hyouka),0,1457,
pink leg warmers,0,1457,
nanairogaoka middle school uniform,0,1457,
fur-trimmed leotard,0,1457,
latex thighhighs,0,1456,
mummy,0,1456,
transparent censoring,0,1456,
male underwear pull,0,1455,
hyena boy,0,1455,
mmm threesome,0,1455,
double dildo,0,1455,
ass-to-ass,0,1455,
diadem,0,1453,
fruit hat ornament,0,1453,
prank,0,1453,
fiery wings,0,1453,
jolly roger,0,1452,pirate flag
missing tooth,0,1452,missing teeth
angora rabbit,0,1451,
persona (summon),0,1451,
rice on face,0,1450,
holding spring onion,0,1449,holding leek
last defense academy school uniform,0,1449,class armor (hundred line)
grey helmet,0,1448,
japan national police,0,1448,
in bathtub,0,1448,
undone neck ribbon,0,1448,
green fire,0,1447,
combat knife,0,1447,
smelling clothes,0,1447,
holding reins,0,1447,
ashtray,0,1447,
french flag,0,1446,
yellow petals,0,1445,
bikini shorts,0,1445,
skirt flip,0,1445,
butterfly tattoo,0,1445,
hogtie,0,1445,
different shadow,0,1445,
food wrapper,0,1444,
pose imitation,0,1443,borrowed pose
nihongami,0,1443,
konohagakure shinobi uniform,0,1443,
green scales,0,1443,
pig ears,0,1443,
shihakusho,0,1443,
black unitard,0,1442,
crane (animal),0,1442,
nipple chain,0,1441,
grabbing another's twintails,0,1441,
red scales,0,1440,
magical boy,0,1440,
dragonfly,0,1440,
emo fashion,0,1440,
scoop neck,0,1439,
horse boy,0,1439,horse man
pravda school uniform,0,1439,
jetpack,0,1438,
o-ring harness,0,1437,
yellow sailor collar,0,1437,
yellow visor cap,0,1436,
nissan,0,1436,
canopy bed,0,1436,
moth girl,0,1435,
sports bra lift,0,1435,
fruit on head,0,1435,
minotaur,0,1435,
body switch,0,1435,
monkey girl,0,1434,
h&k ump,0,1433,"h&k ump40,h&k ump45,h&k ump9"
roasted sweet potato,0,1432,yakiimo
paper on head,0,1432,
inflatable raft,0,1432,
lead pipe,0,1431,
poppy (flower),0,1431,
yin yang print,0,1431,
chikan,0,1431,
tantou,0,1430,
holding menu,0,1430,
sabaton,0,1430,
leaning on table,0,1429,
holding bell,0,1429,
pelvic curtain lift,0,1429,
clothesline,0,1429,
lotus leaf,0,1429,
track and field,0,1428,
broccoli,0,1428,
checkered dress,0,1428,
polka dot ribbon,0,1428,
apron lift,0,1427,
pointy shoes,0,1426,
surcoat,0,1425,
cum on pectorals,0,1425,
checkered sash,0,1425,checkered obi
emoticon,0,1424,
ahoge wag,0,1423,
they had lots of sex afterwards (meme),0,1423,
green jumpsuit,0,1423,
arm out of sleeve,0,1423,"arm in one sleeve,single unworn sleeve"
bullying,0,1422,
pixel heart,0,1422,
shrugging,0,1421,
radiation symbol,0,1421,nuclear symbol
fuurinkan high school uniform,0,1420,
oversized limbs,0,1420,
dark cloud,0,1420,"black cloud,dark clouds"
white slippers,0,1419,
murder,0,1418,
frilled straps,0,1418,
neo zeon,0,1418,
soft serve,0,1416,
hands on hilt,0,1416,
race bib,0,1416,
orange apron,0,1415,
black hole,0,1415,
holding egg,0,1414,
hair between horns,0,1414,
back ribbon,0,1413,
dogeza,0,1413,
rising sun flag,0,1412,rising sun
basketball jersey,0,1412,
butterfly brooch,0,1411,
holding torch,0,1411,
elephant,0,1411,
dressing another,0,1410,
flower on liquid,0,1410,
priestess,0,1410,
sickle,0,1410,
ears through hood,0,1409,
webbed hands,0,1409,
blood on neck,0,1409,
extra faces,0,1408,
beach mat,0,1408,
holly hair ornament,0,1407,
poke ball theme,0,1407,
chess,0,1407,
face down,0,1406,"face on floor,face on ground"
surfing,0,1406,
frozen,0,1406,
blood on breasts,0,1405,
otter,0,1405,
fist bump,0,1405,
centipede,0,1405,
tamagoyaki,0,1404,
valkyrie,0,1404,
batman symbol,0,1404,
foreplay,0,1403,
penguin hood,0,1403,
holding milk carton,0,1402,
amusement park,0,1402,
jeweled branch of hourai,0,1402,
hypnosis app,0,1402,
joestar birthmark,0,1402,
akatsuki uniform,0,1401,
purple sweater vest,0,1400,
holding watering can,0,1399,
sam browne belt,0,1399,
fender stratocaster,0,1399,
toddlercon,0,1399,
mask over one eye,0,1399,
back-print panties,0,1399,
butterfly earrings,0,1398,
gothic punk,0,1397,
spider print,0,1397,
multiple torii,0,1396,
dynamax,0,1396,
toriyama akira (style),0,1396,
little red riding hood (fairy tale character) (cosplay),0,1396,
holding sketchbook,0,1394,
white rope,0,1394,
dilation tape,0,1394,
silver skin,0,1394,
futanari pov,0,1394,futa pov
design speculation,0,1393,
animal-themed food,0,1393,
cuff links,0,1393,
tape bondage,0,1393,
puchimasu! (style),0,1393,
soap bottle,0,1392,
at computer,0,1392,"using computer,using laptop"
kaleidostick,0,1392,
cross-laced bikini,0,1391,
deviantart logo,0,1390,
sailor senshi,0,1390,
brown ascot,0,1390,
strawberry print panties,0,1389,strawberry panties
broken mask,0,1389,
year of the rat,0,1389,
covered penetration,0,1389,
holding another's wrists,0,1389,
animal with hair,0,1388,
aviator cap,0,1388,
two-tone sleeves,0,1388,
pink butterfly,0,1388,
male on futa,0,1387,
ghost girl,0,1387,
dock,0,1386,
vertical foregrip,0,1386,
cat choker,0,1386,
scratching cheek,0,1386,
leopard ears,0,1385,
penis on pussy,0,1385,
holding dumbbell,0,1384,
quadruple amputee,0,1384,
spines,0,1383,
duckling,0,1382,
arachne,0,1382,
virtual pet (toy),0,1381,
implied masturbation,0,1381,
multiple thigh straps,0,1381,
alpaca ears,0,1381,
unworn shorts,0,1380,shorts removed
lipstick ring,0,1380,
bite mark on shoulder,0,1380,
goat tail,0,1380,
green outline,0,1379,
unconventional steed,0,1379,
medium sideburns,0,1379,
ass tattoo,0,1378,
chest eye,0,1378,third eye on chest
human furniture,0,1378,
chihaya (clothing),0,1378,
suicide,0,1377,
scale armor,0,1376,
aqua pants,0,1375,
golf club,0,1375,
sewing,0,1374,
clownfish,0,1374,
buruma aside,0,1374,
winged bag,0,1373,
stained clothes,0,1373,
glowing flower,0,1372,
otter ears,0,1372,
sitting on shoulder,0,1371,
hands in pocket,0,1371,
mutton chops,0,1370,
holding handcuffs,0,1369,
japan,0,1369,
mount fuji,0,1368,
fingering through panties,0,1367,
qixiong ruqun,0,1367,
removing jacket,0,1367,
lap pillow invitation,0,1367,
biting own finger,0,1367,
mole on armpit,0,1366,
heart hat ornament,0,1366,
dating,0,1365,going on date
holding club,0,1365,
brown feathers,0,1364,
billboard,0,1364,
satin panties,0,1364,
red shrug,0,1363,
self hug,0,1363,
mundane made awesome,0,1363,
stuffed dog,0,1362,
bandaged foot,0,1362,
unworn hair ornament,0,1362,hair ornament removed
net,0,1362,
toyota,0,1362,
united states,0,1361,"america (country),united states of america,usa (country)"
bokken,0,1361,
holding notepad,0,1361,
sauce,0,1360,
pokemon team,0,1360,
listening to music,0,1360,
polka dot scrunchie,0,1359,
shared earphones,0,1358,
military rank insignia,0,1358,
mismatched ear covers,0,1357,
x3,0,1357,
brown cat,0,1356,
fast food uniform,0,1356,
pink sclera,0,1356,
grid,0,1356,
circle formation,0,1355,radial layout
masquerade mask,0,1355,
yellow one-piece swimsuit,0,1354,
mismatched thighhighs,0,1353,
black mouth,0,1353,
leopard print bikini,0,1352,
candlelight,0,1352,
crazy straw,0,1352,
onbashira,0,1352,
lowleg skirt,0,1351,low-rise skirt
horned hat,0,1351,hat horns
karate gi,0,1350,
double strap slip,0,1350,
gathers,0,1350,
lying on water,0,1350,
forced smile,0,1348,
toe cleavage,0,1348,
liquid halo,0,1348,
crotch grab,0,1348,
orange gem,0,1347,orange gemstone
ring necklace,0,1346,
brown robe,0,1346,
adjusting scarf,0,1346,
calligraphy,0,1345,
holding dog,0,1344,
after masturbation,0,1343,
grey sclera,0,1343,
planet hair ornament,0,1343,
wide oval eyes,0,1343,
scouter,0,1342,
laundry basket,0,1342,
train conductor,0,1342,
black hiphighs,0,1341,
bc freedom military uniform,0,1341,
iridescent clothes,0,1340,holographic clothing
thong aside,0,1340,
marriage proposal,0,1340,proposal
red star,0,1340,
red camisole,0,1339,
living room,0,1339,
incense burner,0,1339,censer
gymnastics,0,1338,
genderswap on non-genderswap,0,1338,
falchion (fire emblem),0,1338,
gingerbread man,0,1338,
volleyball net,0,1338,
hand on own hat,0,1337,
jam,0,1337,
dark labia,0,1337,dark pussy
holding clothes hanger,0,1337,
pushing away,0,1336,
leaf umbrella,0,1336,
decora,0,1336,
odaiba girls high school uniform,0,1333,
pink tulip,0,1333,
pitcher (container),0,1333,
snow rabbit,0,1332,snow bunny
collared halterneck,0,1332,
half-erect,0,1332,
sophist's robe (ff14),0,1332,
white haori,0,1332,
parka,0,1331,
mane,0,1331,
pearl thong,0,1331,beaded panties
kagami mochi,0,1330,
holding surfboard,0,1330,
tonfa,0,1329,
flirting,0,1329,
st. gloriana's (emblem),0,1329,
coffee pot,0,1328,
pink sports bra,0,1328,
scar on tail,0,1328,
happy anniversary,0,1327,
saunders military uniform,0,1327,
ambiguous red liquid,0,1327,
panties under shorts,0,1327,
unworn gag,0,1326,gag removed
bacon,0,1326,
hekiho academy school uniform,0,1325,hekiho academy uniform
weapon focus,0,1324,
bite mark on breast,0,1324,
brazilian flag print,0,1324,
large horns,0,1324,
dim lighting,0,1323,
holding blanket,0,1323,
naked scarf,0,1323,
detached hood,0,1323,
creature on shoulder,0,1322,
broken eyewear,0,1322,
chuunibyou,0,1322,
invisible,0,1321,
pectoral press,0,1321,
movie theater,0,1321,
battle damage,0,1320,
latex leotard,0,1320,
soviet,0,1320,ussr
multicolored bowtie,0,1320,
cart,0,1320,
unused tire,0,1319,detached tire
measuring,0,1319,
catchphrase,0,1319,
rural,0,1318,countryside
dungeon,0,1317,
green rose,0,1317,
microwave,0,1317,
candelabra,0,1316,
obidome,0,1316,
bear hood,0,1316,
fn p90,0,1316,ps90
choke hold,0,1315,
bicycle basket,0,1314,
mole above eye,0,1314,
small chastity cage,0,1314,
tentacle girl,0,1313,
handshake,0,1313,
cabbage,0,1313,
water lily flower,0,1313,
pubic tattoo visible through clothes,0,1312,pubic tattoo through clothing
backless swimsuit,0,1312,
pawn (chess),0,1311,pawn
accident,0,1310,
underpec,0,1310,
yellow sandals,0,1310,
stitched neck,0,1309,neck stitches
see-through curtains,0,1309,"sheer curtains,translucent curtains,transparent curtains"
pagoda,0,1309,
fur-trimmed bikini,0,1309,
sharingan,0,1309,
cassock,0,1309,
leggings under shorts,0,1308,
out of character,0,1308,
shirt around waist,0,1307,
undersized animal,0,1307,mini animal
guimpe,0,1307,
compression shirt,0,1307,
bulging eyes,0,1307,eye bulge
holding baton,0,1307,
bent over furniture,0,1306,
paper texture,0,1306,
keep out,0,1306,
sad smile,0,1306,
shirt under sweater,0,1306,
eyes in shadow,0,1306,
varia suit,0,1306,
unworn cape,0,1305,cape removed
bound thighs,0,1305,
green pajamas,0,1304,
floral print skirt,0,1304,
star guardian (league),0,1303,star guardian (league of legends)
trash,0,1303,
chocolate-covered food,0,1303,
pinching another's belly,0,1303,"grabbing another's belly,grabbing another's stomach,grabbing another's tummy,pinching another's tummy"
orange border,0,1303,
rash guard,0,1303,
ball and chain (weapon),0,1303,
snake print,0,1303,
fingers to cheeks,0,1302,
anchor ornament,0,1302,
mg42,0,1301,
rerebrace,0,1301,
gradient tail,0,1301,
ribbon-trimmed bikini,0,1301,
very long beard,0,1301,
hands on own chin,0,1301,
spreading another's anus,0,1300,
electric plug tail,0,1300,
black haori,0,1299,
skirt basket,0,1299,
prison cell,0,1299,jail cell
flower-trimmed sleeves,0,1298,
aunt and niece,0,1296,
studded collar,0,1296,
cowgirl (western),0,1296,
clothes,0,1295,
holy quintet,0,1295,
reptile boy,0,1295,
wyvern,0,1295,
fishing line,0,1294,
unworn jewelry,0,1294,jewelry removed
dangle earrings,0,1294,
yellow capelet,0,1294,
eel,0,1293,
starting future (umamusume),0,1292,common race outfit (umamusume)
swirl,0,1292,
card parody,0,1291,fake trading card
compass,0,1291,
shirt bow,0,1291,bow shirt
yami kawaii,0,1290,menhera kei
alternate hair ornament,0,1290,
heart ear ornament,0,1290,
holding another's foot,0,1289,
firelock,0,1289,
white dog,0,1289,
stained sheets,0,1289,
hooded track jacket,0,1289,
taut leotard,0,1289,
searchlight,0,1288,searchlights
star balloon,0,1288,
stripper,0,1288,
temple,0,1288,
underlighting,0,1287,
kanba girls high school uniform,0,1286,
urinal,0,1285,
side up ring,0,1284,
cum on fingers,0,1284,semen on fingers
war hammer,0,1284,
hands on another's back,0,1284,
glowing hand,0,1284,
tabby cat,0,1283,striped cat
tri braids,0,1283,
trigram,0,1283,
clock eyes,0,1282,
holding flower pot,0,1282,
arcade cabinet,0,1281,
silver dress,0,1281,
volcano,0,1281,
yellow armor,0,1281,
orca girl,0,1279,
character and genderswap,0,1279,
prison,0,1279,
block heels,0,1279,
striped hat,0,1279,
strawberry slice,0,1278,
face in pillow,0,1278,
female service cap,0,1278,
shoulder guard,0,1278,
raccoon boy,0,1278,tanuki boy
heart sticker,0,1277,heart stickers
fake halo,0,1277,
riding animal,0,1276,
fake video,0,1276,
carapace,0,1276,
black headdress,0,1276,
dark room,0,1276,
penis shadow,0,1275,
tripod,0,1275,
gold bracer,0,1275,
black nightgown,0,1274,
wafer stick,0,1274,cookie straw
rust,0,1274,
floral print shirt,0,1274,
purple armband,0,1273,
absolutely everyone,0,1273,
purple pubic hair,0,1273,
white hakama,0,1272,
bridle,0,1272,
kitten,0,1272,
knight (chess),0,1272,
wooden bench,0,1271,
tree horns,0,1271,"branch antlers,branch horns,tree antlers"
cardigan under jacket,0,1271,
holding chainsaw,0,1271,
police car,0,1270,
print pants,0,1270,
fleur-de-lis,0,1270,fleur de lis
skeletal wings,0,1269,
christmas wreath,0,1269,
box art,0,1269,
smartphone case,0,1268,
bath stool,0,1268,
punching viewer,0,1268,incoming punch
aqua vest,0,1268,
ear birthmark,0,1267,
canned coffee,0,1267,
single mechanical eye,0,1266,mechanical eye
purple tank top,0,1266,
thick chest hair,0,1266,
raspberry,0,1266,
cumdump,0,1266,
hat over eyes,0,1266,
tea set,0,1265,
square pupils,0,1265,
armpit sex,0,1265,
drowning,0,1264,
sewing needle,0,1264,
red male underwear,0,1264,
micro bra,0,1264,
keyblade,0,1264,
ribbon-trimmed shirt,0,1263,
penis to breast,0,1263,
familiar,0,1263,
nyan,0,1263,
widow's peak,0,1263,
extra pupils,0,1263,polycoria
low-cut armhole,0,1263,
2b (nier:automata) (cosplay),0,1261,
cock ring,0,1260,
holding breath,0,1260,
oar,0,1259,boat paddle
picnic blanket,0,1259,
gold bra,0,1258,
luna nova school uniform,0,1258,
golden apple,0,1258,
step-siblings,0,1258,
broken sword,0,1258,
scalpel,0,1257,
short sideburns,0,1257,
ear flower,0,1257,
fruit as cup,0,1256,
heart hands failure,0,1256,
crown hair ornament,0,1256,
heterochromatic eyewear,0,1256,
plaid shorts,0,1256,
armbinder,0,1255,monoglove
holding binoculars,0,1255,
tokisadame school uniform,0,1255,
handjob gesture,0,1255,
splattershot (splatoon),0,1255,
hakurei shrine,0,1255,
slim legs,0,1254,
heropin,0,1254,
joy-con,0,1254,
erlenmeyer flask,0,1253,conical flask
spiral,0,1253,
gumroad username,0,1253,
plant hair,0,1253,
bird hair ornament,0,1252,
boutonniere,0,1252,lapel flower
fleur de lapin uniform,0,1252,
aeug,0,1252,
hair wings,0,1251,wing-shaped hair
throwing knife,0,1251,
digital clock,0,1251,
striped one-piece swimsuit,0,1251,
stuffed panda,0,1251,
flat screen tv,0,1251,
crushing,0,1251,
contrast,0,1251,
hugging book,0,1250,book hug
square,0,1250,
kaname-ishi,0,1249,keystone
model kit,0,1249,
cutting,0,1248,
dollar sign,0,1248,
poker table,0,1248,
yumenosaki school uniform,0,1247,
holding candle,0,1246,
flower trim,0,1245,
ai-generated art (topic),0,1245,
spade hair ornament,0,1244,
pectoral focus,0,1244,
taichou haori,0,1244,
swim goggles,0,1243,
flipped bangs,0,1243,
shuangyaji,0,1242,
heart-shaped hair,0,1242,heart hair
shark fin,0,1241,
holding feather,0,1241,
low poly,0,1241,polygonal
mole on pussy,0,1241,
shakujou,0,1241,
locomotive,0,1240,
black coat (kingdom hearts),0,1240,organization xiii uniform
o-ring one-piece swimsuit,0,1240,
holomyth,0,1240,
reindeer girl,0,1240,
holding carrot,0,1240,
cowboy,0,1239,
single-shoulder shirt,0,1239,
nihonga,0,1238,
honeycomb background,0,1238,
kotoyoro,0,1238,
cardigan partially removed,0,1237,
space print,0,1237,
ribbon-trimmed capelet,0,1237,
curious,0,1237,
tambourine,0,1237,
hololive idol uniform (origin),0,1237,"hololive idol uniform,hololive origin outfit"
pregnancy test,0,1237,
four-pointed star,0,1236,
awning,0,1236,
market stall,0,1236,
thigh focus,0,1236,
muffin top,0,1236,
european architecture,0,1235,
red panda girl,0,1235,
arm on table,0,1235,
disguise,0,1235,
black overskirt,0,1233,
pov across bed,0,1233,
tsuwabuki high school uniform,0,1232,
village,0,1232,
suspenders slip,0,1232,
commissioner insert,0,1232,
film strip,0,1232,
remembering,0,1232,memory
teardrop-framed glasses,0,1230,glasses with tear
dry humping,0,1230,clothed humping
bathhouse,0,1230,"public bath,sento"
throat microphone,0,1230,
hishaku,0,1229,
pendant collar,0,1229,
1970s (style),0,1229,
pumpkin hat,0,1229,
steaming cup,0,1229,
grey ascot,0,1229,
black bustier,0,1228,
holding comb,0,1227,
brown serafuku,0,1227,
summer pockets school uniform,0,1227,
bird on arm,0,1226,
stiletto (weapon),0,1226,
thumbs down,0,1225,
classic lolita,0,1225,
vehicle interior,0,1225,
cash register,0,1225,
paw print pattern,0,1224,
vacuum cleaner,0,1224,
coconut tree,0,1224,
hypocrisy,0,1224,hypocrite
stitched leg,0,1224,
covered clitoris,0,1223,
waving arms,0,1223,
cleft chin,0,1223,
breast milk in container,0,1223,
armpit hair peek,0,1223,
runny nose,0,1223,nose drip
anglerfish,0,1223,
penis under another's clothes,0,1223,
front-seamed legwear,0,1222,
foot worship,0,1222,
graduation,0,1222,
playground,0,1221,
plaid lapels,0,1221,
female butler,0,1221,
afterglow,0,1220,
strong,0,1220,
holding pointer,0,1220,
russo-ukrainian war,0,1220,
gao,0,1220,
fake claws,0,1219,
fat rolls,0,1219,
pointy boots,0,1219,
piledriver (sex),0,1218,
toggles,0,1218,
blue male swimwear,0,1218,
hand over another's mouth,0,1218,
cryokinesis,0,1218,"cryomancy,ice manipulation"
tit (bird),0,1218,
brown pubic hair,0,1217,
nudist,0,1217,"naturism,nudism"
green sky,0,1217,
triquetra,0,1217,
orange bandana,0,1217,
unworn scarf,0,1217,scarf removed
static,0,1216,noise (crt)
frog girl,0,1216,
themed object,0,1216,
chaldea bedroom,0,1216,my room (chaldea) (fate)
see-through thighhighs,0,1216,transparent thighhighs
figure four sitting,0,1215,
stomping,0,1215,
holding above head,0,1215,
squeezing,0,1214,
gun on back,0,1214,rifle on back
holding pocket watch,0,1214,
heart on chest,0,1214,
female rimming male,0,1214,
bonsai,0,1214,
swastika,0,1213,
floating rock,0,1212,
monk,0,1212,
small dragon,0,1212,mini dragon
starlight academy school uniform,0,1211,starlight academy uniform
purple apron,0,1211,
warrior,0,1211,
holding crossbow,0,1210,
knee blush,0,1210,
yellow sports bra,0,1210,
flamethrower,0,1210,
test plugsuit (evangelion),0,1210,
toe seam,0,1210,
pinstripe skirt,0,1209,
selfie stick,0,1209,
safety glasses,0,1209,shooting glasses
naked cloak,0,1209,
caliburn (fate),0,1209,
closet,0,1208,
pov breasts,0,1208,
depressed,0,1208,
green overalls,0,1208,
facebook logo,0,1208,
bikini top under shirt,0,1208,
entangled,0,1207,tangled up
organs,0,1207,
arrancar,0,1206,
feixianji (hairstyle),0,1206,chigomage
animal on hand,0,1205,
bust cup,0,1205,
kariyushi shirt,0,1205,
racing suit,0,1204,
high-visibility clothing,0,1204,
torn socks,0,1204,
pussy juice on fingers,0,1204,
cast,0,1204,
spiked belt,0,1204,
owl girl,0,1203,
blood halo,0,1203,
pantyhose only,0,1202,only pantyhose
a-pose,0,1202,
band uniform,0,1202,
sky lantern,0,1202,
cardiogram,0,1201,
pet food,0,1201,
falling flower,0,1200,
music,0,1200,
ovum with heart,0,1200,
biting neck,0,1199,neck biting
ashigaya high school uniform,0,1199,
z saber,0,1199,
floating sword,0,1198,flying sword
congratulations,0,1197,
fiery tail,0,1197,
holographic monitor,0,1197,
red pubic hair,0,1197,
holding jar,0,1197,
fingersmile,0,1197,
brown suit,0,1197,
grimoire of alice,0,1197,
holding hair brush,0,1196,
needle (hollow knight),0,1196,
light persona,0,1196,
plaid sleeves,0,1196,
chili pepper,0,1196,
on stairs,0,1195,
arms on knees,0,1195,
episode number,0,1195,
print apron,0,1195,
table humping,0,1195,table sex
lion mane,0,1194,
walking on liquid,0,1194,
object on breast,0,1194,
midriff sarashi,0,1194,
youtou high school uniform,0,1193,
fallen angel,0,1193,
reverse spitroast,0,1193,
peacock feathers,0,1192,
polka dot bowtie,0,1192,
horned hood,0,1192,
whip marks,0,1192,
balance scale,0,1192,
shared object insertion,0,1192,shared dildo
asian indian clothes,0,1191,
purple sclera,0,1191,
memosprite,0,1191,
one-piece thong,0,1191,
flying teardrops,0,1190,
cockroach,0,1190,
adapted uniform,0,1190,
martial arts,0,1190,
fur-tipped tail,0,1190,
cum on eyewear,0,1190,cum on glasses
unworn thighhighs,0,1189,thighhighs removed
magnet,0,1189,
fried rice,0,1189,
dream soul,0,1189,
cloud hair ornament,0,1188,
wax seal,0,1188,sealing wax
fox hair ornament,0,1188,
leaf earrings,0,1187,
leopard tail,0,1187,
sky focus,0,1186,
clothes pin,0,1186,
audio jack,0,1186,
implied extra ears,0,1186,
fur bikini,0,1186,
zipper dress,0,1185,
robot boy,0,1185,
rice paddy,0,1185,
stuffed winged unicorn,0,1185,
on rooftop,0,1184,
frilled bonnet,0,1184,
boulder,0,1184,
on boat,0,1184,
grey robe,0,1184,
blue hanfu,0,1183,
oven,0,1183,
paint can,0,1183,
tsumami kanzashi,0,1183,
lime slice,0,1182,
sitting sideways,0,1182,
pink buruma,0,1181,
triangle-shaped pupils,0,1181,
hat bell,0,1181,
squidbeak splatoon,0,1181,
breast strap,0,1181,
floating skull,0,1180,
worm,0,1180,worms
pyramid (structure),0,1179,
metal wrist cuffs,0,1179,
magician,0,1178,
playable command (touhou),0,1178,
arms around another's back,0,1178,"arms around back,arms behind another's back"
furisode sleeves,0,1178,
cat on lap,0,1177,
brass knuckles,0,1177,
lolidom,0,1177,
wheelbarrow,0,1177,
diamond facial mark,0,1177,
ehoumaki,0,1176,ehomaki
panda hood,0,1176,
holding paint palette,0,1175,holding palette
book on lap,0,1175,
joystick,0,1175,
bee girl,0,1175,
immobilization,0,1175,
camera around neck,0,1174,"camera hanging from neck,camera on neck"
blood on wall,0,1174,
snow globe,0,1173,
crosshair pupils,0,1173,
piano keys,0,1173,
skating,0,1173,
red tube top,0,1173,
angels of delusion,0,1172,
panda hair ornament,0,1172,
game development department (blue archive),0,1172,
front-hook bra,0,1172,
kamisato clan (emblem),0,1172,
crack of light,0,1172,
funnels (gundam),0,1171,
towel around waist,0,1171,
vehicle name,0,1171,
collar tug,0,1170,collar pull
multiple hats,0,1170,
pin,0,1170,
holding crowbar,0,1170,
chaldea staff uniform,0,1168,
buried,0,1168,partially buried
presenting removed panties,0,1168,presenting panties
animal sexualization,0,1167,
refraction,0,1167,
anzio military uniform,0,1166,
adjusting panties,0,1166,
baking,0,1166,
dodging,0,1166,
hook,0,1165,
gradient skirt,0,1165,
looking at flowers,0,1164,
mojyo,0,1163,mojo
skin seams,0,1163,cyborg skin
ashford academy school uniform,0,1163,ashford academy uniform
hooded shirt,0,1163,hooded blouse
plaid bra,0,1163,
nintendo 3ds,0,1162,
green hood,0,1162,
obese,0,1162,
mutual masturbation,0,1162,masturbating each other
ribbon earrings,0,1160,
prince,0,1160,
grand scale,0,1160,
multicolored ribbon,0,1160,
stuffed sheep,0,1158,
screen light,0,1158,
ankle wrap,0,1158,
arms across body,0,1158,
wreckage,0,1158,
tooth,0,1157,
cue stick,0,1157,
on scooter,0,1157,
sun print,0,1157,
cuisses,0,1157,
paint on body,0,1157,
wiping mouth,0,1157,
diorama,0,1156,
purple headband,0,1156,
bead choker,0,1156,
mask lift,0,1156,
grabbing another's ear,0,1156,"ear grab,ear pull"
travel attendant,0,1155,
frilled shawl,0,1155,
digital dissolve,0,1155,
ring of light (blue archive),0,1155,sky halo (blue archive)
fakemon,0,1155,
grey outline,0,1155,
brown-tinted eyewear,0,1155,
yellow mask,0,1155,
fish tank,0,1154,
pinstripe vest,0,1154,
sheep tail,0,1154,
pen in pocket,0,1153,
exploding clothes,0,1153,
shampoo bottle,0,1153,
spoken zzz,0,1153,
hanami,0,1153,
holding mallet,0,1153,
naked tabard,0,1152,
v-taper,0,1152,
orange bra,0,1152,
heart-shaped boob challenge,0,1152,heart-shaped breast challenge
covered anus,0,1152,
clothes on floor,0,1151,
high five,0,1151,
fluorescent lamp,0,1151,
halter leotard,0,1150,
mtu virus,0,1150,
yellow bandana,0,1150,
triangular eyewear,0,1150,
bell earrings,0,1150,
azumanga daioh's school uniform,0,1150,
unconventional sound effect,0,1150,
censored with cum,0,1149,
orange sash,0,1148,
weights,0,1148,
holding pastry bag,0,1148,
black vs white,0,1148,
company logo,0,1147,
layered gloves,0,1147,
heart halo,0,1147,
tying,0,1147,
holding paddle,0,1146,
mud,0,1146,
holding cookie,0,1146,
high-visibility vest,0,1146,safety vest
flippers,0,1146,
wavy sidelocks,0,1146,
sixteenth note,0,1146,
translucent bunnysuit,0,1146,
power connection,0,1145,element connection
tart (food),0,1145,
puritan collar,0,1145,
collared leotard,0,1143,
sky print,0,1143,
pussy focus,0,1143,
diploma tube,0,1142,
anal only,0,1141,
foot dangle,0,1141,dangling feet
flower over mouth,0,1141,
tomato slice,0,1141,
cloud tattoo,0,1140,
braiding another's hair,0,1140,
head between thighs,0,1139,
licking testicle,0,1139,
fishnet bodystocking,0,1138,fishnet bodysuit
blue mask,0,1138,
wind turbine,0,1137,
gradient kimono,0,1137,
fireball,0,1136,
crossed wrists,0,1135,
cello,0,1135,
stage curtains,0,1135,
exoskeleton,0,1135,
varied reactions,0,1134,varying degrees of want
boxing,0,1134,
mini chef hat,0,1134,
quad braids,0,1134,
wing ears,0,1134,
pickup truck,0,1134,
camera flash,0,1134,
aqua scarf,0,1134,
railroad crossing,0,1134,
hand on another's knee,0,1133,
desert eagle,0,1133,
asymmetrical pants,0,1133,
cute weapon,0,1133,
spiked armor,0,1132,
holding hair dryer,0,1132,
super saiyan blue,0,1132,
strapless bottom,0,1132,
bluesky logo,0,1131,
pumpkin hair ornament,0,1131,
sun earrings,0,1130,
hand on own penis,0,1130,
sanbaka (nijisanji),0,1130,
bikini top aside,0,1130,
two-tone mask,0,1129,
vertical-striped panties,0,1129,
alternate body size,0,1129,
lazy eye,0,1129,
two-tone vest,0,1128,
cutout eyelashes,0,1128,
japari bun,0,1128,
food packaging,0,1128,
hieroglyphics,0,1128,
sayagata,0,1128,
cupboard,0,1127,
black sarong,0,1127,
iv stand,0,1127,
m16,0,1127,
gradient-tinted eyewear,0,1127,
jug (bottle),0,1126,
convertible,0,1126,
ass press,0,1126,
long toenails,0,1125,long nails (toes)
penis measuring,0,1125,
implied cunnilingus,0,1125,
chest tuft,0,1125,
single mechanical hand,0,1125,
gold anklet,0,1125,
transverse flute,0,1124,side-blown flute
shoulder plates,0,1124,
very long ears,0,1124,
prostration,0,1124,
cupless bikini,0,1124,
in water,0,1124,
narutomaki,0,1124,
cute & girly (idolmaster),0,1124,
tall grass,0,1123,long grass
grey eyeshadow,0,1123,
patterned,0,1123,
troll face,0,1123,
blue male underwear,0,1123,
egg laying,0,1122,
animal charm,0,1122,animal keychain
brown shawl,0,1122,
white slingshot swimsuit,0,1122,
checkered ribbon,0,1121,
hotpot,0,1121,
large syringe,0,1120,
grabbing another's face,0,1120,face grab
food name,0,1120,
orca,0,1119,
undersuit,0,1119,
pouty lips,0,1119,
baseball jersey,0,1118,
panzer iv,0,1118,"panzerkampfwagen iv,pzkpfw iv"
fern,0,1118,
minigun,0,1118,
orange sclera,0,1117,
mascot costume,0,1117,
tuxedo cat,0,1115,
cross tattoo,0,1115,
transparent border,0,1114,
brush,0,1114,
covering with blanket,0,1114,tucking in
worldwide miku,0,1113,"cultural miku,every country's miku,global miku,international miku,regional miku"
tooth earrings,0,1113,
menacing (jojo),0,1113,
kanmuri (headwear),0,1113,
scanlines,0,1112,
iron bars,0,1112,
see-through bikini,0,1112,transparent bikini
fist pump,0,1112,
price tag,0,1112,
assisted rape,0,1112,
tickling armpits,0,1112,armpit tickling
bralines,0,1112,
sukusuku hakutaku,0,1112,
arms on table,0,1112,
vertical-striped vest,0,1112,
luminosite eternelle,0,1111,
gigantamax,0,1111,
energy blade,0,1111,
blue bandeau,0,1111,
riyo (lyomsnpmp) (style),0,1110,
wireless earphones,0,1110,
fading,0,1110,
implied pregnancy,0,1109,
wok,0,1109,
green tongue,0,1109,
error message,0,1108,
iridescent,0,1108,
catsuit,0,1108,
armored skirt,0,1108,
feet only,0,1108,
imperial japanese army,0,1108,
yellow pajamas,0,1108,
neon palette,0,1107,
blue mittens,0,1106,
cleaning rag,0,1105,"dustcloth,rag"
see-through one-piece swimsuit,0,1104,transparent one-piece swimsuit
orange trim,0,1104,
exhaling smoke,0,1103,blowing cigarette smoke
snake tattoo,0,1103,
blob,0,1103,
gun to own head,0,1103,
male with breasts,0,1103,
side capelet,0,1103,"half capelet,single-shoulder capelet"
weapon tassel,0,1102,pommel tassel
hyena tail,0,1102,
curly sidelocks,0,1102,
mimic,0,1102,
sketch background,0,1102,unfinished background
aqua pupils,0,1101,
party,0,1101,
italian text,0,1101,
hay,0,1101,
spread armpit,0,1100,
horseshoe hat ornament,0,1099,
footwear focus,0,1099,
grey one-piece swimsuit,0,1099,
tengu mask,0,1099,
masu,0,1099,
yaopei,0,1098,
cross-laced cutout,0,1098,
psychic,0,1098,
manta ray,0,1097,
plumeria,0,1097,
ligne claire,0,1096,
balaclava,0,1096,
ray gun,0,1096,
species connection,0,1096,
hand blush,0,1096,
team 9 (touhou),0,1095,
flailing,0,1094,
licking breast,0,1094,
chocolate making,0,1094,
hand milking,0,1094,
arm across chest,0,1094,
holding another's tail,0,1093,
black bodystocking,0,1092,
tape on nipples,0,1092,
source quote,0,1092,
kappa,0,1092,
nightstand,0,1092,"bedside table,night table"
condenser unit,0,1092,"air conditioner condenser,aircon condenser,outdoor unit"
xiangyun,0,1092,whorled clouds
tarot card,0,1092,tarot (card)
dragon tattoo,0,1092,
heart ornament,0,1091,
applying another's makeup,0,1091,applying makeup on another
sailor swimsuit (idolmaster),0,1090,
animation meme,0,1090,
pink crown,0,1090,
orange juice,0,1089,
battleship,0,1089,
wood,0,1089,
:c,0,1089,
sexual coaching,0,1089,
no hair ornament,0,1088,
penis tentacle,0,1088,
double halo,0,1088,
bus interior,0,1088,
bolt (hardware),0,1087,
sound effects only,0,1087,
shared blanket,0,1086,
unworn eyepatch,0,1086,eyepatch removed
school gym,0,1086,"school gymnasium,sports hall"
watching,0,1086,
school of fish,0,1085,
swinging weapon,0,1085,
credits page,0,1085,
holding whistle,0,1085,
elvaan,0,1085,
applying lipstick,0,1085,
bandana around arm,0,1084,
fusuma,0,1084,
concrete,0,1084,
color trace,0,1084,
see-through shawl,0,1083,transparent shawl
flower to mouth,0,1083,
hugging another's leg,0,1082,
fur cuffs,0,1081,
covering own ears,0,1081,covering ears
maracas,0,1081,
cum through clothes,0,1081,
hyena girl,0,1080,
v over head,0,1080,
shaking head,0,1080,
purple sarong,0,1080,
bipod,0,1080,
cutie mark,0,1079,
two-tone panties,0,1079,
wall lamp,0,1079,
food on hand,0,1079,
unworn pants,0,1079,pants removed
zenra,0,1078,
holding shower head,0,1078,
eye symbol,0,1078,
playing with another's hair,0,1078,
cross-body stretch,0,1078,
phoenix,0,1078,
holding flashlight,0,1078,
barbell,0,1077,
striped leg warmers,0,1077,
voile,0,1077,
z-ring,0,1077,
vehicle and personification,0,1077,
shippou (pattern),0,1076,
penis in panties,0,1076,
excessive pussy juice,0,1076,
virgin killer outfit,0,1076,
aqua sailor collar,0,1076,
raimon soccer uniform,0,1076,
severed hair,0,1075,
rattle,0,1075,
dissolving clothes,0,1075,
smegma,0,1074,
unkempt,0,1074,
blue nipples,0,1074,
spacecraft interior,0,1073,inside spacecraft
flapping,0,1073,
bandages over clothes,0,1073,
plug (piercing),0,1073,gauge (piercing)
green serafuku,0,1073,
alternate wings,0,1072,
eclipse,0,1072,
face in ass,0,1071,head between ass
pink fire,0,1070,
hair between breasts,0,1070,
dilated pupils,0,1069,
bruised eye,0,1069,black eye (injury)
spiked headband,0,1069,
leg cutout,0,1069,
other with female,0,1069,
cherry tomato,0,1068,
swimsuit skirt,0,1068,
amestris military uniform,0,1068,
print scarf,0,1068,
uncle and niece,0,1068,
wrong foot,0,1068,wrong feet
grilling,0,1068,"barbecue (activity),bbq (activity)"
fiery background,0,1068,"fire background,flame background"
bouncing,0,1067,bounce
purple arm warmers,0,1067,
thick arm hair,0,1067,
announcement celebration,0,1067,
mundane utility,0,1067,
aquiline nose,0,1066,
pov peephole,0,1066,
pantyhose under swimsuit,0,1066,
tank turret,0,1066,
alcohol carton,0,1066,"beer carton,sake carton,wine carton"
heart print panties,0,1065,heart panties
visual novel,0,1065,dating sim
cross-laced corset,0,1065,
sounding,0,1065,
brown bodysuit,0,1064,brown bikesuit
w over eye,0,1064,
folded clothes,0,1064,
tacet discord (wuthering waves),0,1063,
pink pubic hair,0,1063,
mizu happi,0,1063,
torn hat,0,1063,
print sarong,0,1063,
jaguar girl,0,1062,
on water,0,1062,
holding own foot,0,1062,
naked dress,0,1062,
single bare arm,0,1062,
5others,0,1062,
rearing,0,1062,on hind legs
inconvenient breasts,0,1061,
drawing on another's face,0,1061,
darkened skin,0,1061,alternate skin color (darker)
lace-trimmed collar,0,1061,
glass door,0,1060,
reloading,0,1060,
smelling penis,0,1060,
jump rope,0,1060,
binary,0,1059,
lace thighhighs,0,1059,
metal baseball bat,0,1059,
pink babydoll,0,1059,
lane line,0,1059,swimming lane
green camisole,0,1059,
thigh bow,0,1059,
duct tape,0,1059,
asahi breweries,0,1059,
wet skirt,0,1059,
rainbow background,0,1058,
dirt road,0,1058,
holding cigar,0,1058,
underworld (ornament),0,1058,
sway back,0,1057,
colored lineart,0,1057,
casing ejection,0,1057,
pairing name,0,1057,ship name
gradient nails,0,1056,
cherry print,0,1056,
ruining the glorious moment,0,1056,
musket,0,1056,
heavy,0,1056,
banana peel,0,1055,
cooperative handjob,0,1055,multiple handjob
mechanic,0,1055,
x fingers,0,1055,
seisho music academy school uniform,0,1055,seishou music academy uniform
walker (robot),0,1054,
purple camisole,0,1054,
cave interior,0,1054,
hawk,0,1054,
sainan high school uniform,0,1054,
camouflage shirt,0,1054,
curved horns,0,1054,
shinigami,0,1053,
wiping,0,1053,
weapon bag,0,1053,
arguing,0,1053,
plackart,0,1053,
cyrillic,0,1052,
water yoyo,0,1052,
clothes theft,0,1052,stealing clothes
bell-bottoms,0,1052,
holding orb,0,1052,
slouching,0,1051,
kousaka kirino's school uniform,0,1051,
blue oni,0,1051,
fatter than canon,0,1051,alternate body size (fatter)
stuffed bird,0,1050,
pants under dress,0,1050,
red sweater vest,0,1050,
band (music),0,1050,
puzzle piece,0,1050,
symmetrical pose,0,1050,
mosin-nagant,0,1049,
hand on another's wrist,0,1049,
relaxing,0,1049,relaxed
blue blood,0,1049,
uneven footwear,0,1049,
poking another's breast,0,1049,
inward v,0,1049,
shout lines,0,1048,anger lines
finger sucking,0,1048,
translucent,0,1048,
country connection,0,1048,
arcade,0,1048,
animal around neck,0,1047,
diving,0,1047,
dinosaur tail,0,1047,
cuntboy,0,1046,
short braid,0,1046,
yellow umbrella,0,1046,
low drills,0,1045,
purple outline,0,1045,
torn bike shorts,0,1045,ripped bike shorts
huge horns,0,1045,
mortarboard,0,1044,
unworn goggles,0,1044,goggles removed
snow leopard boy,0,1044,
groceries,0,1044,
transmission tower,0,1044,
twintails with braided base,0,1043,
muffin,0,1043,
kanshou & bakuya (fate),0,1043,
conch,0,1043,
wet face,0,1043,
hanafuda earrings,0,1043,
kissing viewer,0,1042,incoming kiss
skeletal hand,0,1042,
nemophila (flower),0,1042,
gold buckle,0,1042,
season connection,0,1041,
coin purse,0,1041,
asymmetrical arms,0,1041,
mistletoe,0,1041,
billiard ball,0,1040,snooker ball
silver necklace,0,1040,
hip armor,0,1040,
hair over face,0,1039,
single drill,0,1039,
beretta 1301,0,1039,
pussy cutout,0,1039,
hisuian poke ball,0,1038,poke ball (legends)
finger tattoo,0,1038,
nipple-to-nipple,0,1038,
amazon warrior,0,1037,
yamabuki high school uniform,0,1037,yamabuki school uniform
taut swimsuit,0,1037,
smeared lipstick,0,1037,
panty lift,0,1036,
breaker gorgon,0,1036,
off-shoulder coat,0,1036,
bandaged torso,0,1035,
heart arms,0,1035,
rosary,0,1035,
purple hood,0,1035,
fortified suit,0,1035,
hidden eyes,0,1035,
single half glove,0,1034,
rei no pool,0,1034,"hanazono room,the usual pool"
wing piercing,0,1034,
2008,0,1033,
problem solver 68 (blue archive),0,1033,
paw hair ornament,0,1033,
red panda tail,0,1032,
double exposure,0,1032,image fill
recurring image,0,1032,
whispering in ear,0,1031,
pillory,0,1031,
liquor,0,1031,
gesugao,0,1031,
holding pickaxe,0,1031,
pink sarong,0,1030,
hair over one breast,0,1030,
white tulip,0,1030,
head on arm,0,1030,
train station platform,0,1029,
chimera (honkai: star rail),0,1029,
billiard table,0,1029,"billiards table,pool table,snooker table"
ballistic shield,0,1029,
holding own wrist,0,1029,
o-ring collar,0,1029,
paizuri invitation,0,1028,
holding handkerchief,0,1028,
whip sword,0,1028,
evoker,0,1028,
mansion,0,1028,
pink feathers,0,1028,
laser sight,0,1027,
canteen,0,1027,
tankard,0,1027,
leaf background,0,1027,
comet,0,1027,
cbt,0,1026,
sword tassel,0,1025,"portepee,saber knot,sabre knot,sword knot,temlyak"
bird hat ornament,0,1025,
see-through mask,0,1024,transparent mask
food insertion,0,1024,
right-over-left kimono,0,1024,
food-themed creature,0,1024,food animal
cum on back,0,1023,
victorian maid,0,1023,
oran berry,0,1023,
feet on table,0,1023,feet on desk
fading border,0,1023,
box tie,0,1022,boxtie
can't choose your own family,0,1022,
revealing layer,0,1022,
imminent hug,0,1021,
viewer on leash,0,1021,
flattop,0,1021,flat top
fender jazz bass,0,1021,
green hanfu,0,1020,
mystical high collar,0,1020,
trapped,0,1020,
sleeve rolled up,0,1020,
broken heart hair ornament,0,1020,
purple corset,0,1020,
moth wings,0,1019,
spoken x,0,1019,
mismatched wings,0,1019,
grey pubic hair,0,1019,
hope's peak academy school uniform,0,1019,
mega ring,0,1018,
spiral-only eyes,0,1017,
sukeban,0,1017,
circular saw,0,1016,buzzsaw
hair belt,0,1016,
radar hair ornament,0,1016,
dark areolae,0,1015,
beach volleyball,0,1015,
holding pendulum,0,1015,
yellow tulip,0,1015,
grabbing own thigh,0,1015,
missing eye,0,1015,
blue eyeliner,0,1014,
mauser 98,0,1014,"gewehr 98,kar98,kar 98,karabiner 98,type 24 (chiang kai-shek rifle),wz.29"
holding another's ankle,0,1013,grabbing another's ankle
flintlock,0,1013,
orange wings,0,1013,
washing hair,0,1012,
puffy chest,0,1012,
shoulder patch,0,1012,arm patch
tea party (blue archive),0,1011,
skeletal arm,0,1011,
melon soda,0,1011,
major injury underreaction,0,1011,doesn't that hurt?
beaker,0,1011,
testicle peek,0,1011,
single elbow pad,0,1011,
apple hair ornament,0,1010,
stop sign,0,1010,
winking (animated),0,1010,
print hat,0,1009,
trinity general school swimsuit,0,1009,
to be continued,0,1009,
sweater pull,0,1008,
green suit,0,1008,
mugshot,0,1008,"criminal photo,mug shot,prison photo"
rhine lab logo,0,1008,
mature eyes,0,1008,
yellow headscarf,0,1008,
print swimsuit,0,1008,
tile roof,0,1007,
control rod (touhou),0,1007,control rod
genderswap on genderswap,0,1007,
drawn wings,0,1007,
spray bottle,0,1006,
hairstyle switch,0,1006,
skull hat ornament,0,1006,
brown overalls,0,1005,
cow costume,0,1005,
on box,0,1005,
ethereal (zenless zone zero),0,1004,
en pointe,0,1004,
penis on stomach,0,1004,
lance of longinus (evangelion),0,1004,
pravda military uniform,0,1004,
captive bead ring,0,1003,
detached pants,0,1003,
crossed belts,0,1003,
telstar,0,1003,
la grondement du haine,0,1003,
heavy chromatic aberration,0,1002,chromatic aberration abuse
red veil,0,1002,
zebra print,0,1002,
chocolate chip cookie,0,1002,
kriss vector,0,1002,
standard bearer,0,1002,
spade tattoo,0,1001,
toothbrush in mouth,0,1001,
holding duster,0,1001,
gradient jacket,0,1001,
inflatable whale,0,1001,
flower focus,0,1001,
changing room,0,1000,
ambrosia (dungeon meshi),0,1000,
print socks,0,1000,
metal hair tubes,0,1000,
taut bodysuit,0,1000,
cervical penetration,0,1000,
colored blindfold,0,1000,"aqua blindfold,blue blindfold,brown blindfold,green blindfold,orange blindfold,pink blindfold,purple blindfold,red blindfold,yellow blindfold"
map (object),0,1000,
watercolor effect,0,999,
chicken leg,0,999,chicken drumstick
padded jacket,0,999,
hands on another's stomach,0,998,
2007,0,998,
split-color clothes,0,998,
spiked boots,0,998,
dusk ball,0,998,
2005,0,997,
hanging scroll,0,997,
screw in head,0,997,
pleated sleeves,0,996,
rabbit on head,0,996,bunny on head
lightning ahoge,0,995,
holding polearm behind back,0,995,polearm behind back
hands on floor,0,995,
typing,0,995,
kiwi slice,0,994,
stahlhelm,0,994,
furious,0,993,
namekian,0,993,
mismatched eyelashes,0,993,
glass table,0,993,
flower basket,0,993,
cum bubble,0,992,
crown of thorns,0,992,
oyakodon (sex),0,992,
arm on own head,0,992,
black shawl,0,992,
blue tube top,0,992,
chi-hatan military uniform,0,992,
mousetrap,0,992,
implied incest,0,991,
misaki high school uniform,0,991,
shiny eyes,0,990,
see-through pantyhose,0,990,sheer pantyhose
toothpick,0,989,
racing,0,989,
black crown,0,989,
fairy kei,0,989,
chocolate syrup,0,988,
non-circular lens flare,0,988,
regional and normal,0,988,
original race uniform (umamusume),0,988,
razor blade hair ornament,0,988,
motosu school uniform,0,988,
character hood,0,988,
over the knee,0,987,
kickboard,0,987,
chocolate on face,0,987,
halfling,0,987,hobbit
afterword,0,987,
distorted halo,0,986,"blurry halo,noised halo"
dying,0,986,
eotech,0,986,
flaming hand,0,986,
naizuri,0,985,
shuriken hair ornament,0,985,
black claws,0,985,
initial,0,985,
print pajamas,0,985,
primarch,0,985,
popsicle stick,0,985,
trowel,0,985,
print bodysuit,0,984,
red car,0,984,
fishbowl,0,984,
brand of the exalt,0,984,
mygo!!!!! (bang dream!),0,984,
short male,0,984,
in heat,0,984,
orca hood,0,983,
crisis management form (machikado mazoku),0,983,crisis management form (machimazo)
blue assault visor,0,983,
reverse squatting cowgirl position,0,982,
;(,0,982,
calvin klein,0,982,
biwa lute,0,982,
variable fighter,0,982,
ak-47,0,982,
see-through gloves,0,982,"sheer gloves,transparent gloves"
mimic chest,0,981,
shamoji,0,981,
peony print,0,981,
bellflower,0,980,
dynamite,0,980,
lace background,0,979,
options,0,978,choice
silver earrings,0,978,
pear,0,978,
hook hand,0,977,
poison,0,977,
unicorn horn,0,977,
hololive idol uniform (bright),0,977,hololive bright outfit
v-bangs,0,977,
laguz (fire emblem),0,976,
kadomatsu,0,976,
ai ai gasa,0,976,
time stop,0,976,
hiding behind another,0,976,
ainu,0,976,
holding petal,0,975,
flying button,0,975,
champagne bottle,0,975,
hands on another's neck,0,975,
henshin pose,0,975,
water type theme (pokemon),0,975,
bag over head,0,974,
cum on floor,0,974,
backless shirt,0,973,
joker (playing card),0,973,joker (card)
shorts tan,0,973,
crucifixion,0,972,"crucified,nailed to a cross"
holding star,0,972,
miracle mallet,0,972,
felyne,0,972,
striped neckerchief,0,972,
jester costume,0,972,
nail polish bottle,0,972,
butterfly hat ornament,0,971,
pill hair ornament,0,971,
grey pupils,0,971,
spread navel,0,971,
nanodesu (phrase),0,971,
tied ears,0,971,
breast zipper,0,970,
multicolored armor,0,970,
japan self-defense force,0,970,
tactile paving,0,970,
unhappy,0,969,
cosmos (flower),0,969,
looking at self,0,969,
liquid clothes,0,968,
yakisoba,0,968,
wakamezake,0,968,
action,0,968,
pointing down,0,967,
glasgow smile,0,967,chelsea smile
seraph,0,966,
clinging,0,966,
glowing markings,0,966,
tiefling,0,966,
paralyzer,0,966,
quad drills,0,965,
padlocked collar,0,965,
condom left inside,0,965,
bull,0,965,
licking own finger,0,965,
onee gyaru,0,965,
outstretched legs,0,965,
twintails day,0,964,
stone walkway,0,964,stone path
seed,0,964,
purple wrist cuffs,0,964,
blood in mouth,0,964,
star print bikini,0,964,
arrow in body,0,964,
aqua coat,0,964,
stocks,0,963,
adjusting another's clothes,0,963,
alternate pectoral size,0,963,
heart lock (kantai collection),0,963,
igote,0,963,
mini witch hat,0,962,
hedge,0,962,
unworn necklace,0,962,necklace removed
penis focus,0,962,
thick navel hair,0,962,
aqua horns,0,962,
removing eyewear,0,961,removing sunglasses
x arms,0,961,
email address,0,961,
bisexual male,0,961,
panties around one ankle,0,960,
crutch,0,960,
tall hair,0,960,
character mask,0,960,
gambeson,0,960,arming doublet
tilted halo,0,959,
archon mark,0,959,
expression chart,0,958,
bear print panties,0,958,bear panties
bandaid on shoulder,0,958,
extra legs,0,958,
fly,0,958,
deep wound,0,958,
flight suit,0,958,
shaped pubic hair,0,957,
studded gloves,0,957,
rubik's cube,0,956,rubix cube
blocking,0,956,
partially open shirt,0,956,
piano print,0,955,
spurs,0,955,
yumi (bow),0,955,
udon,0,955,
hugging own tail,0,955,
wooden box,0,955,
print innertube,0,954,
frilled babydoll,0,954,
workout clothes,0,954,
sharing food,0,954,
senbei,0,954,
studying,0,953,
neck warmer,0,953,"neck gaiter,snood scarf,tube scarf"
high-low skirt,0,953,short front long back skirt
crosshair,0,952,reticle
morrigan aensland (cosplay),0,952,
mouse boy,0,952,
st. theresa's girls academy school uniform,0,952,
frilled vest,0,951,
vomiting,0,951,puking
jiaozi,0,951,potstickers
moth antennae,0,950,moth ears
bishamonten's spear,0,950,
laboratory,0,950,
anti-aircraft gun,0,950,
two-tone nails,0,950,
whale hair ornament,0,950,
intertwined tails,0,949,
dragon ball (object),0,949,
green bonnet,0,949,
belt bag,0,948,
fur wrist cuffs,0,948,
st. chronica academy school uniform,0,948,st. chronica academy uniform
tentacle tail,0,947,
mole on chest,0,947,
dullahan,0,947,
person on head,0,947,
apple slice,0,947,
quilted jacket,0,947,
kyuudou,0,947,
bikini in mouth,0,947,
fighting game,0,946,
sprout,0,946,
glass slipper,0,945,
reverse ryona,0,945,male ryona
rounded collar,0,945,
ankle garter,0,945,
grey male underwear,0,945,
blood on body,0,944,
ornate clothes,0,944,
stacking,0,944,
holding bird,0,944,
plague doctor mask,0,944,
hangar,0,944,
cocktail shaker,0,944,
sextuplets,0,944,
front-tie bra,0,944,
saunders school uniform,0,944,
sparse arm hair,0,944,
animal hair ornament,0,943,
aegis sword (xenoblade),0,943,
spiked helmet,0,943,
kagura suzu,0,943,
military operator,0,943,
pendant watch,0,942,
unworn slippers,0,942,slippers removed
catching,0,942,
bamboo shoot,0,942,
dyed ahoge,0,941,
arm sling,0,940,
red tulip,0,940,
load-bearing equipment,0,939,load bearing equipment
grape hair ornament,0,939,
temari ball,0,939,
chisel,0,938,
texture,0,938,
too literal,0,938,
whale girl,0,937,
fever,0,937,
blood spray,0,937,
carried breast rest,0,937,
lifebuoy ornament,0,937,
maria the ripper,0,937,
dirigible,0,937,
key ring,0,936,keyring
pitchfork,0,936,
mismatched horns,0,936,
slide,0,936,
slug,0,936,
flat chastity cage,0,935,
padded coat,0,935,
coffee table,0,935,
hat pin,0,935,
queen,0,935,
on food,0,935,
bandaid on finger,0,935,
spray paint,0,934,
soy sauce,0,934,
neta,0,934,
silver hairband,0,934,
naked skirt,0,934,
animal ear helmet,0,933,
panties over pantyhose,0,933,
recruitment (blue archive),0,933,
holding over opposite shoulder,0,933,
tofu,0,933,
cum in cup,0,932,
skirt peek,0,932,
multicolored pants,0,932,
burnt,0,932,
science babies,0,932,
holding butterfly net,0,931,
snow on head,0,931,
pilot suit,0,931,
front-print panties,0,930,
stile uniform,0,930,
gryffindor,0,930,
eye black,0,930,
doorknob,0,930,
bell pepper,0,930,
butch/femme couple,0,929,
cake cat (honkai: star rail),0,929,critter pick (honkai: star rail)
dog hair ornament,0,929,
unusual insertion,0,929,
lillian girls' academy school uniform,0,929,lillian girls' academy uniform
aqua scrunchie,0,929,
pomegranate,0,929,
black butterfly,0,928,
oversized forearms,0,928,
single sode,0,928,
hair through hood,0,928,
qingxin flower,0,928,
orange goggles,0,927,
flower on chest,0,927,
shiromuku,0,926,
purple feathers,0,926,
low horns,0,926,
cross facial mark,0,926,
yandere trance,0,926,
black liquid,0,926,
nagatekkou,0,926,
red visor cap,0,925,
bus stop shelter,0,925,
sleigh,0,925,
tennis,0,925,
pocari sweat,0,925,
cleanup fellatio,0,925,
cum on chest,0,925,
hatsumode,0,923,hatsumoude
yukadon,0,923,
lifted by tail,0,923,
natural wedgie,0,922,
otter tail,0,922,
limiter (tsukumo sana),0,921,
iris (flower),0,921,
dolphin hair ornament,0,920,
persimmon,0,920,
human chair,0,920,
komainu boy,0,920,
exposed bone,0,920,
holding juice box,0,919,
baseball helmet,0,919,
lipstick mark on testicles,0,919,
symbiote,0,918,
drum magazine,0,918,
suikawari,0,918,
paperclip,0,918,
hand on weapon,0,917,
black tunic,0,917,
lace border,0,917,
pink serafuku,0,917,
takeuchi takashi (style),0,916,
hip tattoo,0,916,
orchid,0,916,
ball hands,0,916,
spasm,0,915,
severed arm,0,915,
toyogasaki academy school uniform,0,915,
shark print,0,915,
orange-framed eyewear,0,914,
narrow hips,0,914,
ejaculation under clothes,0,914,
glowing mouth,0,914,
eggshell,0,914,
partially open jacket,0,913,
implied nudity,0,913,
herensuge girls academy school uniform,0,913,
yellow jumpsuit,0,913,
arisaka,0,912,"type 30 rifle,type 38 carbine,type 38 rifle,type 44 carbine,type 99 short rifle"
weird route (deltarune),0,912,snowgrave route (deltarune)
censored by text,0,912,
gold boots,0,912,
flagpole,0,912,
swallowing,0,911,
stomach growling,0,911,
you're not helping,0,911,
gradient ribbon,0,911,
plant focus,0,911,
greek cross,0,911,
striped blush,0,910,
phrygian cap,0,910,
gorilla,0,910,
cloth,0,910,
blowhole,0,910,
green pubic hair,0,909,
forget-me-not (flower),0,909,
wooden horse,0,909,
originium arts (arknights),0,909,
red bonnet,0,909,
adjusting footwear,0,909,
saint quartz (fate),0,909,
board eraser,0,909,
waffle,0,909,
facing back,0,909,
holding sponge,0,909,
lace-trimmed headwear,0,908,
german flag bikini,0,908,
grabbing another's hand,0,908,
holding pumpkin,0,908,holding jack-o'-lantern
fanning face,0,908,
full stomach,0,907,stuffed stomach
titans (gundam),0,907,
on tank,0,907,
aqua wings,0,907,
laurels,0,907,
x navel,0,907,
middle w,0,906,
chiton,0,906,
senkou hanabi,0,906,japanese sparkler
grey overalls,0,905,
irezumi,0,905,yakuza tattoo
holding pregnancy test,0,905,
signpost,0,905,
heart wand,0,905,
flat chest grab,0,905,
tendril,0,905,
oxygen mask,0,905,
windsock,0,905,
precum through clothes,0,904,
kaname madoka (cosplay),0,904,
multicolored buttons,0,904,
:s,0,904,
heart eyepatch,0,904,
vodka,0,904,
yellow slingshot swimsuit,0,903,
ascot between breasts,0,903,
spirit blossom (league),0,903,spirit blossom (league of legends)
apologizing,0,902,
beehive hairdo,0,902,
cracked mask,0,902,
nippleless clothes,0,901,
multicolored pantyhose,0,901,
grey hakama,0,901,
foodgasm,0,901,
yellow overalls,0,901,
neck garter,0,901,
team magma,0,901,
usb,0,901,
battlefield,0,900,
licking another's cheek,0,900,
collar grab,0,900,
cross of prontera,0,900,
horse racing track,0,899,
shopping basket,0,899,
lei,0,899,
keizoku school uniform,0,898,
holding party popper,0,898,
delivery,0,898,
flower-trimmed dress,0,898,
long eyebrows,0,898,
puppet rings,0,898,
golden arms,0,898,
camouflage headwear,0,898,
sitting on animal,0,898,
orange tabard,0,897,
chocolate banana,0,897,
floating crown,0,897,
pants around one leg,0,897,
double \||/,0,897,
siren (azur lane),0,897,
pleading face emoji,0,896,pien
flaming eyes,0,896,
yurie mouth,0,896,
video game cover,0,895,game cover
crotchless pants,0,895,
alternate shiny pokemon,0,895,
side-tie swimsuit,0,895,
on tree stump,0,895,sitting on tree stump
forced,0,895,
sock pull,0,895,
dizi,0,894,
phone booth,0,894,
holding chess piece,0,894,
straw hat pirates,0,893,
chaotic scene,0,893,
ankleband,0,893,
boxing ring,0,893,
swan,0,893,
hololive summer 2023 swimsuit,0,893,
penguin girl,0,892,
spork,0,892,
swing set,0,892,
adjusting buruma,0,892,
sparse navel hair,0,892,
scorpion tail,0,891,
clarent (fate),0,891,
himejoshi,0,891,
unworn bowtie,0,891,bowtie removed
canopy (aircraft),0,891,
red light,0,891,
musical note earrings,0,891,eighth note earrings
tantrum,0,891,
single sandal,0,890,
holding cloth,0,890,
deer boy,0,890,
cheese trail,0,890,
holding another's ankles,0,890,grabbing another's ankles
holding rabbit,0,890,holding bunny
genderswap (otm),0,890,
planetary ring,0,889,
gold jewelry,0,889,
ornate armor,0,889,
tanghulu,0,889,
lighting cigarette,0,889,
holding chalk,0,889,
striped belt,0,888,
sobbing,0,888,
knit hat,0,888,
lampshade,0,888,
holding lead pipe,0,887,
pink helmet,0,887,
asymmetrical dress,0,887,
holding mahjong tile,0,887,
training corps (emblem),0,887,
checkered haori,0,886,
winged hair ornament,0,886,
russian flag,0,885,
long fingers,0,885,
manboobs,0,885,
crinoline,0,885,skirt cage
long arms,0,884,
giving wedgie,0,884,
measurements,0,884,
heart straw,0,884,
bear bag,0,884,
cd case,0,883,
fur capelet,0,883,
sitting on water,0,883,
painted clothes,0,883,
infinite stratos academy school uniform,0,883,infinite stratos academy uniform
criss-cross back-straps,0,882,
print ribbon,0,882,
hair focus,0,882,
historical connection,0,882,
black keys (type-moon),0,882,
lowleg shorts,0,881,low-rise shorts
panties over garter belt,0,881,
kamihama university affiliated school uniform,0,881,
hand to weapon,0,881,
shoulder freckles,0,881,
paper background,0,881,
sideboob cutout,0,880,
feet on chair,0,880,foot on chair
see-through hair,0,880,translucent hair
toasting (gesture),0,880,"cheers (gesture),toast (gesture)"
compact (cosmetics),0,880,
white flag,0,880,
lgbt pride,0,879,
lace collar,0,879,
face punch,0,878,
colored smoke,0,878,"blue smoke,green smoke,pink smoke,red smoke"
plaid shawl,0,878,
greenhouse,0,878,
wrapped in blanket,0,878,
daikon,0,878,
egg yolk,0,878,
cardigan vest,0,877,
holding hand grip,0,877,
itan private high school uniform,0,877,
fdd threesome,0,877,"ddf threesome,ttf threesome"
string around finger,0,877,
chain belt,0,876,
bubble background,0,876,
legs bound apart,0,876,separated legs
glory hole,0,876,
feather dress,0,875,
pony (animal),0,875,
jian (weapon),0,875,
head on table,0,875,
dinosaur costume,0,875,
penis on head,0,875,
rina-chan board,0,875,
propeller hair ornament,0,874,
half note,0,874,
latex boots,0,874,
plus sign,0,874,
grape hat ornament,0,874,
electrocution,0,873,
camping,0,873,
concentrating,0,873,
unexpectedly evil,0,873,
neck grab,0,873,
forward-facing horns,0,872,"forward facing horns,front-facing horns"
shell earrings,0,872,
souryuu asuka langley (cosplay),0,872,
table tennis paddle,0,872,
washing,0,872,
hanging legs,0,871,
gold sandals,0,871,
imitating,0,871,
shot glass,0,871,
shorts aside,0,870,
exposed internal machinery,0,870,internal mechanical parts
print mug,0,870,
hinamatsuri,0,870,
spoken animal,0,870,
over the mouth gag,0,870,
despair,0,870,
ghost type theme (pokemon),0,870,
moe moe kyun!,0,870,
zipper skirt,0,870,
two-tone pantyhose,0,869,
mole on crotch,0,869,mole on groin
long hoodie,0,869,hoodie dress
panda boy,0,869,
chibi on head,0,868,
print eyepatch,0,868,
fingering from behind,0,868,
humanoid and humanization,0,868,furry and humanization
bulge to ass,0,868,
gradient sleeves,0,868,
training,0,868,
throat bulge,0,867,
open jumpsuit,0,867,
bat ornament,0,867,
accidental pervert,0,867,
pointing melee weapon,0,866,
empty picture frame,0,866,
purple petals,0,866,
black bandages,0,866,
tickle torture,0,866,
jackal boy,0,866,
red jumpsuit,0,865,
seiren academy school uniform,0,865,
catfight,0,865,
scar on breast,0,865,scar on breasts
holding with gesture,0,865,
chinstrap beard,0,865,
tsab ground military uniform,0,865,
luxury (idolmaster),0,865,
followers favorite challenge,0,864,
monocle chain,0,864,
railgun,0,864,
argyle dress,0,864,
cheek rest,0,864,
yoga,0,864,
paw print soles,0,864,
multiple anal,0,863,
female orc,0,863,
mutual orgasm,0,863,
purple suit,0,863,
aqua sweater,0,863,
golem,0,863,
hand on blade,0,863,
cross ornament,0,863,
genre connection,0,863,
welsh corgi,0,862,
other with male,0,862,
package,0,862,
spiked mace,0,862,morning star (weapon)
ribbed cardigan,0,862,
magik's crown,0,861,
hand on another's crotch,0,861,
patterned legwear,0,861,
whistling,0,861,
cat's cradle,0,861,string figure
reverse nursing handjob,0,861,
see-through bodysuit,0,861,transparent bodysuit
sucking male nipple,0,860,
ass freckles,0,860,
crumpled paper,0,860,
jade (gemstone),0,860,
interview,0,860,
blueberry academy school uniform,0,860,
housewife,0,860,
asteroid,0,859,
wall-eyed,0,859,
dome,0,859,
carnation,0,859,
scratching,0,859,
tunnel,0,859,
blood on mouth,0,859,
stuffed frog,0,859,
braid over shoulder,0,858,
holding string,0,858,
kirisame marisa (cosplay),0,858,
magic arm,0,858,
milkshake,0,858,
cymbals,0,858,
judgement armband (toaru),0,857,
walking away,0,857,
deck chair,0,857,
scolding,0,857,
waraji,0,856,
icicle,0,856,
turret,0,856,
spiked gauntlets,0,855,
pitching,0,855,
plaid apron,0,855,
impossible hair,0,855,
polka dot hairband,0,855,
cutting own hair,0,855,
fender telecaster,0,855,
barcode scanner,0,855,
rabbit ear headphones,0,855,bunny ear headphones
red sun,0,855,
unworn hairband,0,854,hairband removed
standing missionary,0,854,
ipod nano,0,854,
crying emoji,0,854,
intimidating,0,854,
wrist straps,0,853,
knee guards,0,853,
after battle,0,853,
vertical-striped coat,0,853,
mons pubis,0,852,
getabako,0,852,shoe locker
fanbox logo,0,852,
mailbox (incoming mail),0,851,
ankle wings,0,851,foot wings
handrail,0,851,
iei,0,851,
on crescent,0,851,
kittysuit,0,851,
shoujo kitou-chuu,0,851,
holding magazine,0,851,
lectern,0,850,
team skull,0,850,
nuzzle,0,850,nuzzling
glowing halo,0,850,
stamp mark,0,849,
shogi,0,849,
pon de ring,0,849,mochi donut
earphones removed,0,849,
aztec,0,849,
cornrows,0,849,
colored pussy,0,848,
beach chair,0,848,
pull cord,0,847,"pull string,ripcord"
year of the dog,0,847,
implied paizuri,0,847,
sheriff badge,0,847,
playing flute,0,846,
lavender (flower),0,846,
exposed muscle,0,846,
single knee boot,0,846,
squat toilet,0,846,
crater,0,846,
moose ears,0,846,
oxfords,0,845,
anchor earrings,0,845,
enema,0,845,
energy barrier,0,845,
green sports bra,0,845,
rolling,0,845,
polka dot thighhighs,0,844,
borrowed hairstyle,0,844,
year of the pig,0,844,year of the boar
footjob with footwear,0,843,
hands on headphones,0,842,
torn kimono,0,842,ripped kimono
toothpaste,0,842,
holding maracas,0,842,
public vibrator,0,842,
rowboat,0,842,
shaped lollipop,0,842,
vest lift,0,841,
arrow print,0,841,
against window,0,841,
sinking,0,841,
tied to chair,0,841,
tucked money,0,841,money tuck
cowering,0,841,
orange outline,0,841,
steam locomotive,0,840,
piano bench,0,840,
very hairy,0,840,
...!,0,840,
skateboarding,0,840,
garland (decoration),0,839,
gaijin 4koma (meme),0,839,
spreading own ass,0,838,
no symbol,0,838,
frilled sash,0,838,
2006,0,838,
gleam,0,838,
onahole handjob,0,838,
basketball hoop,0,838,
yellow bird,0,837,
holding halloween bucket,0,837,
military fatigues,0,837,
taker pov,0,837,
riverbank,0,837,
advanced nurturing high school uniform,0,837,
snapping fingers,0,837,clicking fingers
gehenna academy logo,0,837,
aqua choker,0,836,
kite,0,835,
sparse leg hair,0,835,
tailjob,0,835,
saury,0,835,
bell sleeves,0,834,
whale hat,0,834,
frustrated,0,834,
comic sans,0,834,
carrot print,0,834,
tuna,0,833,
songover,0,833,
see-through bra,0,833,transparent bra
on pillow,0,833,
stiff tail,0,833,straightened tail
funeral dress,0,833,mourning dress
nesoberi,0,833,
connected beard,0,833,
lemon hair ornament,0,833,
shark boy,0,832,
finger to eye,0,832,
ruyi jingu bang,0,832,nyoibo
onahole job,0,832,
cracking knuckles,0,832,
tote bag,0,831,
hand on own foot,0,831,
holding tongs,0,831,
kidnapping,0,831,
presenting pawpads,0,831,
s.e.e.s,0,830,
violence,0,830,
stuffed eggplant,0,830,
razor,0,829,
undone neckerchief,0,829,
russia,0,829,
wardrobe error,0,829,
can't be this cute,0,829,
small nipples,0,829,
hand hair,0,828,hairy hands
car seat,0,828,
scar across eyebrow,0,828,scar through eyebrow
jacket over shoulder,0,828,
ferret girl,0,828,
stinger,0,828,
kita high school uniform (subarashiki hibi),0,827,
lace pantyhose,0,827,
fold-over gloves,0,827,
homurabara academy elementary school uniform,0,827,
ikea shark,0,827,blahaj
mazda,0,827,
yuki onna,0,827,
twig,0,826,
parasite suit (darling in the franxx),0,826,
o-ring panties,0,826,
long-tailed tit,0,826,
dualshock,0,826,
superflat,0,825,
oonusa,0,825,
twitter cutting game,0,825,
witch (manosaba),0,825,
germany,0,824,
penis over one eye,0,824,
gradient border,0,824,
nijisanji matching outfit,0,824,"matching outfit (nijisanji),nijisanji idol uniform"
confrontation,0,824,
super saiyan 2,0,824,
glass writing,0,824,
snapchat,0,824,
ice skating,0,823,
glove in mouth,0,823,
mint chocolate,0,823,"chocolate mint,chocolate mint ice cream,mint chocolate chip"
microsoft paint (software),0,823,"ms paint (software),mspaint (software)"
ooarai (emblem),0,823,
ferret ears,0,823,
single bang,0,823,
perverted utility,0,822,perversion of powers
satellite dish,0,822,
print boots,0,822,
aqua lips,0,822,
colored condom,0,822,
belt skirt,0,822,beltskirt
cattail,0,822,
energy weapon,0,822,
singlet,0,822,
puzzle,0,822,
kamina shades,0,822,
torn sweater,0,821,ripped sweater
baby carry,0,821,
flower bed,0,821,
spoken emoji,0,820,
black romper,0,820,
torn bikini,0,820,ripped bikini
koinobori,0,820,
ave mujica (bang dream!),0,820,
guitar strap,0,820,
adjusting leotard,0,819,
aqua boots,0,819,
back muscles,0,819,
gear fifth,0,819,gear 5
animal skeleton,0,819,
disco ball,0,819,
face shield,0,819,
backless panties,0,819,
colored eyepatch,0,819,
weapon in garters,0,819,
tsukumihara academy uniform (fate/extra ccc),0,818,tsukimihara academy uniform (fate/extra ccc)
shaved head,0,818,
ribbon-trimmed socks,0,818,
denim overalls,0,818,
tavern,0,818,
navel focus,0,818,
bishie sparkle,0,818,shoujo bubble
queen (playing card),0,818,
in orbit,0,817,orbit
claw foot bathtub,0,817,
mint,0,817,
wide face,0,817,
nico nico nii,0,817,
red sarong,0,817,
orange eyeshadow,0,816,
checkered legwear,0,816,
super mushroom,0,816,
head hug,0,816,hugging another's head
stuffing,0,815,
soba,0,815,
bakery,0,815,
meka (overwatch),0,815,
hotel room,0,815,
rubbing,0,815,
arched window,0,815,
pink robe,0,814,
super highleg,0,814,
multiple monitors,0,814,
pilot helmet,0,814,
hockey mask,0,814,
stuffed unicorn,0,814,
spiked ball and chain,0,814,
traffic baton,0,814,
brown tank top,0,813,
double chin,0,813,
orange cardigan,0,813,
mamemaki,0,813,
yellow collar,0,813,
holding spray can,0,812,
pink eyeliner,0,812,
see-through dress layer,0,812,transparent dress layer
polka dot camisole,0,812,
weasel,0,811,stoat
drain (object),0,811,
dildo under clothes,0,811,
grey lips,0,810,
cassette player,0,810,
mochitsuki,0,810,mochi pounding
trying on clothes,0,810,
spiked anklet,0,810,
salmon run (splatoon),0,810,salmon run
elbow sleeve,0,809,
brick road,0,809,
boyfriend's shirt,0,809,
yellow hood,0,809,
rooster,0,808,
cartoonized,0,808,
chipmunk ears,0,808,
mayqueen maid uniform,0,808,
arm pillow,0,807,
finger claws,0,807,
nori (seaweed),0,807,
conical hat,0,806,
underground,0,806,
pokefication,0,806,
pansy,0,806,
cowl,0,806,
hashitsuki nata,0,805,
hoshi no tsue,0,805,
smelling flower,0,805,
boombox,0,805,
horrified,0,805,
cassette tape,0,804,
bed invitation,0,804,
reverse netorare,0,804,reverse ntr
gae dearg (fate),0,804,
turning around,0,804,
weight,0,804,
door handle,0,804,
figure skating,0,804,
white horse,0,804,
aqua cape,0,804,
toolbox,0,804,
birthday sash,0,803,honjitsu no shuyaku
wooden spoon,0,803,
chipmunk girl,0,803,
diamond mouth,0,802,:<>
pickelhaube,0,802,
rainbow bikini,0,802,
cream puff,0,802,profiterole
wool,0,802,
leg focus,0,802,
pov legs,0,801,pov feet
print hairband,0,801,
spiked gloves,0,801,
breast pillow,0,801,
too many cats,0,800,
clam,0,800,clams
pleated shirt,0,800,
hand over face,0,800,
holding drawing,0,800,
on toilet,0,800,
gerbera,0,799,
floating head,0,799,
extra penises,0,799,
ffd threesome,0,799,"dff threesome,fft threesome"
bc freedom school uniform,0,799,
holding table tennis paddle,0,799,
bald eagle,0,799,
gacha (game mechanic),0,799,
side-tie skirt,0,799,
multicolored stripes,0,799,
dj,0,799,
sugimori ken (style),0,799,
saturn (planet),0,799,
ribbon between breasts,0,798,
heart-shaped bag,0,798,
pokemon tail,0,798,
hot air balloon,0,798,
naked robe,0,797,
sunken cheeks,0,797,
slytherin,0,797,
naked capelet,0,797,
coughing,0,797,
yen sign,0,797,
submarine,0,797,
bc freedom (emblem),0,796,
sail,0,795,
see-through babydoll,0,795,transparent babydoll
strawberry parfait,0,794,
cargo shorts,0,793,
hylian shield,0,793,
hanafuda,0,793,
multiple unit train,0,793,
meteor,0,793,
mousepad (object),0,793,
silver bracelet,0,793,
ink wash painting,0,792,
baseball stadium,0,792,
pointing to the side,0,792,
incense,0,792,
yabi fashion,0,792,
white car,0,792,
electro symbol (genshin impact),0,792,
penetration gesture,0,792,
traffic,0,791,
swaying hip,0,791,
flesh,0,791,
breast cutouts,0,791,breast cutout
lobster,0,791,
glove pull,0,791,
black straps,0,791,
stirring,0,791,
asymmetrical armor,0,790,
sweater guard,0,790,
boyshort panties,0,790,
saxophone,0,790,
begging,0,790,
purple pajamas,0,789,
side-tie dress,0,789,
triple baka (group),0,789,
coffee maker,0,789,coffee maker (object)
drying another's hair,0,788,
nigirizushi,0,788,
shindan maker,0,788,
moegi high school uniform,0,788,kin-iro mosaic high school uniform
diagram,0,788,
wet floor,0,788,
mushroom on head,0,787,
red tunic,0,787,
holding bone,0,787,
impossible sweater,0,787,
hane (hanetsuki),0,787,
taiko drum,0,787,
aqua belt,0,787,
two-tone capelet,0,786,
striped tank top,0,786,
pincers,0,786,
hand on own wrist,0,786,
fur-trimmed robe,0,786,
yellow lips,0,786,
minimap,0,786,
red bull,0,786,
dead animal,0,785,carcass
pinup (style),0,785,
milking handjob,0,785,
headphones removed,0,785,
stomping viewer,0,785,pov stomped
vomit,0,785,puke
long mustache,0,785,
crescent halo,0,784,
digital thermometer,0,784,
digital walkman,0,784,
snowboard,0,784,
brushing own hair,0,783,
computer tower,0,783,desktop tower
sailboat,0,783,
yellow helmet,0,783,
holding gourd,0,783,
floating curtains,0,783,
blue headscarf,0,783,
mami mogu mogu,0,783,
fur-trimmed shoes,0,783,
target,0,783,
pastry box,0,783,donut box
paint tube,0,782,
poster parody,0,782,
at gunpoint,0,782,
full mouth,0,782,
sentient plant,0,782,
lemon print,0,782,
purple tunic,0,782,
breast awe,0,782,
cannibalism,0,782,
open pajamas,0,782,
love hotel,0,782,
incoming drink,0,782,
implied pantyshot,0,782,
gloves over sleeves,0,781,
anime screenshot inset,0,781,
nerv logo,0,781,
spraying,0,781,
game boy (original),0,781,
abyssal ship transformation,0,781,
bouncing penis,0,780,
a (phrase),0,780,
kidnapped,0,780,
heavy machine gun,0,780,
zipper leotard,0,780,
drawn heart,0,779,
shish kebab,0,779,
orange lips,0,778,
pinky ring,0,778,
strong zero,0,778,
ofuda on pussy,0,778,
millennium puzzle,0,778,
grease (mechanical),0,778,
jikkyou powerful pro yakyuu (style),0,778,power pros (style)
hydro symbol (genshin impact),0,777,
red headscarf,0,777,
collar jewel,0,777,
rape face,0,777,
depth charge,0,777,
curled ends,0,777,
victory rolls,0,776,
starfighter,0,776,
ginkgo tree,0,776,"gingko tree,ginkgo"
angel wing uniform,0,776,
silver armlet,0,776,
kataginu,0,776,
chocolate on nipples,0,776,
holding kunai,0,776,
veiny face,0,775,
spiked penis,0,775,
gauze on knee,0,775,
bkub (style),0,775,
outer glow,0,775,
flower eyepatch,0,775,
medicine,0,775,
skinny dipping,0,774,
holding ring,0,774,
crescent rose,0,774,
chao (sonic),0,774,
green butterfly,0,773,
hijab,0,773,
subscribestar logo,0,773,
ass hair,0,773,hairy ass
tailcoat playboy bunny,0,773,
v4x,0,773,
bow flower,0,772,
nunchaku,0,772,
holding paper airplane,0,772,
unworn crown,0,772,crown removed
gelatin,0,771,
chain around arm,0,771,
sliding,0,771,
bikini around one leg,0,771,
so moe i'm gonna die!,0,771,
hasu no daisankaku,0,771,hasu no sora 102nd class
water slide,0,770,
elemental (creature),0,770,
reflective surface,0,770,
youtube logo,0,770,
lonely,0,770,
diploma,0,770,
canal,0,769,
googly eyes,0,769,
hemokinesis,0,769,blood manipulation
rose bush,0,769,
suneate,0,769,
bimbofication,0,769,
tako-san wiener,0,769,
foot pussy,0,768,
body pillow,0,768,
x-ray vision,0,768,
embroidered bra,0,768,
blurry edges,0,768,
blue arm warmers,0,768,
multicolored shorts,0,768,
hot chocolate,0,768,
cut-in,0,768,
string of light bulbs,0,768,
heavenly boat maanna,0,768,
penguin tail,0,767,
precum string,0,767,
front zipper,0,767,
white sweater vest,0,767,
ofuda on nipples,0,767,
numbers (nanoha),0,767,
breast freckles,0,767,
bad leg,0,767,
pinky swear,0,767,pinky promise
red dot sight,0,766,
different zoom layer,0,766,
plaid socks,0,766,
resting,0,766,
markings,0,765,
komainu girl,0,765,
video call,0,765,zoom chat
brown hakama,0,765,
red slippers,0,765,
jack-o'-lantern hair ornament,0,765,
grabbing own hair,0,764,pulling own hair
bone print,0,764,
clumsy,0,764,dojikko
petrification,0,763,
see-through pelvic curtain,0,763,transparent pelvic curtain
smock,0,763,
peeking through fingers,0,763,
v legs,0,763,
skull belt,0,763,
bike jersey,0,763,
imminent gangbang,0,763,
wrestling mask,0,762,
fur-trimmed choker,0,762,
sports sandals,0,762,"hiking sandals,teva sandals"
ok sign over eye,0,762,
cum on armpits,0,761,
single unworn glove,0,761,
turkey (food),0,761,
chastity belt,0,761,
emaciated,0,759,"anorexic,scrawny,very thin"
glowing petals,0,759,
matchstick,0,759,matches
thigh straddling,0,759,
trolling,0,759,
christmas sweater,0,759,
fish hook,0,759,fishing hook
grey sandals,0,758,
band shirt,0,758,
crocodile,0,758,
panda girl,0,757,
multiple cutouts,0,757,
choshanland plushy (arknights),0,757,
aqua-framed eyewear,0,757,
onigiri print,0,757,
scarf bow,0,757,
tsuba (guard),0,757,
argyle socks,0,757,
sleeping bag,0,757,
imminent bite,0,756,
frilled coat,0,756,
holding rocket launcher,0,756,
ikayaki,0,756,grilled squid
core,0,756,
loose thighhigh,0,756,
garnish,0,756,
socks over pantyhose,0,756,
heart on cheek,0,756,
caterpillar,0,755,
flail,0,755,
radar,0,755,
holding unworn sandals,0,755,holding sandals
payphone,0,755,
fujoshi,0,755,
bikini tug,0,755,
see-through skirt layer,0,754,transparent skirt layer
flaming skull,0,754,
pink overalls,0,754,
virgin,0,754,implied virgin
weight gain,0,754,
superman logo,0,753,
morning glory print,0,753,
chenqing flute,0,753,
pinecone,0,753,
hands on own knee,0,753,
longcat (meme),0,753,"long cat (meme),longcat"
anachronism,0,753,
neco spirit,0,752,
double-sided axe,0,752,
tyrannosaurus rex,0,752,
year of the rooster,0,752,
looking at screen,0,752,
grabbing another's tongue,0,752,"holding another's tongue,tongue grab"
gold gloves,0,751,
kami high school uniform,0,751,
glitter dress,0,751,
peeling,0,751,
rivalry,0,751,rivals
washbowl,0,751,
graph,0,751,graph (object)
living hair,0,751,
purple sandals,0,750,
wolf paws,0,750,
angel's 24 uniform (blue archive),0,750,
sports festival,0,750,
roller coaster,0,750,
hidden face,0,750,
gloved sleeves,0,750,
daffodil,0,750,narcissus (flower)
military coat,0,750,
hug from side,0,749,
one arm handstand,0,749,"single handstand,standing on one hand"
dvd logo,0,749,
rectangular earrings,0,749,
ant,0,749,
jewel butt plug,0,749,princess plug
yotsuba university affiliated junior high school uniform,0,749,
food between breasts,0,748,
yellow blood,0,748,
traffic mirror,0,748,
koban (gold),0,748,
kobeya uniform,0,748,
seishou elementary school uniform,0,748,
unicorn girl,0,748,
zun pose,0,748,
sports utility vehicle,0,747,suv
escalator,0,747,
short yukata,0,747,
plaid coat,0,747,
subway,0,747,
evil eyes,0,746,
dou,0,746,
edel note,0,746,
kneeless merfolk,0,746,kneeless mermaid
holding cooking pot,0,745,
stapler,0,745,
gradient filter,0,745,
hanged,0,745,
turntable,0,744,
clam shell,0,744,
pill bottle,0,744,
chronal accelerator (overwatch),0,744,
bodycon,0,744,
pc-98 (style),0,744,
dragon claw,0,744,
byakugan,0,744,
rpg (weapon),0,744,
sleeveless shrug,0,743,
soviet school uniform,0,743,
kung fu,0,743,
imperial japanese navy,0,743,
wooden door,0,743,
standing cunnilingus,0,743,
angelfish,0,743,
star trail,0,743,
togruta,0,742,
overexposure,0,742,
drawn tail,0,742,
knitting,0,742,
bandages over eyes,0,742,"bandage over eyes,bandaged eyes"
denpa song,0,742,
panties visible through clothes,0,742,
brown egyptian cat-eared loli (trend),0,742,if you want to become a godly artist (trend)
cherry tree,0,741,
torso flash,0,741,
horns pose,0,740,finger horns
smoking pipe in mouth,0,740,
side-tie shirt,0,740,
plaid capelet,0,740,
chrysanthemum print,0,740,
aqua socks,0,740,aqua kneehighs
holding grenade,0,740,
u.n. spacy,0,740,
orange capelet,0,740,
latin text,0,739,
camouflage bikini,0,739,
store clerk,0,738,
adjusting another's hair,0,738,
cherry earrings,0,738,
clothes focus,0,738,clothes only
sig 556,0,738,sig sauer 556
stopwatch around neck,0,738,
scissorhold,0,738,headscissors
no coat,0,737,
jinbaori,0,737,
view between legs,0,737,
bad arm,0,737,
white overalls,0,737,
holding tennis racket,0,736,
long single sidelock,0,736,
mortar (bowl),0,736,
grey collar,0,736,
cuddling handjob,0,736,
barding,0,736,
mixed signals,0,736,
frutiger aero,0,736,
purple sports bra,0,735,
off-shoulder leotard,0,735,
chipped horns,0,735,
shaft look,0,735,
bed frame,0,735,
stasis tank,0,735,
familiar (madoka magica),0,734,
virtual reality,0,734,
orange bag,0,734,
hand to blade,0,734,
chinchilla (animal),0,734,
grey rose,0,733,
rabbit ornament,0,733,bunny ornament
clitoris ring,0,733,
aircraft carrier,0,733,
tickling sides,0,733,
fire extinguisher,0,733,
vertical-striped bra,0,732,
cuffed,0,732,
wetland,0,732,
coral reef,0,732,
black order uniform,0,732,
sheep costume,0,732,
sexual harassment,0,731,
nipple penetration,0,731,
crazy grin,0,731,
hololive idol uniform (color rise),0,731,
rock paper scissors,0,731,
hololive dance practice uniform,0,730,
tiger costume,0,730,
imminent death,0,730,
holding crown,0,730,
bubble bath,0,730,
kazamatsuri institute high school uniform,0,730,
hand jewel,0,730,
bident,0,730,
print leotard,0,729,
open box,0,729,
bazooka (gundam),0,729,
gashapon,0,729,gachapon
hongbao,0,728,red packet
raana the cat,0,728,
super star (mario),0,728,"power star (mario),starman (mario)"
cockroach girl,0,727,
clothes on and off,0,727,"clothes on/clothes off,dressed and undressed"
pile of books,0,727,book pile
pleading eyes,0,727,puppy dog eyes
eye tattoo,0,727,
cocked eyebrow,0,726,
rhythmic gymnastics,0,726,
aviator goggles,0,726,flight goggles
royal robe,0,726,
after fingering,0,726,
single arm guard,0,725,
holding headphones,0,725,
serasuku,0,725,
vietnamese clothes,0,725,
forced exposure,0,725,
babydoll lift,0,725,
gold bangle,0,725,
pink nose,0,725,
farm,0,725,
holding unworn cape,0,725,
ace of diamonds,0,724,
chest rig,0,724,
anya's heh face (meme),0,724,
splatter background,0,723,
pink armor,0,723,
chaos (warhammer),0,723,
latex shrug,0,722,
triceps,0,722,
planted umbrella,0,722,
kanon school uniform,0,722,
snow strawberry (idolmaster),0,722,
zouni soup,0,722,ozoni soup
seaplane,0,722,
archery shooting glove,0,721,
heater,0,721,
magatama hair ornament,0,721,
headlock,0,721,
omamori,0,721,
foodification,0,721,
skirt caught on object,0,721,
brown helmet,0,721,
holding wallet,0,721,
pixel sunglasses,0,721,deal with it
ankle,0,720,
number pun,0,720,goroawase
foot on another's head,0,720,foot on head
cathedral,0,720,
machete,0,720,
pom pom hat ornament,0,720,
marionette,0,720,
green umbrella,0,719,
sitting split,0,719,
big head,0,719,
social network,0,719,
bait and switch,0,719,
in shopping cart,0,719,
witch's labyrinth,0,719,
striped choker,0,718,
supermarket,0,718,
elbows on knees,0,718,
ribbon-trimmed bow,0,718,
grasslands,0,718,
jumpsuit around waist,0,717,
giraffe,0,717,
holding barcode scanner,0,717,
folding screen,0,717,japanese movable partition
cutting another's hair,0,717,
pea pod,0,716,
trampling,0,716,
caramelldansen (meme),0,716,caramelldansen
looking at creature,0,716,
uno (game),0,716,
armpit carry,0,716,
clothes in front,0,715,
cycling uniform,0,715,
loose neck ribbon,0,715,
fingers to mouth,0,715,
pink hood,0,714,
holding trumpet,0,714,
dolphin girl,0,714,
poker,0,714,
ocarina,0,714,
sacabambaspis,0,714,
kupaa,0,714,
red feet,0,714,
panties around thighs,0,714,
aviation obstruction lighting,0,714,
pegging,0,713,
pecha berry,0,713,
triangle halo,0,713,triangular halo
tail under clothes,0,713,
husband and husband,0,712,
artist self-reference,0,712,
in bag,0,712,
presenting own anus,0,712,
broken wall,0,712,
holding gloves,0,712,holding single glove
biting cheek,0,712,cheek biting
battery,0,711,
mixed-sex combat,0,711,mixed gender duel
small penis humiliation,0,711,
holding bento,0,711,
mother's day,0,711,
jackal tail,0,711,
dx,0,711,
waist hug,0,711,
push-ups,0,710,
holding stethoscope,0,710,stething
pokemon on lap,0,710,
rainbow eyes,0,710,
yoga mat,0,710,
hand gesture,0,710,
yatai,0,710,
crystal hair ornament,0,709,
american flag shirt,0,709,
blue car,0,709,
voice actor name,0,709,
in bowl,0,709,
rejection,0,709,
ass smack,0,708,
winged boots,0,708,
pliers,0,708,
knights of blood uniform (sao),0,708,
male-female symbol,0,708,
sakura empire (emblem),0,708,
bent v,0,708,
kindergarten bag,0,708,
phantom thief,0,707,
sig mpx,0,707,sig sauer mpx
black blood,0,707,
multicolored sky,0,707,
cross pendant,0,707,
holding racket,0,707,
teamwork,0,707,
poketch,0,707,
inner senshi,0,707,
wet spot,0,707,
multiple straps,0,707,
double anal,0,706,double anal penetration
spoken flying sweatdrops,0,706,
meni shuki rush-sshu!,0,706,
holding coat,0,706,
holding ticket,0,706,
watering,0,706,
butterfly print kimono,0,706,
pelvic curtain aside,0,705,
bikini day,0,705,
price,0,705,
ice cream spoon,0,705,
king (playing card),0,704,
uppercut,0,704,
chapter number,0,704,
charisma break,0,704,
sledgehammer,0,704,
cracked screen,0,703,
towano high school uniform,0,703,
scat,0,703,
gunpla,0,703,
black slippers,0,703,
selection university military uniform,0,703,
penis piercing,0,702,
imminent suicide,0,702,
disappointed,0,702,
pie slice,0,702,
change in common sense,0,702,
toddler,0,702,
hooded leotard,0,702,
grey feathers,0,702,
jinbei (clothes),0,702,
furoshiki,0,702,
homu,0,702,
reverse nursing fingering,0,702,
removing bra,0,702,
hannya,0,702,
fish in mouth,0,701,
cut-here line,0,701,cutoff line
aqua pantyhose,0,701,
gear hair ornament,0,701,
heart ring choker,0,701,
gradient necktie,0,701,
heart-shaped lollipop,0,701,heart lollipop
faceplant,0,701,
saturated,0,701,
loading icon,0,701,buffering
n corp. fanatic (identity) (project moon),0,700,n corp. (identity) (project moon)
brown headband,0,700,
;<,0,700,
hibiscus print,0,700,
naked paint,0,700,
earflap beanie,0,699,
gendou pose,0,699,
multiple cats,0,699,
profile picture,0,699,avatar icon
ghost print,0,699,
special feeling (meme),0,699,
yamaha,0,699,
convenient skirt,0,699,"magic skirt,teppeki skirt"
masamune (ff7),0,698,
nohrian maid uniform,0,698,
picking up,0,698,
grate,0,698,
gold leotard,0,698,
picot trim panties,0,698,
plaid sailor collar,0,698,
against fence,0,698,
figure skating dress,0,698,
airplane interior,0,697,
chain bracelet,0,697,
blue screen of death,0,697,
parking lot,0,697,car park
tour guide,0,697,
cheesecake,0,697,
torn leggings,0,697,ripped leggings
latex pants,0,697,
gold horns,0,697,
front zipper swimsuit (realise),0,697,
implied murder,0,697,
lofter username,0,697,
confident,0,696,
holding sandwich,0,696,
hands on another's shoulder,0,696,
blue babydoll,0,696,
sailor collar lift,0,696,
pinwheel hair ornament,0,696,
washing another,0,696,
upward angle frieren drawing (meme),0,695,
sleeveless jumpsuit,0,695,
fur-trimmed vest,0,695,
hamburger steak,0,695,
cirno day,0,695,
eye of senri,0,695,
hip dips,0,695,
stuffed whale,0,694,
kamehameha (dragon ball),0,694,
single vambrace,0,694,
ammunition box,0,694,box magazine
human head,0,694,
tall male,0,694,
torn sleeve,0,694,
gerudo set (zelda),0,694,
ribbon around body,0,694,
ukiyo-e,0,694,
explosion background,0,694,"cool guys don't look at explosions,unflinching walk"
yellow shawl,0,693,
bead anklet,0,693,
alternate size,0,693,
spotted fur,0,693,
c-string,0,693,
holding earphones,0,693,
postbox (outgoing mail),0,693,
oil lamp,0,693,
double blade,0,693,double-blade
aqua hoodie,0,693,
linked collar,0,693,
food theft,0,693,
holding mushroom,0,693,
treasure,0,692,
aburaage,0,692,
batting stance,0,691,
striped armband,0,691,
pocket square,0,691,handkerchief in breast pocket
deltoids,0,691,
hand on own tail,0,691,
folded twintails,0,690,
steam from mouth,0,690,
suspenders hanging,0,690,
comiket,0,690,
reverse grip handjob,0,689,
frankenstein's monster costume,0,689,frankenstein monster costume
salt shaker,0,689,
ear cleaning,0,689,
for adoption,0,689,
holding torpedo,0,689,
tear arcana rod,0,689,
lace-trimmed bow,0,689,
firefighter,0,689,
sculpture,0,689,
pokemon day,0,689,
postage stamp,0,688,
shamisen,0,688,
blue hands,0,688,
ice crystal,0,688,
glowing lines,0,688,
robot dragon,0,688,mechanical dragon
red overalls,0,688,
ribbon as bra,0,687,
hair branch,0,687,
stick figure,0,687,
breasts day,0,687,oppai day
sett,0,687,
tiger i,0,687,"panzer vi tiger i,pzkpfw vi tiger i"
credit card,0,687,
artillery,0,687,
pig girl,0,687,
panties around ankles,0,687,
mechanical hair,0,686,
exit sign,0,686,
gold nails,0,686,
female ejaculation through clothes,0,686,female ejaculation through clothing
plate stack,0,685,
engine,0,685,
mudra,0,685,
mechanical spine,0,685,
gold dress,0,685,
striped leotard,0,685,
rear-view mirror,0,684,
butterfly necklace,0,684,
collar tabs,0,684,
changing clothes,0,684,
three sizes,0,684,
full-body clothes hanger,0,683,"bikini hanger,swimsuit hanger"
iron fence,0,683,
bikini under skirt,0,683,
cheek tattoo,0,683,
pectoral docking,0,683,
dialogue options,0,682,
pink corset,0,682,
extended downblouse,0,682,
shared bed,0,682,
giraffe ears,0,682,
tennis court,0,682,
knocking,0,682,
recursive genderswap,0,682,
fake photograph,0,682,faux photograph
pikachu (cosplay),0,682,
mexico,0,681,
whale tail (clothing),0,681,
ovaries,0,681,
red male swimwear,0,681,
knitting needle,0,681,
buttjob over clothes,0,681,
great ball,0,681,
ship's wheel,0,680,
frilled arm warmers,0,680,
madoka runes,0,680,
rito,0,680,
vertical-striped pajamas,0,680,
children's day,0,679,
double thumbs up,0,679,
okamoto condoms,0,679,0.01 condom
oversized flower,0,679,oversized flowers
metal wings,0,679,
asmr,0,679,
ornament,0,679,
blood on gloves,0,679,
multiple hat bows,0,678,
mandibles,0,678,
clothed after sex,0,678,
after-school sweets club (blue archive),0,678,
lunchbox,0,678,lunch box
alternate facial hair,0,678,
karaoke box,0,677,
pincushion,0,677,
sitrus berry,0,677,
locket,0,677,
absurdly long tail,0,677,
truss,0,677,
threat,0,677,
aphrodisiac,0,677,
recursion,0,677,droste effect
bandage on cheek,0,676,
prostate milking,0,676,
exhaust,0,676,
sakura mochi,0,676,
noren,0,676,
corset piercing,0,676,
delmogeny uniform,0,676,
persocom (chobits),0,676,
grandmother and granddaughter,0,675,
mounting,0,675,
bookbag,0,675,
pink armband,0,675,
axolotl,0,675,
heart-shaped pubic hair,0,675,
disposable ice cream cup,0,675,
boomerang,0,674,
market,0,674,
canned food,0,674,
clash,0,674,
ring-con,0,674,
electrodes,0,674,
chabudai,0,674,chabudai (table)
suspenders pull,0,673,
sword of the creator,0,673,
sword of st. catherine (fate),0,673,
animal dildo,0,672,
tentacle on penis,0,672,"tentaclejob,tentacles on penis"
pendant earrings,0,672,pendant earring
spool,0,672,
double biceps pose,0,672,
newtype flash,0,672,realization flash
white gem,0,672,white gemstone
requesting internal cumshot,0,672,
no cape,0,671,"no capelet,no cloak"
single over-kneehigh,0,671,
glowing gem,0,671,
two-sided capelet,0,670,
designer's reflection (shining nikki),0,670,
scientist,0,670,
smear frame,0,670,
ankle flower,0,670,
over the nose gag,0,670,
bruce lee's jumpsuit,0,670,
wave print,0,669,
colorpoint (pattern),0,669,
25-ji nightcord de. (project sekai),0,669,
orca hair ornament,0,669,
wiping blood,0,669,
food on clothes,0,669,
souya high school uniform,0,669,
yokosuka girls marine high school uniform,0,668,
steppee focus,0,668,
peaked lapels,0,668,
mismatched socks,0,667,
tamagotchi (virtual pet),0,667,
genie,0,667,
wuthering heights (identity) (project moon),0,667,
holding cleaver,0,667,
display case,0,667,
mayonnaise,0,667,
no male underwear,0,667,
gesture,0,667,
vintage microphone,0,667,
sombrero,0,667,
hume,0,667,
undone bowtie,0,667,
digital camouflage,0,666,"emr camouflage,marpat,mm14,pixelated camouflage"
print sash,0,666,print obi
fur sleeves,0,666,
sex toy pull,0,666,
mihuashi username,0,665,
holding chibi,0,665,
flood,0,665,
shibari under clothes,0,664,
container,0,664,
industrial,0,663,
factory,0,663,
stuffed fish,0,663,
poop,0,663,
waist bag,0,663,
frilled footwear,0,663,
sweeping,0,663,
transformation brooch (sailor moon),0,663,
flight attendant,0,662,air hostess
too many eyes,0,662,
too many frills,0,662,
pegasus knight uniform (fire emblem),0,662,
chain earrings,0,662,
spots,0,662,
air mattress,0,662,
liu association south uniform,0,661,
pink shawl,0,661,
goose,0,661,
reichsadler,0,661,"nazi eagle,parteiadler"
lunatic gun,0,661,
swinging baseball bat,0,660,
navel peek,0,660,
bnw (umamusume),0,660,
hanging lantern,0,660,
megurigaoka high school uniform,0,660,
keytar,0,660,
no armor,0,660,
two-tone socks,0,659,
cunnilingus through clothes,0,659,
see-through raincoat,0,659,transparent raincoat
gold headwear,0,659,
severed hand,0,659,
armless amputee,0,659,
covering chest,0,659,
in cage,0,659,
polka dot socks,0,658,
silent princess,0,658,
loaf of bread,0,658,
staff of selection (fate),0,658,
miyoushe watermark,0,658,
blue crown,0,658,
racetrack,0,658,
taking shelter,0,657,
parachute,0,657,
hands on another's arms,0,657,
metal gloves,0,657,
field of blades,0,657,
brown hood,0,657,
ring box,0,657,
carriage,0,657,
numbered panels,0,657,
corn dog,0,657,
poi (phrase),0,657,
single paw pose,0,656,one paw pose
kubo tite (style),0,656,
arm mounted weapon,0,656,
fur (clothing),0,656,
colored eyebrows,0,656,
sign around neck,0,656,
colored stripes,0,656,
red bandage,0,656,
tiger cub,0,656,
boobs in book (meme),0,656,
ponytail holder,0,655,
yellow tongue,0,655,
star of life,0,655,
coffee beans,0,655,
putting on gloves,0,655,
aunt and nephew,0,655,
yellow eyeshadow,0,655,
tea party,0,655,
d-sword,0,654,
aqua one-piece swimsuit,0,654,
lace-trimmed apron,0,654,
yakumo family (touhou),0,654,
salmon,0,654,
roman clothes,0,654,
canister,0,654,
cel rendering,0,654,
bent back,0,654,
summoning,0,654,
earth federation space forces,0,653,
historical event,0,653,
carrying overhead,0,653,
andon,0,653,andon (lighting)
panties on penis,0,653,
pyramid (geometry),0,653,
snowball fight,0,653,
huadian,0,653,
harpy boy,0,653,
thick leg hair,0,653,
paradeus,0,653,
holding seashell,0,653,
wehrmacht,0,653,nazi german army
kei truck,0,652,
tohmi higashi high school uniform,0,652,
m16a1,0,652,
under umbrella,0,652,
rectangular pupils,0,652,
chun-li (cosplay),0,652,
breasts on another's back,0,651,breasts on back
ribbon-trimmed bra,0,651,
disintegration,0,651,
foot up heel up,0,651,
pseudo-tokyo school uniform,0,651,
iron blood (emblem),0,651,
holding eyeball,0,651,holding eye
artist's hand in frame,0,651,
mukyuu,0,651,
blue leggings,0,651,
eyes visible through eyewear,0,651,
matcha (food),0,651,
thick outlines,0,650,
kurokumo clan (identity) (project moon),0,650,
pink mittens,0,650,
spiked knuckles,0,650,
holding id card,0,650,
alternate ass size (larger),0,649,
steaming food,0,649,
china,0,649,
anna miller,0,649,
armored vehicle,0,649,
casino card table,0,649,
large clitoris,0,649,
open bag,0,649,
woodland camouflage,0,649,flecktarn
text in eyes,0,648,
gold thighhighs,0,648,
grass root youkai network,0,648,
fake beard,0,648,
fishbowl helmet,0,648,
baby's-breath,0,648,
v sisters,0,648,
cuffs-to-collar,0,648,
striped camisole,0,648,
rubber band,0,648,
plant name,0,648,
dildo under panties,0,648,
orange armband,0,647,
adjustable wrench,0,647,
binder,0,647,
single mechanical leg,0,647,single robot leg
grey sash,0,647,
mystic eyes of death perception,0,647,
ribbon-trimmed hairband,0,647,
kindergarten,0,647,
orange butterfly,0,647,
red serafuku,0,646,
bear trap,0,646,foothold trap
pink nightgown,0,646,
vine print,0,646,
clutching chest,0,646,
go (board game),0,646,
reverse princess carry,0,646,
pavilion,0,646,
hyakkaou academy school uniform,0,646,hyakkaou academy uniform
green buruma,0,646,
bridge piercing,0,645,
bouncing testicles,0,645,
kafuu chino's school uniform,0,645,
collared bodysuit,0,645,
fainting,0,645,
chocolate cornet,0,644,
prolapse,0,644,
pink diamond 765 (idolmaster),0,644,
panties cat's cradle,0,644,
inkling (language),0,644,
virtuous contract,0,644,
saber (fate) (cosplay),0,643,
red panda,0,643,
charging forward,0,643,
single earphone removed,0,643,
sleeping together,0,643,couple lying together
pink claws,0,643,
praying mantis,0,643,
crescent choker,0,643,
academic test,0,642,"examination paper,school test"
bunny slippers,0,642,
kansaiben,0,642,
breasts on tray,0,642,
black pajamas,0,642,
lace pantyhose hooked on heel (meme),0,641,
bursting pectorals,0,641,
vertical-striped necktie,0,641,
canyon,0,641,
studio microphone,0,641,
pal (creature),0,641,
swinging on swing,0,641,
afro puffs,0,640,space puffs
submission hold,0,640,
butterflyfish,0,640,
purple nipples,0,640,
reverse footjob,0,640,
feminization,0,640,
space cat (meme),0,640,
lipstick mark on neck,0,639,
grandfather and grandson,0,639,
gate of babylon (fate),0,639,
coco's,0,639,
oxygen tank,0,639,
gender transitioning,0,639,implied gender transitioning
rice cooker,0,639,
manhole cover,0,639,
ukrainian flag,0,639,
large ribbon,0,639,
t-pose,0,639,
stage connection,0,639,
back cover,0,638,
identical genderswap,0,638,
mismatched animal ear colors,0,638,
giving birth,0,638,birth
chibigurumi,0,638,
osmanthus,0,638,
decorating christmas tree,0,638,
naked chocolate,0,638,
pink tube top,0,638,
ballet class clothes,0,638,
face in shadow,0,637,
soviet army,0,637,red army
speaking tube headset,0,637,
fabulous,0,637,
sugoi dekai,0,637,
sunflower print,0,637,
swallow (bird),0,637,
pebble,0,636,
cold pack,0,636,"cold compress,cooling pad"
grey hood,0,636,
crystal sword,0,636,
will-o'-the-wisp (mythology),0,636,
clow card,0,636,
fist in hand,0,636,
cutlass,0,636,cutlass (sword)
spoken star,0,636,
yuyushiki's school uniform,0,635,
single legwear garter,0,635,
lamb,0,635,
france,0,635,
lizardman,0,635,
arm scrunchie,0,635,
kundala (fate),0,635,
print cape,0,635,
feather-trimmed dress,0,635,
griffin,0,634,
layered legwear,0,634,
heart hair bun,0,634,
pac-man eyes,0,634,
sos brigade,0,634,sos-dan (suzumiya haruhi)
utensil,0,634,
dandelion seed,0,633,
split crop,0,633,
empty pool,0,633,
fruit background,0,633,
six fanarts challenge,0,633,
sheikah slate,0,633,
human stacking,0,633,
biplane,0,633,
meditation,0,633,meditating
apple pie,0,633,
sailor moon (cosplay),0,633,
exposed brain,0,632,
box truck,0,632,
dragonslayer (sword),0,632,
cuntboy with male,0,632,
hairstyle connection,0,632,
wooden bridge,0,632,
hearing aid,0,632,
chipmunk tail,0,632,
adjusting bra,0,632,
dorfic,0,632,
hands on table,0,632,
prisoner,0,631,
skull brooch,0,631,
blowing whistle,0,631,
himematsu academy school uniform,0,631,
shochuumimai,0,631,
holding trophy,0,631,
force-feeding,0,631,
cross-laced shorts,0,631,
stethoscope around neck,0,631,
black gem,0,630,black gemstone
horn (instrument),0,630,
holding bamboo steamer,0,630,
wrestler,0,630,
wooden ceiling,0,630,
tsuki ni kawatte oshioki yo,0,630,
archaic set (zelda),0,630,
stuffed octopus,0,630,
shiroshouzoku,0,630,
penis ribbon,0,630,
orange eyeliner,0,629,
planet earrings,0,629,
eyewear lift,0,629,
icon (computing),0,629,
mood (umamusume),0,629,
star-shaped pillow,0,629,star pillow
tear troughs,0,629,
backpack basket,0,629,
dismemberment,0,629,
blue slippers,0,629,
brazil,0,628,
implied death,0,628,
naked necktie,0,628,
multicolored sleeves,0,628,
togenashi togeari,0,628,
miso soup,0,628,
luxury ball,0,627,
purple shawl,0,627,
object in clothes,0,627,
double middle finger,0,627,
chokutou,0,627,
shiny footwear,0,627,
washitsu,0,627,
progression,0,626,
polka dot pantyhose,0,626,
gae buidhe (fate),0,626,
umbrakinesis,0,626,"dark magic,dark power,darkness manipulation"
yuanlingpao,0,625,
blue jingasa,0,625,
accessories,0,625,
satogahama baseball uniform,0,625,
zipper bikini,0,625,
scrape,0,625,
striped leggings,0,625,
highway,0,624,
hooked on heel,0,624,
on moon,0,624,
karakura high school uniform,0,624,
cafe lycoreco uniform,0,624,
slug girl,0,624,
vs,0,624,
pink tattoo,0,624,
celebration,0,623,
tasting,0,623,
backless bodysuit,0,623,
bomber,0,623,
blue slingshot swimsuit,0,623,
nameless dagger (fate),0,623,
sweater jacket,0,623,
originium (arknights),0,623,
liminal space,0,622,
holding unworn dress,0,622,
techwear,0,622,
holding walkie-talkie,0,622,
feather necklace,0,622,
constriction,0,622,
grey veil,0,622,
charging device,0,622,
blue leg warmers,0,622,
cashier,0,622,
pokemon egg,0,621,
licking hand,0,621,
baking sheet,0,621,
green corset,0,621,
green sarong,0,621,
ipad,0,621,
simulacrum (titanfall),0,621,
dog costume,0,620,
tank helmet,0,620,
camouflage shorts,0,620,
minecraft (style),0,620,
thumb sucking,0,620,
noctchill (idolmaster),0,620,
collared cloak,0,619,
speakiposting (meme),0,619,
tokiwadai school gym uniform,0,619,
oiran,0,619,
stuffed lion,0,619,
autofacial,0,619,
mexican clothes,0,619,
faceoff,0,619,
naked dogeza,0,619,
camisole over clothes,0,619,
pretzel,0,619,
eurasian tree sparrow,0,619,
weeds,0,618,
purple helmet,0,618,
boom barrier,0,618,
headwear with attached mittens,0,618,
sitting on head,0,618,
shirt under kimono,0,618,
yamato (sword),0,618,
between labia,0,617,
rose background,0,617,
holding anchor,0,617,
bandaid on stomach,0,617,
bandana over mouth,0,617,
oden,0,617,
biting another's finger,0,617,
nightmare,0,617,
adjusting goggles,0,616,
sitting between legs,0,616,sitting between lap
toy hammer,0,616,"piko piko hammer,squeaky mallet"
no entry sign,0,616,
draw this in your style challenge,0,616,
lightning bolt earrings,0,616,
holding folder,0,615,
black headscarf,0,615,
piglet,0,615,
panty & stocking with garterbelt (style),0,615,
merfolk out of environment,0,615,mermaid out of environment
banchou,0,615,
neck pillow,0,615,
flute tassel,0,615,
camouflage skirt,0,614,
ability card (touhou),0,614,
throwing needles,0,614,
harpoon,0,614,
fume,0,614,
water balloon,0,614,
frutiger metro,0,613,
dildo gag,0,613,penis gag
akemi homura (cosplay),0,613,
abydos high school logo,0,613,
lipstick mark on breast,0,613,
melusine (genshin impact),0,612,
orgasm denial,0,612,
harbor,0,612,
hooded pajamas,0,612,
frilled garter,0,612,
beaten,0,612,
;t,0,612,
seikan hikou,0,612,
kantele,0,612,
holding boxcutter,0,612,
colored pencil,0,612,
hoyolab sticker redraw,0,612,"genshin impact sticker redraw (meme),honkai: star rail sticker redraw (meme),honkai impact 3rd sticker redraw (meme),zenless zone zero sticker redraw (meme)"
branded,0,612,
bamboo print,0,611,
muscular uke,0,611,
sword writing,0,611,
crystal necklace,0,611,
h&k mp5,0,611,
wet pantyhose,0,611,
building sand sculpture,0,611,
capybara,0,611,
overhead line,0,611,
face jewel,0,611,
heart antenna hair,0,611,
chinese armor,0,611,
giraffe horns,0,611,
biting clothes,0,610,
sharp sign,0,610,
kanoko (pattern),0,610,
cobra (animal),0,610,
gunbuster pose,0,610,
wooden lantern,0,610,
tiger paws,0,610,
grabbing another's tail,0,609,
lum (cosplay),0,609,
bound toes,0,609,
chupa chups,0,609,
nontraditional witch hat,0,609,
lever action,0,609,
handlebar,0,609,
orange planet uniform,0,609,
ankh necklace,0,609,
side-seamed legwear,0,609,
bite mark on thigh,0,609,
decorations,0,609,
single leg warmer,0,609,
nest,0,608,
tamaranean,0,608,
holding shuriken,0,608,
snakebite (piercing),0,608,
yellow robe,0,607,
tail belt,0,607,
stick poster,0,607,
tokyo big sight,0,607,
double finger gun,0,607,
undone bikini,0,607,
ninjatou,0,607,
visor lift,0,607,
kibina high school uniform,0,607,
bike shorts pull,0,607,
cum in panties,0,607,
public masturbation,0,606,
lace-trimmed bikini,0,606,
nail (hollow knight),0,606,
dog paws,0,606,
laundromat,0,605,
gaiters,0,605,
himeya company uniform,0,605,
404 (girls' frontline),0,605,
zanpakutou,0,605,
mauser c96,0,605,
window light,0,605,
tracen winter coat,0,605,
blush visible through hair,0,605,
male swimwear challenge,0,605,
foreskin pull,0,604,
table tennis,0,604,
evolution,0,604,
o-ring slingshot swimsuit,0,604,
two-tone cloak,0,604,
ludvico private girls' academy school uniform,0,604,
koonago,0,604,
garlean,0,604,
midnight bliss,0,604,
umbrella octopus,0,604,
giggling,0,604,
ace of clubs,0,603,
purple mask,0,603,
miku collar bikini,0,603,
buddhist nun,0,603,
blue bike shorts,0,603,
push-button,0,603,"momentary switch,pushbutton"
orange one-piece swimsuit,0,603,
tupet,0,603,
shiny lips,0,602,
asymmetrical jacket,0,602,
uneven bangs,0,602,
ball busting,0,602,
tank shell,0,602,
pov shadow,0,602,
musical staff print,0,602,
hirschgeweih antennas,0,602,
print bandana,0,602,
shorts under shorts,0,602,
too many birds,0,602,
unworn pantyhose,0,602,pantyhose removed
fork hair ornament,0,602,
covered piercing,0,602,
shampoo,0,601,
headshot,0,601,
relay baton,0,601,
tokyo tower,0,601,
weapon between breasts,0,601,
robotic vacuum cleaner,0,601,roomba
zanshomimai,0,601,
gold osmanthus,0,601,
collar chain (jewelry),0,601,
gecko,0,600,
sucking own breasts,0,600,self breast sucking
fold-over collar,0,600,
loose bikini,0,600,
bible (object),0,600,
fisting,0,600,
steel beam,0,599,
curled tail,0,599,
hoshinoumi academy school uniform,0,599,hoshinoumi academy uniform
feature phone,0,599,
alpha signature,0,599,
nipple tweak through clothes,0,599,
buckler,0,599,
holding snowball,0,599,
side ponytail with braided base,0,599,
qi lolita,0,599,
is that so,0,599,
punching bag,0,598,
source quote parody,0,598,
? block,0,598,
zentradi,0,598,
2004,0,598,
satellite,0,598,
latte art,0,598,coffee art
leather skirt,0,598,
lying on another,0,598,
bloomers pull,0,598,
feather duster,0,597,
fellatio under mask,0,597,
touching,0,597,
prepuce,0,597,
mind reading,0,597,
putting on footwear,0,597,"putting on boots,putting on shoes"
looking at reflection,0,597,
happy facial,0,596,
marble (toy),0,596,
detached arm,0,596,detached arms
ribbon-trimmed gloves,0,596,
clover (flower),0,596,
chin piercing,0,596,
fake ad,0,596,
shared thought bubble,0,596,
undone sarashi,0,596,
clothes between exposed breasts,0,595,
native american clothes,0,595,
breast pump,0,595,
brush stroke,0,595,
sanbou,0,595,
lasso,0,595,
art shift,0,595,
lifting covers,0,594,lifting blanket
dew drop,0,594,
pearl choker,0,594,
pig tail,0,594,
cream on body,0,594,
thompson submachine gun,0,594,
peafowl,0,594,
sweaty feet,0,594,sweaty foot
barista,0,594,
green sandals,0,594,
spire,0,593,
viking,0,593,
flying saucer,0,593,
flamingo,0,593,
yen,0,593,
fuuka academy school uniform,0,593,fuuka academy uniform
hat loss,0,593,
grabbing another's head,0,593,
butterfly on head,0,593,
plaid trim,0,593,
contortion,0,593,
overkill,0,592,
hamster ears,0,592,
stealth flashing,0,592,"for your eyes only,stealth exhibitionism"
bird costume,0,592,
lemonade,0,591,
fleet,0,591,
hand fan writing,0,591,
naked school attendance,0,590,
sun glare,0,590,
concealed weapon,0,590,hidden blade
ko-omote mask,0,590,
hand on own ankle,0,590,
blue overskirt,0,589,
space station,0,589,
white chemise,0,589,
draenei,0,589,
necktie in mouth,0,589,
mutation,0,589,
kavacha (fate),0,589,
living fleshlight,0,589,
tanline peek,0,588,
blue swim trunks,0,588,
paizuri on lap,0,588,
stakes of purgatory,0,588,
checkered hat,0,588,
crossbody bag,0,587,
shoshinsha mark,0,587,"new driver mark,wakaba mark"
thick neck,0,587,
hakuo school uniform,0,587,
well,0,587,
bonfire,0,587,
highleg dress,0,587,
cleaning & clearing (blue archive),0,587,
tsab air military uniform,0,587,
myrtenaster,0,587,
light switch,0,586,
holding bomb,0,586,
love triangle,0,586,
flaming head,0,586,
dr pepper,0,586,
cow print sleeves,0,586,
italy,0,585,
bubble pipe,0,585,
peach hair ornament,0,585,
gun to another's head,0,585,
holding cage,0,585,
blu-ray cover,0,585,
breast contest,0,585,
sitting on box,0,585,
clothes rack,0,585,
food-themed hat,0,585,
high heel slides,0,585,
colored penis,0,584,
injection,0,584,
crustacean,0,584,
konpeitou,0,584,
paint stains,0,584,
chastity cage emission,0,584,
test score,0,583,"exam score,failed exam,failed test,score on paper"
pinstripe kimono,0,583,
doujigiri yasutsuna (fate),0,583,
chestnut,0,583,
fanning crotch,0,583,
falcon,0,583,
king,0,583,
phoenix print,0,583,
euphonium,0,583,
alternate height,0,583,
robe partially removed,0,583,
star pendant,0,583,
holding oar,0,582,
sleeveless duster,0,582,
alter servant,0,582,
gradient gloves,0,582,
starting block,0,582,
mattress,0,582,
green male underwear,0,582,
knee armor,0,581,
shirt slip,0,581,
holding tanzaku,0,581,
bodystocking only,0,581,
white uniform,0,581,
muntins,0,581,
bursting ass,0,581,
black tea,0,581,
applying sunscreen,0,580,
see-through camisole,0,580,transparent camisole
kayari buta,0,580,
ak-12,0,580,
bathroom scale,0,580,
jet airliner,0,580,"jetliner,jumbo jet"
holding screwdriver,0,580,
air jordan,0,580,
after cunnilingus,0,580,
spring (object),0,579,
nendoroid,0,579,
brown armor,0,579,
subcul jirai,0,578,
against table,0,578,
super soaker,0,578,
green hands,0,578,
pants under shorts,0,578,
ayanami rei (cosplay),0,578,
floral print sleeves,0,578,
brown tunic,0,578,
holding skateboard,0,578,
epiphyllum,0,578,
watermelon print,0,578,
kaomoji,0,578,
stargazing,0,578,
mitarashi dango,0,578,
antler ornament,0,578,
bug cage,0,577,"bug box,insect cage"
giant brush,0,577,
hugging another's tail,0,577,
pravda (emblem),0,577,
mercedes-benz,0,577,
playing card theme,0,577,
stealth masturbation,0,577,
flying nimbus,0,577,
belly-to-belly,0,576,
h&k mp7,0,576,
empty plate,0,576,
vault suit,0,576,
vertical-striped scarf,0,576,
super saiyan 3,0,576,
imageboard colors,0,576,
juuban middle school uniform,0,576,
striped pillow,0,576,
half-harpy,0,576,
holocouncil,0,576,
foot on another's face,0,576,"foot in another's face,foot on face,foot smother"
frilled nightgown,0,576,
komainu,0,576,
in locker,0,575,
plant monster,0,575,
vertical-striped gloves,0,575,
hula hoop,0,575,
thigh sheath,0,575,
purple bridal gauntlets,0,575,
bankai,0,575,
riding bicycle,0,574,
haori himo,0,574,
spicy,0,574,
hand under swimsuit,0,574,
satyr,0,574,
ass on glass,0,574,
flower-shaped hair,0,574,"flower by hair,flower hair"
moriya's iron rings,0,574,
vanity table,0,573,dressing table
oversized jacket,0,573,
too many bows,0,573,
vhs artifacts,0,573,
rope around neck,0,573,
cupping hand,0,573,
glitch art,0,573,
rainbow print,0,573,
autoarousal,0,573,
alternate design,0,573,
suzuki (company),0,572,
cleats,0,572,
leopard girl,0,572,
sheep boy,0,572,
head and hip pose,0,572,
grey leg warmers,0,571,
implied prostitution,0,571,
yamaku high school uniform,0,571,
color coordination,0,571,
bruise on leg,0,571,
shitty admiral (phrase),0,571,
open onesie,0,571,
partially opaque glasses,0,570,
team magma uniform,0,570,
height mark,0,570,
foreclosure task force (blue archive),0,570,
crossed swords,0,570,
grandfather and granddaughter,0,570,
gold halo,0,570,
tachi (weapon),0,570,
cracked kawaii mask,0,570,
hestia (danmachi) (cosplay),0,570,
gradient thighhighs,0,569,
penny loafers,0,569,
apron hold,0,569,
mushroom hat,0,569,
armored legwear,0,569,
staff of homa (genshin impact),0,569,
bread bun,0,569,
lady yu doll,0,569,
team star,0,569,
backless pants,0,569,
hongyuan (identity) (project moon),0,568,family hierarch candidate (identity) (project moon)
condom thigh strap,0,568,
awkward,0,568,
rin's pendant (fate),0,568,
willow,0,568,
roaring,0,568,
crayon drawing,0,568,
yamcha pose (meme),0,568,
crab claw,0,568,
shaving,0,568,
purple hands,0,568,
ribbon baton,0,567,gymnastics ribbon
vanripper (style),0,567,
phone over face,0,567,
rabbit platoon (blue archive),0,567,
chuo tanegashima high school uniform,0,567,
rhinoceros beetle,0,567,
aztec clothes,0,567,
foaming at the mouth,0,567,
zhijupao,0,567,
black thong,0,566,
samurai jacket (cyberpunk),0,566,
gingham apron,0,566,
scarf grab,0,566,
uu~,0,566,
coral hair ornament,0,566,
torn capelet,0,566,ripped capelet
bamboo fence,0,565,
censored anus,0,565,
orange sports bra,0,565,
netorase,0,565,
four of a kind (touhou),0,565,
sig p220/p226,0,564,"sig sauer p220,sig sauer p225,sig sauer p226"
o-ring dress,0,564,
wing print,0,564,
slides,0,564,
chinese bellflower,0,564,
feather fan,0,564,
koala,0,563,
held down,0,563,
floral print bra,0,563,
hardboiled egg,0,563,hard-boiled egg
stake,0,563,
pointy hat,0,563,
gothic architecture,0,563,
fried egg on toast,0,563,
on branch,0,563,
towel on one shoulder,0,563,
bucket of water,0,563,
projectile cumdrip,0,562,
foreskin insertion,0,562,
toy car,0,562,model car
grey trim,0,562,
symbol,0,562,
shiranui mai (cosplay),0,562,
colored petticoat,0,561,"aqua petticoat,black petticoat,blue petticoat,pink petticoat,purple petticoat,red petticoat,yellow petticoat"
long nipples,0,561,
multicolored socks,0,561,
rifle cartridge,0,561,
6koma,0,561,
brown slippers,0,561,
headbutt,0,561,
long sword,0,560,
walkman,0,560,
genocide route (undertale),0,560,
holoadvent,0,560,
holding drinking straw,0,560,
surprised arms,0,560,
eye of providence,0,560,"all-seeing eye,illuminati symbol"
red garter straps,0,560,
dragunov svd,0,559,
brown scrunchie,0,559,
extra hands,0,559,
bruise on arm,0,559,
stomach punch,0,559,harapan
tossing,0,559,
jigsaw puzzle,0,559,
on magic circle,0,559,
hair over mouth,0,559,
salmonid,0,559,
eye pop,0,559,
coconut cup,0,558,
fish skeleton hair ornament,0,558,fish bone hair ornament
cocktail umbrella,0,558,
wing cape,0,558,
spiral staircase,0,558,
tool belt,0,558,
toy gun,0,558,
nami junior high school uniform,0,558,
bondage mittens,0,558,
transgender flag,0,558,
modeling,0,558,
person between breasts,0,557,
bisected,0,557,
quintuplets,0,557,
bucket on head,0,557,
bmw,0,557,
on ball,0,557,
fruit tart,0,557,
achiga school uniform,0,557,
single wide sleeve,0,557,
no,0,556,
grass type theme (pokemon),0,556,
sig mcx,0,556,"sig sauer mcx,sig sauer mcx spear"
shower curtain,0,556,
expressive tail,0,556,
kimono dress,0,556,
torn bra,0,556,
craft essence (fate),0,556,
two-tone leggings,0,556,
boxing shorts,0,555,
sleeping animal,0,555,
aqua rose,0,555,
crosier,0,555,
slime boy,0,555,
beam,0,555,
large bulge,0,555,
firefighter jacket,0,555,
sashimi,0,555,
energy arrow,0,555,"light arrow,magic arrow,virtual arrow"
holding cannon,0,554,
weapon formation,0,554,
easy chair,0,554,
metal belt,0,554,
bald female,0,554,bald girl
pangu terminal (wuthering waves),0,554,
lifting,0,554,
grandfather clock,0,554,
peacock,0,554,
fox hat,0,554,
armillary sphere,0,554,
barrett m82,0,553,"barrett m107,m107"
waiting,0,553,
team aqua,0,553,
stuffed carrot,0,553,
knot,0,553,
ikura (food),0,553,salmon roe
rabbit vibrator,0,553,bunny vibrator
unworn belt,0,553,belt removed
open cloak,0,553,
horse dildo,0,552,
anatomical nonsense,0,552,
aqua eyeshadow,0,552,
in bottle,0,552,
holding golf club,0,552,
rabbit mask,0,552,bunny mask
shaka sign,0,552,"call me hand,hand phone"
wolf hood,0,552,
pink pillow,0,552,
tropical,0,552,
standing on object,0,551,
lit fuse,0,551,
poinsettia,0,551,
compression sleeve,0,551,
emblem (fire emblem engage),0,551,
bust chart,0,551,
bilibili username,0,550,
bunk bed,0,550,
print tank top,0,550,
gaze on me! outfit (umamusume),0,550,
paint roller,0,549,
bamboo screen,0,549,
blizzard,0,549,snowstorm
playing drums,0,549,"drumming,playing drum"
orange feathers,0,549,
sex with insects,0,549,mushikan
inflatable orca,0,549,
arm wrestling,0,549,
detonator,0,549,
luger p08,0,549,
black mittens,0,549,
h&k g11,0,549,
eagle union (emblem),0,549,
breast mousepad,0,549,
two-handed sword,0,549,
loading screen,0,548,
aqua cardigan,0,548,
implied handjob,0,548,
fender jazzmaster,0,548,psychederhythm psychomaster
dog hood,0,548,
indonesian text,0,548,
star censor,0,548,
wringing skirt,0,548,
hidden camera,0,548,spycam
cupping glass,0,548,
hands in another's hair,0,548,
polka dot necktie,0,548,
lace-trimmed garter belt,0,547,
holding goggles,0,547,
raw meat,0,547,
unlimited blade works (reality marble),0,547,unlimited blade works (fate)
arm over shoulder,0,547,
pet walking,0,546,"dog walking,walking pet"
too many sex toys,0,546,
shadow puppet,0,546,
eevee backpack,0,546,
transparent bag,0,546,see-through bag
penguin hat (mawaru penguindrum),0,546,
nudist beach uniform,0,546,
book on head,0,546,
gunpod,0,546,
shin strap,0,546,
red claws,0,546,
chest fur,0,545,
covering own face,0,545,
i'll teach you everything (chainsaw man),0,545,
shotadom,0,545,
too many hair ornaments,0,545,too many hairclips
crystal shards,0,545,crystal shard
latex dress,0,545,
an-94,0,545,
palette swap,0,545,
teaching,0,545,
high up,0,545,high altitude
shinkon santaku,0,545,
flying whale,0,545,
dragonfly wings,0,545,
jelly bean,0,545,
clothed bath,0,545,
silver tiara,0,545,
print coat,0,545,
thumbprint cookie,0,545,jam cookie
bow camisole,0,545,
symphogear pendant,0,544,
dominator (bdsm),0,544,
holy grail (fate),0,544,
asymmetrical eyewear,0,544,
frilled corset,0,544,
hoto cocoa's school uniform,0,544,
akademiya uniform,0,543,
small stellated dodecahedron,0,543,
school swimsuit flap,0,543,
mustard,0,543,
human toilet,0,543,
tassel choker,0,542,
komatsuzaki rui (style),0,542,
tight top,0,542,
plank,0,542,
yakuza,0,542,
affectionate harem,0,542,
slav squatting,0,542,"delinquent squatting,yankee squatting"
stack,0,542,
tootsuki saryou ryouri gakuen uniform,0,542,
stew,0,542,
otaku room,0,542,
holding unworn boots,0,542,holding boots
d;,0,542,
anchor hat ornament,0,541,
sea slug girl,0,541,
stalking,0,541,
suplex,0,541,
power bottom,0,541,
flannel,0,541,
banana boat,0,541,
idol heart incom,0,541,
no heterochromia,0,540,
ukraine,0,540,
chanchanko (clothes),0,540,
tenugui,0,540,
fart,0,540,
roulette table,0,540,
holding crayon,0,540,
character snowman,0,540,
spoken skull,0,540,
swaddled,0,540,
mma gloves,0,540,grappling gloves
through window,0,540,
tactical surface fighter,0,540,
striped suit,0,540,
bitten apple,0,539,
diamond print,0,539,
kodomo no hi,0,539,
ornate,0,539,
stifled laugh,0,539,
scarecrow,0,539,
laddered pantyhose,0,539,
holding candlestand,0,539,
ohananomitsu high school uniform,0,538,
gingham background,0,538,
crime prevention buzzer threat,0,538,
pages,0,538,
lantern festival,0,538,
playing card (medium),0,538,
frilled boots,0,538,
hand on window,0,538,
traditional clothes,0,538,
cutoff jeans,0,538,
robot dog,0,537,
moon print,0,537,
tying footwear,0,537,
hebijo academy school uniform,0,537,hebijo academy uniform
airport,0,537,
aoqun,0,537,
panda costume,0,537,
optical illusion,0,537,
beaver ears,0,537,
holding wreath,0,537,
naked suspenders,0,537,
mini flag,0,537,
anatomy,0,536,
traditional elf,0,536,
sweater tug,0,536,
stutter,0,536,
game boy advance,0,536,
kissing hair,0,536,
grief seed,0,536,
execution,0,536,
a world underneath,0,536,
walkman nw-s203f,0,535,
wet thighhighs,0,535,
segmented tail,0,535,
bear paws,0,535,
jedi,0,534,
sewing pin,0,534,
pokedex,0,534,
power item (touhou),0,534,
grid print,0,534,
fur-trimmed armor,0,534,
sketching,0,534,
saturated background,0,534,
ageplay,0,534,age play
team galactic,0,534,
alternate footwear,0,533,
guan dao,0,533,
marijuana,0,533,
parasite,0,533,
covered underboob,0,533,
two-tone bra,0,533,
portable stove,0,533,
hair around ear,0,533,
gradient shirt,0,533,
yaranaika,0,533,
horns through hood,0,532,antlers through hood
argyle bow,0,532,
tooth gap,0,532,
metal arm cuffs,0,532,
qifrey's atelier apprentice uniform,0,532,
ooarai naval school uniform,0,532,
spoken symbol,0,532,
cardboard,0,532,
gold teeth,0,532,
fur-trimmed mittens,0,532,
love confessions in gensokyo,0,532,
webbed feet,0,532,
gigantic testicles,0,531,
white male swimwear,0,531,
lifebuoy anklet,0,531,
blister pack,0,531,pill packet
floral print panties,0,531,
pirate ship,0,531,
symmetrical hand pose,0,531,
mario (cosplay),0,531,
finger gun to own head,0,531,
alpaca tail,0,531,
dress aside,0,531,
pop filter,0,531,
leopard print bra,0,530,
carhop,0,530,
impasto,0,530,
marching band,0,530,
burp,0,530,
hazmat suit,0,530,"biohazard suit,hazard suit"
underbarrel grenade launcher,0,530,
yellow moon,0,530,
extra digits,0,530,
chest holster,0,530,
imminent paizuri,0,530,
magic trick,0,530,
suspenders gap,0,529,
holding collar,0,529,
footjob over clothes,0,529,
rusty trombone,0,529,trombone (sex act)
billiards,0,529,"pool (sport),snooker"
on cloud,0,529,
master and servant,0,529,
florence nightingale (fate) (cosplay),0,529,
breakfast,0,529,
skull choker,0,529,
scimitar,0,529,
butterfly choker,0,528,
sandogasa,0,528,
quilted clothes,0,528,
wimple,0,528,
hasu no shousankaku,0,528,hasu no sora 104th class (104th year)
naoya hitting choso without looking (meme),0,528,
taxi,0,528,
recycling symbol,0,528,
manlification,0,528,
punishment,0,527,
checkered bowtie,0,527,
victory pose,0,527,
criss-cross strings,0,527,
holding lyre,0,527,
money bag,0,527,moneybag
recycle bin,0,527,
holding spork,0,526,
green apple,0,526,
sweater around neck,0,526,
ribboned xiao guan,0,526,
holding rattle,0,525,
labia piercing,0,525,
holding with chopsticks,0,525,
teabag,0,525,
landing,0,525,
weapon name,0,525,
lion dance,0,525,
gazebo,0,525,
pig nose,0,525,
husky,0,525,
mooncake,0,525,
red flag,0,524,
print vest,0,524,
nodding,0,524,
silver bikini,0,524,
psychedelic,0,524,
unworn kimono,0,524,kimono removed
fruit tree,0,524,
pink jumpsuit,0,524,
power-up,0,524,
why dis ninja look so mad (meme),0,524,
playing bass guitar,0,524,
multiple vaginal,0,523,
riding dragon,0,523,dragon riding
the fun gang,0,523,
master spark,0,523,
planter,0,523,flower box
heart arms duo,0,523,
ribbed panties,0,523,
ankle scrunchie,0,523,
t-back,0,522,
chest ribbon,0,522,
night elf (warcraft),0,522,
3d glasses,0,522,
checkered sleeves,0,522,
striped apron,0,522,
star cutout,0,521,
lipstick mark on stomach,0,521,
national shin ooshima school uniform,0,521,
crystal horns,0,521,crystal horn
red lightsaber,0,521,
blue light,0,521,
chaise longue,0,521,
snowflake earrings,0,521,
traumatized,0,521,
round collar,0,520,
pee puddle,0,520,
inflatable dolphin,0,520,
death note (object),0,520,
arm scarf,0,520,
hair tattoo,0,520,
giant snake,0,520,
softboiled egg,0,520,soft-boiled egg
holding flamethrower,0,520,
saigyouji yuyuko's fan design,0,520,
bulge press,0,520,
pokemon on arm,0,520,
leopard print panties,0,520,
lobotomy corporation (identity) (project moon),0,519,
holding laptop,0,519,
single handcuff,0,519,
gold border,0,519,
arm out of frame,0,519,
reien girl's academy school uniform,0,519,
frontbend,0,519,
stuffed dinosaur,0,519,
celtic knot,0,519,
grabbing one of another's twintails,0,519,
cerberus,0,519,
power fist,0,519,
multicolored capelet,0,519,
checkered bikini,0,519,
putting on jewelry,0,519,
see-through pants,0,519,transparent pants
drainpipe,0,518,
frog boy,0,518,
face filter,0,518,
cat print panties,0,518,cat panties
clima-tact,0,518,
artstation username,0,518,
fender precision bass,0,518,
ogre,0,518,
hololive fantasy,0,518,
ladybug ornament,0,517,
arena (company),0,517,
release celebration,0,517,
aqua assault visor,0,517,
ostrich,0,517,
paprika private academy school uniform,0,517,
head tattoo,0,517,
grey mask,0,516,
applying manicure,0,516,manicure
wrapped bento,0,516,
valley,0,516,
two-sided sleeves,0,516,
matoi ryuuko (cosplay),0,516,
rope marks,0,516,
squishing,0,516,
hippopotamus ears,0,516,
tehepero,0,516,
reverse-jointed legs,0,516,mechanical digitigrade
ama usa an uniform,0,515,
toque blanche,0,515,
overlighting,0,515,
adjusting shoe,0,515,
polka dot scarf,0,515,
maid cafe,0,515,
holding candy cane,0,515,
white raincoat,0,515,
black bloomers,0,515,
aqua ascot,0,515,
holding picture frame,0,515,
guan hat,0,514,
eye hair ornament,0,514,
braided beard,0,514,
tarutaru,0,514,
belly rub,0,514,rubbing stomach
dobermann,0,514,doberman
uneven footing,0,514,"captain morgan pose,foot on object"
very big eyes,0,514,
rags,0,514,
slipping,0,514,
head on ass,0,514,
tapir,0,514,
torn ribbon,0,514,
kouyouen academy school uniform,0,514,
tail flower,0,513,
plaid collar,0,513,
hippopotamus girl,0,513,
demon costume,0,513,
spider tattoo,0,513,
sitting on food,0,513,
firefly,0,513,
steel ball (jojo),0,513,
oiled,0,513,
patting,0,513,
barn,0,513,
collared sweater,0,512,
multicolored panties,0,512,
battle standard,0,512,
hymen,0,512,
heavy lens flare,0,512,lens flare abuse
hand under skirt,0,512,
pink mask,0,512,
u's 2nd years,0,512,
blindfold lift,0,512,
skull tattoo,0,512,
penis out of frame,0,512,
ring on every finger,0,512,
typewriter,0,511,
light in heart,0,511,
kissing head,0,511,head kiss
sitting in window,0,511,
mole on leg,0,511,
on flower,0,511,
bear hat,0,511,
paw-shaped pupils,0,511,paw print-shaped pupils
gold saint,0,511,
coronavirus pandemic,0,511,covid-19 pandemic
heattech leotard,0,511,
grasshopper,0,511,
one finger selfie challenge (meme),0,511,one finger selfie challenge
arms bound apart,0,511,separated arms
flower-trimmed shorts,0,510,
pointing sword,0,510,
chaos emerald,0,510,
diary,0,510,
canards,0,510,
amen pose (meme),0,510,no lady on twitter can recreate this (meme)
desktop (computing),0,510,windows desktop
boy and girl sandwich,0,510,
smoke grenade,0,510,
walther wa 2000,0,509,
cat shadow puppet (meme),0,509,
inflatable armbands,0,509,
sitting on pillow,0,509,
exhaust pipe,0,509,
roegadyn,0,509,
big dipper,0,509,
carrot slice,0,509,
suction cup dildo,0,509,
shiitake,0,509,
game cartridge,0,509,
kuoh academy school uniform,0,509,
dragon costume,0,509,
1980s fashion,0,509,
ferret tail,0,508,
lego,0,508,
eiffel tower,0,508,
hem peeking out,0,508,
takenami hideyuki (style),0,508,
drawing on fourth wall,0,508,"painting on fourth wall,writing on fourth wall"
money gesture,0,508,
hand shadow covering breasts (meme),0,508,
j-core,0,508,
himation,0,507,
rectangle,0,507,
siamese cat,0,507,
hamster girl,0,507,
hair undone,0,507,
ishikei (style),0,507,
nipple tag,0,507,
cat ornament,0,507,
striped headband,0,507,
pipa (instrument),0,506,
shadow (persona),0,506,
championship belt,0,506,
florence nightingale (trick or treatment) (fate) (cosplay),0,506,
rogues' gallery,0,506,every villain
kuromorimine (emblem),0,506,
holding heart (organ),0,506,
straw doll,0,506,waraningyou
kunreishiki,0,506,
rouge (makeup),0,506,blush (makeup)
ceiling fan,0,506,
brown camisole,0,506,
game over,0,506,
star print panties,0,505,star panties
galaxia (sword),0,505,
fake transparency,0,505,
piercing through clothes,0,505,
alpaca,0,505,
purple slingshot swimsuit,0,505,
comically serious,0,505,
hatching,0,505,
yellow car,0,505,
sweat stain,0,505,
visible ears,0,505,
lactating into container,0,505,"lactating into bottle,lactating into bowl,lactating into cup"
color drain,0,505,
snowflake ornament,0,505,
trombone,0,505,
pgm hecate ii,0,504,
colorful festival (project sekai),0,504,
rinnegan,0,504,
yin yang hair ornament,0,504,
striped scrunchie,0,504,
jizou,0,504,
field cap,0,504,patrol cap
arcade stick,0,504,
cowl neck,0,504,
camellia print,0,504,
aqua border,0,504,
purity seal,0,504,
geokinesis,0,504,"earth bending,earth magic,earth manipulation"
assisted object insertion,0,504,
metal bikini,0,504,
ai arctic warfare,0,504,l96a1
book holster,0,503,
la manchaland (identity) (project moon),0,503,
penguin logistics logo,0,503,
shibuya (tokyo),0,503,
peacock feathers hair ornament,0,503,
stroking another's chin,0,503,
hole in wall,0,503,
pony play,0,503,
aurelia academy school uniform,0,503,
character bag,0,503,
u.a. gym uniform,0,503,
holding utensil,0,502,
salt,0,502,
scale print,0,502,
juggling,0,502,
on railroad tracks,0,502,
ayaya~,0,502,
crotch kick,0,502,
food writing,0,502,
cigarette butt,0,501,
fanning,0,501,
blueprint (object),0,501,
conductor,0,501,
shibahama high school uniform,0,501,
bandage on hair,0,501,
paw stick,0,501,bear paw hammer
multiple theme colors,0,501,
no smoking,0,501,
salt middle school uniform,0,501,
holding unworn skirt,0,501,
matching hairstyle,0,501,
pointing at object,0,500,
black gauntlets,0,500,
seahorse,0,500,
minimalism,0,500,
drawing on air,0,500,
wandenreich uniform,0,500,
avalon (fate),0,500,avalon (fate/stay night)
release date,0,500,
mirrored text,0,500,mirror writing
holding unworn scarf,0,500,
wardrobe,0,500,
from inside,0,500,
mechanical boots,0,499,
charger,0,499,
creamer (vessel),0,499,
jaw drop,0,499,
distress,0,499,
no hairband,0,499,
kiss day,0,499,
block (object),0,499,block
golden rose,0,499,
itabag,0,499,
nabe,0,499,
mizuka academy school uniform,0,499,
oni costume,0,499,
cat stretch,0,498,
rainbow flag,0,498,gay pride flag
ankle bell,0,498,
circuit board,0,498,
omnic,0,498,
emotional engine - full drive,0,498,
raira academy school uniform,0,498,raira academy uniform
spartan (halo),0,498,
yin yang pin,0,498,
fundoshi aside,0,498,
presenting another's body,0,498,
sleeve belt,0,497,
prostate,0,497,
dizzy,0,497,
bite mark on arm,0,497,
holding cocktail shaker,0,497,
torn vest,0,497,
ring (identity) (project moon),0,497,
sumo,0,497,
aerial battle,0,497,
projectile trail,0,497,"bullet trail,tracer fire"
wooden staff,0,497,
looking at hands,0,497,
showing phone,0,497,
floral print sash,0,497,
crash,0,497,
h&k p30,0,496,
gauge,0,496,
element bending,0,496,
taco,0,496,
multicolored polka dots,0,496,
gingham skirt,0,496,
small testicles,0,496,
agejo gyaru,0,496,
kinomoto sakura (cosplay),0,496,
animal on back,0,496,
headwear switch,0,496,
diner,0,495,
tiktok logo,0,495,
holding rock,0,495,
shadow hands,0,495,
worm's eye view,0,495,
diamond necklace,0,495,
upright restraints,0,495,
zweihander,0,495,
arm bow,0,495,
purple cat,0,494,
handjob over clothes,0,494,
gemini (symbol),0,494,
jack-o'-lantern hat ornament,0,494,
nut (food),0,494,
lydian academy school uniform,0,494,lydian academy uniform
mahora academy middle school uniform,0,493,
blood trail,0,493,
holding cable,0,493,
spotted hair,0,493,
silver ring,0,493,
impressionism,0,493,
shanghai neckline,0,493,
master ball,0,493,
tears from one eye,0,492,crying with one eye
vocaloid boxart pose,0,492,
dollar bill,0,492,
photo album,0,492,
holding scale,0,492,
black car,0,492,
octopus boy,0,492,
wiggling toes,0,492,
template,0,492,
hat tug,0,492,
cheek piercing,0,492,
arm markings,0,492,
knotting,0,492,
tail around another's leg,0,492,
gardening,0,491,
nopon,0,491,
seven-segment display,0,491,
polar opposites,0,491,
dahlia,0,491,
cavalier hat,0,490,
wagon,0,490,
insult,0,490,
ford,0,490,
nissan skyline,0,490,
photobomb,0,490,
gat (hat),0,490,
mafia,0,490,
christian louboutin (brand),0,490,
next time you're getting this (meme),0,490,
holding energy gun,0,490,holding ray gun
blue track suit,0,490,
ribbon bar,0,489,
handheld electric fan,0,489,handheld fan
biting head,0,489,"biting another's head,head biting"
fender mustang,0,489,
playing card game,0,489,"card game,playing with cards"
guinea pig,0,489,
diamond clan outfit,0,489,
pact holder,0,489,
club hair ornament,0,489,
plain epaulettes,0,489,
good meat day,0,489,
zodiac wheel,0,489,
h&k g3,0,489,h&k g3/sg1
spiked shoes,0,489,
rider-tan,0,489,
scuba gear,0,488,
birthday party,0,488,
green slippers,0,488,
play button,0,488,
moire,0,488,
hirabitai,0,488,
watermelon hair ornament,0,488,
warp pipe,0,488,
fake hair bun,0,488,
gym challenge uniform,0,488,
cicada,0,488,
finger to tongue,0,488,
brain freeze,0,487,
purple garter straps,0,487,
h&k psg1,0,487,
licking blood,0,487,
imminent attack,0,487,
wonderlands x showtime (project sekai),0,487,
spider lily print,0,487,
attack trail,0,487,
rolling pin,0,487,
side sitting split,0,487,middle split
white turban,0,487,
gold ribbon,0,487,
animal legs,0,487,
heel-less heels,0,486,
gnosis (genshin impact),0,486,
dishes,0,486,
slingshot (weapon),0,486,slingshot
cramped,0,486,
gold helmet,0,486,
under another's clothes,0,485,
angel (evangelion),0,485,
vent (object),0,485,air vent
lowleg pantyhose,0,485,low-rise pantyhose
sit-up,0,485,
i heart...,0,485,
gift wrapping,0,485,
thick tail,0,484,
yellow cat,0,484,
simulated paizuri,0,484,
socks over thighhighs,0,484,
cat o' nine tails,0,484,
ferrari,0,484,
red pajamas,0,484,
mindscape cinema (zenless zone zero),0,484,
russian clothes,0,484,
quimbaya airplane,0,484,
hand on another's mouth,0,484,
myon (phrase),0,484,
large buttons,0,483,
pink cloak,0,483,
character and character item,0,483,
ukulele,0,483,
character sticker,0,483,
m1903 springfield,0,483,
rhodes island uniform,0,483,
impact (font),0,483,
drill hand,0,483,
two-tone choker,0,483,
crowded,0,483,
stairwell,0,483,
astral express (honkai: star rail),0,483,
headboard,0,483,
irasutoya challenge,0,483,
bicycle helmet,0,483,
mongolian clothes,0,482,
croquette,0,482,
banana slice,0,482,
uncle and nephew,0,482,
horn piercing,0,482,
orange pubic hair,0,482,
string pull,0,482,
train (clothing),0,482,
ultra instinct,0,482,
dilapidated,0,482,
smelling ass,0,481,"smelling anus,smelling butt,sniffing ass,sniffing butt"
bikini visible through clothes,0,481,
lanchester smg,0,481,
sea slug,0,481,
hatchet (axe),0,481,
animal in clothes,0,481,
mac-10/11,0,481,"mac-10,mac-11"
scissors hair ornament,0,481,
dragonstone,0,481,
green shawl,0,481,
destroyer,0,481,
shredded muscles,0,481,
cancer (symbol),0,481,
temporal hairline,0,481,
swimsuit lift,0,480,
pioneer neckerchief,0,480,
purple eyeliner,0,480,
bust measuring,0,480,
yakitori,0,480,
no hair bow,0,480,
laces,0,480,
caution,0,480,
sakae general school uniform,0,480,
implied bisexual,0,480,
vietnamese text,0,480,
stance,0,480,
volkswagen,0,479,
no detached sleeves,0,479,
string phone,0,479,
dna,0,479,
ripping,0,479,
ribbon-trimmed panties,0,479,
kagamine rin (cosplay),0,479,
harisen,0,479,
taped hands,0,479,
formula racer,0,479,
crotchless leotard,0,479,
hoop,0,479,
mickey mouse ears,0,479,
kourindou,0,479,
violet (flower),0,479,
mont blanc (food),0,479,
after rain,0,479,
head pinned down,0,479,
necklace between breasts,0,478,
angel mort,0,478,
world war i,0,478,ww1
bottle cap,0,478,
plum blossom garden uniform (blue archive),0,478,
step and repeat,0,478,
stingray,0,478,
fossil,0,478,
split-color skin,0,478,
sponsor,0,478,
mastectomy scar,0,478,top surgery scar
guide,0,478,
normal suit (metroid),0,478,
nipple bells,0,478,
cross-laced sandals,0,478,
wi-fi symbol,0,478,wifi symbol
koi dance,0,478,
boss fight,0,478,
single nipple piercing,0,477,
nose shade,0,477,
checkered vest,0,477,
tentacle clothes,0,477,
engulfing lightning (genshin impact),0,477,
character watermark,0,477,
scorpio (symbol),0,477,
safari jacket,0,477,
nontraditional school swimsuit,0,477,
united kingdom,0,477,british
weapon between legs,0,477,
pink hanfu,0,476,
dripping eye,0,476,
nose hook,0,476,
cheytac m200,0,476,
native american headdress,0,476,
strawberry blossoms,0,476,
holding sewing needle,0,476,
hand wrapped around waist,0,476,hand around waist
vernier thrusters,0,476,
block (minecraft),0,475,
assisted stretching,0,475,
chicken nuggets,0,475,
ass lift,0,475,
m14,0,475,
floppy disk,0,475,
twister (game),0,475,
kissing object,0,475,object kiss
tied drawstring,0,475,
blood on cheek,0,475,
card between breasts,0,474,
crooked eyewear,0,474,eyewear slip
babywearing,0,474,
shoulder-to-shoulder,0,474,
cape lift,0,474,
white wolf,0,474,
sentient stuffed toy,0,474,
striped skin,0,474,
complex exterior,0,474,
knee strap,0,474,
atom,0,474,
welding mask,0,474,
swaying,0,474,
hair half undone,0,473,
removing shoes,0,473,
wooden railing,0,473,
vs seeker,0,473,
heel pop,0,473,
porsche,0,473,
vertical-striped sweater,0,473,
rabbit earrings,0,473,bunny earrings
dart,0,473,darts
song of broken pines (genshin impact),0,473,
fujiko f fujio (style),0,473,
lipstick mark on leg,0,473,
tattoo sleeve,0,472,
sound wave,0,472,
scaffolding,0,472,
daijoubu? oppai momu? (meme),0,472,daijoubu? oppai momu?
frog costume,0,472,
flinch,0,472,
running towards viewer,0,472,
kooribata,0,472,shaved ice flag
in crane game,0,472,
too many flowers,0,472,
kingdom key,0,472,
organization xiii,0,471,
streetcar,0,471,
pink leggings,0,471,
ground shatter,0,471,
cartridge,0,471,
dancer (fire emblem: three houses),0,471,dancer (three houses)
indirect kiss,0,471,
no emblem,0,471,
weapon in mouth,0,470,
south korean flag,0,470,
gag around neck,0,470,
mole on back,0,470,
z flag,0,470,
striped bandeau,0,470,
rpg-7,0,470,
eye beam,0,470,
foreground text,0,470,
pomeranian (dog),0,470,
trellis,0,470,
ermine,0,470,
white rabbit (alice in wonderland) (cosplay),0,470,
stellated octahedron,0,470,
knights of the round table (fate),0,470,
gladiator,0,469,gladiatrix
gauze on arm,0,469,
red goggles,0,469,
greek text,0,469,
kiritanpo (food),0,469,
character cutout,0,469,
orange collar,0,469,
fuwapuchi,0,469,
giant hand,0,469,
cross-laced one-piece swimsuit,0,468,
sex ed,0,468,
girl staring at guy's chest (meme),0,468,pectoral envy (meme)
yellow sarong,0,468,
minoseki academy school uniform,0,468,minoseki gakuin uniform
jack (playing card),0,468,
bonyari high school uniform,0,468,
dive ball,0,468,
teaspoon,0,467,
tassets,0,467,
pov cheek grabbing (meme),0,467,
st. lucia academy school uniform,0,467,
satogahama school uniform,0,467,
umapyoi densetsu,0,467,umapyoi legend
corked bottle,0,466,
pile,0,466,
tsukimi dango,0,466,
happy holidays,0,466,
lid,0,466,
oval border,0,466,oval image
lilith (darkstalkers) (cosplay),0,466,
doodled object,0,466,
polka dot neckerchief,0,466,
bunny ears prank,0,466,
septum piercing,0,466,
winged headphones,0,466,
white coif,0,466,
blue bonnet,0,466,
black sun,0,466,
bar phone,0,465,
slot machine,0,465,
splatoonification,0,465,
gold skin,0,465,
mechanical tentacles,0,465,artificial tentacles
size comparison,0,465,
famicom,0,465,
male underwear aside,0,465,
searching,0,465,
stuffed dolphin,0,465,
lolita print,0,465,
kerosene lamp,0,465,
quiff,0,465,
heavy film grain,0,464,film grain abuse
incoming call,0,464,"ringing phone,vibrating phone"
ice cream hair ornament,0,464,
slavic clothes,0,464,slavic clothing
off-shoulder cardigan,0,464,
flat chest joke,0,464,
striped bodysuit,0,464,
sea urchin,0,464,
tickling stomach,0,464,
holding kettle,0,464,
arrest,0,464,
aquarius (symbol),0,464,
forced lactation,0,464,
american football uniform,0,464,
glands of montgomery,0,464,
aura bullying (meme),0,464,
censored profanity,0,463,
arm fins,0,463,
mercury (element),0,463,
christmas tree costume,0,463,
spoken mars symbol,0,463,
leo (symbol),0,463,
admiral (kancolle) (cosplay),0,463,
pumpkin costume,0,463,
doppelganger,0,463,
naval dress uniform,0,462,
stalactite,0,462,
blue bridal gauntlets,0,462,
big bad wolf (cosplay),0,462,
x anus,0,462,
boar boy,0,462,
cape hold,0,462,
silence glaive,0,462,
thumb to mouth,0,462,
adjusting hood,0,462,
liu association south (identity) (project moon),0,462,
arm across neck,0,462,
sunshower (e.g.o),0,461,
decantering,0,461,
glowing clothes,0,461,
wrinkled fabric,0,461,
life fiber,0,461,
tying another's hair,0,461,
bowling ball,0,461,
gradient bikini,0,461,
polka dot pillow,0,461,
grenade hair ornament,0,461,
food costume,0,460,
delta rune (symbol),0,460,
grandmother and grandson,0,460,
tsuchinoko,0,460,
floral border,0,460,flower border
leaf bikini,0,460,
silver crown,0,460,
goldfish scooping,0,460,
sea slug ears,0,460,
warp star,0,460,
bolter,0,460,
sled,0,460,
stereo,0,460,
stun grenade,0,459,flashbang
spade earrings,0,459,
canvas texture,0,459,
brown pupils,0,459,
dopo,0,459,
slave gear (tsmg nao!),0,459,
pig boy,0,459,pig man
putting on headwear,0,459,
coat of arms,0,459,
loose bandages,0,459,
cracker,0,459,
panda print,0,459,
blood drop,0,459,
buster shirt (fate),0,459,buster shirt
green tube top,0,459,
string of pearls,0,459,
mouth focus,0,458,
olive,0,458,
holding case,0,458,
fur bracelet,0,458,
prehensile tongue,0,458,
shroud of magdalene,0,458,
pepperoni,0,458,
sesame seeds,0,458,
see-through coat,0,458,"translucent coat,transparent coat"
hermit crab,0,458,
lip ring,0,458,
body jewelry,0,458,
exposed gusset,0,458,
rabbit hat ornament,0,457,
holding pitchfork,0,457,
snake boy,0,457,
propaganda,0,457,
companion/af,0,457,
cow hood,0,457,
heroes' gallery,0,457,
silhouette demon,0,457,
tramp stamp,0,457,
waffle cone,0,457,
fake antennae,0,456,
face to pecs,0,456,
fat pikachu,0,456,fat pikachu (meme)
knifed,0,456,
on wall,0,456,
great pyrenees,0,456,
rouman academy school uniform,0,456,rouman academy uniform
relationship graph,0,456,
shinra infantry uniform,0,456,
magnolia,0,455,
purple shrug,0,455,
akm,0,455,mpi-km
hakusen academy school uniform,0,455,
checkered jacket,0,455,
selene girls school uniform,0,455,
broken pillar,0,455,
simulated footjob,0,455,
primordial jade winged-spear (genshin impact),0,455,
lace-trimmed veil,0,455,
in trash can,0,455,
penetration through clothes,0,455,
oshikatsu,0,455,oshi-katsu
clock hands,0,455,
snow shelter,0,455,
window fog,0,455,
white loincloth,0,455,
single leg bodysuit,0,454,
garlic,0,454,
ena (species),0,454,
table tennis ball,0,454,
2002,0,454,
yume no tsue,0,454,
smelling hair,0,454,
chalkboard sign,0,454,
diagonal-striped ribbon,0,454,
animation paper,0,454,
creator name,0,454,"author name,mangaka name"
monado,0,454,
frog hat,0,454,
terastallization,0,453,terastal
lee-enfield,0,453,
armored personnel carrier,0,453,btr
piston,0,453,
food-themed hair,0,453,
holding own leash,0,453,
eye socket,0,453,
maple syrup,0,453,
orange hair ornament,0,453,
brodie helmet,0,453,
yellow hands,0,453,
gemini (constellation),0,453,
fur-trimmed pants,0,453,
frilled pajamas,0,453,
pink shrug,0,452,
red arm warmers,0,452,
hoe,0,452,
clockwork,0,452,
smartwatch,0,452,
excessive nosebleed,0,452,
food in ass,0,452,
tape maebari,0,452,
late for school,0,452,
nt-d,0,452,
no horns,0,452,no horn
character logo,0,452,
donut innertube,0,451,doughnut innertube
tonguejob,0,451,
purple buruma,0,451,
imperium of man,0,451,
sith,0,451,
standing on magic circle,0,451,
tomoe mami (cosplay),0,451,
zako (phrase),0,450,
corn cob,0,450,
headphones over headwear,0,450,
chocolate donut,0,450,chocolate doughnut
mp40,0,450,
babydoll pull,0,450,
kazekoshi school uniform,0,450,
blood on feet,0,449,
twi'lek,0,449,
cupid,0,449,
unworn armor,0,449,armor removed
scorpion,0,449,
octagram,0,449,
holding bullet,0,449,
drakeposting (meme),0,448,
st. hermelin school uniform,0,448,
window shutter,0,448,
dss choker,0,448,
between buttocks,0,448,
mobile armor,0,448,
kendama,0,448,
ashes,0,448,
gauze on leg,0,448,
crown print,0,447,
lunar tear,0,447,
multicolored neckerchief,0,447,
heart apron,0,447,
good ass day,0,447,
spiked ball,0,447,spike ball
chainsword,0,447,
pisces (symbol),0,447,
brown sky,0,447,
removing mask,0,447,
unbuttoned jacket,0,447,
brown rose,0,447,
bioluminescence,0,447,
celestial being uniform,0,447,
newhalf with female,0,447,
hina ningyou,0,446,
feather-trimmed jacket,0,446,
shoe belt,0,446,
ragnell,0,446,
ouendan,0,446,
transformer,0,446,
emperor penguin,0,446,
muffled,0,446,
extra tails,0,446,
tachyon's shady new drug (umamusume),0,446,
golden shower,0,446,peeing on another
circle cutout,0,446,
octavinelle dorm uniform,0,446,
spilled milk,0,446,
back peek,0,446,
spoken light bulb,0,446,
necrophilia,0,446,
2003,0,446,
removing glove,0,446,
conjoined,0,445,siamese twins
compound bow,0,445,
strip game,0,445,
stomach mouth,0,445,
grey jumpsuit,0,445,
fabric,0,445,
multilingual text,0,445,
uohhhhhhhhh! (meme),0,445,
bone necklace,0,445,
gargoyle,0,445,
mahjong table,0,445,
mole on forehead,0,445,
tweet,0,445,
bandaged tail,0,445,
plum blossom print,0,445,
hasu no sanrenka,0,445,hasu no sora 103rd class
light-skinned palms,0,445,
libra (symbol),0,445,
lightened skin,0,444,alternate skin color (lighter)
lightning glare,0,444,electric eye contact
too much food,0,444,
licking weapon,0,444,
fujimi high school uniform,0,444,
verone gakuin school uniform,0,444,
placard,0,443,
starry sky bright (idolmaster),0,443,
sword of dios,0,443,
wireless sex toy controller,0,443,wireless sex toy control
black tabard,0,443,
bottle to cheek,0,443,
in the name of love and hate (e.g.o),0,443,
gyate gyate,0,443,
card between fingers,0,443,
party dress,0,443,
veiny thighs,0,443,
calla lily,0,443,
blue lightsaber,0,442,
jack-o'-lantern ornament,0,442,
cross-laced leotard,0,442,
sewing machine,0,442,
mountain focus,0,442,
hover bike,0,442,
mermaid costume,0,442,
top pull,0,442,
tifa lockhart (cosplay),0,442,
green haori,0,442,
erhu,0,442,
stone mask (jojo),0,442,
izayoi sakuya (cosplay),0,442,
dirty talk,0,441,
rabbit ear headwear,0,441,
animatronic,0,441,
strawberry milk,0,441,
jack daniel's,0,441,
qilin (mythology),0,441,kirin (mythology)
chameleon,0,441,
ham,0,441,
hololive gamers,0,440,
uwu,0,440,
male yandere,0,440,
all the way through,0,440,
fishnet leotard,0,440,
vespa,0,440,
holding dice,0,440,
school nurse,0,440,
sweater vest lift,0,440,
meatball,0,440,
improvised weapon,0,440,
through painting,0,440,"coming out of painting,coming out of portrait"
crotchless bikini,0,440,
cat-shaped pillow,0,439,cat pillow
medical scrubs,0,439,"surgical gown,surgical scrubs"
mantis girl,0,439,
snoring,0,439,
asymmetrical bodysuit,0,439,
alraune,0,439,
basketball court,0,439,
tackle,0,439,
penis milking,0,439,
sea turtle,0,439,
half eye mask,0,439,
aqua sash,0,439,
drawing on another,0,439,
inverted colors,0,439,
oogai daiichi middle school uniform,0,439,
lace-trimmed ribbon,0,439,
carrying multiple people,0,439,
chiaroscuro,0,439,
standing on person,0,438,
belly dancing,0,438,
otter girl,0,438,
fire elemental,0,438,
dance studio,0,438,
flick,0,438,
;>,0,438,
groucho glasses,0,438,funny glasses
gimp mask,0,438,
people's liberation army,0,438,
maple tree,0,438,
counters (nikke),0,438,
breathing on hands,0,438,
irony,0,438,
kyoto (city),0,437,kyoto
dazed,0,437,
greco-roman architecture,0,437,
stuffed gag,0,437,
kerchief,0,437,
gingham dress,0,437,
taurus (symbol),0,437,
ad (object),0,437,
sphinx,0,436,
leather strap,0,436,
pajamas pull,0,436,
splat roller (splatoon),0,436,
number hair ornament,0,436,
ichimegasa,0,436,
fruit bowl,0,436,
uzi,0,436,imi uzi
floral arch,0,436,
mine (weapon),0,435,
living doll uniform,0,435,
playstation vita,0,435,
grey corset,0,435,
feather coat,0,435,
human dog,0,435,
lace-trimmed eyepatch,0,435,
orange peel,0,435,
clitoris slip,0,435,
shield module,0,435,"prosthetic shield,shield arm"
chinchilla ears,0,435,
m4 sherman,0,435,
sleepover,0,435,pajamas party
wiping forehead,0,434,
tail pull,0,434,
whale print,0,434,
attack helicopter,0,434,
print male underwear,0,434,
floatplane,0,434,
gumroad logo,0,434,
saw cleaver,0,434,
aqua headband,0,434,
danganronpa 10th anniversary costume,0,434,
theater seating,0,434,
star bracelet,0,433,
index (identity) (project moon),0,433,
paper doll,0,433,
goalkeeper,0,433,
spas-12,0,433,
l85,0,433,enfield sa-80
exercise machine,0,433,
oral sandwich,0,433,blue plate special (sex)
subaru (brand),0,433,
virgo (symbol),0,433,
chameleon tail,0,433,
purple blood,0,433,
striped footwear,0,433,
cursed spirit (jujutsu kaisen),0,432,
argyle shirt,0,432,
hands on another's arm,0,432,
anti-eyebrow piercing,0,432,
browning m2,0,432,m2hb
ice cream bar,0,432,
souffle pancake,0,432,
suomi kp/-31,0,432,
tsukimi,0,432,
a6m zero,0,432,
guarana antarctica,0,432,
lcl,0,432,
convention,0,432,
orbital path,0,432,
knee to chest,0,432,
giant tree,0,432,
gibson sg,0,432,
white tiara,0,431,
single claw pose,0,431,one claw pose
bedtime story,0,431,
adhesive bra,0,431,stick-on bra
black ears,0,431,
tsab executive military uniform,0,431,
jellyfish girl,0,431,
playstation 5,0,431,
pokemon on back,0,431,
japan maritime self-defense force,0,431,
juubako,0,431,
aries (symbol),0,431,
shipping container,0,431,"freight container,intermodal container"
frog hood,0,431,
mihuashi logo,0,431,
cinderella girls card parody,0,431,
print scrunchie,0,431,
hand in another's clothes,0,430,
torn paper,0,430,
blue nightgown,0,430,
against door,0,430,
izakaya,0,430,
bachi,0,430,
polyamory,0,430,
messy sleeper,0,430,
isopod,0,429,
breathing (animated),0,429,
bra over clothes,0,429,
paper hat,0,429,
kokoshnik,0,429,
penguin hair ornament,0,429,
backwards virgin killer sweater,0,429,
gourmet guild (princess connect!),0,429,
test tube rack,0,429,
weirdcore,0,428,dreamcore
drifting,0,428,
taller than canon,0,428,"alternate body size (taller),alternate height (taller)"
knife in head,0,428,
hurricane glass,0,428,
holding makeup brush,0,428,
new mask of hope,0,428,
orange shrug,0,428,
sketch inset,0,428,
scar on chin,0,428,
blacksmith,0,428,
humming,0,428,
coin (ornament),0,427,
third wheel,0,427,
spiked dildo,0,427,
w corp. (identity) (project moon),0,427,
butter knife,0,427,
implied ejaculation,0,427,
looking at pectorals,0,427,
rocking chair,0,427,
ape,0,427,
reverse paizuri,0,427,
gauze over eye,0,427,
dog print,0,427,
choir outfit (utdr),0,427,
facial recognition,0,427,
purple hanfu,0,427,
bow button,0,427,
unworn headphones,0,427,
sitting on log,0,426,
civilight eterna (arknights),0,426,
holding hairband,0,426,
multicolored cloak,0,426,
underwear theft,0,426,stealing underwear
pixel art inset,0,426,
capricorn (symbol),0,426,
digivice,0,426,
stirrups (riding),0,426,stirrups
stick grenade,0,426,
yakiniku,0,426,
neck blush,0,426,
purple babydoll,0,426,
pink cat,0,425,
manually-operated mounted gun,0,425,
skull collar,0,425,
utnapishtim operator uniform (blue archive),0,425,ark uniform (blue archive)
hand to forehead,0,425,
mining helmet,0,425,
censored food,0,425,
urine meter,0,425,
doritos,0,425,
zipper footwear,0,425,
ohogao,0,425,
frozen frog,0,425,
dreamcatcher,0,425,dream catcher
grabbing multiple others' breasts,0,424,
holding hair tie,0,424,
holding vial,0,424,
purple bonnet,0,424,
winged unicorn,0,424,
vibrator in anus,0,424,
rejected kiss,0,424,"blocked kiss,blocking kiss,kiss attempt"
dying message,0,424,
head between pecs,0,424,
chaldea security organization,0,424,
sword in front of face,0,424,
life vest,0,424,life jacket
new generations (idolmaster),0,424,
sticker on arm,0,424,
image macro (meme),0,424,macro
toeless socks,0,424,
sneaking,0,423,
equation,0,423,
asymmetrical skirt,0,423,
skeletal tail,0,423,
predicament bondage,0,423,
binaural microphone,0,423,
zebra ears,0,423,
umbrella gun,0,423,
sight magnifier,0,423,hybrid sight
the end (phrase),0,423,fin (phrase)
clip studio paint,0,423,
sword between breasts,0,423,
tuxedo shirt,0,423,
yor briar (cosplay),0,423,
vaginal prolapse,0,422,uterine prolapse
calves,0,422,
triforce print,0,422,
strawberry earrings,0,422,
multiple insertions,0,422,
instant soba,0,422,
adult baby,0,422,infantilization
zuiyin,0,422,
damage numbers,0,422,
baggy shorts,0,422,
sagittarius (symbol),0,422,
particle cannon case,0,421,
cheetah girl,0,421,
holding scalpel,0,421,
legendary super saiyan,0,421,
soapland,0,421,
unworn swim cap,0,421,swim cap removed
chocolate on hand,0,421,
iced latte with breast milk (meme),0,421,
sleeping on desk,0,421,
burning building,0,421,
height conscious,0,421,
mini santa hat,0,421,
red leg warmers,0,421,
tsukumihara academy uniform (fate/extra),0,421,tsukimihara academy uniform (fate/extra)
crew cut,0,420,
omake,0,420,
multicolored sweater,0,420,
orange armor,0,420,
pink veil,0,420,
torn boots,0,420,
tumblr logo,0,420,
flat sign,0,420,
sitting on roof,0,420,
digital camera,0,420,
fukumoto nobuyuki (style),0,420,
bikini briefs,0,420,
bee wings,0,420,
united states navy,0,420,
viewer self-insert,0,419,
key in head,0,419,
lace-trimmed camisole,0,419,
squid girl,0,419,
flat top chef hat,0,419,
hoop skirt,0,419,
shiruko (food),0,419,
transparent innertube,0,419,transparent swim ring
walther ppk,0,419,
orange sweater vest,0,419,
downpants,0,419,
fin funnels,0,418,
double-barreled shotgun,0,418,
nasa logo,0,418,
watanabe akio (style),0,418,
roto's emblem,0,418,
cropped arm,0,418,
music stand,0,418,
game controller print,0,418,
race flag,0,418,
print headband,0,418,
arched soles,0,418,
camera phone,0,418,
head under skirt,0,418,head up skirt
ears back,0,418,
fan screaming at madison beer (meme),0,418,
farmer,0,417,
half moon,0,417,
dark orb (madoka magica),0,417,
spicebush (e.g.o),0,417,
maxim tomato,0,417,
spoken number,0,417,
sand on skin,0,417,
clawed feet,0,417,
diagonal-striped shirt,0,416,
lens eye,0,416,camera eyes
alternate sleeve length,0,416,
meltrandi,0,416,
crotch strap,0,416,
aqua tail,0,416,
meerkat ears,0,416,
magic pen (twisted wonderland),0,416,
broken plate,0,416,
leo (constellation),0,416,
elizabeth tower,0,416,
on fence,0,415,
autocannon,0,415,
blade lineage (identity) (project moon),0,415,
thigh marking,0,415,
minecraft pickaxe,0,415,diamond pickaxe
myouga (plant),0,415,
green hair ornament,0,415,
neglect play,0,415,
holding cue stick,0,415,
churro,0,415,
checkered sweater vest,0,415,
toes up,0,415,
sternum,0,415,
bra slip,0,415,
herb,0,415,
powered wheelchair,0,415,
miniature,0,415,
purple leggings,0,415,
chikuwa,0,415,
meslamtaea (fate),0,415,meslamtaea (weapon)
tube chastity cage,0,415,
orange pajamas,0,415,
railroad signal,0,414,
water fight,0,414,
famas,0,414,
camouflage hat,0,414,
animal-shaped balloon,0,414,animal balloon
textbook,0,414,
yuujo,0,414,
toy block,0,414,
borrowed accessory,0,414,
pink bandana,0,414,
dishwashing,0,414,washing dishes
cotton swab,0,414,
holding magazine (weapon),0,414,
male lactation,0,414,
holding diploma,0,414,
lappet,0,414,
substitute (pokemon),0,413,
shogi piece,0,413,
giraffe print,0,413,
display,0,413,
united states army,0,413,
grey shawl,0,413,
griffin & kryuger logo,0,413,
triple wielding,0,413,
eyes of grima,0,413,
you work you lose,0,413,
hand in pants,0,413,
alternate body hair,0,413,
zaft uniform,0,413,
screen zoom,0,413,
holding cat teaser,0,413,
black tongue,0,412,
rebellion (sword),0,412,
cum in throat,0,412,
brown bodystocking,0,412,
hands on own leg,0,412,
alchemy,0,412,
pile of skulls,0,412,skull pile
triangle background,0,412,
watercolor background,0,412,
shipwreck,0,412,
neet,0,412,
turnip,0,412,
itou ikuko (style),0,412,
pleated capelet,0,412,
side labret piercing,0,412,
alpha pokemon,0,412,
shiraitodai school uniform,0,412,
ghost hands,0,412,
barbarian,0,412,
tying apron,0,411,
flower in braid,0,411,
soy sauce bottle,0,411,
pantyhose around one leg,0,411,
aoshidan school uniform,0,411,
nut (hardware),0,411,
squiggle eyes,0,411,
green bandeau,0,411,
maid leotard,0,411,
ruined for marriage,0,411,
wax,0,411,
integrity knight armor,0,411,
leather suit,0,411,
t-34,0,411,
purple overalls,0,410,
railgun (misaka mikoto),0,410,
jogging,0,410,
theater,0,410,
horizontal bar,0,410,
wood carving tool,0,410,
hue shifting,0,410,
wink star,0,410,
very low bun,0,410,
improvised umbrella,0,410,
green light,0,410,
playstation 4,0,410,
bunbunmaru,0,410,
pink bloomers,0,410,
jin (headwear),0,410,
candle wax,0,410,
unofficial precure costume,0,410,
wolf pelt,0,410,
asagami private girls acadamy uniform,0,409,
pedestrian bridge,0,409,
ak-74,0,409,
alligator,0,409,
valkyrie (ensemble stars!),0,409,
torn,0,409,
peter pan collar,0,409,
ferris wheel interior,0,409,
glaze lily,0,409,
footjob with shoes,0,409,shoejob
calling,0,409,
hime lolita,0,409,
blood elf (warcraft),0,408,
solemn lament (e.g.o),0,408,
skylight,0,408,ceiling window
holding jug,0,408,
bandage on knee,0,408,
green blood,0,408,
furoshiki around neck,0,408,
human meat consumption,0,408,
petal print,0,408,
susuki grass,0,408,
fluff,0,408,
sword print,0,407,
caress,0,407,
bow apron,0,407,
rough time school (idolmaster),0,407,
hoshino ai's pose,0,407,
working,0,407,
clubroom,0,407,
ear tufts,0,407,
clothes shop,0,407,clothing store
waving hands,0,407,
wii,0,407,
nipple torture,0,407,
on tree,0,407,
remington 870,0,407,
piloting,0,407,
jacket tug,0,407,
flamenco dress,0,407,
marine day,0,407,
mall,0,406,
kneepit sex,0,406,
torn tank top,0,406,ripped tank top
blade arm,0,406,
gokugetsu gakuen school uniform,0,406,"gokugetsu academy school uniform,gokugetsu academy uniform"
dot pupils,0,406,
moped,0,406,
alpaca girl,0,406,
picture hat,0,406,gainsborough hat
eating hair,0,406,
acronym,0,406,
oppai mochi,0,406,
pocky kissing viewer,0,406,incoming pocky kiss
orange tulip,0,406,
green bell pepper,0,406,
team plasma,0,405,
realistic teeth,0,405,
rolled-up paper,0,405,"paper roll,rolled up paper"
looking through scope,0,405,
holding sheet,0,405,
interlocked mars and venus symbols,0,405,"male symbol penetrating female symbol,mars symbol penetrating venus symbol"
waffen-ss,0,405,ss uniform
caldari state (eve online),0,405,
wafer,0,405,
thumb in pocket,0,405,
shirt rolled up,0,405,
orange overalls,0,405,
flanged mace,0,405,
bee costume,0,405,
equipment layout,0,405,
new york city,0,405,
uroko (pattern),0,405,
spacecraft turret,0,405,
news,0,405,
myouren temple clan (touhou),0,404,
brown streaks,0,404,
carrot pin,0,404,
furry and animal,0,404,
h&k usp,0,404,h&k usp compact
pestle,0,404,
asymmetrical shirt,0,404,
hrothgar,0,404,
mimosa (flower),0,404,
holding manga,0,404,
paizuri over clothes,0,404,
ornate weapon,0,404,
trick-or-treating,0,404,
power strip,0,404,power board
character hat,0,404,
cunnilingus gesture,0,404,
menpoo,0,404,
reflected worlds,0,404,
costume chart,0,404,
detached magazine (weapon),0,404,spare magazine (weapon)
key hair ornament,0,404,
ears under headwear,0,404,
holding instrument case,0,404,
date pun,0,404,
neckerchief between breasts,0,404,
ballet boots,0,403,
holding charm,0,403,
red bridal gauntlets,0,403,
luchador mask,0,403,
lace-trimmed capelet,0,403,
tail insertion,0,403,
zipper top,0,403,
construction site,0,403,
komeiji family (touhou),0,403,
cammy white (cosplay),0,403,
battoujutsu stance,0,403,
in coffin,0,403,
beef,0,403,
osechi,0,403,
celtic cross,0,403,
two-tone beard,0,403,
discrimination,0,403,
purple bandana,0,403,
garage,0,402,
lace garter belt,0,402,
ungagged,0,402,
taut skirt,0,402,
stepladder,0,402,
food-themed ornament,0,402,
imminent bestiality,0,402,
culottes,0,402,
flour,0,402,
see-through cape,0,402,
breakdance,0,402,
character pillow,0,402,
forced kiss,0,401,
peanut,0,401,
competition,0,401,contest
cream on breasts,0,401,
biometal,0,401,livemetal
snow leopard,0,401,
multiple moons,0,401,extra moons
cleaning brush,0,401,
recording audio,0,401,
plectrum in mouth,0,401,
card in mouth,0,401,
inverted cross earrings,0,401,
clematis (flower),0,401,
aria gakuen school uniform,0,401,
bio lab,0,401,
grey shrug,0,400,
cloud focus,0,400,
broken arm,0,400,
automail,0,400,
museum,0,400,
green track suit,0,400,
scene fashion,0,400,
ea (fate),0,400,ea (fate/stay night)
bobby pin,0,400,
firewood,0,400,
applying pedicure,0,400,pedicure
anal invitation,0,400,
naked lab coat,0,400,naked labcoat
french girly,0,400,
karate,0,400,
downward dog,0,400,
snoot challenge,0,400,
apple on head,0,400,
cancer (constellation),0,400,
print capelet,0,399,
unbuttoning,0,399,
knights of the round uniform,0,399,
nyotaimori,0,399,
multi-strapped bra,0,399,
bust (sculpture),0,399,
lotus pod,0,399,
golden retriever,0,399,
multiple hair ribbons,0,399,
slime hair,0,399,
rapeseed blossoms,0,399,
single bracer,0,399,
bandaged ankle,0,398,
cable hair,0,398,wire hair
black fire,0,398,black flame
energy drain,0,398,
puffer fish,0,398,
yunjian,0,398,cloud collar
wainscoting,0,398,
orange assault visor,0,398,
necktie between pectorals,0,398,
cardboard cutout,0,398,standee
bottle between breasts,0,398,
disdain,0,398,
legwear cutout,0,398,
musical note ornament,0,397,
indonesian high school uniform,0,397,
human tower,0,397,
novelty glasses,0,397,fancy glasses
kessoku band t-shirt,0,397,
troll (homestuck),0,397,
yellow crown,0,397,
finnish text,0,397,
nanatsu-yoru,0,397,
crab on head,0,397,
implied vibrator,0,397,
fiery ears,0,396,
side-view mirror,0,396,side mirror
dribbling (basketball),0,396,
green mask,0,396,
bubble wand,0,396,
do you want to pet my cat (meme),0,396,sfw cat (meme)
p14 enfield,0,396,"m1917 enfield,pattern 1914 enfield"
red fundoshi,0,396,
phone with ears,0,396,
security camera,0,396,"cctv,surveillance camera"
abbreviated karakusa,0,396,
drag queen,0,396,
cigarette kiss,0,396,
pink check school (idolmaster),0,396,
nepolabo,0,396,
side halo,0,396,
falling paper,0,396,
jack-o'-lantern print,0,396,
tasmanian devil ears,0,396,
take it home,0,395,
idea,0,395,
sulking,0,395,
bicep strap,0,395,
pink visor cap,0,395,
weapon strap,0,395,
looking past viewer,0,395,
cum on food,0,395,
necktie around wrists,0,395,
taunting,0,395,
strap break,0,395,
rocket ship,0,395,
shrine bell,0,395,
ara ara,0,395,
pointing with thumb,0,395,
healing,0,395,
raizen high school uniform,0,395,
deva battle suit,0,395,
glowing pupils,0,395,
washing vehicle,0,395,"washing car,washing tank"
shadow (shadows house),0,394,
lifeguard chair,0,394,
set square,0,394,"drawing triangle,triangle (tool)"
wavy eyebrows,0,394,
bloated,0,394,
tenbou,0,394,riichi stick
hair tuft,0,394,
hollow body,0,394,
muzzle device,0,394,"flash hider,flash suppressor,muzzle brake"
hino minami high school uniform,0,394,
t t,0,394,
houshou marine (cosplay),0,394,
rabbit print panties,0,393,"bunny panties,rabbit panties"
hand on animal,0,393,
x-ray glasses,0,393,
poking belly,0,393,belly poke
puffy dress,0,393,
standing on three legs,0,393,
snake bondage,0,393,
pussy sandwich,0,393,
jamadhar,0,393,
satin bra,0,393,
cooperative footjob,0,392,multiple footjob
double helix,0,392,
naked cardigan,0,392,
name tag hair ornament,0,392,
postcard,0,392,
tragedy of a long life,0,392,
naked boots,0,392,
rabbit background,0,392,bunny background
apple rabbit,0,392,apple bunny
white crown,0,392,
molcar,0,392,
fruit hair ornament,0,392,
cooperative breast sucking,0,391,double breast sucking
puffy coat,0,391,
black coif,0,391,
sexual exercising,0,391,
finger to another's cheek,0,391,
subdermal port,0,391,port in body
detached cape,0,391,
char siu,0,391,"char-siu,chashu"
scar on lip,0,391,
gold bar,0,391,
stenciled rose,0,391,
topless other,0,391,
make-up work club (blue archive),0,391,
awestruck,0,391,
pectoral squeeze,0,391,
royal navy emblem (azur lane),0,391,
skull-shaped hat,0,391,
fenrir (ff7),0,390,
embroidered panties,0,390,
pinstripe hat,0,390,
grey leggings,0,390,gray leggings
crown bow,0,390,
aqua tunic,0,390,
bound knees,0,390,
subway station,0,390,
effects pedal,0,390,guitar pedal
biohazard symbol,0,390,biological hazard symbol
black tears,0,390,
orange tunic,0,390,
unit patch,0,390,
japanese tankery league (emblem),0,390,
libra (constellation),0,390,
fly agaric,0,390,
blue hawaii,0,389,
sea lion,0,389,
black undershirt,0,389,
holopromise,0,389,
karasuno volleyball uniform,0,389,
pile of corpses,0,389,corpse pile
twerking,0,389,twerk
camisole pull,0,389,
business casual,0,389,
intravaginal futanari,0,389,
gavel,0,389,
french horn,0,389,
gakuseibou,0,388,
sagging testicles,0,388,
milk churn,0,388,
gradient text,0,388,
flaming halo,0,388,
spiked hair ornament,0,388,
model,0,388,
mesugaki pose,0,388,
treadmill,0,388,
cardigan lift,0,388,
glowing hands,0,388,
ribbon-trimmed kimono,0,388,
double bass,0,388,
tickling legs,0,388,
premature ejaculation,0,388,
instant udon,0,388,
braiding own hair,0,388,
silver choker,0,388,
plug gag,0,387,
object and personification,0,387,
ear wreath,0,387,
pensive,0,387,
chinese lantern (plant),0,387,"alkekengi,hozuki (plant),physalis (plant)"
lamborghini,0,387,
green male swimwear,0,387,
holding snowman,0,387,
lesbian flag,0,387,
cow hat,0,387,
bolverk,0,387,
apple core,0,387,
totenkopf,0,387,
gold headdress,0,387,
unworn sweater,0,386,sweater removed
skull head,0,386,skeletal head
ufo skirt,0,386,
gradient neckerchief,0,386,
raver,0,386,
kendo,0,386,
pineapple slice,0,386,
burnt food,0,386,
metal bracelet,0,386,
holding another's waist,0,386,
implied erection,0,386,
knit sweater,0,385,
skis,0,385,
bad neck,0,385,
stomach hair,0,385,
blood on armor,0,385,
gas,0,385,
mizura,0,385,
badminton racket,0,385,
arrow in head,0,385,
portuguese text,0,385,
scuba,0,385,
eargasm,0,385,
invisible air (fate),0,385,
framed insect,0,385,
barred window,0,385,
picket fence,0,385,
kuuhaku to catharsis,0,385,emptiness and catharsis
yellow slippers,0,385,
kagune (tokyo ghoul),0,385,
spoken sparkle,0,385,
barmaid,0,385,
white beard,0,385,
double vaginal,0,385,double vaginal penetration
argyle skirt,0,384,
hippopotamus,0,384,
grilled fish,0,384,
oreo,0,384,
on hammock,0,384,
censored gesture,0,384,censored finger
bikini over clothes,0,384,
teleportation,0,384,teleport
hanzou academy school uniform,0,384,hanzou academy uniform
brown dog,0,384,
used onahole,0,384,used artificial vagina
fn scar,0,384,
plaid hairband,0,384,
blade to throat,0,384,knife to throat
quincy (bleach),0,384,
up sleeve,0,384,
stuffed orca,0,384,
bluebird,0,384,
hands on another's knees,0,384,
dvd case,0,384,
pet shaming,0,384,
taurus (constellation),0,384,
coach,0,383,
polished shoes,0,383,
digimoji,0,383,
scone,0,383,
holding omikuji,0,383,
finger to head,0,383,
animate object,0,383,
golden hour,0,383,
winged wand,0,383,
holox,0,383,
green nipples,0,383,
multicolored text,0,383,
aqua collar,0,383,
ear through crown,0,383,
chocolate on pussy,0,383,
pickle,0,383,
waist poke ball,0,382,
no print,0,382,
inverted pentagram,0,382,
digging,0,382,
accordion,0,382,
nipple tassels,0,382,
gold slingshot swimsuit,0,382,
nobori,0,382,
triangle necklace,0,382,
team 7 (naruto),0,382,
shrimp hair ornament,0,382,
straylight (idolmaster),0,382,
rokubanchou school uniform,0,382,
physical examination,0,382,"medical examination,playing doctor"
artist name (singer),0,382,
sprite art,0,382,
imminent cunnilingus,0,382,
toaster,0,381,
unibrow,0,381,monobrow
flower shop,0,381,
after meal,0,381,
dropped food,0,381,
cradling phone,0,381,
argentina,0,381,
samoyed (dog),0,381,
buruma around one leg,0,381,
white hanbok,0,381,
yuzu (fruit),0,381,
slime sex,0,381,
starry moon,0,381,
toucan,0,381,
ryokan,0,381,
book focus,0,381,
sanshuu middle school uniform,0,381,
mismatched underwear,0,381,
fake censor,0,381,
pink rope,0,381,
savannah,0,381,
nipple press,0,381,
reiwa,0,381,
on plate,0,381,
wilted flower,0,381,
leppa berry,0,380,
repairing,0,380,
cheating (competitive),0,380,
changmingsuo,0,380,
airpods,0,380,
handle,0,380,
cool & sexy (idolmaster),0,380,
shawl lapels,0,380,
tennis net,0,380,
pleated pants,0,380,
premier ball,0,380,
mushroom girl,0,380,
old maid alliance (touhou),0,380,
room you can't get out of unless you x (meme),0,380,
silver shoes,0,380,
see-through footwear,0,379,transparent footwear
blue rope,0,379,
standing anilingus,0,379,
enkidu (weapon) (fate),0,379,
reeds,0,379,
chest height,0,379,
palette hair ornament,0,379,
leaning on weapon,0,379,
claw hammer,0,379,
gattai,0,379,
gensokyo,0,379,
nattou,0,379,
elbow blush,0,379,
shirt on shoulders,0,379,
sneer,0,379,
firecrackers,0,379,
jam (umamusume),0,378,
flipped sidelocks,0,378,
videocassette,0,378,
expectation vs. reality,0,378,expectations/reality
eel boy,0,378,
backward-facing horns,0,378,"back-facing horns,backward facing horns"
cervix punching,0,378,
here's johnny! (meme),0,378,
fur gloves,0,378,
floating breasts,0,378,
kujo jotaro's pose,0,378,kujo jotaro's pose (jojo)
single letter,0,378,
no headgear,0,378,
crown earrings,0,378,
whipping,0,377,
thunder,0,377,
bird's eye view,0,377,
seafloor,0,377,"ocean bottom,ocean floor"
canadian flag,0,377,
scallop,0,377,
holding bow (ornament),0,377,
lipstick mark on ass,0,377,
see-through horns,0,377,"translucent horns,transparent horns"
peplos,0,377,
holding sickle,0,377,
wet male underwear,0,377,
spiked thigh strap,0,377,
sideless leotard,0,377,
pushing bicycle,0,377,walking bicycle
japari bus,0,377,
head spikes,0,377,
rake,0,376,
no scar,0,376,
sunflower seed,0,376,
sig 516,0,376,
razor blade,0,376,
unworn bow,0,376,"bow removed,hair bow removed,unworn hair bow"
kamui (kill la kill),0,376,
spiked bat,0,376,
ppsh-41,0,376,
queen of hearts (playing card),0,376,queen of hearts (card)
black panther,0,376,
white chocolate,0,376,
cd player,0,376,
too bad! it was just me! (meme),0,376,
snort,0,376,
kimono partially removed,0,375,
panel gag,0,375,
through portal,0,375,
purple bandeau,0,375,
geass,0,375,
mosquito coil,0,375,
ravenclaw,0,375,
orange sarong,0,375,
pokemon battle,0,375,
prehistoric animal,0,375,
zombification,0,375,
nargacuga (armor),0,374,
eyes on wings,0,374,eyes in wings
aerokinesis,0,374,"air bending,wind manipulation"
blue pussy,0,374,
grape print,0,374,
megumin (cosplay),0,374,
key choker,0,374,
penguin hat,0,374,
mail,0,374,
no earrings,0,374,
too many butterflies,0,374,
breast curtain lift,0,374,
pokegear,0,374,
sweater under shirt,0,374,
cum in urethra,0,374,
mascot head,0,374,
studded jacket,0,374,
official alternate skin color,0,373,
see-through headwear,0,373,transparent headwear
time lapse,0,373,
conveyor belt,0,373,
ouroboros,0,373,
seven sisters high school uniform,0,373,
imminent netorare,0,373,
lace-up top,0,373,
polygamy,0,373,
buying condoms,0,373,
too many books,0,373,
oktoberfest,0,373,
pan-pa-ka-paaan!,0,373,
pull out,0,373,
collapsed bipod,0,373,
argyle footwear,0,373,
red headdress,0,373,
nyoro~n,0,373,
holding ruler,0,372,
finger cots,0,372,"finger gloves,finger protectors"
horizontal spotlight,0,372,
lace dress,0,372,
gradient pants,0,372,
performance juxtaposition,0,372,
codpiece,0,372,
neon sign,0,372,
under skirt,0,372,
sofmap background,0,372,
unlikely accident,0,372,
mutual fingering,0,372,
glowing skin,0,372,
fruit basket,0,372,
multicolored one-piece swimsuit,0,372,
plant on head,0,372,
ass rest,0,372,
panty tag,0,372,
sun hair ornament,0,371,
progress bar,0,371,
impossible jacket,0,371,
ribbon-trimmed apron,0,371,
eevee (cosplay),0,371,
spell,0,371,
stealth fellatio,0,371,
combat ship (eve online),0,371,
clothes on bed,0,371,
ohisashiburi (style),0,371,
chevrolet,0,371,
iced coffee,0,371,
st. michael's school uniform,0,371,
green tabard,0,371,
print pillow,0,371,
receding hairline,0,371,
biting nipple,0,370,nipple biting
fire type theme (pokemon),0,370,
oyster,0,370,
mole on nose,0,370,
arm on thigh,0,370,
country lolita,0,370,
safety razor,0,370,
ardor blossom star (e.g.o),0,370,
on animal,0,370,
poverty,0,370,
newhalf with male,0,370,
diamond earrings,0,370,
scuba tank,0,370,
air jordan 1,0,370,
fruit earrings,0,370,
pedestrian lights,0,370,
unyu,0,370,
nipples pressed together,0,370,
anzio (emblem),0,370,
bodysuit pull,0,370,
grey bridal gauntlets,0,369,
stapled,0,369,
after handjob,0,369,
fn fal,0,369,
heart arrow,0,369,
brown outline,0,369,
yellow male underwear,0,369,
daifuku,0,369,
brown sclera,0,369,
heian,0,369,
holding nail,0,369,
opening,0,369,
anus cutout,0,369,
striped cardigan,0,369,
suzumiya haruhi (cosplay),0,369,
red snake,0,368,
sidetail miku noodle stopper (meme),0,368,
character pov,0,368,
rear naked choke,0,368,
dandelion clock,0,368,
german suplex,0,368,
slave brand,0,368,
swedish flag,0,368,
white lips,0,368,
fish tattoo,0,368,
overpass,0,368,
biting another's tail,0,368,
lambent light,0,368,
jaguar boy,0,368,
drawing on self,0,368,
warming hands,0,367,
necromancer,0,367,
fictional aircraft,0,367,
pee in container,0,367,
bird hat,0,367,
angel statue,0,367,
hands on eyewear,0,367,
vomiting rainbows,0,367,"puking rainbows,rainbow barf,rainbow vomit"
red leggings,0,367,
abydos high school swimsuit,0,367,
cake stand,0,367,
nakai (waitress),0,367,
kimono on shoulders,0,367,
makeup palette,0,367,eyeshadow box
crystal flower,0,367,
naked belt,0,367,
jupiter (planet),0,367,
giving food,0,367,
red babydoll,0,366,
holding mp3 player,0,366,
finch,0,366,
orange print,0,366,
award ribbon,0,366,
low block heels,0,366,
inside creature,0,366,
shinsengumi (fate),0,366,
jade bracelet,0,366,
irregular border,0,365,
homeworld gem uniform,0,365,
covering head,0,365,
blackmail,0,365,
atmospheric perspective,0,365,
keffiyeh,0,365,shemagh
altyn helmet,0,365,
hakuryou high school uniform,0,365,
glowing earrings,0,365,
pile bunker,0,365,
polka dot shorts,0,365,
jet ski,0,365,
mobile,0,365,
floral dress,0,365,
brown sports bra,0,365,
polka dot hair,0,365,
gold tattoo,0,365,
gardening shears,0,364,pruning shears
misaki municipal high school uniform,0,364,
oversized bug,0,364,oversized insect
flower ring,0,364,
nintendo switch 2,0,364,
panty tug,0,364,
solar eclipse,0,364,
crotch stomping,0,364,
hair rollers,0,364,curlers
print camisole,0,364,
tweezers,0,364,
asymmetrical breasts,0,364,lopsided breasts
just as planned (meme),0,364,
aqours 2nd years,0,364,
padoru (meme),0,364,
length markings,0,364,
white overskirt,0,364,
jack-o'-lantern earrings,0,364,
myoudou gakuen middle school uniform,0,364,
chibi on shoulder,0,364,
purple scales,0,364,
stitched eye,0,364,
lace-trimmed babydoll,0,364,
slap mark on face,0,364,
nose pads,0,364,
riding person,0,364,
lekku (anatomy),0,363,
wavy ends,0,363,
christmas star,0,363,
fuse tail,0,363,
broken egg,0,363,fully cracked egg
eyepatch lift,0,363,
chest protector,0,363,
red ribbon army,0,363,
dinosaur boy,0,363,
spiked wings,0,363,
fur leg warmers,0,363,
holding jump rope,0,363,
looking inside,0,363,
love ball,0,363,
washing back,0,363,
anal hook,0,363,
platform,0,363,
striped sash,0,362,
cutie mark print,0,362,
thighs together,0,362,
1950s fashion,0,362,
pink frills,0,362,
uraeus,0,362,
yellow tunic,0,362,
falling money,0,362,money rain
victory,0,362,
avalon le fae (fate/grand order),0,362,
mapo tofu,0,362,
needle sword,0,362,
after footjob,0,362,
anteater ears,0,362,
pentagon (shape),0,362,
crocodile boy,0,362,
minegahara high school uniform,0,362,
l'ecole des cinq lumieres school uniform,0,362,
tongue tattoo,0,362,
hands on another's leg,0,362,
pantsing,0,361,
school gateway,0,361,
grumpy,0,361,
batter,0,361,
cupless babydoll,0,361,
moomoo milk,0,361,
in basket,0,361,
fuse,0,361,
dirty hands,0,361,
frisbee,0,360,
single-lens reflex camera,0,360,
primogem,0,360,
sexting,0,360,
aks-74u,0,360,
star pin,0,360,
cake hair ornament,0,360,
sailing ship,0,360,
my dear vampire (idolmaster),0,360,
crossed fingers,0,360,
biting own thumb,0,360,thumb biting
imminent tentacle sex,0,360,
id (fate/grand order),0,360,
omocat (style),0,360,
scraped knee,0,360,skinned knee
soybean,0,360,
silver bracer,0,360,
chi-hatan school uniform,0,360,
paper boat,0,360,
laser pointer projection,0,360,
osugaki,0,360,
skirt rolled up,0,360,
piercing pull,0,360,
yukari is merry theory (touhou),0,359,
leopard,0,359,
heart-shaped mouth,0,359,
feather collar,0,359,
kabedon on viewer,0,359,
abdomen tail,0,359,insect tail
character backpack,0,359,
intentionally missing halo,0,359,no halo on purpose
kikka academy school uniform,0,359,
mazda rx-7,0,359,
hyottoko mask,0,359,
crystal tail,0,359,
pouring onto another,0,359,
shirt tan,0,359,
shield print,0,359,
shoulder massage,0,359,
grey arm warmers,0,359,
mystic eyes,0,359,
electric type theme (pokemon),0,359,
stuck in a box,0,358,
paintbrush hair ornament,0,358,
middle (identity) (project moon),0,358,
macaron hair ornament,0,358,
staff riding,0,358,
snot trail,0,358,
pew,0,358,
sunbathing,0,358,
color switch,0,358,
hobble,0,358,
tortoise,0,358,
masanori sato (style),0,358,
muscle car,0,358,
frieren blowing a kiss,0,358,
holding banner,0,358,
party horn,0,358,party blower
zipping,0,358,
idol heroes (idolmaster),0,358,
globus cruciger,0,358,
spiked thighlet,0,358,
mural,0,358,
knuckle hair,0,357,
cover sketch,0,357,
suspender pants,0,357,
teratophilia,0,357,"monsterfucking,sex with monsters"
samus aran (cosplay),0,357,
wingtip collar,0,357,
heavy metal,0,357,
inward w,0,357,
climbing ladder,0,357,
faerie knights (fate),0,357,
saliva trail between teeth,0,357,
leaf clothing,0,357,
stuffed fox,0,357,
manjuu abuse (azur lane),0,357,
torn neckerchief,0,357,ripped neckerchief
food truck,0,357,ice cream truck
moon rabbit,0,357,
turning page,0,357,
youmu day,0,357,
gambling,0,356,
soil,0,356,
used condom in clothes,0,356,
yellow haori,0,356,
mega evolution symbol,0,356,
skunk ears,0,356,
opening eyes,0,356,
shirt behind neck,0,356,
seiyo academy school uniform,0,356,seiyo academy uniform
lace shirt,0,356,
angry sex,0,356,
holding cigarette pack,0,356,holding cigarette box
unworn wig,0,356,wig removed
bakuzan,0,356,
peg leg,0,356,
howa type 89,0,356,
science,0,356,
twitch logo,0,356,
food as clothes,0,356,
crossed out,0,355,
hover vehicle,0,355,
bowl stack,0,355,
holding clover,0,355,
kunugigaoka middle school uniform,0,355,
tail anus,0,355,
implied rape,0,355,
tedeza rize's school uniform,0,355,
ttgl eyecatch,0,355,
drawing on sand,0,355,
bren lmg,0,355,
aqua tongue,0,355,
bitchsuit,0,355,
hotel,0,355,
blonde facial hair,0,354,
sticker on leg,0,354,
arrow hair ornament,0,354,
paper chain,0,354,
handlebar mustache,0,354,
clarinet,0,354,
cryo symbol (genshin impact),0,354,
golf,0,354,
shirttail,0,354,
saunders (emblem),0,354,
orange robe,0,354,
blue aura,0,354,
starpiece memories (idolmaster),0,354,
on truck,0,354,
random servant cosplay (fate/grand order),0,354,
inkbrush (splatoon),0,354,
gradient pantyhose,0,354,
arius squad (blue archive),0,354,
knightmare frame,0,354,
tasting plate,0,354,
vortex,0,354,
leather shorts,0,354,
zooming in,0,353,
dinosaur girl,0,353,
nightclub,0,353,
piercing hole,0,353,
butterfly on nose,0,353,
brain injection,0,353,
chopped spring onion,0,353,
cooperative pussyjob,0,353,"cooperative grinding (sexual),double grinding"
weapon connection,0,353,
straw hats jolly roger,0,353,
holding thermometer,0,353,
multiple dogs,0,353,pack of dogs
miki sayaka (cosplay),0,353,
scorpius (constellation),0,353,
clerical collar,0,353,
colt single action army,0,353,
hands on another's legs,0,353,
elbow spikes,0,352,
chimame-tai,0,352,
lined paper,0,352,
dangling,0,352,
hand on mirror,0,352,
hand guard,0,352,
apple print,0,352,
layer cake,0,352,
blood on dress,0,352,
clutch purse,0,352,women's wallet
pikachu ears,0,352,
drinking pee,0,352,urophagia
hands on own neck,0,352,
extra horns,0,352,
rabbit bag,0,352,bunny bag
crotchless swimsuit,0,352,
clapperboard,0,351,
crushed,0,351,
bedroll,0,351,
adjusting headphones,0,351,
em-2,0,351,
pip boy,0,351,
two soyjaks pointing (meme),0,351,
boar mask,0,351,
cassiopeia (constellation),0,351,
glass teapot,0,351,
link (cosplay),0,351,
creepy eyes,0,351,
broken helmet,0,351,
splattershot jr. (splatoon),0,351,
lace hairband,0,351,
bird nest,0,351,
white negligee,0,350,
no ahoge,0,350,
lace-trimmed kimono,0,350,
silver armor,0,350,
red garter belt,0,350,
wii remote,0,350,
artist progress,0,350,
mailman,0,350,
open towel,0,350,
sequins,0,350,
cursed energy (jujutsu kaisen),0,350,
tornado,0,350,twister (tornado)
raft,0,350,
day and night,0,349,
stun gun,0,349,
forearms,0,349,
following,0,349,
pedestal,0,349,
danmaku comments,0,349,"bilibili danmu,niconico comments"
dorayaki,0,349,
peeing together,0,349,
sunrise stance,0,349,brave perspective
h&k g36,0,349,
kasamatsu tracen training uniform,0,349,
licking stomach,0,349,
alternate body fluid,0,349,"alternate blood,alternate saliva"
sanada clan (emblem),0,349,
gununu (meme),0,349,gununu
gold corset,0,349,
needles between fingers,0,348,
unwanted creampie,0,348,
cover bikini girl (gta vi) (pose),0,348,
requesting impregnation,0,348,impregnation request
ice cream cone spill,0,348,
hut,0,348,
fire hydrant,0,348,
homework,0,348,
super famicom,0,348,
choker jewel,0,348,
cheshire cat (alice in wonderland) (cosplay),0,348,
hair wagging,0,348,
pants lift,0,348,
good fortune symbol,0,348,
gender transitioning (ftm),0,348,
condom wrapper in clothes,0,348,condom in clothes
barbie mugshot (meme),0,348,
cum in footwear,0,348,cum in shoe
leaning out of window,0,348,
photon ray (fate),0,348,
inkling (swim form),0,348,inkling (squid form)
treehouse,0,348,
winged animal,0,347,
ginkgo guild uniform,0,347,
genkan,0,347,japanese entryway
animegao,0,347,
mouse on head,0,347,
taiwan,0,347,republic of china (post-1949)
artoria pendragon (lancer alter) (fate) (cosplay),0,347,
panda tail,0,347,
chinese empire,0,347,
holding stopwatch,0,347,
slip showing,0,347,
feigning sleep,0,347,fake sleeping
flipping food,0,346,
mian guan,0,346,mianguan
green veil,0,346,
pringles can,0,346,
pop-up headlights,0,346,
okonomiyaki,0,346,
prefect team (blue archive),0,346,
thorn ring (deltarune),0,346,
christmas tree hair ornament,0,346,
frilled necktie,0,346,
shosei,0,346,
penguin chick,0,346,baby penguin
unworn headgear,0,346,headgear removed
ancestor and descendant,0,346,
putting on legwear,0,346,
arm on another's head,0,346,
mixing console,0,345,"mixer (console),mixing table"
pov dating,0,345,
lace-trimmed socks,0,345,
anal fisting,0,345,
funeral,0,345,
walkure (macross delta),0,345,
asymmetrical shorts,0,345,
grilled eel,0,345,
too many belts,0,345,
outer senshi,0,345,
white tiger print,0,345,
red aura,0,345,
folded braid,0,345,
shelf bra,0,345,
removing sock,0,345,
reisen udongein inaba (cosplay),0,345,
hat under hood,0,345,
hakama lift,0,345,
wavebox,0,345,
torn bow,0,345,
shichirin,0,345,
one eye in shadow,0,345,
grey car,0,344,gray car
disheveled,0,344,
hair hanging down,0,344,
artist glove,0,344,drawing glove
large earrings,0,344,
licking cum,0,344,
holding hair ornament,0,344,
unworn ribbon,0,344,ribbon removed
saya (scabbard),0,344,
ice pack,0,344,
encasement,0,344,
serving,0,344,
mid-autumn festival,0,344,
toy airplane,0,344,toy plane
yellow hanfu,0,344,
footjob with boots,0,344,bootjob
atlas academy uniform,0,343,atlas academy school uniform
bar soap,0,343,
cable tie,0,343,"zip-tie,ziptie"
carrot-shaped pillow,0,343,carrot pillow
pyro symbol (genshin impact),0,343,
gamecube,0,343,
floating hat,0,343,
autofellatio,0,343,"auto fellatio,licking own penis,sucking own penis"
bat mask,0,343,
jacket grab,0,343,
extendable limbs,0,343,"rubber limbs,stretched limb"
arc reactor,0,343,
skeletal clothes,0,343,
light-skinned soles,0,343,
pullcart,0,343,
frog headband,0,343,
holding ears,0,343,
privacy screen,0,343,
gold headband,0,343,
packet,0,343,
iridescent hair,0,342,
cinnamiku hairstyle,0,342,
wrist tattoo,0,342,
royal guard set (zelda),0,342,
distortion (project moon),0,342,
quick ball,0,342,
colosseum,0,342,
eyewear in mouth,0,342,
ankle belt,0,342,
cs/ls06,0,342,
plaid neckerchief,0,342,
caption,0,342,
multicolored bra,0,342,
harsh words,0,342,
venus flytrap,0,342,
breast drop,0,342,
logo print,0,342,
see-through magazine (weapon),0,342,
multiple drills,0,342,
orange hood,0,342,
two-tone tank top,0,342,
black track suit,0,342,
leather vest,0,342,
margherita pizza,0,342,
triad primus (idolmaster),0,342,
drying clothes,0,342,
inverted eyelashes,0,341,
prosthetic hand,0,341,
mole (animal),0,341,
cat earrings,0,341,
movie reference,0,341,
see-through strap,0,341,
aqua fur,0,341,
computer chip,0,341,
pepper shaker,0,341,
red winter federal academy logo,0,341,
scribble,0,341,
frieren stuck in a mimic (meme),0,341,
cabin,0,341,
brown arm warmers,0,341,
katsu (food),0,341,tonkatsu
marching band baton,0,341,
mash kyrielight (cosplay),0,341,
bear ear hairband,0,341,
plaid blanket,0,341,
splat charger (splatoon),0,341,splatterscope (splatoon)
duijin ruqun,0,341,
shirt hold,0,341,
extreme gaping,0,341,
moon stick (sailor moon),0,341,moon stick
podium,0,340,winner's platform
holding crystal,0,340,
eyewear around neck,0,340,
presenting bra,0,340,
evolution stone,0,340,
watermelon seeds,0,340,
medicine bottle,0,340,
looking at ass,0,340,
bagua,0,340,
qi maid,0,340,
original remodel (kantai collection),0,340,
no navel,0,340,
skunk tail,0,340,
bloody wings,0,340,
insulated delivery bag,0,340,
cordless phone,0,340,
holding trowel,0,340,
fake blood,0,340,
circus,0,339,
pink slingshot swimsuit,0,339,
holding baton (weapon),0,339,
maid (fire emblem: three houses),0,339,
tic-tac-toe,0,339,
dressing room,0,339,
rapid punches,0,339,flurry of punches
frappuccino,0,339,
sarong lift,0,339,
spinning top,0,339,top (toy)
multiple tattoos,0,339,
mosaic background,0,339,
stuffed tiger,0,339,
vaporwave,0,339,
yellow scales,0,338,
male harem,0,338,
hands clasped in delight,0,338,
flower censor,0,338,
blood edge (stellar blade),0,338,
spitting blood,0,338,"puking blood,vomiting blood"
transforming clothes,0,338,
dress of heaven,0,338,
fire flower,0,338,
e16a zuiun,0,338,
statue of liberty,0,337,
minecraft sword,0,337,diamond sword
painting fingernails,0,337,
sitting on ball,0,337,
ribbed tank top,0,337,
squeeze bottle,0,337,
metal hair,0,337,
pixel text,0,337,
hatch,0,337,
panties under bike shorts,0,337,
dinner,0,337,
artoria pendragon (royal icing) (fate) (cosplay),0,337,
orange camisole,0,337,
brown trim,0,337,
breastless leotard,0,337,
fanta,0,337,
armored shoes,0,337,
roe,0,337,
music box,0,337,
people's republic of china flag,0,337,
vegetation,0,337,
pouncing,0,337,
order suit (splatoon),0,337,
marble (stone),0,337,
standing double penetration,0,337,
electrostimulation,0,337,
bandage on nose,0,337,
tsuzumi,0,337,
blood writing,0,337,
pinstripe thighhighs,0,337,
ichininmae no lady,0,337,
water tank,0,336,
ink stamp,0,336,
waltz (dance),0,336,
finger touching,0,336,
mummification (bound),0,336,
hands on own shoulders,0,336,
center cross lace,0,336,
omega symbol,0,336,
arcade (architecture),0,336,
french cruller,0,336,
age switch,0,336,
groping motion,0,336,
aogami high school uniform,0,336,
fuck-me shirt,0,336,
rengoku (sword) (fate),0,336,
fennec fox,0,336,
hand mouth,0,336,
gondola,0,336,
urethral beads,0,336,
sewer grate,0,336,
reverse prayer,0,335,
ak-74m,0,335,
brown bandana,0,335,
old maid,0,335,
holding lamp,0,335,
ribbon legwear,0,335,
altar,0,335,
yellow happi,0,335,
nontraditional wedding dress,0,335,
rowing,0,335,
stuffed chicken,0,335,
rice (plant),0,335,
satin bikini,0,335,
kafra uniform,0,335,
corrugated galvanized iron sheet,0,335,"corrugated galvanised iron sheet,corrugated sheet metal"
flandre scarlet (cosplay),0,335,
kochiya sanae (cosplay),0,335,
chalk drawing,0,335,
tiger hood,0,335,
holding ukulele,0,335,
prydwen (fate),0,335,
artificial flower,0,334,
buddhism,0,334,
harlequin,0,334,
hookah,0,334,
tan tattoo,0,334,tanline tattoo
tomoeda middle school uniform,0,334,
chonmage,0,334,
nero claudius (fate) (cosplay),0,334,
scar on thigh,0,334,scar on thighs
winchester model 1887,0,334,
riding outfit,0,334,equestrian outfit
cloud hair,0,334,
serving dome,0,334,cloche (tableware)
glowing arm,0,334,
coat lift,0,334,
tam (ragnarok online),0,334,
camouflage helmet,0,334,
cucumber slice,0,334,
mango,0,334,
yakisobapan,0,334,
torn necktie,0,334,ripped necktie
edamame,0,334,
daxiushan,0,333,
gantz suit,0,333,
sock dangle,0,333,
queue,0,333,"lining up,waiting line"
tnt,0,333,
grabbed breast over shoulder,0,333,
head-mounted display lift,0,333,
sagittarius (constellation),0,333,
condom on nipples,0,333,
double-sided wrench,0,333,
bouncing pecs,0,333,
dojikko pose,0,333,
masturbating together,0,333,
slipper bathtub,0,333,
stance (vehicle),0,333,
courtroom,0,333,
voodoo doll,0,333,
flyer,0,333,
cheek on glass,0,333,
flower halo,0,333,
film reel,0,332,
right-hand drive,0,332,
holding vase,0,332,
playstation 2,0,332,
cum in navel,0,332,
nen (hunter x hunter),0,332,
grey tunic,0,332,
extra breasts,0,332,
airgetlam (fate),0,332,
stuffed horse,0,332,
monstera deliciosa,0,332,
tree-topper,0,332,
fabarm fp6/sdass,0,332,"fabarm fp6,fabarm sdass,fp-6"
security shutter,0,331,
chopping,0,331,
salt bae (meme),0,331,
walking towards viewer,0,331,
lipstick mark on chest,0,331,
h (letter),0,331,
karaginu mo,0,331,
salamander,0,331,
untied ribbon,0,331,
action figure,0,331,
kisaki (blue archive) (cosplay),0,331,
ass worship,0,331,
gradient boots,0,331,
zoo,0,331,
waterpark,0,331,
adapted weapon,0,331,
studded garter belt,0,331,
pot on head,0,331,
cat paw,0,330,
through ground,0,330,
chest freckles,0,330,
pyroxene (blue archive),0,330,
mating season,0,330,
two-sided veil,0,330,
holding nunchaku,0,330,
oversized zipper,0,330,
catcher (baseball),0,330,
twirl baton,0,330,
double finger heart,0,330,
pajamas challenge (meme),0,330,t-shirt challenge
sweets bird,0,330,
airplane wing,0,330,
familymart,0,330,
semi-circular eyewear,0,330,semicircular eyewear
lolibaba,0,330,paleololi
spiked horns,0,330,
jackal girl,0,330,
bear position,0,329,
enoshima junko (cosplay),0,329,
smash invitation,0,329,
slurping,0,329,
breast size difference,0,329,
small head,0,329,
rakuyo (bloodborne),0,329,
choujuu gigaku,0,329,
clothed male underwear female,0,329,
blood type,0,329,
yellow leaves,0,329,
finger frame over eye,0,329,
triangle (instrument),0,329,
snow boots,0,329,
frilled pants,0,329,
bloody handprints,0,328,
command input,0,328,motion input
colored fingertips,0,328,
orange tongue,0,328,
night vision effect,0,328,
linea nigra,0,328,
dough,0,328,
bug type theme (pokemon),0,328,
acog,0,328,
spiral background,0,328,
checkered wall,0,328,
chemistry,0,328,
parakeet,0,328,
blue garter straps,0,328,
frilled bracelet,0,328,
status effect,0,328,
holding saw,0,328,holding hacksaw
panties in mouth,0,328,
entry plug,0,328,
argyle sleeves,0,328,
pp tenshi t-shirt,0,328,
sitting on fence,0,327,
bandaid on foot,0,327,
colored anus,0,327,
unconventional vehicle,0,327,
politics,0,327,
speculum,0,327,
yellow gauntlets,0,327,
tokarev tt-33,0,327,type 54 black star
bb (fate) (cosplay),0,327,
shared drink,0,327,
freesia (flower),0,327,
rhongomyniad (fate),0,327,
brown horse,0,327,
arena,0,327,
stuffed seal,0,327,
receipt,0,327,
veiny testicles,0,327,
sandstar,0,327,
ice cream on face,0,327,
synthesizer,0,327,
white facepaint,0,326,
beach house,0,326,
holding tool,0,326,
earmuffs around neck,0,326,
bat tattoo,0,326,
lobelia (flower),0,326,
diamond in eye,0,326,
pushing wheelchair,0,326,
no animal ears,0,326,
blue surcoat,0,326,
licking food,0,326,licking fruit
stationery,0,326,
saliva on breasts,0,326,
scarf pull,0,326,
unworn vest,0,326,vest removed
marigold,0,326,
unamused friend comic (meme),0,326,
mosquito,0,326,
panties day,0,326,
pork,0,326,
sleeve slit,0,325,
hornet (hollow knight) (cosplay),0,325,
spread cleavage,0,325,
grey headband,0,325,
supporting another's weight,0,325,
naked gloves,0,325,
towel on arm,0,325,
stepping stones,0,325,
sitting on arm,0,325,
white devil,0,325,
two-tone neckerchief,0,325,
soviet flag,0,325,
harmonica,0,325,
belt charm,0,325,
mad hatter (alice in wonderland) (cosplay),0,325,
gith (d&d),0,325,
tsukumogami,0,325,
group pose,0,325,
reversible couple,0,325,
year 1 & year 2 (squid game) (meme),0,325,
keizoku (emblem),0,325,
coin mask,0,325,
invisible wall,0,325,
turretless tank,0,325,
scared to sleep alone,0,325,
gyuudon,0,325,
back hair,0,324,
claw hair clip,0,324,
tiptoe kiss,0,324,
thour (meme),0,324,
holding telescope,0,324,
anpan,0,324,
unworn blindfold,0,324,blindfold removed
yellow shrug,0,324,
chipmunk,0,324,
lantern on liquid,0,324,
jessie (pokemon) (cosplay),0,324,
cummerbund,0,324,
heart cure watch,0,324,
axent wear,0,324,
wasabi,0,324,
vitarka mudra,0,324,
matryoshka doll,0,323,
implied after fellatio,0,323,
fluffy legwear,0,323,
food-themed necklace,0,323,
smother,0,323,
cloaca,0,323,
spiked wristband,0,323,
orange cloak,0,323,
clover-shaped pupils,0,323,
underwater sex,0,323,
poi (goldfish scoop),0,323,
u's 1st years,0,323,
tryzub,0,323,
pillow humping,0,323,pillow sex
doll (nikke),0,323,
naked raincoat,0,323,
hole in head,0,323,
applying bandages,0,323,
swirling,0,323,
your bra strap is showing (meme),0,322,
dark magician girl (cosplay),0,322,
saliva swap,0,322,
triple amputee,0,322,
duck innertube,0,322,
super saiyan rose,0,322,
nude modeling,0,322,
catfish,0,322,
media player interface,0,322,
dress over shirt,0,322,
blue moon,0,322,
spinning weapon,0,322,"twirling knife,twirling weapon"
pecjob,0,322,"male paizuri,pec fuck,pecfuck"
excalibur (fate/prototype),0,322,
camel,0,322,
kiss meter (meme),0,322,
gris swimsuit,0,322,
medjed (fate) (cosplay),0,322,
tricycle,0,322,
refrigerator interior,0,322,
bard,0,321,
biting shoulder,0,321,
hooded kimono,0,321,
red hiphighs,0,321,
cross hat ornament,0,321,
stag beetle,0,321,
nipple stimulation (female on male),0,321,
yomiyama north junior high school uniform,0,321,
color-coded,0,321,
taishou,0,321,
falling star,0,321,
whisp,0,321,
barre,0,321,
goron,0,321,
blood on shoes,0,321,
guy tired after sex (meme),0,321,
haki (one piece),0,321,
pretzel bikini,0,320,
2001,0,320,
two-finger handjob,0,320,
meowing,0,320,
mobile trace suit,0,320,
heartsteel (league),0,320,heartsteel (league of legends)
japan ground self-defense force,0,320,
fetus,0,320,
hair scarf,0,320,
seasons,0,320,
cleaning pool,0,320,
naked bowtie,0,320,
white bustier,0,320,
checkered neckerchief,0,320,
yellow wrist cuffs,0,320,
wrong hand,0,320,wrong hands
hand under shorts,0,320,
sotoba,0,320,
judge,0,320,
black facial hair,0,320,
upright piano,0,320,
eating non-food,0,320,pica
creeparka,0,320,
thigh armor,0,319,
riot shield,0,319,
bow print,0,319,
kindergarten teacher,0,319,
plain,0,319,
unofficial sailor senshi uniform,0,319,sailor senshi costume
kfp,0,319,
black santa costume,0,319,
animal background,0,319,
blue cat,0,319,
military truck,0,319,
panda hat,0,319,
psycho frame,0,319,
pussy jewelry,0,319,vaginal jewelry
gasp,0,319,
smelly armpits,0,319,
lipps (idolmaster),0,319,
lowered eyelids,0,319,
wicker basket,0,319,
recruiters (disney),0,319,
mihama junior high school uniform,0,319,
traffic barrier,0,319,
aqua outline,0,319,
bookstore,0,318,
wilted ahoge,0,318,
stay gold clan (umamusume),0,318,
holding razor,0,318,
snake wrapped around body,0,318,
shipping (fandom),0,318,relationshipping
extra teeth,0,318,
game boy advance (original),0,318,
two-sided hoodie,0,318,
numbers' uniform,0,318,
sakura kyoko (cosplay),0,318,
karate chop,0,318,chop
ganbaru pose,0,318,
lotus root,0,318,
leopard boy,0,318,
itasha,0,318,
broken bottle,0,318,
amarr empire (eve online),0,318,
pink bridal gauntlets,0,318,
virgo (constellation),0,318,
kissing animal,0,318,
crocodile girl,0,317,
ukrainian text,0,317,
glowing feather,0,317,
haori on shoulders,0,317,
corner,0,317,
trembling legs,0,317,
f-15 eagle,0,317,f-15j eagle
trailer,0,317,
holding computer mouse,0,317,holding mouse (computer)
tawawa challenge,0,317,
elephant ears,0,317,
blue tattoo,0,317,
red assault visor,0,317,
hollow (zenless zone zero),0,316,
white neck warmer,0,316,
zippo lighter,0,316,
holojustice,0,316,
frieren (cosplay),0,316,
rainbow hairband,0,316,
head on hands,0,316,
partially immersed,0,316,
quarter rest,0,316,
holding ornament,0,316,
veil lift,0,316,
geo symbol (genshin impact),0,316,
purple leg warmers,0,316,
july,0,316,
dress vest,0,316,
mvp,0,316,
baluster,0,316,
doghouse,0,316,
kneeing,0,315,knee kick
taut sweater,0,315,
smelling armpit,0,315,
ss insignia,0,315,
shoe loss,0,315,
sun shower,0,315,sunny rain
brown mask,0,315,
vivid bad squad (project sekai),0,315,
elevator door,0,315,
fur-trimmed sweater,0,315,
coat rack,0,315,"hat rack,hat stand"
stuffed wolf,0,315,
face in crotch,0,315,
carabiner,0,315,
print umbrella,0,314,
polka dot one-piece swimsuit,0,314,
no prosthetic arm,0,314,
snowboarding,0,314,
nose art,0,314,
finger cannon,0,314,
sao survivor school uniform,0,314,
saikai academy school uniform,0,314,saikai academy uniform
floorplan,0,314,
yogurt,0,314,
playstation logo,0,314,
triple ryuunen,0,314,
selection university (emblem),0,314,
powerful breasts,0,313,
grey pajamas,0,313,
afterburner,0,313,
mole beside mouth,0,313,
whale shark,0,313,
fear of ghosts,0,313,"afraid of ghosts,phasmophobia"
sai (weapon),0,313,
pisces (constellation),0,313,
electric kettle,0,313,
group incest,0,313,
entrails,0,313,
wrists extended,0,313,
holding bandages,0,313,
fox costume,0,313,
mandrake,0,313,
yari,0,312,
hishimochi,0,312,
pink garter straps,0,312,
blank page,0,312,
argyle scarf,0,312,
glitter makeup,0,312,
blender (object),0,312,
middle eastern architecture,0,312,arabian architecture
pill in mouth,0,312,pill on tongue
1up,0,312,
diving helmet,0,312,
ouran high school uniform,0,312,
pushing down,0,312,
go back!,0,312,
oversized hat,0,312,
cinnamon stick,0,311,
car crash,0,311,
affinity sunglasses (blue archive),0,311,
june,0,311,
aqua capelet,0,311,
projector,0,311,
stomach focus,0,311,
lubrication,0,311,
speech stab,0,311,
fake box art,0,311,
amekaji gyaru,0,311,
yaoi (object),0,311,
palm-fist greeting,0,311,
turtle boy,0,311,
restraints,0,311,
mitsubishi motors,0,311,
wooden shield,0,311,
bandage on leg,0,310,
unworn hairclip,0,310,hairclip removed
broken moon,0,310,
collarbone piercing,0,310,
sprout on head,0,310,
orange sandals,0,310,
apron tug,0,310,
checkered thighhighs,0,310,
samba costume,0,310,
pikachu tail,0,310,
lcb uniform (project moon),0,310,
saishi,0,310,
plaid pillow,0,310,
tera orb,0,310,
capricorn (constellation),0,310,
hope's dusk (apex legends),0,310,wraith's kunai
wet shorts,0,310,
skunk girl,0,310,
hopping,0,309,
aqua sclera,0,309,
waiting for kiss,0,309,
arabesque (pose),0,309,
no parking sign,0,309,
female footjob,0,309,foot on pussy
bumping,0,309,
aries (constellation),0,309,
decorating baked goods,0,309,
semi truck,0,309,
water world,0,309,
junk,0,309,
black rabbit (animal),0,309,
firing at viewer,0,309,
blacked (phrase),0,309,
checkered blanket,0,308,
candy bar,0,308,
mermaid dress,0,308,
bridgeless bra,0,308,
body bridge,0,308,
latex bikini,0,308,
squeezing cheeks,0,308,
team galactic uniform,0,308,
cup size,0,308,
stomach day,0,308,
against rock,0,308,
pov cheek warming (meme),0,308,
tadpole,0,308,
chain around neck,0,308,
cockatiel,0,308,
spring rider,0,308,
firefighter helmet,0,308,fire helmet
bad end precure,0,308,
skiing,0,308,
gradient cape,0,308,
sitting on own tail,0,308,
pterosaur,0,308,"pteranodon,pterodactyl"
gingham shirt,0,308,
nice nature (umamusume) (cosplay),0,308,
multicolored rose,0,308,
2024 pokemon teraleak,0,308,
chloroform,0,307,
radar dish,0,307,
england,0,307,
remilia scarlet (cosplay),0,307,
claw mark,0,307,
turtleneck one-piece swimsuit,0,307,
jiaoling ruqun,0,307,
metal mask,0,307,steel mask
august,0,307,
torn robe,0,307,ripped robe
nissan skyline gt-r,0,307,
patting lap,0,307,
awakening (sennen sensou aigis),0,307,
chevron (symbol),0,307,
earth eleven,0,307,
high school girls posing for google street view (meme),0,307,
bus stop sign,0,307,
majin symbol,0,307,
grey tube top,0,306,
idol heart brooch (precure),0,306,idol heart brooch
fur-trimmed bodysuit,0,306,
ass blush,0,306,
hoverboard,0,306,hover board
wheel o feet,0,306,
grey tongue,0,306,
eldar,0,306,aeldari
self character print,0,306,
dartboard,0,306,
go-kart,0,306,
see-through shrug,0,306,
single loose sock,0,306,
dodecagram,0,306,
mixed maids,0,306,
wireless,0,306,
stuffed mouse,0,306,
transparent seat,0,306,glass chair
dawn (pokemon) (cosplay),0,306,
seabird,0,306,
forced oral,0,306,
m1 garand,0,306,
dress under shirt,0,306,shirt over dress
beard over mouth,0,306,
kodachi,0,306,
left-hand drive,0,306,
maruman sketchbook,0,306,
german shepherd,0,306,
princess peach (cosplay),0,305,
fur skirt,0,305,
bola (weapon),0,305,
heart pouch,0,305,
kokeshi,0,305,
squeezing testicles,0,305,
forced partners,0,305,mutual rape
lily print,0,305,
panther boy,0,305,
pink headscarf,0,305,
black negligee,0,305,
fusion dance,0,305,
silver circlet,0,305,
hand on another's forehead,0,305,
holding tissue,0,305,
ice shard,0,305,
bullet earrings,0,305,
dining room,0,305,
thaumiel (zenless zone zero),0,305,
see-through slingshot swimsuit,0,305,
knife hair ornament,0,304,
sandbag,0,304,
dialogue,0,304,
fur-trimmed bra,0,304,
watermelon beachball,0,304,
label,0,304,
snake wrapped around neck,0,304,
russian empire,0,304,
praetor suit,0,304,
black fundoshi,0,304,
holding kinchaku,0,304,
blue penis,0,304,
shears,0,304,
rainbow text,0,304,
headlight beam,0,304,
fairy type theme (pokemon),0,304,
glowing mask,0,304,
dressed shadow (meme),0,304,
red leash,0,304,
illumination stars (idolmaster),0,304,
fur hood,0,304,
thompson/center contender,0,304,
side ponytail with hair base,0,304,
palace,0,304,
1990s fashion,0,304,
;|,0,304,
birthday connection,0,304,same birthday
mimicry (e.g.o),0,304,
finger under clothes,0,304,
elbowing,0,304,
negai wa itsuka asa wo koete (project sekai),0,304,"hope will someday go beyond the morning (project sekai),someday this wish will transcend the morning sky (project sekai)"
battleship (eve online),0,304,
towel rack,0,304,
solar panel,0,304,
plastic wrap,0,304,saran wrap
usada pekora (cosplay),0,304,
removing pasties,0,304,
wooden stool,0,304,
latex panties,0,303,
padlocked chastity cage,0,303,
male spitroast,0,303,
mars (planet),0,303,
unworn collar,0,303,collar removed
barber cape,0,303,
planted knife,0,303,
silver belt,0,303,
frilled cape,0,303,
beaver tail,0,303,
stepping on non-human,0,303,
penguin logistics (arknights),0,303,
gallente federation (eve online),0,302,
stuffed dragon,0,302,
parksolian (infinity nikki),0,302,
boku no hero academia 2nd popularity poll,0,302,2nd popularity poll (boku no hero academia)
slit throat,0,302,
purikura,0,302,
biting another's hand,0,302,
alarm siren,0,302,
donkey ears,0,302,
cross calibur (fate),0,302,
knife in mouth,0,302,
gyari (imagesdawn) (style),0,302,
404 logo (girls' frontline),0,302,
half up bun,0,302,
radio tower,0,302,
eyebrows visible through hat,0,302,
crying aqua (meme),0,302,
warehouse,0,302,
balloon animal,0,302,
pink liquid,0,302,
striped wrist cuffs,0,302,
ashiyu,0,302,
christianity,0,302,
veiny neck,0,302,
re;iris (idolmaster),0,302,
seaside,0,302,
chireiden,0,302,
mackintosh rose,0,302,
sakakino academy school uniform,0,302,
floating armor,0,301,
boys anti tank rifle,0,301,
gold panties,0,301,
uchiha symbol,0,301,
cloud background,0,301,
giraffe tail,0,301,
hexagram hair ornament,0,301,
pec pov (meme),0,301,yur oc like this (meme)
e-liter 4k (splatoon),0,301,
moai,0,301,
good breasts day,0,301,
mihama private academy school uniform,0,301,
paw sleeves,0,301,
breeding mount,0,301,
transparent ball,0,301,
hip flask,0,301,
brown hiphighs,0,301,
burmecian,0,301,
grey slippers,0,301,
jaw,0,300,
polka dot apron,0,300,
legless amputee,0,300,
chain between breasts,0,300,
see-through midriff,0,300,transparent midriff
bound breasts,0,300,
h&k mp5k,0,300,
paper kabuto,0,300,
mizuna girls' academy school uniform,0,300,
roulette,0,300,
black dog,0,300,
transparent fan,0,300,
calamity queller (genshin impact),0,300,
gazelle ears,0,300,
brown loincloth,0,300,
game boy color,0,300,
kissing nose,0,300,
spread anus under clothes,0,300,
print hakama,0,300,
trim brush,0,300,
skating rink,0,300,
cecilia flower (genshin impact),0,300,
first aid,0,299,
argyle hat,0,299,
deck of cards,0,299,card deck
footjob from behind,0,299,
drawn horns,0,299,
two side up with braided base,0,299,
viewer holding weapon,0,299,"fps view,pov weapon"
tiktok username,0,299,
inflatable shark,0,299,
high braided ponytail,0,299,
feature scout 1 (ensemble stars!),0,299,
gag under mask,0,299,
narehate,0,299,
karakusa (pattern),0,299,
kankaku shadan,0,299,"sense blocking pit,unawareacles"
wall shelf,0,298,
fatherly,0,298,
heart tail duo,0,298,
striped wristband,0,298,
robot bird,0,298,mechanical bird
womb massage,0,298,"vibrator on stomach,vibrator on womb"
67 (meme),0,298,
outstretched crossed arms,0,298,
chronopattern dress,0,298,
forced perspective,0,298,
mamianqun,0,298,
smith & wesson m&p,0,298,
recording studio,0,298,
genba neko (meme),0,298,
palanquin ship,0,298,
yoko littner (cosplay),0,298,
u.a. cheerleader uniform,0,298,
stormtrooper,0,298,
shadaloo dolls,0,298,
fallopian tubes,0,298,
weimao,0,297,
purple haori,0,297,
no hands,0,297,
iced tea,0,297,
flying type theme (pokemon),0,297,
belt bow,0,297,
tied sweater,0,297,
eighth rest,0,297,
holding down headwear,0,297,
swimsuit tug,0,297,
asymmetrical eyes,0,297,
shirt cut meme,0,297,shirt cut (meme)
fingerprint,0,297,
kusarigama,0,297,
mizukawa school uniform,0,297,
rainbow hair ornament,0,297,
nissan silvia,0,297,
argyle sweater vest,0,297,
birch tree,0,297,
gold bowtie,0,297,
striped cape,0,296,
green wrist cuffs,0,296,
horse print,0,296,
broken condom,0,296,torn condom
unexpectedly good,0,296,
mug writing,0,296,
aqua apron,0,296,
honeypot,0,296,
kukri,0,296,
blue apple,0,296,
webcam,0,296,
holding tripod,0,296,
dynamo roller (splatoon),0,296,
around corner,0,296,
tail masturbation,0,296,
first high school uniform,0,296,
rope walking,0,296,
2011 tohoku earthquake and tsunami,0,296,2011 sendai earthquake and tsunami
floor lamp,0,296,
purple slippers,0,295,
head on knees,0,295,
purple tube top,0,295,
red cross tie,0,295,
cereal,0,295,
ass-to-ass penetration,0,295,
denim vest,0,295,
kanchou,0,295,
american football (object),0,295,
biomechanical,0,295,
visual kei,0,295,
black horse,0,295,
striped towel,0,295,
war fan,0,295,
broken cup,0,295,
nightshirt,0,295,
x fingers over mouth,0,295,
amphoreus (honkai: star rail),0,295,
apple juice,0,295,
badge (pokemon),0,295,gym leader badge
playable character celebration,0,295,out of npc jail
mixing,0,295,
shining,0,295,
hufflepuff,0,295,
three-wheeler,0,295,
limbus kindergarten uniform,0,295,
glowing hot,0,295,
brown eyeshadow,0,294,
crescent ornament,0,294,
shuten douji (fate) (cosplay),0,294,
valve,0,294,
stepping on viewer,0,294,stepping on frame
dustpan,0,294,
ascii art,0,294,
holding legwear,0,294,
chamomile,0,294,
gyarugasaki,0,294,
single ankle cuff,0,294,
hair over crotch,0,294,
character hat ornament,0,294,
borrowed weapon,0,294,
boar ears,0,294,
holding sunscreen,0,294,
splat bomb (splatoon),0,294,
okamochi (container),0,294,
living weapon,0,294,
dryad,0,294,
simulated facial,0,294,suggestive fluid on face
frilled anklet,0,294,
fishing net,0,294,
energy shield,0,293,holographic shield
detached horns,0,293,
persona eyes,0,293,
boonie hat,0,293,
food-themed hat ornament,0,293,
april,0,293,
foot wraps,0,293,
fishnet fabric,0,293,
cat slippers,0,293,
bulges touching,0,293,
bras d'honneur,0,293,bicep slap
foot massage,0,293,
multiple halos,0,293,
politician,0,293,
dream c club uniform,0,293,
barking,0,293,
green penis,0,293,
orange helmet,0,293,
washtub,0,293,washpan
anti-rain (girls' frontline),0,293,
marlboro,0,293,
i've never seen a guy recreate this successfully tbh (meme),0,293,
sword fingers,0,293,
capsule corp,0,293,
mandragora,0,293,
bow swimsuit,0,293,
nose picking,0,292,
cat loaf,0,292,
gloves over elbow gloves,0,292,
superhero landing,0,292,hero landing
lion head (ornament),0,292,
gibson brands inc,0,292,
striped innertube,0,292,
clitoral stimulation through clothes,0,292,clitoral stimulation through clothing
human village (touhou),0,292,
drawn eyes,0,292,drawn on eyes
head mirror,0,292,
ember celica (rwby),0,292,
panty mask,0,292,
white facial hair,0,292,
pokemon center,0,292,
kerosene heater,0,292,
xbox 360,0,292,
bruise on stomach,0,291,
gold bow,0,291,
frilled dress collar,0,291,
yellow serafuku,0,291,
pink top,0,291,
gas station,0,291,petrol station
clawed gloves,0,291,
stg44,0,291,
smelling underwear,0,291,
bilibili logo,0,291,
prosthetic weapon,0,291,
no choker,0,291,
tube socks,0,291,
scoreboard,0,291,
flapper shirt,0,291,
titan (titanfall),0,291,
nitori electronics (touhou),0,291,
hand on belt,0,291,
hacksaw,0,291,
misato west high school uniform,0,291,
holding pill,0,291,
golden spiral,0,291,golden ratio
1960s (style),0,291,
parfait glass,0,291,
octopus hair ornament,0,291,
chest markings,0,291,
telnyashka,0,291,
snake on head,0,291,
holding ema,0,291,
golden egg (splatoon),0,291,
origami bird (honkai: star rail),0,291,
severed torso,0,290,
snail shell,0,290,
cat o-ring,0,290,
on blanket,0,290,
nakabayashi yoshitaka's maid uniform,0,290,
azrael (sword) (fate),0,290,
oppai challenge,0,290,
chicken costume,0,290,
poem,0,290,
in snow globe,0,290,
ooarai volleyball uniform,0,290,
fish-shaped pupils,0,290,
jeweled crown,0,290,
pantograph,0,290,
tokiwadai school swimsuit,0,290,
dripping sweat,0,290,
studio,0,290,
sharing,0,290,
obsidian slasher,0,290,
anteater tail,0,290,
moriya family (touhou),0,290,
unlit cigarette in mouth,0,290,
body exploration,0,289,
hobble dress,0,289,
pillow fight,0,289,
not for sale,0,289,
shirt down,0,289,
black snake,0,289,
bladder,0,289,
naked costume,0,289,
soup ladle,0,289,
subsurface scattering,0,289,
churchill (tank),0,289,
rain poncho,0,289,
sailor one-piece swimsuit,0,289,
tri rod,0,289,
japanese postal mark,0,289,
floral (idolmaster),0,289,
animal name,0,289,
arm on own leg,0,288,
birthday date,0,288,
hell,0,288,
water tower,0,288,
ring (sonic),0,288,
drinking blood,0,288,
layered shorts,0,288,
head under another's clothes,0,288,
n-zap (splatoon),0,288,
id photo,0,288,
gender transitioning (mtf),0,288,
flower pin,0,288,
cum in bowl,0,288,
babylonia (fate/grand order),0,288,
katsuyamamage,0,288,
yakumo yukari (cosplay),0,288,
cocoon,0,288,
corneal scar,0,288,
four-leaf clover earrings,0,288,
marriage certificate (object),0,288,
brown one-piece swimsuit,0,288,
gimp suit,0,288,
geisha,0,288,
snowman hair ornament,0,287,
cumdrip onto panties,0,287,
embroidered dress,0,287,
ink on face,0,287,
glowing tail,0,287,
crown (symbol),0,287,
surprise hug,0,287,
chinese wedding,0,287,
aquarius (constellation),0,287,
balkenkreuz,0,287,
clawed hands,0,287,
mushroom cloud,0,287,
breast-to-pectoral docking,0,287,
hololive summer 2022 swimsuit,0,287,
squid hat,0,287,
slime censor,0,287,
charles schulz (style),0,287,
hands on own feet,0,287,
under shot,0,287,
checkmark,0,287,
clown mask,0,287,
open happi,0,287,
^q^,0,286,^p^
collared pajamas,0,286,
berserker armor,0,286,
holding drawing tablet,0,286,
paneled background,0,286,
no cardigan,0,286,
leg wings,0,286,
grey hanfu,0,286,
burning clothes,0,286,
pushing face,0,286,
euphemism,0,286,
cross-laced gloves,0,286,
hip attack,0,286,
doll on head,0,286,
ant girl,0,286,
team flare,0,286,
otoshidama,0,286,
kawaii boku to 142's (idolmaster),0,286,
behind bars,0,286,
stuffed pig,0,286,
toe sucking,0,286,
imperial aquila,0,286,
explosion gag,0,286,
spade pasties,0,286,
stielhandgranate,0,286,
shedding,0,286,"molting,moulting"
runway,0,286,landing strip (aircraft)
vector circles,0,285,
pink bonnet,0,285,
body chain,0,285,
black cross tie,0,285,
toyota sprinter trueno,0,285,"toyota ae85,toyota ae86,toyota corolla levin"
fixed-point camera,0,285,
waistband,0,285,
pokemon ability,0,285,
dim sum,0,285,
red fire,0,285,
x-ray film,0,285,
sprain,0,285,
holly hat ornament,0,285,
cross-laced pants,0,285,
chrysos heirs (honkai: star rail),0,285,
year of the monkey,0,285,
recharging,0,285,
macintosh,0,285,
gradient bow,0,285,
bamboo slips,0,285,bamboo scroll
homicipher text,0,285,
black assault visor,0,285,
tent interior,0,285,
full-stop office (identity) (project moon),0,285,
double bikini,0,285,
sunburn,0,285,
tsuruga school uniform,0,285,
bonk,0,285,
skirt around ankles,0,285,
no ears,0,285,
welrod,0,284,welrod mk2
minnie mouse ears,0,284,
technology liberation alliance (identity) (project moon),0,284,
character balloon,0,284,
himekaji,0,284,
rugby uniform,0,284,
fir tree,0,284,
licking navel,0,284,
chest hair peek,0,284,
wrist blades,0,284,
egyptian art,0,284,
shooting star hair ornament,0,284,
mushroom print,0,284,
dress ruff,0,284,
teitan high school uniform,0,284,
sugar bowl,0,284,
cocking gun,0,284,racking slide
jet engine,0,284,
true crime,0,284,
iwi tavor,0,284,imi tavor tar-21
overflowing,0,284,
hostess,0,284,
price list,0,284,
winter gloves,0,283,
bikini bottom around leg,0,283,
cantaloupe,0,283,muskmelon
kawasaki (company),0,283,
sigil,0,283,
interrupted,0,283,
leaf in mouth,0,283,
silver bangle,0,283,
taking cover,0,283,
mora (genshin impact),0,283,
tactical gloves,0,283,
armpit stubble,0,283,
licking blade,0,283,licking knife
mamono with mamono,0,283,"monster people sex,monstrous relationship"
mg mg,0,283,
jingle bell earrings,0,283,
key frame,0,283,
jupiter symbol,0,283,
playing with hair,0,283,
diagonal-striped skirt,0,283,
feathered dragon,0,283,
royal navy,0,283,
cross-laced jacket,0,283,
snow on tree,0,283,
face of the people who sank all their money into the fx (meme),0,283,
paper child,0,283,
halftone outline,0,283,
holding saxophone,0,283,
pectoral lift,0,283,
riding bird,0,283,
hand chains,0,283,
bat tail,0,283,
nub chastity cage,0,282,
thigh freckles,0,282,
brazilian miku (cosplay),0,282,
spiked cape,0,282,
cubicle,0,282,
artstation logo,0,282,
genius invokation tcg,0,282,
elasticity,0,282,
red lightning,0,282,
sagiri (kancolle) (cosplay),0,282,
uma summer (umamusume),0,282,
skipping,0,282,
penis sheath,0,282,
see-through capelet,0,282,transparent capelet
ranoa magic academy school uniform,0,282,
year of the goat,0,282,year of the sheep
pokestar studios,0,282,
strapless bodysuit,0,282,
double cheek kiss,0,282,
digital hazard,0,282,
assisted fellatio,0,282,
covered fellatio,0,281,
fiat,0,281,
triangle nose,0,281,
print mask,0,281,
furin (bell),0,281,
soft focus,0,281,
product girl,0,281,
hands on penis,0,281,
volumen hydragyrum (fate),0,281,
night battle idiot,0,281,
akihabara (tokyo),0,281,
animal-shaped pillow,0,281,animal pillow
title page,0,281,
pussy juice on face,0,281,
as i've written (honkai: star rail),0,281,
sari,0,280,
on weapon,0,280,
giraffe girl,0,280,
hair blush,0,280,
fumizuki academy school uniform,0,280,
knee brace,0,280,
table knife,0,280,
holding pinwheel,0,280,
lotus print,0,280,
animal between breasts,0,280,
brown bridal gauntlets,0,280,
hair visible through wig,0,280,
mandala,0,280,
emoji censor,0,280,
dress flip,0,280,
secret stone,0,280,
gentiana (flower),0,280,
ice bucket,0,280,
blind obsession (e.g.o),0,280,
cinderella bust,0,280,
soccer field,0,280,
impossible towel,0,280,
youtube username,0,280,
rainbow skirt,0,280,
teri derp (meme),0,279,
purple nightgown,0,279,
cinq association east uniform,0,279,
mandalorian,0,279,
purple facial hair,0,279,
acrylic stand (object),0,279,
partially cracked egg,0,279,
aqua sarong,0,279,
doormat,0,279,
october,0,279,
cruiser,0,279,
thigh scrunchie,0,279,
gibbous moon,0,279,
#unicus (idolmaster),0,279,#lookingforaunitname (idolmaster)
print shoes,0,279,
holoforce,0,279,
mini shako cap,0,279,
two side up with hair base,0,279,
sun necklace,0,279,
attack ship (eve online),0,278,
thors military academy class vii uniform,0,278,
algae,0,278,
print bag,0,278,
food-themed pillow,0,278,
cum bath,0,278,
sports sunglasses,0,278,
sapling,0,278,
blackberry (fruit),0,278,
non-pubic inmon,0,278,
pencil mustache,0,278,
swimsuit theft,0,278,stealing swimsuit
bandaid on breast,0,278,
blue negligee,0,278,
christmas nightmare (e.g.o),0,278,
howling,0,278,
zebra,0,278,
jammers,0,278,
checkered apron,0,278,
stomach jewel,0,278,
shinsengumi (gintama),0,278,
apple tree,0,278,
anvil,0,278,
public urination,0,277,
legskin,0,277,
smoothie,0,277,
drinking fountain,0,277,drinking water fountain
orange male underwear,0,277,
listening,0,277,
vomiting cum,0,277,puking cum
towel on legs,0,277,
butterfly mask,0,277,
tasmanian devil tail,0,277,
noah (d.gray-man),0,277,
shutter shades,0,277,
sitting on torii,0,277,
lasso of truth,0,276,
cross piercing,0,276,
countdown timer,0,276,
st. miator school uniform,0,276,
roasting,0,276,
hot limit,0,276,
honnoji academy school uniform,0,276,honnoji academy uniform
jirou (ramen),0,276,
desire driver,0,276,
qbz-95,0,276,
chinchilla girl,0,276,
hand on sheath,0,276,
aoki ume (style),0,276,
philosopher's stone,0,276,
blue tiara,0,276,
staff (ff10),0,275,
thumb (identity) (project moon),0,275,
pussy press,0,275,
lpvo,0,275,
hand gagged,0,275,
throwing person,0,275,
print bridal gauntlets,0,275,
tug,0,275,
flower bikini,0,275,
wooden pencil,0,275,
standing leg lock,0,275,
trim marks,0,275,
gladiolus,0,275,
husband and wives,0,275,husband and wife and wife
horseshoe print,0,275,
3 3,0,275,
striped sports bra,0,275,
holding compact,0,275,
hoof shoes,0,275,
remnant cube (wuthering waves),0,275,
triceratops,0,275,
fn five-seven,0,275,five-seven (gun)
snowscape,0,275,
making faces,0,275,
changing seasons (touhou),0,275,
brown facial hair,0,275,
red-crowned crane,0,275,
holding snow globe,0,275,
manhole,0,275,
mid-stride,0,275,
fast helmet,0,274,
red ocean,0,274,
grey scales,0,274,
hugging own leg,0,274,
printer,0,274,
lamia boy,0,274,
inugami-ke no ichizoku pose,0,274,
alternate element,0,274,
holding coffee pot,0,274,
huffing,0,274,
hecatia lapislazuli (cosplay),0,274,
balancing on head,0,274,
grey umbrella,0,274,
heat hawk,0,274,
on counter,0,273,
wasp,0,273,
bound feet,0,273,
condom in hair,0,273,
upside-down kiss,0,273,
crystallization,0,273,
o-ring bikini bottom,0,273,
red carnation,0,273,
repair bucket,0,273,
two-handed masturbation,0,273,
ohitsu,0,273,
restroom symbol,0,273,toilet symbol
raccoon hood,0,273,
rabbit choker,0,273,bunny choker
unworn cardigan,0,273,cardigan removed
gerwalk,0,273,
orion (constellation),0,273,
light nipples,0,273,
golden wings,0,273,
meal,0,273,
head ornament,0,272,
ribbed vest,0,272,
nail polish brush,0,272,
buruma under skirt,0,272,
latex skirt,0,272,
creature as food,0,272,pokemon as food
coin flip,0,272,
tnt block (minecraft),0,272,
leo/need (project sekai),0,272,
holding gun barrel,0,272,
laundry pole,0,272,
single eyebrow,0,272,
coiled,0,272,
covered armpit,0,272,
chinese peony,0,272,
moriya shrine,0,272,
bagel,0,272,
straw (stalk),0,272,
hakugyokurou,0,272,
statue of the seven,0,272,
ballroom,0,272,
construction,0,272,
orange umbrella,0,272,
flying boat,0,272,
pencil behind ear,0,271,
purple garter belt,0,271,
argentinian national soccer team uniform,0,271,
masturbating while watching,0,271,
haze,0,271,
calculator,0,271,
severed leg,0,271,
patissier,0,271,
buttoning,0,271,
finger wagging,0,271,
rebar,0,271,
ski pole,0,271,
rattail,0,271,
grey scrunchie,0,271,
desert camouflage,0,271,"desert pattern,three-color desert (camo),tri-color desert,tropentarn"
in bubble,0,271,
kokiri,0,271,
onsen symbol,0,271,
patriotism,0,271,
stone pillar,0,271,
implied tail plug,0,271,
surgeonfish,0,271,
eighteen (fate),0,271,
writing on wall,0,271,
pin (hollow knight),0,271,
winchester model 1897,0,271,
phrygian helmet,0,271,
lahti-saloranta m/26,0,271,
holotempus,0,270,
mori kei,0,270,mori girl
holding stun gun,0,270,
heishou pack-mao branch (identity) (project moon),0,270,
eavesdropping,0,270,
pearl anklet,0,270,
flandre day,0,270,
anal grip,0,270,
snail girl,0,270,
signal flag,0,270,naval flag
yellow mittens,0,270,
flower-trimmed skirt,0,270,
omnitrix symbol,0,270,
grid lineup,0,270,
kissing shoulder,0,270,
double arm hug,0,270,
porsche 911,0,270,
gift card,0,270,
million dreams (idolmaster),0,270,
kirishima uniform,0,270,
red bean paste,0,270,anko (food)
glass wall,0,270,
alternate ears,0,270,
naked armor,0,270,
pillbug,0,270,
legs behind head,0,270,
opposing sides,0,270,group confrontation
gun on bipod,0,270,
black gothic dress (idolmaster),0,270,
double \n/,0,270,
lion costume,0,270,
file cabinet,0,269,filing cabinet
luchador,0,269,
alternate animal ears,0,269,
yellow leg warmers,0,269,
eyeshadow under eye,0,269,
leather daddy,0,269,
penetrating while penetrated,0,269,penetration while penetrated
biblically accurate angel,0,269,biblically correct angel
dildo reveal,0,269,
american football (sport),0,269,
protocol omega,0,269,
biting own tail,0,269,
lounging,0,269,
savanaclaw dorm uniform,0,269,
two-tone flower,0,269,
coffee grinder,0,268,
anti-demon corps uniform,0,268,
character select,0,268,
japanese national soccer team uniform,0,268,
breast on breast,0,268,
clawed boots,0,268,
segway,0,268,
on ladder,0,268,
dualsense,0,268,
implied netorare,0,268,
serval,0,268,
soul patch,0,268,
gear print,0,268,
slimy,0,268,
doubledriver,0,268,double driver
fusion swords,0,268,
december,0,268,
holding flail,0,268,
unison (nanoha),0,268,
yellow suit,0,268,
peach blossom,0,268,
soap dispenser,0,267,
eyed silhouette,0,267,
akiha school uniform,0,267,
star on cheek,0,267,
after insertion,0,267,
pixel eyes,0,267,
snow sculpture,0,267,
rebreather,0,267,
startend (hololive),0,267,
hip hop,0,267,
penguins performance project (kemono friends),0,267,
roseate desire (e.g.o),0,267,
kashiwa mochi (food),0,267,
adjusting collar,0,267,
elpis flower,0,267,
jaeger (pacific rim),0,267,
backstage,0,267,
m60 (machine gun),0,267,
o-ring legwear,0,267,
balletcore,0,267,
deformed anus,0,267,
splat dualies (splatoon),0,267,
twitter screenshot,0,267,
ribbed swimsuit,0,267,
holding rag,0,267,
st. feles gakuen uniform,0,267,
charisma guard,0,267,charisma break (touhou)
aqua tank top,0,266,
green bird,0,266,
menpu,0,266,
uncomfortable,0,266,
upwards triangle mouth,0,266,
rope gag,0,266,
jodhpurs,0,266,
honda super cub,0,266,
pink suit,0,266,
broken screen,0,266,
leaf wings,0,266,
clothes gag,0,266,clothes gagged
kicking viewer,0,266,"incoming kick,kicking at viewer"
polka dot innertube,0,266,
sabotaged condom,0,266,piercing condom
yato (fire emblem),0,266,
rabbit earmuffs,0,266,bunny earmuffs
tv show,0,266,
legs on table,0,266,
vulcan salute,0,266,
coaster,0,266,
tribadism through clothes,0,266,tribadism through clothing
marley military uniform,0,266,
scout movement,0,266,
ball insertion,0,266,
gummy bear,0,266,
senriyama school uniform,0,266,
pug,0,266,
raimon school uniform,0,266,
handgun cartridge,0,266,
november,0,265,
drawn crown,0,265,
guqin,0,265,
wing hug,0,265,
donkey,0,265,
work gloves,0,265,
long unitard,0,265,
broken heart print,0,265,
toy train,0,265,
space habitat,0,265,space colony
on book,0,265,
mischievous straight uniform (blue archive),0,265,"aris (idol) (blue archive),aru (idol) (blue archive),hifumi (idol) (blue archive),yuuka (idol) (blue archive)"
blue whale,0,265,
on vaulting horse,0,265,
oarfish,0,265,
sword in head,0,265,
saber alter (cosplay),0,265,
kasamatsu tracen school uniform,0,265,
yuzu bath,0,265,
windshield,0,265,
bright background,0,265,
glasses day,0,264,
holding mistletoe,0,264,
palmar flexion,0,264,
facial expression training,0,264,
metal bra,0,264,
energy tank,0,264,
chopsticks in mouth,0,264,
happy easter,0,264,
holding sock,0,264,
holding chakram,0,264,
sega dreamcast,0,264,
ultramarines,0,264,
pink moon,0,264,
spyglass,0,264,
he wants to order (meme),0,264,she wants to order (meme)
brown leggings,0,264,
green shrug,0,264,
caveman,0,264,
mini cooper,0,264,austin mini
cum swap,0,264,cumswap
jerry can,0,264,jerrycan
autopaizuri,0,264,
garnet rod,0,264,
bikini bottom lift,0,264,
sparkling sweat,0,264,
gibson flying v,0,264,
supreme (brand),0,264,
marching,0,264,
lace-up,0,264,
harukawa moe (style),0,264,
blood on flower,0,264,
vertical-striped apron,0,264,
aqua pubic hair,0,264,
fatal fury cap,0,264,
thigh beads,0,264,
applying gag,0,263,
gangster,0,263,
ice type theme (pokemon),0,263,
frilled bowtie,0,263,
unfastened,0,263,
bandages over mouth,0,263,
goldfish print,0,263,
rider kick,0,263,
elevation contour lines,0,263,
growling,0,263,
weather vane,0,263,
hex nail (e.g.o),0,263,
normin (tales),0,263,
starter squad (azur lane),0,263,
cooperative buttjob,0,263,"double buttjob,multiple buttjob"
on cushion,0,263,
ofuda earrings,0,263,
skin suit (stellar blade),0,263,
liyue harbor,0,263,
ironwork,0,263,
palutena bow (kid icarus),0,263,
bad vulva,0,263,
holding tera orb,0,263,
shinto,0,263,
megastructure,0,263,
convention greeting,0,263,
motteke! serafuku,0,263,
av idol,0,263,
planted polearm,0,262,planted spear
broom surfing,0,262,standing on broom
rabbit ear legwear,0,262,bunny ear legwear
solar system,0,262,
x facial mark,0,262,
counting,0,262,
jockey,0,262,
sanitized (splatoon),0,262,
colored armpit hair,0,262,
family guy death pose (meme),0,262,
vertical-striped bow,0,262,
wet fundoshi,0,262,
gunshot wound,0,262,
triangle choke,0,262,
march,0,262,
anakt arts high school uniform,0,262,
sidecar,0,262,
guided footjob,0,262,
shaped liquid,0,262,
zwei association south (identity) (project moon),0,262,
shikai no sumi kuchiru oto,0,262,what to raise
menstruation,0,262,
bandaged ear,0,262,
dinosaur hood,0,262,
legendary shield (tate no yuusha no nariagari),0,262,
delta rune print,0,262,
sumi-e,0,262,
oversized spoon,0,261,
helping,0,261,
tinsel,0,261,
skorpion vz. 61,0,261,
holding road sign,0,261,
justice task force (blue archive),0,261,
zongzi,0,261,chimaki
zebra girl,0,261,
burger hair ornament,0,261,
aether foundation uniform,0,261,
666,0,261,
horse mask,0,261,
kashima (kancolle) (cosplay),0,261,
ocean sunfish,0,261,mola (fish)
ice cream crepe,0,261,
vietnam war,0,261,
slugcat,0,261,
cigarette holder,0,261,
vertical-striped one-piece swimsuit,0,261,vertical-striped swimsuit
pitfall,0,261,
nissin donbei,0,261,donbee (food)
winged headwear,0,261,
imminent irrumatio,0,261,
wet bikini,0,261,
post and rail fence,0,261,
human (warcraft),0,261,
fat joke,0,261,
bucket of chicken,0,261,
leaf fan,0,260,
sleeveless tunic,0,260,
penis under mask,0,260,
mechanical gloves,0,260,
stable,0,260,
tall hat,0,260,
sea serpent,0,260,
ultraviolet light,0,260,"blacklight,uv light"
lace socks,0,260,
christmas cake,0,260,
super saiyan god,0,260,
stuck in the past,0,260,
bousouzoku,0,260,
tail around arm,0,260,
sword mastery academy school uniform,0,260,sword mastery academy uniform
sleeve tied shut,0,260,
macaw,0,260,
colored veins,0,260,
electronic cigarette,0,260,
magic circuit,0,260,
color wheel challenge,0,260,
imminent vore,0,260,
alstroemeria (idolmaster),0,260,
shitty t-shirt naval base,0,260,
envy,0,260,
all-out attack,0,260,
brown jumpsuit,0,260,
seraphim (one piece),0,260,
purple liquid,0,260,
french braided twintails,0,260,
see-through nightgown,0,260,transparent nightgown
spoon hair ornament,0,260,
blue nose,0,259,
orange petals,0,259,
bloom festival (project sekai),0,259,
guillotine,0,259,
fujimaru ritsuka (female) (cosplay),0,259,
fn scar 17,0,259,
aqua feathers,0,259,
too many scoops,0,259,
konpaku youmu (cosplay),0,259,
super famicom controller,0,259,super famicom gamepad
man face,0,259,
pause button,0,259,
cum on gloves,0,259,
antelope horns,0,259,
adjusting bowtie,0,259,
dealer (gambling),0,259,croupier
carro veloce cv-33,0,259,
chullo,0,259,
checking pulse,0,259,
rem (re:zero) (cosplay),0,259,
gas cylinder,0,259,
spider-man (cosplay),0,259,
swiss flag,0,259,
frost,0,259,
back view in reflection,0,259,mirror behind
coughing blood,0,259,
bite mark on ass,0,258,
swiss cheese,0,258,
reporter,0,258,
lightning bolt facial mark,0,258,
thief,0,258,
brushing another's teeth,0,258,
the fool (tarot),0,258,
starry skin,0,258,cosmic skin
dildo harness,0,258,
ten of hearts,0,258,
black nose,0,258,
mitsukoshi (department store),0,258,
shockwave,0,258,
in cell,0,258,
carving,0,258,
nail clippers,0,258,
pequod (identity) (project moon),0,258,
frilled innertube,0,258,
bouncing hair,0,258,
floral print jacket,0,258,
fan speaking,0,258,
open cockpit,0,258,
seminar (blue archive),0,258,
brother and sister threesome,0,258,
large teddy bear,0,258,
disposable gloves,0,258,medical gloves
holding bread,0,258,
rabbit ear smartphone case,0,258,
king of spades,0,258,
wet jacket,0,258,
stuffed duck,0,258,
closing door,0,258,
cum on testicles,0,257,
bearhug,0,257,
yearning-mircalla (e.g.o),0,257,
imminent hand holding,0,257,
areola piercing,0,257,
octavinelle dorm,0,257,
tonsure,0,257,
kissing ear,0,257,
handcuff dangle,0,257,
sefirot,0,257,tree of life
removing bra under shirt,0,257,
cinq association south uniform,0,257,
can to cheek,0,257,
lemon earrings,0,257,
safety pin piercing,0,257,
top of moe 2013,0,257,moe2013
arrow tattoo,0,257,
no scarf,0,257,
london,0,257,
torn hair ribbon,0,257,
juggling club,0,257,
giant mushroom,0,257,oversized mushroom
nibbling,0,257,
basketweave,0,257,
baseball field,0,257,
hot drink,0,257,
nissan fairlady z,0,257,
brown pajamas,0,257,
ebony & ivory,0,256,
bruise on neck,0,256,
nobiiru arm,0,256,
stroller,0,256,
glass bowl,0,256,
cafeteria,0,256,
3;,0,256,
tree focus,0,256,
january,0,256,
woollen cap,0,256,
cosmic heart compact,0,256,
five of hearts,0,256,
playstation 1,0,256,"ps1,psx"
sitting on wall,0,256,
cellphone strap,0,256,
cum on figure,0,256,
missing poster,0,256,
wide mouth,0,256,
multishot rocket launcher,0,256,
checkered pillow,0,256,
piggy bank,0,256,
see-through shorts,0,255,transparent shorts
fox platoon (blue archive),0,255,
bad gun anatomy,0,255,
behind curtains,0,255,
character and own depiction,0,255,
military jeep,0,255,
gingham bow,0,255,
september,0,255,
box stack,0,255,
lazulight,0,255,
fare gate,0,255,
tracen academy,0,255,
more more jump! (project sekai),0,255,
koto (instrument),0,255,
sewer,0,255,
shi association south uniform,0,255,
staple,0,255,
akg k-series headphones,0,255,k701
fish hat,0,255,
bikkuriman (style),0,255,
toad (animal),0,255,
striped capelet,0,255,
spreading another's ass,0,255,
jungle gym,0,255,
fire axe,0,255,
pink bandeau,0,254,
holding ribbon baton,0,254,
roubai academy school uniform (old),0,254,
bath of blood,0,254,
semi-transparent,0,254,
mjolnir (marvel),0,254,
stuffed cow,0,254,stuffed bull
inarizushi,0,254,
r corp. (identity) (project moon),0,254,
amos' bow (genshin impact),0,254,
implied suicide,0,254,
rokku gyaru,0,254,
larger female,0,254,
see-through towel,0,254,
aqua cloak,0,254,
apocalypse,0,254,
dip (dance move),0,254,
verbal degradation,0,254,
flags of all nations,0,254,
riding boots,0,254,
master dojo uniform,0,254,
blood on shoulder,0,254,
hitbox,0,254,hit box
novum chaldea,0,254,
jellyfish hair ornament,0,254,
backflip,0,254,
ground vehicle,0,254,
hand to hand,0,254,
abduction,0,254,
dojo,0,254,
ribbon-trimmed shorts,0,253,
sanbaka anniversary outfit,0,253,
dango milk (genshin impact),0,253,
kelp,0,253,
february,0,253,
scorpion girl,0,253,
catheter,0,253,
paparazzi,0,253,
coal,0,253,
crossbuck,0,253,
ptsd,0,253,
spiked,0,253,
g-spot stimulation,0,253,
apron pull,0,253,
meerkat tail,0,253,
hat basket,0,253,
seven association south uniform,0,253,
forced masturbation,0,253,
gambol shroud,0,253,
the lovers (tarot),0,253,
ze (phrase),0,253,
m249 saw,0,253,
objection,0,253,
cookie hair ornament,0,252,
m134 minigun,0,252,
bat boy,0,252,
mouth beam,0,252,
unbuttoned sleeves,0,252,
tentacles on futa,0,252,
gradient feathers,0,252,
loose pants,0,252,
panzerfaust,0,252,
tube top lift,0,252,
security guard,0,252,
hole in face,0,252,
body modification,0,252,
standing on weapon,0,252,
two of spades,0,252,
martini,0,252,
no vest,0,252,
mercury symbol,0,252,
you gonna get eaten,0,252,
pantyhose tug,0,252,
holding cd,0,252,
eyewear view,0,252,pov glasses
blowing in ear,0,252,
gunkanmaki,0,252,
holding own hand,0,252,
chinese spoon,0,252,
colored tears,0,252,
landing gear,0,252,
akg,0,252,
button dress,0,252,
eye on hat,0,251,
elmo dormitory outfit,0,251,
water wheel,0,251,
cirno (cosplay),0,251,
oversized fork,0,251,giant fork
gold cape,0,251,
revealing tanlines,0,251,
single tooth,0,251,
holding go stone,0,251,
hug and suck,0,251,
prostate massager,0,251,
ko-fi username,0,251,
dendro symbol (genshin impact),0,251,
street snap,0,251,
heart-shaped cookie,0,251,
grey crown,0,251,
doqute stuffed doll,0,251,
text tattoo,0,251,
asari (mass effect),0,251,
sand writing,0,251,
lamellar armor,0,251,
misplaced mouth,0,251,
toy sword,0,251,
wolf's gravestone (genshin impact),0,251,
multicolored sash,0,251,
camouflage scarf,0,251,
perineum peek,0,250,
kujo jotaro (cosplay),0,250,
hot sauce,0,250,
gas can,0,250,
wing censor,0,250,
clothes-dissolving potion,0,250,
earplugs,0,250,
galactic empire (star wars),0,250,
team skull uniform,0,250,
weapon on floor,0,250,
tail around another's waist,0,250,
union jack print,0,250,
hilt,0,250,
italian flag print,0,250,
two-sided hood,0,250,
menstrual pad,0,250,
love handles,0,250,
chastity cage strap,0,250,
national verbena academy school uniform,0,250,
paperwork,0,250,
mayonnaise bottle,0,250,
\\//,0,250,
fox hood,0,250,
defy (girls' frontline),0,250,
raccoon hair ornament,0,250,
gold one-piece swimsuit,0,250,
imminent punch,0,249,
spike piercing,0,249,
brown shrug,0,249,
polka dot kimono,0,249,
kjerag logo,0,249,
ominous shadow,0,249,
hippopotamus tail,0,249,
bandaid on clothes,0,249,
zonai,0,249,
omnitrix,0,249,
dancer's costume (dq),0,249,
wax play,0,249,
avocado,0,249,
grappling hook,0,249,
red sheet,0,249,
master crown,0,249,
half-jacket,0,249,
duellist's cap (tier 6),0,249,
swinging legs,0,249,
appmon,0,249,
sartorial line,0,249,
umeboshi,0,249,
top-load washing machine,0,249,
pearl clan outfit,0,249,
hover hand,0,249,
hose nozzle,0,249,
b3 wingman,0,249,
holding toy gun,0,249,
crisis moon compact,0,249,
maboroshi no ginzuishou,0,249,silver crystal (sailor moon)
alvis uniform,0,248,
fox print,0,248,
stalagmite,0,248,
sneaking suit,0,248,
behind tree,0,248,
seeing stars,0,248,
quality,0,248,
hat writing,0,248,
glacier,0,248,
pointing backward,0,248,
revealing chastity cage,0,248,
doorbell,0,248,
elbow cutout,0,248,
glance,0,248,
raised fists,0,248,
cz 75,0,248,"cz-75,nz 75"
star rod,0,248,
number balloon,0,248,
luigi (cosplay),0,248,
misty lake,0,248,
no anus,0,248,
ankle gun,0,248,
walther p38,0,248,
squat (exercise),0,248,
slave crest (tate no yuusha no nariagari),0,248,
hand over heart,0,247,
fourth of july,0,247,independence day (usa)
dollhouse view,0,247,
switch,0,247,
shiny pantyhose,0,247,
egg implantation,0,247,
crushed can,0,247,
bruise on chest,0,247,
storage pot,0,247,
lightning background,0,247,
holding wig,0,247,
pinstripe coat,0,247,
reunion logo (arknights),0,247,
holding veil,0,247,
public bondage,0,247,
against mirror,0,247,
mystic eyes of enchantment,0,247,
poke doll,0,247,
dashing,0,247,
dress in mouth,0,247,
flag on vehicle,0,247,
eiserne jungfrau,0,247,
joint (drug),0,247,
tree print,0,246,
volkswagen beetle,0,246,volkswagen type 1
piper perri surrounded (meme),0,246,orgy is the new black
distracted boyfriend (meme),0,246,
mourning,0,246,
throne room,0,246,
unraveling,0,246,
submarine sandwich,0,246,
playboy bunny swimsuit,0,246,
brown male underwear,0,246,
delusion (genshin impact),0,246,
trench,0,246,
adjusting mask,0,246,
three of hearts,0,246,
bandage on thigh,0,246,
hanging food,0,246,
anal ball wear,0,246,
m16a2,0,246,colt canada c7
extreme dangling,0,246,
two of hearts,0,246,
kiss chart,0,246,kiss meme chart
majo shuukai de aimashou,0,246,
rally car,0,246,
anal cross-section,0,245,
lantern (e.g.o),0,245,
carp,0,245,
hadouken,0,245,
kama (weapon),0,245,
bra on head,0,245,
holding matchstick,0,245,
ranunculus,0,245,
broken ground,0,245,
owl boy,0,245,
fender musical instruments corporation,0,245,
chopstick rest,0,245,
leather bikini,0,245,
black hanbok,0,245,
bullet necklace,0,245,
target practice,0,245,
imp,0,244,
reincarnation,0,244,
airplane arms,0,244,
handbell,0,244,
cinnamon roll,0,244,
strapless kimono,0,244,
on windowsill,0,244,
dotera (clothes),0,244,
holding machete,0,244,
shampoo hat,0,244,
vertical-striped leotard,0,244,
akira slide,0,244,
holding behind neck,0,244,
monkey mask,0,244,
pachinko,0,244,
communism,0,244,
kiki (majo no takkyuubin) (cosplay),0,244,
anglerfish costume,0,244,
kotori photobomb,0,244,
vasavi shakti (fate),0,244,
yonic symbol,0,244,
hatsuyume,0,244,
furnace,0,244,
arrow cross,0,244,cross barby
indonesian flag,0,244,
ko~n,0,244,
forced cunnilingus,0,244,
hurdle,0,244,
clitoris tweak,0,244,
purple mittens,0,244,
mouth guard,0,244,
squirrel boy,0,244,
paizuri day,0,244,
tohsaka rin (cosplay),0,244,
power drill,0,243,
fur-trimmed socks,0,243,
catcher's mask,0,243,
cheri berry,0,243,
radial gradient background,0,243,
nanahyakuichi middle school uniform,0,243,
mustard bottle,0,243,
shikai,0,243,
fujimoto tatsuki (style),0,243,
ventilation shaft,0,243,
woe plague be upon ye (meme),0,243,eminem throwing a fat rat (meme)
white spider lily,0,243,
shotajiji,0,243,
your present is me,0,243,
rondel,0,243,
katori (kancolle) (cosplay),0,243,
squirting liquid,0,243,
kurumi-gaoka high school uniform,0,243,
multicolored ascot,0,243,
purple tulip,0,243,
azalea (flower),0,243,
unworn apron,0,243,apron removed
photocopier,0,243,copy machine
rescue,0,243,
layered sideboob,0,242,
;/,0,242,
heart ring,0,242,
shooting star (symbol),0,242,
camping chair,0,242,
nail biting,0,242,
f-14 tomcat,0,242,
silver nails,0,242,
microscope,0,242,
cow print bridal gauntlets,0,242,
false arm,0,242,
javelin (spear),0,242,
blue gakuran,0,242,
tickling pussy,0,242,
tuba,0,242,
antelope ears,0,242,
speed limit sign,0,242,
thinking emoji,0,242,
petroleum,0,242,crude oil
tri-stringer (splatoon),0,242,
sideways perpendicular paizuri,0,242,
finnish flag,0,242,
argentinian flag,0,242,
princess leia (cosplay),0,242,
scientific name,0,242,
pedophile,0,242,
ragfes,0,242,
fan to mouth,0,241,
yoshi and toad kissing (meme),0,241,muppet mouth characters making out (meme)
shaving cream,0,241,
sweater under jacket,0,241,
leaning against motorcycle,0,241,
knee cutout,0,241,
florida bikini,0,241,
construction worker,0,241,
open magazine,0,241,
linea semilunaris,0,241,
business card,0,241,
yotsubato! pose,0,241,
bad reflection,0,241,
parasite dress uniform (darling in the franxx),0,241,
narcissism,0,241,
uchuu kei,0,241,
rhinoceros ears,0,241,rhino ears
gardevoir day,0,241,
boc'z (umamusume),0,241,
sword clash,0,241,
meandros border,0,241,
biting hair,0,241,
tsab naval military uniform,0,241,
heavy splatling (splatoon),0,241,
inazuma japan,0,241,
hand on another's foot,0,241,
kagamine len (cosplay),0,241,
forced to watch,0,240,
food-themed bag,0,240,
carnivorous plant,0,240,
tank cupola,0,240,
penis and testicles touching,0,240,
too many rabbits,0,240,too many bunnies
revenge,0,240,
looking around,0,240,
unworn hoodie,0,240,hoodie removed
fortified suit (imperial royal guard),0,240,
reindeer hood,0,240,
hikari (blue archive) (cosplay),0,240,
jk gumi (nijisanji),0,240,
preppy fashion,0,240,
wooden tray,0,240,
slimification,0,240,
organ (instrument),0,240,
stitched fingers,0,240,
large forehead,0,240,
rocking horse,0,240,
no nut november,0,240,
bikini bridge,0,240,
leotard lift,0,240,
mikumo squad's uniform,0,240,
miyamori school uniform,0,240,
bound leg,0,240,
winged hairband,0,240,
object behind ear,0,240,behind ear
official cosplay,0,240,
green arm warmers,0,239,
youtube creator award,0,239,
implied penetration,0,239,
tobacco,0,239,
self milking,0,239,
torn hoodie,0,239,ripped hoodie
snake wrapped around arm,0,239,
black rope,0,239,
white unitard,0,239,
katsudon (food),0,239,
seafood,0,239,
umaibou,0,239,
kiryuuin satsuki (cosplay),0,239,
food on hair,0,239,
headwear writing,0,239,
daito academy school uniform,0,239,"daito academy uniform,daitou academy school uniform"
cygnus (constellation),0,239,
holding turret,0,239,
domino high school uniform,0,239,
shima (pattern),0,239,
hazard stripes,0,239,
m1 helmet,0,239,
double bowtie,0,239,
heartslabyul dorm uniform,0,239,
heijou institute school uniform,0,239,
golden sword,0,238,
biting penis,0,238,penis biting
testicles on face,0,238,
pulling own ear,0,238,grabbing own ear
cardigan on shoulders,0,238,
hands on own crotch,0,238,
collared jumpsuit,0,238,
kissing stomach,0,238,
imminent explosion,0,238,
brushing,0,238,
clover brooch,0,238,
bandaid on horn,0,238,
micro pasties,0,238,
jojifuku,0,238,
asacoco,0,238,
toy packaging,0,238,
humpback whale,0,238,
tingtang gang (identity) (project moon),0,238,
zhouzi jin (headwear),0,238,
vortex vanquisher (genshin impact),0,238,
brushing tail,0,238,tail brushing
crest worm,0,238,
rolling sleeves up,0,237,
carcano,0,237,carcano m91/38
splendor of tranquil waters (genshin impact),0,237,
quadcopter,0,237,
spread eagle position,0,237,
floral print one-piece swimsuit,0,237,
cum on headwear,0,237,cum on hat
archer (fate) (cosplay),0,237,
p-chan (p90),0,237,p-chan (p-90)
cutlery,0,237,
yellow male swimwear,0,237,
waking another,0,237,
forehead flick,0,237,
haagen-dazs,0,237,
seven association south (identity) (project moon),0,237,
mikan box,0,237,
steyr aug,0,237,
pineapple print,0,237,
venice,0,237,venezia
flower facial mark,0,237,
winged sleeves,0,236,
nuclear weapon,0,236,"atomic bomb,nuclear bomb"
shouting with hands,0,236,
tentacles as hands,0,236,"tentacle as arm,tentacle as hand,tentacles as arms"
takeout container,0,236,
nail ornament,0,236,
skinny jeans,0,236,
checkered collar,0,236,
arms on head,0,236,
elizabeth bathory (fate) (cosplay),0,236,
male prostitution,0,236,
ei ei mun!,0,236,
stone tablet,0,236,
lungmen dollar,0,236,
sweden,0,236,
momotsuki gakuen school uniform,0,236,
shed,0,236,
aozora middle school uniform,0,236,
ars almadel salomonis (fate),0,236,
green screen,0,236,
navel insertion,0,236,
spoon straw,0,236,
z (russian symbol),0,236,
servant card (fate/grand order),0,236,
sex slave,0,235,
red circle,0,235,
tentacle around neck,0,235,
open cuffs,0,235,
sale,0,235,
anchor tattoo,0,235,
japanese cylindrical postbox,0,235,
bowling,0,235,
feather-trimmed gloves,0,235,
elucidator,0,235,
convenient head,0,235,
artist painter,0,235,
defecating,0,235,
scarf on head,0,235,
racism,0,235,
lich,0,235,
fake nose,0,235,
painttool sai,0,235,
pump,0,235,
fez hat,0,235,
white gakuran,0,235,
vibrator on clitoris,0,235,
metal eyepatch,0,235,
cross-species cosplay,0,235,
adapted object,0,235,
team yell,0,235,
excessive armpit hair,0,235,
jason voorhees (cosplay),0,235,
pencil as mustache,0,235,"balancing on lips,pen on lips,pencil on lips"
fig sign,0,235,
grimace shake (meme),0,235,
glowing armor,0,235,
chihuahua,0,235,
striped collar,0,235,
japan-korea yuri (meme),0,235,
asics,0,235,
herringbone,0,235,
pointed footwear,0,235,
melon slice,0,234,
no-show socks,0,234,
centipede girl,0,234,
eevee ears,0,234,
ice flower,0,234,
large belt,0,234,
molotov cocktail,0,234,
male swimwear pull,0,234,
iceberg,0,234,
erdtree (elden ring),0,234,
conifer,0,234,
snow shovel,0,234,
post guild war celebration,0,234,
heisei,0,234,
luftwaffe,0,234,
mazda mx-5,0,234,eunos roadster
yellow assault visor,0,234,
tiger ii,0,234,"panzer vi ausf b tiger ii,pzkpfw vi ausf b tiger ii"
igloo,0,234,
throwing poke ball,0,234,
pokemon rgby (style),0,234,
zunda mochi,0,234,
hole in stomach,0,234,
hiroshimaben,0,234,
horosho,0,234,
multiple animal ears,0,234,
minmatar republic (eve online),0,234,
retaining wall,0,234,
two-tone hanfu,0,233,
holding unworn necktie,0,233,
lifestream,0,233,
negative space oral (meme),0,233,negative space cunnilingus (meme)
instant ramen,0,233,
spain,0,233,
hatsune miku world cup custody battle (meme),0,233,
xtransceiver,0,233,
head on another's stomach,0,233,
blackletter,0,233,
double gyaru v,0,233,
diving regulator,0,233,
looking at pussy,0,233,
peed self,0,233,
disembodied tongue,0,233,
herb bundle,0,233,
u's 3rd years,0,233,
american football helmet,0,233,
yamaha pacifica,0,233,
dodge (company),0,233,
konnyaku (food),0,233,"konjac (food),konnyaku"
walfie (style),0,233,
mazda rx-7 fd,0,233,
duck hair ornament,0,233,
drawstring bag,0,233,
test tube holster,0,233,
tarpaulin,0,233,
in pot,0,233,
ryoubu torii,0,233,
moon uniform (houseki no kuni),0,233,
swordfish,0,233,
holding lasso,0,232,
curly ends,0,232,
holding bandaid,0,232,
ribbon-trimmed hood,0,232,
biting breast,0,232,breast biting
storm cloud,0,232,
umbilical cord,0,232,
button prompt,0,232,
tied beard,0,232,
kessoku band logo,0,232,
wooden desk,0,232,
open hatch,0,232,
veil over eyes,0,232,
ear sex,0,232,
biscuit (bread),0,232,
frilled arm strap,0,232,
three section staff,0,232,sanjiegun
cross (weapon),0,232,
1-up mushroom,0,232,
hourglass earrings,0,232,
marshall amplification,0,232,
you look lonely (meme),0,232,
nonstandard furigana,0,232,
see-through apron,0,232,transparent apron
rivets,0,232,
kamura (armor),0,232,
kakizome,0,232,
bat earrings,0,232,
star-shaped food,0,232,
military medic,0,231,combat medic
fingernail gloves,0,231,
alternate halo,0,231,
marine uniform (one piece),0,231,
glowing headgear,0,231,
glass ceiling,0,231,
sailing,0,231,
double ok sign,0,231,
circuit board print,0,231,
bedwetting,0,231,
heart-shaped cake,0,231,
argyle coat,0,231,
palette knife,0,231,
kazimierz logo,0,231,
springsuit,0,231,
taiko sticks,0,231,
aqua bag,0,231,
lightning scar,0,231,
obi bow,0,231,
red stone of aja,0,231,
rowan,0,231,
ko-fi logo,0,231,
ots-14 groza,0,230,
print robe,0,230,
teddy bear hair ornament,0,230,
quadruple wielding,0,230,
channel (caststation) (style),0,230,
on suitcase,0,230,
scar on hip,0,230,
hamster costume,0,230,
vibrator on penis,0,230,
covering another's breasts,0,230,
ganbare ganbare (itou life),0,230,
kissing back,0,230,
ribbon-trimmed corset,0,230,
confessional,0,230,
chocolate on legs,0,230,
pumpkin on head,0,230,
paw tattoo,0,230,paw print tattoo
reality arc (sinoalice),0,230,
totoro bus stop,0,230,
open sign,0,230,
sign language,0,230,
wing hat ornament,0,230,
nemes,0,230,pharaoh headdress
silver bodysuit,0,229,
zoomer slang,0,229,
dawnmaker (honkai: star rail),0,229,
single inverted nipple,0,229,
flying car,0,229,
catcher's mitt,0,229,
body control,0,229,
violin case,0,229,
midriff tattoo,0,229,
zarei,0,229,"bowing seiza,mitsuyubi"
garden of the sun,0,229,
cure black (cosplay),0,229,
milk tea,0,229,
acid graphics,0,229,
energy ring,0,229,
expandable baton,0,229,
501st joint fighter wing,0,229,
skirt under kimono,0,229,
blood on axe,0,229,
thorn (elizabeth rose bloodflame),0,229,
top of moe 2014,0,229,moe2014
heart piercing,0,229,
spotted tail,0,229,
suction tentacles,0,229,
justitia (e.g.o),0,229,
transit bus,0,229,
see-through sports bra,0,229,transparent sports bra
downcast eyes,0,228,
blue anus,0,228,
felicia (darkstalkers) (cosplay),0,228,
tractor beam,0,228,abductor beam
orange leggings,0,228,
necktie lift,0,228,
snake on shoulder,0,228,
adobe photoshop,0,228,
florakinesis,0,228,"plant magic,plant manipulation"
tsuka-ito,0,228,
gym teacher,0,228,
mating (animal),0,228,
torn apron,0,228,
knee spikes,0,228,
top of moe 2019,0,228,moe2019
manila envelope,0,228,
checkered pants,0,228,
nyan clan of gensokyo (touhou),0,228,
grass skirt,0,228,
male pregnancy,0,228,"mpreg,pregnant man"
black bulls (emblem),0,228,
kantoku (style),0,228,
octarian (enemy),0,228,
bandaid on chest,0,227,
leaning against vehicle,0,227,
monobloc chair,0,227,monobloc (chair)
teeth print,0,227,
sand dune,0,227,
ledge,0,227,
simple fish,0,227,
frilled tube top,0,227,
tamandua ears,0,227,
twilight (e.g.o),0,227,
elbow on thigh,0,227,
brown bandeau,0,227,
gamecube controller,0,227,
goal,0,227,
holding stomach,0,227,
leg holster,0,227,
script,0,227,
ice horns,0,227,
prisma illya (cosplay),0,227,
carrier,0,227,
mexican standoff,0,227,
polyhedral dice,0,227,
shindouji school uniform,0,227,
shadow censor,0,227,
tactical maid,0,227,
s.w.a.t.,0,227,swat (police)
legbinder,0,227,
green car,0,226,
cat tree,0,226,cat tower
low-tied hair rings,0,226,low-tied hair ring
dango hair ornament,0,226,
scar across eyes,0,226,
tying necktie,0,226,tying tie
chocolate on foot,0,226,
fur armlet,0,226,
cutout below navel,0,226,
adjusting bow,0,226,
pie in face,0,226,
print towel,0,226,
daewoo k2,0,226,
floral print thighhighs,0,226,
wasteland,0,226,
in jar,0,226,
educational,0,226,
mismatched irises,0,226,asymmetrical irises
bongo cat (meme),0,226,bongo cat
flower dress,0,226,
plaid kimono,0,226,
black rock shooter (character) (cosplay),0,226,
carry me,0,226,
lichtenberg figure,0,226,
condom on head,0,226,
bourbon (kirby),0,226,
white hijab,0,226,
fairy (girls' frontline),0,226,
tachihanabishi,0,226,
axe kick,0,226,
sheep hair ornament,0,225,
pregnancy halo,0,225,fetus halo
slipping on banana peel,0,225,
multi-lane road,0,225,
mexican flag,0,225,
unworn neckerchief,0,225,neckerchief removed
on moped,0,225,
metal ball,0,225,iron ball
standard manufacturing dp-12,0,225,
rabbit symbol,0,225,bunny symbol
moonlight greatsword,0,225,dark moon greatsword
pee pad,0,225,
sports bra pull,0,225,
hands under legs,0,225,
unworn earring,0,225,"earring removed,earrings removed"
sleeve zipper,0,225,zipper sleeves
dial,0,225,
cum on object,0,225,
round bag,0,225,
feather cape,0,225,
can between breasts,0,225,
sticky,0,225,
unworn butt plug,0,225,
imminent fight,0,225,
moose tail,0,225,
bloom garden party jacket,0,225,
m1918 bar,0,225,
neck bobbles,0,225,
two-tone robe,0,225,
queen of spades (playing card),0,225,
walkway,0,224,
four eyes,0,224,
dieci association south uniform,0,224,
licking another's lips,0,224,
ao nhat binh,0,224,
insect hair ornament,0,224,
tied dress,0,224,
m203,0,224,
removing coat,0,224,
in pocket,0,224,
red poncho,0,224,
shared coat,0,224,
washing hands,0,224,
father's day,0,224,
laser rifle,0,224,
hiking,0,224,
lever,0,224,
multiple wielding,0,224,
myoudou gakuen high school uniform,0,224,
silver chain,0,224,
back spikes,0,224,
repeating crossbow,0,224,
roman empire,0,224,
makarov pm,0,224,
landing net,0,224,
holding planet,0,224,
fen cichlid girls academy school uniform,0,224,
bleachers,0,224,
minecart,0,224,mine cart
anakt arts high school uniform (fading youth),0,223,
print fan,0,223,
java sparrow,0,223,
bell ear ornament,0,223,
youkan (food),0,223,
satin dress,0,223,
too many hands,0,223,
mesh,0,223,
hand eye,0,223,"eye in hand,eye in palm"
leaking,0,223,
kaine (nier) (cosplay),0,223,
lifted by balloons,0,223,
heart out of chest,0,223,
age conscious,0,223,
glass pen,0,223,
smash ball,0,223,
mole on areola,0,223,
cloud strife (cosplay),0,223,
tank interior,0,223,
japanese saw,0,223,
pretzel pose,0,223,
blue headdress,0,223,
pamphlet,0,223,
interactive media,0,223,
holographic touchscreen,0,223,
phone on wall,0,223,
playstation 3,0,223,
datemaki (food),0,223,
folding knife,0,223,pocketknife
honey dipper,0,223,
blue visor cap,0,223,
control bar,0,223,
peeing in cup,0,222,
heart cheeks,0,222,
flourish (design),0,222,
sword earrings,0,222,
2000,0,222,
flower underskirt,0,222,flower petticoat
implied bestiality,0,222,
chained legs,0,222,
kaneda shoutarou's bike,0,222,
magic school uniform (mahou girls precure!),0,222,
aqours 3rd years,0,222,
panty bulge,0,222,
trypophobia,0,222,
pretty waitress (idolmaster),0,222,
torn skin,0,222,
larva,0,222,grubs
hanging sign,0,222,
fake head wings,0,222,
axillary tail of spence,0,222,
puckered face,0,222,
imminent breast grab,0,222,
gaia memory,0,222,
frozen lake,0,222,
russian ground forces,0,222,russian army
heart pirates jolly roger,0,221,
turks (ff7),0,221,
reindeer boy,0,221,
licking another's finger,0,221,
venus (planet),0,221,
smiley hat ornament,0,221,
testicle hair,0,221,
sunagakure symbol,0,221,
color wheel,0,221,
shinjuku (tokyo),0,221,
sheriff (western),0,221,
sardine,0,221,
shepherd's crook,0,221,
dropkick,0,221,drop kick
single flame,0,221,
jacket around neck,0,221,
o-ring arm strap,0,221,
supportasse,0,221,
mighty sailor,0,221,
fan over face,0,221,
biting another's arm,0,221,
button up skirt,0,221,
gessen academy school uniform,0,221,gessen academy uniform
multicolored umbrella,0,221,
giving flower,0,221,
king of hearts (playing card),0,221,king of hearts (card)
american flag pants,0,221,
behelit,0,221,
binder clip,0,221,
hypnotizing viewer,0,221,
ribbed gloves,0,221,
frilled tank top,0,220,
dumpster,0,220,
studded armlet,0,220,
holding hookah,0,220,
cat helmet,0,220,cat ear helmet
argyle cape,0,220,
imminent spanking,0,220,
partially blind,0,220,
partially bordered,0,220,
mole under breast,0,220,
noble phantasm (fate),0,220,
invincible candy,0,220,
scar on head,0,220,
red prison magic school uniform,0,220,
ship deck,0,220,
aquila (symbol),0,220,
stitched hand,0,220,
petal on head,0,220,
polka dot sleeves,0,220,
low-tied medium hair,0,220,
vine whip,0,220,
print neckerchief,0,220,
da training wear (lycoris recoil),0,220,
british army,0,220,
severed finger,0,220,
dual arm cannons,0,220,
youkai watch (object),0,220,
shunryuu kokubyou senki,0,220,
front braid,0,220,
colored mouth,0,220,
stare down,0,220,
sideboob paizuri,0,219,
droid,0,219,
penis rest,0,219,
nohrian butler uniform,0,219,
leaf skirt,0,219,
pixels,0,219,
bandaid on ass,0,219,
lumine (genshin impact) (cosplay),0,219,
make a contract,0,219,
holding snake,0,219,
index ring,0,219,
>3<,0,219,
polka dot umbrella,0,219,
build driver,0,219,
dog on head,0,219,
tactical playboy bunny,0,219,
kitchen hood,0,219,exhaust hood
arrow (jojo),0,219,
hydra splatling (splatoon),0,219,
fishing lure,0,219,
nostril piercing,0,219,
swimsuit costume,0,219,
backbend,0,219,
white hiphighs,0,219,
gradient scarf,0,219,
thors military academy branch campus uniform,0,219,
cheek-to-breast,0,219,
are you my master,0,219,
leggings pull,0,219,
snorkel in mouth,0,219,
reactive armor,0,219,"era bricks,explosive reactive armor"
on mecha,0,219,
see-through bridal gauntlets,0,219,
pendulum clock,0,219,
kuromi (cosplay),0,219,
person on shoulder,0,219,
green eyeliner,0,219,
sexy no jutsu,0,219,
gem hat ornament,0,219,
long necktie,0,219,
pilot chair,0,218,
front and back,0,218,
animal cutout,0,218,
cavewoman,0,218,
1999,0,218,
ponification,0,218,
snubnosed revolver,0,218,
telepathic sex,0,218,
two-tone sweater vest,0,218,
can't show this (meme),0,218,
sandwich board,0,218,
jitte,0,218,
captcha,0,218,recaptcha
building snowman,0,218,
paper cutout,0,218,
bug bite,0,218,
twinmyniad (fate),0,218,
detached legs,0,218,
looking at watch,0,218,
spanish flag,0,218,
garderobe uniform,0,218,
rickenbacker 4001,0,218,
kirigaoka girls' academy school uniform,0,218,
3rd live tour try tri unity!!!,0,218,
white day (love live!),0,218,
star hairband,0,218,
skydive,0,218,
bulge lift,0,218,
battlecruiser (eve online),0,217,
yellow arm warmers,0,217,
taking another's hand,0,217,
no tattoo,0,217,
headpatting viewer,0,217,incoming headpat
gyaru makeup,0,217,
sex battle,0,217,
aircraft catapult,0,217,
stanchion,0,217,"rope barrier,velvet rope"
the magician (tarot),0,217,
st. louis (azur lane) (cosplay),0,217,
ro-500 (kancolle) (cosplay),0,217,
shared handcuffs,0,217,
mdd threesome,0,217,"ddm threesome,ttm threesome"
benelli m4,0,217,benelli m1014
grand servant (fate/grand order),0,217,
holy ring,0,217,
strawpage,0,217,
holding thermos,0,217,
ball bra,0,217,
ciao churu,0,217,
sleep talking,0,217,
kissuisou uniform,0,217,
chest cannon,0,217,
fur-trimmed tube top,0,217,
rotting,0,217,
escudo sword (rayearth),0,217,
purple male underwear,0,217,
koa (phrase),0,217,
phone in pocket,0,217,
pressing button,0,217,
snow white (disney) (cosplay),0,217,
possessive,0,216,
cropped cardigan,0,216,
shoulder angel,0,216,angel on shoulder
alzano school uniform,0,216,
snowflake halo,0,216,
aqua bodysuit,0,216,aqua bikesuit
frog on head,0,216,
flatbread,0,216,
siscon,0,216,
sea spray,0,216,
gingham bikini,0,216,
magnetism,0,216,
legendary shield (small shield) (tate no yuusha no nariagari),0,216,
unworn cloak,0,216,cloak removed
mona (genshin impact) (cosplay),0,216,
shoebill,0,216,
arondight (fate),0,216,
origami family's elite guard uniform,0,216,
black chemise,0,216,
bread eating race,0,216,
pizza delivery,0,216,
satori day,0,216,
transom window,0,216,
border collie,0,216,
hooded jumpsuit,0,216,
downwards triangle mouth,0,215,
recursive animalization,0,215,
thermometer in mouth,0,215,
nameplate,0,215,
cum on tail,0,215,
agemasen! (meme),0,215,
biopunk,0,215,
crown necklace,0,215,
golden generation (umamusume),0,215,
labia ring,0,215,
oversized sweater,0,215,
holding limb,0,215,holding severed hand
high-waist dress,0,215,
cat on person,0,215,
standing on another's head,0,215,
geometry,0,215,
although she hurriedly put on clothes (meme),0,215,
rock cannon,0,215,
6 9,0,215,
radiator,0,215,
men's toilet symbol,0,215,
humpty lock (shugo chara!),0,215,
three of diamonds,0,215,
number four (asl),0,215,
hyena,0,215,
wryyyyyyyyyyyyyyyyyyyy,0,215,
chariot,0,215,
body tube,0,215,
toy robot,0,215,
muscular child,0,215,"muscular female child,muscular loli,muscular male child,muscular shota"
samue,0,215,
akira movie poster,0,215,
zeknova,0,215,
plant wings,0,215,
kimetsu gakuen school uniform,0,215,
microphone wand,0,215,
animal on leg,0,215,
dewlap,0,215,
tokyo skytree,0,215,
censored violence,0,215,
multicolored vest,0,215,
capybara girl,0,214,
roasted marshmallow,0,214,
duck boy,0,214,
polka dot trim,0,214,
weapon background,0,214,sword background
licking leg,0,214,
at knifepoint,0,214,
blue unitard,0,214,
pepperoni pizza,0,214,
double dakimakura (medium),0,214,
dentist,0,214,
monarch butterfly,0,214,
spoken sound effect,0,214,
bag bow,0,214,
knot gag,0,214,
tiger print bikini,0,214,
lotus root slice,0,214,
donut hair ornament,0,214,doughnut hair ornament
hong meiling (cosplay),0,214,
group profile,0,214,
implied cheating (relationship),0,214,
bougu,0,214,
between feet,0,214,
malasada,0,214,
@ (symbol),0,214,
junkyard,0,214,"landfill,scrapyard,wrecking yard"
lace-trimmed nightgown,0,214,
deadpan,0,213,
lipstick mark on shoulder,0,213,
paw up,0,213,
compass rose,0,213,
dromas (honkai: star rail),0,213,
eggshell hat,0,213,
white polka dots,0,213,
standing on chair,0,213,
weapon charm,0,213,
corinthian helmet,0,213,
disc,0,213,
justina follower (blue archive) (cosplay),0,213,
paris,0,213,
occult ball,0,213,
jeogori (clothes),0,213,
double middle w,0,213,
suspension bridge,0,213,
achievement unlocked,0,213,
steel-toe boots,0,213,
scene cut,0,213,
matcha parfait,0,213,
slide phone,0,213,
eclair (food),0,213,
rope necklace,0,213,
paladin,0,213,
held up,0,213,
model ship,0,213,
holding potion,0,213,
dezombification,0,213,
scratching chin,0,213,
veiny crotch,0,213,
ak-15,0,213,
kettenkrad,0,213,
other with other,0,213,
kirameki high school uniform,0,213,
umbrella stand,0,213,
zui zui dance,0,213,
rupee (zelda),0,213,
zener card,0,213,
see-through bodystocking,0,212,
crossbone vanguard,0,212,
extended range bass guitar,0,212,
hime gyaru,0,212,
staccato 2011,0,212,
urn,0,212,
brown leg warmers,0,212,
blue liquid,0,212,
planet diving suit (7th) (stellar blade),0,212,
golem (d.gray-man),0,212,
tickling breasts,0,212,
imminent fingering,0,212,
tensa zangetsu (bankai),0,212,
splatter print,0,212,
nameless axe-sword (fate),0,212,
glue,0,212,
taekwondo,0,212,
hair bondage,0,212,
ballet dress,0,212,
smith & wesson,0,212,
triangle hands,0,212,
guilty challenge (meme),0,212,
holding belt,0,212,
baby carrier,0,212,
auction,0,212,
evo grim,0,212,
pinstripe pantyhose,0,212,
order of the black knights uniform,0,212,
gnome,0,212,
dogfight,0,212,
let's make touhou kids,0,212,
comically large ears,0,212,"big eared miyabi (meme),comically long ears,long-eared miyabi (meme)"
patchouli knowledge (cosplay),0,212,
blush spirals,0,212,
crosscounter,0,212,
lungs,0,212,
leather choker,0,212,
colored chastity cage,0,211,
bite mark on leg,0,211,
covering one nipple,0,211,
oversized plant,0,211,
holding wheat,0,211,
checkered panties,0,211,
speech bubble censor,0,211,convenient speech bubble
holding gag,0,211,
jenga,0,211,
frigate (eve online),0,211,
shapes,0,211,
bloomers around one leg,0,211,
chanel,0,211,
shroud (sailing),0,211,
bandaid on ear,0,211,
too many weapons,0,211,
edging underwear,0,211,
animal on chest,0,211,
777 (nikke),0,211,
aqua robe,0,211,
simulated bukkake,0,211,
colombian clothes,0,211,
blood on stomach,0,211,
bit (gundam),0,210,
aa-12,0,210,
apple peel,0,210,
two-tone armor,0,210,
green liquid,0,210,
fukutaichou badge,0,210,
bowling pin,0,210,
heart ring top,0,210,
holding moon,0,210,
multicolored feathers,0,210,
f-22 raptor,0,210,
hand cursor,0,210,
seal script,0,210,
lapel chain,0,210,
removing hat,0,210,
scarf choker,0,210,
bedside,0,210,
pantyshot through reflection,0,210,
star button,0,210,
high-heeled mechanical legs,0,210,
step-parent and step-child,0,210,
polaroid camera,0,210,instant camera
intangible,0,210,
top of moe 2021,0,210,moe2021
trilby,0,210,
tomato (sword),0,210,
photo shoot,0,210,
em wave change (mega man),0,210,
flower thigh strap,0,210,
looking through window,0,210,
shocker (kamen rider),0,210,
toyota supra,0,210,
cord pull,0,210,
takemoto izumi (style),0,210,
xbox controller,0,210,
shinjuku (fate/grand order),0,210,
hood basket,0,209,in hood
polka dot pants,0,209,
butterfly background,0,209,
advanced ship (eve online),0,209,
bodyguard,0,209,
feather sleeves,0,209,
japan air self-defense force,0,209,
keikyoku no machi wa doko e (project sekai),0,209,"mizu5,where does the path of thorns lead to? (project sekai),whither this path of thorns (project sekai)"
may,0,209,
areadbhar (fire emblem),0,209,
curling iron,0,209,
mondstadt city,0,209,
holding finger,0,209,
flying squirrel,0,209,
sakura five,0,209,
spider web tattoo,0,209,
wet and messy,0,209,
lap pov,0,209,
bat brooch,0,209,
untying hair,0,209,
dragon radar,0,209,
duck girl,0,209,
chipped tooth,0,209,
japanese white-eye,0,209,
three-toned background,0,209,
tokkoufuku,0,209,
boiling,0,209,
shiba koen middle school uniform,0,209,
my first star (idolmaster),0,209,
pom pom footwear,0,209,
licking tip,0,209,
dormer,0,209,
rainbow wings,0,209,
lava lamp,0,209,
bell jar,0,209,
hands on own arms,0,209,
milkor mgl,0,209,"m32,mgl-140"
united states air force,0,209,
polka dot border,0,208,
fur sweater,0,208,
x-shaped eyewear,0,208,
clutching head,0,208,
too many bandaids,0,208,
cornflower,0,208,
traffic bollard,0,208,
measuring cup,0,208,
nintendo 64,0,208,
futou,0,208,
tongue scarf,0,208,
hand on chair,0,208,
datehyogo,0,208,
military goth,0,208,
fish costume,0,208,
raptor,0,208,
grey armband,0,208,
psychic type theme (pokemon),0,208,
nozomi (blue archive) (cosplay),0,208,
hawaiian clothes,0,208,
dragonborn (d&d),0,208,
finishing move,0,208,
anal prolapse,0,208,rectal prolapse
shirt aside,0,208,
skort,0,208,
air current,0,208,
finger on eyewear,0,208,
cure white (cosplay),0,208,
speedo (company),0,208,
orange scales,0,207,
hammerhead shark,0,207,
pinky (identity) (project moon),0,207,
butterfly over eye,0,207,
holding water,0,207,water in hands
holding figure,0,207,
npc jail,0,207,
utility vest,0,207,
wing tattoo,0,207,
katagiri senior high school uniform,0,207,
umbrella tassel,0,207,
purple turban,0,207,
z3 max schultz (kancolle) (cosplay),0,207,
kiwi (bird),0,207,
hydra,0,207,
floating city,0,207,
baseball base,0,207,
character pin,0,207,
unworn sarong,0,207,sarong removed
locked slide,0,207,
hand in bikini,0,207,
ishikawa prefecture,0,207,
smelling feet,0,207,
rhinoceros girl,0,207,
tenshi day,0,207,
no neckwear,0,207,
pink tunic,0,207,
humagear headphones,0,207,
bois de justice,0,207,
shock collar,0,207,
blowing on food,0,207,
purple pansy,0,207,
character badge,0,207,
naked ascot,0,207,
yamato (uchuu senkan yamato),0,207,
rocket punch,0,207,
snowflake hat ornament,0,206,
bikini ribbon,0,206,
nipple sleeves,0,206,
hair straightener,0,206,straightening iron
range finder,0,206,
tail tuft,0,206,
fish hook earrings,0,206,
pink light,0,206,
slam dunk (basketball),0,206,dunking (basketball)
punishment sex,0,206,
http status code,0,206,
shouryuuken,0,206,
two-tone umbrella,0,206,
forehead writing,0,206,
nintendo 64 controller,0,206,
war flag,0,206,
bt-42,0,206,
ears up,0,206,
armored trooper,0,206,
navy cross,0,206,
jewelry box,0,206,
star and crescent,0,206,
chocolate lady no karasawagi,0,206,
nest ball,0,206,
supported shooting,0,206,
pushpin,0,206,
octo shot (splatoon),0,206,octoshot (splatoon)
tomato juice,0,206,
radar chart,0,206,
fatui logo,0,206,
shackle piercing,0,206,
gn drive,0,206,
sea cucumber,0,205,
pink scales,0,205,
serval (kemono friends) (cosplay),0,205,
leather leotard,0,205,
shichiten shichitou,0,205,
dogpile,0,205,
tenkyuu chimata pose,0,205,
unworn headband,0,205,headband removed
looking at bulge,0,205,
hokkaido prefecture,0,205,hokkaido
heaven,0,205,
safe (container),0,205,
bell tower,0,205,
jinki-style restrained,0,205,
flower hairtie,0,205,
fawn,0,205,
racing colors,0,205,
boku wa sonzai shiteinakatta,0,205,
goshoguruma,0,205,
holding boombox,0,205,
war banner,0,205,
broken door,0,205,
nipple flick,0,205,
sighting,0,205,
photographer,0,205,
waist brooch,0,205,
tamagotchi (creature),0,204,
string lights,0,204,
official alternate hair ornament,0,204,
silver gloves,0,204,
hyrule castle,0,204,
snowflake choker,0,204,
dutch braided ponytail,0,204,
aymr (fire emblem),0,204,
x mark,0,204,
game boy advance sp,0,204,
the star (tarot),0,204,
hand on headset,0,204,
vietnam,0,204,
weaponized instrument,0,204,
floodlights,0,204,
alternate uniform,0,204,
cum on bed,0,204,
serving cart,0,204,
moorish idol,0,204,
militaria (nikke),0,204,
mountaintop,0,204,
1998,0,204,
shishimai,0,204,
grey gem,0,204,grey gemstone
compass (instrument),0,204,
kitsune udon,0,204,
aramasa,0,204,
huge clitoris,0,204,
green lightsaber,0,204,
weapon energy,0,204,
zhuang hat,0,204,
project fairy (idolmaster),0,204,
zeus (inazuma eleven),0,204,
green slingshot swimsuit,0,203,
plant clothing,0,203,
flag patch,0,203,
mizuki yukikaze (cosplay),0,203,
cellulite,0,203,
arabic text,0,203,
denim dress,0,203,
griddle,0,203,
rope around waist,0,203,
d'orsay heels,0,203,
gold embroidery,0,203,
image warping,0,203,
back fin,0,203,
sword hilt,0,203,
leaning on animal,0,203,
trumpet creeper,0,203,
shiroko (blue archive) (cosplay),0,203,
star of lakshmi,0,203,
wing clan (breath of fire),0,203,
lavafall,0,203,
yukikaze (kancolle) (cosplay),0,203,
golf ball,0,203,
wall mirror,0,203,
cat feet,0,203,
sapporo beer,0,203,
seiou gakuen school uniform,0,203,
silver sandals,0,203,
purple aura,0,203,
sliced cheese,0,203,
witcher medallion,0,203,
shoulder devil,0,202,"demon on shoulder,devil on shoulder"
black loincloth,0,202,
gotoh hitori (cosplay),0,202,
false limb,0,202,
orange dougi,0,202,
extended range guitar,0,202,
abhaya mudra,0,202,
red loincloth,0,202,
zebra tail,0,202,
jukebox,0,202,
moose antlers,0,202,
nautilus (animal),0,202,
dragon type theme (pokemon),0,202,
episode title,0,202,
pinky to mouth,0,202,
diving mask around neck,0,202,
monster (monster farm),0,202,
cereal box,0,202,
expedition uniform,0,202,
fuck-me clothes,0,202,
pimp,0,202,
pigeon pose,0,202,
united states marine corps,0,202,
pepper (spice),0,202,
pikapikapop (idolmaster),0,202,
matching shanghai,0,202,
pink male underwear,0,202,
arrow through apple,0,202,
fighting type theme (pokemon),0,202,
ear cuffs,0,202,
o-ring belly chain,0,202,
alternate eyewear,0,202,
4th live dream ~bloom the dream believers~,0,202,
broken handcuffs,0,201,
florist,0,201,
assassin,0,201,
self bondage,0,201,
before feminization,0,201,
against desk,0,201,
jika-tabi,0,201,tabi boots
quilt,0,201,
scorpion tattoo,0,201,
wiping nose,0,201,
judo,0,201,
eridian,0,201,
diagonal-striped bikini,0,201,
decorating,0,201,
withered,0,201,
ash ketchum (cosplay),0,201,
love train,0,201,
mushroom hair ornament,0,201,
snow on headwear,0,201,
kinoko no yama,0,201,
torn umbrella,0,201,
super chat,0,201,
udder,0,201,
triple vertical stripe,0,201,
matchbox,0,201,
frilled sweater,0,201,
naranja academy (emblem),0,201,
grabbing own pectoral,0,201,
smeared blood,0,201,
lion hair,0,201,
fubuki (kancolle) (cosplay),0,201,
bougainvillea (flower),0,201,
bad apple!!,0,201,
drawing on own face,0,201,
hollow mouth,0,200,
cleric,0,200,
recreational vehicle,0,200,"rv,rv (vehicle)"
calling card,0,200,
bandaged waist,0,200,
pantyhose under pants,0,200,pantyhose under trousers
holding another's finger,0,200,
gawr gura (cosplay),0,200,
cotton ball,0,200,
castanets,0,200,
thumb in beltline,0,200,
bandage on neck,0,200,
stretch marks,0,200,
lollipop hair ornament,0,200,
cherub,0,200,
sternritter,0,200,
white eyeshadow,0,200,
sour (taste),0,200,
mclaren,0,200,
booby trap,0,200,
hitchhiking,0,200,
under fire,0,200,
donbei kitsune udon,0,200,
eating flower,0,200,
fishnet kneehighs,0,200,
grocery store,0,200,
playing other gachas,0,200,
glowing heart,0,200,
iwatobi high school uniform,0,200,
flare,0,200,
hair half over shoulder,0,199,
kissing foot,0,199,
consent sticker,0,199,
bandaged horn,0,199,bandaged horns
coelacanth,0,199,
female on futa,0,199,
mold,0,199,
alice margatroid (cosplay),0,199,
information sheet,0,199,
tights day,0,199,
modakawa dress,0,199,
headband around neck,0,199,
aneros,0,199,
collage background,0,199,
yellow tube top,0,199,
pinstripe bow,0,199,
panty gag,0,199,
american flag neckwear,0,199,
two of diamonds,0,199,
nursing fingering,0,199,
half-timbered,0,199,
a certain high school gym uniform,0,199,
jaguar,0,199,
argyle jacket,0,199,
bracelet girls,0,199,
lamprey,0,199,
hand on goggles,0,199,
fox shadow puppet kiss,0,199,
brown headscarf,0,199,
snake hood,0,199,
fruit sandwich,0,199,
patting back,0,199,
underwear around one leg,0,199,
fishnet cutout,0,199,
sex doll,0,199,
giant skeleton,0,198,
alt-ification,0,198,
blood on mask,0,198,
pink headdress,0,198,
karuta (card game),0,198,
lotus hair ornament,0,198,
yamaha trb,0,198,
ultra beam,0,198,
shaving beard,0,198,
gold mask,0,198,
padded gloves,0,198,
shibuya 109,0,198,
cruiser (eve online),0,198,
orange buruma,0,198,
reflex sight,0,198,
climbing tree,0,198,
strawberry plant,0,198,
storage room,0,198,
regloss (hololive),0,198,
republic of china flag,0,198,
graphics card,0,198,video card
napolitan,0,198,
top of moe 2015,0,198,moe2015
tickling nipples,0,198,
shameimaru aya (cosplay),0,198,
bisexual flag,0,198,
bauxite,0,198,
core drill,0,198,
ferrofluid,0,198,
cow print jacket,0,197,
black roots,0,197,
actor connection,0,197,
bandaged knees,0,197,
hand on mask,0,197,
armlock,0,197,
5-string bass guitar,0,197,
audi,0,197,
cavalry,0,197,
biretta,0,197,
strawberry syrup,0,197,
banister,0,197,
chocolate on clothes,0,197,
sandwich cookie,0,197,
quinzhee,0,197,
plunger,0,197,
liella! first generation,0,197,liella! 1st generation
menacing,0,197,
nakayama tooru (style),0,197,
domain expansion (jujutsu kaisen),0,197,domain expansion
ice pick,0,197,
hara tetsuo (style),0,197,
gradient coat,0,197,
henohenomoheji,0,197,
headache,0,197,
plum,0,197,
dragoon,0,197,
jack-o'-lantern head,0,197,
beretta ar70/90,0,197,beretta ar70
film strip border,0,197,film border
dodododo,0,197,
holding shawl,0,197,
clockshow,0,197,
freezer,0,197,
bad face,0,197,
orange male swimwear,0,197,
fourragere,0,197,
crib,0,197,
farming,0,196,
ukrainian ground forces,0,196,ukrainian army
green leg warmers,0,196,
wooden bathtub,0,196,
shimiko (blue archive) (cosplay),0,196,
parental advisory,0,196,
whip the wimp girl!! (project sekai),0,196,
leather wrist straps,0,196,
surgical scissors,0,196,
pet cone,0,196,
kalar (race),0,196,kalar (rance)
close game/offline (project sekai),0,196,
gangsta hold,0,196,sideways gun
kriegsmarine,0,196,
cup on head,0,196,
holding lid,0,196,
pinstripe one-piece swimsuit,0,196,
lat model (mikumikudance),0,196,vocaloid (lat-type ver)
top of moe 2018,0,196,moe2018
zinogre (armor),0,196,
three of clubs,0,196,
character background,0,196,
potion (pokemon),0,196,
object in swimsuit,0,196,
toilet seat,0,196,
lace-trimmed shorts,0,196,
x-cross (bdsm),0,196,
misplaced genitals,0,196,
breast sucking through clothes,0,196,
wash cloth,0,196,
takenoko no sato,0,196,
ten of spades,0,196,
conveyor belt sushi,0,196,
hidden blade (assassin's creed),0,196,
wrist wings,0,196,
incoming letter,0,195,
mismatched shoes,0,195,
black nipples,0,195,
scary sex,0,195,
stomach (organ),0,195,
e=mc2 (equation),0,195,
tennis skirt,0,195,
multicolored scrunchie,0,195,
bonito flakes,0,195,
grabbing another's skirt,0,195,
yin yang earrings,0,195,
strawberry print bra,0,195,
retronia (fate),0,195,
segment display,0,195,
osafune girls academy school uniform,0,195,osafune girls academy uniform
anya (spy x family) (cosplay),0,195,
place name,0,195,
emiya family (fate),0,195,
ford mustang,0,195,
snake head tail,0,195,
dab (dance),0,195,
leg cast,0,195,
private misaki high school uniform,0,195,
dentures,0,195,
celestial globe,0,195,celestial sphere
butterfly swords,0,195,
ribbon-trimmed vest,0,195,
takuan,0,195,
oda eiichirou (style),0,195,
shortcake,0,195,
somersault,0,195,
bag on lap,0,195,
glass teacup,0,195,
space shuttle,0,195,
strawberry background,0,195,
cover bikini girl (gta vi) (cosplay),0,194,
empty bottle,0,194,
intestine clothing,0,194,
maple leaf hair ornament,0,194,
seesaw,0,194,"teeter-totter,teeterboard"
foot blush,0,194,
pure onepiece (idolmaster),0,194,
string choker,0,194,
pink negligee,0,194,
comb over,0,194,
tapestry,0,194,
7-string guitar,0,194,
stitching,0,194,
discord logo,0,194,
record jacket,0,194,
protractor,0,194,
rabbit charm,0,194,"bunny keychain,rabbit keychain"
fortress,0,194,
blood on teeth,0,194,
kino makoto's school uniform,0,194,
komeiji koishi (cosplay),0,194,
orange tree,0,194,
leather dress,0,194,
viltrumite clothes,0,194,
drop trap,0,194,
pure white memories (idolmaster),0,194,
indonesian clothes,0,193,
armored corset,0,193,
tiger panties,0,193,
flower button,0,193,flower-shaped buttons
norwegian flag,0,193,
hug invitation,0,193,
grey mittens,0,193,
elbow on another's shoulder,0,193,
propeller hat,0,193,
spiral fingerprint,0,193,
spider boy,0,193,
australian flag,0,193,
fiery aura,0,193,
feet on another's face,0,193,
side-tie one-piece swimsuit,0,193,
sallet,0,193,
endfield industries logo,0,193,
food on legs,0,193,
french army,0,193,
chui (weapon),0,193,
contempt awe (e.g.o),0,193,
iguana,0,193,
open leotard,0,193,
gradient flower,0,193,
festival jinbei,0,193,
impossible vest,0,193,
sailor moon pose,0,193,
innertube with ears,0,193,
lotus pedestal,0,193,
m3 lee/grant,0,193,m3 grant
great knife,0,193,
hakka no togame (bankai),0,193,
see-through bow,0,193,
kimi to boku no mirai,0,193,
v buckle,0,193,
pony express uniform,0,193,
lumiose city,0,193,
long toes,0,193,
glowing muzzle,0,192,
boku no ashiato kimi no yukusaki (project sekai),0,192,"my footprints your destination (project sekai),what lies behind what lies ahead (project sekai)"
ambulance,0,192,
broken umbrella,0,192,
denki anma,0,192,
vistamp,0,192,
collision,0,192,
floating castle,0,192,
lying on animal,0,192,
full-body blush,0,192,
wet pants,0,192,
gold blood,0,192,
famicom controller,0,192,famicom gamepad
kalina ann (weapon),0,192,
mimikyu (cosplay),0,192,
vending cart,0,192,
holding cum,0,192,
sea anemone,0,192,
beizi (clothing),0,192,
ganyu (genshin impact) (cosplay),0,192,
unworn male underwear,0,192,male underwear removed
spitting on another,0,192,spat on
shoulder support,0,192,
nasa,0,192,
on ship,0,192,
prism tower,0,191,
cruxis wings (tales),0,191,
skull and crossed swords,0,191,
arch bridge,0,191,
shack,0,191,
square eyes,0,191,
guard,0,191,
pussy juice in mouth,0,191,
face in hands,0,191,
two-tone wrist cuffs,0,191,
mega milk,0,191,
sky mirage,0,191,
matador,0,191,
boxer,0,191,
turtleneck under shirt,0,191,
lilac,0,191,
molten metal,0,191,
fallen tree,0,191,
sitting on book,0,191,sitting on books
open drawer,0,191,
derringer,0,191,
hissing,0,191,
leash in mouth,0,191,
carnival,0,191,
regal blue tang,0,191,
aiming up,0,191,
purple light,0,191,
tetrapod,0,191,
mugen gakuen school uniform,0,191,
sub for couple,0,191,
energy spear,0,191,
butterfly print haori,0,191,
cleaning windows,0,191,
kv-2,0,191,
breathing tube,0,191,
heal ball,0,191,
ear fondling,0,191,
hinadan,0,191,
gold cloth (saint seiya),0,191,
smelling pussy,0,191,
fox statue,0,191,
cradling head,0,191,
cyber sigilism,0,191,
resurreccion,0,191,
half-soles,0,191,
spoken money,0,191,
snowflake necklace,0,191,
red leaf,0,191,
broken tooth,0,191,broken teeth
no genitals,0,191,
concept gyarus (idolmaster),0,191,
sparkle earrings,0,191,
innovators (gundam 00),0,190,
white buruma,0,190,
adjusting sleeves,0,190,
flyswatter,0,190,
insect on finger,0,190,
yuri (object),0,190,
yakimochi,0,190,
awataguchi family (touken ranbu),0,190,
ijimeka (meme),0,190,
little lyrical,0,190,
snow on body,0,190,
monokini,0,190,
mg34,0,190,
baumkuchen,0,190,
sky surfing,0,190,
raiden shogun (cosplay),0,190,
overhead swing,0,190,
structure,0,190,
temperature,0,190,
ninjutsu research club (blue archive),0,190,
see-through socks,0,190,transparent socks
holding knife behind back,0,190,knife behind back
print male swimwear,0,190,
collapsed,0,190,
ninomae ina'nis (cosplay),0,190,
shaving crotch,0,190,
marisa day,0,190,
shendyt,0,190,
sliced,0,190,
yamaha vino,0,190,
towing,0,190,
kaitou shinshi no harahara!? white day (project sekai),0,190,"a gentleman thief's white day?! (project sekai),the gentleman thief's thrilling white day!? (project sekai)"
deku shield,0,190,
taser,0,190,
backless kimono,0,190,
badger ears,0,190,
steeple,0,190,
vertical-striped bodysuit,0,189,
movie camera,0,189,
dropped object,0,189,
on top of pole,0,189,
z-move trainer pose,0,189,
sprue,0,189,
kcco (girls' frontline),0,189,
armadillo ears,0,189,
pile of money,0,189,
hand in mouth,0,189,
afterglow (bang dream!),0,189,
holding eyepatch,0,189,
favonius sword (genshin impact),0,189,
honeycomb print,0,189,
trust me (durarara!!),0,189,
steamroller,0,189,road roller
youkai academy school uniform,0,189,
ipod nano 4g,0,189,
photokinesis,0,189,"light magic,light manipulation"
green mittens,0,189,
girly running,0,189,
korea,0,189,
message in a bottle,0,189,
floral print pantyhose,0,189,
deel,0,189,
le mans prototype,0,189,
clamp (circle) (style),0,189,
toe claws,0,189,
ootori gakuen school uniform,0,189,
grey wrist cuffs,0,189,gray wrist cuffs
torn flag,0,189,
dorsiflexion (wrist),0,189,
diamond choker,0,189,
inhaling,0,189,
stepping on object,0,189,
absolute cinema (meme),0,189,
holding picnic basket,0,189,
cafe maid (love live!),0,188,cafe maid (love live)
maggot,0,188,
the empress (tarot),0,188,
fretless instrument,0,188,
tied hoodie strings,0,188,
suppository,0,188,
nagant m1895,0,188,
hair clipper,0,188,trimmer
urban legend,0,188,
aqua pajamas,0,188,
convenient hand,0,188,
qinghua (porcelain),0,188,
holding feet,0,188,
sandbox,0,188,
renpu girls school uniform,0,188,
doppel (madoka magica),0,188,
plague doctor,0,188,
not present,0,188,
jack-in-the-box,0,188,jack in the box (toy)
genius invokation tcg (style),0,188,
yellow corset,0,188,
unworn armband,0,188,armband removed
animal-themed footwear,0,188,
spider web background,0,188,
dominator (gun),0,188,
butterfly girl,0,188,
aqua camisole,0,188,
chameleon girl,0,188,
wire fence,0,188,
porcelain,0,188,
holding own ankles,0,188,grabbing own ankles
on piano,0,188,
lace-trimmed blindfold,0,188,
two-tone collar,0,188,
wraparound tape gag,0,188,
inflatable flamingo,0,188,
elden ring (object),0,188,
bun (food),0,188,
llama,0,188,
mekakushi dan (kagerou project),0,188,
sword of kusanagi,0,188,kusanagi no tsurugi (sword)
four pack,0,188,
narutomaki hair ornament,0,188,
side-tie shorts,0,188,
collared robe,0,187,
partially invisible,0,187,
bow bloomers,0,187,
blood sucking,0,187,
fade (haircut),0,187,
flower skirt,0,187,
gold bell,0,187,
strangulation mark,0,187,"ligature mark,strangle mark"
pink garter belt,0,187,
mixed holding,0,187,
l'antica (idolmaster),0,187,
heart bracelet,0,187,
aqua haori,0,187,
swinging,0,187,
crown ornament,0,187,
zangetsu (shikai),0,187,
notes,0,187,
outseal,0,187,
melodica,0,187,
void (guilty crown),0,187,
hand on cane,0,187,
rasengan,0,187,
rathalos (armor),0,187,
long belt,0,187,
canoe,0,187,
thighhigh gaiters,0,187,
anthurium,0,187,
blood angels,0,187,
spread nipple,0,187,
east germany,0,187,german democratic republic
battlement,0,187,
latex top,0,187,
yebisu,0,187,
dummy,0,187,
rectangular cage,0,187,
robe lift,0,187,
purple lightning,0,187,
manba gyaru,0,187,
earthworm,0,187,
heart attack,0,187,cardiac arrest
hot dog bun,0,187,
elephant tail,0,187,
pushcart,0,187,
broken leg,0,186,
frilled cloak,0,186,
thigh peek,0,186,
cinderella (fairy tale character) (cosplay),0,186,
dark rhongomyniad (fate),0,186,dark rhongomyniad
blue garter belt,0,186,
oboe,0,186,
chameleon boy,0,186,
unownglyphics,0,186,
tail around another's arm,0,186,
punched,0,186,
banbi,0,186,
riding motorcycle,0,186,
sitting on drum,0,186,
osaka (city),0,186,
bead armlet,0,186,
white dougi,0,186,
highleg buruma,0,186,
remington arms,0,186,
rhinoceros,0,186,
pen to mouth,0,186,
christmas ornaments in hair,0,186,
yakult,0,186,
noble academy school uniform,0,186,
shell brooch,0,186,
holding blood bag,0,186,
vibrator over clothes,0,186,
chain whip,0,186,
himedanshi,0,186,
frenulum piercing,0,186,
hanging on,0,186,
gasterblaster,0,186,
vertical-striped sports bra,0,186,
healing animal,0,186,
bead belt,0,186,
clothes dryer,0,186,
rapping,0,186,
kettle helm,0,186,
workshop,0,186,
fishnet shrug,0,186,
gameplay ability,0,186,
atsuko's grin (meme),0,186,
reze (chainsaw man) (cosplay),0,186,
seia (blue archive) (cosplay),0,186,
senpai kinshi! (love live!),0,186,
audio visualizer,0,185,audio spectrum
sig sauer p320,0,185,
layered swimsuit,0,185,
lipstick mark on arm,0,185,
foot kabedon,0,185,leg kabedon
proud,0,185,
graviton beam emitter,0,185,
cat ear-shaped hair,0,185,
arawi keiichi (style),0,185,
under bridge,0,185,
single empty eye,0,185,
pride month,0,185,
patchouli day,0,185,
time travel,0,185,
paradise lost (e.g.o),0,185,
brown armband,0,185,
too many balloons,0,185,
diamond brooch,0,185,
9s (nier:automata) (cosplay),0,185,
nanyou academy uniform,0,185,
grapefruit,0,185,
kyubey (cosplay),0,185,
winford academy uniform,0,185,
blazefire saber,0,185,
palette suit,0,185,
grabbing own flat chest,0,185,
glowing fist,0,185,
stickam,0,185,
mutsuki face (azur lane),0,185,
alternate tail,0,185,
glove nails,0,185,
page tear,0,185,
shikairo days dance (meme),0,185,
black garter,0,185,
ichigo daifuku,0,185,
bite mark on hand,0,185,
solarpunk,0,185,
abacus,0,185,
dark type theme (pokemon),0,185,
princess zelda (cosplay),0,185,
diamond-shaped brooch,0,185,
kongou (kancolle) (cosplay),0,185,
polishing,0,185,
purple pussy,0,185,
united states medal of honor,0,185,
hanging on arm,0,185,
polka dot jacket,0,185,
implied object insertion,0,185,
gold medal,0,185,
nintendo switch pro controller,0,185,
energy tail,0,184,
red-eye effect,0,184,
chinese knot border,0,184,
jackal,0,184,
field radio,0,184,
gold piercing,0,184,
naval working uniform,0,184,
stealth bondage,0,184,
umbrella flower,0,184,
agnes tachyon (umamusume) (cosplay),0,184,
monolith (stella sora),0,184,
fur-trimmed panties,0,184,
multiple style parody,0,184,
holding beaker,0,184,
sonobeno high school uniform,0,184,
wet dream,0,184,
glowing crystal,0,184,
seascape,0,184,
vogue (magazine),0,184,
nissan skyline r34,0,184,
poses,0,184,
sega mega drive,0,184,
dream academy school uniform,0,184,dream academy uniform
inverse spirit (date a live),0,184,reverse spirit
type 100 smg,0,184,
eat me,0,184,
amatsukaze (kancolle) (cosplay),0,184,
sailor mars (cosplay),0,184,
mustache print,0,184,
closing eyes,0,184,
pectoral pillow,0,184,
battle effectiveness award,0,184,
the high priestess (tarot),0,184,
raccoon tails (hairstyle),0,184,
pactio,0,184,
diverdiva,0,184,
predation,0,184,
see-through tank top,0,184,
crystal star (sailor moon),0,184,
indonesia,0,184,
mexican dress,0,183,
spiked shirt,0,183,
car trunk,0,183,
storm drain,0,183,
field ration,0,183,"mre,rations"
wand in head,0,183,
angled foregrip,0,183,
twitter strip game parody,0,183,
stomach ache,0,183,
mini snowman,0,183,
penis in glove,0,183,
shirt ribbon,0,183,
erdrick's sword,0,183,
jack of spades,0,183,
signing,0,183,
antler ribbon,0,183,
four of clubs,0,183,
holding belly,0,183,
night raven college gym uniform,0,183,
unconventional guitar,0,183,
6th live dream ~bloom garden party~,0,183,
chiester sisters,0,183,
gazelle horns,0,183,
armored animal,0,183,
chest on pillow,0,183,
ntw-20,0,183,
zipper panties,0,183,
almond,0,183,
stealth handjob,0,183,
nose pinch,0,183,
deviruchi hat,0,183,
blue tulip,0,183,
universe,0,183,
honda motocompo,0,183,
fuuma shuriken,0,183,
padisarah flower,0,183,
hanamiya nina (style),0,183,otomune kozue (style)
pet rock,0,183,
goat legs,0,183,
cutie (umamusume),0,182,
high-cut armor (persona),0,182,
spoken flower,0,182,
frilled veil,0,182,
puffing up,0,182,raised hackles
pink car,0,182,
black smoke,0,182,
broken horns,0,182,
object insertion from behind,0,182,
latex bra,0,182,
ghost earrings,0,182,
ursus logo,0,182,
no penis,0,182,
belt bondage,0,182,
holding tentacle,0,182,
aqua shawl,0,182,
king saw,0,182,
rock balancing,0,182,
megurine luka (cosplay),0,182,
woman yelling at cat (meme),0,182,
hagun academy school uniform,0,182,
dog hat,0,182,
meat day,0,182,
hooded top,0,182,
long torso,0,182,
interlocked venus symbols,0,182,
blindfold slip,0,182,
skeptical,0,182,"doubtful,suspicious"
steel type theme (pokemon),0,182,
three-finger handjob,0,182,
powder puff,0,182,
bakushin o armpit gif (meme),0,182,
saigyouji yuyuko (cosplay),0,182,
gold flower,0,181,
flamel symbol,0,181,
mirko (cosplay),0,181,
bag on head,0,181,
mailbag,0,181,
adjusting sock,0,181,
trickstar (ensemble stars!),0,181,
family portrait,0,181,family photo
assisted masturbation,0,181,
adjusting shorts,0,181,
carrot in pocket,0,181,
o'neill cylinder,0,181,
pottery,0,181,
tape censor,0,181,
two-tone bag,0,181,
rabbit on shoulder,0,181,bunny on shoulder
triple horizontal stripe,0,181,
axolotl ears,0,181,
l'avenir academy school uniform,0,181,l'avenir academy uniform
guardian chara,0,181,
car keys,0,181,
type 89 i-gou,0,181,
blue santa costume,0,181,
drying body,0,181,
lariat (necklace),0,181,
starter five (kancolle),0,181,
rebecca sugar (style),0,181,
pumpkin mask,0,181,
cracked face,0,181,
adjusting strap,0,181,
fake text,0,181,fictional text
shouryouuma,0,181,spirit horse
me!me!me! dance (meme),0,181,
character figure,0,181,
torn mask,0,181,
shapes background,0,181,
cathead,0,181,
shinji in a chair (meme),0,180,
holding harp,0,180,
feather-trimmed coat,0,180,
human crutch,0,180,
tadpole tail,0,180,
faint aroma (e.g.o),0,180,
ios (os),0,180,
whole note,0,180,
limp wrist,0,180,
sword-swallowing fellatio,0,180,"downwards fellatio,vertical fellatio"
holding flyer,0,180,
argyle kimono,0,180,
five of spades,0,180,
belted leg warmers,0,180,
st. odessa girls' school uniform,0,180,
sauropod,0,180,
honda civic,0,180,
baku (creature),0,180,
hat bobbles,0,180,
lace-trimmed leotard,0,180,
aim-9 sidewinder,0,180,
nagato yuki (cosplay),0,180,
cookbook,0,180,
eyestalks,0,180,
caramel,0,180,
vajra (object),0,180,
hare hare yukai,0,180,
mascara wand,0,180,spoolie brush
hecate's staff (fate),0,180,medea's staff (fate)
too many papers,0,180,
print tabard,0,180,
planking,0,180,
graphia academy school uniform,0,180,
finger ribbon,0,180,
multicolored suit,0,179,
cum on crotch,0,179,
clam shell ornament,0,179,
striped male underwear,0,179,
wet floor sign,0,179,
mismatched arm warmers,0,179,
teardrop-shaped gem,0,179,
ear focus,0,179,
checkered cape,0,179,
gigantic ass,0,179,
reverse penetration,0,179,
mask on hat,0,179,
creature on lap,0,179,
liquid weapon,0,179,
dunhuang style,0,179,
the moon (tarot),0,179,
lotus position,0,179,
three of spades,0,179,
green poncho,0,179,
print collar,0,179,
nipples out of frame,0,179,
single fishnet armwear,0,179,
crusader (tank),0,179,
holding back,0,179,
pinching gesture,0,179,
against locker,0,179,
pink carnation,0,179,
f6 (osomatsu-san),0,179,
ribbed camisole,0,179,
mismatched eyes,0,179,
bow garter belt,0,178,
chocolate print,0,178,
recipe,0,178,
implied cannibalism,0,178,
two-sided ribbon,0,178,
card holster,0,178,
blood sword,0,178,
placemat,0,178,
cartoon wings,0,178,
fiat 500,0,178,
two-tone belt,0,178,
tibetan clothes,0,178,
clay,0,178,
breast massage,0,178,
kirigakure symbol,0,178,
trailblazer's hat (honkai: star rail),0,178,
chocolate milk,0,178,
jagdpanzer 38(t),0,178,hetzer (tank)
necklace in mouth,0,178,
disappearing,0,178,
yamato (battleship),0,178,
undone ascot,0,178,
planted arrow,0,178,
spare tire,0,178,
souvenir doll (blue archive),0,178,
eyewear switch,0,178,
colt 9mm smg,0,178,"colt smg,ro635"
trimmed tail,0,178,
cargo net,0,178,
gurokawa,0,178,
bernese mountain dog,0,178,
torn hakama,0,178,ripped hakama
thank you chainsaw man (meme),0,178,
sleeve pull,0,178,
the monkey (dance),0,178,
hand in pantyhose,0,178,
eevee tail,0,178,
extended upskirt,0,178,
reimu day,0,178,
ueda masashi (style),0,178,
flower as hat,0,177,
creator and creation,0,177,
twee fashion,0,177,
multiple pov,0,177,
asahigaoka school uniform,0,177,
gingerbread house,0,177,
box on head,0,177,
spoken www,0,177,
wireless microphone,0,177,
goodbye,0,177,
windbreaker,0,177,
striped bike shorts,0,177,
rabbit pajamas,0,177,bunny pajamas
statuette,0,177,
fn fnc,0,177,
dinosaur skeleton,0,177,
dotted quarter note,0,177,
queen of hearts (alice in wonderland) (cosplay),0,177,
ship's wheel ornament,0,177,
asuna (blue archive) (cosplay),0,177,
hyacinth,0,177,
frilled eyepatch,0,177,
tiger ear hairband,0,177,
invisible table,0,177,
cleaning weapon,0,177,
character single,0,177,
shirahana school uniform,0,177,
tap me (meme),0,177,
chaperon hat,0,177,
pelican,0,177,
in washing machine,0,177,
bead curtain,0,177,
extra tongue,0,177,
laddered thighhighs,0,177,
hoshino ruby dance,0,177,doodle dance
elephant girl,0,177,
elbow on arm,0,177,
four of hearts,0,177,
graph paper,0,177,
opening another's clothes,0,177,
pubic cutout,0,176,
navel fingering,0,176,finger in another's navel
orange headscarf,0,176,
diamond on cheek,0,176,
stump cover,0,176,
glowing veins,0,176,
sega saturn,0,176,
ginyu force pose,0,176,
burning paper,0,176,
poke puff,0,176,
loincloth lift,0,176,
adzuki bean,0,176,
prelati's spellbook,0,176,
blue bloomers,0,176,
boom microphone,0,176,
bunny headphones,0,176,
pelvic thrust,0,176,
teto day,0,176,
mikumikudance,0,176,
black bodice,0,176,
yakumo ran (cosplay),0,176,
hasu no sora gym uniform,0,176,
eye drops,0,176,eyedrops
offering collar,0,176,
audio cable,0,176,
engineering department (blue archive),0,176,
transparent hand,0,176,
winged hair tie,0,176,
bichen sword,0,176,
dental gag,0,176,
air-to-air missile,0,176,
snowflake pendant,0,176,
plaid thighhighs,0,176,
cross cutout,0,176,
plaid ascot,0,176,
nijihub (meme),0,176,
aris (blue archive) (cosplay),0,176,
mayan clothes,0,176,
butterfly on face,0,176,
karambit,0,176,
fn scar 16,0,176,
aqua sweater vest,0,176,
boston terrier,0,176,
gold wrist cuffs,0,176,
ribbed pantyhose,0,175,
camel ears,0,175,
soot,0,175,
rpk-16,0,175,
star block,0,175,
poland,0,175,
eye slugger,0,175,
bandeau lift,0,175,
peas,0,175,
two-tone feathers,0,175,
flashlight beam,0,175,
kangaroo,0,175,
fruit focus,0,175,
trinity general school sportswear,0,175,
scroll tube,0,175,poster tube
mfd threesome,0,175,mtf threesome
totem,0,175,totem pole
living armor,0,175,
gold jacket,0,175,
star rail special pass (honkai: star rail),0,175,
thai school uniform,0,175,
my melody (cosplay),0,175,
flapping ears,0,175,
leaf on liquid,0,175,
horse pose,0,175,golshi's first place pose
platypus,0,175,
flower swing,0,175,
plaid sweater vest,0,175,
myers-briggs type indicator,0,175,
kimisaki school uniform,0,175,
multicolored border,0,175,
winged sword,0,175,
clasp,0,175,
vspo! showdown,0,175,
i think we're gonna have to kill this guy steven (meme),0,175,
fireworks print,0,175,
s.m.s.,0,175,
petal in mouth,0,175,
genkai made pom pon!!,0,175,
nero claudius (bride) (fate) (cosplay),0,175,
holding cube,0,175,
lock necklace,0,175,
short cape,0,175,
striped haori,0,175,
basketball shorts,0,175,
mutsuki face (blue archive),0,175,
double entendre,0,174,
triangle-shaped hair,0,174,
studded hairband,0,174,
sprite sheet,0,174,
parsee day,0,174,
frilled bandeau,0,174,
chastity key,0,174,
eye twitch,0,174,
8-ball,0,174,
nintendo switch lite,0,174,
seven of hearts,0,174,
frilled armlet,0,174,
mixed martial arts,0,174,mma
holding hands is lewd,0,174,
hummingbird,0,174,
wing earrings,0,174,
taped arms,0,174,
sound of a star (e.g.o),0,174,
scarab,0,174,
large feet,0,174,
bladed tonfa,0,174,
fidget spinner,0,174,
bakeneko (mythology),0,174,
no fingers,0,174,
shooting gallery,0,174,
garmentmaker (honkai: star rail),0,174,
hip gear,0,174,
slosher (splatoon),0,174,
dual sights,0,174,
spaghetti and meatballs,0,174,
buried in sculpted sand,0,174,
chinchilla tail,0,174,
interrogation,0,174,
asparagus,0,174,
keikenchi (style),0,174,
tiramisu,0,174,
sliced meat,0,174,
grey sarong,0,174,
o-ring bra,0,174,
zookeeper,0,174,
blood on tongue,0,174,
ame no kisaki academy school uniform,0,174,ame no kisaki academy uniform
doll hair ornament,0,174,
heart pin,0,174,
sekibanki day,0,174,
siamese fighting fish,0,173,betta fish
s4 uniform,0,173,
disembowelment,0,173,
snake armband,0,173,
chest blush,0,173,
liquid from eyes,0,173,
united nations,0,173,
wolf mask,0,173,
bong,0,173,
plaid scrunchie,0,173,
falconry,0,173,
pipe wrench,0,173,
sonic the hedgehog (cosplay),0,173,
score,0,173,
blanket veil,0,173,
chuo academy school uniform,0,173,"chuo academy uniform,chuuou academy school uniform"
hand sonic,0,173,
pregnancy mark,0,173,
hairstyles of my wonderful wife,0,173,
kawashiro nitori (cosplay),0,173,
unworn sleeves,0,173,"detached sleeves removed,sleeves removed"
penis in unworn legwear,0,173,"pantyhose on penis,penis in unworn sock,penis in unworn thighhigh,unworn sock on penis,unworn thighhigh on penis"
inkblot,0,173,
futakuchi-onna,0,173,
eruption,0,173,
panther (tank),0,173,"panzer v panther,panzerkampfwagen panther,pzkpfw v panther"
removing pantyhose,0,173,
string tie,0,173,
three monkeys,0,173,
multicolor-tinted eyewear,0,173,
buttercup redraw challenge (meme),0,173,buttercup redraw challenge
terrarium,0,173,
gravure swimsuit (idolmaster),0,173,
barioth (armor),0,173,
takarazaki school uniform,0,173,
surgery,0,173,
gourmet research society (blue archive),0,173,
umesato middle school uniform,0,173,
bent,0,173,
keisanchuu new costume,0,173,
multiple forms,0,172,
crown hat ornament,0,172,
hug carry,0,172,
english flag,0,172,
choco girl,0,172,
micro uzi,0,172,
geometric pattern,0,172,
goku and vegeta in the rain (meme),0,172,
egosearching,0,172,"egosurfing,googling yourself,vanity searching"
stone skirt,0,172,
luna blaster (splatoon),0,172,
implied after masturbation,0,172,
poking own breast,0,172,
lion cub,0,172,
too many knives,0,172,
plasma,0,172,
tsuka (handle),0,172,
furina (genshin impact) (cosplay),0,172,
radio controller,0,172,
paw print palms,0,172,
primrose field illusion,0,172,
candy cigarette,0,172,chocolate cigarette
chinese food,0,172,
mizuno (brand),0,172,
loincloth aside,0,172,
crop top lift,0,172,
rosa (pokemon) (cosplay),0,172,
reverse forced oral,0,172,
squash,0,172,
good boy (phrase),0,172,
china dress (love live!),0,172,
b.a.b.e.l. uniform,0,172,
camouflage tank top,0,172,
http 404,0,172,404 error
seggs (meme),0,172,
accessory tan,0,172,
dia de muertos,0,171,
grey facial hair,0,171,
time machine,0,171,
magic bullet (e.g.o),0,171,
chima (clothes),0,171,
poison type theme (pokemon),0,171,
nipple hair,0,171,
hair weapon,0,171,
esp guitars,0,171,
kite flying,0,171,
cataracts,0,171,
ah eto... bleh (meme),0,171,
wangji guqin,0,171,
animal couple,0,171,
single slipper,0,171,
happy white day,0,171,
xiezhi guan,0,171,
mitsuketa keshiki tazusaete,0,171,
kill markings,0,171,
kanji focus,0,171,
thigh cutting,0,171,
buttjob under clothes,0,171,
minor arcana (tarot),0,171,
death (tarot),0,171,
tempura costume,0,171,
plaid pantyhose,0,171,
ta girls school uniform,0,171,
picture book,0,171,
gradient sarong,0,171,
neck piercing,0,171,
intertwined fate (genshin impact),0,171,
st. hilde academy of magic uniform,0,171,
canada,0,171,
onigiri hair ornament,0,171,
death flag,0,171,
water drop hair ornament,0,171,
adaptation comparison,0,171,"anime design and light novel design,anime design and manga design"
holding power drill,0,171,
after anilingus,0,170,
inverted cross necklace,0,170,
strainer,0,170,
shaved body,0,170,
ikari shinji (cosplay),0,170,
steaming clothes,0,170,
imminent pocky kiss,0,170,
accidental kiss,0,170,
kasane teto (cosplay),0,170,
holding chair,0,170,
blood on back,0,170,
scorecard,0,170,
yoshi egg,0,170,
cracked phone,0,170,
shell (company),0,170,royal dutch shell
purring,0,170,
condom pull,0,170,
peach ornament,0,170,
life at the hakurei shrine (touhou),0,170,
pink blanket,0,170,
sweater under dress,0,170,
leg on another's shoulder,0,170,
duck print,0,170,
maruchan akai kitsune udon,0,170,
catwalk (walkway),0,170,
mortar (weapon),0,170,
yotsuboshi academy school uniform,0,170,yotsuboshi academy uniform
katori squad's uniform,0,170,
bf 109,0,170,
makima (chainsaw man) (cosplay),0,170,
against pillar,0,170,
numbered flag,0,170,
kei car,0,170,
neck brace,0,170,cervical collar
on banana,0,170,
bonfire (dark souls),0,170,
cabbit,0,170,
growing out of body,0,170,
lifted by cursor,0,170,
dragon dildo,0,170,
chocolate icing,0,170,
holding napkin,0,170,
pomefiore dorm uniform,0,170,
small hands,0,170,
drawn halo,0,170,
forced title drop,0,170,
awakening (toaru),0,170,
yakudo trio,0,170,
stretcher,0,170,
scout uniform,0,170,
puma (brand),0,170,
bird of paradise flower,0,170,strelitzia (flower)
onion rings,0,170,
cd walkman,0,170,discman
unzipping another's clothes,0,169,
fiery clothing,0,169,
heart locket,0,169,
leg bow,0,169,
shuttlecock,0,169,birdie (badminton)
x-uniform,0,169,
unicycle,0,169,
reading together,0,169,
peephole,0,169,
launching,0,169,
dao,0,169,
hand size difference,0,169,
super smash bros. logo,0,169,
assisted carrying,0,169,
moe (phrase),0,169,
wedding cake,0,169,
umapyoi (phrase),0,169,
soejima shigenori (style),0,169,
dog mask,0,169,
grenade pin in mouth,0,169,
massage table,0,169,massage bed
candy gore,0,169,
frilled hakama,0,169,
colt 1851 navy,0,169,
500 dollar four foot tall mareep (meme),0,169,ah yes me my girlfriend and her (meme)
umbrella riding,0,169,
overshirt,0,169,
twiddling fingers,0,169,
purah pad,0,169,
riding vacuum cleaner,0,169,
osmanthus blade,0,169,
hezi,0,169,
mechanical penis,0,169,robot penis
renault,0,169,
pumpkin print,0,169,
axolotl girl,0,169,
wrist extended,0,169,
red lining,0,169,
yazawa nico (cosplay),0,169,
sheaf,0,169,
metronome,0,169,
tamamo no mae (fate) (cosplay),0,169,
fireman's carry,0,169,
nissin cup noodle seafood,0,169,
sword between thighs,0,169,
capybara ears,0,168,
vertical-striped suit,0,168,
referee,0,168,
holding blade,0,168,
removing thighhigh,0,168,
footstool,0,168,
cum on skirt,0,168,
bug spray,0,168,
poodle,0,168,
triclops,0,168,
moose girl,0,168,
large cross,0,168,
weapon personification,0,168,
landsknecht,0,168,
dragon on shoulder,0,168,
skull ring,0,168,
latex hiphighs,0,168,
slapping with penis,0,168,
skirt in mouth,0,168,
horse costume,0,168,
gynecology chair,0,168,delivery table
carrot hamburger steak,0,168,
prattkeeping (meme),0,168,
star map,0,168,
twilight (spy x family) (cosplay),0,168,
two-tone bandeau,0,168,
adjusting skirt,0,168,
spoken scene,0,168,
mold camelot,0,168,
tenjou utena (cosplay),0,168,
ski gear,0,168,
twitch username,0,168,
heraldry,0,168,
fluffy hands,0,168,
yokohama,0,168,
collarbone peek,0,168,
forced hug,0,168,
sparkle facial mark,0,168,
multiple-barrel gun,0,168,"multiple-barrel firearm,multiple barrel gun"
pov adoring,0,168,
seishou middle school uniform,0,168,
top of moe 2017,0,168,moe2017
refrigerator magnet,0,168,
syringe hair ornament,0,167,
gumball machine,0,167,
sideless shorts,0,167,
manaita obi,0,167,
footjob under table,0,167,
butterfly ring,0,167,
shachihoko,0,167,
purple jumpsuit,0,167,
cutting mat,0,167,
impressed,0,167,
aiming at another,0,167,
circumcision scar,0,167,
heart hands over eye,0,167,
jewelpet (creature),0,167,
sports bra peek,0,167,
iron maiden,0,167,
lunar invader trio (touhou),0,167,
candy print,0,167,
flare gun,0,167,
wada arco (style),0,167,
crumbling,0,167,
dress straps,0,167,
samba,0,167,
school festival,0,167,
eientei,0,167,
crocodile hair ornament,0,167,
see-through kimono,0,167,transparent kimono
convenient breasts,0,167,
h&k mg5,0,167,
shikairo days,0,167,
licking own nipple,0,167,
aqours 1st years,0,167,
playstation vr,0,167,
moon gate,0,167,
half chest guard,0,167,
boko (girls und panzer) (cosplay),0,167,
orange bandeau,0,167,
tamandua tail,0,167,
cold war,0,167,
affirmation,0,167,
wooden beam,0,167,
platform truck,0,167,
open poke ball,0,167,
heartless (kingdom hearts),0,167,
thorn print,0,167,
candy jar,0,167,
perfume (cosmetics),0,167,
chemicals,0,167,
sekai wo kakumei suru chikara wo,0,167,
kinniku buster,0,167,
badminton,0,167,
distracted,0,167,
body onahole,0,166,artificial vagina with body
slur (profanity),0,166,
mechanical head,0,166,
pantyhose under buruma,0,166,
gold gauntlets,0,166,
double insertion,0,166,
pink haori,0,166,
faux 3d,0,166,
hexagonal eyewear,0,166,
sheathing,0,166,
diasomnia dorm uniform,0,166,
multiple penis fellatio,0,166,double fellatio
chicken wing,0,166,
snorkel mask,0,166,
mangekyou sharingan,0,166,
the hanged man (tarot),0,166,
pussy grip,0,166,
conservatory,0,166,
f6f hellcat,0,166,
in sack,0,166,
yellow light,0,166,
sode no shirayuki (shikai),0,166,
phalanx ciws,0,166,
white fire,0,166,
wolf hat,0,166,
wire manipulation,0,166,
tanning oil,0,166,
tail strap,0,166,
floral print sarong,0,166,
art gallery,0,166,
spear of cassius,0,166,
team 31a (heaven burns red),0,166,
hunting,0,166,
fairey swordfish,0,166,
stylized blood,0,166,
taut shorts,0,166,
gold crown academy school uniform,0,166,
standing restraints,0,166,
tears facial mark,0,166,
akabeko,0,166,
sun wukong (cosplay),0,165,
love potion,0,165,
bound puppy pose,0,165,"aranyasana,reverse yogic sleep pose,theabibyama's yoga pose trend"
great trichiliocosm (e.g.o),0,165,
flower anklet,0,165,
acid,0,165,
pointing spider-man (meme),0,165,
wrestling boots,0,165,
shorts lift,0,165,
good morning,0,165,
zhongguo hua,0,165,
self-propelled artillery,0,165,self-propelled gun
m16a4,0,165,
possum ears,0,165,opossum ears
cocked hammer,0,165,
palace of dragon (idolmaster),0,165,
ruan,0,165,
feather fingers,0,165,
saturn symbol,0,165,
o x,0,165,
floating screen,0,165,
sailor mercury (cosplay),0,165,
top of moe 2016,0,165,moe2016
shinkansen,0,165,
attempted suicide,0,165,
sandstorm,0,165,
bell bow,0,165,
enkephalin (project moon),0,165,
heron,0,165,
girdle,0,165,
pendleton ward (style),0,165,
neps badge (zenless zone zero),0,165,
balisong,0,165,
backdrop,0,165,
devil trigger,0,165,
crushing food,0,165,
holding detached hair,0,165,holding severed hair
the hermit (tarot),0,165,
ecstasy,0,164,
two-tone sash,0,164,
yuunagi middle school uniform,0,164,
five of diamonds,0,164,
dial television,0,164,
closed lab coat,0,164,closed labcoat
photo bashing,0,164,
too many lipstick marks,0,164,
blunderbuss,0,164,
1996,0,164,
houkago climax girls (idolmaster),0,164,
touhou 18th popularity poll,0,164,
kwon eun-bi waterbomb performance (meme),0,164,
sushi geta,0,164,
animal-themed umbrella,0,164,
plaid pajamas,0,164,
death momoi (meme),0,164,
gloves over bodysuit,0,164,
spilled drink,0,164,
model tank,0,164,
lego minifig,0,164,
finger in own ear,0,164,
split head,0,164,
adapted hairstyle,0,164,
crimes against food,0,164,food atrocities
bandage in mouth,0,164,
thai clothes,0,164,
white gown,0,164,
casting couch,0,164,
neopet (creature),0,164,
navel stimulation,0,164,
maintenance,0,164,
bindle,0,164,
free hugs,0,164,
putting on jacket,0,164,
mandalorian helmet,0,164,
heart bikini,0,163,
excalibolg,0,163,
konohagakure anbu uniform,0,163,
licking thigh,0,163,
hand over another's eyes,0,163,
cookie cutter,0,163,
text hair ornament,0,163,
sailor jacket,0,163,
holding hourglass,0,163,
moth boy,0,163,
cat ear bikini,0,163,
aerith gainsborough (cosplay),0,163,
chocolate strawberry,0,163,
libeccio (kancolle) (cosplay),0,163,
on liquid,0,163,
yeti (creature),0,163,
sv-001 (metal slug),0,163,sv001 (metal slug)
colored shoe interior,0,163,
brown poncho,0,163,
blu-ray logo,0,163,
gothic princess (idolmaster),0,163,
frilled negligee,0,163,
black moon clan,0,163,
pringle duck,0,163,
tearing paper,0,163,
string around neck,0,163,
hide and seek,0,163,
wheeled leg(s),0,163,
volkswagen type 2,0,163,
monohoshizao (fate),0,163,
dachshund,0,163,
spiked hat,0,163,
tri drills,0,163,
himitsucalibur (fate),0,163,
cosmic & funny (idolmaster),0,163,
unbirthing,0,163,
itano circus,0,163,roboteching
greece,0,163,
habataki academy school uniform,0,163,habataki academy uniform
horseback archery,0,163,
beaver,0,163,
khan van,0,163,
holding chaos emerald,0,163,
saru (style),0,163,
flame tattoo,0,163,fire tattoo
unmanned aerial vehicle,0,163,uav
holding harpoon,0,163,
neptune (planet),0,162,
tengu pose,0,162,
crane print,0,162,
surf,0,162,
f-35 lightning ii,0,162,
horse anus,0,162,
polish flag,0,162,
green cat,0,162,
dangling eye,0,162,
sheep hood,0,162,
frilled garter belt,0,162,
announcement,0,162,
postmark,0,162,
stop (gesture),0,162,
kinktober,0,162,
the sun (tarot),0,162,
caladbolg (fate),0,162,
hair tie on wrist,0,162,
twitching womb,0,162,
swimsuit over clothes,0,162,
overeating,0,162,
bcy username,0,162,
salmon (fish),0,162,
cape grab,0,162,
search bar,0,162,
snowfield police uniform,0,162,clan calatin uniform (fate)
the sword sharpened with tears (e.g.o),0,162,
fbi,0,162,
braided tail,0,162,
rhinestone,0,162,
lemur,0,162,
scar on sternum,0,162,"scar between breasts,sternum scar"
airsoft,0,162,
multicolored gem,0,162,multicolored gemstone
sleeve pouch,0,162,
leotard tug,0,162,
brown scales,0,162,
feast,0,162,
grey wolf,0,162,
liquid dress,0,162,
finish line,0,162,
luxiem,0,162,
multicolored leggings,0,162,
stug iii,0,162,sturmgeschutz iii
power armor (fallout),0,162,
kissing leg,0,162,
epee,0,162,
betrayal,0,162,
r-301 carbine,0,162,
bear cub,0,162,
ethyria,0,162,
red leather,0,162,
themis legal academy school uniform,0,162,
splash-o-matic (splatoon),0,162,
toaster oven,0,162,
cum on sheets,0,162,
bonbori (lighting),0,162,
aquarius (zodiac),0,162,
gemini (zodiac),0,162,
smack,0,161,
planted gun,0,161,
finger to another's nose,0,161,
capricorn (zodiac),0,161,
manji,0,161,
spiral print,0,161,
living shadow,0,161,
external fuel tank,0,161,drop tank
b-komachi (new),0,161,
hollow (bleach),0,161,
yellow veil,0,161,
kitkat,0,161,
rabbit pin,0,161,bunny pin
yukadon on viewer,0,161,
good girl (phrase),0,161,
pop-up book,0,161,
ma5,0,161,
jerboa tail,0,161,
pet bed,0,161,
un uniform (muv-luv),0,161,
white armpit hair,0,161,
musical note background,0,161,
poking with penis,0,161,
flower collar,0,161,
sewing kit,0,161,
figma,0,161,
kneeling on liquid,0,161,
philippines,0,161,
nausea,0,161,
detached eyes,0,161,
star bit,0,161,
roman armor,0,161,
artoria pendragon (lancer) (fate) (cosplay),0,161,
minibike,0,161,
ricocheting,0,161,
slapping breasts,0,161,
smoke heart,0,161,
wyrm,0,161,
feature scout 2 (ensemble stars!),0,161,
swedish text,0,161,
safeguard (blame!),0,161,
umbrella ribbon,0,161,
wheel of dharma,0,161,eight-handed wheel
phonecard (medium),0,161,
multiple fusions,0,161,
ofuro,0,161,
mane ax (deltarune),0,161,
shun goku satsu,0,161,raging demon (street fighter)
normal type theme (pokemon),0,161,
new balance,0,161,
komaniya express (genshin impact),0,161,
cicada block (meme),0,161,
blue rose sword,0,161,
colored text highlight,0,161,
arts shirt (fate),0,161,arts shirt
dive,0,161,
actor,0,161,
miao clothes,0,161,"hmong clothes,miao dress"
belted jacket,0,160,
kosei high school uniform,0,160,
st. bernard,0,160,st bernard
heart-shift bracelets,0,160,
nomura tetsuya (style),0,160,
m320,0,160,
infinity gauntlet,0,160,
holding chisel,0,160,
missing finger,0,160,
soldering iron,0,160,
wheel of fortune (tarot),0,160,the wheel of fortune (tarot)
kokiri sword,0,160,
neck focus,0,160,
excavator,0,160,
riding roller coaster,0,160,
dice necklace,0,160,
colonnade,0,160,
spoken letter,0,160,
holding organ,0,160,
back slit,0,160,
heart hairband,0,160,
mat play,0,160,
tug of war,0,160,
brown umbrella,0,160,
feather print,0,160,
balmung (fate),0,160,balmung (fate/apocrypha)
internet,0,160,
weapon across shoulders,0,160,
mouse costume,0,160,
colt commando,0,160,car-15
painting toenails,0,160,
red pepper,0,160,
misskey.io username,0,160,
kamchatka lily,0,160,
fur bra,0,160,
coat stash,0,160,
horizontal navel,0,160,
taxidermy,0,160,
torn footwear,0,160,
slam,0,160,
blue raincoat,0,160,
open wetsuit,0,160,
strawberry tart,0,160,
mouthful mode,0,160,
mechanical neck,0,160,
chi-hatan (emblem),0,160,
parrot boy,0,160,
high schoolmate (idolmaster),0,160,
dark cure (precure),0,159,dark cure (yes! precure 5)
penis on shoulder,0,159,
foxtail,0,159,
bow shorts,0,159,
iterator (rain world),0,159,
double popsicle,0,159,
aqua butterfly,0,159,
troll,0,159,
h&k g36c,0,159,
amber (gemstone),0,159,
offering leash,0,159,
pilot uniform,0,159,
red happi,0,159,
brown wrist cuffs,0,159,
rocket boots,0,159,
froth,0,159,
wooden bowl,0,159,
chouchin-obake,0,159,chochin-obake
hylian (language),0,159,
fishnet veil,0,159,
fishnet bridal gauntlets,0,159,
newhalf with newhalf,0,159,
miko embrace,0,159,
saliva pool,0,159,
bullying viewer,0,159,"pov bullying,teasing viewer"
imminent orgasm,0,159,
hair on penis,0,159,
cross patty,0,159,
poke ball insertion,0,159,
kilt,0,159,
tail removed,0,159,
finland,0,159,
muscle envy,0,159,
killkiss (bang dream!),0,159,
finger to own nose,0,159,
crotchless bodysuit,0,159,
fish skeleton print,0,159,fish bone print
ritual,0,159,
juuban high school uniform,0,159,
aperture science handheld portal device,0,159,portal gun (portal)
hong kong,0,159,
massage chair,0,159,
bb dubai (fate) (cosplay),0,159,
passport,0,159,
argyle necktie,0,159,
dalmatian,0,159,
pinstripe camisole,0,159,
taguel,0,159,
love high school uniform,0,159,
doukyo's,0,159,
eye injury,0,159,
cockatoo,0,159,
northern ocean princess (cosplay),0,159,
humboldt penguin,0,159,
clippers,0,159,
yukkuri abuse,0,159,
durumagi,0,159,
kokorowatari,0,159,
vsk-94,0,159,
taskbar,0,158,
kissing thigh,0,158,
stuffed turtle,0,158,
sports bottle,0,158,
aqua-tinted eyewear,0,158,
support ship (eve online),0,158,
two-sided horns,0,158,
heart-shaped innertube,0,158,
heishou pack-wei branch (identity) (project moon),0,158,
top/bottom dynamic annotated,0,158,"bottom (sexual preference),top (sexual preference)"
head on knee,0,158,
pentagram necklace,0,158,
dirtbike,0,158,
lyra (constellation),0,158,
neapolitan palette,0,158,
rocks glass,0,158,
cheetah,0,158,
cyberspace,0,158,
wet socks,0,158,
aqua sandals,0,158,
pharaoh,0,158,
rabbit head,0,158,bunny head
cooking oil,0,158,
mifune takashi (style),0,158,
polka dot hoodie,0,158,
shorts rolled up,0,158,
adjusting hair ornament,0,158,
reddit username,0,158,
testicles touching,0,158,
frilled underwear,0,158,
blood censor,0,158,
pixie (ff14),0,158,
left-handed pitcher,0,158,
time patrol (dragon ball),0,158,
type 97 chi-ha,0,158,
parade,0,158,
juuban elementary school uniform,0,158,
water censor,0,158,
dvd (object),0,158,
armor under clothes,0,158,clothes over armor
elcan scope,0,158,
implied hetero,0,158,
saucepan,0,158,
panty spread,0,158,
bullet in mouth,0,158,
necktie on head,0,158,
orbited,0,157,
clutter,0,157,
meat armor,0,157,fanny packing
bird skull,0,157,
water masturbation,0,157,
pearl hairband,0,157,
pk academy school uniform,0,157,
veritas (blue archive),0,157,
armadillo,0,157,
as val,0,157,
thumbs up emoji,0,157,
momozono junior high school uniform,0,157,
ukrainian clothes,0,157,
mawashi,0,157,
unworn lanyard,0,157,lanyard removed
montage,0,157,
spoken thumbs up,0,157,
hallucination,0,157,
double footjob,0,157,
aqua hanfu,0,157,
opal (gemstone),0,157,
biting another's lip,0,157,
oasis,0,157,
denial,0,157,
may (pokemon) (cosplay),0,157,
rock type theme (pokemon),0,157,
house of cards,0,157,
yatagarasu,0,157,
spoken venus symbol,0,157,
whisking,0,157,
paru paru,0,157,
dice earrings,0,157,
magic carpet,0,157,flying carpet
silver sword (genshin impact),0,157,
fuuka school uniform (hara hara!!),0,157,
boar hood,0,157,
mp-443 grach,0,157,mp-446 viking
neumann ku 100,0,157,
miiverse yeah! (meme),0,157,
collared socks,0,157,
zaisu,0,157,tatami chair
wheat print,0,157,
turn cuff socks,0,157,
shikoro,0,157,
striped border,0,157,
sjms school uniform,0,157,
okawaii koto,0,157,
iono (pokemon) (cosplay),0,157,
neptune symbol,0,157,
mooning,0,157,
wisteria print,0,157,
chevrolet corvette,0,157,
lineart zoom layer,0,156,
black lace trim,0,156,
claw bra,0,156,
fishnet hiphighs,0,156,
wishcore,0,156,
fingers between toes,0,156,
starting gate,0,156,
the emperor (tarot),0,156,
kanagawa prefecture,0,156,kanagawa
boosty username,0,156,
snowquill set (zelda),0,156,
automaton (object),0,156,
holding badge,0,156,
granulated sugar,0,156,"sugar (food),white sugar"
pineapple on pizza,0,156,
orange mittens,0,156,
snowflake pupils,0,156,
scar on ass,0,156,
pumpkin skirt,0,156,
shaman,0,156,
matsu symbol,0,156,
da capo (e.g.o),0,156,
bench press,0,156,
haigure pose,0,156,
himitsu no valentine daisakusen! (project sekai),0,156,"operation secret valentine! (project sekai),secret operation valentine's day (project sekai)"
shimousa (fate/grand order),0,156,
jeanne d'arc (fate) (cosplay),0,156,
orange wrist cuffs,0,156,
t-34-85,0,156,
burger malfunction,0,156,
licking another's hand,0,156,
clone trooper,0,156,
shoe print,0,156,
galaxy background,0,156,
dot-matrix,0,156,
muchourin,0,156,
swept hilt,0,156,
two-tone tunic,0,156,
holding mascot head,0,156,
morning wood,0,156,
uva academy (emblem),0,156,
flower wrapper,0,156,
chinese hat,0,156,
dragon (arms),0,156,
black swim trunks,0,155,
folded wings,0,155,
mika swiss roll (meme),0,155,
white java sparrow,0,155,
playing chess,0,155,
race fetishism parody,0,155,blacked parody
leaf censor,0,155,"fig leaf (idiom),leaf on crotch,leaf on nipple"
looking at crotch,0,155,
republic of korea army,0,155,
disembodied torso,0,155,
roselia (bang dream!),0,155,
homeless,0,155,
biting own tongue,0,155,
hood over eyes,0,155,
under bed,0,155,
aqua armband,0,155,
sea angel,0,155,
beaded penis,0,155,
medicine box,0,155,
kyoudaidon,0,155,kyoudaidon (sex)
natural sign,0,155,
papillon (dog),0,155,
hand on own opposite hip,0,155,
tan tan pou,0,155,
syringe gun,0,155,
thumbtack,0,155,
meltryllis (fate) (cosplay),0,155,
gyaru w,0,155,
kuudere,0,155,
ipod nano 3g,0,155,
holding own ears,0,155,
swallowtail butterfly,0,155,
oak cake roll (honkai: star rail),0,155,
eye in mouth,0,155,
chaldea boys collection,0,155,
succulent plant,0,155,
gloria (pokemon) (cosplay),0,155,
gem (azur lane),0,155,
maximal,0,155,
double-sided polearm,0,155,
blinking inside eyes,0,155,
howa type 64,0,155,
pastels,0,155,
face hug,0,155,
adrenaline!!!,0,155,
scarabia dorm uniform,0,155,
raining blood,0,155,
letter balloon,0,155,
unworn blazer,0,155,blazer removed
list,0,155,
otomad,0,154,
claymore (mine),0,154,
icing trim,0,154,
red bird,0,154,
beam gun,0,154,
masturbating while penetrated,0,154,
grills,0,154,
decay,0,154,
erection under towel,0,154,
lightning bolt-shaped pupils,0,154,
desperation,0,154,
klee (genshin impact) (cosplay),0,154,
stoned,0,154,
hollow mask,0,154,
stellaron hunters (honkai: star rail),0,154,
string in mouth,0,154,
bridal bikini,0,154,
yusuf dikec (meme),0,154,
bridal swimsuit,0,154,
sensory deprivation,0,154,
gun between breasts,0,154,
red pillow,0,154,
brown bonnet,0,154,
twitter rabbit ears (meme),0,154,
syringe holster,0,154,
implied pornography,0,154,
chitin,0,154,
.52 gal (splatoon),0,154,
commercial,0,154,
tentacle in ear,0,154,
snow white (fairy tale character) (cosplay),0,154,
cross brooch,0,154,
umbrella hair ornament,0,154,
box body,0,154,
side horns,0,154,
barber pole,0,154,
spreading another's legs,0,154,
sitting on hand,0,154,
grizzly win mag,0,154,grizzly mkv
hand tail,0,154,
motion slit,0,154,
terminator armor,0,154,
hikikomori,0,154,
colombia pose (meme),0,154,colombia pose
fairy tale (love live!),0,154,
kick scooter,0,154,
sony mdr-series headphones,0,154,
ghost in the shell lineup,0,154,
nissin cup noodle curry,0,154,
millennium ring,0,154,
omegaverse,0,153,
insulting viewer,0,153,
colt python,0,153,
twin-lens reflex camera,0,153,
glider,0,153,
powdered sugar,0,153,
icha icha (naruto),0,153,
argentinian flag print,0,153,
tamagokake gohan,0,153,
frilled shrug,0,153,
butler bowing,0,153,
rapture (nikke),0,153,
covering another's crotch,0,153,
pyrefly,0,153,
broken vase,0,153,
plant boy,0,153,
offering hand to another,0,153,
long finger,0,153,
item (toaru),0,153,
golf course,0,153,
standing on box,0,153,
kiss from behind,0,153,
international precure,0,153,
hakama pull,0,153,
tractor,0,153,
broken fence,0,153,
himura kiseki (style),0,153,
holding head wreath,0,153,
too many chicks,0,153,
kurokw (style),0,153,
nonstop nut november,0,153,
laurel tattoo,0,153,
cat breakdancing (meme),0,153,sims cat breakdance (meme)
octobrush (splatoon),0,153,
switchblade,0,153,
poking penis,0,153,
striped wall,0,153,
yellow hakama,0,153,
fig,0,153,
azov battalion,0,153,
magician's wand,0,153,
frilled hood,0,152,
lemur tail,0,152,
bokutachi no seizon tousou (project sekai),0,152,"our escape for survival (project sekai),we escape to survive (project sekai)"
palm leaf fan,0,152,
padded cloak,0,152,
shoe box,0,152,
checkered shorts,0,152,
object in panties,0,152,
high-speed train,0,152,
tanling ruqun,0,152,
food on penis,0,152,
eurodance,0,152,
walnut,0,152,walnut (food)
fur-trimmed arm warmers,0,152,
lego brick,0,152,
cotton (plant),0,152,
licking ass,0,152,
glowing penis,0,152,
aramis high school uniform,0,152,
bifurcated jaw,0,152,
tentacle tongue,0,152,
obelisk,0,152,
hugging with one arm,0,152,
mousse (food),0,152,
pop-up pirate,0,152,
uniform vest,0,152,
castration,0,152,
holding dustpan,0,152,
tied nipples,0,152,
rappelling,0,152,
genjiguruma,0,152,
motivator (meme),0,152,
poet shirt,0,152,
fate testarossa (cosplay),0,152,
crab girl,0,152,
fishnet dress,0,152,
hero shot (splatoon 1),0,152,
bangs blown up,0,152,
escape room,0,152,
running on liquid,0,152,
dilation belt,0,152,
head arms,0,152,
fim-92 stinger,0,152,
you died,0,152,
snowdrop (flower),0,152,
impersonation,0,152,
seven of diamonds,0,152,
shirt over head,0,152,
honggaitou,0,152,
fish head,0,152,
negative,0,151,
lemur ears,0,151,
nue,0,151,
morse code,0,151,
first class mage uniform,0,151,
grey nipples,0,151,
getting up,0,151,
paint in hair,0,151,
orihime (tanabata) (cosplay),0,151,
crackling energy,0,151,
giorno giovanna's pose,0,151,giorno giovanna's pose (jojo)
typhoon (kamen rider),0,151,
napkin holder,0,151,
playboy bunny vest,0,151,
puttees,0,151,puttee
glowing liquid,0,151,
detergent,0,151,
flamberge,0,151,
black chaps,0,151,
calflet,0,151,
bibi (love live!),0,151,
nutcracker,0,151,
gradient fur,0,151,
quick shirt (fate),0,151,quick shirt
armband grab,0,151,
capital ship (eve online),0,151,
polka dot footwear,0,151,
monolith (object),0,151,
riot police,0,151,
sailor moon narikiri bra set,0,151,
pk machine gun,0,151,
de lisle carbine,0,151,
hangover,0,151,
morichika rinnosuke (cosplay),0,151,
american flag tattoo,0,151,
akasha terminal,0,151,
tickling navel,0,151,
bird hood,0,151,
five of clubs,0,151,
misty (pokemon) (cosplay),0,151,
holding tambourine,0,151,
shooting range,0,151,
yubi yubi (inugami korone),0,151,
lapwing face tracking redraws,0,151,
penis chart,0,151,
dimple,0,151,
karst,0,151,
cleaning eyewear,0,151,cleaning glasses
deep aqua mirror,0,151,
cup hilt,0,151,
grabbing another's wing,0,150,
two-tone suit,0,150,
button hair ornament,0,150,
glowing hat,0,150,
duffel jacket,0,150,
clitoris peek,0,150,
uzumaki symbol,0,150,
plant print,0,150,
garden chair,0,150,
tail around own waist,0,150,
deku's photos leak,0,150,deku's photo of hagakure toru
planted axe,0,150,
fed by viewer,0,150,
standing on swing,0,150,
pussy juice drip,0,150,
erection in panties,0,150,
little devil (love live!),0,150,
unworn bracelet,0,150,bracelet removed
holding dog tags,0,150,
holding digimon,0,150,
penis on cheek,0,150,
in hourglass,0,150,
bite mark on chest,0,150,
playing violin,0,150,
gem-studded nails,0,150,
hair in another's mouth,0,150,
yellow pansy,0,150,
hockey stick,0,150,
tharja (fire emblem) (cosplay),0,150,
from hat trick,0,150,
aries (zodiac),0,150,
individuals (idolmaster),0,150,
suiten nikkou amaterasu yanoshisu ishi,0,150,
mobius strip,0,150,
kanazawa (city),0,150,
peach print,0,150,
spoken impregnation,0,150,
beast ball,0,150,
jikan sokougun,0,150,
foot on weapon,0,150,
caved (touhou),0,150,
gingerbread cookie,0,150,
foam mustache,0,150,froth mustache
sardegna empire (emblem),0,150,
trainer wants to battle,0,150,
magic circle background,0,150,
public morals,0,150,
overwatch logo,0,150,
stadiometer,0,150,
goslingposting (meme),0,150,goslingposting
holohoneygaoka high school uniform,0,150,
gunbai,0,150,
mosaic pattern,0,149,
nipple injection,0,149,
mephistopheles (project moon),0,149,
browning m1919,0,149,
covering body,0,149,
self-pornography,0,149,
hanamaru,0,149,
hair dye,0,149,
shot down,0,149,
bamboo leaf,0,149,
mutilation,0,149,
apu spills his tendies (meme),0,149,
fire hair ornament,0,149,
bevor,0,149,
gacha suffering,0,149,
eight of hearts,0,149,
grey-tinted eyewear,0,149,
purple headscarf,0,149,
freudian slip,0,149,
eremite (faction),0,149,
head rub,0,149,
two-tone tube top,0,149,
sarcophagus,0,149,
justice (tarot),0,149,
tango,0,149,
utx school uniform,0,149,
eye glitter,0,149,
inconvenient tail,0,149,
american flag skirt,0,149,
drinking from condom,0,149,
sea monster,0,149,
k.o.,0,149,
proboscis,0,149,
ohananomitsu middle school uniform,0,149,
tail fondling,0,149,
namusanbou,0,149,
sparse ass hair,0,149,
gold pendant,0,149,
feathered dinosaur,0,149,
partial transformation,0,149,
cradle,0,149,
lasgun,0,149,
dogwood (flower),0,149,
mechanical hips,0,149,
two-tone leg warmers,0,149,
orange hanfu,0,148,
implied footjob,0,148,
red cross armband,0,148,
candle on head,0,148,
merchant,0,148,
wavy background,0,148,
energy (pokemon tcg),0,148,
animal earmuffs,0,148,
water elemental,0,148,
magitek armor,0,148,
clothes on shoulders,0,148,
remote control vehicle,0,148,
jouin high school uniform,0,148,
sentry,0,148,
ags (last origin),0,148,
disassembly,0,148,
chicken girl,0,148,
exploration team badge,0,148,
character cookie,0,148,
unworn leotard,0,148,
perching,0,148,
camera feed,0,148,
shi association south (identity) (project moon),0,148,
polka dot gloves,0,148,
shopping district,0,148,
acrobatics,0,148,
firework background,0,148,
yellow dog,0,148,
bean sprout,0,148,
k corp. (identity) (project moon),0,148,
horn speaker,0,148,
sybian,0,148,
object belt,0,148,
pocky strawberry,0,148,
plaque,0,148,
bugle,0,148,
shibafu (glock23) (style),0,148,
eyes of horus (warhammer 40k),0,148,
mindflayer,0,148,illithid
scruffing,0,148,
penis face,0,148,
holding record,0,148,
beyond the bluesky (idolmaster),0,148,
fliegerhammer,0,148,
hair net,0,148,
ice shaver,0,148,
purple penis,0,148,
nimono,0,148,
paint on fingers,0,148,
denim bikini,0,148,
big onis of gensokyo (touhou),0,148,
caduceus,0,148,
dog ear hairband,0,148,
virtuous treaty,0,148,
joui,0,148,
beagle,0,148,
vital sunflower (idolmaster),0,148,
sports court,0,148,
camel girl,0,147,
lay's (potato chips),0,147,
gag chinstrap,0,147,gag chin strap
thousand yard stare,0,147,
tied to stake,0,147,
medici collar,0,147,
1997,0,147,
anteater,0,147,
the hierophant (tarot),0,147,
measuring stick,0,147,
hand in another's pocket,0,147,
single mechanical glove,0,147,
moose,0,147,
green arm,0,147,
mamimi (mamamimi) (style),0,147,
pinstripe shorts,0,147,
game show,0,147,
engraved,0,147,relief (sculpture)
arms around self,0,147,
mechanical foot,0,147,
ratline,0,147,
aquarium tunnel,0,147,
relief (expression),0,147,
print leggings,0,147,
crayfish,0,147,"crawdad,crawfish,mudbug"
stuffed food,0,147,
upright ahoge,0,147,
mistsplitter reforged (genshin impact),0,147,
bugles (food),0,147,tongari corn
partial bodysuit,0,147,
siddham,0,147,
ladder slit,0,147,
northern parliament (emblem),0,147,
clitoris chain,0,147,
stuffed squid,0,147,
cancer (zodiac),0,147,
e-liter 3k (splatoon),0,147,
escoffion,0,147,
eye chart,0,147,
ball pit,0,147,
horn (e.g.o),0,147,
woven hatching,0,147,
table of contents,0,147,
anmitsu (dessert),0,147,
waist tassel,0,147,
smithing,0,147,
serendia academy school uniform,0,147,
test card,0,147,"smpte color bars,test pattern"
fur shirt,0,147,
hachimitsu academy school uniform,0,147,
renaissance clothes,0,147,
otonokizaka track jacket,0,146,
lofter logo,0,146,
cherry print panties,0,146,cherry panties
holding halo,0,146,
dead plants,0,146,
windows logo,0,146,
chrysos heirs school uniform,0,146,
fai chun,0,146,
candy corn,0,146,
nyan nyan nyan fair in gamers,0,146,
ibaraki kasen (cosplay),0,146,
foot on another's back,0,146,foot on back
layered capelet,0,146,
lacrosse stick,0,146,
everlasting (e.g.o),0,146,
ipod ad,0,146,
instrument on back,0,146,
interface censor,0,146,
uterus pose,0,146,
remilia day,0,146,
cross punisher,0,146,
gripping clothes,0,146,
glowing arrow,0,146,
penis hug,0,146,
smile (e.g.o),0,146,
digimon day,0,146,
level up,0,146,
pierced hat,0,146,
evidence board,0,146,"conspiracy board,string chart"
australia,0,146,
bending backward,0,146,
donut print,0,146,doughnut print
zanscare,0,146,
wet bra,0,146,
no toes,0,146,
union jack bikini,0,146,
pillow bite,0,146,
missile trail,0,146,
single greave,0,146,
large shoes,0,146,
battroid,0,146,
guilty gear strive x tower records,0,146,
burning vehicle,0,146,
moriya suwako (cosplay),0,146,
+ -,0,146,
single blank eye,0,146,
strength (tarot),0,146,
dragonfly hair ornament,0,146,
shepherd,0,145,
good morning my brother! (meme),0,145,
h&k mark 23,0,145,
slip-on shoes,0,145,
saddlebags,0,145,
mackerel (fish),0,145,
catcher stance,0,145,
bascinet,0,145,
reaction inset,0,145,
wiggling,0,145,
yellow rope,0,145,
flower in drink,0,145,
penguin ornament,0,145,
heart-shaped bandaid,0,145,
bowgun,0,145,
block (mario),0,145,
bound wings,0,145,
seppuku,0,145,
excalibur galatine (fate),0,145,
egg carton,0,145,
battlesuit,0,145,
outfit connection,0,145,
gunlance,0,145,
shared sense,0,145,
contact lens,0,145,
holding flame,0,145,
side handle teapot,0,145,
butterfly on shoulder,0,145,
aura sphere (pokemon),0,145,
safety pin hair ornament,0,145,
mossberg 590,0,145,
shamrock,0,145,
cat symbol,0,145,
scathach (fate) (cosplay),0,145,
green leggings,0,145,
immersed,0,145,
folded chair,0,145,
ground type theme (pokemon),0,145,
matchlock,0,145,
guzheng,0,145,
half-split chopsticks,0,145,
yellow poncho,0,145,
holding curling iron,0,145,
subaru impreza,0,145,
9a-91,0,145,
cbt press,0,145,
mega evolution,0,145,
print cloak,0,145,
quarian,0,145,
barnacle,0,145,
beak hold,0,145,
angel's swimsuit (idolmaster),0,145,
ototachibana academy school uniform,0,145,ototachibana academy uniform
shirakami fubuki (cosplay),0,145,
augma,0,145,
armored collar,0,145,
shiny leotard,0,145,
thunderseal,0,145,
puka puka,0,145,
holding vacuum cleaner,0,145,
fur dress,0,145,
ke-ta (style),0,145,
pushing cart,0,145,
strappado,0,144,
genderswap aware,0,144,
thatched roof,0,144,
bowling alley,0,144,
kokona's stamp (blue archive),0,144,
monitor head,0,144,
character memorial,0,144,
kasugayama high school uniform,0,144,
jack the ripper (fate/apocrypha) (cosplay),0,144,
ragequit,0,144,
panty roll,0,144,
foot against wall,0,144,foot on wall
clock necklace,0,144,
submission,0,144,
ofuda on leg,0,144,
licking dildo,0,144,
waveform,0,144,
forehead blush,0,144,
skinsuit,0,144,
sawed-off shotgun,0,144,
dynamax ball,0,144,
transform (pokemon),0,144,
babydoll hold,0,144,
cure black pose,0,144,
ox guard,0,144,"kasumi no kamae,ochs guard,posta de fenestra"
seven of clubs,0,144,
two of clubs,0,144,
blood from neck,0,144,
multiple anklets,0,144,
laterano school uniform,0,144,
narwhal,0,144,
horikoshi kouhei (style),0,144,
battle chatelaine,0,144,
devil fruit,0,144,
desert tech mdr,0,144,
pudding a la mode,0,144,
two-tone pajamas,0,144,
chocopuni,0,144,
himematsu school uniform,0,144,
nontraditional poke ball,0,143,
floating paper,0,143,
glowing windows,0,143,
touhou 22nd popularity poll,0,143,
turtleneck capelet,0,143,
sword in mouth,0,143,
floating ribbon,0,143,
money fan,0,143,
rococo movement,0,143,
hands on another's thigh,0,143,
reversi,0,143,othello (game)
ganbaruzoi,0,143,
takeoff,0,143,take-off
dutch flag,0,143,
kakera,0,143,
slicing,0,143,
blitzball,0,143,
open window shutter,0,143,
fujin yumi (fire emblem),0,143,
firefly (honkai: star rail) (cosplay),0,143,
kissing breast,0,143,
flower-shaped eyewear,0,143,
urethral fingering,0,143,
multicolored choker,0,143,
nahui mictlan (fate/grand order),0,143,
shining needle castle,0,143,
potato wedges,0,143,
shaving another,0,143,
orange light,0,143,
myouren temple,0,143,
usui yoshito (style),0,143,
in cauldron,0,143,
schale logo,0,143,
armbar,0,143,
panorama,0,143,
filler text,0,143,
kimoi girls (meme),0,143,kimoi girls
unbuttoned dress,0,143,
extreme engrish,0,143,
coordinated clothes writing,0,143,"couple's shirts,matching clothes writing"
stethoscope between breasts,0,143,
argyle vest,0,143,
asanagi (style),0,143,
ship in a bottle,0,143,
vibrator bulge,0,143,
phantometal (paradox live),0,143,
tears of the tarnished blood (e.g.o),0,143,
naked poncho,0,143,
burst bomb (splatoon),0,143,
musketeer,0,143,
holding ear,0,143,
spiral power,0,143,
alfa romeo,0,142,
mime,0,142,
pitcher plant,0,142,
orca boy,0,142,
print dickey,0,142,
o-ring suspenders,0,142,
pool party (league),0,142,pool party (league of legends)
frogging,0,142,
pilder,0,142,
tomato mask,0,142,
brown bird,0,142,
attitude derriere,0,142,
static electricity,0,142,
presenting penis,0,142,
edo tensei,0,142,
pandemonium society (blue archive),0,142,
chijo,0,142,
leather collar,0,142,
rubbing nose,0,142,
stuffed monkey,0,142,
marnie (pokemon) (cosplay),0,142,
holding ski pole,0,142,
cat necklace,0,142,
nuka-cola,0,142,
wringing,0,142,
primrose (flower),0,142,
logo hair ornament,0,142,
snagharpoon (e.g.o),0,142,
grey headscarf,0,142,
gilgamesh (fate) (cosplay),0,142,
frolicking fairies of gensokyo (touhou),0,142,
mucus,0,142,
t.t. star (nikke),0,142,
crane stance,0,142,crane kick stance
blanket grab,0,142,
playstation symbols,0,142,playstation shapes
tabasco,0,142,
facejob,0,142,dimple job
recorder case,0,142,
double soul (mega man),0,142,
takahashi rumiko (style),0,142,
boyfriend's shirt (tokimeki no mirai chizu),0,142,
scratching stomach,0,142,
lime hair ornament,0,142,
red sheet (e.g.o),0,142,
stuffed reindeer,0,142,
seio girls' academy school uniform,0,142,
character ball,0,142,
it's just not right!,0,142,
implied bondage,0,142,
green leaf,0,142,
artoria pendragon (swimsuit ruler) (fate) (cosplay),0,142,
wings through clothes,0,142,
lantern earrings,0,142,
tentacle between breasts,0,142,
yokosuka girls marine high school swimsuit,0,142,
aedd (e.g.o),0,142,
yule log (cake),0,142,buche de noel
kawakami academy school uniform,0,142,kawakami academy uniform
nekoma volleyball uniform,0,142,
dark matter (kakine teitoku),0,142,
shuriken print,0,142,
tipsy,0,142,
eyed tentacle,0,141,
tree costume,0,141,
decadriver,0,141,
wotagei,0,141,
myoukou pose (meme),0,141,myoukou pose
spade vine tattoo,0,141,
starfish bikini,0,141,
weasel boy,0,141,
clitoris bar,0,141,
mini party hat,0,141,
triangular anus,0,141,
gas pump,0,141,
orange shawl,0,141,
cross-laced armwear,0,141,
in-ear earphones,0,141,
chase my ideal idol! (project sekai),0,141,
skull-shaped pupils,0,141,
fn f2000,0,141,
grey bandeau,0,141,
leaf bra,0,141,
laser cannon,0,141,
space sword,0,141,
character costume,0,141,
tsuki ga kirei desu ne (phrase),0,141,
bait,0,141,
blood in water,0,141,
magpie,0,141,
wii u,0,141,
dock (tail),0,141,
pirelli,0,141,
dorothea arnault (cosplay),0,141,
luminous (madoka magica),0,141,
libra (zodiac),0,141,
cheese wheel,0,141,
dazzle paint,0,141,
mitsubishi lancer evolution,0,141,
centurion (tank),0,141,
priest (dq3) (cosplay),0,141,
kwon eun-bi (cosplay),0,141,
celestica flute,0,141,
number candle,0,141,
lace-up thighhighs,0,141,
headphones for animal ears,0,141,
signal bar,0,141,
glorious azure costume (umamusume),0,141,
yoba academy school uniform,0,141,
telepathy,0,141,
spinning bird kick,0,141,
kirino ranmaru (mixi max jeanne d'arc),0,141,
sperm circle tattoo,0,140,
uranus (planet),0,140,
white bodystocking,0,140,
water cooler,0,140,
good couple day,0,140,ii fuufu no hi
chugging,0,140,
fur-trimmed shawl,0,140,
neck tuft,0,140,
wisdom cube (azur lane),0,140,mental cube (azur lane)
dragon fruit,0,140,"dragonfruit,pitaya"
kongou pose,0,140,
print sports bra,0,140,
assisted paizuri,0,140,
saber alter (swimsuit rider) (second ascension) (cosplay),0,140,
too much fluff,0,140,
nissan gt-r,0,140,
beyblade (object),0,140,
fungi,0,140,
spade facial mark,0,140,
unworn ring,0,140,ring removed
underwater city,0,140,
latex shorts,0,140,
mixed limbs,0,140,
green highlights,0,140,
leo (zodiac),0,140,
ducati,0,140,
kazusa (blue archive) (cosplay),0,140,
fur-trimmed poncho,0,140,
wild hunt academy of arts logo,0,140,
dirty footwear,0,140,
granblue fantasy (style),0,140,
hostage,0,140,
yiga clan,0,140,
tumbler glass,0,140,
reverse forced cunnilingus,0,140,
paper balloon,0,140,
dead heat summer race!,0,140,
headbanging,0,140,
fu manchu (mustache),0,140,
teddy (lingerie),0,140,
heineken,0,140,
seyana (meme),0,140,
ibispaint,0,140,
old-fashioned donut,0,140,old-fashioned doughnut
cum on mask,0,140,
crab hair ornament,0,140,
fansub,0,140,
m1 abrams,0,140,
fairy tail logo,0,139,
fourth position of the arms,0,139,
power cord,0,139,
b&t mp9,0,139,"brugger-thomet mp9,steyr tmp"
wet lens,0,139,water on fourth wall
fur-trimmed wrist cuffs,0,139,
fur hairband,0,139,
character chart,0,139,
plaid armband,0,139,
snare drum,0,139,
heart bra,0,139,
clear insertion,0,139,
f-4 phantom ii,0,139,
gear hat ornament,0,139,
great rune (elden ring),0,139,
team rainbow rocket,0,139,
padded walls,0,139,
nectar,0,139,
hay fever,0,139,
blowing nose,0,139,
cuckoo clock,0,139,
holding cloak,0,139,
idle animation,0,139,
arms on another's shoulder,0,139,
hentai foundry username,0,139,hentai-foundry username
phone light,0,139,
heart ribbon,0,139,
ddd threesome,0,139,ttt threesome
holding cushion,0,139,
torn veil,0,139,ripped veil
tied skirt,0,139,
stocking (psg) (cosplay),0,139,
nikke's shooting pose (meme),0,139,
ganbare! nakamura-kun!! cover parody,0,139,
uranus symbol,0,139,
arcle (kuuga),0,139,
floral print pants,0,139,
mirror image,0,139,
arthropod tail,0,139,
print background,0,139,
checkered footwear,0,139,
oak leaf,0,139,
black tailcoat,0,139,
clip (weapon),0,139,"ammo clip,ammunition clip"
rice planting,0,139,
metabole piglets,0,139,
venus bikini,0,139,
garrote,0,139,piano wire
nagashi soumen,0,139,
black armlet,0,139,
rock garden,0,139,
azure (armor),0,139,
ratite,0,139,
haraegushi,0,139,
blueberry hair ornament,0,139,
tsum-tsum,0,139,
kanohi (bionicle),0,139,
warrior (dq3) (cosplay),0,138,
scoundrel team (len'en),0,138,
crooked teeth,0,138,
watching movie,0,138,
polka dot hat,0,138,
externally piloted mecha,0,138,
celestella unison (idolmaster),0,138,
heart hands trio,0,138,
poking nose,0,138,
head tail,0,138,
the chariot (tarot),0,138,
cubism,0,138,
boho-chic,0,138,
sisterhood (blue archive),0,138,
checkered tank top,0,138,
good thighhighs day,0,138,nice knee socks day
removing helmet,0,138,
ink stain,0,138,
beluga whale,0,138,
form change,0,138,
compass uniform,0,138,
harley quinn (cosplay),0,138,
nationale volksarmee,0,138,east german army
ice crown (adventure time),0,138,
doll house,0,138,dollhouse
rotisserie,0,138,
amazake (drink),0,138,
sleeves tied together,0,138,
bobbles,0,138,
orange-shaped earrings,0,138,
choker pull,0,138,
nah i'd win (meme),0,138,
sad cat dance (meme),0,138,
cover them up slut (meme),0,138,
assisted peeing,0,138,
train attendant,0,138,
mammoth,0,138,
hollyhock,0,138,
red button,0,138,
elizabeth bathory (brave) (fate) (cosplay),0,138,
dragon boat festival,0,138,
running blades,0,138,
barricade,0,138,
chupacabra,0,138,
dried blood,0,138,
lamp (e.g.o),0,138,
holding business card,0,138,
rabbit brooch,0,138,
takamachi nanoha (cosplay),0,138,
motorized unicycle,0,138,
uh-60 blackhawk,0,138,
hand on another's nape,0,138,
strip mahjong,0,138,
brynhild romantia,0,138,brynhildr romantia
strapless romper,0,138,
lopunny (cosplay),0,138,
yamaboshi private high school uniform,0,138,
agni gandiva,0,138,
seams,0,138,
cum in eye,0,138,
twins at the carousel (meme),0,137,
multicolored shrug,0,137,
tactical swimsuit,0,137,
mandalorian armor,0,137,
grabbing tentacle,0,137,
whirlpool,0,137,
insect pin,0,137,
rabbit youkai group (touhou),0,137,
bubble print,0,137,
yellow buruma,0,137,
burning as one (umamusume),0,137,
1960s fashion,0,137,
candle no kaori wa omoide to tomo ni (project sekai),0,137,"memories carried by the scent of candles (project sekai),memories that come with the scent of candles (project sekai)"
money between breasts,0,137,
gradient outline,0,137,
sumeru rose (genshin impact),0,137,
fringe-trimmed cape,0,137,
second wangan school uniform,0,137,
pisces (zodiac),0,137,
armet,0,137,
holding pants,0,137,
axis (gundam),0,137,
multicolored bandeau,0,137,
robot cat,0,137,
denim shirt,0,137,
pikachu costume,0,137,
null bulge,0,137,
bird on leg,0,137,
writing on ass,0,137,
canned fish,0,137,
bomb item (touhou),0,137,
leather bag,0,137,
keshin (inazuma eleven),0,137,
people's liberation army air force,0,137,
char aznable (cosplay),0,137,
imminent wardrobe malfunction,0,137,
donburi,0,137,
mismatched armpit hair,0,137,
shigure (kancolle) (cosplay),0,137,
compilation,0,137,
fairy sword arondight,0,137,
bell pepper slice,0,137,
slasher route (hundred line),0,137,
trap door,0,137,
bad singing,0,137,
space marine,0,137,
revice driver,0,137,
colophon,0,137,
engineer,0,137,
holding hoe,0,137,
ugg boots,0,137,
kraken,0,137,
team aqua uniform,0,137,
dearly stars (idolmaster),0,137,
defensive wall,0,137,
caressing cheek,0,137,
pkp pecheneg,0,137,
undone duijin,0,137,
splattershot pro (splatoon),0,137,
leaf ornament,0,136,
wooden porch,0,136,
stitched forehead,0,136,
aqua scales,0,136,
station wagon,0,136,
hand saw,0,136,
back pain,0,136,
rectangular eyes,0,136,
heartbreak (futsuu no keion-bu),0,136,
matching accessory,0,136,
gamer driver,0,136,
oh? you're approaching me? (meme),0,136,
video game case,0,136,video game cover (object)
harpoon gun,0,136,
the world (tarot),0,136,
panties under leotard,0,136,
thumb hole sleeves,0,136,
stadium lights,0,136,
clutching clothes,0,136,
sua (alien stage) (cosplay),0,136,
pointing at mouth,0,136,
glowing mushroom,0,136,
mixer (cooking),0,136,
frilled bodysuit,0,136,
rockabilly,0,136,
green raincoat,0,136,
strawberry pop moon (idolmaster),0,136,
cappuccino,0,136,
grater,0,136,"cheese grater,hand grater"
juice carton,0,136,
carrot on stick,0,136,
chain blades,0,136,
cow skull,0,136,
foot on table,0,136,foot on desk
1995,0,136,
turtleneck bikini top,0,136,
canari plush (pokemon),0,136,
airplane hair ornament,0,136,
sleeping with eyes open,0,136,
eye pov,0,136,
radio booth,0,136,
cats love being spanked,0,136,
arm freckles,0,136,
sweet pea,0,136,
blur layer,0,136,
four-leaf clover necklace,0,136,
namori (style),0,136,
photo booth,0,136,
yellow bloomers,0,136,
telepole (e.g.o),0,136,
joint lock,0,136,
alphabet,0,136,
robot sex,0,136,
red facial hair,0,136,
holoro,0,136,
carro armato p40,0,136,
gazelle tail,0,136,
chocolate clothes,0,136,
black changpao,0,136,
lce (identity) (project moon),0,136,
white garter,0,136,
bandaid on eye,0,136,
misono gakuen school uniform,0,136,
servant summer festival! 2018,0,136,
nantaimori,0,136,
two-tone apron,0,136,
umpire,0,136,
droneboat (eve online),0,136,
hat chain,0,136,
furaffinity username,0,136,
orange car,0,136,
chajinbou,0,136,
shroud of martin,0,135,
affection meter,0,135,
white visor cap,0,135,
w over head,0,135,
illyasviel von einzbern (beast style) (cosplay),0,135,
norway,0,135,
standing on branch,0,135,
orange leg warmers,0,135,
locked legs,0,135,
crimson moon's semblance (genshin impact),0,135,
ceremonial blade (honkai: star rail),0,135,
open car hood,0,135,
stargazy pie,0,135,
constellation hair ornament,0,135,
cherry hat ornament,0,135,
faewish sprite,0,135,
white bathrobe,0,135,
panther print,0,135,
bond level (fate/grand order),0,135,
chesto (phrase),0,135,
panties under swimsuit,0,135,
honda nsx,0,135,acura nsx
road bicycle,0,135,
yukimi daifuku (food),0,135,
natsuki subaru (cosplay),0,135,
amano yoshitaka (style),0,135,
octopus tattoo,0,135,
canon (company),0,135,
bat necklace,0,135,
ordinal scale uniform (sao),0,135,
horn cover,0,135,
bad math,0,135,
f-16 fighting falcon,0,135,
six of hearts,0,135,
imminent masturbation,0,135,
lower lip only,0,135,
paw ornament,0,135,
straight razor,0,135,
scar on ear,0,135,
foil,0,135,"aluminum foil,tin foil"
grey bandana,0,135,
tomoeda high school uniform,0,135,
hand wave,0,135,
sukiyaki,0,135,
tweedia,0,135,
cinder block,0,135,
maruchan midori no tanuki tensoba,0,135,
sherlock holmes (cosplay),0,135,
tomato costume,0,135,
the north face,0,135,
lying upside-down,0,135,
5th live tour ~4pair power spread!!!!~,0,135,
shiranui kensetsu,0,135,
taurus (zodiac),0,135,
srw battle screen,0,135,
sakana~ (meme),0,135,
banjo,0,135,
hair around horn,0,135,
reflective weapon,0,135,
panties around one finger,0,135,
masturbation day,0,135,
goggles around breasts,0,135,
holding legs,0,135,
parchment,0,134,
raised curb,0,134,
wheelie,0,134,
chin guard,0,134,
feathered cape,0,134,
dazzling pearl (nikke),0,134,
sideless swimsuit,0,134,
latex thigh boots,0,134,
rawst berry,0,134,
reverse amazon position,0,134,
layered ascot,0,134,
print one-piece swimsuit,0,134,
disappearance outline,0,134,
sword to throat,0,134,
finger puppet,0,134,
resisting,0,134,
nerd emoji,0,134,
syngup! (idolmaster),0,134,
implied after fight,0,134,
mochi mochi dance,0,134,
decoden,0,134,
adjusting earrings,0,134,
judgement (tarot),0,134,judgment (tarot)
sulong form,0,134,
personality excrement,0,134,
triple bun,0,134,
shared veil,0,134,
track marks,0,134,injection mark
spider gag,0,134,
spring onion hair ornament,0,134,
mute,0,134,
acorn pendant,0,134,
four of diamonds,0,134,
ironmouse outfit art contest,0,134,
qingming sword,0,134,
egret orchid,0,134,
snake costume,0,134,
purple moon,0,134,
they're not panties,0,134,
contemporary traditional clothes,0,134,
sagittarius (zodiac),0,134,
sword cane,0,134,
detached ears,0,134,
mismatched pasties,0,134,
death guard,0,134,
pipe bomb,0,134,
fingers to cheek,0,134,
thunder stone,0,134,
moon ball,0,134,
foaming waves,0,134,
people's liberation army ground force,0,134,
impossible storage,0,134,
fantia username,0,134,
water dress,0,134,
energy bullet,0,134,
liquid gold,0,134,
instruction manual,0,134,
donut stamp,0,134,doughnut stamp
apollo chocolate,0,134,
fukujinzuke,0,134,
throwing food,0,134,thrown food
bandaid on wrist,0,134,
perversion of games,0,134,
monkey d. luffy (cosplay),0,134,
holding pitcher,0,134,
alto saxophone,0,134,
snake box sneak,0,134,
area 15,0,134,
tiger tattoo,0,134,
skinned,0,134,
on train,0,134,
bite mark on stomach,0,133,
mogeko (species),0,133,mogeko (mogeko castle)
orange tube top,0,133,
flight stick,0,133,
advent deck,0,133,
musical note necklace,0,133,
eotech exps3,0,133,
achilles tendon,0,133,
pom pom drawstring,0,133,
moon reflection,0,133,
aks-74,0,133,
materializing,0,133,
clown makeup,0,133,
town square,0,133,
volume symbol,0,133,
vergil's chair (meme),0,133,
hipster,0,133,
face squeeze,0,133,
animal pussy,0,133,
rakuyo high school uniform,0,133,
budgerigar (bird),0,133,budgie (bird)
okapi ears,0,133,
kuja pirates jolly roger,0,133,
grabbing own tail,0,133,
open can,0,133,
bubble filter,0,133,
linked gag,0,133,
relax teatime (project sekai),0,133,relaxing tea time (project sekai)
rolled-up newspaper,0,133,rolled up newspaper
blue string,0,133,
torn bandages,0,133,
inner ego,0,133,
hello happy world!,0,133,
simple bat,0,133,
english bond,0,133,
frilled chemise,0,133,
surrounded by feet,0,133,
black culottes,0,133,
aspear berry,0,133,
lambda symbol,0,133,
ceremonial sword (manosaba),0,133,
gas pump nozzle,0,133,
chimerism,0,133,
toyota 86,0,133,
oyama mahiro (cosplay),0,133,
flamestrider (genshin impact),0,133,
head flag,0,133,
siegrunen,0,133,
scorpio (zodiac),0,133,
looking for glasses,0,133,
tetromino,0,133,
pussy squeeze,0,133,
soumen,0,133,
villain pose,0,133,
glitch censor,0,133,
jonathan joestar's pose,0,133,jonathan joestar's pose (jojo)
snowman print,0,133,
hiccup,0,133,
orel cruise,0,133,
webclap,0,133,
curtain call challenge (meme),0,133,curtain call challenge
fish grill,0,133,
zashiki-warashi,0,133,
nymph,0,133,
ilya kuvshinov (style),0,133,
purple track suit,0,133,
kanji tattoo,0,132,
sennin mode,0,132,sage mode (naruto)
recruitment bag (arknights),0,132,
clock print,0,132,
sequential piercings,0,132,triple side labret piercing
rabbit balloon,0,132,bunny balloon
holding clock,0,132,
rare candy,0,132,
implied self-harm,0,132,implied self-mutilation
sword fight,0,132,
planetarium,0,132,
competitive sex,0,132,
blowing candle,0,132,
o-ring garter belt,0,132,
fullbottle,0,132,
69 (meme),0,132,
garnet til alexandros xvii (cosplay),0,132,
double inward v,0,132,
yellow eyeliner,0,132,
tracen ondo outfit (umamusume),0,132,
ribbon of saint george,0,132,
fundoshi pull,0,132,
staff of the scarlet sands (genshin impact),0,132,
in trunk,0,132,
ufo hair ornament,0,132,
stechkin aps,0,132,
single bracelet,0,132,
too many dolls,0,132,
nevermore academy school uniform,0,132,
alternate horns,0,132,
hand under dress,0,132,
omanko mark,0,132,pussy (symbol)
whammy bar,0,132,
zooming out,0,132,zoom out
misaka mikoto (cosplay),0,132,
cum on lips,0,132,
scrotum piercing,0,132,
grape vine,0,132,
gari gari-kun,0,132,
gold pasties,0,132,
virgo (zodiac),0,132,
tokoyami towa (cosplay),0,132,
military police,0,132,
presenting tanlines,0,132,
power tool,0,132,
crown hat,0,132,
kirima syaro (cosplay),0,132,
toothbrush mustache,0,132,
military lolita,0,132,
tracen ondo (song),0,132,
medusa (rider) (fate) (cosplay),0,132,
cake-shaped hat,0,132,
kirigami,0,132,
donkey girl,0,132,
butterfly in eye,0,132,
bulge peek,0,132,
gopnik,0,132,
studded thigh strap,0,132,
para para,0,132,
d.va (overwatch) (cosplay),0,132,
cradling,0,132,
noble heart (grimms notes),0,132,
foot hair,0,132,
wireframe,0,132,
partially opaque sunglasses,0,132,
pointy chin,0,131,
robbery,0,131,
american flag print panties,0,131,american flag panties
tennis dress,0,131,
huge ears,0,131,
charro,0,131,
quad hair rings,0,131,
aston martin,0,131,
blue flag,0,131,
red panda boy,0,131,
yellow tang,0,131,
princess rosa costume,0,131,
liquid wings,0,131,water wings
planted shovel,0,131,
transparent weapon,0,131,
eyepatch pull,0,131,
broken statue,0,131,
tank (container),0,131,
umamusume tanuki,0,131,
looking at doll,0,131,
ribbed hat,0,131,
tail on face,0,131,
gold ship (umamusume) (cosplay),0,131,
holding sarong,0,131,
american flag background,0,131,
drive-thru,0,131,
maze,0,131,
iwagakure symbol,0,131,
argyle pants,0,131,
dappled moonlight,0,131,
courtyard,0,131,
the devil (tarot),0,131,
spoken paw print,0,131,
introduction,0,131,
ice block,0,131,
eel girl,0,131,
night clothes,0,131,
sailor venus (cosplay),0,131,
terada tera (style),0,131,
hairline,0,131,
pyra (xenoblade) (cosplay),0,131,
nurse joy (cosplay),0,131,
babyls school uniform,0,131,
arima kinen,0,131,
microphone cord,0,131,
vichya dominion (emblem),0,131,
hand towel,0,131,
rafflesia (flower),0,131,
presentation,0,131,
delorean,0,131,
doting parent,0,131,
clear card,0,131,
world map,0,131,
tsukkomi,0,131,
book strap,0,130,
bone armor,0,130,
minus sign,0,130,
hokage,0,130,
ribbon-trimmed bloomers,0,130,
holding trombone,0,130,
after birth,0,130,
glass shard,0,130,
hev suit,0,130,
cometik (idolmaster),0,130,
stack bond,0,130,
jeanne d'arc alter (fate) (cosplay),0,130,
harpe (fate/grand order),0,130,
vehicle chase,0,130,car chase
night raven college ceremonial robes,0,130,
trad goth,0,130,
hilda (pokemon) (cosplay),0,130,
meme combination,0,130,meme fusion
tyrfing (fire emblem),0,130,
flying animal,0,130,
sucking both nipples,0,130,
chocolate fountain,0,130,
through mirror,0,130,
114514 (meme),0,130,
golden deer (fire emblem),0,130,
rugby ball,0,130,
animal realm yakuza (touhou),0,130,
gladius,0,130,
huge hair bun,0,130,
cross-laced panties,0,130,
sashimono,0,130,
lunging,0,130,
kaga (kancolle) (cosplay),0,130,
vermilion city school uniform,0,130,chloe's school uniform (pokemon)
contract,0,130,
discord username,0,130,discord tag
black petals,0,130,
cutting clothes,0,130,
torn curtains,0,130,
elbow gauntlets,0,130,
obon,0,130,
horned tiara,0,129,
spider web hair ornament,0,129,
polish text,0,129,
marquee lights,0,129,
hood pull,0,129,
nipple object insertion,0,129,
towel slip,0,129,
green pussy,0,129,
deer skull,0,129,
crime scene,0,129,
holding crutch,0,129,
lynx,0,129,
a-line dress,0,129,
broken bone,0,129,
pie chart,0,129,
g'ie (hundred line),0,129,
plaid sweater,0,129,
hacking,0,129,
hand on book,0,129,
kissing eye,0,129,
ursa minor (constellation),0,129,
holding kickboard,0,129,
yoru (sword),0,129,
oval,0,129,
zawa (onomatopoeia),0,129,
queen of diamonds,0,129,
candy store,0,129,
inconvenient ass,0,129,
licking paw,0,129,
brazier,0,129,
sothis (fire emblem) (cosplay),0,129,
mask bikini,0,129,
mazda mx-5 na,0,129,
knolling,0,129,
solar term,0,129,
dodgeball (sport),0,129,
observatory,0,129,
grey male swimwear,0,129,
improvised vase,0,129,
dorothea arnault (plegian) (cosplay),0,129,
cow print apron,0,129,
thailand,0,129,
cutesexyrobutts (style),0,129,
fish earrings,0,129,
prince albert,0,129,
implied vaginal,0,129,
arquebus,0,129,
eye poke,0,129,
yjsnpi interview (meme),0,129,
carat (umamusume),0,129,jewel (umamusume)
vivosaur,0,129,
beer crate,0,129,
friendship club (princess connect!),0,129,
fairy (precure),0,129,
colored cum,0,129,
food dildo,0,129,"candy dildo,fruit dildo,vegetable dildo"
pi (math),0,129,
waving flag,0,129,
marmyadose (fate),0,129,
stilts,0,129,
star harmony academy school uniform,0,129,star harmony academy uniform
boardwalk,0,129,
fruit on liquid,0,129,
the children (zettai karen children),0,129,
clothes blanket,0,129,
gift between breasts,0,129,
body soaping,0,129,
team plasma uniform,0,128,
egypt,0,128,
tape recorder,0,128,
borzoi,0,128,
holding acorn,0,128,
server,0,128,
saliva on hand,0,128,
wedding suit,0,128,
silver thighlet,0,128,
electric eyes,0,128,
purple claws,0,128,
chastity bra,0,128,
lucina (fire emblem) (cosplay),0,128,
jagarico,0,128,jagariko
cartoon logic,0,128,"cartoon nonsense,cartoon physics,looney tunes shenanigans,toon physics"
ankha zone (meme),0,128,ankha zone
guided hand on cheek,0,128,
lorem ipsum,0,128,
mizi (alien stage) (cosplay),0,128,
asymmetrical bikini,0,128,
multicolored tunic,0,128,
multiple costumes,0,128,
chalk outline,0,128,
wing flapping,0,128,
cross in eye,0,128,
spin-spin (site),0,128,
nine of hearts,0,128,
air guitar,0,128,
cage interior,0,128,
hay bale,0,128,
humvee,0,128,
nambu pistol,0,128,nambu type 14
type 99 cannon,0,128,
fishnet bra,0,128,
bmw 3 series,0,128,
charisma establishment,0,128,
kagemitsu g4,0,128,
cumdrip through panties,0,128,
alternate wing color,0,128,
tail pussy,0,128,
leaf pile,0,128,
gauna,0,128,
orchestra,0,128,
oath of judah,0,128,
browning hi-power,0,128,
ultimate madoka (cosplay),0,128,
bismarck (coat of arms),0,128,
four of spades,0,128,
naked hood,0,128,
lunch,0,128,
brown hanfu,0,128,
fur-trimmed hoodie,0,128,
wii u gamepad,0,128,
shiny trinity (idolmaster),0,128,
aimpoint,0,128,
niconico id,0,128,
wandenreich,0,128,
eyewear pull,0,128,
two-sided bow,0,128,
x-ray phone,0,128,
pimple,0,128,acne
satin underwear,0,128,
possum tail,0,127,opossum tail
rabbit tattoo,0,127,bunny tattoo
momotalk (blue archive),0,127,
ottoman (furniture),0,127,
shared jacket,0,127,
rest in peace (phrase),0,127,
yacht,0,127,
tilted border,0,127,
peeing on penis,0,127,
chocolate on ass,0,127,
orange slippers,0,127,
allergy,0,127,
upright 69,0,127,standing 69
vitiligo,0,127,
chick print,0,127,
amenomurakumo-no-tsurugi (fate),0,127,
organic weapon,0,127,
viltrumite group shot (meme),0,127,
heart border,0,127,
power ring (green lantern),0,127,
finnish army,0,127,
fish bottle,0,127,
monkey costume,0,127,
forbidden pants,0,127,
nipple guessing game (meme),0,127,
ptrd-41,0,127,
rope ladder,0,127,
paper towel,0,127,
anomalocaris,0,127,
fengguan,0,127,
poppin'party,0,127,
glowing chest,0,127,
cropped wetsuit,0,127,
beats by dr. dre,0,127,
touhou 17th popularity poll,0,127,
high heel sneakers,0,127,
grilled corn,0,127,
yamamura sadako (cosplay),0,127,
bulldog,0,127,
pen holder,0,127,
figure stage,0,127,
millennium necklace,0,127,
opaque monocle,0,127,
liquid-in-glass thermometer,0,127,mercury thermometer
emergency exit,0,127,
sageo,0,127,
red thong,0,127,
mouth submerged,0,127,
supermarine spitfire,0,127,
habanero pepper,0,127,
gun in own mouth,0,127,
hand on another's hat,0,127,
akademeia uniform,0,127,
greek painting style,0,127,
dio brando's pose,0,127,"dio's pose,dio brando's pose (jojo)"
yamato (kancolle) (cosplay),0,127,
too many stickers,0,127,
happy meal,0,127,
crescent tattoo,0,127,
pants around ankles,0,127,
torn sports bra,0,126,
veiny belly,0,126,
green crown,0,126,
eyebrows visible through mask,0,126,
camera pov,0,126,
tall crown,0,126,
cruise ship,0,126,
patio umbrella,0,126,
subway (company),0,126,
xiaohongshu watermark,0,126,
magia baiser (cosplay),0,126,
hand in another's pants,0,126,
fell bullet (e.g.o),0,126,
breaking through wall,0,126,
sucking on multiple breasts,0,126,
tech 2 ship (eve online),0,126,
plaid footwear,0,126,
terrier (dog),0,126,
horse head,0,126,
licking self,0,126,
juliet capulet (cosplay),0,126,
mosaic art,0,126,
frilled bustier,0,126,
sunna (zenless zone zero) (cosplay),0,126,
panty (psg) (cosplay),0,126,
metal band text,0,126,
checkered print,0,126,
three-legged race,0,126,
revealing swimsuit (dq),0,126,
yellow leggings,0,126,
edie crop hoodie,0,126,
rattle drum,0,126,
kintsugi,0,126,
uriko (baseball),0,126,
melting eyes,0,126,
vehicalization,0,126,
heart bubbles,0,126,
movie poster (object),0,126,
nissan skyline r32,0,126,
birdhouse,0,126,
shared improvised umbrella,0,126,
sash bow,0,126,
macuahuitl,0,126,
touhou 19th popularity poll,0,126,
disco,0,126,
titan shifter scars,0,126,
pokemon gym,0,126,
vigilante crew (blue archive),0,126,
possum girl,0,126,
stealth set (zelda),0,126,
physics,0,126,
hibikino high school uniform,0,126,
son goku (cosplay),0,126,
jupiter (idolmaster),0,126,
paratrooper,0,126,
fishnet panties,0,126,
programming (topic),0,126,
skull cup,0,126,
two-tone eyewear,0,126,
chen (cosplay),0,126,
sailor jupiter (cosplay),0,126,
toe socks,0,126,
two-tone helmet,0,125,
alexandria,0,125,
tabletop troupe (genshin impact),0,125,
hanging from tree,0,125,
japanese flag print,0,125,
crab print,0,125,
selfcest without self,0,125,
underworld,0,125,
syringe earrings,0,125,
frilled bloomers,0,125,
chi xiao (arknights),0,125,
hand wings,0,125,
single breast,0,125,missing breast
walrus,0,125,
smog,0,125,
goggles on eyes,0,125,
cooperative nipple licking,0,125,
no freckles,0,125,
1930s (style),0,125,
penguin earrings,0,125,
heishou pack-wu branch (identity) (project moon),0,125,
mazepynka,0,125,ukrainian military hat
multicolored pubic hair,0,125,
adjusting dress,0,125,
green snake,0,125,
makinami mari illustrious (cosplay),0,125,
multiple wristbands,0,125,
smudge,0,125,
dapple dualies (splatoon),0,125,
shigure ui (vtuber) (cosplay),0,125,
dispersion (optics),0,125,
adaptive combat rifle,0,125,"bushmaster acr,magpul masada,masada acr,remington acr"
two-tone arm warmers,0,125,
clock hair ornament,0,125,
leech,0,125,
cape clasp,0,125,
adjusting headset,0,125,
eight of diamonds (playing card),0,125,eight of diamonds (card)
ichigo ichie na hyakki yagyou!? (project sekai),0,125,"a once-in-a-lifetime pandemonium!? (project sekai),an unmissable spirited affair (project sekai)"
cable car,0,125,
adjusting shirt,0,125,
religious offering,0,125,
animal on face,0,125,
jack of hearts,0,125,
pig snout,0,125,
bouquet toss,0,125,
ladybug/beauty (love live!),0,125,
against bookshelf,0,125,
hu tao (genshin impact) (cosplay),0,125,
gotland (kancolle) (cosplay),0,125,
jindai high school uniform,0,125,
hair behind eyewear,0,125,
hamayumi (genshin impact),0,125,
character doll in itabag,0,125,
rickshaw,0,125,
holding grass,0,125,
forge,0,125,
drum bath,0,125,
guess who,0,125,
google maps,0,125,
finger writing,0,125,
type 91 armor-piercing shell,0,125,
holding net,0,125,
lip balm,0,125,
balance scale print,0,125,
standing on shoulder,0,125,
goddess (nikke),0,125,
green water,0,125,
ga rune pose,0,125,
pencil sharpener,0,125,
mining,0,124,
stitched wrist,0,124,
feather (magia record),0,124,
see-through ribbon,0,124,
messy eater,0,124,
buchi holes,0,124,
red swim trunks,0,124,
lifting object,0,124,
multicolored belt,0,124,
body bag,0,124,
chimera ant,0,124,
save the queen,0,124,
ice cream stand,0,124,
tristar vision (idolmaster),0,124,
vertical-striped sash,0,124,
johnston (kancolle) (cosplay),0,124,
hyakkaryouran (blue archive),0,124,
disembodied mouth,0,124,
cork gun,0,124,
sylveon (cosplay),0,124,
ishtar (fate) (cosplay),0,124,
forte (symbol),0,124,
esports,0,124,e-sports
grid border,0,124,
cz scorpion evo 3,0,124,
seven-branched sword,0,124,shichishitou
stuffed snake,0,124,
seven of spades,0,124,
women's toilet symbol,0,124,
happuri,0,124,
motor oil,0,124,
afghan hound,0,124,
shin ramyun,0,124,
meister otome uniform,0,124,
golden gun,0,124,
barn owl,0,124,
broly culo (meme),0,124,thicc omni-man (meme)
striped shawl,0,124,
checkered socks,0,124,
veiny tentacles,0,124,
faceplate,0,124,
netherlands,0,124,
bear slippers,0,124,
pikarigaoka middle school uniform,0,124,
flushed face emoji shirt (meme),0,124,
aran legwear,0,124,
tiered skirt,0,124,
speedpaint,0,124,
lily servant,0,124,
grabbing another's nose,0,124,
metal gear (robot),0,124,
side-seamed gloves,0,124,
spirit (super smash bros.),0,124,
ultra recon squad uniform,0,124,
forniphilia,0,124,
checkered trim,0,124,
crewmate (among us) (cosplay),0,124,
hips in air,0,124,
social media composition,0,124,
head hold,0,124,
top of moe 2020,0,124,moe2020
spanking self,0,124,slapping own ass
yuuka (blue archive) (cosplay),0,124,
gear shift,0,124,
removing bandaid,0,124,
unequal popsicle division,0,124,
green flag,0,124,
glove ribbon,0,124,
leaning on self,0,124,
sirius (azur lane) (cosplay),0,124,
praise the sun,0,124,
r.b. (identity) (project moon),0,124,
kono matsuri ni yuuyami iro mo (project sekai),0,124,"at this festival bathed in twilight (project sekai),at this festival tinged with twilight (project sekai)"
see-through cutout,0,124,transparent cutout
kalina (girls' frontline) (cosplay),0,124,
whitebeard pirates jolly roger,0,123,
hand on own back,0,123,
ignite module,0,123,
tsunako (style),0,123,
skirt pocket,0,123,
artillery shell,0,123,
flower bra,0,123,
children's book,0,123,
seven deadly sins,0,123,
disembodied arm,0,123,
iphone 11 pro,0,123,
anon tokyo (bang dream!),0,123,
crotchless shorts,0,123,
sun behind head,0,123,
paperclip hair ornament,0,123,
seatbelt between breasts,0,123,
checkered armband,0,123,
green babydoll,0,123,
black saliva,0,123,
ushi no koku mairi,0,123,ushi no toki mairi
facing animal,0,123,
wooden stairs,0,123,
suzumebachi (shikai),0,123,
type-moon heroines,0,123,
wormhole,0,123,
insect on head,0,123,
winged weapon,0,123,
santa leotard,0,123,
leg piercing,0,123,
see-through scarf,0,123,
calavera,0,123,sugar skull
4th match flame (e.g.o),0,123,
crab on shoulder,0,123,
exasperation,0,123,
closed curtains,0,123,
cadpat,0,123,
skull fucking,0,123,
thanksgiving,0,123,
red cat,0,123,
exercise bike,0,123,
paku paku desuwa,0,123,
gojou's imaginary technique,0,123,
orangette,0,123,
tsuganoki second junior high school uniform,0,123,
sunflower petals,0,123,
abs cutout,0,123,
jelleton,0,123,
nilou (genshin impact) (cosplay),0,123,
hamster wheel,0,123,
cracking egg,0,123,
woren,0,123,
sitting on liquid,0,123,
relay race,0,123,
lcd,0,123,
astolfo monster cosplay (meme),0,123,
skin-colored pantyhose,0,123,
condom between breasts,0,123,
cake on head,0,123,
fou (fate) (cosplay),0,123,
hometown (deltarune),0,123,
yukianesa,0,123,
orange moon,0,123,
puff and slash shorts,0,123,
cospussy,0,123,
holding ocarina,0,123,
sopheria flower (tales),0,123,
pepperbox revolver,0,123,
smith & wesson 360,0,123,
odradek,0,123,
frog raincoat,0,123,
lychee,0,123,
razz berry,0,122,
blood on snow,0,122,
double bladed lightsaber,0,122,
slave visor (tsmg nao!),0,122,
unworn scrunchie,0,122,scrunchie removed
bagpipes,0,122,
petal censor,0,122,
spider web pattern,0,122,
iranian clothes,0,122,
imminent peeing,0,122,
felching,0,122,creampie eating
finger twirl,0,122,
striped underwear,0,122,
dark repulser,0,122,
climbing wall,0,122,
clothes iron,0,122,
cookie jar,0,122,
glowing bodysuit,0,122,
serena (pokemon) (cosplay),0,122,
foot tattoo,0,122,
savanaclaw dorm,0,122,
headstand,0,122,
year connection,0,122,
unworn buruma,0,122,buruma removed
finger pointer,0,122,
glowing jewelry,0,122,
mihono bourbon (umamusume) (cosplay),0,122,
phone stand,0,122,
bang (gesture),0,122,
removing necktie,0,122,
pullups,0,122,
six of diamonds,0,122,
sorashido academy school uniform,0,122,
floating gun,0,122,
article,0,122,
suzuya (kancolle) (cosplay),0,122,
gif caption (meme),0,122,
flower hands,0,122,flower hands (precure)
parrying,0,122,
stone torii,0,122,
tamato berry,0,122,
chin on palm challenge,0,122,
anglerfish boy,0,122,
dog shadow puppet,0,122,
nose tape,0,122,
storm attacker,0,122,
female protagonist (pokemon go) (cosplay),0,122,
2 fuel 4 ammo 11 steel,0,122,
bound fingers,0,121,
police motorcycle,0,121,
holding bug,0,121,
beating,0,121,
matrix of leadership,0,121,
medium sidelocks,0,121,
partial squatting,0,121,"half squat,sorority squat"
holding kite,0,121,
vivienne westwood,0,121,
canned tuna,0,121,
temperance (tarot),0,121,
bitten,0,121,
bite mark on pectorals,0,121,
belly riding,0,121,
areola measuring,0,121,
leaf shirt,0,121,
illicium,0,121,
cats are scared of cucumbers,0,121,
penis growth,0,121,
parking garage,0,121,
covered horns,0,121,
pegasus (constellation),0,121,
usb cable,0,121,
startorch academy school uniform,0,121,
transparent butterfly,0,121,
clear file (medium),0,121,
triangle cutout,0,121,
nipple stimulation through clothes,0,121,
rabbit puppet,0,121,bunny puppet
after gangbang,0,121,
red water,0,121,
menstrual blood,0,121,
porridge,0,121,
hebijo academy school uniform (new link),0,121,
panties over leggings,0,121,
velcro footwear,0,121,
bone in mouth,0,121,
holding board,0,121,
ray of grace,0,121,
wire cutters,0,121,
swinging on rope,0,121,
short unitard,0,121,
narrative formation,0,121,
mythra (xenoblade) (cosplay),0,121,
fur anklet,0,121,
taped note,0,121,
harvest,0,121,
space elevator,0,121,
colossus,0,121,
spanish clothes,0,121,
whirlwind,0,121,
blue visor,0,121,
rave party,0,121,
hair sprinkles,0,121,
cure white pose,0,121,
red eyes (e.g.o),0,121,
carrot earrings,0,121,
eye piercing,0,121,
own cum in mouth,0,121,
erection under blanket,0,121,
leon s. kennedy (cosplay),0,121,
gracidea,0,121,
ultra instinct sign,0,121,
kikyo private academy school uniform,0,121,
cloche hat,0,121,
pale eye,0,121,
censored feet,0,121,
dio brando (cosplay),0,121,
highlander railway academy logo,0,120,
realified,0,120,
tsukinaga academy school uniform,0,120,
bruise on knee,0,120,
long fangs,0,120,
kirara jump,0,120,
powerful penis,0,120,
title screen,0,120,
xylophone,0,120,
water dragon,0,120,
marble sculpture,0,120,
anaheim electronics,0,120,
pumpkin head,0,120,
bottle opener,0,120,
hose between breasts,0,120,
open roof top,0,120,
tonari ni tatsu yasashii anata e (project sekai),0,120,"standing next to the kind and gentle you (project sekai),to you my caring companion (project sekai)"
diamond (minecraft),0,120,
void cube,0,120,
cunt punt,0,120,
character tattoo,0,120,
one way sign,0,120,
dodo (bird),0,120,
sloth (animal),0,120,
spot the differences,0,120,
nemlei (style),0,120,
empty bathtub,0,120,
standing on sword,0,120,
production note,0,120,
sessyoin kiara (cosplay),0,120,
joker (dc) (cosplay),0,120,
cum bucket,0,120,
goddess of war (fate),0,120,
sumimi (bang dream!),0,120,
touhou 16th popularity poll,0,120,
camellya mascot (meme),0,120,
pogchamp (meme),0,120,
jackalope girl,0,120,
frilled leg warmers,0,120,
in hat,0,120,
highleg springsuit,0,120,
lycoris challenge (meme),0,120,lycoris challenge
tokimeki poporon,0,120,
shredded cabbage,0,120,
chocolate statue,0,120,
maclone,0,120,
ending,0,120,
unconventional broom,0,120,
rock climbing,0,120,
red (pokemon) (cosplay),0,120,
dslr,0,120,
pixiv bottle (meme),0,120,
snow camouflage,0,120,"arctic camouflage,winter camouflage"
imminent tickling,0,120,
gold chastity cage,0,120,
level 5 (toaru),0,120,
himemiya anthy (cosplay),0,120,
idiot sandwich (meme),0,120,
tasouken,0,120,
sunset nostalgie (idolmaster),0,120,
mixed harem,0,120,
mamezara,0,120,
halo ornament,0,119,
two-tone jumpsuit,0,119,
long shadow,0,119,
leaf bracelet,0,119,
monowire,0,119,
beehive,0,119,
on mushroom,0,119,
marciana (nikke) (cosplay),0,119,
imminent murder,0,119,
stuffed raccoon,0,119,
public service announcement,0,119,
pig costume,0,119,
fake play button,0,119,
sage (dq3) (cosplay),0,119,
juumonji yari,0,119,jumonji yari
off-shoulder capelet,0,119,
sugar song and bitter step,0,119,
peacoat,0,119,
orange hakama,0,119,
holding binder,0,119,
at field,0,119,
jacket over head,0,119,
sexy guilty (idolmaster),0,119,
help (phrase),0,119,help
straight flush (poker),0,119,
usb tail,0,119,
vss vintorez,0,119,
autocunnilingus,0,119,"auto cunnilingus,licking own pussy"
noodle stopper,0,119,
gold lips,0,119,
fujimaru ritsuka (male) (cosplay),0,119,
cropped kimono,0,119,
ipod classic,0,119,
flexing pectorals,0,119,flexing pecs
kamina pose,0,119,
roto (dq3) (cosplay),0,119,
sitting on hair,0,119,
in refrigerator,0,119,
heart-shaped blush stickers,0,119,heart blush stickers
bonple military uniform,0,119,
scapular,0,119,
long tail,0,119,
map (medium),0,119,
playing with another's ears,0,119,
sparkling daydream,0,119,rikka's finger spin (meme)
camelot (fate/grand order),0,119,
removing wig,0,119,
spiked arm,0,119,
brown tabard,0,119,
splatana stamper (splatoon),0,119,
hat ring,0,119,
cat's tongue,0,119,
is-2,0,119,
takahashi kazuki (style),0,119,
border operator uniform (world trigger),0,119,
gold creator award,0,119,
tassel-trimmed capelet,0,119,
sploosh-o-matic (splatoon),0,119,
prologue rouge (idolmaster),0,119,
purple crown,0,119,
desk slam,0,119,
grid shawl,0,119,
comedy and tragedy masks,0,119,
komeiji satori (cosplay),0,119,
holding on,0,119,
welcome mat,0,119,
wet kimono,0,119,
dianthus,0,119,
okosama lunch,0,119,
z-crystal,0,119,
fuck-me pasties,0,119,fuck me pasties
gingham pillow,0,119,
starting brighty (idolmaster),0,119,
bow babydoll,0,118,
rouge the bat (cosplay),0,118,
louis vuitton (brand),0,118,
fist shaking,0,118,
pkm,0,118,
brown sarong,0,118,
public address system,0,118,pa system
wooden deck,0,118,
okinawa prefecture,0,118,okinawa
banana print,0,118,
raise buckle,0,118,
outstretched foot,0,118,
maritime port,0,118,
koharu (blue archive) (cosplay),0,118,
black chastity cage,0,118,
fat animal,0,118,
exiting vehicle,0,118,
one-finger caress,0,118,
banging,0,118,
night lords,0,118,
ass-to-mouth,0,118,
french toast,0,118,
glove cuffs,0,118,
melon hair ornament,0,118,
vibrator under swimsuit,0,118,
pastel palettes (bang dream!),0,118,
six of spades,0,118,
beretta px4,0,118,
brown headdress,0,118,
jill valentine (cosplay),0,118,
ultra ego (dragon ball),0,118,
black arm garter,0,118,
penis tattoo,0,118,
snowflake brooch,0,118,
mouse hat,0,118,
excessive saliva,0,118,
deer cracker,0,118,shika senbei
lazy,0,118,
signet of ego,0,118,
thumbs down heart hands,0,118,
cleft anus,0,118,
fur-trimmed bandeau,0,118,
tail mouth,0,118,
drawing board,0,118,
floral print shorts,0,118,
print wrist cuffs,0,118,
aquila (constellation),0,118,
panties around toe,0,118,
boku no hero academia 7th popularity poll,0,118,
nijisanji fes t-shirt,0,118,
unworn mittens,0,118,mittens removed
shoe strap,0,118,
holding detonator,0,118,
robot fish,0,118,
spiked sleeves,0,118,
smoke grenade launcher,0,118,
single mitten,0,118,
white ensign,0,118,
x-drive (symphogear),0,118,
sheeeh!,0,118,
st. spica school uniform,0,118,
lacrosse,0,118,
cat hat ornament,0,118,
iaidou,0,118,
pulling arm,0,118,
papyrokinesis,0,118,
tiger pelt,0,118,
predacon,0,118,
pennywise in the sewer (meme),0,118,
earthquake,0,118,
majorette,0,118,
bulge to face,0,118,
eight of clubs,0,118,
dark mage (fire emblem awakening),0,118,
sengoku driver,0,118,
kenmyouren (fate),0,118,
hagane vocaloid,0,118,
bladeless fan,0,118,
drink pouch,0,118,
paw socks,0,118,
stitched chest,0,118,
stoat girl,0,118,
thick ass hair,0,118,
zwei association south uniform,0,118,
basement,0,118,
jeweled hat,0,118,
mejiro family (umamusume),0,118,
i'm this clingy (meme),0,118,
chest (furniture),0,117,
instant pack noodles,0,117,
heart ring strap,0,117,
cross-laced vest,0,117,
arwing,0,117,
bamboo pole,0,117,
pajamas lift,0,117,
sleevejob,0,117,
citroen,0,117,
fur thighhighs,0,117,
multicolored sports bra,0,117,
moth hair ornament,0,117,
diyap (style),0,117,
location name,0,117,
paizuri gesture,0,117,
ellen joe (cosplay),0,117,
tail around neck,0,117,
praise,0,117,
fire stone,0,117,
girl scout,0,117,
mickey mouse (cosplay),0,117,
orange suit,0,117,
gold eyeshadow,0,117,
la chancla,0,117,
mcbling,0,117,
toki (blue archive) (cosplay),0,117,
d20 (die),0,117,
draw me like one of your french girls (meme),0,117,
shrinking,0,117,
impossible shorts,0,117,
merfolk with merfolk,0,117,mermaid with mermaid
xiaohongshu logo,0,117,
flamingo innertube,0,117,
batman (cosplay),0,117,
flying spittle,0,117,
nigekiri sisters (umamusume),0,117,
hoplite,0,117,
desert voe set (zelda),0,117,
extra nipples,0,117,
chicken boy,0,117,
implied orgasm,0,117,
christmas tree print,0,117,
moon in daylight,0,117,
underbite,0,117,
lamborghini countach,0,117,
wriggle day,0,117,
aigis (fate),0,117,
seed uniform (ff8),0,117,
vertical-striped leggings,0,117,
bar counter,0,117,
o medal,0,117,
long veil,0,117,
breast reduction,0,117,shrinking breasts
amanogawa high school uniform,0,117,
yellow claws,0,117,
simulated handjob,0,117,
mesoamerican architecture,0,117,"aztec architecture,mayan architecture"
shiny forehead,0,117,
babydoll t-shirt,0,117,
pumpkin-shaped pants,0,117,
striped umbrella,0,117,
tenryuu (kancolle) (cosplay),0,117,
snickers (brand),0,117,
book to mouth,0,117,
skeleton costume,0,117,
teddy bear sex,0,116,
mercury (planet),0,116,
unicorn boy,0,116,
implied breast milk,0,116,
unconventional merfolk,0,116,unconventional mermaid
mini tiara,0,116,
ribbed leg warmers,0,116,
vertical-striped footwear,0,116,
riding scooter,0,116,
liquid from mouth,0,116,
goodyear,0,116,
yellow aura,0,116,
barbed tongue,0,116,"cat tongue,spiked tongue"
flamingo raft,0,116,
reverse palettes,0,116,
mutual cheek pinching,0,116,
nearly naked coat,0,116,
mimiga,0,116,
cropped rash guard,0,116,
bruise on shoulder,0,116,
nishikigi chisato (cosplay),0,116,
ankh earrings,0,116,
rpk,0,116,
tamamo cat (fate) (cosplay),0,116,
sugar lyric,0,116,
intersection,0,116,
hiden zero-one driver,0,116,
buri hamachi,0,116,
range blaster (splatoon),0,116,
bad ass,0,116,
floral print apron,0,116,
seventh holy scripture,0,116,
horn lance,0,116,
shumai (food),0,116,
swarm,0,116,
qing dynasty,0,116,
bent spoon,0,116,
rickenbacker,0,116,
tatsuki (irodori) (style),0,116,
class card (prisma illya),0,116,
yomorio lingerie,0,116,
inflating,0,116,
awesome face,0,116,
mecha danshi,0,116,
spade cutout,0,116,
stroking beard,0,116,
half-track,0,116,
prehistoric,0,116,
round shield,0,116,
sideless bangs,0,116,
starfleet uniform,0,116,
alternate neckwear,0,116,
imperial fists,0,116,
frog print panties,0,115,frog panties
lace-trimmed wrist cuffs,0,115,
100kg (meme),0,115,
fencing,0,115,
double-decker bus,0,115,
hello kitty print,0,115,
spiral heart moon rod,0,115,
mole on foot,0,115,mole on sole
glowing nipples,0,115,
gun in another's mouth,0,115,
tapping finger,0,115,
flattened,0,115,
nissan silvia s15,0,115,
mega pokemon (other),0,115,
legs on another's shoulders,0,115,
object on lap,0,115,
nine ball maid uniform,0,115,
red overskirt,0,115,
phallic tattoo,0,115,penis-shaped tattoo
plucking petals,0,115,
flower wings,0,115,
tasukete eirin,0,115,
mi-24,0,115,
kitchen scale,0,115,
mother and son threesome,0,115,
yae miko (cosplay),0,115,
custard,0,115,
cake print,0,115,
pollen,0,115,
sakuya's pads (meme),0,115,
ursa major (constellation),0,115,
cumdrip through clothes,0,115,
layered hair,0,115,
wrist bobbles,0,115,
model building,0,115,
spiral horn,0,115,
character transformation,0,115,
chest stand,0,115,
bomb hair ornament,0,115,
^3^,0,115,
tying headband,0,115,
curved penis,0,115,
crying kasumi (blue archive),0,115,
toy mouse,0,115,
inkstone,0,115,
bone weapon,0,115,
rider gashat,0,115,
jaws,0,115,
dendrobium schema,0,115,
cow print pasties,0,115,
human tug of war,0,115,
yd dancer outfit,0,115,
training wear (fire emblem engage),0,115,
h&k g41,0,115,
koge donbo (style),0,115,
sokutai,0,115,
extension cord,0,115,
squiffer (splatoon),0,115,
bridal chest (fate),0,115,
geissele urg-i,0,115,
panty dangle,0,115,
mini eyewear,0,115,
holoh3roes,0,115,
ronin,0,115,
fake scan,0,115,
yobai,0,115,
marehoshi academy school uniform,0,115,
site of grace,0,115,
autodefenestration,0,115,jumping out of window
african clothes,0,115,
arc de triomphe,0,115,
shimekazari,0,115,
mosquito girl,0,115,
bird pin,0,115,
mark of the doom slayer,0,115,
aihara academy school uniform,0,115,
holding floatie,0,115,
caloriemate,0,115,
miku miku beaaaam!! (meme),0,115,
castella (food),0,115,
agemaki knot,0,114,
lifting animal,0,114,
heart emoji,0,114,
take the best shot! (project sekai),0,114,
bandaid on tail,0,114,
takamaki ann (cosplay),0,114,
nose jewel,0,114,
frilled hiphighs,0,114,
model airplane,0,114,
royal flush,0,114,
emperor's children,0,114,
wonderhorror~!? na kimodameshi! (project sekai),0,114,wonderhorror?! a test of courage! (project sekai)
chocolate on penis,0,114,
shared cape,0,114,
brown rabbit,0,114,
m79,0,114,
shirt straps,0,114,
unconventional weapon,0,114,
lace lappet,0,114,
phone number,0,114,telephone number
wanwan wonderful (idolmaster),0,114,
dream world (touhou),0,114,
crazy laugh,0,114,
phone between breasts,0,114,
check my note (idolmaster),0,114,
taut pants,0,114,
nijigasaki track jacket,0,114,
attribute slider,0,114,
contrast suspenders,0,114,
the process of affection level upgrades (meme),0,114,
rokushaku fundoshi,0,114,
molar boatworks (identity) (project moon),0,114,
antique car,0,114,vintage car
olympus (fate/grand order),0,114,
greek armor,0,114,
nue day,0,114,
spiked cuffs,0,114,
power crashes kobeni's car (meme),0,114,
umakoshi yoshihiko (style),0,114,
soju,0,114,
folded stock,0,114,folding stock
fubumicomet (hololive),0,114,
operating table,0,114,
mitsu uroko,0,114,
paper crown,0,114,
shijuuhatte,0,114,
red panda costume,0,114,
plasma cutter,0,114,
nine of spades,0,114,
israel,0,114,
satire,0,114,
phosphophyllite (gemstone),0,114,
burning love (phrase),0,114,
blood on eyewear,0,114,
carbon roller (splatoon),0,114,
leopon (animal),0,114,
gravel,0,114,
iris libre (emblem),0,114,
hameru-type asacoco,0,114,
superman exposure,0,114,
floppy sleeves,0,114,
punkish gothic (idolmaster),0,114,
koakuma (cosplay),0,114,
black hole-shaped pupils,0,113,
stuffed crocodile,0,113,
amamiya ren (cosplay),0,113,
wa bunny,0,113,
open suitcase,0,113,
tv camera,0,113,
sack behind back,0,113,
bead hairband,0,113,
m21,0,113,m-21
tie fighter,0,113,
orange visor cap,0,113,
letter print,0,113,
criss-crossed composition,0,113,
hoshimachi suisei (cosplay),0,113,
breaking through window,0,113,
brown tube top,0,113,
holding canteen,0,113,
leaf hat,0,113,
sleeveless robe,0,113,
putting on earrings,0,113,
astolfo (fate) (cosplay),0,113,
boarded windows,0,113,
flushed face emoji,0,113,
print hood,0,113,
e-kid fashion,0,113,"e-boy,e-girl"
double l,0,113,
humanized skin color,0,113,
paper doll chain,0,113,
bow on wing,0,113,
hula,0,113,
digimon crest,0,113,
condensed milk,0,113,
napoleonic wars,0,113,
nightgown lift,0,113,
orange blossoms,0,113,
barber,0,113,
kneading dough,0,113,
holofive,0,113,
shuuchikan academy school uniform,0,113,shuuchikan academy uniform
saber lily (cosplay),0,113,
studio lights,0,113,
deer head,0,113,
binding shield (fire emblem),0,113,
white cane,0,113,
white mage (final fantasy) (cosplay),0,113,
lace-up legwear,0,113,
dualie squelchers (splatoon),0,113,
coin sword,0,113,
tsunokakushi,0,113,
steyr iws 2000,0,113,
nine years in a coma (meme),0,113,ii desu ka ochitsuite kiite kudasai (meme)
vacuum bed,0,113,
hair length switch,0,113,
ass expansion,0,113,growing ass
orange fire,0,113,
secret of pedigree (fate),0,113,
brownie (food),0,113,
frilled robe,0,113,
umbrella bow,0,113,
urushihara satoshi (style),0,113,
zig-zag part,0,113,
melting ice cream,0,113,
streaking,0,113,
simon shades,0,113,
houjou high school uniform,0,113,
pulley,0,113,
flaming arrow,0,112,
shrimp girl,0,112,
broken necklace,0,112,
dithered background,0,112,
glass jar,0,112,
holding apron,0,112,
grid skirt,0,112,
traffic cone on head,0,112,
ipod touch,0,112,
cross background,0,112,
licking shoulder,0,112,
suspicious egg dish,0,112,
buoy,0,112,
jagged sword,0,112,
pantyhose under leotard,0,112,
status bar,0,112,
necktie overhang,0,112,
concentric circles,0,112,
vulture,0,112,
antenna mast,0,112,
drawn star,0,112,
front bow,0,112,
namek,0,112,
leather coat,0,112,
ink splatter,0,112,
cannonball,0,112,cannonballs
monolids,0,112,
janitor,0,112,
notched neckline,0,112,
z1 leberecht maass (kancolle) (cosplay),0,112,
tomato sauce,0,112,
deer costume,0,112,
german flag print,0,112,
hoshino crunchy (meme),0,112,fried hoshino (meme)
spiked necklace,0,112,
boss coffee,0,112,
clover background,0,112,
miyafuji yoshika (cosplay),0,112,
splatana wiper (splatoon),0,112,
footsies,0,112,
roubai academy school uniform (new),0,112,
apron aside,0,112,
pedestrian crossing sign,0,112,
haregi,0,112,
kite shield,0,112,
mole on ear,0,112,
choir,0,112,chorus
crotchless bloomers,0,112,
wrinkled frown (detective pikachu),0,112,
neck armor,0,112,
renault ft,0,112,ft-17
expression 35,0,112,
flower tact,0,112,
casteliacone,0,112,
dual drum magazine,0,112,
fretless guitar,0,112,
wo-class aircraft carrier (cosplay),0,112,
playground equipment (kemono friends pavilion),0,112,
belgian flag,0,112,
inconvenient horns,0,112,
mage masher,0,112,
devyat' association north uniform,0,112,
necktie aside,0,112,
hamster hood,0,111,
pink tabard,0,111,
ice cream sandwich,0,111,
eye brooch,0,111,"eye-shaped gem,eye-shaped jewel"
slamming door,0,111,
blue facial hair,0,111,
wing-shaped bow,0,111,
imminent forced dressing,0,111,
nearly naked shirt,0,111,
convoy,0,111,
even though you lost your virginity to me (meme),0,111,
pseudo scat,0,111,
torture instruments,0,111,
austrian flag,0,111,
mayu-tan no kung fu (meme),0,111,
pantyhose cutout,0,111,
land striker,0,111,
bofors 40 mm gun,0,111,
blue cross tie,0,111,
trophy head,0,111,
multiple head bumps,0,111,
torn hood,0,111,
coronation,0,111,
gucci,0,111,
forbidden list (yu-gi-oh!),0,111,
mad scientist,0,111,
huge claws,0,111,
organic,0,111,
laserdisc cover,0,111,
enveloped,0,111,
fortified suit (kagami sumika),0,111,
trapper hat,0,111,
black vinegar middle school uniform,0,111,
okita souji (koha-ace) (cosplay),0,111,
holding lightning bolt,0,111,
wooden house,0,111,
power level,0,111,
fish skeleton earrings,0,111,fish bone earrings
stroking,0,111,
purple happi,0,111,
turbine,0,111,
alternate kanji reading,0,111,
too many dogs,0,111,
hounskull,0,111,
ork (warhammer),0,111,"ork (warhammer 40k),orkz"
maid one-piece swimsuit,0,111,maid swimsuit
two-sided scarf,0,111,
alstroemeria (flower),0,111,
ice fishing,0,111,
water boiler,0,111,
mythological creature,0,111,
picnic table,0,111,
n corp. e.g.o (identity) (project moon),0,111,
demon core,0,111,
shield hair ornament,0,111,
claymore (sword),0,111,
cloak lift,0,111,
folding table,0,111,
frosted glass,0,111,
hayabusa (spacecraft),0,111,
scrapbook,0,111,
punk lolita,0,111,
sten gun,0,111,
kafuu chino (cosplay),0,111,
zukyuun,0,111,
shantae (cosplay),0,111,
prairie dog,0,111,
hair mustache,0,111,
atago (azur lane) (cosplay),0,111,
irken,0,111,
portable barricade,0,111,
domestic violence,0,111,
holding poker chip,0,111,
axolotl tail,0,111,
love live! series asia tour 2024,0,111,
moai (koseki bijou),0,111,
benishouga,0,111,
1920s fashion,0,110,
side chest pose,0,110,
object in bra,0,110,
requiem (gun),0,110,
forehead ui,0,110,
flower armlet,0,110,
penis in another's thighhigh,0,110,
lor starcutter,0,110,
cylinder,0,110,
kanji hair ornament,0,110,
gold armband,0,110,
pig mask,0,110,
shiny rod (little witch academia),0,110,
playing tabletop game,0,110,playing tabletop rpg
tangyuan,0,110,
vega (star),0,110,
soles together,0,110,
spoken notice lines,0,110,
red nightgown,0,110,
diesel locomotive,0,110,
muscle awe,0,110,
imminent double penetration,0,110,
coat around waist,0,110,
freaky satono diamond (meme),0,110,
comic panel inset,0,110,
mouth out of frame,0,110,
mortar headd,0,110,
hood grab,0,110,
glowing object,0,110,
frieren lap pillow (meme),0,110,
glowing ears,0,110,
landship,0,110,land battleship
atlantis (fate/grand order),0,110,
striped bandana,0,110,
gustav klimt (style),0,110,
webley revolver,0,110,
offering food,0,110,
junko day,0,110,
fur vest,0,110,
no skin,0,110,
veiny pectorals,0,110,
taut jacket,0,110,
japanese macaque,0,110,snow monkey
konbumaki,0,110,
budweiser,0,110,
favonius greatsword (genshin impact),0,110,
ridewatch,0,110,
bowsette (cosplay),0,110,
pinstripe sleeves,0,110,
tent dress,0,110,
torn ascot,0,110,ripped ascot
crux (constellation),0,110,
lion's roar (genshin impact),0,110,
sword of exorcism,0,110,
sun hat ornament,0,110,
hannya (arknights),0,110,
fujiwara no mokou (cosplay),0,110,
akita inu,0,110,
octoling (swim form),0,110,
abigail williams (fate) (cosplay),0,110,
checkered wristband,0,110,
rope train,0,110,
impossible skirt,0,110,
vessel of sin,0,110,
ah-64 apache,0,110,
rafters,0,110,
whimstar (infinity nikki),0,110,
pants around thighs,0,110,
necklace pull,0,110,
nipple weights,0,110,
against bed,0,110,
overalls pull,0,110,
junior high schoolmate (idolmaster),0,110,
bugles on fingers,0,110,
aqua overalls,0,109,
operation crossroads,0,109,
niedersachsen military uniform,0,109,
leaning in,0,109,
tanuki costume,0,109,
hand on bed,0,109,
debt,0,109,
cow print panties,0,109,
clitoris torture,0,109,
hand in own pantyhose,0,109,
paralysis,0,109,paralyzed
tarantula,0,109,
crow's feet,0,109,
coupon,0,109,
mexico ufo alien bodies hearing (meme),0,109,
ophanim halo,0,109,crossed halos
cat penis,0,109,
opera glasses,0,109,
strawberry hat ornament,0,109,
tapping shoulder,0,109,
body piercings,0,109,
snow angel,0,109,
spiking,0,109,
na'vi,0,109,navi (avatar)
team guy (naruto),0,109,
dark angels,0,109,
multicolored cat,0,109,
kiddie ride,0,109,
smiley hair ornament,0,109,
backwards text,0,109,
shoving,0,109,
toy boat,0,109,
ayafubumi (hololive),0,109,
ziku-driver,0,109,
hydrangea print,0,109,
new moon,0,109,
spitting in another's mouth,0,109,
holding snowboard,0,109,
brough superior,0,109,
stuffed owl,0,109,
self-borrowed hairstyle,0,109,self borrowed hairstyle
tengu family of gensokyo (touhou),0,109,
inaba tewi (cosplay),0,109,
poke ball hair ornament,0,109,
dildo under mask,0,109,
throat grab,0,109,
female fertilization,0,109,
vtol,0,109,
holographic keyboard,0,109,
jet boots,0,109,
green aura,0,109,
tulaytullah's remembrance (genshin impact),0,109,
meeting,0,109,
koyukkuri,0,109,
matis (nikke),0,109,
king of clubs,0,109,
arm cast,0,109,
bellows camera,0,109,
archery dojo,0,109,
china tracksuit,0,109,china jersey
acid trip,0,109,
floating ball,0,109,
bitter melon,0,109,
uncanny valley,0,109,
reflective table,0,109,
miracreation/elegance,0,109,
untucked,0,109,
projector screen,0,109,
hex grid,0,109,
capoeira,0,109,
gasoline,0,109,
cure arcana shadow (cosplay),0,109,
undersized pokemon,0,109,
r-99 smg,0,109,
eustoma,0,109,
partially feathered tail,0,109,
rubber chicken,0,109,
wrist chain,0,109,
cross-laced hairband,0,108,
red bustier,0,108,
fish background,0,108,
latex corset,0,108,
roller shoes,0,108,
unmanned ground vehicle,0,108,
plaid one-piece swimsuit,0,108,
torn bandeau,0,108,
ice cream scoop (utensil),0,108,ice cream scoop
scottish fold,0,108,
kel-tec rfb,0,108,
dominoes,0,108,
palm tree print,0,108,
w over mouth,0,108,
tragus piercing,0,108,
two-sided robe,0,108,
bone tail,0,108,
nikke promo parody,0,108,
lotion play,0,108,
xiangyun print,0,108,
dragon ornament,0,108,
book stand,0,108,
fur-trimmed jumpsuit,0,108,
herbarium,0,108,
the vivid old tale (project sekai),0,108,
holding handlebar,0,108,
bandeau pull,0,108,
artificial wings,0,108,
suburb,0,108,
master up,0,108,
glowing nails,0,108,
forest of magic,0,108,
the tower (tarot),0,108,
broken chopsticks,0,108,
super leaf (transformation),0,108,
hoshinomiya girls' high school uniform,0,108,
wind glider,0,108,
pecking,0,108,
naked vest,0,108,
upside-down text,0,108,
stress,0,108,
leaving,0,108,
senjougahara hitagi skirt lift pose,0,108,
pygmy hippopotamus,0,108,
audio-technica,0,108,
sword school reunion (touken ranbu),0,108,
stuffed elephant,0,108,
floating stairs,0,108,
pikachu tail (female),0,108,
camouflage panties,0,108,
simon (ttgl) (cosplay),0,108,
figure stand,0,108,
electric toothbrush,0,108,
towel around breasts,0,108,
green rope,0,108,
qinglong yanyue dao,0,108,
garden eel,0,108,
suigintou (cosplay),0,108,
takanashi kiara (cosplay),0,108,
marriage certificate,0,108,
multicolored leg warmers,0,108,
two-tone sandals,0,108,
project krone (idolmaster),0,108,
akari (pokemon) (cosplay),0,108,
boot straps,0,108,
nightmare blood (idolmaster),0,108,
neck lift,0,108,
medium tank,0,108,
giant leaf,0,108,
jack-o'-lantern brooch,0,108,
turtleneck shrug,0,108,
character-themed onahole,0,108,character-themed artificial vagina
personal terminal,0,108,
rice shower (umamusume) (cosplay),0,108,
labia slip,0,107,
two-tone shrug,0,107,
batarang,0,107,
belt ribbon,0,107,
torn sack,0,107,
tabard lift,0,107,
mane six (my little pony),0,107,
pillar of light,0,107,
solid eye,0,107,
shaved mark,0,107,
chili dog,0,107,
unworn chastity cage,0,107,chastity cage removed
window shopping,0,107,
split image,0,107,
holding straw,0,107,
f4u corsair,0,107,
romani,0,107,gypsy
bruise on ass,0,107,
okapi tail,0,107,
summer maid coord,0,107,
spinning wheel,0,107,
football goal,0,107,
royal kale juice (umamusume),0,107,royal bitter juice
bandaged stomach,0,107,
kei (keigarou) (style),0,107,
holding unworn boot,0,107,
snake bite,0,107,
holding dart,0,107,
lace ribbon,0,107,
facing object,0,107,
rod of asclepius,0,107,
giant insect,0,107,
zwei association west uniform,0,107,
unworn fake animal ears,0,107,
bound penis,0,107,
fast forward button,0,107,
the nameless (honkai: star rail),0,107,
foil (fencing),0,107,
shih tzu,0,107,
chinese trumpet vine,0,107,
pike (weapon),0,107,
gothic & horror hatsune miku design contest,0,107,
chidori (naruto),0,107,
wings over eyes,0,107,
frayed clothes,0,107,
patio,0,107,
voyager golden record,0,107,
thighband hiphighs,0,107,
gomusin,0,107,
panties on breasts,0,107,
kaleidomoon scope,0,107,
m3 submachine gun,0,107,
damselfish,0,107,
kris (weapon),0,107,
kitsune dance,0,107,
skid mark,0,107,tire mark
percentage,0,107,
improvised sex toy,0,107,
you can just give this kind of thing to men and they will be thrilled (meme),0,107,
excalibur academy school uniform,0,107,excalibur academy uniform
lint roller,0,107,
silver boots,0,107,
alondite,0,107,
nautilus (splatoon),0,107,
mirialan,0,107,
people's liberation army navy,0,107,
scuffed,0,107,
poop on a stick,0,107,
sexual dimorphism,0,107,
heaven (kanji),0,107,
bundeswehr,0,107,"modern german army,west german army"
fujiwara takumi's toyota trueno ae86,0,107,
unwrapping,0,107,
tube top pull,0,107,
tiger mask (object),0,107,
skousers,0,107,
ashford academy swimsuit,0,107,
jidaigeki,0,107,
finger in glove,0,107,
gotcha driver,0,107,
peeing in bottle,0,107,
frostbite set (zelda),0,107,
angel's trumpet (flower),0,107,datura
sazae-san food gag (meme),0,107,
lsd,0,107,
sakata gintoki (cosplay),0,107,
intercom,0,107,
mismatched facial hair,0,107,
haruna (kancolle) (cosplay),0,107,
black lightning,0,106,
shark head,0,106,
holding frog,0,106,
inquisition (warhammer),0,106,
sakura card,0,106,
folding clothes,0,106,
cardiogram print,0,106,
torn stuffed toy,0,106,
hanging flower,0,106,
plaid belt,0,106,
wolf cub,0,106,
zidane tribal (cosplay),0,106,
shrimp tail,0,106,
cinnamoroll (cosplay),0,106,
black helm,0,106,
argyle hairband,0,106,
shaped cloud,0,106,
two-sided shirt,0,106,
backpacking stove,0,106,
helicopter hair,0,106,
tiger lily,0,106,
fusion suit,0,106,
fern (sousou no frieren) (cosplay),0,106,
grim reaper (cosplay),0,106,
pig penis,0,106,
brown haori,0,106,
ribbed skirt,0,106,
neck hold,0,106,
ramp,0,106,
food on foot,0,106,
mechanical pussy,0,106,
you are my hero!! (project sekai),0,106,
windwheel aster (genshin impact),0,106,
cat-shaped eyewear,0,106,
feather in mouth,0,106,
single-shoulder bikini,0,106,
holding pokedex,0,106,
imminent uno loss (meme),0,106,
piyo piyo apron,0,106,
world eaters,0,106,
purple electricity,0,106,
thirteen flame-chasers (honkai impact),0,106,
palm-fist tap,0,106,
beer keg,0,106,
wonderful pact,0,106,
bridget (guilty gear) (cosplay),0,106,
rule breaker (fate),0,106,rulebreaker
sks,0,106,type 56 carbine
skirt aside,0,106,
mismagius (cosplay),0,106,
khopesh,0,106,
paintbrush rack,0,106,
etna (disgaea) (cosplay),0,106,
holding wind chime,0,106,
military base,0,106,
star color pen,0,106,
puzzle piece hair ornament,0,106,
sv-98,0,106,
kubrick stare,0,106,
sanzu river,0,106,
bribery,0,106,
ayanokouji martial arts school uniform,0,106,
holding beam saber,0,106,
aqua umbrella,0,106,
chain weapon,0,106,
chipped sword,0,106,
nail gun,0,106,
opening curtains,0,106,lifting curtains
nijigasaki 1st years,0,106,
gravity suit (metroid),0,106,gravity suit
h8k,0,106,
hiking pole,0,106,
single ankle boot,0,106,
transparent flower,0,106,
kitami hokuryo high school uniform,0,106,
menma,0,106,
yggdrasil (sao),0,106,
square tattoo,0,106,
lotus (brand),0,106,
loud,0,106,
librarian,0,106,
obsydia (nijisanji),0,106,
ornamental weight,0,106,
katsuragi misato (cosplay),0,106,
lost child,0,106,
beaded eyelashes,0,106,
female armpit hair,0,106,
lilistia,0,106,
shiritori,0,106,
blue lock bodysuit,0,106,
atago (kancolle) (cosplay),0,106,
ear wings,0,105,
ladybug girl,0,105,
circle censor,0,105,
mechanical broom,0,105,
katsu curry,0,105,
lum berry,0,105,
nipa~,0,105,
long breast curtain,0,105,
arthropod,0,105,
rise as one! (project sekai),0,105,
underwater shot,0,105,
implied anilingus,0,105,
pirate faction (eve online),0,105,
pizza cutter,0,105,
cyber-elf (mega man),0,105,"cyber elf (mega man),cyber elves"
twin blades,0,105,
transparent sword,0,105,
bloody footprints,0,105,
vyshyvanka,0,105,
dao fu,0,105,
time bomb,0,105,
cow print hairband,0,105,
hercules beetle,0,105,
tourniquet,0,105,
rukkhadevata (genshin impact) (cosplay),0,105,
raccoon costume,0,105,
food as ears,0,105,
inside pocket,0,105,
frilled overskirt,0,105,
blurry vision,0,105,
holding slingshot,0,105,
touhou 20th popularity poll,0,105,
practicing,0,105,
red penis,0,105,
gradient neck ribbon,0,105,
m87 black hole,0,105,
holding rosary,0,105,
planet popstar,0,105,
shell to ear,0,105,
clogs,0,105,
rex genome,0,105,
aerospray (splatoon),0,105,
eyepatch slingshot swimsuit,0,105,
vans,0,105,
azuna (love live!),0,105,
nimble fabric,0,105,
catalyst scimitar,0,105,
hand in bra,0,105,
pink water,0,105,
upside-down book,0,105,
servo-skull,0,105,
long table,0,105,
musical note-shaped pupils,0,105,
yellow babydoll,0,105,
mari (blue archive) (cosplay),0,105,
exceeds uniform,0,105,
fire truck,0,105,
big mouth,0,105,
\(^o^)/,0,105,
astromech droid,0,105,
game link cable,0,105,
see-through robe,0,105,
stigmata,0,105,
enamel leather dark nurse,0,105,
endless knot,0,105,
panzer ii,0,105,"panzerkampfwagen ii,pzkpfw ii"
fruit popsicle,0,105,
sitting on another's back,0,105,
type effectiveness,0,105,
sage outfit (fire emblem engage),0,105,
human-drawn vehicle,0,105,
arm slave (mecha),0,105,
good thighs day,0,105,
blue hiphighs,0,105,
static cling,0,105,
pushing stroller,0,105,
vkontakte username,0,105,vk username
pokemon ranger uniform,0,105,
amazons quartet,0,105,
tart slice,0,105,
checkered sweater,0,105,
kneading (behavior),0,105,
riding machine,0,105,
military police brigade (emblem),0,105,
cased tape measure,0,105,
turquoise (gemstone),0,105,
flight attendant hat,0,104,
shadow ball (pokemon),0,104,
dress slip,0,104,
dingir (fate),0,104,
pareo swimsuit (fire emblem engage),0,104,
tightrope,0,104,
olympic rings,0,104,
temari print,0,104,
ghost ornament,0,104,
mirror twins,0,104,
covering nose,0,104,
against vehicle,0,104,
waterfall shower,0,104,bathing in waterfall
judy hopps (cosplay),0,104,
striped ascot,0,104,
wood blade (deltarune),0,104,
heart ring bottom,0,104,
bump (volleyball),0,104,
gums,0,104,
gouged eye,0,104,eye gouge
control stick,0,104,
blue loincloth,0,104,
open-chest straitjacket,0,104,
electric panel,0,104,"breaker panel,distribution board,fusebox"
scar on horns,0,104,
black wings of corrosion,0,104,
balmung kriemhild (fate),0,104,
floating tears,0,104,
lily white (love live!),0,104,
tiro finale,0,104,
pasties removed,0,104,
crosshair halo,0,104,
hamburger hat,0,104,
lace-trimmed umbrella,0,104,
devil bringer,0,104,
extended magazine,0,104,
tsukimi burger,0,104,
.96 gal (splatoon),0,104,
kazakh clothes,0,104,
master emerald,0,104,
hoshino (blue archive) (cosplay),0,104,
ako (blue archive) (cosplay),0,104,
bear mask,0,104,
gardenia (flower),0,104,
acceptor,0,104,
hibachi (object),0,104,
m. bison (cosplay),0,104,
flickering,0,104,
dipper,0,104,
paw cutout,0,104,
meandros trim,0,104,
pentagram hair ornament,0,104,
drip (meme),0,104,
bijia,0,104,
thai flag,0,104,
statue of the seven (cosplay),0,104,
multiple panties,0,104,
bear charm,0,104,
opening can,0,104,
babysitter,0,104,
prism,0,104,
intertwined hair,0,104,
leather shirt,0,104,
white poncho,0,104,
i'm such a fool,0,104,
f-18 hornet,0,104,
bands,0,104,
penis slip,0,104,
blacksmith tongs,0,104,
haiku,0,104,
star guardian pet,0,104,
censored thought,0,104,
kaban (kemono friends) (cosplay),0,104,
surgical light,0,104,
basil leaf,0,104,
close-quarters combat,0,104,
condom on ass,0,104,
rudolph the red nosed reindeer (cosplay),0,103,
no hood,0,103,
wink heart,0,103,
mini person on shoulder,0,103,
single unworn boot,0,103,
atmospheric reentry,0,103,
emblem ring,0,103,
8-bit,0,103,
wing ribbon,0,103,
linked sausages,0,103,
holding to chest,0,103,
scoring (sports),0,103,
holding iv stand,0,103,
powerful ass,0,103,
looking at map,0,103,
choking on object,0,103,
muscular other,0,103,
italian brainrot ai animals (meme),0,103,
lipstick writing,0,103,
biting sheet,0,103,sheet bite
hakuho high school uniform,0,103,
absolution (genshin impact),0,103,
lauren phillips lifting alice merchesi (meme),0,103,tall woman lifting short woman (meme)
knotted dildo,0,103,
wrapping paper,0,103,
rio (blue archive) (cosplay),0,103,
dark eldar,0,103,drukhari
mojibake text,0,103,
badger tail,0,103,
imi negev,0,103,
gigbag,0,103,
mutual breast sucking,0,103,
kagome (pattern),0,103,
butcher,0,103,
lillie (pokemon) (cosplay),0,103,
cum in nipple,0,103,
comforter,0,103,
iris print,0,103,
qujupao,0,103,
ambush,0,103,
double barrels,0,103,
blue hijab,0,103,
itch.io logo,0,103,
plant growth,0,103,
musical note hat ornament,0,103,
pope,0,103,
skirt tied over head,0,103,
tezuka osamu (style),0,103,
neuron activation (meme),0,103,
multicolored helmet,0,103,
diving board,0,103,diving platform
covering forehead,0,103,
hybrid weapon (eve online),0,103,
timeline,0,103,
diagonal-striped hat,0,103,
dante (devil may cry) (cosplay),0,103,
d-wheel,0,103,duel runner
wipers,0,103,
vincent van gogh (style),0,103,
thigh corset,0,103,
octagon,0,103,
wake (wave),0,103,
macbook,0,103,
rokurokubi,0,103,
recipe (object),0,103,
king of diamonds,0,103,
ooarai (ibaraki),0,103,
checkered belt,0,103,
night sky sword,0,103,
brocon,0,103,
bakatare (hololive),0,103,
love guitar rod,0,103,
ghoul (fallout),0,103,
osawa rurino's cardboard box,0,103,
teddy bear ornament,0,103,
disfigured,0,103,
waist hold,0,103,
mocking,0,103,
colored lights,0,103,
hogwarts,0,103,
earphones on animal ears,0,103,
powerpuff girls (style),0,103,
tsubame nishi high school uniform,0,103,
crescent wand,0,103,
tokonoma,0,103,
chain print,0,103,
snowman costume,0,103,
scarlet macaw,0,103,
crypters (fate/grand order),0,103,
utensil rack,0,103,
canopy (shelter),0,103,
floating liquid,0,103,
no image,0,103,
hakuren,0,103,
aether (genshin impact) (cosplay),0,103,
destroyer (eve online),0,102,
star-shaped buckle,0,102,
pool float,0,102,
holy night dress (idolmaster),0,102,
terrace,0,102,
ribbed jacket,0,102,
white tongue,0,102,
reveal,0,102,
forehead piercing,0,102,
hello kitty (character) (cosplay),0,102,
torn bowtie,0,102,
black whip (boku no hero academia),0,102,
multiple caterpillar tracks,0,102,
wind waker (object),0,102,
white blood,0,102,
adjusting apron,0,102,
soldier's set (zelda),0,102,
uwagi,0,102,
booth babe,0,102,
silver bow (kid icarus),0,102,
gun gun cut,0,102,
cranberry,0,102,
diamond ring,0,102,
grind fiction,0,102,
racist momoi (meme),0,102,
footwear ornament,0,102,
ishowspeed trying not to laugh (meme),0,102,
holding own ankle,0,102,grabbing own ankle
ovulation,0,102,
wide-leg pants,0,102,
remington model 700,0,102,m40 rifle
chiappa rhino,0,102,
see-through tail,0,102,translucent tail
2024 attempted assassination of donald trump,0,102,2024 assassination attempt of donald trump
heart butt plug,0,102,
dsr-50,0,102,
standing fellatio,0,102,
centipede tattoo,0,102,
hobble skirt,0,102,
foot on another's breast,0,102,"foot on breast,stepping on breasts"
picking fruit,0,102,
jasmine (flower),0,102,
leg brace,0,102,
tomahawk,0,102,
nipple ribbon,0,102,
no undershirt,0,102,
top of moe 2022,0,102,moe2022
ghostbusters uniform,0,102,
boxing headgear,0,102,
multiple tongues,0,102,
disguised pyra (xenoblade),0,102,
blaster (splatoon),0,102,
suction bomb (splatoon),0,102,
hokkamuri,0,102,
animal on weapon,0,102,
sbd dauntless,0,102,
dimension shredder (e.g.o),0,102,
fight cloud,0,102,
venus love me chain,0,102,
captain america (cosplay),0,102,
thistle,0,102,
lexus,0,102,
dejiko (cosplay),0,102,
diamond dust (girls band cry),0,102,
marumage,0,102,
group (toaru),0,102,
satin clothes,0,102,
stacked clothes dryer,0,102,
lagombi (armor),0,102,
nightborne (warcraft),0,102,
kazami yuuka (cosplay),0,102,
glass footwear,0,102,
pink overskirt,0,102,
blue blush,0,102,
holding tenbou,0,102,
umafication,0,101,
nerv uniform,0,101,
battle academia (league),0,101,battle academia (league of legends)
holding glass shard,0,101,
minotsuki academy school uniform,0,101,
excessive lactation,0,101,
under-stirrup footjob,0,101,
smoke from mouth,0,101,
han juri (cosplay),0,101,
tatenashi high school uniform,0,101,
south korea,0,101,
imminent grope,0,101,
flying train,0,101,
folding bicycle,0,101,
air pump,0,101,inflator
daemon prince,0,101,"daemon primarch,demon primarch"
marmot ears,0,101,
stand-up comedy,0,101,
sweater partially tucked in,0,101,
paint gun,0,101,
strawbell bell,0,101,
houraisan kaguya (cosplay),0,101,
oval background,0,101,
amabie,0,101,
slingshot swimsuit pull,0,101,
huge antenna hair,0,101,
denji (chainsaw man) (cosplay),0,101,
nike air force 1,0,101,
dobok,0,101,
covering navel,0,101,
armadillo tail,0,101,
animal insertion,0,101,
holding skeleton,0,101,
absolute (nikke),0,101,
asymmetrical eyelashes,0,101,
sly,0,101,
reze's eye twitch (chainsaw man),0,101,
holding puzzle piece,0,101,
shark tooth,0,101,
fetal movement,0,101,
pedal board,0,101,
notification,0,101,
tuxedo jacket,0,101,
buffalo,0,101,
digitama,0,101,digiegg
executioner's sword,0,101,
tail slapping,0,101,
sleepsack,0,101,
multicolored headband,0,101,
fondue,0,101,
seraph wings,0,101,
floating mask,0,101,
thermostat,0,101,
plap plap plap get pregnant (meme),0,101,
spider-gwen (cosplay),0,101,
imadake dabuchi tabemi (cosplay),0,101,
bloody stream,0,101,
door chain,0,101,
camouflage gloves,0,101,
ishikawa ken (style),0,101,
spring onion print,0,101,
arona (blue archive) (cosplay),0,101,
single feather,0,101,
ohagi (food),0,101,
easy breezy,0,101,
pipe organ,0,101,
head between knees,0,101,
baltimore (azur lane) (cosplay),0,101,
genkou youshi,0,101,
osandon,0,101,
medium support (meme),0,101,
cracked helmet,0,101,
orbital frame (zone of the enders),0,101,
strip poker,0,101,
toilet paper tube,0,101,
ironclad,0,101,
clitoris clamp,0,101,
drill polearm,0,101,
animal in mouth,0,101,
crocus (flower),0,101,
sledding,0,101,
loose panties,0,101,
multi-strapped swimsuit,0,101,
heart wings,0,101,
ai drawing anime characters eating ramen (meme),0,101,
brown garter straps,0,101,
alto mare,0,101,
hippie,0,101,
celtic,0,101,
koala forest military uniform,0,101,
miserable fate,0,101,
death star,0,101,
shibuya scramble crossing,0,101,
sephiroth (cosplay),0,101,
constellation (love live!),0,101,
naruko (instrument),0,101,
failnaught (fate),0,101,
push down,0,101,
among us eyes (meme),0,101,
holding shorts,0,101,
oversized footwear,0,101,
kneehighs pull,0,101,
bellyjob,0,101,
royal ease,0,101,
mikuru beam,0,101,
concept maihime (idolmaster),0,100,
mask on belt,0,100,
virus,0,100,
nude beach,0,100,
core medal,0,100,
ruined (league),0,100,ruined (league of legends)
top! clover (idolmaster),0,100,
saliva bubble,0,100,
final chapter (fate/grand order),0,100,
four-leaf clover print,0,100,
bandaged weapon,0,100,
kizu darake no te de watashi-tachi wa (project sekai),0,100,with our wounded hands (project sekai)
decal,0,100,
weapon on wall,0,100,
pavise,0,100,
wet ground,0,100,
piecey,0,100,
yellow liquid,0,100,
blocked senses,0,100,sensory deprivation magic
never give up cooking! (project sekai),0,100,
burger king crown,0,100,
lungmen logo,0,100,
ruined orgasm,0,100,
angel leotard,0,100,
zabaniya (fate),0,100,
crychic (bang dream!),0,100,
kobe,0,100,
spiked legwear,0,100,
liver,0,100,
nail file,0,100,
covering anus,0,100,
white dragon,0,100,
astrolabe,0,100,
sketchbook full colors's school uniform,0,100,
blue spider lily,0,100,
gold vambraces,0,100,
leg blade,0,100,
pastel goth,0,100,
panties over clothes,0,100,
wolf head,0,100,
filigree,0,100,
chawan,0,100,
alcina dimitrescu (cosplay),0,100,
mandarin orange slice,0,100,
god tier (homestuck),0,100,
star o-ring,0,100,
print armband,0,100,
blue dougi,0,100,
guanjin,0,100,
mallet (instrument),0,100,
leopard 2,0,100,
moon with face,0,100,
tutor,0,100,
cross-laced sweater,0,100,
gigachad (meme),0,100,
ame-no-sakahoko (fate),0,100,
landolt c,0,100,
tower shield,0,100,
pioneer movement,0,100,
class number,0,100,
pussy on glass,0,100,
pinstripe ascot,0,100,
suspended cage,0,100,
kamakura (city),0,100,
2nd live tour ~blooming with ooo~,0,100,
progrisekey,0,100,
pangolin ears,0,100,
lockseed,0,100,
golden shrimp balls (genshin impact),0,100,
coyote boy,0,100,
soapy,0,100,
goku day,0,100,
qbz-191,0,100,
tetra dualies (splatoon),0,100,
haunted house (attraction),0,100,
yukata lift,0,100,
ivy cudgel (pokemon),0,100,
uwasa (madoka magica),0,100,uwasa (magia record)
packing peanuts,0,100,foam peanuts
clover ornament,0,100,
green shell (mario),0,100,
paper in mouth,0,100,
zither,0,100,
green nightgown,0,100,
print cup,0,100,
lemur girl,0,100,
chair tipping,0,100,
head fuse,0,100,
crank,0,100,
porthole,0,100,
eisei sankyou (umamusume),0,100,
jacket on arm,0,100,
emilia (re:zero) (cosplay),0,100,
holding makeup palette,0,100,
ada wong (cosplay),0,100,
diagonal-striped thighhighs,0,99,
padlocked choker,0,99,
spirits,0,99,
multiple knives,0,99,
original terror (blue archive),0,99,
chesto berry,0,99,
one-armed hug,0,99,
stained bra,0,99,
blind eye,0,99,
fuzzy handcuffs,0,99,
2nd generation (hololive),0,99,
two-tone border,0,99,
soshite ima ribbon wo musunde (project sekai),0,99,"and now i wear this ribbon (project sekai),and now the ribbon is tied (project sekai)"
sun with face,0,99,
beaver girl,0,99,
mask around one ear,0,99,
ryoujoku school uniform,0,99,
tank gun,0,99,
noogie,0,99,
white tailcoat,0,99,
it's all a matter of angle (meme),0,99,
bayonetta (cosplay),0,99,
web shooter,0,99,
trapeze dress,0,99,
iphone x,0,99,
clitoris leash,0,99,
cats are liquid,0,99,
square hair ornament,0,99,
ribbon-trimmed coat,0,99,
urban camouflage,0,99,
parsley,0,99,
ravine,0,99,
think mark think! (meme),0,99,
holding blindfold,0,99,
monument,0,99,
ribbon-trimmed choker,0,99,
hololive friends (plush),0,99,
mt. silver,0,99,
floating food,0,99,
covered knees,0,99,
chasen,0,99,tea whisk
white lotus,0,99,
star piercing,0,99,
keaton mask,0,99,
amnesia,0,99,
crossed weapons,0,99,
shining finger,0,99,
shure 55sh,0,99,
sculpting,0,99,
indigo academy school uniform,0,99,indigo academy uniform
standing on torii,0,99,
gundam aerial slap (meme),0,99,
hypnoshades (splatoon),0,99,
dunmer,0,99,
dp-27,0,99,dp-28
mongolia,0,99,
genki dama,0,99,spirit bomb
type 95 ha-gou,0,99,
fraid,0,99,
binding blade (weapon),0,99,
shiki eiki (cosplay),0,99,
elevated highway,0,99,
one man army,0,99,
cammy stretch (meme),0,99,
asahina mikuru (cosplay),0,99,
hyadain no kakakata kataomoi - c,0,99,
nazi flag,0,99,
pteruges,0,99,
liliel (2.5 jigen no ririsa) (cosplay),0,99,
yuntouxie,0,99,
necron,0,99,
friend ball,0,99,
nodowa (gorget),0,99,
twisted breasts,0,99,
stencil lettering,0,99,
anarchy symbol,0,99,
standing footjob,0,99,
rumia (cosplay),0,99,
asymmetrical coat,0,99,
two-legged horse (kanji),0,99,
x-wing,0,99,
c4,0,99,
imaishi hiroyuki (style),0,99,studio trigger (style)
murakumo (kancolle) (cosplay),0,99,
beauty swimsuit (idolmaster),0,99,
gamilas,0,99,
gigandal federation,0,99,
naka (kancolle) (cosplay),0,99,
dolls kissing,0,99,
laughing man (gits),0,99,"laughing man,laughing man (ghost in the shell)"
sitting against vehicle,0,99,
imperial war flag,0,99,
invisible shoes,0,99,
book on breasts,0,99,
floating weapon behind back,0,99,
nice boat (meme),0,99,
marmot girl,0,99,
mihoshi academy school uniform,0,99,mihoshi academy uniform
orange mask,0,98,
i-beam,0,98,
7 colored flowers (deltarune),0,98,
sitting on leg,0,98,
arms bound above head,0,98,arms tied above head
bite mark on face,0,98,
fan print,0,98,
german national soccer team uniform,0,98,
blood vessels,0,98,
object riding,0,98,
eyes visible through headwear,0,98,
alternate art style,0,98,
highlighter (makeup),0,98,
party whistle,0,98,
spoken dollar sign,0,98,
liberty's tail (nikke),0,98,
procuration (e.g.o),0,98,
rizu-kyun (cosplay),0,98,
hakutaku,0,98,
backless sweater,0,98,
testicle tattoo,0,98,
point item (touhou),0,98,
surgeon,0,98,
drawn flower,0,98,
legs on another's lap,0,98,
penalty card,0,98,"red card (soccer),soccer card,yellow card (soccer)"
purple male swimwear,0,98,
paopu fruit,0,98,
gold scales,0,98,
shipyard,0,98,
licking back,0,98,
mechanix wear,0,98,
stomacher,0,98,
single hand,0,98,
fogged glasses,0,98,
surrendering,0,98,
higashikata josuke's pose,0,98,higashikata josuke's pose (jojo)
moray eel,0,98,
applying lotion,0,98,
shootout,0,98,"firefight,gunfight"
feeding animal,0,98,
torn choker,0,98,ripped choker
urinary drainage bag,0,98,
canele,0,98,
keypad,0,98,
frilled bridal gauntlets,0,98,
legionnaire,0,98,
lace-trimmed jacket,0,98,
fried food,0,98,
nixie tube,0,98,
tail in ass,0,98,
paisley,0,98,
fushimi inari taisha,0,98,
bright me up!! (ensemble stars!),0,98,
bmw m3,0,98,
philtrum,0,98,
pulling tongue,0,98,
swirl on cheek,0,98,
fingers to head,0,98,
mogura (nichijou),0,98,
golden eater,0,98,
ibuki suika (cosplay),0,98,
dream eater (kingdom hearts),0,98,
watson amelia (cosplay),0,98,
colored saliva,0,98,
walther p99,0,98,
takao (kancolle) (cosplay),0,98,
pantyhose lift,0,98,
plaid camisole,0,98,
jeep (company),0,98,
long claws,0,98,
locking,0,98,
helicopter tail,0,98,propeller tail
yellow sponge,0,98,
bloblobber (splatoon),0,98,
leash between breasts,0,98,
smoke ring,0,98,
elevator operator,0,98,"elevator attendant,elevator girl"
f4f wildcat,0,98,martlet (airplane)
holding stake,0,98,
shielding another from rain,0,98,
black thighlet,0,98,
phantom thief erichika,0,98,
mordred (fate) (cosplay),0,98,
twitter suki,0,98,
layered armor,0,98,
bizarre rain,0,98,raining objects
doe-foot applicator,0,98,
black eagles (fire emblem),0,98,
uzumaki naruto (cosplay),0,98,
banana hair ornament,0,98,
unbuckled,0,98,
yellow pepper,0,98,
checkered shoes,0,98,
ionioi hetairoi (fate),0,98,
nozzle,0,98,
superimposition,0,98,
scorch mark,0,98,
disproportionate retribution,0,98,
helmet over one eye,0,97,
see-through chemise,0,97,transparent chemise
feather capelet,0,97,
bunny hood (zelda),0,97,
phoenix wings,0,97,
vgen username,0,97,
dolphin print,0,97,
holding bolter,0,97,
hat flaps,0,97,
french flag print,0,97,
sea bunny,0,97,
polish clothes,0,97,
brand of sacrifice,0,97,
print choker,0,97,
multicolored robe,0,97,
taiyou gakuen uniform,0,97,
marie rose (cosplay),0,97,
mooring bollard,0,97,
bite mark on back,0,97,
animasa model (mikumikudance),0,97,
double fingering,0,97,
massaging device,0,97,massager
for the better right? (meme),0,97,
hunter (bloodborne) (cosplay),0,97,
heavy ball,0,97,
drawing arrow,0,97,
swordstaff,0,97,
rose window,0,97,
mutual handjob,0,97,
adjusting another's eyewear,0,97,
tapping foot,0,97,
lion print,0,97,
official alternate horns,0,97,
secret distance (project sekai),0,97,
eternal tiare,0,97,
stegosaurus,0,97,
fried rice prank (meme),0,97,rice wave (meme)
sos,0,97,
grape stomping,0,97,
gong,0,97,
mechanical cyclops eye,0,97,mechanical monoeye
striped sarong,0,97,
coreflame (honkai: star rail),0,97,
dvddvd (meme),0,97,
raijinto (fire emblem),0,97,
white blanket,0,97,
takarazuka kinen,0,97,
dam,0,97,
h&k hk33,0,97,
north korea,0,97,
ichigo junior high uniform,0,97,
bound tail,0,97,
combo counter,0,97,
philippine flag,0,97,
drawing on dirt,0,97,
fringe-trimmed capelet,0,97,
through sunroof,0,97,
howl (howl no ugoku shiro) (cosplay),0,97,
team ascella,0,97,
vibrator under pantyhose,0,97,
across the stars (idolmaster),0,97,
lube on breasts,0,97,
holding game cartridge,0,97,
chain gun,0,97,
videocassette recorder,0,97,vcr
light bulb above head,0,97,
irken uniform,0,97,
kashima high school uniform,0,97,
poker face failure,0,97,
leg support,0,97,
biting ass,0,97,ass biting
tiger hat,0,97,
attic,0,97,
dashed border,0,97,
pinch grip,0,97,pinch hold
orange leaf,0,97,
barbarian set (zelda),0,97,
en'enra,0,97,
sennheiser,0,97,
deaf,0,97,
broken arrow,0,97,
less than chest height,0,97,
nyantcha (style),0,97,
butterfly on hair,0,97,
energy orb,0,97,
whoop catsuit,0,97,
necktie over shoulder,0,97,
elder spear,0,97,
shocked black guy (meme),0,97,
fanlight window,0,97,
stuffed squirrel,0,97,
spade brooch,0,96,
bling,0,96,
bikini top peek,0,96,
scratching neck,0,96,
grey butterfly,0,96,gray butterfly
nakaue shigehisa (style),0,96,
yellow nipples,0,96,
walk cycle,0,96,
art deco,0,96,
bluk berry,0,96,
cafe cuties (league),0,96,cafe cuties (league of legends)
cracked armor,0,96,
camouflage paint,0,96,camouflaged object
tortoiseshell cat,0,96,
reisalin stout (cosplay),0,96,
multi-strapped dress,0,96,
tamagoyaki pan,0,96,"makiyakinabe,rectangular frying pan"
torn cloth,0,96,
thigh cuffs,0,96,
green hill zone,0,96,
holding portrait,0,96,
nagato (kancolle) (cosplay),0,96,
kaito (vocaloid) (cosplay),0,96,
realization,0,96,
holding compass,0,96,
tuning fork,0,96,
drive-by,0,96,
implied after paizuri,0,96,
lemon tree,0,96,
o-ring legwear garter,0,96,
tool kit,0,96,
fake pregnancy,0,96,
golden bough (project moon),0,96,golden bough (limbus company)
ten of diamonds,0,96,
vertical-striped ribbon,0,96,
cat brooch,0,96,
water stone,0,96,
drawstring pull,0,96,
donkey tail,0,96,
lottery,0,96,
vectors,0,96,
wooden plate,0,96,
^v^,0,96,
marble floor,0,96,
imperial german flag,0,96,
single floppy ear,0,96,
nethermare,0,96,
winged gloves,0,96,
winnie the pooh reading (meme),0,96,
sagittal plane cutting,0,96,
green stem (e.g.o),0,96,
calculus,0,96,
magazine ejection,0,96,
scribble background,0,96,
fortune teller,0,96,
see-through (psg),0,96,
skullcap,0,96,skull cap
riding dinosaur,0,96,"dinosaur riding,riding t-rex"
sumo sticker (chaos;child),0,96,
personality core,0,96,
vdv,0,96,"russian airborne troops,soviet airborne troops"
hebrew text,0,96,
leekspin (meme),0,96,loituma
saab,0,96,
non-cat lingerie,0,96,
side-tie costume,0,96,
leaf panties,0,96,
malaysian secondary school uniform,0,96,
doner kebab,0,96,shawarma
lupin dive,0,96,
oozora subaru (cosplay),0,96,
reebok,0,96,
japari coin,0,96,
qbz-97,0,96,
mechanical skirt,0,96,
doufang,0,96,
huh? cat (meme),0,96,
studio ghibli (style),0,96,
booba (meme),0,96,
tri-slosher (splatoon),0,96,
sticker on hair,0,96,
yellow pillow,0,96,
tape dispenser,0,96,
youkai mountain,0,96,
blu-ray,0,96,
very long cape,0,96,
wringing dress,0,96,
italian senate porn livestream (meme),0,96,italian senate porn livestream
breast size switch,0,96,
table tennis net,0,96,
jumpsuit pull,0,96,
bubble gun,0,96,
ice dragon,0,96,
sweet flower,0,96,
noodle strainer,0,96,
moon (symbol),0,96,
clover pin,0,96,
thighhigh dangle,0,96,
velvet room,0,96,
orange loincloth,0,96,
1985,0,96,
isbn,0,96,
sitting on robot,0,96,
mofumofuen (idolmaster),0,96,
blood on object,0,96,
clinic,0,96,
six of clubs,0,96,
porcupine ears,0,96,
hermitaur (armor),0,96,
tail scrunchie,0,96,
oguri oguri (meme),0,96,
nick wilde (cosplay),0,96,
andromeda (constellation),0,95,
after peeing,0,95,
grey buruma,0,95,
nightsoul blessing state,0,95,
shark nose art,0,95,
holding pliers,0,95,
flower on face,0,95,
curse seal,0,95,
runway fashion,0,95,
standing on roof,0,95,
slovenly,0,95,
checking watch,0,95,
three-finger salute,0,95,
ribbon hair,0,95,
pinap berry,0,95,
blue lions (fire emblem),0,95,
spy,0,95,
steam deck,0,95,
3dio,0,95,
glowing staff,0,95,
qixi festival,0,95,
defibrillator,0,95,
holding pan,0,95,
snake mouth,0,95,
foot on another's chest,0,95,foot on chest
spoken smile,0,95,
a-10 thunderbolt ii,0,95,
edelweiss (flower),0,95,
tassel necklace,0,95,
matou family (fate),0,95,
taste of a liar (meme),0,95,
banana costume,0,95,
fantia logo,0,95,
pen spinning,0,95,
shared pocket,0,95,
traveler's original sword (genshin impact),0,95,
how to talk to short people (meme),0,95,
lace skirt,0,95,
yasuhiko yoshikazu (style),0,95,
cardigan pull,0,95,
henshin belt gavv,0,95,
nuclear explosion,0,95,
just monika (meme),0,95,
servant summer festival! 2023,0,95,
holding pacifier,0,95,
straight-arm salute,0,95,
mask on shoulder,0,95,
watchtower,0,95,"guard tower,guardtower,watch tower"
heart ahoge duo,0,95,
checkered bra,0,95,
mole on hand,0,95,
group costume switch,0,95,
sprite (drink),0,95,
flapper girl,0,95,
rubbing hands together,0,95,
torn bag,0,95,
dotted half note,0,95,
collared bikini,0,95,
cicada hug,0,95,
pelisse,0,95,
israeli flag,0,95,
crosshair pov,0,95,
rewind button,0,95,
pheasant,0,95,
nissan silvia s13,0,95,
majesty palm,0,95,
antelope,0,95,
tiger hair ornament,0,95,
holding hoodie,0,95,
horse pussy,0,95,
kiryu kazuma (cosplay),0,95,
bygone days (e.g.o),0,95,
spiral notebook,0,95,
cat covering ears (meme),0,95,
scotch (cookie) (style),0,95,
unlimited shining,0,95,
cure marine (cosplay),0,95,
akatsuhara empire,0,95,
healer u (armor),0,95,
tequila,0,95,
heaven condition,0,95,
danish flag,0,95,
portmanteau,0,95,
argyle bowtie,0,95,
mesa,0,95,
dianzi,0,95,
socket wrench,0,94,
kuroe shizuku (cosplay),0,94,
obscured,0,94,
elementary schoolmate (idolmaster),0,94,
faiz driver,0,94,
black visor cap,0,94,
earphones around neck,0,94,earbuds around neck
multiple pregnancy,0,94,
holding hood,0,94,
bow headband,0,94,
green swim trunks,0,94,
chisato and takina kicking each other's butt (meme),0,94,
counting money,0,94,
plaid leg warmers,0,94,
transgender flag print,0,94,
diagonal-striped neckerchief,0,94,
mmd threesome,0,94,"dmm threesome,mmt threesome"
energy scythe,0,94,
hole in hand,0,94,
oenothera (flower),0,94,
hasshaku-sama (cosplay),0,94,
diable jambe,0,94,
thors military academy school uniform,0,94,thors military academy uniform
what's in my bag,0,94,the contents of my bag
hanako (blue archive) (cosplay),0,94,
my little pogchamp (meme),0,94,
phalaenopsis,0,94,
ring pop,0,94,candy ring
username,0,94,
oota kuniyoshi face (meme),0,94,
holding earrings,0,94,
various blushing faces,0,94,
jack of diamonds,0,94,
partisan (weapon),0,94,
ithaca m37,0,94,
imminent throw,0,94,
blue jay,0,94,
marching band (idolmaster),0,94,
m1 carbine,0,94,
old nail (hollow knight),0,94,
break action,0,94,
beer tap,0,94,
holding blister pack,0,94,
popularity contest,0,94,
hibiki (blue archive) (cosplay),0,94,
book skirt,0,94,
animal crossing (style),0,94,
triple anal,0,94,
nintendo ds lite,0,94,
z-move,0,94,
baby hippopotamus,0,94,
god knows...,0,94,
yumizuki imperial high school uniform,0,94,
tiger (p),0,94,
hand on handle,0,94,
true velocity rm338,0,94,general dynamics lwmmg
beam magnum (gundam),0,94,
a5m,0,94,
spade pendant,0,94,
leather (palico armor),0,94,
snowbell (flower),0,94,
kobold,0,94,
tissue in nose,0,94,
come at me bro,0,94,
smile lines,0,94,
ugly sweater,0,94,
object on pectorals,0,94,
bat background,0,94,
antithetical couplet,0,94,
haro button badge,0,94,
fake scrollbar,0,94,
jeanne d'arc alter santa lily (fate) (cosplay),0,94,
entrenching tool,0,94,
food with face,0,94,
charizard pose,0,94,
vergil (devil may cry) (cosplay),0,94,
hands on another's hands,0,94,
southern cross academy school uniform,0,94,
flower-trimmed bra,0,94,
floro (7th dragon),0,94,
sea bream,0,94,
nissan 180sx,0,94,
ancient dark,0,94,
chinese paper-cut,0,93,
sig p228/p229,0,93,"sig sauer p228,sig sauer p229"
pentagram earrings,0,93,
bar chart,0,93,bar graph
bookshelf pov,0,93,
grey overskirt,0,93,
multicolored tiara,0,93,
spine sword,0,93,
ryukishi07 (style),0,93,ryuukishi07 (style)
welding,0,93,
yellow bonnet,0,93,
grey haori,0,93,
divine entity,0,93,
albino animal,0,93,
blue hanbok,0,93,
quilted headwear,0,93,
nekoken technique,0,93,
salad bowl,0,93,
miyu edelfelt (magical girl) (cosplay),0,93,
scratching back,0,93,
thoracalgia (e.g.o),0,93,
apron basket,0,93,
flash drive,0,93,
red teeth,0,93,
v.w.p (kamitsubaki studio),0,93,
wizardriver,0,93,
chin spike,0,93,
silver leotard,0,93,
stork,0,93,
rgb lights,0,93,
lancia (brand),0,93,
plaid male underwear,0,93,
on jet ski,0,93,
daiwa scarlet (umamusume) (cosplay),0,93,
k9 (dog),0,93,"military dog,police dog,rescue dog"
handjob under clothes,0,93,
spinning teacup,0,93,
ooo driver,0,93,
holding radio,0,93,
two-tone pubic hair,0,93,
equal sign,0,93,
rainbow choker,0,93,
fantasy racism,0,93,speciesism
freefall,0,93,
ipod nano 5g,0,93,
team flare uniform,0,93,
regeneration,0,93,
wiping another's face,0,93,
anal object extraction,0,93,
neck feathers,0,93,
imperial russian army,0,93,
too many condoms,0,93,
amaryllis (flower),0,93,
ice sculpture,0,93,
zombie costume,0,93,
markings on cheeks,0,93,
arm piercing,0,93,
padded vest,0,93,
knot print,0,93,
funnel (tool),0,93,
zaft (gundam),0,93,
draco (constellation),0,93,
mg3,0,93,
tatsumaki (cosplay),0,93,
simple flower,0,93,
regulator (ff14),0,93,
yuigaoka music program school uniform,0,93,
horn bell,0,93,
glowing animal,0,93,
kebaya,0,93,
okina mask,0,93,
onono imoko (style),0,93,
golden butterfly,0,93,
amiibo,0,93,
gumball,0,93,
chengdu j-20,0,93,
multiple seasonal school uniforms,0,93,winter and summer school uniforms
sheep hat,0,93,
card pendant,0,93,
glowing snowflake,0,93,
hennin,0,93,
kagiyama hina (cosplay),0,93,
matoi,0,93,
dragon hat,0,93,
ryuko redraw (meme),0,93,
man levitating pizza (meme),0,93,
sloshing machine (splatoon),0,93,
heziqun,0,93,
mirage pen,0,93,
spice,0,93,
dahlia academy boarding school uniform,0,93,
bycocket,0,93,
ribbon cable,0,93,
silver jewelry,0,93,
gear fourth,0,93,gear 4
dr. ratio's book (honkai: star rail),0,93,
hat on chest,0,93,
magpul,0,93,
wharf,0,92,
minamoto no raikou (fate) (cosplay),0,92,
cactus girl,0,92,
traffic officer,0,92,
ice cream print,0,92,
striped nails,0,92,
lop rabbit,0,92,
scramble fan festa! (project sekai),0,92,scramble fan festival! (project sekai)
starfruit,0,92,
number background,0,92,
plasma pistol,0,92,
type 74 (tank),0,92,
leotard peel,0,92,
circus tent,0,92,
entity (lethal company),0,92,
odogaron (armor),0,92,
tentacle masturbation,0,92,auto tentacle sex
beetle horn,0,92,
eyelash curler,0,92,
yoshida akihiko (style),0,92,
paint on hands,0,92,
sarkany csont landzsa,0,92,
make america great again,0,92,
tenseiga (sword),0,92,
footjob with sandals,0,92,sandaljob
camouflage bag,0,92,camouflage backpack
tattoo between breasts,0,92,
fish ornament,0,92,
warts,0,92,wart
queen of clubs,0,92,
breast pull,0,92,
pearl belt,0,92,
gibberish text,0,92,
cotton boll,0,92,
pommel,0,92,
hair knot,0,92,
black knife (elden ring),0,92,
funeral kimono,0,92,
instrument hair ornament,0,92,
dog lead,0,92,
holding pendant,0,92,
anatomy of a gamer (meme),0,92,
headwear through crown,0,92,
localized gravity,0,92,
beam shield,0,92,
thick back hair,0,92,
poke flute,0,92,
ass mousepad,0,92,
nanami chiaki (cosplay),0,92,
helltaker dance,0,92,
new star guild (stella sora),0,92,
ankle tattoo,0,92,
baozi hair ornament,0,92,
daewoo k1,0,92,
mygo!!!!! logo (bang dream!),0,92,
saddle shoes,0,92,
draw an original girl with all the traits that your followers like,0,92,
tactical witch,0,92,
pumpkin pie,0,92,
mouse hood,0,92,
bee boy,0,92,
pluto symbol,0,92,
impossible pants,0,92,
nami (one piece) (cosplay),0,92,
las plagas,0,92,
camouflage dress,0,92,
usada hikaru (cosplay),0,92,
log cabin,0,92,
clownpiece (cosplay),0,92,
non-binary flag,0,92,
gable roof,0,92,
seitetsu academy school uniform,0,92,
yagokoro eirin (cosplay),0,92,
chikage (bloodborne),0,92,
santa bra,0,92,
tsuyu sauce,0,92,
no reflection,0,92,
overblot,0,92,
forklift,0,92,
2d dating,0,92,
brotherhood (ff10),0,92,
egyptian trend (meme),0,92,
thumbs in pockets,0,92,
torn underwear,0,92,
in hot air balloon,0,92,
broken finger,0,92,
ei ei okotta? (meme),0,92,ei ei okotta?
applying another's manicure,0,91,
holding paint roller,0,91,
crested ibis,0,91,japanese crested ibis
implied lactation,0,91,
gradient leotard,0,91,
school wear (idolmaster),0,91,
hand on another's headwear,0,91,
necktie in pocket,0,91,
star-shaped cookie,0,91,
swan boat,0,91,
spa headband,0,91,
swinging (relationship),0,91,partner swap
on ice,0,91,
padded room,0,91,
joke,0,91,
penis to navel,0,91,
covenant halo (girls' frontline 2),0,91,
proton pack,0,91,
statue of her excellency (genshin impact),0,91,
flower panties,0,91,
antique seraphim (blue archive),0,91,
teardrop necklace,0,91,
headband over one eye,0,91,
holding tweezers,0,91,
frilled suspenders,0,91,
morpho paresia (idolmaster),0,91,
imminent eating,0,91,
grey alien,0,91,
otter boy,0,91,
combat shirt,0,91,
blood on hat,0,91,
orange bloomers,0,91,
akagi (kancolle) (cosplay),0,91,
mossberg 500,0,91,
cute x subculture hatsune miku design contest,0,91,
fellatio through clothes,0,91,
broken phone,0,91,
letter banner,0,91,
mejiro mcqueen (umamusume) (cosplay),0,91,
angel day,0,91,
plaid bag,0,91,
ugoitenai no ni atsui yo (meme),0,91,
future gadget lab,0,91,
holding christmas tree,0,91,
strip club,0,91,
anthias (fish),0,91,
grey bird,0,91,
rabbit-shaped eyewear,0,91,bunny-shaped eyewear
pikaclones,0,91,
bucket spill,0,91,
art vs artist,0,91,
hands on bed,0,91,
kuho girls academy school uniform,0,91,
bird feeding,0,91,
code,0,91,
holding bars,0,91,
too many hearts,0,91,
lace-up heels,0,91,
holding tree,0,91,
ehho ehho (meme),0,91,
red bloomers,0,91,
wrap towel,0,91,
finger piercing,0,91,
cat pajamas,0,91,
stamen,0,91,
too many pikachu,0,91,
crescent pendant,0,91,
candy apple hair ornament,0,91,
vat,0,91,
greenery day,0,91,
combination wrench,0,91,
manzai,0,91,
nissan silvia s14,0,91,
arson,0,91,
white santa costume,0,91,
mankanshoku mako (cosplay),0,91,
too many fish,0,91,
trompe l'oeil,0,91,
severed tail,0,91,
huge ass lying on couch pose (meme),0,91,
venus symbol earrings,0,91,
kosho academy school uniform,0,91,koushou academy school uniform
aquamarine (gemstone),0,91,
haskap,0,91,
sheryl nome (cosplay),0,91,
full cowling (boku no hero academia),0,91,
panzer iii,0,91,"panzerkampfwagen iii,pzkpfw iii"
hsien-ko (cosplay),0,91,
boxbinder,0,91,
purple ears,0,91,
part time job,0,91,
marimo,0,91,
crystal carillon,0,91,
orange bridal gauntlets,0,91,
paw print panties,0,90,paw panties
mysterious heroine xx (fate) (cosplay),0,90,
spanish national soccer team uniform,0,90,
abs peek,0,90,
foot on another's thigh,0,90,
datsun,0,90,
secretary settings (arknights),0,90,
swinging object,0,90,
excuse me he asked for no pickles (meme),0,90,
kitten heels,0,90,
ragdoll (cat),0,90,
whimsy twee,0,90,
sand bucket,0,90,
head between legs,0,90,
originite prime (arknights),0,90,
dino buckler,0,90,power morpher
o-ring necktie,0,90,
incoming object,0,90,
ski boots,0,90,
high jump,0,90,
traditional harpy,0,90,
green lining,0,90,
holding painting,0,90,
ju 87,0,90,stuka
immiscible discord (project sekai),0,90,
burnt hair,0,90,
umbrella corporation logo,0,90,
assembling,0,90,
dream-space occult class (touhou),0,90,
cradle position,0,90,
post orgasm torture,0,90,
flogger,0,90,
old tales (nikke),0,90,
miclone,0,90,
tea ceremony,0,90,
freikugel (fire emblem),0,90,freikugel (weapon)
kamura (palico armor),0,90,
holding own horns,0,90,"grabbing own horn,hand on own horn,holding own horn"
putting on condom,0,90,
glowing scar,0,90,
leg on another's leg,0,90,
harmony (e.g.o),0,90,
femme fatale,0,90,
bowser logo,0,90,
amate yuzuriha (cosplay),0,90,
multiple reverse traps,0,90,
print bandeau,0,90,
ohtori academy school uniform,0,90,
yoshida yuuko (cosplay),0,90,
silver legwear,0,90,
h.s.c.t. (love live!),0,90,
toy dinosaur,0,90,
caterpillar girl,0,90,
super nintendo,0,90,
touching another's back,0,90,
hard drive,0,90,
rainforest,0,90,
hat veil,0,90,
aoshidan (emblem),0,90,
potty,0,90,
hellomegu!,0,90,
fishnet leggings,0,90,
zuikaku (kancolle) (cosplay),0,90,
ran ran ru,0,90,
ryu (street fighter) (cosplay),0,90,
millennium rod,0,90,
tsukishima general high school uniform,0,90,
minato aqua (cosplay),0,90,
iron man (cosplay),0,90,
bra tug,0,90,
godzilla (cosplay),0,90,
shell jacket,0,90,
table flip,0,90,
hey i could have died (meme),0,90,
metal sand,0,90,
concept police (idolmaster),0,90,
blade catching,0,90,
liberator (exs-tia),0,90,
perverted excuse,0,90,
cramp,0,90,
actress,0,90,
nintendo dsi,0,90,
sploot,0,90,
turian,0,90,
muji body fitting sofa,0,90,
gian punch (meme),0,90,
durandal (fire emblem),0,90,
card with aura,0,90,
metal wire,0,90,
honeycomb (object),0,90,
birthday jacket (twisted wonderland),0,90,
sangheili,0,90,
inubashiri momiji (cosplay),0,90,
musashi (kancolle) (cosplay),0,90,
star-shaped hair,0,90,
lockpick,0,90,
tube (container),0,90,
black dickey,0,89,
bell ringing,0,89,
hair color switch,0,89,
escrima sticks,0,89,
santa cape,0,89,
ventriloquism,0,89,
halo removed,0,89,unworn halo
panties around feet,0,89,
holding medal,0,89,
inverted umbrella,0,89,"inside-out umbrella,upturned umbrella"
panchang knot,0,89,
gingham bowtie,0,89,
dirty legwear,0,89,
short apron,0,89,
pumpkin ornament,0,89,
touhou 21st popularity poll,0,89,
vest pouch,0,89,
slime on head,0,89,
mismatched arms,0,89,
gold claws,0,89,
amegakure symbol,0,89,
grand star (mario),0,89,
milk mustache,0,89,
sasumata,0,89,
single unworn shoe,0,89,
fuzzy clothes,0,89,
qbu-88,0,89,
esrb,0,89,
rabbit cutout,0,89,bunny cutout
glow-in-the-dark,0,89,
key coffee (meme),0,89,
chest mouth,0,89,
cadillac,0,89,
balancing on finger,0,89,
covering another's eye,0,89,
orientation play,0,89,sexuality change
creature on hand,0,89,
octopus print,0,89,
two-tone slingshot swimsuit,0,89,
sadamoto yoshiyuki (style),0,89,
striped jumpsuit,0,89,
oyster pail,0,89,chinese takeout container
removing headwear,0,89,
shotel,0,89,
pp-19 bizon,0,89,
akatsuki (ensemble stars!),0,89,
stuffed koala,0,89,
shoulderstand,0,89,shoulder stand
elysia (honkai impact) (cosplay),0,89,
grey garter straps,0,89,
paradise private academy school uniform,0,89,
artoria caster (fate) (cosplay),0,89,
hatsuboshi gakuen gym uniform,0,89,
object to mouth,0,89,
divine markings,0,89,
mizutsune (armor),0,89,
meer campbell (cosplay),0,89,
net ball,0,89,
arrow earrings,0,89,
multicolored sailor collar,0,89,
nail hair ornament,0,89,
camera hold pose (han-0v0),0,89,
hyadain no joujou yuujou,0,89,
tourmaline,0,89,
shinkawa youji (style),0,89,
aoyama goushou (style),0,89,
seisen school uniform,0,89,
stuffed otter,0,89,
bandaged wings,0,89,
blush visible through hands,0,89,
checkered gloves,0,89,
bellwall school uniform,0,89,
hercules (constellation),0,89,
tail bondage,0,89,
limousine,0,89,
hot tub,0,89,
aqueduct,0,89,
almond tofu (genshin impact),0,89,
nes,0,89,
pinstripe socks,0,89,
cigarette burn,0,89,
cleaning gun,0,89,
rome (city),0,89,
hinanawi tenshi (cosplay),0,89,
pillion,0,89,
fukurodani volleyball uniform,0,89,
blob (google),0,89,
royal magic wand (svtfoe),0,89,
ignihyde dorm uniform,0,89,
candle on headwear,0,89,
shiny cats pact,0,89,
sans (undertale) (cosplay),0,89,
enoshima electric railway,0,89,
disposable camera,0,89,
raijuu,0,89,
toyota supra mk v,0,89,
duo chromatic,0,89,
traum (fate/grand order),0,89,
two-tone ascot,0,89,
kogetsukan satsujin jiken,0,89,
stuffed giraffe,0,88,
photocopying self,0,88,photocopying ass
director's chair,0,88,
blood on mirror,0,88,
pop art,0,88,
stuffed tomato,0,88,
solid snake (cosplay),0,88,
dinosaur print,0,88,
reflective eyewear,0,88,
holding bubble,0,88,
knee boobs,0,88,
star-shaped bag,0,88,
electric screaming (e.g.o),0,88,
cow print leotard,0,88,
thousand sons,0,88,
mute speaker sign,0,88,
counting sheep,0,88,
single pasty,0,88,
ice floe,0,88,
lightning bolt necklace,0,88,
sorganeil,0,88,
holding ice cream scoop (utensil),0,88,holding ice cream scoop
weather,0,88,
pelvis,0,88,
peeing on viewer,0,88,
family tree,0,88,
holding rolling pin,0,88,
mini piano,0,88,
number earrings,0,88,
cocaine,0,88,
floating staff,0,88,
miracreation (original),0,88,
green santa costume,0,88,
st. lulim school uniform,0,88,
red queen (sword),0,88,
washing face,0,88,
duet,0,88,
too many umbrellas,0,88,
type 10 (tank),0,88,
electronic warfare ship (eve online),0,88,
gutter,0,88,
triangle button,0,88,
eight of spades,0,88,
papillon mark (idolmaster million live!),0,88,
baked potato,0,88,
uchiha sasuke (cosplay),0,88,
drama cd,0,88,
cherry stem knot,0,88,
recollection (blue archive),0,88,
pull,0,88,
beer glass,0,88,
in nest,0,88,
chevrolet camaro,0,88,
lawnmower,0,88,
kingfisher,0,88,
between testicles,0,88,
potential unleashed,0,88,
type-1 energy sword,0,88,
this is fine (meme),0,88,
soviet navy,0,88,
nine of diamonds,0,88,
vspo! matching outfit,0,88,
kibasen,0,88,cavalry battle (game)
georgia max coffee,0,88,
grooming,0,88,
money-shaped pupils,0,88,
somehow has time-traveled (meme),0,88,
two-tone armband,0,88,
brown buruma,0,88,
tongue suck,0,88,
holographic horns,0,88,
frayed skirt,0,88,
geoduck,0,88,
ku korose!,0,88,kukkoro
grazing (livestock),0,88,
monster! devil (idolmaster),0,88,
hand in clothes,0,88,
maxillary rictus,0,88,
doctor (arknights) (cosplay),0,88,
camouflage trim,0,88,
makankousappou,0,88,
smelly pussy,0,88,
art room,0,88,
grabbing another's dress,0,88,
sitting on mushroom,0,88,
animal shoes,0,88,
onion slice,0,88,
clenched butt,0,88,
bulb pump,0,87,
kotonohatoh uniform,0,87,
white dickey,0,87,
catwalk (modeling),0,87,runway (modeling)
instagram story,0,87,
bow necklace,0,87,
ink on breast,0,87,
brazilian flag bikini,0,87,
fifa world cup trophy,0,87,
robin (bird),0,87,
fairy lights,0,87,
print belt,0,87,
character name tattoo,0,87,
cross-laced bra,0,87,
alchemist,0,87,
round nose,0,87,
autopenetration,0,87,
pear blossoms,0,87,
princess peach's castle,0,87,
laser hallway,0,87,
heart-shaped hole,0,87,
hockey sweater,0,87,
sigma symbol,0,87,
multicolored butterfly,0,87,
punishment game,0,87,
penguin print,0,87,
holding cotton swab,0,87,
breast missiles,0,87,
hundred-footed death maggot (e.g.o),0,87,
yellow bridal gauntlets,0,87,
fetch,0,87,
hoof gloves,0,87,
freight train,0,87,
armpit onigiri,0,87,
bent w,0,87,
anastasia (lostbelt) (fate/grand order),0,87,
aventail,0,87,
peanut butter,0,87,
se.ra.ph (fate/grand order),0,87,
winged sandals,0,87,
checkered ceiling,0,87,
team rainbow rocket uniform,0,87,
newsprint background,0,87,
snowflake liliput (idolmaster),0,87,
kanazawaben,0,87,
awake,0,87,
songkran,0,87,
orchid mantis,0,87,
anzio ironworks 20mm rifle,0,87,
hex tails,0,87,
cr-unit (date a live),0,87,
fragarach (fate),0,87,
night raven college labwear,0,87,
rabbit paws,0,87,bunny paws
sex through torn clothes,0,87,
frilled scarf,0,87,
old-fashioned swimsuit,0,87,
rotating light,0,87,
ninomiya squad's uniform,0,87,
brown male swimwear,0,87,
snowy owl,0,87,
macaron background,0,87,
towel pull,0,87,
yurodiviye (identity) (project moon),0,87,
panties over bodysuit,0,87,
guilty kiss (love live!),0,87,
viltrumite,0,87,
san francisco,0,87,
duck hood,0,87,
zone (energy drink),0,87,
maginot military uniform,0,87,
ahnenerbe shop uniform,0,87,
meruru (oreimo) (cosplay),0,87,
holding stapler,0,87,
kel-tec ksg,0,87,
depth charge projector,0,87,
webpage,0,87,
fantasy seal,0,87,
cum milking,0,87,
djinn equip,0,87,
no hairclip,0,87,
ikamusume (cosplay),0,87,
yellow tabard,0,87,
surgical scar,0,87,
when mama isn't home (meme),0,87,
glowing glasses,0,87,
enoshima,0,87,
imac,0,87,
wraith (apex legends) (cosplay),0,87,
sleeve pushed up,0,87,
rosenburg engel (idolmaster),0,87,
mad burnish,0,87,
new wave (idolmaster),0,87,
dragon empery (emblem),0,87,
mess kit,0,87,
tanker jacket,0,87,
cinq association west uniform,0,86,
two-tone headband,0,86,
imminent ejaculation,0,86,
bird on lap,0,86,
sorry for being sexy yuni,0,86,
renketsuen (e.g.o),0,86,
holding own leg back,0,86,
arrow symbol hair ornament,0,86,directional arrow hair ornament
imminent hit,0,86,
pink donut,0,86,pink doughnut
aoba johsai volleyball uniform,0,86,
vision test,0,86,eye test
large head wings,0,86,
shedding skin,0,86,
radome,0,86,
standing front split,0,86,
energy whip,0,86,glowing whip
high-waist bikini,0,86,
tail armor,0,86,
celery,0,86,
cheese hair ornament,0,86,
torn belt,0,86,
carrot cake,0,86,
lunar eclipse,0,86,
altair (star),0,86,
creature on arm,0,86,
crescent-shaped pupils,0,86,
welding goggles,0,86,
triangle o-ring,0,86,
holding boomerang,0,86,
apron grab,0,86,
veiny legs,0,86,
charo (meme),0,86,
artifact (genshin impact),0,86,
animal scarf,0,86,
pretz,0,86,
food in pocket,0,86,
grabbing another's pectorals,0,86,
hardsuit,0,86,
dutch text,0,86,
aerobics,0,86,
blue pillow,0,86,
automatic door,0,86,
timer ball,0,86,
siegfried (fire emblem),0,86,
roadblock,0,86,
feather-trimmed cape,0,86,
lapis lazuli (gemstone),0,86,
maribel hearn (cosplay),0,86,
asymmetrical pigeon-toed,0,86,
pokedance (meme),0,86,
lipstick mark on pussy,0,86,
holding macaron,0,86,
hamon (jojo),0,86,hamon
mig-29,0,86,
see-through hat,0,86,transparent hat
chocolate hair ornament,0,86,
cut-away,0,86,
chile,0,86,
black teeth,0,86,
chouzetsusaikawa tenshi-chan (cosplay),0,86,
stuffed crab,0,86,
chain hairband,0,86,
shell print,0,86,seashell print
rope bridge,0,86,
hashihime,0,86,
print bed sheet,0,86,
gingham sleeves,0,86,
bean bag,0,86,
ryuujou (kancolle) (cosplay),0,86,
squirting dildo,0,86,ejaculating dildo
champagne coupe,0,86,
harley davidson,0,86,
bikini jeans,0,86,
platelet (hataraku saibou) (cosplay),0,86,
google street view,0,86,
oppai oppai,0,86,
seijou academy school uniform,0,86,
dark mage (fire emblem fates),0,86,
milo and akouo,0,86,
kirarigaoka middle school uniform,0,86,
amenoma kageuchi (genshin impact),0,86,
don't you ever stop (meme),0,86,
webbing,0,86,
thinner than canon,0,86,"alternate body size (less muscle),alternate body size (skinnier),alternate body size (thinner),skinnier than canon"
blue journey (hololive),0,86,
fire light,0,86,
toyota supra mk iv,0,86,
floating jacket,0,86,
pitcher's mound,0,86,
headhunting permit (arknights),0,86,
longevity peach bun,0,86,
naval battle,0,86,
esseling (infinity nikki),0,86,
cargo pallet,0,86,
wiping pussy,0,86,
inside another's fur,0,86,
green garter belt,0,86,
poison apple,0,86,
numbers above head,0,86,
touhou 12th popularity poll,0,86,
nonexistent memories (jujutsu kaisen),0,86,
gun decal,0,86,
rhine lab family (arknights),0,86,
wringing hair,0,86,
magatama print,0,86,
hair chart,0,86,
ducking,0,86,
collared tunic,0,86,
plaid border,0,86,
blazblue insignia,0,86,
spiked hood,0,86,
pumpkin brooch,0,86,
wasp girl,0,86,
cz 805 bren,0,86,cz bren-2
blood on sleeves,0,86,
ammonite,0,86,
stealth fingering,0,86,
pulque,0,86,
smokey eyeshadow,0,86,
chilla (arms),0,86,
masa ni (meme),0,86,
spiked shield,0,86,
holding tube,0,85,
sprinkling,0,85,
icosahedron,0,85,
coyote,0,85,
one arm push-ups,0,85,
holding nose,0,85,
true zangetsu (shikai),0,85,
knighting,0,85,
hibiki (kancolle) (cosplay),0,85,
lure,0,85,
floral print gloves,0,85,
unworn bloomers,0,85,bloomers removed
holonatsu paradise,0,85,
inoue takina (cosplay),0,85,
french clothes,0,85,
pasties under clothes,0,85,
purple assault visor,0,85,
question mark ahoge,0,85,
clitoral circular saw,0,85,
ultraman suit (hero's comics),0,85,
pepe punch (meme),0,85,
duel (yu-gi-oh!),0,85,
aquila favonia (genshin impact),0,85,
holding pouch,0,85,
penis ornament,0,85,
shopping basket cart,0,85,
trashcan lid,0,85,
ornate chastity cage,0,85,
lobster girl,0,85,
sagging pants,0,85,
flower bush,0,85,
animal-themed vehicle,0,85,
cero,0,85,
string bowtie,0,85,
green bridal gauntlets,0,85,
guided crotch grab,0,85,
fake penis shadow,0,85,
upward dog,0,85,
blue shell (mario),0,85,
crying cat (meme),0,85,
flaming horns,0,85,
child abuse,0,85,
wonder magical showtime! (project sekai),0,85,
at4,0,85,
shoulder necklace,0,85,
crash landing,0,85,
tagalog text,0,85,
kurumada masami (style),0,85,
leucochloridium paradoxum,0,85,
gauze on thigh,0,85,
soda (e.g.o),0,85,
tuxedo kamen (cosplay),0,85,
crown of insight,0,85,
ak-105,0,85,
fur-trimmed veil,0,85,
sankyoin academy school uniform,0,85,sankyouin academy school uniform
cometik note (idolmaster),0,85,
austria,0,85,
servant,0,85,
angewomon (cosplay),0,85,
cinderella dream (idolmaster),0,85,
blush visible through clothes,0,85,
tidal wave,0,85,
a-rise,0,85,
kitagawa marin (cosplay),0,85,
stola,0,85,
falconry glove,0,85,
electric locomotive,0,85,
imminent stabbing,0,85,
igeta (pattern),0,85,
dark foreground,0,85,
team sonic (sonic),0,85,
vertical-striped collar,0,85,
maigo no te wo hiku sono saki wa (project sekai),0,85,"guiding a lost child to what lies beyond (project sekai),what lies beyond guiding a lost child (project sekai)"
animal earrings,0,85,
hijiri byakuren (cosplay),0,85,
makai (touhou),0,85,
marlin (fish),0,85,
down boy!! (meme),0,85,
obvious statement,0,85,
jack (fish),0,85,
kune-kune,0,85,
ak-alfa,0,85,
d3a,0,85,
pokemon wings,0,85,
heavy spear (evangelion),0,85,
shelving book,0,85,
miao hat,0,85,
ether aria (love live!),0,85,
groin attack,0,85,
altering (agito),0,84,
leaf in hair,0,84,
orthodox cross,0,84,
neck corset,0,84,
broken shield,0,84,
shadowed,0,84,
lace-trimmed sailor collar,0,84,
asterisk (symbol),0,84,
bonesaw,0,84,
horned headphones,0,84,
lace-trimmed shirt collar,0,84,
boobs? wanna touch boobs? (meme),0,84,
alternate bottom wear,0,84,
ankh print,0,84,
dried flower,0,84,
peach slice,0,84,
deneb (star),0,84,
yellow fire,0,84,
divine being,0,84,
orange arm warmers,0,84,
uproar (holostars),0,84,
showgirl,0,84,
hina (blue archive) (cosplay),0,84,
journal,0,84,
inconsistent censoring,0,84,
black turban,0,84,
grateful blue (idolmaster),0,84,
gashadokuro,0,84,
gradient hoodie,0,84,
lobster claw,0,84,
fish hat ornament,0,84,
multiple moles under one eye,0,84,
hat over hat,0,84,
on-model vs in your style challenge,0,84,draw fanart challenge
dog treat,0,84,
voltaction,0,84,
dick in a box,0,84,
holding hula hoop,0,84,
licking another's pussy juice,0,84,
ending celebration,0,84,
jaguar (car),0,84,
burning hair,0,84,
kyaraben,0,84,
super leaf,0,84,
cotton panties,0,84,
chinese track school uniform,0,84,
lipstick mark on forehead,0,84,
rainbow feather (pokemon),0,84,rainbow wing (pokemon)
taihou (azur lane) (cosplay),0,84,
dragon hood,0,84,
kanchuumimai,0,84,
hoodie tug,0,84,
indian flag,0,84,
playing card print,0,84,
marilyn monroe (cosplay),0,84,
mixed wings,0,84,
candy cane hair ornament,0,84,
water pump,0,84,
ming dynasty,0,84,
pineapple hair ornament,0,84,
kozaki yuusuke (style),0,84,
ram (re:zero) (cosplay),0,84,
wet tail,0,84,
torn straps,0,84,
komedawara,0,84,
pangolin tail,0,84,
nerunerunerune,0,84,
camouflage hoodie,0,84,
shelter,0,84,
how to hold x (meme),0,84,
no seek no find (project sekai),0,84,
asymmetrical mask,0,84,
maus (tank),0,84,"panzer viii maus,panzerkampfwagen viii maus,pzkpfw viii maus"
typhoon,0,84,hurricane
ghillie suit,0,84,
huddle,0,84,
cryptid,0,84,
iron warriors,0,84,
mickey mouse (symbol),0,84,
rebel alliance (star wars),0,84,
implied peeing,0,84,
black sheep,0,84,
google play,0,84,
silicon creature (blame!),0,84,
ijigen fes idolmaster love live! utagassen,0,84,
venus symbol hair ornament,0,84,
shimushu pose,0,84,
taking notes,0,84,
cascade badge,0,84,
strawberry jam,0,84,
black poncho,0,84,
doom cover parody,0,84,
throat,0,84,
takao (azur lane) (cosplay),0,84,
elephant boy,0,84,
pen in mouth,0,84,
scratching ass,0,84,
birthday glasses,0,84,
black moon,0,84,
hair petal,0,84,
spoken clothes,0,84,
hoshi no sanzang-chan tenjiku ni iku,0,84,
bucket of milk,0,84,
holding hair straightener,0,84,
footwear bell,0,84,
comp (megami tensei),0,84,
maihama minami high school uniform,0,84,
on leaf,0,84,
money in mouth,0,84,
powder,0,84,
ribbed pants,0,83,
ancient egyptian architecture,0,83,
gem belt,0,83,
drawn nose,0,83,
handjob gesture (not ok),0,83,
friction ridges,0,83,
lobotomy corporation logo,0,83,
lying on ball,0,83,
wrists bound apart,0,83,separated wrists
purple headdress,0,83,
nurse dress,0,83,
funsai seyo! unvalentine no fukushuu (project sekai),0,83,
strapless jumpsuit,0,83,
holding shogi piece,0,83,
floral print bow,0,83,
poptepipic pose,0,83,
auditorium,0,83,
tanga panties,0,83,
ring light,0,83,
paper flower,0,83,
swinging on web,0,83,
standing at attention,0,83,
neuralyzer,0,83,
height envy,0,83,
green petals,0,83,
implied stepping,0,83,
stuffed hedgehog,0,83,
red bodice,0,83,
sleepwalking,0,83,
miyamoto musashi (fate) (cosplay),0,83,
checkout (shopping),0,83,
frilled cardigan,0,83,
fur-trimmed scarf,0,83,
spiral cheeks,0,83,
gomen yuuka,0,83,
ribbon-trimmed footwear,0,83,
stacked hats,0,83,
biting another's clothes,0,83,
cat pendant,0,83,
crescent brooch,0,83,
clitoral suction vibrator,0,83,
haystack,0,83,
imminent facesitting,0,83,
torn overalls,0,83,ripped overalls
blonde armpit hair,0,83,
glowing body fluid,0,83,
silence suzuka (umamusume) (cosplay),0,83,
shinsengumi swords (touken ranbu),0,83,
pantaloons,0,83,
grassrunner,0,83,
fist bumping viewer,0,83,incoming fist bump
generator,0,83,
feather skirt,0,83,
priticket,0,83,
linked bikini,0,83,
eye color connection,0,83,
kojitsunagi (pattern),0,83,
inward flipped hair,0,83,
ringing artifacts,0,83,
inflatable chair,0,83,
insect collection,0,83,"butterfly collection,lepidopterology collection"
tumbler,0,83,
12 billion yen incident,0,83,
halberd (airship),0,83,
string play spider baby (meme),0,83,
chocolate on pectorals,0,83,
winged skull,0,83,
embroidery hoop,0,83,
saint snow,0,83,
bilibili watermark,0,83,
blanket cape,0,83,
work boots,0,83,
cape tug,0,83,
argyle bikini,0,83,
blade of mercy,0,83,
smelly penis,0,83,
combined attack,0,83,
mofuji,0,83,
estus flask,0,83,
aria (zenless zone zero) (cosplay),0,83,
doguu,0,83,
larkspur (flower),0,83,
a flat chest is a status symbol,0,83,
red shell (mario),0,83,
aqua (konosuba) (cosplay),0,83,
basilisk,0,83,
soaking hands,0,83,
aviator glasses,0,83,
food on pectorals,0,83,
cure sunshine (cosplay),0,83,
left out,0,83,
ryuuguu komachi (idolmaster),0,83,
black hijab,0,83,
breast pile,0,83,
lace-trimmed bowtie,0,83,
like an ero-doujin,0,83,
hero charger (splatoon),0,83,
chaldea summer memory,0,83,
dry suit,0,83,
vuvuzela,0,83,
ishukone corporation (eve online),0,83,
map pin,0,83,
how to make sushi (meme),0,83,how to make sushi
sr-25,0,83,
hallelujah essaim,0,83,
takoyaki pan,0,83,
trout,0,83,
bismarck (kancolle) (cosplay),0,83,
mall link suit,0,83,
levin sword,0,83,
red telephone box (british),0,83,
manly tears,0,83,
destroid,0,83,
celestial being,0,82,
holding sweater,0,82,
norwegian flag print,0,82,
uh-1 iroquois,0,82,
excalibur (fate/strange fake),0,82,
liquid metal,0,82,
sakihata rimi's d-sword,0,82,
amigasa,0,82,
spoken broken heart,0,82,
tiltrotor,0,82,
early modern english text,0,82,
tetrahedron,0,82,
silk flower (genshin impact),0,82,
fan between breasts,0,82,
stellar jade,0,82,
matsumoto leiji (style),0,82,
hololive christmas outfit,0,82,
graphic equalizer,0,82,
reiuji utsuho (cosplay),0,82,
yabuki joe in a chair (meme),0,82,
naked kappougi,0,82,
beatrice (umineko) (cosplay),0,82,
shrimp tie,0,82,
pumpkin shorts,0,82,
outstretched stomach,0,82,
chimpanzee,0,82,
ten of clubs,0,82,
gibson les paul custom,0,82,
rice porridge,0,82,
stippling (texture),0,82,
twinkle star (idolmaster),0,82,
crackling box (reverse:1999),0,82,
pumpkin earrings,0,82,
lipstick mark on anus,0,82,
rose of sharon,0,82,
carrot background,0,82,
wan squad of gensokyo (touhou),0,82,
brown veil,0,82,
yuanbao,0,82,sycee
unplugged,0,82,
jervis (kancolle) (cosplay),0,82,
badger,0,82,
hydrangea hair ornament,0,82,
female corrin (fire emblem) (cosplay),0,82,
double thumbs down,0,82,
yoke (bdsm),0,82,
too many memes,0,82,
dragon mask,0,82,
skull pauldron,0,82,
watching pornography,0,82,
head wreath removed,0,82,
aqua suit,0,82,
mondragon rifle,0,82,
blowgun,0,82,
affliction (darkest dungeon),0,82,
tohru (maidragon) (cosplay),0,82,
frogman,0,82,
black leash,0,82,
watashi kininarimasu,0,82,
angel french,0,82,
hirasawa yui's middle school uniform,0,82,
c.c. (cosplay),0,82,
shrine team (len'en),0,82,
komakasugite tsutawaranai monomane senshuken,0,82,
on ceiling,0,82,
torn blindfold,0,82,
stealth footjob,0,82,
triple vaginal,0,82,
plasma sword,0,82,
fire escape,0,82,
lemon blossoms,0,82,
tang jin (headwear),0,82,
ribbon-trimmed jacket,0,82,
bromide,0,82,
lace-up gloves,0,82,
sam porter bridges (cosplay),0,82,
open gift,0,82,
sword surfing,0,82,
holding relay baton,0,82,
asuna (sao) (cosplay),0,82,
unsure,0,82,
lying on branch,0,82,
socks over pants,0,82,
swimsuit under swimsuit,0,82,
kame house,0,82,
mochizuki kei (style),0,82,
card background,0,82,
asashio kai ni (kancolle) (cosplay),0,82,
piledriver (wrestling),0,82,
yuzuki yukari (cosplay),0,82,
inspecting,0,82,
candy heart,0,82,
tenebrism,0,82,
camouflage legwear,0,82,
bidet,0,82,
neko nabe,0,82,
labrador retriever,0,82,
sakamoto clan (emblem),0,82,
fenix uniform,0,82,
the kogado (idolmaster),0,82,
motherboard,0,82,
strawberry brooch,0,82,
buster bros!!!,0,82,
soshite hari wa ugokidasu (project sekai),0,82,the stopped hand moves once more (project sekai)
lock earrings,0,82,
tileable,0,82,
maya (culture),0,82,
japanese tankery league judge uniform,0,82,
toy horse,0,82,
cybertron,0,82,
satin sheets,0,82,
slow motion,0,82,
box braids,0,81,
cum on wall,0,81,
cyber world (deltarune),0,81,
moccasins,0,81,
regret (e.g.o),0,81,
deku (zelda),0,81,
mario hat,0,81,
satisfied,0,81,
samus's gunship,0,81,
stelle (honkai: star rail) (cosplay),0,81,
kimi ni matsuwaru mystery,0,81,
star maebari,0,81,
multicolored squares background,0,81,
777,0,81,
mom and her daughter (meme),0,81,
mori calliope (cosplay),0,81,
monk shoes,0,81,
pride flag question mark (meme),0,81,
italian flag bikini,0,81,
rainbow halo,0,81,
exploration ship (eve online),0,81,
new emperor team (len'en),0,81,
grabber tool,0,81,magic hand
cum on neck,0,81,
skeleton horse,0,81,
notice,0,81,
rope braid,0,81,
gunbelt,0,81,
feather choker,0,81,
pussy tentacle,0,81,
ziploc bag,0,81,
gothic plate armor,0,81,
hylian (ocarina of time),0,81,
spoken no symbol,0,81,
swastika tattoo,0,81,
armor skirt,0,81,
0th generation (hololive),0,81,
heishou pack-you branch (identity) (project moon),0,81,
wing umbrella,0,81,
orrery,0,81,
freudian switch,0,81,
against object,0,81,
spiked cock ring,0,81,
toyota hiace,0,81,
holding cassette,0,81,
banana in mouth,0,81,
mouse print,0,81,
embroidered legwear,0,81,
fishnet swimsuit,0,81,
chicken sandwich,0,81,
maxim gun,0,81,
nessa (pokemon) (cosplay),0,81,
super full power saiyan 4 limit breaker,0,81,
amaurot,0,81,
b5n,0,81,
tachikawa squad's uniform,0,81,
date clan blades (touken ranbu),0,81,
biting coin,0,81,
james (pokemon) (cosplay),0,81,
space wolves,0,81,
eye over eye,0,81,
soul,0,81,
selene (pokemon) (cosplay),0,81,
green facial hair,0,81,
furball,0,81,
renaissance,0,81,
red nipples,0,81,
gibson sg (bass),0,81,"gibson eb-0,gibson eb-3"
lace veil,0,81,
holding with tongue,0,81,
poking head,0,81,
spinning gun,0,81,twirling gun
mixed horns,0,81,"horns and antlers,multiple horn types"
toy soldier,0,81,
shoulder hair,0,81,
argyle cloak,0,81,
lawn,0,81,
glowing bird,0,81,
salamanders (warhammer),0,81,
wet leotard,0,81,
shared hat,0,81,
double facepalm,0,81,
loser kings,0,81,
serpens (constellation),0,81,
absorbing,0,81,
mab pa-15,0,81,
four-finger handjob,0,81,
yuudachi kai ni (kancolle) (cosplay),0,81,
nashi pear,0,81,
alcohol enema,0,81,"anal wine,butt chug"
channel ppp,0,81,
liquid insides,0,81,
konjiki no yami (cosplay),0,81,
type 56 assault rifle,0,81,
qingtuan,0,81,
bandaid on hip,0,81,
poking self,0,81,
bouncing bulge,0,81,
cryostasis pod,0,81,
irken pak,0,81,
turkish flag,0,81,
drill horn,0,81,
aqua wrist cuffs,0,81,
novelty codpiece,0,81,
ar-10,0,81,
zero (code geass) (cosplay),0,81,
steam from nose,0,81,
fudanshi,0,81,
cooking together,0,81,
cutie moon rod,0,81,
kidokawa seishuu,0,81,
adjusting belt,0,81,
sex hair,0,81,
lace bridal gauntlets,0,81,
public yotsuba middle school uniform,0,81,
familia uniform,0,81,
guitar stand,0,81,
one bar prison,0,81,
retweet chicks,0,81,
ice cream tub,0,81,
monster arm,0,81,
protest,0,81,
double-parted hair,0,81,
sonic adventure pose,0,81,
biting foreskin,0,80,foreskin biting
hoshino ai (cosplay),0,80,
nose horn,0,80,
sizzler plate,0,80,
monocular,0,80,
roundhouse kick,0,80,
spinal cord,0,80,
blurry text,0,80,
evidence markers,0,80,
unworn robe,0,80,
animal on ass,0,80,
peacock print,0,80,
crystal eye,0,80,
led,0,80,
holoarmis,0,80,
mini hair bow,0,80,
gagging,0,80,
chairlift,0,80,ski lift
front sitting split,0,80,forward sitting split
kirby's house,0,80,
entrance ceremony,0,80,
flower balloon,0,80,
appletrend,0,80,
sconce,0,80,
maltese cross,0,80,
dolphin penis,0,80,
finger on forehead,0,80,
egyptian toe,0,80,
handjob with legwear,0,80,sockjob (handjob)
multicolored eyeshadow,0,80,
checkered coat,0,80,
kasumi (kancolle) (cosplay),0,80,
invisible object,0,80,
gauze on neck,0,80,
chengdu j-10,0,80,
vaulted ceiling,0,80,
tank truck,0,80,tanker truck
alpine (carmaker),0,80,
hiburi (kancolle) (cosplay),0,80,
shanghai,0,80,
optical camouflage,0,80,
detached tail,0,80,
lecturing,0,80,
striped hood,0,80,
argyle gloves,0,80,
lightning elemental,0,80,
blackish 961sp (idolmaster),0,80,
tidal elegy (e.g.o),0,80,
ring sidelocks,0,80,
goblin mask,0,80,
nipple zipper,0,80,
gotterdammerung (fate/grand order),0,80,
gem on head,0,80,
clacker,0,80,
fling posse,0,80,
oridigi,0,80,digifake
mercedes-benz amg gt,0,80,
mihoyo icon parody,0,80,
ruqun,0,80,
power sword,0,80,
alternate eyebrow color,0,80,
mark iv tank,0,80,
halftone dot (medium),0,80,
touhou 11th popularity poll,0,80,
taurus curve,0,80,
hummer,0,80,
step stool,0,80,
fireseal,0,80,
sailor fundoshi,0,80,
cuff title,0,80,
tda model (mikumikudance),0,80,vocaloid (tda-type ver)
liberation (fire emblem),0,80,
kamina (ttgl) (cosplay),0,80,
hair elastic,0,80,
mogador (azur lane) (cosplay),0,80,
monokuma (cosplay),0,80,
dimension mirror,0,80,
too many in mouth,0,80,
donut-shaped pillow,0,80,"donut pillow,doughnut-shaped pillow,doughnut pillow"
yasaka kanako (cosplay),0,80,
heart guitar,0,80,
toramaru shou (cosplay),0,80,
stock market,0,80,"stock chart,trading stocks"
writing on hand,0,80,
deku mask,0,80,
leaf dress,0,80,
illusion cake,0,80,everything is cake (meme)
checkered leg warmers,0,80,
fishnet shorts,0,80,
nexus casual (idolmaster),0,80,
brown bustier,0,80,
whac-a-mole,0,80,
censored ears,0,80,ear censor
birthday boy (twisted wonderland),0,80,
kitauji quartet,0,80,
rabbit ears antenna,0,80,
wolfsbane (flower),0,80,
meme inset,0,79,
dream ball,0,79,
boqta,0,79,
yatteyan'yo,0,79,
gulping,0,79,
antler ring,0,79,
imminent vomiting,0,79,imminent puking
werehog,0,79,
bra aside,0,79,
lensless glasses,0,79,
shoulder pouch,0,79,
mason jar,0,79,
boeing 747,0,79,
dog on lap,0,79,
word bearers,0,79,
layered panties,0,79,
holding spice shaker,0,79,
ice hair,0,79,
licking object,0,79,
applying bandaid,0,79,
first ken,0,79,
arc phone,0,79,arceus phone
blue leaf,0,79,
person on back,0,79,
coffee filter,0,79,
war paint,0,79,
ancient dragon (elden ring),0,79,
morito (sidonia no kishi),0,79,
dohyo,0,79,
lawyer,0,79,
peugeot,0,79,
sig sg550,0,79,sig 550
veil scene 14 redraw (meme),0,79,
synchronized swimming,0,79,
butt crush,0,79,
radiant light,0,79,
wrist bell,0,79,
medical monitor,0,79,
victory club (umamusume),0,79,
cutlet,0,79,
bottle between thighs,0,79,
funeral veil,0,79,
imperial german army,0,79,
exposed fat,0,79,
whistle in mouth,0,79,
fur-trimmed shrug,0,79,
hamedori template (meme),0,79,
nameplay,0,79,
kurumibashi school uniform,0,79,
flower wand,0,79,
basket hilt,0,79,
will smith slapping chris rock (meme),0,79,
instrument connection,0,79,
east japan railway company,0,79,
gradient hat,0,79,
note (gatchaman crowds),0,79,
creamer packet,0,79,
no (gesture),0,79,
romeo montague (cosplay),0,79,
collarbone tattoo,0,79,
stealth cunnilingus,0,79,
shorter than canon,0,79,"alternate body size (shorter),alternate height (shorter)"
lon lon milk,0,79,
mouth mask under chin,0,79,
aspis,0,79,
makise kurisu (cosplay),0,79,
women want me fish fear me (meme),0,79,
surstromming,0,79,
m6a seiran,0,79,
blue happi,0,79,
bound thumbs,0,79,
dive bomber,0,79,
class change,0,79,
quicksand,0,79,
nanab berry,0,79,
vi-o-la suit,0,79,
flower pendant,0,79,
rosespanner workshop (identity) (project moon),0,79,
zura (phrase),0,79,
apple earrings,0,79,
inn,0,79,
b-52 stratofortress,0,79,
p-51 mustang,0,79,
ginger root,0,79,
cable insertion,0,79,
durindana (fate),0,79,
ballpoint splatling (splatoon),0,79,
pointed bangs,0,79,
teeth print mask,0,79,
mashed potatoes,0,79,
warming,0,79,
hair salon,0,79,
pill print,0,79,
416 day,0,79,
mecha on girl,0,79,
rider card,0,79,
nazrin (cosplay),0,79,
hornjob,0,79,
aoku haruka/flower,0,79,
tartarus,0,79,
reflector (ookami),0,79,
phantasm rod,0,79,
deodorant,0,79,
princess toadstool redraw (meme),0,79,
opaque sunglasses,0,79,
chipmunk costume,0,79,
head on another's back,0,79,
clover earrings,0,79,
pile of trash,0,79,trash pile
un tan,0,79,
rocking school (idolmaster),0,79,
kaga cape,0,79,
cockade,0,79,
removing earbuds,0,79,
tape blindfold,0,78,
cat on chest,0,78,
cupping ears,0,78,listening gesture
bastard munchen soccer uniform,0,78,
hamster boy,0,78,
ribbed shorts,0,78,
flow glow (hololive),0,78,
puppeteering,0,78,
kafka (honkai: star rail) (cosplay),0,78,
fencing suit,0,78,
sign of khorne,0,78,
lewis gun,0,78,
kazuya guy (meme),0,78,
garapon,0,78,
dragon install,0,78,
geranium,0,78,
metal pasties,0,78,
checklist,0,78,
suzuki jimny,0,78,
bee print,0,78,
compensated molestation,0,78,
blood moon (league),0,78,blood moon (league of legends)
shimizu hinako (cosplay),0,78,
blacked male,0,78,
trionda,0,78,
leg markings,0,78,
fretless bass guitar,0,78,
cargo ship,0,78,
o-ring leotard,0,78,
tenga suit,0,78,
finger counting duo,0,78,
map background,0,78,
catherine cover parody,0,78,
laetitia (e.g.o),0,78,
blue poncho,0,78,
striped male swimwear,0,78,
penis in swimsuit,0,78,
kanmarisa (meme),0,78,
wah,0,78,
knights (ensemble stars!),0,78,
playboy pokemon,0,78,
elbow cuffs,0,78,
sometimes like this/also like that (meme),0,78,
bb (swimsuit mooncancer) (second ascension) (fate) (cosplay),0,78,
gingham necktie,0,78,
hokora (shrine),0,78,
haidate,0,78,
schecter guitar,0,78,
voodoo,0,78,
propane tank,0,78,lpg cylinder
person on hand,0,78,
aqua hood,0,78,
slapping with breasts,0,78,
purple lightsaber,0,78,
sol badguy (cosplay),0,78,
pursuance (e.g.o),0,78,
hello mem world! (honkai: star rail),0,78,
beacon of the reed sea (genshin impact),0,78,
technology,0,78,
drawing mannequin,0,78,
p corp uniform,0,78,
inverted cross print,0,78,
unicorns hunter uniform,0,78,
recoil,0,78,
no headband,0,78,
cortisol level (meme),0,78,
rubbing ears,0,78,
club facial mark,0,78,
too much burger,0,78,
popping,0,78,
ram (computer),0,78,
star-shaped gem,0,78,
fingering gesture,0,78,
pink chemise,0,78,
blurry eyes,0,78,
awakening beat (project sekai),0,78,
double neck guitar,0,78,
drink me,0,78,
kama (fate) (cosplay),0,78,
pedestrians only sign,0,78,
troll (warcraft),0,78,
critical hit,0,78,
aim-120 amraam,0,78,
lotus earrings,0,78,
kobeni's car (chainsaw man),0,78,
ikoma squad's uniform,0,78,
cafe mew mew uniform,0,78,
face in armpit,0,78,
digimon on head,0,78,
unworn bandana,0,78,bandana removed
center axis relock stance,0,78,
beoseon,0,78,
tawawa group,0,78,
sour model (mikumikudance),0,78,vocaloid (sour-type ver)
parker-hale idw,0,78,bushman idw
grey bloomers,0,78,
lesbians doing makeup (meme),0,78,
booklet,0,78,
new stars rose (umamusume),0,78,
testicles cross-section,0,78,
daga kotowaru,0,78,
ax bass,0,78,
branding iron,0,78,
tentacle legs,0,78,
time tunnel (madoka magica),0,78,
absolut vodka,0,78,
elsa (frozen) (cosplay),0,78,
plesiosaur,0,78,
half-nightmare,0,78,
crucible (doom),0,78,
ripple star,0,78,
jacket over jacket,0,78,
limbo,0,78,
o arms,0,78,
type 96 aa gun,0,78,
exposed teeth,0,78,
caliper,0,78,
on mini planet,0,78,
holding tape measure,0,78,
yamashita ikuto (style),0,78,
pepsi nex,0,78,
puffer fish vomiting water (meme),0,78,
psychogun,0,78,
bat genome,0,78,
shouten pegasus mix mori,0,78,
kaiouken,0,78,
ensis exorcizans,0,78,
j7w shinden,0,78,
plasma rifle,0,77,
emiya shirou (cosplay),0,77,
blown away,0,77,
halo around horn,0,77,
aac honey badger,0,77,
holiday (e.g.o),0,77,
layout plan,0,77,
aozora ni negau your happiness! (project sekai),0,77,"wishing for your happiness upon the blue sky! (project sekai),wishing to the blue sky for your happiness! (project sekai)"
bow ring,0,77,
eating contest,0,77,
kaalakiota corporation (eve online),0,77,
wd-40,0,77,
support servant (fate),0,77,
tree hollow,0,77,tree hole
siren (mythology),0,77,
star destroyer,0,77,
slums,0,77,
rhine lab (arknights),0,77,
g-suit,0,77,
sheep print,0,77,
taut camisole,0,77,
40mm grenade,0,77,
sticker on stomach,0,77,
aqua sports bra,0,77,
notched ears,0,77,
shouwa,0,77,
pager,0,77,
toyota celica,0,77,
two-tone wristband,0,77,
igawa asagi (cosplay),0,77,
touhou 14th popularity poll,0,77,
samonji family (touken ranbu),0,77,
smug inori (meme),0,77,
sumeru city,0,77,
hawaiian pizza,0,77,
bowser (cosplay),0,77,
street gutter,0,77,
arm between another's legs,0,77,thighs around another's arm
holding razor blade,0,77,
pj bass,0,77,
oppai hoodie,0,77,
game controller nipples (meme),0,77,
overhead lights,0,77,
monster sexualization,0,77,
summon ticket (fate),0,77,
scrambled egg,0,77,
power (chainsaw man) (cosplay),0,77,
rotating view,0,77,
jackets,0,77,
dental chair,0,77,
mitsubishi f-2,0,77,
tickling arms,0,77,
hand in underwear,0,77,
blue claws,0,77,
ship interior,0,77,
azoth knife,0,77,
azumanga daioh's gym uniform,0,77,
high heel bodysuit,0,77,
t corp. (identity) (project moon),0,77,
erdrick's shield,0,77,
gessen academy school uniform (new link),0,77,
tbf avenger,0,77,
char b1,0,77,
alice gear,0,77,
deflect,0,77,
vertical-striped pillow,0,77,
galka,0,77,
burning at the stake,0,77,
luck and pluck,0,77,
;i,0,77,
touhou costume examination (meme),0,77,
chiss,0,77,
holding soap,0,77,
taihou (kancolle) (cosplay),0,77,
stage of magic (idolmaster),0,77,
fake pointy ears,0,77,
rabbit pasties,0,77,
fake whiskers,0,77,
v formation,0,77,
liella! (year 3),0,77,
dashboard,0,77,
green pillow,0,77,
pokemon ribbon,0,77,
broken goggles,0,77,
on van,0,77,
inflatable duck,0,77,
neru (blue archive) (cosplay),0,77,
homophobia,0,77,
eyeball hat ornament,0,77,
mismatched nipple piercing,0,77,
siegfeld institute of music school uniform,0,77,
accidental touch,0,77,
pontiac,0,77,
tied from afar,0,77,
curry udon,0,77,
imi galil,0,77,
aqua buruma,0,77,
akiyama mio (cosplay),0,77,
lyra (pokemon) (cosplay),0,77,
annihilation (nikke),0,77,
nazi party pin,0,77,
karada,0,77,
badger girl,0,77,
route 66,0,77,
bullet scar,0,77,
shure sm58,0,77,
joseph joestar (young) (cosplay),0,77,
yugakshetra (fate/grand order),0,77,
nouvelle tricolor (idolmaster),0,77,
print tube top,0,77,
g corp. (identity) (project moon),0,77,
shared straw,0,77,
holding together,0,76,
ribbed collar,0,76,
filolial,0,76,
hand glasses,0,76,
interlocked mars symbols,0,76,
see-through wrist cuffs,0,76,transparent wrist cuffs
grey assault visor,0,76,
free sex sign,0,76,
showdown,0,76,
film cartridge,0,76,
leaning on broom,0,76,leaning on mop
anti-magic mask (tensura),0,76,
pink hiphighs,0,76,
tales of festival,0,76,
holes,0,76,
m1 bazooka,0,76,
le malin (azur lane) (cosplay),0,76,
gear second,0,76,gear 2
manatee,0,76,
riot helmet,0,76,
implied after kiss,0,76,
pentakill (league),0,76,pentakill (league of legends)
oversized spider,0,76,giant spider
breasts on shoulders,0,76,
spider hair ornament,0,76,
streaked beard,0,76,
precum pool,0,76,
burger skater (idolmaster),0,76,
volvo,0,76,
enten (sword),0,76,
ribbed bandeau,0,76,
sexy beautiful (idolmaster),0,76,
holding alarm clock,0,76,
multicolored apron,0,76,
saiga-12,0,76,
shared weapon,0,76,
great pyramid of giza,0,76,
cum in gloves,0,76,
valknut (symbol),0,76,
brown bear,0,76,grizzly bear
prts logo (arknights),0,76,
tied tank top,0,76,
matching earrings,0,76,
kanna (blue archive) (cosplay),0,76,
subarashii pose,0,76,
gradient hiphighs,0,76,
tokiame (style),0,76,
wingbeat (e.g.o),0,76,
holding detached steering wheel,0,76,
edelgard von hresvelg (cosplay),0,76,
female byleth (fire emblem) (cosplay),0,76,
hypnosis earrings,0,76,
ar-57,0,76,
surfboard (wrestling),0,76,
vertical-striped corset,0,76,
adoration (e.g.o),0,76,
belle (zenless zone zero) (cosplay),0,76,
mutual skirt lift,0,76,
huntrix,0,76,
ghost driver,0,76,
purple bloomers,0,76,
twirling phone cord,0,76,
kokushi musou,0,76,
rabbit bow,0,76,
certificate,0,76,
ford crown victoria,0,76,
wrap skirt,0,76,
overpowering,0,76,
sun ornament,0,76,
swiss army knife,0,76,
arm snake,0,76,
morion,0,76,
feeling muscles,0,76,
mazda rx-7 fc,0,76,
orange rope,0,76,
mutual foot licking,0,76,
kawaii kaiwai,0,76,
irori (hearth),0,76,
asashio (kancolle) (cosplay),0,76,
tail blade,0,76,
father-son kamehameha,0,76,
eishin flash (umamusume) (cosplay),0,76,
ch-47 chinook,0,76,
frilled bag,0,76,
xbox (original),0,76,
honda integra,0,76,
minaminagi liberty academy school uniform,0,76,
cat eye-framed eyewear,0,76,
turnip (mario),0,76,
one year artist progress record,0,76,
zentai,0,76,
nipple leash,0,76,
on finger,0,76,
wet fur,0,76,
studded footwear,0,76,
bicycle seat,0,76,
bass drum,0,76,
purple car,0,76,
cat-shaped pupils,0,76,
soap shoes,0,76,
tint me (idolmaster),0,76,
yamabushi tengu,0,76,
calico m950,0,76,
finger marks,0,76,
feather-trimmed leotard,0,76,
ranka lee (cosplay),0,76,
black scapular,0,76,
breast slider,0,76,
rentarou family,0,76,
kangaroo girl,0,76,
horizontal comic,0,76,
re-class battleship (cosplay),0,76,
yugoslavia,0,76,
nyannyan cat's eye (idolmaster),0,76,
asymmetrical ears,0,76,
bohegao,0,76,
hair jewelry,0,75,
grey beard,0,75,
i'll go fer scissors. how 'bout you? (e.g.o),0,75,
looking through magnifying glass,0,75,
high-waist panties,0,75,
mole on testicles,0,75,
sticker on clothes,0,75,
roof shingles,0,75,
deez nuts (meme),0,75,ligma (meme)
inazuma city,0,75,
bubble wrap,0,75,
odst,0,75,
bouncing flat chest,0,75,
torn camisole,0,75,ripped camisole
fish cake,0,75,
choice scarf,0,75,
diarrhea,0,75,
large arm,0,75,
single detached legging,0,75,
fur-trimmed leg warmers,0,75,
carcinization,0,75,carcinisation
oversplit,0,75,
arm vines,0,75,
chain necktie,0,75,
sabertooth cat,0,75,
muay thai,0,75,
gps,0,75,
fur-trimmed overskirt,0,75,
shielding,0,75,
illyasviel von einzbern (cosplay),0,75,
removing pants,0,75,
mortar shell,0,75,
naked tape,0,75,
mk 14 ebr,0,75,
schorl (path to nowhere),0,75,
fifth position of the arms,0,75,
zushiri (nijisanji),0,75,
hanzou academy school uniform (new link),0,75,
ryuseitai (ensemble stars!),0,75,ryuuseitai (ensemble stars!)
mille-feuille,0,75,
chaldea's stalker trio,0,75,
march hare (alice in wonderland) (cosplay),0,75,
condiment packet,0,75,
pink hijab,0,75,
censored testicles,0,75,
oversized eyewear,0,75,
rhinoceros tail,0,75,rhino tail
m202 flash,0,75,
straw cape,0,75,
mihoshi middle school uniform,0,75,
laddered bodystocking,0,75,
minazuki (bankai),0,75,
ouija,0,75,
too many wings,0,75,
itch.io username,0,75,
fake eyelashes,0,75,
shitajiki (medium),0,75,
vandalism,0,75,vandalized
alienposting (meme),0,75,
shenhe (genshin impact) (cosplay),0,75,
blue pansy,0,75,
techpriest,0,75,
severed ear,0,75,
belt slit,0,75,
isuzu motors,0,75,
tourbox,0,75,
multiple faces,0,75,
gyokuto high school uniform,0,75,
diamond plate,0,75,
golden axe (weapon),0,75,
marine angelfish,0,75,
surgeon cuffs,0,75,
nekomata okayu (cosplay),0,75,
training tap,0,75,
nervous tama-chan pose,0,75,
dance floor,0,75,
fake game cover,0,75,
umbreon (cosplay),0,75,
failnaught (fire emblem),0,75,
super capital ship (eve online),0,75,
snake tongue (polearm),0,75,
polka dot babydoll,0,75,
otamatone,0,75,
petronas,0,75,
slaanesh (symbol),0,75,
jetty,0,75,
heat stroke photoshoot (meme),0,75,tank top heat stroke (meme)
tomato plant,0,75,
fine art,0,75,
nissan skyline r33,0,75,
shibuya rin (cosplay),0,75,
fallen angel ero maid costume,0,75,
precure netorare (meme),0,75,
azamaru (fate),0,75,
grapefruit slice,0,75,
dragon on head,0,75,
senkou high school uniform,0,75,
sandevistan,0,75,
panda ornament,0,75,
not afraid anymore,0,75,
smc-gumi (nijisanji),0,75,
golden egg,0,75,
torn tabard,0,75,ripped tabard
occluder,0,75,
stay fresh (pose),0,75,
sakura miko (cosplay),0,75,
butler (fire emblem: three houses),0,75,
night and day amcg (idolmaster),0,75,
penis bow,0,75,
no harness,0,75,
torii earrings,0,75,
covered kneepits,0,75,
kishimoto masashi (style),0,75,
beit (idolmaster),0,75,
santoku knife,0,75,
chin-chin,0,75,
fox mousing,0,75,fox dives headfirst into snow (meme)
brick oven,0,75,
gn sword,0,75,
yoitomake (food),0,75,
cure blossom (cosplay),0,75,
himukai yuuji (style),0,75,
royal greatsword (elden ring),0,75,
bakunetsu god finger,0,74,erupting burning finger
mistletoe hair ornament,0,74,
yellow snake,0,74,
leaf leotard,0,74,
nikon (company),0,74,
checkered bracelet,0,74,
unajuu (food),0,74,
wet buruma,0,74,
saigo no getsuga tenshou,0,74,mugetsu form (bleach)
melting tail,0,74,
fried fish,0,74,
mouse on shoulder,0,74,
aerosol,0,74,
holding rake,0,74,
fur-trimmed bracer,0,74,
looking at panties,0,74,
long face,0,74,
viola (instrument),0,74,
seidoukan academy school uniform,0,74,
energy hair,0,74,
federation navy (eve online),0,74,
supplicant mask,0,74,
chest spike,0,74,
proposing to viewer,0,74,
scamp (kancolle) (cosplay),0,74,
sparring,0,74,
light gun,0,74,arcade gun
energy axe,0,74,
korean fire noodles,0,74,samyang buldak
sitting on piano,0,74,
action camera,0,74,gopro
torn sarong,0,74,
flower sticker,0,74,
batik,0,74,
checkerboard cookie hair ornament,0,74,
babydoll tug,0,74,
animatech (league),0,74,animatech (league of legends)
holding sash,0,74,
minna de enjoy! spojoy park (project sekai),0,74,let's enjoy together! spojoy park (project sekai)
tumbleweed,0,74,
mariachi,0,74,
raincloud,0,74,
kamado nezuko (cosplay),0,74,
brown garter belt,0,74,
turkey (bird),0,74,
summer highschool (idolmaster),0,74,
bassoon,0,74,
maru-yu (kancolle) (cosplay),0,74,
adjusting neck ribbon,0,74,
plugging ears,0,74,
lifetime stew (e.g.o),0,74,
hypnosis microphone,0,74,
kyurumaru,0,74,
dance pad,0,74,
glorious success,0,74,
eternal moon article,0,74,
doll on shoulder,0,74,
floating drapes,0,74,
criss-cross suspenders,0,74,
watermelon between thighs,0,74,
miike tenta mitsuyo (fate),0,74,
pollution,0,74,
wet pavement,0,74,
hamster on shoulder,0,74,
noctyx,0,74,
hands on another's wrists,0,74,
cat zipper,0,74,
alcohol burner,0,74,
flip smartphone,0,74,garaho flip phone
group masturbation,0,74,
plant sex,0,74,
peru,0,74,peruvian
chick hair ornament,0,74,
you are already dead,0,74,omae wa mou shindeiru
tatsuta (kancolle) (cosplay),0,74,
liella! second generation,0,74,liella! 2nd generation
doomguy (cosplay),0,74,
heart-shaped charm,0,74,heart-shaped keychain
snap my choker (phrase),0,74,
naan bread,0,74,
tongue clamp,0,74,
great grail,0,74,
bodyboard,0,74,
etherlite,0,74,
dragonfly print,0,74,
kero (cardcaptor sakura) (cosplay),0,74,
partition,0,74,
mikimoto haruhiko (style),0,74,
card in hat,0,74,
tattooing,0,74,getting a tattoo
thighhigh removed,0,74,
hiraikotsu,0,74,
hussar,0,74,
record store,0,74,
akms,0,74,
flower umbrella,0,74,
hungarian flag,0,74,
ujikintoki,0,74,
suicide bomb,0,74,
holding javelin,0,74,
kamishirasawa keine (cosplay),0,74,
sake barrel,0,74,
s.e.m (idolmaster),0,74,
future fish,0,74,
footrest,0,74,
elegg (nikke) (cosplay),0,74,
pansexual flag,0,74,
madoromi no yakusoku,0,74,
suzu head,0,74,
oerlikon 20mm gun,0,74,
fender jaguar,0,74,
crystal night party (idolmaster),0,74,
stuffed shrimp,0,74,
pink moon stick,0,74,
healing wand,0,74,
stalk,0,74,
akatsuki (kancolle) (cosplay),0,74,
suuankou,0,74,
shell pasties,0,74,
belfast (azur lane) (cosplay),0,74,
gloria the scot,0,74,
qute x qualm (idolmaster),0,74,
irisviel von einzbern (cosplay),0,74,
witches 5,0,74,
twitching testicles,0,73,
crucifix,0,73,
multicrack office (identity) (project moon),0,73,
good twins day,0,73,
casull (hellsing),0,73,
cpr,0,73,
lavender melon (genshin impact),0,73,
scalp massager,0,73,
hole in ceiling,0,73,
hanging from ceiling,0,73,
leotard over bodysuit,0,73,
bicep curl,0,73,
job application form (meme),0,73,
the genesis,0,73,
yoshizaki mine (style),0,73,
imminent object insertion,0,73,
telegram username,0,73,
nipple suction cups,0,73,
orgasm beam,0,73,
1970s fashion,0,73,
peppermint,0,73,
barber chair,0,73,
another ship dynamic i enjoy (meme),0,73,
anis face (nikke),0,73,
tm (pokemon),0,73,
cunny (meme),0,73,
holding another's legs back,0,73,
multiple ovum,0,73,
dreadnought (warhammer 40k),0,73,
ice axe,0,73,
hunchback,0,73,
kickboxing,0,73,
flower in hat,0,73,
arashiyama squad's uniform,0,73,
piss bottle,0,73,
sons of horus,0,73,
otonashi kotori (cosplay),0,73,
fourze driver,0,73,
brown butterfly,0,73,
su-57,0,73,
canopy (forest),0,73,
male futanari,0,73,
forked hair,0,73,
ghost mask,0,73,
order dualies (splatoon),0,73,
event follow-up,0,73,
single antler,0,73,
towel tug,0,73,
peking opera,0,73,
coat on head,0,73,
dodge viper,0,73,
frog mask,0,73,
rinne sharingan,0,73,
hololive 3rd generation live outfit,0,73,
holding headband,0,73,
pink leotard (dq),0,73,
topiary,0,73,
funamusea (style),0,73,
trinity metatronius (fate/grand order),0,73,
chiyoda (tokyo),0,73,
kaenbyou rin (cosplay),0,73,
thighband bodystocking,0,73,
shinju-kan school uniform,0,73,
makoto mirai academy middle school uniform,0,73,
sex invitation,0,73,
yellow nightgown,0,73,
vertical-striped overalls,0,73,
character ornament,0,73,
subaru wrx,0,73,
ribbon-trimmed pants,0,73,
you should kill yourself now (meme),0,73,
callie (splatoon) (cosplay),0,73,
gungnir (toaru),0,73,
plurk username,0,73,
white freckles,0,73,
unconventional police vehicle,0,73,
heart cushion,0,73,
st. liliana's academy school uniform,0,73,saint liliana's academy uniform
sloppy blowjob devil (meme),0,73,
sacrificial sword (genshin impact),0,73,
navel poke,0,73,
moonbeam,0,73,
future signature (idolmaster),0,73,
yada yada,0,73,
hajimete no otsukai,0,73,
holding holly,0,73,
hands in another's pockets,0,73,
raccoon hat,0,73,
contract monster,0,73,
tail stimulation,0,73,
pizza box computer,0,73,
aincrad,0,73,
single-shoulder one-piece swimsuit,0,73,
flamenco,0,73,
leather footwear,0,73,
footprint on body,0,73,
bamboozler 14 (splatoon),0,73,
barbara (genshin impact) (cosplay),0,73,
bat signal,0,73,
grado labs,0,73,
grim reaper (weapon) (fate),0,73,
heart sutra,0,73,
boku ga motteru mono nara,0,73,
pornstar,0,73,
whale ornament,0,73,
triumph (expression),0,73,
backbreaker,0,73,
burrito,0,73,
minidisc,0,73,
usada kensetsu,0,73,
parting water,0,73,
multicolored sandals,0,73,
positive passion (idolmaster),0,73,
death box (apex legends),0,73,
katano sukune's bottle opener,0,73,
great helm,0,73,
honey strap,0,73,
lenny face,0,73,
zonai device,0,73,
veiny feet,0,73,
acorn (palico armor),0,73,
eight-pointed star,0,73,
mouthwash,0,73,
violetgrass,0,73,
flower head,0,73,
rabbit o-ring,0,72,
seimei high school uniform,0,72,
grepa berry,0,72,
dawn office (identity) (project moon),0,72,
frilled tankini,0,72,
campaign hat,0,72,
boar tail,0,72,
splat brella (splatoon),0,72,
wing covers,0,72,
navigator,0,72,
spinosaurus,0,72,
flemish bond,0,72,
fur arm warmers,0,72,
two-tone scrunchie,0,72,
tied jumpsuit,0,72,
mouse hair ornament,0,72,
gold thong,0,72,
empty bowl,0,72,
fletcher (kancolle) (cosplay),0,72,
uekawa yuji (style),0,72,
cool s,0,72,
sos brigade logo,0,72,sos-dan logo (suzumiya haruhi)
floral bow,0,72,gift bow
ryuuguu rena (cosplay),0,72,
checkered border,0,72,
kuomintang,0,72,republic of china (pre-1949)
planting,0,72,
vertical anus,0,72,
royal air force,0,72,
sarashi pull,0,72,
fgm-148 javelin,0,72,
coughing flowers,0,72,
glowing tongue,0,72,
grape hyacinth,0,72,
lace bow,0,72,
brace,0,72,
camouflage bra,0,72,
ribbon shoes,0,72,
washing clothes,0,72,
skirt ruff,0,72,
go do a crime (meme),0,72,
poke ball background,0,72,
ring toss,0,72,
standing on rock,0,72,
shiso (plant),0,72,
hat over hood,0,72,
crossed knees,0,72,
africa,0,72,
han'ei no chocolate gardens of valentine,0,72,han'ei no chocolate gardens of babylon
journey in the auspicious snow (girls' frontline),0,72,
pubic hair pull,0,72,
heavy bolter,0,72,
arowana,0,72,
breaking news,0,72,
star-shaped pubic hair,0,72,
cum on horns,0,72,
kanazawa station,0,72,
giant squid,0,72,
marble phantasm,0,72,
no leotard,0,72,
bursting,0,72,
azurelight (genshin impact),0,72,
broom guitar,0,72,
holding neckerchief,0,72,
dodge charger,0,72,
idios,0,72,
minifridge,0,72,
kendo mask,0,72,
six pointed star,0,72,
meowth (cosplay),0,72,
nazrin day,0,72,
pink bird,0,72,
lace thigh strap,0,72,
frilled hoodie,0,72,
waterfall (undertale),0,72,
awakened being (claymore),0,72,
simple butterfly,0,72,
quiz,0,72,
yuuki makoto (persona 3) (cosplay),0,72,
prehensile toes,0,72,
mitasarenai pale color (project sekai),0,72,"insatiable pale color (project sekai),unsatisfied pale color (project sekai)"
lying on clothes,0,72,
vine boom (meme),0,72,
yearbook,0,72,
hearthian,0,72,
ooku (fate/grand order),0,72,
musical note brooch,0,72,
trap of argalia,0,72,
wolf brooch,0,72,
buttercup (flower),0,72,
iroha (samurai spirits) (cosplay),0,72,
death devil (k-on!),0,72,
weapon rack,0,72,
temple gate,0,72,
koi (koisan) (style),0,72,
petals in mouth,0,72,
dassault rafale,0,72,
lion hood,0,72,
weighing breasts,0,72,
shoveling,0,72,
pouring onto pussy,0,72,
hand in another's pantyhose,0,72,
front-tie shorts,0,72,
fur-trimmed waist cape,0,72,
gradient ascot,0,72,
coat hold,0,72,
kashikoma!,0,72,
ranger uniform (amphibia),0,72,
grape juice,0,72,
nijigasaki 7th live! new tokimeki land,0,72,
single mechanical wing,0,72,
meiji milk chocolate,0,72,
bunker,0,72,
smersh,0,72,
new california republic,0,72,ncr
implied drugging,0,72,
princess melody (idolmaster),0,72,
catapult,0,72,
berserker rage,0,72,
omedetou! (meme),0,72,congratulations! (meme)
elephant hat,0,72,
light bow shekinah,0,72,
height switch,0,72,
radioactive,0,72,
harmful spikes,0,71,
leg fur,0,71,
blackout poetry,0,71,
viziam (eve online),0,71,
heart-shaped speech bubble,0,71,
basket on head,0,71,
stubbing toe,0,71,
skeb username,0,71,
man watching tv (meme),0,71,
tournament bracket,0,71,
hole in ears,0,71,
robot horse,0,71,
backstab,0,71,
folded ear,0,71,
pita (food),0,71,
tail legs,0,71,
pompompurin (cosplay),0,71,
silver wolf (honkai: star rail) (cosplay),0,71,
super famicom cartridge,0,71,
i am l,0,71,
selfie prank,0,71,selfie prank (meme)
kirare idol uniform,0,71,
sisters-in-law,0,71,
leaf tattoo,0,71,
doodle background,0,71,
stabbed heart,0,71,
penis on tongue,0,71,
happy mother's day,0,71,
h&k hk417,0,71,
walkman e series,0,71,
nested mouths,0,71,pharyngeal jaws
black bike shorts,0,71,
multiple penetration,0,71,
stitched tongue,0,71,
triple domain expansion (meme),0,71,
figure four standing,0,71,
intentional jpeg artifacts,0,71,jpeg artifacts on purpose
imminent cheating (relationship),0,71,
howl and sophie airwalking,0,71,
fur-lined gloves,0,71,
saberface,0,71,
diagonal-striped border,0,71,
crafting table (minecraft),0,71,
smash is for good boys and girls,0,71,
knee sleeve,0,71,
toad armor (amphibia),0,71,
bird youkai group (touhou),0,71,
shinku (cosplay),0,71,
sharpening,0,71,
raven suit (stellar blade),0,71,
lupinus (flower),0,71,
squirrel costume,0,71,
striped overalls,0,71,
handstop,0,71,
women's day,0,71,
guided fingering,0,71,
heart headband,0,71,
dog slippers,0,71,
comfy,0,71,
ponytail with hair base,0,71,
battle chip,0,71,
gold rush (e.g.o),0,71,
wood-burning stove,0,71,
bible black's school uniform,0,71,
other pov,0,71,
papaya,0,71,
scabiosa (flower),0,71,
petals on ground,0,71,
weathergirl,0,71,
menuki,0,71,
yuubari (kancolle) (cosplay),0,71,
tokai teio (umamusume) (cosplay),0,71,
washboard,0,71,
dimple piercing,0,71,
no tsuba,0,71,
houjuu nue (cosplay),0,71,
tokyo racecourse,0,71,
king penguin,0,71,
meltryllis (swimsuit lancer) (fate) (cosplay),0,71,
501st joint fighter wing (emblem),0,71,
torii hair ornament,0,71,
matilda (tank),0,71,
bead sex machine,0,71,
nicorinpana (love live!),0,71,
hair fruit,0,71,
tokimeki fes tenshi to akuma kara no shoutaijou,0,71,
vegeta (cosplay),0,71,
ayachi nene (cosplay),0,71,
hamakaze (kancolle) (cosplay),0,71,
mystery box,0,71,
standing on animal,0,71,
islam,0,71,muslim
moon behind head,0,71,
fisherman,0,71,
helix fossil,0,71,
multicolored pajamas,0,71,
stitched clothes,0,71,
holding earbud,0,71,
hifumi (blue archive) (cosplay),0,71,
ass zipper,0,71,
deredere,0,71,
purple hiphighs,0,71,
trailblazer bash! (umamusume),0,71,the new frontier costume (umamusume)
aqua helmet,0,71,
barre chord,0,71,
cavorite ball,0,71,
multicolored tank top,0,71,
loose kimono,0,71,
four beasts (nikke),0,71,
cossack dance,0,71,hopak
cuck chair (meme),0,71,
happy happy happy cat (meme),0,71,
ooarai marine tower,0,71,
fangtian ji,0,71,
seven dwarves zero (nikke),0,71,
artificial insemination,0,71,insemination
splendor of onyx (umamusume),0,71,
darth vader (cosplay),0,71,
scissor doors,0,71,
clean,0,71,
gordius wheel (fate),0,71,
boulder badge,0,71,
vacation,0,71,
muscle cuirass,0,71,
saint mary's academy school uniform,0,71,
saotome academy school uniform,0,71,saotome academy uniform
royale style (idolmaster),0,71,
high-ended braid,0,70,
true damage (league),0,70,true damage (league of legends)
wax seal hair ornament,0,70,
fingerprint mark,0,70,
hasu no shoushihenkei,0,70,hasu no sora 104th class (105th year)
cherish ball,0,70,
brown hands,0,70,
anglerfish girl,0,70,
cu chulainn (lancer) (fate) (cosplay),0,70,
holding shaved ice,0,70,
no ribbon,0,70,
great dane,0,70,
horse legs,0,70,
chapter cover,0,70,
tre kronor,0,70,
deception,0,70,
riding tricycle,0,70,
autism,0,70,
mini person on head,0,70,
production line,0,70,assembly line
snow on clothes,0,70,
justice task force member (blue archive) (cosplay),0,70,
imprinted skin,0,70,
green visor cap,0,70,
black singlet,0,70,
standing up,0,70,
loose wires,0,70,
biting own hand,0,70,
jack-o'-lantern cutout,0,70,
jevilstail,0,70,
director,0,70,
currency strap,0,70,
leaf (pokemon) (cosplay),0,70,
rose (blackpink) (cosplay),0,70,
etoile brilliant (idolmaster),0,70,
amiya (arknights) (cosplay),0,70,
newman,0,70,
energy blast,0,70,
planted shield,0,70,
blackjack table,0,70,
carthum conglomerate (eve online),0,70,
shiny gloves,0,70,
oculus headset,0,70,
two-tone eyebrows,0,70,
hand in another's shirt,0,70,
moogle (cosplay),0,70,
strawberry hat,0,70,
swatting,0,70,
hoyolab username,0,70,
serving tray (bdsm),0,70,
moonlight butterfly (gundam),0,70,
white string,0,70,
sprawled,0,70,
church bell,0,70,
german empire,0,70,
holding lute,0,70,
sr-3mp,0,70,
breast implants,0,70,
antarctica,0,70,
sputnik,0,70,
kemurikusa (object),0,70,
barley tea,0,70,
column lineup background,0,70,
torn shoes,0,70,
republic of china school uniform,0,70,
ojigi (bowing),0,70,japanese bowing
cure melody (cosplay),0,70,
two-sided tailcoat,0,70,
trans-am,0,70,
wireless game controller,0,70,
shinsoo (tower of god),0,70,
leap frog,0,70,
palestine,0,70,
saboten pose,0,70,
sukoyaka middle school uniform,0,70,
mika (blue archive) (cosplay),0,70,
see-through frills,0,70,
autoscorer,0,70,
straight-laced footwear,0,70,
rope fence,0,70,
pink male swimwear,0,70,
exciting animal (love live!),0,70,
money bath,0,70,
kizuna ai (cosplay),0,70,
windfish's egg,0,70,
nagato (battleship),0,70,
ram skull,0,70,
holding waist,0,70,
cutting onions,0,70,
astronomical clock,0,70,
tentacle hair ornament,0,70,
grey bonnet,0,70,
shot lancer,0,70,
mini splatling (splatoon),0,70,
ford mustang (1st generation),0,70,
nazi war ensign,0,70,
half-dress,0,70,
symbol ricochet,0,70,
india,0,70,
joyeuse ordre (fate),0,70,
party parrot (meme),0,70,
beast spear,0,70,
fluid sac (e.g.o),0,70,
lace-trimmed swimsuit,0,70,
exploded cosmetics,0,70,
panjandrum,0,70,
riding boar,0,70,
honda s2000,0,70,
imagine breaker,0,70,
satellite cannon,0,70,
dusting,0,70,
queen of hearts symbol,0,70,
scout car,0,70,
sin devil trigger,0,70,
gn particles,0,70,
gryphon (one piece),0,70,
nokotan entering a classroom (meme),0,70,
ribs (food),0,70,
sitting on weapon,0,70,
creeper (cosplay),0,70,
gravy,0,70,
hoto cocoa (cosplay),0,70,
holding clothes iron,0,70,
double-headed eagle,0,70,
fabarm sat-8,0,70,
murasa minamitsu (cosplay),0,70,
cetus (constellation),0,70,
hood over one eye,0,70,
valgiris,0,70,
kamoi (kancolle) (cosplay),0,70,
red changpao,0,70,
prinz eugen (kancolle) (cosplay),0,70,
miniskirt day,0,70,
holding grater,0,70,
triptych (art),0,70,
play of the game,0,70,
negi suppository,0,70,
uchiko,0,70,
bra in mouth,0,70,
turtleneck lift,0,70,
high x joker (idolmaster),0,70,
summer junior highschool (idolmaster),0,69,
penis doodle,0,69,penis drawing
latex sleeves,0,69,
gloriosa (flower),0,69,
animal skull ornament,0,69,
mega man day,0,69,
cum on picture,0,69,
orange slingshot swimsuit,0,69,
impossible armor,0,69,
eimi (blue archive) (cosplay),0,69,
vampire bite,0,69,
spiked thighhighs,0,69,
too many clones,0,69,
tomato hair ornament,0,69,
collared apron,0,69,
multiple arm straps,0,69,
serrated blade,0,69,
heart frame,0,69,
height growth,0,69,
ride-on toy car,0,69,
holding unworn slippers,0,69,holding slippers
smiley print,0,69,
framed cleavage,0,69,
orange amps,0,69,orange amplifiers
servants holding aphrodite's breasts (meme),0,69,
russian civil war,0,69,
star hands,0,69,
raven (dc) (cosplay),0,69,
heart image,0,69,
pink hanbok,0,69,
sock puppet,0,69,
alternate skirt length,0,69,
blue-and-yellow macaw,0,69,
virtual boy,0,69,
hose reel,0,69,
abortion mark,0,69,
japanese castle,0,69,
candied ajilenakh nut (genshin impact),0,69,
heart floating above hand,0,69,
smile of dreamer (project sekai),0,69,
vertical-striped hat,0,69,
meringue,0,69,
deuman,0,69,duman
mbcc insignia (path to nowhere),0,69,
black dougi,0,69,
bungee jumping,0,69,
kirakira patisserie uniform,0,69,
soul eater moon,0,69,
death korps of krieg,0,69,
the game awards,0,69,
hogtie carry,0,69,human briefcase
presenting stomach,0,69,
glowing necklace,0,69,
reverse bikini armor,0,69,
cube earrings,0,69,
sh-60 seahawk,0,69,
feet in food,0,69,
lovebird,0,69,
n7 armor,0,69,
touhou 10th popularity poll,0,69,
odaiba middle school uniform,0,69,
ladybug (original) (love live!),0,69,
sponge cake,0,69,
junkyard dog mk iii,0,69,
holding by the ears,0,69,
string around wrist,0,69,
touching another's crotch,0,69,
lariat,0,69,
ora ora get pregnant (meme),0,69,
yodaka (ado),0,69,
chocolate chip,0,69,
frieren's three-day tantrum,0,69,
glass door refrigerator,0,69,
octopus (food),0,69,
fruit hat,0,69,
gear background,0,69,
v over crotch,0,69,
hanging wedgie,0,69,
pentagram cutout,0,69,
heather (flower),0,69,
breathing ice,0,69,
school bus,0,69,
tekoki karaoke,0,69,
plait,0,69,
wind chime focus,0,69,
canis major (constellation),0,69,
compressed breasts,0,69,
trishula shakti (fate),0,69,
musical note tattoo,0,69,
hifu,0,69,
sea angel girl,0,69,
various styles challenge,0,69,
dhyana mudra,0,69,
animal on finger,0,69,
mountain climbing,0,69,
final smash,0,69,
printemps (love live!),0,69,
yuna (ff10) (cosplay),0,69,
severed tongue,0,69,
argonauts (fate),0,69,
surrounded by breasts,0,69,
shared shirt,0,69,
vine tentacle,0,69,
orange veil,0,69,
v-22 osprey,0,69,
plaid wrist cuffs,0,69,
lancer (gears of war),0,69,
beast mode (evangelion),0,69,
1st generation (hololive),0,69,
bone earrings,0,69,
kaioushin,0,69,
torn sarashi,0,69,
tv world (deltarune),0,69,
shirai kuroko (cosplay),0,69,
cow mask,0,69,
confetti ball,0,69,
maya (kancolle) (cosplay),0,69,
malaysia,0,69,
polka dot sarong,0,69,
toeprint,0,69,
toyosatomimi no miko (cosplay),0,69,
lure ball,0,69,
kataphrakt (aldnoah.zero),0,69,
magnum buckle,0,69,
hat launch,0,69,
komaru (himouto! umaru-chan) (cosplay),0,69,
academy city,0,69,
shoe buckle,0,69,
grapple,0,69,
paizuri while penetrated,0,69,
cat tattoo,0,68,
brigandine (armor),0,68,
stingray girl,0,68,
broken high heel,0,68,
crimson scar (e.g.o),0,68,
study (room),0,68,
vertical-striped capelet,0,68,
saddle blanket,0,68,
multicolored jumpsuit,0,68,
striped sweater vest,0,68,
going to colombia for the food and culture (meme),0,68,
pink leash,0,68,
cossack,0,68,
quad buns,0,68,
kris hair ornament,0,68,
bandage on chest,0,68,
hylian set (zelda),0,68,
biting another's tongue,0,68,
unconventional vibrator,0,68,
belted coat,0,68,
condom in ass,0,68,
s.t.a.r.s. uniform,0,68,
tapestry (medium),0,68,
cow print bra,0,68,
exs-slave,0,68,
pokemon on leg,0,68,
suibian sword,0,68,
chin rub,0,68,
imminent headpat,0,68,
polka dot bodysuit,0,68,
land of illusion (e.g.o),0,68,
floral print veil,0,68,
high ceiling,0,68,
cargo skirt,0,68,
licking own tail,0,68,
raiden punching armstrong (meme),0,68,standing here i realize (meme)
dragon li cat,0,68,
x hat ornament,0,68,
scratched,0,68,
licking another's hair,0,68,
upswept hair,0,68,
fur hair tie,0,68,
three ramen musketeers,0,68,
rubbing head,0,68,
riding digimon,0,68,
animal on stomach,0,68,
zero two (darling in the franxx) (cosplay),0,68,
jackal (hellsing),0,68,
vertical text,0,68,
no toilet paper,0,68,
greek helmet,0,68,
jack of clubs (playing card),0,68,jack of clubs (card)
cougar,0,68,"mountain lion,panther (cougar),puma"
jane doe (zenless zone zero) (cosplay),0,68,
ronald mcdonald (cosplay),0,68,
collapsing,0,68,
plaid headscarf,0,68,
jaxa,0,68,
zesty sonic (meme),0,68,freaky sukuna (meme)
ultra sword,0,68,
treant,0,68,ent
unworn camisole,0,68,
colonel sanders (cosplay),0,68,
twists,0,68,
strip tease,0,68,
rabbits (ensemble stars!),0,68,
usami renko (cosplay),0,68,
stuffed deer,0,68,
penis head,0,68,
hololive super expo 2026 outfit,0,68,
zig-zag pattern,0,68,
sparkle censor,0,68,
backscratcher,0,68,
stuffed goat,0,68,
olive branch,0,68,
where's the cat? (meme),0,68,
kouno marika's silence suzuka drawing (meme),0,68,
fundoshi day,0,68,
taito four seasons figure (vocaloid),0,68,
insecticide,0,68,
sports drink,0,68,
pet carrier,0,68,
cable-stayed bridge,0,68,
aurebesh,0,68,
mankai,0,68,
samurai condenser,0,68,
cheetah boy,0,68,
toecuffs,0,68,
orange corset,0,68,
group battle,0,68,
mikagura uniform,0,68,
italia mondial,0,68,
nine of clubs,0,68,
fish on head,0,68,
cat testicles,0,68,
twitter verified checkmark,0,68,
fresh china (idolmaster),0,68,
turkey (country),0,68,
takarada rikka (cosplay),0,68,
lamborghini aventador,0,68,
wife and wife and wife,0,68,
summary,0,68,
sweet madame (genshin impact),0,68,
reflector (photography),0,68,
ishidaki,0,68,
tsubakigaoka metropolitan high school uniform,0,68,
short braided ponytail,0,68,
gauze on hand,0,68,
reze dance,0,68,
kazunoko (food),0,68,
cauliflower,0,68,
formidable (azur lane) (cosplay),0,68,
shibarikini,0,68,
nopal,0,68,
dystopia,0,68,
jelly drink,0,68,
iroha karuta,0,68,
mochidoru (plush),0,68,
exploded head,0,68,
realdoll,0,68,
duel avatar,0,68,
wireless mouse,0,68,
slime girls (omori),0,68,
duel academy uniform (yu-gi-oh! 5d's),0,68,
frown lines,0,68,
dark signer uniform,0,68,
ayase eli (cosplay),0,68,
"i'm not calling you ""good boy"" (meme)",0,68,
salmiakki,0,68,
implied threesome,0,68,
far side backboob,0,68,
magnolia eclair ii,0,68,
saori (blue archive) (cosplay),0,68,
shared sweater,0,68,
shinjou akane (cosplay),0,68,
no necktie,0,68,
pendant removed,0,68,
licking tears,0,68,licking tear
bnahabra (armor),0,68,
raspberry hair ornament,0,68,
monday,0,68,
silhouette target,0,68,
emperor penguin (kemono friends) (cosplay),0,68,
shiny tambourine (heartcatch precure!),0,68,
overhead door,0,68,
demonic creature,0,68,
pubic feathers,0,68,
angels of delusion kfc bag,0,67,
dead rabbits (identity) (project moon),0,67,
projectile weapon (eve online),0,67,
good luck knot,0,67,
lunacy (limbus company),0,67,
moon tattoo,0,67,
ice cream cone on head,0,67,
tight bottoms,0,67,
panties around knees,0,67,
versatile slime penetration,0,67,
bruise on hand,0,67,
half lotus position,0,67,
white carnation,0,67,
kasumi (doa) (cosplay),0,67,
p30 device (resident evil),0,67,
taokaka (cosplay),0,67,
aisle,0,67,
black materia,0,67,
checkered tablecloth,0,67,
golden cross (elden ring),0,67,
>:p,0,67,
presenting legs,0,67,
cartwheel,0,67,
pig print,0,67,
bicycles only sign,0,67,
raise a suilen,0,67,
cat charm,0,67,
ground pound,0,67,
lightning hair,0,67,
poffin,0,67,
oathkeeper,0,67,
instance domination,0,67,
camel clutch,0,67,
flashing light,0,67,
devil sword dante,0,67,
mentos,0,67,
crazy b (ensemble stars!),0,67,
manya (dq4) (cosplay),0,67,
durian,0,67,
superman (cosplay),0,67,
leather chair,0,67,
cross-laced headwear,0,67,
motorhome,0,67,
o-ring garter straps,0,67,
flower clothes,0,67,
tech 3 ship (eve online),0,67,
torso only,0,67,
great white shark,0,67,
emoji hair ornament,0,67,
feathered helmet,0,67,
pectorals on glass,0,67,
remedial knights (blue archive),0,67,
enoki mushroom,0,67,enoki (mushroom)
under the table (arknights),0,67,
meiling day,0,67,
energy field,0,67,
checkered pantyhose,0,67,
femboy hooters (meme),0,67,femboy hooters
see-through hoodie,0,67,
gigantamax (other),0,67,
heartless emblem,0,67,
leafy seadragon,0,67,
spiegel replica,0,67,
blooming,0,67,
gem eyes,0,67,
licking another's arm,0,67,
striped hakama,0,67,
long fall boots (portal),0,67,
solomon (singularity) (fate/grand order),0,67,
belarusian flag,0,67,
kurikinton (food),0,67,
choco fashion,0,67,
mika pikazo (style),0,67,
holding ice,0,67,
clipping toenails,0,67,
jellyfish earrings,0,67,
high chair,0,67,baby chair
yuruyuri's starting,0,67,yuru yuri's starting
traditional dress,0,67,
tail pillow,0,67,
shrimp costume,0,67,
synthwave,0,67,
diamond hands,0,67,
storyboard,0,67,
breast crush,0,67,
posterized,0,67,
castle town (deltarune),0,67,
trumpet boy (meme),0,67,
passionlip (fate) (cosplay),0,67,
sitting on mecha,0,67,
big mac,0,67,
tail garter,0,67,
ethan (pokemon) (cosplay),0,67,
flesh storage bulbs,0,67,
love live! victory flag,0,67,
vanilla,0,67,
imagawayaki,0,67,
henna,0,67,
honda civic type r,0,67,
hand drill,0,67,
jacket bow,0,67,
atm,0,67,
kaleidostick (zwei form),0,67,
ness (mother 2) (cosplay),0,67,
implied strap-on,0,67,
shearing,0,67,
curry bread,0,67,
djeeta (granblue fantasy) (cosplay),0,67,
suzume's chair,0,67,
hole in sock,0,67,
lace-trimmed tank top,0,67,
weeping cherry blossoms,0,67,
hutou hat,0,67,
yellow lightsaber,0,67,
unworn kneehighs,0,67,kneehighs removed
pomni (the amazing digital circus) (cosplay),0,67,
gay male pride flag,0,67,
beer hat,0,67,"drinking hat,soda guzzler"
awafuji school uniform,0,67,
surrounded by guns,0,67,
tres bien maid uniform,0,67,
floral dissolve,0,67,
tangle,0,67,
endless eight,0,67,
novelty sex toy,0,67,
cheshire (azur lane) (cosplay),0,67,
aqua armor,0,67,
mamool ja,0,67,
off-color cum,0,67,off-color semen
seigetsu academy school uniform,0,67,
touching self through portal,0,67,
pedal,0,67,
freddy krueger (cosplay),0,67,
human ashtray,0,66,
multicolored male swimwear,0,66,
pussy juice in container,0,66,
kakyoin noriaki's pose,0,66,kakyoin noriaki's pose (jojo)
holding ball and chain (weapon),0,66,
trapeze,0,66,
pokemon adventures anime (meme),0,66,
pixelated background,0,66,
forest for the flames (e.g.o),0,66,
arm spikes,0,66,
centered hair bow,0,66,
benelli m3,0,66,
cat under faucet (meme),0,66,
licking another's chest,0,66,
leaf wreath,0,66,
bellhop uniform,0,66,"bellboy,bellman,hotel porter"
iwi jericho 941,0,66,"imi jericho,jericho 941"
ringer t-shirt,0,66,
oyoufuku akachan,0,66,
imminent kick,0,66,
have to poop,0,66,
blabla (nikke),0,66,
star wars day,0,66,may the 4th
land rover (company),0,66,
dull blade (genshin impact),0,66,
nero claudius (swimsuit caster) (fate) (cosplay),0,66,
horned armor,0,66,
razor blade earrings,0,66,
doom wings,0,66,
f-lags (idolmaster),0,66,
skunk boy,0,66,
ubel (sousou no frieren) (cosplay),0,66,
kaburagi t. kotetsu (cosplay),0,66,
terrorist,0,66,
white hands,0,66,
surplice,0,66,
pilgrim symbol (nikke),0,66,
arachne boy,0,66,
acorn hair ornament,0,66,
exposed heart,0,66,
blood from vagina,0,66,
papyrus (font),0,66,
pillow straddling,0,66,
knit scarf,0,66,
junpaku no anata e chikai no uta wo! (project sekai),0,66,"a song of vows for you dressed in pure white! (project sekai),an ode for the pure of heart (project sekai)"
plaid hoodie,0,66,
youtube shorts,0,66,
emerald splash,0,66,
dice pendant,0,66,
raidian's summons (arknights),0,66,
cracked background,0,66,
manhattan cafe (umamusume) (cosplay),0,66,
blowtorch,0,66,
matou sakura (cosplay),0,66,
hashire! taiikumatsuri! ~jikkou iin wa ooisogashi~ (project sekai),0,66,"run! sports festival! committee rush (project sekai),run! sports festival! ~the executive committee is very busy~ (project sekai)"
reimei school uniform,0,66,
internet cafe,0,66,
georgian era,0,66,
frame (idolmaster),0,66,
guitar little sister (hitomi o) (cosplay),0,66,
cunt busting,0,66,
ford crown victoria (2nd generation),0,66,
balancing ball,0,66,
quiet (metal gear) (cosplay),0,66,
type 3 chi-nu,0,66,
penis earrings,0,66,
rugby,0,66,
curling,0,66,
breasts on thighs,0,66,
ookami mio (cosplay),0,66,
blindfold pull,0,66,
rewind (nikke),0,66,
gunship,0,66,
cynthia (pokemon) (cosplay),0,66,
prime (warframe),0,66,
shinshun! shishimai robo no oshougatsu show! (project sekai),0,66,"a brand new year! lion dance robot's new year show! (project sekai),happy new year! lion dance robot's new year's show! (project sekai)"
princess daisy (cosplay),0,66,
0w0,0,66,
applying mascara,0,66,
blushing girls are cute (template),0,66,
clitoris pull,0,66,
bootes (constellation),0,66,
holding prayer beads,0,66,
gas lantern,0,66,
liftoff,0,66,
ribbed bikini,0,66,
stethoscope on nipple,0,66,
neckbeard,0,66,
black tape project,0,66,
ribbon border,0,66,
kid taped to wall (meme),0,66,
road of radiance (umamusume),0,66,
tampon,0,66,
iowa (kancolle) (cosplay),0,66,
ophiuchus (constellation),0,66,
treasure map,0,66,
quality cabbage (meme),0,66,
polka dot shadow,0,66,
fishing gear,0,66,
m240,0,66,
peacock hair,0,66,
red facepaint,0,66,
turkey leg,0,66,
mushi (mushishi),0,66,
kelpie,0,66,
knee to face,0,66,
dancing pallbearers (meme),0,66,
zero (inazuma eleven),0,66,
too many bats,0,66,
aragami,0,66,
white whale,0,66,
tickling face,0,66,
p2020 (pistol),0,66,
fur footwear,0,66,
glyph,0,66,
hachikuji mayoi (cosplay),0,66,
dark pit staff (kid icarus),0,66,
bird tattoo,0,66,
sorceress (dragon's crown) (cosplay),0,66,
heat haze,0,66,
embryo,0,66,
samidare (kancolle) (cosplay),0,66,
uchiwa (medium),0,66,uchiwa design
poryphone,0,66,
telekinetic stimulation,0,66,
boston crab,0,66,
parkour,0,66,
back alley alliance,0,66,
energon,0,66,
pocketbook,0,66,
lupine scarlet (arknights),0,66,
poltergust 3000,0,66,
holding single shoe,0,66,
gadabout (dq3) (cosplay),0,66,
rhythm game,0,66,
radio telescope,0,66,
a grim reminder,0,66,
zora set (zelda),0,66,
dixies uniform,0,66,
prosthetic sword,0,66,
squatting on person,0,66,
shuriken earrings,0,65,
aqua leg warmers,0,65,
korean national police agency,0,65,national police agency (south korea)
synergetic suit,0,65,
kouryoukan academy school uniform,0,65,
oufi association south uniform,0,65,
wooden cup,0,65,
holding hockey stick,0,65,
latex shirt,0,65,
stronghold protocol (arknights),0,65,
tendrils from back,0,65,
dark territory (sao),0,65,
french national soccer team uniform,0,65,
implied male pregnancy,0,65,
bay,0,65,
resurrection,0,65,
spider tank,0,65,
alien print,0,65,
perseus (constellation),0,65,
naze? nazo?! answer,0,65,
personal digital assistant,0,65,
butterfly hat,0,65,
duster coat,0,65,
shiratsuyu-type underwear,0,65,
skirt partially removed,0,65,
i hate kids with good instincts like you (meme),0,65,edward confronts shou tucker (scene)
holding television,0,65,
ronso,0,65,
cherry necklace,0,65,
licking panties,0,65,
mask of truth,0,65,
himalayan poppy (flower),0,65,
aqua nipples,0,65,
nutella,0,65,
sousaphone,0,65,
male byleth (fire emblem) (cosplay),0,65,
alternate tattoo,0,65,
finger between breasts,0,65,
puzzle piece print,0,65,
bryan lee o'malley (style),0,65,
borrowing race,0,65,
silver collar,0,65,
stabbing viewer,0,65,"pov stabbed,pov stabbing"
shirogane noel (cosplay),0,65,
nangong yu (cosplay),0,65,
camouflage background,0,65,
zinnia,0,65,
newgrounds username,0,65,
bremerton (azur lane) (cosplay),0,65,
fluid on breasts,0,65,
gliding,0,65,
small module (eve online),0,65,
unworn ascot,0,65,
stuffed spring onion,0,65,
bolt pistol,0,65,
kiosk,0,65,
mouth visible through hair,0,65,
cellphone display,0,65,
saihate e to tobu kimi e (project sekai),0,65,
vertical-striped bowtie,0,65,
full face makeup,0,65,
trigonometry,0,65,
infinity gems,0,65,infinity stones
under armour,0,65,
condom on tongue,0,65,
penis under breasts,0,65,
face stretching,0,65,
weight bench,0,65,
golden gate bridge,0,65,
hellfire gala,0,65,
string of photos,0,65,
haran geppaku futsu (genshin impact),0,65,
pinstripe ribbon,0,65,
diploma folder,0,65,
dent,0,65,
weapon riding,0,65,
sailor leotard,0,65,
kagurabachi pose (meme),0,65,
half-coat,0,65,
rosalina (cosplay),0,65,
dog day,0,65,
plaid gloves,0,65,
checkered ascot,0,65,
sad banana cat (meme),0,65,
frosted border,0,65,
holding lanyard,0,65,
standing in rain,0,65,
elphelt valentine (cosplay),0,65,
beloved zofia,0,65,
maternity dress,0,65,
mashin,0,65,
pogo stick,0,65,
neonlight romancer (idolmaster),0,65,
santa panties,0,65,
kabuto zecter,0,65,
moonflower (flower),0,65,
gas mask canister,0,65,
vegetable juice,0,65,
ikebana,0,65,
holding hairpin,0,65,
rocker-chic,0,65,
fish and chips,0,65,
crafting,0,65,
amane kanata (cosplay),0,65,
bad multiple views,0,65,
distant,0,65,
licking lemon,0,65,
knights templar,0,65,
cure peace (cosplay),0,65,
sheep head,0,65,
expressive wings,0,65,
super affection,0,65,
judo throw,0,65,
angel (kof) (cosplay),0,65,
tree bark,0,65,
poke bean,0,65,
kite string,0,65,
twitching pussy,0,65,
monkey bars,0,65,
completionist cape (runescape),0,65,
tails touching,0,65,
thumb,0,65,
rensouhou-chan (cosplay),0,65,
pocket tissue,0,65,
spike (stagecraft),0,65,
life points,0,65,
urameshiya,0,65,
onozuka komachi (cosplay),0,65,
leaf belt,0,64,
disembodied foot,0,64,
blood on paper,0,64,
stuffed narwhal,0,64,
film set,0,64,
hornet (e.g.o),0,64,
hoeh (meme),0,64,
if happiness is a circle (meme),0,64,
plaid hood,0,64,
ink on clothes,0,64,
t-72,0,64,
ribbon censor,0,64,
donut bracelet,0,64,doughnut bracelet
torn hiphighs,0,64,
pumpkin hat ornament,0,64,
dark fountain (deltarune),0,64,
jeep wrangler,0,64,
kokatsu academy school uniform,0,64,
licking another,0,64,
posture collar,0,64,
spiked kneepads,0,64,
too many arms,0,64,
assassination,0,64,
mole on hip,0,64,
dolphin earrings,0,64,
down vest,0,64,
ranking,0,64,
irish flag,0,64,
floral embroidery,0,64,
ballroom dancing,0,64,
locked,0,64,
holding rubber duck,0,64,
knowing the unseen (project sekai),0,64,
clawed wings,0,64,
bow background,0,64,
alternate piercings,0,64,
dokuzuhonsha,0,64,
red plume,0,64,
all-terrain vehicle,0,64,quad bike
breast punch,0,64,
majiwaru senritsu tomoru nukumori (project sekai),0,64,"intersecting melodies glowing warmth (project sekai),the warmth of intersecting melodies (project sekai)"
petunia (flower),0,64,
hand in another's glove,0,64,
murasaki shion (cosplay),0,64,
high denomination banknote,0,64,
see-through overskirt,0,64,
rsh-12,0,64,
pinyin text,0,64,
kiana kaslana (cosplay),0,64,
chasenmage,0,64,
hermitage (ensemble stars!),0,64,
tentacle with mouth,0,64,
skunk,0,64,
chaldea summer adventure!,0,64,
hand warmer,0,64,
common kingfisher,0,64,
charcoal,0,64,
ribbon-trimmed sweater,0,64,
cherry background,0,64,
footjob through footwear,0,64,
israel-hamas war,0,64,
aqua male swimwear,0,64,
sea otter,0,64,
ayanami barrage (meme),0,64,
water on glass,0,64,
puchisshu,0,64,
wilt and blush,0,64,
mechanical,0,64,
shell hat ornament,0,64,
m43 field cap,0,64,
dieselpunk,0,64,
carrot juice,0,64,
print shrug,0,64,
clitoral injection,0,64,
get over it. (project sekai),0,64,
severed penis,0,64,penectomy
over the collar (idolmaster),0,64,
scarf tying,0,64,
asexual flag,0,64,
woof,0,64,
eyebrows visible through headband,0,64,
time signature,0,64,
rainbow trail,0,64,
gold background,0,64,
bison,0,64,
charlotte (madoka magica) (cosplay),0,64,
rooster tail,0,64,
spiked legwear garter,0,64,
shizuoka prefecture,0,64,
ahoge grab,0,64,
zashono academy school uniform,0,64,
gojo satoru (cosplay),0,64,
wrapped hair,0,64,
pikachu hood,0,64,
holding bookmark,0,64,
manta ray girl,0,64,
heart's egg (shugo chara!),0,64,
shishi odoshi,0,64,"bamboo fountain,deer scare"
crossdraw holster,0,64,
okina's natural hair color,0,64,
hypericum berry,0,64,
pumpkin dance (meme),0,64,
betting ticket,0,64,
vertical-striped cape,0,64,
koyanskaya (fate) (cosplay),0,64,
space phantas-moon another christmas,0,64,
goo goo babies (meme),0,64,
chilean flag,0,64,
naruto run,0,64,
mallard,0,64,
bruno mars (cosplay),0,64,
promotions (meme),0,64,
bolt hair ornament,0,64,
bok choy,0,64,
alphabet blocks,0,64,
wet hat,0,64,
finger frame duo,0,64,
aek-971,0,64,"a-545,a545"
cepheus (constellation),0,64,
fur-trimmed hairband,0,64,
loss (meme),0,64,
kamisama datte kimerarenai,0,64,
kusanagi motoko (cosplay),0,64,
auriga (constellation),0,64,
fresh fruits parlor (love live!),0,64,
framed crotch,0,64,
vacuum tube,0,64,
blacksteel worldwide (arknights),0,64,
torn jumpsuit,0,64,ripped jumpsuit
the nether (minecraft),0,64,
connect (madoka magica),0,64,
fish-shaped pillow,0,64,fish pillow
kazakhstan,0,64,
inu-hariko,0,64,
tetramand,0,64,
rabbit-shaped pillow,0,64,"bunny pillow,rabbit pillow"
shield wall,0,64,
lily white (cosplay),0,64,
futaba anzu (cosplay),0,64,
balamb garden uniform (ff8),0,64,
duck costume,0,64,
uta-garuta,0,64,
extended upshirt,0,64,
black iron great sword,0,64,
glasses case,0,64,
neptune (neptunia) (cosplay),0,64,
fairy sword galatine,0,64,
let's draw pretty girls challenge,0,64,
manhattan cafe holding a fish (meme),0,64,
soviet air force,0,64,
marmot tail,0,64,
ina's back (meme),0,64,
imomochi,0,64,
daijoubu da mondai nai,0,64,
slingback heels,0,64,
surf (pokemon),0,64,
it's j.j. style!,0,64,
talking animal,0,64,
labia clamps,0,64,
that's your girlfriend (meme),0,64,
horse earrings,0,64,
stratagem (helldivers),0,64,
brazuca,0,64,
icing on face,0,63,
too many cigarettes,0,63,
cheek injury,0,63,
hooded overalls,0,63,
bound calves,0,63,
capote (e.g.o),0,63,
chain pull,0,63,
hikoboshi (cosplay),0,63,
sanguine desire (e.g.o),0,63,
paw pendant,0,63,
penis in another's panties,0,63,
coin stack,0,63,stack of coins
elbow on leg,0,63,
fenrir (vehicle),0,63,
forced dressing,0,63,
leaf necklace,0,63,
print veil,0,63,
face on another's chest,0,63,
hands on own thigh,0,63,
smearing,0,63,
bat hat ornament,0,63,
hands on another's ears,0,63,
sitting on creature,0,63,
avocado academy school uniform,0,63,
fragile symbol,0,63,
sailor chibi moon (cosplay),0,63,
red tiara,0,63,
poco grande glass,0,63,
dump truck,0,63,
frilled neckerchief,0,63,
face hold,0,63,
horse racing,0,63,
moscow,0,63,
number glasses,0,63,year glasses
pawoo username,0,63,
sekiba girls' high school uniform,0,63,
blue bustier,0,63,
jumpscare,0,63,screamer
happy enjoy music! (project sekai),0,63,
royal wonder academy school uniform,0,63,
paypal me $30000 (meme),0,63,paypal me x (meme)
perlica's peeled apple (meme),0,63,
forceps,0,63,
argyle cardigan,0,63,
arctic fox,0,63,
no prosthetic leg,0,63,
white jersey,0,63,
kitsune no mado,0,63,
plaid towel,0,63,
closing book,0,63,
insertion threshold (meme),0,63,
gatotsu stance,0,63,
lava bath,0,63,molten rock bath
quadruplets,0,63,
cook,0,63,
american flag swimsuit,0,63,
ipod shuffle,0,63,
venom snake (cosplay),0,63,
hololive gamers fes outfit,0,63,
stuffed avocado,0,63,
crescent cutout,0,63,
handkerchief biting,0,63,
overalls removed,0,63,
bass (fish),0,63,
notes of grandeur (umamusume),0,63,
defenestration,0,63,throwing out of window
cricket,0,63,
two-barred cross,0,63,cross of lorraine
mutual feeding,0,63,
fish hood,0,63,
wuxia,0,63,
spoken panties,0,63,
shorts tug,0,63,
running ganger (meme),0,63,
pyromania,0,63,
jack-o'-lantern hat,0,63,
koshirae,0,63,
santa lily,0,63,
brushguard,0,63,
tail between breasts,0,63,
mago berry,0,63,
lashers,0,63,
gatkkeun,0,63,
wonder ride book,0,63,
sweet berries (minecraft),0,63,
adonis (flower),0,63,
magnum shooter 40x,0,63,
model train,0,63,
yas bitch slay (meme),0,63,
back double bow,0,63,
butt bump,0,63,
1994,0,63,
fw 190,0,63,
animal sticker,0,63,
kanaria wa kyuukyou ni utau (project sekai),0,63,"the canary sings in a quagmire (project sekai),the song of a canary in crisis (project sekai)"
holding leotard,0,63,
olympus (apex legends),0,63,
no apron,0,63,
red romper,0,63,
dog head,0,63,
single animal ear,0,63,
cross-laced apron,0,63,
crossguard lightsaber,0,63,
onahole job invitation,0,63,
korg rk-100,0,63,
prone masturbation,0,63,
san (mononoke hime) (cosplay),0,63,
waders,0,63,
unworn veil,0,63,
touching toes,0,63,
sparse back hair,0,63,
magus (synduality),0,63,
mashutarou (style),0,63,
defecating self,0,63,"crapping self,pooping self"
dropship,0,63,
surprise deepthroat,0,63,
necromorph,0,63,
animal holding leash,0,63,
madeleine,0,63,
afrika korps,0,63,
frilled square (idolmaster),0,63,
anchovy (girls und panzer) (cosplay),0,63,
bear claws,0,63,
autogyro,0,63,
car part,0,63,
chipi chipi chapa chapa (meme),0,63,
srw cover,0,63,
rainbow ribbon,0,63,
see-through hood,0,63,
stereogram,0,63,
undershirt peek,0,63,
cure berry (cosplay),0,63,
shishio makoto (cosplay),0,63,
repeat ball,0,63,
gp-25,0,63,
mood swing,0,63,
hand on shield,0,63,
soyombo,0,63,
spotted skin,0,63,
no symbol tattoo,0,63,
mod fashion,0,63,
grabbing another's testicles,0,63,
shining resonance collection of visual materials,0,63,
beastlord (sword),0,63,
cempoalxochitl,0,62,
singapore,0,62,
ribbon-trimmed babydoll,0,62,
necronomicon,0,62,
beretta 93r,0,62,
fg204,0,62,
corn field,0,62,
ipod nano 2g,0,62,
dragon skull,0,62,
gardevoir (cosplay),0,62,
octopus earrings,0,62,
print shawl,0,62,
datsun 240z,0,62,
howa type 20,0,62,
foot on another's ass,0,62,foot on ass
night city (cyberpunk),0,62,
daiguren hyourinmaru (bankai),0,62,
aozora no saki kagayaki wo oikakete (project sekai),0,62,"chasing the radiance beyond the blue sky (project sekai),chasing the sparkle beyond the blue sky (project sekai)"
e pluribus unum (fate/grand order),0,62,
lucy (cyberpunk) (cosplay),0,62,
f/a-18e super hornet,0,62,
fur-trimmed belt,0,62,
jusenkyou guide (cosplay),0,62,
shoulder bow,0,62,
shoulder ribbon,0,62,
mega man (character) (cosplay),0,62,
holding headgear,0,62,
kiss 22 title,0,62,
a2 (nier:automata) (cosplay),0,62,
apricorn,0,62,
taur exoskeleton,0,62,
green dougi,0,62,
shigure kai san (kancolle) (cosplay),0,62,
untied swimsuit,0,62,
banquet,0,62,
hot dog costume,0,62,
precure baton pass,0,62,
sarayashiki junior high school uniform,0,62,
hair on tail,0,62,
wrist computer,0,62,
over rad squad!! (project sekai),0,62,
dress-up,0,62,
cargo aircraft,0,62,
plastic spoon,0,62,
navel penetration,0,62,
diet coke and mentos (meme),0,62,
khajiit,0,62,
too many piercings,0,62,
skull background,0,62,
bag behind back,0,62,
black bracer,0,62,
ecdysis,0,62,
eye banner (trend),0,62,league of legends eye focus banner
yellow leaf,0,62,
purple pillow,0,62,
bodysuit aside,0,62,
fragrant olive sword,0,62,
level difference,0,62,
zenithian sword,0,62,
road closed to vehicles sign,0,62,
trance (music),0,62,
malay text,0,62,
touhou user interface,0,62,
spring roll,0,62,
brown bracelet,0,62,
glowing crown,0,62,
portugal,0,62,
share crystal (neptunia),0,62,
ho-kago tea time t-shirt,0,62,
wet male swimwear,0,62,
koi koi cafe (ensemble stars!),0,62,
capelet lift,0,62,
overflowing bath,0,62,
kazami uniform,0,62,
panties under bloomers,0,62,
shake shake fries,0,62,
onikiri yasutsuna (fate),0,62,
hourglass print,0,62,
sixteenth rest,0,62,
horseshoe crab,0,62,
sarong hold,0,62,
digimon (virtual pet),0,62,
hand in thighhighs,0,62,
wolfhook (genshin impact),0,62,
multicolored wristband,0,62,
oblivion (keyblade),0,62,
turtleneck coat,0,62,
latex jacket,0,62,
holding butt plug,0,62,
goryoukan academy uniform,0,62,
kosaka honoka (cosplay),0,62,
transforming weapon,0,62,
tuning instrument,0,62,
zeztz driver,0,62,
fake magazine scan,0,62,
league club uniform,0,62,
see-through cardigan,0,62,
hunting horn,0,62,
head swap,0,62,headswap
sovyonok pioneer camp uniform,0,62,
ruger mini-14,0,62,
sechi (sechihyeo) (style),0,62,
hofmann knot,0,62,
spiked dress,0,62,
castrol,0,62,
omoi wo nosete! dream stage (project sekai),0,62,here on our dream stage (project sekai)
lace bikini,0,62,
pasteur pipette,0,62,
makai family (touhou),0,62,
poll,0,62,
green gakuran,0,62,
frost shard (e.g.o),0,62,
sensei haruki suetsugu (style),0,62,
licking eye,0,62,
inugami korone (cosplay),0,62,
fuji kiseki (umamusume) (cosplay),0,62,
wrap (food),0,62,
against windowsill,0,62,
pc engine,0,62,turbografx-16
genocide cutter,0,62,
heart crown,0,62,
uniform number,0,62,
lace-trimmed ascot,0,62,
flotation belt,0,62,
blueberry academy (emblem),0,62,
virus (mega man),0,62,
wheat bundle,0,62,
chemistry set,0,62,
hazard trigger,0,62,
slushie,0,62,
cat bra,0,62,
hepatica (flower),0,62,
tracer (overwatch) (cosplay),0,62,
human pyramid,0,62,
scam,0,62,
pulled by cursor,0,62,
coffee milk,0,62,
blue carpet,0,62,
chari de kita (meme),0,62,
date connection,0,62,
midgar academy school uniform,0,62,
glowing finger,0,62,
petri dish,0,62,
touching another's chastity cage,0,62,
mini 4wd,0,62,
sakura futaba (cosplay),0,62,
makoto nanaya (cosplay),0,62,
code:escape (idolmaster),0,62,
it's ok to touch,0,62,
tin (container),0,62,
breasts in a box,0,62,
mounted dildo,0,62,
pill ring,0,62,
two sidriver,0,62,
su-37,0,62,
daidouji tomoyo (cosplay),0,62,
toy box,0,62,
kageura squad's uniform,0,62,
related,0,62,
cutie honey (character) (cosplay),0,62,
pulling back,0,62,
universal federation army uniform,0,62,
rocket engine,0,62,
gear earrings,0,62,
la black luna,0,62,
pencil to face,0,61,
crossbow bolt,0,61,
fur socks,0,61,
sword necklace,0,61,
shroomling (infinity nikki),0,61,
obata takeshi (style),0,61,
viet lolita,0,61,
diagonal-striped legwear,0,61,
hardcore heart,0,61,
famicom cartridge,0,61,
figures taking selfie (meme),0,61,
call bell,0,61,service bell
gravy boat,0,61,sauce boat
bicorn (creature),0,61,
roningasa,0,61,
hash browns,0,61,
see-through sleeve layer,0,61,
ahoge removed,0,61,
tie-dye,0,61,
darkin (league),0,61,darkin (league of legends)
vine on leg,0,61,
wanderer (genshin impact) (cosplay),0,61,
fluffy white puppy expressions (meme),0,61,
checkered cloak,0,61,
gradient sweater,0,61,
knife in chest,0,61,
wing armor,0,61,
find the dream view (project sekai),0,61,
mysterious heroine x (fate) (cosplay),0,61,
art supplies,0,61,
heart-shaped bonnet,0,61,
cloth glansjob,0,61,
brooklyn sweater,0,61,
it's not you. sit down,0,61,it's not you sit down
heart pockets,0,61,
spinning head,0,61,
keqing (genshin impact) (cosplay),0,61,
otaru (hokkaido),0,61,
nahida (genshin impact) (cosplay),0,61,
jungle style,0,61,coupled magazines (weapon)
gradient bowtie,0,61,
hamster on head,0,61,
guided kiss,0,61,
mechanical heart,0,61,
karana mudra,0,61,
neapolitan ice cream,0,61,
dragoon (kirby),0,61,
asobi asobase's school uniform,0,61,
run over,0,61,hit by car
string on pinky,0,61,
blue fundoshi,0,61,
diagonal-striped headwear,0,61,
female robin (fire emblem) (cosplay),0,61,
decagrammatonization,0,61,
vepr-12,0,61,
sitting on pokemon,0,61,
plain doll (cosplay),0,61,
tessaiga,0,61,tetsusaiga
face chain,0,61,
carrier (eve online),0,61,
burial blade,0,61,
shinsen middle school uniform,0,61,
reimu's growing gohei (meme),0,61,
veil over one eye,0,61,
welding torch,0,61,
melee weapon (warframe),0,61,
green moon,0,61,
ladder cutout,0,61,
broken neck,0,61,
wheel earring,0,61,
durex,0,61,
great sphinx of giza,0,61,sphinx of giza
yakusoku no passerelle (project sekai),0,61,
naval mine,0,61,
caplock,0,61,
decayed master sword,0,61,
sleeper hold,0,61,
fuyuki (fate/grand order),0,61,
creepy chin joey wheeler (meme),0,61,
wig on non-human,0,61,
travel,0,61,
covering another's ears,0,61,
ride booker,0,61,
mechanical dress,0,61,
cake decoration,0,61,
how to draw an owl (meme),0,61,how to draw an owl
urasawa naoki (style),0,61,
nissan 350z,0,61,
shadow the hedgehog (cosplay),0,61,
iron hands (warhammer),0,61,
saitama (one-punch man) (cosplay),0,61,
phone sex,0,61,
alternate (the mandela catalogue),0,61,alternate (mandela catalogue)
nagae iku (cosplay),0,61,
japan cup,0,61,
delivery robot,0,61,
caracal,0,61,
wireless headphones,0,61,
on pumpkin,0,61,
zelretch sword,0,61,
viola tricolor,0,61,
cpu,0,61,
cherry pie,0,61,
holding statuette,0,61,
noah hat (ragnarok online),0,61,
ten no hate no phoenix e (project sekai),0,61,"the phoenix in the distant sky (project sekai),toward the phoenix at the sky's edge (project sekai)"
but you can't prove it (meme),0,61,doakes looking at guerrero (meme)
tickling back,0,61,
black beard,0,61,
aircraft turret,0,61,
metroid suit,0,61,
bear head,0,61,
strawberry ornament,0,61,
borrowed inset,0,61,
brick phone,0,61,
collared kimono,0,61,
kamiha magica idol costume,0,61,
hair edges,0,61,
eliwood (fire emblem) (cosplay),0,61,
tail lock,0,61,
hero shot (splatoon 2),0,61,
star power stick,0,61,
maetenkan,0,61,
lucky oasis (stella sora),0,61,loxy (stella sora)
milking cow,0,61,
panties under bodysuit,0,61,
shooting through heart,0,61,
hobby horse,0,61,
elmo training outfit,0,61,
creature inside,0,61,
marie (splatoon) (cosplay),0,61,
gram (fate),0,61,
leatherclub scene (meme),0,61,
r3birth (love live!),0,61,
ooyodo (kancolle) (cosplay),0,61,
megawatt (arms),0,61,
shudder,0,61,
controller hair ornament,0,61,
prosthetic fingers,0,61,
cool your head,0,61,
no goggles,0,61,
baker at bat,0,61,
fence post,0,61,
pomf,0,61,
bellwall military uniform,0,61,
a7m reppuu,0,61,
spiked ring,0,61,
magnhild,0,61,
kitchen range,0,61,
climbing set (zelda),0,61,
pajama pants,0,61,
xingchen (cosplay),0,61,
magazine rack,0,61,
inflatable wings,0,61,
leaning tower of pisa,0,61,
annihilate ray,0,61,
dancing flower,0,61,
ninjutsu,0,61,
stitched tail,0,61,
uso da,0,61,
kongou (battleship),0,61,
hands on another's crotch,0,61,
miyako yoshika (cosplay),0,61,
m1904 mastiff,0,61,
spade ornament,0,61,
noel vermillion (cosplay),0,61,
silver (metal),0,61,
luna wolves,0,61,
camouflage cloak,0,61,
number-shaped hands,0,61,
carnival mask,0,61,
araizumi rui (style),0,61,
jacket tucked in,0,60,
feet up heels up,0,60,
cat refusing to be petted (meme),0,60,
sticker sheet (medium),0,60,
nes controller,0,60,nes gamepad
bath brush,0,60,
see-through breast curtains,0,60,transparent breast curtains
overturned car,0,60,
host,0,60,
no lips,0,60,
military patch,0,60,
ribbon-trimmed wrist cuffs,0,60,
opening window,0,60,
dragon hair ornament,0,60,
morph ball,0,60,
tying bikini,0,60,
pussy out of frame,0,60,
heart arms trio,0,60,
continue,0,60,
hand in own bra,0,60,
hat on tail,0,60,
distortion world,0,60,
two-tone corset,0,60,
scattered paper,0,60,
smile emoji,0,60,
shared onahole,0,60,shared artificial vagina
pp-19-01 vityaz,0,60,
fanghunt office (identity) (project moon),0,60,
mouse mask,0,60,
backpack on one shoulder,0,60,
implied transformation,0,60,
live tucker reaction (meme),0,60,live slug reaction (meme)
butcher's nails,0,60,
m110 sass,0,60,
gameplay glitch,0,60,
pentagram pendant,0,60,
staff of armadyl (runescape),0,60,
puffin,0,60,
peel (tool),0,60,"pizza peel,pizza shovel,pizza spatula"
apricot blossom,0,60,
print curtains,0,60,
swimsuit around one leg,0,60,
lace wrist cuffs,0,60,
michael jackson (cosplay),0,60,
diasomnia dorm,0,60,
lada (car),0,60,avtovaz
bridgestone,0,60,
grass block,0,60,
cat on keyboard,0,60,
marcille donato (cosplay),0,60,
jumbotron,0,60,
concrete wall,0,60,
double beam cannon,0,60,
fur-trimmed cardigan,0,60,
boost buckle,0,60,
ribbon-trimmed swimsuit,0,60,
kickstand,0,60,
hasn't kissed anyone ever vs expecting a kiss with tongue (meme),0,60,
self fisting,0,60,
leg behind shoulder,0,60,
sitar,0,60,
kaiser pmc corruption,0,60,
red ginger (flower),0,60,
spinach,0,60,
tsutenkaku,0,60,tsuutenkaku
shiratsuyu-class swimsuit,0,60,
h&k g28,0,60,
daihatsu (landing craft),0,60,
james day,0,60,
michiyuki,0,60,
holding ladder,0,60,
ranni the witch (cosplay),0,60,
lepus (constellation),0,60,
15-nin no richiteki na megane-tachi,0,60,
anima (honkai: nexus anima),0,60,
otome camellia,0,60,
chisato carrying takina (lycoris recoil),0,60,
multicolored sarong,0,60,
player palico (cosplay),0,60,
blue teeth,0,60,
skadi (arknights) (cosplay),0,60,
serbu super-shorty,0,60,
panzer 38(t),0,60,"panzerkampfwagen 38(t),pzkpfw 38(t)"
mysterious mask (fate),0,60,
taped legs,0,60,
camouflage footwear,0,60,
sekiha love-love tenkyoken,0,60,
orange bird,0,60,
futa with newhalf,0,60,
cleaning rod,0,60,
pop tab,0,60,
shirow masamune (style),0,60,
hand in jacket,0,60,
waving another's arm,0,60,
blue garter,0,60,
cat face sticker,0,60,
race queen two-piece,0,60,
fast ball,0,60,
isekai truck,0,60,truck-kun
jelly cube,0,60,
the best schoolmate (idolmaster),0,60,
kagura (gintama) (cosplay),0,60,
brush holder,0,60,
champagne tower,0,60,
camouflage coat,0,60,
naked pumpkin,0,60,
s.o.n.g. uniform,0,60,
the loud house (style),0,60,
etorofu (kancolle) (cosplay),0,60,
glowing knife,0,60,
blacktober,0,60,
squid print,0,60,
candy stick,0,60,
yuugumo (kancolle) (cosplay),0,60,
canadian flag print,0,60,
leech girl,0,60,
super sass,0,60,
doll panty check,0,60,
lombax,0,60,
throwing money,0,60,
tetra (fish),0,60,
strawberry bag,0,60,
marsh badge,0,60,
rainbow badge,0,60,
minnie mouse (cosplay),0,60,
contrast trim panties,0,60,
vaio,0,60,
another rider (zi-o),0,60,
heian-kyou (fate/grand order),0,60,
kiso (kancolle) (cosplay),0,60,
on creature,0,60,
turtleneck jumpsuit,0,60,
ucc coffee,0,60,
from ground,0,60,
paduka,0,60,
kaisendon,0,60,
sticks,0,60,
lasagne,0,60,
fanning breasts,0,60,
broken skull,0,60,
taut bikini,0,60,
wolf print,0,60,
netherworld (disgaea),0,60,
lass (pokemon) (cosplay),0,60,
destiny's embrace (kingdom hearts),0,60,
faceless hood,0,60,
crescent wing ornament,0,59,
minecraft axe,0,59,
glowing neckwear,0,59,
landing strip pubic hair,0,59,
let's draw short-haired hinanawi tenshi,0,59,
koukyou suru machi no katasumi de (project sekai),0,59,"in the corner of a resonant town (project sekai),in this singing city (project sekai)"
nandeyanen,0,59,
space colony ark,0,59,
tundra,0,59,
omari (omori),0,59,
scar on foot,0,59,scar on feet
zankuro (style),0,59,
tortico cat,0,59,
breast shake,0,59,
psyche (project tokyo dolls),0,59,
vgen logo,0,59,
feet burger (meme),0,59,
historical american flag,0,59,
underwear locked,0,59,
bible verse,0,59,
e-ming scimitar,0,59,
choso giving toudou a haircut (meme),0,59,
royal travel attire (zelda),0,59,
heart container,0,59,
mikagura private academy school uniform,0,59,
mazda mx-5 nd,0,59,
arm holster,0,59,
glooga dualies (splatoon),0,59,
upside-down world,0,59,
mao suit,0,59,
burning photo,0,59,
off-shoulder bandeau,0,59,
french braided ponytail,0,59,
alexander anderson's pose,0,59,
dolman (jacket),0,59,
denim apron,0,59,
monowheel,0,59,
person and furrification,0,59,
speedometer,0,59,
heart day,0,59,
sphere body,0,59,
highball glass,0,59,
red yarn,0,59,
burnt tongue,0,59,
ackchyually (meme),0,59,actually (meme)
belle (disney) (cosplay),0,59,
doujinshi cover trope (trend),0,59,
preschool team (len'en),0,59,
circle hands,0,59,
horseshoe necklace,0,59,
lucky channel,0,59,
torn photo,0,59,
backyard,0,59,
highwind,0,59,
food-themed choker,0,59,
ash baby (meme),0,59,
akiman pose,0,59,
glowing pussy,0,59,
clear marine calm (idolmaster),0,59,
shower cap,0,59,
zastava m21,0,59,
pinata,0,59,
glowing antlers,0,59,
itagaki keisuke (style),0,59,
yotsuwari-bishi,0,59,
atlanta (kancolle) (cosplay),0,59,
male robin (fire emblem) (cosplay),0,59,
animal ear footwear,0,59,
print ascot,0,59,
accurate ballet,0,59,
festering desire (genshin impact),0,59,
tesla (company),0,59,
carpet beater,0,59,"futon tataki,rug beater"
demon hood,0,59,
street fighter 6 new challenger art contest,0,59,
koe naki sakana,0,59,voiceless fish
arcueid brunestud (cosplay),0,59,
aircraft marshaller,0,59,"aircraft coordinator,aircraft guider"
interlocked toes,0,59,
announcer,0,59,
paper plate,0,59,
vaping,0,59,
weapon switch,0,59,
hk416 (girls' frontline) (cosplay),0,59,
caren hortensia (cosplay),0,59,
castle dedede,0,59,
covering stomach,0,59,
tardis,0,59,
ohhoai,0,59,
gradient bodysuit,0,59,
heel stretch,0,59,
ofuda over one eye,0,59,
stun baton,0,59,
snake penis,0,59,
ooze,0,59,
flab,0,59,
sophie hatter (howl no ugoku shiro) (cosplay),0,59,
power rack,0,59,
dish rack,0,59,dishrack
jet squelcher (splatoon),0,59,
komino masahiko (style),0,59,
atmospheric layer,0,59,
fortune bikini,0,59,
flirting 10 image response,0,59,
vietnamese flag,0,59,
awacs,0,59,
zi-o ridewatch,0,59,
stone building,0,59,
shirt belt,0,59,
yugakure symbol,0,59,
hexapod,0,59,
bowl boat,0,59,
sakimichan (style),0,59,
manchu clothes,0,59,
toe grab,0,59,
kettlebell,0,59,
onomichi (city),0,59,
saloon,0,59,
tapir print,0,59,
red garter,0,59,
sonic surrounded by amy plush dolls (meme),0,59,
medi gun,0,59,
manuscript paper,0,59,
after tribadism,0,59,
kaenken rekka,0,59,
timpani,0,59,
buffet,0,59,
b-25 mitchell,0,59,
nikujaga (food),0,59,
lactic acid bacteria,0,59,
hot plate,0,59,
hip strap,0,59,
no magazine (weapon),0,59,
sideless sweater,0,59,
caviar,0,59,
chicken mask,0,59,
vk-47 flatline,0,59,
flag nails,0,59,
slouch hat,0,59,
chicken-mushroom skewer (genshin impact),0,59,
zabrak,0,59,
vibrator on soles,0,59,
removable censorship,0,59,
dramatic stars (idolmaster),0,59,
ragdoll,0,59,
ittan momen,0,59,
shark hat,0,59,
wave motion gun,0,59,
giant salamander,0,59,
hexafusion,0,59,
webcounter,0,59,
fish-flavored toast (genshin impact),0,59,
king gainer over!,0,59,
chinese border,0,59,
poke ball mug,0,59,
dot triangle,0,59,
butterfly on mouth,0,59,
tirol chocolate,0,59,
disclaimer,0,58,
pink leaf,0,58,
large module (eve online),0,58,
grey dog,0,58,
cartesian chart,0,58,
neck pouch,0,58,
white bodice,0,58,
guy fawkes mask,0,58,
glowing gun barrel,0,58,
clipping fingernails,0,58,
nagisa kaworu (cosplay),0,58,
amused,0,58,
demon king academy school uniform,0,58,demon king academy uniform
za warudo,0,58,
blacksteel worldwide logo,0,58,
symphony no. 765 (idolmaster),0,58,
pink raincoat,0,58,
glove belt,0,58,
peekaboo,0,58,
covered shoulder blades,0,58,
archetype inception (fate/grand order),0,58,
nagamaki,0,58,
sega game gear,0,58,
fluffy sweet (idolmaster),0,58,
comic background,0,58,
ironing board,0,58,
pleasing parfait (umamusume),0,58,
looking at cup,0,58,
reflective clothes,0,58,
palestinian flag,0,58,
floating gem,0,58,
czech flag,0,58,
throw pillow,0,58,
butterfly cutout,0,58,
attack points,0,58,
bulldozer,0,58,
cross pin,0,58,
on mat,0,58,
monomi (danganronpa) (cosplay),0,58,
load-bearing piercing,0,58,
terminal,0,58,"cmd,command line"
saab gripen,0,58,
coat grab,0,58,
expressive object,0,58,
holostars idol uniform (1st act),0,58,
lace-up pants,0,58,
lace-trimmed boots,0,58,
mizuki nana (cosplay),0,58,
mandolin,0,58,
raven guard,0,58,
spores,0,58,
millennium castle (tsukihime),0,58,
blue spine,0,58,
muscle growth,0,58,
kitasan black (umamusume) (cosplay),0,58,
kill me dance,0,58,
delphinus (constellation),0,58,
nursing paizuri,0,58,
are you a virgin? (meme),0,58,
no bitches? (meme),0,58,
getter rays,0,58,
dior,0,58,
piranha,0,58,
ventilation fan,0,58,
triangle hair bun with corners toward head,0,58,
broken staff,0,58,
against chair,0,58,
pop in my heart!! (project sekai),0,58,popping in my heart! (project sekai)
food fight,0,58,
shark bag,0,58,
glowing tree,0,58,
faded memories (e.g.o),0,58,
dress under skirt,0,58,
slit throat (gesture),0,58,
ballerino,0,58,
penrose triangle,0,58,
miniapron,0,58,
brachiosaurus,0,58,
burger costume,0,58,
edogawa conan (cosplay),0,58,
cracked skull,0,58,
shanzha (fruit),0,58,
bouncing belly,0,58,
spam (food),0,58,
summoned swords,0,58,
short messy bangs,0,58,
we can do it!,0,58,
lightning claw,0,58,
shiratsuyu (kancolle) (cosplay),0,58,
fg42,0,58,
special type 2 launch ka-mi,0,58,
mage (dq3) (cosplay),0,58,
white wine,0,58,
meerkat boy,0,58,
print bandaid,0,58,
spidersona,0,58,
paladins of charlemagne (fate),0,58,
ass rubbing,0,58,
ring of fire,0,58,
stone bridge,0,58,
mine (place),0,58,
sol emerald,0,58,
ultraman (cosplay),0,58,
atre akihabara,0,58,
raw egg,0,58,
coil (dimension w),0,58,
oscilloscope,0,58,
coin slot,0,58,
den-o belt,0,58,
swedish clothes,0,58,
earth elemental,0,58,
kissing ass,0,58,ass kiss
kana (bunny garden) (cosplay),0,58,
akuma homura (cosplay),0,58,
null focus,0,58,
north korean flag,0,58,
goosebumps,0,58,
fingers on another's face,0,58,
crested hair,0,58,
folding,0,58,
reddit logo,0,58,
danish pastry,0,58,
veterinarian,0,58,
miko day,0,58,
cow hair ornament,0,58,
diaper changing,0,58,
long sword (sao),0,58,
dragon dance,0,58,
rowdyruff boys,0,58,
swedish flag print,0,58,
soyombo earrings,0,58,
zun hat,0,58,
fatass teto (meme),0,58,
winter daphne,0,58,
druid,0,58,
minebea pm-9,0,58,
longinus (weapon) (fate),0,58,
special week (umamusume) (cosplay),0,58,
trolley problem,0,58,
hoodie pull,0,58,
umezu kazuo (style),0,58,
possibility of puberty (sword),0,58,
cryptocurrency,0,58,
tongue wrap,0,58,
walrus boy,0,58,
fn minimi,0,58,
polka dot bloomers,0,58,
pencil in hair,0,58,
manspreading,0,58,
moon background,0,58,
lounge,0,58,
kitakami (kancolle) (cosplay),0,58,
unicorn print,0,58,
skull and crossbones tattoo,0,58,
la liga,0,58,
striped robe,0,58,
at-at,0,58,
tennomifune academy school uniform,0,58,tennomifune academy uniform
hat branch,0,58,
onion (pikmin),0,58,
ringer box,0,58,
miracle belltier,0,58,
apron pocket,0,58,
hat over one ear,0,58,
checkered bandana,0,58,
headdesk,0,58,
mystia lorelei (cosplay),0,58,
spoon bending,0,58,
dodge challenger,0,58,
tripod (laboratory),0,58,
alpaca hair ornament,0,58,
fall guy (cosplay),0,58,
lion (macross frontier),0,58,
parquet floor,0,58,
snowdin (undertale),0,58,
triple tiara (umamusume),0,58,
autocycle,0,58,
sawai yoshio (style),0,58,
bell piercing,0,58,
police box,0,58,
white fence,0,57,
broken cable,0,57,
ear picking,0,57,
holding tank shell,0,57,
brazilian national soccer team uniform,0,57,
montsuki,0,57,
braided scarf,0,57,
ntr character sheet,0,57,
blade of grass,0,57,
worm girl,0,57,
hands on own back,0,57,
finger in navel,0,57,
shashka,0,57,
contingency contract (arknights),0,57,
curse,0,57,
trampoline,0,57,
bodybuilder,0,57,
color picker,0,57,
ahri (league) (cosplay),0,57,
arm behind leg,0,57,
double luo ji,0,57,
evol driver,0,57,
colored blush,0,57,
earth badge,0,57,
eden gross cooking reaction (meme),0,57,
fierce deity mask (zelda),0,57,
j.k. (style),0,57,
pole vault,0,57,
rakugo,0,57,
oriens (nijisanji),0,57,
stretched neck,0,57,
cake slicer,0,57,
silicone chainsaw (sex tool),0,57,
rosemary (herb),0,57,
hook office (identity) (project moon),0,57,
single couter,0,57,
mouse hole,0,57,
warbonnet,0,57,
columbina (genshin impact) (cosplay),0,57,
nia colle fashion design,0,57,
lace arm warmers,0,57,
hasu no sora pop up shop china collection,0,57,
rof-mao,0,57,
alternate tail color,0,57,
slingshot tan,0,57,
spetsnaz,0,57,"russian special forces,soviet special forces"
skirt around one ankle,0,57,
redaction,0,57,
presenting pectorals,0,57,
burnt paper,0,57,
rapi (nikke) (cosplay),0,57,
swan lake headpiece,0,57,
urethral penetration,0,57,
crouch start,0,57,
nagai gou (style),0,57,
half-sleeves,0,57,
electric shock (nikke),0,57,
riding shark,0,57,
sweety (zenless zone zero) (cosplay),0,57,
tanbi kei,0,57,
gundam age-1 titus (cosplay),0,57,
matt groening (style),0,57,
pioneer (nikke),0,57,
glowing feet,0,57,
pov hair,0,57,
slingshot dress,0,57,
helix,0,57,
new york city police department,0,57,nypd
ass clap,0,57,
occult studies club (blue archive),0,57,
imminent bukkake,0,57,
dandruff,0,57,
rabbit ear hat,0,57,
1950s (style),0,57,
cyaron! (love live!),0,57,cyaron (love live!)
catnip,0,57,
grey hiphighs,0,57,
gratin,0,57,
zebesian,0,57,
holding bracelet,0,57,
bubble head nurse (cosplay),0,57,
apprentice chef (twisted wonderland),0,57,
microphone between breasts,0,57,
alpha legion,0,57,
i'm stuff (meme),0,57,
uma stars (umamusume),0,57,
multicolored bag,0,57,
maritozzo,0,57,
undone cross tie,0,57,
corpus spongiosum,0,57,
putting in contact lens,0,57,
pokeblock,0,57,
gun between thighs,0,57,
male thong,0,57,
airfield,0,57,
suzume no oyado no katsudou nisshi,0,57,
hyundai,0,57,
red snapper,0,57,
eve (stellar blade) (cosplay),0,57,
shampoo challenge,0,57,
hs2000,0,57,springfield armory xd-m
type 90 (tank),0,57,type 90 kyu-maru
malaysian clothes,0,57,
snow animal,0,57,
star-shaped bikini,0,57,
yelan (genshin impact) (cosplay),0,57,
leaning on ball,0,57,
tortoiseshell-framed eyewear,0,57,
saizeriya,0,57,
tail sex,0,57,
cleavage cutout tug,0,57,
nismo,0,57,
braided mustache,0,57,
holostars idol uniform (2nd act),0,57,
convenient tentacle,0,57,tentacle censor
argyle ribbon,0,57,
imminent licking,0,57,
twinhook pirates (identity) (project moon),0,57,
eggplant costume,0,57,
yukuni academy school uniform,0,57,
burying,0,57,
quanxi's group (chainsaw man),0,57,
secretarybird,0,57,
beelstarmon (cosplay),0,57,
double-decker hamburger bun,0,57,
raihan (pokemon) (cosplay),0,57,
aether foundation employee (cosplay),0,57,
muleta,0,57,
king game,0,57,
echo flower,0,57,
pound cake,0,57,
marui (company),0,57,
t-back spats,0,57,
miyamoto musashi (swimsuit berserker) (fate) (cosplay),0,57,
jasmine (disney) (cosplay),0,57,
serrated knife,0,57,
dalmatian print,0,57,
butterfly print sash,0,57,
flower on shoulder,0,57,
print ball,0,57,
battle scarred,0,57,
tea stalk,0,57,
tatara kogasa (cosplay),0,57,
pooka (odin sphere),0,57,
minami kotori (cosplay),0,57,
togepi egg,0,57,
breast band,0,57,
bamboo branch,0,57,
caning,0,57,
spoken sun,0,57,
finger wrap,0,57,
penis envy,0,57,
void elf (warcraft),0,57,
kouryou academy school uniform,0,57,kouryou academy uniform
inflatable torpedo,0,57,
holding butterfly,0,57,
stardust breaker,0,57,
tiger dojo,0,57,
mercy (overwatch) (cosplay),0,57,
soldering,0,57,
theodolite,0,57,
koala ears,0,57,
tairyou-bata,0,57,
thunder badge,0,57,
collateral damage,0,57,
leather bra,0,57,
nibelheim,0,57,
leggings under skirt,0,57,
nuanmao,0,57,
the wild strawberry (idolmaster),0,57,
toni kensa (splatoon),0,57,
alaskan klee kai,0,57,
ankle holster,0,57,
steel ingot,0,57,
musical note-themed food,0,56,
grady sisters (the shining) (cosplay),0,56,
zipper legwear,0,56,
rat boy,0,56,
outer ring excavations (eve online),0,56,
frog hat ornament,0,56,
broken bridge,0,56,
green blanket,0,56,
fur-trimmed bow,0,56,
standing on desk,0,56,
holding sheep,0,56,
wonder woman (cosplay),0,56,
mikuma (kancolle) (cosplay),0,56,
biting testicles,0,56,
sig san 511,0,56,om 50 nemesis
fur-trimmed pajamas,0,56,
rainbow sticker,0,56,
avatar state,0,56,
green lantern corps,0,56,
planet necklace,0,56,
finger painting,0,56,
dotabata cafe rec!! (project sekai),0,56,"bustling cafe rec!! (project sekai),hectic cafe rec!! (project sekai)"
fbi badge,0,56,
roden shipyards (eve online),0,56,
occult,0,56,
g-clef (precure),0,56,g-clef (suite precure)
blue romper,0,56,
spoken hand,0,56,
blood wings,0,56,
potters wheel,0,56,
silo,0,56,
holding another's feet,0,56,
penis-shaped jewelry,0,56,
special present for you! (project sekai),0,56,
portcullis,0,56,
bee hair ornament,0,56,
ochazuke (food),0,56,
air max,0,56,
nachos,0,56,
amy rose (cosplay),0,56,
polka dot bag,0,56,
dvd player,0,56,
aiscream (love live!),0,56,
coffee siphon,0,56,
wig stand,0,56,
holding paw,0,56,
gibson es-335,0,56,
rapunzel (disney) (cosplay),0,56,
vollstandig,0,56,
ashen wolves (fire emblem),0,56,
gallows,0,56,
festoon (necklace),0,56,
kiritsusei juuji academy school uniform,0,56,kiritsusei juuji academy uniform
stilt house,0,56,
holding perfume,0,56,
holding ghost,0,56,
kunchim2 cat transformation template (meme),0,56,
mexican flag print,0,56,
sticker on chest,0,56,
sphynx cat,0,56,
paintball,0,56,
multiple armlets,0,56,
junko (touhou) (cosplay),0,56,
korean armor,0,56,
frilled pantyhose,0,56,
jalapeno pepper,0,56,
schedule,0,56,
horseshoe tattoo,0,56,
awooo,0,56,
tenor saxophone,0,56,
water stream,0,56,
penguin boy,0,56,
swiping,0,56,
march 7th (honkai: star rail) (cosplay),0,56,
ichigozaka middle school uniform,0,56,
empire state building,0,56,
chloe von einzbern (archer install) (cosplay),0,56,
air hockey,0,56,
hair over ass,0,56,
human shield,0,56,
kv-1,0,56,
pp-2000,0,56,
scorpion pose,0,56,
velcro,0,56,
tail stand,0,56,
zenryoku cheerleader (idolmaster),0,56,
kumorizora no mukou wa hareteiru,0,56,
ksvk 12.7,0,56,
youkai pad,0,56,
pomegranate flower,0,56,
umbrella sword,0,56,
loquat,0,56,
tsubakisakuhana school uniform,0,56,
takizakura school uniform,0,56,
b-29 superfortress,0,56,
shiisaa,0,56,
patisserie chuchu uniform,0,56,
lattice mast,0,56,
penitence (e.g.o),0,56,
ouro kronii (cosplay),0,56,
mafia (holostars),0,56,
yakisoba spill,0,56,
spathiphyllum,0,56,
kyouwa school uniform,0,56,
desu,0,56,
egg tart,0,56,
hand on own tentacles,0,56,
kirin (company),0,56,
blood from ears,0,56,
majima everywhere,0,56,
perimeter wall,0,56,
american civil war,0,56,
shedding fur,0,56,
mahou shoujo kikou ~prisma codes~,0,56,
balenciaga,0,56,
height lineup,0,56,
nijiura 7 (meme),0,56,
kono dio da (meme),0,56,
evolved virgin killer sweater,0,56,
frilled curtains,0,56,
rainbow-tinted eyewear,0,56,
diddle diddle,0,56,
kamado tanjirou (cosplay),0,56,
puppet show,0,56,
holotori,0,56,holobirds
stuffed pegasus,0,56,
bug print,0,56,
dyson (company),0,56,
survey corps,0,56,
coil,0,56,
white lightsaber,0,56,
white singlet,0,56,
naver username,0,56,
drillhorn sword,0,56,
she holds my weakness (meme),0,56,
paifang,0,56,
itunes card,0,56,
nereid (romancing saga 2),0,56,
gull-wing doors,0,56,gullwing doors
grey headdress,0,56,
pudding hair ornament,0,56,
goggles around arm,0,56,
kasugano sakura (cosplay),0,56,
kotatsnail,0,56,
us navy (emblem),0,56,
egg earrings,0,56,
departure board,0,56,
arakumo gakuen,0,56,
shaving armpit,0,56,
panther pink (precure),0,56,
drivesuit (pacific rim),0,56,
animal band panties,0,56,
wall cross-section,0,56,
mega lopunny (cosplay),0,55,
pipis (deltarune),0,55,
tooth hair ornament,0,55,
cosplay photo inset,0,55,
print overalls,0,55,
makeover,0,55,
sunroof,0,55,
you know other men? (meme),0,55,"most jealous man (meme),most jealous woman (meme)"
on log,0,55,
joya no kane,0,55,
no piercings,0,55,
gradient shoes,0,55,
blood on scissors,0,55,bloody scissors
tackle box,0,55,
color filter,0,55,
hungary,0,55,
hinduism,0,55,
petal on nose,0,55,
orange blood,0,55,
tama kanzashi,0,55,
brynhildr (fire emblem),0,55,
red dougi,0,55,
gudok,0,55,
oversized gloves,0,55,
jade pendant,0,55,
cross-laced collar,0,55,
smelling pantyhose,0,55,
dytica (nijisanji),0,55,
imminent threesome,0,55,
touching forehead,0,55,
cooperative naizuri,0,55,multiple naizuri
camelopardalis (constellation),0,55,
multiple aircraft,0,55,
golf bag,0,55,
nike dunk,0,55,
tenno sho,0,55,
studded armor,0,55,
super stamina drink (gakuen idolmaster),0,55,
astral dress,0,55,
throwing weapon,0,55,
aqua shrug,0,55,
jazz for your soul (meme),0,55,
o scanner,0,55,
creodron (eve online),0,55,
creative signature,0,55,
model clipping,0,55,
kingstone,0,55,
head on ground,0,55,
red tailcoat,0,55,
holographic wings,0,55,
bitter,0,55,
control tower,0,55,
cow print wrist cuffs,0,55,
kazoo,0,55,
hello good day! (project sekai),0,55,hello to a new day! (project sekai)
removing bikini top,0,55,
sloshing (e.g.o),0,55,
comically sharp chin,0,55,yaoi chin
half-leotard,0,55,
meerkat,0,55,
i really like wearing sunglasses (meme),0,55,
after time valentine 2026,0,55,
holding hair clipper,0,55,
open hat,0,55,
kraken regiment,0,55,
persim berry,0,55,
napa cabbage,0,55,
lipstick mark tattoo,0,55,
rubber duck hair ornament,0,55,
backpack vacuum cleaner,0,55,
lightning farron (cosplay),0,55,
nipple push,0,55,
jagged sclera,0,55,
throwing petals,0,55,
bearskin cap,0,55,
through bars,0,55,
you are an idiot (virus),0,55,
blue grass,0,55,
breeches,0,55,
art styles image response,0,55,
scout (tf2) (cosplay),0,55,
seele (evangelion),0,55,
margarita,0,55,
licking tentacle,0,55,
torn buruma,0,55,ripped buruma
very long veil,0,55,
holding globus cruciger,0,55,
bronze,0,55,
momoi (blue archive) (cosplay),0,55,
broken hypnosis,0,55,
anti-aircraft missile,0,55,
capotain,0,55,pilgrim hat
the dazzlings (my little pony),0,55,
paw earrings,0,55,
dryad fruit (dungeon meshi),0,55,
izumi sagiri (cosplay),0,55,
tomakanote (love live!),0,55,
tears of joy emoji,0,55,"joy emoji,laughing crying emoji"
armory,0,55,
world trade center,0,55,twin towers (world trade center)
spinning cat (meme),0,55,
helipad,0,55,
nijisanji gamers,0,55,
uchigatana,0,55,
judaism,0,55,jewish
x-ray electrocution,0,55,
zuo wang dao,0,55,
ki-43 hayabusa,0,55,
splashtag (splatoon),0,55,
setsubun shuen emaki,0,55,
photo stand-in,0,55,
guided pectoral grab,0,55,
white scars,0,55,
himaruya hidekazu (style),0,55,
gunkata,0,55,
arsene lupin iii (cosplay),0,55,
you dress weird (meme),0,55,
island turtle,0,55,
escape ad,0,55,
cum on shoe,0,55,
koopalings,0,55,
goldeen (cosplay),0,55,
voices & letters collection!,0,55,
constellation crystal (ff14),0,55,
goldion hammer,0,55,
charge blade,0,55,
hirasawa yui (cosplay),0,55,
b-2 spirit,0,55,
bleeding heart (flower),0,55,
vagina dentata,0,55,
toortsog,0,55,
aestus domus aurea,0,55,
rectangular coffin,0,55,
only my railgun,0,55,only my railgun (meme)
a baoa qu,0,55,
iron sting (genshin impact),0,55,
holding bulb,0,55,
star in mouth,0,55,
loose skirt,0,55,
carrying pole,0,55,
labraunda (fire emblem),0,55,
headwear pull,0,55,
rain mikamura (cosplay),0,55,
last shooting,0,55,
smok (hololive),0,55,
dreamcast controller,0,55,
unworn blouse,0,55,blouse removed
wing star,0,55,
nia teppelin (cosplay),0,55,
yuiazu (unit),0,55,
asymmetrical one-piece swimsuit,0,55,
zombie (bleach),0,55,
ff gradient,0,55,
airbrush,0,55,
being late,0,55,
recliner,0,55,
puffy collar,0,55,
coronavirus,0,55,
monorail,0,55,
pinball,0,55,
dell,0,55,
ankle fins,0,55,
cure happy (cosplay),0,55,
tomato print,0,55,
grandma,0,55,
drawing on snow,0,55,
asymmetry,0,55,
armor girls project,0,55,
blanket over legs,0,55,
pointillism,0,55,
ushiwakamaru (fate) (cosplay),0,55,
warspite (kancolle) (cosplay),0,55,
imaginary scramble,0,55,
sailor uranus (cosplay),0,55,
mutual tsundere,0,55,
sock tan,0,55,
gondola lift,0,55,
tickling ass,0,55,
gossip,0,55,
animal hairband,0,55,
pure nail (hollow knight),0,55,
flayed skin,0,55,
pink carpet,0,54,
fluffy collar,0,54,
clock hat ornament,0,54,
floating blood,0,54,
cream on hands,0,54,
skeletal body,0,54,
holding with tentacle,0,54,
substitution technique,0,54,
computer fan,0,54,
new year's eve,0,54,
akali (league) (cosplay),0,54,
diana (pragmata) (cosplay),0,54,
futhark,0,54,"nordic runes,norse runes"
on raft,0,54,
wand lighter,0,54,
geyser,0,54,
tbh creature (meme),0,54,
bling-bang-bang-born (creepy nuts),0,54,
overlapped images,0,54,
dash store touhou collaboration,0,54,
hanegasaki academy school uniform,0,54,hanegasaki academy uniform
longship,0,54,
molar office (identity) (project moon),0,54,
buster rifle,0,54,
chest binder,0,54,
tohno tengu shinobi group uniform,0,54,
pig hair ornament,0,54,
smelling shoe,0,54,
toothache,0,54,
byzantine empire,0,54,
food-themed brooch,0,54,
league card,0,54,
removing maebari,0,54,maebari pull
egg print,0,54,
grunge (fashion),0,54,
nipple rub through clothes,0,54,
demonica,0,54,
aerial hoop,0,54,
pipeline,0,54,
flehmen response,0,54,
sonic boom (speed),0,54,
maginot school uniform,0,54,
white tree,0,54,
10mm pistol,0,54,
hand in another's bra,0,54,
fur sleeve cuffs,0,54,
polehammer,0,54,
yellow tiara,0,54,
glowing book,0,54,
radiation symbol-shaped pupils,0,54,
gradient shadow,0,54,
fn mk 20 ssr,0,54,
holding unworn chastity cage,0,54,
chopper crying (meme),0,54,
wings as eyes,0,54,
advent card,0,54,
beamed thirty-second notes,0,54,
witch (fire emblem fates) (cosplay),0,54,
boku wa konya deteiku,0,54,
poisoned,0,54,
suiseiseki (cosplay),0,54,
eden-gumi,0,54,
lonely lonely dance (meme),0,54,
illegible text,0,54,"illegible dialogue,scribbled dialogue"
autobomb (splatoon),0,54,
shine sprite,0,54,
shishiro botan (cosplay),0,54,
sig sg552,0,54,sig sauer 552
ah-1 cobra,0,54,
fractal,0,54,
nude guy wrapped in ribbons standing (meme),0,54,
instant transmission,0,54,
eyes over blush,0,54,
hitler youth,0,54,
bullet wound,0,54,
revy (black lagoon) (cosplay),0,54,
khorne (symbol),0,54,
nasu squad's uniform,0,54,
stone mask,0,54,
:v,0,54,
green headdress,0,54,
switch (ensemble stars!),0,54,
fake pincers,0,54,
mikagura uniform (new link),0,54,
guts (berserk) (cosplay),0,54,
double shaka sign,0,54,
archer summoning day,0,54,
allagan tomestone,0,54,
roundtable hold (elden ring),0,54,
ointment,0,54,
turkish clothes,0,54,
hand under pillow,0,54,
eyewear visible through hair,0,54,
protocol. (futsuu no keion-bu),0,54,
star color pendant,0,54,
keep calm and carry on,0,54,
paramedic,0,54,
indonesian elementary school uniform,0,54,
flash cards,0,54,
elf hat,0,54,
pen behind ear,0,54,
passion flower,0,54,
shooing,0,54,
qr code tattoo,0,54,
pentagram tattoo,0,54,
smashing guitar,0,54,
shinzou (ado),0,54,
pearl bikini,0,54,
watermelon innertube,0,54,
kamihama future academy school uniform,0,54,
sonoda umi (cosplay),0,54,
cockatrice,0,54,
beta pollux,0,54,
beach city,0,54,
chinese restaurant,0,54,
nejikirio (style),0,54,
breastless ghost costume,0,54,
blindfold down,0,54,
life-size gardevoir plush,0,54,
passion!!!!!! (love live!),0,54,
head removed,0,54,
imijikarishi valentine,0,54,
unusually limbed,0,54,
threaded cane,0,54,
gudaguda meiji ishin,0,54,
eyed shadow,0,54,
vanan'ice,0,54,
holding bamboo shoot,0,54,
weichang,0,54,
coiled cord,0,54,
i-401 (kancolle) (cosplay),0,54,
body fins,0,54,
chives,0,54,
daddycool's tan'yao (meme),0,54,
daitouren (fate),0,54,
rakko-nabe,0,54,
toad (mario) (cosplay),0,54,
robe slip,0,54,
frostmourne,0,54,
ots-12 tiss,0,54,
galette (food),0,54,
colombia,0,54,
circle print,0,54,
carbon fiber,0,54,
head cage,0,54,
pantyhose around legs,0,54,
tandem bicycle,0,54,
bone ornament,0,54,
blanket burrito,0,54,
brochure,0,54,
su----per cute,0,54,
meiko (vocaloid) (cosplay),0,54,
lifting vehicle,0,54,lifting car
letter pose,0,54,
glass floor,0,54,
nut hair ornament,0,54,
white pelvic curtain,0,54,
side-tie legwear,0,54,
kamisato ayaka (cosplay),0,54,
sd card,0,54,
qiqi (genshin impact) (cosplay),0,54,
su-47 berkut,0,54,
qawsedrftgyhujikolp,0,54,
nachiya,0,54,
lopsided border,0,54,
humidifier,0,54,
etwahl,0,54,
tsuioku marionette (ensemble stars!),0,54,
faux text,0,54,
grey tabard,0,54,
it's super effective,0,54,
progress pride flag,0,54,
bow of light,0,54,
tiki (young) (fire emblem) (cosplay),0,54,
triangle-shaped pubic hair,0,54,
9/11,0,54,
covered wagon,0,54,
amemiya taiyou (mixi max zhuge kongming),0,54,
smoked cheese,0,54,
mouth bubble,0,54,
edward elric (cosplay),0,54,
focus (horizon),0,54,
holding unworn thighhighs,0,53,
aps rifle,0,53,
aqua pussy,0,53,
triangle bra,0,53,
aloe (plant),0,53,
lightning crotch (meme),0,53,lightning crotch
hauling ship (eve online),0,53,
dental filling,0,53,
supergirl (cosplay),0,53,
metal jaw,0,53,
hands under chin,0,53,
eri (blue archive) (cosplay),0,53,
laser musket,0,53,
plate on head,0,53,
powdered wig,0,53,
holding first aid kit,0,53,
brown car,0,53,
quartz (gemstone),0,53,
fin piercing,0,53,
neck snap,0,53,
crow's eye view (e.g.o),0,53,
calligraphy scroll,0,53,
finger on another's head,0,53,
shibari marks,0,53,
sweating speech bubble,0,53,
uss iowa (bb-61),0,53,
poking ass,0,53,
chain axe,0,53,
h&k vp70,0,53,
ecchuu fundoshi,0,53,
super earth salute (helldivers),0,53,
tentacle with hand,0,53,tentacles with hands
pop cat (meme),0,53,
502nd joint fighter wing,0,53,
winged cat,0,53,
b&t apc,0,53,
drive driver,0,53,
shiratorizawa volleyball uniform,0,53,
crest of flames,0,53,
sputnik and pogrom,0,53,
columbine (flower),0,53,
zekkyou!? ookami no mori e youkoso! (project sekai),0,53,"scream!? welcome to the wolf forest! (project sekai),screaming?! welcome to the forest of wolves! (project sekai)"
blutgang (fire emblem),0,53,
green anus,0,53,
dirty arm,0,53,
food-themed weapon,0,53,
gauze on forehead,0,53,
rafiki holding simba (meme),0,53,
phoenix wright (cosplay),0,53,
thirty-second note,0,53,
licking own arm,0,53,
you and i! (idolmaster),0,53,
kawaranu atatakasa no tonari de (project sekai),0,53,"beside unchanging warmth (project sekai),next to the unchanging warmth (project sekai)"
sea stars,0,53,
catwoman (cosplay),0,53,
tattoo choker,0,53,
whipping hair,0,53,
lipstick mark on hand,0,53,
bound testicles,0,53,
aegis (nikke),0,53,
floating lights,0,53,
patting belly,0,53,
hydraulic press,0,53,
brothers-in-law,0,53,
aris dance (meme),0,53,
shide hair ornament,0,53,
folding stool,0,53,
pin legs,0,53,
driving license,0,53,
bolt cutters,0,53,
rainbow bow,0,53,
star bra,0,53,
head on own shoulder,0,53,
shoulder pads (fashion),0,53,
black bear,0,53,
harness belt,0,53,
kunai hair ornament,0,53,
twin blades of levianta,0,53,
bodysuit only,0,53,
movie projector,0,53,
ankh tattoo,0,53,
hewlett-packard,0,53,
s'more,0,53,
study distraction,0,53,
police siren,0,53,
cracked shell,0,53,
no veil,0,53,
onion dome,0,53,
twirling mustache,0,53,
kono hito hari ni omoi wo komeru (project sekai),0,53,warmth in every stitch (project sekai)
nagano (grayparka) (style),0,53,
pan flute,0,53,
assless skirt,0,53,
eyebrow razor,0,53,
flower costume,0,53,
chaos undivided (symbol),0,53,
sailor saturn (cosplay),0,53,
glans,0,53,
options (shmup),0,53,
no stopping sign,0,53,
squeezer (splatoon),0,53,
mussel,0,53,
russian air force,0,53,
meat hook,0,53,
ramekin,0,53,
liebe girls academy school uniform,0,53,
fan meeting,0,53,
extra pussies,0,53,
minmatar logo (eve online),0,53,
see-through underwear,0,53,
t-90,0,53,
chocolate truffle,0,53,
newt,0,53,
theresa apocalypse (cosplay),0,53,
holding button,0,53,
allium (flower),0,53,
mash kyrielight (enma-tei uniform) (cosplay),0,53,
subachocolunatan (hololive),0,53,
maya kai ni (kancolle) (cosplay),0,53,
tying panties,0,53,
mastercard,0,53,
press conference,0,53,
pink garter,0,53,
ear-to-ear,0,53,
swinging on vine,0,53,
torn headband,0,53,ripped headband
chagama (pot),0,53,
camel tail,0,53,
cracking ground,0,53,
holding pasteur pipette,0,53,
toy tank,0,53,
scottish flag,0,53,
divine water (fate),0,53,
canary,0,53,
patio swing,0,53,
majima goro (cosplay),0,53,
mclaren p1,0,53,
transparent ribbon,0,53,
morozoff,0,53,
ocelot print,0,53,
fax machine,0,53,
star hair bun,0,53,
gradient socks,0,53,
shimizu takako (style),0,53,
adrian helmet,0,53,
spitting seed,0,53,
wide belt,0,53,
banana split,0,53,
a katakana sign (sarazanmai),0,53,
black swan (bird),0,53,
nidaime wa alter-chan,0,53,
purple overskirt,0,53,
tone (kancolle) (cosplay),0,53,
hawker harrier,0,53,
terra branford (cosplay),0,53,
maru ni juumonji (crest),0,53,
giraffe boy,0,53,
against chalkboard,0,53,
hat on horn,0,53,hat on antlers
matching ring,0,53,
argonian,0,53,
tail rape,0,53,
licking own foot,0,53,
elbow drop,0,53,
curry roux,0,53,
bugatti,0,53,
cooling tower,0,53,
stained glass print,0,53,
implied urethral insertion,0,53,
pride trooper uniform,0,53,
sunsettia (genshin impact),0,53,
prosthetic ear,0,53,
horoscope,0,53,
holding weapon with feet,0,53,
multicolored headscarf,0,53,
bowed wings,0,53,
undine,0,53,
n1k,0,53,
tsurikichi obasan,0,53,
re prologue x (idolmaster),0,53,
fur-trimmed slippers,0,53,
object on bulge,0,53,
angela balzac (cosplay),0,53,
cum on goggles,0,53,
inconspicuous sex toy,0,53,
walfas,0,53,
shirasaya,0,53,
night awls (identity) (project moon),0,53,
ibm (ajin),0,53,
diving block,0,53,
mcm (brand),0,53,
hf murasama,0,53,
s i n (fate/grand order),0,53,
choice specs,0,53,
royal officer academy school uniform,0,53,
waterskiing (meme),0,53,
remielle dan (cosplay),0,52,
sherbet glass,0,52,
print paper fan,0,52,
maltese,0,52,
training wheels,0,52,
red paint,0,52,
bolkki,0,52,
poet sleeves,0,52,
komaeda nagito (cosplay),0,52,
patterned skin,0,52,
fledglings class (blue archive),0,52,
transverse plane cutting,0,52,
garage door,0,52,
gorka suit,0,52,
fountain of dreams,0,52,
jessica rabbit (cosplay),0,52,
finger on nipple,0,52,
yellow track suit,0,52,
interlocked legs,0,52,
parabolic antenna,0,52,
guided handjob,0,52,
tendon (food),0,52,
red arrow and circle (meme),0,52,
revolcane,0,52,
apricot (fruit),0,52,
pachinko ball,0,52,
parka girls (touhou),0,52,
anti-tank missile,0,52,
badger boy,0,52,
rigby the cat (meme),0,52,
miasma,0,52,
h&k mp5sd,0,52,
sleeveless bodystocking,0,52,
no u-turn sign,0,52,
till (alien stage) (cosplay),0,52,
magic circle floating ahead hand,0,52,
plaid cardigan,0,52,
riding moped,0,52,
hiking backpack,0,52,
asura (mythology),0,52,
evil container (meme),0,52,
aqua visor cap,0,52,
dog dildo,0,52,
horizontal-striped belt,0,52,
heishou pack-si branch (identity) (project moon),0,52,
ramen stand,0,52,
math lady (meme),0,52,
galaxy rangers (honkai: star rail),0,52,
nervous system,0,52,
jizaikagi,0,52,
d-ark,0,52,
into the new light (project sekai),0,52,
assassin (fate/zero) (cosplay),0,52,
torn tube top,0,52,
sniping,0,52,
ayase momo (cosplay),0,52,
aqua petals,0,52,
silver skirt,0,52,
riviere (necklace),0,52,
eclipse scythe,0,52,
baking my long distance bf into a cookie because i miss him (meme),0,52,
jeanne d'arc alter (swimsuit berserker) (fate) (cosplay),0,52,
ryegrass for haru urara,0,52,
maliketh's black blade (elden ring),0,52,
cooperative testicle sucking,0,52,
inconvenient hair,0,52,
egg mobile,0,52,
futatsuiwa mamizou (cosplay),0,52,
murasame (kancolle) (cosplay),0,52,
head blush,0,52,
mushoku toumeisai,0,52,mushoku tomei sai
duvolle laboratories (eve online),0,52,
floral print leotard,0,52,
pallas's cat,0,52,
wingdings,0,52,
thousand-men pin,0,52,
space skin,0,52,
finger to eyewear,0,52,
1990,0,52,
c.c. day,0,52,
clothes over shoulder,0,52,
irisviel von einzbern (halloween princess) (cosplay),0,52,
dotted eighth note,0,52,
big boss (cosplay),0,52,
long body,0,52,
armpit hold,0,52,
plaid corset,0,52,
raiden mei (cosplay),0,52,
heart-shaped mirror,0,52,
vocaloid editor,0,52,
softball (sport),0,52,
frilled sarong,0,52,
clothes on chair,0,52,
strapless dildo,0,52,
after female ejaculation,0,52,
on airplane,0,52,
electric razor,0,52,
kickflip,0,52,
dromedary camel,0,52,
tip jar,0,52,
box lottery (fate/grand order),0,52,
jackhammer,0,52,
rectangular 6koma,0,52,
enter enter mission!,0,52,
chernobyl,0,52,"chernobyl npp,chornobyl"
somua s35,0,52,s35
xbox logo,0,52,
leopard pelt,0,52,
gantz sword,0,52,
cbj-ms,0,52,
same-hada,0,52,
hidden weapon,0,52,
stille (sousou no frieren),0,52,
cow print shrug,0,52,
jamaican flag,0,52,
yuffie kisaragi (cosplay),0,52,
qbz-03,0,52,
throwing hat,0,52,
icelandic flag,0,52,
toilet brush,0,52,
reverse leg lock,0,52,
body cam,0,52,
nanakusa-no-sekku,0,52,
racer's high (stellar blade),0,52,
times square,0,52,
kazama squad's uniform,0,52,
giga drill break,0,52,
kagerou (kancolle) (cosplay),0,52,
bad vehicle anatomy,0,52,
skeleton snake,0,52,
walking backwards,0,52,
oddly specific shirts (meme),0,52,
landing craft,0,52,
in cart,0,52,
nai ga (style),0,52,
venus chain (sailor moon),0,52,
t-800 (cosplay),0,52,
exorcism,0,52,
floating character,0,52,
boundless creation (eve online),0,52,
inhaler,0,52,
chinpo ni wa katenakatta yo,0,52,
xiangqi,0,52,
blackcliff slasher (genshin impact),0,52,
omanjuu mascot,0,52,
takecopter,0,52,
hata no kokoro (cosplay),0,52,
highleg shorts,0,52,
black tulip,0,52,
barrel shroud,0,52,
rapid blaster (splatoon),0,52,
mononobe no futo (cosplay),0,52,
protect gear,0,52,
wintersweet,0,52,
teikoku,0,52,
human sacrifice,0,52,
helena blavatsky (fate) (cosplay),0,52,
nudge,0,52,
italian army,0,52,
pokestop,0,52,
usuzan school uniform,0,52,
nico robin (cosplay),0,52,
divine bustier (dq),0,52,
grape earrings,0,52,
chippendales,0,52,
reisa (blue archive) (cosplay),0,52,
mejiro palmer (umamusume) (cosplay),0,52,
ceremony,0,52,
sa-3 mozambique,0,52,
song dynasty,0,52,
nijigasaki 3rd years,0,52,
sierpinski triangle,0,52,
belly press,0,52,
pink dog,0,52,
kojiri,0,52,
beam weapon,0,52,
karaoke hasu no sora,0,52,
starfish print,0,52,
russian roulette,0,52,
periscope,0,52,
cum in headwear,0,52,
yui (princess connect!) (cosplay),0,52,
peeler,0,52,
curren chan (umamusume) (cosplay),0,52,
mario day,0,52,
seijou baseball uniform,0,52,
ueda hajime (style),0,52,
live for venus (idolmaster),0,52,
wish (ado),0,52,
kurobara girls high school uniform,0,52,
holding tiara,0,52,
towel lift,0,52,
stuffed bat,0,52,
quidditch,0,52,
sengoku nadeko (cosplay),0,52,
clipping another's nails,0,52,
kefir,0,52,
custodian helmet,0,52,
ideon gauge,0,52,
valkyrie skirt,0,52,
gunjou gakuen school uniform,0,52,
mirakurun (cosplay),0,52,
tire swing,0,52,
miwa squad's uniform,0,52,
sachertorte (food),0,52,
bridal sleeves,0,51,
checkered swimsuit,0,51,
bug hunting,0,51,
mehve,0,51,
suspender corset,0,51,
improvised instrument,0,51,
sailor crest,0,51,
storybook,0,51,
cross shinjuku vision,0,51,shinjuku cat
serratus anterior,0,51,
censored clitoris,0,51,
implied egg laying,0,51,
thigh bands,0,51,
king of pearl 360 (idolmaster),0,51,
plaid arm warmers,0,51,
subaru brz,0,51,
stomach piercing,0,51,
through page,0,51,coming out of page
thick testicle hair,0,51,
yellow blanket,0,51,
cross bracelet,0,51,
deadpool (cosplay),0,51,
beetle boy,0,51,
disposable spoon,0,51,
egg sandwich,0,51,
white snow's merry xmas (ensemble stars!),0,51,
stapled face,0,51,
dilation insertion,0,51,
bamboo hair ornament,0,51,
it runs doom (meme),0,51,
snow duck,0,51,
red tongue,0,51,
holding pineapple,0,51,
aqua eyeliner,0,51,
open cylinder (revolver),0,51,
killer queen's pose,0,51,killer queen's pose (jojo)
did you want to talk? (meme),0,51,
moving background,0,51,
polish army,0,51,
sexy spy (idolmaster),0,51,
gradient cloak,0,51,
subway map,0,51,
inteyvat flower (genshin impact),0,51,
broken furniture,0,51,
dshk,0,51,
cape umbrella,0,51,
hirano kouta (style),0,51,
pink sword,0,51,
arzuros (armor),0,51,
hasumi (blue archive) (cosplay),0,51,
rpk-74,0,51,
pole between breasts,0,51,
zucchini (vegetable),0,51,
mexican national soccer team uniform,0,51,
implied injury,0,51,
mars symbol hair ornament,0,51,
purple dougi,0,51,
gynecomastia,0,51,
ptrs-41,0,51,
waist jewel,0,51,
blender (software),0,51,
skullgirls 1st dlc character poll,0,51,
sparkle (honkai: star rail) (cosplay),0,51,
deer print,0,51,
super creek (umamusume) (cosplay),0,51,
blobfish,0,51,
la sangre de sancho (e.g.o),0,51,
fake television screen,0,51,
glowing organ,0,51,
seahorse girl,0,51,
kujo jolyne (cosplay),0,51,
loft bed,0,51,
imageboard,0,51,
stollen,0,51,
green bean,0,51,
colony interior,0,51,
umbrella on arm,0,51,
mutual penetration,0,51,
green lightning,0,51,
toraware no marionette (project sekai),0,51,imprisoned marionette (project sekai)
licking pectoral,0,51,
roland (company),0,51,
dutch clothes,0,51,
nugget (pokemon),0,51,
armatus (tales),0,51,
plaid umbrella,0,51,
kayoko (blue archive) (cosplay),0,51,
cum on fourth wall,0,51,
orange haori,0,51,
geode,0,51,
cheese print,0,51,
whisky glass,0,51,
purple tiara,0,51,
falling rock,0,51,
ar-18,0,51,
polka dot blanket,0,51,
after exercise,0,51,
arm on another's leg,0,51,
mouth tentacles,0,51,
hero roller (splatoon),0,51,
carddass,0,51,
shoulder tilt,0,51,
ebon dagger,0,51,
bobblehead,0,51,
shiranui (kancolle) (cosplay),0,51,
mutual impregnation,0,51,
chocoboo,0,51,
h&k vp9,0,51,
sherman firefly,0,51,
stuffed hamster,0,51,
minecraft shield,0,51,
glowing fish,0,51,
holding table,0,51,
handgun stock,0,51,shoulder stock
okra,0,51,
hiroshima prefecture,0,51,
elevated railway,0,51,
kure (city),0,51,
mismatched boots,0,51,
animal band,0,51,
cat cafe,0,51,
white knight (nikke),0,51,
very long robe,0,51,
earbuds charging case,0,51,
what i watched what i expected what i got (meme),0,51,
shooting star hat ornament,0,51,
orirock (arknights),0,51,
shigure kai ni (kancolle) (cosplay),0,51,
cottage (building),0,51,
turtle button,0,51,
lala satalin deviluke (cosplay),0,51,
pizza print,0,51,
british shorthair,0,51,
glowing cracks,0,51,
birthday bloom,0,51,
furred dragon,0,51,
shift car,0,51,
teheperinko (heaven burns red),0,51,
volumetric flask,0,51,
agnes digital (umamusume) (cosplay),0,51,
pocky box,0,51,
tea leaves,0,51,
garden of thorns (e.g.o),0,51,
nissan 300zx,0,51,
millennium falcon,0,51,
head on back,0,51,
legjob,0,51,
fn mag,0,51,
california,0,51,
chocolate river no sono saki ni,0,51,
peperuto pollon,0,51,
leon (pokemon) (cosplay),0,51,
mlg,0,51,
boat interior,0,51,
drooling blood,0,51,
arrow in mouth,0,51,
rubbing neck,0,51,
jerky,0,51,
faceswap,0,51,
obi spin,0,51,
fist fight,0,51,
imminent pegging,0,51,
holding stone tablet,0,51,
p416,0,51,
locker foot kabedon (meme),0,51,
imaizumi kagerou (cosplay),0,51,
stringer,0,51,
shadow star,0,51,
hand on helmet,0,51,
mew ichigo (cosplay),0,51,
red visor,0,51,
resistance costume (amphibia),0,51,
meat hair ornament,0,51,
penenko,0,51,
ribbon print,0,51,
hull shoes,0,51,
rolls-royce,0,51,
how to draw manga redraw challenge (meme),0,51,
hiki furisode,0,51,
usami sumireko (cosplay),0,51,
camelot academy of chivalry school uniform,0,51,
snowman earrings,0,51,
barrel replica (type-moon),0,51,
qixie,0,51,
showing baby to a supermarket camera (meme),0,51,absolutely losing it over this picture of my brother with his baby (meme)
duck on head,0,51,
staring contest,0,51,
underwear on head,0,51,
doraemon (character) (cosplay),0,51,
mumumuridesu zettai! (meme),0,51,
dragon fist (dragon ball),0,51,
vorpal bunny,0,51,
pussy steam,0,51,
midori (kemurikusa),0,51,
memorial on desk,0,51,
transparent bow,0,51,
greek flag,0,51,
stele,0,51,
shichi-go-san,0,51,
wicker furniture,0,51,
scratched paint,0,51,
deer hood,0,51,
ak 5,0,51,
mini bowtie,0,51,
arisugawa academy school uniform,0,51,
amusphere,0,51,
mini christmas tree,0,51,
switzerland,0,51,
half rest,0,51,
soul edge (weapon),0,51,
stretch action,0,51,
hakama removed,0,51,
sakigei municipal academy school uniform,0,51,
wiping hands,0,51,
heat stroke,0,51,
school connection,0,51,
valz,0,51,
toyota prius,0,51,
batten japari dan,0,51,
korg,0,51,
engineer (tf2) (cosplay),0,51,
ikari gendou (cosplay),0,51,
aprob (meme),0,51,
hell (chainsaw man),0,51,
circle k sunkus,0,51,
mizuhashi parsee (cosplay),0,51,
resistance japan,0,51,
stonks (meme),0,50,
papercutting,0,50,
archaic japanese text,0,50,
blood on tool,0,50,
cupless swimsuit,0,50,
maruzensky (umamusume) (cosplay),0,50,
grey garter belt,0,50,
winch,0,50,
magicite,0,50,
elemental animal,0,50,
succubus cheerleader costume,0,50,
snake wrapped around leg,0,50,
omikuji-bako,0,50,
time progression,0,50,
cropped coat,0,50,
pleated kimono,0,50,
hand grabbing both breasts,0,50,
fur thigh strap,0,50,
melting heart,0,50,
haru urara (umamusume) (cosplay),0,50,
kochou shinobu (cosplay),0,50,
pink thong,0,50,
softball uniform,0,50,
detachable thumb,0,50,
implied after fingering,0,50,
reefslider (splatoon),0,50,
tail-shaped hair,0,50,
cursor hair ornament,0,50,
side-tie vest,0,50,
purple negligee,0,50,
perineum piercing,0,50,guiche piercing
vine bondage,0,50,
wiping breasts,0,50,
miles edgeworth (cosplay),0,50,
haru desu yo,0,50,
muzzle gag,0,50,
olive oil,0,50,
laterano logo,0,50,
vhs-d2,0,50,
cephalopod,0,50,
gold petals,0,50,
las vegas,0,50,
trinity (nijisanji),0,50,
holding cassette player,0,50,
vaporeon (cosplay),0,50,
stuffed star,0,50,
grabbing another's stomach bulge,0,50,
neo akasha terminal,0,50,
oda nobunaga (fate) (cosplay),0,50,
flounder,0,50,
halo ahoge,0,50,
silverash family (arknights),0,50,
porsche 930,0,50,
canari (pokemon) (cosplay),0,50,
hugging ass,0,50,
toyota crown,0,50,
half-shirt,0,50,
torn unitard,0,50,ripped unitard
purple bodystocking,0,50,
spiked mask,0,50,
tokyo yushun,0,50,
gym equipment,0,50,
energy claws,0,50,
drawing gun,0,50,
nails visible through gloves,0,50,
matching pose,0,50,
licking screen,0,50,
brotherhood of steel,0,50,
powered suit (toaru),0,50,
bad eyesight,0,50,
large bag,0,50,
fallschirmhelm,0,50,
cup holder,0,50,
saint patrick's day,0,50,st. patrick's day
koikoi love cafe (ensemble stars!),0,50,
haruno sakura (cosplay),0,50,
taut bodystocking,0,50,
falin touden (chimera) (cosplay),0,50,
mushroom earrings,0,50,
syringe necklace,0,50,
semovente 75/18,0,50,
divine spirit mausoleum,0,50,
backless bikini bottom,0,50,
ram (animal),0,50,
shinnen kotohogu inori no mai (project sekai),0,50,
centipede print,0,50,
inkblot test,0,50,
battlecruiser,0,50,
the gate (fma),0,50,
ogura toast (food),0,50,
sanjou school swords (touken ranbu),0,50,
kazikli bey (fate/apocrypha),0,50,
plaid cape,0,50,
tentacle dildo,0,50,
invasion of normandy,0,50,
broom ribbon,0,50,
lats,0,50,
melon print,0,50,
reindeer hair ornament,0,50,
wishing cairn (e.g.o),0,50,
core (girls' frontline),0,50,
doner wrap,0,50,"durum kebab,gyro (food),gyros,shawarma wrap"
animal puppet,0,50,
inkan,0,50,
reflective wall,0,50,
da qian lu,0,50,
trade offer (meme),0,50,
flowjob,0,50,
assless swimsuit,0,50,
eula (genshin impact) (cosplay),0,50,
spine bumps,0,50,
oyakodon (food),0,50,
dance on the galaxy (idolmaster),0,50,
neodecadriver,0,50,
chiffon cake,0,50,
takoyaki pick,0,50,
holding dragon ball,0,50,
captured alien (meme),0,50,captured alien
snow white's queen (fairy tale character) (cosplay),0,50,
one-shoulder tunic,0,50,
see-through china babydoll,0,50,
monofin,0,50,
female admiral (kancolle) (cosplay),0,50,
thor (marvel) (cosplay),0,50,
grated daikon,0,50,
fine (ensemble stars!),0,50,
oncidium,0,50,
jigen daisuke (cosplay),0,50,
heliconia,0,50,
living fish tank,0,50,
nonstop story,0,50,
ningen mukotsu (fate),0,50,
monogram,0,50,
super saiyan blue evolved,0,50,
mouth tube,0,50,
alternate print,0,50,
princess of the crystal (cosplay),0,50,
parrot girl,0,50,
t-65 x-wing,0,50,
doukyuusei 2 school uniform,0,50,
anatomical model,0,50,
cheek sucking,0,50,
sagisawa fumika (cosplay),0,50,
husbant (meme),0,50,
avatar base,0,50,
father and son threesome,0,50,
casserole,0,50,
ice hockey,0,50,
tea party militant outfit (blue archive),0,50,
holding headdress,0,50,
blue sword,0,50,
royal flare,0,50,
nowhere (signalis),0,50,
palm strike,0,50,
framed pectorals,0,50,
birthday card,0,50,
balus,0,50,
d4y suisei,0,50,
dizzy (guilty gear) (cosplay),0,50,
corkscrew,0,50,
family burger (chainsaw man),0,50,
donbei tempura soba,0,50,
beacon,0,50,
tennis serve,0,50,
leaf flute,0,50,
leverless arcade stick,0,50,
2024 niconico cyberattack,0,50,do your best niconico management
waha~ (meme),0,50,
tied breast,0,50,
g7 scout,0,50,
digital rain,0,50,
sky face,0,50,
seidouzan,0,50,
nyanpassu~,0,50,
divided highway,0,50,
raiden (metal gear) (cosplay),0,50,
folding paizuri,0,50,
morgan le fay (fate) (cosplay),0,50,
serie a,0,50,
minibow,0,50,
notepad (windows),0,50,
sumaki (action),0,50,
cooperative breast smother,0,50,
flat tire,0,50,
cure fleuret,0,50,
gauze on shoulder,0,50,
lunar surface,0,50,
two-page spread,0,50,
diatrekhon aster lonkhe,0,50,
futaba riho (cosplay),0,50,
tridecagram,0,50,
orphnoch (555),0,50,
h&k xm8,0,50,
behemoth,0,50,
ikazuchi (kancolle) (cosplay),0,50,
oikawa shizuku (cosplay),0,50,
two-tone bandana,0,50,
hat on lap,0,50,
cinemagraph,0,50,
tomorrow (konosuba),0,50,
chocolate drip,0,50,
open fifth position of the arms,0,49,
floral print ribbon,0,49,
shared innertube,0,49,
rope anklet,0,49,ankle rope
giorno giovanna (cosplay),0,49,
itou junji (style),0,49,
izayoi arisa (cosplay),0,49,
mococo abyssgard (cosplay),0,49,
character cake,0,49,
norwegian national soccer team uniform,0,49,
bandage on forehead,0,49,
cello case,0,49,
oversized coat,0,49,
artzy tyrannical (arknights),0,49,
x ornament,0,49,
sequential exposures,0,49,
walking on wall,0,49,wallwalking
higashikata josuke (cosplay),0,49,
op chiya (gochiusa),0,49,
marika's hammer (elden ring),0,49,
kokkuri-san (game),0,49,
pinstripe bowtie,0,49,
white changpao,0,49,
animal pov,0,49,
camp,0,49,
gradient swimsuit,0,49,
sun halo,0,49,
super phenomenon task force (blue archive),0,49,
donald duck sailor hat,0,49,
horse ear hairband,0,49,
arlecchino (genshin impact) (cosplay),0,49,
shirt stay,0,49,
i'm so fucked up (meme),0,49,shinji's fapping hand (meme)
wheel print,0,49,
purple mouth,0,49,
holding receipt,0,49,
heart-shaped bottle,0,49,
giant fist,0,49,
king's rock,0,49,
removing gag,0,49,
horn scrunchie,0,49,
wii balance board,0,49,
meshers (nijisanji),0,49,majors (nijisanji)
floating tray,0,49,
kogasa day,0,49,
torn tunic,0,49,
uraraka ochaco (cosplay),0,49,
black ankleband,0,49,
on barrel,0,49,
shading face,0,49,
peach tree,0,49,
terrorism,0,49,
pop'n music (style),0,49,
sweet dolls (idolmaster),0,49,
throwing confetti,0,49,
level ball,0,49,
plaid sarong,0,49,
houndstooth background,0,49,
like and redraw challenge,0,49,
uno reverse card,0,49,
marvel rivals (style),0,49,
paper moon (fate/grand order),0,49,
handheld metal detector,0,49,
super groupies mahou shoujo madoka magica lingerie collaboration,0,49,
torifune (touhou),0,49,
tatsumaki senpuukyaku,0,49,
glowing trim,0,49,
atashi-tachi no happy end (project sekai),0,49,our happy ending (project sekai)
gold weapon,0,49,
star ring,0,49,
astolfo (sailor paladin) (fate) (cosplay),0,49,
pieris (butterfly),0,49,
hershey's,0,49,
suiguutou (juuni kokuki),0,49,
dryness squad,0,49,
bcm mcmr,0,49,
filipino text,0,49,
plateau,0,49,
leash on penis,0,49,
chokha,0,49,cherkeska
ruins (undertale),0,49,
yu mei-ren (fate) (cosplay),0,49,
bismarck (battleship),0,49,
sliced fruit,0,49,
brown chaps,0,49,
find a way out (project sekai),0,49,
breathplay,0,49,
swinging golf club,0,49,
samehada (naruto),0,49,
giant of light,0,49,
girlfriend booty (meme),0,49,
tap out,0,49,
br55,0,49,
mazda rx-8,0,49,
su-27,0,49,
charizard (cosplay),0,49,
litter box,0,49,
measuring cylinder,0,49,graduated cylinder
technical,0,49,
wave rider,0,49,
lce clothes (project moon),0,49,
triple action thunder,0,49,
lesbian flag print,0,49,
juliana (pokemon) (cosplay),0,49,
sex toy replacing penis,0,49,strap-on over chastity
instant noodle block,0,49,
hakos baelz (cosplay),0,49,
victoria logo,0,49,
ballista,0,49,
pokemon used move,0,49,
yellow spider lily,0,49,
st. basil's cathedral,0,49,st basil's cathedral
roast beef,0,49,
feather-trimmed capelet,0,49,
rinmeikan girls school uniform,0,49,
hummer h1,0,49,
hiiragi utena's school uniform,0,49,
espresso machine,0,49,
panda earrings,0,49,
johanna-san to mikakunin no ai,0,49,
multiple shikishi,0,49,
legend still vivid (project sekai),0,49,
sakurako (blue archive) (cosplay),0,49,
coordinates,0,49,
parasite crest,0,49,
collared one-piece swimsuit,0,49,
bottle cap challenge,0,49,
iskandar (fate) (cosplay),0,49,
ringworld,0,49,
lighting practice,0,49,
torayamachi academy school uniform,0,49,
uzaki hana (cosplay),0,49,
scotland,0,49,
da vinci to shichinin no gansaku eirei,0,49,
gumi (cosplay),0,49,
chen hai (azur lane) (cosplay),0,49,
opossum,0,49,
trench knife,0,49,
rattlesnake,0,49,
kagotsurube isshin (genshin impact),0,49,
moose boy,0,49,
crab leg,0,49,
paella,0,49,
goblet glass,0,49,
symbol-shaped eyes,0,49,
enchantix,0,49,
pumpkin slice,0,49,
faberge egg,0,49,
styrofoam,0,49,
x<,0,49,
cat cutout panties,0,49,
head bowed,0,49,
orihimeboshi (nijisanji),0,49,
1991,0,49,
bird on weapon,0,49,
double eyepatch,0,49,
n.u.n.s.,0,49,
flower over eyes,0,49,
shino masanori (style),0,49,
draw your fav ship like this (meme),0,49,
kokkoro (princess connect!) (cosplay),0,49,
pop sound blossom (idolmaster),0,49,
woodpecker,0,49,
duel academy uniform (yu-gi-oh! arc-v),0,49,
router,0,49,
burnice white (cosplay),0,49,
fujinomisaki school uniform,0,49,
musou saber,0,49,
sitting in corner,0,49,
rhinoceros boy,0,49,
honma meiko (cosplay),0,49,
bongo drums,0,49,
xbox series x,0,49,
fake money,0,49,
clock face,0,49,
empress,0,49,
assault medicine,0,49,
fur rug,0,49,
takanashi rikka (cosplay),0,49,
night light,0,49,
crotch ribbon,0,49,
food on floor,0,49,
pig tattoo,0,49,
blay buckle,0,49,
black forest cake,0,49,
dry grass,0,49,
virtual youtuber shiten'nou,0,49,
electric wind instrument,0,49,
spoken lightning bolt,0,49,
outside of play area,0,49,
torc,0,49,
pyonpyon rabbit (idolmaster),0,49,
rum,0,49,
cum in ear,0,49,
squirt bottle (pokemon),0,49,
h&k sl8,0,49,
training room,0,49,
nigiribashi,0,49,
touchscreen,0,49,
penis wrap,0,49,
after-school valentines (love live!),0,49,
pokeblock case,0,49,
glowing claws,0,49,
anmin dreamingribbon (project sekai),0,49,sound asleep dreaming ribbon (project sekai)
through door,0,49,
seidouzan soccer uniform,0,49,
whole rest,0,49,
wax stamp,0,49,
ippen shinde miru?,0,49,
iron claw,0,49,
va (phrase),0,49,
blinking lights,0,49,
had a dream everyone was drawing lesbian ships like this (meme),0,49,
ink stamp sheet,0,49,
ludwig's holy blade,0,49,
leaf tail,0,48,
chaldea nankai dai kessen,0,48,
baobab,0,48,
pearl armlet,0,48,
dealmaker (deltarune),0,48,
hood bow,0,48,
eyewear in pocket,0,48,
cure sky (cosplay),0,48,
faun,0,48,
cake pop,0,48,
exploding watermelon challenge,0,48,
gem apple,0,48,
jellyfish print,0,48,
glowing card,0,48,
roasted bottle (mahou shoujo no majo saiban),0,48,
void hunters (zenless zone zero),0,48,
falling food,0,48,
vulcan,0,48,
airhorn,0,48,
changing colors,0,48,
black templars,0,48,
hanamichi middle school uniform,0,48,
ireland,0,48,
danyaji,0,48,
sex tool,0,48,
snorting,0,48,
dive to the heart,0,48,
eurofighter typhoon,0,48,
mountain print,0,48,
flower-trimmed bikini,0,48,
disembodied finger,0,48,
lady maria of the astral clocktower (cosplay),0,48,
character puppet,0,48,
bandage on finger,0,48,
coffee bag,0,48,
penis over breasts,0,48,
hololive super expo 2025 outfit,0,48,
maid for you (nikke),0,48,
bandaid on back,0,48,
lunamoon (style),0,48,
ivan (alien stage) (cosplay),0,48,
prototype rancour (genshin impact),0,48,
holding by leg,0,48,
pulpit,0,48,
heart hands over stomach,0,48,
little devil swimsuit (idolmaster),0,48,
shoe rack,0,48,
pochita (chainsaw man) (cosplay),0,48,
wet apron,0,48,
striped tube top,0,48,
headphones on animal ears,0,48,
throwing yo-yo,0,48,
cookie print,0,48,
good oshi day,0,48,
thighhighs under pantyhose,0,48,
berrypheasant skewer (honkai: star rail),0,48,
padded shoulders,0,48,
minasoko ni kage wo sagashite (project sekai),0,48,"searching for a reflection beneath the waves (project sekai),searching for sunken shadows (project sekai)"
blood on penis,0,48,
sparkling water,0,48,
evelyn chevalier (cosplay),0,48,
mini uzi,0,48,
che vuoi? (italian gesture),0,48,italian fingers
second position of the arms,0,48,
mechanical shoes,0,48,
m26 pershing,0,48,
blowing smoke on another,0,48,
zipper shorts,0,48,
serika (blue archive) (cosplay),0,48,
the rock's eyebrow raise (meme),0,48,
daiyousei (cosplay),0,48,
2nd scenario (hundred line),0,48,
green teeth,0,48,
rebellion route (hundred line),0,48,
among us twerk (meme),0,48,
espeon (cosplay),0,48,
parfait noir (idolmaster),0,48,
holding missile,0,48,
voice actor tribute,0,48,
pluto (planet),0,48,
clitoris sleeve,0,48,
looking at foot,0,48,
adjusting earphones,0,48,
heavy edit splatling (splatoon),0,48,
splotch,0,48,
gorilla joke,0,48,
regalia resplendent,0,48,
bow eyepatch,0,48,
chain bikini,0,48,
checkered bag,0,48,
galick gun,0,48,
ace trainer (pokemon) (cosplay),0,48,
holostars idol uniform (movin on),0,48,
mechanical bull,0,48,
blade grab,0,48,
fur-trimmed sandals,0,48,
headset removed,0,48,
exo (destiny),0,48,
ruri&to (love live!),0,48,
heart-shaped nose,0,48,
touhou 9th popularity poll,0,48,
safety pin earring,0,48,
good armpit day,0,48,
kyotoben,0,48,
full-leg boots,0,48,
psylocke (cosplay),0,48,
kogetsu (world trigger),0,48,
igawa sakura (cosplay),0,48,
cromwell (tank),0,48,
print diaper,0,48,
capelet removed,0,48,
flower tank (touhou),0,48,
guppy (fish),0,48,
bun with hair base,0,48,
tojo nozomi (cosplay),0,48,
jersey barrier,0,48,
membrane,0,48,
snake charmer,0,48,
obligation chocolate,0,48,
barbie (character) (cosplay),0,48,
tekkou,0,48,
bucket of lava,0,48,
flaming arm,0,48,
uygur clothes,0,48,
poop emoji,0,48,
jackalope,0,48,
the one ring,0,48,
double happiness,0,48,
vulcano caligorante,0,48,
assume the position (meme),0,48,
medic (tf2) (cosplay),0,48,
war in afghanistan,0,48,
tokitsukaze (kancolle) (cosplay),0,48,
opened present,0,48,
bb-28 (cosplay),0,48,
fallstreak hole,0,48,
reindeer hat,0,48,
memphis design,0,48,
trapezius,0,48,
former capital,0,48,
bowing and scraping,0,48,
howitzer,0,48,
itsukushima shrine,0,48,
crying asagiri aya (meme),0,48,
statice,0,48,
decoration (idolmaster),0,48,
shorts around ankles,0,48,
chiptune,0,48,
stitched pants,0,48,
mismatched leg warmers,0,48,
foam finger,0,48,
doom (mage arena),0,48,
flower in pocket,0,48,
bonklers,0,48,
shinobi alliance symbol (naruto),0,48,
flying buttress,0,48,
nadia la arwall (cosplay),0,48,
lyn (fire emblem) (cosplay),0,48,
bed of roses,0,48,
suletta mercury (cosplay),0,48,
swedish air force,0,48,svenska flygvapnet
crooked smile,0,48,
suzumi (blue archive) (cosplay),0,48,
liver spots,0,48,
oshino shinobu (cosplay),0,48,
420 (meme),0,48,
testicle lift,0,48,
watercolor tray,0,48,
dum sticky note,0,48,
water spring,0,48,
aqua hakama,0,48,
kirigiri kyoko (cosplay),0,48,
rickshaw puller,0,48,
gengar (cosplay),0,48,
snakeskin,0,48,
soul badge,0,48,
karl gerat,0,48,
huge bowtie,0,48,
weapon shop,0,48,
digestion,0,48,
burdock root,0,48,
nameko face (osawari tantei),0,48,
skol,0,48,
fischl (genshin impact) (cosplay),0,48,
poison dart frog,0,48,
twinkle eye,0,48,
leotard under pants,0,48,
apparition,0,48,
wall crash,0,48,
prehensile ears,0,48,
x-gun,0,48,
medawatch,0,48,
zanburg,0,48,
hrunting (fate),0,48,
firefist office (identity) (project moon),0,48,
chromodorid,0,48,
hellebore,0,48,
bend,0,48,
otaple,0,48,
shihou (g-o-s) (style),0,48,
hakuryuu (mixi max zhuge kongming),0,48,
most muscular pose,0,47,
wing flower,0,47,
blue snake,0,47,
plaid box,0,47,
engineering nonsense,0,47,
on wheelchair,0,47,
green bloomers,0,47,
cavity,0,47,
shadowed torso walking down stairs (trend),0,47,
tear stain,0,47,
spoken battery,0,47,
hand over another's eye,0,47,
imminent cannibalism,0,47,
unworn haori,0,47,
flaming leg,0,47,
fur shorts,0,47,
gyakkou no lens flare (project sekai),0,47,backlight lens flare (project sekai)
candy hat ornament,0,47,
oculus (genshin impact),0,47,
implied ass grab,0,47,
square head,0,47,
floating candle,0,47,
purple bird,0,47,
wave makers! (idolmaster),0,47,
mag'har orc,0,47,
aigis (persona) (cosplay),0,47,
purple chemise,0,47,
can't you take anything seriously? (meme),0,47,
blood on bed,0,47,
plastron (necklace),0,47,
seashell bracelet,0,47,
wedding photo,0,47,
oversized belt,0,47,
command:meltdown (e.g.o),0,47,
hatsune miku the world traveler,0,47,
holding block,0,47,
alternate scar,0,47,
rope around wrist,0,47,
head lift,0,47,
o-ring footwear,0,47,
ironing,0,47,
dictionary,0,47,
anti-tank grenade,0,47,
heart-shaped cloud,0,47,
vertical monitor,0,47,
letter earrings,0,47,
crown tattoo,0,47,
strawberry day,0,47,
aki sandwich (meme),0,47,
laser pointer,0,47,
our golden days (project sekai),0,47,
go stone,0,47,
quads,0,47,
overdrawn eyeliner,0,47,
broken table,0,47,
control knob,0,47,rotary switch
aqua slippers,0,47,
silverleveling (honkai: star rail),0,47,
bardiche (weapon),0,47,
hamster tail,0,47,
stained underwear,0,47,
shiny horns,0,47,
newgrounds logo,0,47,
labia stretching,0,47,
shine arcana rod,0,47,
kessoku band hoodie (bocchi the rock!),0,47,
nameless hill,0,47,
fire bomber,0,47,
fire poker,0,47,
cow print bowtie,0,47,
rough day for mom (meme),0,47,
chick costume,0,47,
kimono tug,0,47,
maisen university high school uniform,0,47,
hachibousei dance (bang dream!),0,47,
applying rouge,0,47,applying blush
instrument on lap,0,47,
come under the blanket (meme),0,47,
russian anti-war flag,0,47,white blue white flag
blood on ears,0,47,
penis nipples,0,47,
primordial jade cutter (genshin impact),0,47,
jo lolita,0,47,
cardbox,0,47,
leather panties,0,47,
bear pajamas,0,47,
strawberry icing,0,47,
instrument insertion,0,47,
removing cape,0,47,
green overskirt,0,47,
safety belt,0,47,
chopper (motorcycle),0,47,
crochet,0,47,
cucumber plant,0,47,
mantis blades (cyberpunk),0,47,
grabbing another's necktie,0,47,
second sino-japanese war,0,47,
felicia (fire emblem) (cosplay),0,47,
ohgercalibur,0,47,
display board,0,47,
venom dunking on spider-man (meme),0,47,
mechanical sword,0,47,
pp-91 kedr,0,47,
mildly muscular women think they're gods (meme),0,47,
ornate phone case,0,47,
curling stone,0,47,
branch print,0,47,
philodendron,0,47,
shoe diva,0,47,
yajuu no gankou (meme),0,47,
object on tongue,0,47,
teatime happiness (idolmaster),0,47,
gold hair tie,0,47,
kihel heim (cosplay),0,47,
lavacrum sanguinis (e.g.o),0,47,
men always do that! (meme),0,47,
gyaru garter lingerie set,0,47,
hilt only,0,47,
airborne aircraft carrier,0,47,
calligram,0,47,
gummy candy,0,47,
shrimp hat,0,47,
lasso (e.g.o),0,47,
ingo (pokemon) (cosplay),0,47,
lotus lantern,0,47,
walking in line,0,47,
vertical-striped hakama,0,47,
tinfoil hat,0,47,
symboli rudolf (umamusume) (cosplay),0,47,
femme de menage maid academy uniform,0,47,
flingza roller (splatoon),0,47,
stud piercings,0,47,
millipede,0,47,
gold aura,0,47,
august1st,0,47,
baldric,0,47,
get,0,47,
star charm,0,47,
iridescent skin,0,47,
cucumber flower,0,47,
catachan jungle fighter,0,47,
russian flag print,0,47,
curved monitor,0,47,
blue napoleon (idolmaster),0,47,
milk slave maid (exs-tia),0,47,
silence (weapon),0,47,
pink (e.g.o),0,47,
echidna boy,0,47,
how i taste (meme),0,47,
blood on pectorals,0,47,
monoceros (constellation),0,47,
danshi koukou valentine (meme),0,47,valentine's day at an all boys school (meme)
white ankle cuffs,0,47,
mouth with tentacles,0,47,
food on ass,0,47,
pink polka dots,0,47,
split depth,0,47,
folding umbrella,0,47,
weapon stand,0,47,
numazu,0,47,
wardress (nikke),0,47,
chocolate bath,0,47,
accessories switch,0,47,
wood gradient hair,0,47,
kirimon (paulownia),0,47,
dreamstalk,0,47,
katamari,0,47,
confederate flag,0,47,
torpedo bomber,0,47,
corona borealis (constellation),0,47,
sendai (kancolle) (cosplay),0,47,
lizard (rain world),0,47,
spats (footwear),0,47,
to remain oneself (e.g.o),0,47,
lace-trimmed sash,0,47,lace-trimmed obi
print chaps,0,47,
disaster and remorse (genshin impact),0,47,
gem alert magnifying glass (meme),0,47,
rare cheesecake,0,47,
hand in buruma,0,47,
rifling,0,47,
heel drop split,0,47,
su-33,0,47,
sword hair ornament,0,47,
power glove (nintendo),0,47,
nani ga warui,0,47,
bridal blade (fate),0,47,
daemonette,0,47,
gingham legwear,0,47,
demons driver,0,47,
orangutan,0,47,
purple armpit hair,0,47,
holding mixing bowl,0,47,
maru (lagrange),0,47,
yin yang tattoo,0,47,
that's not it,0,47,
shushing another,0,47,
tsunagi first middle school uniform,0,47,
philippine flag print,0,47,
novel (object),0,47,
utawarerumono radio,0,47,
chainsaw man's handjob scene,0,47,
knapsack,0,47,
food charm,0,47,
aoi academy school uniform,0,47,
rukh (magi),0,47,
nagashi-bina,0,47,
daruma-san ga koronda,0,47,
hoshimi private high school uniform,0,47,
clawing,0,46,
glowing legs,0,46,
asteroid field,0,46,
mugendai mewtype,0,46,
orenjipiiru smug face,0,46,
shell bracelet,0,46,
zzz wipeout,0,46,
trident ornament,0,46,
pubic tattoo printing,0,46,
onebutt oneday,0,46,
single arm armor,0,46,
swedish army,0,46,
z hair ornament,0,46,
implied invisibility,0,46,
kitto saikou no summer! (project sekai),0,46,"let's have the absolute best summer! (project sekai),the best summer ever! (project sekai)"
peach blossom pastry,0,46,
fibonacci sequence,0,46,
flying vehicle,0,46,
yaoi paddle,0,46,
digimon focus,0,46,
hopscotch,0,46,
sounding rod,0,46,
short-sleeved coat,0,46,
wombforce (meme),0,46,wombforce
akiko jam,0,46,
open wrapper,0,46,
borchardt c-93,0,46,
huge afro,0,46,
single unworn heel,0,46,
master cycle,0,46,
roger pirates jolly roger,0,46,
patterned eyes,0,46,
hunter's path (genshin impact),0,46,
saotome ranma (cosplay),0,46,
single earphone,0,46,
m84 stun grenade,0,46,
rainbow mika (cosplay),0,46,
colombian flag,0,46,
jaguar e-type,0,46,
lipton,0,46,
hiiragi kagami (cosplay),0,46,
amphibious ground vehicle,0,46,
single armored boot,0,46,
minna de haishin wedding live! (project sekai),0,46,stream with friends wedding live! (project sekai)
gear-shaped pupils,0,46,
piercing (action),0,46,
scottish clothes,0,46,
aqua arm warmers,0,46,
horsetail (plant),0,46,
shirt under hoodie,0,46,
gradient hakama,0,46,
magicaldraw,0,46,
heel-less legwear,0,46,
lai dai corporation (eve online),0,46,
crops,0,46,
mineshaft,0,46,
intestines filled,0,46,
black feet,0,46,
removing hood,0,46,
hive,0,46,
taur with taur,0,46,centaur with centaur
aijo karen (cosplay),0,46,
cracked ceiling,0,46,
caliby cat,0,46,
fur panties,0,46,
tokiwadai (toaru),0,46,
stomping on floor,0,46,
purple loincloth,0,46,
spade choker,0,46,
stock pot,0,46,
plaid tank top,0,46,
li syaoran (cosplay),0,46,
wrinkled forehead,0,46,
holding computer keyboard,0,46,holding keyboard (computer)
double doors,0,46,
convenient necklace,0,46,necklace censor
snake mask,0,46,
is this a pigeon (meme),0,46,
cave paintings,0,46,
autorefractor test,0,46,
move chart,0,46,
white apple,0,46,
aqua babydoll,0,46,
one cup,0,46,
hair raising,0,46,
tool (hollow knight),0,46,
two-tone sailor collar,0,46,
holding gavel,0,46,
nagano prefecture,0,46,
caipirinha (meme),0,46,
attitude (pose),0,46,
walk on and on (project sekai),0,46,
sprinkler,0,46,
gacha splash (style),0,46,
seal boy,0,46,
honeydew (fruit),0,46,
transfusion,0,46,
bishamon kikkou,0,46,
stuffed jellyfish,0,46,
white blood cell (hataraku saibou) (cosplay),0,46,
lace-trimmed chemise,0,46,
gargling,0,46,
ribbon-trimmed garter,0,46,
zipline,0,46,
limb enhancers (steven universe),0,46,
d-day,0,46,
cat pasties,0,46,
male swimwear aside,0,46,
face against glass,0,46,
biting another,0,46,
clown wig,0,46,
automaton (helldivers),0,46,
argyle skin,0,46,
kamome gakuen school uniform,0,46,
dokkiri camera,0,46,
7koma,0,46,
sleeping on pokemon,0,46,
olive wreath,0,46,
plaid tablecloth,0,46,
honey badger,0,46,
hair spray,0,46,
cup hair ornament,0,46,
pochacco (cosplay),0,46,
inkling player character (cosplay),0,46,
ab roller,0,46,exercise wheel
red blood cell (hataraku saibou) (cosplay),0,46,
panties over bike shorts,0,46,
lace-trimmed shawl,0,46,
canon vs. fanon,0,46,
prinz eugen (azur lane) (cosplay),0,46,
mita (miside) (cosplay),0,46,
neckerchief in mouth,0,46,
pyramid head (cosplay),0,46,
jakuzure nonon (cosplay),0,46,
narukami yu (cosplay),0,46,
mabayui hikari no stage de (project sekai),0,46,on the stage of dazzling light (project sekai)
transparent beachball,0,46,
olivia (fire emblem) (cosplay),0,46,
holding plunger,0,46,
kabayaki,0,46,
food on toes,0,46,
gate of infinity (umamusume),0,46,
reflective pavement,0,46,
halloween dare succubus lingerie,0,46,
spudsy's uniform,0,46,
a thousand blazing suns (genshin impact),0,46,
hang gliding,0,46,
neck ribbon tug,0,46,
brazilian twitter ban,0,46,
qungua,0,46,
playing card earrings,0,46,
fuzzy footwear,0,46,
suspenders removed,0,46,
overbite,0,46,
dressy alice (idolmaster),0,46,
clitoris cutout,0,46,
kawasaki (kanagawa),0,46,
volcano badge,0,46,
frisk (undertale) (cosplay),0,46,
walking on railing,0,46,
whirligig saw,0,46,
capturing non-pokemon,0,46,
holding badminton racket,0,46,
kinoko vs takenoko,0,46,chocorooms vs chococones
shirt basket,0,46,
korean empire,0,46,
mechanical collar,0,46,
insect glaive,0,46,
doukyuusei school uniform,0,46,
mobile infantry,0,46,
shoulder rest,0,46,
kaiba's defeat (meme),0,46,
slut shirt,0,46,
chocolate coin,0,46,
wednesday addams (cosplay),0,46,
memory card,0,46,
karukozaka high school uniform,0,46,
round shelf,0,46,
souzu,0,46,
flower-trimmed crown,0,46,
imperial navy (eve online),0,46,
bruce timm (style),0,46,
ramram (arms),0,46,
juliet starling (cosplay),0,46,
sakamata chloe (cosplay),0,46,
nitocris (fate) (cosplay),0,46,
siren (borderlands),0,46,
grey tiara,0,46,
weightlifting spotter,0,46,
tetsuzankou,0,46,
instant rice,0,46,
care label,0,46,
bleach (chemical),0,46,
floral mint uniform,0,46,
text in mouth,0,46,
tongue twister,0,46,
round vernian,0,46,
queen of pokemon symbol,0,46,
kronfaumei (hololive),0,46,
lion paw,0,46,
salar de uyuni,0,46,
gradient shorts,0,46,
the almighty,0,46,
neckwear lift,0,46,
masquerade,0,46,
manabe nodoka (cosplay),0,46,
office siren,0,46,
smirnoff (vodka),0,46,
oil can,0,46,
houshou (kancolle) (cosplay),0,46,
crossdressing under clothes (mtf),0,46,
washing animal,0,46,
jaoooo,0,46,
fossil hair ornament,0,46,
evo moment #37,0,46,
checkered buckle,0,46,
snowy integrity (umamusume),0,46,
loot box,0,46,
ereshkigal (fate) (cosplay),0,46,
misaki kurehito (style),0,46,
kangaroo ears,0,46,
fusou (kancolle) (cosplay),0,46,
marching melodies (idolmaster),0,46,
cure pine (cosplay),0,46,
susohiki,0,46,
gobul (armor),0,46,
bandit,0,46,
rioting,0,46,
kumeta kouji (style),0,46,
seaport princess (cosplay),0,46,
sideless skirt,0,46,
impossible underwear,0,46,impossible panties
glaceon (cosplay),0,46,
kujikawa rise (cosplay),0,46,
leather bodysuit,0,46,
balsamic vinegar,0,46,
lemon juice,0,46,
oppai ball,0,46,
yesa robe,0,46,
brambles,0,46,
cure peach (cosplay),0,46,
torn sweater vest,0,46,ripped sweater vest
miner,0,46,
savoia s.21,0,46,
toyota mr2,0,46,
bra tag,0,46,
sauber,0,46,
colonial marine,0,46,
dondurma (ice cream),0,46,turkish ice cream
thumbcuffs,0,46,
wishful lily (idolmaster),0,46,
implied double penetration,0,46,
imperial german navy,0,46,
octoleet goggles (splatoon),0,46,
bear earrings,0,45,
holding virtual pet,0,45,
see-through arm warmers,0,45,
feathered hair,0,45,
upwell consortium (eve online),0,45,
star belt buckle,0,45,
breathing smoke,0,45,
elbow on another's head,0,45,
single extra arm,0,45,
broken instrument,0,45,
knight (hollow knight) (cosplay),0,45,
two-sided shorts,0,45,
wilhelmina stretch (meme),0,45,
rocky helmet (pokemon),0,45,
car-mouth cake,0,45,
holding yarn,0,45,
repetition,0,45,
complex lighting,0,45,
pussy onahole,0,45,
blood on pussy,0,45,
spoken o,0,45,
holding churro,0,45,
blue turban,0,45,
1988,0,45,
guilt,0,45,
swinging arms,0,45,
pink assault visor,0,45,
lace-trimmed thigh strap,0,45,
ironworm,0,45,
musashino milk (toaru),0,45,
officer jenny (cosplay),0,45,
poneglyph,0,45,
tailor,0,45,
rum raisin,0,45,
helicopter interior,0,45,
batting cage,0,45,
prs guitars,0,45,
lupinus virtual games,0,45,
animal abuse,0,45,
seed hair ornament,0,45,
hundred dollar bill,0,45,
nukunuku nigirimeshi (style),0,45,
phrenapates' credit card,0,45,
kanji connection,0,45,
yoshizawa kasumi (cosplay),0,45,
stray bad dog (project sekai),0,45,
periodic table,0,45,
multiple reflections,0,45,
floral print hat,0,45,
team 31c (heaven burns red),0,45,
meowscarada (cosplay),0,45,
five impossible requests,0,45,
rpd (machine gun),0,45,
licking another's head,0,45,
porcupine,0,45,
throwing rock,0,45,
semi-transparent dress,0,45,
single suspender,0,45,
feather tail,0,45,
apple logo,0,45,
sports bra visible through clothes,0,45,
english national soccer team uniform,0,45,
covering pecs,0,45,
obj shep's tomie,0,45,
kaitou kid (cosplay),0,45,
mouthpiece,0,45,
black flash (jujutsu kaisen),0,45,
recompense maid uniform,0,45,
two-tone hood,0,45,
no strings,0,45,
sig sauer p230,0,45,
forsythia,0,45,
mismatched pants,0,45,
pokemon gsc (style),0,45,
high-cloud quintet (honkai: star rail),0,45,
beetle girl,0,45,
soldier (tf2) (cosplay),0,45,
dog on shoulder,0,45,
phone to animal ear,0,45,
ancient egyptian hat,0,45,
pokemon between legs,0,45,
red candle,0,45,
beam scythe,0,45,
bmw e46,0,45,
aomori prefecture,0,45,
aqua penis,0,45,
salvia (flower),0,45,
tessen,0,45,
grey babydoll,0,45,
spindle,0,45,
unconventional surfboard,0,45,
mini person in clothes,0,45,
ipod mini,0,45,
astro switch,0,45,
twin-bush disguise,0,45,
horseshoe earrings,0,45,
lacus clyne (cosplay),0,45,
yellow trying expressive glasses (meme),0,45,
uruha rushia (cosplay),0,45,
print slingshot swimsuit,0,45,
mirror shield (zelda),0,45,
jet bomber,0,45,
index (toaru majutsu no index) (cosplay),0,45,
ceres fauna (cosplay),0,45,
tomb,0,45,
purple thong,0,45,
purple anus,0,45,
magpul fmg-9,0,45,
forehead flicking viewer,0,45,incoming forehead flick
ryusuimon,0,45,kanze mizu
i don't have a single regret in my life,0,45,
hero (dq3) (cosplay),0,45,
tag heuer,0,45,
rock band,0,45,
eye of ender,0,45,
greyhound,0,45,
kimchi,0,45,
cursed shackle,0,45,
martial artist (dq3) (cosplay),0,45,
pecorine (princess connect!) (cosplay),0,45,
mount rushmore,0,45,
adjusting neckerchief,0,45,
spread urethra,0,45,
cable tie around wrist,0,45,
unadon (food),0,45,
serbia,0,45,
subwoofer,0,45,
zhongli (genshin impact) (cosplay),0,45,
eating clothes,0,45,
marx (kirby) (cosplay),0,45,
water drop print,0,45,
mausoleum,0,45,
draw your babygirl (meme),0,45,
cornucopia,0,45,
breaking and entering,0,45,
wet one-piece swimsuit,0,45,
shampoo no nioi ga shita,0,45,
yak,0,45,
throwing pie,0,45,
kamakura (nichijou),0,45,
lucario (cosplay),0,45,
azalea (love live!),0,45,
fallschirmjaeger,0,45,
h&k p7,0,45,
pole between buttocks,0,45,
thundering pulse (genshin impact),0,45,
two-headed eagle,0,45,
1993,0,45,
true apocrypha,0,45,gamaliel (melty blood)
american revolution,0,45,
chicken hat,0,45,
detachable head,0,45,
rei gun,0,45,spirit gun
tadpole hat,0,45,
incoming flyer,0,45,
secace morgan,0,45,
toppo,0,45,
roblox man face (meme),0,45,
locacaca,0,45,
lineart background,0,45,
hurt expressions of your wife practice,0,45,doing hurtful things to your waifu chart
nerf gun,0,45,
glue stick,0,45,
kyoto tower,0,45,
1984 (year),0,45,
veiled sword (xenoblade),0,45,
camper trailer,0,45,
preceder (sao),0,45,
hawaii,0,45,
car wash (place),0,45,
holy water,0,45,
sock in mouth,0,45,
lamborghini huracan,0,45,
lorum piercing,0,45,
anaglyph,0,45,
kirito (cosplay),0,45,
nose tube,0,45,
lightning bolt piercing,0,45,
awakening (neural cloud),0,45,
special air service,0,45,
broken string,0,45,
hoshiguma yuugi (cosplay),0,45,
cat between legs,0,45,
pon de lion (cosplay),0,45,
isayama hajime (style),0,45,
fish pendant,0,45,
two-sided umbrella,0,45,
kirishima (kancolle) (cosplay),0,45,
hyper beam (pokemon),0,45,
zombie breaker,0,45,
hanekawa tsubasa (cosplay),0,45,
get down (meme),0,45,
orange bonnet,0,45,
nefushutan no yoroi,0,45,
aqours cheerleader uniform,0,45,
lost in the book with tim burton's the nightmare before christmas,0,45,
ragna the bloodedge (cosplay),0,45,
howl's castle,0,45,
ice elemental,0,45,
rockhopper penguin,0,45,
on building,0,45,
intestine hair,0,45,
egg chair,0,45,
hymmnos,0,45,
falling books,0,45,
blue chemise,0,45,
playground carousel,0,45,
gypceros (armor),0,45,
currymeshi,0,45,
priest (ragnarok online) (cosplay),0,45,
takahashi akira (style),0,45,
pogamoggan,0,45,
wishing,0,45,
pixiv bottlecap,0,45,
concertina,0,45,
too long,0,45,
tengawara,0,45,
world w academy school uniform,0,45,world w academy uniform
keishin academy school uniform,0,45,
ribeyrolles 1918,0,45,
mosasaurus,0,45,
bmw z4,0,45,
antler grab,0,45,
eyeball earrings,0,45,
agent 47 (cosplay),0,45,
maid fairy tale (idolmaster),0,44,
shading mismatch,0,44,
stingray tail,0,44,
cross stitch,0,44,
purple snake,0,44,
sparkling clothes,0,44,
chocolate on tongue,0,44,
tongue chain,0,44,
curly bangs,0,44,
nanashi inc. jackpot costume,0,44,
clamp (tool),0,44,
senjougahara hitagi (cosplay),0,44,
tattoo machine (laser),0,44,
ghostface (cosplay),0,44,
mismatched wrist cuffs,0,44,
indigo spangle (idolmaster),0,44,
multicolored arm warmers,0,44,
lace-trimmed hair ornament,0,44,
brown gem,0,44,brown gemstone
beast (disney) (cosplay),0,44,
biting another's leg,0,44,
jueyun chili pepper (genshin impact),0,44,
see-through loincloth,0,44,
cinderella (nikke) (cosplay),0,44,
striped slingshot swimsuit,0,44,
gugugaga (meme),0,44,
belgium,0,44,
union emblem (undead unluck),0,44,
aqua serafuku,0,44,
gear fourth: boundman,0,44,
kotomine kirei (cosplay),0,44,
hip piercing,0,44,
seth macfarlane (style),0,44,
bitter rabbit,0,44,
cherry blossom background,0,44,
buckle boot,0,44,
severed foot,0,44,
heracles (fate) (cosplay),0,44,
brioche,0,44,
futuristic weapon,0,44,
bottle hair ornament,0,44,
print cardigan,0,44,
naval jacket,0,44,
ferry (ship),0,44,
michishio (kancolle) (cosplay),0,44,
lobster tail,0,44,
polka dot sweater,0,44,
plaid curtains,0,44,
kissing arm,0,44,
soaking legs,0,44,
woman scared of breasts (meme),0,44,
malaysian flag,0,44,
spinning chair,0,44,
penis expansion,0,44,
alice (nikke) (cosplay),0,44,
asfeld academy school uniform,0,44,
gorosei,0,44,
hana association south uniform,0,44,
ntr video letter,0,44,
hand in another's skirt,0,44,
bite mark on penis,0,44,
fukuoka prefecture,0,44,
burger print,0,44,
scarlet aeonia (elden ring),0,44,
titans test team (gundam),0,44,
blowing on penis,0,44,
bird on power lines,0,44,
hugging finger,0,44,finger hug
diagonal-striped dress,0,44,
red oven mitts,0,44,
dekopon (fruit),0,44,
duesenberg starplayer,0,44,
tying ribbon,0,44,
ride armor (mospeada),0,44,
open swimsuit,0,44,
astro fes (project sekai),0,44,
pilsner glass,0,44,
lion mask,0,44,
funade no mae no one day trip (project sekai),0,44,"one-day trip before setting sail (project sekai),one small trip before a big journey (project sekai)"
tachibana hibiki (symphogear) (cosplay),0,44,
dunlop,0,44,
flicking penis,0,44,
lace-trimmed cuffs,0,44,
flag hair ornament,0,44,
zombie buckle,0,44,
female rover (wuthering waves) (cosplay),0,44,
spider ornament,0,44,
jacket on head,0,44,
four rare tachi (touken ranbu),0,44,
jesus revenge (meme),0,44,jesus revenge
sharp tongue,0,44,
water gun (pokemon),0,44,
voice recorder,0,44,
garbage truck,0,44,
loitering munition,0,44,
wonderhoy,0,44,
talonjob,0,44,
mercedes-benz g-class,0,44,
quiche,0,44,
breast burger,0,44,
executioner hood,0,44,
tackler (eve online),0,44,
sega lucky lottery mascot doll (hasu no sora),0,44,sega lucky lottery mascot doll (link! like! love live!)
kunoichi day,0,44,
lead to shine more (project sekai),0,44,
imperial russian flag,0,44,
innocent sailor (idolmaster),0,44,
skate park,0,44,
thigh worship,0,44,
haikei ano koro no watashi e (project sekai),0,44,"dear me from back then (project sekai),dear my past self (project sekai)"
girly pose,0,44,
oriental pearl tower,0,44,
arcade stick template,0,44,
cross fleury,0,44,
btr-80,0,44,
hakunetsu! kamikou ouendan! (project sekai),0,44,"heat up! kamiyama high cheering squad! (project sekai),the climax! kamiyama cheer squad! (project sekai)"
striped cloak,0,44,
wriggle nightbug (cosplay),0,44,
ghoul,0,44,
bat panties,0,44,
b-17 flying fortress,0,44,
cock docking,0,44,
steyr hs .50,0,44,
maga hat,0,44,trump hat
red negligee,0,44,
glowing tears,0,44,
borscht (food),0,44,
hitotoshite jiku ga bureteiru,0,44,
venti (genshin impact) (cosplay),0,44,
living food,0,44,
tied omikuji,0,44,
hole puncher,0,44,
101st airborne,0,44,
ankle ring,0,44,
souffle (food),0,44,
geki,0,44,
remove before flight tag,0,44,
isaf,0,44,
manannan souvenir valentine,0,44,
lisa (genshin impact) (cosplay),0,44,
iwi x95,0,44,
squatting v pose (han-0v0),0,44,
nakayama racecourse,0,44,
lauren faust (style),0,44,
hatsune miku (voltage!!),0,44,
karin (blue archive) (cosplay),0,44,
verniy (kancolle) (cosplay),0,44,
tem ray's circuit,0,44,
zenryoku! wonder halloween! (project sekai),0,44,"full power! wonder halloween!,it's on! wonder halloween! (project sekai)"
cuirassier,0,44,
defusing,0,44,
roronoa zoro (cosplay),0,44,
utsukushiki soutei itoshiki kotoba (idolmaster),0,44,
takeba yukari (cosplay),0,44,
folkvangr (fire emblem),0,44,
atomic wedgie,0,44,
puff and slash pants,0,44,
open gate,0,44,
hair in eyes,0,44,
lumiose galette,0,44,
jav,0,44,
gold skirt,0,44,
polka dot underwear,0,44,
switch axe,0,44,
emperor's sword,0,44,
lucky strike,0,44,
sore loser,0,44,
tickling ears,0,44,
hauberk,0,44,
hands in pants,0,44,
wet gloves,0,44,
fuyu no okurimono (love live!),0,44,
tomoeda elementary cheerleader uniform,0,44,
pathetic (meme),0,44,
chocolate making disaster (meme),0,44,
vivid bikini (idolmaster),0,44,
stolichnaya (vodka),0,44,
long dildo,0,44,
kanata kensetsu,0,44,
skyrocket,0,44,
guapi mao,0,44,
taito (tokyo),0,44,taitou (tokyo)
asterism (ongeki),0,44,
luin (fire emblem),0,44,
licking another's tail,0,44,
emperium,0,44,
augmented reality,0,44,
under the desk (idolmaster),0,44,
purple garter,0,44,
h&k hk433,0,44,
vertical rotisserie,0,44,
toshima (tokyo),0,44,
on gold,0,44,
doma umaru (cosplay),0,44,
akaname,0,44,
bike dildo,0,44,
lime print,0,44,
sheila (minigun),0,44,
person-shaped hole,0,44,
yukumo (armor),0,44,
callsign,0,44,
scanline hair,0,44,
su-30,0,44,
glass plate,0,44,
kraken (splatoon),0,44,
keshin armed,0,44,
capcom cup,0,44,
tentacle underwear,0,44,
edoben,0,44,
multiple scarves,0,44,
namagashi,0,44,
large chastity cage,0,44,
katzbalger,0,44,
chinese opera,0,44,
u-treasure,0,44,
layered,0,44,
eyes on body,0,44,
kamikaze (kancolle) (cosplay),0,44,
aqua (deltarune) (cosplay),0,44,
capsems,0,44,
matatabi (flower),0,44,
two moons (ff9),0,44,
tattoo machine,0,44,
yellow pussy,0,44,
king rouzer,0,44,
christian private white clover academy school uniform,0,44,
greil (cosplay),0,44,
sanya v. litvyak (cosplay),0,44,
scottish english text,0,44,
ball toss,0,44,
airplane ornament,0,44,
l'cie brand,0,44,
yubiwa high school uniform,0,44,
launch pad,0,44,
kickstarter,0,44,
iucn red list,0,44,
grey poncho,0,44,
reverse x-ray,0,44,
undercover brella (splatoon),0,44,
knife in hair,0,44,
temari-fu,0,44,
mellow yellow (idolmaster),0,44,
holy hand grenade,0,44,
prog knife,0,44,
braided dreadlocks,0,43,
planetary destruction,0,43,"exploding moon,exploding planet"
snack bag,0,43,
x eye,0,43,
embroidered garter belt,0,43,
tenrec girl,0,43,
implied tribadism,0,43,
iberia logo,0,43,
paimon (genshin impact) (cosplay),0,43,
feet against wall,0,43,feet on wall
temple of time,0,43,
character ear piercing,0,43,
kris (deltarune) (cosplay),0,43,
hiroshima (city),0,43,hiroshima
flower-trimmed panties,0,43,
pointing at crotch,0,43,
short leggings,0,43,
open skull,0,43,
missing ear,0,43,
swoon,0,43,
sumiyoshi rocket,0,43,
nervegear,0,43,
leftovers (pokemon),0,43,
purple hanbok,0,43,
yuki miku official costume design contest,0,43,
rock skin,0,43,
boob shadow (meme),0,43,
wendigo,0,43,
suzuka gozen (fate) (cosplay),0,43,
fountain fireworks,0,43,
horse statue,0,43,
jacket under coat,0,43,
chrome hearts (brand),0,43,
chauchat,0,43,
red-and-green macaw,0,43,
ifrit jambe,0,43,
filipino clothes,0,43,
saihara shuichi (cosplay),0,43,
wet suit,0,43,
cat ear smartphone case,0,43,
demon emoji,0,43,
thurible,0,43,
potato salad,0,43,
no armwear,0,43,
sauce packet,0,43,
snowgrave (spell),0,43,
hand on car,0,43,
vietnamese high school uniform,0,43,
lookout platform,0,43,
coat bow,0,43,
pondering my orb (meme),0,43,
beauty mask,0,43,
knockout,0,43,
kuitou,0,43,
yuzuriha inori (cosplay),0,43,
crab hood,0,43,
glowing dress,0,43,
cinderella (disney character) (cosplay),0,43,
panda bag,0,43,
cobalt scar (e.g.o),0,43,
bucket punishment,0,43,
slapping penis,0,43,
radio exercises,0,43,
bon bon,0,43,
poking pussy,0,43,
baobhan sith (fate) (cosplay),0,43,
holding abacus,0,43,
spade piercing,0,43,
irminsul,0,43,
imminent injury,0,43,
covering another's nipples,0,43,
voyager probe,0,43,
lance of ruin,0,43,
hero shot (splatoon 3),0,43,
multimeter,0,43,
imac g3,0,43,
tail support,0,43,
glazed donut,0,43,glazed doughnut
pink rabbit,0,43,
finger in another's ear,0,43,
stuffed leopard,0,43,
tenga egg,0,43,
on shelf,0,43,
spiked clothes,0,43,
fruit stand,0,43,
fairy tale girly (idolmaster),0,43,
holding corn,0,43,
broken ceiling,0,43,
holostars english idol uniform,0,43,
closed sign,0,43,
cropped tail,0,43,
choukai (kancolle) (cosplay),0,43,
abdominal stretch,0,43,
hexagon earrings,0,43,
character traits,0,43,
glowing leaves,0,43,
cast writing,0,43,
coat over head,0,43,
team 31b (heaven burns red),0,43,
spy (tf2) (cosplay),0,43,
hassan of serenity (fate) (cosplay),0,43,
pharmacy,0,43,
biting another's hair,0,43,
sekiro (cosplay),0,43,
snow print,0,43,
tega sword,0,43,
"""pour la justice"" (genshin impact)",0,43,
too low salary (meme),0,43,too low salary
sitting on magic circle,0,43,
drink bag,0,43,
kikyou (blue archive) (cosplay),0,43,
bone rush (pokemon),0,43,
tohsaka family (fate),0,43,
touhou 15th popularity poll,0,43,
leaf stone,0,43,
nishikino maki (cosplay),0,43,
sitting on tail,0,43,
nest on head,0,43,
hanging from clothesline,0,43,
purple poncho,0,43,
ame-chan (needy girl overdose) (cosplay),0,43,
dehydrated,0,43,
retrousse breasts,0,43,
standing on another's hand,0,43,
sandersonia (flower),0,43,
absurdly fat mons,0,43,
fish food,0,43,
yoshi (cosplay),0,43,
revive (pokemon),0,43,
surre academy school uniform,0,43,
nagoya (city),0,43,
boosty logo,0,43,
jumping spider,0,43,
seal puppet,0,43,
yellow circle,0,43,
kamado,0,43,
vest pull,0,43,
donald duck (cosplay),0,43,
equipment screen,0,43,
gender dysphoria,0,43,
minoan clothes,0,43,
adjusting underwear,0,43,
craig mccracken (style),0,43,
anime girl throwing things (meme),0,43,
pomefiore dorm,0,43,
astronomy,0,43,
geforce rtx 4090,0,43,
capacitor,0,43,
jigger,0,43,
kita ikuyo (cosplay),0,43,
georgie denbrough (cosplay),0,43,
albedo (overlord) (cosplay),0,43,
mahjong tile hair ornament,0,43,
windows media player,0,43,
hand truck,0,43,
lace leotard,0,43,
chakuma academy school uniform,0,43,chakuma academy uniform
falling washtub,0,43,falling basin
i am your father (meme),0,43,
croatia,0,43,
enjin (idolmaster),0,43,
ano hi mita yozora wa itsuka no mirai e (project sekai),0,43,our starry sky leading to the future (project sekai)
elesa (pokemon) (cosplay),0,43,
carnation recollection (project sekai),0,43,
venezuela,0,43,
mebius brace,0,43,
colt m1877,0,43,
bone armor (monster hunter),0,43,
multicolored outline,0,43,
rainbow rose (genshin impact),0,43,
piccolo (cosplay),0,43,
pouring from condom,0,43,
anal vore,0,43,
let's take ibuprofen together (meme),0,43,
how is the progress (meme),0,43,
dried squid,0,43,
pizza toast,0,43,
giant cat,0,43,
daemon (warhammer),0,43,
kokuu no megami athena (armed),0,43,
lucifer (helltaker) (cosplay),0,43,
marmalade,0,43,
fake subtitles,0,43,
kokodayo,0,43,
mind rape,0,43,
deck (architecture),0,43,
durandal (fate),0,43,
1986,0,43,
uss enterprise (star trek),0,43,
loose neckerchief,0,43,
leather apron,0,43,
vinok,0,43,
murakumo kai ni (kancolle) (cosplay),0,43,
tiger skin,0,43,
komodo dragon,0,43,
gazelle,0,43,
ballot,0,43,
henchmen,0,43,
aestus estus (queen draco),0,43,
wagon star,0,43,
mysterious heroine x alter (fate) (cosplay),0,43,
sticky honey roast (genshin impact),0,43,
kissing skull,0,43,
shiranui flare (cosplay),0,43,
wooden fish,0,43,
pistachio,0,43,
orundum (arknights),0,43,
caterpillar (alice in wonderland) (cosplay),0,43,
yoimiya (genshin impact) (cosplay),0,43,
city below,0,43,
inrou,0,43,
lumitoile (genshin impact),0,43,
energy horns,0,43,
pig head,0,43,
food gag,0,43,
radiation,0,43,
letty whiterock (cosplay),0,43,
lynette (genshin impact) (cosplay),0,43,
blogspot username,0,43,
lifting mini person,0,43,
starpoint lance (fire emblem),0,43,
body part swap,0,43,
bookend,0,43,
shibuya station,0,43,
jill stingray (cosplay),0,43,
rca connector,0,43,
shimamura uzuki (cosplay),0,43,
h-a-j-i-m-a-r-i-u-t-a-!!,0,43,
transparent breast padding,0,43,
body slam,0,43,
pork pie sailor hat,0,43,
twirl,0,43,
unconventional gun,0,43,
mei (overwatch) (cosplay),0,43,
bear pelt,0,43,
noppera-bou,0,43,
your tie is crooked,0,43,
choker over clothes,0,43,
skill,0,43,
hyper mega launcher,0,43,
imminent footjob,0,43,
multiple hairdressing,0,43,
animal hair,0,43,
picking flowers,0,43,
team rocket grunt (cosplay),0,43,
drum major,0,43,
social commentary,0,43,
bear ear headphones,0,43,
reebok pump,0,43,
inverted moon of the heavens,0,43,
fp-45 liberator,0,43,
thimble,0,43,
gorogoro (sfx),0,43,
vippaloid,0,43,
cavalry sword,0,43,
ornament focus,0,43,
barnaby brooks jr. (cosplay),0,43,
shine aqua illusion,0,43,
undressable,0,43,
sergeant (fish),0,43,
argyle choker,0,43,
arakumo gakuen soccer uniform,0,43,
f-104 starfighter,0,43,
hito komoru (style),0,43,
same face,0,43,
kawamura toshie (style),0,43,
padded armor,0,43,
plaid sash,0,43,
zuikaku (girls und panzer),0,43,
orpheus (inazuma eleven),0,43,
mig-21,0,43,
sexy gals (idolmaster),0,43,
gaogao leopard (idolmaster),0,43,
in shoe,0,43,
protected kevin hart (meme),0,42,
seal hair ornament,0,42,
if you want to become a godly artist (koyansuee),0,42,
gir (invader zim) (cosplay),0,42,
ward (league),0,42,ward (league of legends)
waxen pinion (e.g.o),0,42,
limousine interior,0,42,
fuwawa abyssgard (cosplay),0,42,
three-toned fur,0,42,
skeleton hands,0,42,
caricature,0,42,
reverse deepthroat,0,42,
oversized backpack,0,42,
pearl trim,0,42,
kilroy was here,0,42,
dress form,0,42,
holding another's ear,0,42,
gold rose,0,42,
hilbert (pokemon) (cosplay),0,42,
pal sphere,0,42,
white arm garter,0,42,
kiss lock purse,0,42,
yoga shorts,0,42,
slamming table,0,42,
butterfly facial mark,0,42,
sugarcane,0,42,
okeanos (fate/grand order),0,42,
ichimatsu doll,0,42,
lower leg strap,0,42,
colored contact lens,0,42,
jerboa,0,42,
dreadnought (eve online),0,42,
map print,0,42,
ancient set (zelda),0,42,
different viewfinder,0,42,
bantu knots,0,42,
itsuka zetsubou no soko kara (project sekai),0,42,someday from the depths of despair (project sekai)
squid hair ornament,0,42,
morale patch,0,42,
nissan z (rz34),0,42,nissan z proto
flower on leg,0,42,
aqua bandana,0,42,
wolfsangel,0,42,
mollusk shell,0,42,mollusc shell
diabolo,0,42,
dilute tortoiseshell,0,42,
uaz-452,0,42,
star eyepatch,0,42,
honda beat,0,42,
blade to own throat,0,42,
convenient neckwear,0,42,
gorilla boy,0,42,
tanuki statue,0,42,
hina arare,0,42,
unworn wristwatch,0,42,
dante (limbus company) (cosplay),0,42,
umbrella sky,0,42,
chads dancing to california gurls (meme),0,42,
cavernous wailing (e.g.o),0,42,
static background,0,42,
with this treasure i summon,0,42,
stucco,0,42,
fake sky,0,42,
batgirl costume (2021 cassandra),0,42,
tokyo rainbow bridge,0,42,
suntempo,0,42,
cycle,0,42,
volkswagen golf,0,42,
purely silk (idolmaster),0,42,
feather nib pen,0,42,
seal pup,0,42,
cash cannon,0,42,
jagged rocks,0,42,
star ahoge,0,42,
bad torso,0,42,
dark emperors,0,42,
kirijou mitsuru (cosplay),0,42,
golden snitch,0,42,
same dreams same colors (project sekai),0,42,
spider web necklace,0,42,
sekai ni hibike! your song (project sekai),0,42,"let sekai hear your song! (project sekai),let your song resound throughout the sekai! (project sekai)"
epic handshake (meme),0,42,
egret (animal),0,42,
audi r8,0,42,
double face punch,0,42,
chow chow,0,42,
cross swimsuit,0,42,
climbing rope,0,42,
skull facepaint,0,42,
resume,0,42,
dermal piercing,0,42,
plumbago (flower),0,42,
gun in pants,0,42,
chemise pull,0,42,
tail whip,0,42,
clothes variants,0,42,
flower on weapon,0,42,
shell bullet,0,42,
pipelining,0,42,
taishou! (touken ranbu),0,42,
headphone cat (meme),0,42,
b6n tenzan,0,42,
magic circle above head,0,42,
blue lineart,0,42,
bokjumeoni,0,42,
due to local laws,0,42,twitter content restriction
kanna kamui (cosplay),0,42,
pointing at breasts,0,42,
gloomy bear (cosplay),0,42,
street hopper (idolmaster),0,42,
cheek covers,0,42,
miyako (blue archive) (cosplay),0,42,
omega slugger,0,42,
rabbit fullbottle,0,42,
scratching chest,0,42,
drinking own cum,0,42,
capsule helmet,0,42,
striped bridal gauntlets,0,42,
polaris (star),0,42,north star
heavy (tf2) (cosplay),0,42,
panda panties,0,42,
overalls partially removed,0,42,
psyker,0,42,
toy ship,0,42,
triadic colors,0,42,
safari ball,0,42,
engine blade,0,42,
gear halo,0,42,
bambies (bleach),0,42,
gudaguda teito seihai kitan,0,42,
sword in ass,0,42,
toritsu hakuou academy school uniform,0,42,toritsu hakuou academy uniform
jupiter cannon (girls' frontline),0,42,
breast piercing,0,42,
open-bust leotard,0,42,
snail hair ornament,0,42,
mayano top gun (umamusume) (cosplay),0,42,
qu4rtz (love live!),0,42,
polka dot bandana,0,42,
daewoo k5,0,42,
baju kurung,0,42,
nintendo 3ds ll,0,42,
nero matsuri,0,42,
self-cannibalism,0,42,
kokumucho (nijisanji),0,42,
touhou 13th popularity poll,0,42,
ecchi nano wa ikenai to omoimasu,0,42,
venus ark uniform,0,42,
poison yuuka (meme),0,42,
hololive super expo 2024 outfit,0,42,
kykeon,0,42,
silver horns,0,42,
necklace between pecs,0,42,
neopaganism,0,42,
boost mark ix buckle,0,42,
shiny skirt,0,42,
battle in new york 2018,0,42,
mountain bicycle,0,42,
hand rake,0,42,
breastfeeding invitation,0,42,
yamaha kx5,0,42,
bandonion,0,42,
hoshizora rin (cosplay),0,42,
mcpig (style),0,42,
skeletal leg,0,42,
venera-sama (cosplay),0,42,
sabai,0,42,
tentacle gagged,0,42,
pink pansy,0,42,
m72 law,0,42,
girls dead monster,0,42,
fox on head,0,42,
fire body,0,42,
ribbed jumpsuit,0,42,
unmanned space vehicle,0,42,
halo installation,0,42,
shokuhou misaki (cosplay),0,42,
rainbow road,0,42,
aqua corset,0,42,
new nintendo 3ds,0,42,
claude monet (style),0,42,
double dumbbell pose (han-0v0),0,42,
playing card hat ornament,0,42,
symmetrical foot pose,0,42,
caprese salad,0,42,
upturned nose,0,42,
180 head turn,0,42,
hadeko,0,42,
very long mustache,0,42,
red velvet cake,0,42,
constellation tattoo,0,42,
neck flap,0,42,
suzuran (arknights) (cosplay),0,42,
harada takehito (style),0,42,
camouflage male underwear,0,42,
shoutouren (fate),0,42,
yuba squad's uniform,0,42,
visa,0,42,
skland watermark,0,42,
grey romper,0,42,gray romper
ear tug,0,42,
cuneiform,0,42,
mushroom hat ornament,0,42,
apple costume,0,42,
patreon logo censor,0,42,
wzero pilot suit,0,42,
love live! series presents unit koshien 2024,0,42,
souseiseki (cosplay),0,42,
1992,0,42,
broken spear,0,42,
qinglong ji,0,42,
accelerator (toaru majutsu no index) (cosplay),0,42,
darksign (dark souls),0,42,
petal on face,0,42,
rainbow dress,0,42,
1nm8 (paradox live),0,42,
naginomori gakuen high school uniform,0,42,
finger to another's face,0,42,
niijima makoto (cosplay),0,42,
crocea mors (rwby),0,42,
kasumin box,0,42,
mondo (xenoblade 3),0,42,katashiro (xenoblade)
sticker on hand,0,42,
scale (mononoke),0,42,
impossible necktie,0,42,
button-down collar,0,42,
international legion of ukraine,0,42,
shimada arisu (cosplay),0,42,
sarafan,0,42,
polka dot towel,0,42,
staff room,0,42,
air duct,0,42,
catchu! (love live!),0,42,
white paint,0,42,
soda fountain,0,42,
takigakure symbol,0,42,
blood on window,0,42,
deviljho (armor),0,42,
area zero,0,42,
see-through vest,0,42,
yellow text,0,42,
slinger (monster hunter),0,42,
super sonico (cosplay),0,42,
melty sweet (idolmaster),0,42,
triangular tiling background,0,42,
inari,0,42,
lost in paradise,0,42,
school yard,0,42,
inazuma (kancolle) (cosplay),0,42,
mmorpg,0,42,
subaru 360,0,42,
sieglinde (sword),0,42,
catch,0,42,
type 79 smg,0,42,
fensalir (fire emblem),0,42,
torture dance,0,42,
illuminati,0,42,
serbian flag,0,42,
cross maebari,0,42,
snowball scooper,0,42,
wine rack,0,42,
nicole demara (cosplay),0,42,
wookiee,0,42,
merlion,0,41,
sudare,0,41,
caldari navy (eve online),0,41,
cyclone (kamen rider),0,41,
stuffed axolotl,0,41,
geforce rtx 5090,0,41,
english cross bond,0,41,
cork popping,0,41,
mismatched eyeshadow,0,41,
yuudachi (kancolle) (cosplay),0,41,
batgirl costume (2014),0,41,
jeong's office (identity) (project moon),0,41,
drawn bow,0,41,
lace-trimmed hood,0,41,
multicolored collar,0,41,
xiaohongshu id,0,41,
titan (eve online),0,41,
red armpit hair,0,41,
wedding march! (ensemble stars!),0,41,
triumph (motorcycle),0,41,
bustle,0,41,
roland (project moon) (cosplay),0,41,
aqua veil,0,41,
thigh harness,0,41,
orange lockseed,0,41,
implied violence,0,41,
holding tape,0,41,
argyle shorts,0,41,
foot on another's shoulder,0,41,
vertical-striped wall,0,41,
puffy sleeve cuffs,0,41,
holding barrel,0,41,
marionette controller,0,41,
vertical-striped jumpsuit,0,41,
amami haruka (cosplay),0,41,
scratching post,0,41,
carafe,0,41,
bakusaiga (sword),0,41,
spitting cum,0,41,
joseon dynasty,0,41,
lccb (identity) (project moon),0,41,
white army,0,41,white movement
blood on ass,0,41,
species name,0,41,
tokyo station,0,41,
bear necklace,0,41,
hunting rifle,0,41,
virtual talent academy school uniform,0,41,virtual talent academy uniform
adjusting eyepatch,0,41,
period of nocturne (project sekai),0,41,nocturne interlude (project sekai)
legendary spear (tate no yuusha no nariagari),0,41,
clover hat ornament,0,41,
akita neru (cosplay),0,41,
driftwood,0,41,
snow on face,0,41,
rei no mizugi,0,41,
covering another,0,41,
sexy or cute?,0,41,
too many ribbons,0,41,
nia (blade) (xenoblade) (cosplay),0,41,
looking through donut,0,41,looking through doughnut
quilted bag,0,41,
erik (phantom of the opera) (cosplay),0,41,
mochi what!,0,41,
praying emoji,0,41,
kissing chest,0,41,
desk microphone,0,41,
velociraptor,0,41,
dragon background,0,41,
holding dynamite,0,41,
sr-71 blackbird,0,41,
farmwatch (e.g.o),0,41,
impossible architecture,0,41,
wintam ribbon bondage (meme),0,41,
miyan's cheongsam,0,41,
standing on bed,0,41,
nerine (flower),0,41,
friendship bracelet,0,41,
ijichi nijika (cosplay),0,41,
tank fullbottle,0,41,
flexibility difference,0,41,
kinchaku (food),0,41,
looking at monster,0,41,
pilk,0,41,
little green men,0,41,
crystal rose,0,41,
stunned silence,0,41,
azura (fire emblem) (cosplay),0,41,
strichtarn,0,41,
tornado (airplane) (sonic),0,41,
blue circle,0,41,
empty wallet,0,41,
can on head,0,41,
coin hat ornament,0,41,
ear armor,0,41,
pouring onto penis,0,41,
equilibrium umbrella,0,41,
broken guitar,0,41,
cross-laced straps,0,41,
sleeping beauty (fairy tale character) (cosplay),0,41,
empty room,0,41,
ring (ensemble stars!),0,41,
mask up,0,41,
honda city,0,41,
twitching nipples,0,41,
mermaid ni akogarete (project sekai),0,41,"mermaid admiration (project sekai),mesmerized by mermaids (project sekai)"
hair fan,0,41,
eye color switch,0,41,
charging person,0,41,
hugging clothes,0,41,
promo poster,0,41,
french flag bikini,0,41,
anchor pendant,0,41,
tartar sauce,0,41,
graf zeppelin (kancolle) (cosplay),0,41,
daewoo k11,0,41,
linothorax,0,41,
panzerfaust 3,0,41,
orange-shaped ornament,0,41,
kougyaku reiki,0,41,
shoulder jewel,0,41,
floating building,0,41,
weapon combination,0,41,
dan heng (honkai: star rail) (cosplay),0,41,
aki minoriko (cosplay),0,41,
moonblast (pokemon),0,41,
piao jin (headwear),0,41,
skyward harp (genshin impact),0,41,
reindeer print,0,41,
orion cocoa cigarettes,0,41,
object to cheek,0,41,
meat hair,0,41,
comatose,0,41,
grinder mk4 (e.g.o),0,41,
bea (pokemon) (cosplay),0,41,
soviet navy flag,0,41,
calamari,0,41,
sumida (tokyo),0,41,
recaptcha logo,0,41,
wrecking ball,0,41,
screw attack (metroid),0,41,
paresthesia,0,41,
kuuhaku no canvas ni egaku watashi wa (project sekai),0,41,on this blank canvas i paint (project sekai)
power combo (kirby),0,41,
ryuusou,0,41,
implied selfcest,0,41,
nani mo shiteagerarenai,0,41,
painbrush (splatoon),0,41,
hinata hajime (cosplay),0,41,
torn armband,0,41,
spider genome,0,41,
bonple (emblem),0,41,
acceldriver,0,41,
heart-shaped petals,0,41,
crystal temple (steven universe),0,41,
condom in pocket,0,41,
burrowing,0,41,
jack-o' valentine (cosplay),0,41,
kidney,0,41,
doomscrolling,0,41,
mouse on hand,0,41,
condom on object,0,41,
archaeopteryx,0,41,
angry dog noises (meme),0,41,angry dog noises
satonaka chie (cosplay),0,41,
vaporeon copypasta (meme),0,41,
syringe in head,0,41,
denmark,0,41,
penis aimed at pussy,0,41,
ghost (starcraft),0,41,
corvus (constellation),0,41,
lifeboat,0,41,
battle subway,0,41,
heron sword,0,41,
fuse (zelda),0,41,
monado fencer,0,41,
soulglad,0,41,
i just love latinas sonic (meme),0,41,
l-3 nozzlenose (splatoon),0,41,
winchester model 1866,0,41,
windsurfing,0,41,
mushroom costume,0,41,
biting ear for good luck,0,41,
yoke (clothing),0,41,
umu (phrase),0,41,
monogatari series shibuya109 collaboration,0,41,
shimura shinpachi (cosplay),0,41,
peacekeeper (shotgun),0,41,
explosher (splatoon),0,41,
c-47,0,41,
saw blade,0,41,
eating bugs,0,41,
hinge,0,41,
nue (phrase),0,41,
may (guilty gear) (cosplay),0,41,
youkai gyaru (meme),0,41,
inkzooka (splatoon),0,41,
red guard,0,41,
stuffed toy between breasts,0,41,
nissin chicken ramen,0,41,
in poke ball,0,41,
yajuu no houkou (meme),0,41,
multicolored fire,0,41,
dotsuitare hompo,0,41,
floral bikini,0,41,
garderobe swimsuit,0,41,
milk gun,0,41,
jaguarman series,0,41,
rudder,0,41,
necktie on mouth,0,41,
spice rack,0,41,
food in hair,0,41,
tabako-bon,0,41,
ass-to-breast,0,41,
keep this a secret from everyone in class,0,41,
mag (phantasy star),0,41,
carrying clothes,0,41,
combo,0,41,
kusanagi kyou (cosplay),0,41,
hugging blanket,0,41,
sam's new year sale,0,41,
fuchi (hilt),0,41,
internet yamero (meme),0,41,
seal costume,0,41,
traditional ninja,0,41,
limbs,0,41,
alien sunglasses,0,41,
wakasagihime (cosplay),0,41,
fantastic belltier,0,41,
alice-type underwear,0,41,
tropical camouflage,0,41,
pressure gauge,0,41,
demon parade,0,41,
stormy waters,0,41,
kikouken,0,41,
hanging bridge,0,41,
nakoruru (cosplay),0,41,
teutonic knight,0,41,
groin punch,0,41,
subachocoluna (hololive),0,41,
nap,0,41,
starfire (cosplay),0,41,
treasure insect (dungeon meshi),0,41,
conga line,0,41,
khezu (armor),0,41,
pretend microphone,0,41,
rock (music),0,41,
zentlardy alphabet,0,41,
road roller da! (meme),0,41,
shinozuka technical high school uniform,0,41,
mouth-to-mouth resuscitation,0,41,
dragon tail steak,0,41,
sweatsuit,0,41,
capelet bow,0,41,
inflatable butt plug,0,40,
red pendant,0,40,
stuffed alpaca,0,40,
pre-kit mirror loupe,0,40,
open refrigerator,0,40,
flaming foot,0,40,
leafeon (cosplay),0,40,
maka albarn (cosplay),0,40,
leisurely heat (girls' frontline 2),0,40,
petrosapien,0,40,
avocado slice,0,40,
fbi jacket,0,40,
looking at stomach,0,40,
white rabbit pointing at a clock (meme),0,40,
holding another's hat,0,40,
kalpalata lotus,0,40,
ushi-oni,0,40,
akagi (aircraft carrier),0,40,
stellamaris idol uniform,0,40,
mu ren zhuang,0,40,"mook yan yong,wing chun dummy,wooden sparring dummy"
see-through breast curtain,0,40,transparent breast curtain
mantis boy,0,40,
hope (palico armor),0,40,
exposed diglett,0,40,
maternity mark,0,40,
bathroom sign,0,40,
world cup american bikini (meme),0,40,
kiwi hair ornament,0,40,
hooded poncho,0,40,
minato (tokyo),0,40,
excessive censorship,0,40,
imminent handjob,0,40,
pussy juice on penis,0,40,
gibson explorer,0,40,
multicolored cardigan,0,40,
snowmobile,0,40,
pearl body chain,0,40,
stomach kick,0,40,
hair over another,0,40,
gewehr 43,0,40,
scar on pecs,0,40,
id card (medium),0,40,
tail keychain,0,40,
cowry shell,0,40,
forever star (idolmaster),0,40,
raison d'etre (ensemble stars!),0,40,
mob,0,40,
scissor tattoo,0,40,
imminent stomp,0,40,imminent stomping
notched speech bubble,0,40,
sheriff (contemporary),0,40,
rune tattoo,0,40,
cappie (miside) (cosplay),0,40,
heart hair strand,0,40,
beatrix kiddo (cosplay),0,40,
undone skirt,0,40,
honkai: star rail eidolon parody,0,40,
great wall of china,0,40,
nissin cup noodle chili tomato,0,40,
pikipiki piiman (inugami korone),0,40,
floral print coat,0,40,
liangbatou,0,40,
hextech gemstone,0,40,hextech crystal
florence (city),0,40,
carrot hat ornament,0,40,
opaque helmet,0,40,
trilobite,0,40,
tinker bell (disney) (cosplay),0,40,
frog charm,0,40,
babel logo (arknights),0,40,
yamaha yzf-r1,0,40,
sovereign blade,0,40,
multicolored ears,0,40,
cross-laced capelet,0,40,
dark datura (love and deepspace),0,40,
reluctant,0,40,
card gun,0,40,
yukimi daifuku (uzru0428),0,40,
nuclear powerplant,0,40,
nishikawa takanori (cosplay),0,40,
skull pin,0,40,
comitia,0,40,
dissolution (toshi densetsu kaitai center),0,40,
wolverine (x-men) (cosplay),0,40,
kyu kyu kyu nyaa (meme),0,40,
examination table,0,40,
huipai architecture,0,40,
studded bikini,0,40,
izuna (blue archive) (cosplay),0,40,
forced drinking,0,40,
high top fade,0,40,
rabbit day,0,40,
karyl (princess connect!) (cosplay),0,40,
minion (despicable me) (cosplay),0,40,
fox cub,0,40,
firing into the air,0,40,
kaguya day,0,40,
norigae,0,40,
connect hearts message (project sekai),0,40,
print armor,0,40,
xm2010,0,40,
sitting on another's tail,0,40,
dragunov svu,0,40,
gingham ribbon,0,40,
cardboard costume,0,40,
brown overskirt,0,40,
pink bodystocking,0,40,
seiken swordriver,0,40,
animal lantern,0,40,
stratosphere,0,40,
ear insertion,0,40,
t-80,0,40,
animare,0,40,
pile of coins,0,40,
rotating brushes,0,40,
fake phone,0,40,
ato de wakaru koto,0,40,
corvette (eve online),0,40,
creepy crawly critters of gensokyo (touhou),0,40,
starter five (touken ranbu),0,40,
deerfox (hilda),0,40,
3skm (nijisanji),0,40,
waterskin,0,40,
kay (girls und panzer) (cosplay),0,40,
lelouch vi britannia (cosplay),0,40,
pom pom brooch,0,40,
silver one-piece swimsuit,0,40,
college shirt,0,40,
offering umbrella,0,40,
washi tape (object),0,40,
imminent undressing,0,40,
henley shirt,0,40,
papercraft,0,40,
playing dead,0,40,
studded trim,0,40,
abyssal hunters logo,0,40,
ichigo 123 (love live!),0,40,
hand around wrist,0,40,
matikanetannhauser (umamusume) (cosplay),0,40,
muisiki rekuiemu,0,40,
flareon (cosplay),0,40,
skyward blade (genshin impact),0,40,
fraud,0,40,
waist measuring,0,40,
blood string,0,40,
tether,0,40,
webley-fosbery automatic revolver,0,40,
pps-43,0,40,
jagdpanther,0,40,
cafe cutemare uniform,0,40,
star chart,0,40,
naked jewelry,0,40,
mopping,0,40,
three emoji challenge,0,40,
fake tears,0,40,
toy wagon,0,40,
verdurous anima,0,40,
uehara ayumu (cosplay),0,40,
indiana jones (cosplay),0,40,
string around arm,0,40,
hasu no sora 106th class,0,40,
hex maniac (pokemon) (cosplay),0,40,
mk2 grenade,0,40,
prosperous peace (genshin impact),0,40,
flora girls academy school uniform,0,40,
soramimi cake,0,40,
kirby burger,0,40,
you're finally awake (meme),0,40,
argyle pillow,0,40,
ninja toes,0,40,
kaga (aircraft carrier),0,40,
roland ax-synth,0,40,
tackled,0,40,
ballot box,0,40,
after armpit sex,0,40,
deep frying,0,40,
nobody (kingdom hearts),0,40,
surgical cap,0,40,
tatooine,0,40,
doorbell chud (meme),0,40,
butterfly eyepatch,0,40,
porsche 964,0,40,
heimuer,0,40,
candy earrings,0,40,
korg triton,0,40,
terry bogard (cosplay),0,40,
horn of salvation,0,40,
distillation column,0,40,
h&k mg4,0,40,
shioreos (meme),0,40,
tsunagu painful hope (project sekai),0,40,"connecting painful hope (project sekai),tied by painful hope (project sekai)"
buruma lift,0,40,
animal on tail,0,40,
nurikabe,0,40,
hollowed headwear,0,40,
envelope hair ornament,0,40,
jellyfish costume,0,40,
fur hoodie,0,40,
satou kazuma (cosplay),0,40,
aerial,0,40,
hakujou academy school uniform,0,40,
on monowheel,0,40,
worker (lethal company) (cosplay),0,40,
kumano (kancolle) (cosplay),0,40,
terminid (helldivers),0,40,
stirrer,0,40,
expectant,0,40,
chi-chi (dragon ball) (cosplay),0,40,
father-in-law and son-in-law,0,40,
shou (symbol),0,40,
pendulum limb,0,40,
h-3 nozzlenose (splatoon),0,40,
daruma otoshi,0,40,
head wings through headwear,0,40,
netsuke,0,40,
boobies uniform,0,40,
deflated,0,40,
pantyhose over swimsuit,0,40,
carpenter,0,40,
hedge clippers,0,40,
tumblr ask,0,40,
1987,0,40,
ama diver,0,40,
korean people's army,0,40,
gokou ruri (cosplay),0,40,
fur-trimmed bikini top,0,40,
string belt,0,40,
axe in head,0,40,
starfish earrings,0,40,
eagle boy,0,40,
alisa ilinichina amiella (cosplay),0,40,
rotor,0,40,
gs ball,0,40,
boy scout,0,40,
magic research,0,40,
ado box,0,40,
potbelly stove,0,40,
doppa,0,40,
beretta model 38,0,40,
orleans (fate/grand order),0,40,
flammable symbol,0,40,
tampon string,0,40,
card spring,0,40,
forehead beam,0,40,
gotouge koyoharu (style),0,40,
g4m,0,40,
on tractor,0,40,
head up shirt,0,40,
ai no dendoushi amor-chan no saint valentino!,0,40,
raichu (cosplay),0,40,
cicada cry (sfx),0,40,
cherenkov radiation,0,40,
blinding light,0,40,
mitsubishi f1m pete,0,40,
zijiang m99,0,40,
continents,0,40,
hindi text,0,40,
tedeza rize (cosplay),0,40,
pirozhki,0,40,
perched,0,40,
snowflake pin,0,40,
fancy dessert,0,40,
teleporter,0,40,
worgen,0,40,
los angeles,0,40,
boot knife,0,40,
shogun,0,40,
bullet men (kim ji-hyun),0,40,
wattson (apex legends) (cosplay),0,40,
gradient innertube,0,40,
racing miku (cosplay),0,40,
mecha interior,0,40,
adder stone,0,40,
millennium eye,0,40,
picts,0,40,
contraband,0,40,
kaguya luna (cosplay),0,40,
digivice ic,0,40,
i-58 (kancolle) (cosplay),0,40,
baritone saxophone,0,40,
candy island (idolmaster),0,40,
atai,0,40,
hamster print,0,40,
akasaka aka (style),0,40,
mk 12 spr,0,40,
hyogo prefecture,0,40,
cleansed crystal mirror,0,40,
sakura miku (cosplay),0,40,
naked sarashi,0,40,
breast pinch,0,40,
placenta (sidonia no kishi),0,40,
schwerer gustav,0,40,
bomb suit,0,40,eod suit
snowflake in eye,0,40,
nininbaori,0,40,
cherry print bra,0,40,
refueling,0,40,
dispenser (tf2),0,40,dispenser (team fortress)
himekaidou hatate (cosplay),0,40,
guntou,0,40,
taut vest,0,40,
litter (vehicle),0,40,palanquin
otter costume,0,40,
aqua simulacra (genshin impact),0,40,
taiki shuttle (umamusume) (cosplay),0,40,
hand pump,0,40,
hat print,0,39,
nearly naked towel,0,39,
winchester model 1873,0,39,
assisted sex,0,39,
doctor's coat (arknights),0,39,
shuffling cards,0,39,
sekibanki (cosplay),0,39,
sperm whale,0,39,
honda today,0,39,
m7,0,39,
waverider crash,0,39,
multiple hairstyles,0,39,
bottle on head,0,39,
figure-ground illusion,0,39,rubin vase illusion
purple hijab,0,39,
print eyewear,0,39,
monster tongue,0,39,
beyond (umamusume),0,39,
in palms,0,39,
evelynn (league) (cosplay),0,39,
shanghai arms fest (touhou),0,39,
plastic gloves,0,39,
triforce necklace,0,39,
pulling off legwear,0,39,
knights moralis uniform,0,39,
leaning on wall,0,39,
underbarrel shotgun,0,39,
nazar (amulet),0,39,
nearly naked cloak,0,39,
decapitated head sex sleeve,0,39,
fly (pokemon),0,39,
the oddballs (ensemble stars!),0,39,
bread hair ornament,0,39,
ice bag,0,39,
peahen,0,39,
gradient one-piece swimsuit,0,39,
planetary rover,0,39,
fake poster,0,39,
black visor,0,39,
glowing dildo,0,39,
stealth groping,0,39,
von lycaon (cosplay),0,39,
bluebell (flower),0,39,
rebecca (cyberpunk) (cosplay),0,39,
spade necklace,0,39,
assisted coverage,0,39,
throwing tomato,0,39,
arm focus,0,39,
hodokenu ashita ni te wo nobashite (project sekai),0,39,
hoodie partially removed,0,39,
nasal helmet,0,39,
shorts around thighs,0,39,
rare apron (fire emblem engage),0,39,
greaser fashion,0,39,
hands on another's hand,0,39,
thigh blush,0,39,
ponytail day,0,39,
svt-40,0,39,
competitive fire! (project sekai),0,39,
tongue between fingers,0,39,
merkava (tank),0,39,
fake mrbeast (meme),0,39,
krogan,0,39,
explain in detail (kaze no daichi) (meme),0,39,
gsk (umamusume),0,39,
brochette,0,39,
elbows on thighs,0,39,
cherry bomb,0,39,
kazama iroha (cosplay),0,39,
ticket machine,0,39,
holding bong,0,39,
ass on staff,0,39,
unfading wishing (project sekai),0,39,
burglar,0,39,
indomie (brand),0,39,
sushi yuusha toro (style),0,39,
tongue up,0,39,
waist gap,0,39,
alucard (hellsing) (cosplay),0,39,
aqua slingshot swimsuit,0,39,
ember set (zelda),0,39,
baka mitai (meme),0,39,baka mitai
foxglove,0,39,
b-kei,0,39,
raptoriales,0,39,
critical failure,0,39,
mujun-gatamari (meme),0,39,
genderswap unaware,0,39,
monika (doki doki literature club) (cosplay),0,39,
furry scale,0,39,
red fan,0,39,
sigewinne (genshin impact) (cosplay),0,39,
rabbit maebari,0,39,
reckless driving,0,39,
messy bangs,0,39,
korean war,0,39,
dark sailor,0,39,
glass heels,0,39,
therapy,0,39,
quadruple v,0,39,
binyeo,0,39,
froggy style,0,39,
aqua leggings,0,39,
cropped hair,0,39,
pop tart,0,39,
cargo,0,39,
rikkyouin high school uniform (anime),0,39,
sentai ring,0,39,
accessory connection,0,39,
ribbon-trimmed cape,0,39,
one-piece (fire emblem engage),0,39,
bacteria,0,39,
stop,0,39,
overlined lipstick,0,39,
glue gun,0,39,
hachiban ramen uniform,0,39,
standard diving dress,0,39,deep sea diving suit
partially toeless legwear,0,39,
exploded diagram,0,39,
frieza's hoverpod,0,39,
thunderstorm,0,39,
fruit brooch,0,39,
mikumikuplaylist,0,39,
national revolutionary army,0,39,
reverse strip game,0,39,
cooperative facejob,0,39,
fur-trimmed crown,0,39,
weapon between buttocks,0,39,
kanroji mitsuri (cosplay),0,39,
kumogakure symbol,0,39,
murozaki melody (project sekai),0,39,harmonic melody (project sekai)
tower of the sun,0,39,
hoi-poi capsule,0,39,
hedge trimmer,0,39,
bat costume,0,39,
artorias stance,0,39,
anus piercing,0,39,
coat pouch,0,39,
em being (mega man),0,39,
holding globe,0,39,
pontiac firebird,0,39,
tenta brella (splatoon),0,39,
blue archive 2025 hack,0,39,
half-swording,0,39,
foot archery,0,39,
black circle,0,39,
meikai no merry christmas,0,39,
saint symbolism,0,39,
feigning hypnosis,0,39,
octopus sashimi,0,39,
mobil1,0,39,
mio (xenoblade) (cosplay),0,39,
rider belt (kabuto),0,39,
man machine,0,39,
planted surfboard,0,39,
sorbet,0,39,
sitting on cage,0,39,
tassel loafers,0,39,
takeuchi naoko (style),0,39,
tainaka ritsu (cosplay),0,39,
gradient robe,0,39,
inazuma kick,0,39,
lunge,0,39,
fire pit,0,39,
venezuelan flag,0,39,
naku weed,0,39,
spiked chain,0,39,
full scorpion,0,39,
porcupine boy,0,39,
game boy cartridge,0,39,
bird on back,0,39,
saloon doors,0,39,
umisea,0,39,
eurobeat,0,39,
team instinct,0,39,
octopus hold,0,39,
heart tan,0,39,
mount,0,39,
santa hood,0,39,
yumemi riamu (cosplay),0,39,
hololive shadow puppet (meme),0,39,
woolly mammoth,0,39,
usas-12,0,39,
heart trace,0,39,
mini torii,0,39,
pink string,0,39,
matsutake mushroom,0,39,matsutake (mushroom)
coffee jello,0,39,
hat on face,0,39,
cacao fruit,0,39,
wiring,0,39,
butterfly pin,0,39,
lynx (constellation),0,39,
motorized kick scooter,0,39,
mizuhiki,0,39,
steam from ears,0,39,
stone bench,0,39,
fluffed up,0,39,
valentine (tank),0,39,
oktavia von seckendorff (cosplay),0,39,
sweets lingerie,0,39,
lighter-than-air pancake (genshin impact),0,39,
amber (genshin impact) (cosplay),0,39,
ribbed bra,0,39,
christ the redeemer,0,39,
abalone,0,39,
gingham socks,0,39,
mikasa ackerman (cosplay),0,39,
argyle capelet,0,39,
alpine a310,0,39,
kamen rider double (cosplay),0,39,
color chip (splatoon),0,39,
xbox one,0,39,
bear paw,0,39,
a.i.m.s. shotriser,0,39,
sagitta (constellation),0,39,
yes chad (meme),0,39,
bomb rock,0,39,
leading viewer,0,39,
harkonnen (gun),0,39,
agnus female off-seer uniform,0,39,
black widow (cosplay),0,39,
dipping,0,39,
raindrop print,0,39,
improvised furniture,0,39,
licking horn,0,39,
tameshiwari,0,39,
aqua car,0,39,
fams (group),0,39,
slow loris,0,39,
stuffed capybara,0,39,
heart-shaped breath,0,39,
boob injection (meme),0,39,
wonderful magic (idolmaster),0,39,
business,0,39,
proud of stage (idolmaster),0,39,
locked outside,0,39,
blues (nijisanji),0,39,
anti-gravity,0,39,
cumjar (meme),0,39,
i'm a healer but... (meme),0,39,
tawrich & zarich,0,39,
bianca (pokemon heroes) (cosplay),0,39,
shouhou (kancolle) (cosplay),0,39,
bloopers,0,39,
food on tail,0,39,
cone (geometry),0,39,
mystery phantom,0,39,
alternator,0,39,
cherry girls,0,39,
welts,0,39,
enchantment (minecraft),0,39,
glass of conchita,0,39,
sword of seiros,0,39,
raven's bite,0,39,
dydoe,0,39,
cross-laced coat,0,39,
invasion stripes,0,39,
facedesk,0,39,
mask on breasts,0,39,
black soccer ball,0,39,
medea (caster) (fate) (cosplay),0,39,
chuseok,0,39,
tech box (azur lane),0,39,
honey strap stage costume,0,39,
concept take care (idolmaster),0,39,
huaji,0,39,
prosthetic arm removed,0,39,
afghanistan,0,39,
chandelier earrings,0,38,
black lives matter,0,38,
biting nose,0,38,
wo262 model (splatoon),0,38,
seal girl,0,38,
obsidian rock,0,38,
official alternate eyewear,0,38,
yellow chemise,0,38,
wide back,0,38,
theropod,0,38,
mensis cage,0,38,
despite everything it's still you (meme),0,38,
tail cover,0,38,
red raincoat,0,38,
transporter erector launcher,0,38,
self hypnosis,0,38,
gazelle girl,0,38,
brown babydoll,0,38,
quin tails,0,38,
open cleavage,0,38,
tengu cross,0,38,
braille,0,38,
decaying skin,0,38,
don't you have a human heart? (meme),0,38,don't you have a heart? (meme)
faux egyptian,0,38,
canted sights,0,38,
eye sex,0,38,eyefucking
clothes on wall,0,38,
takoyaki hair ornament,0,38,
fish (symbol),0,38,
seawall,0,38,
lace-trimmed headdress,0,38,
leaf pasties,0,38,
skull pendant,0,38,
kineceleran,0,38,
holding nail file,0,38,
horns on eye sockets,0,38,
mavuika (genshin impact) (cosplay),0,38,
kuma kuma resq (ensemble stars!),0,38,
sky bison,0,38,
murano sayaka (cosplay),0,38,
holding tiered tray,0,38,
station necklace,0,38,
shuetsu school uniform,0,38,
police helicopter,0,38,
holding geographical area,0,38,
gradient penis,0,38,
covered ears,0,38,
f-117 nighthawk,0,38,
skyblock,0,38,
peach emoji,0,38,
bird brooch,0,38,
slumped,0,38,
police station,0,38,
ia (vocaloid) (cosplay),0,38,
smith & wesson model 19,0,38,
hand in hip vent,0,38,
camilla (fire emblem) (cosplay),0,38,
gingham hairband,0,38,
purple bustier,0,38,
bomb collar,0,38,
meiko day,0,38,
sloppy sisters,0,38,
plaid overalls,0,38,
mole on penis,0,38,
mutsumi/mortis headspace,0,38,
sticker on ass,0,38,
spiked tiara,0,38,
implied after cunnilingus,0,38,
captain america's shield,0,38,
deep dark for light (project sekai),0,38,
acorn print,0,38,
shaded eye,0,38,
botanical garden,0,38,
yusuf dikec (cosplay),0,38,
neckerchief grab,0,38,
penis hot dog,0,38,
porsche 992,0,38,
floating instrument,0,38,
demoman (tf2) (cosplay),0,38,
lace-trimmed pantyhose,0,38,
minamoto no raikou (swimsuit lancer) (fate) (cosplay),0,38,
ephraim (fire emblem) (cosplay),0,38,
sodegukuri,0,38,
ar-23 liberator,0,38,
panda mask,0,38,
broken toy,0,38,
juggling (soccer),0,38,
raise sword,0,38,
stepping on another's foot,0,38,
gravity gun,0,38,physics gun
shinosawa hiro (cosplay),0,38,
joy-con 2,0,38,
wulfenite (arknights) (cosplay),0,38,
bronya zaychik (cosplay),0,38,
kimodameshi,0,38,test of courage
taiyou iwaku moe yo chaos,0,38,
huke (style),0,38,
lostdriver,0,38,
kanzaki ranko (cosplay),0,38,
horse hood,0,38,
cantonese text,0,38,
unreliable notes (project sekai),0,38,
cream on leg,0,38,
tongue stuck frozen,0,38,
bill (object),0,38,
flaming ears,0,38,
starting bloom (idolmaster),0,38,
crab costume,0,38,
broken wires,0,38,
mini bag,0,38,
blaser r93,0,38,
mp41,0,38,
stitched groin,0,38,
curtain call ni sekibetsu wo (project sekai),0,38,"a sad farewell at the curtain call (project sekai),a sorrowful farewell at the curtain call (project sekai)"
pepper mill,0,38,
white chaps,0,38,
crow's nest,0,38,
squee,0,38,
the iron crown (darkest dungeon),0,38,
infrared thermometer,0,38,
container ship,0,38,
food delivery box,0,38,
kono toori musuko mo hansei shite orimasu node (meme),0,38,
frigate,0,38,
hibiku twilight parade (project sekai),0,38,"musical twilight parade (project sekai),resounding twilight parade (project sekai)"
new dawn (nikke),0,38,
mach driver honoh,0,38,
blowing raspberry,0,38,
jynx (style),0,38,
luno (duet night abyss),0,38,
launch tower,0,38,
sasebo,0,38,
ibanez rg,0,38,
bentley,0,38,
blood on glass,0,38,
fish mint (plant),0,38,
nijigasaki 2nd years,0,38,
chain tattoo,0,38,
camouflage thighhighs,0,38,
poka poka (meme),0,38,poka poka
red hijab,0,38,
robinson armaments xcr,0,38,
gordon freeman (cosplay),0,38,
eyelashes through hair,0,38,
turtleneck tunic,0,38,
dog biscuit,0,38,
koala girl,0,38,
saitama prefecture,0,38,
enterprise (azur lane) (cosplay),0,38,
blowing smoke (gun),0,38,
on traffic light,0,38,
multiple launch rocket system,0,38,
minoritea (love live!),0,38,
astra yao (cosplay),0,38,
jolteon (cosplay),0,38,
porsche 991,0,38,
ribbed shrug,0,38,
salem (fate/grand order),0,38,
shinguuji sakura (cosplay),0,38,
toeless bodysuit,0,38,
oobari masami (style),0,38,
american traditional tattoo,0,38,
rabbit sticker,0,38,
violet book (pokemon),0,38,
browning auto 5,0,38,
502nd joint fighter wing (emblem),0,38,
death penalty (meme),0,38,
yggdrasil,0,38,
kettle grill,0,38,
kaimei high school uniform,0,38,
final destination (smash bros),0,38,
thick anal hair,0,38,
shared chair,0,38,
multiple screens,0,38,
bell print,0,38,
nidorina (cosplay),0,38,
itadori yuji (cosplay),0,38,
kurosaki ichigo (cosplay),0,38,
wonder orb,0,38,
caesar's legion,0,38,
lyney (genshin impact) (cosplay),0,38,
single shin guard,0,38,
holo (cosplay),0,38,
please charge panties,0,38,
leafling,0,38,
puchitto nine (idolmaster),0,38,
lacerta (constellation),0,38,
finger on hat,0,38,
hippogriff,0,38,hippogryph
laser cats (meme),0,38,
black spaghetti,0,38,"spaghetti al nero,squid ink spaghetti"
bird earrings,0,38,
quilted coat,0,38,
electric chair,0,38,
noose necktie,0,38,
car door,0,38,
halloween comeback!,0,38,
professor niyaniya (blue archive) (cosplay),0,38,
vhs cover,0,38,
torpedo (splatoon),0,38,
scorbunny (cosplay),0,38,
pinstripe overalls,0,38,
orange star high school,0,38,
republic of korea marine corps,0,38,
takozonesu (cosplay),0,38,
a-line skirt,0,38,
incom (gundam),0,38,
moonwalk,0,38,
cross moline,0,38,
devoured by darkness,0,38,
butterfly on arm,0,38,
heretics (nikke),0,38,
teepee,0,38,
holding mustache,0,38,
quattro bajeena (cosplay),0,38,
dark knight,0,38,
sakuraba institute school uniform,0,38,
railway gun,0,38,
sabretooth tiger,0,38,
leopard gecko,0,38,
deeper and deeper (project sekai),0,38,
sos galactic patrol,0,38,
fuel,0,38,
multicolored lips,0,38,
aqua anus,0,38,
steamed hams (meme),0,38,
bowtie in mouth,0,38,
high elf (warcraft),0,38,
hot water bottle,0,38,
vanguard (titanfall 2),0,38,
mercenary,0,38,
paravane,0,38,
infinity rail (nikke),0,38,
beetle elytra,0,38,
cure march (cosplay),0,38,
double take,0,38,
stillsuit,0,38,
nishihama middle school uniform,0,38,
fire dragon (inazuma eleven),0,38,
drink me potion,0,38,
horizontal-striped necktie,0,38,
feather censor,0,38,
pet door,0,38,cat flap
kings canyon,0,38,
brassard,0,38,
los pollos hermanos,0,38,
pleated cape,0,38,
georgian flag,0,38,
morino hon (style),0,38,
torigoe gakuen school uniform,0,38,
nectar (pikmin),0,38,
longpao,0,38,
kaleidoscope,0,38,
midas money,0,38,
esports apparel,0,38,
layered nightgown,0,38,
wonder flower,0,38,
sitting on thigh,0,38,
crowd surfing,0,38,
roll (mega man) (cosplay),0,38,
watereffect.net,0,38,
rain of arrows,0,38,
dragon sword,0,38,
mutsu (kancolle) (cosplay),0,38,
mongkhon,0,38,
massakasama (style),0,38,
crystal skin,0,38,
pancake print,0,38,
mochimochi mascot,0,38,
evilblade,0,38,
charge rifle,0,38,
kill la kill final episode scissor blade relay (meme),0,38,
hope (armor),0,38,
kaku seiga (cosplay),0,38,
worldbreaker (warhammer 40k),0,38,
sakura bakushin o (umamusume) (cosplay),0,38,
glorybringer (granblue fantasy) (cosplay),0,38,
single sock removed,0,38,
me 262,0,38,
p-40 warhawk,0,38,
sprinkler (splatoon),0,38,
garchomp (cosplay),0,38,
higuruma stressed out (meme),0,38,
earmuffs removed,0,38,
malignant chain (pokemon),0,38,
rabbit eyepatch,0,38,
pink santa costume,0,38,
timetable,0,38,
al rihla,0,38,
purumia,0,38,
no bowtie,0,38,
kayaba ka-1,0,38,
himmel (sousou no frieren) (cosplay),0,38,
kijiyama north high school,0,38,
papel picado,0,37,
inflatable gag,0,37,
deadlift,0,37,
panda cub,0,37,
colors of pure sense (project sekai),0,37,
pearl (rain world),0,37,
mint leaf,0,37,
back freckles,0,37,
bloodsoaked ruins (genshin impact),0,37,
butcher shop (place),0,37,
saotome ranma (female) (cosplay),0,37,
directed-energy weapon,0,37,
argyle border,0,37,
satokoi day,0,37,
life heart (traffic life),0,37,
nanpa,0,37,
a cat is fine too (meme),0,37,
toyota land cruiser,0,37,
flower on mouth,0,37,
urinal bottle,0,37,
meccha chameleon troll (meme),0,37,
milkshake glass,0,37,
slouching shigure ui (meme),0,37,
defense distributed liberator,0,37,
chausses,0,37,
ribbon-trimmed cloak,0,37,
ear piercing gun,0,37,
byzantine clothes,0,37,
sitting in shadow,0,37,
hand on tree,0,37,
checkered carpet,0,37,
whey protein powder,0,37,
incan,0,37,
konkon comfort (idolmaster),0,37,
echeveria (plant),0,37,
flying ribbons,0,37,
hand hair ornament,0,37,
anis (nikke) (cosplay),0,37,
fade to black,0,37,
sterling smg,0,37,
wrench hair ornament,0,37,
taped fingers,0,37,
eden (ensemble stars!),0,37,
rhodes island landship,0,37,
fishnet bikini,0,37,
glass mug,0,37,
central japan railway company,0,37,
hanging chair,0,37,
black dragon,0,37,
turtle girl,0,37,
double suicide,0,37,
being lost,0,37,
bluetooth symbol,0,37,
hole in floor,0,37,
bird shadow puppet,0,37,
bumper car,0,37,
minaret,0,37,
inverted spear of heaven (jujutsu kaisen),0,37,
metal pipe falling (meme),0,37,
black sun (symbol),0,37,
ribbon around head,0,37,
duck tail,0,37,
momiji manjuu,0,37,
everbloom (hollow knight),0,37,delicate flower (hollow knight)
chocolate on stomach,0,37,
prison realm (jujutsu kaisen),0,37,
kal'tsit (arknights) (cosplay),0,37,
spoken gift,0,37,
liquid tail,0,37,
new nambu m60,0,37,
and he looks like his stupid dad (meme),0,37,
cow print dress,0,37,
cingulum militare,0,37,
akutami gege (style),0,37,
patrick bateman (cosplay),0,37,
donut halo,0,37,doughnut halo
group hairstyle switch,0,37,
shenyang j-15,0,37,
cross-laced choker,0,37,
cream on clothes,0,37,
hibiscus petals,0,37,
futa with other,0,37,
soko no omae! lemon ikko ni fukumareru vitamin c wa lemon ikkobun da ze (meme),0,37,
stone axe,0,37,
slamming another,0,37,
blossom bright (dagger),0,37,
blood on helmet,0,37,
winged tail,0,37,
a.c.p.u. (nikke),0,37,
tohno tengu shinobi group uniform (new link),0,37,
water shuriken (pokemon),0,37,
sailor neptune (cosplay),0,37,
would you still love me if i was a worm (meme),0,37,
hair over another's face,0,37,
blood on food,0,37,
pop in 2,0,37,
rabbit shadow puppet,0,37,bunny shadow puppet
aerial bomb,0,37,
world's best...,0,37,
affection icon (blue archive),0,37,
tunguska sanctuary (fate/grand order),0,37,
towel on face,0,37,
shinpi no kuni no oniland!!,0,37,
ulala (cosplay),0,37,
vehicular destruction,0,37,
los angeles police department,0,37,
muzui,0,37,
compensator,0,37,
canis minor (constellation),0,37,
pon de strawberry,0,37,
opening bottle,0,37,
hijab as hair,0,37,
cure rhythm (cosplay),0,37,
checkered shawl,0,37,
poke ball earrings,0,37,
bubble hair ornament,0,37,
technical difficulties,0,37,
stuffed strawberry,0,37,
touhou 7th popularity poll,0,37,
marugoshi shinji-kun,0,37,
warabimochi,0,37,
halo anklet,0,37,
red (among us) (cosplay),0,37,
can't see the haters (meme),0,37,
cuttlefish,0,37,
octagonal eyewear,0,37,
little egret,0,37,
matenro (hypnosis mic),0,37,matenrou (hypnosis mic)
pill background,0,37,
ultimate weapon (armored core),0,37,
kuso atsui (meme),0,37,fuckin' hot (meme)
czech hedgehog,0,37,
quick time event,0,37,
king dedede (cosplay),0,37,
silver claws,0,37,
pool noodle,0,37,
narwhal girl,0,37,
emmet (pokemon) (cosplay),0,37,
cut finger,0,37,
type 99 lmg,0,37,type 99 light machine gun
energy lance,0,37,
canned tea,0,37,
leather mask,0,37,
tupperware,0,37,
engraved armor,0,37,
magic academy of sekai (project sekai),0,37,
nurgle (symbol),0,37,
swinging another,0,37,
texas,0,37,
bridal one-piece swimsuit,0,37,
no crown,0,37,
dunhuang dance,0,37,
primary-star plum (idolmaster),0,37,
food malfunction,0,37,
schoolish girl (idolmaster),0,37,
squirrel print,0,37,
assault ship (eve online),0,37,
crystal sword (adventure time),0,37,
enel face (meme),0,37,
ruger lcr,0,37,
yellow hijab,0,37,
rukkhashava mushroom (genshin impact),0,37,
lipstick mark on back,0,37,
biology,0,37,
patapi (creature),0,37,
akumu no niwa wo utai akashite (project sekai),0,37,
rainbow skin,0,37,
logarius wheel,0,37,
neuron fly (rain world),0,37,
maitake dance,0,37,
through ceiling,0,37,
ofuda removed,0,37,
fate/accel zero order,0,37,
coll,0,37,
capture styler,0,37,
fake scar,0,37,
chinese guardian lion,0,37,
armads (fire emblem),0,37,
pink dot balloon (idolmaster),0,37,
hosen (clothing),0,37,
soleil (aikatsu!),0,37,
ken masters (cosplay),0,37,
terrace (architecture),0,37,
sniper (tf2) (cosplay),0,37,
kaleido ruby (cosplay),0,37,
butterfly on hat,0,37,
sauna bucket,0,37,
pumpkin background,0,37,
plasma cannon,0,37,
gaiwan,0,37,
putting on coat,0,37,
holding bun,0,37,
small lamp grass,0,37,
coriander,0,37,
cameraman,0,37,
coiled sword,0,37,
illusion grid t-shirt,0,37,
green hijab,0,37,
born to die world is a fuck (meme),0,37,
kisaragi station,0,37,
off-white (brand),0,37,
pulling tail,0,37,
axe guitar,0,37,
la+ darknesss (cosplay),0,37,
kumakichi gets arrested (meme),0,37,
asgore running over dess (meme),0,37,
kotobuki tsumugi (cosplay),0,37,
surprised pikachu (meme),0,37,
nakano azusa (cosplay),0,37,
time breaker mask,0,37,
undead (ensemble stars!),0,37,
italian clothes,0,37,
surfacing,0,37,
louise francoise le blanc de la valliere (cosplay),0,37,
zuihou (kancolle) (cosplay),0,37,
bead tail ornament,0,37,
pokewalker,0,37,
the cake is a lie (meme),0,37,
petal on body,0,37,
next frontier (idolmaster),0,37,
padjal,0,37,
nose stud,0,37,
yamakaze (kancolle) (cosplay),0,37,
ukuru (kancolle) (cosplay),0,37,
balljob,0,37,
v over breast,0,37,
leo minor (constellation),0,37,
fuchsia (flower),0,37,
mutsuki (kancolle) (cosplay),0,37,
cross-laced underwear,0,37,
silver creator award,0,37,
letter opener,0,37,
butterfly knife (apex legends),0,37,
rainfell,0,37,
saberstaff,0,37,
unworn capelet,0,37,
alternate nail color,0,37,
cracked road,0,37,
conical teeth,0,37,
friulian spear,0,37,
cake (minecraft),0,37,
coat tug,0,37,
inner mongolia,0,37,
incantation,0,37,
blue-ringed octopus,0,37,
hylian crest,0,37,
noumi kudryavka (cosplay),0,37,
stream deck,0,37,
motor vehicles only sign,0,37,
vertical mouth,0,37,
beam axe,0,37,
akagi ritsuko (cosplay),0,37,
uraeus astrape,0,37,
wombat,0,37,
one (style),0,37,
arm on own stomach,0,37,
isis (terrorist group),0,37,
aluminum bat,0,37,
squirming,0,37,
bonito,0,37,
classical maid (project sekai),0,37,
trace (pokemon ability),0,37,
akizuki (kancolle) (cosplay),0,37,
energy reader (apex legends),0,37,
octahedron,0,37,
dawn stone,0,37,
kyahan,0,37,
ecruteak city,0,37,
aura (sousou no frieren) (cosplay),0,37,
l.m.b.g (idolmaster),0,37,
ginseng,0,37,
person between thighs,0,37,
food awe,0,37,
mikasa (battleship),0,37,
pokemon-amie,0,37,
owl hat,0,37,
hokuto hyakuretsu ken,0,37,
popped zipper,0,37,
lip pull,0,37,
romaritime flower,0,37,
lancia stratos,0,37,
suicide pact,0,37,
bone-shaped pupils,0,37,
dishwashing soap,0,37,
kbyd (idolmaster),0,37,
daisangen,0,37,
bursting belly,0,37,
world's edge,0,37,
double high five,0,37,
hana hana no mi,0,37,
shima rin (cosplay),0,37,
kabuki,0,37,
kite balloon,0,37,
skyla (pokemon) (cosplay),0,37,
the prince (disney) (cosplay),0,37,
playstation move,0,37,
banana popsicle,0,37,
noclip,0,37,
lirika matoshi strawberry dress,0,37,
angry boss with happy family irasutoyas (meme),0,37,
mystletainn,0,37,
salamander (fire emblem),0,37,
rainbow legwear,0,37,
pen to chin,0,37,
geometric solid,0,37,
sydney opera house,0,37,
sanskrit,0,37,
splash free,0,37,
shindou takuto (mixi max oda nobunaga),0,37,
golem keter malkuth,0,37,
saten day,0,37,
hover scooter,0,37,
control panel overlay,0,37,
i-19 (kancolle) (cosplay),0,37,
royal starlet (idolmaster),0,37,
national police agency (japan),0,36,japanese national police agency (emblem)
aqua bonnet,0,36,
utakata ni idakarete (project sekai),0,36,
lipstick mark on clothes,0,36,
hylian (a link between worlds),0,36,
blood in cup,0,36,
yami q ray,0,36,
alkaloid (ensemble stars!),0,36,
chinese school uniform,0,36,
american flag bandana,0,36,
casemate,0,36,
tar,0,36,
horse-drawn vehicle,0,36,
floating flowers,0,36,
too many pills,0,36,
cell medal,0,36,
sitting on bar,0,36,
radio transceiver,0,36,
black legion (warhammer 40k),0,36,
circle logo,0,36,
frog tongue,0,36,
reverse trike,0,36,
blood on tail,0,36,
jerma985 eating a whopper (meme),0,36,
maebari removed,0,36,
penis-shaped food,0,36,
grok (xai),0,36,
toe dipping,0,36,
abortion,0,36,
i'll cut your throat! that'll shut you up! (meme),0,36,
x-shaped earrings,0,36,
key in mouth,0,36,
noa (blue archive) (cosplay),0,36,
gold cross,0,36,
character-shaped pupils,0,36,
retort stand,0,36,
speciale (nijisanji),0,36,
flux raider,0,36,
oo ee a e a (meme),0,36,oiiaoiia (meme)
favonius lance (genshin impact),0,36,
species switch,0,36,
frilled shoes,0,36,
studded wristband,0,36,
glowing symbol,0,36,
wooden arm,0,36,
mouth mask over eyes,0,36,
acoustic foam,0,36,soundproofing foam
grey armpit hair,0,36,
red jersey,0,36,
covering with clothes,0,36,
holding electronic cigarette,0,36,holding vape
sekijitsu no read-aloud (project sekai),0,36,yesteryear read-aloud (project sekai)
sparkle doll onahole (meme),0,36,
divine flame (jujutsu kaisen),0,36,fuuga (jujutsu kaisen)
hair around neck,0,36,
mismatched pauldrons,0,36,
koma-geta,0,36,
fondant au chocolat,0,36,
spiked bra,0,36,
star anise (spice),0,36,
title card,0,36,
wailmer pail,0,36,
ofuda on arm,0,36,
wrestling trunks,0,36,
red grass,0,36,
surprising thanks!! (ensemble stars!),0,36,
luna moth,0,36,
lace-trimmed arm warmers,0,36,
angelbite (piercing),0,36,
kakushin-teki metamorphose!,0,36,komaru dance
long foreskin,0,36,
okumura haru (cosplay),0,36,
polar star (genshin impact),0,36,
elements of harmony,0,36,
sprout pendant,0,36,
adachi rei (cosplay),0,36,
takase rio (cosplay),0,36,
holding peeler,0,36,
sea angel wings,0,36,
vaginal calligraphy,0,36,
gold ascot,0,36,
place lips here (meme),0,36,
paper mario (style),0,36,
it's over 9000 (meme),0,36,over 9000
meat pie,0,36,
no neck,0,36,
cum on desk,0,36,
tanning,0,36,
claw of the celestial dragons,0,36,
holding record jacket,0,36,
christmas tree earrings,0,36,
ren'ai circulation,0,36,
plant tail,0,36,
icon (religion),0,36,
oracle etude (love live!),0,36,
team 31e (heaven burns red),0,36,
faerie neopet,0,36,
lavalier microphone,0,36,lapel microphone
waiting for headpat,0,36,
paleoart,0,36,
mangaka,0,36,
condom earrings,0,36,
cardigan around neck,0,36,
venom (marvel) (cosplay),0,36,
holding scrunchie,0,36,
laughing cat pointing at you (meme),0,36,wajaja
flexibility failure,0,36,
helldiver (helldivers) (cosplay),0,36,
koss,0,36,
floating veil,0,36,
breathing lightning,0,36,
boa hancock (cosplay),0,36,
nether portal,0,36,
ed (street fighter) (cosplay),0,36,
geats buster qb9,0,36,
wheelchair sign,0,36,
two-tone eyeshadow,0,36,
mondegreen,0,36,
dorm,0,36,
iori (blue archive) (cosplay),0,36,
footjob during penetration,0,36,
mold (casting),0,36,
wrapped lollipop,0,36,
yorkshire terrier,0,36,
rainbow cake,0,36,
sniper team,0,36,
blue coif,0,36,
carl gustaf recoilless rifle,0,36,
hoop bracelet,0,36,
east german flag,0,36,
short coat,0,36,
general liu rifle,0,36,
finger to another's chest,0,36,
ogino chihiro (cosplay),0,36,
smartphone pouch,0,36,
touching tail,0,36,
pleated collar,0,36,
paraglider,0,36,
crescent belt buckle,0,36,
headless instrument,0,36,"headless bass guitar,headless guitar"
kiwi print,0,36,
bird on knee,0,36,
midoriya izuku (cosplay),0,36,
gem pasties,0,36,
reef-lux 450 (splatoon),0,36,
choker removed,0,36,
cheer girl 2 (idolmaster),0,36,
adeptus' temptation (genshin impact),0,36,
zettai zetsumei!? island panic! (project sekai),0,36,"a desperate situation!? island panic! (project sekai),desperate times?! island panic! (project sekai)"
daihatsu copen,0,36,
incoming throw,0,36,
zero unit,0,36,
hiroi kikuri (cosplay),0,36,
easter (ensemble stars!),0,36,
rabbit button,0,36,rabbit-shaped buttons
decidueye (cosplay),0,36,
multiple bed invitation,0,36,
flexing around head (meme),0,36,
koala no march,0,36,
war crime,0,36,
owl costume,0,36,
arrow to the knee,0,36,
shrug emoticon,0,36,
retro games sanae (meme),0,36,
takakura ken (dandadan) (cosplay),0,36,
miku holding a bikini (meme),0,36,
shiiton gakuen school uniform,0,36,
toy truck,0,36,
screaming kakyoin (meme),0,36,
hiden zero-two driver,0,36,
rainicorn,0,36,
meta knight (cosplay),0,36,
insomnia,0,36,
koizumi hanayo (cosplay),0,36,
shakuhachi,0,36,
alpha castor,0,36,
grawlix,0,36,
x (mega man) (cosplay),0,36,
halfpipe,0,36,
gulf war,0,36,
mejiro dober (umamusume) (cosplay),0,36,
smegma in mouth,0,36,
space yoko (cosplay),0,36,
light arrow (zelda),0,36,
liella! (year 2),0,36,
brendan (pokemon) (cosplay),0,36,
psypher (odin sphere),0,36,
norse,0,36,
slimejob,0,36,
green cross tie,0,36,
heart-shaped birthmark,0,36,
multicolored sclera,0,36,
it's morbin' time (meme),0,36,
reiko holinger (cosplay),0,36,
gign,0,36,
rero rero,0,36,
yewfelle (fire emblem),0,36,
bat bra,0,36,
bell tower (pokemon),0,36,
thanatos eros (cosplay),0,36,
princess king boo (cosplay),0,36,
spiked bicep strap,0,36,
no bodystocking,0,36,
dodge challenger (3rd generation),0,36,
winged armlet,0,36,
bowser tattoo,0,36,
leaf cutout,0,36,
mas-36,0,36,
broadway (font),0,36,
goomba's shoe,0,36,
root beer,0,36,
snare,0,36,
arrow in arm,0,36,
panzerschreck,0,36,
bosnia and herzegovina,0,36,
checkered bikini top,0,36,
chastity cage visible through clothes,0,36,
surfboard leash,0,36,
space heater,0,36,
team chaotix (sonic),0,36,
yharnam,0,36,
alternate headgear,0,36,
ootoriryouran gakuen school uniform,0,36,
producer,0,36,
anvil position,0,36,
red sequin (idolmaster),0,36,
suwako day,0,36,
seihai (sailor moon),0,36,
bunsen burner,0,36,
olmec head,0,36,
monado rex,0,36,
daicon bunny girl (cosplay),0,36,
luxurious sea-lord,0,36,
penis hold,0,36,
fur halo,0,36,
ayanami (azur lane) (cosplay),0,36,
kamogawa girls' high school uniform,0,36,
nerikiri,0,36,
sir aaron (cosplay),0,36,
tail vore,0,36,
ghana (chocolate),0,36,
uguu~,0,36,
neck injury,0,36,
body parts,0,36,
figy berry,0,36,
feeling facial hair,0,36,
knife cat (meme),0,36,
bfg 9000,0,36,
kujou karen (cosplay),0,36,
inoue orihime (cosplay),0,36,
ultra guardians uniform,0,36,
tibetan sand fox,0,36,
breast rings,0,36,
hawker hurricane,0,36,
slinky,0,36,
fake website,0,36,
team 7 (boruto),0,36,
wing hold,0,36,
cowboy fringe,0,36,
lana (pokemon) (cosplay),0,36,
snatch,0,36,
in net,0,36,
metal trim,0,36,
c.first (idolmaster),0,36,
daisy chain (sex),0,36,
father shot by son (meme),0,36,
imperial korean army,0,36,
stalk eyes,0,36,
kimberly magic academy school uniform,0,36,
m2 bradley,0,36,
object on ass,0,36,
polka dot cape,0,36,
sun pendant,0,36,
collection,0,36,
bmw m4,0,36,
shining shoot (pose),0,36,
jigoku no misawa (style),0,36,
teio's honey song,0,36,
platinum jacket (twisted wonderland),0,36,
tailmon (cosplay),0,36,
lion hair ornament,0,36,
tumbling,0,36,
bloomers on head,0,36,
parachute pants,0,36,
bakugou katsuki (cosplay),0,36,
tiara removed,0,36,
takanoori middle school uniform,0,36,
double flare skirt one-piece,0,36,
bathtub tray,0,36,
wildfire,0,36,
rubber hose (style),0,36,
wii version,0,36,
hokkai,0,36,
wooden ladder,0,36,
golden flower (undertale),0,36,
anta baka?,0,36,
lumakini,0,36,
amiti,0,36,
c-01 permit (helldivers),0,36,
colored upper lip,0,36,
lotus wand,0,36,
undone chinstrap,0,36,undone chin strap
kabane,0,36,
executor (sao),0,36,
the dress (meme),0,35,
changing hair color,0,35,bleaching hair
chastity cage-belt,0,35,
moon phases over eye,0,35,
harvesting ship (eve online),0,35,
gel banana,0,35,
iden teitei meltdown,0,35,
nail in head,0,35,
usb port (object),0,35,
galvanic mechamorph,0,35,
blinkers (horse tack),0,35,
rally bike (mario kart world),0,35,
blueprint background,0,35,
hookshot,0,35,
milking table,0,35,
argyle sash,0,35,
ch-53,0,35,
kaguya (cho kaguya-hime!) (cosplay),0,35,
romanian flag,0,35,
door lock,0,35,
angry face emoji,0,35,
happy trigger (nijisanji),0,35,
ass conscious,0,35,
ump45 (girls' frontline) (cosplay),0,35,
foot on another's stomach,0,35,
after onahole job,0,35,
implied cuntboy,0,35,
love love stick,0,35,
ootori emu (cosplay),0,35,
projectile,0,35,
this moment with you! (project sekai),0,35,
sakanade (shikai),0,35,
bent over backwards,0,35,
taiwanese clothes,0,35,
no mustache,0,35,
unconventional police uniform,0,35,
arius branch school logo,0,35,
lamb ears,0,35,
interactive speech bubble,0,35,
giant-crusher (elden ring),0,35,
strategic cruiser (eve online),0,35,
thermogram,0,35,
florence cathedral,0,35,
estonian flag,0,35,
lifted from behind,0,35,
mig-25,0,35,
holding fire extinguisher,0,35,
asymmetrical legs,0,35,
censored kiss,0,35,
koiguchi,0,35,
hand on another's tail,0,35,
two-sided vest,0,35,
taja spinner,0,35,
lace bodysuit,0,35,
torn loincloth,0,35,ripped loincloth
yamaha v-max,0,35,
plaid bandana,0,35,
cavern,0,35,
heart hairpin,0,35,
fish market,0,35,
starpiece dreamer (idolmaster),0,35,
harmony scarf,0,35,
holding taser,0,35,
dark alleyway,0,35,
chipped axe,0,35,
cross academy school uniform,0,35,cross academy uniform
pirouette,0,35,
rikkyouin high school uniform (ova),0,35,
motul (company),0,35,
operation ten-gou,0,35,
finger grab,0,35,
open overalls,0,35,
go on feel it (meme),0,35,
bar spoon,0,35,
multicolored clouds,0,35,
art tool censor,0,35,
pinching another's nose,0,35,
revival my dream (project sekai),0,35,
camouflage bikini top,0,35,
heart arms failure,0,35,
spiked skirt,0,35,
mutual wedgie,0,35,
peasant,0,35,
kimi to tsumugu precious memories (project sekai),0,35,"our precious memories (project sekai),weaving precious memories with you (project sekai)"
apple of eden (assassin's creed),0,35,
noppo bread,0,35,
offensive skill book (azur lane),0,35,
bagworm (world trigger),0,35,
leather corset,0,35,
grand galloping gala,0,35,
microphone stand between breasts,0,35,
lace-trimmed robe,0,35,
white eyeliner,0,35,
daidai maru,0,35,
tsunagu hoshi no uta (project sekai),0,35,"connected by our stellar song (project sekai),our constellation of song (project sekai)"
galapagos penguin,0,35,
implied tentacle sex,0,35,
eagle (helldivers),0,35,
supercarrier (eve online),0,35,
chozo,0,35,
star-shaped chocolate,0,35,
light up the fire (project sekai),0,35,
bruno bucciarati (cosplay),0,35,
flying taxi (pokemon),0,35,
poppingummy,0,35,
houmonka,0,35,
arm eye,0,35,third eye on arm
viet cong,0,35,
kivat belt,0,35,
strawberry necklace,0,35,
joseph joestar's pose,0,35,joseph joestar's pose (jojo)
cleaning sword,0,35,
fatter female thinner male,0,35,
don't look down on central (meme),0,35,
ghibli redraw challenge (meme),0,35,
pomeg berry,0,35,
chiseled face,0,35,
see-through balloon,0,35,
hisui (tsukihime) (cosplay),0,35,
sleeved one-piece swimsuit,0,35,
yugoslavian flag,0,35,
pregnancy progression,0,35,
object in thighhighs,0,35,
camouflage swimsuit,0,35,
breast beam,0,35,
gold snake,0,35,
bujinsword buckle,0,35,
skull charm,0,35,
piplup (cosplay),0,35,
arx-160,0,35,
the homing instinct (e.g.o),0,35,
abarth,0,35,
chell (cosplay),0,35,
pink lightsaber,0,35,
hoshi wo mezashite yoosoroo! (project sekai),0,35,with your sights on stardom set sail! (project sekai)
amulet coin,0,35,
drifters (eve online),0,35,
kore ga kyonyuu da (meme),0,35,
scale prank,0,35,
cheer girl (idolmaster),0,35,
axel in harlem (meme),0,35,
muscle spark,0,35,
frog egg,0,35,
apple blossoms,0,35,
fly earrings,0,35,
sun stone (pokemon),0,35,
hogyoku (bleach),0,35,
shark meme (meme),0,35,
guinness (beer),0,35,
group kiss,0,35,
australian flag print,0,35,
glove corset,0,35,
transparent limb,0,35,
opera,0,35,
prussia,0,35,
simulated cunnilingus,0,35,
charity,0,35,
sautoir,0,35,
cipher (pokemon),0,35,
scavenger hunt,0,35,
stuffed bee,0,35,
blue rose (gun),0,35,
ortensia idol uniform,0,35,
gingham vest,0,35,
leap of faith,0,35,
majin android 21 (cosplay),0,35,
holding dowsing rod,0,35,
chocolate mold,0,35,
eaves,0,35,
nearly naked sweater,0,35,
caelus (honkai: star rail) (cosplay),0,35,
argyle bra,0,35,
splash!!!! (love live!),0,35,
helvetian military uniform,0,35,
ishgard (ff14),0,35,
london (fate/grand order),0,35,
latex serafuku,0,35,
sparky (arms),0,35,
jumping on bed,0,35,
guzma (pokemon) (cosplay),0,35,
grinding,0,35,
fish bag,0,35,
american flag hat,0,35,
tongue piercing gag,0,35,
cape verde,0,35,
christmas is cancelled,0,35,
tiananmen square,0,35,
biaxial model,0,35,
love judgement (mace),0,35,
print sailor collar,0,35,
shiran no ka (meme),0,35,that's when maintenance begins (meme)
skybridge,0,35,
battering ram,0,35,
spade-shaped pupils,0,35,
mitsuba aoi (tokugawa mon),0,35,
unworn maid headdress,0,35,
roy mustang (cosplay),0,35,
shotgun speedloader,0,35,
star border,0,35,
hayasui (kancolle) (cosplay),0,35,
nyan nyan nyan (idolmaster),0,35,
vihta,0,35,
takani yoshiyuki (style),0,35,
anywhere door,0,35,
disembodied breast,0,35,
calf (animal),0,35,
lionfish,0,35,
crystal change rod,0,35,
hiyayakko (food),0,35,
mazda rx-7 fb,0,35,
cure wonderful (cosplay),0,35,
cherryton school uniform,0,35,
leather body harness,0,35,
broadsword (titanfall 2),0,35,
a~ un~,0,35,
pikachu print,0,35,
order shot (splatoon),0,35,
american flag gloves,0,35,
headdress removed,0,35,
back scrubber,0,35,
cushion grab,0,35,
stuffed tanuki,0,35,
gingerbread,0,35,
round girl,0,35,
shinonome ena (cosplay),0,35,
cross fusion,0,35,
battle of midway,0,35,
unwrap me body bow,0,35,
carving fork,0,35,
more deban,0,35,
bungee cord,0,35,
lap dance,0,35,
pha nung,0,35,
semaphore flags,0,35,
kubelwagen,0,35,
group wedgies,0,35,
anaconda,0,35,
spade hands,0,35,
chikattochikachika (kaguya-sama wa kokurasetai),0,35,
spotted bow,0,35,
hieda no akyuu (cosplay),0,35,
i-401 (aoki hagane no arpeggio),0,35,
golden dawn (emblem),0,35,
yogetsu high school uniform,0,35,
pepsi japan cola challenge (meme),0,35,pepsi japan cola challenge
neo geo pocket color,0,35,
weighted clothes,0,35,
dagwood sandwich,0,35,
neutrophil,0,35,
unconventional jack-o'-lantern,0,35,
teostra (armor),0,35,
great yell for dreamers! (project sekai),0,35,
triangle border,0,35,
school invader (hundred line),0,35,
dunkleosteus,0,35,
lilidae,0,35,
unworn sports bra,0,35,
programming,0,35,
rabbit helmet,0,35,
flag pin,0,35,
edelweiss (senjou no valkyria),0,35,
pajama shorts,0,35,
garrison regiment (emblem),0,35,
green loincloth,0,35,
bloodhound (apex legends) (cosplay),0,35,
hiiragi yuzu (cosplay),0,35,
drinking from bowl,0,35,
twin turbo (umamusume) (cosplay),0,35,
knife block,0,35,
say gex (meme),0,35,sesbian lex (meme)
toy house,0,35,
adfx-02 morgan,0,35,
gundam team,0,35,
cooperative bellyjob,0,35,
livegun,0,35,
cat scared of food (meme),0,35,
figure four leglock,0,35,
kuroobi (armor),0,35,
wedding cake cutting,0,35,
sex shop,0,35,
mac an luin (fate),0,35,
glove spread,0,35,
fur-trimmed fan,0,35,
oh! pamo-san (meme),0,35,
honnouji gakuen,0,35,
cel,0,35,
winter clothes (zelda),0,35,
ningguang (genshin impact) (cosplay),0,35,
honda gyro,0,35,
pink changpao,0,35,
habaki,0,35,
enki (fate/prototype),0,35,
pov inside mouth,0,35,
stuffed toy on head,0,34,
rocket hair ornament,0,34,
blue bodice,0,34,
triforce tattoo,0,34,
finnish clothes,0,34,
into the sunset (e.g.o),0,34,
big bang kamehameha,0,34,
signet of infinity,0,34,
airbus a380,0,34,
fleabane,0,34,
cord choker,0,34,
lamb boy,0,34,
my room (fire emblem fates),0,34,
four-leaf clover ornament,0,34,
finger gun to another's head,0,34,
mp18,0,34,
veiny head,0,34,
loom,0,34,
focus sash,0,34,
yoisaki kanade (cosplay),0,34,
cyclamen,0,34,
fuji rabbit,0,34,
paw print ornament,0,34,
panda slippers,0,34,
colored lower eyelashes,0,34,
moa (eve online),0,34,
penis collar,0,34,
my eyes are up here (meme),0,34,
starscourge greatsword,0,34,
high twin braids,0,34,
bow sticker,0,34,
ender pearl,0,34,
good hips day,0,34,
arapaima,0,34,
multi-strapped camisole,0,34,
united nations flag,0,34,
dog crate,0,34,
aqua bird,0,34,
alien hair ornament,0,34,
ingrid (capcom) (cosplay),0,34,
ashley graham (cosplay),0,34,
darksider (star wars),0,34,
feathered coat,0,34,
feet on another's head,0,34,feet on head
flag armband,0,34,
pearl harbor,0,34,
pearl ring,0,34,
dog print panties,0,34,dog panties
hands on another's feet,0,34,
goron mask (zelda),0,34,
imminent anilingus,0,34,
on bus,0,34,
repel (pokemon),0,34,
cat-shaped food,0,34,
the first concerto (project sekai),0,34,
falling asleep,0,34,
lightning bolt tattoo,0,34,
drawbridge,0,34,
silver wings,0,34,
belarus,0,34,
skell (xenoblade x),0,34,
parking permissive sign,0,34,
thighhigh belt,0,34,
persian cat,0,34,
merging bodies,0,34,
komowata haruka (style),0,34,
crescent balloon,0,34,
cairn (structure),0,34,
rope choker,0,34,
green hanbok,0,34,
bruise on back,0,34,
gyan mudra,0,34,
music man stingray,0,34,
bird on tail,0,34,
neck wings,0,34,
chemise lift,0,34,
zoom lens,0,34,
cassowary,0,34,
let's use every last drop (meme),0,34,let's larp (meme)
split-color fur,0,34,
broken antler,0,34,
implied breast sucking,0,34,
sophie (bang dream!),0,34,
squid pose,0,34,
ruyi,0,34,
mukbang,0,34,
aim-7 sparrow,0,34,
butterfly bowtie,0,34,
mosque,0,34,
kac sr-15,0,34,
dolphin costume,0,34,
tie tab,0,34,
ultimate moe,0,34,
deluxcalibur (code of princess),0,34,
in flower,0,34,
persian speedwell,0,34,
convenient ribbon,0,34,
quadruple penetration,0,34,
print jumpsuit,0,34,
eagle head (ornament),0,34,
soothe bell,0,34,
togashi yoshihiro (style),0,34,
charged set (zelda),0,34,
cure friendy (cosplay),0,34,
super masara ahegao,0,34,
fuzi,0,34,
brown strap,0,34,
metal upa,0,34,
signet of gold,0,34,
aqua blood,0,34,
jinmenken,0,34,
breast torture,0,34,
scotch whisky,0,34,
chain around leg,0,34,
chucky (child's play) (cosplay),0,34,
caltrops,0,34,
disembodied wing,0,34,
reverse mermaid,0,34,
pussy sucking,0,34,
pink bustier,0,34,
fondue au fromage,0,34,
rib tattoo,0,34,
gang,0,34,
to pathos mathos (e.g.o),0,34,
ano hi kanadeta neiro wo (project sekai),0,34,"the tone played on that day (project sekai),the way i played that day (project sekai)"
gunma prefecture,0,34,
fruitcake,0,34,
sakura (fire emblem) (cosplay),0,34,
adjusting breasts,0,34,
locust,0,34,
hobby knife,0,34,
hanging on another,0,34,
stuffed flower,0,34,
moka pot,0,34,
portuguese man o' war,0,34,
mare's leg,0,34,
marimba,0,34,
gazyr,0,34,
1989,0,34,
paggi outfit,0,34,
male race queen,0,34,
crescent mouth,0,34,
luce (jubilee 2025) (cosplay),0,34,
aoku haruka (original),0,34,
kotomine family (fate),0,34,
behind cover,0,34,
extra eyebrows,0,34,
pet nail clippers,0,34,
unworn male swimwear,0,34,
see-through necktie,0,34,
pig hood,0,34,
broly (dragon ball z) (cosplay),0,34,
back zipper,0,34,
height connection,0,34,
boxcar,0,34,
nighthead (ensemble stars!),0,34,
feet above head,0,34,
suspenders under shirt,0,34,
angela (project moon) (cosplay),0,34,
white scapular,0,34,
cast spell on you (project sekai),0,34,
power symbol hair ornament,0,34,
holding board eraser,0,34,
satan saber,0,34,
european robin,0,34,
variety animal (idolmaster),0,34,
saguaro,0,34,
suzuya kai ni (kancolle) (cosplay),0,34,
massacre,0,34,
gun in pussy,0,34,
crossing guard,0,34,
upside-down bikini top,0,34,
butterfly on knee,0,34,
doremy sweet (cosplay),0,34,
tide,0,34,
mad trigger crew,0,34,
fake beak,0,34,
dialogues of the desert sages (genshin impact),0,34,
chiba prefecture,0,34,
no one's around to help (meme),0,34,smug dancin (meme)
lumberjack,0,34,
power gloves,0,34,
uzbek clothes,0,34,
twitter poll,0,34,
the dragon knights,0,34,
saline bag,0,34,
drinking pussy juice,0,34,
wet sweater,0,34,
james moriarty (archer) (fate) (cosplay),0,34,
portuguese flag,0,34,
arachnophobia,0,34,"afraid of spiders,fear of spiders"
strength tester machine,0,34,
karasawa (weapon),0,34,
leg press machine,0,34,
kamen no watashi ni sayonara wo (project sekai),0,34,"farewell my mask (project sekai),saying goodbye to my persona (project sekai)"
costume combination,0,34,
pichu (cosplay),0,34,
glowing chain,0,34,
cattle prod,0,34,
prehensile facial hair,0,34,
choir set (bloodborne),0,34,
metropolitan police service,0,34,
areishia spirit academy uniform,0,34,
gran centurio,0,34,
octoglasses (splatoon),0,34,
what is love (meme),0,34,what is love
chevrolet camaro (6th generation),0,34,
plate spinning,0,34,
controller between breasts,0,34,
direction board,0,34,
hatsuzuki (kancolle) (cosplay),0,34,
isaac clarke (cosplay),0,34,
flamer,0,34,
dual squelcher (splatoon),0,34,
butterfly bow,0,34,
tone kai ni (kancolle) (cosplay),0,34,
photo date watermark,0,34,
life for a daredevil (e.g.o),0,34,
no horny (meme),0,34,
kilt hide,0,34,
spider bite (piercing),0,34,
plaid suit,0,34,
gang sign,0,34,
death jail summer escape,0,34,
jesus (cosplay),0,34,
exotic (nikke),0,34,
gelato,0,34,
niqab,0,34,
dempsey roll,0,34,
nanashi mumei (cosplay),0,34,
airport security,0,34,
integrated strategies (arknights),0,34,
cure dream (cosplay),0,34,
plague marine,0,34,
job icon (final fantasy),0,34,
air hockey table,0,34,
emu,0,34,
nigella,0,34,
jade parcels (genshin impact),0,34,
ford mustang s550,0,34,
print helmet,0,34,
facial hair through mask,0,34,
twitter sparkles,0,34,
jdon in my soul (meme),0,34,
slug tail,0,34,
tokijin (sword),0,34,
broken pencil,0,34,
cinnabar spindle (genshin impact),0,34,
sadako ceiling tv redraws (meme),0,34,
four horsemen,0,34,
auto-9,0,34,
sonichu medallion,0,34,
aim-54 phoenix,0,34,
forgeborn scathe (arknights),0,34,
urna,0,34,
flamingo print,0,34,
glaucid,0,34,
chevrolet corvette c1,0,34,
owl print,0,34,
balance beam,0,34,
lederhosen,0,34,
marina (splatoon) (cosplay),0,34,
seedling,0,34,
doqute doll photoshoot parody (meme),0,34,
endoscope,0,34,
transparent bathtub,0,34,
vulpecula (constellation),0,34,
lunamaria hawke (cosplay),0,34,
milkman,0,34,
cocoa bean,0,34,
kiryu coco (cosplay),0,34,
kannushi,0,34,
cancan dance,0,34,
twins day,0,34,
mcmillan tac-50,0,34,
leash belt,0,34,
longhorn lance,0,34,
scrubber,0,34,
blocking way,0,34,blocking door
chart (object),0,34,
bactrian camel,0,34,
sitting on tentacle,0,34,
ribbon-trimmed sash,0,34,
tamamo cross (umamusume) (cosplay),0,34,
studded anklet,0,34,
kiraboshi (star driver),0,34,
loose kneehigh,0,34,
ventriloquist dummy,0,34,
patchworks,0,34,
presenting another's ass,0,34,
well-worn outfit (zelda),0,34,
yuigesa,0,34,
officio assassinorum,0,34,
natalia (idolmaster) (cosplay),0,34,
widowmaker (overwatch) (cosplay),0,34,
air quotes,0,34,
giant skull,0,34,
oma kokichi (cosplay),0,34,
sai (idolmaster),0,34,
legenders (idolmaster),0,34,
waving legs,0,34,
perrine h. clostermann (cosplay),0,34,
p-38 lightning,0,34,
shared shower,0,34,
cloud over head,0,34,
kaga (azur lane) (cosplay),0,34,
mop bucket,0,34,
kazuma kaneko (style),0,34,
kaneki profile picture (meme),0,34,kaneki profile picture
the one piece is real (meme),0,34,
ryaku,0,34,
israel defense forces,0,34,
green tattoo,0,34,
head on another's leg,0,34,
riding tiger,0,34,
rathian (armor),0,34,
zentaiteki ni sensation,0,34,
way to the dawn,0,34,
merlin (fate) (cosplay),0,34,
satsuki (kancolle) (cosplay),0,34,
esbeliben,0,34,
shiawase graffiti,0,34,
containment unit,0,34,
butterfly doors,0,34,
mian (dream c club) (cosplay),0,34,
empire (warhammer fantasy),0,34,
rosso fantasma,0,34,
brocade,0,34,
seizon senryaku,0,34,
wonderswan,0,34,
poison (final fight) (cosplay),0,34,
hiiragi iwashi,0,34,
saimoe 2006,0,34,
cat burger,0,34,
recursive speech bubble,0,34,
anglerfish dance,0,34,
goat costume,0,34,
smiling face with heart-shaped eyes emoji,0,33,
hairband ribbon,0,33,
panties under bodystocking,0,33,
cyrene (honkai: star rail) (cosplay),0,33,
police of russia,0,33,"politsiya,russian police"
green visor,0,33,
holding blueprints,0,33,
captivity,0,33,
ribbon-trimmed ascot,0,33,
flying grass,0,33,
nissan skyline c10,0,33,
footwear on head,0,33,
rogatywka,0,33,polish military hat
pacha edits (meme),0,33,when the sun hit that ridge just right (meme)
hyoumetsu juuji senzen antiokheia,0,33,
book on face,0,33,
pixel star,0,33,
tidus no chinpo kimochiyo sugidaro! (meme),0,33,
kimi no tonari kimi to miru ashita (project sekai),0,33,
popped balloon,0,33,
shared pillow,0,33,
swim trunks pull,0,33,
paintbrush in mouth,0,33,
coffin hair ornament,0,33,
fabulous secret powers (meme),0,33,"fabulous secret powers,heyyeyaaeyaaaeyaeyaa (meme)"
cat belt buckle,0,33,
parasaurolophus,0,33,
complaining,0,33,
zora mask (zelda),0,33,
nyarlathotep (nyaruko-san) (cosplay),0,33,
international space station,0,33,
fur-trimmed bridal gauntlets,0,33,
flowchart,0,33,
peing (site),0,33,
gold sleeves,0,33,
ukrainian air force,0,33,
darkness (konosuba) (cosplay),0,33,
shimi chazuke (genshin impact),0,33,
catalog,0,33,
large collar,0,33,
v over face,0,33,
imminent self-harm,0,33,
assisted anal,0,33,
french navy,0,33,
veiny stomach,0,33,
white happi,0,33,
strawberry-shaped pillow,0,33,strawberry pillow
periwinkle (flower),0,33,
cupola (building),0,33,
stuffed polar bear,0,33,
armored footwear,0,33,
on all-terrain vehicle,0,33,
gun rack,0,33,
mangrove,0,33,
meaning of a kiss,0,33,
virgin vs chad (meme),0,33,
tuberose,0,33,
aqours finale lovelive! ~eikyuu stage~,0,33,
mismatched bridal gauntlets,0,33,
dragon's bane (genshin impact),0,33,
tower of babel,0,33,
lowleg buruma,0,33,
iluna (nijisanji),0,33,
marine (starcraft),0,33,
jade bangle,0,33,
robin (dc) (cosplay),0,33,
kyoto prefecture,0,33,
inori no saki negau ashita wa (project sekai),0,33,"beyond prayers the tomorrow we wished for is... (project sekai),the tomorrow we hope for (project sekai)"
black cat (marvel) (cosplay),0,33,
holding tooth,0,33,
which holomem looks best in these? (meme),0,33,
rejection reaction (meme),0,33,
austrian national soccer team uniform,0,33,
hollywood sign,0,33,
ui (blue archive) (cosplay),0,33,
heel blade,0,33,
alpha symbol,0,33,
bandaid on anus,0,33,
satono diamond (umamusume) (cosplay),0,33,
apocalypse (eve online),0,33,
overlapping speech bubbles,0,33,
do not fist android girls (meme),0,33,
sapporo (city),0,33,
tribadism gesture,0,33,
checkered capelet,0,33,
ch'en (arknights) (cosplay),0,33,
shared wings,0,33,
chadcast (hololive),0,33,
cucumber on face,0,33,
uraku misugiri (genshin impact),0,33,
orange teeth,0,33,
shidare hotaru (cosplay),0,33,
red hood (nikke) (cosplay),0,33,
paper towel holder,0,33,
book hair ornament,0,33,
illusion (pokemon),0,33,
bite mark on ear,0,33,
orange nipples,0,33,
teez (d.gray-man),0,33,
fractsidus (wuthering waves),0,33,
cream cheese,0,33,
addiction,0,33,
clavia digital musical instruments,0,33,
cat detector (meme),0,33,
kuruma squad's uniform,0,33,
starish,0,33,
gold city (umamusume) (cosplay),0,33,
one armed carry,0,33,
chest stand handstand,0,33,
kgb,0,33,
honda monkey,0,33,
zucchetto,0,33,
the herta (honkai: star rail) (cosplay),0,33,
iron halo,0,33,
indigo plateau,0,33,
tanegashima (gun),0,33,
grant gustin next to oliver queen's grave (meme),0,33,
voxel art,0,33,
pee in pussy,0,33,
shunga,0,33,
clam digging,0,33,
standing on another's back,0,33,
skin color connection,0,33,
stirring rod,0,33,
philanemo mushroom (genshin impact),0,33,
agapanthus (flower),0,33,
flatcar,0,33,
ragprof,0,33,
alien costume,0,33,
ophelia (fire emblem) (cosplay),0,33,
kimono around waist,0,33,
shocker (gesture),0,33,
wada arco exhibition,0,33,
scarlet book (pokemon),0,33,
escape (idolmaster),0,33,
baklava,0,33,
ak-103,0,33,
coffee press,0,33,
high priest (ragnarok online) (cosplay),0,33,
snow leopard pelt,0,33,
happiness roomwear (idolmaster),0,33,
apple watch,0,33,
jagdtiger,0,33,
holding unworn armband,0,33,
lock hair ornament,0,33,
card kingdom (deltarune),0,33,
psyche-lock,0,33,
studded hat,0,33,
towel on penis,0,33,
eagle 500kg bomb stratagem (helldivers),0,33,
impact wrench,0,33,
orange poncho,0,33,
blood on gun,0,33,
boeing 737,0,33,
team dark (sonic),0,33,
meifu (nijisanji),0,33,
wakaba girls (k-on!),0,33,
suzuki hustler,0,33,
umbrella print,0,33,
diagonal-striped kimono,0,33,
team star uniform,0,33,
phazon,0,33,
heart hands duo chain,0,33,
elemental air symbol,0,33,
circuit de la sarthe,0,33,
creme brulee,0,33,
head-up display (vehicle),0,33,
flak,0,33,
blueberry tart,0,33,
spotting scope,0,33,
hotel yamato,0,33,
putting on mask,0,33,
draco centauros (cosplay),0,33,
single sleeve cuff,0,33,
dancing arona (meme),0,33,
life orb,0,33,
alexandre cabanel (style),0,33,
ippon katana (ninjala),0,33,
hand on another's lap,0,33,
j. c. leyendecker (style),0,33,
yunohana international school uniform,0,33,
abbacchio joins the kicking (meme),0,33,
inside stomach,0,33,
berserker (fate/zero) (cosplay),0,33,
tomahawk missile,0,33,
dhole,0,33,
lightforged draenei,0,33,
sieve,0,33,
wiping table,0,33,
child safety seat,0,33,
opening presents,0,33,
matou sakura (street choco-maid) (cosplay),0,33,
happy happy friends,0,33,
retro framers (splatoon),0,33,
circle game,0,33,
rabbit in eyes,0,33,
red panda hood,0,33,
navy faction (eve online),0,33,
fake slur,0,33,
footjob invitation,0,33,
dongpo pork,0,33,
nissin yakisoba ufo,0,33,
kaixa driver,0,33,
ice play,0,33,
seishin school uniform,0,33,
enclave (fallout),0,33,
pellet (pikmin),0,33,
executioner,0,33,
kirby (cosplay),0,33,
sitting on breasts,0,33,
neon tetra,0,33,
bag of cookies,0,33,
tick tock bomb,0,33,
sent flying,0,33,
erasing,0,33,
tamaki iroha (cosplay),0,33,
orchard,0,33,
human weapon,0,33,
ark angel,0,33,
noveske space invader,0,33,
giant sperm cell,0,33,
spiny egg,0,33,
college of angel (idolmaster),0,33,
foal,0,33,
god of the new world (meme),0,33,
arrow background,0,33,
toaster (arms),0,33,
ruby says fuck (meme),0,33,
own cum on tongue,0,33,
too many guns,0,33,
long spout teapot,0,33,
after buttjob,0,33,
djinn (golden sun),0,33,
rose cage (project sekai),0,33,
smoke censor,0,33,
shigeno shuuichi (style),0,33,
hair between ass,0,33,
fu hua (cosplay),0,33,
shiraha private academy school uniform,0,33,shirome school uniform
zaytun peach (genshin impact),0,33,
maserati,0,33,
lithuanian flag,0,33,
velma dinkley (cosplay),0,33,
nishizumi miho (cosplay),0,33,
diving mask removed,0,33,
batmobile,0,33,
kayak,0,33,
felinid,0,33,
navel hair peek,0,33,
primaris space marine,0,33,primaris adeptus astartes
finger kiss,0,33,
scadutree (elden ring),0,33,
argyle bonnet,0,33,
adoption,0,33,
heartland academy uniform,0,33,
mang (project moon),0,33,
useless machine,0,33,
kakizaki squad's uniform,0,33,
asymmetrical antlers,0,33,
near miss,0,33,
mismatched heart duo,0,33,
ice cave,0,33,
kienzan,0,33,
aki shizuha (cosplay),0,33,
gyroscope,0,33,
water buffalo,0,33,
marcille breakdance (meme),0,33,
dinosaur skull,0,33,
c-clamp,0,33,
momose ginko (cosplay),0,33,
black pearl,0,33,
saika academy school uniform,0,33,
licking own pussy juice,0,33,
pretend cigarette,0,33,"fake cigarette,improvised cigarette"
evol trigger,0,33,
oil rig,0,33,
toha heavy industries,0,33,
receiver,0,33,
hoodie hiding shorts,0,33,
blood donation,0,33,
t-55,0,33,
lr-300,0,33,
cupcake print,0,33,
miyu (blue archive) (cosplay),0,33,
bird scarer,0,33,
dunk tank,0,33,
teacher and teacher,0,33,
fruit pattern,0,33,
mirage precure,0,33,
magic bondage,0,33,
cross patonce,0,33,
itsumo no you ni love & peace!!,0,33,
multiple bite marks,0,33,
shared towel,0,33,
alpha omega (cosplay),0,33,
sexy underwear (dq),0,33,
on ass,0,33,
uni (food),0,33,
farmer's tan,0,33,
head smash,0,33,
eyecon,0,33,
taoism,0,33,
diarmuid ua duibhne (lancer) (fate) (cosplay),0,33,
mora meat (genshin impact),0,33,
divine spirit (touhou),0,33,
katsushika hokusai (fate) (cosplay),0,33,
f-86 sabre,0,33,
hydro pump (pokemon),0,33,
bike horn,0,33,
too many teeth,0,33,
breast clinging,0,33,
crescent sword,0,33,
cake batter,0,33,
hajime x cross,0,33,
fennekin (cosplay),0,33,
pyro (tf2) (cosplay),0,33,
kudagitsune,0,33,
lydian academy swimsuit,0,33,
wolf cutout,0,33,
pantyhose on head,0,33,
towel rabbit,0,33,
blackberry hair ornament,0,33,
spotted skirt,0,33,
arafune squad's uniform,0,33,
kamisato ayaka (springbloom missive) (cosplay),0,33,
ash-12.7,0,33,
incinerator,0,33,
autofootjob,0,33,self-footjob
ascending,0,33,
inside clam,0,33,
tie pilot,0,33,
hockey helmet,0,33,
sailor mercury pose,0,33,
507th joint fighter wing,0,33,
hololive fantasy 1st anniversary outfit,0,33,
spinzaku,0,33,
shana (cosplay),0,33,
masturbation from behind,0,33,
cocktail pick,0,33,
pallet rifle (evangelion),0,33,
ghost girl (niyeye2019) (cosplay),0,33,
face powder,0,33,
gear fourth: snakeman,0,33,
animal ear headband,0,33,
sibi2028 pectoral grab (meme),0,33,
nekomimi mode (tsukuyomi),0,33,
object (vehicle),0,33,
anman,0,33,
school rooftop,0,33,
i-8 (kancolle) (cosplay),0,33,
1920s (style),0,32,
double paizuri,0,32,
binds (e.g.o),0,32,
lcd (identity) (project moon),0,32,
free french flag,0,32,
project (league),0,32,project (league of legends)
yellow loincloth,0,32,
knit day,0,32,
gradient veil,0,32,
knock the future!! (project sekai),0,32,a bright future!! (project sekai)
central intelligence agency,0,32,
x cutout,0,32,
flashing eyes,0,32,
electric onahole,0,32,electric artificial vagina
transformation pen,0,32,
korean kindergarten grasshopper spill,0,32,
stealth vehicle,0,32,
emma (pokemon) (cosplay),0,32,
heart hands invitation,0,32,
overdose,0,32,
nileseyy niles disappears (meme),0,32,
ta-da pose,0,32,presenting pose
feather hairband,0,32,
hands on own foot,0,32,
latex pantyhose,0,32,
unwanted erection,0,32,
food poisoning,0,32,
planted baseball bat,0,32,
blood vial,0,32,
yellow penis,0,32,
gradient scales,0,32,
knocked over,0,32,
furude rika (cosplay),0,32,
and so they were both bottoms (meme),0,32,
franziska von karma (cosplay),0,32,
spongebob squarepants (cosplay),0,32,
naked shawl,0,32,
! block,0,32,
mate (drink),0,32,
surrounded by weapons,0,32,
narase beauitful sound! (project sekai),0,32,play that beautiful sound! (project sekai)
light of foliar incision (genshin impact),0,32,
too many gifts,0,32,
fried squid,0,32,
cruiser bicycle,0,32,
kitaete fly! muscle training! (project sekai),0,32,get fit & fly! muscle training! (project sekai)
mushroom boy,0,32,
uss enterprise (cv-6),0,32,
max revive,0,32,
fingers on chin,0,32,
welcoming,0,32,
royal canadian mounted police,0,32,
after breast sucking,0,32,
undoing own necktie,0,32,
mitarashi-dan,0,32,
shibuya-kei,0,32,
spaniel (dog),0,32,
ultra bracelet,0,32,
flying pig,0,32,
spiky,0,32,
long hand,0,32,
unusual mp3 player,0,32,
mintone arrow,0,32,
aqua male underwear,0,32,
imminent penis severing,0,32,imminent penectomy
sakayori iroha (cosplay),0,32,
alone on a friday night? (meme),0,32,
tunic lift,0,32,
face between pectorals,0,32,
let's study hard! (project sekai),0,32,
fragrance (ensemble stars!),0,32,
crest (hollow knight),0,32,
cormorant,0,32,
partially underground shot,0,32,
kirakira showtime mic,0,32,
manurhin mr73,0,32,
chapped lips,0,32,
aqua heartia,0,32,
overcome one's limits (project sekai),0,32,
silica (cosplay),0,32,
izumi konata (cosplay),0,32,
acchi kocchi shiikuin taiken! (project sekai),0,32,"over here! over there! zookeeper experience! (project sekai),this way! that way! zookeeper day (project sekai)"
middleton high school cheerleader uniform,0,32,
heartslabyul dorm,0,32,
chew toy,0,32,
pari (genshin impact),0,32,
character pronouns,0,32,
lemon cake,0,32,
stitched sleeves,0,32,
polka dot outline,0,32,
cafe (blue archive),0,32,
censored symbol,0,32,
on umbrella,0,32,
sword of extermination (jujutsu kaisen),0,32,sword of extermination
spiky speech bubble,0,32,
totoro (cosplay),0,32,
pedestrian push button,0,32,
delusional,0,32,
holding balance scale,0,32,
windfire wheel,0,32,
see-through collar,0,32,
gashat,0,32,
franklin badge,0,32,
confessional interior,0,32,
licking shoe,0,32,
morgue,0,32,
pink poncho,0,32,
pepe silvia (meme),0,32,
flower day,0,32,
dodecahedron,0,32,
lara croft (cosplay),0,32,
propeller hat and lollipop dog (meme),0,32,
120% of their potential (meme),0,32,
poverty outfit,0,32,
representation emitter (e.g.o),0,32,
save point,0,32,
otsukai no tanmatsu kara x ga kenshuu saremashita (meme),0,32,
naked sailor collar,0,32,
toy knife,0,32,
grilled tiger fish (genshin impact),0,32,
hair move,0,32,
strangling with hair,0,32,
striped hiphighs,0,32,
ashitaka (cosplay),0,32,
enfield no.2 mk1,0,32,
double frill skirt swimsuit,0,32,
sistrum,0,32,
kenkou ni yoku nai! (bang dream!),0,32,
pink swim trunks,0,32,
cum on wings,0,32,
grecale (kancolle) (cosplay),0,32,
anti-ship sword,0,32,
thighhighs over bodysuit,0,32,
holding file,0,32,
citroen 2cv,0,32,
butterfly dress,0,32,
nyx (fire emblem) (cosplay),0,32,
effervescent corrosion (e.g.o),0,32,
dragvisor,0,32,
twitter header won't fit (meme),0,32,
microsoft excel,0,32,
t91 assault rifle,0,32,
sitting on penis,0,32,
shikishi (object),0,32,
bad ass temple,0,32,
security checkpoint,0,32,
i lohas,0,32,
holding tomato,0,32,
kick it up a notch (project sekai),0,32,
quieres? (meme),0,32,
drawing equipment,0,32,
gun fellatio (shingeki no kyojin),0,32,
playing card hair ornament,0,32,
ebiblue (style),0,32,
macaron print,0,32,
chito (shoujo shuumatsu ryokou) (cosplay),0,32,
amagi yukiko (cosplay),0,32,
crystal print,0,32,
unilog (reverse:1999),0,32,
adjusting suspenders,0,32,
gothic lolita project (touhou),0,32,
speedrunning (topic),0,32,
cure diamond (cosplay),0,32,
snake ring,0,32,
phantasm punishment (fate),0,32,
kikuka-sho,0,32,
dreampool (honkai: star rail),0,32,
sucking another's tail,0,32,
b.b. hood (cosplay),0,32,
lobotomy,0,32,
licking injury,0,32,
pokemon between breasts,0,32,
litten (cosplay),0,32,
namahage,0,32,
sengoku jidai,0,32,
chevrolet corvette c8,0,32,
gretsch white falcon,0,32,
chuo (tokyo),0,32,chuuou (tokyo)
thukker mix (eve online),0,32,
mouth trail,0,32,
ye olde zipangese,0,32,
heart to penis (meme),0,32,
1983,0,32,
secret lip (idolmaster),0,32,
peroro (blue archive) (cosplay),0,32,
transparent animal,0,32,
toga himiko (cosplay),0,32,
oryx,0,32,
king halo (umamusume) (cosplay),0,32,
tec-9,0,32,
sing (pokemon),0,32,
prow,0,32,
admire vega (umamusume) (cosplay),0,32,
polka dot nails,0,32,
cutie mark crusaders,0,32,
utatsuyama park,0,32,
crucible,0,32,
beretta m1934,0,32,
kissing pectoral,0,32,
crystal apple,0,32,
ishikawa goemon xiii (cosplay),0,32,
green happi,0,32,
tomato cage,0,32,
weather forecast,0,32,
racing miku (2022) (cosplay),0,32,
help (american sign language),0,32,
dissection,0,32,
jedi knight,0,32,
ki-61 hien,0,32,
tail rubbing,0,32,
googly eye pasties,0,32,
doro orange story (nikke),0,32,
sea slug boy,0,32,
ujimatsu chiya (cosplay),0,32,
tang dynasty,0,32,
templar,0,32,
dr. livesey walk (meme),0,32,
nose hair,0,32,
anna (frozen) (cosplay),0,32,
card crusher (meme),0,32,
ki-84 hayate,0,32,
denka kumaneko (project sekai),0,32,denka panda (project sekai)
arthur pendragon (fate) (cosplay),0,32,
sexy panthers (idolmaster),0,32,
fundoshi removed,0,32,
dental drill,0,32,
penetration gesture duo,0,32,
zundamon outfit,0,32,
vertical eye lines,0,32,
luke skywalker (cosplay),0,32,
fur-trimmed crop top,0,32,
nissan 300zx (z32),0,32,
astro city,0,32,
team valor,0,32,
matara okina (cosplay),0,32,
multi-strapped shirt,0,32,
florks,0,32,florkofcows (style)
wrap-around shades,0,32,
ichigo field high school uniform,0,32,
wakame (seaweed),0,32,
braveheart (kingdom hearts),0,32,
pink apollo (idolmaster),0,32,
social distancing,0,32,
cream on hair,0,32,
red pansy,0,32,
yueqin,0,32,
jumper cable,0,32,
gargadia empire,0,32,
conjugating the six stages of rage (meme),0,32,
devilsknife (deltarune),0,32,
orange romper,0,32,
tickling neck,0,32,
shadow border,0,32,
ono no komachi koken-shou,0,32,
susanoo (naruto),0,32,
rhyme,0,32,
carrot butt plug,0,32,
friendly fire,0,32,
blood ravens,0,32,
beaded hair ornament,0,32,
girlsmell particles (meme),0,32,
chain choker,0,32,
genestealer,0,32,
allen wrench,0,32,
jean (genshin impact) (cosplay),0,32,
imminent amputation,0,32,
imminent pounce,0,32,
sora (kingdom hearts) (cosplay),0,32,
doobie ralsei (meme),0,32,ralsei smoking a blunt (meme)
ring fit trainee (female) (cosplay),0,32,
gingham panties,0,32,
the forgotten (e.g.o),0,32,
cloth pull,0,32,
durag,0,32,do-rag
unicorn gundam (cosplay),0,32,
party time gold (idolmaster),0,32,
stark (sousou no frieren) (cosplay),0,32,
bat cutout,0,32,
jeffrey mangiat (style),0,32,
vshojo idol uniform,0,32,
super ghost kamikaze attack,0,32,
no homo (meme),0,32,
ariel (disney) (cosplay),0,32,
jade chamber (genshin impact),0,32,
contrast waistband,0,32,
gold tail,0,32,
elite throuple kiss (meme),0,32,
studded legwear,0,32,
europe map,0,32,
danish text,0,32,
draco meteor (pokemon),0,32,
morfonica,0,32,
copium (meme),0,32,
akagi (azur lane) (cosplay),0,32,
sauna ladle,0,32,
rex (xenoblade) (cosplay),0,32,
rip and tear (phrase),0,32,
faded halo,0,32,
liquid body,0,32,
bat pasties,0,32,
lip sync,0,32,
sulphur-crested cockatoo,0,32,
super smash bros eyecatch,0,32,
iran,0,32,
human bipod,0,32,
traffic jam,0,32,
triggertop,0,32,
stealth paizuri,0,32,
wet diaper,0,32,
narmaya (granblue fantasy) (cosplay),0,32,
robot costume,0,32,
moon stone,0,32,
crotch mousepad,0,32,
giraffe costume,0,32,
penis bell,0,32,
saber wars ii,0,32,
first order,0,32,
unzipping with mouth,0,32,
collared cardigan,0,32,
fiery headphones,0,32,
dimitri alexandre blaiddyd (cosplay),0,32,
blue armpit hair,0,32,
mountain pattern armor,0,32,
fubuki kai ni (kancolle) (cosplay),0,32,
easter island,0,32,
lunasa prismriver (cosplay),0,32,
licorice (food),0,32,liquorice
stuffed spider,0,32,
thyrsus (fire emblem),0,32,
wistful,0,32,
mercury harp,0,32,
revolver speedloader,0,32,
daedra,0,32,
thumb war,0,32,
sig sauer p239,0,32,
newton's cradle,0,32,
i-no (cosplay),0,32,
keep-away,0,32,
sekai no sakura tsunagaru omoi (project sekai),0,32,"cherry blossoms across sekai interconnecting our feelings (project sekai),connected through sekai's cherry blossoms (project sekai)"
westminster palace,0,32,
spectral,0,32,
y-pose,0,32,
bulma (cosplay),0,32,
love is blue (bayonetta),0,32,
blue-footed booby,0,32,
hiei (kancolle) (cosplay),0,32,
ferrari f40,0,32,
legs back,0,32,
turtle costume,0,32,
impending day (e.g.o),0,32,
multicolored shawl,0,32,
tree boy,0,32,
wingjob,0,32,
choukai kai ni (kancolle) (cosplay),0,32,
suzuki katana,0,32,
rubber day,0,32,
asthma,0,32,
ellen baker (cosplay),0,32,
yuri (dirty pair) (cosplay),0,32,
re-45 auto,0,32,
musashi (battleship),0,32,
gold hat,0,31,
hand in another's underwear,0,31,
anilingus through clothes,0,31,
sattou (style),0,31,
wildhunt art academy logo,0,31,
monster penis,0,31,
spoken kaomoji,0,31,
ladybug brooch,0,31,
orange penis,0,31,
open locker,0,31,
lace headwear,0,31,
ladybug wings,0,31,
splint,0,31,
impact frames,0,31,
two-tone buruma,0,31,
lifeguard tower,0,31,
single polished nail,0,31,
naked jumpsuit,0,31,
underpass,0,31,
elmo (vehicle),0,31,
blue pendant,0,31,
metal halo,0,31,
lynette bishop (cosplay),0,31,
plot twist,0,31,
bound neck,0,31,
static eyes,0,31,
lace-trimmed corset,0,31,
gaia force (digimon),0,31,
falling object,0,31,
unicorn (azur lane) (cosplay),0,31,
diamond-shaped hair,0,31,
puerto rican flag,0,31,
broadcaster connection,0,31,
c++ (programming language),0,31,
hinoshita kaho (cosplay),0,31,
aichi prefecture,0,31,
element of magic,0,31,
partially open hoodie,0,31,
asahina mafuyu (cosplay),0,31,
sapotama,0,31,
giant book,0,31,
vikala (granblue fantasy) (cosplay),0,31,
downspout,0,31,
vertical-striped leg warmers,0,31,
flood (halo),0,31,
chisa (wuthering waves) (cosplay),0,31,
pyoitto hallelujah!,0,31,pyoitto hareruya
omori in your style challenge,0,31,
penis in another's pantyhose,0,31,
gold wristwatch,0,31,
carved skin,0,31,
torso between breasts,0,31,
glowing motes,0,31,
rabbit slippers,0,31,
snake bracelet,0,31,
rise and strive (project sekai),0,31,
floral print hakama,0,31,
stomach pooch,0,31,
type-4o sword,0,31,
camouflage sleeves,0,31,
chain mine,0,31,
drive blade (sekaiju),0,31,
power bank,0,31,
tales of orchestra concert,0,31,
archetype earth (cosplay),0,31,
fox ornament,0,31,
message (fromsoftware),0,31,"dark souls message,elden ring message"
shi association east uniform,0,31,
latex mask,0,31,
slap mark on breast,0,31,
cane gun,0,31,
fake fangs,0,31,
tsukumizu (style),0,31,tsukumizu yuu (style)
kamijou touma (cosplay),0,31,
too many candles,0,31,
iphone 17 pro,0,31,
vertical-striped headband,0,31,
capo (guitar),0,31,
standing on another's feet,0,31,
ginkgo leaf print,0,31,
re-tie friendship (project sekai),0,31,
naganami (kancolle) (cosplay),0,31,
where are you sitting (meme),0,31,
heart-shaped hat,0,31,
tomoshibi wo teguri yosete (project sekai),0,31,a light drawn closer (project sekai)
spider-man logo,0,31,
cuntboy with female,0,31,
hands framing own cheeks,0,31,
striped sweatband,0,31,
just do it (meme),0,31,
bunnybod (xenoblade x),0,31,
jeonmo,0,31,
cutting another,0,31,"assisted self-harm,cutting another's wrists"
cure module,0,31,
stonehenge,0,31,
create festival (idolmaster),0,31,
penrose stairs,0,31,
futa with cuntboy,0,31,
shared headphones,0,31,
wanna make out? (meme),0,31,
subclass (sekaiju),0,31,
santorini (greece),0,31,
cup stack,0,31,
tower bridge (london),0,31,
smith & wesson model 500,0,31,
skirt around thighs,0,31,
photo strip,0,31,
bolt badge,0,31,
hairball,0,31,
hand pointing a gun (meme),0,31,
layered collar,0,31,
ipod nano 1g,0,31,
blaze the cat (cosplay),0,31,
leotard removed,0,31,
living saint,0,31,
fertilizer,0,31,
m4a1 (girls' frontline) (cosplay),0,31,
nipple tweak with toes,0,31,
kirameki high school uniform (summer),0,31,
yakshi statue (meme),0,31,
cross x mark (ensemble stars!),0,31,
mommy daddy doggy and me (meme),0,31,
brutor tribe (eve online),0,31,
dendrobium,0,31,
hand in another's mouth,0,31,
dat ass (meme),0,31,
turkish lamp,0,31,
kissing bulge,0,31,
graham cracker,0,31,
fletches,0,31,
touhou 8th popularity poll,0,31,
vimana (fate),0,31,vimana
sideways sitting pose (han-0v0),0,31,
takatsuki yayoi (cosplay),0,31,
hammer and sickle bikini,0,31,
are you winning son? (meme),0,31,
dormouse (alice in wonderland) (cosplay),0,31,
d-scanner,0,31,
lina inverse (cosplay),0,31,
folded napkin,0,31,
\|||/,0,31,
naked kigurumi,0,31,
peregrine falcon,0,31,
tumblr sexyman tournament,0,31,
is this the rose of sharon? (meme),0,31,
dotonbori,0,31,doutonbori
lebel model 1886,0,31,
type 97 te-ke,0,31,
tugboat,0,31,
grilled cheese,0,31,
smile pact,0,31,
stygian zinogre (armor),0,31,
aventurine (honkai: star rail) (cosplay),0,31,
acchi muite hoi,0,31,
bone hat ornament,0,31,
ding (vessel),0,31,
censored age,0,31,
skirt over leggings,0,31,
kagami sei no kote (grimms notes),0,31,
removing bandages,0,31,
refinery,0,31,
kissing through mask,0,31,
highso private girls' academy school uniform,0,31,highso private girls' academy uniform
floral print scarf,0,31,
testicle pull,0,31,
blood on shovel,0,31,
mutsuki (blue archive) (cosplay),0,31,
noshiro (kancolle) (cosplay),0,31,
vestments,0,31,
anime girl hiding from a terminator (meme),0,31,
gore magala (armor),0,31,
ottoman empire,0,31,
detached hair bun,0,31,
dark sakura (cosplay),0,31,
pizza hair ornament,0,31,
wing cap,0,31,
ramlethal valentine (cosplay),0,31,
ladybug hair ornament,0,31,
animals kissing,0,31,
nerissa ravencroft (cosplay),0,31,
dubai,0,31,
brown bloomers,0,31,
moralltach (fate),0,31,
jackson guitars,0,31,
buneary (cosplay),0,31,
dunce cap,0,31,
gingerbread man hair ornament,0,31,
yes to no no aida ni,0,31,
tombo (majo no takkyuubin) (cosplay),0,31,
n (pokemon) (cosplay),0,31,
snipewriter (splatoon),0,31,
ztz-99,0,31,type 99 tank
lady reines case files,0,31,
anesidora (rwby),0,31,
reed diffuser,0,31,
drunken fist,0,31,
lecture hall,0,31,
potters wheel pose,0,31,
mighty tools (nikke),0,31,
lotus flower pastry,0,31,
calem (pokemon) (cosplay),0,31,
backless pantyhose,0,31,
opabinia,0,31,
whale costume,0,31,
caught crossdressing (danshi koukousei no nichijou),0,31,
kabukicho (shinjuku),0,31,
pure literature cirno,0,31,
the power of regret (project sekai),0,31,
rock wa shinanai,0,31,
grass lily,0,31,
shiro-noir,0,31,
hinamori amu (cosplay),0,31,
eggs benedict,0,31,
poke kid (pokemon) (cosplay),0,31,
celeb summer experience!,0,31,
ebi mome (meme),0,31,
cradle coffin,0,31,
spear pillar,0,31,
blue oak (cosplay),0,31,
bamboo bottle,0,31,
h&k g36k,0,31,
whorled flames,0,31,
azumarill (cosplay),0,31,
attache calibur,0,31,
licking own armpit,0,31,
fade to white,0,31,
furry (fandom),0,31,
glove garter,0,31,
closing,0,31,
lace capelet,0,31,
concept shaker (idolmaster),0,31,
aqua mask,0,31,
sunflower earring,0,31,
amuro ray (cosplay),0,31,
absolute solver (murder drones),0,31,
shelby gt500,0,31,
knit cardigan,0,31,
sideways face,0,31,
llama girl,0,31,
eye on belly,0,31,
fujita mariko (style),0,31,
stoner sunshine,0,31,
team mystic,0,31,
ghost boy,0,31,
washizu mahjong,0,31,
martini-henry,0,31,
propeller footwear,0,31,
anal hair peek,0,31,
pink unitard,0,31,
kurosawa dia (cosplay),0,31,
boar costume,0,31,
white strawberry,0,31,
yokoyari mengo (style),0,31,
dune buggy,0,31,
android 18 (cosplay),0,31,
checkered choker,0,31,
anger vein hair ornament,0,31,
mk48,0,31,
francesca lucchini (cosplay),0,31,
vertical-striped tank top,0,31,
shichibukai,0,31,
sturm faust,0,31,
gache,0,31,
mystic set (zelda),0,31,
rainbow hair shine,0,31,
gandr,0,31,
fantasy tree (fate),0,31,tree of emptiness (fate)
unryuu (kancolle) (cosplay),0,31,
bird droppings,0,31,
holding handheld metal detector,0,31,
unworn vision (genshin impact),0,31,
rugal bernstein (cosplay),0,31,
elephant fruit,0,31,
titan (warhammer 40k),0,31,
naga u (style),0,31,
phone book,0,31,
canadian flag bikini,0,31,
shannon (umineko) (cosplay),0,31,
dancing toothless (meme),0,31,toothless dance (meme)
medusa (lancer) (fate) (cosplay),0,31,
van darkholme (cosplay),0,31,
makna armour,0,31,
pokenav,0,31,
jack skellington (cosplay),0,31,
wolf headdress,0,31,
sazanami mio (style),0,31,
xsoleil,0,31,
turkish text,0,31,
var (senjou no valkyria),0,31,var (weapon)
talking cats (meme),0,31,
science special search party uniform,0,31,
grand prix richmond crackstyle (meme),0,31,
unggoy,0,31,
money slap,0,31,
lace-trimmed cape,0,31,
niconico headquarters (harajuku),0,31,
garlic bread,0,31,
miwa torii,0,31,
double rainbow,0,31,
japanese skink,0,31,
clothes on object,0,31,
shiomi kotone (cosplay),0,31,
vampirella (character) (cosplay),0,31,
kasumi kai ni (kancolle) (cosplay),0,31,
murmillo helmet,0,31,
prada (brand),0,31,
fail whale,0,31,
male stripper,0,31,
ladder lottery,0,31,
squatting bunny girl pose (han-0v0),0,31,
ascian glyph,0,31,
kraber,0,31,
frederica bernkastel (cosplay),0,31,
prussian flag,0,31,
mathilda lando (cosplay),0,31,
nowi (fire emblem) (cosplay),0,31,
reaching into cleavage,0,31,cleavage reach
echolocator (splatoon),0,31,
inkstrike (splatoon),0,31,
on nose,0,31,
doll head,0,31,
2fort,0,31,
go to paradise (idolmaster),0,31,
apple (inmu),0,31,
shinsei inazuma japan,0,31,
glue trap,0,31,
moebius (style),0,31,
molten,0,31,
fleur-de-lis print,0,31,fleur de lis print
cream on finger,0,31,
trainer card,0,31,
italian kingdom flag,0,31,
wizard mark (mahoutsukai no yakusoku),0,31,
m67,0,31,
yamabiko,0,31,
tribal print,0,31,
hydra (kirby),0,31,
neo armstrong cyclone jet armstrong cannon,0,31,
cloud clothes,0,31,
penis base,0,31,
fumika bug (idolmaster),0,31,
wario (cosplay),0,31,
euryale (fate) (cosplay),0,31,
tomoe gozen (fate) (cosplay),0,31,
see-through cuffs,0,31,
kumoi ichirin (cosplay),0,31,
allosaurus,0,31,
vault door,0,31,
gurongi,0,31,
han solo (cosplay),0,31,
cat skull,0,31,
long tusks,0,31,
yokohama landmark tower,0,31,
heavy cruiser,0,31,
backhand,0,31,
floating embers,0,31,
paddling,0,31,
yuki miku (cosplay),0,31,
purple santa costume,0,31,
unmasking,0,31,
yahoo,0,31,
bread crust,0,31,
partially unwrapped candy,0,31,
headless doll,0,31,
bad teeth,0,31,
a6m2-n,0,31,
live hood,0,31,
ten year artist progress record,0,31,
sloth girl,0,31,
on bubble,0,31,
catwoman costume (2018),0,31,
trinkets,0,31,
nekomancer (granblue fantasy) (cosplay),0,31,
iranian flag,0,31,
rainbow outline,0,31,
meat kanji on forehead,0,31,
pack animal,0,31,
stuffed banana,0,31,
kissed by animal,0,31,
motel,0,31,
noble galerus,0,31,
gewehr 88,0,31,hanyang type 88 (gun)
nigerundayo!,0,31,
on horn,0,31,
portfolio,0,31,
arm around chest,0,31,
mayan (macross),0,31,
mikoshi,0,31,
mitosis,0,31,
mochikororin,0,31,
venus symbol necklace,0,31,
real world (jintai),0,31,
viparyas flower,0,31,
blah blah blah,0,31,
milk bath,0,31,
bakyu-n!!,0,31,
purple heart (neptunia) (cosplay),0,31,
procrastination,0,31,
merit badge sash,0,31,
ji (weapon),0,31,
heart shaped choker,0,31,
nitori day,0,31,
miltank (cosplay),0,31,
horns removed,0,31,
prisoner (elden ring) (cosplay),0,31,
banana earrings,0,30,
red panda hair ornament,0,30,
phase origins,0,30,
famichiki,0,30,
fuwafuwa sweets kagamine rin design contest,0,30,
untied straps,0,30,
rx-78-2 gundam (cosplay),0,30,
star sapphire (cosplay),0,30,
heart-shaped tag,0,30,
metal floor,0,30,
cleaning robot,0,30,
pokedollar,0,30,
yellow garter belt,0,30,
unconventional onahole,0,30,unconventional artificial vagina
lullaby,0,30,
torn book,0,30,
heaven (e.g.o),0,30,
estrogen,0,30,estradiol
mole on chin,0,30,
ribbon-trimmed camisole,0,30,
poke mart,0,30,pokemon mart
diamond skin,0,30,
sushi hair ornament,0,30,
mars symbol tattoo,0,30,
creature on chest,0,30,
chinese-styled leotard,0,30,
chains of others (e.g.o),0,30,
rakurui no tsubasa,0,30,
hand of benediction,0,30,
strobe lights,0,30,
playing with animal,0,30,
dog pussy,0,30,canine pussy
metal door,0,30,
cow print socks,0,30,
black raincoat,0,30,
tako-san wiener earrings,0,30,octopus sausage earrings
wizard ring,0,30,
energy bow (weapon),0,30,
glowing bow (weapon),0,30,
alternate class (fate),0,30,
solo cup,0,30,
humidity squad,0,30,
frilled hanfu,0,30,
answer hanamaru sword,0,30,
eas (precure) (cosplay),0,30,
foot jewelry,0,30,
smash 64 pikachu kick (meme),0,30,
green lines,0,30,
goddess sword,0,30,
flamethrower (pokemon),0,30,
cum hair fetishism,0,30,
horn with braided base,0,30,
angel cartel (eve online),0,30,
sitting on own leg,0,30,
nose plug,0,30,
pointing at food,0,30,
in trouble template (meme),0,30,
robin (honkai: star rail) (cosplay),0,30,
our galaxy (e.g.o),0,30,
ebony stem (e.g.o),0,30,
split ends,0,30,
autoerotic asphyxiation,0,30,
wagner group,0,30,
choir shawl,0,30,
fictional whale,0,30,
standing on another's shoulders,0,30,
protoframe (warframe),0,30,
quetzalcoatlus,0,30,
flea (animal),0,30,
see-through dress swimsuit,0,30,
cheval grand (umamusume) (cosplay),0,30,
ice cream parlor,0,30,
fold-over socks,0,30,
kiyohime (fate) (cosplay),0,30,
flower in gun,0,30,
strawberry costume,0,30,
type 4 rifle,0,30,
vine belt,0,30,
gold sarong,0,30,
tentacle limbs,0,30,
molecule,0,30,
drawn blush,0,30,
pagani,0,30,
jet stream attack,0,30,
absurdly long fingernails,0,30,
hong kong regional flag,0,30,
final flash,0,30,
rainbow thighhighs,0,30,
seiten galaxy cross,0,30,
harusame (kancolle) (cosplay),0,30,
grey bodystocking,0,30,
chest piercing,0,30,
crow mask,0,30,
beach bag,0,30,
gay gay homosexual gay (meme),0,30,
gradient eyelashes,0,30,
twirling panties,0,30,
dalgona,0,30,
elizabeth (persona) (cosplay),0,30,
tropical pact,0,30,
power girl (cosplay),0,30,
how'd you know (jujutsu kaisen) (meme),0,30,
conical roof,0,30,
diamond-shaped pasties,0,30,
servant sisters of eve,0,30,
flower on nose,0,30,
amid the wavering light (project sekai),0,30,
red army logo (eddsworld),0,30,
boeing 777,0,30,
knee injury,0,30,
snifter glass,0,30,
tail focus,0,30,
foulard,0,30,
floral print haori,0,30,
spider-sense (spider-man),0,30,
skeletal hand hair ornament,0,30,
mi-8,0,30,
libre conillo (idolmaster),0,30,
foot in another's mouth,0,30,foot gag
self-destruct button,0,30,
penis neck,0,30,
opel (company),0,30,
minna shinu shika nai ja nai!,0,30,
hemerocallis,0,30,
removing eyepatch,0,30,
carbonara (food),0,30,
shelby cobra,0,30,
holding eggshell,0,30,
i showed you my dick please respond (meme),0,30,
eating crayons,0,30,
team 31d (heaven burns red),0,30,
candy cane earrings,0,30,
snow on roof,0,30,
yoshida saki (cosplay),0,30,
bicycle lock,0,30,
cum on ears,0,30,
pear of anguish,0,30,
money hand (meme),0,30,
brothel,0,30,
ophan,0,30,
plantification,0,30,
sukajan gyarus (idolmaster),0,30,
super computer (sailor moon),0,30,
heptagram,0,30,
ultrasound,0,30,
implied after footjob,0,30,
sailor jupiter pose,0,30,
hovercraft,0,30,
yuuri (shoujo shuumatsu ryokou) (cosplay),0,30,
gem in body,0,30,
game modding,0,30,
pasgt helmet,0,30,
mageres,0,30,
red coin,0,30,
queen draco (fate) (cosplay),0,30,
imma frickin kill you tennosuke (meme),0,30,
m18 hellcat,0,30,
redhorn stonethresher (genshin impact),0,30,
star platinum (cosplay),0,30,
people with blue eyes (meme),0,30,
miku and futa teto (meme),0,30,the tiktok incident (meme)
years,0,30,
gold beads,0,30,
kuznetsov-class aircraft carrier,0,30,
christmas tree hat,0,30,
grey knight,0,30,
shanghai doll (cosplay),0,30,
bullfighting,0,30,
dick flattening (meme),0,30,
bodysuit around waist,0,30,
floating on back,0,30,
kicking off shoe,0,30,
nissan micra,0,30,nissan march
short suit,0,30,
gummy worm,0,30,
wolf ornament,0,30,
rose pin,0,30,
collie (dog),0,30,
grouper (fish),0,30,
palutena (cosplay),0,30,
break down the wall (project sekai),0,30,
riliane lucifen d'autriche (cosplay),0,30,
brave dragon wonder ride book,0,30,
ribbed cuffs,0,30,
missed shot,0,30,
balancing on tail,0,30,
ampeg,0,30,
senbonzakura kageyoshi (bankai),0,30,
breeding machine,0,30,
peter parker's glasses (meme),0,30,
vought os2u kingfisher,0,30,
my hot witch wife (meme),0,30,
obi-wan kenobi (cosplay),0,30,
old chateau (pokemon),0,30,
hand sanitizer,0,30,
watmel berry,0,30,
transparent harem pants,0,30,
lace curtains,0,30,
on television,0,30,
rikaisha,0,30,
pit (kid icarus) (cosplay),0,30,
8.8 cm flak,0,30,88 flak
kaijin hime do-s (cosplay),0,30,
green sword,0,30,
kara no kyoukai/the garden of order,0,30,
hakodate (city),0,30,
assert your dominance (meme),0,30,
cup to cheek,0,30,
desire grand prix uniform,0,30,
yukihana lamy (cosplay),0,30,
weapon in front of face,0,30,
who's that pokemon (meme),0,30,
team 10 (naruto),0,30,
yasaka pagoda,0,30,
floating arms,0,30,
shiori novella (cosplay),0,30,
hungarian clothes,0,30,
i'm not at the beach this is a bathtub (meme),0,30,
sunken eyes,0,30,
halloween strike!,0,30,
light suit (metroid),0,30,light suit
mercedes-amg f1 w14,0,30,
sentinel esr,0,30,
tongue mark,0,30,
tauren (warcraft),0,30,
eridanus (constellation),0,30,
mangosteen,0,30,
golden bear (fate),0,30,
paper sword,0,30,
ecuador,0,30,
raven (eve online),0,30,
kiran (fire emblem) (cosplay),0,30,
dal segno (symbol),0,30,
han dynasty,0,30,
muneate removed,0,30,
kaminarimon,0,30,
nipple shield,0,30,
ryuugasaki academy school uniform,0,30,ryuugasaki academy uniform
holding honeypot,0,30,
horny jail (meme),0,30,
ginza (tokyo),0,30,
tiktok live,0,30,
yorigami jo'on (cosplay),0,30,
asymmetrical tanlines,0,30,
pillar (landform),0,30,
python,0,30,
blue (among us) (cosplay),0,30,
decavitator (splatoon),0,30,
frozen flower,0,30,
blowing horn,0,30,
agartha (fate/grand order),0,30,
backless jacket,0,30,
thigh press,0,30,
serina (blue archive) (cosplay),0,30,
levitating orange trick,0,30,
crevice,0,30,
mojito,0,30,
planetary consumption,0,30,
bra around one arm,0,30,
fake goatee,0,30,
telstar 18,0,30,
chrysalis (butterfly),0,30,
c-130 hercules,0,30,
ines fujin (umamusume) (cosplay),0,30,
twinkle wish (princess connect!),0,30,
impel down,0,30,
bowling glove,0,30,
kaneda shoutarou (akira) (cosplay),0,30,
wiki berry,0,30,
ken (barbie) (cosplay),0,30,
four mirrors of lucifenia,0,30,
quokka,0,30,
too short,0,30,
blaze rod,0,30,
brown romper,0,30,
rabbit ear panties,0,30,bunny ear panties
reaper (overwatch) (cosplay),0,30,
school crossing sign,0,30,
haruhara haruko (cosplay),0,30,
romania,0,30,
chicken feet,0,30,
mongolian spot,0,30,
poison mushroom,0,30,
cmyk,0,30,
disgaea team attack,0,30,
brahmastra (fate/apocrypha),0,30,
photo editing,0,30,
vineshroom,0,30,
bullet time,0,30,
silver lips,0,30,
dolphin pendant,0,30,
gsh-18,0,30,
foam puzzle mat,0,30,
denwa neko (meme),0,30,
the final empress,0,30,
microchip,0,30,
sparks (scott pilgrim),0,30,
stuffed platypus,0,30,
shoukaku (kancolle) (cosplay),0,30,
line infantry,0,30,
track ballast,0,30,
cocktail flower,0,30,
bare bush,0,30,
underwear reveal pose (han-0v0),0,30,
arle nadja (cosplay),0,30,
green changpao,0,30,
enhancement capsule (girls' frontline),0,30,
horse stance,0,30,
free planets alliance,0,30,
crepe cake,0,30,
4piece (ensemble stars!),0,30,
tarot set,0,30,
inazuma legend japan,0,30,
fire alarm,0,30,
yoshinoya (restaurant),0,30,
hi-hat,0,30,
sheathed cut,0,30,
jack mackerel,0,30,
kirin (juuni kokuki),0,30,
antique cannon,0,30,
ingredients,0,30,
too many letters,0,30,
insect on face,0,30,
yamakawa jun'ichi (style),0,30,
cloud gouger (sword),0,30,
methamphetamine,0,30,
bank,0,30,
pearl (splatoon) (cosplay),0,30,
melusine (fate) (cosplay),0,30,
third eye closed,0,30,
u-511 (kancolle) (cosplay),0,30,
putting on another's footwear,0,30,
token (girls' frontline),0,30,
imminent collision,0,30,
pergola,0,30,
eyebrow twitching,0,30,
six shame faces,0,30,
kaga (battleship),0,30,
impossible bodystocking,0,30,
barn swallow,0,30,
super bell,0,30,
water butterfly,0,30,
long-ear (arknights),0,30,
bearded girl,0,30,
mouth mirror,0,30,
cyber (love live!),0,30,
file (tool),0,30,
czech text,0,30,
partially open dress,0,30,
starting pistol,0,30,
falcon punch,0,30,
zhu bajie (cosplay),0,30,
yorigami shion (cosplay),0,30,
suwa squad's uniform,0,30,
indoor fish,0,30,
x eyelash ornament,0,30,
honda cr-x,0,30,
slang,0,30,
crab tank (splatoon),0,30,
taiyouken,0,30,
grunge (genre),0,30,
roulette roulette,0,30,
prima vista,0,30,
cosbutt,0,30,
constructicon,0,30,
mai waifu,0,30,
hylian (twilight princess),0,30,
tang sanzang (cosplay),0,30,
mcnuggies (meme),0,30,
mig-31,0,30,
through panties,0,30,
fig leaf,0,30,
warped context,0,30,
martini (brand),0,30,
thermite grenade,0,30,
hourai elixir,0,30,
camouflage hairband,0,30,
australian flag bikini,0,30,
fanfiction (object),0,30,
josh hutcherson whistle edit (meme),0,30,
hallucigenia,0,30,
poltergust g-00,0,30,
accuracy judgement,0,30,
zetta (phantom kingdom) (book),0,30,
kac-pdw,0,30,
spiked pants,0,30,
esports cosmetic,0,30,
bren ten,0,30,
ash (titanfall 2) (cosplay),0,30,
