dairi,Dairi
ebifurya,evifurya
crote,クロート
ruu (tksymkw),ruu（tksymkw）
bkub,bkub
itomugi-kun,itomugi-kun
hammer (sunset beach),ハンマー（サンセットビーチ）
haruyama kazunori,Haruyama kazunori
kou hiyoyo,kou hiyoyo
kanon (kurogane knights),カノン（クロガネナイツ）
yaegashi nan,ヤガシナン
rebecca (keinelove),レベッカ（ケイネロブ）
mizuki hitoshi,ミズキ・トゥシ
kouji (campus life),Kouji（キャンパスライフ）
shiromochi sakura,Shiromochi sakura
tani takeshi,タニ・タケシ
naga u,ナガu
ojipon,ojipon
hara (harayutaka),ハラ（ハリタカ）
pageratta,Pageratta
matsunaga kouyou,松田kouyou
hiroki (yyqw7151),hiroki（yyqw7151）
boris (noborhys),ボリス（ノボリズ）
onikobe rin,Onikobe rin
bow (bhp),弓（BHP）
blade (galaxist),ブレード（銀河）
tony taka,トニータカ
futa (nabezoko),futa（nabezoko）
hana kazari,ハナ・カザリ
matsuo yukihiro,松田裕骨
ixy,ixy
yohane,ヨハネ
gomashio (goma feet),ゴマシオ（ゴマフィート）
bb (baalbuddy),BB（Baalbuddy）
m-da s-tarou,m-da s-tarou
chihuri,チフリ
saitou natsuki,Saitou Natsuki
ido (teketeke),IDO（Teketeke）
mitarashi neko,ミラシュ・ネコ
hews,ヒュー
hungry clicker,空腹のクリッカー
huke,ハケ
nyantcha,ニャンチャ
hisahiko,渡された
sincos,シンコス
dd (ijigendd),DD（ijigendd）
ramchi,ラムチ
tsukudani (coke-buta),ツクダニ（コークブタ）
mizumizuni,ミズミズニ
drawfag,ドローファグ
minaba hideo,ミナバ・ヒドオ
kirisawa juuzou,キリサワ柔術
zounose,Zounose
colorful palette,カラフルなパレット
qp:flapper,QP：フラッパー
takafumi,高木
tsuruse,ツルーゼ
youyume-kun,Youmu-kun
horosuke,ヨルスケ
namori,ナモリ
rariatto (ganguri),rariatto（ganguri）
carnelian,カーネリアン
abubu,アブブ
kato takuji,石yumi
houtengeki,houtengeki
kantoku,カントク
warugaki (sk-ii),ワルガキ（sk-ii）
nanashi (nlo),ナナシ（NLO）
kani biimu,Kani Biimu
hamu koutarou,Hamu Koutarou
avogado6,avogado6
shiseki hirame,シセキ・ヒラメ
slugbox,Slugbox
rokugou daisuke,rokugou daisuke
milkpanda,ミルクパンダ
tsukishiro saika,ツキシリロ・サイカ
ichimi,一人
maru (marg0613),マル（marg0613）
yukie (kusaka shi),ユキエ（熊田shi）
hisona (suaritesumi),ヒノナ（suariteumi）
gweda,グウェダ
iesupa,Iesupa
neocoill,ネコイル
koyama shigeru,小山shigeru
torotei,トロテイ
izumi tsubasu,Izumi Tsubasu
sofra,ソフラ
anti (untea9),anti（untea9）
shino (ponjiyuusu),シノ（ponjiyuusu）
yua (checkmate),ユア（チェックメイト）
konoshige (ryuun),コノシゲ（ryuun）
tsunako,津波
gonzarez,ゴンザレス
usashiro mani,ウサシロマニ
kanikama,カニカマ
menma (enaic31),メンマ（enaic31）
takeuchi takashi,竹内高橋
belko,ベルコ
ueyama michirou,ueyama michirou
wa (genryusui),WA（genryusui）
diva (hyxpk),歌姫（hyxpk）
hinghoi,ヒンゴイ
echo (circa),エコー（頃）
ginhaha,ginhaha
null (nyanpyoun),null（nyanpyoun）
nekotoufu,nekotoufu
hizaka,ヒザカ
onigirikun,onigirikun
toosaka asagi,浅木玉
sumiyao (amam),スミヤオ（アマム）
sayori (neko works),サヨリ（ネコワークス）
kotomaru (kotokoto kottan),コトライ
chigusa minori,Chigusa minori
yamamoto souichirou,山本souichirou
miyo (ranthath),ミヨ（ランサス）
agawa ryou,アガワ・リョウ
tsuda nanafushi,ツダ・ナナフシ
taisa (kari),タイサ（カリ）
zen (kamuro),ゼン（カムロ）
yuuhagi (amaretto-no-natsu),ユハギ（アマレットノツナツ）
haruhisky,ハルヒスキー
yuuji (and),ユウジ（そして）
kurukurumagical,クルクルマジカル
takiki,タキキ
fujima takuya,藤本高山
fumihiko (fu mihi ko),fumihiko（fu mihi ko）
tomose shunsaku,トモース・シュンサク
clearite,Clearite
ayu (mog),ayu（mog）
saiguchi otoufu,Saiguchi otoufu
rotte (1109),ロット（1109）
kaamin (mariarose753),Kaamin（Mariarose753）
mattaku mousuke,Mattaku Musuke
afrobull,afrobull
piyodera mucha,Piyodera Mucha
ichikawa feesu,一川骨u
yd (orange maru),YD（オレンジマル）
beni shake,ベニーシェイク
enkyo yuuichirou,エンキオ・ユウイチルー
kitsunerider,キツネライダー
mochi au lait,モチ・アウ・レイト
lolita channel,ロリータチャンネル
daram (shappydude),ダラム（シャッピドゥード）
imu sanjo,Imu Sanjo
personal ami,パーソナルアミ
dokomon,ドコモン
nikorashi-ka,ニコラシイカ
koruri,コルリ
mizuki makoto,Mizuki Makoto
dishwasher1910,Dishwasher1910
nonohara miki,ノノハラミキ
kaigen 1025,Kaigen 1025
kamille (vcx68),Kamille（VCX68）
tukiwani,トゥキワニ
dikko,ディッコ
minami (colorful palette),ミナミ（カラフルなパレット）
wanta (futoshi),ワンタ（futoshi）
ohisashiburi,ohisashiburi
niliu chahui,ニリウ・チャフイ
ini (inunabe00),ini（inunabe00）
merunyaa,メルニャア
shimada fumikane,島田フミカネ
stanley lau,スタンリー・ラウ
matsuryuu,Matsuryuu
ishikei,ishikei
piromizu,ピロミズ
aaaa (quad-a),aaaa（quad-a）
goma (gomasamune),ゴマ（ゴマサミューン）
fuuzasa,フーザサ
mauve,モーブ
fusu (a95101221),fusu（a95101221）
yuichirou,ユイチルー
shirosato,シロサート
ma rukan,マ・ルカン
kasumi (skchkko),kasumi（skchkko）
shiromanta,シロマンタ
jako (jakoo21),ジャコ（jakoo21）
mery (yangmalgage),メリー（Yangmalgage）
sorimachi-doufu,Solimachi-doufu
agahari,アガハリ
kankan33333,Kankan33333
rappa (rappaya),ラッパ（ラッパヤ）
oouso,Oouso
xinzoruo,Xinzoruo
e.o.,E.O.
ilya kuvshinov,イリヤ・クブシノフ
yuureidoushi (yuurei6214),Yuuredoushi（Yuurei6214）
murakami suigun,村上suigun
chanta (ayatakaoisii),チャンタ（ayatakaoisii）
creayus,クリーユ
ikeuchi tanuma,青島タヌマ
pokemoa,ポケモア
k-suwabe,K-Suwabe
asanagi,麻木
gurande (g-size),Gurande（G-Size）
samneco,サムネコ
yunamaro,ユナマロ
kinkymation,キンキメーション
a re,は
kujou karasuma,Kujou karasuma
ebi 193,EBI 193
mk (mod0),MK（MOD0）
b-ginga,B-Ginga
satou kuuki,佐藤kuuki
karukan (monjya),カルカン（モンジャ）
kirishima satoshi,キリシマ・サトシ
seraziel,セラジエル
shimazaki mujirushi,島崎ムジルシ
kamitsurugi ouka,カミツルギオカ
phantom cross,Phantom IX row
yukito (dreamrider),ユキト（ドリームライダー）
butcha-u,Butcha-u
ogami kazuki,小川小辞
eromame,エロマメ
chikuwa.,チクワ。
waterring,ウォーターリング
sheya,シェヤ
oryo (oryo04),Oryo（Oryo04）
bubukka,ブブッカ
cle masahiro,クレサヒロ
ha akabouzu,ハ・アカボウズ
ajitarou (setsu),ajitarou（setsu）
momoko (momopoco),Momoko（Momopoco）
kawamochi (kawauti919),川村（TDDM3573）
asteroid ill,小惑星疾患
asutora,asutora
as109,AS109
katahira masashi,カタヒラマシャシ
waero,waero
cougar (cougar1404),クーガー（cougar1404）
fumio (rsqkr),fumio（rsqkr）
kaiman garupan,カイマン・ガルパン
aldehyde,アルデヒド
riyo (lyomsnpmp),riyo（lyomsnpmp）
kame (kamepan44231),kame（kamepan44231）
cutesexyrobutts,Cutesexyrobutts
kahasina (moment silicon),カワシナ（Momen Silicon）
nori tamago,Nori Tamago
kuromiya,クロミヤ
izawa (bhive003),伊沢（bhive003）
mikozin,ミコジン
sakura oriko,さくらオリコ
hori (hori no su),hori（hori no su）
mitya,マティヤ
ito noizi,伊藤noizi
jjune,Jjune
mizuhara aki,水原aki
tonda,トンダ
otokuyou,otokuyou
moisture (chichi),湿気（チチ）
mishima kurone,ミシマ・クロン
tonee,トーン
suzuhira hiro,スズヒラ・ヒロ
rororo,ロロロ
mikage takashi,Mikage Takashi
kanzakietc,Kanzakietc
meito (maze),Meito（迷路）
happoubi jin,Happoubi Jin
mizumoto tadashi,三utadashi
yopparai oni,ヨッパライオニ
kuavera,クアベラ
gibagiba,ギバギバ
jmg,jmg
beer hsk,ビールHSK
moyazou (kitaguni moyashi seizoujo),Moyazou（Kitaguni Moyashi seizoujo）
yoshi tama,ヨッシータマ
sky-freedom,空の端
sekina,セキナ
kilye kairi,キリー・カイリ
dr rex,レックス博士
cato (monocatienus),カトー（モノカティエヌス）
isshiki (ffmania7),Isshiki（ffmania7）
swd3e2,SWD3E2
homare (fool's art),ホマレ（愚か者の芸術）
re ghotion,regotion
himura kiseki,ヒムラ・キセキ
tk8d32,TK8D32
watanabe akio,ワタナベアキオ
ootsuki wataru,Ootsuki Wataru
rino cnc,リノCNC
kase daiki,Kase Daiki
cait aron,ケイト・アロン
optionaltypo,OptionTypo
kukie-nyan,Kukie-Nyan
jokanhiyou,ジョカンヒユー
yomu (sgt epper),ヨム（軍曹）
kairunoburogu,Kairunoburogu
asamura hiori,浅野hiori
akairiot,アカイオット
yanyo (ogino atsuki),ヤニョ（ogino atsuki）
himajin noizu,ヒマジン・ノイズ
akitsuki karasu,Akitsuki Karasu
niwatazumi,niwatazumi
jcm2,JCM2
dandon fuga,ダンドンフガ
odawara hakone,odawara hakone
satou kibi,サトゥキビ
youko-shima,Youko-Shima
ririko (zhuoyandesailaer),リリコ（Zhuoyandesailaer）
elf (stroll in the woods),エルフ（森を散歩）
mossacannibalis,モサカンニバリス
engiyoshi,エンギヨシ
nishi koutarou,西・クタロウ
imizu (nitro unknown),イミズ（ニトロ不明）
meow (nekodenki),Meow（Nekodenki）
ru zhai,ru zhai
makuwauri,マクワウリ
ama mitsuki,アマ・ミツキ
pentagon (railgun ky1206),ペンタゴン（Railgun KY1206）
bigrbear,bigrbear
niiko (gonnzou),niiko（gonnzou）
uccow,uccow
lack,足らない
nanase nao,ナナーゼナオ
abmayo,アブマヨ
mozukuzu (manukedori),モズクズ（マヌケドリ）
negom,ネゴム
yabuki kentarou,kentarou yabuki
sakiecho,サキエコ
maturiuta sorato,Maturiuta Sorato
aestheticc-meme,aestheticc-meme
bee (deadflow),蜂（deadflow）
karaagetarou,Karaagetarou
misaki kurehito,幻kurehito
oekakizuki,西海
merryweather,メリーウェザー
masukuza j,マスクザj
dei shirou,Dei Shirou
kanpa (campagne 9),カンパ（カンパニュ9）
saku usako (rabbit),サク・ウサコ（ウサギ）
frapowa,フラポワ
gmkj,GMKJ
wakabayashi toshiya,ワカバヤシ・トシヤ
ikuchan kaoru,Ikuchan Kaoru
kopaka (karda nui),コパカ（カルダヌイ）
serizawa serizane,パルラリ
syhan,サイハン
sakazaki freddy,坂崎フレディ
kashiwamochi yomogi,カシワモチヨモギ
harada takehito,麻takehito
suzuki toto,スズキトト
hidefu kitayan,Hidefu Kitayan
yokochou,横浜
obiwan,オビワン
jazz jack,ジャズジャック
kishida mel,岸田メル
foxyreine,フォキシレイン
unya,unya
lee (dragon garou),リー（ドラゴンガロウ）
meyoco,Meyoco
yano toshinori,ヤノ・トシノリ
yamashita shun'ya,山下shun'ya
jack dempa,ジャックデンパ
gomennasai,ごめんなさい
juukyuu,juukyuu
ayamy,ayamy
yoshio (55level),ヨシオ（55レベル）
mikeou,マイクー
scottie (phantom2),Scottie（Phantom2）
tima,ティマ
gaoo (frpjx283),gaoo（frpjx283）
kazuma muramasa,カズマ・ムラマサ
ryuuichi (f dragon),リュウイチ（fドラゴン）
zyugoya,Zyugoya
noai nioshi,ノア・ニオシ
jinguu (4839ms),jinguu（4839ms）
tanabe (fueisei),ターナベ（fueisei）
nii manabu,nii manabu
ootomo takuji,タクジ島
hotathino,hotathino
momo no sukebe,モモースケビー
takato kurosuke,紅usuke
rtil,rtil
zanntetu,Zanntetu
gunjyou (gunjyou 00),Hoshi San 3
satou yuuki,サトゥユーキ
nanakusa suzuna,鈴木夏
colonel aki,アキ大佐
miyagoe yoshitsuki,ミヤゴーヨシツキ
hizuki yayoi,hizuki yayoi
unasaka ryou,unasaka ryou
kaisen chuui,Kaisen Chuui
92m,92m
takeuchi ryousuke,ryusuke
eu03,EU03
eudetenis,eudetenis
massakasama,マッサカサマ
seo tatsuya,Seo Tatsuya
serebi ryousangata,serebi ryousangata
tanaka kusao,田中kusao
kazenokaze,カゼノカゼ
kawayabug,kawayabug
ban! (bansankan),禁止！ （Bansankan）
pote (ptkan),pote（ptkan）
kagami hirotaka,達人
taromarun,Misu Kasumi
lpip,lpip
aoki (fumomo),青木（フモモ）
mitsumoto jouji,ミツモト・ジュジ
tsubobot,Tsubobot
koto inari,コトナリ
gofu,ゴフ
masuyama ryou,マヌヤマリオウ
oyari ashito,オヤリ・アシート
niwarhythm,niwarhythm
peso (cheese company),ペソ（チーズカンパニー）
chan co,Chan Co
engo (aquawatery),エンゴ（アクアワテリー）
urushihara satoshi,urushihara atoshi
riichu,リチュ
ulrich (tagaragakuin),Ulrich（Tagaragakuin）
em (totsuzen no hakike),em（トトゥゼンはハカケなし）
fu-ta,fu-ta
utano,ウタノ
kichihachi,キチハチ
yukimoto shuuji (gurigura),ゆくshuuji（gurigura）
mudou eichi,Mudou eichi
mota,モタ
moke ro,モークロ
umanosuke,umanosuke
kloah,クロア
kutan,クタン
reia 76,Reia 76
ikari manatsu,イカリマナツ
minakami (flyingman555),ミナカミ（FlyingMan555）
nironiro,ニロニロ
kurikara,Kurikara
rinka (qqqrinkappp),qqqrinkappp
aoshima,青島
6 (yuchae),6（ユチェ）
mamerakkkkko,Mamerakkkkko
misumi (macaroni),ミズミ（マカロニ）
fuzichoco,フジチココ
kiritto,キリット
sousouman,スーマン
minato ojitan,港オジタン
magukappu,Magukappu
hellandheaven,hellandheaven
spacezin,Spacezin
sakuraba yuuki,さくらゆく
papa (shimeguru),パパ（shimeguru）
tandohark,タンドハーク
sakiyamama,サキヤママ
shengtian,シェンジアン
goma (yoku yatta hou jane),ゴマ（ヨクヤッタホウジェーン）
haimura kiyotaka,清川ha
pochimaru (marumaru wanwan),ポチマル（マルマルワンワン）
morino hon,モリノホン
kemachiku,ケマチク
kamogawa tanuki,カモガワタヌキ
rokuwata tomoe,Rokuwata Tomoe
meremero,メレメロ
greem bang,Greem Bang
akara kai,アカラカイ
nt00,NT00
fkey,fkey
kitahama (siroimakeinu831),キタハマ（siroimakeinu831）
mashiro yukiya,マシロユキヤ
samip,サミップ
jeno,ジェノ
hong (white spider),ホン（白いクモ）
deyui,Deyui
aster crowley,アスター・クロウリー
daiaru,ダイアル
omachi (slabco),オマチ（スラブコ）
mika pikazo,ミカ・ピカゾ
harada (sansei rain),先来（サンジー・レイン）
annin musou,アニン・ムソウ
ergot,麦角
bai lao shu,バイラオシュ
criis-chan,Criis-chan
fumio (ura fmo),fumio（ura fmo）
rabbithole (qnzp113),HH
kusaka souji,クサカ・スジ
iizuki tasuku,イツキタスク
do m kaeru,M Kaeruをします
kabayaki (kabayaki eel),kabayaki（kabayaki eel）
haru (nakajou-28),haru（nakajou-28）
mogudan,モグダン
sunnysideup,Sunnysideup
kuro kosyou,Kuro Kosyou
awa (abc19502),ああ
mikagami hiyori,ミカガミ・ヒヨリ
ryoji (nomura ryouji),ryoji（野uuraryuji）
yuuji (yukimimi),ユウジ（ユキミミ）
koyorin,コヨリン
aztodio,アズトディオ
liya,リヤ
ryouma (galley),リソウマ（ギャレー）
erere,エレレ
cluseller,Cluseller
moyoron,モヨン
distr,ディストリビューション
iwbitu,iwbitu
apple caramel,アップルキャラメル
lamb-oic029,lamb-oic029
myth1carts,myth1carts
harris hero,ハリスヒーロー
mimonel,ミモネル
lambda (kusowarota),ラムダ（クソワロタ）
asaya minoru,アサヤ・マイノル
arinu,アリヌ
tsukiman,ツキマン
sakurazawa izumi,さくら井村
baba (baba seimaijo),ババ（ババ・セイマイホ）
hoshizuki (seigetsu),久野（Seigetsu）
doitsuken,doitsuken
ittokyu,ittokyu
modare,Modare
mo (kireinamo),MO（Kireinamo）
tenken (gotannda),テンケン（gotannda）
inaba shiki,イナバ・シキ
setz,setz
huyumitsu,Huyumitsu
ominaeshi (takenoko),Ominaeshi（Takedoko）
hot vr,ホットVR
starshadowmagician,Starshadowmagian
guin guin,ギンギン
inkerton-kun,Inkerton-Kun
mashutarou (neko no oyashiro),Mashuu（neko no oyashiro）
7010,7010
umigarasu (kitsune1963),umigarasu（kitsune1963）
mel (melty pot),メル（メルティポット）
club3,クラブ3
wisespeak,賢明
g (genesis1556),G（Genesis1556）
nonco,ノンコ
nanao naru,ナナオ・ナル
jin (mugenjin),ジン（ムゲンジン）
bbb (friskuser),BBB（Friskuser）
zunusama,Zunusama
okina ika,オキナイカ
roke (taikodon),ローク（タイコドン）
shichimenchou,Shichimenchou
shirabi,シラビ
yuune (ayanepuna),ayanepuna
catstudioinc (punepuni),Catstudioinc（Punepuni）
lindaroze,リンダロゼ
aoi masami,aoi masami
cis (carcharias),CIS（Carcharias）
rom (20),ROM（20）
nardack,ナルダック
tofuubear,張力
tsurui,ツルイ
satou daiji,サトゥダイジ
40hara,40hara
jjanda,Jjanda
ragho no erika,ラゴノノーエリカ
spam (spamham4506),スパム（spamham4506）
kfr,KFR
yoo tenchi,Yoo Tenchi
komone ushio,Komone Ushio
deadnooodles,デッドノードル
bosshi,ボシ
sciamano240,Sciamano240
niichi (komorebi-palette),niichi（komorebi-palette）
unfairr,不公平
eiri (eirri),eiri（eirri）
kenkou cross,ケンコウクロス
e20,E20
vahn yourdoom,あなたのドームをヴァーン
choufu shimin,choufu shimin
coroha,コロハ
eroe,エロエ
akinbo (hyouka fuyou),アキンボ（hyoukafuyou）
machismo fuji,マチスモ富士
kabocha torute,カボチャトルート
rangycrow,Rangycrow
untue,untue
atdan,アトダン
isshi pyuma,Isshi pyuma
nigari (ngari 0115),nigari（ngari0115）
raptor7,Raptor7
nishieda,西田
kamiya maneki,カミヤ・マネキ
fujisaki hikari,藤井hikari
sakimichan,サキミチャン
no+bi=,no+bi =
ringeko-chan,Ringeko-chan
non (z-art),非（z-art）
oimanji,オイマンジ
hella p,hella p
shouhou-san daisuki teitoku,shouhou-san daisuki teitoku
yuuki hagure,ユウキ・ハギュール
nagian,ナギアン
murata range,村田範囲
rui (sugar3),rui（sugar3）
twin (tt lsh),双子（TT LSH）
himiya jouzu,Himiya Jouzu
muririn,ムリリン
topu,Topu
geewhy,geewhy
adsouto,adsouto
no-kan,ノー・カン
pas (paxiti),Pas（Paxiti）
kei jiei,Kei Jiei
varniskarnis,Varniskarnis
m&m (mickey and mackey),M＆M（ミッキーとマッキー）
thomas 8000,トーマス8000
maruki (punchiki),マルキ（パンチキ）
neoartcore,Neoartcore
liang xing,liang xing
oni-noboru,oni-noboru
konnyaku (kk-monmon),konnyaku（kk-monmon）
gotoh (nekocat),gotou（nekocat）
shexyo,shexyo
akkijin,アクキン
peroponesosu.,peroponesosu。
hikawa shou,hikawa shou
welt (kinsei koutenkyoku),ウェルト（Kinsei Kutenkyoku）
rikatan,リカタン
waka (wk4444),ワカ（wk4444）
sazaki ichiri,サザキ・イチリ
kakure eria,Kakure Eria
khyle.,カイル。
capriccio,カプリシオ
darumoon,ダルムーン
eto (ikumika),ETO（Ikumika）
ino (magloid),ino（マグライド）
sei (kaien kien),sei（Kaien Kien）
sugimori ken,Sugimori Ken
blew andwhite,吹き飛ばした
hase yu,hase yu
wada arco,ワダ・アルコ
sydus,シダス
suujiniku,suujiniku
ray.s,Ray.S
lasterk,lasterk
miyase mahiro,ミヤゼマヒロ
hizake mozu,kashu（hizake）
kamelie,カメリー
hospital king,病院のキング
aozora market,aozora市場
gashi-gashi,ガシガシ
lvl (sentrythe2310),LVL（Sentrythe2310）
fugtrup,fugtrup
nyaru (nyaru 4126),ニャル（ニャル4126）
u u zan,u uzan
horiguchi yukiko,ユキコルトリグチ
fuji (pixiv24804665),富士（pixiv24804665）
yume no owari,Yume no owari
shirow masamune,Shirow Masamune
aono3,aono3
m k,m k
gryebooks,Gryebooks
chengongzi123,chengongzi123
syuri22,syuri22
himeyamato,ヒメヤマト
ishii hisao,Ishii hisao
redrop,Redrop
shibasaki shouji,Shibasaki Shouji
chai (drawingchisanne),チャイ（Drawingchisanne）
na-ga,Na-ga
shigino sohuzi,Shigino Sohuzi
yukataro,ユカタロ
yaneko uta,Yaneko Uta
boppin,ボッピン
mignon,ミニョン
monety,モノリー
yaomai,ヤマイ
oroborus,Oroborus
at2.,at2。
ryusei hashida,ryusei hashida
azasuke,azasuke
yoshizaki mine,ヨシザキ鉱山
eonsang,eonsang
cad (caddo),CAD（CADDO）
ke-ta,ケタ
menotama,メノタマ
ateoyh,ateoyh
nekoya (liu),nekoya（liu）
kou mashiro,コウ・マシロ
aikawa ryou,八川you
saru,サル
aki99,AKI99
melowh,メロウ
omone hokoma agm,Omone Hokoma AGM
sakino shingetsu,Sakino shingetsu
kishida shiki,キシディダ・シキ
mitsumi misato,ミツーミ・ミサト
siu (siu0207),SIU（SIU0207）
tsukumo kazuita,カズイタ島
marugoshi (54burger),Marugoshi（54burger）
gaou (umaiyo puyoman),ガウ（ウマイヨ・プヨーマン）
hibiki (zerocodo),hibiki（Zerocodo）
kara (color),カラ（色）
shin (new),シン（新）
hamao,hamao
genyaky,genyaky
shiratama (shiratamaco),シラタマ（シラタマコ）
i.u.y,I.U.Y
pataneet,パタニート
kusanagi tonbo,クサナギンボ
chado,チャド
junkzero,ゴムルゴン
sooon,ソーン
komaku juushoku,コマク柔術
porforever,porforever
nassukun,ナスクン
mtu (orewamuzituda),mtu（orewamuzituda）
kiyama satoshi,清山satoshi
chaesu,chaesu
yagisaka seto,Yagisaka Seto
neki (wakiko),ネキ（ワキコ）
miuku (marine sapphire),ミウク（マリンサファイア）
torisan,トリサン
gakky,ガッキー
komeshiro kasu,Komeshiro Kasu
komatsu eiji,コマツ・エイジ
ibuki notsu,イブキnotsu
kuzuryuu kennosuke,Kuzuryuu kennosuke
konbu wakame,コンブワカメ
cuboon,カブーン
herada mitsuru,ヘラダ・ミツル
momio,モマイオ
urin,尿
otohime (youngest princess),otohime（最年少の王女）
hitsukuya,hitsukuya
ryuusei (mark ii),リュウセイ（マークII）
hiten (hitenkei),ヒテン（hitenkei）
shibacha,シバチャ
pako (pakosun),パコ（パコスン）
kapatarou,kapatarou
akina tsukako,アキナ・ツカコ
zucchini,ズッキーニ
surio,スリオ
youkan,ヨカン
mamaloni,ママロニ
rakugaki-biyori,rakugaki-biyori
kousei (public planet),Kousei（公共惑星）
hitotsuki nebura,hitotsuki nebura
hanzou,漢ゾウ
melon22,Melon22
sano toshihide,サノ・トシヒデ
nagare,ナガレ
deaver,ディーバー
kanabun,カナブン
mattari yufi,マタリ・ユフィ
kagematsuri,Kagematsuri
takayaki,タカヤキ
cool-kyou shinja,cool-kyou shinja
pekeko (pepekekeko),ペケコ（ペペケケコ）
jtveemo,jtveemo
yoako,ヨアコ
furukawa (yomawari),Furukawa（Yomawari）
mamuru,マムル
shimmer,きらめき
pononozo,ポノノゾ
katayama kei,カタヤマケイ
minato hitori,港のびき
exlic,exlic
hotate-chan,ホタテチャン
ashiyama yoshinori,Ashiyama Yoshinori
lielos,lielos
blushyspicy,Blushyspicy
kyouda suzuka,Kyouda Suzuka
coffee-kizoku,コーヒーキゾー
yone kinji,ヨン・キンジ
haoro,ハオロ
whoosaku,ホワサク
casino (casinoep),カジノ（カジノエップ）
sugimura tomokazu,杉村トモカズ
soejima shigenori,Shimima Shigenori
meimaru inuchiyo,Meimaru inuchiyo
boushi-ya,Boushi-ya
halcon,ハルコン
born-to-die,死ぬために生まれた
kafun,カフン
k hiro,K Hiro
yume shokunin,Yume Shokunin
d-rex,d-rex
hwansang,ファンサン
harigane shinshi,ハリガン・シンシ
tetsu (kimuchi),テツ（キムチ）
tako-chan (hub dump),ヘキガ（フリーロット）
mikazuki akira!,ミカズキ・アキラ！
kaho 0102,KAHO 0102
parsley-f,パセリ-F
tsukareta san,ツカレタ・サン
fuantei,フアンテイ
haoni,ハオニ
zankuro,ザンクロ
n.g.,N.G.
774 (nanashi),774（ナナシ）
cian yo,シアンよ
yamu (reverse noise),ヤム（リバースノイズ）
torinone,トリノン
dopey (dopq),ドーピー（dopq）
falken (yutozin),ファルケン（ユトジン）
shibori kasu,Shibori Kasu
mataro (matarou),マタロ（マタロウ）
kurozawa yui,黒崎ユイ
kobuichi,小島
popqn,popqn
morisobo,モリソボ
kawakami rokkaku,川崎rokkaku
iwashi dorobou -r-,岩橋dorobou -r-
norman maggot,ノーマン・マグゴット
rebe11,Rebe11
joy ride,ジョイライド
robaato,ロバート
allurmilk,Zheng
torriet,トリエット
kuroboshi kouhaku,黒子kouhaku
shuri (84k),シュリ（84K）
finalcake,ファイナルケーキ
kimoshi,キモシ
shashaki,シャシャキ
madcore,マッドコア
nozo (hitomiz),ノゾ（hitomiz）
bison cangshu,Bison Cangshu
sunhyun,Sunhyun
jetto komusou,ジェット・コムソウ
makicha (sasurainopink),マキチャ（sasurainopink）
komusou (jinrikisha),komusou（jinrikisha）
kazutake hazano,カズタケ・ハザノ
donguri suzume,Donguri Suzume
ett,ett
xiacheng tatsuya,Xiacheng Tatsuya
inu (aerodog),inu（aerodog）
nottytiffy,Nottytiffy
you (noanoamoemoe),あなた（noanoamoemoe）
asahina yoshitoshi,グマンプロジェクト
nanashiro gorou,ナナシロ・ゴロウ
akagashi hagane,赤原hagane
jingai modoki,ユンガイモドキ
greatm8,greatm8
goto p,上に行きます
keenh,キェン
silence girl,沈黙の女の子
watarui,ワタルイ
sak (lemondisk),サック（レモンディスク）
boa (brianoa),Boa（Brianoa）
mpien,mpien
norasuko,ノラスコ
osiimi,オシミ
donburi (donburikazoku),ドンバリ（ドンブリカゾク）
shinama,シナマ
ewa (seraphhuiyu),ewa（seraphhuiyu）
yt (wai-tei),yt（wai-tei）
dermar,ダーマー
baffu,バッファー
kouno hikaru,Kouno Hikaru
onsoku inu,Onsoku inu
minamura haruki,春村村
ndgd,ndgd
hm (hmongt),HM（hmongt）
sseopik,sseopik
natsuki teru,夏teru
yamashichi (mtseven),山島（mtseven）
dannex009,dannex009
megao 3rd,メガオ3日
gotyou,つかまえた
meopun (meopen429),マシロミル
crumbles,クランブル
koku,コク
deetamu,deetamu
petenshi (dr. vermilion),Petenshi（Dr。Vermilion）
ruukii drift,ルーキイドリフト
seihekiog,seihekiog
suyasuyabi,suyasuyabi
bluefield,ブルーフィールド
hetza (hellshock),ヘッツァ（ヘルショック）
kupa (jesterwii),クパ（jesterwii）
rizu (rizunm),rizu（rizunm）
op na yarou,op na yarou
hemogurobin a1c,ヘモグロビンA1c
iahfy,iahfy
akino shuu,アキノ・シュウ
fuya (tempupupu),フヤ（Tempupupu）
jyt,JYT
y.ssanoha,Y.ssanoha
hayashiya zankurou,hayashiya Zankurou
alpha (yukai na nakamatachi),アルファ（ユカイナナカマタチ）
cream (nipakupa),クリーム（ニパクパ）
hirano katsuyuki,katsuyuki hirano
ouma tokiichi,Ouma Tokichi
mae (maesanpicture),メイ（MaesanPicture）
ryouka (suzuya),リョウカ（スズヤ）
wata do chinkuru,ワタ・ド・チンコル
poch4n,poch4n
seneto,セネト
itou yuuji,itou ooji
unowen,unowen
caffein,カフェイン
jizeru (giselebon),Jizeru（Giselebon）
umekichi,Umekichi
machi (machi0910),マチ（7769）
matsuda (matsukichi),松田（松井）
sutahiro (donta),sutahiro（donta）
ameno (a meno0),Ameno（Meno0）
amazuyu tatsuki,azamuyu tatsuki
ucmm,ucmm
ichiba youichi,yichiba youchi
marumikan,マルミカン
jellytits-7,Jellytits-7
aoi (annbi),aoi（annbi）
aogisa,aogisa
jabara tornado,ジャバラ・トルネード
porurin,ポーリン
amagi (amagi626),amagi（amagi626）
lm (legoman),LM（レゴマン）
konpeto,コンペト
xiujia yihuizi,Xiujia Yihuizi
berusuke (beru no su),Berusuke（beru no su）
ransusan,ランズサン
t2r,T2R
rei (rei's room),レイ（レイの部屋）
mata (matasoup),マタ（マタソープ）
barbariank,バーバリアン
amasora taichi,amasora taichi
kurou (quadruple zero),kurou（四重角ゼロ）
tama (tamatamo),タマ（タマタモ）
makuran,マクラン
tsuji santa,ツジ・サンタ
ninai,ニナイ
gentsuki,gentsuki
chita (ketchup),チタ（ケチャップ）
tottotonero,トットトンロ
mosho,モショ
hiro (hirohiro31),hiro（hirohiro31）
arnest,アーネスト
felutiahime,felutiahime
ricegnat,ライスグナット
momiji mao,Momiji Mao
sen (astronomy),セン（天文学）
kawata hisashi,カワタhisashi
abe kanari,安倍カナリ
mazjojo,マツジョジョ
pochincoff,ポチンコフ
9rimson,9リムソン
miclot,マイクロット
kiri futoshi,キリ・フトシ
hyde (tabakko),ハイド（タバッコ）
nagishiro mito,Nagishiro Mito
amazon (taitaitaira),Amazon（Taitaitaira）
mutsuki (moonknives),ムツキ（ムーンナイブ）
tama (tamago),タマ（タマゴ）
alp,ALP
infinote,インフィノテ
okpriko,Okpriko
socha,ソチャ
nanoless,ナノレス
lemon89h,lemon89h
namaniku atk,ナマニク・アット
kojima saya,小島Saya
diesel-turbo,ディーゼルターボ
m.m,んん
yu-ta,yu-ta
hirasaka makoto,平田城
rioshi,リオシ
henyaan (oreizm),henyaan（oreizm）
sumeragi kohaku,スメラギ・コハク
noah (tettsui-sole),ノア（Tettsui-Sole）
miwa shirow,ミワ・シロー
qiandaiyiyu,Qiandaiyiyu
tenshin amaguri (inobeeto),Tenshin Amaguri（inobeeto）
poronegi,poronegi
seramikku,Seramikku
riz,リズ
chacharan,チャチャラン
mukakin,ムカキン
muuran,ムラン
sakimori (hououbds),サキモリ（hououbds）
nishikujic,ニシクジック
sakimori dan,サキモリダン
nogi takayoshi,ノギタカヨシ
takahashi kurage,高橋kurage
teddypocky,テディ（カンシン）
seiru (prairie),Seiru（プレーリー）
bacius,バキウス
themaestronoob,Themaestronoob
koutaro,クタロ
echj,ECHJ
karory,カロリー
radishkek,Radishkek
kasuga yukihito,王国ユキヒト
kurokoshou (emuburemu123),黒子（emuburemu123）
ao banana,ao banana
tsukiyo (skymint),つまずい（Skymint）
takanashi kei (hitsujikan),高野kei（hitsujikan）
festa11307070,festa11307070
ideolo,イデオロ
shinanoya (satanicad),シナノヤ（サタニカド）
kumadano,クマダノ
kotoyama,川山
wakura (gcdan),ワクラ（gcdan）
kiku hitomoji,kiku hitomoji
yakob labo,ヤコブラボ
nannacy7,nannacy7
yonu (yonurime),Yonu（Yonurime）
hajika,ハジカ
daizu (melon-lemon),daizu（メロンレモン）
kimmy77,Kimmy77
elfenlied22,elfenlied22
fumitan (humitan),フミタン（ヒューミタン）
musouzuki,ムソズキ
mina cream,ミナクリーム
ramudia (lamyun),ラムジア（ラミュン）
derauea,derauea
shirotsumekusa,shirotsumekusa
tasaka shinnosuke,田中島
kobayashi chisato,小林のチサート
tori (minamopa),トリ（ミナモパ）
ancesra,アンスラ
gazing eye,視聴する目
rakeemspoon,rakeemspoon
ukata,Ukata
yappen,ヤッペン
givuchoko,Givuchoko
soon (c-u-soon),まもなく（C-U-SOON）
munmu-san,ムンムさん
miyasu risa,ミヤスリサ
reverse (bluefencer),逆（bluefencer）
hatano kiyoshi,ハタノキヨシ
harusame (unmei no ikasumi),harusame（unmei no ikasumi）
hairu,ヘアー
onija tarou,オニヤ・タロウ
kamukamu (ars),Kamukamu（ARS）
yonedatomo mizu,Yonedatomo Mizu
yuuma (skirthike),ユウマ（スカージケ）
tab head,タブヘッド
katou shinobu,カトウ・シノブ
kitahara tomoe (kitahara koubou),北ラ屋（北野koubou）
aurahack,オーラハック
konno tohiro,Konno Tohiro
kawai ritsu (rits meg),川沿い（rits meg）
eretto,エレット
akino ell,akino ell
sousou (sousouworks),sousou（sousouworks）
omar dogan,オマール・ドーガン
yuto (dialique),ユート（ダイアリック）
misumi (niku-kyu),Misumi（niku-kyu）
at classics,クラシックで
binsen,ビンセン
fuukadia (narcolepsy),フウカディア（ナルコレプシー）
saki chisuzu,サキ・チスズ
betanonbeet,betabeet
neon-tetora,ネオンテトラ
kozaki yuusuke,コザキユウスケ
nollety,ノレティ
mashuu masaki,マシュウサキ
cromachina,クロマチーナ
tanaka ryou,田中龍
poprication,ポップリケーション
nanaroku (fortress76),ナナロク（要塞76）
seki (red shine),セキ（赤い輝き）
gogiga gagagigo,ゴギガ・ガガギゴ
pochi (pochi-goya),ポチ（ポチゴヤ）
taketora suzume,Taketora Suzume
kotoba noriaki,コトバ・ノリアキ
michairu,ミシアール
kajimakoto,カジマコト
mokufuu,Mokufuu
nyong nyong,Nyong Nyong
greenteaneko,Greenteaneko
nitamako (sakamalh),ニタマコ（サカマル）
satou shouji,サトゥー・シュジ
yukia (firstaid0),ユキア（firstaid0）
mushi024,Mushi024
kokaki mumose,コカキ・ムモース
gazacy (dai),ガザシー（ダイ）
takana shinno,タカナシンノ
michii yuuki,ミチイユーキ
masami chie,マサミチエ
mizuumi (bb),ミズウミ（BB）
jeneral,ジェネラル
morikura en,森村en
tsukumo (soar99),ツクモ（Soar99）
chamaji,Chamaji
yoi naosuke,yoi naosuke
somebody (leiking00),誰か（leiking00）
mawaru (mawaru),マワル（マワル）
takatsuki ichi,イチカツキ
23 (real xxiii),23（Real XXIII）
udon (shiratama),ウドン（シラタマ）
yashin (yasinz),ヤシン（ヤシンツ）
ddolbang,ddolbang
kotobuki (tiny life),コトブキ（小さな人生）
kisetsu,キセツ
shiratama (hockey),shiratama（ホッケー）
techi (techi35499),Techi（Techi35499）
haru (konomi 150),haru（konomi 150）
kunabishi,黒門
sakimiya (inschool),sakimiya（inschool）
ishigaki takashi,石島石島
nigou,nigou
nakahira guy,ナカヒラガイ
shirokuma a,shirokuma a
vilde loh hocen,Vilde Loh Hocen
osashin (osada),オサシン（オサダ）
mizuryu kei,Mizuryu Kei
eufoniuz,eufoniuz
toraishi 666,Toraishi 666
maki (seventh heaven maxion),マキ（7番目の天国のマキション）
shiwasu no okina,シワスノ沖ナ
aile (crossroads),AILE（交差点）
mikan (chipstar182),ミカン（chipstar182）
pudgeruffian,プッダーフィアン
nagami yuu,ナガミユー
zekkyon,Zekkyon
montemasa,モンテマサ
mei (maysroom),メイ（メイズルーム）
nahaki,ナハキ
nullma,ヌルマ
rin yuu,リンユー
rinotuna,リノトゥナ
kararage tsune,Tsune（チューン）
noriuma,ノリウマ
ponzu rui,Ponzu Rui
seijun,セイジュン
yoru nai,ヨルナイ
hxd,HXD
redcomet,Redcomet
ameyama denshin,アメヤマデンシン
sakaki imasato,サカキ・イマサト
takashia,タカシア（akimototakashia）
kuya (hey36253625),kuya（hey36253625）
wss (nicoseiga19993411),WSS（nicoseiga19993411）
prywinko,Prywinko
hanekoto,林道
yuimisu,マサヨ（gin no ame）
glassy0302,Glassy0302
mibu natsuki,夏夏
atg (wttoo0202),ATG（WTTOO0202）
nora higuma,ノラ・ヒグマ
yamabukiiro,ヤマブキロ
erubo,エルボ
takatsuki nato,タカツキNATO
dede (qwea 00000),Dede（QWEA 00000）
centurii-chan,Centurii-chan
inanaki shiki,イナナキ・シキ
akeyama kitsune,akeyama kitsun
piripun,ピリプン
culter,カルター
starraisins,スターライシン
shinapuu,シナプー
chiwino,チウィーノ
masara (chuujou),マサラ（チュウジュー）
nedia (nedia region),ネディア（ネディア地域）
9law,9law
camonome,カモノーム
michael f91,マイケルF91
yanagi wakana,ヤナギワカナ
hisasi,hisasi
emily (pure dream),エミリー（純粋な夢）
mitsurugi sugar,ミツールーギの砂糖
newo (shinra-p),Newo（Shinra-P）
yuki arare,ユキ・アラレ
senri gan,センリガン
wokada,北原
cofffee,cofffee
pokoten (pokoten718),ポコテン（pokoten718）
kuena,クエナ
nakajima yuka,中島ゆく
monori rogue,モノリ・ローグ
kamisimo 90,カミシモ90
ame.,AME。
kaetzchen,Kaetzchen
less,少ない
mefomefo,Mefomefo
mikoyan,ミコヤン
amazuki jou,Amazuki Jou
harimoji,ハリモジ
umishima senbon,umishima senbon
kumiko shiba,川kumiko
karutamo,カルタモ
futatsuki hisame,Futatsuki hisame
kuro suto sukii,Kuro Suto Sukii
sazanami mio,Sazanami Mio
orizen,orizen
beijuu,ベイジュ
azumi (myameco),azumi（myameco）
fun bo,楽しいbo
kenshin187,Kenshin187
fukahire (ruinon),Fukahire（Runon）
ri-net,ri-net
mashima hiro,村・hiro
kamiyoshi rika,カミヨシ・リカ
takaharu,タカハル
nanao (mahaya),ナナオ（マハヤ）
akchu,アクチュ
yomosaka,ヨモサカ
amezawa koma,アメザワコマ
rindou (radical dream),リンドゥ（急進的な夢）
lunacle,ルナクル
luke (dydansgur),ルーク（ディダンスガー）
kagome (traumatize),kagome（トラウマティズ）
hiememiko,hiememiko
oso (toolate),OSO（ツール）
suurin (ksyaro),スーリン（クシャロ）
zen33n,Zen33n
redjet,redjet
butterchalk,バターチャーク
asakuraf,アサクラフ
a-ka,A-ka
guweiz,グワイズ
krekkov,クレッコフ
sorani (kaeru0768),ソラニ（kaeru0768）
saigado,サイガド
yukichi (eikichi),ユキチ（エイキチ）
azuma meri,rei（tonbo0430）
hatsunatsu,産立
mochizuki kei,Mochizuki Kei
846-gou,846-gou
naokomama,直角
kuroi mimei,クロイ・マミー
fathom,ファトン
cura,キュラ
nakamura regura,中村レグラ
akitetsu,アキテツ
twrlare,Twrlare
pottsness,ポッツネス
genzoman,genzoman
darkmaya,ダークマヤ
shnva,shnva
totokichi,トトキチ
azumi kazuki,川azuki
swordsouls,ソードソウルズ
mochirong,モチロン
xingzhi lv,Xingzhi lv
anbe yoshirou,anbe yoshirou
torimaru,トリマル
kokudou juunigou,kokudou juunigou
rui shi (rayze ray),Rui Shi（Rayze Ray）
cafekun,カフェクン
deco (geigeki honey),デコ（Geigeki Honey）
shepherd0821,Shepherd0821
haniwa (leaf garden),ハニワ（リーフガーデン）
takase muh,TakaseMuh
akasaai,アカサイ
misaki nonaka,幻ki nonaka
aoki shizumi,青木青
ashiomi masato,ashiomi masato
rouka (akatyann),ルカ（アカティアン）
noripachi,ノリパチ
infukun,インフクン
kotatsu (g-rough),コタツ（g-rough）
homura subaru,Homura Subaru
harano,ハラノ
icomochi,icomochi
mosha,モシャ
matanonki,マタノンキ
tomu (tomubobu),トム（トムボブ）
naru (wish field),ナル（ウィッシュフィールド）
juurouta,ジュウルタ
kikumaru bunta,kikumaru bunta
zasshu,ザスフ
hxxg,hxxg
yasuyuki,Yasuyuki
crow (siranui),カラス（シラーヌ）
sakuya tsuitachi,サクヤ・ツータチ
natsume eri,夏目eri
hone kawa,ホーンカワ
hitotose rin,ヒトコースリン
darjeeling (reley),darjeeling（reley）
azuma aya,アズマアヤ
natsuya (kuttuki),ナツヤ（クッツキ）
hood (james x),フード（ジェームズX）
norigure18,norigure18
araneesama,アラネサマ
shpo,shpo
nakatani nio,ナカタニニオ
hu dako,Hu Dako
ge-b,GE-B
greatmosu,greatmosu
saipaco,サイパコ
kadeart,カデート
neko majin,ネコ・マジン
wool (miwol),ウール（miwol）
kannko bokujou,Kannko Bokujou
sako (bosscoffee),サコ（ボスコフィー）
bunbun,バンブン
shiroshi (denpa eshidan),shiroshi（denpa eshidan）
hizuki akira,ヒズキ・アキラ
arano oki,アラノ・オキ
aoi nagisa (metalder),aoi nagisa（metalder）
miura-n315,Miura-N315
kamishima kanon,川島川
combos & doodles,コンボとドゥードル
kaiga,カイガ
onono imoko,オノノ・イモコ
raine (acke2445),レイン（ACKE2445）
lainart,lainart
muchi maro,Muchi Maro
pan (mimi),パン（ミミ）
baileys (tranquillity650),ベイリーズ（tranquillity650）
nagase haruhito,Nagase Haruhito
uni8,uni8
houraku,houraku
fuyumi kazuki,フユミ・カズキ
kelvin hiu,ケルビン・ヒュー
ainy,アイニー
gomtang,ゴムタン
narue,ナルエ
bluethebone,ブルーテボーン
aelion draws,Aelion Drawが描画されます
mondi hl,モンディHL
misaka 12003-gou,ミサカ12003-gou
yasume yukito,Yasume Yukito
gabriel evangel,ガブリエルエヴァンゲル
kaga3chi,kaga3chi
ejami,ejami
gaston18,gaston18
bekkankou,Bekkankou
kamezaemon,カメザモン
minew,Minew
akashio (loli ace),アカシオ（ロリエース）
suzunone rena,スズノーネ・レナ
mikazuchi zeus,ミカズチゼウス
v-mag,v-mag
miya (miyaruta),ミヤ（miyaruta）
ryo (tg290),ryo（TG290）
hiiragi yuuichi,hiiragi yuichi
blvefo9,blvefo9
akiyama enma,秋山エンマ
gibun (sozoshu),ギブン（ソゾシュ）
freng,フレン
sasucchi95,sasucchi95
anmi,アンミ
uenomigi,上原
senomoto hisashi,賢明セモト
tatsumi ray,タツミレイ
akadako,アカダコ
shikushiku (amamori weekly),shikushiku（Amamori Weekly）
timbougami,ティンブーガミ
koflif,コフリフ
himura moritaka,Himura Moritaka
dars (recolors),DARS（リコラー）
mayo riyo,マヨリヨ
saitou masatsugu,サトウマサツガ
nishimata aoi,西方aoi
korie riko,コリー・リコ
zannen na hito,ザンネン・ナ・ヒト
shinshin,シンシン
yuzuna99,Yuzuna99
doyouwantto,あなたは＿＿したいですか
sugiyuu,sugiyuu
hanasaka houcha,ハナサカ・フーシャ
sugano manami,スガノマナミ
clamp (circle),クランプ（円）
misteor,霧
necro (nekurodayo),ネクロ（ネクロダヨ）
nui (nuinui0300),nui（nuinui0300）
teshima nari,Teshima Nari
hiraga matsuri,ヒラガ・マツリ
yamanashi taiki,ヤマナシペキ
tony guisado,トニー・ギサド
asazuki norito,浅樹norito
azusa (hws),アズサ（HWS）
kinona,キノナ
hyurasan,ヒューラサン
takaman (gaffe),タカマン（失言）
chiimako,チマコ
jason (kaiten kussaku kikou),ジェイソン（Kaiten Kussaku Kikou）
momoshiki tsubaki,Momoshiki tsubaki
totatokeke,totatokeke
yanagi (nurikoboshi),ヤナギ（ヌルコボシ）
kotochi re,Toukaairab
komori kuzuyu,Kuzuyu Komori
suminagashi,suminagashi
weee (raemz),weee（raemz）
haku89,haku89
mitarashi kousei,ミラシ・クセイ
aningay,アニンゲ
rei (sanbonzakura),レイ（Sanbonzakura）
hayashi custom,林カスタム
gsusart,GSUSART
murabito c,ムラビトc
itto (mentaiko),itto（mentaiko）
yasaikakiage,yasaikakiage
komi zumiko,コミ・ズミコ
natsu (anta tte hitoha),夏（anta tte hitoha）
daydarion,デイダリオン
nyuu (manekin-eko),Nyuu（Manekin-eko）
meis (terameisu),メイス（Terameisu）
nagioka,ナギオカ
nobita (makoto7060355),nobita（makoto7060355）
kuro chairo no neko,Kuro Chearo no neko
sachito,サキト
misekai 555,Misekai 555
ishikkoro,イシコロ
pallad,パラッド
namauni,ナマーニ
vertigris,vertigris
zenshin,Zenshin
piyokichi,ピヨキチ
kanniiepan,Kanniiepan
kurona,クロナ
lansane,ランサン
sasanon (sasapoliton),ササノン（ササポリトン）
shiro9jira,shiro9jira
oniilus,oniilus
ohta yuichi,Yuta Yuichi
onsen tamago (hs egg),Onsen Tamago（HS Egg）
yayoi maka,Yayoi Maka
moketa,モケタ
the golden smurf,ゴールデンスマーフ
toutenkou,Toutenkou
moca (mocaa iai),n9at
hakusai (tiahszld),湖楽師（ティアスルド）
suwaneko,suwaneko
kedama milk,ケダマミルク
pixie willow (voice actor),ピクシー・ウィロー（声優）
shinoasa,シノーサ
kibisake,キビサケ
midorikawa you,ミドリカワあなた
jasony,ジェイソン
toka (marchlizard),トカ（マルチリザード）
tiemu (man190),Tiemu（Man190）
aki (neyuki41028),aki（neyuki41028）
hyuuga azuri,ヒオウガ・アズリ
csyday,CSYDAY
kamizono (spookyhouse),カミゾノ（Spookyhouse）
coro fae,コロフェイ
coffeekite,コーヒーカイト
umyonge (lkakeu),umyonge（lkakeu）
fukai ryosuke,Fukai ryosuke
akagi kurage,アカギカラージュ
snegovski,スネゴフスキー
alphonse (white datura),アルフォンス（白いダトゥラ）
na-suke,CAMUI1104
yakisobapan tarou & negitoro-ko,Yakisobapan Tarou＆Negitoro-Ko
ryuu.,リュウ。
takeshima eku,タケシマエク
haguhagu (rinjuu circus),haguhagu（rinjuu circus）
tamtamdi,タムタムディ
amisu,アミス
monikano,モニカノ
shirako (kirupi),シラコ（kirupi）
konishi (koconatu),小島（ココナトゥ）
zerocat,ゼロカット
zamius,ザミウス
fir3born,Fir3born
roropull,Roropull
swkl:d,SWKL：d
junsuina fujunbutsu,Junsuina fujunbutsu
efe,efe
tomobe kinuko,トモベキヌコ
bococho,ボコチョ
hounori,Hounori
uranaishi (miraura),ウラナイシ（ミラウラ）
rifyu,Rifyu
shabana may,Shabana May
shiina excel,Shiina Excel
edarow,エダ
6u (eternal land),6U（永遠の土地）
murata tefu,村田tefu
kamei,カメイ
ichinomiya (blantte),一清の（ブラント）
parororo,パロロロ
taira yuuki,タイラユーキ
y2,Y2
molu stranger,モル・ストレンジャー
blue-senpai,ブルーセンパイ
isa (peien516),ISA（PEIEN516）
ayakura juu,ayakura Juu
miko (royal milk),ミコ（ロイヤルミルク）
yamashita takahiro,山橋田hiro
yuuki rika,ユウキ・リカ
tksand,タクサンド
kyogoku shin,京子清
kashiwada kiiho,カシワダ・キホ
yuzu momo,ゆうモモ
anato finnstark,アナト・フィンスターク
mi taro333,MI TARO333
ayagi daifuku,ayagi daifuku
kei (keigarou),Kei（Keigarou）
sukja,スカ
itou (onsoku tassha),itou（onsoku tassha）
haruri,ハルリ
terada tera,テラダ・テラ
yadokari genpachirou,ヤドカリ・ジェンパチロウ
noco (adamas),ノコ（アダマス）
fi-san,fi-san
kousaki rui,クサキ・ルイ
kozue akari,Kozue Akari
nuu (nu-nyu),nuu（nu-nyu）
synecdoche,Synecdoche
s-a-murai,武士
kajin (kajinman),Kajin（Kajinman）
dsmile,dsmile
uneg,UNEG
necomi,ネコミ
miri (ago550421),ミリ（AGO550421）
teoi (good chaos),テオ（良いカオス）
kurione (zassou),Kurione（Zassou）
ohasi,オハシ
kkato,Kkato
classic (zildjian33),クラシック（Zildjian33）
mikazuki neko,ミカズキネコ
sonson (eleven),ソンソン（イレブン）
tilt-shift (azalanz),ティルトシフト（アザランツ）
goshiki suzu,ゴシキ・スズ
shibafu (glock23),Shibafu（Glock23）
kasai shin,カサイシン
gin'ichi (akacia),gin'ichi（akacia）
namamo nanase,ナマモナナーゼ
mocha (cotton),モカ（綿）
caryo,カリオ
omaru gyuunyuu,Omaru Gyuunyuu
krudears,Krudears
seiran (mousouchiku),seiran（ムソウチク）
kanmiya shinobu,カンミヤ・シノブ
lee (colt),リー（コルト）
ningen mame,ニンゲン・マメ
giraffe (ilconte),キリン（ilconte）
narumi arata,ナルミ・アラタ
soranamae,ソラナマエ
osakana (denpa yun'yun),大阪（denpa Yun'yun）
higuchi isami,日井伊藤
kisaragi nana,Kisaragi Nana
shikitani asuka,asuka shikitani
eichi yuu,eichi yuu
tanashi (mk2),田中（mk2）
kuroda akimi,クロダ・アキミ
shone,輝いています
kojima takeshi,コジマ・タケシ
watanabe yoshihiro,渡辺吉原
andou shuki,アンドウ・シュキ
saiste,サイステ
dino (dinoartforame),dino（dinoartforame）
kurotofu,黒石
kawai (purplrpouni),カワイ（purplrpouni）
herohero (higashi no dou),Herohero（higashiは二人ではない）
honjou raita,Honjou Raita
nekobungi sumire,ネコブンギ・サミア
tokuura,トクウラ
goback,戻る
syroh,シロ
kuromayu,クロマユ
nikoo,ニクー
kawase seiki,カワゼ・セイキ
aoi kumiko,Aoi kumiko
hokuro ryuuseigun,北林uuseigun
duke (inu daimyou),デューク（inu daimyou）
aihara-rina,上rina
pigeon666,Pigeon666
maco22,MACO22
ekz (robotekz),ekz（robotekz）
reku,レク
muk (monsieur),Muk（ムッシュー）
kazuma (kazumav),カズマ（カズマブ）
gensoukoumuten,Gensoukoumuten
mu46016419,MU46016419
yoshitomi akihito,ヨシトミアキヒト
iyokan momiji,オコタミカン
ichihaya,一方的
hi you (flying bear),こんにちはあなた（フライングベア）
pairan,ペアン
free style (yohan1754),無料スタイル（yohan1754）
mirin chikuwa,ミリン・チクワ
shiwasu horio,Shiwasu Horio
dasdokter,ダスドクター
luicent,ルイセント
zaphn,Zaphn
shirogane (platinum),シロガネ（プラチナ）
paragasu (parags112),Paragasu（Parags112）
lazyprocrastinator,LazyProcrastinator
nameo (judgemasterkou),nameo（judgemasterkou）
henria,ヘンリア
kanzarin,カンザリン
dan (kumadan),ダン（クマダン）
eko,エコ
koyubi (littlefinger1988),Koyubi（LittleFinger1988）
kokomi (aniesuakkaman),ココミ（aniesuakkaman）
jonsun,Jonsun
minust,マイナスト
uni mate,ユニメイト
qys3,Qys3
kikuyoshi (tracco),kikuyoshi（トラッコ）
namie-kun,ナミーカン
puuzaki puuna,プウザキ・プーナ
eho (icbm),eho（icbm）
jourd4n,Jourd4n
shika miso,シカ・味o
shima (wansyon144),島（wansyon144）
kanno takanori,カンノタカノリ
kurachi mizuki,kurachi mizuki
kakage,Kakage
yusha m,ユシャm
kikurage (crayon arts),Kikurage（Crayon Arts）
yumesato makura,Yumesato Makura
hijiri rei,ヒジリ・レイ
kekemotsu,kekemotsu
hidari (left side),ヒダリ（左側）
zuwai kani,ズワイ・カニ
cslucaris,cslucaris
sasaame,sasaame
kso,KSO
hanauna,ハナウナ
marukyuu ameya,Marukyuu Ameya
kirero,キレロ
yuiga naoha,ユイガ・ナオハ
akai sashimi,アカイサイミ
souryu,Souryu
sankuma,サンクマ
gabiran,ガビラン
twistedscarlett60,TwistedScarlett60
fjsmu,fjsmu
takanashi ringo,高野ringo
uenoryoma,発電腫
inoue sora,井上ソラ
hanpenmaru,ハンペンマル
neit ni sei,neit ni sei
dr.p,Dr.P
j7w,J7W
tajima yuuki,田島ユキ
feint721,FEINT721
alex ahad,アレックス・アハド
suito,スーコ
nanase miori,ナナーゼミオリ
mvv,MVV
ysys,ysys
imaichi,imaichi
mitha,ミタ
lyy,lyy
wanitaroo. (waniwani panic),ワニマル
naruse mai,ナルスマイ
caburi,カブリ
hirayama kanna,hirayama kanna
bellhenge,ベルヘンジ
ebiblue,エボブル
doushimasho,Doushimasho
gemu555,GEMU555
toritora,トリトラ
amane hasuhito,Amane Hasuhito
ask (askzy),質問（Askzy）
toujou sakana,Toujou sakana
miwabe sakura,ミワベ・サクラ
echo saber,エコーセイバー
takayama toshinori,高山toshinori
choco chip,チョコチップ
emurin,エミュリン
nikki kyousuke,ニッキ・キュスケ
tsukasawa takamatsu,高崎高崎
hero neisan,ヒーロー・ナイサン
dayama,ダヤマ
hinagi (fox priest),ひわ（キツネの司祭）
hima,ヒマ
chipa (arutana),チパ（アルタナ）
amagai tarou,アマガイ・タロウ
gachou,gachou
akatsuki hijiri,acatsuki hijiri
kugimiya atsuki,クギミヤ・アツキ
yan (nicknikg),ヤン（nicknikg）
orion (orionproject),Orion（OrionProject）
kyo (kuroichigo),京（黒神）
speedl00ver,speedl00ver
otoi rekomaru,otoi rekomaru
kurot,クロット
shingyou (alexander-13),shingyou（alexander-13）
koi (koisan),koi（koisan）
mafuyu (chibi21),マフユ（chibi21）
kiikii (kitsukedokoro),kiikii（kitsukedokoro）
han (jackpot),ハン（ジャックポット）
sakura hiyori,さくらヒヨリ
danmakuman,ダンマクマン
greatodoggo,greatodoggo
djheycha,djheycha
nigo (aozoragarou),nigo（aozoragarou）
ganesagi,ガネサギ
xter,xter
h kasei,H Kasei
lillly,リリー
ryuki (ryukisukune),リュキ（リュキスクネ）
efukei,efukei
kouda suzu,Kouda Suzu
ro g (oowack),ro g（oowack）
roki (hirokix),roki（hirokix）
namiorii,namiorii
kakizaki (chou neji),カキザキ（chou neji）
matilda fiship,マチルダ・フィッシップ
hisen kaede,Hisen Kaede
kotobuki (momoko factory),コトブキ（モモコファクトリー）
zaxwu,Zaxwu
cloba,クロバ
ebinku,ebinku
terrajin,テラヒン
ssalbulre,ssalbulre
muku (muku-coffee),ムク（ムクコフィー）
takunomi,タクノミ
torino aqua,トリノアクア
yapo (croquis side),ヤポ（クロキス側）
tomohiro kai,トモヒロ・カイ
fuuma nagi,フマ・ナギ
tenmaso,テンマソ
asiri senpai,asiri senpai
tomari (veryberry00),トマリ（velyBerry00）
saitou naoki,Saitou naoki
koumei (twinameless),Koumei（ツイナームレス）
yajirushi (chanoma),Yajirushi（Chanoma）
redlhzz,redlhzz
fumitsuki (minaduki 6),fumitsuki（Minaduki 6）
ginko (silver fox),ginko（シルバーフォックス）
fagi (kakikaki),ファギ（カキカキ）
simoyuki,simoyuki
oda ken'ichi,Oda Ken'ichi
walzrj,walzrj
skeptycally,懐疑的
geshumaro,ゲシュマロ
r-binon,Rビノン
somechime (sometime1209),SomeChime（someTime1209）
okitakung,オキタクン
tajima ryuushi,リュウシ田島
momose (oqo),Momose（OQO）
marota,マロタ
tenten (chan4545),Tenten（Chan4545）
60mai,60mai
miyako hito,ミヤコ・ヒト
shiki (psychedelic g2),シキ（サイケデリックG2）
kadose ara,カドース・アラ
kanden sky,カンデンスカイ
scott malin,スコット・マリン
amano don,アマノ・ドン
chameleon (ryokucha combo),カメレオン（リョクチャコンボ）
warashi,ワラシ
niku (ni23ku),ニク（NI23KU）
papajay (jennygin2),Papajay（jennygin2）
quick waipa,クイックワイパ
nakkar,ナッカル
chiharu (9654784),チハル（9654784）
imamiya pinoko,イマミヤ・ピノコ
kurihara sakura,桜原桜
ougi hina,ウージ・ヒナ
super masara,スーパーマサラ
kink (tortoiseshell),キンク（Tortoiseshell）
kosmos beta,コスモスベータ
skai kun,スカイクン
a.x.,斧。
revolverwing,リボルバーウィング
nilitsu,ニリツ
nico-mo,ニコモ
deras,deras
nia (nia4294),NIA（NIA4294）
ica,ICA
chihiro (kemonomichi),チヒロ（ケモノミチ）
kutsuki kai,Kutsuki Kai
sido (slipknot),sido（スリップノット）
mcgunngu,McGunngu
okuri banto,オクリ・バント
azuki osamitsu,オサミツ島
munakata (sekimizu kazuki),Munakata（Sekimizu kazuki）
enjaku izuku,jaku izuku
yuugen,ユゲン
utsusumi kio,utsusumi kio
fujitaka nasu,藤田nasu
nakabayashi zun,中aishiズン
ryosios,ryosios
suwa yasai,スワヤサイ
kuroi suna,クロイ・スナ
abara heiki,アバラ・ヘイキ
rosuuri,ロスウリ
tata (tataice),Tata（Tataice）
watanon (gakushokutei),ワタノン（gakushokutei）
mitsuba choco,ミツバチョコ
yukie (peach candy),ユキエ（ピーチキャンディ）
subachi,スバチ
yutakasan-love,Yutakasan-Love
maccha (mochancc),Maccha（Mochancc）
amano kouki,アマノ・コウキ
nekoume,ネコーメ
na tarapisu153,Na Tarapisu153
shitacemayo,シタセマヨ
masakichi (crossroad),マサキチ（交差点）
isaki (gomi),イサキ（ゴミ）
kumacchi,クマッチ
nanashino,ナナシノ
shellvi,シェルヴィ
tebi (tbd11),Tebi（TBD11）
ran'ou (tamago no kimi),ran'ou（タマゴ・ノー・キミ）
ai takurou,ai takurou
silly (marinkomoe),愚かな（マリンコモエ）
papino,パピノ
r3dfive,r3dfive
taishi (picchiridou),太道（picchiridou）
tonarikeru,トナリケル
kochiya (gothope),コチヤ（ゴソープ）
ryuuzaki ichi,リュウザキ・イチ
ayakashi (monkeypanch),ayakashi（Monkeypanch）
sora 72-iro,ソラ72-iro
nishihara isao,西原同長
inuinui,inuinui
yamamomo (plank),ヤマモモ（板）
mimikaki (men bow),ミミカキ（男性の弓）
akino sora,アキノソラ
yamada rei (rou),山田rei（rou）
z.taiga,Z.taiga
goe (g-o-e),goe（g-o-e）
gokuu (acoloredpencil),Gokuu（AcoloredPencil）
izumi sai,イズミサイ
meth (emethmeth),メス（emethmeth）
nasuno (nasuno42),nasuno（nasuno42）
yoon cook,ユンクック
masanaga (tsukasa),マサナガ（ツカサ）
cirenk,Cirenk
kokone (coconeeeco),Kokone（Coconeeeco）
mochizuki shiina,モチズキ・シーナ
minashirazu,ミナシラーズ
toshishikisai,トシシキサイ
shintarou,shintarou
shin'yashiki,shin'yashiki
takatisakana,タカティサカナ
janong,ジャノン
shouji nigou,shouji nigou
pop (electromagneticwave),ポップ（電磁波）
tonomiya68,Tonomiya68
tokkyu,トッキュ
tsurusaki yuu,ツルサキユー
chicago-x,シカゴX
taka (takahirokun),タカ（タカヒロクン）
matsuda yuusuke,松田uusuke
aengdohwa,ハナート（seonoaiko）
mappaninatta,マッパニナッタ
haruyuki (gffewuoutgblubh),Haruyuki（gffewuoutgblubh）
po-ju,po-ju
yuuka nonoko,ユウカ・ノノコ
moral cacoethes,道徳的なcacoethes
iwao178,IWAO178
gearous,ギアス
kimura takahiro,木村タカヒロ
helloimtea,helloimtea
c (theta),C（シータ）
kita senri,キタ・センリ
zunkome,Zunkome
sazanami konami,サザナミ・コナミ
shi chimi,シチミ
monobe yuri,モノベユリ
kamiya tomoe,カミヤ・トモエ
atahuta,アタフタ
yudepii,Yudepii
segami daisuke,大segami
tonpuu,トンプー
morii shizuki,Morii shizuki
shinozuka jouji,シノズカ・ジュジ
komakoma (magicaltale),コマコマ（マジカルテール）
suihei sen,suihei sen
kkopoli,Kkopoli
ryota (ry o ta),リョタ（ry o ta）
sankakusui,サンカクスイ
yakihebi,ヤキヘビ
lockheart,ロックハート
miazi,ミアジ
konsai 2,yutazou
metata,メタタ
xiaoxi0619,Xiaoxi0619
fengling (furin-jp),Fengling（Furin-JP）
medu (rubish),Medu（こぶ）
akaneya (akaneya1484),ojo aa
fluffydango,Fluffydango
kurata rine,Kurata Rine
okiraku nikku,沖okiraku nikku
squchan,Squchan
noya makoto,ノヤマコト
fujikawa,藤川
todding,トッディング
tamago (yotsumi works),タマゴ（ヨッツミ作品）
niina ryou,niina ryou
missile228,ミサイル228
unime seaflower,ユニイムシンローロー
kaos art,Kaos Art
tsukui kachou,ツクイ・カチョー
haneru,ハネル
jill 07km,ジル07km
matrix16,Matrix16
tenako (mugu77),テナコ（Mugu77）
san-pon,サンポン
nakayama miyuki,中山miyuki
tateha (marvelous grace),Tateha（素晴らしい恵み）
tsukudani norio,ツクダニ・ノリオ
fuuen (akagaminanoka),フューエン（アカミナノカ）
mitsumomo mamu,三umomo mamu
hanomido,ハノミド
abandon ranka,ランカを放棄します
sapphire (nine),サファイア（9）
shiguma (signalmass),横隔膜（Signalmass）
laserflip,レーザーフリップ
ree (re-19),Ree（Re-19）
oosaka kanagawa,川川川川
mr.romance,ロマンス氏
ryo (botugo),ryo（botugo）
yajuu,ヤジュウ
btmr game,BTMRゲーム
ratatatat74,Ratatat74
nakamura takeshi,中村takeshi
eisu (eith),eisu（eith）
mirai hikari,ミライ・ヒカリ
suruga (xsurugax),Sureuga（Xsurugax）
kayabakoro,カヤバコロ
mobu,モブ
difman,ディフマン
ryeon (naturesan),ライオン（bluetom1）
kuroi susumu,クロイ・ススム
katagiri hachigou,カタギリ・ハチゴウ
madcocoon,マッドココン
ouno (nounai disintegration),ouno（nounai崩壊）
rento (rukeai),レント（rukeai）
shamakho,シャマコ
ajishio,アジシオ
kasugai (de-tteiu),カスガイ（de-tteiu）
sawao,サワオ
dismaiden,Dismaiden
sakura yuki (clochette),さくらユキ（クロセット）
batta (ijigen debris),バッタ（イジゲンの破片）
yuizaki kazuya,ユジャキ・カズヤ
sadamoto yoshiyuki,ヨシユキサダモト
ham (points),ハム（ポイント）
oda non,oda non
kukumomo,ククモモ
dora ita,ドラ・イタ
kyuuba melo,キュウバメロ
mogu (au1127),モグ（au1127）
nyama,nyama
yana (nekoarashi),ヤナ（nekoarashi）
hagure kedama,ケダマをハギュールします
yumiya,ユミヤ
capriccyo,カプリックサイオ
baku-p,Baku-P
otosama,角膜
shigatake,志星
solokitsune,Solokitsune
hioyami,hioyami
feguimel,Feguimel
sunna (nilsunna),スンナ（ニルスンナ）
tukino neru,Tuino Neru
iwamoto eiri,岩本eiri
suke (singekijyosei),スケ（Singekijyosei）
mujinbensin,ムジンベンシン
task (s task80),タスク（Sタスク80）
randomboobguy,randomboobguy
yae (mono110),yae（mono110）
henshako,henshako
saraki,サラキ
lumo 1121,Lumo 1121
takahero,タカヘロ
negresco,ネグレスコ
tomokichi,トモキチ
harunoha,ハルノハ
akaneya,アカネヤ
nekomata naomi,ネコマタ・ナオミ
zd (pixiv6210083),ZD（PIXIV6210083）
sameha ikuya,サミー・イクヤ
hosizora mikoto,Hosizora Mikoto
itinana,モキュタン
chups,チャップ
alakoala,アラコラ
yoshizawa tsubaki,吉沢tsubaki
kerorira,ケロリラ
re:shimashima,Re：島島
mizuki maya,Mizuki Maya
gar32,GAR32
tarakanovich,タラカノビッチ
hamaken. (novelize),ハマケン。 （小説）
ogipote,ogipote
kurashima tomoyasu,トモヤス岸
jiji (aardvark),ジジ（aardvark）
yamasan,ヤマサン
kurotama,黒タマ
daive,ダイブ
myama,宮
yoban,ヨバン
demizu posuka,Demizu Posuka
yan kodiac,ヤン・コディアック
meiji ken,明治ケン
ugatsu matsuki,松井うー
tokiani,トキアーニ
puchiman,プチマン
norza,ノルザ
tyako 089,ティアコ089
blazpu,Blazpu
kakao (chocolate land),カカオ（チョコレートランド）
kotoribako,コトリバコ
shiokonbu,Shiokonbu
tsubasa tsubasa,ツバサ・ツバサ
koume keito,Koume Keito
ka (996beshi),KA（マルコゲダゴ）
panqlao,Panqlao
nikichen,ニキチェン
donmin h,ドンミンh
shennai misha,Shennai Misha
poyo (hellmayuge),ポヨ（ヘルマイジュ）
hayashi kewi,林ケウイ
greenopi,グリーンピ
kutabireta neko,クタビレタネコ
ittla,ittla
miwano rag,ミワノラグ
akisora,アキソラ
shikei,Shikei
konshin,コンシン
inuno rakugaki,innuno rakugaki
nichika (nitikapo),ニチカ（ニティカポ）
yachima tana,Yachima Tana
kibihimi,キビヒミ
con potata,コンポタタ
hijiri (resetter),hijiri（リセッター）
takitarou,Takitarou
kujou ichiso,kujou cichiso
dorontabi,ドロンタビ
irvinetope,ノペトロ
hinata (hinnyata),日向（ユーザーrjkt4745）
risui (suzu rks),risui（鈴RK）
nekobaka,ネコバカ
akou roushi,別名
yuumei,Yuumei
chinomaron,チモマロン
sugimotty nova,Sugimotty Nova
siirakannu,siirakannu
shougun (chuckni1),shougun（chuckni1）
fuchi (nightmare),富士（悪夢）
tsuzuri (tuzuri),ツズリ（ツズリ）
eggman (ni tamagoex),エッグマン（PIXIV28975023）
yujup,yujup
pizza (pizzania company),ピザ（ピザカンパニー）
easonx,Easonx
rucchiifu,rucchiifu
sempon (doppio note),sempon（doppio note）
tenjin hidetaka,Tenjin hidetaka
jndfh,jndfh
selcky,セルキー
sesield,seield
naso4,NASO4
pettan p,Pettan p
yamanokami eaka,ヤマノカミ・イエカ
genek,Genek
nakamura hinato,中村hinato
ji no,jiいいえ
dakku (ogitsune),Dakku（Ogitsune）
tsukumiya amane,ツクミヤ・アマネ
ormille,オーミール
fenyon,フェニヨン
azuuru,アズウル
sei shoujo,sei shoujo
blacksaikou,Blacksaikou
makihitsuji,マキヒツジ
ramanda,ラマンダ
koretsuki azuma,コレツキ・アズマ
maze (gochama ze gohan),迷路（GochamaZeGohan）
asa no ha (awayuki),asa no ha（awayuki）
haruakira,ハルアキラ
klaius,Klaius
yuuki tatsuya,タツヤゆく
tsubasa (abchipika),ツバサ（アブチピカ）
makigai,マキガイ
arim0k0,ARIM0K0
the only shoe,唯一の靴
inishie kumo,イニシー・クモ
iroyopon,iroyopon
sasamori tomoe,ササモリ・トモエ
trefle r,トレフルr
ken (koala),ケン（コアラ）
sakayama shinta,坂下shinta
sage joh,セージジョー
erkaz,エルカズ
yukiwo,ユキウォ
yunkaiming,Yunkaiming
kuroi (liar-player),クロイ（嘘つきプレイヤー）
nannung,ナンノン
tsuno no hito,津波はありません
tama launcher,タマランチャー
nakamura yukitoshi,中村吉海
chomikuplus,chomikuplus
hazuki (nyorosuke),hazuki（nyorosuke）
beifeng han,ベイフェン・ハン
offbeat,オフビート
mumu (mumunyan),ムム（ムムニャン）
koh (minagi kou),Koh（onagi kou）
tsuki tokage,津波トカージ
kutone shirika,クトーネ・シリカ
barbarian tk,野b人TK
nyoro (nyoronyoro000),nyoro（nyoronyoro000）
mitsu (mitsu art),三井（三井芸術）
butter-t,バター-T
miyama-zero,宮田ゼロ
kaminagi (kaminagi-tei),カミナギ（カミナギテイ）
tsurusaki takahiro,ツルサキタカヒロ
wahiko (black bastard),ワヒコ（黒のろくでなし）
teruki kuma,テルキ・クマ
biyon,ビヨン
meng xi xuan,カービーD A
lee mae hyang,RLA13753
popopoka,ポポコ
hashira 14,ハシラ14
koya (koya x 00),コヤ（コヤx 00）
k0ng,k0ng
e volution,進化
tusia,トゥシア
chima q,チマQ
manino (mofuritaionaka),マニノ（モフリタイオナカ）
shin'ya (shin'yanchi),shin'ya（shin'yanchi）
zirba,ジルバ
gorgeous mushroom,ゴージャスなキノコ
ookuma nekosuke,ookuma nekosuke
deego (omochi bazooka),ディーゴ（オモチバズーカ）
core (mayomayo),Core（Mayomayo）
ukokkei,ukokkei
yuano,ユアノ
roswell ss,ロズウェルSS
goki buri,ゴキ・ブリ
langbazi,ラングバジ
mito (go!go!king!),MITO（Go！Go！King！）
himadera,ヒマデラ
sunaba (nczd5875),Sunaba（NCZD5875）
cessa,セッサ
kimishima ao,kimishima ao
boshi (a-ieba),ボシ（a-ieba）
jigatei (omijin),ジガテイ（オミジン）
matemi,マテミ
sakuraba hikaru (loveindog),さくらhikaru（loveindog）
loliconder,ロリコンダー
kirigakure (kirigakure tantei jimusho),kirigakure（kirigakure Tantei Jimusho）
huyandere,Huyandere
kokuzou,kokuzou
osananajimi neko,オサナナジミネコ
daichi (tokoya),daichi（tokoya）
sunaba suzume,Sunaba Suzume
chigasaki yukari,チガサキユカリ
hamada yoshikazu,浜田ヨシカズ
tomozero,トモゼロ
ruton-niki,ルトンニキ
kurasuke,Kurasuke
kanzaki hiro,カンザキ・ヒロ
ninoko,ニノコ
rohitsuka,rohitsuka
mabing,マビング
jema,ジェマ
kuboken,Kuboken
ponponmaru,ポンポンマル
neropaso,ネロパソ
suzutsuki kurara,鈴木kurara
mac star,Mac Star
parari (parari000),parari（parari000）
heriyama,ヘレヤマ
yoruny,ヨルニー
yoshioka yoshiko,ヨシオカヨシコ
flasso,フラッソ
chueog,Chueog
pokachu,ポカチュ
rasukaru,ラスカル
arthur ko,アーサー・コ
itsuka neru,itsuka neru
sakizaki saki-p,坂崎坂p
alexmaster,アレックスマスター
letdie1414,letdie1414
imazon,イマゾン
cyancapsule,CyAcancapsule
aomi riru,aomi riru
wsman,wsman
mdf an,mdf an
pepper0,pepper0
magister,マギスター
mura karuki,ムラカルキ
piyodesu,Piyodesu
colo (nagrolaz),コロ（ナグロラズ）
gouta (nagishiro6624),Gouta（Nagishiro6624）
ruru (rurumagi),ルル（ルルマギ）
ooyun,ooyun
norizou type-r,norizo​​u type-r
yumaru (marumarumaru),Yumaru（Marumarumaru）
keuma,ケマ
takemura sessyu,高村sessyu
f.s.,F.S.
yoshida hideyuki,吉田秀樹
naegi (naegidokoro),ナーギ（ナエギドコロ）
kippu,キップ
ume (plumblossom),ume（plumblossom）
maruto (marutohonpo),yqgkg
3 small spiders,3つの小さなクモ
muu (mumumer),ムー（ママー）
sakuramochi (sakura frappe),さくら（桜のフラッペ）
syunzou,Syunzou
negi (ulog'be),ネギ（ulog'be）
ameto yuki,アメト・ユキ
sawada yuusuke,佐藤uusuke
pot-de,ポットデ
akatsuki akane,アカツキアカン
ikuhashi muiko,井上ムイコ
kokihanada,コキハナダ
yamiochi umekichi,山miochi umekichi
pantsu-ripper,Pantsu-ripper
deku suke,Deku Suke
nathaniel pennel,ナサニエル・ペンネル
okuda yasuhiro,オクーダ・ヤスヒロ
hikage eiji,ハイケージエイジ
kawacy,カワシー
silver (chenwen),シルバー（チェンウェン）
minarai,ミナライ
naoki (2rzmcaizerails6),直島（2rzmcaizerails6）
mofumaa,MAA（Forsythia1729）
ken (coffee michikusa),ケン（コーヒーミチクサ）
calin,カリン
akagi (fmttps),アカギ（fmttps）
kiira,キイラ
jun (aousa0328),6月（aousa0328）
wakamatsu372,wakamatsu372
caisena,カイセナ
nashidrop,ナシドロップ
shirohane maru,シラハマル
shiitake taishi,Shiitake Taishi
mitsugu,ミトゥグ
nephlite,nephlite
senmu (0107),Senmu（0107）
diforland,diforland
syunichi,shunichi
amonitto,アモニット
marumoru,マルモル
rakugakiraid,rakugakiraid
kuppipi ramutarou,Kuppipi Ramutarou
niiya,niiya
baba arumi,ババ・アルミ
miyamoto issa,Miyamoto Issa
ariga hitoshi,アリガ・ヒトシ
limgae,青縁
sakurai makoto (custom size),桜井城（カスタムサイズ）
dantewontdie,Dantewontdie
shigure ryuunosuke,ryuunosukeの震え
flipper,フリッパー
sankuro (agoitei),サンクロ（ageitei）
k mugura,K Mugura
takeda hiromitsu,hiromitsu
kakone,カコーン
torichamaru,トーチャマル
midnight (banyex),真夜中（Banyex）
yue (lov n n),yue（lov n n）
mao lian (nekokao),マオリアン（ネコカオ）
pikaole,ピカール
testa,testa
atte nanakusa,atte nanakusa
yuu (higashi no penguin),Yuu（Higashi No Penguin）
kani bonara,カニ・ボナラ
chiyo (pk19981234),Chiyo（PK19981234）
houzuki (hotondo),Houzuki（Hotondo）
abo (hechouchou),abo（hechouchou）
miyako (naotsugu),ミヤコ（直gu）
hibioes,hibioes
tostantan,トスタンタン
hirune (konekonelkk),Hirune（Konekonelkk）
navy (navy.blue),ネイビー（Navy.Blue）
shokuyou mogura,Shokuyou Mogura
sarukaiwolf,Sarukaiwolf
orinze,オニコッコ
hachiko (hati12),hachiko（hati12）
softmode,ソフトモード
vanripper,ヴァンリッパー
jagaimo (kkamja),ジャガイモ（kkamja）
mashiro aa,マシロア
daimaou ruaeru,daimaou ruaeru
clear glass (mildmild1311),クリアガラス（MildMild1311）
aomushi (mushamusha),青清（ムシャムシャ）
gengorou,Gengorou
lzh,LZH
chihunhentai,チフンテンタイ
guchico,グキコ
mm (mm chair),MM（MMチェア）
rat huang,ラット・ハン
damda,ダムダ
kokukyukeo,kokukyukeo
radish p,大根p
nagu,ナグ
aroma sensei,アロマ先生
tanihara natsuki,田中田中
sparrowl,スパロウル
toudori,トウドリ
hsin,hsin
iroiro yaru hito,イロイロ・ヤル・ヒト
some1else45,some1else45
wada kazu,和田カズ
sabamen,サバメン
makacoon,マカクーン
momendoufu,Momendoufu
raika9,raika9
cross (crossryou),クロス（Crossryou）
emyo,エミョ
hata4564,hata4564
seseren,セセレン
baretto (karasi07),バレット（karasi07）
shimejinameko,shimejinameko
saku (kudrove),サク（クドロブ）
mark gavatino,マーク・ガヴァティーノ
huanxiang huifeng,Huanxiang huifeng
tokunou shoutarou,Tokunou soutarou
nenobi (nenorium),ネノビ（ネノリウム）
bengus,ベンガス
usoneko,ウソネコ
asyura kumo,Asyura kumo
valtor,バルター
amog,amog
pinta (ayashii bochi),ピンタ（ayashii bochi）
gia,gia
massala,マサラ
nuezou,ヌエゾー
satou atsuki,atsuki
shirokitsune,Shirokitsun
serizawa (serizawaroom),セリザワ（セリザワルーム）
egami,egami
himitsu (hi mi tsu 2),himitsu（こんにちはmi tsu 2）
ataru (ataru-littlebird),アタル（アタル - リトルバード）
urutsu sahari,ウルツサハリ
haruki (colorful macaron),丸木（カラフルなマカロン）
koahri,コアリ
leonmandala,レオンマンダラ
tantanmen72,Tantanmen72
mizuga,ミズガ
kinta (distortion),キンタ（歪み）
nakano maru,中野丸
chikado,チカド
magion02,MAGION02
sam yang,サム・ヤン
sugue tettou,サグ・テトゥー
nicchi,ニカ
volkor,Volkor
ikemeru19,ikemeru19
kawachi koorogi,川koorogi
tenchisouha,Tenchisouha
mofu namako,久子ナマコ
kiryu manzoku,キリウマンゾク
try (lsc),try（lsc）
beeeeen,beeeeen
leonat,レオナト
swav,swav
danimaru,ダニマル
tachimi (basue),タチミ（バス）
goyain,ゴヤイン
izumi mahiru,イズミ・マヒル
beudelb,Beudelb
saburou (hgmg),saburou（hgmg）
huanxiang heitu,Huanxiang heitu
regular mow,通常の刈り取り
mak066,MAK066
neco,neco
tokyo (great akuta),東京（グレートアクタ）
sw (taco),SW（タコス）
kougi hiroshi,kougi hiroshi
maki daikichi,マキ・ダイキチ
namonashi,ナモナシ
shan,シャン
edobox,edobox
myusha,ミーシャ
kei (soundcross),kei（soundcross）
artsy-rc,Artsy-RC
masuishi kinoto,キノトを積んだ
hirunagi,hirunagi
ryogo,リョゴ
capura lin,カプラリン
thomasz,トーマス
mana (remana),マナ（レマーナ）
hayama eishi,Hayama eishi
huu (dighapdlxm12),砂糖（DNDI888）
super zombie,スーパーゾンビ
nanohana (november.),ナノハナ（11月）
shizuma yoshinori,ヨシノリ球
retsumaru,Retsumaru
kinbakuman,キンバクマン
kyou (fr39),キョウ（FR39）
suzuho hotaru,スズホ・ホタル
makochan42,Makochan42
dolustoy,ドロストイ
kitajima yuuki,北島ゆく
aduti momoyama,Aduti Momoyama
buran buta,ブラン・ブタ
rella,レラ
radioneet,radioneet
hato haru,ハトハル
kamonari ahiru,カモナリ・アヒル
shuga (soranote),shuga（ソラノート）
sadahiro (chicken nugget gyuuniku aji),サダヒロ（チキンナゲットギューニクアジ）
nagasioo,ナガシオー
yuran,ユラン
noumen,noumen
shift (waage),シフト（ウェージ）
dduck kong,Dduck Kong
birii,birii
judo fuu,柔道フー
shuvi (shuvi1125),shuvi（shuvi1125）
dema hmw,デマHMW
mocchi (mocchichani),モッキ（Mocchichani）
jilu,ジル
kohsaka jun,kohsaka jun
gogalking,ゴーガルキング
nero augustus,ネロ・オーガスタス
kabuyama kaigi,Kabuyama Kaigi
rkrk,rkrk
kaoling,カオール
j@ck,J@ck
nonaka ritsu,Nonaka ritsu
kaname aomame,kaname aomame
zol,ZOL
ao usagi,ao uasagi
wanaata,ワナタ
wasabi (legemd),わさび（レグムド）
eiwa,eiwa
rasusurasu,ラススラス
ahenn,アセン
kasuga yuuki,王国ゆく
tiihatanono,ティハタノノ
ai-wa,ai-wa
senzyu (snz0),senju（snz0）
atoki,atoki
shakemi (sake mgmgmg),shakemi（日本酒mgmgmg）
amashiro natsuki,アマシロ・ナツキ
hane yuki,ハーンユキ
gatchan,ガッチャン
oza osuwari,オザ・オスワリ
yuihico,ユイヒコ
hoshino ouka,Hoshino Ouka
bonkara (sokuseki maou),ボンカラ（Sokuseki Maou）
nemo (leafnight),ネモ（リーフナイト）
haganef,ハガネフ
yzr (yzr99),YZR（YZR99）
mikagami sou,ミカガミソー
kodachi (kuroyuri shoukougun),コダチ（Kuroyuri shoukougun）
aoi ogata,aoi ogata
aramori susumu,アラモリ・ススム
redjuice,Redjuice
ootsuka shin'ichirou,Ootsuka shin'ichirou
muryotaro,Muryotaro
zakusi,ザクシ
suzushiro kurumi,クルミスズシロ
buriki,ブリキ
weno,ウェノ
island (kossori),島（コッソリ）
takamine nadare,タカミン・ナダレ
kame (3t),KAME（3T）
kienbiu,Kienbiu
tiv,tiv
throtem,Throtem
yamasaki wataru,山崎ワタル
tappa (esperanza),タッパ（エスペランザ）
gustav (telomere na),グスタフ（テロメアna）
gin'you haru,gin'you haru
oda takayuki,oda takayuki
ayato,アヤト
9ml,9ml
dyson (edaokunnsaikouya),ダイソン（edaokunnsaikouya）
feral lemma,野生の補題
sawayaka samehada,sayayaka samehada
arizuka (catacombe),アリツカ（カタコンベ）
hyakumangoku masurao,Hyakumangoku Masurao
sixten,シックステン
glitchedpuppet,GlitchedPuppet
kairakuen umenoka,カイラクエン・ウメノカ
luminyu,ルミニュー
kagami uekusa,華子川
fouriasensei,fofiasensei
shounen (hogehoge),shounen（Hogehoge）
lao meng,ラオメン
azuma yuki,あらゆるユキ
hinata yuu,日向ユウ
sasayuki,佐々木
faustsketcher,faustsketcher
shamo (koumakantv),シャモ（koumakantv）
hashi,橋
lam (ramdayo),ラム（ラムダヤ）
fantongjun,ファントジュン
kinoshita ichi,キノシタイチ
ichiyou moka,echiyou moka
nyororiso (muyaa),nyororiso（Muyaa）
haraya manawari,ハラヤ・マナワリ
naufaldreamer,ナウファルドリーマー
nekoguruma,ネコグルマ
hi (ibisf5umauma),こんにちは（ibisf5umauma）
hitomaru,hitomaru
devilukez,デビルケス
john kafka,ジョン・カフカ
takehana note,Takehanaノート
akita hika,秋田hika
akitokage,アキトケージ
miri (cherryjelly),ミリ（チェリージェリー）
nagayori,ナガヨリ
marugoshi teppei,マルゴシティペイ
shichigatsu,シチガツ
bakkanki,バッカンキ
pomelomelon,ポメロメロン
takamichi,高知
far tarooo,harutarou（orion 3boshi）
niko (tama),ニコ（タマ）
baram,バラム
nvl,NVL
tamayan,タマヤン
love cacao,カカオが大好きです
monrooru,モンルー
tsukemon,ツケモン
utsurogi angu,utsurogi angu
wataame27,wataame27
sasaki mutsumi,ササキムッツミ
e10,E10
kannari,カンナリ
yomogi (black-elf),ヨモギ（ブラックエルフ）
amane ruri,アマネ・ルリ
sakai kyuuta,サカイ・キューータ
mountain han,マウンテンハン
nyan (reinyan 007),ニャン（レイニャン007）
muromaki,ムロマキ
lm7 (op-center),LM7（op-center）
ikeda jun (mizutamari),池田ジュン（ミズタマリ）
lewdamone,ルーダモン
raiou,raiou
isegawa yasutaka,YEGAWA YASUTAKA
kanzaki muyu,かんっこムユ
sukage,スカージ
sanshoku amido,Sanshoku Amido
nat the lich,ナットザ・リッチ
qosic,Qosic
kuresento,kuresento
ina (gokihoihoi),ina（gokihoihoi）
shugao,shugao
disco brando,ディスコブランド
l hakase,lハカゼ
blackbox (blackbox9158),Blackbox（blackbox9158）
ehrrr,ehrrr
tea (nakenashi),お茶（ナケナシ）
solar (happymonk),ソーラー（HappyMonk）
asada hachi,アサダ・ハチ
errant,誤り
sen (sansui),セン（サンシュイ）
tobi (one),トビ（1）
yu yu,Yu Yu
nabeshima tetsuhiro,ナベシマテツヒロ
gunp,ガンプ
alexander dinh,アレクサンダーディン
pizzasi,ピザ
es (eisis),es（eisis）
hanada yanochi,ハナダヤノチ
yuzuki gao,Yuzuki Gao
ark kan,アーク・カン
tachitsu teto,TACHITSU TETO
komori kei,コモリ・ケイ
ebifly,evifly
sekira ame,Sekira Ame
samidare (hoshi),Samidare（Hoshi）
amedamacon,アメダマコン
tadano magu,タダノ・マグ
mirei,ミレイ
yamada (gotyui),山田（gotyui）
kinmedai pink,親族ピンク
sen (sen0910),SEN（sen0910）
achiki,アチキ
chimunge,チムンジ
mil (xration),mil（xration）
nikaidou kou,nikaidou kou
ponytail korosuke,ポニーテールコロスケ
kishiyo,kishiyo
kedamono kangoku-tou,Kedamono Kangoku-tou
torii sumi,トーリsumi
osisio,オシオ
the atko,アトコ
park ongjol,パークオングジョル
youta,Youta
kisaragi kaya,Kisaragi Kaya
sekai saisoku no panda,Sekai Saisoku No Panda
tamagogayu1998,Tamagogayu1998
arikawa satoru,arikawa satoru
shironeko yuuki,シロネコユーキ
piukute062,piukute062
nucomas,ヌクマ
tsurukame,ツルカメ
wacchi,四肢
romi (346 ura),ロミ（346 URA）
mike inel,マイク・イニエル
kilesha,キレシャ
suien,スイーン
zuizi,ズジ
rise (rise19851203),Rise（Rise19851203）
ziro (zirorong),Ziro（Zirorong）
mizuta kenji,ミズタ・ケンジ
hitec,ハイテック
artsheops,アートシェープ
mon momu,モンモム
andava,andava
chocolat (momoiro piano),ショコラ（モモイロピアノ）
erica (naze1940),エリカ（naze1940）
naruko hanaharu,漢字奈良
neko neko koneko,Neko Neko Koneko
landacdeus,ランダクデウス
kalmahul,カルマフル
yuuji overall,ゆう全体
q (ed69),Q（ED69）
oomori (kswmr),oomori（kswmr）
shingyouji tatsuya,shingyuji tatsuya
okama,岡
cccpo,CCCPO
shiren (ourboy83),Shiren（Ourboy83）
yokota mamoru,横山村
sana (37pisana),サナ（37pisana）
chuunioniika,Chuunioniika
ama-tou,ama-tou
shinjitsu no kuchi,清uchi no kuchi
makio (makiomeigenbot),マキオ（Makiomeigenbot）
kamo kamen,カモ・カメン
sorai shin'ya,Sorai Shin'ya
sato ame,佐藤ame
woofycakes,ウーセーキ
funitarefu,Funitarefu
ebizome,eBizome
suisogenshi,suisogenshi
hakika,ハキカ
tina fate,ティナの運命
niwatori kokezou,niwatori kokezou
yuuyu (777),ユウユ（777）
maruto!,マルート！
kazenoko,カゼノコ
yunekoko,ユネココ
makoto daikichi,四肢大子
momozu komamochi,コマモチモズ
suna (s73d),SUNA（S73D）
ranf,ranf
sheita,sheita
inuyama nanami,犬山ナナミ
akisome hatsuka,Akisome Hatsuka
min-naraken,ミンナラケン
a1u,aiu。
amania orz,アマニア・オルツ
weisuoxin,ワイソオキシン
enpe,enpe
marushin (denwa0214),マルシン（denwa0214）
natsu no koucha,ナツー・ノー・クシャ
hitoto,hitoto
rerrere,rerrere
kotatu (akaki01aoki00),kotatu（akaki01aoki00）
tadano kagekichi,Tadano Kagekichi
murata yuusuke,村田uusuke
merrytail,メリーテール
kaede (mmkeyy),Kaede（mmkeyy）
gentle sasaki,穏やかな佐々木
kuronuko neero,ornuko neero
harunatsu akito,月井秋も
muramasa mikado,ムラマサミカド
kanaria hisagi,カナリア・ヒサギ
urabi (tomatohouse),ウラビ（トマトハウス）
gin00,gin00
nejikyuu,nejikyuu
piyopoyo,ピヨポヨ
kobaji,コバジ
beleven,ベレブン
siiqa vivi,vivi（イブいいえハコニワ）
anonymous (japanese),匿名（日本語）
branch (blackrabbits),ブランチ（ブラックラビット）
kamioka shun'ya,カミオカ・シュンヤ
trente,トレント
tatahai,タタハイ
shizuna kaede,shizuna kaede
ruri rarako,ルリ・ララコ
sho-n-d,sho-n-d
tenneko yuuri,テネコユウリ
niy (nenenoa),niy（nenenoa）
naoto (tulip),直角（チューリップ）
kawagishi keitarou,Kawagishi keitarou
sumisu (mondo),スミス（モンド）
sakuragi ren,桜木ren
amasawa natsuhisa,アマサワ・ナツヒサ
mizuki kotora,ミズキ・コトラ
pudding (skymint 028),プリン（Skymint 028）
maeshima shigeki,Maeshima Shigeki
kamidan,カミダン
alto2019,ALTO2019
ferret-san,フェレットさん
ebonyxh,ebonyxh
47agdragon,47Agdragon
shiratsuki shiori,Shiratsuki Shiori
redkite333,点火
sbs,SB
betock,betock
aleriia v,Aleriia v
takano yuki (allegro mistic),高野ゆく（アレグロミスチック）
srpzk,srpzk
fakepucco,fakepucco
koyashaka,コヤシャカ
kuuchuu yousai,kuuchuu yousai
kieed,キード
tetsurou (fe+),tetsurou（fe+）
258n,258n
rob ishi,ロブ・イシャ
in (ain),in（ain）
snm (sunimi),SNM（Sunimi）
hachi (chihagura),ハチ（チハグラ）
ayasugi tsubaki,ayasugi tsubaki
gggg,gggg
zurikishi,Zurikishi
nekoshoko,ネコシコ
mitomumitomu,Mitomumitomu
shamu (peach11 01),Peach11 01
nekomamire,ネコマミア
shimadoriru,シマドリル
shin'ya (nanp),shin'ya（nanp）
ast,AST
hoshi (snacherubi),hoshi（snacherubi）
shishi juuroku,柔術下
nishizawa,西沢
kisairo kaede,キサイロ・カエデ
nauribon,ナウリボン
kyou 039,キョウ039
maruro,マルロ
poco (asahi age),ポコ（アサヒ時代）
moekibara fumitake,Moekibara Fumitake
kabaji,カバジ
sasai saji,ササイサジ
silverxp,silverxp
n:go,n：行く
funamushi (funa),Funamushi（Funa）
yetworldview kaze,まだworldview kaze
yukineko1018,Yukineko1018
cyicheng,Cyicheng
akiman,Yasuda Akira
huqu,huqu
minosu,ミノス
pako (pousse-cafe),パコ（Pousse-cafe）
ikegami akane,アイケガミアカネ
hakonnbo,ハコンボ
tokonone,トコノン
hanada hyou,ハナダ・ヒョウ
raigou,raigou
oyatsu (mk2),大谷（mk2）
jouzaburou (joe3),jouzaburou（joe3）
shiroshisu,shiroshisu
shirogane hina,シロガネ・ヒナ
ikazu401,Ikazu401
caidychen,カイディチェン
comah,コマ
kita (kitairoha),キタ（kitairoha）
xo (xo17800108),xo（xo17800108）
zono (inokura syuzo029),ゾノ（inokura syuzo029）
can (canzume),缶（canzume）
ya-man,Ya-man
yutsu,ゆい
t k g,T k g
arutera,アルテラ
ld (luna dial398),ld（luna dial398）
lynus,リノス
purin jiisan,プリンジーサン
kantarou (8kan),カンタロウ（8kan）
abazu-red,Abazu-Red
chamchami,チャムチャミ
pumpkinpan,パンプキンパン
akabane (zebrasmise),アカバネ（ゼブラスミーズ）
nakano sora,中野ソラ
kaguyuzu,kaguyuzu
ruhika,ルヒカ
inugami kira,inugami kira
zawameki,ザワメキ
ayuma sayu,ayuma sayu
keisea,ケイシア
kyokucho,京芸
bekotarou,Bekotarou
gulp5959,gulp5959
masa masa,マサマサ
kito (sorahate),キト（ソラヒート）
sebu illust,セブラスト
nav (itsnav),nav（itsnav）
tomajiyama,トモジヤマ
kinocopro,キノコプロ
tabigarasu,タビガラス
sukemyon,スケミオン
kazuma kaneko,カズマカネコ
gijang,ジジャン
coldcat.,コールドキャット。
micosiva,ミコシバ
wakuta chisaki,ワクタチサキ
saku anna,サク・アンナ
h2so4,H2SO4
fuusuke (fusuke208),福（fusuke208）
furau,フラウ
mabanna,マバンナ
otokamu,otokamu
cyclone (reizei),サイクロン（reizei）
sa-ya2,sa-ya2
anzu ame,Anzu Ame
yewang19,yewang19
shundou heishirou,Shundou Heishirou
hime takeo,hime takeo
gin moku,ジン・モク
ringo sui,リンゴ・スイ
kannatsuki noboru,カンナツキノボル
ubanis,ウバニス
arsenixc,arsenixc
mel/a,メル/a
c-button,Cボタン
valefal coneri,Valefal Coneri
yourfreakyneighbourh,あなたのフレアイン
mataichi mataro,マタイチマタロ
itolife,itolife
keihh,keihh
conto,コント
nishida asako,麻木西田
itohana,itohana
hagiya masakage,hagiya masakage
niwashiro,z-epto（chat-noir86）
chata maru (irori sabou),チャタマル（Irori Sabou）
ko yu,Ko Yu
saku (osake love),サク（オセケラブ）
tokumi yuiko,東京ユイコ
pupps,子犬
kanna (plum),カンナ（プラム）
mikeran (mikelan),ミケラン（ミケラン）
onedoo,onedoo
satoupote,satoupote
ayase hazuki,アヤゼ・ハズキ
besmiled,busmiled
aumann,オーマン
sp0i0ppp,sp0i0ppp
megahiyo,メガヒヨ
spykeee,スパイキー
leogust,regogust
ken (shutenndouji1),Ken（Shutenndouji1）
kat (bu-kunn),キャット（bu-kunn）
okitsugu,沖U
pepe (jonasan),ペペ（ジョナサン）
saeki sora,Saeki Sora
karasusou nano,Karasusou nano
ame (amechan17391739),AME（AMECHAN17391739）
lamb (hitsujiniku),子羊（sujiniku）
kouda tomohiro,Kouda Tomohiro
inoshira,イノシラ
shigure ui,シギュアUI
saeki tatsuya,Saeki Tatsuya
tsukino (nakajimaseiki),ツキノ（ナカジマセイキ）
jiru (jirufun),ジル（ジルフン）
teranen,テラネン
tama (soon32281),タマ（SOON32281）
yamamoto arifred,山本アリフレッド
yagami (mukage),Yagami（Mukage）
mizuki (flowerlanguage),ミズキ（フラワーランゲージ）
shun (rokudena-shi),shun（rokudena-shi）
fujishima shinnosuke,藤島属
mukka,ムッカ
takemori shintarou,高星のshintarou
kuroonehalf,クルーンハルフ
imigimuru,イミギムル
koyama hirokazu,小山hirokazu
owasaki,owasaki
takaya n,高山n
tachibana roku,タチバナロク
wasabi60,wasabi60
henriiku (ahemaru),Henriiku（Ahemaru）
taiki (6240taiki),タイキ（6240taiki）
nyaa (nnekoron),Nyaa（Nnekoron）
shinomu (cinomoon),シノム（シノムーン）
sonao,ソナオ
irohara,イロハラ
vent arbre,ベントアーブル
go-1,go-1
mamimi (mamamimi),マミミ（ママミミ）
noukatu,ヌカツ
maccha,マッカ
interstellar,星間
kyousaru,kyousaru
yuama,ユマ（ドロップ）
top-exerou,トップエクセロ
igayan,イガヤン
kotobuki (stealth sendan),コトブキ（ステルスセンダン）
kion-kun,Kion-Kun
beritabo,ベリタボ
kobamiso (kobalt),コバミソ（コバルト）
namiki (remiter00),namiki（Remiter00）
kaedeko (kaedelic),Kaedeko（Kaedelic）
bae.c,BAE.C
karamoneeze,Karamoneeze
ry (yagoyago),ry（yagoyago）
pandea work,パンデアの仕事
hogeroh,Hogeroh
1ssakawaguchi,1Ssakawaguchi
magowasabi,マゴワサビ
p19,p19
chocomiru,チョコミル
bitseon,ビチオン
carlo montie,カルロモンティー
ment,メント
shooka,o（rakkasei）
sob (submar1089),sob（submar1089）
kujira naoto,Kujira Naoto
silvertsuki,Silvertsuki
mapar,Mapar
circussion,回心
shouji ayumu,ayumu
siraha,シラハ
mochiyuki,モチユキ
panties (pantsu-pirate),パンティー（パンツパイレート）
dodai shouji,ドーダイ・ショウジ
durindana 7,Durindana 7
nez-box,ネズボックス
shinmai (kyata),shinmai（Kyata）
goomrrat,Goomrrat
suzaku (zaku6584),スザク（Zaku6584）
moshimoshibe,Moshimoshibe
udon entertainment,ウドンエンターテインメント
leon (mikiri hassha),レオン（ミキリ・ハッシャ）
shu-mai,shu-mai
suichuu hanabi,Suichuu Hanabi
philipp urlich,フィリップ・ウルリッチ
flippy (cripine111),Flippy（Cripine111）
simao (x x36131422),Simao（x x36131422）
efreezerarts,efreezerarts
georugu13,Georugu13
marimo danshaku,マリモ・ダンシャク
aoi manabu,aoi manabu
hanamiya natsuka,ハナミヤ・ナツカ
abbystea,アビーステア
yuugo (atmosphere),ユウゴ（大気）
ichizen (o tori),ICHIZEN（O Tori）
chomoran,チョモラン
noto kurumi,Noto kurumi
tatami to hinoki,タータミからヒノキ
salmon88,salmon88
marisasu (marisa0904),Marisasu（Marisa0904）
accio,Accio
hiiragi hazime,hiiragi hazime
tsuutenkaaku,Tsuutenkaaku
cocozasa,ココザサ
119,119
mizukoshi (marumi),ミズコシ（マルミ）
heebee,ヒービー
nekofish666,nekofish666
melaton,メラトン
kohinata hoshimi,コヒナタ・ホシミ
jaku sono,ヤクソノ
ayul (ayulneri 92),ayul（ayulneri 92）
ninimo nimo,ニニモニモ
kiman,キマン
yoshida keiji,ヨシダケジ
hoppege,ホッページ
shirosuzu,shirosuzu
cherry-gig,チェリーギグ
shinozuka atsuto,Shinozuka atsuto
shino (eefy),シノ（efy）
hyanna-natsu,ハイナナツ
asatsuki (fgfff),麻酔（fgfff）
nabe puyo,nabe puyo
shiraue yuu,Shiraue Yuu
kisaragi yuu (fallen sky),kisaragi yuu（fallen sky）
sasahara yuuki,ササハラユーキ
datemegane,Datemegane
yaruku,ヤルク
toho10min,toho10min
reel (riru),リール（リル）
midori foo,ミドリフー
tidsean,Tidsean
nekozuki yuki,ネコズキゆず
ncontrail (mgax7527),ncontrail（mgax7527）
teranekosu,Teranekosu
dandara (karakure),ダンダラ（karakure）
fbc,FBC
haruyuki (yukichasoba),春野（Yukichasoba）
salt (salty),塩（塩辛い）
yasojima nejiro,Yasojima Nejiro
bukimi isan,ブキミ・イサン
mibry (phrysm),ミブリー（phrysm）
yana mori,ヤナ・モリ
takahashi tetsuya,高橋tetsuya
satomura kyou,サトムーラ・キョウ
kobayashi yuuji,小林ユウジ
d-m (dii emu),D-M（dii emu）
nian (zhanian),ニアン（Zhanian）
tunamayo (dsasd751),Tunamayo（DSASD751）
hijikawa arashi,ヒジカワ矢沢
km yama,km yama
lemontyoisy r18,lemontyoisy R18
liduke,リドケ
soresaki,ソレサキ
mizunashi (second run),水田（2回目）
mosako,モサコ
aoi aruma,aoi aruma
mimofu (fullhighkick),ミモフ（フルハイキック）
suou-sensei,suou-sensei
hominamia,人類
aposine,アポシン
kuurunaitsu,クルナイツ
paddy field,水田
isuka,イスカ
yagi2013,Yagi2013
hirowa nagi,ヒロワ・ナギ
automatic giraffe,自動キリン
st.germain-sal,St.Germain-Sal
nagayama yuunon,ナガヤマユノン
tokoroten (hmmuk),トコロテン（うーん）
sekihan,セキハン
kusano (torisukerabasu),クサノ（トリスケラバス）
tekehiro,テケヒロ
fujikawa daichi,藤川daichi
mayogii,マヨギリ
hana mori,ハナ・モリ
mizutama,ミズタマ
tnr (horiko1525),TNR（Horiko1525）
keita naruzawa,keita naruzawa
yokoshima (euphoria),横島（陶酔）
monchan rev3,Monchan Rev3
uzuki mei,ウズキ・メイ
zellam,ゼラム
zenrakishi,Zenrakishi
jinkei,コシカ・リナ
kamata yuuya,カマタ・ユウヤ
nanaken nana,ナナケン・ナナ
dyun,ダウン
urode,ウロード
13 (spice!!),13（スパイス!!）
nnyara,nnyara
shiba itsuki,シバ・イシュキ
suterii,suterii
olchas,オルチャス
soramuko,ソラムコ
natuna natu,ナツナ・ナツ
kshimu,Kshimu
sekiya asami,Sekiya asami
kurono yuzuko,Yuzuko Kurono
orihi chihiro,オリヒチヒロ
ryou-san,リュウさん
tama (hiroshige 36),タマ（ヒロシゲ36）
shinmon akika,シンモン・アキカ
dismassd,smosassd
yoko juusuke,ヨーコヨークケ
muoto,ムオト
goldowl,ゴルダウル
kaptivate,Kaptivate
fujieda uzuki,藤田うずキキ
denhijou niki,デニジョー・ニキ
watsuki ayamo,ワツキアヤモ
enami katsumi,katsumi enami
yaman,ヤマン
loodncrood,loodncrood
lilish,リリッシュ
thanabis,タナビス
takara akihito,タカラ・アキヒト
fud,fud
ireading,イレディング
knifedragon,ナイフェドラゴン
shuuko (s h uuko),shuuko（s huuko）
vitaminechan,Vitaminechan
neruzou,neruzou
signalviolet,SignalViolet
kanekiyo miwa,Kanekiyo Miwa
asterisk kome,アスタリスクkome
tsukinami kousuke,kousuke島
akaneko (redakanekocat),アカネコ（redakanekocat）
kazetto,カゼット
muroku (aimichiyo0526),ムロク（aimichiyo0526）
kazu (muchuukai),カズ（Muchuukai）
endou hiroto,endou hiroto
ddangbi,ddangbi
toriniku senshi chikinman,トリニクセンシチキンマン
dakemakura-koubou,Dakemakura-koubou
kokka han,コッカ・ハン
daisi gi,daisi gi
take shinobu,忍を取ります
gurimjang,グリムジャン
akaoni (zumt3548),アカオニ（zumt3548）
maullarmaullar,Maullarmaullar
wewe,wewe
kataokasan,カタオカサン
saeki hokuto,Saeki Hokuto
fuumi (radial engine),フーミ（放射状エンジン）
ayanakitori,アヤナキトリ
kawaruhi,カワルヒ
kon-kit,kon-kit
gintarou (kurousagi108),Gintarou（Kurousagi108）
everyntrge,Everyntrge
hamushima,月島
nanashii (soregasisan),nanashii（soregasisan）
rei kun,レイ・クン
frfr,FRFR
jiroo,ジルー
yasuda suzuhito,Yasuda Suzuhito
tamu (mad works),タム（マッドワークス）
kakiko210,kakiko210
syatey,Syatey
kippuru,キプル
shiki (shikki46),シキ（shikki46）
akane souichi,アカネ・ソイチ
suiso (owp),スイソ（OWP）
reinama,ラインマ
gojarun,ゴジャルン
sakura no tomoru hi e,さくらnoトモールこんにちはe
fuwa daisuke,フワ・ダイズケ
ikeshita moyuko,イケシタモユーコ
watarase piro,ワタラーゼピロ
meion,メオン
mochitose aguri,ソクラ（モキチトース）
deel (rkeg),ディール（rkeg）
yamano rokamizu,ヤマノ・ロカミズ
ddal,ddal
fuooooo,fuooooo
tyrone,タイロン
tem10,TEM10
om (nk2007),OM（NK2007）
shipii (jigglypuff),shipii（jigglypuff）
nonoyama,ノーヤマ
obui,obui
katagiri hinata,カタギリ・ヒナタ
sasairebun,Sasairebun
maou alba,Maou Alba
rikuguma,rikuguma
vivo (vivo sun 0222),vivo（vivo Sun 0222）
shaggy susu,シャギーソス
kuhotaka,kuhotaka
inutose,イントス
chicke iii,Chicke III
umakuchi shouyu,umakuchi shouyu
bbc-chan,BBC-chan
maru ccy,マルCCY
akira (coffee curry),アキラ（コーヒーカレー）
nekono rin,ネコノリン
robaco,ロバコ
zepher (makegumi club),Zepher（Makegumi Club）
nana g,ナナg
ushiki yoshitaka,ユシキヨシタカ
potg (piotegu),potg（piotegu）
cowfee,カウィー
asuzemu,Asuzemu
meng ziya,Meng Ziya
yotsumi shiro,ヨッツミシロ
wajuniorbox,wajuniorbox
porqueloin,ポルケロイン
himegi,ヒメギ
sollyz,Sollyz
koikawa minoru,小川minoru
fizintine,フィジンティン
huangdanlan,Huangdanlan
aoki ume,青木うー
kazepana,カゼパナ
picter,ピッター
matsushita yuu,松田ゆう
sawaya (mizukazu),サワヤ（ミズカズ）
rafaelaaa,ラファエラア
greenmarine,グリーンマリン
kazuharu kina,カズハルキナ
unsfrau,unsfrau
ao oni (onioni-aoi),ao oni（onioni-aoi）
shigure s,シギュアs
kugelschreiber,Kugelschreiber
sakura chiyo (konachi000),さくらchiyo（konachi000）
sanpachishiki (gyokusai-jima),Sanpachishiki（Gyokusai-Jima）
gomipomi,ゴミポミ
akino komichi,komichi
dangomushi,dangomushi
kuro yuzu,クロユズ
incase,万一に備えて
hiyuu (hiyualice),hiyuu（hiyualice）
ichika (ichika87),Ichika（Ichika87）
hazuki natsu,natsu hasu
lufi ays,lufi ays
matanukinuki,マタヌキ
ryunnu,リュンヌ
aikome (haikome),aikome（haikome）
powerlesssong,Powerlesssong
brikot,ブリコット
moribuden,モリブデン
mile (off8mile),マイル（8mileオフ）
rimuu,リムー
gzei,gzei
nagi ryou,ナギ・リョウ
maruma (maruma gic),マルマ（マルマGIC）
nokoppa,ノコッパ
547th sy,547th sy
hatoyama itsuru,ハトヤマituru
nanahime,ナナヒメ
junkpuyo,junkpuyo
sama samasa,サマサマサ
yamaguchi yuu,山口ユー
honkawa works,Honkawa Works
ponsuke (pon00000),ポンセ（pon00000）
ruteko (ruko220),ruteko（ruko220）
murakami yuichi,村上ゆみ
mizuhara yuu,ミズハラユー
nanana (nanana iz),ナナナ（ナナナIZ）
man (man-room),男（男室）
yagi (ningen),Yagi（Ningen）
momoji (lobolobo2010),モモジ（lobolobo2010）
junpaku karen,Junpaku Karen
tonbi,トンビ
bomber grape,爆撃機のブドウ
yuasan,Yuasan
hitowa,ヒトワ
domo (domo kizusuki),Domo（Domo kizusuki）
arimura yuu,Arimura Yuu
izuoku,イズオク
qing wu,清ウー
aohashi ame,八田ame
so-bin,SO-BIN
maiqo,マイコ
agetama,アジェタマ
tokyogenso,Tokyogenso
airisubaka,airisubaka
mizukikushou,Mizukikushou
morizono shiki,モリゾノシキ
luxuriou s,豪華な
benitama,ベニタマ
nekopuchi,nekopuchi
mutsu (layergreen),ムッツ（レイエルガリーン）
hirai yuzuki,ヒライ・ユズキ
kanola u,カノラu
kobinbin,コビンビン
siw0n,siw0n
morino donguri,モリノ・ドンリ
yuki (asayuki101),ユキ（asayuki101）
nohito,ノヒト
rangu,rangu
nemu (nebusokugimi),nemu（nebusokugimi）
kago no tori,kago no tori
comiching,コミッチ
putcher,パッチャー
kaoming,Kaoming
unadon,ウナドン
chorimokki,チョリモッキ
onineko-chan,onineko-chan
shigetake (buroira),シゲタケ（ブロイラ）
ishida umi,石田umi
starblame,スターブラメ
rum raisin (chihiromakita19),ラムレーズン（Chihiromakita19）
kirishima riona,京島riona
ankkoyom,ankkoyom
rioka (southern blue sky),rioka（サザンブルースカイ）
hakai shin,ハカイシン
horikou,Horikou
chitosezaka suzu,チトセザカスズ
hashimoto takashi,橋本高橋
hijiri tsukasa,ヒジリ・ツカサ
randou,ランドゥ
sayakata katsumi,katsumiのさび
unacchi (nyusankin),ukchi（nyusankin）
kamuraaa 615,カムラア615
z282g,Z282G
inamori ryusa,イネイダ・ケイ
naitou kouse,naitou kouse
criin,クリイン
diisuke,ディイズケ
mamiyama,マミヤマ
motomiya mitsuki,Motomiya Mitsuki
yostxxx,yostxxx
aetherion,エーテル
aida takanobu,アイーダタカノブ
zero130rider,zero130
kazaana,カザナ
thor (deep rising),トール（深い上昇）
ranma (kamenrideroz),らんま（Kamenrideroz）
minami koyogi,ミナミ・コヨギ
lulu-chan92,lulu-chan92
myuu (arisumeria),myuu（arisumeria）
nonoririn,ノンリリン
mizushina minato,ミズシナ港
kurogarasu,黒子
ichikawa masahiro,一川城
mikage sekizai,Mikage Sekizai
teruui,Teruui
moudoku (decopon3rd),moudoku（decopon3rd）
pole (ppp1409),ポール（PPP1409）
hama! (3toshinhmkz),ハマ！ （3toshinhmkz）
kuroshinki,黒子
haruneharu,ha-ru
sorapoi,ソラポイ
kim eb,キムEB
sakiyo cake,サキヨケーキ
samegami,サメガミ
jadenkaiba,ジャデンカイバ
nixeu,nixeu
sakurame,sakurame
tsukumizu,ツクミズユー
curse (023),呪い（023）
kani fish,カニフィッシュ
nakaaki masashi,中谷城
sakakiba misogi,サカキバ・ミソギ
goom (goomyparty),Goom（Goomyparty）
tsukikage oyama,ツキケージ・オヤマ
satsuki neko,satsuki neko
racchi.,ラシュ。
aki (akikaze asparagus),aki（Akikaze asparagus）
bifidus,bifidus
monorus,モノラス
10mo,10mo
doran (doran7280),ドーラン（doran7280）
lds (dstwins97),LDS（DSTWINS97）
folks (nabokof),人々（nabokof）
murakami hisashi,ムラカミ島
pukara,プカラ
inoue takuya (tactactak),Inoue Takuy​​a（Tactactak）
nidaime (doronbo),nidaime（doronbo）
moribe (rabumanyo),モリベ（ラブマニョ）
ueda ryou,上田は
se-u-ra,se-u-ra
ray-k,レイ-K
tokita monta,トキータ・モンタ
fusenryo,フューセンリオ
ekao,エカオ
ursica,ウルシカ
sgk,SGK
dav-19,DAV-19
fei (maidoll),Fei（Maidoll）
harukaze unipo,Harukaze Unipo
hadashi no kenji,ハダシノーケンジ
gin (shioyude),ジン（shioyude）
elleciel.eud,Elleciel.eud
jan azure,ヤン・アズレ
marui koishi,マルイ・コイシ
uousa-ou,uousa-ou
ikeda ruriko,Ikeda Ruriko
hebitsukai-san,ヘビツカイさん
toridamono,トリダモノ
ichikawa haru,haru（hiyori-kohal）
turisasu,トゥリサス
cosmic (crownclowncosmic),Cosmic（CrownClownCosmic）
fadingz,フェーディンツ
nidy,ニディ
hyudora,ヒュドラ
tetsujin momoko,Tetsujin Momoko
aoba (smartbeat),aoba（smartbeat）
ano (gccx8784),ano（gccx8784）
bseibutsu,bseibutsu
dakusuta,ダクスタ
hater (hatater),嫌い（ハタテ）
asura (asurauser),アスラ（アスラウザー）
nemoto yuuma,nemoto Yuuma
gao (gaolukchup),gao（gaolukchup）
ttanuu.,Ttanuu。
nicky w,ニッキーw
sashizume soutarou,Sashizume Soutarou
nima (niru54),ニマ（niru54）
tomoshibi hidekazu,トモツビ類皮
nababa,ナババ
nyamota,ニャモタ
bowwow (hamju94),ボウウォウ（hamju94）
suudori,キュドリ
yuuki (yuyuki000),ユウキ（ユユキ000）
polilla,ポリラ
dragon@harry,ドラゴン@ハリー
mizuki (koko lost),ミズキ（ココが失われた）
norakura (nr kura),ノラクラ（nr kura）
ni (221),Ni（221）
mo23,MO23
choco (chocolate shop),チョコ（チョコレートショップ）
maggea22,Maggea22
donutman,ドーナツマン
gou lianlian dogface,Gou Lianlian Dogface
eruu (eruuman),エルー（エルマン）
kuune rin,クーネリン
tenjou ryuka,Tenjou Ryuka
yuio58ok,Yuio58ok
gomu (chewinggom),Gomu（Chewinggom）
tobimura,トビムラ
himuro shunsuke,shunsuke丘陵
amino (tn7135),アミノ（TN7135）
toi8,toi8
sody,ソディ
ningen (ningen96),Ningen（Ningen96）
mirufi (milfiiiiyu),ミルフイ
volyz,Volyz
kaede (sayappa),Kaede（Sayappa）
muta poo,Muta Poo
nebusoku,nebusoku
cream cod,クリームタラ
kawagoe pochi,カワゴー・ポチ
nns (sobchan),NNS（ソブチャン）
naidong (artist),ナイドン（アーティスト）
4shi,4shi
daidai ookami,ダイダイオカミ
tyone,Tyone
arisaka ako,アリサカアカ
kurowa,クロワ
cirilla lin,Cirilla Lin
tsukimori usako,うさぎusako
kotteri,コッテリ
sakiryo kanna,サキリョ・カンナ
gorilla (bun0615),ゴリラ（BUN0615）
enokuma uuta,eNOKUMA uuta
lakilolom,ラキロロム
kinako (shiratama mochi),キナコ（シラタマモチ）
kimura shiki,木村shiki
bomhat,bomhat
gayarou,ガヤロウ
ekakibito,エカキビト
bigdead,BigDead
ayanero taicho,アヤネロタイコ
rantana (lalalalackluster),ランタナ（lalalalalackluster）
elizabeth (tomas21),エリザベス（Tomas21）
kiriyama taichi,キリヤマタイチ
hekomii,ヘコミイ
aikei ake,aikei ake
inuzumi masaki,魚類島
hai ookami,ハイオカミ
ai dongdong,ai dongdong
oosaki shin'ya,oosaki shin'ya
renetan,ルネタン
u35,U35
zhibuji loom,ズヒブジ織機
omutatsu,omutatsu
mikimoto haruhiko,ハルヒコミコト
nekometaru,ネコメタル
chitetan,キテタン
kino (m6t2a),キノ（M6T2A）
henreader,ヘンリーダー
keenbiscuit,Keenbiscuit
prat rat,プラットラット
ekita kuro,エキタ・クロ
kuragari,クラガリ
oro (sumakaita),oro（sumakaita）
yakitomato,ヤキトマト
an yasuri,ヤスリ
sohin,ソヒン
isedaichi ken,イセダイチケン
nada namie,nada namie
bokuman,ボクマン
r-king,R-King
kuronyan,クロニャン
jelly shrimp,ゼリーエビ
ech,ech
cierra (ra-bit),シエラ（RAビット）
michihasu,ミチハス
myeolchi,ミオルチ
takoyaki (roast),高山（ロースト）
tansuke,タンスケ
mono (moiky),モノ（Moiky）
fukuro daizi,福州園
gale kawaii,ゲイル・カワイイ
majoccoid,Majoccoid
saikawa yusa,西川ユサ
rinndouk,rinndouk
uno ryoku,uno ryoku
gauss <bokashi,ガウス<ボカシ
akinaie,akinaie
aslindsamure,Aslindsamure
midori (misuriru8),Midori（Misuriru8）
shirase (shirose),Shirase（Shirose）
mishima hiroji,神島島
wlop,wlop
kirisame mia,Kirisame Mia
dog-san,犬のさん
shisei (kyuushoku banchou),shisei（九州banchou）
taesi,テシ
keyaki chimaki,kimaki chimaki
tateishi kureha,テテイシ・クレハ
rizento,rizento
runachikku,Runachikku
takeda yukimura,雲村高田
poipoi purin,ポイポイプリン
allenes,アレン
kizaki yuuri,キザキユウリ
sasaki akira (ugc),ササキ・アキラ（UGC）
hajike akira,ハジケ・アキラ
miyabi akino,ミヤビアキノ
yutohiroya,ユトリオヤ
fal maro,ファルマロ
nakatokung,ナカトクン
mizuno kurage,ミズノ・クレージ
raru (remsor076),remsor076
deogho (liujinzy9854),Deogho（liujinzy9854）
asakawa (outeq),浅川（outeq）
yasashii naizou,Yasashii naizou
shefu,shefu
mochimura sorata,sorata123
pupi (rain prophet),pupi（雨の預言者）
gotou hisashi,えずか
rougetsu (eclipse),ルーゲッツ（日食）
aono shimo,青野
mana (tsurubeji),マナ（Tsurubeji）
kakao (noise-111),カカオ（ノイズ-11）
joshua (shisanli934),ジョシュア（shisanli934）
abe yoshitoshi,ヨシトシ阿部
isamu-ki (yuuki),イサムキ（ゆく）
purinpurin,プリンプリン
tsukimoto kizuki,キズキ島
jarckius,Jarckius
gishu,ギシュ
indesign,indesign
tabata hisayuki,タバタ・ヒサユキ
ame (uten cancel),AME（UTENキャンセル）
satou aji,サトゥアジ
shiden (sashimi no wife),shiden（sashimi no妻）
puuakachan,プウアカチャン
hayakawa harui,林岡har
shimo (depthbomb),シモ（深さ爆弾）
tenobe,テノベ
ario,アリオ
ume (noraneko),ume（noraneko）
krokobyaka,Krokobyaka
enami hakase,エナミハカゼ
relaxjon,リラキョン
formicid,Frimicid
datsha,ダーシャ
sabaku chitai,サバクチタイ
fujishima-sei ichi-gou,藤島 - セイ・イチ・ガウ
wangxiii,wangxiii
xfate,xfate
asaga aoi,アサガ・アオイ
hayama kazusa,漢カズサ
maiku,大道
cai geng,Cai Geng
rejean dubois,Rejean Dubois
tokuno yuika,ookuno Yuika
inunoko.,inunoko。
miyao ryuu,Miyao ryuu
haruichi (komikal),ハルイチ（コミカル）
tachikoma (mousou teikoku),タチコマ（ムソウテコク）
yu 65026,Yu 65026
arcie albano,Arcie Albano
sarasadou dan,サラサドウダン
kodamari,コダマリ
suenari (peace),スナリ（平和）
rustle,ざわめき
rensyu,rensyu
tan (tangent),タン（接線）
noeyebrow (mauve),Noeyebrow（Mauve）
tedain,テダイン
chikaretsu,チカレツ
refeia,refeia
byulzzi,byulzzi
jan (lightdragoon),1月（LightDragoon）
popon ta,ポポンTA
aya shachou,aya shachou
nosuku,nosuku
racer (magnet),レーサー（磁石）
tonami kanji,トナミ漢字
hisha (kan moko),Hisha（Kan Moko）
jack (wkm74959),ジャック（WKM74959）
erakin,エラキン
zusshii (libertasgenesis),zusshii（libertasgenesis）
zanamaoria,ザナマオリア
libre,Libre
kyuuso inukami,inuuuso inukami
hiyama yuu (wee259hiyama),hiyama yuu（wee259hiyama）
shoujo donburi,ショウホ・ドンブリ
usagi (786113654),うさぎ（786113654）
orobou,Orobou
nhaliz,ナリス
mishiro (ixtlolton),ミシロ（ixtlolton）
zuo daoxing,Zuo Daoxing
kaneko ryou,Kaneko ryou
fair6805 (rkrk12),RKRK12
kokuchuutei,kokuchuutei
ina (1813576),INA（1813576）
studiozombie,Studiozombie
green322,Green322
microa,マイクロ
oyu udon,Oyu Udon
gold can,金はできます
kiriya (552260),キリヤ（552260）
giuniu,giuniu
fuuga (perv rsity),富士（Pervrsity）
artpatient,アート患者
wingedwasabi,翼のあるワサビ
saya (mychristian2),サヤ（mychristian2）
byeon dha,バイオンDHA
nac000,NAC000
ochinsama,オチンサマ
elliemaplefox,elliemaplefox
ooji,ooji
ie (raarami),つまり（ラアラミ）
kaorihero,Kaorihero
irua,イルア
kasuga izure,カスガ・ハーヒ
easy (aqk7bdqt),簡単（aqk7bdqt）
winn,ウィン
cypress (hinokidou),ヒノキ
rezodwel,rezodwel
nerukichikatafukuma,nerukichikatafukuma
ringoanu,リンガヌ
dorachan r,ドラチャンr
urec,urec
ibaraki natou,イバラキナトゥー
brll,brll
mizushima (p201112),水島（P201112）
ikkyuu,ikkyuu
bubuzuke,ブブズケ
uumaru,ウマル
watao,ワタオ
ohlia,オーリア
fyuo,fyuo
toto nemigi,トトネミギ
sakamoto mineji,坂本mineji
ushiyama ame,ushiyama ame
shukinuko,shukinuko
sunday aki,日曜日のアキ
opi,aoiro 050
edoya inuhachi,edoya inuhachi
hiranko,ヒランコ
yuusuke-kun,ユースケクン
yaza,ヤザ
qtian,Qtian
miata (miata8674),Miata（Miata8674）
maromi (am97),マロミ（AM97）
senji (tegone spike),センジ（テゴネスパイク）
hainchu,ハインチュ
nokuhashi,節川
onineko,onineko
suerte,スーテ
gucchiann,グッキアン
setu kurokawa,黒川丸
kujou danbo,クジョウ・ダンボ
ringozaka mariko,リンサカマリコ
akakura,アカクラ
melopun,メロプン
dos (james30226),DOS（James30226）
oopartz yang,Oopartz Yang
tomas (kaosu22),トマス（kaosu22）
maze yuri,迷路Yuri
minatsuki randoseru,Minatsuki randoseru
narutaki shin,ナルタキシン
wataboku,ワタボク
funi mu9,FuniMu9
raichiyo33,raichyo33
irohara mitabi,イロハラ・ミタビ
choyeon,チョイヨン
sune (mugendai),Sune（Mugendai）
nejime,ネジメ
kentaurosu,Kentaurosu
kesoshirou,Keshirou
hideko (l33l3b),Hiseko（L33L3B）
yoruhachi,ヨルハチ
mizusoba,ミズソバ
mendou kusai,Mendou Kusai
vickie (cryingrobot),ヴィッキー（クリングロボット）
3gs,3GS
tanaka shoutarou,ターナカ・サワウロウ
fifiruu,fifiruu
keita (tundereyuina),ケイタ（Tundereyuina）
zumi (zumidraws),Zumi（Zumidraws）
shirako miso,シラコ・味o
ikura nagisa,イクラ・ナギサ
choborau nyopomi,Choborau nyopomi
duoyuanjun,duoyuanjun
5danny1206,5Danny1206
calpish,カルピッシュ
yugen99,yugen99
agnamore,アグモア
nanashin naomi,ナナシン・ナオミ
maniacpaint,マニアックペイント
yoye (pastel white),ヨエ（パステルホワイト）
lasto,最後
karakari,カラカリ
kazukoto,一江と
spicy moo,スパイシーなムー
kanoe soushi,Kanoe Soushi
rikudou inuhiko,rikudou inuhiko
eredhen,エレデン
harukigenia,ハルキゲニア
honchu,ホンチュ
hokou sakuran,fangxiang cuoluan
masha,マシャ
kuro (be ok),クロ（大丈夫）
mikagami mamizu,Mikagami Mamizu
kagachi saku,カガチ・サク
unagiman,unagiman
brat (brabrabrat00),brat（brabrabrat00）
amakaze sora,Amakaze Sora
toku sonchou,Toku Sonchou
zetsumame,ZetSumame
ishida akira,石田akira
pu-en,pu-en
tomatto (@ma!),Tomatto（@ma！）
aki poi,アキ・ポイ
key (gaigaigai123),key（gaigaigai123）
zealyush,Zealyush
hacco mayu,Hacco Mayu
horokusa (korai),ホロクーサ（コライ）
hamedoragon,ハドラゴン
diives,diive
miyai sen,Miyai Sen
boyano,ボヤノ
shirokuma (nankyoku),聖堂（nankyoku）
abenattou,アベナトゥ
speh,Speh
bakugadou,バクガドゥ
kikoka (mizuumi),キコカ（ミズミ）
puge,puge
katsuten,カトゥテン
ngetyan,ngetyan
hinami047,hinami047
tsuji kazuho,ツジ・カズホ
chii (tsumami tsumamare),Chii（Tsumami tsumamare）
yuuki mix,ユウキミックス
nibiiro shizuka,ニビイロ・シズカ
asahina hikage,アサヒーナハイケージ
razalor,ラザロール
tsukigi,ツキギ
kuria (clear trip second),Kuria（Clear Trip Second）
nama udon,ナマ・ウドン
valitran,valitran
muraryo,ムラリオ
asuka (junerabitts),アスカ（ジュネラビッツ）
tooo,あまりにも
tinnies,ティンニー
ohland,ああ
fushitasu,和田
sasa onigiri,sasa onigiri
furahata gen,Furahata Gen
lucknight,ラックナイト
nanahara fuyuki,ナナハラフユキ
ashiroku (miracle hinacle),ashiroku（奇跡のヒナクル）
tengu (tetuo kun),Tengu（Tetuo Kun）
ruschuto,ruschuto
david liu,デビッド・リュー
nejikirio,ネジキリオ
ao (flowerclasse),ao（flowerclasse）
kkix25,KKIX25
eus ing,EUS
kisaragi tsurugi,kisaragi tsurugi
kibanda gohan,キバンダ・ゴハン
hinoshita akame,ヒノシタアカメ
haori io,haori io
abyonus,中崎-P
kitayama miuki,北山miuki
snowball22,Snowball22
usagihime,usagihime
lotosu,lotosu
asa (coco),ASA（ココ）
mayo (becky2006),メイヨー（Becky2006）
maewix (artist),Maewix（アーティスト）
ebido,ebido
5tatsu,5tatsu
nou (nounknown),nou（名詞）
aquastar inc.,Aqua Inc。
bang-you,bang-you
tokiwa midori (kyokutou funamushi),Tokiwa Midori（Funamushi Kyokutou）
gamuo,ガムオ
nekominase,ネコミナーゼ
meziosaur,メジオサウルス
tomo (sjim),トモ（sjim）
suimya,スイミヤ
seri (vyrlw),Seri（Vyrlw）
ryochapu,リオチャプ
doppel (bonnypir),Doppel（Bonnypir）
reoen,reoen
fuji fujino,富士藤野
yabai gorilla,ヤバイゴリラ
katwo,katwo
sorimura youji,ソリムラ・ユージ
yui toshiki,Yui Toshiki
naik,ナイク
luizhtx,luizhtx
kakumayu,カクマユ
sou (soutennkouchi),sou（soutennkouchi）
andou you,あなたが
devilhs,デビルズ
yamabuki (yusuraume),山本（Yusuraume）
kansou samehada,kansou samehada
k10k,K10K
ino (tellu0120),ino（tellu0120）
kugui kiyunemu,クギュイ・キユネム
shouu-kun,shou-kun
noe (ppppriver),ノエ（ppppriver）
quasarcake,quasarcake
hisame genta,Hisame Genta
logan cure,ローガンキュア
dancho (dancyo),ダンチョ（ダンシー）
ayakumo,ayakumo
chorefuji,コレフジ
ichimura kanata,一関節カナタ
yam (yamap mako),ヤム（ヤマップマコ）
gainoob,gainoob
yuuzii,ユウジ
11kkr,11kkr
observerz,オブザーヴェルズ
akaga hirotaka,赤原hirotaka
takatora,タキトラ
torigoe takumi,トリゴータクミ
imazawa,イマザワ
yotubeya,Yotubeya
mimyo,ミミョ
ikeda kazumi,カズミ岩田
hiroki ree,hiroki ree
taneda yuuta,タネダユタ
konoe ototsugu,コノー角膜
otakummm,Otakummm
fly (marguerite),フライ（Marguerite）
maett,マエット
zun (artist),Zun（アーティスト）
jirou (chekoro),ジロウ（チェコロ）
neneneji,neneneji
kurose kousuke,kurose kousuke
sasahara wakaba,ササハラワカバ
sou (tuhut),sou（tuhut）
bibi02,BIBI02
awarinko,awarinko
jikatarou,jikatarou
mannack,マンナック
sahara386,Sahara386
sen1986,Sen1986
mogumo,モグモ
monaka curl,モナカ・カール
tanasuke,タナスケ
cygnus (cygnus7),cygnus（cygnus7）
yoshimoto (dear life),吉本（親愛なる人生）
okame nin,okame nin
weidashming,ワイダッシュ
igarashi kyouhei,門清hei
yamauchi kouen,山村（コナン・コミー）
pija (pianiishimo),ピジャ（ピアニシモ）
igusaharu,イガサハル
poa mellhen,Poa Mellhen
togekk0,togekk0
nisetanaka,ニセタナカ
ikurauni,イクラウニ
fujishiro emyu,藤島emyu
nonamejd,nonmejd
ebimomo,エビモモ
soyo1558686,Yumekamaborosh
ayomo ro,ayomo ro
ogre (illustogre),Ogre（Illustogre）
x xith x,x xith x
thin (suzuneya),薄い（suzuneya）
hanya (hanya yashiki),hanya（hanya yashiki）
minakata sunao,ミナカタ・スナオ
zoruboi,ゾルボイ
arind yudha,アリンド・ユダ
kotatsu kaya,コタツカヤ
tai (nazutai),タイ（ナズタイ）
nishiide kengorou,ニシード・ケンゴロウ
kaidou j1,Kaidou J1
kim hyung tae,キム・ヒョン・テ
mashima shima,清い田
gyozanuko,Gyozanuko
catnnn,catnnn
ssambatea,Ssambatea
sowel (sk3),Sowel（SK3）
mochigome (ununquadium),モキゴーム（Ununquadium）
rib:y(uhki),リブ：Y（uhki）
drew (drew213g),ドリュー（DREW213G）
gigamessy,ギガメシー
garnet,ガーネット
meme50,MEME50
gotou keiji,gotou keiji
bucchake (asami),Bucchake（Asami）
zefrableu,Zefrableu
h2o (ddks2923),H2O（DDKS2923）
li sakura,リー・サクラ
soba (saz),Soba（Saz）
terupancake,テルパンケーキ
iumi urura,Iumi urura
takenoko no you,テクスコーいいえ
dean (momodean),ディーン（モモディアン）
hiroya juuren,Hiroya Juuren
shin (highest1192),シン（最高1192）
ashinowoto,Ashinowoto
scavia10,Scavia10
caiman pool,カイマンプール
uona telepin,Uona Telepin
30-06,30-06
pumpkinspicelatte,パンプキンスパイスラテ
gin (ginshari),ジン（ジンシャリ）
chm (macharge),CHM（マチャージ）
ogata tei,ogata tei
yuuta (monochrome),ユウタ（モノクロ）
aochoku,青木
paopao,パオパオ
chagen kokimu,Chagen Kokimu
puppeteer7777,Puppeteer7777
ex idol,元アイドル
blueorca,Blueorca
neet co.,Neet Co。
frikulu,フリクル
toshizou (0714),トシゾウ（0714）
ishimiso (ishimura),石島（石村）
tomagiri,セキグチミール
notora,Notora
hakusyokuto,hakusyokuto
nishimura eri,西村エリ
twomoon,ツームーン
harumachi nagaaki,ハルマチ・ナガキ
fed (giba),Fed（ギバ）
kyouno,今日の
hide (hideout),隠し（隠れ）
kaoruru (sakuno2911),Kaoruru（sakuno2911）
plum (arch),プラム（アーチ）
hikashima (shiofune),ひょう（ofune）
stupa13a,stupa13a
kuga tsukasa,クガ・ツカサ
poaro,ポアロ
iwamoto zerogo,岩本ゼロゴ
dk.senie,dk.senie
kuguri oimo,クギュリ・オイモ
mitsuyo (mituyo324),ミツヨ（mituyo324）
tefun (tehun),Tefun（Tehun）
moebell,モーベル
akaza,アカザ
ez6,EZ6
baocaizi,Baocaizi
tomato rice,トマトライス
simz,シムズ
moyori,モヨリ
fujiyama,藤山
hiyori (rindou66),ヒヨリ（rindou66）
risumi (taka-fallcherryblossom),Risumi（Taka-fallcherryblossom）
ri (qrcode),ri（qrcode）
ling s,リンs
molyb,モリブ
tan (inka),タン（インカ）
usagi nui,うさぎヌイ
anti (0324),アンチ（0324）
sookmo,スークモ
matoyama,松山
kabiinyo (kab),kabiinyo（kab）
fumei (mugendai),fumei（ムゲンダイ）
ikuyoan,Ikuyoan
udukikosuke,udukikosuke
nakajima konta,中島konta
ricochet-gou,ricochet-gou
matsurika youko,マツリカ・ユーコ
kinfuji,Kinfuji
lobelia (saclia),ロベリア（サクリア）
imaikuy0,imaikuy0
mado (mukade tou),マド（ムケード・トゥ）
onnaski,onnaski
suyohara,信仰
kz oji,KZ oji
vinhnyu,Vinhnyu
kazeno,ケイゼノ
rindou (p41neko),リンドゥ（p41neko）
booota,Booota
toriyama akira,田山アキラ
shinkiro,モリ・トシアキ
aizawa sachi,上山サチ
hori shin,ホリシン
toplow,Toplow
silver bullet (ecc12 8),銀の弾丸（ECC12 8）
shinonome asu,シノノームASU
yamato (muchuu paradigm),YAMATO（Muchuuパラダイム）
forest (4423),森（4423）
nakadori (movgnsk),ナカドリ（movgnsk）
achan (blue semi),アチャン（青いセミ）
daran9,daran9
hanny (uirusu chan),ハニー（uirusu chan）
ikari (aor3507),イカリ（AOR3507）
ichi-go,ICHIGO
negimiso1989,Negimiso1989
madotsukumo,マドツクモ
cloneko (zelmeledf2),cloneko（zelmeledf2）
kageshio (276006),Kageshio（276006）
re (re 09),re（re 09）
hogara,ホガラ
phamoz,ファモズ
royboy,ロイボーイ
akahi (akahi242),Akahi242
resu desu,エレズ
itatatata,イタタタ
nishimura kinu,西村キヌ
onomeshin,オノメシン
starheart,スターハート
fukuda shuushi,福田福州
daito,ダイト
fujiwara akina,藤原akina
sinzan,シンザン
uwazumi,uwazumi
mushi gyouza,ムシュギョーザ
tomotsuka haruomi,トモツカ・ハルオミ
rasahan,ラサハン
apt,apt
waterkuma,ウォータークマ
hatsuzuki 527,Hatsuzuki 527
xia (ryugo),Xia（ryugo）
kowai (iamkowai),コワイ（iamkowai）
hagure keg,ヘギュア樽
shio (futatsumami),シオ（Futatsumami）
negahami,ネガハミ
nextoad,NEXTOAD
maruyo,マルヨ
yonekura hisaki,ヨネクラ・ヒサキ
moyu marginal,Moyu Marginal
nyahu (nyahu 77),nyahu（nyahu 77）
toyoman,トイモン
suoiresnu,suoiresnu
xe (execut3r),xe（exect3r）
minami saki,ミナミサキ
outo eguchi,eguchi
naruse hirofumi,Naruse Hirofumi
zan (harukahime),Zan（Harkahime）
milka (milk4ppl),Milka（Milk4ppl）
geppewi,geppewi
iroha (iroha matsurika),イロハ（イロハ・マツリカ）
kankitsunabe (citrus),カンキツヌベ（柑橘類）
eiji (eiji),eiji（eiji）
jadf,JADF
blue gk,青いgk
nanao (naoekaki25),nanao（naoekaki25）
pokimari,ポキマリ
rama (yu-light8),ラーマ（Yu-Light8）
ono misao,オノ・ミサオ
konayama kata,コナヤマ・カタ
fukurou (owl222),Fukurou（owl222）
sakura ani,さくらアニ
tarmo,タルモ
steed (steed enterprise),Steed（Steed Enterprise）
tuteurfars shin,Tuteurfars shin
amane (7783),アマネ（7783）
nanateru,ナナテル
yoekosukii,Yoekosukii
amatsuji,アマツジ
sumisaki yuzuna,スミサキ・ユズナ
yan-yam,ヤンヤム
u-non (annon'an),u-non（annon'an）
stmast,stmast
ryuuneart,ryuuneart
eip (pepai),EIP（ペパイ）
dearonnus,セリヌス
odmised,odmised
dr octojuice,ボブ（ボブテネート）
matsuda hikari,松田hikari
appleq,Appleq
songchuan li,songchuan li
yuzuruka (bougainvillea),Yuzuruka（Bougainvillea）
hhh (wave),HHH（波）
citron80citron,Citron80Citron
tkgsize,tkgsize
amano chiharu,Amano Chiharu
shirahane nao,シラハネ・ナオ
minazuki juuzou,ミナズキ柔術
kitiroku,キチロク
migihidari (puwako),ミギヒダリ（プワコ）
hyouuma,ヒューマ
superbusty,スーパーバスティ
gofelem,Gofelem
mocollie,モコリー
rosette (roze-ko),ロゼット（roze-ko）
natori youkai,Natori Youkai
hitsuki rei,hitsuki rei
fractalmagnolia,FractalMagnolia
ruka (blueplus84),ruka（blueplus84）
hiramedousa,Hiramedousa
hako roku,ハコロク
kionant,キオナント
tokio (okt0w0),tokio（okt0w0）
dosugon,ドスゴン
hazuki (sutasuta),hazuki（sutasuta）
splashbrush,Splashbrush
bocchi-ya-nawi,ボッキー・ヤ・ナウィ
meimei (meimei89008309),meimei（meimei89008309）
hechi,ヘチ
berry jou,ベリー・ジュー
carte,カルト
jikihatiman,ジキハティマン
rotix,ロティックス
horikoshi kouhei,orikoshi kouhei
lilac (p-f easy),ライラック（p-f easy）
leria v,レリアv
torinari (dtvisu),トリナリ（dtvisu）
morimoto kiyona,森本清
icehotmilktea,Icehotmilktea
nonbire,非ビア
sinensian,シネンシアン
yuki (popopo),ユキ（ポポポ）
f7(eiki),F7（eiki）
kelvin-trainerk,ケルビン・トレイナーク
yuujin (yuzinn333),Yuujin（Yuzinn333）
hiro (pqtks113),hiro（pqtks113）
poriuretan,poriuretan
hitorilily,gabrieltenma77
faubynet,faubynet
daitai konna kanji,ダイタイ・コナ・カンジ
koma neko,Koma Neko
juexing (moemoe3345),juexing（moemoe3345）
tomoo (tomo),トモー（トモ）
batsu,バツ
sogabe toshinori,ソガベトシノリ
hita (hitapita),hita（hitapita）
tottoto tomekichi,Tottoto Tomekichi
tousen,トゥーセン
taiga hiroyuki,タイガ・フロユキ
yukiu con,ユキウコン
kiyomin,キヨミン
nagineko,ナギネコ
arisu kazumi,アリス・カズミ
akni,akni
akifn,agwing86
chikuwa savy,チクワ・サビー
banishment,追放
eluthel,エルセル
yun (dust-i1),ユン（ダストI1）
fue (rhomphair),Fue（Rhomphair）
nekobell,ネコベル
komb,コンブ
taurine 8000mg,タウリン8000mg
huwari (dnwls3010),Huwari（DNWLS3010）
fumiko (mesushi),フミコ（メスシ）
shikino yuki,シキノユキ
yamauchi noriyasu,ヤマウチnoriyasu
anzu (o6v6o),anzu（o6v6o）
mitake eil,Mitake Eil
yepnean,イェプニー
pun2,Pun2
yamaori,ヤマオリ
jeze,エゼ
goumonsha,グモンシャ
meyamu,Meyamu
sirokohi,シロコヒ
folait,フォレイト
u yuz xx,u yuz xx
hara kenshi,ハラ・ケンシ
kuwashima rein,kuwashima Rein
mogskg,Mogskg
amibazh,アミバズ
kamu (geeenius),kamu（geeenius）
shinekalta,shinekalta
poharo,ポハロ
azu-taro,azu-taro
chaki (teasets),チャキ（ティーセット）
kane-neko,ケインネコ
bokoboko (pandagapanda1),Bokoboko（Pandagapanda1）
aruman,アルマン
kitsuneno denpachi,キツネノデンパチ
aka tawashi,別名Tawashi
kurokuro,紅
flx,FLX
chiba toshirou,チバトシロウ
bimmy,ビミー
ouri (aya pine),私たち（アヤパイン）
chawan (yultutari),チャワン（Yultutari）
ram hachimin,ラム・ハチミン
aikir (jml5160),アイキル（JML5160）
wakataku,ワカタク
kito koruta,Kito Koruta
ogros,ogros
fuji shinobu,富士清
handsome wataru,ハンサムワタル
ipuu (el-ane koubou),IPUU（El-ane Koubou）
zerodiamonds (voice actor),Zerodiamonds（声優）
kongeraatio,Kongeraatio
chiwa (chiwa0617),Chiwa（Chiwa0617）
tapioka (oekakitapioka),タピオカ（oekakitapioka）
hiiringu,hiiringu
omelet tomato,オムレツトマト
umemaro (siona0908),UMEMARO（siona0908）
w.k,W.K
shuuzo3,shuuzo3
lolicom,lolicom
tsurugi hagane,ツルギ・ハガネ
chiaki rakutarou,Chiaki rakutarou
akano murasaki,村上k
saihate (d3),サイハテ（D3）
morita kazuaki,森田和口
wjs07,WJS07
niku-name,ニクネーム
takorice,タコリス
akizora momiji,アキゾラ・モミジ
ariverkao,アリバーカオ
ryu (ryu's form site),ryu（ryuのフォームサイト）
sbel02,SBEL02
tama (songe),タマ（ソンジ）
graysheartart,GraySheArtart
ah-lyong lee,Ah-Lyong Lee
mame,マメ
hao (patinnko),hao（patinnko）
so-taro,SO-TARO
jakko,ジャッコ
atoshi,アトシ
winehusk,die（die0118）
soleil (soleilmtfbwy03),soleil（soleilmtfbwy03）
hinomoto madoka,hinomoto madoka
norizc,norizc
tokiomi tsubasa,Tokiomi tsubasa
tara (szzj7733),タラ（szzJ7733）
kagemusha,カゲムシャ
akira shiun,アキラ・シュン
sanemichi hajime,サネミチ・ハジメ
t-hou,t-hou
katsuwo (cr66g),katsuwo（cr66g）
yunimaru,ユニマル
nanatsuta,ナナツタ
rururiaru,ルルリアル
sutora binsuke,sutora binsuke
3 (sanyako1),3（Sanyako1）
ayamisiro,アヤミシロ
sazamiso rx,sazamiso rx
rourou ill,rourou ill
nyanya,ニャニャ
mamyouda,マミーダ
badcompzero,badcompzero
takeda aranobu,タケダ・アラノブ
hou (hachiyou),hou（hachiyou）
rin-sin,rin-sin
mitsudoue,Mitsudoue
kamue,カムー
laofuzi dai bansho,ラウオジ・ダイ・バンショ
queasy s,気味が悪いs
togetoge (jakusanseimk2),gutogu
setmen,セットマン
shake-o,Shake-O
vyragami,ヴィラガミ
hamsterfragment,hamsterfragment
nunucco,ヌヌッコ
tokiame,トキアメ
kinese (katasutorohu),キネーゼ（カタソフー）
twumi,Twumi
kagerou (kers),kagerou（kers）
kousuke0912,kousuke0912
rusky,ラスキー
vivivoovoo,vivivoovoo
gomzi,Gomzi
t@ke-g,t@ke-g
nakamura rohane,中村ロハネ
pocche-ex,Pocche-Ex
kvlen,Kvlen
yoichi (umagoya),ヨイチ（ウマゴヤ）
murota yuuhei,ムロタユーヘイ
sandragh,サンドラグ
miz (mizillustration),ミズ（ミジラストレーション）
vanilla (miotanntann),バニラ（Miotanntann）
mashayuki,マシャユキ
fushirun rung,fushirun rung
yukian,ユキアン
ripu (lipi),ripu（lipi）
masaru.jp,Masaru.jp
jiang ye kiri,江ye kiri
oharu-chan,オハルちゃん
tonchinkan,Tonchinkan
hagioshi,ハギオシ
kawai makoto,カワイ・マコト
origami aya,折り紙aya
ndtwofives,ndtwofives
zeco,Zeco
inushima,inshima
okura-chan (at nya5),オクラチャン（NYA5で）
kitada mo,北田MO
kangbus,カンバス
yeougui,Yeougui
chen bin,チェン・ビン
hagino kouta,hagino kouta
cosaten,cosaten
haga yui,haga Yui
redrabbit44,RedRabbit44
ko~cha,Ko〜cha
anarogumaaa,anarogumaaa
yoshiwa tomo,ヨシワモ
akaya shiki,アカヤ・シキ
taa (acid),タア（酸）
sakaki (noi-gren),坂口（ノイグレン）
tantaka,タンタカ
takano tomohiro,Karaage Bou
munashi mujou,ムナシ・ムジュー
kani club,カニクラブ
courreges ace,クーレッジエース
shihou (g-o-s),shihou（g-o-s）
tsu (lovesick1964),TSU（Lovesick1964）
riku (rikkuru),riku（rikkuru）
hyakuhachi (over3),hyakuhachi（3歳以上）
haseru (ginku mh),Haseru（Ginku MH）
yoracrab,ヨラクラブ
karochii,カロチイ
jtleeklm,jtleeklm
kem kem,Kem Kem
furuyama itaru,uruyama itaru
koissa,コイサ
shokupan (slvk12),Shokupan（SLVK12）
amo (shibu3),amo（shibu3）
ramie (ramie541),ラミー（ramie541）
loooyd,ルーイド
vashperado,Vashperado
sakura ran,さくらが走った
meunhongcha,Meunhongcha
narisokonai,ナリソコナイ
lemon pan,レモンパン
ia (ias1010),IA（IAS1010）
kurororo rororo,クロロロロロ
emanon123,emanon123
zabudog777,Zabudog777
luse maonang,luse maonang
yude,うん
dev (dev0614),dev（dev0614）
oishi kuwagata,kuwagataの本
cheshirrr,Cheshirrr
hanokage,ハノケージ
u u ki u u,u u ki u u
bukkuri,ブクリ
kuroemon,クロモン
shimhaq,shimhaq
tono (rt0no),トノ（rt0no）
hokuto (scichil),北部（シチル）
fajyobore,ファジョボア
kagiyama shachou,カギヤマ・シャチョウ
onimaru (onimal7802),onimaru（onimal7802）
mockingeu,Mockingeu
mitsuru (uramitsuru1206),ミツル（PIXIV 34028718）
463 jun,6月463日
nipi27,NIPI27
zooanime,動物園
clipe,クライア
pinakes,パイナーク
kiritzugu,キリツグ
kamo ashi,カモ・アシ
tanabe kyou,タナベイウ
nicoby,ニコビー
himukai yuuji,ヒムカイユウジ
hidebou,hidebou
nozomi tsubame,Nozomi Tsubame
10eki (tenchou),10eki（Tenchou）
nakasone haiji,ナカソン・ハイジ
wan'yan aguda,wan'yan Aguda
raikoart,ライコート
umiroku,umiroku
kisaragi zwei,Kisaragi Zwei
iwasaki takashi,岩崎高橋
fishine,フィッシン
hajin,ハジン
binggong asylum,ビンゴン亡命
j.c.14,J.C.14
dolri,ドリ
ataruman,アタルマン
funa (sakana),funa（sakana）
gerusyu,gerusyu
efuri (riarea00),efuri（riarea00）
chihiro (khorosho),チヒロ（Khorosho）
bowalia,ボウリア
makimura shunsuke,春松suke
takecha,タケチャ
kamikita futago,カミキータ・ヴァーゴ
pikacchi,ピカッキ
lillithlauda,リリスラウダ
byte (allbyte),バイト（allbyte）
yuzuriha (active homing),Yuzuriha（アクティブホーミング）
chibirisu,チビリス
kuon bb,クオンbb
enosan,エノサン
mamemochi,Mamemochi
terakoya,テラコヤ
blueberry (5959),ブルーベリー（5959）
sakuyu,サクユ
wazawogi (wzog),wazawogi（wzog）
nochita shin,ノチタシン
matsui yasutsugu,松井yasugu
kazami karasu,カザミ・カラス
jj (ssspulse),JJ（ssspulse）
ppshex,ppshex
kozou (soumuden),kozou（soumuden）
itsumo nokoru,itsumo nokoru
watanore,ワタノア
egawa satsuki,Egawa Satsuki
doko tetora,Doko Tetora
fengmo,風水
applekun,AppleKun
ichi (ichikai),一関節（一関節）
04sora40,04SORA40
qin (7833198),Qin（7833198）
yuta agc,ユタAGC
shiwa (siwaa0419),shiwa（siwaa0419）
wawamachi,ワワマチ（ワワマチス）
aoi suzu,Aoi Suzu
hama chon,ハマチョン
hou (ppo),hou（ppo）
toriga naku,トリガ・ナク
stormcow,ストームコウ
sabamori,サバモリ
ukyo rst,ukyo rst
neku (neku draw),neku（neku draw）
soyoong jun,ソヨンジュン
witoi (roa),witoi（roa）
rou (rou22),rou（rou22）
qkat (arikawa-dou),qkat（arikawa-dou）
minus (sr mineka),マイナス（sr mineka）
seren (staphy),セレン（staphy）
nishiuri,nishiuri
evomanaphy,エボマンフィ
ame-san,アメーデ
hinoue itaru,ヒノウエタル
kiguchiko,キグチコ
kunoo (kuno on),ジクノ
namidame,namidame
spirytus tarou,Spirytus Tarou
chowbie,チャウビー
maho moco,マホ・モコ
dal-gi,dal-gi
usamata,ウサマタ
shanyao jiang tororo,シャニャオ江トロロ
citemer,citemer
mamedenkyuu (berun),Mamedenkyuu（ベルン）
rakurakutei ramen,rakurakuteiラーメン
ultrabinou,ultrabinou
nonohachi,ノノハチ
nekomugiharu,nekomugiharu
x-t3al,X-T3AL
jampen,ジャンパン
pyon-kichi,Pyon-kichi
miy@,miy@
macosee,Macosee
saizu nitou gunsou,Saizu nitou gunsou
raya (uk 0128),Raya（英国0128）
wangchuan de quanyan,ワンキュアン・デ・クリアン
yaguo,Yaguo
0-den,0-den
charin,チャリン
take (trude1945oneetyan),取る（trude1945oneetyan）
kyougoku touya,京都東屋
joman,ジョマン
orushibu,orushibu
driftkingtw,Driftkingtw
akamatsu ken,アカマツケン
miyako (rgrayt),ミヤコ（rgrayt）
akira (kadokawa),アキラ（川川）
suprii,suprii
hakuleg,hakuleg
chocojax,チョコジャックス
saaal653,Saaal653
eddybird55555,Eddybird55555
nyori,ニョリ
vardan,バルダン
morishita naochika,森新生naochika
vento,ベント
ddari,ddari
momo (higanbana and girl),モモ（ヒガンバナと女の子）
idaten93,idaten93
umino mokuzu (shizumisou),UMINO MOKUZU（Shizumisou）
oshiki hitoshi,oshiki itoshi
usatarou,usatarou
kabocha (monkey4),kabocha（monkey4）
snow20200,Snow20200
ryouta (ryouta335),ryouta（ryouta335）
binchou maguro,Binchou Maguro
keigi,keigi
sakura ryuuken,さくらリウケン
hiroyuki,hiroyuki
ikeda shouko,Ikeda Shouko
qixia,qixia
mankai kaika,Mankai Kaika
anizi,anizi
akamaru,アカマル
minafuni,ミナフニ
hisae (hisae collect),hisae（hisae collect）
okayado,さて
berabou,ベラボウ
hal (goshujinomocha),ハル（ゴシュジノモチャ）
muffin (sirumeria),マフィン（シルメリア）
haiba 09,ハイバ09
lemontea,lemontea
yuno (suke yuno),ユノ（スケユノ）
fangdan runiu,Fangdan Runiu
wasabi (sekai),わさび（セカイ）
shipu (gassyumaron),Shipu（Gassyumaron）
kamimiya,カミミヤ
masaki nanaya,マサキナナヤ
akino hamo,アキノ・ハモ
oshiruko (uminekotei),oshiruko（uminekotei）
takeyuu,Takeyuu
h-new,h-new
chocoan,チョコアン
ogawa shou,ogawa shou
coin rand,コインランド
tommy (kingdukeee),トミー（キングデューキー）
ganari ryuu,ガナリ・リュウ
luxu,luxu
zenkou,ゼンコウ
haruhata mutsuki,ムッツキ春
shin no tenpii,Shin No Tenpii
xiangzi box,Xiangziボックス
sogaya,ソガヤ
kureha (ironika),kureha（Irionika）
nemuri nemu,nemuri nemu
yukiunag1,Yukiunag1
haryuu (poetto),haryuu（poetto）
toketa-sekai,トケタセカイ
kurebayashi noe,Kurebayashi Noe
supershiruco,SuperShiruco
amahara subaru,アマハラ・スバル
miruto netsuki,ミルト・ネツキ
suzuki kyoutarou,鈴木kyoutarou
z.i,Z.I
hey taisyou,ちょっとタイジョウ
kosshii (masa2243),kosshii（masa2243）
nagano rira,ナガノ・リラ
gesugesu ahoaho,gesugesu ahoaho
sakurai energy,さくらエネルギー
dokuro deluxe,ドクロデラックス
tarachine,タラチン
gaou (babel),ガウ（バベル）
kihou no gotoku dmc,kihou no goku dmc
hiroe rei,Hiroe Rei
gin (oyoyo),ジン（オヨヨ）
hakui ami,ハクイアミ
ichio,イチオ
kawano takuji,川野高野
bell (oppore coppore),ベル（敵コップポア）
ero kaeru,エロ・カエル
shiontaso,シオンタソ
cuteg,かわいい
amai nekuta,アマイ・ネクタ
ttomm,TTOMM
sirachi,シラチ
oyaji-sou,oyaji-sou
meeko,ミーコ
aramaru,アラマル
chiri (atlanta),チリ（アトランタ）
kagome f,カゴメf
sabana,サバナ
wakamepiza,ワカメピザ
serino itsuki,Serino Ithuki
cloritin,クロリチン
omuretsu,オムレツ
chamuring,チャミング
genkung,属
saboten mushi,サボテンムシ
cromwellb,クロムウェルブ
yuyaiyaui,Yuyaiyaui
keiki8296,Keiki8296
higaragi,日向
akizuki shigure,秋島シギュア
mizin kosutin,ミジン・コスチン
dan (orange train),ダン（オレンジトレイン）
osumoto1,Osumoto1
usatsuka eiji,ウサツカ・エイ
tripdancer,トリップダンサー
koruse,Koruse
kamia (not found),カミア（見つからない）
aragiken,アラギケン
thirty 8ght,30ght
ugume,ugume
fujii eishun,藤井エイシュン
nzeneee,nzeneee
buri (retty9349),ブリ（retty9349）
zettai yarumoni,Zettai Yarumoni
narumiya (narumiya),ナルミヤ（ナルミヤ）
imai kazunari,イマイ・カズナリ
tanaka rikimaru,田中rikimaru
shin'en (gyokuro company),Shin'en（Gyokuro Company）
hamayumiba sou,hamayumiba sou
eta,ETA
sub-res,サブレス
toyasu aina,トヨスアイナ
kyo-hei (kyouhei),Kyo-hei（kyouhei）
nimura yuuji,ニムラユウジ
djcomps,djcomps
amayo thranana,アマヨトラナナ
oukawa yuu,oukawa yuu
sbeve2004,なんてこった
sylvia (huajiuhuajiu),シルビア（Huajiuhuajiu）
derrick chew,DCWJ
garasuno,ガラスノ
chis (js60216),CHIS（JS60216）
kuso otoko,クソオトコ
shisoneri,シソリ
johan (johan13),ヨハン（johan13）
yadapot,yadapot
casul,カスル
nishida megane,西方メガン
konka,コンカ
sila (carpen),シラ（カーペン）
satomi (black scarecrow),サトミ（黒いかかし）
oohira sunset,Oohira Sunset
hiruno,hiruno
hijiki (hijikini),ヒジキ（ヒジキニ）
shikido (khf),シキド（khf）
soukou makura,Soukou Makura
xephonia,Xephonia
kurosususu,黒us
yuuyuu (yuuki1771),Yuuyuu（Yuuki1771）
mizunashi kenichi,kenishi沢
banchiku,バンチク
uchuuneko,Uchuuneko
mimoto (aszxdfcv),ミモト（aszxdfcv）
dankestofdans,Dankestofdans
watarai keiji,ワイライ・ケジ
shingo (missing link),シンゴ（リンクの欠落）
o (crazyoton46),o（crazyoton46）
curss,呪い
mocacoffee 1001,Mocacoffee1001
tsukushi akihito,津波アキヒト
akakage red,アカケージレッド
hajime (hajime-ill-1st),ハジメ（hajime-ill-1st）
truejekart,TrueJekart
umekko,Umekko
maeshimashi,マシマシ
amane sora,アマネソラ
kusanagi kaoru,Kusanagi Kaoru
kerno,ケルノ
totoharu (kujirai minato),トトハル（クジライ港）
sills,シル
moe (hamhamham),モー（ハムハム）
jiino,ジノ
coyucom,Coyucom
tako (plastic protein),タコ（プラスチックタンパク質）
kangetsu (fhalei),カンジェツ（fhalei）
miyahara takuya,宮原タクヤ
tridisart,tridisart
zonda (solid air),ゾンダ（固体空気）
ichiren namiro,イチレン・ナミロ
kuse (0201),Kuse（0201）
katsushika pachi,Katsushika Pachi
duoj ji,duoj ji
berserker r,バーサーカーr
mochi (k620803n),モチ（K620803N）
c.r.,C.R.
suzume inui,スズメヌイ
maki ikazuya,マキ・イカズヤ
zinno,zinno
creek (moon-sky),クリーク（ムーンスキー）
kokutou nikke,kokutou nikke
fffukuzawa,ffffukuzawa
yuura,ユウラ
less end,端が少ない
anza tomo,アンザモ
puyo (puyotopia),プヨ（プヨトピア）
dolechan,ドレカン
mhk (mechamania),MHK（メカマニア）
fukuroumori,Fukuroumori
take (shokumu-taiman),テイク（shokumu-taiman）
feipin zhanshi,Feipin Zhanshi
kumano plan,プラン（PlanHaplalan）
sakuremi,サクレミ
jellcaps,jellcaps
athenawyrm,Athenawyrm
gumoyu,グモユ
kazabuki poni,カザブキポニ
yufukiri,Yufukiri
quasimodox,クオシモドックス
ryuudog,リウイン
minatsuki yurara,Yurara（AROMA42ENOLA）
yue (show-ei),yue（show-ei）
bob (biyonbiyon),ボブ（ビヨンビヨン）
kuroda bb,クロダbb
ar (rikuesuto),AR（rikuesuto）
ishihara masumi,石原masumi
ompf,OMPF
walluka,ワルカ
jaho,ジャホ
huan li,Huan Li
yuza,Yuza
indosou,indosou
nasuka gee,Nasuka Gee
nightcat,ナイトキャット
arowana2111,arowana2111
halulu,ハルル
shigureszku,Shigureszku
kenki fujioka,ケンキ・フジオカ
kakuteru sudachi,カクテル・スダチ
gyarin,イカリン
nekojira,ネコジラ
keykey117117,keykey117117
nueco,nueco
mokoiscat,Mokoiscat
aiuti,aiuti
isemori,イゼモリ
midori fufu,ミドリXU
kiba satoshi,キバ・サトシ
nanin,ナニン
lloule,lloule
shima-shuu,清華
uyama hajime,uyama hajime
kuroba rapid,黒子ラピッド
haruhina purple,ハルヒナパープル
kaiza (rider000),kaiza（rider000）
nksk,NKSK
tatekawa mako,Tatekawa Mako
noba,ノバ
fish.boy,fish.boy
kanikama25,Kanikama25
kyuuri (miyako),九州（ミヤコ）
domi (hongsung0819),ドミ（hongsung0819）
bloom2425,bloom2425
sanari (quarter iceshop),サナリ（クォーターアイスショップ）
gomashi (goma),ゴマシ（ゴマ）
rikume,rikume
harurukan,ハルウカン
mokke (mokke99),mokke（mokke99）
carbon12th,Carbon12th
2equal8,2 equal8
013 (hamsasuke),013（Hamsasuke）
tof,tof
shiodome oji,shiodome oji
dearmybrothers,親愛なるブラザー
kolshica,コルシカ
jp06,JP06
z-ton,z-ton
ohitashi netsurou,ohitashi netsurou
bebebe (pepegakii),bebebe（pepegakii）
makai no juumin,マカイはジュミンです
irori,irori
kounosu satori,konosu satori
touchuu kasou,touchuu kasou
nikku (ra),nikku（ra）
luozhou pile,luozhou pile
bukurote,bukurote
anshinmama,anshinmama
ryoutan,リアウタン
red hayao,レッドハヤオ
amami amayu,アマミ・アマユ
pink ocean,ピンクの海
john doe shinobu,ジョン・ドー・シノブ
rikumaru,リクマル
matataku,マタタク
potato pot,ポテトポット
mazume,マツメ
katatsuka kouji,Katatsuka Kouji
reddizen,reddizen
binato lulu,ビナト・ルル
aona (anagasaki),aona（anagasaki）
izure (pixiv16392012),izure（pixiv16392012）
sasakura,佐々木
packge,パック
doxy,ドキシー
tare (tonikaku magaru),タレ（トニカクマル）
kidmo,Kidmo
kereno,ケレノ
harihisa,ハリヒサ
shimure (460),シミュア（460）
shinjitsu,忍
narynn,ナリン
4qw5,4QW5
ayuayu (shouyu no sato),ayuayu（shouyu no sto）
hakkai,hakkai
rudoni,ルドーニ
kureha mitsushige,Kureha Mitsushige
shunsuke,shunsuke
saitou (lynx-shrike),Saitou（Lynx-Shrike）
bagelbomb,ベーグルボム
muteppona hito,ムテポナ・ヒト
meitoro,Meitoro
liku (mofu no mi),araki495
gemba (dlfms75),Gemba（dlfms75）
li (lithium0522),li（lithium0522）
kentan (kingtaiki),ケンタン（キングタイキ）
yoneyama mai,YoneyamaMai
karei,カレイ
toyosaki shu,ヨサキシュ
len (hand linke),レン（ハンドリンク）
magui3,Magui3
totoki86,toki86
asameshi,浅見
sui hi sf,sui hi sf
kozakura (dictionary),コジュラ（辞書）
ress,レス
yanyan (shinken gomi),ヤニャン（シンケンゴミ）
k2isu,K2isu
ataru (cha2batake),アタル（cha2batake）
tatsunami youtoku,Youtoku tatsunami
nada haruka,Nada Haruka
tsuezu,ツエズ
kujiran,クジラン
murata taichi,村田太一
spicy bardo,スパイシーなバルド
kaenuco,Kaenuco
houkisei,Houkisei
nyum,ニウム
nakatama kyou,中田四元
minami seira,ミナミ・セイラ
jairou,Jairou
aki663,AKI663
tnolize,tnolize
unapoppo,Unapoppo
yoshito,ヨシト
kanachirou,カナチロウ
kirome (kamipaper),キローム（kamipaper）
miyuki ruria,ミユキ・ルリア
fujii masahiro,富ujii masahiro
ebi puri (ebi-ebi),ebi puri（ebi-ebi）
zeatto,Zeatto
ringouulu,リンウル
aka ringo,別名リンゴ
chascoby,Chascoby
helvetica std,Helvetica std
kiui (dagk8254),kiui（dagk8254）
indol,インドール
poco (backboa),ポコ（バックボア）
arimon (dfrgty12),アリモン（dfrgty12）
kinomiki nobori,Kinomiki Nobori
kawakami masaki,川崎正
mochimako (mushikera hoi2),アライ・ノブ
mento,メント
sameda koban,サメダ・コバン
sino (sionori),sino（sionori）
sora to umi,ウミへのソラ
ruuto (sorufu),ルート（sorufu）
mousou (mousou temporary),Mousou（Mousou一時的）
hanazawa suou,ハナザワ・スー
isse,ISSE
shiromako,シロマコ
st (youx1119),st（youx1119）
nuka (nvkka),ヌカ（nvkka）
araido kagiri,アライド・カギリ
matsunaga (haku),松田（haku）
odd (hin yari),オッド（ヒンヤリ）
s10021,S10021
neko (yanshoujie),neko（yanshoujie）
idoraad,idoraad
gacha-m,ガチャ-M
yonaga san,ヨナガ・サン
wasabijoyu76,wasabijoyu76
kitsune-neko,Kitsune-neko
sky cappuccino,Sky Cappuccino
kirisaki byakko,キリサキ・ビッコ
grandia lee,グランディア・リー
yuyu (00365676),Yuyu（00365676）
kurono mitsuki,クロノ・ミツキ
chinikuniku,Chinikuniku
kyabekko,Kyabekko
hisakabe oto,ゆっしりoto
honon,ホノン
saruanu,サルアヌ
lr hijikata,lr hijikata
noi mine,ノイ鉱山
nirap,nirap
asou (asabu202),asou（asabu202）
kamiyama aya,カミヤマアヤ
hokori sakuni,北野佐野
osame,osame
non (nuebako),非（ヌエバコ）
kataku musou,カタク・ムソウ
mano aaa,マノアア
atsushi (aaa-bbb),アツシ（AAA-BBB）
sushio,sushio
adachi t (xadachit),ACT（Xadachit）
usume shirou,usume shirou
tu tora2,Tu Tora2
lingshalan,リングシャラン
mutou mato,Mutou Mato
natsumi akira,natsumi akira
tyson tan,タイソンタン
satomi yoshitaka,ヨシタカ佐藤
bunji,バンジ
arnold-s,アーノルド-S
nagomi (mokatitk),名実行（Mokatitk）
iroha (shiki),イロハ（シキ）
odachu,オダチュ
solopipb,solopipb
yoshiku (oden-usagi),ヨシク（Oden-usagi）
yo na,ヨナ
kotobuki tsukasa,kotobuki tsukasa
kuma (crimsonvanilla),クマ（Crimsonvanilla）
siino,シーノ
ibuo (ibukht1015),Ibuo（ibukht1015）
hondaranya,ホンダラニャ
las91214,LAS91214
sasa kichi,ササ・キチ
boyaking,ボイキング
marimo (yousei ranbu),マリモ（yousei ranbu）
q azieru,Q azieru
ikuchi osutega,イクチ・オステガ
uzaki (jiro),うねく（ジロ）
j adsen,J Adsen
kuzuvine,クズバイン
hjl,HJL
kuro mushi,クロ・ムシ
expulse,見通し
tsukimirin,ツキミリン
ikeda yasuhiro,イケダ・ヤスヒロ
reimei (r758120518),Reimei（R758120518）
seno (senohime),セノ（セノハイム）
takase asagiri,タカ・アサギリ
hiki yuichi,hiki Yuichi
kyogoku-uru,京子uru
endou (zettai bluenoid),endou（Zettai Bluenoid）
catsmoon,キャッツムーン
buru-dai,ブルダイ
tiler (tiler00),tiler（tiler00）
sakutake (ue3sayu),桜（ue3sayu）
morinaga miki,モリナガミキ
sen'yuu yuuji,sen'yuu yuuji
ouhara lolong,OuharaLolong
mitsunara,ミツナラ
gatau,ガタウ
iganashi1,Iganashi1
wd (1106592840),WD（1106592840）
tsunashima shirou,津島shirou
tarbo (exxxpiation),ターボ（exxxpiation）
chinchongcha,チンチャンチャ
miso (misomiso 154),味o（Misomiso154）
chounorin,チョウノリン
masaki itsuki,伊子子島
zombie mogura,ゾンビモグラ
kanmoku-san,Kanmoku-san
higa yukari,ヒガ・ユカリ
micon,ミコン
kuzia (atarayo),Kuziaaizuk
hanetsuka,ハネツカ
jam (nandade),ジャム（ナンダデ）
ichi-jirushi,一i-jirushi
tada no nasu,TADA NO NASU
chixiao,チキシアオ
minase (takaoka nanase),Minase（Takaoka nanase）
nanahamu,ナナハム
coreytaiyo,Coreytaiyo
kiya machi,キヤ・マチ
unagi (kobucha blaster),unagi（kobucha blaster）
kazane-wind,カザネと風
chiroshiron,Chiroshiron
dungeon toaster,ダンジョントースター
fuuna,フーナ
zizi niisan,Zizi niisan
nagatsukiin,ナガツキン
bsapricot,bsapricot
k jie,Kジー
adarin,アダリン
miaogujun,Miaogujun
shoori (migiha),shoori（migiha）
ryokucha michi,リョオクチャミチ
aegis (theoryiv),aegis（nerocc）
nami (nyaa),ナミ（nyaa）
rukitsura,ルキツラ
seraphim throne,セラフィムの玉座
gunjou row,ガンジョウの列
ima (lm ew),IMA（LM EW）
ne-on,ネオン
yamakawa,山川
midfinger,ミッドフィンガー
wu ganlan cai,ウー・ガンラン・カイ
nightmare77zx,nightmare77zx
hayakawa akari,八川akari
mochiya marosuke,Mochiya Marosuke
owa (ishtail),OWA（ishtail）
hitte5416,hitte5416
hagiwara rin,hagiwara rin
ashita (2010),Ashita（2010）
yoshiki,ヨシキ
sanshita,sanshita
reus (cetta),Cetta（Cettadvd）
uni (plastic girl),ユニ（プラスチックガール）
budgiepon,Budgiepon
chiyingzai,Chiingzai
narushima kanna,奈良カンナ
mibushiro,ミブシロ
sasakura (calicchio),佐々木（カリチオ）
morumoru x,モルモルx
bilibili xiaolu,Bilibili Xiaolu
teffish,テフィッシュ
maanu,マアヌ
mad kimo,マッド・キモ
keiko (mitakarawa),ケイコ（ミタカラワ）
kaede (shijie heping),Kaede（Shijie Heping）
kofunami nana,コフナミ・ナナ
taya oco,タヤオコ
nam (valckiry),ナム（valckiry）
hinata nao,日向ナオ
kagoya1219,Kagoya1219
safi,サフィ
matsumotoke,マツモトーク
kitano (kitanosnowwhite),キタノ（kitanosnowwhite）
touyarokii,Touyarokii
gebijiade 89,gebijiade 89
aruka (alka p1),アルカ（アルカP1）
kingin,キングン
u-suke (supertie),u Jie
kusakabe (kusakabeworks),kusakabe（kusakabeworks）
zero-theme,ゼロテーム
wamu (chartreuse),ワム（シャルトリューズ）
kuren,クレン
ayya sap,ayya sap
gomashio ponz,ゴマシオ・ポンツ
sha2mo,sha2mo
kirigaya yuuji,キリガヤユウジ
kaede (yumesaki kaede),Kaede（Yumesaki Kaede）
santa matsuri,サンタ・マツリ
hazuki haru,hazuki haru
temari rin,テマリ・リン
tkhs,TKHS
aoi kujira,aoi kujira
ryo (liver sashi daisuki!),ryo（肝臓sashi daisuki！）
sougetsu (yosinoya35),sougetsu（yosinoya35）
go robots,ロボットに行きます
delsaber,Delsaber
suetake (kinrui),suetake（kinrui）
senzzang,センツァン
kanda done,カンダはやった
fh moya,FHモヤ
j.k.,J.K.
kimtoxic,kimtoxic
konomi (kino konomi),Konomi（Kino Konomi）
tussy,タッシー
omurice (roza4957),オムリス（roza4957）
shishi osamu,Shishi osamu
maekawa suu,大川suu
mutou kurihito,Mutou kurihito
toriatto gununu,トリアットガンヌ
ctrlz77,Ctrlz77
cenangam,セナンガム
solcha,ソルチャ
jin akhr,ジン・アフル
shamonabe,シャモナベ
house tag denim,ハウスタグデニム
yutamaro,ユタマロ
synchroman,シンクロマン
nyifu,nyifu
jaco,ジャコ
akanagi youto,アカナギ・ユト
sugina miki,スギーナ・ミキ
arai togami,アライ・トガミ
iparupua,iParupua
youjo modoki,youjo modoki
suzushiro (suzushiro333),スズシロ（スズシャイロ333）
lvi,LVI
memekko,Memekko
amai-pai,アマイパイ
rinto (rint rnt),リント（リントRNT）
alkemanubis,Alkemanubis
rynzfrancis,Rynzfrancis
mojarin (kihara mojarin),モジャリン（久保モジャリン）
ttk (kirinottk),TTK（Kirinottk）
kumakoro (tetsupag),クマコロ（Tetsupag）
gueya,gueya
nikuku (kazedesune),nikuku（Kazedesune）
sogawa,ソガワ
sakurato ototo shizuku,桜to久保シズク
mieharu,ミハル
nuriko-kun,ヌリコ・クン
achromaru,ACROMARU
kuro (tbm9187),クロ（TBM9187）
helic (7317helic),ヘリック（7317helic）
tamada heijun,タマダ・ヘジュン
baniran dorosu,バニラン・ドロス
jon (pixiv31559095),Jon（PIXIV31559095）
kawachi rin,カワチリン
nel-c,Nel-C
haneramu,ハネラム
akai (ugokashitari),アカイ（ウゴカシタリ）
hito komoru,hito komoru
maya g,マヤg
kimizuka aoi,kimizuka aoi
siera (sieracitrus),siera（sieracitrus）
seungju lee,スンジュ・リー
40010prototype,40010プロトタイプ
cremanata,クレマタ
77gl,77gl
banpai akira,バンパイ・アキラ
azuki yui,アズキ・ユイ
kezune (i- -i),Kezune（i- -i）
yanje,ヤンジェ
hakaba (dairiseki),hakaba（dairiseki）
eromkk,エロムク
heirou,heirou
none (kameko227),なし（kameko227）
alto seneka,アルト・セネカ
mgong520,MGONG520
nyanmaru,nyanmaru
mokumokuren (atariya kyoushitsu),Mokumokuren（Atariya kyousutu）
hiwokawa,ホノタイ
ibara azuki,イバラ・アズキ
ocha (popopogg),Ocha（Popopogg）
nora wanko,ノラ・ワンコ
uo denim,UOデニム
ippers,ippers
vierzeck,Vierzeck
ana (rznuscrf),ana（rznuscrf）
akata itsuki,アカタ・イツキ
takami masahiro,高山高地
endou okito,エンドウ・オキト
hazuki ruu,ハズキ・ルー
kokuriu,kokuriu
shiranagi,シラナギ
kekel,ケケル
kieta,キエタ
wonbin lee,Wonbin Lee
noeru,ノエル
wei xiao,ウェイ・シャオ
malberrybush,Malberrybush
nineo,ニネオ
pon yui,ポンユイ
asami asami,浅見浅い
kyusoukyu,九州
tantan men (dragon),タンタンの男性（ドラゴン）
noyu (noyu23386566),noyu（noyu23386566）
yukino minato,Yukino Minato
yuuki kira,ユキキラ
choco (chocovix112),Choco（Chocovix112）
yuuichi (reductionblack),ユウイチ（reductionblack）
sigm@,sigm@
band-width,帯域幅
nojima minami,中野村
cloudxmoe,CloudXmoe
tuxedo de cat,Tuxedo de Cat
demorzel,デモルゼル
suna (sandworks),SUNA（サンドワークス）
zifu,zifu
masaki (msk064),マサキ（MSK064）
hershuar,ハーシュアー
polarityplus,極性
meameeea,Talesofmea
matangom,マタンゴム
chichibu (watson),チチブ（ワトソン）
asava (hutaitenn),asava（hutaitenn）
kyuutou (kyuutouryuu),kyuutou（kyuutouryuu）
takishima asaka,浅島竹内
ishikawa sparerib,石川Sparerib
imamura ryou,イマムラ・リョウ
taka t,タカt
sironora,シロノラ
ugwa,ウグワ
carina (xiaowoo),カリーナ（xiaooooo）
yuuppi,ユウッピ
aoin,aoin
kazari tayu,カザリタユ
nagatsukiariake,ナガツキアリケ
216,216
viola (seed),ヴィオラ（シード）
waka (shark waka),ワカ（サメワカ）
yatsuhashi kyouto,YATSUHASHI KYOUTO
fumikiri (dake no hito),fumikiri（dake no hito）
whoru,あなたは誰ですか
tansho,タンショ
arikanrobo,Arikanrobo
puracotte,Puracotte
karunabaru,カルナバル
sezok,セゾク
toru nagase,トルナガーゼ
tenmiyakiyo,Tenmiyakiyo
shirayuki towa,shirayuki towa
gel (nukoleg),Yodare（3yami8）
neko no kedama,KDM（Ke Dama）
kinokomushi,kinokomushi
hormone koijirou,ホルモンkoijirou
acchii (akina),acchii（akina）
num (angrynum),A：N（AngryNum）
aldharoku,アルダロク
yuunamida uyu,ユウナミダウユ
yuuzuki (re'ef),ユウズキ（re'ef）
applepie (12711019),Applepie（12711019）
mikurou (nayuta),ミクロウ（nayuta）
fenrir (fenriluuu),フェンリル（フェンリルー）
alison (alison airlines),アリソン（アリソン航空）
quan (kurisu tina),Quan（Kurisu Tina）
inuarashi,inuarashi
mutsutake,ムツタケ
gomano rio,ゴマノリオ
paint musume,ペイントマッサム
baka-man,バカマン
calcio,カルシオ
jiffic,ジフフィック
hirose (mokiki),Hirose（Mokiki）
cube85,Cube85
kannazuki hato,ハトカンナズキ
hue oo,色相
akizone,アキゾン
mikomachi (35machi),ミコマチ（35machi）
douya (233),ドゥヤ（233）
kapuru 0410,カプル0410
hemo (hemoroda),ヘモ（ヘモロダ）
roin,ロイン
emon-yu,emon-yu
mikami (nemu mohu),Nemu Mohu
hoshara,ホシャラ
shou937,shou937
inusaka,insaka
albino (a1b1n0623),アルビノ（A1B1N0623）
sbgu,SBGU
colis,コリス
merry-san,メリーさん
sumi keiichi,スミケイチ
sakamuke,さくら
takano natsuki,タカノ夏
cherico,チェリコ
shigunyan,シグーニャン
yuku (kiollion),ユク（キオリオン）
urushi,ウルシ
tsukineko,津波
harusame (rueken),ハルサメ（ルーケン）
measho,Measho
pyz (cath x tech),Pyz（Cath X Tech）
musen-shiki sanhankikan,ミューン・シキ・サンハンキカン
kitazume hiroyuki,キタズメ・フロユキ
flanvia,フランビア
lunch boxer,ランチボクサー
souta (karasu no ouchi),スータ（カラス・ノウチ）
pila-pela,ピラペラ
kamaboko (ossann0125),カマボコ（ossann0125）
hiroshi (hunter-of-kct),ヒロシ（ハンターオブkct）
netural,ネットラル
spider apple,スパイダーアップル
kousetsu,Kousetsu
nekoi mie,ネコイミエ
raki kr,ラキKR
yue (shemika98425261),yue（shemika98425261）
tomochi (tmc tmc8),トモチ（TMC TMC8）
lynarc,cm lynarc
ikezawa shin,イケザワシン
rayno,レイノ
nase,nase
karadborg,Karadborg
liu liaoliao,liu liaoliao
urara (ckt),ウララ（ckt）
hinami (hinatamizu),ひわ（ひきり）
foxvulpine,Foxvulpine
rybiok,rybiok
monicanc,モニカン
sunanuko (ramuneko),スナヌコ（ラムネコ）
gen (black factory),gen（黒い工場）
kishibe,キシベ
reulem,Reulem
fujiyama ichiha,藤山ichiha
miga (migao),ミガ（ミガオ）
alchemaniac,錬金術
buchikaki,ブチカキ
dokan (dkn),dokan（dkn）
shigekikkusu,Shigekikkusu
suzume miku,スズメ・ミク
ayasaka,アヤサカ
alchera,アルチャラ
kantaka,カンタカ
nito (nshtntr),nito（nshtntr）
tsukamoto minori,津波小i
okuma mai,オクママイ
sagamiso,サガミソ
baizu (guszx),バイズ（ガスツ）
fukutarou (enji127),Fukutarou（enji127）
roarke (lavenderincubus),Roarke（Lavenderincubus）
shoumaru (gadget box),shoumaru（ガジェットボックス）
kisaragi yuri,キサラギ・ユリ
dross,ドロス
miyakure,miyakure
itachou,itachou
masukudo (hamamoto hikaru),マスクード（hamamoto hikaru）
kiramarukou,キラマルコウ
karokuchitose,karokuchitose
wounds404,傷404
goriate,goriate
jornyhail,Jornyhail
tsukigami runa,ツキガミナ
sethkiel,セスキエル
honnryou hanaru,Honnryou Hanaru
pocari66,pocar​​i66
zukky,ズッキー
noa (nagareboshi),ノア（ナガレボシ）
sora (men0105),ソラ（Men0105）
yakota (usuk-yako),ヤコタ（usuk-yako）
moruchi (rinaka moruchi),モルチ（rinaka moruchi）
nekokyun,nekokyun
uguisu mochi (ykss35),うずまぐモチ（YKSS35）
himuro yukichiko,Pretty-Purin720
kicdon,キックドン
tomoyuki kotani,トモユキ・コタニ
salpin,サルピン
neonfloyd,ネオンフロイド
doraeshi,ドレアシ
gram 9,グラム9
ao jun,ao jun
ekra,エクラ
kinjo kuromomo,Kinjo Kuromomo
kieyza,キエザ
glastonbury1966,Glastonbury1966
kino (kino konomi),Kino（Kino Konomi）
dokshuri,ドクシュリ
miyasaka miyu,ミヤサカミユ
superpig,SuperPig
arakawa tarou,アラカワタロウ
mochizuki mochi,モチズキ・モチ
eliskalti,エリスカルティ
jimmy madomagi,ジミー・マドマギ
shenbei xiaoqiu,Shenbei Xiaoqiu
rito453,Rito453
ne an ito,ne ito
ichikushi mojibake,いちごモジバケ
aono (f i s),aono（f i s）
umibudou,umibudou
nadeara bukichi,ナデアラ・ブキチ
reibun (raven1119),Reibun（Raven1119）
rolua,ロルア
mukiki,ムキキ
magai akashi,マガイアカシ
ki (adotadot),Ki（Adotadot）
kuutamo,クタモ
ruberule,ruberule
moreshan,モレシャン
fujiko (emnprmn),藤子（emnprmn）
tsuyadashi shuuji,ツヤダシ・シュウジ
yuihira asu,ユイヒラアス
hiro hiroki,ヒロ・ヒロキ
minami juujisei,Minami Juujisei
shiosoda,シオダ
gecchu,gecchu
amagasa yun,アマガサユン
shiina kuro,シーナ・クロ
kazawa (tonzura-d),カザワ（トンズラ-D）
mosta (lo1777789),Mosta（LO1777789）
yamamoto kazue,山本カズエ
pinch (nesume),ピンチ（nesume）
kaneko (novram58),Kaneko（novram58）
kemurin,ケムリン
kouzuki hajime,コウズキ・ハジメ
sino42,sino42
motohara moka,モトハラモカ
hisin,ヒシン
kasashi (kasasi008),カサシ（kasasi008）
sai-go,saigo
yalmyu,ヤルミュー
futaba miwa,utaba miwa
same anko,同じアンコ
kotobukkii (yt lvlv),kotobukkii（yt lvlv）
tamago (eva1314056),タマゴ（EVA1314056）
miya (tsumazukanai),ミヤ（ツマズカナイ）
itoko (ldoll itk),itoko（i t k）
chakabo,チャカボ
shiro (reptil),シロ（爬虫類）
doyora,ドヨラ
hoshino souichirou,Hoshino Souichirou
ga320aaa,GA320AAA
hati105,hati105
amaichi esora,amaichi esora
putama,パタマ
kinosuke (sositeimanoga),kinosuke（sositeimanoga）
ether core,エーテルコア
usaka ray,ウサカレイ
otimusyairoha,otimusyairoha
haku (sabosoda),ハク（サボソダ）
stone (ksorede),石（ksorede）
kyutai x,キュタイx
sukoyaka93,Sukoyaka93
chrisandita,Chrisandita
kuragare,クラガレ
unadare,礼拝
flou (flou art),flou（flou art）
shibata kouhei,Koohee
kemo chiharu,ケモチハル
takada kazuhiro,高田カズヒロ
mad (hazukiken),マッド（ハズキケン）
shiitake nabe tsukami,Shiitake nabe tsukami
shian (my lonly life.),シアン（私の孤独な生活。）
kogatarou,kogatarou
takeashiro,テキシロ
puririn,プリリン
materclaws,マタークロー
misa (jjin miryeon),ミサ（Jjin Miryeon）
shiki (catbox230123),シキ（catbox230123）
pisuke,ピスケ
origami (poinia),ポイニア
toushirou (sugarwhite1046),toushirou（sugarwhite1046）
qingmingtongzi,Qingmingtongzi
gya (144),Gya（144）
aisutabetao,アイズ湾
katagiri nanoka,カタギリナノカ
drive shot,ドライブショット
kasuga (kasuga39),カスガ（kasuga39）
ar (lover boy),AR（恋人の少年）
akinashi yuu,akinashi Yuu
rekka,レッカ
flowerpigeon,花-imh
nokishita kumoemon,nokishita kumoemon
the olphy,オルフィ
amadeusky,キリン・トロイカ
kosai takayuki,小屋高藤
kana (maple926),kana（maple926）
ibara riato,イバラ・リアート
angon623,ANGON623
hassen (8cm),ハッセン（8cm）
otsudou,otsudou
shibuki kamone,シブキ・カモネ
kuga huna,クガ・フナ
kaosu (kaosu0905),Kaosu（Kaosu0905）
omoomomo,オムームモ
kutata,クタタ
shibao aoyama,青山島
fymrie,fymrie
mumukyabi,霜の霧
rimukoro,リムコロ
axsen,Axsen
shibainu niki,シビヌ・ニキ
kapuchii,kapuchii
yoohi,ユヒ
shycocoa,Shycocoa
ginnkei,ginnkei
chiroru (cheese-roll),Chiroru（チーズロール）
tj-type1,TJ-Type1
inue shinsuke,inue shinsuke
megumiya,Megumiya
spidu,スピドゥ
mitsuki yuuya,ミツキユウヤ
hibun tsukasa,Hibun Tsukasa
galibo,ガリボ
naguru (cyoroama),ナグル（Cyoroama）
wamudraws,wamudraws
yahako,ヤハコ
nompang,ノパン
abekawa,Abekawa
mizu asato,浅田半
kou futoshi,Kou futoshi
senano-yu,Senano-Yu
morino bambi,モリノ・バンビ
minazuki noumu,ミナズキヌーム
ka-9,KA-9
neko (ganecooo),neko（ganecooo）
in-hyuk lee,in-Hyuk Lee
esearu,esearu
barleyshake,BarleyShake
kiraki,キラキ
takatsuki akira,タカツキアキラ
jagabutter,ジャガブター
meiya neon,メイヤネオン
yamazaki tsukune,山崎tsukune
bygin,チェン・ヤン・ヤン
hataraki kuma,ハタラキクマ
uehiro,上田
kurisu-kun,kurisu-kun
bechu,ベチュ
bailingxiao jiu,Bailingxiao jiu
akiyoshi (tama-pete),akiyoshi（Tama-pete）
poligon (046),ポリゴン（046）
mathew (srmmk mce),Mathew（SRMMK MCE）
usagi nagomu,うさぎ長子
chiune (yachi),Chiune（Yachi）
43 pon,43ポン
mizoguchi keiji,ミゾグチケジ
nanase aoi,ナナーゼAOI
seo jaiil,seo jaiil
katiko,カティコ
cherry in the sun,太陽の下でチェリー
lemon snail,レモンカタツムリ
shisantian,シザンティアン
huyusilver,Huyusilver
2zuz4hru,2zuz4hru
echizen (n fns17),echizen（n fns17）
sailen0,Sailen0
manzai sugar,Manzai Sugar
savi (byakushimc),Savi（byakushimc）
shikuta maru,シクタ・マル
uramakaron,ウラマカロン
lobsteranian,ロブサリアン
bouen,ボーエン
taka-michi,タカミチ
kou (haijindeath),kou（haijindeath）
zero (miraichizu),ゼロ（miraichizu）
kuuron (moesann17),クーロン（moesann17）
akishima kei,kei
mmhomm,Mmhomm
shimizu pem,Shimizu Pem
kirai shouen,Kirai Shouen
gilse,ギルス
mofuaki,モフアキ
akamoku,アカモク
taisho (gumiyuki),Taisho（Gumiyuki）
bonnie (rsg),ボニー（RSG）
coria,コリア
sanbasou,サンバソウ
kanya pyi,kanya pyi
chikotam,チコタム
oslight,オスライト
renshiu,renshiu
galbany (tsgororin),ギャルバニー（Tsgororin）
danraz0r,danraz0r
yuyu (yuyuworks),ゆう（ユユワークス）
lalazyt,lalazyt
virus-g,Virus-G
kagari liroi,カガリ・リロイ
ryota-h,ryota-h
yiduan zhu,Yiduan Zhu
matuda (matudayazo),マトダ（マトダヤゾ）
monkey jon,モンキージョン
komatsuzaki rui,コマツザキルイ
tajima yoshikazu,ヨシカズ田島
secret dmain,ムーンロロー
muu rian,ムー・リアン
4b-enpitsu,4b-enpitsu
profnote,敬意
exaxuxer,Exaxuxer
gisyo,ギショ
morio (poke orio),モリオ（ポークオリオ）
kurono yuu,クロノユー
ji dao ji,ji dao ji
hinaki (hinaki 0102),hinaki（hinaki 0102）
kyoeiki,京子
oruka (kamituki0827),Oruka（Kamituki0827）
chien zero,Chien Zero
maburu (lojyq1eur3e8bit),Maburu（lojyq1eur3e8bit）
chibikki,キビッキ
hirai yukio,ヒライ・ユキオ
hong doo,ホン・ドゥー
fumihiro,fumihiro
yuko (uc yuk),ユコ（UC Yuk）
tam-u,tam-u
kagawa ichigo,川川気ゴ
handplug,ハンドプラグ
koorimizu,koorimizu
freeze-ex,フリーズエクス
yuki to hana,ユキとハナ
himuhino,ヒムヒノ
docozi,ドコジ
senmura,センムラ
honda naoki,ホンダ・ナーキ
mizuyan,ミズーヤン
sakeharasu,Aasyharasu
sozan,ソザン
perepere-kun,ペレペレクン
saemon (tonpura),セモン（トンプラ）
huei nazuki,Huei nazuki
suiroh (shideoukami),suiroh（shideoukami）
ale (ale halexxx),エール（エールhalexxx）
lutherniel,Lutherniel
hyperbudd,Hyperbudd
jurrig,ジュリグ
l (matador),L（マタドール）
miyako (xxxbibit),ミヤコ（xxxbibit）
gaothun,ガオトゥン
nao suke,ナオスケ
abaraya,アバラヤ
wee (weeyy),wee（weeyy）
hachi (8bit canvas),ハチ（8ビットキャンバス）
zds,桜
bebe (bebe pp),bebe（bebe pp）
watosu,ワタス
bankoku ayuya,bankoku ayuya
paintrfiend,Paintrfiend
maruyaa (malya1006),Maruyaa（Malya1006）
k pring,Kプリング
mogiki hayami,モギキ・ハヤミ
skj,SKJ
gambe,ガンベ
makinaru,マキナル
matty (zuwzi),マティ（Zuwzi）
nanase meruchi,ナナーゼメルチ
tokki,トッキ
tenohira (tenoo),tenoo12
sougetsu izuki,Sougetsu Izuki
kyou (iuciferic),キョウ（ningiou）
nana kagura,ナナ・カグラ
yilx,Yilx
hariyaa,ハリヤ
sunsetskyline,サンセットスカイライン
arito arayuru,Arito Arayuru
sharumon,シャルモン
eunos,ユーノス
strelka belca,ストレルカ・ベルカ
misaki juri,ミサキ・ジュリ
futon (kitsune tsuki),布団（キツネツキ）
neko daruma,ネコ・ダルマ
kyoutsuugengo,Kyoutsuugengo
yoshino norihito,ヨシノ・ノリヒト
souma (ordures),スーマ（ordures）
tsugutoku,ツガトク
toshinoshin,トシノシン
yasuhiko yoshikazu,ヨシカズヤスヒコ
tsuaii,Tsuaii
otono (bkt4b),otono（bkt4b）
3four,3four
tcb,TCB
imagawa akira,Imagawa akira
cnm,CNM
riv (rivleaf),riv（rivleaf）
opagi,オパギ
denki showgun,デンキ・ショーガン
don (29219),ドン（29219）
zakki,ザッキ
captain yue,キャプテン・ユエ
nc731,NC731
amaki-chan (volfuji),アマギ（ヴォルフジ）
ranran 3939,ランラン3939
czy (2894456992),Czy（2894456992）
benio (dontsugel),ベニオ（dontsugel）
yamacchi,山ッチ
fugetsu taku,fugetsuタク
kitayuki kajika,Kitayuki Kajika
azuse neko,Azuse Neko
padoruu,パドルー
maruti bitamin,Maruti Bitamin
nekoyashiki pushio,Nekoyashiki Pushio
kuroduki,クロドゥキ（ピート）
irokohaku,Irokohaku
uisu (noguchipint),uisu（noguchipint）
stoic seraphim,ストイック・セラフィム
tsubaki (tatajd),ツバキ（Tatajd）
yuya (night lily),ユヤ（ナイトリリー）
kayako (tdxxxk),カヤコ（tdxxxk）
naotosi,ナオトシ
ogata kouji,オガタ・コウジ
gogeyama,ゴゲヤマ
nakabayashi reimei,中aishireimei
an sin,罪
chingisu,チンギス
7gao,7gao
chela77,chela77
nev (nevblindarts),nev（nevblindarts）
sharekoube,ShareKoube
kitazinger,キタジンガー
afukuro,アフクロ
graph (graphiteknight),マツセンシー
mizuamememe,mizuamememe
nasii,Nasii
gochou (kedama),Gochou（Kedama）
turewindwalker,TureWindwalker
ohara hiroki,オハラ・ヒロキ
abua,アブア
march-bunny,マーチバニー
asahikawa hiyori,浅川ひよこ
tenrai,Tenrai
topia,トピア
cocq taichou,COCQ TAICHOU
xretakex,Xretakex
kukka,クッカ
00kashian00,00Kashian00
kuroda kazuya,黒田kazuya
lefthand,左手
meto31,Meto31
gaiko kujin,ガイコ・クジン
kishi nisen,キシ・ニーゼン
oshiruko (tsume),oshiruko（tsume）
nijihayashi,nijihayashi
lucie,ルーシー
taaru (taru),タル（タル）
hoshiakari (c2 kikan),ホシアカリ（C2キカン）
abutomato,アビトマト
murase48,Murase48
nicorima,ニコリマ
ryuji (ikeriu),ryuji（ikeriu）
mcdobo,マクドボ
mike156,Mike156
nano (syoutamho),ナノ（syoutamho）
tororo ten,トロロ10
wakino keibun,ワキノケイブン
zephid,ゼフィド
yurume atsushi,yurume atsushi
tetsubuta,Tetsubuta
horibe hiderou,Horibe Hiderou
chocho (homelessfox),チョチョ（ホームレスフォックス）
sofy,ソフィ
cezaria,セザリア
kinoji,キノジ
monolith (suibou souko),モノリス（Suibou Souko）
sat-c,sat-c
sakura kotetsu,さくらコテツ
anyannko,Anyannko
the0neulost,0NEULOST
aoto neko,ao no neko
poppy (poppykakaka),ポピー（poppykakaka）
alzi xiaomi,アルジXiaomi
hemorina,ヘモリーナ
kivo,キボ
hanasakichu,漢字
nae-nae,nae-nae
tailbox,テールボックス
akuma (st.takuma),アクマ（聖タクマ）
ikune juugo,Ikune Juugo
toriny,トリニー
garimpeiro,Garimpeiro
utahane,ユタン
gomamiso (gomamiso sp),gomamiso（gomamiso sp）
tipii,Tipii
orz (kagewaka),オルツ（カゲワカ）
umibouzu (niito),umibouzu（niito）
bbmasa,Bbmasa
smile (qd4nsvik),笑顔（QD4NSVIK）
yuuki akira,ユキ・アキラ
zundarepon,Zundarepon
bwell,bwell
sakuno (sksk sakuno),Primamiya
ki (kk-sk-ray),Ki（KK-Sk-ray）
mysteryctu,Mysterctu
ardenlolo,アーデンロロ
nofuture,未来がない
fujinoki (horonabe-ken),藤野（horonabe-ken）
jovejun,Jovejun
kradebii,Kradebii
sanjiro (tenshin anman),サンジロ（テンシンアンマン）
neps-l,neps-l
nori chazuke,Nori chazuke
hamico,ハミコ
maxa',マクサ '
iris anemone,アイリスアネモネ
hinata masaki,日向崎
sch,sch
dbmaster,dbmaster
orochi itto,olochi itto
yurika-r,yurichtofen
evandragon,エヴァンドラゴン
bon (rump),ボン（rump）
kirin kakeru,キリン・カケル
vice (kuronekohadokoheiku),Vice（Kuronekohadokoheiku）
lrh0123,LRH0123
bakuya,バクヤ
shirono,シロノ
oekakiism,oekakiism
dytm,dytm
yurikuta tsukumi,Yurikuta tsukumi
mullmull02,Mullmull02
natsuki marina,ナツキマリーナ
hoshi usagi,うさぎ星
toriyoshi,トリヨシ
yuuhi (arcadia),ユウヒ（アルカディア）
kagemusya,Kagemusya
kainown,ケイナウン
mejikara scene,メジカラのシーン
fuussu (21-kazin),fuussu（21-kazin）
ifuji shinsen,ifuji shinsen
kamameshi gougoumaru,kamameshi gougoumaru
matcha (mattyan),抹茶（マティアン）
yuccoshi,ユッコシ
rokko,ロッコ
tesshii (riza4828),tesshii（riza4828）
tsuki no i-min,つまやきはi-min
sakusyo,さくら
naruse chisato,ナルス・チザート
soto,する
wada sachiko,ワダ・サチコ
watagashi yui,ワタガシユイ
stu dts,stu dts
araragi ayune,Araragi Ayune
tama (tama-s),Tama（Tama-s）
ka2,Ka2
nu (plastic eraser),NU（プラスチック消しゴム）
pito (sh02327),ピト（SH02327）
ayumaru (art of life),ayumaru（人生の芸術）
yuuki hana (jtnp5334),ユキ・ハナ（jtnp5334）
pon (ponidrop),ポン（ポニドロップ）
mutsumi masato,ムツビマサト
akagi shun,アカギ・シュン
minami aomori,青野青
kyuri tizu,九州ティズ
roco (katsuya1011),Roco（Katsuya1011）
kojiro337,Kojiro337
sagemaru-br,sagemaru-br
shin (shin k009),シン（シンK009）
ion (cation),イオン（陽イオン）
kilabo,キラボ
mezashi (mezamashi set),Mezashi（Mezamashiセット）
tomiokasena,トミオカセナ
twinpoo,ツインプー
hug (yourhug),抱擁（yourhug）
miya9,miya9
hisayuki hirokazu,ヒロカズ島
ridy (ri sui),Ridy（ri sui）
oshiaki,オシアキ
goribote,ゴリボート
chamupei,Chamupei
baisi shaonian,Baisi Shaonian
moorina,ムーリーナ
hinoru saikusa,ヒノル・サイクサ
yokaze (yokajie),Yokaze（Yokajie）
aoi (buzhuen444),aoi（buzhuen444）
anagumasan,アナグマサン
silveroid,銀色
hikari (komitiookami),ひこ（komitiookami）
yuuki shuri,ユキ・シュリ
liclac,liclac
mamo williams,マモ・ウィリアムズ
kagarimachi konatsu,Kagarimachi konatsu
hino minato (spec.c),hino minato（spec.c）
matsutani,マツタニ
sharktuna,Sharktuna
amane kurumi,アマネクルミ
bayeuxman,バイユーマン
reiq,reiq
kosokosomaru (higashi taishi),コソコソマル（日向hi）
yuuki (irodo rhythm),ユウキ（イロドリズム）
cocoloco,ココロコ
yutokamizu,ユトカミズ
siun,siun
hagane soushi,ハガネ・スウィ
ekm,ekm
pensuke,ピンケ
chuck (harfmoondark),チャック（harfmoondark）
monokubo,モノクボ
majamari,マジャマ
omochishiki,オモチシキ
satchely,サッチリー
metarogu,メタログ
kawarajima kou,川kou
tom-neko (zamudo akiyuki),Tom-Neko（Zamudo akiyuki）
maeya susumu,Maeya Susumu
catbell,キャットベル
kay yu,ケイユ
kamu kotan,Kamu Kotan
aryuma772,aryuma772
kotoyoshi yumisuke,久保小屋
kuma (bloodycolor),クマ（Bloodycolor）
maiii (smaii i),maiii（smaii i）
minamon (vittel221),ミナモン（vittel221）
saboten teishoku,Saboten Teishoku
kurozako,黒子
animeflux,AnimeFlux
whoopsatro,フーポストロ
tsukioka tsukiho,津田tsukiho
54hao,54hao
otou (otou san),otou（otou san）
suno (imydream),suno（imydream）
himukai kyousuke,九尾丘
hirasawa seiji,広島seiji
benizuwai,ベニズワイ
kuzu kow,クズ・コウ
kitasaya ai,キタサヤAI
oka mochi,岡モチ
haruka natsuki,ナツキ春
kamotama,カモタマ
yuriwhale,yuriwhale
nome (nnoommee),ノーム（nnoommee）
yuu (kfc),Yuu（KFC）
s-now,雪
da-cart,da-cart
izuka daisuke,大suke島
basa rutan,バサ・ルタン
miyashiro ryuutarou,Miyashiro ryuutarou
sakurano ru,さくらru
michiking,マイジーキング
uchisaki himari,hisaki himari
sinkai,シンカイ
kei kei,Kei Kei
shanguier,shanguier
fixro2n,fixro2n
kabayaki unagi,カバヤキ・ウナギ
shimizu akina,清水史
lor (roasyerizyonirapi),lor（roasyerizyonirapi）
eternity (shadeh),永遠（シェード）
umarutsufuri,Umarutsufuri
makoron117117,Makoron117117
watanuki kaname,ワタヌキカナメ
fatkewell,ファットケル
iwamushi,岩室
fred04142,FRED04142
tamamon,タマモン
suisai (suisao),スイサイ（スイソー）
okiru,オキル
miroku san-ju,Miroku San-Ju
kusuribe,クスリベ
marshall k,マーシャルk
hiiragi fuyuki,hiiragi fuyuki
kikugetsu,kikugetsu
ycco (estrella),ycco（エストレラ）
hoojiro,フジロ
renshu usodayo,Renshu Usodayo
miru (mill 36),ミル（ミル36）
aratama (a-tama),アラタマ（a-tama）
fami (yellow skies),ファミ（黄色の空）
mmm (ji1945),MMM（JI1945）
mizutame tori,ミズタム・トリ
hinosaki,日崎
tamahana,タマハナ
marumai,マルマイ
haerge,ハーゲ
aburidashi zakuro,アブリダシザクロ
edgar syu,エドガー・シュー
sawkm,sawkm
meekohopanes,Meekohopanes
nijihashi sora,nijihashi sora
bangqiao yan,バンキアオヤン
daniel deng,ダニエル・デン
whoisshe,彼女は誰ですか
raigyo (mk48torpedo),魚雷（GAD3757）
rumiya9i,Rumiya9i
sadakage,サダケージ
kornod,コルノド
karikura (atatata71),karikura（atatata71）
mashima saki (mashimasa),田山佐野（マシマーサ）
menomorute,gu
arpeggio kaga,アルペジオ・カガ
chintora0201,Chintora0201
ponkan 8,ポンカン8
anna (drw01),アンナ（DRW01）
aos,aos
miyasaka naco,ミヤサカナコ
hamaburicchi,hamaburicchi
konkito,コンキト
moeanime,モアニメ
koizumi amane,koizumi amane
mo ne,mo ne
ku roiko,Ku Roiko
yokoyama kouji,横山kouji
najuco (naju0517),najuco（naju0517）
akusema,アクセマ
tsunemi aosa,ツネミアーサ
burnt green tea,焦げた緑茶
honda tamanosuke,ホンダ・タマノーケ
sengoku chidori,佐野省
tatsuya (guild plus),タツヤ（ギルドプラス）
mitsumine (ookami no oyashiro),ミツミン（ookami no oyashiro）
blackfangs,ブラックファン
muuba,ムバ
won (az hybrid),ウォン（AZハイブリッド）
xlyami,xlyami
oozora itsuki,ooゾラ・シュキ
ikeda (cpt),池田（CPT）
hinata momo,日向モモ
date (senpen),日付（senpen）
sakuraji tomoka,トモグラフィ
hirokiku,ヒロキク
namazu (yamasonson),ナマズ（ヤマソンソン）
saya pr,サヤPR
mifuru,ミフル
shift (shiftillust),シフト（シフトラスト）
mokuzou (moku ssbu),長石（MokuSSBU）
amlichan,アムリチャン
makura (y makura),マクラ（Yマクラ）
ikameshi (nega96396),Ikameshi（nega96396）
nekoguchi,ヌコグチ
marghe bita,Kotneciii
kagawa yuusaku,川川ゆく
umezawa itte,uzawa itte
wagashi928,Wagashi928
nori gorou,Nori Gorou
miv4t,MIV4T
umigraphics,umigraphics
takamura kazuhiro,高村カズヒロ
hagi (ame hagi),hagi（ame hagi）
kotatsu (kotatsu3),コタツ（kotatsu3）
beitemian,beitemian
aruma jiki,アルマ・ジキ
xin yu hua yin,Xin Yu Hua Yin
yoshimo,ヨシモ
nyonn24,NYONN24
inu (marukome),inu（marukome）
janis (hainegom),ジャニス（ハイネゴム）
itaco,イタコ
koma midori,Koma Midori
mashicono,マシコノ
hyouta (yoneya),ハイアウタ（Yoneya）
dfra,dfra
cioccolatodorima,Cioccolatodorima
momoirone,モモーロン
shiro wa (shiroshironix),Shiro WA（Shiroshironix）
focke wulf,Focke Wulf
sen (senkuden),SEN（sen42724788）
anco (platanity),アンコ（プラタニティ）
fataaa,ファタア
kousaku,クサク
olys,オリス
sunameri (pixiv3564245),Sunameri（pixiv3564245）
ponpon,ポンポン
garukichi,ガルキチ
rukinya (nyanko mogumogu),ルキニャ（ニャンコ・モグモグ）
io (sinking=carousel),io（sinking = carousel）
anno88888,ANNO88888
hen-tie,ヘン・タイ
kiri (2htkz),キリ（2htkz）
yuushiba,ユシバ
skade,スケード
huyase,Huyase
mebae,メバ
ichimi renge,イチミ・レンゲ
ishida seito,石田seito
hanarito,ハナリト
izumi akane,イズミアカネ
shino (comic penguin club),シノ（コミックペンギンクラブ）
hyouju issei,Hyouju Issei
hasebe yuusaku,Hasebe Yuusaku
kenuu (kenny),ケヌー（ケニー）
minaha (playjoe2005),ミナハ（playjoe2005）
run p (aveton),P（Aveton）を実行する
kirisawa saki,キリサワサキ
any (trueblue),任意の（TrueBlue）
machiko (beard),マチコ（ひげ）
guzangnanfeng,guzangnanfeng
rkp,RKP
kamizaki hibana,カミザキ・ヒバナ
nishiki kazue,ニシキ・カズエ
shirinda fureiru,Shirinda Fureiru
krirk,クリーク
yukiko (tesseract),ユキコ（テッセラクト）
shiratama mochi,志望賞
pinkgermy,ピンクジェルミー
emperpep,皇帝
ichidai taisa,Ichidai taisa
gaketsu,ガケツ
clyde s,クライドs
kouzuki kei,kouzuki kei
maku ro,マクロ
upanishi mariko,upanishi mariko
p-nekor,p-nekor
saiba (henrietta),サイバ（ヘンリエッタ）
miki purasu,ミキ・プラス
ren san,レンサン
soyosoyo,ソヨソヨ
gulim,グリム
neopure,neopure
hano9789,hano9789
sergei (pattundo),セルゲイ（パトゥンド）
roresu,ローズ
hirakawa,広川
ub1mo,ub1mo
hiyo kiki,ヒヨキキ
haida katsuretsu,ハイダ・カツレツ
higa423,higa423
kirikirimai (kkm),キリキリマイ（kkm）
lan mao akko,Lan Mao Akko
homing (areya),ホーミング（アレヤ）
absol (dkqthf),絶対（dkqthf）
sakai (motomei),サカイ（モトメイ）
mebunryo (mebunryo2),Mebunryo（Mebunryo2）
hoshiringo0902,hoshiringo0902
hareno chiame,ハレノ・チアメ
oteruko (wanabeee),Oteruko（wanabeee）
haru (haruxxe),ハル（haruxxe）
yanagi yuu,ヤナギユー
sami (object dump),サミ（オブジェクトダンプ）
0nodera,0NODERA
gogatsu fukuin,Gogatsu Fukuin
yonoisan,ヨノイサン
urotan,ウロタン
hanamasa ono,ハナマサオノ
moto murabito,Moto Murabito
suzugahama,鈴木
hitode,ヒトデ
satogo,サトゴ
yukemuriganmo,Yukemuriganmo
suda (yuunagi enikki),スーダ（ユウナギ・エニッキ）
mzrz,MZRZ
anzumame,アンズマメ
kisamu (ksmz),キサム（KSMZ）
midori niku,ミドリ・ニク
kou1,Kou1
kanikou,kanikou
jl tan,jl tan
ray (pixiv9514208),レイ（PIXIV9514208）
kabu usagi,カブ・ウサギ
e-fa-dorn,e-fa-dorn
kei (bekei),ケイ（ベケイ）
wakamesan,ワカメサン
minazuki tsuyuha,ミナズキ・ツユハ
canking,缶詰
masaki (ekakiningen),マサキ（ekakiningen）
mr.lime,ミスターライム
kuen (kuennn12),Kuen（Kuennn12）
be (o-hoho),be（o-ho）
nitako,ニタコ
baku taso,バクータソ
yukishiro arte,ユキシロ・アルテ
kikurage (plastic people),Kikurage（プラスチック人）
ladic,レディック
kakitama,カキタマ
heikala,ハイカラ
mikel (4hands),ミケル（4hands）
kudou (ooabareteng),クドゥ（ooabareteng）
tsushi,つか
chameleon man (three),カメレオンマン（3）
muji (uimss),ムジ（uimss）
m0 chi,M0 Chi
kushida you,クシダー
yellowpaint.,イエローペイント。
kikimifukuri,kikimifukuri
longlong (drasdr7513),Longlong（drasdr7513）
kurousagi yuu,紅毛
yuki usagi (snowcanvas),うさぎゆく（雪だるま）
kuroshiro00,kuroshiro00
yolanda,ヨランダ
futoshi slim,Futoshi Slim
tsuzuri (tu-san house),ツズリ（Tu-san House）
kuramoto takato,高本標本
203wolves,203wolves
aaru (tenrake chaya),aaru（TenrakeChaya）
nakamura sumikage,中村sumikage
kirisato itsuki,キリザート・イツキ
nanaroba hana,ナナロバ・ハナ
kojima (blue stardust),小島（青いスターダスト）
ariyoshi gen,ariyoshi gen
sakaki maki,サカキ・マキ
qblade,qblade
suicchonsuisui,suicchonsuisui
kibushi,キブシ
mame nabe donko,マメ・ナベ・ドンコ
pokarii zuu,ポカリズー
kashiba aira,カシバ・エアラ
yukishiro (hitsuji),ユキシロ（トチュジ）
kurisu toshi,kurisu sai
samsara (shuukeura),サムサラ（shuukeura）
akikaze tsumuji,アキカゼ・ツムジ
teltelhousi,Teltelhousi
madana (xesa7885),マダナ（xesa7885）
rumoon,ルムーン
ke-su,ke-su
carrot (robosquat),ニンジン（robosquat）
maki (natoriumu),マキ（ナトリウム）
kie (wylee2212),Kie（Wylee2212）
hanenbo,ハネンボ
pinkcap,ピンクキャップ
rifufu,rifufu
tamagoroo,タマゴルー
logi bunbukucha,ICHINOSE777
misawa hiroshi,ミサワ・ヒロシ
sigama,シガマ
yaso shigeru,Yaso Shigeru
popochi fuwa,Kawasemi27
mazeran,マゼラン
mochi.f,mochi.f
tetuw,tetuw
tian kazuki,ティアン・カズキ
huziko32,Huziko32
aiue oka,aiue oka
enoshima iki,イノシマイキ
fuzukikai,福建
yuki maccha (yukimattya10),ユキ・マッカ（Yukimattya10）
ayatori (aytr),ayatori（aytr）
yamanakaume,Yamanakaume
sikijou77o,Sikijou77o
miwasiba,ミワシバ
felipe godoy,フェリペゴドイ
seeker,シーカー
218,218
mu-pyon,Mu-Pyon
kurokaji,黒子
janne cherry,Janne Cherry
juna,ジュナ
konno takashi,高橋コノ
paloma piquet,パロマピケ
kinntarou,kinntarou
tobisawa,トビサワ
hiiragi souren,ヒイラギ・サワレン
tocky,トッキー
33 gaff,33ガフ
gobi (jtnyrwbkohiqsuldg),Gobi（jtnyrwbkohiqsuldg）
hota,hota
lyun,xyunx
nishino hikoji,西野hikoji
gamryous,Gamryous
yazaki (yazakc),ヤザキ（ヤザック）
nobusawa osamu,ノブサワ・オサム
keibleh,キーブル
chroong,クルオン
auko,オーコ
lee hyeseung,リー・ハイオン
ryu-akt,ryu-akt
jason kim,ジェイソン・キム
kameponde,Kameponde
ijima yuu,伊erYuu
kacyu,カシュー
hidori (hibi toridori),hidori（Hibi Toridori）
hibi89,HIBI89
koyo akio,小山明が
cynical (llcbluckg c004),シニカル（llcbluckg c004）
suruga kreuz,Suruga Kreuz
tsukana (saba mizore),津波（サバ・ミゾア）
kaneru,カネル
hangaku,hangaku
ouhashi,ouhashi
nagata gata,ナガタガタ
miyata (lhr),ミヤタ（LHR）
azna,アズナ
kagura yuuto,Kagura Yuuto
maruino,マルイノ
avater,アバタア
rokita,ロキタ
miyabino (miyabi1616),ミヤビノ（miyabi1616）
youmou usagi,Youmou uagi
nenosame,nenosame
white-stew,ホワイトシチュー
kurochiroko,黒神
substance20,Substance20
hizuki higure,ヒズキ・ヒグル
yoshiheihe,ヨシヘイヒ
maritan (pixelmaritan),マリタン（ピクセルマリタン）
mimi (mimi puru),ミミ（ミミ・プル）
ayano naoto,ayano naoto
takeya yuuki,タケヤユーキ
inou shin,inou shin
hattori masaki,ハトリサキ
miyasaka miyabi,ミヤサカmiyabi
hanagata,ハナガタ
e sky rugo,E Sky Rugo
kagiana,カギアナ
sayika,サイカ
abe suke,安倍スケ
amana (pocketkey),アマナ（ポケットキー）
gemi,ジェミ
indai (3330425),Indai（3330425）
osanai sanday,オサナイ・サンダイ
asortofcolorfag,ASORTOFCOLORFAG
mins (minevi),mins（minevi）
mao (expuella),マオ（expuella）
soso (chlgksk110),ソソ（chlgksk110）
kouki kuu,Kouki Kuu
tsunemoku,津波
lichiko,リチコ
altronage,altronage
i-pan,i-pan
mogamiya honu,モガミヤ本
minahamu,ミナハム
box (hotpppink),box（hotpppink）
izumi yukiru,イズミ・ユキル
bafarin,バファリン
wagashi (dagashiya),ワガシ（ダガシヤ）
makino (ukiuo),マキノ（ukiuo）
matsukuzu,松村
yamada ako,山田ako
geetsu,geetsu
wangphing,張り出し
darkkanan,ダークカナン
osora (judithandlilith),オソラ（Judithandlilith）
myowa,ミオワ
sakana (flame sakana),サカナ（炎サカナ）
nieto tokage,ニエトトカージ
ririko (fhnngririko),リリコ（fhnngririko）
akai (riaakai),アカイ（リアカイ）
tomatolover16,tomatolover16
kakaricho dairi,カカリチョ・ダイリ
ryuuka sane,リュウカ・セイン
ootori (kyoya-ohtori),ootori（kyoya-ohtori）
leveen,レヴィーン
bartolomeobari,バルトロメオバリ
muka tsuku,ムカ・ツク
jenevan,ジェネバン
nin nin!,ケニックス
evan yang,エヴァン・ヤン
kure~pu,kure〜pu
oyaman,オヤマン
tachibana omina,タチバナオミナ
tamaoki benkyou,Tamaoki Benkyou
eno yukimi,エノ・ユキミ
gen (enji),gen（enji）
b suke,Bスーク
miraa (chikurin),ミラア（チクリン）
rihito (usazukin),リヒト（ウサズキン）
satsuki imonet,サツキ・イモネット
maki keigo,マキケイゴ
chikuwa (tks),チクワ（TK）
loen,ローエン
habatakuhituji,ハバタクヒトゥジ
jagi (jagi souken),ジャギ（ジャギ・スーケン）
akahito,アカヒト
senzoc,Senzoc
willfin,ウィルフィン
hufy,ハフィ
mugetsu2501,Mugetsu2501
ratsuku kinoko,ratsuku kinoko
azumaya toride,Az Toride
kurokan (kokkyou oudan),Kurokan（Kokkyou Oudan）
rie (reverie),rie（空想）
pomodorosa,ポモドロサ
mirukurim,ミルクリム
mizuki (mizuki ame),ミズキ（ミズキアメー）
ookawara kunio,Ookawara Kunio
bluekomadori,Bluekomadori
black cola,ブラックコーラ
takuzui,高木
dodome-iro mayonnaise,ドドーム - アイロマヨネーズ
nyoijizai,ニョイジザイ
suka,スカ
zanzi,ザンジ
itefu,itefu
z.o.b,Z.O.B
supon,スポン
yatani row,ヤタニロウ
fc (efushii),FC（efushii）
ganto,ガント
wuliu heihuo,wuliu heihuo
otomeza ryuseigun,otomeza ryuseigun
soya (torga),ソヤ（トルガ）
mzh,MZH
sunameri oishii,Sunameri oishii
junes,ジュン
noise (lesion949),ノイズ（病変949）
dha,DHA
cbgb,CBGB
shouna mitsuishi,shouna mitsuisui
k (gear labo),K（ギアラボ）
nakayama tooru,中山tooru
takimoto yukari,久本ユカリ
p (tidoriashi),P（Tidoriashi）
taira tsukune,Taira Tsukune
naoko (naonocoto),直石（直角）
sakura (medilore),さくら（メディロール）
nanashi noiji,ナナシノイジ
a9b (louis814),A9B（louis814）
tanaka io (craftstudio),田中io（craftstudio）
kanju,かん
ryara,リアラ
murakami kou (raye),村上kou（レイ）
mokku,モクク
kohatsuka,小屋
shiroi karasu,シロイ・カラス
hi-ho-,ハイホー-
damegane,ダメガン
changye,Changee
bishooji,ビショジ
kurobeko (kur0bek0),Kurobeko（Kur0bek0）
ringobatake,リンガバタケ
jfjf,jfjf
alten,アルテン
nyamo,ニャモ
yoshino ryou,ヨシノ・リョウ
manme,マンメ
tenroy,Tenroy
y (nekoyanagi),Y（036 YNG）
tosyeo,Tosyeo
inishie,イニシー
arrow (tamawo222),矢印（Tamawo222）
kawa mura,川村
kayon (touzoku),カヨン（トウゾク）
skywalker0610,Skywalker0610
zaregoto tsukai no deshi,Zaregoto tsukai no deshi
aoblue,aoblue
koshigaya tatsumi,小屋タツミ
misnon the great,偉大な罪
hiro (chumo),hiro（chumo）
sui (suizilla),sui（​​suizilla）
melanbread,メランブレッド
kaneaki mukku,Kaneaki Mukku
koshiro itsuki,コシロシュキ
esureki,エスレキ
kakuzatou (koruneriusu),kakuzatou（koruneriusu）
uut,uut
youshuu,Youshuu
hjz (artemi),HJZ（artemi）
buchi (y0u0ri ),ブチ（Y0U0RI）
noixen,ノイクセン
umberblack,umberblack
shukusuri,shukusuri
naitou ryuu,naitou ryuu
tennohi,テノヒ
suzuki rika,スズキ・リカ
chize,チズ
madyy,マディー
itamochi,イタモチ
minuspal,ミヌスパル
xilmo,xilmo
oz ma33,OZ MA33
adomi,アドミ
mizunoe kotaru,Mizunoe Kotaru
sibyl,シビル
oninamako,オニナマコ
kisumi rei,キスミレイ
mola mola,モラ・モラ
akure ekuto,Akure Ekuto
ishimu,ishimu
shinjiro,シンジロ
kawatsu yuuki,川会ゆえ
vialnite,ビアナイト
enarane,エナラン
tori udon,トリ・ウドン
nekolina,ネコリーナ
smjim1986,SMJIM1986
shiburingaru,シビルービルアル
anima miko,アニマミコ
ivy (sena0119),アイビー（sena0119）
hoshizora no shita,ホシゾラノイサ
uganda (ugandam 00),ウガンダ（ウガンダム00）
kuri (kurigohan),クリゴハン（Kurigohan）
elphe,エルフ
chippai (aioueaaa),Komainu（Yamaha1997）
yurano (upao),yurano（upao）
tsunbeji,ツンベジ
radiostarkiller,Radiostarkiller
nuka (nukamochi),ヌカ（ヌカモチ）
shibuya (kurokamishain),渋谷（クロカミシャイン）
nopinzo,ノピンゾ
eds,eds
lolimate,lolimate
ebata risa,エバタリサ
rauto,ラウート
2l (2lsize),2L（2lsize）
my700,my700
red-rum,レッドラム
yushe quetzalli,Yushe Quetzalli
neko kyo,ダイナマイト
tsukiriran,ツキリラン
toten (der fuhrer),トーテン（der fuhrer）
inoshishi (ikatomo),inoshishi（イカトモ）
shigure (sigre),シギュア（シグレ）
konata gazel,コナタ・ガゼル
matokechi,マトケチ
cottontailtokki,Cottontailtokki
riru,リル
yuuhi alpha,Yuuhi Alpha
unsomnus,unsomnus
zetsuyo chimayo,Zetsuyo Chimayo
sakuya (liao kj),サクヤ（リアオKJ）
dizi930,dizi930
niseneko (mofumofu ga ienai),niseneko（Mofumofu ga ienai）
ranhatu,ラナツ
meoyo,Meoyo
monoku,モノク
asada sadao,アサダサダオ
barashiya,バラシヤ
keishin,ケイシン
yuchi (salmon-1000),ゆず（サーモン-1000）
oriue wato,oriue wato
manyako (mohumohu),マニコ（モフモー）
humuyun,Humuyun
rokuya (68 zusao),rokuya（68 Zusao）
amao miyuki,アマタリ・スクザッキ
cotta (heleif),コッタ（ヘライフ）
spawnfoxy,Spawnfoxy
katsudansou,Katsudansou
rod (rod4817),ロッド（rod4817）
wolffeld price,ウルフェルド価格
amemiya ruki,アメミヤ・ルキ
kikuchi tsutomu,キクチ・ツトム
hane (hanegoya),ハーン（hanegoya）
fuepo,fuepo
mine (peak),私の（ピーク）
0930erina,0930ERINA
jurge,ジュルジュ
iruma kamiri,イルマ・カミリ
j.moon,J.moon
yamikyon,ヤミキョン
hikaru (ofuton at5),hikaru（ofuton at5）
kamuo,カムオ
guumin,グミン
herio,ヘリオ
mame komari,マメ・コマリ
asagi yuna,麻木ゆが
controlline3,Controlline3
gero zoukin,Gero Zoukin
wanaca,ワナカ
katsuoboshi,カツボシ
berserkert,Berserkert
tadokoro nurikabe,タドコロヌルキーベ
honzawa yuuichirou,ホンザワイチルー
shocho (shaojiujiu),Shocho（Shaojiujiu）
ooide chousuke,Ooide Chousuke
araiguma,araiguma
gotou junji,Gotou Junji
werkbau,ヴェルクバウ
uraharukon,ウラハルコン
hinata sora,日向ソラ
okayparium,OKEPARIUM
kamenozoki momomo,カメノゾキモモ
boke-chan,ボークちゃん
kani (kaniya),カニ（カニヤ）
bokota (bokobokota),ボコタ（ボコボコタ）
kinosaki,木崎
matarou (matarou072),matarou（matarou072）
haruken,ハルケン
katou haruaki,katou haruaki
yuzuki karu,Yuzuki Karu
hinata nonoka,日向非岡
amano jack,アマノジャック
haiki (tegusu),俳句（テグス）
awa yume,awa yume
f.w.zholic,F.W. Zholic
kaisenpurin,カイゼンプリン
onsen tamago (nurumayu onsen),Onsen Tamago（Nurumayu Onsen）
kittew,子猫
hatafuta,ハタフタ
leavv,leavv
miko fly,ミコフライ
sy4,sy4
nazo no diaboro,nazo no diaboro
tatsumiya kagari,Tatsumiya Kagari
mitsuashi kurae,Karasuma Kuraha
uta (kuroneko),UTA（Kuroneko）
lk (lk00),LK（LK00）
nezuko,ネズコ
yumesaki nana,Yumesaki Nana
nozaki tsubata,緑田
fuka (kantoku),フカ（漢会）
dan-98,ダン-98
gapamopa,KM（KSOLEE1201）
suzuame yatsumi,suzuame yatsumi
ash (cat7evy),灰（cat7evy）
kuri giepi,Kuri Giepi
grimmelsdathird,Grimmelsdathird
eiku,eiku
taji (crowview),タジ（クロウビュー）
wakaba (wata ridley),ワカバ（ワタリドリー）
kahlua (artist),カルア（アーティスト）
kicchi (tmgk),kicchi（tmgk）
enuni,アーニ
kuraki,クラキ
shiba (zudha),帝国（Zudha）
ommmyoh,オムミオ
qiu ju,Qiu ju
barkhorn0331,Barkhorn0331
ogry ching,Ogry Ching
mitsuki meia,Mitsuki Meia
mickeysmith,Mickeysmith
ribucci,ribucci
tadano akira,タダノ・アキラ
moeki yuuta,Moeki Yuuta
kuromame (8gou),Kuromame（8gou）
mikazuki sara,ミカズキサラ
yuya090602,Yuya090602
eichan (eichanidfi),エイチャン（eichanidfi）
nishiki koi,ニシキ・コイ
normaland,remorand
roh nam kyung,Roh Nam Kyung
tomamatto,トママトー
u (the unko),u（unko）
ten-chan (eternal s),Ten-chan（永遠）
sin-go,sin-go
anbe masahiro,アンベサヒロ
saeki touma,Saeki Touma
bachera,バチェラ
meeeeeeco359,meeeeeeco359
mameojitan,マメオジタン
karatakewari,カラタケワリ
metal owl (aden12),メタルフクロウ（aden12）
naha78,Naha78
waira,ワイラ
fujii jun,藤井jun
hyocorou,Hyocorou
nekoma hikaru,ネコマ・ヒカル
oshage (osyage921),Oshage（osyage921）
kinohara kossuta,Kinohara Kossuta
toukan,トゥカン
natsuhiko,ナツヒコ
82jhin,82Jhin
morry,モリー
gozaru,ゴザル
elegomosu,イスボリエレゴモス
88 (einnimnech),88（einnimnech）
ichiei,ICHIEI
gofa,ゴファ
sts,sts
kirise mitsuru,キリス・ミツル
tensugi takashi,豆島博覧会
kuzumosu,kuzumosu
ichi (ichi.colors),ICHI（ICHI.COLORS）
hakuda tofu,Hakuda Tofu
rumie,ルミー
hakushaku (hakus 1128),Bojue（Hakus1128）
neonbeat,neonbeat
ocza,Ocza
yoshida seiji,ヨシダセイジ
ikuhana niiro,イクハナニイロ
tadanoshi kabane,Tadanoshi Kabane
honlo,ホンロ
poruserin,Poruserin
icecake,アイスケーキ
dosu (doseven),dosu（Doseven）
teramoto kaoru,岩子kaoru
henry bird 9,ヘンリーバード9
yinzinmiemie,yinzinmiemie
riko-m,riko-m
macaronk,マカロンク
ginklaga,シンクラガ
chushou jiang,Chushou jiang
ryuji (red-truth),リュージ（赤い真実）
kakeku,Kakeku
stank,刺し傷
nohhun,nohhun
appleseed (appleseed art),Appleseed（Appleseed Art）
hikari niji,ひこいニジ
fukemachi,フケマチ
goroo (eneosu),ゴルー（エンソー）
shimo (shimo332215),シモ（shimo332215）
ev (dai00888),EV（Dai00888）
rui (rei leyi),rui（rei leyi）
haru yu,ハルユ
hmage,hmage
burbur,バーバー
dolce (dolsuke),ドルチェ（ドルスケ）
talgi,タルギ
oono tsutomu,Oono Tsutomu
mizuno asami,麻木水田
popoman,ポプマン
gorirago,ゴリラゴ
pantheon eve,パンテオンイブ
shikimi (yurakuru),シキミ（ユラクル）
oobari masami,Oobari Masami
maachin,マアチン
kisaragi koushi,Kisaragi Koushi
rosumerii,rosumerii
sensen,センセン
iuui,iuui
houkai (collapse illust),Houkai（崩壊ロースト）
kaname nagi,Kaname Nagi
buta tamako,ブタタマコ
karasaki,カラサキ
mika (1020mk),ミカ（1020mk）
ooji cha,ooji cha
tesun (g noh),tesun（g noh）
kenron toqueen,ケンロントゥイーン
sui (camellia),sui（​​camelia）
ueauwa,ueauwa
kikuta,キクタ
mimura kaoru,ミムラ・カオル
billie (meng gong fang),ビリー（Meng Gong Fang）
koiso usu,コイソ・ウソ
rokkotsu,rokkotsu
nokishita,nokishita
io (onisarashi),io（onisarashi）
akasaka yuzu,赤島ゆく
dclaret,dclaret
gurasion,不満（グル）
starmilk,スターミルク
mairo,マイロ
ayano yuu (sonma 1426),アヤノユー（ソンマ1426）
mozukun43,Mozukun43
miu (miuuu 721),miu（miuuu721）
yoshimoto (carpsukidayo),吉本（carpsukidayo）
ayyk92,ayyk92
mizuki riko,ミズキ・リコ
nokoru sora,Nokoru Sora
kokoa ninniku,ココア・ニンニク
takomeshi,高橋
xanax025,xanax025
uno makoto,UNO MAKOTO
mukunokino isshiki,ムクノキノ・イスシキ
airandou,airandou
muunyan (yumenekoya),ムーニャン（Yumenekoya）
penguintake,Penguintake
shinori,死神
aibumi,aibumi
dr graevling,Graevling博士
yassy,ヤシー
okada (hoooojicha),岡田（hoooojicha）
noise (tsuzuki),ノイズ（ツィズキ）
cyawa,Cyawa
subaru (yachika),スバル（Yachika）
minatsuki alumi,ミナツキアルミ
sumiya nadateru,スミヤナダテル
shiro font,シロフォント
char (2v 26),Char（2V 26）
taowu (20809),タウフ（20809）
basukechi,バスケチ
sakkan,サッカン
msp sammy,MSPサミー
error1980,エラー1980
jmc5221,ジョコJMC
vodka13,Vodka13
abaji,アブジ
yurumawari,Yurumawari
akagi koku,アカギコク
makai,マカイ
john (a2556349),ジョン（A2556349）
akagi (sk0127aho),アカギ（SK0127aho）
moonjunk,MoonJunk
yuuki eishi,ユキ・エイシ
watakarashi,ワタカラシ
hiro (dismaless),hiro（陰気）
tsukino wagamo,ツキノワガモ
nobori ranzu,ノボリ・ランズ
kobone,kobone
tsudero,ツデロ
morogami ryou,モロガミリョウ
tenko (gintenko),テンコ（ギンテンコ）
kurokawa otogi,黒川otogi
darkside,暗黒面
goumudan,グムダン
kim yura (goddess mechanic),キム・ユーラ（女神メカニック）
toshifumi,トシフミ
rokuichi,星子
jeanex,ジャネックス
attsun (atsushi jb),Attsun（Atsushi JB）
yunagi amane,ユナギアマネ
byuub,byuub
kaito (kaixm),カイト（kaixm）
cheogtanbyeong,cheogtanbyeong
mituyota 76,Mituyota 76
yupo 0322,Yupo 0322
ciloranko,Ciloranko
riffraffhellyea,riffraffhellyea
sakikumo (sakumo),佐藤（さくら）
riokasen,リオカセン
kamo (kamonabe 44),カモ（カモナベ44）
akazawa red,アカザワレッド
papi (papiron100),Papi（Papiron100）
igashiko,イガシコ
aoi tiduru,Aoi Tiduru
elocca,エロッカ
realmbw,rembw
omizu (omz),オミズ（OMZ）
splush wave,波形波
sanuki (kyoudashya),サヌキ（kyoudashya）
dowman sayman,ダウマンセイマン
sasachin (k+w),ササチン（K+W）
ushimittsu,ushimittsu
nenchi,nenchi
roina (effj7473),ロイナ（effj7473）
satou toshiyuki,サトゥートシユキ
nekosuke (oxo),nekosuke（oxo）
shacho (ko no ha),シャチョ（ko no ha）
miso katsu,味oカツ
chocokin,チョコキン
nicutoka,nicutoka
zaki (zaki btw),ザキ（Zaki btw）
aya (lezon),アヤ（レゾン）
jittsu,ジッツ
awesomeerix,Awesomeerix
merlusa,メルルサ
natsuishi nana,ナトゥシュイナナ
kosame daizu,kosame daizu
hamachamu,ハマチャム
haun,ハウン
sevi (seviyummy),sevi（seviyummy）
sunya (honorin-yuunibo),Sunya（Honorin-Yuunibo）
nazu-na,nazu-na
tabibitowayo,Tabibitowayo
kubo tite,クボタイト
gengoroh,ゲンゴロ
bacun,バコン
shano hiyori,Shano hiyori
moja (moja4192),Moja（Moja4192）
popman3580,popman3580
gachon jirou,ガチョンジロウ
anyan (jooho),アーニャン（jooho）
nagomian,ナゴミアン
baketsuya,バケツヤ
maguro (mawaru sushi),マグロ（マワル寿司）
rizzl,rizzl
sapphire (sapphire25252),サファイア（sapphire25252）
motono (sakamotono),モトノ（サカモトノ）
mahcdai,マクダイ
moni monico,モニモニコ
hara yui,ハラユイ
atsumi yoshioka,ヨシオカ島
yukimasa (nkk145),ユキマサ（NKK145）
north abyssor,North Abyssor
velzhe,ヴェルツヘ
lily (artist),リリー（アーティスト）
say hana,ハナと言う
azumi inori,Azumi inori
takahata yuki,高田ゆく
amaa (chou dennou jidai),amaa（chou dennou jidai）
tranquillianusmajor,Tranquillianusmajor
liukensama,Liukensama
purunyara,プルニャラ
xuuikie ashe,Xuuikie Ashe
yuuzuki hijiri,ユジリゆえ
trimbil,トリムビル
auui,auui
koge donbo,Koge Donbo
takemura kou,高村kou
moru (monaka),モル（モナカ）
shinohara shinome,シノハラ・シノメ
ryuhirohumi,ryuhirohumi
akagi rio,アカギリオ
kurumi (recycllamo),紅（Recycllamo）
keishi surota,keishi surota
mugichoko (mugi no choko),ムギチココ（ムギはchoko）
shoukaki (earthean),shoukaki（地球）
sho bu 1116,SHO BU 1116
ayakaze ryuushou,ayakaze ryuushou
don (rg06268),ドン（RG06268）
inyucchi,イニュッキ
egawa akira,エガワ・アキラ
dango remi,ダンゴレミ
tenpesuto,Tenpesuto
sian,シアン
oku tamamushi,タマシュウ沖
akinomiya asuka,Akinomiya Asuka
ecru,ECRU
boruhis,ボルヒス
yan pai,ヤンパイ
utu (ldnsft),utu（ldnsft）
goma irasuto,ゴマ・イラスト
sasorigatame,sasorigatame
misha (hoongju),ミシャ（フンジュ）
mitchi,ミッチ
kagiyama (clave),カギヤマ（クレイブ）
dlanon,dlanon
uekura eku,緑地eku
r-e-l-o-a-d,r-e-l-o-a-d
di le to,di le to
kirisaki reina,キリサキレイナ
shitou (4h),shitou（4h）
sakura tsubame,さくらツバメ
chilakkk,Chilakkk
yaa-kun,Yaa-kun
yunsang,ユンサン
sulcate,硫酸化
kwaejina,Kwaejina
ashiwara yuu,アシワラユー
kasuga sunao,カスガ・スナオ
yan wan,ヤンワン
kouta.,Kouta。
asahisa (jh),JH
uraki,ウラキ
toraneko 2,Toraneko 2
shibakame,シバカメ
tokiti,トキティ
chikafumikou,Chikafumikou
bf. (sogogiching),bf。 （ソゴギッチ）
eriimyon,エリミヨン
noto (soranoto),Noto（ソラノト）
rin2008,RIN2008
yozora (1wkdgusdn),ヨゾラ（1wkdgusdn）
kodama yuu,コダマユー
emerane,エメラン
hong bai,ホンバイ
sa-dui,sa-dui
mokokiyo (asaddr),Mokokiyo（asaddr）
crimson comics,深紅のコミック
nicetack,NiceTack
tsuru (clainman),ツル（クレインマン）
yukichi (sukiyaki39),ユキチ（sukiyaki39）
kyokutou hentai samurai,Kyokutou Hentai Samurai
gurajio,グルジオ
dai-xt,dai-xt
ug (nekonekodou),ug（nekonekodou）
suga hideo,スガ・ヒドオ
yuji (fantasia),ユジ（ファンタジア）
yon (letter),ヨン（文字）
zelitto,ゼリット
rabbit (wlsdnjs950),ラビット（wlsdnjs950）
mizu cx,Mizu CX
timmy yen,ティミーエン
creamyghost,CreamyGhost
mizutamako,ミズタマコ
narumiya (empty cafe),ナルミヤ（空のカフェ）
saintshiro,サインシロ
reitou mikan,Reitou Mikan
ranyu,Ranyu
hiroyama hiroshi,広前hiroshi
hone (honehone083),ホーン（honehone083）
linreplica,linreplica
momonosuke (u-ma991028),omonosuke（u-ma991028）
nanja,ナンジャ
touya (the-moon),Touya（ムーン）
pandain,パンダイン
speckticuls,斑点
hajime kaname,ハジメ・カナメ
bbbb fex,BBBB FEX
murasaki iro,ムラサキイロ
akimaki yuu,アキマキユー
halkawa501,Halkawa501
tetrodotoxin,テトロドトキシン
ors anime renders,ORSアニメレンダリング
kanokoga,カノコガ
mogura2009,Mogura2009
neal d. anderson,ニールd。アンダーソン
lavelis,Lavelis
windforcelan,Windforcelan
kein hasegawa,ケイン・ハセガワ
mobukichi,モブキチ
taro (peach taro51),Taro（Peach Taro51）
iro (sekaixiro),IRO（Sekaixiro）
welchino,ウェルチーノ
arlizi,アルリジ
tanu (ace ikachan),タヌ（エース・イカチャン）
acomu414,ACOMU414
shinkuukan (tetsuo3),シンクーカン（ティツー3）
sho (runatic moon),sho（rounatic moon）
chaakusu,チャクス
green dew,グリーンデュー
mebaru,メバル
hatakenaka (kamagabuchi),hatakenaka（Kamagabuchi）
zi se,zi se
tsun'ichi (tsun1),ツナチ（tsun1）
kyjsogom,kyjsogom
monaim,モナイム
kazana (sakuto),カザナ（桜）
taisa (lovemokunae),タイサ（Lovemokunae）
kuzumochi (kuzumochiya),kuzumochi（kuzumochiya）
aties20,aties20
aonaga heri,aonaga heri
kerok (joniko1110),ケロック（joniko1110）
nanotsuki,ナノツキ
pikomarie,ピコマリー
oniku (shimofuri-ke),oniku（Shimofuri-ke）
hoxutixu,hoxutixu
kaiduka akuta,Kaiduka Akuta
deca purio,deca Purio
pleasedbyviolet (voice actor),sheltedbyviolet（声優）
yatanukikey,Yatanukikey
mayuri kaichou,マユリ・カイチョウ
himeliofon,ヒメリオフォン
dopamine70,ドーパミン70
hoo bamon,フーモン
yuuri nayuta,Yuuri Nayuta
nibosi,ニボシ
taguchi kenji (omaep),尖塔（omaep）
kuon (kwonchanji),Kuon（Kwonchanji）
fushigi ebi,fushigi ebi
sonoda ken'ichi,Sonoda Ken'ichi
konboi-eg,konboi-eg
kisaragi gunma,Kisaragi Gunma
yua (argaoffroad),Yua（Argaoffroad）
kitagawa mikio,北川mikio
aiko (kanl),アイコ（カン）
simosi,シモシ
nikame,ニカメ
kanzaki kureha,かんっこkureha
nagana sayui,ナガナ・サヌイ
ogihara mach,小原マッハ
ryoku sui,ryoku sui
mkiiiiii,mkiiiiii
oyuwari,オユワリ
max melon,マックスメロン
tsukiyo no ribbon,つまずいリボンなし
itou nanami,itou nanami
d-floe,d-floe
kusujinn,クスジン
pi tayuko,Pi Tayuko
minowa sukyaru,Minowa Sukyaru
sasakura momiji,ササクラ・モミジ
nenbuta,ネンブタ
bbaltong,bbaltong
kumasteam,Kumasteam
takumi (scya),高本（scya）
kamu (kamuuei),kamu（kamuuei）
paundo2,paundo2
umitonakai,ウトナカイ
sahara1127,Sahara1127
yoropa,ヨロパ
ishihara (kuniyoshi),石原（クニヨシ）
kaze-hime,kaze-hime
otsumami (bu-bu-heaven),オツマミ（bu-bu-heven）
aircell,エアセル
nike (0306),ナイキ（0306）
vofan,vofan
zhaoyebai,zhaoyebai
rrr (reason),RRR（理由）
santa (sunflower),サンタ（ひまわり）
nonddu,nonddu
a.a (aa772),A.A（AA772）
pori (kmt pori),ポリ（KMTポリ）
joosi,Joosi
toro (konirio),トロ（コニリオ）
piku,ピク
gtunver,gtunver
kusagami style,クサガミスタイル
beize (garbage),ベイズ（ゴミ）
komame (st beans),コマメ（セントビーンズ）
owler,オーラー
azuumori,アズウモリ
defaultz,defaultz
chobi (penguin paradise),チョビ（ペンギンの楽園）
arbuz budesh,Arbuz Budesh
seero,セロ
osuman toruko,Osuman Toruko
alfort (may0508),Alfort（May0508）
noiretox,ノイレトックス
buta tsuzumi,ブタツズミ
80isiiii,80isiiii
cui suika,Cui（Jidanhaidaitang）
d.k,D.K
murano machi,マチ（ritovoyage）
boku (isizakitakasi),Boku（Isizakitakasi）
kamaniki,カマニキ
numanoan,numanoan
d omm,D OMM
kiryuu makoto,キリウ・マコト
harusawa,丸山
cho!cho!,チョ！チョー！
ooshima tomo,Ooshima Tomo
tugumi0w0,Tugumi0w0
tobi (kotetsu),Tobi（Kotetsu）
sasaoka gungu,ササオカグング
studiolg,Studiolg
turbulence,乱流
nyatabe,nyatabe
healthyman,健康な人
kiritani (marginal),キリタニ（限界）
2dswirl,2dswirl
zeronis,ゼロニス
chariko,カリコ
kuro oolong,クロ・ウーロン
ao+beni,ao+beni
yuzumiya mono,Yuzumiya Mono
barry nah,バリー・ナ
iwatobi hiro,Iwatobi Hiro
g-tetsu,g-tetsu
sumeragi seisuke,sumeragi suisuke
kanan,カナン
tao (kadoya),タオ（カドヤ）
adda,adda
suicabar72,suicabar72
fuwafuwatoufu,fuwafuwatoufu
sako (35s 00),サコ（35s 00）
wani (perfect han),ワニ（パーフェクトハン）
zerotwenty (020),Zerotwenty（020）
mogi yasunobu,モギヤスノブ
yagisawa teru,Yagisawa Teru
komatsu (sakanae),komatsu（sakanae）
yomogi dango,ヨモギダンゴ
dango (uni 520),ダンゴ（ユニ520）
star741,STAR741
somehira katsu,Somehira katsu
takamura wamu,高村ワム
yami anko,ヤミ・アンコ
kashuu (b-q),kashuu（b-q）
amagi shino,アマギ・シノ
yutsumoe,ユツモー
d.y.x.,D.Y.X.
hyonee,ハイニー
note2000,Note2000
toraneko,トラネコ
karan,カラン
monbetsu kuniharu,モンベツヌニハル
bang dacy,バンデイ
zhen lu,Zhen Lu
kibadori rue,キバドリ・ルー
nagasawa shin,長崎シン
yu (stdio nameraka),午後の人
14 (vision5032),14（Vision5032）
rita ya,リタヤ
mokeo,モケオ
tenkuu nozora,Tenkuu Nozora
ksk (semicha keisuke),KSK（セミチャケイシューク）
meiji (meiji770),明治（Meiji770）
raitho,RATHO
oogure ito,oogure ito
zihacheol,Zihachachol
johnny (from scratch),ジョニー（ゼロから）
hubrael,hubrael
akimoto dai,アキモトダイ
villyane,Villyane
kuri (animejpholic),kuri（animejpholic）
futami yayoi,ヴァーミ・ヤヨイ
inuburo,inuburo
whooo-ya,whoo-ya
bettle (b s a n),bettle（b s a n）
uemukai dai,上村ダイ
yuzutei,Yuzutei
kero sweet,ケロ甘い
jingo,主戦論者
fuzzlogik,Fuzzlogik
shibata rai,Shibata Rai
akehi yuki,アケヒ・ユキ
gomashiwo o,gomashiwo o
uni ikura,ユニ・イクラ
aogiri penta,Aogiri Penta
shachoo.,シャチョ。
hiiro h,hiiro h
wulie errr,wulie errr
ange (angeban93),Ange（Angeban93）
hasumi (hasubatake39),hasumi（hasubatake39）
ryuuga shou,ryuuga shou
shibusun,シブスン
higashigure,higashigure
ryou@ryou,ryou@ryou
ichihisa,いちご
harada (basashi),谷田（仏教）
decoponmagi,decoponmagi
harenchi,ハレンチ
neone,ネオン
reiga (act000),reiga（act000）
kogane (staygold),コガネ（ステイゴールド）
shishigami (sunagimo),shishigami（Sunagimo）
kakiman,カキマン
yamane masahiro,ヤマネマサヒロ
araizumi rui,araizumi rui
magaki ryouta,マガキ・リアウタ
yukizuki chikuba,ゆくチクバ
fujisaki yuu,藤井ゆい
yuuki keisuke,keisukeゆえ
giryu,ギリウ
greco roman (spiral brain),グレコローマン（スパイラルブレイン）
hitomin (ksws7544),hitomin（KSWS7544）
hechima (issindotai),ヘチマ（イッシンドタイ）
alu.m (alpcmas),alu.m（alpcmas）
kuroneko douji,クロネコ・ドゥジ
ibenz009,Ibenz009
rizu033,Rizu033
gohanduck,ゴハンドック
joy division,喜び部門
kurowana,クロワナ
fiodo,fiodo
fay (fay axl),フェイ（フェイアクル）
yashiro seika,Yashiro Seika
nephthys2356,nephthys2356
yokota takumi,タクミヨコタ
batta (kanzume quality),バッタ（漢字品質）
masshirokachi,Masshirokachi
danboru (jdanboru1182),ダンボル（jdanboru1182）
senta (ysk 0218),センチャ（YSK 0218）
kushinaka,クシナカ
nanpou (nanpou0021),nanpou（nanpou0021）
sora (efr),ソラ（EFR）
wei (promise 0820),wei（約束0820）
ukimukai,ウキムカイ
fuwamoko momen toufu,Fuwamoko Momen Toufu
toruneko,トルネコ
ten (tenchan man),Ten（Tenchan Man）
tsuchii (ramakifrau),ツチー（ラマキフラウ）
zhili xingzou,Zhili Xingzou
scruffyturtles,scruffyturtles
kuroba dam,黒子ダム
mitama mudimudi,Mitama Mudimudi
somray,ソムレイ
mizuno (okn66),ミズノ（okn66）
91007,91007
unel,UNEL
suna (sunaipu),スナ（スナイプ）
jacy,ヤシー
mafuyu (kanden shoujyo),Mafuyu（Kanden Shoujyo）
painter-lhb,画家-LHB
ata (tsumari),ata（うつ病）
grs-,GRS-
wsfw,WSFW
nikumaru,ニクマル
ayacho,アヤチョ
elegant (sumisumi4268),エレガント（sumisumi4268）
saiku (zvlku),saiku（zvlku）
sabisabi,sabi1234
maka (maka04021),Reki（ユーザーRCRD4534）
kaninn,カニン
nawakena,ナワケナ
ayuman,ayuman
karbo,カルボ
fuyuno yuuki,フユノユーキ
ghosty (xiaobai),幽霊（Xiaobai）
ishikawa hideki,石川秀樹
saine,セイン
mototenn,モトテン
kurokin,クロキン
pepsi2330,PEPSI2330
sola7764,sola7764
fary5,fary5
piro (orip),ピロ（orip）
kemonomichi (blue black),ケモノミチ（ブルーブラック）
jin young-in,ジン・ヤングイン
anima (togashi),アニマ（tog）
vayneeeee,vayneeeee
yukiguni yuu,ユキグニユー
himitsu (iemaki),Sodapop（Iemaki）
batacchi (mashimashi butter),バタッチ（松田バター）
maidforge,Maidforge
ootsuki momiji,Ootsuki Momiji
yonaga (masa07240),ヨナガ（MASA07240）
rampart1028,rampart1028
nagareboshi,ナガレボシ
hebino rai,ヘビーノ・ライ
mu mashu,Mu Mashu
shirasu youichi,Youichi shirasu
namahamu (hmhm 81),ナマハム（hmhm81）
araki (qbthgry),アラキ（qbthgry）
retorillo,レトリロ
gambler club,ギャンブラークラブ
harumiya,ハルミヤ
maosame,maosame
roncostar,Deilan12
yuyu (oiun461),oiun
john zhang,ジョン・チャン
sangobob,サンゴボブ
suzutarou gunsou,スズタルー・ガンソウ
ryokuno green,リョクノグリーン
o-los,o-los
mojacookie,Mojacookie
haijin,ハジン
hoenn (jgm1102),Hoenn（JGM1102）
aoi yun,aoi yun
ewokakukaede,ewokakukaede
tsuchikure,ツチクレ
azumi akitake,アズミ・アキタケ
kavka,カブカ
dickbomber,ディックボンバー
cisyo,Cisyo
nigori (keydoor),nigori（keydoor）
kitsunetsuki itsuki,kitsunetsuki itsuki
macbail,MacBail
meipoi,メイポイ
ippongui,Ippongui
balnom,バルノム
mikoto akemi,ミコトアケミ
kurasawa moko,黒崎moko
namagome negi,ナマゴメ・ネガ
yakou (4507770),ヤコウ（4507770）
hoshizaki reita,hoshizaki reita
toro3,TORO3
machimura komori,ymura komori
kurogane gin,Kurogane Gin
saisoku no yukkuri,saisoku no yukkuri
ogino (oginogino),ogino（oginogino）
madogawa,マドガワ
likey,好きです
ketopon,ケトポン
hiroki-art,hiroki（hirokiart）
sb lama,SBラマ
greenkohgen,Greenkohgen
asterozoa,アスタゾア
shimofuri,Shimofuri
yukiri (l ii),ユキリ（L II）
tanaka ahiru,田中アヒル
sana!rpg,サナ！rpg
tsukikusa,ツキクサ
iury padilha,iury padilha
yui (niikyouzou),ユイ（niikyouzou）
sugarbeat,シュガービート
chutohampa,チュトハンパ
saltydanshark,Saltydanshark
mixplin,ミックスプリン
nekobayashi,nekobayashi
james turner,ジェームズ・ターナー
ikada kai,イカダカイ
akihiyo,アキヒヨ
kidachi,キッチ
yaco (nuitnotte),ヤコ（nuitnotte）
cassandra (seishun katsu sando),Cassandra（Seishun Katsu Sando）
sheepd,heepd
hamashima shigeo,島島史
jam-orbital,ジャム軌道
mentei yakuna,メンテイヤクナ
oomasa teikoku,Oomasa Teikoku
torahime (roland00),Torahime（Roland00）
ticcy,ティッシー
haganemaru kennosuke,西性kennosuke
ostwindprojekt,ostwindprojekt
gogono pan'ya,Gogono Pan'ya
marse (rokudaime),マルセ（rokudaime）
usagi koushaku,うさぎkoushaku
gobanme no mayoi neko,Gobanme No Mayoi Neko
kopianget,kopianget
karuha,カルハ
oniyama831,oniyama831
hamaguri (hamaguri1234),hamaguri（hamaguri1234）
bee doushi,ビー・ドーヒ
andrewcockroach,Andrewcockroach
inoriac,bai qi-qsr
izumo neru,イズモ・ネル
kisaragi miyu,キサラギミユ
rezi,レジ
okuba,オクバ
yorukun,ヨルクン
reia,レイア
yoko.u,ヨーコ
calpis118,CalPis118
yuu (yumezakura),ユウ（ユメザクラ）
amazu (kurozu),amazu（kurozu）
kunugi miyaco,クヌギ・ミヤコ
iwawa,岩川
sasabunecafe,ササブネカフ
ema (kuguiema),エマ（クギエマ）
autumn-sacura,秋と砂糖
cior,Ken-1
syandega,Syandega
nanamomo rio,ナナモモリオ
0jae,0jae
kitsune (kazenouta),Kitsune（Kazenouta）
hua-j,hua-j
tyuga,ティウガ
lucidsky,lucidsky
sasasi,ササシ
ura tomomi,ウラモミ
arashiya,アラシヤ
xi yuu,xi yuu
yunweishukuang,Yunwishukuang
kumamoto (bbtonhk2),kumamoto（bbtonhk2）
sukabu,スカブ
yuzuki himuka,Yuzuki Himuka
honda takaharu,ホンダタカハル
kiriko (araragikoyomi),キリコ（アララギコヨミ）
vins-mousseux,Vins-Musseux
mechuragi,メキュラギ
mku,MKU
shina shina,シーナ・シーナ
sora no amagumo,SORA NO AMAGUMO
spark621,Spark621
hikarikmy,hikarikmy
yokai (yokai0401),ヨカイ（Yokai0401）
songjikyo,songjikyo
misha (ohds101),ミシャ（OHDS101）
matsubara hidenori,Matsubara hidenori
niku (hamuchang),ニク（hamuchang）
ne2op,tokinhr
silvercandy gum,シルバーキャンディガム
etchimune,エッチムン
langley1000,langley1000
fongban illust,フォンバンイラスト
dai (uhyoko1102151),dai（uhyoko1102151）
takepon1123,TakePon1123
utsurogi akira,utsurogi akira
tsurumi kazane,ツルミ・カザネ
mochitsuki karen,モキツキ・カレン
illumi999,Illumi999
yappariga,ヤパリガ
kcar66t,KCAR66T
sushi (sashimise),寿司（sashimise）
sarfata,サルファタ
krab (fumekrab),krab（fumekrab）
usagimiko,うさぎ
clouble,clouble
shirokujira,シロクジラ
houmatu awa,Houmatu Awa
ajidot,ajidot
tanaka kaori,田中カオリ
henken,ヘンケン
shigaraki (strobe blue),由美（ストロボブルー）
morihito,モリヒト
nigiri (ngr24),nigiri（ngr24）
cla (finesoda),CLA（Finesoda）
umonebi,umonebi
kilart,キラート
umihotaru harumare,Umihotaru harumare
gunner-l,ガンナー-l
nano (nanosize),nano（nanosize）
linda,リンダ
utakata (kochou no yume),utakata（kochou no yume）
rikugou (rikugou-dou),rikugou（rikugou-dou）
amakura (am as),amakura（Am As）
kabeu mariko,Kabeu Mariko
ikaasi,イカシ
shimano natsume,シマノ・ナツメ
haro art,ハロアート
ye fan,あなたがたはファン
katsu (katsupainter),カツ（katsupainter）
akiyama cz4a,秋山CZ4A
yadu nadu,ヤドゥ・ナードゥ
chunta,チョンタ
yomoyama yotabanashi,ヨモヤマヨタバナシ
asatani tomoyo,アサタニ・トモヨ
kujou mikuru,クジョウ・ミクル
nagato-chan,長教ちゃん
henet hene,ヘネット・ヘネ
yamaori (yamaorimon),ヤマオリ（ヤモオリモン）
muguet,マグエット
hai to hickory,ハイからヒッコリー
dreadtie,Dreadtie
kuromori yako,ヤコクロモリ
alecto 0,アレクト0
yukiusagi (gaballscreen&blaze),ユキュウアギ（ガバルスクリーン＆ブレイズ）
yuuichi (tareme paradise),ユウイチ（タレメのパラダイス）
matsuo yuusuke,松州uusuke
fujieda miyabi,藤田miyabi
uiri-na,uiri-na
eringikinono,エリンキノノ
yukimi unagi,ユキミウナギ
hinemosu notari,ヒネモスノタリ
speedoru,Speedoru
kikuchi milo,キクチミロ
meltyrice,Meltyrice
shiro youduki,Shiro Youduki
remi (mozzaremi),レミ（モッツァレミ）
izumi kuma,izumikuma
zoirun,Zoirun
koutarosu,Koutarosu
blue sealad,ブルーシーラード
fujiwara tatsuroo,藤原タツルー
kisaragi ryou (sougetsu-tei),Kisaragi ryou（sougetsu-tei）
omocat,オモカット
sugapi,スガピ
suzuragi karin,鈴木カリン
c-low,C-low
red cucumber,赤いキュウリ
buko (bukosuki),ブコ（bukosuki）
mayusaki yuu,マユサキユー
jeffr,ジェフル
napo,ナポ
yeklsa,yeklsa
yasakani an,ヤサカニan
yuuhi homare,Yuuhi Homare
gu deulmok,Gu Deulmok
kenken,ケンケン
teu (navy),TEU（海軍）
ise (0425),ISE（0425）
nozomi fuuten,ヌゾミ・フーテン
amasaki yusuke,アマサキ・ユスケ
shifumame,shifumame
pioko,ピスタチオクリーム
emia (castilla),エミア（カスティーラ）
sushoartworks,Sushoartworks
ugif,ugif
kinhasu,Kinhasu
chiyomaru (yumichiyo0606),Chiyomaru（Yumichiyo0606）
hiroikara (smhong04),Hiroikara（smhong04）
reia hana,レイア・ハナ
tamase tama,Tamase Tama
matsukura nemu,マツクラネム
kakao rantan,カカオ・ランタン
katou itsuwa,katou ituwa
namyo,ナミョ
arukiru,アルキル
yamada auto,山田自動車
papercider,ペーパーサイダー
zako (arvinry),ザコ（アーヴィンリー）
nanaichi,ナナイチ
houhou (black lack),houhou（黒の欠如）
amagaeru (hylathewet),amagaeru（hylathewet）
chiyo (rotsurechiriha),Chiyo（Rotsurechiriha）
apollo (hu maple),アポロ（Huメープル）
nakamura eight,中村8
raru (nanaharararu),Raru（Nanaharararu）
hinasaki you,hinasaki you
alexi (tits!),アレクシ（おっぱい！）
kourou (kouroukun),Kourou（Kouroukun）
yurikawa,ユリカワ
kurenai karasu,Kurenai Karasu
gogoco,ゴゴコ
guuchama,グチャマ
annindoufu (oicon),アニンドゥーフ（オイコン）
kuzumomo,クズモモ
ling dianxia,Ling Dianxia
juugonichi (wheeliex2),ジュウゴニチ（wheeriex2）
senbei (senbe i),Senbei（Senbe I）
yunoru,ユノル
koizumo,小島
wet.elephant,wet.Elephant
shiika yuno,シーカ・ユノ
akitsuki itsuki,ititsuki itsuki
ueda metawo,上田華
neg (101neg),ネガ（101Neg）
elfboiii,elfboiii
borumete,ボルメテ
horang4628,Horang4628
flatculture,フラットカルチャー
ry thae,ry thae
takurowo,タクロウォ
jet yowatari,ジェット・ヨワタリ
yu hydra,Yu Hydra
t3x,T3x
usugiri bacon,ウソギリベーコン
katari,カタリ
taku1122,Taku1122
bakusai,バクサイ
toki (toki ship8),Toki（Toki Ship8）
umiu geso,umiu geso
amana raika,アマナライカ
unname,unname
dangmill,ダングミル
sane-person,正気
yoosai,yoosai
liowig,liowig
satomachi,サトマチ
kemu (guruguru dan),ケム（グルグルダン）
atsutoku,アトクク
minato fumi,港・フミ
sugi,sugi
hozumi kaoru,Hozumi Kaoru
murai shinobu,ムライ・シノブ
mikan (5555),ミカン（5555）
azuki (azuki-taste),アズキ（アズキタステ）
nolia,ノリア
kumagai haito,クマガイ・ハイト
wakaba sprout,ワカバの芽
alien1452,Alien1452
aomoro,アオモロ
fukuoka katsumi,福岡katsumi
laco soregashi,ラコ・ソレガシ
sumapan,スマパン
shira (sirairo116),シラ（sirairo116）
mato tsuyoi,マト・ツヨイ
neko no youchuu,neko no youchuu
frogsnake,frogsnake
asou shin,asou shin
utsunomiya tsumire,utsunomiya tsumire
osterei,オステレイ
falcoon,ファルック
nakajima atsuko,中島atsuko
kirusu,キルス
kouyafu,Kouyafu
yamaishi (mukoubuti),ヤマイシ（ムコブティ）
uns (sdsxsoverlord),uns（sdsxsoverlord）
ajifurai,アジフライ
shiki (shiki1230),シキ（shiki1230）
schreibe shura,シュライベシュラ
ozzingo,オジンゴ
cosine,余弦
xxzero,xxzero
yuyi,ユイイ
novcel,novcel
sunny (20597521),サニー（20597521）
rariemonn,ラリエモン
misonou hirokichi,Misonou hirokichi
tirarizun,ティラリズン
hanazome dotera,ハナゾームドテラ
aonoji,aonoji
halphelt,ハルフェルト
soukuu kizuna,soukuu kizuna
koeda (k83 4),コイダ（K83 4）
hayyan,ヘイヤン
ottosfoxhole,ottosfoxhole
yoclesh,ヨクレシュ
parkgee,パークギ
^jj^,^jj^
b-pang,b-pang
vilor,ヴィラー
ina (inadahime),ina（inadahime）
mikoto (oi plus),ミコト（OI Plus）
lanzi (415460661),Lanzi（415460661）
evening rabbit,イブニングウサギ
ptal,ptal
chuppa (katotsuba),チュッパ（カトツバ）
kazune (baumkuchen),カズネ（バウムクチェン）
tsukasa jun,ツカサ・ジュン
atheko,ロル（笑デシン）
dqn (dqnww),dqn（dqnww）
b.c.n.y.,b.c.n.y.
relio db318,Relio DB318
isana615,ISANA615
chiachun0621,Chiachun0621
myon (tokipi),ミオン（トキピ）
asumi chikyuu,neko ni chikyuu
tsuuhan,ツーハン
seorang,ソラン
san (harutuki 3),サン（ハルツキ3）
bob (you-u-kai),ボブ（you-u-kai）
wanne,ワンヌ
shirogami seisho,Shirogami Seisho
do (4-rt),do（4-rt）
rikiddo (tise 00),rikiddo（Tise 00）
akira (meltyhip),アキラ（融解）
9is,9IS
minoa (lastswallow),ミノア（ラストワロー）
miyuki (miyuki0529),ミユキ（miyuki0529）
hamadaichi,浜辺
yuniiho,ユニホ
kevbot,kevbot
picpicgram,ピックグラム
taki minashika,タキ・ミナシカ
fushisha o,fushisha o
hikanyan,ヒカニャン
.sin,。罪
messy (efuya),乱雑（エフヤ）
arata iri,arata iri
fukudahda,フクダダ
monosenbei,モノセンベイ
kasu (kasunohikari),Kasu（Kasunohikari）
rai (sakuranbo sugar),Rai（Sakuranbo Sugar）
mygiorni,mygiorni
alios arvin,アリオス・アービン
unstableboiler,不安定なボイラー
nini tw99,ニニTW99
uppi,uppi
memento vivi,記念のvivi
quichi 91,キチ91
taku michi,タクミチ
dairyo3,dairyo3
signal 1120,信号1120
titiduki (manman-ya),Titiduki（Manman-ya）
shimashiro itsuki,ithimashiro ithiro
zhongye yu,Zhongye Yu
izuru (timbermetal),イズル（ティンバーメタル）
umou (may65879),umou（may65879）
yuutarou (fukiiincho),ゆく（fukiiincho）
akira miku ver,Akira Miku Ver
kasumi komo,Kasumi Komo
yamaneko (tkdrumsco),ヤマネコ（tkdrumsco）
maou (maoudaisukiya),Maou（Maoudaisukiya）
iwashi 80,岩橋80
psd (psdgai),psd（psdgai）
johnalay,ジョナレー
wataru (nextlevel),ワタル（次のレベル）
omyo (myomyomyo22),omyo（筋腫22）
shuucream (syuichi),shuucream（syuichi）
viroa,Viroa
mattari illust,マタリラスト
daiishori,ダイホリ
shousan (hno3syo),Shousan（hno3syo）
hiyohiyo,hiyohiyo
kiya shii,キヤ・シイ
kari (kakko k),カリ（カッコK）
shu-z,shu-z
inuzuka bouru,犬島ブル
waku (ayamix),ワク（ayamix）
takayama toshiaki,高山toshiaki
age fx,年齢fx
azuran0,aori sora
wafu (youzora samo18),wafu（youzora samo18）
magatsumagic,Magatsumagic
yaekaidou,ヤエカイドー
momae mac,Momae Makku
tabletorgy,TableTorgy
an2a,an2a
mirai (sugar),ミライ（砂糖）
sao satoru,Sao Satoru
coffee cat,コーヒー猫
shiramori yuse,shiramori Yuse
funnyari,面白い
akizuki akina,秋葉a
sereneandsilent,sereneandsilent
ichijou takakiyo,一像タカキヨ
zuzuhashi,Zuzuhashi
polpol,ポルポール
elsi,エルシ
yoshinari you,ヨシナリあなた
mayafufu,マヤフフ
g ieep,G ieep
borvar,ボーバー
lyra-kotto,ライラコット
kamiya yuu,カミヤユー
kuriyuzu kuryuu,Kuriyuzu Kuryuu
tokumaro,トクマロ
gujira,グジラ
shigehiro (hiroi heya),シゲヒロ（hiroi heya）
kurabi (neijitsu biyori),ナキウスギ
ruchi,ルチ
ran (bukeranwu),ラン（bukeranwu）
iwamoto sora,岩本ソラ
nanakaku,ナナカク
kubocha,クボチャ
sade abyss,サドアビス
nakaichi (ridil),中島（リディル）
kiana mai,キアナマイ
mercy rabbit,マーシーラビット
ryuuta (msxtr),ryuuta（msxtr）
yajiro masaru,ヤジロマサル
teeta j,ティータJ。
terebi (shimizu1996),Terebi（Shimizu1996）
soraao0322,soraao0322
okanoyuno,岡野
arino hiroshi,アリノ・ヒロシ
johnny funamushi,ジョニー・フナムシ
seicoh,セイコー
aoi tori,aoi tori
komachi pochi,コマチ・ポチ
kajatony,Kajatony
koyansuee,Koyansuee
li se,li se
ouse (otussger),ウーズ（オッサー）
gonster,ゴンス
inari (ambercrown),イナリ（アンバークラウン）
raijuu (bakanara),raijuu（バカナラ）
retri,retri
setsuri (tubaki),setsuri（Tubaki）
bulga,ブルガ
dove pixie,鳩のピクシー
kuroida,クロイダ
mi (pic52pic),mi（pic52pic）
eight tohyama,8つのトヒャマ
ebira,エビラ
pompmaker1,pompmaker1
tokihama jirou,トキハマジロウ
yasumo (kuusouorbital),Yasumo（Kuusouorbital）
sabachiyo land,サバチヨの土地
nyxerebos,ナイクセルボス
garuku,ガルク
gentoku,Gentoku
hanabana tsubomi,ハナバナ・ツボミ
yuiofire,yuiofire
akagi asahito,アカギアヒト
kaminari doon,カミナリ・ドゥーン
nagy,ナギー
fuyuno haruaki,フユノ・ハルアキ
deluxe<<<,Deluxe <<<
nonono (nononotea),nonono（nononotea）
sumaki shungo,スマキ・シュンゴ
kinokohime,kinokohime
sonri,ソニー
zedd (zedgawr),Zedd（Zedgawr）
sanotsuki,サノツキ
flask (pandora),フラスコ（パンドラ）
hare (aeex5727),hare（aeex5727）
inhoso,inhoso
weri,ウェリ
daidou (demitasse),daidou（demitasse）
uemura navia,ナビア
findoworld,findoworld
omoti (1201208),Omoti（1201208）
okyou,okyou
kukimaru,クキマル
seo kouji,ソウジ
marutaya,マルタヤ
sarena,サレナ
kosaki wit,コサキウィット
furisuku,フリスク
tomato (lsj44867),トマト（LSJ44867）
alphy,アルフィ
silver meteor,銀メッター
akito (d30n26),アキト（D30N26）
sakana (saka11205),サカナ（saka11205）
izumi minami,Izumi Minami
gud0c,gud0c
fuente,フエンテ
miyoshino,ミヨシノ
konmori (kinbou sokai),Konmori（Kinbou Sokai）
you shimizu,あなたはシミズです
cat princess,猫の王女
xzu,xzu
arikindows10,Arikindows10
baakurou,baakurou
puru (ex-150),Puru（Ex-150）
kanijiru,カニジル
ame sagari,AME SAGARI
ariga tou,アリガ・トゥ
a20 (atsumaru),a20（atsumaru）
hoshino reiji,Hoshino Reiji
dan evan,ダン・エヴァン
tsunamayo,津波
tamiya akito,タミヤ・アキト
kuuro kuro,クロクロ
isu (is88),ISU（IS88）
itsuki kousuke,kousuke島
blaccura,Blaccura
shirataki kaiseki,シラタキ・カイセキ
mozu (peth),モズ（ペス）
morioka itari,モリオカイタリ
sakana (ryuusui-tei),サカナ（ryuusui-tei）
nagasawa tougo,長崎tougo
ika (4801055),イカ（4801055）
shapoco,シャポコ
bottoms1237,ボトムス1237
torinosukei,トリノスケイ
acubi tomaranai,acubi tomaranai
yu 3,Yu 3
bloom into me15,me15に咲きます
tamago sando,タマゴ・サンド
melailai,メラライ
youmicitrustea,youmictrustea
kagami toufu,カガミ・トゥフ
temmie chang,テミー・チャン
kuroe (sugarberry),クロエ（シュガーベリー）
tsuyomaru,ツヨマル
enumiyaa,enumiyaa
taiga (ryukyu-6102-8),タイガ（ryukyu-6102-8）
kikimi,キキミ
sakurabe notos,Sakurabe notos
mikao (eanv5385),ミカオ（EANV5385）
stchame,サトカメ
jewel (the black canvas),宝石（黒のキャンバス）
nanohana kohina,ナノハナ・コヒナ
wancozow,ワンコゾウ
wachiwo,wachiwo
katou (osoraku),katou（osoraku）
hunyan,ハンヤン
kekocha,ケコチャ
minarai shachou,Minarai Shachou
byourou,byourou
earasensha,Earasensha
danjou sora,Danjou Sora
unique (pixiv12704744),ユニーク（pixiv12704744）
orchid (orukido),オーキッド（オルキド）
vococo,Vococo
mayachi (amuriya),マヤチ（アムリヤ）
ashima (roro046),sutorora
rusellunt,ルセラント
takatsuki p,高さキーp
akine (kuroyuri),akine（kuroyuri）
makiri akira,マキリ・アキラ
sorato (astllatte),sorato（astllatte）
fikkyun,フィッキン
c take0141,C Take0141
motto (night wear),モットー（ナイトウェア）
d-art,d-art
yamada masaki,山田崎
higashigunkan,ヒガシグンカン
sakai yume,サカイ・ユメ
hmax,hmax
beichen xiaobei,Ko Kita
heran hei mao,ヘラン・ヘイ・マオ
betchan,ベッチャン
bowieknife,ボウイナイフ
minamoto (mutton),ミナモト（マトン）
jirusu,ジルス
zocehuy,Zocehuy
zattape,Zattape
gujianshaonu,Gujianshaonu
aokura shou,青山ショー
viperxtr,Viperxtr
kuuru (kuuru-n),クル（クルー-n）
ume (pickled plum),ume（pickled plum）
drunkoak,Drunkoak
amano kozue,アマノ・コズエ
hikichi sakuya,sakuya hikich
asakiri koko,浅草ココ
eric (tianqijiang),エリック（Tianqijiang）
yellowroom,イエロールーム
emirio (emirio110),エミリオ（emirio110）
haruta (806060),Haruta（806060）
cpu (hexivision),cpu（hexivision）
shinzui (fantasysky7),shinzui（fantasysky7）
gunnjou yosio,Gunnjou Yosio
sunga2usagi,Sunga2usagi
yn red,yn赤
hiiragi tomoka,hiiragi tomoka
gedou (ge ge gedou),gedou（ge ge gedou）
g-room honten,G-Room Honten
bakutendou,Bakutendou
kobashi daku,コバシダク
neko-san (dim.dream),neko-san（dim.dream）
kani nyan,カニニャン
ninomotonino,ニノモトニノ
hanamaki hanarou,ハナタロ（sruvhqkehy1zied）
astg,ASTG
chu yeon,Mid（Gameshe）
shokuyou koori,Shokuyou Koori
hano luno,ハノ・ルノ
dh-zone,dh-zone
mei ichi,メイ・イチ
xyanaid,xyanaid
owner1657,所有者1657
k-y,k-y
rasen manga,レイゼンマンガ
shuz (dodidu),シューズ（ドディドゥ）
kayanogura,カヤノグラ
geo (yukishitadou),Geo（Yukishitadou）
rikose,rikose
sea nami,海のナミ
ichiroku (sakumogu-029),一流（サクモグ-029）
non (wednesday-classic),非（水曜日クラシック）
kinomtan,Kinom（Sculpturesky）
yu-ves,yu-ves
chon (chon33v),chon（chon33v）
soragane (banisinngurei),ソラガン（banisinngurei）
yoplait,ヨプレイト
cogecha,コゲチャ
suzumi (fallxalice),スズミ（フォールサリス）
ledjoker07,ledjoker07
kusaba (kusabashiki),クサバ（クサバシキ）
izu lemon,イズ・レモン
k-rha's,k-rhaの
iro ame (amewaagada),IRO AME（Amewaagada）
@@@ (eckzahn),@@@
rain lan,レインラン
yuruto,ユルート
sato art,佐藤芸術
kanopan,カノパン
mushroom (osh320),マッシュルーム（OSH320）
sikisikiya,チョエル
gochisousama (tanin050),Gochisousama（Tanin050）
mitchell (dynxcb25),ミッチェル（dynxcb25）
theobrobine,テオブロビン
aora,aora
yuzuki kei,Yuzuki Kei
boca,ボカ
uchiu kazuma,中国川星
jakelian,ジェイクリアン
c.cu,C.CU
enjoy mix,ミックスをお楽しみください
k00s,K00S
reihou19,reihou19
rapa rachi,ラパラチ
gurumin (gurruguru),ガルミン（ガリュグル）
nanami sano,ナナミ・サノ
u2 (5798239),U2（5798239）
kangoku kou,Kangoku kou
inoue takuya,イノウエタクヤ
yasaka minato,ヤサカ港
konya karasue,Konya Karasue
hirota fruit,ヒロタフルーツ
kntrs (knyrs),Kntrs（Knyrs）
kannagi kaname,カンナギ・カナメ
maaru (akira428),マル（akira428）
mashimashi,マシマシ
oddsnail,オッズネイル
tohoyuukarin,トホウカリン
yakan (kusogaki teikoku),Yakan（kusogaki teikoku）
gomeifuku,Gomeifuku
okunin,オクニン
yst,Yst
akinoji (akiponpon27),akinoji（akiponpon27）
fruit punch,フルーツポンチ
deku (dekunosu),Deku（Dekunosu）
wengwengchim,ウェンヴェンチム
mityubi,ミティウビ
ishiyuki,石yuki
guhanshounen,Guhanshounen
jin rou,ジンルー
sofusan1526,sofusan1526
1041 (toshikazu),1041（トシカズ）
kayama kenji,カヤマ・ケンジ
yagoro kusuriya,Yagoro Kusuriya
kikai (akita morgue),Kikai（秋田遺体）
romana,ロマナ
sally (luna-arts),サリー（luna-arts）
sasakura34,佐々木34
giga-tera,ギガ・テラ
ken-ji,賢司
winter (winterinkoakuma),冬（ウィンターリンコクマ）
i.f.s.f,I.F.S.F
nukosann,ヌコサン
ryakusun,ryakusun
zerosu (take out),ゼロス（テイクアウト）
sasaki sakiko,佐々木佐藤
pruzhka (wardi113),Pruzhka（Wardi113）
zhudouzi,Zhudouzi
tutou jiang,ツトゥー・ジャン
ettone,エトン
mikisai,ミキサイ
humugo,CZK
chark14,Chark14
fukumaaya,フクマヤ
kusada souta,クサダ・スータ
kakogawa tarou,カコガワ・タロウ
takoneru,タコネル
nyagakiya,ニャガキヤ
junwool,ジュンウール
kitamurashu,北島
tilm,ティルム
azuma yukihiko,吉子平均
sakuramarusan,サクラマルサン
heoningu,Heoningu
kamesys,Kamesys
makabe gorou,Makabe Gorou
kagami chihiro,カガミチヒロ
sher (imnotsher),シャー（imnotsher）
ukumo uichi,Ukumo uichi
meola,メオラ
kokura masashi,河川河
sima (startwitch),シマ（startwitch）
thundergotch,Thundergotch
kana616,KANA616
haguruma c,ハグルマc
nukkoru,ヌッコル
reammara,Reammara
satsuki yukimi,satsuki yukimi
inuki (aruurara),inuki（aruurara）
shirakawako,シラカワコ
jnt,JNT
mihifu,ミヒフ
ayo (ayosanri009),ayo（ayosanri009）
haruki reimari,Haruki Reimari
honkivampy,Honkivampy
anzu0130,ANZU0130
ruin re birth,誕生を台無しにする
sarashina kau,サラシナ・カウ
nogi yasuhito,ノギ・ヤスヒト
itou kurosuke,korosuke
cinko,シンコ
yukari (yukari21653710),Yukari（Yukari21653710）
mofu07519,mofu07519
mochikushi,モチクシ
yoshi (crossmind),ヨッシー（クロスマインド）
sakusakusakurai,佐藤usakurai
kanzen bouon,Kanzen Bouon
mendou saya,メンドー・サヤ
suraimu (suraimuraimu),suraimu（suraimuraimu）
itou shin'ichi,itou shin'ichi
narumi nanami,ナルミナナミ
suzune hapinesu,スズネ・ハピヌ
osamu (jagabata),オサム（ジャガバタ）
sesena yau,セセナ・ヤウ
kikuchi seiji,四川科
ryu genshin77,ryu genshin77
chisumi,チスミ
xichii,xichii
nuno (pppompon),ヌノ（Pppompon）
yururi nano,Yururi Nano
fukaiton,フカイトン
sazanami (ripple1996),サザナミ（ripple1996）
yuzu-aki,Yuzu-Aki
tsumayouji (tumayog),ツマヨウジ（tumayog）
kona ming,コナミン
tachikawa mushimaro,田川ムシマロ
garoudo (kadouhan'i),ガロード（kadouhan'i）
isna (footprintsofisna),Isna（足跡存在）
zaso,ザソ
koh rd,Koh Rd
muloli,ムロリ
endori,エンドリ
izayoi seishin,イザヨイ・シシン
sakura moyon,さくらモヨン
tomo (tmtm mf mf),トモ（TMTM MF MF）
alracoco,アルラココ
kanemaki thomas,カネマキ・トーマス
mukunoki nanatsu,ムクノキナナツ
pekopokox,ペコポコックス
cwind,cwind
sumi (gfgf 045),sumi（gfgf 045）
didloaded,ディッドロード
eencya,Eencya
kachayori,カチョヨリ
nori (norimakigumo),Nori（norimakigumo）
dai yasude,ダイ・ヤスード
kumatangent,Kumatangent
1=2,1 = 2
izumi kei,イズミ・ケイ
hayan,シロ・アルビノ
sugimoto isao,Sugimoto Isao
kafeifeifeifeifeifei jiemo jun,Kafeifeifefifeifefifeiifei jiemo jun
fukusuke hachi-gou,hachi-gou福会
miruzawa akechi,Miruzawa akechi
hirotaka0125,Hirotaka0125
hotoke party,Hotoke Party
emg (christain),EMG（クリステン）
zpolice,Zpolice
yamasuta,ヤマスタ
caracol,カラコル
terada ochiko,テラダ・オチコ
mumumu (road),ムムム（道路）
fukazaki,福崎
polyle,ポリル
arai sumiko,アライ・スミコ
kiya hajime,キヤ・ハジメ
4suke,4Suke
onibi (foxhound4185),onibi（foxhound4185）
shigemiya kyouhei,Shigemiya Kyouhei
hujikok,フジコク
suishougensou,Suishougensou
kuroganeruto,クロガネルート
zasshu nigou,Zasshu nigou
domotolain,ドモトレイン
tenkuu sphere,Tenkuu球
cero (last2stage),cero（last2stage）
kirisaki seeker,キリサキシーカー
najimi shin,ナジミシン
ruriri,ルリリ
shunsei (muratou),shunsei（ムラトウ）
shironeko sanbou,Shironeko sanbou
biya (1024),ビヤ（1024）
deto,デトー
yueko (jiayue wu),Yueko（Jiayue Wu）
set7,set7
tatutaniyuuto,Tatutaniyuuto
menea,メネア
ryuuno6,ryuuno6
yijian ma,Yijian Ma
hinomaru (futagun),hinomaru（futagun）
mrdotd,Mrdotd
seele0907,Seele0907
uouokuma,uouokuma
seri (yuukasakura),セリ（ユウカサクラ）
yunuki uta,ユヌキ・ウタ
mell (dmwe3537),メル（DMWE3537）
shigatsu shizuki,ほろこ輝石
pic postcard,写真はがき
mitsubachi koucha,ミツバチ・クシャ
sera (serappi),セラ（serappi）
kumakichi (cost-lost),クマキチ（コストが失われる）
numenoko,Numenoko
eden (shiroki yuutsu),エデン（ゆくゆっしり）
akitsuki (oenothera),明ki（oenothera）
calm mashiro,穏やかなマシロ
asako (itiba),浅瀬（イタバ）
nudiedoodles,nudiedoodles
ajula wachula,アジュラ・ワチュラ
akichin (atelier baguri),アキチン（アトリエ・バグリ）
sakon04,sakon04
tetsu (teppei),テツ（ティペイ）
fuyouchu,fuyouchu
k3rd,K3rd
nobicco,ノビッコ
shimotsuki shio,Shimotsuki Shio
void 0,無効0
shiino sera,Shiino Sera
tirotata,チロタタ
spareribs,スペアリブ
tsuchimiya,ツチミヤ
wakamochi-ta,ワカモチタ
toufu mentaru zabuton,Toufu Mentaru Zabuton
gyaheung,Gyaheung
ayaki,ayaki
ayamo kaoru,アヤモ・カオル
honyang,ホニャン
mocchisake,Mocchisake
tomioka jirou,omioka jirou
chacha (ss 5087),チャチャ（SS 5087）
viva!!,viva !!
pasutel,パステル
gurageida,グルジダ
lost-phews,失われた人
silanduqiaocui,Silanduqiaocui
miwa yoshikazu,ミワ・ヨシカズ
senmu (senmudayo),Senmu（Senmudayo）
hayakawa pao,林川pao
itou (very ito),itou（非常に伊藤）
mayo (miyusa),メイヨー（ミユーサ）
castell,カステル
nanju bami,ナンジュ・バミ
izumi (stardustalone),イズミ（スターダスタロン）
gozu farm,ゴズー農場
yuhazu (rhe-rhe),Yuhazu（rhe-rhe）
rurudo,ルルド
yun-yang,ユンヤン
riuichi,riuichi
kokemomo (makesound),Kokemomo（Maseound）
innoarukugyou,Innoarukugyou
yorktown cv-5,ヨークタウンCV-5
touon,Touon
sushi pizza rrr,寿司ピザRRR
gatsby ssl,Gatsby SSL
oolay-tiger (voice actor),Oolay-Tiger（声優）
bluerabbit gap,ブルーアビットのギャップ
zero a,ゼロa
erect sawaru,サワルを直立します
morigami (morigami no yashiro),森原（モリガミいいえYASHIRO）
you06,You06
minasenagi,ミナセナギ
nagimiso,ナギミソ
akizero1510,Akizero1510
bangom r,バンゴムr
may9,May9
akipeko,アキペコ
tahita1874,タヒタ1874
kissai,キッサイ
persocon93,persocon93
elze (s01047480836),Elze（S01047480836）
sohn woohyoung,sohn woohyoung
akinoya,華
han-0v0,HAN-0V0
loading (verjuice),読み込み（verjuice）
wenny02,Wenny02
ikuta takanon,イクタ・タカノン
koyoi mitsuki,コヨイ・ミツキ
tostos,トストス
mimura zaja,ミムラ・ザジャ
pin.s,Pin.S
ruku (alicecreation),ルク（aliceCreation）
teruru,テルル
mijinko (rioriorio),ミジンコ（rioriorio）
mabuchoco m,マブココm
tsuchibayashi makoto,ツチバヤシ・マコト
mikami mika,ミカミミカ
okera,オケラ
yukimitsuki,ユキミツキ
enelis,エネリス
4 (nakajima4423),4（nakajima4423）
shigureru,Shigureru
akujiki59,akujiki59
kurowan,クロワン
sumeragi hamao,スメラギ・ハモオ
inamitsu shinji,イナミツ島
haobuguniao,Haobuguniao
blondynkitezgraja,Blondynkitezgraja
shourou kanna,shourou kanna
akito (sub707),アキト（sub707）
ma tsukasa,Ma Tsukasa
anbutter siruko,anbutter siruko
gyari (imagesdawn),Gyari（Imagesdawn）
mutsuki riichi,ムツキリチ
mi8pq,MI8PQ
borushichi,ボルシチ
airool,Airool
gaitoou,ガイトー
gu li,グリ
snow is,雪はです
cibo (killy),CIBO（キリー）
ska.harumi,ska.harumi
susagane,スサガネ
rushian,ラシアン
denaseey,Denaseey
godees,godees
wabi (wbsk),wabi（wbsk）
nemui333,nemui333
hebitsukai,ヘビツカイ
nana (raiupika),ナナ（raiupika）
natsuki (ukiwakudasai),ナツキ（ウキワクダサイ）
okkobc,okkobc
akira (been0328),アキラ（0328）
sashiyu,sashiyu
kumamoto aichi,アイチ岸
kazami ruku,カザミ・ルク
kgeroua,Kgeroua
tatsumi (psmhbpiuczn),tatsumi（psmhbpiuczn）
thore (nathalukpol),Thore（nathalukpol）
kuwahara taiki,Kuwahara taiki
maruno,マルノ
kyundoo,kyundoo
yuna (deadawon),YUNA（Deadawon）
kabedoru,カベドル
brekkist,Brekkist
tevit (tevit15),tevit（tevit15）
itsumizu,itsumizu
soul (tamashii),魂（タマシイ）
disuto,Diduto
hongbaise raw,Hongbaise raw
tel-o,Tel-O
hagino makoto,Hagino Makoto
yuni (irohasuiroiro),ユニ（イロハスイロイロ）
quuni,クニ
nengoro,ネンゴロ
tsurugi (the horizon),津波（地平線）
hirosato,広さ
karasumi (aiseec),Karasumi（aiseec）
ogino jun,Ogino Jun
osamada meika,オサマダ・メイカ
taniguchi jun'ichirou,谷口jun'ichirou
nutkingcall,NutkingCall
kgt (pixiv12957613),KGT（PIXIV12957613）
yamataka,ヤマタカ
emoi do,emoi do
kaguura (kagu),カグウラ（カグ）
rumo,ルモ
kayahara,カヤハラ
angeldust,エンジェルダスト
andou tomoya,アンドゥ・トモヤ
uni (melm),ユニ（メルム）
leftporygon,leftporygon
taruhi,タルヒ
wakku kan,ワクカン
yazawa oke,ヤザワオケ
meguru (megurunn),Meguru（Megurunn）
sonchi,ソンキ
daeho cha,デホチャ
sawatari (sado),サワタリ（サド）
moose (moosemitchell2),Moose（Moosemitchell2）
kuwada yuuki,クワダユウキ
naru (andante),ナル（アンダンテ）
hi iro,こんにちはイロ
kumao mofumofu,クマオモフモフ
nakajou,ナカジョー
tokiwa (mukoku),トキワ（ムコク）
ttosom,ttosom
kizuki aruchu,キズキルチュ
terimayo,テリマヨ
serizawa mutsuki,セリザワ・ムツキ
yamaguchi shinnosuke,山口島
miyazaki hakkaame,ハッカサメ
ushimochi,ushimochi
suica (agonasubi),アゴナスビ
irkawaza,イルカワザ
ubo (ubo tales),Ubo（Ubo Tales）
sencha (senta 10),sencha（senta 10）
kajuu,kajuu
shirahama kamome,シラハマ・カモメ
shiba yuuji,Shiba Yuuji
mian lang,ミアン・ラング
picoli1313,picoli1313
mashimaro tabetai,マシマロ・タベタイ
yyb,YYB
cliov,クリオフ
hira (nanika no heya),Hira（Nanika No Heya）
shimakaze (soundz of bell),Shimakaze（ベルのSoundz）
wood cube,木キューブ
freedom nakai,自由nakai
e-co,e-co
chin gero,チンゲロ
bdone,苛性クレヨン
mokomoko yanakku,ヤナック川川
mikan (bananoha),ミカン（バナノハ）
earth ekami,地球エカミ
aka ume,別名うーん
kuga zankurou,クガ・ザンクロウ
kotomuke fuurin,コトムケ・フーリン
yuineko,Yuineko
seitei (04seitei),seitei（04seitei）
fujishima kousuke,藤島kousuke
toriburi,トリブリ
afunai,アフナイ
rsef,rsef
sqloveraven,sqloveraven
roido (taniko-t-1218),roido（Taniko-t-1218）
shumiko (kamenokoueki),shumiko（kamenokoueki）
aruya (flosrota),アルヤ（フロスロタ）
kimidake,kimidake
dalc rose,ダルクローズ
gengetsu chihiro,Gengetsu Chihiro
minazuki haruka,harazuki haruka
tokira nozumi,トキラ・ノズミ
yukimaru217,ユキマル217
hakuishi aoi,Hakuishi aoi
sevie,セビー
mito soosu,MitoSoosu
dave cheung,デイブ・チョン
yuzuyu (hyui),Yuzuyu（ヒウイ）
gdhs,GDHS
takuan (taku1219oekaki),Takuan（Taku1219oekaki）
ogura eisuke,オグラ・アイスケ
iris (tb33064667),アイリス（TB33064667）
saruei,サルエイ
ousaka nozomi,オウサカ・ノゾミ
sema (vivaviva 02),SEMA（Vivaviva 02）
rei (rei rr),rei（rei rr）
buntaichou,Buntaichou
namakuby,ナマクビー
nekota susumu,ネコタスム
sawara65,sawara65
mochacot,モカコット
hk (nt),HK（NT）
menthako,メンハコ
uso (ameuzaki),uso（ameuzaki）
dano,ダノ
pastime774,pastime774
yuhi (hssh 6),Yuhi（HSSH 6）
azuma kiyohiko,清hiko
zero hime,ゼロメー
nishiki areku,ニシキ・アレク
shia job,シーア派の仕事
yukari (rihenara doll),Yukari（Rihenara Doll）
ganassa,ガナッサ
ryuuta (cure ryuuta),ryuuta（Cure ryuuta）
live for the funk,ファンクのために生きる
rorosuke,rosuke
ikue fuuji,Ikue fuuji
hisakawa chin,渡川あご
harano kaguyama,ハラノ・カグヤマ
jizell,Ojay Tkym
nakano haito,中野家
kabu (aparachiya),カブカブラ
chyan,チャン
ruda (ruda e),ルーダ（ルーダE）
miyama amehiko,宮田アメヒコ
akabashi yuusuke,ゆうき明馬
okuto,オクート
hizagawa rau,ヒザガワラウ
kurokawa makoto,黒川城
yue (tada no saboten),Yue（Tada No Saboten）
tokyo yamane,東京ヤマネ
chunpai,チュンパイ
mamaprofennn,Mamaprofennn
tetsukuzu tetsuko,Tetsukuzu tetsuko
zizi (zz22),Zizi（ZZ22）
mushiro (nijie728995),ムシロ（nijie728995）
takaku toshihiko,Toshihiko
meimone,メイモーネ
yonema,ヨネマ
diieru,ディエル
kusakihara toshiyuki,久原toshiyuki
oota youjo,oota youjo
ohako (ohako1818),ohako（ohako1818）
jyuru,ジュル
notte,ノッテ
negija,ネギジャ
yamaha tsui,ヤマハ・ツイ
fukumitsu (kirarirorustar),福山（キラリロラスター）
yoshida akihiko,ヨシダアキヒコ
senzaicha kasukadoki,センザイチカ漢字
rabiiandrain,rabiiandrain
h2 (h20000000),H2（H20000000）
pilokey,ピロキー
kiyuu,キユー
ming (5unri5e666),Ming（5UNRI5E666）
karv,Karv
clickdraws,クリックドロー
emapippi,emapippi
baron (varon666),男爵（varon666）
devil heavens,悪魔の天
shisui,shisui
erotanuki,エロタヌキ
halu-ca,ハルカ
mika miche,ミカ・ミシェ
mm (yoromu),mm（ヨーム）
hikobae,ひきい
kuhuku006f86,Kuhuku006f86
kernel killer,カーネルキラー
yu ni t,yu ni t
mikaze oto,ミカゼオト
naomi (fantasia),ナオミ（ファンタジア）
zhvo,Zhvo
sadamatsu ryuuichi,サダマツ・リュウイチ
goban,ゴバン
kai (akamekogeme),カイ（akamekogeme）
shijima (sjmr02),ほこり（SJMR02）
bosstseng,Bosstseng
capera,カペラ
arceonn,Arceonn
baanin,バアニン
kosuzume,kosuzume
akasata,アカサタ
karinto yamada,山田カリント
nanameda kei,ナナメダケイ
yatsuha kanan,YATSUHA KANAN
otama (atama ohanabatake),オタマ（atama ohanabatake）
xerbatt,Xerbatt
madara inosuke,マダラ・イノースケ
itoichi.,伊藤。
akasode (tyaramu),アカソード（ティアラム）
cyber (cyber knight),サイバー（サイバーナイト）
chiri (ch!),Chiri（ch！）
fraankyy,fraankyy
lilaccu,Lilaccu
nao (naoooo a),uuroncha
ninomae ina'nis (artist),ninomae ina'nis（アーティスト）
mukkushi,ムクキシ
momofuki rio,モモフキリオ
shiroma (mamiko),シロマ（マミコ）
hashimoto (yanagi-momo),橋本（ヤナギモモ）
katai (nekoneko0720),カタイ（nekoneko0720）
rubi-sama,ルビ様
terras,テラ
sawitou mizuki,Sawitou Mizuki
slash-ex,スラッシュエクス
maru (hachi 47923),マル（ハチ47923）
esukee,宇宙
jojobirdz,Jojobirdz
shotgunman,ショットガンマン
motsutoko,モツトコ
sawarakajin,サワラカジン
plus step,プラスステップ
patricia (stylish marunage),パトリシア（スタイリッシュマルネージ）
ashishun,アシシュン
daigada,ダイガダ
k.t.cube,K.T.Cube
pkpokopoko3,pkpokopoko3
eguegu,Eguegu
haruba negi,Haruba Negi
akieda,アキエダ
sg (satoumogumogu),SG（satoumogumogu）
hoshii 1213,Hoshii 1213
zenji029,Zenji029
queen complex,クイーンコンプレックス
team.achv,A0LP
iizuka haruko,ハルーコ島
kumanomi,クマノミ
yusano,ユサノ
su xiao jei,Su Xiao Jei
makin tama,マキン・タマ
jamir,ジャミール
moyan,モヤン
yukin (es),ユキン（es）
sanwari (aruji yume),サンワリ（アルジ・ユメ）
akino coto,佐野coto
sushikuugo (suisen),sushikuugo（suisen）
sarhce,サルセ
deathalice,デスティック
hakoiri nyanko,hakoiri nyanko
oohara kyuutarou,Oohara Kyuutarou
cervus,Cervus
izumi masashi,イズミマサシ
franz (217franz),フランツ（217franz）
s gentian,S Gentian
makoto ikemu,マコト・イケム
neg 50asu,Neg 50asu
solokov (okb-999),ソロコフ（OKB-999）
furukawa itsuse,Furukawa Itsuse
x&x&x,x＆x＆x
makishima azusa,azusamakishima
suzuki24,スズキ24
kamiya zuzu,カミヤ・ズズ
c.honey,C.Honey
naka (cheeseyeast),naka（cheeseyeast）
igarashi (nogiheta),伊原（nogiheta）
white gorilla (okamoto),ホワイトゴリラ（岡本）
yelan xing xuan,yelan xing xuan
kunifuto,Kunifuto
kuroneko no toorimichi,クロネコはトリミチではありません
samoore,サモア
ayatsuki sugure,ayatsuki sugure
tadd (tatd),TADD（TATD）
kouji (kari),コウジ（カリ）
yoshika (music480069),ヨシカ（Music480069）
min (120716),min（120716）
sugamo (rainysnowy108),sugamo（rainysnowy108）
orange sekaii,オレンジ・セカイ
oshiri seijin,Oshiri Seijin
erodrunky,erodrunky
kuromu shado,クロムシャド
esther shen,エスターシェン
matayoshi,マタヨシ
mou tama maru,ムー・タマ・マル
yenkoes,イェンコー
yukishima momo,吉山momo
keibeam,keibeam
shirone (coxo ii),Shirone（Coxo II）
type-dog,タイプドッグ
maria (syake-uni),マリア（syake-uni）
akkgsyk,Akkgsyk
bobobo,ボボボ
sayu030b,Sayu030b
hino kagutsuki,kagutsuki
darkpulsegg,darkpulsegg
motsunuki,モツヌキ
jiu (sdesd3205),Jiu（SDESD3205）
peterhl,ピーター
manglifer,マングリファー
huxiao (mistlakefront),Huxiao（MistlakeFront）
kawanobe,カワノベ
pepatiku,ペパティク
yuunagi (0217),ユウナギ（0217）
nanao futaba,Nanao Futaba
mimoza (96mimo414),ミモザ（96mimo414）
nasaniliu,ナサニリウ
kasuga ayumu (haruhipo),カスガ・アユム（haru）
pomesaurus,ポメサウルス
aosora kamiya,aosora kamiya
akakokko (niro azarashi),アカココ（azarashiニロ）
enni,エニ
taiki (luster),タイキ（光沢）
takashi (huzakenna),高橋（Huzakenna）
fermium.ice,Fermium.ice
pyonsuke (pyon2 mfg),ピオンケ（pyon2 mfg）
kinoshita sakura,木本桜
nanostar,ナノスタル
ayahi 4,アヤヒ4
akaiha (akaihasugk),akaiha（akaihasugk）
macaroni hourensou,Macaroni Hourensou
kurokaze no sora,Kurokaze no sora
inumori sayaka,イヌモリヤカ
hinata ichi,日向正義
awara kayu,アワラカユ
morisova,モリソバ
kouzuki tsubasa (musou kaidou),kouzuki tsubasa（sou kaidou）
franlol,フランロール
nemo ringo,Nemo Ringo
yozakura souki,アルティナ
taotao,タオタオ
karappo (poket12),Karappo（Poket12）
shinigami kiraki,キラキ下神
flick (sal23),フリック（sal23）
tianzhong zhongtian,Tianzhong Zhongtian
satsuyo,satsuyo
nr noir,NRノワール
indy k,インディk
l ract,l ract
sakifox,sakifox
axleaki,Axleaki
kirima (kirim ld 0617),キリマ（ユーザーdanf8787）
morisshii (morishiey),Morisshii（Morishiey）
echigoya takeru,エチゴヤタケル
naho (pi988y),naho（pi988y）
kurumiya (krmy p),クルミヤ（クリミーP）
wachi (hati1186),ワチ（hati1186）
kanora,カノラ
izumi kirifu,Izumi kirifu
zeru (wisel army),ZERU（Wisel Army）
chiba sadoru,チバ・サドル
momoniku (taretare-13),omoniku（Taretare-13）
odayan,オダヤン
yato (yama0x1),Yato（Yama0x1）
lyrinne,リリン
mirin (coene65),mirin（Coene65）
sakurea,サクレア
senbei (avocadochaya),Senbei（アボカドチャヤ）
hanatsuka,ハナツカ
karasu (naoshow357),Karasu（naoshow357）
katsurai yoshiaki,カツライヨシアキ
kahadu (kawazu),カハドゥ（カワズ）
dongye1551,dongye1551
marinesnow,Marinesnow
edogawa nao,エドガワ・ナオ
kupala,クパラ
nanananana,ナナナナナ
tota (sizukurubiks),tota（sizurubiks）
butcherboy,肉屋
noeomi,ノエオミ
okiyumi kase,オキユミケース
m.tokotsu,M.tokotsu
momoiro lettuce,モモイロレタス
tomusooya,omusooya
acryl,アクリル
captain kirb,キャプテンカーブ
uki atsuya,ウキアトゥヤ
sankyaku tako,サンキャクタコ
asle,アスレ
asakura sakura,浅瀬桜
admiral paru,パル提督
ririmon,リリモン
lvlv,LVLV
kaie,カイエ
mutou mame,mutou mame
jokebag,冗談
mirage (rairudiseu),ミラージュ（Rairudiseu）
g yuusuke,G uusuke
gensou aporo,Gensou Aporo
sasetsu,サセツ
kincora,キンコラ
shenqi xiao hong zai nali,Shenqi Xiao Hong Zai Nali
maruru (marurupan),コモモ（ptkrx）
aramachi,アラマチ
yamamura umi,山村umi
chabo (fuketsudan),チャボ（フケツダン）
kozou (rifa),kozou（rifa）
sencha (senchat),sencha（senchat）
rff (3 percent),RFF（3％）
baozishark,Baozishark
saberiii,saberiii
utsuhostoria,utsuhostoria
unya (unya-unya),unya（unya-unya）
kin mokusei,近代親族
artisticjinsky,ArtisticJinsky
tun,トン
zuki,ズキ
yui hiroshi,ユイ・ヒロシ
reiesu (reis),reiesu（reis）
jima,ジマ
arin (fanfan013),ARIN（fanfan013）
visket53,Visket53
ichiki 1,一ichiki 1
ayase-mio,ayase-mio
midoribox,ミドリボックス
omucchan (omutyuan),オムッチャン（omutyuan）
raiden (raiden labo),Raiden（Raiden Labo）
gendo0032,gendo0032
sakura romu,さくらロム
the-sinner,シンナー
yohane shimizu,ヨハネ・シミズ
musyne xsk,Musynexsk
abu,アブ
kuroi nyan,クロイ・ニャン
cyka,cyka
hikawa79,hikawa79
kanna asuke,カンナ・アスケ
tosura-ayato,Tosura-ayato
suan ringo,スアン・リンゴ
rilex lenov,Rilex Lenov
mei miya,メイヤ
sato-pon,佐藤ポン
dokonjou (odossan),dokonjou（odossan）
tsubameyado,ツバミヤド
hitobashira (1746164306),Hitobashira（1746164306）
grimgrim,グリムグリム
azel (laevateinn495),azel（laevateinn495）
unneul,Unneul
oosawara sadao,oosawara sadao
midoriiro no shinzou,ミドリイロshinzou
white-paka,ホワイトパカ
taachika,タアチカ
aji (sakanaaj1),aji（sakanaaj1）
maa (maa1),MAA（MAA1）
chuzenji,チュゼンジ
chichi guai,チチグアイ
sg (esujii),sg（esujii）
namatyoco,ナマティオコ
qianqianjie,Qianqianjie
nys,NYS
jimsdaydreams,Jimsdaydreams
yaoshi jun,ヤオシ6月
mitsumine raimu,ミツミン・ライム
natsume (menthol),夏目（メントール）
koryuu (gackter10),koryuu（gackter10）
driftingtiger,Driftingtiger
shiromoru (yozakura rety),Shiromoru（Yozakura Rety）
sweetonedollar,sweetonedollar
yuutama2804,Yuutama2804
nanaheibei 3,Nanaheibei 3
fukutchi,Fukutchi
pasdar,パスダー
bongnom,ボンノム
dangan kurabu,ダンガン・クラブ
mimelond,ミメロンド
ooyama kina,Ooyama Kina
kataro,カタロ
yuemanhuaikong,Yuemanhuaikong
osa (osaosa),Osa（Osaosa）
sukebewe,スケベエ
meen (ouaughikepdvrsf),Meen（ouaughikepdvrsf）
peanut (shokan),ピーナッツ（shokan）
telepurte,TelePurte
nyonyonba tarou,Nyonyonba Tarou
pink lady mage,ピンクレディメイジ
riho,リホ
d.koutya,D.Koutya
momoi komomo,Momoi komomo
yoshimon,ヨシモン
beni kurage,ベニ・クレージ
tougetsu gou,Tougetsu gou
inayama,イナヤマ
hane (azelye),ハーン（azelye）
hyakuen raitaa,Hyakuen Raitaa
tepen (tptptpn),Tepen（tptptpn）
kimidorix32,kimidorix32
sakiika0513,sakiika0513
kobi420,kobi420
mizutani megumi,Mizutani Megumi
furim,フリム
wincalblanke,wincalblanke
toba hiyoko,トバ・ヒヨコ
superappleman,スーパーアプレマン
kobayashi hiyoko,小林ヒヨコ
koto (shiberia39),コト（shiberia39）
kanyoko (yuzukano 17),kanyoko（Yuzukano 17）
chapa kari,チャパ・カリ
hamu (plot sy),hamu（プロットSY）
shiromaru (maniado),shiromaru（マニアド）
zunta,ズンタ
gagaimo,ガガイモ
kanisawa yuuki,カニサワユウキ
getto,getto
doldol (rkwowlqrp),doldol（rkwowlqrp）
elf k,エルフk
himetsuki luna,Himetsuki luna
akiba monaka,アキバ・モナカ
arashiki mamizu,アラシキ・マミズ
minimaru,ミニマル
akutsu (demodori),akutsu（demodori）
apoloniodraws,Apoloniodraws
alina l,アリナl
dekosuke,dekosuke
kakaobataa,カカオバタ
hekoningyou (waraningyou),hekoningyou（waraningyou）
jane mere,ジェーン・マエ
tamagawa yukimaru,田川ゆくYukimaru
kasukabe akira,カスカベ・アキラ
yuu (arcadia),ユウ（アルカディア）
fujimna,富士道
ggubii0225,GGUBII0225
nishikikope,ニシキコペ
jehyun,エヒョン
ginta,ギンタ
azure-maya,Azure-Maya
xaxaxa,xaxaxa
pagong,パゴン
karlwolf,カールウルフ
nishiuri warito,ニシュリ・ワリト
dobunezumi,dobunezumi
minarai zouhyou,Minarai Zouhyou
wadani hitonori,ワダニ・ヒトノリ
ichibi,一ichibi
koki (ryoushikiha),コキ（ryoushikiha）
otowa (otoha4634),otowa（otoha4634）
koucha indian,クーシャインディアン
69 (tranquilo),69（Tranquilo）
fuji tarawi,富士タラウイ
nishiya futoshi,西山futoshi
sleepyowl (jobkung15),sleepyowl（jobkung15）
pasoputi,Pasoputi
porupurucha,ポリュプルチャ
kobayashi yoshitaka,吉田小林
otoutogimi,otoutogimi
saruchitan,サルチタン
unizou,unizou
flowerxl,flowerxl
katsukare,カツカレ
haishiki,ハイシキ
patzzi,パッツィ
hashiko nowoto,Hashiko Nowoto
saga inu,サガ・イヌ
gyoukan (jfxc),Gyoukan（JFXC）
okuma707,okuma707
kaoru (gensou yuugen-an),Kaoru（Gensou Yuugen-an）
inre kemomimi,inre kemomimi
jack (slaintheva),ジャック（Slaintheva）
profitwalrus,Profitshame
tomodachi (tomofanart),トモダチ（トモファナート）
sima naoteng,シマ・ナオテン
agekichi (heart shape),agekichi（ハートの形）
aikura (twilight dusk),合気道（トワイライト夕暮れ）
daydream (zhdkffk21),Daydream（Zhdkffk21）
inuinuo gataken,inuinuo gataken
yasunoharu,Yasunoharu
lordol,ロードル
tamute (2580rs),タミュート（2580rs）
sengoku aky,Sengoku aky
jianmo sl,Jianmo SL
longmei er de tuzi,longmei er de tuzi
mikuning,ミクニング
hetareeji,ヘタリージ
sasanomesi,ササノメシ
oborotsuki kakeru,oborotsuki kakeru
hplay,hplay
unxi,unxi
comala (komma la),コマラ（コマラ）
dasoku sentarou,Dasoku Sentarou
noccu,ノック
kyuri,キュリ
fakkuma,fakkuma
mhunter 45,Mhunter 45
womi,WOMI
hanaon,ハナオン
cototiworld,Cototiworld
takubon,タクボン
asukaru (magika ru),アスカル（マギカル）
asususususu,Asusususu
ogura tubuan,卵管
irori (irorixc),Irori（Irorixc）
nazuka (mikkamisaki),ナツカ（ミッカミサキ）
tousaki shiina,ツサキ・シーイナ
utamaro,ウタマロ
nishino eri,西野エリ
2drr,2DRR
otton,オットン
yokoyari mengo,横浜氏
yatsuka (846),ヤツカ（846）
isemagu,イゼマグ
suzuno (bookshelf),スズノ（本棚）
azu (kirara310),azu（kirara310）
beruko14,Beruko14
reiei 8,reiei 8
junny,ジニー
sasanoneko,ササノネコ
grel (r6hgvu5),グレル（R6HGVU5）
shadman,シャドマン
asahi kuroi,浅子kuroi
nootomo,ヌートモ
dantes ward,ダンテス区
snatti,スナッティ
noki (affabile),noki（affabile）
homare (suzu no oka),ホマレ（鈴una岡）
uu-tan (hushigi10),uu-tan（hushigi10）
ninoude (ninoude44),ninoude（ninoude44）
sekiyu (spartan),sekiyu（スパルタン）
veryhardloco,veryhardloco
psyche3313,Psyche3313
hatski.sin,hatski.sin
kaginoni,カギノニ
inarou (rakugakiproject),inarou（rakugakiproject）
kaya rio,カヤリオ
ryuusui arumo,ryuusui arumo
akisaka yamoka,秋田岡
runamonet,runamonet
na insoo,na insoo
shironeko haru,シロネコ・ハル
lomocya,ロモシア
fuka (hk nemo),フカ（HKネモ）
totte,トッテ
nogisaka kushio,ノギサカ・クシオ
miyata sou,Miyata Sou
asicah,アシカ
kaeranu kaeru,Kaeranu Kaeru
anegawa eiji,アネガワ・エイジー
majima yuki,マジマユキ
takasugi heppu,高さのヘプ
masayu,マサユ
lowe (slow),ロウ（スロー）
sika,Moffle（Ayabi）
sutoroa,sutoroa
sainohikari,サイノヒカリ
chideno,aftamc
kamishiro mai (capti-no),kamishiro mai（capti-no）
heimu (heim kstr),ハイム（ハイムKSTR）
kooei,kooei
zer0.zer0,Zer0.zer0
habu rin,ハブリン
sakamina,坂本
ichiryuu tsumiki,魚類ツミキ
piikeisandaa,Piikeisandaa
xiumu pianzhou,Xiumu bianzhou
kubong,クボン
nanana (chicken union),ナナナ（チキンユニオン）
happyongdal,Happyongdal
mzet,mzet
berryverrine,ベリーバーリン
ebon,ebon
geneva bowers,ジュネーブバウアーズ
lunamoon,ルナムーン
artnip,artnip
mashiro kta,マシロKTA
saikachi (ogre tree),サイカチ（オーガーツリー）
yoshida on,ヨシダオン
wara (warapro),ワラ（ワラプロ）
ms06s,MS06S
asya,asya
ryuki@maguro-ex,Ryuki@Maguro-Ex
nuudoru,ヌードル
you2,you2
seuga,seuga
shinae,シナエ
totaku (musha prune),totaku（musha prune）
arion canvas,アリオンキャンバス
hk (hk),HK（hk）
mahito,マヒト
charamells,シャラメルズ
yasai (getsu),ヤサイ（getsu）
kurageso,Kurageso
chachi (azuzu),チャチ（アズズ）
mino tarou,ミノ・タロウ
project pochama,プロジェクトポチャマ
ninniku (ninnniku105),ninniku（ninniniku105）
risutaru,risutaru
mozuwaka,モズワカ
108 gou,108 GOU
tobi (nekomata homara),トビ（ネコマタ・ホマラ）
katsura ichiho,juria0801
maca (macaca12),MACA（Macaca12）
ozaki (tsukiko3),オザキ（Tsukiko3）
yakka,ヤッカ
shirayuiii,shirayuiii
shg (hiomaika),hiomaika
nemusuke,nemusuke
smilesmile1312,Smilesmile1312
pia (botamochinjufu),PIA（Botamochinjufu）
m alexa,Mアレクサ
namiki itsuki,ナミキ・イシュキ
kometubu0712,Kometubu0712
pok (pok 0002),PO0000000000
na! (na'mr),na！ （na'mr）
hayu (hayu0305),ユメノ・ルルカ
ibaraki shun,イバラキ・シュン
shourin bonzu,Shourin Bonzu
daisy mitsumata,デイジー・ミツマタ
takano masayuki,高野大ayuki
hamahama,ハマハマ
love makira,マキラが大好きです
ge xi,GE XI
shiono (0303),シオノ（0303）
nemuaki,nemuaki
fiz-rot,フィズロタート
shoochiku bai,shoochiku bai
ziling,Ziling
ghost (tama),ゴースト（タマ）
yukimi,ユキミ
waisshu (sougyokyuu),waisshu（sougyokyuu）
aspara,アスパラ
miel (lessontome),ミール（貸付）
ariso kaoru,アリソ・カオル
sakura (39ra),さくら（39ra）
ginji (sakaki summer),ginji（サカキ夏）
yukiharu,ユキハル
fukuro ooji,福田uji
aosaki yukina,吉野清
zasha,ザシャ
jinroku,ジンロク
thxzmgn,thxzmgn
komowata haruka,コモワタ・ハルカ
nori20170709,nori20170709
kodama (wa-ka-me),コダマ（wa-ka-me）
hakua ugetsu,hakua ugetsu
natsupa,ナツパ
buuwa,ブウワ
emia wang,エミア・ワン
matsubara tsuyoshi,マツバラ・ツヨシ
gusu,グス
binayu,ビナユ
tamanegiinyo,Tamanegiinyo
cong1991,cong1991
terumii,天umii
ookamiuo,Ookamiuo
renian,レッドニアン
mahou kyuuri,マホウキウリ
zinfian,ジンフィアン
sauvignon,ソーヴィニヨン
shino duka,シノ・ドゥカ
simon (n.s craft),サイモン（N.Sクラフト）
hiro (hirohiro gorira),Hiro（Hirohiro gorira）
un do,国民はそうします
bnari,bnari
asagao minoru,アサガオ・マイノル
kuro yanagi,ヤナギクロ
grape (grapedraws),グレープ（PIXIV27523889）
myumi,myumi
gozaemon,Gozaemon
yah yah 6,YAH YAH 6
tanobou,BE9459
ooshima ryou,ooshima ryou
morokoshi (tekku),モロコシ（Tekku）
t-okada,T-OKADA
meto (metrin),メト（メトリン）
hukahito,フカヒト
7nite,7nite
jun project,ジュンプロジェクト
bails,保釈
yorugami rei,ヨルガミレイ
ishida sui,石田sui
etsunami kumita,クミタのetsunami
w (1999 kyu),W（1999 KYU）
hrna,hRNA
tatapopo,タタポポ
meji aniki,メジ・アニキ
maydrawfag,MayDrawfag
fe (tetsu),fe（tetsu）
morncolour,モーンコール
shirogane (cufsser),シロガネ（cufsser）
shungikuten,shungikuten
yuu (masarunomori),Yuu（Masarunomori）
yocchi (tenyunkel),Yocchi（Tenyunkel）
kanke (yonkuma),カンケ（ヨンクマ）
nukoyarou,nukoyarou
ebanoniwa,エバノニワ
chikage (kinokodou),キカージ（kinokodou）
miyamoto ryuuichi,宮本・リュウイチ
temachii,テマチイ
ranka (tonbo),ランカ（トンボ）
suzumeko,スズメコ
komasi,コマシ
any (lucky denver mint),任意の（ラッキーデンバーミント）
redol,redol
kazuo daisuke,大usuko
inkspirate,Inkspirate
noir (nowaru),ノワール（ノウアル）
mellozzo,メロッツォ
pontaro18,Pontaro18
srro yo,srro yo
satelyte,selletherte
maozi tutu,Mengxin Huazha
aizen (syoshiyuki),アイゼン（syoshiyuki）
tabayashi,タバヤシ
renshirenji,レンシレンジ
natsumiya yuzu,natsumiya Yuzu
harada miyuki,麻先林
starkamisan,スターカミサン
tatuhiro,タツヒロ
chuuou higashiguchi,チュウー・ヒガシグチ
yasukuni kazumasa,ヤスクニ・カズマサ
magako,マガコ
gcg,GCG
shiwasu takashi,高橋shiwasu
steve zheng,スティーブ・チャン
wato (ko),ワト（ko）
ozawa akifumi,オザワ・アキフミ
kazuboh,カズボ
signo aaa,SIGNOAAA
bokyo,Bokyo
manodemarina,マリーナ（MRN9）
billbung,ビルバン
goth risuto,ゴスリスート
amyucheu,Amyucheu
shiwo (siwosi),shiwo（siwosi）
axia-chan,axia-chan
touya (konpekitou),Touya（Konpekitou）
axe r18,ax r18
hirota tsuu,Hirota Tsuu
shirosaba,シロサバ
aoba (akibajun),aoba（akibajun）
kujira lorant,クジラ・ロラント
reit,reit
dizdoodz,ディズドッズ
matsuo (matuonoie),松口（松子）
takase kanan,Takase Kanan
namu (nurui cha),ナム（ヌルイチャ）
snozaki,Snozaki
toode rusu,カワティ
yamakaze ran,ヤマカゼが走った
rikoma,リコマ
xox xxxxxx,xox xxxxxx
curry gohan,カレー・ゴーハン
nn (eogks),nn（eogks）
zatsu,ザツ
atsumi jun,アトゥミジュン
agemmata,agemmata
pixel (yuxian),ピクセル（yuxian）
emduck,エダック
tarutoru,Tarutoru
kisuu,kisuu
nuppunuppu,Nuppunuppu
manda (manda9n),マンダ（manda9n）
sinaooo,Sinaooo
ezoshika,エゾシカ
matatabi maru,マタタビマル
lilac (k32420276),ライラック（K32420276）
sheryama,シャリャマ
tokomichi,トコミチ
itou hachi,itou hach​​i
amano kokoko,アマノ・コココ
misooden,ミスーデン
hu kotora,Hu Kotora
epic armageddon,壮大なハルマゲドン
gyoju (only arme nim),Gyoju（Arme nimのみ）
takenashi eri,Takedashi eri
itaru (kidomh63),itaru（kidomh63）
gummyrise,gummyrise
kizami nori to yamaimo,ヤマイモへのkizami ari
furorina,フロリーナ
morisawa haruyuki,モリサワ・ハウユキ
pen (pen3),ペン（PEN3）
watanabe yasuaki,渡辺ヤスアキ
nya po,PN（WNSL216）
tabi (tabisumika),タビ（Tabisumika）
yamaioni (sasakama),ヤマイオーニ（ササカマ）
takakura aki,高橋aki
dior-zi,dior-zi
zifletts,Zifletts
r0g0b0,R0G0B0
buresu,Buresu
melings (aot2846),メルズ（AOT2846）
ark (morita hitomi),アーク（森田hitomi）
acrux,ACRUX
aya02ka,aya02ka
tatti art,タッティアート
yanmarson,ヤンマーソン
inari (inariya),イナリ（イナリヤ）
bano akira,バノ・アキラ
suzumori uina,スズモリ・ウイナ
satou rin (gobugabuge),サットーリン（ゴブガブジュ）
kaqo,kaqo
twistedgrim,ツイストグリム
pikazo,ピカゾ
shiomi (lowrise),聖人（低価格）
beancurd,豆腐
iromeki overdrive,アイロメキオーバードライブ
kurinton,カリントン
sape (saperon black),サペ（サペロンブラック）
switch01,Switch01
nami nami (belphegor-5812),ナミナミ（Belphegor-5812）
takano itsuki,イシュキタカノ
luna lia,ルナ・リア
kazuki-mendou,カズキ・メンドゥ
tasora,タソラ
twogie,トワギー
tanishi (tani4),田石（tani4）
kaiso (kaisooekaki),カイソ（kaisooekaki）
mool yueguang,Mool Yueguang
vu (oyavun),vu（oyavun）
merxkialis,Merxkialis
nishiumi yuuta,西ユタ
kaida michi,Kaida Michi
rangen,ランゲン
kevn,kevn
haioku colonel,haioku大佐
michiru (amphibian),ミシル（両生類）
nochatea,ノチャテア
oka (bananashoe),岡（バナナシュー）
heigani,ハイガニ
fujy,フジ
organ derwald,オルガンダーワルド
motoi hiroumi,Motoi Hiroumi
alcxome,Alcxome
manio,マニオ
juanmao,フアンマオ
kimura shuuichi,木村shuuichi
donedone,ドネドン
aloe (kenkou3733),アロエ（kenkou3733）
rocomani,rocomani
leonzo,レオンゾ
komasawa (fmn-ppp),コマサワ（FMN-PPP）
sundajin asagi,AS4GI
ixima,イキシマ
lank (lankdesu),ランク（lankdesu）
long28,long28
yosshy,ヨッシー
eugle na,eugle na
michou,ミシウ
tagame (tagamecat),Tagame（tagamecat）
ikemura hiroichi,井上島
kajaneko,カジャネコ
gonoike biwa,ゴノイークビワ
pei (sumurai),PEI（sumuai）
zantyarz,Zantyarz
satou (3366 s),佐藤（3366秒）
saiykik,サイキク
takahashi rumiko,甲子甲子
chocoblood,ChocoBlood
synchroaki,Synchroaki
alice vu,アリス・ヴー
gb (doubleleaf),GB（doubleLeaf）
baru (val-val),バル（バルバル）
kanau,カナウ
dodomori,ドドモリ
litsvn,litsvn
kuroki (ma-na-tu),黒子（ma-na-tu）
savan,サバン
noel (noel-gunso),ノエル（ノエルガンソ）
haruwaka 064,ハルワカ064
mochinue,Mochinue
kihaiu,kihaiu
ziki (gkdlfnzo1245),jiki（gkdlfnzo1245）
noe noel,ノエ・ノエル
pondel,ポンデル
jivke,Jivke
hyoin,ヒオイン
hitomi o,hitomi o
chaba (hortensia),チャバ（ホルテンシア）
gleision adain,グリジョンアディン
anonds31,ダニエル・デブズ
scorpion5050,Scorpion5050
luminous,明るい
carimarica,カリマリカ
shironeruka,shirotsuki shirone
karasuma yayoi,カラスマヤヨイ
mameko (mamedaifukuya),Mamemix
neyuki rei,neyuki rei
sawati,sawati
suzuakks,suzuakks
suzumori,スズモリ
yuzuriha (atelier liang),Yuzuriha（Atelier Liang）
arttoru,Arttoru
zoryc,Zoryc
senbon tsuki,センボン・ツキ
isu,isu
kozu (bloomme1 me),kozu（bloomme1 me）
wspread,wspread
dreamoon,ドリームーン
hiyori mizuki,ヒヨリ・ミズキ
jack rockhardt,ジャック・ロックハート
jkisaradu,jkisaradu
hero (10cl3),ヒーロー（10cl3）
suntail,サンテール
kamaboko red,カマボコ・レッド
lq saku,LQ Saku
noriko (ni noriko),ノリコ（ni noriko）
routo,ルート
leslyzerosix,Leslyzerosix
kotobuki hajime,コトブキ・ハジメ
majiang,マジアン
makaria,マカリア
gakubuchi aiko,ガクブチアイコ
masamuuu,マサムーー
komimiyako,コミミヤコ
natto soup,ナットスープ
pocari (sq551),ポカリ（SQ551）
aoi yuuka (ao no kokoro),aoi Yuuka（ao no kokoro）
ryokushiki (midori-ya),ryokushiki（Midori-ya）
kourourin,Kourourin
ruka (piyopiyopu),ruka（piyopiyopu）
natsumekinoko,natsumekinoko
ronindude,ロニンドード
mashitono desu,マシトノデス
hoshimame mana,Hoshimame Mana
acesrulez,Acesrulez
aroa (aroamoyasi),aroa（aroamoyasi）
takto,オンラインの都市の森
y naf,y naf
futaba suetsuki,upaba suetsuki
noill,ノイル
cinkai,シンカイ
bolze,ボルゼ
motobi (mtb umk),モトビ（MTB UMK）
arima (arima bn),アリマ（アリマBN）
yunoji (onigiri yumi09),Onigiri Yumi09
gc3,GC3
neshia (tsaqif0309),ネシア（TSAQIF0309）
raiya atelier,Raiya Atelier
lsls,LSLS
hashibiro kou (garapiko p),Hashibiro Kou（Garapiko P）
neumo,ノイモ
hydrant (kasozama),消火栓（川崎）
kazuki seihou,カズキseihou
ikeno daigo,Ikeno daigo
telomere,テロメア
joker (stjoker),ジョーカー（stjoker）
sorotu,ソロトゥ
elsevilla,elsevilla
maenoo,Maenoo
shinia,シニア
baige0,baige0
yasehattagi,Yasehattagi
sasaki (dkenpisss),佐々木（dkenpisss）
suzushina,スズシーナ
bwcloud,bwcloud
dc (makezzal),DC（makezzal）
dorianpanda,ドリアンパンダ
chikichi,キキチ
snowcie,スノーシー
philomelalilium,フィロメラリウム
yumibakama meme,ユミバカマミーム
yupiteru,Yupiteru
bluecup,ブルークップ
niniidawns,niniidawns
mochisaka mitsuki,Mochisaka Mitsuki
marui shiro,マルイ・シロ
0 (znanimo),0（Znanimo）
kokuto (kurousagi1210),kokuto（kurousagi1210）
miike (992058),Miike（992058）
saeki shun,Saeki Shun
miso panda,味oパンダ
pzkpfwi,pzkpfwi
kuroinu9,kuroinu9
t zhonglang,T Zhonglang
demekyon,デメコン
ankea (a-ramo-do),アンケア（a-ramo-do）
uroko (mnr),uroko（mnr）
tatsunokosso,タツノコッソ
jmao,jmao
7ife,7ife
miyamoto satoru,オツケモーノ
taruya,タルヤ
sakai waka,サカイワカ
komuzuka,コムズカ
21yc (september breeze),21yc（9月の風）
723/nanahumi,723/nanahumi
suke (momijigari),スーク（モミジガリ）
yukinojou yakan,Yukinojou Yakan
yoimon,ヨイモン
archstreal,アーチストリール
bshi edayo,Bshi Edayo
konakona,コナコナ
misakura nankotsu,浅野n
moko (moko/moko),MOKO（Moko/Moko）
kendy (revolocities),ケンディ（反転）
akirannu,アキランヌ
shiwo,shiwo
wakagi repa,ワカギレパ
scarlet (studioscr),スカーレット（StudioScr）
nayuta ggg,Nayuta Ggg
feng mouren,風水
kawanakajima,川鳥
dakkalot,ダッカロット
nikomi (nikomix),nikomi（nikomix）
bikkusama,ビクサマ
reri,レリ
gozz,ゴズ
pension z,年金Z
yukimiya (parupunta),ユキミヤ（パルプンタ）
wb yimo,wb yimo
pellas (panix2383),ペラス（Panix2383）
hanavbara,ハナブバラ
toto (caaaaarrot),toto（caaaaarrot）
hida tatsuo,Hida Tatsuo
bobamiruku,ボバミルク
fankupl,Fankupl
hsuliherng,hsuliherng
gudanco (nyanmeowzer),グダンコ（nyanmeowzer）
nagisa (cxcx5235),ナギサ（CXCX5235）
yatomi,ヤトミ
radio (mei99),ラジオ（MEI99）
kuroshiro kanae,黒子田川
higeneko,ヒゲネコ
takeshisu,タケシュ
kaliningradg,Kaliningradg
akechi (826988799),Akechi（826988799）
uechin ewokaku,ウチン・エウォカク
tanaka kunihiko,田中kuniko
meda,メダ
makumaxu,マクマクス
sakura koharu,さくらコハル
kitsune maru,キツネマル
chiji komari,チージ・コマリ
jiyu2,Jiyu2
parum39,Parum39
38 (sanjuuhachi),38（Sanjuuhachi）
nekojiri,ネコジリ
majo (pastamajo),マジョ（牧場jo）
sakura sora,さくらソラ
oyama yoihaya,oyama yoihaya
kanbayashi makoto,カンバヤシ・マコト
tacco (tikeworld),Tacco（Tikeworld）
zijou,Zijou
tsukiori,ツキオリ
amekosame,Amekosame
n (dai n honpo),n（dai n honpo）
lysander z,ライサンダーZ
amamitsu kousuke,kousuke夏
suoni (deeperocean),Suoni（Deeperocean）
otoki raku,球raku
shida kazuhiro,シダ・カズヒロ
name john,ジョンの名前
moshihimechan,Moshihimechan
yami (m31),ヤミ（M31）
kazama raita,カザマライタ
carinae,カリーナ
kobi (piliheros2000),kobi（piliheros2000）
empew,empew
kyoyakyo,京万
fuuki (te fuukin),フーキ（テフーキン）
karakuri musha,カラクリ・ムシャ
mashue,マッシュー
yuuki makoto (radiant),マコトユキ（放射）
keikesu,keikesu
firolian,Firolian
teriibol,テリボル
awa toka,awa toka
rebis,レビス
soranagi,ソラナギ
yopan danshaku,ヨーパンダンシャク
nuko (mikupantu),ヌコ（ミクパントゥ）
ukami,ウッカミ
emu (emum),emu（emum）
toujou (toujou ramen),Toujou（Toujou Ramen）
enpitsu01,enpitsu01
ichirino minagi,イチリーノ・ミナギ
inma,インマ
ishida arata,石田アラタ
hoyon,ホヨン
houden eizou,houden eizou
sasaki tatsuya,ササキ・タツヤ
yinpa (wanone500511),yinpa（wanone500511）
egomeshi,エゴメシ
tekuho no habo,Tekuho No Habo
hisakata souji,久谷suji
bulbonne,ブルボンヌ
poechan chan,ポカンチャン
ailu elf,アイルエルフ
nomura tetsuya,野村ティツヤ
yamase,ヤマーゼ
chii-kun (seedyoulater),Chii-Kun（Seedyoulater）
hatyuuruinohito,hatyuuruinohito
ibara dance,イバラダンス
nanase miri,ナナーゼミリ
lemon t,レモンt
fomnant,フォムナント
agoto,アゴト
wboss,wboss
tomosuke,atomosuke
nisego,ニセゴ
moti coi,Moti Coi
zetsumu,Zetsumu
manjirou (manji illust),Manjirou（Manji Illust）
lliissaawwuu2,lliissaawwuu2
fridaynightcat,金曜日の夜キャット
shideboo (shideboh),Shideboo（Shideboh）
krystopher decker,Krystopher Decker
wowoguni,wowoguni
solru,solru
watasakura,ポット
kokotetsu,Kokotetsu
mutang,ムタン
yamaguchi homupe,山口homupe
yoshida iyo,ヨシダイヨ
tyouseki,Tyouseki
yen-mi,イェンミ
norita,ノリタ
kinsenka momi,Kinsenka Momi
mikripkm,Mikripkm
ayuayu (chisuke ayu),ayuayu（ayu Chisuke）
fa no hito,fa hito
koza900,koza900
shimatori (sanyyyy),Shimatori（Sanyyyy）
mochii,Mochii
fuyuichi monme,フユリチモンメ
noise tanker,ノイズタンカー
sakai eri (illustratoreri),サカイ・エリ（Illustratoreri）
manarou,マナロウ
mia (fai1510),MIA（FAI1510）
k52,K52
magenta (atyana),マゼンタ（アティアナ）
tera hiroshi,Tera Hiroshi
alpha (alpha91),アルファ（alpha91）
yamada koutarou,山田koutarou
kubota masaki,黒田正しい
yurigera 8959,Yurigera 8959
oxxo (dlengur),oxxo（dlengur）
yoyokkun,ヨーククン
homaderi,ホマデリ
icetea art,icetea774
wacca005,WACCA005
ohihil,ohihil
kawanishimaki,秋島（17769498）
ryuya,リュヤ
kagesaki yuna,kagesaki Yuna
meru02295238,Meru02295238
ha (hura76752775),ha（hura76752775）
geso smith,ジェソ・スミス
jazztaki,ジャズタキ
mizuno uchi,うずまき
usapenpen2019,USAPENPEN2019
koujisako,コジサコ
mild (trmsasasa),軽度（Trmsasasa）
oeyama,オヤマ
liveactors,居住者
arato asato,アラトサト
yuu (1007yu),Yuu（1007yu）
nikuya (nikuniku nikuya),nikuya（nikuniku nikuya）
cheli (kso1564),Cheli（KSO1564）
asuka shirou,アスカ・シロウ
tirofinire,Tirofinire
chukibabo2,Chukibabo2
yuuyu (moco20111115),Yuuyu（Moco20111115）
inapple,INAPPLE
shikniful,shikniful
hi-go!,ハイゴー！
shimotsuki eight,Shimotsuki Eight
dora v nu,Dora v Nu
kintaro,キンタロ
agenasu,Agenasu
yui930,Yui930
ibuki pon,イブキポン
ruo (tariki hongan),ルオ（タリキホンガン）
sasago kaze,ササゴキーズ
oborofu,オボロフ
crybringer,クリブリンガー
aku (dejigiga),アク（dejigiga）
kou (garakuta teikoku),kou（garakuta teikoku）
kansuke,カンジュケ
ra mun5239,RA MUN5239
fechirin,フェチリン
tsuttsu,Tsuttsu
bencao gangmu,Bencao Gangmu
harmonist11,Harmonist11
hot melon,ホットメロン
supersatanson,スーパーサタンソン
rayvon,レイボン
yamato junji,ヤマトジュンジ
epi zero,Epi Zero
hmdark-9,hmdark-9
riku (melty drop),リク（メルティドロップ）
count zero,カウントゼロ
maremay0513,maremay0513
sanagi torajirou,Sanagi Torajirou
jibakurei (elite unchi),jibakurei（Elite unchi）
xi xeong,xi xeong
karahai (31448823),カラハイ（31448823）
poshi (ginmokusei),Poshi（ginmokusei）
hakamii,hakamii
vania600,vania600
kara age,カラ時代
kohanayuki,コハナユキ
mayutsuba mono,Mayutsuba Mono
yoshiwo (kanikama),ヨシウォ（カニカマ）
kuroda (kuro yyy),クロダ（クロ・イーイ）
xude,Xude
senpaihawkkun,senpaihawkkun
gouguru,グーグル
huang gua,Huang Gua
nestkeeper,ネストキーパー
hasebe akira,Hasebe Akira
kirisita,キリシタ
u rin,u rin
renta (deja-vu),レンタ（deja-vu）
kimi tsuru,キミ・ツル
tsubasaki,津波
shokushi yuu,Shokushi Yuu
dodok (gj77230),ドドック（GJ77230）
pikurusu,ピクルス
higashiyama shou,島山shou
mugi (banban53),ムギ（banban53）
cailin020,Cailin020
hiragana oufu,ヒラガナウフ
unidentified nk,UNIDENTIFIED NK
pharamacom,ファラマコム
misato hao,ミサトハオ
muninshiki,ムニンシキ
kouba,Kouba
nullken,ヌルケン
tahya,タヒア
aki (sangetusei),aki（sangetusei）
amamiya minato,アマミヤ港
nanabuluku,ナナブルク
i.takashi,I.Takashi
yangsion,Yangsion
red star (toranecomet),レッドスター（トラネコメット）
kinagi yuu,キナギユー
kin-san (sasuraiga),親族（sasuraiga）
rimo,リモ
kogaku kazuya,コガク・カズヤ
nanonin,ナノニン
pika (kai9464),ピカ（kai9464）
tokio neo,Tokio Neo
asaki takayuki,浅野皮
u ronnta,u ronnta
sue (bg-bros),スー（BG-BROS）
makino momiji (artist),マキノ・モミジ（アーティスト）
sekihara umina,セキハラ・ウミナ
rryiup,rryiup
otabe sakura,オタベさくら
bikkii,bikkii
cafenami,カフェナミ
sawch cls,sawch cls
ponpon (tosico),ポンポン（トシコ）
waa153,WAA153
sukumo (kemutai),脚（ケムタイ）
1nilla',1nilla '
toranosuke,皇帝
sakakidani,サカキダニ
heijialan,ハイジヤラン
ugonba (howatoro),ウゴンバ（ハワトロ）
munehiro (mune-hero),マシオ
spacecolonie,宇宙船
omochi monaka,オモチ・モナカ
enajii,enajii
okazaki takeshi,岡崎takeshi
kodou mikoto,小道ミコト
5t (5t 000),5t（5t000）
key (kagibangou),キー（kagibangou）
noneon319,NONOON319
girutea,ジルティア
jako (toyprn),Jako（Toyprn）
lshiki,lshiki
ryuu tou,ryuu tou
iumu,iumu
kuuma25 kuma,kuuma25 kuma
fujimiya yahiro,藤原ヤヒロ
myluche,inuboe
kokutan kitsunen,コクタンキツネン
inniyik,inniyik
maigoyaki,マイゴヤキ
takeno omoti,Takeo omoti
to~fuya,〜fuyaに
yumenouchi chiharu,Yumenouchi Chiharu
bmkro,bmkro
poni (poni arknights),ポニ（ポニ・アルナイト）
mishiro (andante),ミシロ（アンダンテ）
jingb dx,jingb dx
mille,ミル
kataru (ubw-emiya),カタル（ubw-emiya）
kiriman (souldeep),キリマン（souldeep）
nakamura kanko,中村漢字
maruchi,丸
nonon (xenonbot),ノンオン（xenonbot）
hrd,HRD
mihan (mihan art),Mihan77108047
dodo (yatotoyatoto),ドードー（Yatototototo）
uruu gekka,uruu gekka
kizuki erika,キズキ・エリカ
matsu kitsune,松一
suzunosuke (sagula),鈴木（サグラ）
kazuneko (wktk1024),kazuneko（wktk1024）
teemu taiga,Teemu Taiga
ashiyu (ashu-ashu),Ashiyu（Ashu-Ashu）
mepikari,メピカリ
moiko,モイコ
tsukasa yuuki,ツカサユーキ
yuzuki tsuzuru,Yuzuki Tsuzuru
shishinon,シシノン
hekicha,ヘキチャ
danna (karatekikku),ダンナ（Karatekikku）
nijimoto hirok,ニジモト・ヒロク
funyariko,Funyariko
sawanatsu mikan,ドレストリップ
dorua (dollar),ドルア（ドル）
lewdkuma,lewdkuma
pegashi,ペガシ
na kyo,Na Kyo
osanpo02,OSANPO02
satsuki (miicat),サツキ（ミカット）
sakura hanpen,さくらハンペン
pinki o64,Pinki O64
acea4,ACEA4
shizuki michiru,ミシル島
suzuki nene,スズキネネ
suwakana,suwakana
kumatora tatsumi,TATSUMI KUMATORA
honma (honmatomohiro),Honma（Honmatomohiro）
kobuta,コブタ
aluce,aluce
rone (5uno0nova4),343rone
oomura karasu,Oomura Karasu
mikoma sanagi,ミコマ・サナギ
haru (nature life),ハル（自然生活）
soramame (corndog),soramame（corndog）
cawang,カワン
kajitsu no hito,kajitsu no hito
saijo1201,saijo1201
hijirino yuuta,ヒジリーノユータ
monaka (gatinemiku),モナカ（ガティネミク）
dangerousbride,危険なブライド
konishiki (52siki),コニシキ（52siki）
chibinon,キビノン
icece,hyou（pixiv3677917）
rexlent,rexlent
mokorei,モコレイ
tamayume,Tamayume
shibi,奴隷
saijou haruki,Saijou Haruki
sankomichi,サンコミチ
zukky000,Zukky000
genya (genya67),genya（genya67）
vergolophus,ヴェルゴロフス
nemunemu (candy paddle),nemunemu（キャンディパドル）
kusana (dudqja602),クサナ（dudqja602）
maka (morphine),マカ（モルヒネ）
mikage kirino,Mikage Kirino
qizhu,Qizhu
tsukimori hiro,つまずいhiro
muneshiro (hitsuji kikaku),ムネシロ（kikaku）
zenya,ゼニア
deep (deep4946),ディープ（deep4946）
craytm,craytm
salanchu,サランチュ
hagiya kaoru,hagiya kaoru
mochi (mochi444420),モチ（mochi444420）
nao (syn eaa),nao（syn eaa）
diathorn,ディアトーン
ichimonme (ichi),ichimonme（ichi）
hasu (velicia),hasu（velicia）
amimi,アミミ
momiji oroshi,Momiji Oroshi
moko (mokochisa),モコ（モコチサ）
wakaba (945599620),ワカバ（945599620）
doku corne,Doku Corne
sunakumo,スナクモ
tutsucha illust,ツチュチャイラスト
essual (layer world),本質的（レイヤーワールド）
tunapon01,tunapon01
saitou kengo,Saitou Kengo
nishigori atsushi,アツシ西原
aro 1801,ARO 1801
skull573,Skull573
mi no take,miは取得しません
yako,ヤコ
stroma,ストロマ
kakuchoshi,カクチョシ
icedev,アイスエフ
petagon,糸状
mansu (mansu113355),Mansu（ユーザーPNMP4287）
nekoyama,星山
nancou (nankou),ナンコウ（ナンコウ）
klimspree,klimspree
dfd,DFD
toyota saori,トヨタサオリ
shikano sumiaki,シカノ・スミアキ
kuzumiya yuyu,kuzumiya yuyu
ancotaku,Ancotaku
merumeru626,Merumeru626
parka (summersketch),パーカー（Summersketch）
muse (rainforest),ミューズ（熱帯雨林）
fuurin (omaemona),フーリン（オマーナ）
wingheart,ウィングハート
wanko (takohati8),Wanko（Takohati8）
tamahiyo,タマヒヨ
mugicha (mugicha0929),ムギチャ（Mugicha0929）
maeha,マエハ
po fu,pofu
kubyou azami,kubyou azami
ririkuto,リリクート
kagura chitose,Kagura Chitose
mama (mama hiro),ママ（ママ・ヒロ）
miy 001,miy 001
pinguinkotak,Pinguinkotak
mori no kaeru,satsuki mei（sakuramochi）
tladpwl03,tladpwl03
arsh (thestarwish),arsh（thestarwish）
hyogonosuke,Hyogonosuke
yuzu modoki,Yuzu Modoki
ninamo,ニナモ
asimo953,ASIMO953
misekiss,ミセキス
iogi (iogi k),ヨギ（ヨギk）
hisama kumako,久子魚
kuma (jk0073),クマ（jk0073）
luimiart,ルイミアート
rakko (r2),rakko（R2）
ponnu (tnpn2yw),Ponnu（TNPN2YW）
kaniya shiku,Kaniya shiku
nagehazushi,ナゲハズシ
hariken,ハリケン
kaneko hiraku,金属hiraku
grizz,グリズ
ryouya,リョウヤ
moo (umineko),ムー（ウミネコ）
littleb,@stへ
uni (nico02),uni（nico02）
nyasunyadoora,Nyasunyadoora
hai (h81908190),hai（h81908190）
kuook,B.SA（BBBS）
a-kiraa (whisper),a-kiraa（ささやき）
kuroi enpitsu,クロイ・エンピツ
vectorek,Vectorek
kayumidome,Kayumidome
akovo,アコボ
abe (kumayu),阿部（kumayu）
shinsaku (stan-art),shinsaku（スタンアート）
maiko (setllon),マイコ（セットロン）
chobipero,Chobipero
safutsuguon,Safutsuguon
astley (catastley),Asutorii
leaphere,リーフェレ
hizikit,ヒジキット
kkry99,KKRY99
kumako (kumakonoh),クマコ（クマコノー）
sk jynx,SK Jynx
b.d,b.d
ida (idalol490),Ida（idalol490）
takei ooki,タケイオキ
mikuroron,ミクロン
vo1ez,vo1ez
revtilian,Revtilian
ihobus,Ihobus
kuroihato,クロイハト
eeeeee,eeeeee
tadashi,ターダシ
miyakawa106,宮川106
ray-akila,レイアキラ
hitotsuki nanoka,hitotsuki nanoka
nuda,ヌーダ
hiryuu (kugelcruor),hiryuu（kugelcruor）
eringi (rmrafrn),erringi（rmrafrn）
matsuri (matsuike),マツリ（マツィケ）
kaguya (srx61800),kaguya（srx61800）
motokonut,モトコナッツ
u u (mooooooou),u u（mooooooou）
non (nobu),非（nobu）
toi1et paper,toi1et紙
mashinatsu,マシナツ
kimarin,キマリン
karuta (karuta01),Karuta（Karuta01）
hawe king,ハーウェ・キング
mechrailgun,Mechrailgun
takahashi mugi,高橋ムギ
uru (uru0000),uru（uru0000）
ark john up,アークジョンアップ
evinist,エビニスト
manatsuki manata,マナツキマナタ
namaonpa,ナマオンパ
subaru (subachoco),スバル（subachoco）
banssee,banssee
renxzd,renxzd
kanipanda,カニパンダ
rain leyley,Yoriteruru
mitsu (tendou itsuki),三井（触角ituki）
miyama mizuki (hoshihoshi1220),ミヤマ・ミズキ（hoshihoshi1220）
agemono,Agemono
tutinako,ツチナコ
hwansang jungdog,Hwansang Jungdog
cyobiro,Cyobiro
syokumura,syokuuuuuuuuuuumura
mochiko (uyu omochi),モチコ（uyu omochi）
ruo zhishi chu jian,ruo Zhishi Chu Jian
tachibana yuu,タチバナユー
fuyuzuki gato,フユズキ・ガト
kanten,カンテン
xiaojiaju,Xiaojiaju
marimarimo,千鳥
sho (sumika),sho（sumika）
touki matsuri,Touki Matsuri
numbers (pigpenandpaper),数字（ピグペナンドペーパー）
teruya (6w6y),Teruya（6w6y）
zinfyu,zinfyu
kisaragi mizu,キサラギ・ミズ
mori shin risuku,モリシンリスク
hayate fish,ハヤテの魚
hototogisu (7kanu 7ra),Hototogisu（7kanu7ra）
touzai (poppin phl95),トウザイ（ポピンphl95）
kamizuki shiki,カミズキ・シキ
kurosaki coco,黒崎ココ
uewtsol,uewtsol
suzuka (rekkyo),鈴鹿（レッキーョ）
sabu (sabudenego),サブ（サブデネゴ）
kook,クック
sarasara shoyu,サラサラ・ショー
curry bowl,カレーボウル
srgrafo,srgrafo
iwashi (iwashi008),Iwashi（iwashi008）
zelc-face,Zelc-face
karbuitt,Karbuitt
ysk!,YSK！
ei (marutendon),EI（Marutendon）
onabe no shime,onabe no shime
fummy,フミ
yunodon (sugar maple),ユノドン（シュガーメープル）
moonbell,ムーンベル
luai,ルアイ
kochipu,コチプ
ogata tomio,オガタ・トミオ
yoshitani motoka,ヨシタニ・モトカ
kanameya,カナメヤ
janyhero,ジャニェロ
kamiki uutarou,カミキウタルー
shigenobu,ぶら葉
toiro gawon,Toiro Gawon
ramiya ryou,ラミヤ・リョウ
sagamimok,サガミモク
eymbee,eymbee
m (m073111),M（M073111）
gokurin,ゴクリン
monegi,monegi
kageharu,カゲハル
159cm,159cm
motojima hakka,モトジマ・ハッカ
j.h.,J.H.
renren (ah renren),レントン（ああレネン）
here (hr rz ggg),ここ（HR RZ GGG）
gudon (iukhzl),Gudon（iukhzl）
ametama (runarunaruta5656),ametama（runarunaruta5656）
ebibi chiriri,ebibi chiriri
neferkitty,neferkitty
kitano yuusuke,ゆうキタノ
shika (s1ka),シカ（S1KA）
inami hatoko,イナミ・ハトコ
nametake,命名
nanaume (shichimi tougarashi),ナナウム（owgarashi shichimi）
yosaku (roach),ヨサク（ローチ）
moupii (hitsuji no ki),moupii（hitsuji no ki）
tariah furlow,タリアファーロー
keepout,キープアウト
2n5,2N5
yuran (kuen-hien),yuran（kuen-hien）
silver bell,シルバーベル
miito shido,ミート・シド
ichiyan,イチヤン
fenrir (fenlil0316),fenrir（fenlil0316）
sugo6969,Sugo6969
nura (oaaaaaa),nura（oaaaaaa）
sakurajima saromako,さくらサロマコ
aka shiba,別名Shiba
sano (hospital 0434),サノ（病院0434）
alto-00,アルト00
minarai tenna,ミナライ・テナ
suda ayaka,スダ・アヤカ
sigurd hosenfeld,Sigurd Hosenfeld
nanafuton,ナナフトン
akasaki koyo,赤崎小山
hibiki mio,ヒビキ・ミオ
komota (kanyou shoujo),Komota（Kanyou shoujo）
bada (jksh5056),バダ（JKSH5056）
lifeline (sinc emarch),ライフライン（A384079959）
banjie,ジーゲ
dddoochi1,dddoochi1
laspberry.,ラズベリー。
namihaya,ナミハヤ
kauru00,Kauru00
kairos+,Kairos+
kuu nekoneko,クー・ネコネコ
nagiyamasugi,ナギヤマスギ
cafe (chuu no ouchi),カフェ（チュウノウチ）
shii (kairi-t-k0317),shii（kairi-t-k0317）
godzillapigeon1,Godzillapigeon1
sumoffu,sumoffu
kapura,カプラ
uraki (tetsu420),ウラキ（TETSU420）
zoo (oukakumaku),動物園（oukakumaku）
afuro,アフロ
donar0217,donar0217
inukai mofu,イヌカイモフ
gau (n00 shi),ガウ（n00 shi）
zawawa (satoukibi1108),ザワワ（satoukibi1108）
matsusaka gyuu,Matsusaka Gyuu
drie,ドリー
aimee (emi),エイミー（EMI）
quarterlift,QuarterLift
nanashinayuzu mochi,ナナシナユズモチ
sukesan,スカン
kani aruki (bucket crawl),カニアルキ（バケツクロール）
hoshihuri,hoshihuri
domo1220,DOMO1220
katari (ropiropi),カタリ（ロピロピ）
senhappyaku,Senhappyaku
neneru,ネネル
enoo,enoo
jeto (jetopyon),ジェト（ジェトピヨン）
rinhee,リンヒー
endou masatoshi,エンドウマサトシ
shindol,シンドル
kai yuuki,カイユーキ
fuyube rion,Fuyube Rion
takanashi-a,Takanashi-a
p answer,P回答
watarabe keiichi,ワタラベケイチ
wulazula,ウラジュラ
yotaro,ヨタロ
kirizuki reika,reikakrzk
zet (twt zet),ゼット（Twt Zet）
maplesights,カメラシ
yakimi 27,ヤキミ27
ktsis,Ktsis
takatsurt,酒場
tesin (7aehyun),テシン（7Aehyun）
imo bouya,IMO Bouya
peargor,ピアゴール
kandori,カンドリ
kuro-kun (nablack),kuro-kun（nablack）
tomid,トミッド
yonaki,ヨナキ
mon mon,月曜日
suzu (tg 390),鈴（TG 390）
edaki shin'ya,エダキ・シンヤ
ryo suzuki,リョスキ
momo no suidou-sui,モモーsuidou-sui
ootato,ootato
rasupekuto,Rasupekuto
kuranosuke,黒神
kandanchi,カンダンチ
shimazaki1152,Shimazaki1152
cbow,cbow
e-note,e-note
uchuu ika,Uchuu Ika
horz,ホーツ
1nupool,1nupool
amano hagoromo,Amano Hagoromo
pipi20211026,PIPI20211026
kitazawa (embers),北ザワ（残り火）
map (blue catty),マップ（青いキャッティ）
rimu (kingyo origin),リム（kingyo起源）
kakifly,カキフリー
ryuu (ryuraconis),ryuu（ryuraconis）
cac itinose,cac itinose
tonotyama,トノティアマ
myon rio,Myon Rio
shitappa,たわごと
jesse (pixiv34586727),Jesse（pixiv34586727）
buran (kure),ブラン（kure）
ruten (onakasukusuku),ルーテン（オナカスクスク）
spring2013,Spring2013
rondo bell,ロンド・ベル
kusakanmuri,クサカンムリ
yamada naoko (hideko1227),山田直石（hideko1227）
eruru (erl),エルル（ERL）
thupoppo,thupoppo
noyomidx,noyomidx
trevo (trevoshere),Trevo（Trevoshere）
shei99,Shei99
ohagi1010,ohagi1010
darabuchi,ダラブチ
aotan nishimoto,Aotan Nishimoto
keiran (ryo170),Keiran（RYO170）
aokihoshi,Aokihoshi
nita (onakatohoppe),ニタ（onakatohoppe）
kenoka,ケノカ
futatsuki eru,Futatsuki eru
kirita (noraring),キリタ（ノラリング）
malino (dream maker),マリノ（夢のメーカー）
guard vent jun,ガードベントジュン
bib (bibboss39),ビブ（bibboss39）
shikuro (iorimiyakiyo),シクロ（イオリミヤキヨ）
hina (cassissoda),ヒナ（カシソダ）
dawalixi,ダワリクシ
wanderlucia,ワンダールシア
ao madoushi,ao madousi
alter (kxk7357),Alter（KXK7357）
modeseven,モデベン
k@bu,k@bu
shuri yasuyuki,Yasuyuki shuri
maguta,マグタ
argule0901,Argule0901
takumi (rozen garten),高本（Rozen Garten）
tokiwa senkei,Tokiwa Senkei
ki no nekko,ki no nekko
nagi itsuki,ナギ・イツキ
norazura,ノラズラ
hanako151,hanako151
nagashii kouhei,長島kouhei
hinata hibari,日向hibari
ten no hoshi,Ten Hoshi No Hoshi
kenko (a143016),ケンコ（A143016）
zarashi,ザラシ
dokudoku913,dokudoku913
sakuro,さくら
karin bluez3,Karin Bluez3
ayaoshiro,ayaoshiro
kws,KWS
tapioka chaso,タピオカチャソ
torino kawazu,トリノ・カワズ
yuki haru,ユキ・ハウ
templus,テンプス
onomekaman,オノメカマン
pdxen,pdxen
hollomaru,ホロマル
mochimochi (xseynao),モチモチ（xseynao）
tsuseki,ツサキ
mitsuki tayura,三井tayura
yunioshi,ユニオシ
youhei 64d,Youhei 64d
unomiki,Unomiki
kure (kure ng),kure（kure ng）
riyun (halodark),Riyun（Halodark）
you ni ge shaobing,あなたはge shaobingです
lunch (lunchicken),昼食（昼食）
kishizuka kenji,Kishizuka Kenji
rabbit (tukenitian),ウサギ（トゥケナイト語）
shimaji,シマジ
hama (22ji kara 24ji),HAMA（22JI KARA 24JI）
mochiki,モチキ
sabet (young ouo),サベット（ヤングウオ）
ichimedoo,ICHIMEDOO
2b-ge,2b-ge
infi,インフィ
dain,デイン
daimaou k,daimaou k
eruthika,エルチカ
sakazakinchan,サカザキンチャン
toushi ryoku,Toushi ryoku
egk513,EGK513
azen (mntimcczgrtn),azen（mntimcczgrtn）
kirifrog,キリフログ
kasa list,カサリスト
shichinose,シチノース
hcnone,hcnone
rain sama,AME999
nekosugi (hoshi),nekosugi（hoshi）
blastbeat,ブラストビート
tsukuda0310,ツクダ0310
nakazawa aki,中崎aki
fumizuki homura,fumizuki homura
oono tetsuya,Oono tetsuya
namako (namacotan),ナマコ（ナマコタン）
misa pika,ミサピカ
natsume suzuri,夏oozuri
tokiwata soul,トキワタソウル
t landolt,Tlandolt69
xiaobanbei milk,Xiaobanbeiミルク
minidraco,ミニドラコ
nomeoil,ノメイル
pvc parfait,PVCパフェ
salsiccia makino,クロズ（クロズ）
monomono,モノモノ
kurattes,カラット
saruno (eyesonly712),サルノ（eyyonly712）
tsurugi hikaru,ツルギ・ヒカル
xiaodi,Xiaodi
kaho okashii,Kaho okashii
zeroyon (yukkuri remirya),Zeroyon（Yukkuri Remirya）
amamiya chiharu,アマミヤチハル
azure meraki,Azure Meraki
megu (jim48834420),Megu（pixiv9460065）
nihohohi,ニホホヒ
kureta (nikogori),クレタ（nikogori）
hinoe (right-hnxx03),hinoe（右-hnxx03）
rururaroru,ルラロル
moru,モル
urute,ミヤノ・ウルル
child (isoliya),子供（Isoliya）
sirakaro,シラカロ
nitro (mugityaoisii),Nitro（Mugityaoisii）
roha,r o ha
hajikkoneko,hajikkoneko
awai (awaiwaiwai),AWAI880
hanzaki jirou,漢字ジロウ
emlan,エムラン
tohoho (hoshinoyami),Tohoho（Hoshinoyami）
izumi makoto,イズミ・マコト
nazuna higurasi,タバコ（Tabakokobata）
etan14,ETAN14
mamel 27,マメル27
kuroya shinobu,川山shinobu
darkavey,darkavey
kusumoto shizuru,久保沿い
yuno385,YUNO385
jungon kim,ユンゴン・キム
nishiyama (whatsoy),西山（whatsoy）
karaage3,Karaage3
obaoba (monkeyix),Obaoba（Monkeyix）
suuru,スウル
softhanten,ソフタンテン
nekomu,ネコム
hamada (super tachioyogi kyousou),浜田（スーパータチョヨギkyousou）
tsukikage nemu,Tsukikage nemu
oze (xyz go go11),oze（xyz go1o11）
kuroba u,黒子u
ritao kamo,リタオカモ
yukiyuki 441,ユキユキ441
sheska xue,Sheska Xue
kokujuuji,コクジュウジ
ookami maito,ookami maito
mateus upd,mateus upd
7mb yut,7MB YUT
nyakonro (nekonro),ニャコンロ（ネコンロ）
broiler,ブロイラー
kusami toka naku au,クサミ・トカ・ナク・アウ
hear (kpmf4732),聞く（kpmf4732）
mr tangsuyuk,Tangsuyuk氏
youhe hino,Youhe hino
mimizubare,Mimizubare
furioso,フリオソ
gamarenji,ガマレンジ
kenpi (hs-totyu),kenpi（hs-totyu）
kiyochii,kiyochii
summer tail720,夏のテール720
liaowen,リアオウェン
yom (ymayma00ss),yom（ymayma00ss）
nurami (shouji),nurami（shouji）
ura (ura-tennislove),ura（ura-tennislove）
miyu10366,miyu10366
voodoothur,Voodoothur
asahi (fullmetal madness),麻hi（fuellmetal Madness）
sb (coco1),SB（coco1）
mushpz,Mushpz
yxyyxy,yxyyxy
agata (agatha),アガタ（アガサ）
sunsun2812,Sunsun2812
ryoma (rym 369),リョーマ（Rym 369）
mango (mgo),マンゴー（MGO）
hashiro,橋
nira (vira),ニラ（ヴィラ）
funuyu,ヌーユ
harukappa,ハルカッパ
maniani,マニアニ
koenza botoke,Koenza Botoke
masaki kei,マサキケイ
neko danshaku,Neko Danshaku
warabino matsuri,ワラビーノ・マツリ
steeb,スティーブ
dead-robot,デッドロボット
morifumi,モリフミ
peperon (peperou),ペペロン（ペペロウ）
shiba nanasei,Shiba nanasei
milli little,ミリ・リトル
kurokawa izumi,黒川izumi
roura,ルーラ
kuroneko (kuroneko works),クロネコ（クロネコが働く）
gohei (aoi yuugure),Gohei（aoi yuugure）
koma kitsune (kururito),Koma Kitsune（Kururito）
owafu,オワフ
buna shimeji (keymush),Buna Shimeji（keymush）
reika (clovia studio),レイカ（クロビアスタジオ）
segamark,セガマーク
potemki11,potemki11
tsuta no ha,Tsuta no ha
kohakope,コハコペ
tahra,タラ
tomoya kankurou,トモヤ・カンクロウ
kinako (marubotan),キナコ（マルボタン）
niac,ニアック
saebashi,佐藤
natsuki (natukituki),ナツキ（ナツキトゥキ）
mizuno mumomo,ミズノ・ムモモ
hasaya,ハサヤ
inue ao,inue ao
sakurai nana (moshichi),さくらナナ（モシチ）
mabuta kayumi,マブタカユミ
g home,Gホーム
kameyan,カメヤン
kitou sakeru,キトウ・サケル
madopen,マドペン
josal,ジョサル
izumiyamisono,izumiyamisono
satsumi,サツミ
takeya masami,タケヤマサミ
miemia,ミエミア
shenanimation,シェナニメーション
miton (turuyasann),ミトン（トゥルヤサン）
niii (memstapak),niii（memstapak）
sugiyama genshou,Sugiyama genshou
minase (dragon panda),Minase（ドラゴンパンダ）
leftame,残った
zhongwu chahui,Zhongwu Chahui
nijitama shiyushiyu,nijitama shiyushiyu
ichinose jun,イチノース・ジュン
uzura kazuhisa,うずまきカズヒサ
chooco (chocoshi),チョコシ
ryou (ponpgo),リョウ（ポンプゴ）
rowya,Rowya
mikan-uji,ミカン・ウジ
zanki,ザンキ
sunsun69,Sunsun69
shigemitsu jun,Shigemitsu Jun
gyoubu ippei,Gyoubu Ippei
hinanosuke,hinanosuke
tsukuda hayato,ツクダ・ハヤート
lingerie (aki3240),ランジェリー（AKI3240）
soreeyu (sore-yu),soreyu（sore-yu）
sumi wo hakuneko,sumi wo hakuneko
mistrail,ミストール
kamishiro (kmsr0302),kamishiro（rsg10679）
yoshinaga masahiro,ヨシナガマサヒロ
nike (nike1060),ナイキ（Nike1060）
haccan,ハッカン
toku (yhpv8752),toku（yhpv8752）
evulchibi,evulchibi
jasdavi,ジャスダビ
mizuno keisuke,keisuke虫
matasabu,マタサブ
choumi wuti (xueye fanmang zhong),choumi wuti（xueye fanmang Zhong）
ariko youichi,Youichi ariko
kildir,キルディール
panpa,パンパ
crouching start,しゃがみのスタート
march ab,3月AB
tengxiang lingnai,Tengxiang Lingnai
abukobato,アブコバト
umedama nabu,Umedama Nabu
tsukko (3ki2ne10),Tsukko（3ki2ne10）
maanii,Maanii
kurokoori,kurokoori
yoimoriyoru,ヨイモリヨル
yukirin,ユキリン
beiyi,ベイイ
eihi,eihi
wanke,ワンケ
boro,ボロ
ryuushou,ryuushou
rindou (awoshakushi),リンドゥ（awoshakushi）
tamura hiro,タムラ・ヒロ
momoko (palemon),モモコ（パレモン）
zuttokodomo,Zuttokodomo
kikuchi mataha,キクチマタハ
rateratte,rateratte
tonchan,トンシャン
makochin,マコチン
pechika,ペチカ
sirills,シリルズ
kimura (ykimu),木村（イキム）
kobutanori,コブタノリ
isa,イサ
tomozo kaoru,Tomozo Kaoru
misuguu,usuguu
kanade (kanadeya),カナデ（カナデヤ）
sahara wataru,サナハラワタル
chikiso,チキソ
yuasa makoto,Yuasa Makoto
cuso4 suiwabutu,cuso4 suiwabutu
koru koruno,コルーノ
talnory,タルノリー
stigma1101,stigma1101
echiru39,Echiru39
yokoyama naoki,横林もう一度
yuki usagi (mofurafu),うさぎユキ（モフラフ）
kikuichi monji,キキチ・モンジー
hibimegane,Hibimegane
hiwatari rin,ヒワタリ・リン
nakayama yukiji,中山ゆき江
zhuotian,Zhuotian
kurou (bcrow),クロウ（bcrow）
zynxy,zynxy
linatai,ラナタイ
kobayashi chizuru,小林のチズル
xiao chichi,シャオチチ
tkbn r,TKBN r
mikoshi matsuri,ミコシ・マツリ
period (anony 83),期間（匿名83）
kurasawa kyoushou,Kurasawa Kyoushou
korandamu,コランダム
happening18,起こっている18
robina,ロビナ
aozora nan,aozora nan
makuro,マクロ
yasuhara roku,Yasuhara Roku
akane yuki,あかれのゆき
irorong,IRO（ブーイロ）
muyoshito,ムヨシート
mexif,Mexif
jun (rellik & redrum),6月（Rellik＆Redrum）
teikoku jokyoku,四肢四肢
meke (77842928),メケ（77842928）
gu luco,Gu Luco
lo xueming,lo xueming
hosato mikine,ホサート・ミキン
kageira,カゲイラ
nevercrymoon,nevercrymoon
umetsu yasuomi,Yasuomi Umetsu
xkit,xkit
tanaka yuuichi,田中ゆき
xiaoju xiaojie,Xiaoju Xiaojie
jean (jean sp),ジャン（ジャンSP）
hitsuji bako,Hitsuji Bako
sekaiitinoki,セカイチノキ
shaojiang,shaojiang
ryouzou,リョーゾー
houmitsu,Houmitsu
ayuteisyoku,ayuteisyoku
ripe.c,Ripe.C
kaeruyama yoshitaka,Kaeruyama Yoshitaka
popoin,ポポイン
starfox1015,Starfox1015
lieqi hun,lieqi hun
udppagen,udppagen
yokoyoko (nazonazo),横浜（ナゾナゾ）
mazenda (3378),マゼンダ（3378）
lubikaya,ルビカヤ
instant ip,インスタントIP
wadante,ワダンテ
nanashiki fuuka,ナナシキフウカ
yuzuyomogi,Yuzuyomogi
azu torako,アズタロコ
yogisya,ヨギシャ
toxxy,toxxy
ohara tometa,オハラ・トメタ
zinbei,Zinbei
raidon,レイドン
tou cai lao tc,Toucailao
kusano houki,クサノ・フーキ
suzuki-shi,スズキシ
saikunartworks,saikunartworks
tsumetai (tsurunoka),ツメタイ（ツルノカ）
ranko no ane,ランクはありません
doruka,ドルカ
yitiao er-hua,yitiao er-hua
inoue seita,井上セイタ
takeuchi naoko,竹内直子
sudachi (calendar),スダチ（カレンダー）
nokachoco114,nokachoco114
kuroda asaki,浅田黒子
din (flypaper),din（フライペーパー）
usako (usako1031),usako（usako1031）
toshi (1-147),トシ（1-147）
hangleing,ハングリー
chitozen (pri zen),チーズチョン（pri zen）
yoruhoshi owl,ヨルホシオウル
komugi (2212),コムギ（2212）
ehart,ehart
soukitsu,soukitsu
naaga sonomono,ナーガ・ソノノ
hizuki miya,hizuki miya
puzenketsu,プゼンケツ
707arisu,707ARISU
arqa,arqa
roadi3,roadi3
bigroll,ビッグロール
minakamirin,ミナカミリン
chiwa (chiwawanwan1206),Chiwa（Chiwawanwan1206）
kameseru,カメル
rido (ridograph),リド（リドグラフ）
taro (ultrataro),タロ（ウルトラタロ）
haruto (harut n),ハルト（ハートn）
sotcho,ソチョ
trista (makkoivenus),トリスタ（Makkoivenus）
huleito,Huleito
felnemo,フェルネモ
wuwusan,ウウサン
nami qi,ナミチ
katoki hajime,カトキ・ハジメ
rei (tdn ng),rei（tdn ng）
mikosake,ケシャ
awayuki ramika,アウェイキ・ラミカ
shinonome fuurin,Shinonomemayoyo
qy73,QY73
zy (zyyyyyyy9),zy（zyyyyyyy9）
nandz,ナンツ
shenqi de (9),Shenqi de（9）
koutate,Koutate
atoatto,atoatto
sougishi ego,根元エゴ
itaba atsushi,イタバ・アツシ
dabuki,ダブキ
dakuazu,ダクアズ
kobayashi ritz,小林リッツ
uwded 207,UWDED 207
mochi (circle rin),モチ（サークルリン）
piku184,Piku184
yaosera,ヤオセラ
kuno (runkunochan),クノ（runkunochan）
keke (kokorokeke),ケケ（ココロケケ）
setta shu,Setta Shu
rororogi mogera,Rororogi Mogera
k.ty (amejin),K.TY（Amejin）
tsuina,ツイナ
gyaza,ギャザ
doro (sabarudoro),ドロ（サバルドロ）
yamcha (cocololi),ヤンチャ（ココロリ）
yuzuki (yuduame),ユズキ（ユードゥアメ）
akitsu taira,アキツ川
kai (link2262),Kai（link2262）
kuroshiro (ms-2420),黒島（MS-2420）
hoshi umi,hoshi umi
fuwa fuwa dog,フワフワ犬
kusano shinta,クサノシンタ
nanaka mai,ナナカマイ
cain (gunnermul),カイン（ガンナムル）
pote-mm,pote-mm
sudachips,ささやか
k+,K+
kusukusu,クスクス
ccccc (jpn m0),CCCCC（JPN M0）
erechan,エルミカル
barasui,バラスイ
tomidoron,トミドロン
zuo wei er,Zuo wei er
atage,年齢で
senshiya,senshiya
makako (yume bouei shoujo tai),マカコ（Yume bouei shoujo tai）
wazakita,ワザキタ
retsuto,レトゥット
tovio rogers,Tovio Rogers
takanaru,高野
nanika (nnkgh),ナニカ（nnkgh）
hijiki (hijiri st),ヒジキ（hijiri st）
mikago kotaro,ミカゴ・コタロ
saki (saki paint),サキ（サキペイント）
kazenemuri,カゼネムリ
dampi,ダンピ
hagimorijia,ハギモリジア
natsushi,夏
tuskryo,タスクリオ
2gong (9ujin ),2gong（9ujin）
datcravat,datcravat
zxpfer,zxpfer
motizou,Mochizou
mentaiko mamire,Mentaiko Mamire
kotoba (1074421015),コトバ（1074421015）
ponnyu12,ponnyu12
yequo (trample rigger),黄色のクオッカ
othel (hatimorris),Othel（hatimorris）
valueless0000,verayess0000
flo (guilty hearts),flo（有罪の心）
arc draws,アークの描画
kazekawa nagi,Kazekawa nagi
shironekokfp,shironekokfp
yuuki hb,ゆくhb
matra milan,マトラ・ミラノ
bebatch,ベバッチ
imo norio,IMO Norio
yutoriko (candy0905),Yutoriko（Candy0905）
fukase ayaka,フカゼ・アヤカ
hoshikuzu pan,ホシクズパン
kaleka,カレカ
bannou ippoutsukou,bannou ippoutsukou
soku (bluerule-graypray),Soku（Bluerule-Graypray）
motusii,モツシ
rikui (rella2930),rikui（Rella2930）
natsu (rodysanp),夏（rodysanp）
ice (ice aptx),ICE（ICEAPTX）
da mao banlangen,Da Mao Banlangen
fuji den fujiko,富士den藤子
wenquangua,wenquangua
chiyoko (tykchiyo),チヨコ（Tykchiyo）
pyonpyonmaru,Pyonpyonmaru
nemunemu semi,Nemunemu Semi
chiyo (miichiyochin),Chiyo（Miichiyochin）
midorino eni,ミドリノ・エニ
fujiya takao,富士タカオ
kiriu,キリウ
hoshino kagari,Hoshino Kagari
nishi (count2.4),西（カウント2.4）
ototsu kei,球ケイ
kashiwadokoro,カシワドコロ
mirai denki,ミライデンキ
tsumitani daisuke,津波大騒ぎ
yuunagi (seventh heaven),ユウナギ（7番目の天国）
onion (lemlaml),オニオン（レムラム）
giga omega,ギガオメガ
maenchu,マチュ
yuuki nobuteru,ユウキ・ノブテル
samuimu,サムイム
gomi ichigo,ゴミ・ニチゴ
manoji,マノジ
gongba laoge,ゴンバ・ラオージュ
tapisuke,タピスケ
shirosu,shirosu
suzuno naru,スズノ・ナル
kannon ouji,Kannon Ouji
kusaka kokage,クサカ・コケージ
t-ray,T線
ifuji sakura,ifuji sakura
masaharu,マサハル
yukiyanagi,ユキヤナギ
tm (hanamakisan),TM（ハナマキサン）
katori (mocchidou),カトリ（Mocchidou）
r1,R1
choko egg,チョコ卵
higa-tsubasa,ヒガ・ツバサ
bolbbangbbang,ボルバンバン
kanno izuka,カンノ・イズカ
rinx,リンクス
yama tatsuo,ヤマタツオ
miyako draw,宮子絵
rable,rable
tony kuusisto,トニー・クウシスト
shiomizu (swat),Shiomizu（swat）
gameso,Gameso
daylightallure,デイライトアリュール
xandier59,Xandier59
liking,好み
karasu (jjwh2832),Karasu（JJWH2832）
benevole,ベネボル
mady (madine08260),マディ（Madine08260）
ikezaki misa,イケザキ・ミサ
dojirou,ドジロウ
orie h,オリーH
unu (unucence),unu（unucence）
fukunoki tokuwa,福州島tokuwa
kamehito,カメヒト
shiromikan,シロミカン
lost one zero,1つのゼロを失いました
servachok,セルバチョク
osamu yagi,オサムヤギ
miche,ミシェ
usa b,アメリカb
whitem (whiteemperor2020),Whitem（whitemperor2020）
kirihara you,humiyou
inari1369,inari1369
siva (executor),シヴァ（執行者）
takamura,高村
uraichishi,村内
nishi iori,西島
izra,イズラ
aayh,ああ
sushoyushi,寿司
terasu mc,Terasu MC
kazami chiu,カザミチウ
hakou (barasensou),hakou（barasensou）
rome romedo,ローマ・ロメド
aer (tengqiu),aer（tengqiu）
sag (karehabase),サグ（karehabase）
koin (foxmark),Koin（Foxmark）
ginzake (mizuumi),ginzake（mizuumi）
tomycase,Tomycase
koutarou (girl power),Koutarou（ガールパワー）
jonya,ジョニャ
ying yi,ying yi
oro (zetsubou girl),Oro（Zetsubou Girl）
dongsheng,ドンシェン
otemoto (baaaaloooo),otemoto（baaaaloooo）
sukima (crie),スキマ（クリー）
sirataki umauma,シラタキウマウマ
boleum (dgrpluna),boleum（dgrpluna）
tk31,TK31
mg42cat-k1ng,MG42CAT-K1NG
misoni (mi so ni t),Misoni（mi so ni t）
kouka (mrakano5456),kouka（mrakano5456）
chirun0,Chirun0
rapa (heisei strawberry),ラパ（ハイセイ・ストロベリー）
nekonyan,ネコニャン
amakusa tobari,アマクサトバリ
null suke,ヌルスケ
e-bushi,e-bushi
itogari,itogari
kawanuma uotsuri,カワヌマ・ウツーリ
yorurokujuu,ヨルロクジュ
zenmaibook,ZenMaibook
nyakkuru,ニャクル
serike w,serike w
gudakoguda,グダコグダ
nekoya (nekodayo 22),nekodayo22
kurimochi chizuru,kurimochi chizuru
shironekoban,シロネコバン
hutaba haru,Hutaba Haru
huyuharu0214,Huyuharu0214
so dasui1,So dasui1
shimoda masaya,Shimoda Masaya
furawast,furawast
kaneko naoya,Kaneko naoya
wanpaku pixels,Wanpakuピクセル
mine thrower (ore no bakudan),鉱山投げ（ore no bakudan）
kinohara hikaru,Kinohara hikaru
shirubaa,シルバ
sakayaya,坂前
akihare,アキハレ
mikasayaki,ミカサヤキ
beliatan,ベリアタン
hijouguti,hijouguti
coula cat,クーラ猫
hira-san,Hira-San
shogo (cureshogo),Shogo（4274732）
yamamoto shuuhei,山本shuuhei
fang qiao,牙qiao
sakaki (utigi),坂口（utigi）
yusake san,Yusake San
kinoebi,キノビ
kon manatsu,Kon Manatsu
oimo (imoyoukan),oimo（imoyoukan）
nagiha kuten,ナギハ・クテン
hinamatsuri touko,ひなものトウコ
drid,垂れ下がっています
etou (cherry7),etou（cherry7）
ragecandy,ragecndy
nasuna,ナスナ
kabayaki namazu,Kabayaki namazu
nori senbei,Nori senbei
ozkh,ozkh
pome charo,ポーム・チャロ
mochizuki ado,モチズキアド
diepod,diepod
sorano (12gou),ソラノ（12gou）
beppu mitsunaka,beppu mitsunaka
anoko (darenokoanoko),anoko（darenokoanoko）
nobiru (nobinobi),nobile1031
shimadouma,シマドゥマ
kaita (mokamilkcup),カイタ（Mokamilkcup）
oregano (olgn eao),オレガノ（olgn eao）
fujinomiya rio,富士通リオ
mk (masatusaboten),MK（Masatusaboten）
atha (leejuiping),アタ（leejuiping）
kuhl-notes,Kuhl-notes
hazime,hazime
da (bobafett),DA（ボバフェット）
nyucha,ニュチャ
sunafuki tabito,Sunafuki Tabito
asahina yori,ヨリナヨリ
yutarou,Yutarou
rindoriko,リンドリコ
shiratama dango,シラタマダンゴ
miyu (miy u1308),miyu（miy u1308）
suigetsu (watermoon-910),さsuigetsu（watermoon-910）
sumisumii,sumisumii
ichika (ichika manga),イチカ（イチカマンガ）
otsumami (02mami),オツマミ（02mami）
prophecy (rakuichimonji),預言（rakuichimonji）
masso,マソー
satsuki mayuri,サツキ・マイリ
projecttiger,Projecttiger
enoki p,エノキp
ahase hino,アハース・ヒノ
ikazuchi akira,イカズチ・アキラ
katami shinta,カタミシンタ
y o u k a,y o u k a
teisuu,Teisuu
kuase,kuase
chi no,Chi No
koru pera,コルペラ
bleedman,ブリードマン
mono land,モノランド
pnatsu,プナツ
east sha2,イーストSHA2
mitumi mira,Mitumi Mira
sara (kurome1127),サラ（kurome1127）
dreamlight2000,Dreamlight2000
sasaki (glass1138),佐々木（Glass1138）
cocoperino,ココペリノ
era (erasion),ERA（erasion）
kitora (kisekinonameko),キトラ（kisekinonameko）
matsuki (mikipingpong),マツキ（ミキピンポン）
onigunsou,onigunsou
kurosuke (nora),紅（ノラ）
koyubi maru,ユキマヤ
ecoman,エコマン
mana kakkowarai,マナ・カコワライ
suisen-21,suisen-21
seinen,セイネン
kokorozashi,ココロザシ
chietori,チエトーリ
golgi hon,ゴルジ・ホン
kyuukon (qkonsan),キュウコン（qkonsan）
takom,タコム
buthikireta,Buthikireta
shuuji (shumi),shuuji（shumi）
terujirou (masateruteru),Terujirou（Masateruteru）
raburebo,ラブレボ
nikism,ニキズム
s zenith lee,S Zenith Lee
ryota tentei,ryota tentei
pierre norano,ピエールノラノ
kyouichi,京チ
soborou,soborou
8-gou (mechanist08),8-gou（mechanist08）
azuki-iro,アズキロ
oshiruko (oshiruko s2),oshiruko（oshiruko s2）
kanonari,カノナリ
tamaya,タマヤ
reirou (chokoonnpu),reirou（chokoonnpu）
j young,Jヤング
murechika,ムレキカ
ohhhhhhtsu,Ohhhhhtsu
yui.h,Yui.H
bbk (13zk),BBK（13ZK）
sytokun,シトクン
flareza,フレアザ
rhapsode,ラプソード
null (skev7724),null（skev7724）
hassan (sink916),ハッサン（sink916）
baek hyang,Baek Hyang
pukonuu,プコヌー
tong shui,トン・シュイ
usagino suzu,ウサギノ・スズ
chris4708,CHRIS4708
tarou2,Tarou2
sakura shiho,さくらshiho
okazaki oka,岡崎岡
omiya (louise-louis-lucille),オミヤ（ルイーズ・ルイ・ルシル）
mineta naoki,ミネタ・ナーキ
rumenia (ao2is),ルメニア（AO2IS）
unadon (unadoom),Unadon（Unadoom）
asanaya,アサナヤ
shimo (seamoss),志子
nina (pastime),ニーナ（娯楽）
manle,マンル
animal ears (norankkori),動物の耳（ノルンキコリ）
penguin frontier,ペンギンフロンティア
raybar,レイバー
catball1994,catball1994
alber,アルバー
noamem,ノームム
hachiya shohei,ハチヤ・ショハイ
io naomichi,Io naomichi
yuki (yukin0128),ユキ（Yukin0128）
wallace pires,ウォレスのピア
minillustration,ミニラストレーション
ok-ray,OK線
hananenmi,ハナネンミ
kazuko (towa),カズコ（TOWA）
maru usagi,マル・ウサギ
edamameoka,エダマメカ
fpanda,fpanda
okumari,オクマリ
gum (gmng),ガム（gmng）
miyuki rei,ミユキレイ
kaerunoko,Kaerunoko
gwayo,gwayo
kouhiipan,コウヒパン
yokaze japan,ヨカズ・ジャパン
scathegrapes,scathegrapes
antaria,アンタリア
tomizuki ichino,omizoki島
xkirara39x,xkirara39x
matsumiya kiseri,Matsumiya kiseri
memeno,メメノ
cha goma,チャゴマ
kebohan,ケボハン
inui nakiru,inui nakiru
chimachi,チマチ
kawakami shuuichi,小川川下
kyokutsuki,Yheu氏
ryochan96154,ryochan96154
yooki (winter cakes),ヨキ（冬のケーキ）
hazumi otoya,Hazumi Otoya
hanasaki mahiru,漢mahiru
qinglai haiji,青海haiji
chuhaibane,チュハイバン
jiseki rena,ジセキレナ
tawashi1623,Tawashi1623
xiuhuabing,xiu kukkii
tooru (jux),Tooru（Jux）
tanutika,タヌティカ
nagisa iori,ナギサ・イオリ
kabu (niniko2ko),kabu（niniko2ko）
watashiya kaworu,ワタシヤ・カワル
ankoro mochi,アンコロ・モチ
mikapoe,ミカポー
sentouryoku 5,Sentouryoku 5
youichi (45 01),Youichi（45 01）
ribao,リバ
teroru,テロル
nagikiho,nagikiho
koto (colorcube),コト（ColorCube）
mizu (lzzrwi603),Mizu（lzzrwi603）
reagan long,レーガン・ロング
mk-5,MK-5
naruse mamoru,ナルス・マモル
yuugatou (yuuzutu),ユガトウ（ユウズツ）
iro marimo,イロ・マリモ
fujimori shiki,藤野清
atori,アトリ
ibushi (oath),イブシ（誓い）
sasakuma kyouta,佐々木kyouta
polki,ポルキ
katade,カタデ
sasaki fumi,ササキ・フミ
sinlaire,シンレア
auer,auer
pf,pf
rero (bigdoorbig2),RERO（BigDoorBig2）
ryu (masu nantoka-san),リュウ（マスナントカサン）
cottontail (voice actor),Cottontail（声優）
tdk,TDK
chiro,チロ
fukunaga kazuhiro,福音川樹
is ii,iiです
kawasaki tadataka,川崎タダタカ
mayonaka taruho,マヨナカタルホ
oosaki takahito,oosaki takahito
marion-ville,マリオンビル
isao,アイザオ
neme,ネム
chig,チグ
zamudelin,ザムデリン
healther,健康
kurono,クロノ
akiteru (akiteru98),akiteru（akiteru98）
nakamura tetsuya,中村tetsuya
haru57928031,haru57928031
momihige,モミヒゲ
kuyoumi,クユミ
sinzen,sinzen
kannoaki,カンノアキ
pinki (shounenkakuseiya),ピンギ（shounenkakuseiya）
vane (vane0),Vane（Vane0）
retsuna,Retsuna
ico (green bullet),ICO（緑の弾丸）
norasame (dagako),ノラサメ（ダガコ）
yasoji (16321578),ヤソジ（16321578）
putimaxi,putimaxi
grgrton,Grgrton
kajino (aosansai),カジーノ（aosansai）
namikawa kuroha,ナミカワクロハ
favilia,ファビリア
satou (kuso-neet),佐藤（kuso-neet）
koda1ra,koda1ra
en@rain,en@雨
ayame iro (toumei dolce),ayame iro（toumei dolce）
shino (yaruki nai yatsu),shino（Yaruki nai Yatsu）
koaraya,コアラヤ
spencer sais,スペンサーサイス
1641 (chfhrtor94),1641（Chfhrtor94）
blanchat,ブランチャット
esw artca,Raiz Art Works
muchin jousha,Muchin Jousha
perapera (poruporu),包まれています
hiyada yuu,ヒヤダユー
cr-r,cr-r
yaise,Yaise
ivan wang,イヴァン・ワン
tautiki,タウティ
noko morokoshi,モロコシノコ
muichimon,ムイチモン
nagainosfw,Nagainosfw
kuronosu (yamada1230),クロノス（ヤマダ1230）
peachyp,Peachyp
washiwa,ワシワ
hi ye,こんにちは
yoshikawa hideaki,吉川hideaki
inuo (inuo x),inuo（inuo x）
tonari (ichinichime azuma),トナリ（イチニチメ・アズマ）
menmen (menmen13s),メンマン（Menmen13s）
sankyo (821-scoville),Sankyo（821-Scoville）
shenqi (toid310),Shenqi（toid310）
milcho,ミルチョ
kkia,Kkia
yuutopia,ユートピア
i-la,i-la
tsukimi (xiaohuasan),津波（Xiaohuasan）
ancotsubu,Ancotsubu
azuma toh,azuma toh
tenk,tenk
mumumu,ムムム
yi (199702090505),yi（199702090505）
malcorond,マルコント
anderson m0311,アンダーソンM0311
bismuth (paravene),パラベン
dore (gilles dore),ドア（ジルドア）
necono (nyu6poko),necono（nyu6poko）
tobi (discharge cycle),トビ（退院サイクル）
burusuta,Burusuta
muzuki uruu,ムズキ・ウルー
yosuzu,ヨスズ
suihi,suihi
kurihara kenshirou,Kurihara Kenshirou
mutsuba fumi,Mutsuba Fumi
anmita (rarutos),Anmita（Rarutos）
matsumoto noriyuki,松本noriyuki
nanno koto,ナンノコト
arlonn,アーロン
mirino,ミリノ
project.c.k.,Project.C.K
shoji sakura,Shoji Sakura
rin ateria,リンアテリア
arkapami,アルカパミ
fle0423,fle0423
fateline alpha,ファテリンアルファ
taker (flamestorm),テイカー（flamestorm）
taka (tsmix),タカ（tsmix）
nine (liuyuhao1992),ナイン（liuyuhao1992）
nokishita negio,ネガウォ
sasoura,サソーラ
renka (sutegoma25),Renka（Sutegoma25）
karen (karenendo),カレン（カレネルンド）
natsuki (silent selena),ナツキ（サイレントセレナ）
ashino moto,Ashino Moto
bababababan,バババババン
kaya8,Kaya8
saki (hxaxcxk),サキ（hxaxcxk）
yoshida inuhito,ヨシダ・イヌヒト
jorori,ジョロリ
hotate rayan,Hotate Rayan
shouni (sato3),shouni（ato3）
bananafish1111,Bananafish1111111
shionty,シオン
sokona (sosokona),ソコナ（ソソコナ）
fujita (condor),藤田（コンドル）
yakurope-moko,Yakurope-Moko
rbx lamen,RBXラメン
deatiose,deatiose
zambiie,ザンビエ
kuma piv,クマピブ
neki-t,neki-t
sacanahen,サカナヘン
namuko,南京
nasubin (nasubisamurai15),Nasubin（Nasubisamurai15）
band (skymole01),バンド（skymole01）
kotarou (kot mochi),kotarou（kot mochi）
satoimo chika,サトイモチカ
houdukixx,houdukixx
cancer (zjcconan),がん（ZJCCONAN）
kemomin nosuke,ケモミン・ノスケ
cirnos,Cirnos
amanagi seiji,アマナギ・セイジ
hoojiro (found1093),Hoojiro（Fund1093）
yuanagae,ユアナガ
takayama kisai,高山Kisai
hoshimiya mashiro,ホシミヤ・マシロ
takanae kyourin,Takanae Kyourin
yuuya (blue scarab),ユウヤ（青いスカラベ）
wumumu,wumumu
junior27016,Junior27016
echizen (hvcv),echizen（hvcv）
tokoi,トコイ
hiroshika,スカイレイル
sinakyo,sinakyo
nerotarou,nerotarou
jinri shijie,ジンリ・シジー
usui harusame,usui harusame
lunarisaileron,Lunarisaileron
katsuragi niya,Katsuragi niya
fujiwara gacho,藤原ガチョ
nakamura kusata,中村kusata
pkpkpppk,pkpkpppk
suta furachina,Suta Furachina
yabby,ヤビー
shishanmo,シシャンモ
chroneco,クロネコ
ktokei (kurokku-tokei),ktokei（kurokku-tokei）
yawaraka black,ヤワラカブラック
shuu-0208,shuu-0208
suzushiro yukari,スズシロ・ユカリ
masaki (machisora),マサキ（マチソラ）
hometa,ホメタ
shimana (cs-ts-az),シマナ（CS-TS-AZ）
oldlim,オールドリム
st.kuma,セントクマ
kingchenxi,kingchenxi
tataki tuna,タタキマグロ
shirane koitsu,Shirane Koitsu
emu 1316,EMU 1316
chris re5,Chris re5
edogawa roman,エドガワ・ローマン
hayashi (l8poushou),林（l8poushou）
aida yuu,エイダユー
hopepe,ホーペペ
satetsu,衛星
nanoningen (anapoko),ナノニンゲン（アナポコ）
sano br,サノBR
sakurami sumi,さくらムイ
daidai (daidai826),ダイダイ（daidai826）
sekisei (superego51),sekisei（superego51）
lch,lch
tanjiu,タンジウ
nyuunzi,nyuunzi
erotibot,エロティボット
nozz177,nozz177
kaauchi,カーウチ
roi (liu tian),Roi（Liu Tian）
kurikabacha,Kurikabacha
okyao,オキアオ
midori (310ri 21),ミドリ（310RI 21）
toma (asagayatei),トマ（asagayatei）
kamatama,カマタマ
fujimi nanna,778-go
aticsanir,アティクサニール
reijing etrn,reijing etrn
shiao,シアオ
lino chang,リノ・チャン
kanro ame (ameko),Kanro Ame（Ameko）
chirang,チラン
polyhedron2,ポリヘドロン2
sp123,SP123
ekaapetto,エカペット
mochizuki nozomu,モチズキノゾム
uzuki aki,うずまきaki
yaoto,ヤオト
heiwa (murasiho),ヘイワ（ムラシホ）
akitaka akita,秋田秋田
mush820823,Mush820823
shiro maru,シロ・マル
galois,ガロア
shuffle (songdatiankong),シャッフル（songdatiankong）
tetori (tetolisto),テトリ（ティトリスト）
uninori,uninori
chadolbaegi,チャドルベージ
kimino tomonari,キミーノトモナリ
mks,mks
nyatrix,nyatrix
donuttypd,donuttypd
nyamaso,ニャマソ
kakuno,カクノ
weed (astarone),雑草（アスタロン）
tsukamoto kensuke,kensuke
hifumi kei,hifumi kei
kogame,Kogame
potekite,ポテカイト
paprika shikiso,パプリカ・シキソ
brandkojo,Brandkojo
uon taraku,Uon Taraku
tanakara,田中
liang cun rakuna,liang cun rakuna
ogami ren,オガミレン
ouka (ra-raradan),ouka（ra-raradan）
zigzagdb,zigzagdb
nishimi shin,ニシミシン
kayura yuka,カイラ・ユカ
windart,ウィンダート
lask,ラスク
miyan (oceanmaiden),ミヤン（オーシャンマデン）
tsa,TSA
unimon e,ユニモンe
batatata77,Batatata77
suzuki ritsu,リツ（ロボロボロ）
ishimari,イシマリ
yayoi (egoistic realism),ヤヨイ（エゴイスティックリアリズム）
haseneko,ハセネコ
magicians (zhkahogigzkh),魔術師（Zhkahogigzkh）
skylader,Skylader
maru daizu (aqua6233),マル・ダイズ（aqua6233）
eigaka,Eigaka
ichikawa noa,一川noa
okuragon,オクラゴン
hushabye,Hushabye
black beat,黒いビート
nimirom,ニミロム
unagimaru,unagimaru
yuki touko,ユキ・トウコ
hinata mutsuki,日向mutsuki
painpa,ペインパ
cherrypin,チェリーピン
kurau kii,クラウキイ
chunyan,チューニャン
ribi,リビ
7zu7,7zu7
syerii,syerii
yandr4hope,yandr4hope
kanna hisashi,カンナ・アヒシ
koruta (nekoimo),コルタ（ネコイモ）
fuyuno taka,フユノタカ
j yak47,J Yak47
caleb thomas,カレブ・トーマス
hanetu,ハネツ
alfred (artist),アルフレッド
kano (wi3028),カノ（Wi3028）
mari audio,マリオーディオ
hinamori (18ar0),hinamori（18AR0）
kkuem,kkuem
musanix,ムサニックス
amagaeru (amapippi052525),amagaeru（amapippi052525）
shira yu ki,シラ・ユ・キ
serin199,Serin199
hata kenjirou,hata kenjirou
sawarabi (sawarabi725),サワラビ（sawarabi725）
shutou mq,Shutou MQ
pinb,Pinb
hayanye,ヘヤニー
tian (my dear),ティアン（私の愛する人）
nuko 0108,ヌコ0108
kumamiya,クマミヤ
musashino sekai,Musashino sekai
mario (mario portal),マリオ（マリオポータル）
sansan (dongfangzhong111),サンサン（dongfangzhong111）
tabe koji,タブコジ
okiura,沖明
fugaku (miko no miyatsuguchi),fugaku（miko no miyatsuguchi）
kokekokko coma,コケコッコ・コマ
yoshida kousuke,ヨシダノブヨシ
wl6yugi8go1,wl6yugi8go1
hani haya,ハニ・ハヤ
ochiai miyabi,ochiai miyabi
ozaneko,オザネコ
kon5283,KON5283
big shine,大きな輝き
azuma minatsu,azuma minatsu
richou (zerozero1101),Richou（Zerozero1101）
heco (mama),ヘコ（ママ）
dana (hapong07),ダナ（hapong07）
matsuzaki miyuki,松井yyuki
kanae (inorin05kanae),kanae（inorin05kanae）
sakuramochi1003,sakuramochi1003
ramuda (guilty931),ラムダ（guilty931）
mani oniniku,マニオニク
wusagi2,wusagi2
ion (on01e),イオン（on01e）
martinreaction,マーティンリアクション
artsy-theo,Artsy-Theo
tyouya,Tyouya
gemi ningen,ジェミニンゲン
magaeshi,マガシ
pipidan,ピピダン
gutalalaman,グタラマン
usagihop,usagihop
mackia,マッキア
hichiko,hichiko
kayjae,ケイジェ
moritan,モリタン
pgm300,PGM300
yunar,YUNAR
sasahiro,ササヒロ
akino shin,シン・シン
crystal shoujo,クリスタル・ショーホ
mizuki ryuu,Mizuki ryuu
tsuyuki yuki,ツユキユキ
loundraw,loundraw
esuyuki,Esuyuki
goma satoshi,ゴマ・サトシ
tawapo,タワポ
mokoke,モコック
acrylicstroke,アクリルストローク
mongguri,モングリ
jiyuuyuu,柔術
babu,バブ
58 (opal 00 58),58（opal 00 58）
mirakichi,ミラキチ
hana (mew),ハナ（ミュー）
wedge (tyrl stride),ウェッジ（Tyrlストライド）
mato (mozu hayanie),マト（モズハヤニー）
naba (take tonbo),naba（トンボを取る）
harakune (mugennero),ハラクネ（ムゲンネロ）
tareko,タレコ
chris (mario),クリス（マリオ）
sebas murasaki,セバスムラサキ
kajiyama hiroshi,カジヤマ・ヒロシ
shao (shaorouhong),Shao（Shaorouhong）
eneru (enepuni),エネル（エネピューニ）
abi (abimel10),ABI（Abimel10）
nortuet,ノルチュエ
bara (03 bara ),バラ（03バラ）
yamiya (8 18dlq),ヤミコ
drops mint,ミントをドロップします
172cm,172cm
tomyoo,Tomyoo
mike luckas,マイク・ラッカス
kamaboko senshi,カマボコセンシ
yodoro kagyu,小島
hirooka masaki,hirooka masaki
namaru (summer dandy),ナマル（夏のダンディ）
kurofude anna,Kurofude Anna
takeda yuuko,高田ゆく
foifoi (marfoyfoyfoy),foifoi（marfoyfoyfoy）
hamafugu,hamafugu
senjou no pentsu,senjou no pentsu
mugimugigo,ムギムギゴ
temu,temu
negimapurinn,ネガイマプリン
taedu,taedu
misheng liu yin,ミシェン・リュー・イン
hachiroku (hatirokusann86),hachiroku（hatirokusann86）
yoshinao (yoshinao 0203),ヨシナオ（ヨシナオ0203）
ocha (ochappie),Ocha（Ochappie）
ma-2 (konkon kitakitsune),MA-2（Konkon Kitakitsune）
average-hanzo,平均的なハンゾ
kukuruyo,ククルヨ
kakuzatou (cubesugar03196),kakuzatou（cubesugar03196）
jago dibuja,Jago Dibuja
daiji pt,ダイジpt
kuzukago (bitchmaker),クズカゴ（ビッチメーカー）
amamiya (ammymma),アマミヤ（アバロス）
nassss,nassss
adeshi (adeshi0693119),adeshi（adeshi0693119）
auguste,オーギュスト
daenarys,Daenarys
kudou makoto,黒子
isobe47,ISOBE47
maruneko,マルネコ
rindou ringdong,リンドゥ・リングドン
natsuba002,natsuba002
haishiba ame,ハイシバ・アメ
shiromoca,シロモカ
fanshu,ファンシュ
boko (maniacpurple),Boko（Maniacpurple）
shirouzu myuuta,shirouzu myuuta
gao kawa,ガオカワ
eko. (yzcheneko),ファルコ矢印
myuga66666,myuga66666
wasp (anthyutena),WASP（Anthyutena）
cheonyeon-hi,cheonyeon-hi
nafta,nafta
karasu raven,カラスレイヴン
zakozako y,Zakozako Y
anchors (mono eye os),アンカー（モノアイOS）
nekokun,ネコクン
cobalta,コバルタ
jumbowhopper,ジャンボーホッパー
mono lith,モノリス
kawaraya a-ta,kawaraya a-ta
nayoshi (r-744),ナヨシ（R-744）
quatthro,quatthro
maou (demonlord),Maou（Demonlord）
nakahara (mu tation),中原（ムテーション）
mazarimon,マザリモン
oku (okumen),沖（okumen）
blackrabbitsoul,BlackRabbitsoul
chungu,チョング
monowe,モノウェ
ryon (ryonhei),リヨン（ryonhei）
kinakomoti,キナコモティ
ar (maeus),AR（Maeus）
khn (kihana),Khn（Kihana）
zhainan s-jun,Zhainan S-Jun
tamanoi peromekuri,タマノイ・ペロメクリ
teoshiguruma,Teoshiguruma
musashiya chougenbou,Musashiya Chougenbou
hirota (masasiv3),hirota（masasiv3）
chelle ingham,チェル・インガム
pon (shind 997),ポン（シンド997）
kuromari (runia),クロマリ（ラニア）
niwata0,niwata0
hyou (hyouga617),hyou（hyouga617）
osobachan,オソバチャン
naka akira,中国秋
hajime (caramel toone),ハジメ（キャラメルトーン）
gin fragrans,ジンフレグラン
inkey,inkey
q-gaku,Q-Gaku
ame usako,Ame Usako
oweee,oweee
yukke,ユッケ
yoo (tabi no shiori),yoo（tabi no shiori）
nana mikoto,ナナミコト
geike,Geike
chirigami-san,キリガミさん
yukizen,Yukizen
k jin,Kジン
kido (choushouya),kido（Choushouya）
kurono nekomaru,クロノ・ネコマル
coco7,coco7
mystra77,mystra77
pertex 777,PERTEX 777
nisshisshi,nisshisshi
makihige,マキヒゲ
nanaran,ナナラン
ishiusu,石井
deitaku,deitaku
miyamae (miyazen9311),ミヤマエ（miyazen9311）
rice (okome no naru ki),ライス（okome no naru ki）
yayako (804907150),ヤヤコ（804907150）
nig 18,NIG 18
ikaheigen,イカヘイゲン
hecha (01964237),ヘチャ（01964237）
riou (pooh920),riou（pooh920）
vergil mon,ヴァージル・モン
kinsenka,キンセンカ
ruru (gi xxy),ルル（gi xxy）
hirase yuu,Hirase Yuu
denjyou23,denjyou23
dulldull,dulldull
kid (kidocchi),キッド（キッキ）
mgk968,MGK968
mizuki sei,sei類
gum (vivid garden),ガム（鮮やかな庭）
sugaishi,衛星
mato spectoru,Mato Spectoru
shino (syllable),シノ（音節）
natori (natorism),ナトリ（ナトリズム）
tonmoh,トンモー
mitsurugi tsurugi,ミツールーギ島
yazuki gennojou,Yazuki Gennojou
wolflong,ウルフロン
sutochan,ストチャン
rococomm123,rococomm123
mikeco,ミケコ
sayoyonsayoyo,サヨンオンヨヨ
shinovi,忍
monobe tsukuri,モノベ・ツクリ
kiki (koikuchikinako),キキ（koikuchikinako）
touyama soboro,東山ソボロ
nu (qjqmfqjqmf02),nu（qjqmfqjqmf02）
kohakugin,コハクギン
evolvingmonkey,EvolvingMonkey
warainaku,ワラナク
hatozuki tsumiki,うさぎの春島
lokman lam,ロクマン・ラム
tanikake yoku,タニカケ・ヨク
puriketsu corgy,Puriketsu Corgy
inumoto,イヌモト
kuro (zhurunbo1997),kuro（zhurunbo1997）
facominn,Facominn
kurotsuki (luowei99),黒子（luowei99）
irohakaede,イロハカエデ
chichi band,チチバンド
monoto,モノト
im (badmasa),im（badmasa）
onionworkshop,オニオンワークショップ
tks (526tks),TK（526tks）
koishi chikasa,koishi chikasa
raindrop746079,Raindrop746079
kaoru (alicemakoto),Kaoru（Alicemakoto）
jetbrick,Jettoburikku
angelchama,アンジェルチャマ
aiu404l,AIU404L
usuki (usukine1go),usuki（usukine1go）
arata (xin),arata（xin）
shion (mirudakemann),シオン（ミルダケマン）
ryou sakai,ryou sakai
re lucy,ルーシー
hiro yoshinaka,ヒロ・ヨシナカ
momochi chia,モマチチア
kiyo (kyokyo1220),kiyo（kyokyo1220）
fan yang (jiuge),ファンヤン（jiuge）
justrube,Justrube
kiliko-san,キリコさん
kibii mocha,Kibii Mocha
hachiware (8ware63),hachiware（8ware63）
derpixon,Derpixon
maka (user rryf2748),マカ（ユーザーrryf2748）
menbou (menbow3v),Menbou（Menbow3v）
kida kuro mu,Kida Kuro MU
hiiragi mikoto,hiiragi mikoto
hegata (hegatia lapis),ヘガタ（ヘガティアラピス）
haimei1980,haimei1980
roroichi,ロリチ
ikamagu,イカマグ
kurun (kurun777),クルン（kurun777）
haikawa hemlen,片川hemlen
sakurasaka,さくら
kumasan (kumazonjp),クマサン（kumazonjp）
manekineko5319,Manekineko5319
maruse nisanosuke,ニサノ宇宙をむー
hage tashuumi,Hage Tashuumi
suzuri (tennenseki),スズリ（テネンセキ）
tafuto,タフト
yoshida hajime,ヨシダ・ハジメ
ugeppa,ugeppa
sabujiroko,サブジロコ
d. (ddot2018),d。 （DDOT2018）
nogoodlife,nogoodlife
feel (nasitaki),感触（ナシタキ）
kmitty,Kmitty
danaka,ダナカ
cheken,チェケン
athrun1120,ATHRUN1120
reiha (penetrate),レイハ（浸透）
zygocactus,Zygocactus
super nagoyaka,スーパーナゴカカ
dabadhi,ダバディ
mochiko tsuru,モチコ・ツル
tamakaga,タマカガ
mallizmora,マリズモラ
lemonade kokoi,レモネードココイ
fujisaka kimihiko,藤井kimihiko
xiaoshou xiansheng,Xiaoshou Xiansheng
dragoner,ドラゴナー
ebi (eeotoko),ebi（eeotoko）
nagoooon 114,Nagoooon 114
azumaya hironaru,アズマヤ・ヒロナル
kanaria (fuusenkazura),カナリア（Fuusenkazura）
naop (anything),naop（何でも）
miyoshi (triple luck),ミヨシ（トリプルラック）
makadamixa,マカダミクサ
ichijou (kr neru0),ICHIJOU（KR NERU0）
ereraero,エレラロ
marco albiero,マルコ・アルビエロ
twice12314,2回12314
laoan,ラオアン
kosuke haruhito,ハルヒトkos
nb (pixiv594732),NB（PIXIV594732）
jujunaught,ジュジュノート
shinomiya shino (sinosino141),Shinomiya Shino（Sinosino141）
fuyuki (neigedhiver),藤井（neigedhiver）
kinoshita neko,Kinoshita Neko
maco spl,Maco Spl
kan lee,カンリー
kamatpit,kamatpit
hanemikakko,ハネミカッコ
somei ooo,Somei oooo
kantori,カントリ
kuroda (nanchara flight),クロダ（ナンチャラフライト）
kirisaki shuusei,キリサキ・シュウセイ
haruyukiko,ハルユキコ
gekkou (geccomajin),gekkou（geccomajin）
sooru0720,Sooru0720
oumi neneha,淡海音々葉
hibika,hibika
wushier,ウシエ
foxinshadow,foxinshadow
mittsu,ミッツー
ran system,システムを実行しました
amane soh,Amane sou
gokubuto mayuge,Gokubuto Mayuge
kerorokjy,kerorokjy
kannazuki genshi,カンナズキ・ジェンシー
unbalance,不均衡
kei s01,Kei S01
kt. (kaisou-notagui),KT。 （kaisou-notagui）
genieko,genieko
kokeshi (yoi no myoujou),kokeshi（yoi no myoujou）
shinebell,シャインベル
mearian,ミアリアン
horo 27,ホロ27
eri (erikiri),エリ（エリキリ）
kiteman442,Kiteman442
roundschen,ラウンドシェン
moda (mo da 3),Moda（Mo da 3）
kinosuke (pattaba),kinosuke（パタバ）
lexaiduer,lexaiduer
mappe (778exceed),Mappe（778EXCUEDS）
tenbin gashira,Tenbin Gashira
chain's,チェーンの
naoto (yandereheaven),直角（Yandereheaven）
inaba reito,Inaba Reito
heikokuru1224,heikokuru1224
kumi (kumi86kumi),Kottungyang
sas (ls08b),SAS（LS08B）
yamiiv,ヤミフ
itsuki tasuku,イサキタスク
idass (idass16),idass（idass16）
hop3,Hop3
funii,funii
migi (mm86262394),Migi（MM86262394）
yamaguchi satoshi,山口satoshi
kariya (mizore),カリヤ（ミゾア）
amakara surume,Amakara surume
shisshou senkoku,Shisshou senkoku
tsubaki tsubaru,ツバキ・ツバル
shiromiso,shiromiso
shouma (bravespiritya),shouma（bravespiritya）
yao (pixiv9482697),ヤオ（pixiv9482697）
jo tuesday19,Jo Tuesday19
chin (motio7201),チャン（Motio7201）
gorgonzola (paradisegom),ゴルゴンゾーラ（パラダイスゴム）
murio,ムリオ
yuuki1103,ユキ1103
ferdy's lab,Ferdy's Lab
rend,レンド
hanazawa ma,ハナザワMA
torajirou (toraneko zirou),Torajirou（Toraneko Zirou）
akasaka (qv92612),アカサカ（QV92612）
tianel ent,Tianel Ent
sawa (snack yoshie),サワ（スナックヨシー）
peroncho,ペロンチョ
nga (ray ray),NGA（レイレイ）
akai kitsune,アカイ・キツネ
a.hebmuller,A.ヘブマラー
ryou (shirotsumesou),リュウ（shirotsumesou）
minagiku,ミナギク
sin (sin52y),sin（sin52y）
shouma keito,Shouma Keito
azomo,アゾモ
tougarashi hideyu,東海史長
aotori,aotori
kokonoka,ココノカ
wancho,ワンチョ
gouda nagi,ゴーダ・ナギ
atawatsho,atawatsho
yutsuka (amyucca),ユツカ（アミューッカ）
shinonon (iso shino),シノノン（イソシノ）
ame usari,AME USARI
ruki (ruki6248ta),ruki（ruki6248ta）
kisou (kisou00),kisou（kisou00）
kanpyou (hghgkenfany),kanpyou（hghgkenfany）
aki (yunkana),アキ（Yunkana）
mirui,ミルイ
hyulla,ヒウラ
subakeye,subakeye
lucyfer,Lucyfer
peragura,ペラグラ
tanaka masayoshi,田中大山
ken sogen,ケン・ソーゲン
futomomomoe,futomomomoe
pikat,ピカット
mini koala,ミニコアラ
nezumidoshi,ネズミドシ
mirea,ミリア
semikichi,セミキチ
asc11,ASC11
momoiro,モモイロ
woogi (duguddnr),ウーギ（duguddnr）
monaka (siromona),モナカ（シロモナ）
te toga,Te Toga
harui (hr x9 ),ハルイ（HR x9）
chaamii,チャミイ
shouz,ショウズ
akke (akke299),Akke（akke299）
hoshina meito,hoshina meito
baron (x5qgeh),男爵（x5qgeh）
stup-jam,stup-jam
ruoganzhao,ruoganzhao
grune,グリューン
sushimi (nijoujou),Day Walker1117
izumi rei,Izumi Rei
cofepig,cofepig
kishida-shiki,岸田 - シキ
kesuida,kesuida
gotou kenji,ゴトウ・ケンジ
oruto (ort+),oruto（ort+）
amatiz,Amatiz
byte (grunty-hag1),バイト（grunty-hag1）
sakurai unan,さくらウナン
maroonabyss,マルーナビー
akatoro (nightlord),アカテロ（ナイトロード）
hinokumo f,hinokumo f
yatosaki haru,Yatosaki Haru
s-goon,s-goon
harukatron,ハルカトロン
shintani tsushiya,shintani tsushiya
yamadori yoshitomo,Yamadori Yoshitomo
rocha (aloha ro cha),ロシャ（アロハ・ロチャ）
maitake (kinokonabe hinanjo),マイタケ（Kinokonabe hinanjo）
quro (black river),クロ（ブラックリバー）
munyuu,ムニュウ
8 (yamalu),8（ヤマル）
migu (iws2525),Migu（IWS2525）
neko sensha,ネコ・センシャ
master maichin,マスター・マイチン
maruwa tarou,マルワタロウ
mirufuaa,Mirufuaa
chakoru,チャコル
tsuka,つか
b-tsukael,お召し上がりいただけます
yuki maru (yukimaru 1),ユキ・マル（ユキマル1）
horikwawataru,ホリクワワタル
nanamatsu kenji,ナナマツ・ケンジ
kagura mizuki,kagura mizuki
bashen chenyue,Bashen Chenyue
tooboshoo,Tooboshoo
walfie,ウォルフィー
deatheach,Deatheach
naltal,ナルタル
sunfight0201,sunfight0201
sonikey0 0,Sonikey0 0
kuroame (kurinohana),クロメ（クリーノハナ）
nekotewi,nekotewi
maka (mksrw),マカ（mksrw）
kaze makase,Kaze Makase
hinata yuu (atelierhinata),日向ユウ（atelierhinata）
tamiku (shisyamo609),タミク（shisyamo609）
nekokobushi,ネココブシ
mikan03 26,Mikan03 26
nijimaarc,nijimaarc
soc nau,soc nau
nahanmin,ナハンミン
sankaku,サンカク
m mance,M Mance
kumakou,kumakou
lunacats,ルナカット
kamachi (kamati0maru),カマチ（kamati0maru）
gunjima souichirou,Ganjima Souichirou
chorogon,チョロゴン
dohyo123123,dohyo123123
kishimoto masashi,岸本正
taro-k,TARO-K
hoshino koucha,Hoshino Koucha
fuyoyo,フヨヨ
yuuka (a0240765),ユウカ（A0240765）
dreamysuite,DreamySuite
zafuri (yzrnegy),Zafuri（Yzrnegy）
nepty (silkey vod),Nepty（Silkey Vod）
jo an,ジョーアン
ryousuke (tukr5384),ryusuke（tukr5384）
isaki tanaka,イサキ・タナカ
yuusa,ユウサ
heripiro,ヘリピロ
matsunaka hiro,マツナカ・ヒロ
mosuko,モスコ
enn matien,Enn Matien
tadokoro teppei,タドコロティペイ
kaerunoashi,Kaerunoashi
chagamaka,チャガマカ
nihimaru,ニヒマル
oden (th-inaba),オーデン（thinaba）
kaneko tsukasa,木本木本
morino shoutarou,モリノsoutarou
hinasumire,hinasumire
mister (black and white),ミスター（白黒）
liar lawyer,嘘つき弁護士
onigiri (ginseitou),onigiri（ginseitou）
kisasage kouta,Kisasage Kouta
rorobomb,ロロボム
anibache,anibache
cancell,キャンセル
miho (mi),MIHO（MI）
yuki18r,Yuki18r
garana,ガラナ
kinugasa yuuichi,キヌガサゆき
wakita piyosuke,ワキタピヨーケ
natsuki shuri,ootsuki shuri
sunagimo (nagimo),スナギモ（ナギモ）
oza watto,オザワット
fujie-yz,fujie-yz
danby merong,ダンビー・メロン
hentaki,河口
kamishiro ryuu,カミシロ・リュウ
inana umi,イナナウミ
mimasi osuwari,ミマシ・オスワリ
elina kuroe no daarin,Elina Kuroe No Daarin
nahu,ナフ
batabiru,バタビル
poncho s,ポンチョs
hanasaki komugi,漢mugi
kimagure blue,Kimagure Blue
hifumi (3b x),hifumi（3b x）
anno masato,anno masato
kashiwa (iersansi),kashiwa（iersansi）
hariyama (toubou tengoku),hariyama（toubou tengoku）
jiyu (jiyusi),柔術（柔術）
babigonice,バビゴニツェ
hydrafxx,hydrafxx
kometsubu,Kometsubu
redundant-cat,冗長キャット
nekobatake,ネコバタケ
saitou kakkou,Saitou kakkou
izumi yuhina,Izumiyuhina
pekoni (peconi),ペコニ（ペコニ）
onaji (sokudo seigen),オナジ（Sokudo Seigen）
koba,コバ
unagi sango,Unagi Sango
yama batake,ヤマ・バタケ
yuxian youka,Yuxian Youka
touyu (yuruyuruto),Touyu（Yuruyuruto）
oyasuminjyutsu,oyasuminjyutsu
kokechan,Kokechan
rudang,ルダン
limelam06,limelam06
clover (lapis lazure),クローバー（ラピスラズレ）
zzo0,ZZO0
h.an (516635864),H.AN（516635864）
issign,ISSIGN
m3 (gardevoir m3),M3（Gardevoir M3）
gupunetsu,グプネツ
satsuki misuzu,Satsuki Misuzu
rering,シルタレ
lkeris,lkeris
urata asao,ウラタアサオ
meipu hm,Meipu HM
tsunenorip,ツネノリップ
suruga dbh,Suruga DBH
saeki nao,Saeki Nao
katori (quietude),カトリ（静か）
muhi11234,Muhi11234
hirokawa kouichirou,広川小島
masago (rm-rf),マサゴ（RM-RF）
duan henglong,Duan Henglong
kagura yuuki,Kagura Yuuki
hasegawa shin'ya,長谷川下
kuromu (underporno),クロム（アンダーポルノ）
thkani,thkani
shiohachi,シオハチ
primary stage,一次段階
faicha,ファイチャ
zipang (zip@ng works),zipang（zip@ng works）
loli bushi,ロリ・ブシ
llowoll,llowoll
daraz,ダラズ
ky.,ky。
kotohatoko510,kotohatoko510
kadoi aya,カドイアヤ
tomohiro (duo),トモヒロ（デュオ）
motsuaki,モツアキ
m-rs,夫人
kenzo 093,ケンゾ093
amii,amii
kinnan,キナン
sanom,サノム
nslacka,nslacka
tetsuwan woopie,Tetsuwan Woopie
maiq06,MAIQ06
kobeya (tonari no kobeya),kobeya（Tonari no kobeya）
callan (callancoe),カラン（Callancoe）
tokiya,トキヤ
ribero,リベロ
idashige (walkietalkie),idashige（walkietalkie）
mitosansan,ミトサンサン
alexi oekaki,アレクシ・オカキ
oh (aung ae),ああ（aungae）
mori airi,森airi
machico maki,マチコ・マキ
nopeys,nopeys
masatoki,マサトキ
haburashi,ハブラシ
tina (pixiv37050289),ティナ（PIXIV37050289）
hanahanamaki,漢原
kuroimori,クロイモリ
sixteenpo,16po
whispering for nothing,何もしないでささやきます
y (khakiyawn),y（khakiyawn）
nik ibi,ニック・イビ
utani (punishment),ウタニ（罰）
zero-go,ゼロゴ
sthk,sthk
shinori (efvbji6264),Shinori（efvbji6264）
oinari (koheihei1109),oinari（koheihei1109）
caffichai,クノチャイ
fuu (koneko no yomeiri),fuu（koneko no yomeiri）
mizumizu (phoenix),水村（フェニックス）
poopy,うんち
nao (nao eg),nao（nao eg）
hasunokaeru,hasunokaeru
lhu (barappra1),LHU（barappra1）
noir (ibaraki),ノワール（イバラキ）
kuro hopper,クロ・ホッパー
ogami,オガミ
francisco mon,フランシスコ月
wow+,うわー+
chaciooh,chaciooh
kiwwwwwi,kiwwwwwi
zonotaida,ゾノタイダ
marekamico,マレカミコ
ng (kimjae737),ng（kimjae737）
io takuya,Io Takuy​​a
bluez,ブルーツ
yasui riosuke,Yasui riosuke
kyouna,キョウナ
shinkaisoku,shinkaisoku
ookami ryousuke,ryousuke川
lrk,lrk
xero,xero
maku-raku,マク・ラク
hatachi,ハタチ
kurofood,クロフード
maho (yakimorokoshi),マホ（ヤキモロコシ）
hokuyuu,Hokuyuu
harau,ハラウ
kimura shigetaka,木村シゲタカ
mof,mof
genso,ジェンソ
soumendaze,スメンデーズ
oinari (tensaizoku),oinari（Tensaizoku）
iseki (kuroshura no tabiji),イセキ（黒亜raティッジなし）
once 11h,1回11時間
yucopi,ユコピ
vyolfers,Vyolfers
dong ji,ドンジ
may (2747513627),5月（2747513627）
rojiko,ロジコ
mikami komata,ミカミ・コマタ
kibellin,キベリン
novady,ノバディ
patipat asavasena,パティパットアサバセナ
770mk,770mk
koubou (cowbow kun),Koubou（カウボークン）
hara shoutarou,ハラ・サウサロウ
yoyomura,ヨムラ
akino subaru,アキノ・スバル
shibata masahiro,波ersahiro
yamadori ofuu,Yamadori ofuu
kouga (mutsumi),kouga（remsumi）
butakoma 300g,ブタコマ300g
tako seijin,タコ・セイジン
shin maboroshi,シン・マボロシ
hazakura satsuki,ハザクラ・サツキ
tatejima uri,テテジマウリ
mizuki gyokuran,ミズキ・ギョクラン
natsuki (gedo),ナツキ（gedo）
semi (p-poco),Semi（P-Poco）
befu,befu
iseshi,イセシ
sakumichi,さくら
gingami (giluziru),ギンガミ（ギルジル）
nishi yasuaki,西西キー
rr (suisse200),RR（suisse200）
itou ryuusei,itou ryuusei
arepko,arepko
verta (verlaine),VERTA（Verlaine）
yuuka seisen,ユウカ・シーゼン
neon 0000,ネオン（PIXIV 31150749）
kakaon,カカオン
5tb,5TB
mmmmmkun,mmmmmkun
noumu (pixiv 46150012),ヌーム（pixiv）
aida (aidia),エイダ（エイディア）
hitsujibane shinobu,shitsujibane shinobu
9s0ykoyama117,9S0ykoyama117
botan m,ボタンm
culton,カルトン
ryuunosuke (luckyneco),リウノスケ（ラッキンコ）
ayatak0517,ayatak0517
toima (beat0829),toima（beat0829）
la-na,la-na
kosobin,コソビン
kawaguchi youhei,Kawaguchi Youhei
miya kazutomo,ミヤ・カズトモ
kan liu (666k),Kan Liu（666K）
tuzaixia,Tuzaixia
gardavwar,gardavwar
reluvy,Reluvy
kouhara yuyu,Kouhara Yuyu
clynxen,Clynxen
haruki (haruki678),haruki（haruki678）
shishui guima,shishui guima
shuragyoku mami,shuragyoku mami
riz3,riz3
k3nnyn3v,K3NNYN3V
cinu,カケカリュリ
aosora (mizore),aosora（ミゾア）
kittona,キトナ
yuriyuri (ccc),Yuriyuri（CCC）
aohane,aohane
hitogome,ヒトゴーム
sharpffffff,sharpffffff
chyraliss,Chyraliss
shizuki aya,ぶらんaya
ssn (sasa8u9r),SSN（sasa8u9r）
pinocchio-p,Pinocchio-P
lococo:p,Lococo：p
kashiwagi yamine,カシワギヤミン
umenodo,UMENODO
umagenzin,ウマゲンツィン
shoe-ji,シュージ
lebring,レブリング
enryuu (rmxs3488),enryuu（rmxs3488）
tia (cocorosso),ティア（ココロッソ）
katoroku,katoroku
amakusa (hidorozoa),アマクーサ（ヒドロゾア）
cang se ye hua,cang se ye hua
ryudraw,ryudraw
kirisaki akihito,キリサキ・アキヒト
ponta (velmar),ポンタ（ヴェルマー）
hazuki kasane,ハズキ・カサン
mizuya nao,Mizuya Nao
kuri dora,Kuri Dora
miazuma sarin,Miazuma Sarin
septet (zrca janne),セプテット（Zrca Janne）
uchida shou,うちはshou
jianren,ジアンレン
repi,repi
kirikuchi riku,キリクチリク
herozu (xxhrd),Herozu（xxhrd）
gerotan,ジェロタン
yasohachi ryou,ヤソハチ・リョウ
tanemura arina,タネムラアリナ
dougan calpis con,Dougan Calpis Con
kumaartsu,Kumaartsu
urara (sumairuclover),ウララ（sumairaclover）
sakofu,佐藤
suikakitsu shiro,Suikakitsu shiro
kawanabe,川鳥
suesan,スーサン
haura akitoshi,ハウラ・アキトシ
ijiro suika,Ijiro Suika
moonywitcher,MoonyWitcher
hacko,ハッコ
jing hu,ジンフー
yuu (primenumber7),yuu（primeNumber7）
shidare (youh4016),shidare（youh4016）
aki (akisora hiyori),aki（akisora hiyori）
narusan beam2,ナルサンビーム2
momomo12,MOMOMO12
oneirio,ワンリオ
jikasei,jikasei
saekiya sabou,saekiya sabou
akatsuki gomoku,ゴモク類
motsuni (lxxe1120),Motsuni（LXXE1120）
m0ti,M0ti
ryuntack,Ryuntack
nitaka (fujikichi),ニタカ（藤田）
kio is here,キオはここにあります
physisyoon,Physisyoon
6tnut9,6tnut9
ice reizou,Ice Reizou
rakugosha (straggler house),Jichou senshi
0roshioji3ran,0roshioji3ran
sora (sky s04),ソラ（空S04）
furukawa herzer,Furukawa Herzer
shiory,シオリー
almic,アルミック
kurowa (curowa),Kurowa（Curowa）
nanashi maru,ナナシマル
soubi,スビ
kazumi yoshiyuki,ヨシユキ川
sawa jaaji,サワ・ジャアジ
naginami,ナギナミ
landolt tamaki,ランドルト・タマキ
kazuchi,カズチ
onaya masakazu,オナヤ・マサカズ
yoshiki360,Yoshiki360
minase shuu,シュウをマイナーします
iiimirai,iiimirai
shirousagi uyu,shirousagi uyu
onimaru gonpei,オニマルゴンペイ
chakuma (yiyh1468),Chakuma（Yiyh1468）
gomio (bb-k),ゴミオ（BB-K）
ginmu,ジンム
enouchi ai,Enouchi ai
alex (alexandoria),アレックス（アレクサンドリア）
shinnasuka025,Shinnasuka025
octodeco,Octodeco
yukibuster z,Yukibuster Z
ushi (newrein),ushi（newrein）
miyukiko,ミユキコ
hage2013,Hage2013
tatara (alnath may),Tatara（Alnath May）
tenzeru,テンゼル
dragonmaterial,ドラゴンマテリアル
hooreng,hooreng
hikosan,ヒコサン
opanchu (hakusen),オパンチュ（ハクーゼン）
meinoss,Meinoss
gatling santouhei,ガトリングサントゥヘイ
satou yasu,サトゥヤス
p-nekoe,p-nekoe
shichouson,シチョウソン
imaishi hiroyuki,イモイシ・フロユキ
haku (grimjin),ハク（グリムジン）
shiratakiseaice,Shiratakiseaice
step arts,ステップアーツ
tonta (tonta1231),Tonta（Tonta1231）
akiha (attract),akiha（魅力）
imasogari,イマソガリ
jenmin12,Jenmin12
sanmoto gorouzaemon,Sanmoto Gorouzaemon
uzyou (momotk1109),Kangaruu（Momotk1109）
kztk,kztk
shinki (shinki59),Shinki（shinki59）
neco meito,neco meito
harurie,ハルリー
heiyizhushenxia,heiyizhushenxia
someyaya,一部の人
vlfdus 0,vlfdus 0
akabane hibame,アカバネ・ヒバメ
ooike teru,ooike teru
adachi yousuke,Yousuke Adachi
saburou 03,saburou 03
yoru kiri,ヨルキリ
achyue,achyue
nyome991,NYOME991
minakami rinka,ミナカミ・リンカ
konabetate,コナベテート
dtcy,dtcy
sacha,サチャ
edwin huang,エドウィン・ファン
jyaoh0731,Jyaoh0731
mimitoke,ミミトーク
hunterkay,ハンターカイ
jiao mao,Jiao Mao
thomas (aoakumasan),トーマス（aoakumasan）
poko (mammypoko),ポコ（マミポコ）
michimaru (michi),ミチマル（ミチ）
youhei (testament),Youhei（遺言）
ycyc,ycyc
nakagawa waka,中川ワカ
doria (p f dolia),ドリア（P f Dolia）
yoshiwo,ヨシュウ
susukinohukurou,Susukinohukurou
kauto,カウト
mago (gengennikoniko),マゴ（gengennikoniko）
yuu (yuyukaikan),Yuu（Yuyukaikan）
katase minami,カタース・ミナミ
iuro,イウロ
buta (uhoiiotoko),ブタ（uhoiiotoko）
eva 16-gouki,Eva 16-gouki
mikomiko (mikomikosu),ミコミコ（ミコミコス）
rii abrego,Rii Abrego
kanata (kanade pa),カナタ（カナデPA）
blanclauz,Blanclauz
tewarusa,Tewarusa
gmgt (gggggg3),gmgt（gggggg3）
inzup,inzup
takara joney,タカラジョニー
logiclr,logiclr
amamine,アマミン
matsukawa (pale scarlet),松川（淡いscar色）
aru ra une,Aru ra une
amagamido,アマガミド
shovelwell,シャベルウェル
meiz,メイズ
inui sanagi,inui sanagi
tomoeri,トモーリ
koukoku,koukoku
botantouki,Botantouki
shouhei,shouhei
limeblock,ライムブロック
furukawa lemon,Furukawa Lemon
fuu fuu,フーフー
dx (dekusu),dx（dekusu）
ceey,ceey
uonuma yuu,Uonuma Yuu
patch oxxo,パッチoxxo
suzuharu toufu,スズハル・トゥフ
nama shirasu,ナマ・シラス
seoji,ソジ
suhiyoru isu,shishou（doragyurosu）
naitou kirara,naitou kirara
kuri choko,Kuri Choko
katsura harufumi,Katsura Harufumi
hase neet,hase neet
azuki akizuki,あ世島
latenight,深夜
nekoita,ネコタ
inplick,インプリック
12 graka,12グラカ
bell orgel,ベルオーゲル
yuxing yuhang,YuhangのYuxing
vuxer,Vuxer
niizuka (c-drop),niizuka（c-drop）
higeepon,ヒゲポン
kemuri haku,ケムリ・ハク
futoumeido,Futoumeido
panna444,Panna444
ohguro mariya,オーグロマリヤ
heka=ton,heka = ton
360 (taiyo360),360（Taiyo360）
l4wless,l4wless
fuse ryuuta,リュウタを融合します
aritsuno,アリツノ
kuroha shinoru,Kuro Wa Shinoru
kakenari,カケナリ
suzumaru,スズマル
ayano (ayn398),ayano（ayn398）
bba1985,BBA1985
cheunchin,Cheunchin
guriin,グリイン
inasaki shirau,inasaki shirau
satou samu,サトゥ・サム
uosaasou,uosaasou
oimo (oimkimn),oimo（oimkimn）
yappa muri,ヤッパ・ムリ
hamamoto ryuusuke,青本yuuusuke
tamachi kuwa,タマチクワ
harunoibuki,春野
kumonji aruto,kumonji aruto
ginji74,ginji74
ero waifu,エロ・ワイフ
wapokichi,ワポキチ
zcune,ZCUNE
natsuiro xx,ヌートイロxx
kureaki (exit),Kureaki（出口）
kagehito,Kagehito
haru (kyou),haru（you）
moura (kenyuugetu),ムーラ（ケニュゲトゥ）
juugoya neko,ユウゴヤネコ
nori (akusei shinseibutsu),Nori（Akusei shinsebutsu）
yanagi hirohiko,Yanagi Hirohiko
getsuyou yasumi,GetSuyou Yasumi
esu (tasoesu),esu（tasoesu）
gondom,ゴンドム
gyosone,ギョン
chaigidhiell,Chaigidhiell
crimecrime,犯罪
nobuyoshi-zamurai,Nobuyoshi-Zamurai
kawabata yoshihiro,川川ヨシヒロ
murasakio,ムラサキオ
miya star saa,ミヤ・スター・サア
menna (0012),メンナ（0012）
hareta,ハレタ
rinarisa,リナリサ
mokyu,モキウ
nuruko (nuru55555),ヌルコ（nuru55555）
triple-q,トリプルQ
mizushima oonari,水島oonari
itokon300,itokon300
vrkdh,vrkdh
krenz,クレンツ
izumi (toubun kata),イズミ（Toubun kata）
kino haruc,キノ・ハルック
myung yi,Myung Yi
chachie,チャチー
nabunabu,ナブナブ
chiyami,キヤミ
donson,ドンソン
typehatena,Typehatena
nazo no anime-dan,nazo no anime-dan
siyumu,siyumu
yanwulazy,Yanwulazy
uni (oni unicorn),uni（oni unicorn）
heiyan shenshi,ハイヤン・シェンシー
jianshu,Jianshu
saryuu (iriomote),saryuu（iriomote）
takatun223,Takatun223
yataba,ヤタバ
kurarome,クラロメ
lart art1,LART ART1
gz (gyoju),gz（gyoju）
kisaragi ichigo,kisaragi cychigo
hattori masahiko,ハトリマサヒコ
nao (naaa 195),NAO（NAAA 195）
jsscj,JSSCJ
redum4,redum4
kikuchi michitaka,ミチタカ清
hongcasso,ホンカソ
hinainf,hinainf
andro juniarto,アンドロ・ジュニアート
iga tamaki,Iga Tamaki
kana (user rkuc4823),Kana（ユーザーRKUC4823）
ibuki (ibuki0118),Ibuki（Ibuki0118）
ckst,CKST
online neet,オンラインニート
iren lovel,アイレン・ラベル
kawausoman,カワウスマン
kanekan,カネカン
masaki shino,マサキシノ
kagi f,カギf
raythalosm,Raythalosm
warabi mochi (ehimedaisuki),マチーモチ（ehimedaisuki）
takasugi kou,高石kou
panzuban,パンズバン
iranon (new iranon),イラノン（新しいイラノン）
soranagi yuki,ソラナギユキ
jeremy anninos,ジェレミー・アニノス
jont,ジョント
pjmiyo,pjmiyo
dana (ocana dana),ダナ（オカナダナ）
tianliang duohe fangdongye,Tianliang duohe fangdongye
kurahana chinatsu,Kurahana Chinatsu
sakanomachico,サカノマチコ
fujiwara warawara,藤原ワラワラ
girotin ginza,ジロチン・ギンザ
sanazura hiroyuki,サナズラ・フロユキ
aoiyui,aoiyui
chiyoko (oman1229),チヨーコ（オマン1229）
shirihime,shirihime
nami makoto,ナミ・マコト
miiko (drops7),ミイコ（drops7）
kimo suna,キモ・スナ
yuimari,ユイマリ
joseph lee,ジョセフ・リー
holmemee,ホルメミー
sousakubito,sousakubito
takita (takita3411),高田（Takita3411）
chen zi,チェンジー
mon-chan,モンちゃん
pecopecosupipi,Pecopecosupipi
inamimi (sheep1733),イナミミ（heep1733）
pico (picollector79),ピコ（picollector79）
ishizaka ryuudai,石沢ryuudai
dekosukentr,dekosukentr
sea scorpion (umisasori),Sea Scorpion（Umisasori）
darahan,ダラハン
sabakuomoto,サバクオモト
tadano kazuko,タダノ・カズコ
takio (kani sama),タキオ（カニサマ）
yamano (yamanoh),ヤマノ（ヤマノ）
absolum art,絶対芸術
akke,アクケ
kara aren,カラアン
alcoholrang,アルコールラング
akabino,アカビノ
zombie ke,ゾンビKE
ajino (sakanahen),アジノ（サカナヘン）
riyo (aokiwazumi),riyo（Aokiwazumi）
tuze111,tuze111
harukawa moe,Harukawa Moe
nagi (exsit00),ナギ（exsit00）
hamada pengin,浜田肥満
3104 (3104milkshake),3104（3104milkshake）
tokunaga akimasa,トクナガ・アキマーサ
fujisawa takashi,藤沢高橋
shinzousan,シンズサン
misuko (sbelolt),Misuko（Sbelolt）
shirow (mha03133),Shirow（Mha03133）
hinata (echoloveloli),日向（echoloveloli）
ishibashi yosuke,ヨースケは
tamukoro,タンコロ
kareya,カレヤ
santouka,サントウカ
goma (u p),ゴマ（u p）
wing228,wing228
oxygen mask (oxygenmask233),酸素マスク（酸素マスク233）
mizuhashi parusui,水田parusui
john su,ジョン・ス
erory6 (ro),erory6（ro）
aobito sukoyaka bystander,Aobito Sukoyaka Bystander
funakura,江村
madsensei,マドセンセイ
aoi thomas,Aoi Thomas
takanaga kouhei,高野kouhei
yurashima,Yurashima
ginopi,ジノピ
pachio (patioglass),パチオ（パティオグラス）
coffeeslice,Coffeeslice
sawamin,サワミン
luzzi (milllim),ルッツィ（ミルリム）
ich.,ICH。
vicineko,Vicineko
rumwik,ラムウィック
p.i.t.d,P.I.T.D
clivenzu,Clivenzu
sura sura,スラ・スラ
nanjou asuka,南アスカ
shirota (takoyaki 110721),シロタ（高山110721）
nishijou myu,nishijou myu
prophosphere,予言
yostar pictures,ヨスタルの写真
qinshi-ji,Qinshi-Ji
daru (kumakumadon),ダル（クマクマドン）
ambasa,アンバサ
pinkdrawz,ピンクドローズ
enoki 3106,エノキ3106
23 (candy chapus),23（キャンディチャップス）
sousui hani,スーシ・ハニ
makita maki,マキタ・マキ
asuna (doruru-mon),Asuna（Doruru-Mon）
kuma (kumahoihoi),クマ（クマホイホイ）
ototobe,オトトビー
saipin,サイピン
iltusa,イルトーサ
hiide,こんにちは
mizore arius,ミゾア・アリウス
221 (tsutsuichi),221（Tsutsuichi）
minyom,ミニヨム
zoza,ゾザ
kusakami akira,アキラクサカミ
hinoe (dd works),hinoe（dd works）
bellsaltr,ベルサルト
tsunko (9v2 q),Tsunko（9v2 q）
nakano (2 mannaka),中野（2マンナカ）
masirosu,Masirosu
planeptune,Planeptune
tajima yukie,田島ユキエ
gigokku,ギゴック
ein lee,アインリー
takeuchi kou,竹内kou
oozon (ozon),Oozon（Ozon）
aoneco,aoneco
kaburagi yuki,Kaburagi Yuki
sugi87,SUGI87
rirene rn,Rirene RN
minpei ichigo,ミンペイ・イチゴ
fujikawa akira,藤川arika
sanninme no haru,sanninme no haru
fufu (fufuichi04),fufu（fufuichi04）
iria (yumeirokingyo),Iria（Yumeirokingyo）
tokumei wombat,Tokumei Wombat
faiz azhar,ファイズ・アズハル
yahiro pochi,ヤヒロ・ポチ
lancheu,ランチェウ
yuukauta,ユウカウタ
hoshi rasuku,星のラスク
satsuki kei,サツキ・ケイ
kagerou (shadowmage),Kagerou（ShadowMage）
ninnin (shishitou),ニニン（shishitou）
higuchi konomi,日井konomi
shionootsu,Shionootsu
itou ikuko,itou ikuko
takenoko seijin,Takecoko seijin
surfing orange,サーフィンオレンジ
nuggetkouhai,nuggetkouhai
monaka ooji,Monakaooji
suzushiro (gripen39),スズシロ（gripen39）
on (isk1812),on（isk1812）
kuromu,クロム
akisuko,秋口
blast-7,ブラスト7
kuza brs,クザBrs
shokuen (oxstl),shokuen（oxstl）
motoyon,モトヨン
yamo (sky2world),ヤモ（sky2world）
yuuma (u-ma),ユマ（u-ma）
ryle,ライル
balut (7676i),Balut（7676i）
xiao lin jiu,Xiao Lin Jiu
yunmi 0527,Yunmi 0527
dombear,dombear
hk nnm,HK NNM
maji (majibomber),マジ（Majibomber）
nacho (nacho 1103),ナチョ（ナチョ1103）
de da xianyu,da xianyu
strikerastra,シャーマン（EGNK2525）
tatsuya (atelier road),タツヤ（アテリエロード）
homare (homaredai),Homare（Homaredai）
mukuba,ムクバ
peron (niki2ki884),peron（niki2ki884）
tookunomura (son'ei danchi),TOKEU NOMURA（アーティスト）
myuton,マイートン
kashimu,カシム
caesty,カスティ
arai harumaki,アライ・ハルマキ
miyo (miyomiyo01),miyo（miyomiyo01）
kuchibashi (9180),クチバシ（9180）
makino tomoyasu,トモヤス島
masu gitsune,Masu Gitsun
den (kur0 yuki),デン（Kur0 Yuki）
natsu hotaru,ナツ・ホタル
toromera,トロメラ
lucadark art,ルカダークアート
kumichou (kumichoubox),Kumichou（Kumichoubox）
chikuwa (odennabe),チクワ（odennabe）
gnai,gnai
caee penguin,Caee Penguin
sahuyaiya,sahuyaiya
takahashi (k2ta7),高橋（K2TA7）
heiwari kanade,ヘイワリ・カナデ
aito,エイト
yoshiron,ヨシロン
kurokawa (silve),黒川（シルベ）
robou no stone,ロブー石はありません
ameko53133,Ameko53133
jyon,ジョン
kakudai (hujikolp),カクダイ（Hujikolp）
yuu (alsiel),yuu（alsiel）
endsmall min,endmall min
yzpyn,yzpyn
ukai saki,ウカイサキ
kin niku,Kin Niku
aoyashio rin,aoyashio rin
rooru kyaabetsu,ルール・キアベツ
kupuru (hirumamiyuu),Kupuru（Hirumamiyuu）
yuzuki kihiro,Yuzuki kihiro
makiaato,マキアート
sonsoso,ソンソソ
morina nao,モリナ・ナオ
usuki (graygreed),ウシュキ（グレーグリード）
mari0ball,Mari0ball
soyaka,ソヤカ
panbai,パンバイ
minikon,ミニコン
fuyuichi,藤島
akisoba,アキソバ
chahei,チャヘイ
maki soutoki,マキ・スートキ
hybridmink,ハイブリッドミンク
14sai bishoujo (shoutarou),14Sai bishoujo（soutarou）
mhru,Mhru
yuki kawachi,川川ゆく
pony r,ポニーr
grandguerrilla,グランドゲリラ
cocoon (loveririn),coco（loveririn）
donggua bing cha,Donggua bing cha
harukey,ハーキー
haru (toyst),haru（Toyst）
mago,マゴ
rhasta,Rhasta
morerin,モレリン
kiichi,キチ
nakaga eri,中ガエリ
anderain,アンデレイン
rokushiro koushi,Koushi Rokushiro
senryoko,セヌコ
goonsso,HSXXX
mentally deficient,精神的に不足しています
bbeedol,Bbeedol
edoya pochi,edoya pochi
gesoking,gesoking
masumofu,マスモーフ
yoshikawa tatsuya,吉川タツヤ
natsuki nori,natsuki nori
yamabuki (yamabuki xxxxx),山abuki（ヤマブキxxxxx）
izumi nanase,イズミナナーゼ
feng you,風水
usamochi.,ウサモチ。
karanashi mari,カラナシマリ
inu chikushou,inu chikushou
kobayashi gen,小林将軍
lownine,ラウニン（amuza）
ajirui,アジルイ
reizouko,reizouko
namespace,名前空間
sonomi,ソノミ
caisan,カイサン
metadio,メタディオ
inai uchi,inai uchi
natsushiro,ナツシロ
capitan (tsyoujo),カピタン（Tsyoujo）
shrimp cake,エビケーキ
n4rai,ペプシドロウ
miurahha,ミュラハ
yuuki shin,ユキシン
divergenceok,Divegenceok
midarin,ミダリン
fuyuno kamome,フユーノ・カモメ
osafune kairi,Osafune Kairi
benizika,ベニツカ
parfaitlate,Parfaitlate
mush (mushlicious),マッシュ（具体的）
hiya gohan,ヒヤ・ゴハン
blinkblink art,Blinkblinkアート
my pet tentacle monster,私のペットの触手モンスター
yunagi (arukumaruta),ユナギ（アルクマルタ）
akefumi,akefum​​i
namakawa,中川
minj kim,ミン・キム
nona moth,nona moth
anarchojs,Anarchojs
aotsu karin,aotsu karin
hanyae,ハニエ
emilio (tetsukazu no ao),エミリオ（Tetsukazu no ao）
yayoichi (yoruyoru108),Yayoichi（Yoruyoru108）
guardian-panda,ガーディアンパンダ
mmmilk,うーん
skysign ft,SkySign FT
itsuki kuro,クロ島
lium,リウム
marisayaka,マリサヤカ
kanta (pixiv9296614),カンタ（PIXIV9296614）
hitotose hirune,Hitotose Hirune
skullchimes,Skullchimes
masato (mirai koubou),マサート（ミライ・コウブー）
shishimaru ken'ya,shishimaru ken'ya
inui (jt1116),inui（jt1116）
azit (down),azit（ダウン）
mocha (naturefour),モカ（NatureFour）
chisato (missing park),チザート（公園がありません）
chuby mi,Chuby Mi
nibo (att 130),ニボ（att 130）
sugimeno,スギメノ
kinuko (kinucakes),Kinuko（Kinucakes）
sugiura,Sugiura
briska,ブリスカ
yoshikawa kazunori,吉川川
fuugetsu oreha ikiru,Fuugetsu oreha ikiru
dobato,ドバト
moroyan,モロヤン
tooi aoiro,tooi aoiro
saejin oh,Saejin Oh
mingke,ミンケ
inuga anahoru,イヌガ・アナホル
harunori (hrnrx),harunori（hrnrx）
haonfest,haonfest
tamura satomi,タムラ・サトミ
aneco (westsea1227),Aneco（WestSea1227）
hotaryuso,hotaryuso
inu3,INU3
kikivi,キキビ
lunar (lunar 815),月（月の815）
mios1225,MIOS1225
takei masaki,テイクマサキ
braco,ブラコー
camel000,Camel000
repikinoko,レシキノコ
mushoku loli,ムソクロリ
batory ken,Toku Kekakewanko
cio (ciosui),ciosuii
isinose (ilxodidli),Isinose（Ilxodidli）
ellie niunai zhuyi zhe,エリー・ニウナイ・Zhuyi Zhe
hano haruka,ハノ・ハルカ
sanada keisui,サナダ・ケイズイ
fukushima masayasu,福島大ayasu
fujima (k114),藤野（K114）
iceringer,ICERINGER
moco (moco 28),モコ（モコ28）
mg renders,mgレンダリング
suke (share koube),スーク（共有コウビー）
ushiro muki,ユシロ・ムキ
mito tsubaki,ミト・ツバキ
hoplitx,hoplitx
amano kusatsu,kusatsuano
fuji yoshida,ヨシダ富士
masami (souzou jinsei sanka),マサミ（souzou jinsei sanka）
niku114514810,Niku114514810
namu (112namu),ナム（112namu）
hozumi rino,Hozumi Rino
watanabe masafumi (masafumi 127),ワタナベサフミ（マサフミ127）
jiro (ninetysix),Jiro（Ninetysix）
mi2mi2 minmi,mi2mi2 minmi
tosakaoil,トサカイル
kabutoyama,Kabutoyama
doyachii,doyachii
7 calpis 7,7カルピス7
hasune,hasune
kushidama minaka,クシダマ・ミナカ
shopyun,Shopyun
itou (mogura),itou（モグラ）
ouran,今後
gurifu,グリフ
justin leyva (steamy tomato),ジャスティンレイバ（蒸し暑いトマト）
honoka chiffon,ホノカ・シフォン
inu fuji,INU富士
mrnn,mrnn
sugisaki yuu,Sugisaki Yuu
hinayuki usa,ヒナユキUSA
kohaku q,Kohaku Q
konkichi (flowercabbage),コンキチ（flowercabbage）
ddolggol,ddolggol
2poet,2poet
nurugamer-kouyouju,nurugamer-kouyouju
yukiaka,ユキアカ
namekuji (namekuzu),namekuji（namekuzu）
yatsuhashi kakera,kakera
nukekip,Nukekip
inoue yoshihisa,ヨウヒヒサ
hoshibuchi,hoshibuchi
himamo,ヒマモ
ross tran,ロス・トラン
filha,フィハ
haya taro pochi,ハヤ・タロ・ポチ
ishida mia,石田mia
yumi yumi,ユミ・ユミ
shiba (s hi ba ),Shiba（S Hi Ba）
umeboshitora,umeboshitora
oniku (oishii oniku),oniku（oishii oniku）
yuuno (yukioka),ユウノ（ユキオカ）
tama yu,タマユ
kazeharu,Kazeharu
mao (6r),マオ（6R）
haze (ha ze),ハゼ
d@i,D@i
hachinatsu,人野満足
baretto (firearms 1),バレット（銃器1）
sajittari,sajittari
denden,デンデン
itou ayachi,itou ayachi
aoi hiro,aoi hiro
itou eito,itou eito
nnn-ollll,nnn-ollll
yofukashi,ヨフカシ
lozelia,ロゼリア
wadapen,ワダペン
nikke (cherish),ニッケ（シェリッシュ）
o-nashi neko,o-nashi neko
takena-c,削除されたC
steve chopz,スティーブチョッツ
yoshizuki kumichi,吉井ゆく
gogo (detteiu de),Gogo（detteiu de）
dan mora,ダン・モラ
bonjindaaa,Bonjindaaa
ug333333,UG333333
mugi (mugimugi 9kv),ムギ（ムギムギ9kv）
oda eiichirou,oda eiichirou
kokomachi,ココマチ
fukano youichi,Fukano Youichi
emoillu,emoillu
sagara riri,サガラ・リリ
dashingicecream,Dashingicecream
mozuya murasaki,モズヤムラサキ
custom (cus-tom),カスタム（cus-tom）
shiro (octet),シロ（オクテット）
sylph kim,シルフ・キム
itou kazuki,イトウザキ
ruan chen yue,ルアン・チェン・ユエ
suzunashi,鈴木
asakura noi,浅草ノイ
mofuringu,Mofuringu
maggi,マギー
yutian alice,ユティアンアリス
oyakorodesu,oyakorodesu
yuugiri (u-slash),ユージリ（u-slash）
wnb mark,WNBマーク
hiromaster sinta jh,HiroMaster Sinta JH
kuro (kuroneko no kanzume),クロ（クロネコヌーカンツメ）
renew vivi,viviを更新します
fukurau,フクラウ
shiyue tiangong,サヨタンク
norimaki (haru koubou),ノリマキ（Haru Koubou）
yellowseeds,イエローシード
kurarin,カラリン
kexue,ケクシュ
shiroyukimajima,shiroyukimajima
hiyashi mirano,ヒヤシ・ミラノ
imaizumi teruhiko,imaizumi teruhiko
umirororo,ウミロロ
qunqing,qunqing
bai linqin,Bai Linqin
rozu ki,ロズキ
miu (angelo whitechoc),miu（アンジェロホワイトコック）
ojo (dfreak),ojo（dfreak）
krono tokage,Krono Tokage
kumaori jun,クマオリjun
tomoyuki hino,本藤島明日
togo (korlsj1235),トーゴ（korlsj1235）
urayama (backmountain),ウラヤマ（バックマウンテン）
kaburagi yasutaka,Yasutaka Kaburagi
eisuto,アイズト
hizuki aya,hizuki aya
ashita yaru,アシタ・ヤル
namanie,ナマニー
myht,myht
ponkotsu (ayarosu),ポンコツ（アヤロス）
eijima moko,Eijima Moko
iroha (unyun),イロハ（unyun）
sabakan (iizuka48),sabakan（iizuka48）
oonaka ito,Oonaka Ito
hoshino madoka,星野さん
fujisaka lyric,藤崎歌詞
haluka (aixioo),haluka（aixioo）
kashiwagi kano,カシワギ漢ノ
unpale,衆生
snale,スナール
scharfschutze,Scharfschutze
key kun,キーアン
888myrrh888,888myrrh888
azuma (azuma10270724),azuma（azuma10270724）
pochadon,ポチャドン
yoshishi (yosisitoho),ヨシシ（Yosisitoho）
ktsecond,ktsecond
momoda yasuhito,モモダヤスヒト
akiyasu,アキヤス
aimobake,aimobake
kakesu,Kakesu
gus (clarkii),ガス（clarkii）
40 (0f0urw),40（0f0urw）
t-asama,T-Asama
yuki shuuka,ゆくshuuka
buchi maru,ブチ・マル
baron (nsbaron),バロン（nsbaron）
qm,QM
kurai nao,Kurai Nao
kiduta cielo,キッタシエロ
kohshibasaki,kohshibasaki
yukifuri tsuyu,ユキフリ・ツユ
beanis,ビーニス
stardrop,スタードロップ
lisu,lisu
kazekami chino,Fengshen Chino
shurakrgt,Shurakrgt
jdpr,JDPR
pingkypen,Pingkypen
lumineko,ルミネコ
firstw1,FirstW1
irohasu (sasagarasu),イロハス（ササガラス）
hamanashi (trapiorra),浜松（トラピオラ）
mazamuno,マザムノ
rebutsu,Rebutsu
pikachi,ピカチ
kakmxxxny06,kakmxxxny06
eilinna,アイリンナ
pikuson,ピクソン
pro-p,pro-p
honda takeshi,ホンダ・タケシ
tamomoko,タモモコ
hayaken sarena,ハヤケン・サレナ
sozoremi,ソゾレミ
spiz,スピズ
noes,ノー
huoji (wonderturkey),Huoji（Wonderturkey）
seura isago,Seura Isago
anbj,ANBJ
kuro nezumi inu,Kuro Nezumi inu
piroshiky,ピロシキー
y.i. (lave2217),Y.I. （lave2217）
namidate,ナミデート
naoki (endofcentury102),直島（endofcentury102）
umi suzume,ウミ・スズメ
takigawa yuu,高川Yuu
arkatopia,アルカトピア
motto notto,モットーではありません
rena (renasight),レナ（ルネサイト）
shinozuki takumi,高本島
nona,ノナ
kuromoto-kun (rina masimaro),紅丸kun（リナ・マシマロ）
segaxtu,Segaxtu
karosu maker,カロスメーカー
misom150,Ssamjang（Misosan）
netarou,ネタロウ
zzyzzyy,zzyzzyy
wolksheep,wolksheep
sd bigpie,SD Bigpie
citrus (place),柑橘類（場所）
sonaworld,Sonaworld
tenmu shinryuusai,Tenmu Shinryuusai
miyabi (037),ミヤビ（037）
ishii akira,ishii akira
parasite oyatsu,寄生虫oyatsu
nagare hyougo,Nagare Hyougo
leon0705,LEON0705
satou memeko,サトゥ・メメコ
jacknavy,ジャックナビー
sinko (sinsin),シンコ（シンシン）
rko (a470350510),RKO（A470350510）
tight (ohmygod),タイト（ohmygod）
svveetberry,svveetberry
muku (apupop),ムク（apupop）
dongho kang,ドンホ・カン
nuqura,ヌクラ
ikeda masateru,イケダマサテル
koshian (taiyaki),Koshian（太陽）
rahato,ラハート
andrew (duel angel),アンドリュー（デュエルエンジェル）
reina (black spider),レイナ（ブラックスパイダー）
hiyoshi hana,ヒヨシハナ
gloamy,グラミー
toma (shinozaki),Toma（Shinozaki）
iwai ryou,Iwai ryou
younomiti,ヨノミティ
mtyy,mtyy
itamidome,itamidome
rose neru,ローズ・ネル
meguro fukuzou,Meguro Fukuzou
shaka (staito0515),シャカ（staito0515）
kagari6496,Kagari6496
etogami kazuya,田口カジヤ
shinburu,清
tsuchifumazu,ツキフマズ
kiriyama,キリヤマ
akahige,アカヒゲ
hatsuko,hatsu
merry program,メリープログラム
yahiro (epicopeiidae),ヤヒロ（エピコペイダエ科）
m ko (maxft2),M KO（maxft2）
noise (mokusei),ノイズ（m子）
yonekura kengo,ヨネクラ・ケンゴ
fuchitoro,fuchitoro
bing zizi,ビング・ジジ
noeru (noellemonade),noeru（noellemonade）
stick jitb,Jitbをスティックします
hakusai (hksicabb),昼沢（hksicabb）
panri,パンリ
sawarineko,サワリネコ
tarayuki,タラユキ
nattororo,ナットロロ
cheese kang,チーズカン
uta (xuyansong1996),UTA（xuyansong1996）
usagi poi,うさぎポイ
helloet11,helloet11
ri cochet,Ri Cochet
nyahpa20,Nyahpa20
zhuore zhi hen,Zhuore Zhi hen
miyajima reiji,ミヤジマレイジ
sakidesu,桜
xiayehongming,xiayehongming
koutetu yarou,Koutetu Yarou
minase kaya,カヤをマイナーします
oki kuro,オキ・クロ
nin fake,ニン偽物
izumiya otoha,Izumiya otoha
aymusk,Aymusk
tsukino murakumo,ムラクモ島
xialuluo (sharuro),Xialuluo（シャルロ）
sunege (hp0715),Sunege（HP0715）
yuiki (cube),ユキ（キューブ）
zhu fun,Zhu楽しい
sorano eika,ソラノ・エイカ
mirimo,ミリモ
kurohara yuu,クロハラユー
nogi (acclima),nogi（Acclima）
tugo,トゥーゴ
kaki z3,カキZ3
nakaba (mode),ナカバ（モード）
urako,ウラコ
maeda hiroyuki,田田術
hiropon (tasogare no puu),Hiropon（Tasogare no puu）
rapameri,rpameri
sekino takehiro,セキノ・タケヒロ
mcgmark,McGMark
blood hood,ブラッドフード
miyajima hitoshi,宮島hitoshi
chiemo (xcem),Chiemo（xcem）
cilica,シリカ
din (raiden),ディン（レイデン）
sasakama (sasagaki01),sasakama（sasagaki01）
giraffe three,キリン3
minagi,ミナギ
watagashikn,ワタガシクン
muramura hito,ムラムラ・ヒト
mg pong,Mg Pong
tatsuno newo,Tatsuno Newo
kadan (ad1999),カダン（AD1999）
yoshino (mfmfpng),ヨシノ（mfmfpng）
anny (yoai),アニー（ヨア）
sakai hamachi,サカイ・ハマチ
unno hotaru,Unno Hotaru
nyaroon,ニャロン
enkichi totan,エンキチ・トタン
yoru (yowuyoru),ヨル（ヨウヨル）
ddt (darktrident),DDT（Darktrident）
shinchou ni kansuru kousatsu,Shinchou ni kansuru kousatsu
spacelongcat,スペースロングカット
waramori fuzuka,ワラモリ・フズカ
mori (unknown.),森（不明。）
momo no kanzume,Momo No Kanzume
kamoto tatsuya,子本タツヤ
yagami hiroki,Yagami Hiroki
john (nakoto),ジョン（ナコト）
nanami ayane,Nanami Ayane
monizumi ishikawa,石川monizumi
muneneko,ムネコ
flat (joppin karu!),フラット（Joppin Karu！）
tanaka ken'ichi,田中ken'ichi
zakirsiz,Zakirsiz
mizunomoto,水田
lumarianne20,Lumarinne20
roonhee,ルーンヒー
yadokugaeru,Yadokugaeru
noritama (gozen),noritama（gozen）
zuizou,Zuizou
naoki eguchi,直島江島
toshi (little-fluffy-cloud),トシ（リトルフッフィークラウド）
ubizo,ウビソ
ootori subaru,ootori subaru
suisa (mizsai),スイサ（ミズサイ）
saya (sayaya),サヤ（サヤヤ）
hajime (ak-r),ハジメ（ak-r）
wakame (vhai26uhykmqb9k),wakame（vhai26uhykmqb9k）
link (aa30),リンク（AA30）
btraphen,Btraphen
yutou (yutou75),YOTOU（Yutou75）
hashiko (neleven),ハシコ（ネレブン）
sawasa,サワサ
sakotach,サコタッハ
itou youichi,youichi
nanaironokabi,ナナロノカビ
shuu illust,シュウ・イラスト
numazoko namazu,numazoko namazu
ayakase hotaru,ayakase hotaru
yukia (yukia 777),ユキア（ユキア777）
kash-phia,カシュフィア
muumin (kissling),egoooo
leeshin0919,leeshin0919
hasewo,Hasewo
namamake,namamake
azumaya toushirou,アズマヤ・トウシロウ
matsuoka (mtok 0),松田（mtok 0）
tofu1601,豆腐1601
anchun (quail0503),Anchun（Quail0503）
tachiinu,タチヌ
bachibachi (tisen),バチバチ（テイゼン）
tanziya (donzduck),Tanziya（codlxcold）
suikamaru,ささやき
shibanme tekikumo,シバンメ・テキコモ
matatabi (nigatsu),マタタビ（nigatsu）
motsuni (artist),Motsuni（アーティスト）
satsuya,サツヤ
kintarou (kintarou's room),キンタロウ（キンタルーの部屋）
yuli (yulipo),ユリ（ユリポ）
shokugyo,Shokugyo
rakko (makarakko),ラッコ（マカラッコ）
minuo,ミヌオ
shikaya,シカヤ
shikano keru,ブルーミノリティ
banana oekaki,バナナ・オカキ
task owner,タスク所有者
omiza somi,オミザ・ソミ
tomo (ryo i so ),トモ（ryo i so）
yukitarou (awamori),ユキタウ（アワモリ）
cheese (cheese koubou),チーズ（チーズkoubou）
kousei horiguchi,Kousei Horigchi
tsuyuka (sunny spot),ツユカ（日当たりの良いスポット）
mizuno sao,ミズノ・サン
shinjitsu (true ride),新丸（トゥルーライド）
mashiro io,マシロイオ
tsengyun,ツェンギュン
takada akemi,高田アカミー
lanlanlap,ランランラップ
drill (emilio),ドリル（エミリオ）
nijiko (c2cs4q),nijiko（C2CS4Q）
oyabuli,オヤブリ
hechi (hechi322),Hechi（Hechi322）
isaya (pixiv4541633),isaya（pixiv4541633）
kulolin,クロリン
yukichin,ユキチン
hamita (rikopin ika),ハミタ（リコピン・イカ）
jc shikikan,JC Shikikan
kobo (cobo 0609),Kobo（Cobo 0609）
minami (apricot tea),ミナミ（アプリコットティー）
yizhirenben,yizhirenben
ymm007xx,ymm007xx
rokugatsu t,rokugatsut
ura (05131),ura（05131）
himaneko.,ヒマネコ。
obmas,obmas
ushitsuchi,松田
goto (sep),goto（9月）
shuutou haruka,Shuutou Haruka
ine (ineinnen),ine（ineinnen）
sugamo,スガモ
kamitsuki manmaru,Kamitsuki Manmaru
azuma seiji,azuma seiji
nightea,ナイトア
rokushou,rokushou
raseruta,Raseruta
xiao rui rui,Xiao Rui Rui
jilpoong17,jilpoong17
sukkirito (rangusan),スッキリト（ラングサン）
tsuzuchii,ツズチー
ajiriko,アジリコ
cake mogo,ケーキモゴ
saiki yuzuri,Yuzuri saiki
akino takehiko,akino takehiko
sunday31,日曜日31
kashiwa kiseri,カシワ・キセリ
ceejles,Ceejles
gyuunyuu nomio,Gyuunyuu Nomio
dokuro-san,ドクロさん
gmot,gmot
ryanreos,ryanreos
kazahari kazuho,カザハリ・カズホ
otsu natsu,オツ・ナツ
18 yen coin,Konsi Isari
yuunagi seshina,ユウナギ・セシナ
dhokidoki,ドキドキ
aitsugawa rui,aitsugawa rui
nakamura hinata,日向中村
tomare (akashingou),Tomare（Akashingou）
painnico,ペインニコ
shizuko hideyoshi,hidyoshi球
luna (gkluna mas),ルナ（gkluna mas）
tuzhate,tuzhate
ukan muri,ウカン・ムリ
1991 (blz),1991（BLZ）
stiel,スティール
inyuppo,inyuppo
miyagi ratona,ミヤギラトナ
dywx poison,dywx毒
yufu kyouko,Yufu Kyouko
kurodeko,Kurodeko
rice (rice8p),ライス（ライス8p）
miko machi,ミコ・マチ
yachi (fujiyasu0616),Yachi（fujiyasu0616）
conte ryuu,conte ryuu
umi (nana spring),ウミ（ナナスプリング）
udaruyo,ウダルヨ
ryuu (multitask),ryuu（マルチタスク）
iwako (eiken3kyuboy),Iwako（eiken3kyuboy）
moruta (sunu-pio),モルタ（sunu-pio）
pinoko (pnk623),ピノコ（PNK623）
kare huang,Kare Huang
yuui hutabakirage,Yuui Hutabakirage
zerokosan,ゼロコサン
nakasawa kei,中崎ケイ
taitai,タイタイ
kandata nijou,kandata nijou
liren44,liren44
milkchaotea,Kaijumilk（MilkChaotea）
enj!,エン！
morros,モロス
tri,トライ
nyansky,ニャンスキー
momiji (lucario),momiji（ルカリオ）
raijin-bh,raijin-bh
ekuesu,エキュ
gongha,ゴンガ
kuruton486,Kuruton486
hidebo,hidobo
tabuchi (tabuchisanchi),タブチ（タブチサンチ）
cheeseko,チーズコ
mar10,3月10日
hino hino,hino hino
minatosaiga,ミナトサイガ
riku (wana),リク（ワナ）
rensei,レンセイ
regdic,regdic
aina123,AINA123
nippori honsha,ニッポリ・ホンシャ
bol (liliymimi),ボル（liliymimi）
teri terio,Teri Terio
bukiko,ブキコ
2-g,2-g
ohyo,Ohyo
pota (bluegutty),ポタ（bluegutty）
kobanzame,Kobanzame
zuoteng lucha,Zuoteng Lucha
abe inori,安倍inori
nekokotei,nekokotei
youkai ankake,Youkai Ankake
tomomimi shimon,トモミミ・シモン
kirieppa,キリエッパ
sasamashin,ササマシン
yuu cream,ユウクリーム
suou sakura,スーサクラ
oga raito,オガ・ライト
majime joe,Majime Joe
li@ (rikku04),li@（rikku04）
aamond,アーモンド
33dot,33dot
mersoleil03,MERSOLEIL03
rantia,ランティア
urrrt,urrrt
natsuya (natuya777),natsuya（natuya777）
morugen,モルゲン
freed turing,解放されたチューリング
kawaguchi (mojacome),川口（モジャコーム）
deekei,ディエキー
ajishio (loli king),アジシオ（ロリキング）
tgxx3300,TGXX3300
tsukimura (d24f4z8j3t),津波（D24F4Z8J3T）
mochi-iri kinchaku,Mochi-iri Kinchaku
ozaki domino,オザドミ
chiika (cure cherish),Chiika（Cure Cherish）
mardjan,マルジャン
yume (454565427),Yume（454565427）
takani yoshiyuki,ヨシユキの高野
hinabu,hinabu
okuva,オクバ
mau sakura,マウサクラ
asoka,アソーカ
nurikabe (mictlan-tecuhtli),Nurikabe（Mictlan-Tecuhtli）
megumi kei,Megumi Kei
miroku (kyon35),ミロク（kyon35）
kujira hebi,クジラ・ヘビ
crescentia fortuna,Crescentia Fortuna
keikei (kitty colors),keikei（子猫の色）
timy,ティミー
tsujizen,ツジゼン
yasuda genshou,Yasuda Genshou
cross akiha,クロスアキハ
dirty ero,汚いエロ
tokufumi,トクフミ
oshiruko (oshiruco 212048),Oshiruko（Oshiruco 212048）
shigureteki,Shigureteki
namaata,ナマタ
sentarou,センテロウ
ol mahonanoka,ol Mahonanoka
shotan,ショータン
d. joko,d。ジョコ
astraea (atelierastraea),astraea（atelierastraea）
sherumaru (korcht06),Sherumaru（Korcht06）
qingye ling,Qingye ling
uno usaya,uno usaya
tessaku ro,テッサクロ
lord guyis,Guyis Lord
fujirin,フジリン
dmt (auburn),DMT（オーバーン）
tanuki yousuke,Yousuke田an
xiho (xi ho ),xiho（xi ho）
kurokoeda,黒子田
nogami takeshi,ノガミ・タケシ
utatanecocoa,utatanecocoa
ichifuji nitaka,nitaka
aibon,アイボン
ontaros,オンタロス
aaru sentou shuudan,Aaru Sentou Shuudan
akisha,アキシャ
yusa (yusa0751),ユサ（YUSA0751）
tucana,トゥカナ
wataru (zazazazazazawa),ワタル（ザザザザザワ）
hisui (stapspats),hisui（stapspats）
sou (pale 1080),Sou（Pale1080）
hinata mizuiro,ヒナタ・ミズイロ
haizai,ハイザイ
sameya,同性
naoyama masaru,oyama masaru
mami (apsaras),マミ（アプサラ）
kaimuari,カイムアリ
ippus,イッパス
ooba wakako,Ooba Wakako
hizukiryou,hizukiryou
leiq,レイク
fujita mariko,藤田マリコ
urim (paintur),urim（paintur）
glenn andrean,グレン・アンドリアン
itsuki sayaka,itsuki sayaka
iyou,iyou
katsuragi nantoka,ナントカの皮肉
orikuchi hirata,orikuchi hirata
yukinoshiro,Yukinoshiro
bitter crown,苦い王冠
miri (tobira no mukou),ミリ（トビラなしムコウ）
kanacho,カナチョ
aimitsu (ibityuttyu),aimitsu（ibityuttyu）
sunset nivaris,サンセットニバリス
xixing si yao meng,xixing si yao meng
shiying no yao,ヤオをシーイングします
ryofuhiko,ryofuhiko
muyihui,ムイイフイ
uma (ninjin misaki),ウマ（ニンジン・ミサキ）
nokkusuart,nokkusuart
beko (beco 1122),Beko（Beco1122）
shimanaka (shimanaka sushi),シマナカオ（シマナカ寿司）
chaban eroi,カンチガイ
renka (cloudsaikou),Renka（Cloudsaikou）
kouzuki (majc8345),コウズキ（Majc8345）
milk puppy,牛乳子犬
chocpocalypse,Chocpocalypse
nekonyan (inaba31415),ネコニャン（inaba31415）
kyl490,Kyl490
yoshinatsu,ヨシナツ
nae (rno),NAE（RNO）
puti devil,プーティデビル
virgo76612871,Virgo76612871
seto tinami,Seto Tinami
73suke,73Suke
akira ituki,アキライトキ
wszkii,wszkii
syurimp,syurimp
teruriu,Teruriu
kyomu (7641),京（7641）
hourai kiriri,hourai kiriri
hakano shinshi,ハカノ・シンシ
kaizeru,カイザー
ozu yugurou,ozu yugurou
repunit,repunit
joyfull (terrace),Joyfull（テラス）
kakult2017,Kakult2017
ikr (artist),IKR（アーティスト）
qianyuu (senba),Senba（592683801）
terufuu,Terufuu
hehehzb,hehehzb
yumu (8181018),ユム（8181018）
nanbo ataru (attall),ナンボアタル（アタール）
aru (citrine drplt),aru（citrine drplt）
mameroku,マメロク
ramb chop,ランブチョップ
unexistarts,存在しない
urasanmyaku,urasanmyaku
kurkoboltsi,Kurkoboltsi
natsuki yuu (amemizu),夏ユウ（アメミズ）
shuru y,shuru y
sakaya313,sakaya313
justsomenoob,justsomenoob
sibata maru,Sibata Maru
gond,ゴンド
saibashi,サイバシ
wani (mezo),ワニ（メゾ）
roshin,ロシン
orga,オルガ
yamada ichizoku,山田一流
kanosawa,かつソサワ
ngayope,ngayope
ichikawa ryuunosuke,一皮紅uunosuke
calpara,カルパラ
hasekura chiaki,Hasekura chiaki
moth1,moth1
scalizo,スカリソ
bccp,BCCP
nevakuma (fanfanas),ネバクマ（ファンファナ）
doumou,doumou
sakuradou,さくら
pyytato,パイタート
minahoshi taichi,鉱石太平洋
akiamare,アキアマレ
gohpot,gohpot
penguin maru (penginmaru),ペンギン・マル（ピンギンマー）
tsujigiri,ツジギリ
abaratani kurou,アバラタニ・クロウ
yoriyuki chiyo,ヨリユキチヨ
kojiki-life,コジキ・ライフ
utakata (azaka00),ウタカタ（azaka00）
kisaragi chiyuki,キサラギチユキ
w55674570w,W55674570W
misaka (missa),ミサカ（ミサ）
rottenweiler,RottenWeiler
tesu,tesu
al guang,アルガン
shain,シェイン
equal (heartstrings),等しい（心臓）
jiman,ジマン
greypidjun,Greypidjun
uchiuchi keyaki,kichiuchi keyaki
kuma daigorou,Kuma daigorou
aopanda,aopanda
ikeda jun (aquaqua),池田ジュン（アクアクア）
iku2727,IKU2727
hahakigi,ハハキギ
pienahenggou,Pienahenggou
mokkori9,mokkori9
ye (ran chiiipye),ye（ran chiiipye）
h.pn,H.pn
oirin,オイリン
akiakane,アキアカネ
komepan,コメパン
redpoke,Redpoke
yamamura saki,山村坂
yata masahara,ヤタマサハラ
sonjow4,Sonjow4
natsui tuna,ナツィマグロ
wakaho riku,ワカホリク
jiu fanglianhua,Jiu Fanglianhua
yufeng kaete,Yufeng Kaete
usuke (u skeeep),usuke（uskeeep）
kkaebing,kkaebing
tondamanuke,トンダマンケ
satoshi (peso727),サトシ（PESO727）
leilin,レイリン
kokouno oyazi,ココウノオヤジ
hoshiibara mato,ホシバラマト
cona kinaco,コナ・キナコ
huacai,Huacai
aburisamon,アブリサモン
krazehkai,Krazehkai
takoongyi,タコンギ
akaneman,アカネマン
nyuu (pixiv12143565),nyuu（pixiv12143565）
kurono kito,Kurono Kito
rylaera,リラエラ
yuki hotaru,ユキ・ホタル
nemu (nora),ネム（ノラ）
lun7732,LUN7732
hare (tetterutei),うさぎ（tetterutei）
futapi,upapi
furorida,フロリダ
sayousuke,seousuke
genmon,genmon
asahi (uwa),麻木（uwa）
mikan (ama no hakoniwa),ミカン（ama no hakoniwa）
crystalherb,クリスタルハーブ
lunia,ルニア
komiya kuniharu,Komiya kuniharu
kodama (mmt uf),コダマ（mmt uf）
bishi (bishi),ビシ（ビシ）
ryusei (ryusei b),Ryusei（Ryusei B）
yotti,ヨッティ
kiriririn,キリリン
tentsuu (tentwo),Tentsuu（Tentwo）
nakukoroni,ナクコロニ
dhiea,dhiea
shimofuri kaeru,Shimofuri Kaeru
takeda kanryuusai,高田kanryuusai
yukiyoshi mamizu,Yukiyoshi Mamizu
maeda risou,Maeda risou
kunaboto,黒to
smile (rz),笑顔（RZ）
terry (pixiv3274443),テリー（PIXIV3274443）
nr (cmnrr),NR（CMNRR）
hermmy,ハーミー
hi-na1,hi-na1
theta (ponkotsu works),Theta（Ponkotsu Works）
kakeami,kakeami
arakure,アラキュア
mia0309,MIA0309
takeponi,Takeponi
maki (maki pei),マキ（マキペイ）
kokono coco,ココノココ
suru (ksoo420),suru（KSOO420）
kuronezumi,黒球
yuki hime haruka,ユキ・ヒメ・ハルカ
tomiwo,トミー
hono,ホノ
ohse,ああ
cirima,Cirima
3u,3U
harumaki,ハルマキ
yoongonji,ヨンゴンジ
izuna nie,イズナニエ
zihad,Zihad
black mutou,黒いムットー
mage (harumagedon),メイジ（ハルマーテン）
ginzuki ringo,鉱石リンゴ
asa (swallowtail),ASA（スワローテール）
sanami (sanami t 38),サナミ（サナミT 38）
qingfeng canying,Qingfengの缶
trap (drthumt),trap（drthumt）
natsu (927013),夏（927013）
rai (newtype xm-x1),Rai（NewType XM-X1）
suta (clusta),suta（clusta）
shinatsukou,shinatsukou
abab xiaxia,ABAB Xiaxia
mihira (tainosugatayaki),mihira（Tainosugatayaki）
pingo,ピンゴ
temakizushi (temakizushisand),Temakizushi（Temakizushisand）
bahao diqiu,Bahao diqiu
katou teppei,Katou Teppei
keibi inu,keibi inu
brulee,ブリュリー
soriya,ソリヤ
arl,Arl
inaka 44,イナカ44
alpaca carlesi,アルパカ・カルレシ
shen shipi (agil548g6h6),shipl
yeonwa,ヨンワ
reon (dainagon azuki),reon（ダナゴン・アズキ）
aer7o,aer7o
07touka25,07touka25
kumanz,クマンツ
aizenpochi,アイゼンポチ
yuuki shushu,ユキ・シュシュ
ssm (ssm82048039),SSM（SSM82048039）
ochazuke,ochazuke
hukahire0120,Hukahire0120
shinonoko (tubamecider),シノノコ（Tubamecider）
reizou,reizou
torano,トラノ
fumirumochigashin,fumirumochigashin
minamiya mia,ミナミヤミア
zhumojian,Zhumojian
kenken (keuken),ケンケン（キューケン）
khoaphan96,Khoaphan96
saolin (wudangx),サオリン（Wudangx）
odeko yma,Odeko Yma
cosmikaizer,cosmikaizer
siya ho,Siya Ho
jinpaitugounan,ジンパイトゴナン
waneella,ワネエラ
arado balanga (xchd7538),アラドバランガ（xchd7538）
noumin,ヌミン
oomura yuusuke,ユウムラ島
sumeragi tomo,スメラギモ
kachima,カチマ
sysen,サイセン
tsukino omame,ツキノのオマーム
mottsun (i 40y),ムッツン（i 40y）
ryuu ryuu,ryuu ryuu
dofresh,dofresh
asa (1asa-0-asa1),ASA（1asa-0-asa1）
kashiwagi chisame,カシワギ・チサム
toaruocha,Toaruocha
ikusotsu,井村
hataraki ari,ハタラキアリ
fua yuu,フアユー
train 90,トレーニング90
chernyyvo,Chernyyvo
kaneblob,ケインブロブ
pelican (s030),ペリカン（S030）
tamakorogashi,タマコロガシ
yuuka (o.t.kingdom),ユウカ（o.t.kingdom）
kowiru,Kowiru
sherryqq,Sherryqq
aizawa chihiro,上一の和人
kazumasa,カズマサ
matsuo shogo,マツオゴゴ
nekoi hikaru,nekoi hikaru
kishi torajirou,岸torajirou
sakuragi kei,さくらキー
deyuyama,Deyuyama
koi han,Koi Han
natsu narumi,ナツツナルミ
dave rapoza,デイブ・ラポザ
aruva,アルバ
inui nagi,inui nagi
surumeri (baneiro),Surumeri（Baneiro）
meron nouka,メロン・ヌカ
soeda ippei,Soeda Ippei
al (ahr),AL（AHR）
byakuya reki,byakuya reki
q haoyu,Q haoyu
kozzzy,kozzz y
keki chogyegi,Keki Chogyegi
nanase chiori,LGW7
konno akikaze,Konno akikaze
u 5ham0,u 5ham0
catgirl0926,catgirl0926
leonardo 16sei,レオナルド16セイ
chubb,チャブ
liwendala,liwendala
okiq,okiq
imtmcomics,imtmcomics
aya shobon,Aya Shobon
c-kyuu,c-kyuu
ao (chung0u0),ao（chung0u0）
tarte (hodarake),タルト（ホダラケ）
shibaebi (yasaip game),シバエビ（ヤサイップゲーム）
lion space,ライオンスペース
anba kohaku,アンバコハク
yui ko,Yui Ko
yaya chan,ヤヤ・チャン
daikinbakuju,daikinbakuju
jyaco,ジアコ
xubai,Xubai
ksfactory,KSFactory
nyanmilla,ニャンミラ
shoutarou (shoutarotttt),soutarou（soutarotttt）
champi,チャンピン
kotobuki toro,コトブキトロ
sebunsu,sebunsu
satosi,サトシ
bakko,バッコ
denfunsan,デンファンサン
e (you33ou),E（you33ou）
renzu (lens 02),Renzu（レンズ02）
suga leon,スガ・レオン
haru no manji,haru no manji
kirino souya,キリノ・ソウヤ
kisaragi kokoro (hazuki),kisaragi kokoro（hazuki）
u emper,u皇帝
yabacha,ヤバチャ
lanxjourney,Lanxjourney
2c=galore,2c = galore
azami masurao,アザミマスラオ
lom (lom lom 8),ロム（ロム8）
c3 piyo,C3ピヨ
kusoyuridanchi,kusoyuridanchi
zk (zk gundan),ZK（ZK Gundan）
shibainu,柴犬
kouichi eiji,小島eiji
reido (reido c),レイド（レイドC）
muunai,ムーナイ
morita yuu,モリタユー
kawasumi (japonica),川崎（ジャポニカ）
bm94199,BM94199
meiji (meizi493),明治（Meizi493）
nekopantsu (blt),nekopantsu（blt）
doveking,Tiankong Pie ai
kikunosukemaru,kikunosukemaru
utomo,ユートモ
thalia,タリア
pinchi,ピンチ
berg-yb,バーグ-YB
sebakanken,セバカンケン
urkt 10,urkt 10
watashishi,ワタシシ
shinonoko,死神
yamane akira,ヤマネ・アキラ
ayakase riberi,Ayakase Riberi
kyanduru,kyanduru
yeneny,イェニー
ox (baallore),牛（baallore）
kitsunebi v3kokonn,キツネビv3kokonn
tsuki suigetsu,津波suigetsu
ikei,池
shigeryun,シゲリャン
yawdeone,ヨーネ
chaosringen,Chaosringen
moor,ムーア
hu sea,胡海
koza game,コザゲーム
gumilkx,Gumilkx
natsuk,ナツク
xue lu,xue lu
youshu ohepe,Youshu Ohepe
suzushiro atsushi,スズシロ・アツシ
shinonome neko-tarou,Shinonome neko-tarou
mogupon,モグポン
venn (vebonbon),ベン（vebonbon）
omizu (h2o),オミズ（H2O）
ei tantan,Ei Tantan
tarutaru yamaoka,ヤモカタルタル
hotechige,ホテキジー
liyart,liyart
cyjalway,Cyjalway
zest (lossol),Zest（Lossol）
nanaumi awono,Awono nanaumi
hototogisu (hot to gis),hototogisu（gisまでのホット）
natsuko (bluecandy),ナツコ（ブルーキャンディー）
jura,ジュラ
inoue kouji,イノウエ・コウジ
ierotak,Ierotak
susukawa (susucawa),usukawa（usucawa）
akatsuki (aktk511),acatsuki（aktk511）
momiahair,Momiahair
sa ka (sakanoya),sa ka（sakanoya）
shishin (shishintei),シシン（シシンテイ）
itou tatsuya,itou tatsuya
nakura hakuto,中村hakuto
miruki,ミルキ
hayashi naoharu,林ナオハル
eerr,earr
aa44,AA44
numaguro (tomokun0808),numaguro（tomokun0808）
gray bear,グレイベア
b (kana0816),B（kana0816）
noba-tan,ミリム・ノヴァ
herunia kokuoji,Herunia kokuoji
paintedmike,塗装マイク
kinjero,キンジェロ
tsuchino (tigersaber),Chou Shippai-Saku
gimnang,ギムナン
suteinua,suteinua
yamako (state of children),ヤマコ（子供の状態）
haruhitooo,haruhitooo
minazuki mizu,ミナズキ・ミズー
tanaka hirotaka,田中平カ
okoge senbei,Okoge Senbei
oimo (14sainobba),oimo（14Sainobba）
boogbogex,boogbogex
aikawa ruru,通島ルル
kita (7kita),キタ（7kita）
nanakura nanane,ナナクラナナネ
sogabe shuuji,Sogabe Shuuji
qontamblue,QONTAMBLUE
arin (1010 ssu),アリン（1010 SSU）
piyo (piyo8415),Piyo（Pixiv2308057）
osage gankyou,Osage gankyou
stellarspin,stellarspin
gotointhepark,gotointhepark
lin+,lin+
kobayashi tetsuya,小林鉄子
yamano rita,ヤマノリタ
ayyh,Ayyh
yasutange,ヤスタンゲ
utatane hiroyuki,Utatane Hiroyuki
sishenfan,Sishenfan
asakawa remon,浅川remon
icwine,icwine
tribute (tributism),トリビュート（トリビズム）
tugmix,Tugmix
yanutorie,ヤヌーリー
henz,ヘンツ
kotsu,コツ
matsuno canel,松野カネル
onao,オナオ
tamaki.,タマキ。
nihei tsutomu,nihei tsutomu
mistermagnolia,Mistermagnolia
cizzi,シッツィ
mkm (mkm storage),mkm（mkmストレージ）
dacchi,ダッキ
hitokuirou,hitokuirou
yuuki sonisuke,ゆうしさのソニスケ
qiongsheng,Qiongsheng
karasawa-40,カラサワ-40
yaki mayu,ヤキ・マユ
sinobi illust,シノビ・イラスト
kurosujuu,黒子
darkereve,darkereve
sethxzoe,sethxzoe
inon,イノン
aruti,aruti
yukiyanagi raki,ユキヤナギラキ
mikuni mizuki,ミクニ・ミズキ
voruvoru,Voruvoru
yk (pixiv43531291),yk（pixiv43531291）
tenseiani,テンセアニ
xiaosamiao,Xiaosamiao
moketto,モケトー
digdug006,digdug006
rakkyhappy,rakkyhappy
akanesanzou,アカネサンツー
esaka,エサカ
nagumo (nagumon),ナグモ（ナグモン）
eka eri,エカエリ
lowlight kirilenko,ローライトキリレンコ
kurage1,Kurage1
caibao return,Caibao Return
mugitarou,ムギタウ
pump (pumpqmuq),ポンプ（pumpqmuq）
kurumi tsuchi,クルミ・ツチ
kinakomochi (kazuna922),Kinakomochi（Kazuna922）
teba motoko,テバ・モトコ
naru 0,ナル0
habara meguru,ハバラメグル
bingwei huang,Bingwei Huang
rozuberry,ロズベリー
tachibana wataru (123tsuki),タチバナワタル（123tsuki）
yano akane,ヤノアカネ
sato iori,佐藤iori
matsuu (akiomoi),松井（akiomoi）
hanjuku choco-pai,ハンジュクチョコパイ
raichi (ddq0246),ライチ（DDQ0246）
wang-xi,王xi
rome (shiratama house),Rome35793562
soooooook2,sooooooook2
takano saku,高野桜
border0715,border0715
clea (geee13),Clea（Geee13）
jidao huashi,jidao Huashi
kotomozou,コトモゾー
zundamochi (sera),ズンダモチ（セラ）
massan,マサン
tooku0,toku0
ancolatte (onikuanco),Ancolatte（Onikuanco）
marvin (omarvin),マーヴィン（オマービン）
shirokuma-kun,shirokuma-kun
hisui (syarute),hisui（syarute）
infinity (kkx132),Infinity（KKX132）
daweykun,daweykun
sawamura aoi,サワムラ・アオイ
toga (toganawa),トーガ（トガナワ）
sakusya2honda,sakusya2honda
hana (h6n6 matsu),HANA（H6N6 MATSU）
rossciaco,ロスシアコ
karasu-san (syh3iua83),karasu-san（syh3iua83）
tatsumi yashiro,タツミヤシロ
null maru,ヌル・マル
hako momiji,hako momiji
tia (4017342),TIA（4017342）
rin31153336,RIN31153336
staryume,staryume
kurumitsu,紅
fpminnie1,fpminnie1
ckln,ckln
konarofu,コナロフ
gihuta hiroshi,Gihuta Hiroshi
nayozane (worker7),ナヨザン（worker7）
takahashi masaki,高橋正
kazukingu,kazukingu
kawanami eito,カワナミ・エイト
koutarou (plusdrive),Koutarou（PlusDrive）
potion (moudamepo),ポーション（ムーダメポ）
kasumi seiki,佐野seiki
iwasaki masakazu,岩崎林
verslll,Verslll
kabocha usagi,Kabocha Usagi
cotoji,コトジ
maki (letusgomaki),マキ（Letusgomaki）
wing (aiastor),ウィング（aiastor）
otsuki (tm3n),オツキ（TM3N）
yaya hiyayaka,Yaya hiyayaka
harino646,Harino646
aikawa tatsuki,八川tatsuci
same (sendai623),同じ（sendai623）
irokari,アイロカリ
toichi (11mtri),トイチ（IK07）
mingchun,Myoushun
gamerag,Gamerag
hakuurei amano,hakuurei amano
culotte (hosenrock),キュロット（Hosenrock）
mo (pixiv9929995),mo（pixiv9929995）
mocha (snowflake),モカ（スノーフレーク）
messikid,Messikid
futaba hazuki,utaba hazuki
baimeme,バイメメ
m (neteitai10),M（neteitai10）
keito (keito-ya),ケイト（ケイトヤ）
suzuki jirou,スズキ・ジロウ
kemigawa mondo,ケミガワ・モンド
aono (aonocrotowa),aono（aonocrotowa）
toron (mino106),トーロン（Mino106）
benimura karu,Benimura Karu
morinaga kobato,モリナガ・コバト
rozea (graphmelt),rozea（graphmelt）
tousaki umiko,ツサキ・ウミコ
jt dong-agyoku,JT Dong-Agyoku
xiaosan ye,Xiaosan ye
d tomoki,Dトモキ
talunilu uu3,Talunilu UU3
meimi k,MeimiK
mrhunking,MrHunking
ryuno,リュノ
suzumetarou,スズメタロウ
nigelungdayo,nigelungdayo
ru (famia),ru（famia）
deg (deguana),deg（deguana）
sungwon,ソンウォン
lovelovemaid,lovelovemaid
zebrablack,Zebrablack
yamato damashi,ヤマト・ダマシ
violetshit,バイオレットシット
kizaki (volvox),kizaki（Volvox）
potaaju,ポタアジュ
kipi-san,キピさん
fuju,藤子
sukiyo,スキヨ
rugo,ルーゴ
nyazui,ニャズイ
yuzuzukushi,Yuzuzukushi
c (neta),C（Neta）
koriarredondo,Koriarredondo
matahei,マタヘイ
phat smash,ファットスマッシュ
aroha j,アロハJ
liita (dusk snow),Liita（夕暮れの雪）
matsunaga777,Matsunaga777
oekaki taro,大石tar
mors gn,Mors Gn
yahan (mctr5253),ヤハン（MCTR5253）
bibimbub,ビビンバブ
midnight (midnightstream3),真夜中（MidnightStream3）
chiyosuke (nosuke21),千代（nosuke21）
inada roku,イナダ・ロク
senri (senri sen),センリ（センリ・セン）
ryuga (balius),ryuga（balius）
thrux,throx
yagi (yagi5art),yagi（yagi5art）
yabu q,ヤブQ
anniechromes,AnnieChromes
xlscaler,xlscaler
ikasoba,イカソバ
sawaki ken,ササキケン
ruuku (azukieru),ルーク（アズキエル）
noshima,noshima
masamika10086,Masamika10086
miharu (cgsky),ミハル（cgsky）
delta 9,デルタ9
yan-baru,ヤンバル
hinatsu,日徳
riko (k riko),リコ（k riko）
susu (ysy),スス（YSY）
rassie s,ラッシーs
yykuaixian,Yykuaixian
kimidori (kimidoriri),kimidori（kimidoriri）
giganticbuddha,giganticbuddha
hanabi (ocha),ハナビ（Ocha）
tamano nae,タマノ・ナエ
ichi kq,一ichi kq
albyee,Albyee
meowwniz,Meowwniz
kamitsuki shion,Kamitsuki Shion
uruha (yw1109),ウルハ（YW1109）
nakanishi tatsuya,中西taTsuya
a maru,マル
kounoike tsuyoshi,Kounoike Tsuyoshi
kyuu umi,kyuu umi
sasamaru chimaki,ササマルチマキ
gedou (shigure seishin),Gedou（Shigure Seishin）
punished pigeon,罰せられた鳩
chan1moon,chan1moon
sandcasks,サンドキャスク
sola (solo0730),ソラ（solo0730）
monsuu (hoffman),モンスー（ホフマン）
tsukuru (seki sabato),ツクル（seki sabato）
tomatika,トマティカ
lodbyy,lodbyy
kabocha head,カボチャの頭
chachi (soulga),チャチ（ソウルガ）
jin (sirius-j),ジン（シリウス-J）
nair (mindcreator),ナイア（マインドクリエーター）
ggli (yuine wantan),Ggli（Yuine Wantan）
mo (mocopo),MO（Mocopo）
bobobong,ボボボン
ek masato,Ek Masato
cheschorv,チェシュルフ
kamekoya sato,kamekoya ato
ojyomu,ojyomu
zummy,ザミー
luna (reclaimed land),ルナ（再生された土地）
yusao,ユサオ
teletelo,テレテロ
takenaka,奪取
irono (irtyu),アイアン（irtyu）
korisei,コリセイ
awei (aweirua),awei（aweirua）
kisei2,Kisei2
ame yamori,アメーモリ
henkuma,ヘンクマ
howhow notei,どのようにノート
hosoda naoto,Hosoda naoto
doromame,ドロマメ
kosuke (bb),kosuke（bb）
pemu,ペム
bekkourico,Bekkourico
masaki (celesta),マサキ（セレスタ）
ushas,ushas
hagetapo,ハゲタポ
yuubararin,ユバラリン
miyamae porin,Miyamae Porin
lino-lin,リノリン
tsukise miwa,tsukise miwa
pd (pdpdlv1),pd（pdpdlv1）
takatsu keita,高田玉
remotaro,レモタロ
bonkiru,ボンキル
weasel (close-to-the-edge),イタチ（端に近い）
telaform,テラフォーム
mrkg (arsfatuus),mrkg（arsfatuus）
sasurai susuki,Sasurai Susuki
bondson,ボンドソン
mishiro shinza,神島宮
sidarim,シダリム
ninonuko,ninonuko
kuzumotsu,kuzumotsu
bureoeve,Bureoeve
ryusei2u,ryusei2u
sasasa (nashi),サササ（ナシ）
matsudo aya,Matsudo aya
skullworms,頭蓋骨
fumiko (rubra plumeria),156m
sha (nz2),SHA（NZ2）
unusualpie,珍しいもの
inasa orange,イナサオレンジ
pandakorya,パンダコリア
anzu (01010611),anzu（01010611）
littlecloudie,littlecloudie
keyliom,keyliom
nakuta,ナクタ
shirai tanuki,シライ・タヌキ
cola (gotouryouta),コーラ（gotouryouta）
yago8 pp3,Yago8 PP3
kujira gunsou,クジラ・ガンソウ
heijitsu (paapuu),hijitsu（paapuu）
sky wbo,スカイWBO
setakman,Setakman
ro (nyankone),ロロ（ケモノノ）
t jiroo (ringofriend),T jiroo（ringofriend）
geregere (lantern),geregere（ランタン）
tefutene,テフテン
takano suzu,高野鈴
mania (fd6060 60),マニア（FD6060 60）
amakawa tamawo,アマカワタマボ
velahka,ヴェラカ
fanta (the banana pistols),ファンタ（バナナピストル）
kurohal,クロハル
toy(e),おもちゃ（e）
old-night,昔ながら
miyama (kannsannn),宮田（カンサンン）
roku (ntbr fate),roku（ntbrの運命）
norada,ノラダ
yoshimizu kagami,ヨシミズカガミ
ushidaihuku,黒子岩gurei
morizo cs,モリゾCS
dramus,ドラム（アーティスト）
kashi,カシ
arablue,アラブー
lithographica,リトグラフィカ
sorairo len,ソラアロレン
shuuichi (gothics),shuuichi（ゴシックス）
katoryu gotoku,korteru goku
hirokazu (analysis-depth),ヒロカズ（分析深い）
sutei (giru),sutei（giru）
sirfy,サーフィー
bebeneko,ベベネコ
kuki panda (wkdwnsgk13),Kuki Panda（wkdwnsgk13）
ratto (mobilis 1870),ラトー（モビリス1870）
carcass (artist),carcass（アーティスト）
n-mix,nミックス
clam curry,クラムカレー
5saiji,5サイジ
sakuragi rian,さくらリアン
dark jewel (gem oblivion),ダークジュエル（宝石忘却）
shirai yu,シライ・ユ
binware,ビンウェア
pak ce,Pak CE
punto,プント
irotsuya,イロツィヤ
ratise,評価
flan (seeyouflan),flan（Seeyouflan）
konohanaya,コノハナヤ
pineapp panda,パイナップパンダ
miyu (matsunohara),ミユ（松葉）
ezaki papiko,エザキ・パピコ
karo-chan,カロちゃん
chiroron,カイロン
karipaku,カリパク
narae,ナラエ
nanakusa amane,Nanakusa Amane
uzutanco,ウズタンコ
kuon yashiro,クオン・ヤシロ
akizuki ritchan,アキズキ・リッチャン
mugen ouka,ムゲンオカ
greenteaa,greenteaa
natsunagi takaki,夏門田ki
yayuyoyayuyo,yayuyoyayuyo
shikou sakugo (qqap9gt9k),shikou sokugo（qqap9gt9k）
4690 (tkpbsk),4690（tkpbsk）
nyakelap,nyakelap
sc naru,SCナル
kim kwang hyun,キム・クワン・ヒョン
takamiya ren,タカミヤレン
doku-chan (dokkudokudoku),doku-chan（dokkudokudoku）
yuu201023,YUU201023
archlich,アーチリッヒ
tatata,タタタ
smlltb,smlltb
cl (summer sama),CL（夏のサマ）
aa2233a,AA2233A
nako (nonrain),ナコ（非レイン）
junajuice,junajuice
natsukawa sarasa,夏川サラサ
kujuu shikuro,クジュウ・シクロ
mura kuroe,ムラクロエ
abiko yuuji,アビコユウジ
taka (taka wo kukuru),タカ（タカウククル）
eriyama e,エリヤマe
foreign blue,外国の青
psuede,Psuede
panyatteria,Panyatteria
aka6,別名6
yuuge (hangoban),ユージュ（ハンゴバン）
tsunakawa,津川
haowei wu,Haowei Wu
sorashima (117),ソラシマ（117）
edpan,エッパン
manabe jouji,マナベ・ジュジ
pirochi,ピロチ
tosaka (tosaka0001),トサカ（Tosaka0001）
samael (5211),サマエル（5211）
reika (reikadraws),シロ・ヘイン
geometrie,幾何学
whitter,ウィッター
yukikawa sara,ユキカワサラ
kabi (zcwd8845),kabi（zcwd8845）
ebihurai,ebihurai
shigurio,シグリオ
john zerowb,ジョン・ゼロウブ
waku2kitchen,waku2kitchen
airagency1005,airagency1005
eo masaka,イオサカ
ada badguy,Ada Badguy
chamba,チャンバ
kabashima yousuke,Yousuke島
tyenka7728,Tyenka7728
matsu 84,マツ84
reo adriano,poke200
serafleur,Serafleur
itsumi (itumiyuo),itsumi（itumiyuo）
takurou,タクロウ
zbobo,sxbzero
yuzhi,Yuzhi
fukuinu,福音
fujioka yatsufusa,富士山YaTSufusa
kongari tokei,Kongari Tokei
xintianou,Xintianou
rabb horn,ラブホーン
yi lee,Yi Lee
enomoto hina,エノモトヒナ
kamon rider,カモンライダー
yozo (stanky),ヨゾ（スタンキー）
danpu,ダンプ
kim da-yoon,キム・ダイオン
nomio,ノミオ
whistlerx,whistlerx
tabao,タバオ
moemoepiano,Moemoepiano
paintale,ペイントレ
niur,niur
mido (mido chen),ミド（ミドチェン）
denkaisui,denkaisui
kurusu tatsuya,クルス・タツヤ
ryuuki (hydrangea),リュウキ（アジサイ）
dalrye v3,Dalrye V3
masuku (saint mask),マスク（セントマスク）
liu lan,Liu Lan
satyuas,サティアス
nonono nagata,ノノノナガタ
ichinose (sorario),イチノース（ソラリオ）
yashemao qishi,Yashemao Qishi
shadeofshinon,シェードオフシノン
lewdishsnail,lewdishsnail
totororo,トトロロ
f.k (hs225kr),F.K（HS225kr）
cowengium,coawengium
bintz,ビンツ
kokko (kokko3045),kokko（kokko3045）
aliceblue,アリスブルー
akiba hideki,アキバ秀樹
miitoban,ミトバン
nanana narang,ナナナ・ナラン
jouvru,ジュヴル
kate (alice catharsis),ケイト（アリスカタルシス）
pokkora,ポッコラ
akanasu,アカナス
natsu (sinker8c),夏（sinker8c）
nikka (cryptomeria),ニッカ（cryptomeria）
yonemura kouichirou,Yonemura Kouichirou
machinosuke,Machinosuke
orimiya mai,orimiya mai
yatatashira,Yatatashira
itsukia,シュキア
kawamura toshie,川村トッシー
saiko (saisaka),サイコ（サイサカ）
toasty scones,トーストスコーン
hasegawa keita,長谷川keita
kugi ta hori taira,Kugi Ta Hori Taira
muraicchi (momocchi),ムライチ（omocchi）
satsuma age,SATSUMA年齢
merry (diameri),メリー（diameri）
mizukami ryouma,ミズカミ・リョウマ
fylus,fylus
homare (g hmr88),Homare（G HMR88）
yuelight,Yuelight
yamada sakura,山田さくら
file112056,file112056
von.franken,von.franken
makitoshi0316,Makitoshi0316
valhalla0707,Valhalla0707
1340smile,1340Smile
roku 6,roku 6
milkytiddyboy,Milkytiddyboy
the raineman,レインマン
uran (uran-factory),ウラン（ウランファクトリー）
chanmura,チャンムラ
moai (moai world),モアイ（モアイワールド）
sangsoo jeong,Sangsoo Jeong
star-ring,主演
tamaki iori,タマキ・イオリ
nm222,NM222
funaya (a2brasd),funaya（a2brasd）
hirai chika,Hirai Chika
woruta (soloistlist),woruta（soloistlist）
sbbs,SBBS
gunsou1350,gunsou1350
hachikuji,漢字
fatcat booster,カポキ
zack (haiuinndo),ザック（haiuinndo）
akatsuki (kuon),アカツキ（クオン）
anju (mocomocousagi),Anju（Mocomocousagi）
bluekalmia,青色症
hashiguchi takashi,高橋島
show chiku-by,Chiku-byを表示します
kirarin369,Kirarin369
iskaydi,イスカイディ
bokuya,Bokuya
archvermin,大司教
laceysx,laceysx
roivas,Roivas
yuuri (fukuroudou),ユウリ（fukuroudou）
neko lu (wofud453),neko lu（wofud453）
ashina merou,Ashina Merou
ru-pe (gstm 0915),Ru-Pe（GSTM 0915）
toru k,トルk
sashima,sashima
k0nfette,k0nfette
ko-on (ningen zoo),Ko-on（Ningen Zoo）
apoidea,Apoidea
sinnra art,シンラアート
zhixie jiaobu,Zhixie Jiaobu
kasanui,カサヌイ
poponko,ポポンコ
arlene (ju),アーリーン（ju）
makarou,マカロウ
neichiru,neichiru
ashino,アシーノ
kz nagomiya,kz nagomiya
take (draghignazzo),テイク（ドラグニッツォ）
kemoyuri,ケモイリ
hataya,ハタヤ
rodney (melagal),ロドニー（メラガル）
kihane atsusane,Kihane Atsusane
ooyama imo,Ooyama imo
nichibotsu (kitaziman),ニチボツ（キタジマン）
rias-coast,リアスコースト
kasuga souichi,カスガ・ソイチ
ikuya koimori,イクヤ・コイモリ
onceskylark,onceskylark
mikicat,ミキカット
maruku,マルク
genshi,genshi
zukki (suzukio),Zukki（Suzukio）
spade-m,Spade-M
itachi kanade,イタチカネード
fukujima kiwi,福島キウイ
kotaka,コタカ
souryuu (double dragon),souryuu（double dragon）
an-chan (ananna0315),an-chan（ananna0315）
ohoho,ああ
sorono,ソロノ
berukko,ベルッコ
nezulet,ネズレット
z (knkr1025),Z（KNKR1025）
ling huanxiang,Ling Huanxiang
black bean,黒豆
mita chisato,ミタ・チザート
wuwuwu (kriswu555),Wuwuwu（Kriswu555）
sei 8220,SEI 8220
wankosoba (wanwan soba),Wankosoba（Wanwan Soba）
delta nonbiri,デルタノンビリ
nomu (29 nom),ノム（29名）
dudeunderscore,Dudeunderscore
yyy (zelda10010),YYY（Zelda10010）
dryseaweed,dryseaweed
kurotea,クロテア
majiro (mazurka),マジロ（マズルカ）
littiecy,littiecy
sion (9117),sion（9117）
tsukimochikuriko (tsukimochi k),Tsukimochikuriko（Tsukimochi K）
chef no kimagure salad,シェフはキミーのサラダをnoしません
ubwmitekure,ubwmitekure
motoi ayumu,Motoi ayumu
kurosawa kazuto,黒崎カズト
eichisu,eichisu
hayun,ヘヤン
masuda (yousaytwosin),マスダ（yousaytwosin）
sumisu (rinsumi),sumisu（rinsumi）
minami (minami373916),ミナミ（Minami373916）
yazawa mana,ヤザワマナ
pochi (poti1990),ポチ（POTI1990）
nino (shira),ニノ（シラ）
zarory,ザロリー
dateya torahachi,Dateya Torahachi
pen guin15,ペンギン15
eightman,8人
miso-ha (ukyuu),MISO-HA（ukyuu）
zootan,ズータン
hitachi sou,日立スー
mizuki yuuma,水井Yuuma
ozeu0916,ozeu0916
saki hajime,サキ・ハジメ
big.g,big.g
uyalago,uyalago
6maker,6メーカー
41 (taskmaster41),41（taskmaster41）
doskoinpo,Doskoinpo
kuroino (kuroyashiro),クロイノ（クロヤシロ）
cocoa (cafe-hotcocoa),ココア（Cafe-hotcocoa）
kanimura ebio,カニムラ・エビオ
riyo (riyontoko),riyo（riyontoko）
nagiko (mangalove1111),ナギコ（Mangalove1111）
okitafuji,沖uji
nasakixoc,nasakixoc
nabi (uz02),Nabi（UZ02）
morita (moritania),森田（モリタニア）
domu (hamadura),ドム（ハマドゥラ）
luzi,ルジ
kokokashira (koko ni iru),hirotaka（hrtk990203）
oskar vega,Oskar Vega
nomayo,ノモヨ
azu (azusayumix),azu（azusayumix）
luke (kyeftss),ルーク（kyeftss）
tanaka gorbachev,田中ゴルバチョフ
asakura kukuri,浅草kukuri
kzouzou,onnomono
haruno shuu,ハルノ・シュウ
miso (b7669726),味o（B7669726）
hourai ninjin,hourai ninjin
yomotsuki road,Yomotsuki Road
uiroutsuji yumihiko,uiroutsuji Yumihiko
sewenan,Sewenan
mohei,モヘイ
chitose (usacan),Chitose（usacan）
iincho (airi8751),iincho（airi8751）
doi masayuki,doi masayuki
cglas,cglas
hiiro yuki,ヒイロユキ
yeurei,Yeurei
lili mdoki,リリ・ムドキ
isosceles triangle (xyzxyzxyz),Isoscelesトライアングル（xyzxyzxyz）
shino (r shughart),シノ（Rシュガート）
chyoling,Chyoling
doora (dora0913),ドアラ（dora0913）
sun-3,Sun-3
takeuchi aya,竹内aya
lif (lif & ref),lif（lif＆ref）
kosaka donten,タカサカ・ドンテン
unyon,ユニオン
roang,Roang
zel-sama,ゼルサマ
tenhiro naoto,tenhiro naoto
sakura hanatsumi,Sakura hanatsumi
yotsuboshi-imai,Yotsuboshi-Imai
kazuaki,カズアキ
tsukimoto aoi,ツキモトアオイ
kawai rou,カワイ・ルー
zhuxiao517,Zhuxiao517
poko chin,ポコチン
mabera,マベラ
rk (cc15915r),RK（CC15915R）
yaruwashi,Yaruwashi
manana (matoi1111),マナナ（MATOI1111）
xiangtu,Xiangtu
iwanori,岩野
haniwagi (hal),ハニワギ（ハル）
skym (kumei),Skym（kumei）
guttary,ガッタリー
gamyuu (gamyu),gamyuu（gamyu）
nekoya minamo,ネコヤ・ミナモ
yagi (kyuhyun),Yagi（Kyuhyun）
ten (tentojidon),Ten（Tentojidon）
bumcha,バムチャ
clov3r,clov3r
ryairyai,ryairyai
n2midori,n2midori
kyuusui gakari,九州ガカリ
rori chuushin,ロリ・チューシン
umihal,ウミハル
amano yoshitaka,ヨシタカの陽
muaooooo,muaooooo
021 shiro,021シロ
orn,orn
ikusagawa,岩崎
lunarscent,lunarscent
ekidona,エキドナ
seboneko,セボネコ
inaka keikou,イナカケイコウ
h.carrrrrrot,H.CARRRRRROT
anzu 1026,ANZU 1026
kuroume (aihikarikuroume24),Kuroume（aihikarikuroume24）
ikisugi shokudou,イキソギ・ショクドゥ
wtparadise,wtparadise
kiyokura meru,kiyo（yamazoe1122）
juniper (artist),ジュニパー（アーティスト）
pg (pgouwoderen),PG（Pgouwoderen）
sugac,sugac
sheya chen,シェヤティン
monja (monja0521),Monja（Monja0521）
nemun (tamizzz),Nemun（Tamizzz）
arayuki (sakurafubuki),arayuki（sakurafubuki）
mihato senba,ミハトセンバ
minato yoshihiro,陽ヨシヒロ
tiamat (momokuri mannen),Tiamat（Momokuri Mannen）
smile (mm-l),笑顔（mm-l）
4tb (4tera byte),4TB（4teraバイト）
maneki-neko (fujifuji),Maneki-Neko（富士ファジ）
bbul horn,Bbul Horn
tudurimike,Tudurimike
amrkdrw,amrkdrw
kira (kira dra),キラ（キラドラ）
tiri man,ティリマン
n9+,N9+
danemaru,ダネマル
supurai,supurai
chiyo goya,Chiyo Goya
chiruto,キルート
yoshikawa hiro,吉川hiro
aruma (sawayaka tokuko miruku),アルマ（サワヤカツーコミルク）
soba chatarou (tita),Soba Chatarou（Tita）
keyfanjun,keyfanjun
7fuji 06,7fuji 06
shiraki shiori,シラキ・シオリ
kuronoiparoma,冠状腫
shouno kotarou,Shouno Kotarou
bingansuan jiamouren,Bingansuan Jiamouren
lanubis,ラヌビス
mao yu,マオユ
moriguchi nao (naonao),森原nao（naonao）
name (oiuio),名前（oiuio）
chocomirukuaji,rio.lw
ixmmxi,ixmmxi
nin nakajima,Nin nakajima
touryou,Touryou
metindone,metindone
tsunsuki (naobe009),津波（naobe009）
nagi (shunsuke-manage),ナギ（shunsuke-manage）
araki kanao,アラキ・カナオ
fukunaga yukito,福州吉石
usa (dai9c carnival),アメリカ（Dai9cカーニバル）
takigawa geenito,高川ジーニート
miyanome,ミヤノメ
yuumin,ユミン
7001,7001
saturndxy,Saturndxy
ichijou hitoshi,一hijou itoshi
shadowgrave,ShadowGrave
shinoillust,ダイノルツ
shamisen (syami sen),シャミセン（syami sen）
kanmuri (hanyifan30338),Kanmuri（Hanyifan30338）
zbura,Zbura
danhu,ダンフ
vient,ビエント
yakumo nanahara,ヤクモナナハラ
infraton,インフラトン
madara sai,マダラサイ
yoshizoe eiko,ヨシゾエ・エイコ
kyoku tou,京都tou
matsushita makako,松下城
rei (ilust9999),rei（ilust9999）
otogi kyouka,むずま
nobamo pieruda,Nobamo Pieruda
cat with a brush,ブラシ付きの猫
beru,ベル
kura (shironagasu02),Kura（shironagasu02）
robographer,ロボグラファー
akatsuki hiro,acatsuki hiro
tori (10ri),トリ（10RI）
myung-jin lee,Myung-Jin Lee
micho,ミチョ
mikami,ミカミ
sawara noa,サワラ・ノア
tsurupy,ツルーピー
supernew,超新生
muranisaki,ムラニサキ
chiizu ore,Chiizu ore
syyn (syyndev),Syyn（Syyndev）
sigmart03,Sigmart03
ldd.ek,ldd.ek
huiqian,Huiqian
famepeera,Famepeera
aem01,alma01
otosume ruiko,otosume ruiko
motti (motthi0711),モッティ（Motthi0711）
yuasa akira,Yuasa Akira
youamo,Youamo
arekishi raiho,arekishi raiho
mizuki gai,ミズキ・ガイ
pirukusu,ピルクス
vmat,vmat
eureka 814,ユーレカ814
holiday (pangjelly),ホリデー（パンジェリー）
kannagi rei,カンナギレイ
cell (fu cell),ghgnvm
moriyama shijimi,森山shijimi
yumuto (spring1786),Yumuto（spring1786）
harusame-r,harusame-r
wang man,王男
roshiakouji-chan,Roshiakouji-chan
bannouyakunta,バヌヤクンタ
aoya (ayoyame18),aoya（ayoyame18）
gumi (fwjn7284),gumi（fwjn7284）
horocca,ホロッカ
chabaneko,チャバネコ
nekopurin (nyanko prin),ネコプリン（ニャンコプリン）
tongari,トンガリ
mmu,MMU
sofa (enogunomu),ソファ（エノグノム）
balladeluce,バラデロース
nakura haru,ナクラハル
yoko (nz g),ヨーコ（nzg）
himadarou,ヒマダル
jamrolypoly,ジャムロリポリー
nonosaki,ノンサキ
indo curry,インドカレー
ume (326310),ume（326310）
blue vert,青い頂点
taki rentaro,Taki Rentaro
hachita (odangoya),漢ta（odangoya）
daeraeband,daeraeband
wakum,ワクム
aria pkmn,Aria Pkmn
cementite,セメンタイト
kawamura tsukasa,川村tsukasa
nicole pmonachi,ニコール・ペモナチ
manno (kanpi2100),マンノ（kanpi2100）
zuikillme,Zuikillme
suterisu,suterisu
hotel01,Hotel01
miito (meeeeton333),ミト（meeeeton333）
ivory (25680nico),アイボリー（25680nico）
dobure18,dobure18
katzeh,カッツェ
anago nia,アナゴニア
ncww rinichi,ncww rinichi
hokutoro64,hokutoro64
izumi (nagashi),イズミ（ナガシ）
byefrog,さようなら
ootani mikoto,ootani mikoto
nyorotono,ニョロトノ
macciatto (aciel02),Macciatto（aciel02）
q18607,Q18607
menoziriath,メノジリアス
tetsu tissue,Tetsu組織
meron,メロン
kiragera,キラゲラ
koji (wildlhz),コジ（wildlhz）
fumi (fumibeing),fumi（fumibeing）
kaeru (kaerism),Kaeru（Kaerism）
neukkom,Neukkom
siguya,シグヤ
najar,ナジャール
pan korokorosuke,パン・コロコロスケ
gakuon (gakuto),ガクオン（ガクト）
taru neko,タル・ネコ
nameless (rynono09),Nameless（Rynono09）
bong (0u0bon),ボン（0U0BON）
ikawa waki,イカワワキ
takoyaki neko-san,高山nekoさん
momo hiki,モモヒキ
husagin,フサギン
waltz (tram),ワルツ（トラム）
delica,デリカ
kuzu (miduhana),クズ（ミドゥハナ）
kasaneko,カサネコ
ritateo,Ritateo
iga tomoteru,Iga Tomoteru
marisu,マリス
hisakawa riho,渡川riho
go-it,go-it
yuya (oshidori),ユヤ（オシドリ）
kinketsu,キンケツ
ramochi (auti),ラモチ（自動）
butakun,ブタクン
nyaou,nyaou
pearl7,Pearl7
hario 4,ハリオ4
shiozaki yuji,Shiozaki Yuji
aya chan1221,aya chan1221
ome (mercury cigarette),OME（水銀タバコ）
jandare,ジャンダレ
ishida (segu ishida),石田（segushida）
haruichi (sazanami complex),佐野（佐藤複合体）
3kuma,3kuma
sonech,ソネック
agyou sonokou l,agyou sonokou l
usukawa (uskw sr),ukawa（uskw sr）
teng zhai zi,Teng Zhai Zi
bigxixi,bigxixi
minawa,ミナワ
kimukimu,キムキム
kadokura (whokdkr),カドクラ（whokdkr）
chama (painter),チャマ（画家）
jong tu,ジョン・トゥ
tamago tomato,タマゴ・トマト
mameyanagi,マミヤナギ
niwako,ニワコ
akio (akio1124),akio（akio1124）
newmoonshira,Newmoonshira
takemi kaoru,タケミ・カオル
oboro keisuke,オボロkeisuke
iver (reviolet),アイバー（reviolet）
eumi 114,Eumi 114
okonon (kado colda),オコノン（カド・コールド）
nanopai kakumeikokonoyu,ナノパイkakumeikokonoyu
d-ryuu,d-ryuu
psidubs,psidubs
umiru,umiru
nishi itsumi,nishi itsumi
supershrimpcakes,Supershrimpcakes
murasame shia,ムラサメ・シーア
plusout,プラスアウト
denpa rasaito,デンパラサイト
kushami deso,クシャミデソ
aki inu,Aki inu
milephunter,ミレファンター
the mad mimic,マッドミミック
tb (spr1110),TB（SPR1110）
ukiwakisen,ukiwakisen
kelinch1,Kelinch1
ainezu,アイネズ
makingtawawa,Makingtawawa
yutsuki warabi,線虫線
takanashi hiyori,高さhiyori
musicatopos,Musicatopos
ryker,ライカー
garutaisa,ガルタイサ
mesushio,メスシオ
tarabagani,タラバガニ
yuuta (yuuta0312),Yuuta（Yuuta0312）
deadprince,デッドプリンス
odo 7ta,ODO 7TA
mikami (mkm0v0),ミカミ（mkm0v0）
tamakko,タマッコ
narumi yuu (bunbukudou),narumi yuu（bunbukudou）
kaishaku,カイシャク
ootsuka mahiro,Ootsuka Mahiro
hentai oyaji,ヘンタイ・オヤジ
murani,ムラニ
esoragoto,エズラゴト
riftgarret,Riftgarret
nut megu,ナットメグ
gigi d.g.,ジジD.G.
chataro1412,Chataro1412
darnell,ダーネル
ookashippo,Ookashippo
angel31424,Angel31424
nyantiu,nyantiu
fujiwara minaho,藤原ミナホ
okazuwa shake,オカズワシェイク
miso tanuki,味oタヌキ
laika (sputnik2nd),ライカ（sputnik2nd）
nanotaro,ナノタロ
komachi narota,コマチナロタ
tanaji,タナジ
max58art,max58art
attyon,アティオン
ieiieiiei,ieiiei​​iei
red-p,red-p
chikaya,チカヤ
kokoyashi,川崎
weshika,ウェシカ
novelance,斬新
raineru (gryffindor131),レイーン（gryffindor131）
envyvanity,vyvyvanity
neko mata,ネコマタ
wazukani,ワズカニ
tekkowang,Tekkowang
frs2,FRS2
mudo (saji),ムド（佐々）
einheadt,Einheadt
bailknight,寄託
wi-z garage,Wi-Zガレージ
rinko (mg54),リンコ（MG54）
pillow (nutsfool),枕（nutsfool）
hirose madoka,Hirose Madoka
teasmacker,ティーマッカー
orniflop,orniflop
miya ur,miya ur
kuromitsu (9633 kmfr),紅（9633 kmfr）
chiyonekoko,Chiyonekoko
getsumen suibaku ver. a(c),GetSumen Suibaku Ver。交流）
haconeri,ハコネリ
serika,セリカ
futase hikaru,Futase hikaru
mikaku,ミカク
marionette (excle),マリオネット（拡大）
devin elle kurtz,デヴィン・エル・カーツ
horiizumi inko,Horiizumi Inko
takeu,タケウ
harutimu,ハルティム
5health,5ヘルス
koio,コイオ
ruint,ruint
rutorifuki,Rutorifuki
hizzacked,ヒザック
ogawa maiko,小川maiko
huaronanago,ホアロナナゴ
chabi (amedama),チャビ（アメダマ）
cottage,コテージ
majin (marcia),マジン（マーシア）
riboshika,リボシカ
tanupon,タヌポン
garrett hanna,ギャレット・ハンナ
samaru (seiga),サマル（セガ）
amanda kenny,アマンダ・ケニー
chamame,チャマメ
aonogura,aonogura
aoria,aoria
haruka (haruka channel),ハルカ（ハルカチャンネル）
linfi-muu,linfi-muu
sorrowny,悲しみ
baiguiyu,baiguiyu
piatin,ピアチン
gen'en (sioherashi),gen'en（Sioherashi）
sakuma sanosuke,佐野sanosuke
keienu0,Keienu0
mimizuku (mmiganaru),ミミズク（ムミガナル）
a kun,クン
konagi (konotuki),コナギ（コノトゥキ）
slammo,スラモ
pano (mohayayamai),パノ（モハヤヤマイ）
machi (wm),マチ（Wm）
kagto (alterna),Kagto（Alterna）
kir (khw66136132),KIR（KHW66136132）
darkness yuma,Ariaridoradora
hakuuyori,ハクウヨリ
fuyukayui,フユカユイ
synn032,synn032
rong yi tan,ロン・イ・タン
hys-d,hys-d
yaoshan shi,ヤオシャン・シー
wataichi meko,Mekoのワタイチ
mr.takealook,Takealook氏
sugiyama ichirou,Sugiyama Ichirou
toratora (nanahaba),Toratora（Nanahaba）
e-suke (esk illust),Gogatsu no renkyuu
haru ichigo,ハル・ニチゴ
mokyuko,モキュウコ
hitsuki (hiidukii),hitsuki（hiidukii）
mike (mikeneko),マイク（ミケネコ）
dennryuurai,デヌリウライ
etama quomo,etama quomo
kanase (mcbrwn18),カナーゼ（MCBRWN18）
greetload,GreetLoad
yuritamashi,Yuritamashi
traveler (artbbt),旅行者（ARTBBT）
hishigata,hishigata
ohigetan,ohigetan
mei ford,メイ・フォード
win opz,OPZに勝つ
lalatia-meai,ララティア - メアイ
kagura kurosaki,黒崎kur
bilibilida,ビリビリダ
ase (nigesapo),ase（nigesapo）
taroimo (00120014),TAROIMO（00120014）
yuki7128,Yuki7128
konogi nogi,コノギノギ
ruriwo (ruriwo1894),ruriwo（ruriwo1894）
takuyarawr,Takuy​​arawr
torinoko (miiko draw),トリノコ（ミイコドロー）
mikuro,ミクロ
tp (kido 94),TP（Kido 94）
kozato (yu kozato),コザト（Yu kozato）
migumigu,ミグミグ
arapi,アラピ
pippi (pixiv 1922055),Pippi（Pixiv 1922055）
joakim sandberg,Joakim Sandberg
uta 25,atu
ah yoshimizu,ああヨシミズ
tekuteku (yuuhodou),Tekuteku（Yuuhodou）
moegi0926,MOEGI0926
zerocastle,ゼロキャッスル
pos (shiratama-ya),Pos（shiratama-ya）
uhouhogorigori,uhouhogorigori
renakobonb,Renakobonb
kagehara hanzou,Kagehara Hanzou
yokkora,ヨッコラ
h@ll,H@ll
canape (canape0130),Canape（canape0130）
zaitsu,Zaitsu
sawamura hikaru,サワムラ・ヒカル
yki,イキ
amicis,アミシス
nennen,ネネン
matsunaga garana,マツナガ・ガラナ
uncle rabbit ii,ウサギ叔父II
xiaoyin li,Xiaoyin Li
atsumisu,アトゥミス
sena chifuyu,セナ・チフユ
karasuro,カラスロ
narusawa (njzc2582),ナルサワ（NJZC2582）
hibikissmoon,クロハ（Rockluo213）
oimo imoo,oimo imoo
ian olympia,イアンオリンピア
ll 0109,LL 0109
dyarikku,dyarikku
jacknife,ジャックナイフ
hoodier,よりフーディー
myao (o3o333),myao（o3o333）
gimyogi,GMG
jiuri jiuhao,ジュリ・ジュハオ
nikusenpai,ニクセンパイ
kuro namako,Kuro Namako
hej 510,hej（mugmnm51）
bingbingzi,Bingbingzi
devonrex,デボンレックス
mokew,モーク
katsura masakazu,漢masakazu
kisaragi yaya,キサラギヤヤ
sakuragi raia,さくらのレイア
katsuragi (webmaster909),Katsuragi（webmaster909）
chikinan tarou,チキナン・タロウ
mo:oku,MO：OKU
azazel1944,azazel1944
p (flavorppp),P（flaverppp）
ylceon,イルセオン
zephyr164,Zephyr164
cocolo (co co lo),ココロ（Co Co Lo）
roko roko (doradorazz),ロコロコ（ドラドラズ）
linjie,リンジー
dudul,dudul
gouka,グカ
yukaa,ユカア
tamura masafumi,タムラマサフミ
verien,ウーキョン
shibano kaito,川丸川
jotti,ジョッティ
mimi n,ミミn
aaeru,aaeru
vogel schwein,Vogel Schwein
kedama (ughugjydthjdf),ケダマ（ughugjydthjdf）
nikubou maranoshin,nikubou maranoshin
waterswing,ウォータースウィング
kanibasami,カニバサミ
hachimi,ハチミ
kanon (sinto),カノン（シント）
aoinu (aoinu 99),aoinu（aoinu99）
tom q (tomtoq),トムQ（tomtoq）
chano hinano,チャノ・ヒナノ
zumi tiri,Zumi Tiri
otamashimai,オタマシマイ
sakura ab,さくらab
meolucky147,Meolucky147
umeno,ウメノ
slm,SLM
loped,ロープ
tony (tonyworkroom),zhaofeng yinyue
roamu 65,Roamu 65
roco (rocoroco1115),Roco（Rocoroco1115）
kirou (kiruyuu1210),kirou（kiruyuu1210）
mchiefy,MCHIEFY
sgt-jz,SGT-JZ
violence kumahina,暴力クマヒーナ
h2o (dfo),H2O（DFO）
ashraely,ashraely
paco,パコ
dhfz181,DHFZ181
konoe yuba,Konoe Yuba
mono (bluesky),モノ（ブルースキー）
2sham,2シャム
ari hinoko,アリ・ヒノコ
maruchan.,マルチャン。
bushinofuji,Bushinofuji
oekakiboya,oekakiboya
konohana saku,コノハナ・サク
yatsuki yura,Yatsuki Yura
an fyhx,fyhx
noppo,ノッポ
tenpura (tenpura621),Tenpura（tenpura621）
chiba shuusaku,チバ・シュウサク
mitsugi,三井
tora jun,トーラ・ジュン
hanarabiwarco,マツバ（イディオトランタン）
iyakun,iyakun
nazal,ナザル
yoicha,ヨイチャ
kana (okitasougo222),kana（okitasougo222）
kasugano tobari,カスガノ・トバリ
daruia (sabitare),ダルイア（sabitare）
marui,マルイ
aken,エケン
ponnetsu,ポンネツ
ekus (xo ekus),Ekus（xo ekus）
tarayama,タラヤマ
hevn,hevn
enjelicious,エンジェリシャス
sakura szm,さくらSZM
nagidango,ナギダンゴ
nbo,NBO
hei (tonarinohey),Hei（Tonarinohey）
edwin (cyberdark impacts),エドウィン（サイバーダークの影響）
fue (tsuzuku),fue（tsuzuku）
aco (koaya ako),aco（koaya ako）
kutori pan'ya,Kutori Pan'ya
marin (myuy 3),マリン（myuy 3）
towako (10wk0),TOWAKO（10WK0）
eihire,アイヒア
rsk (tbhono),rsk（tbhono）
yatsune rika,YATSUNE RIKA
shinano yura,シナノ・ユラ
mizunashi hayate,ミズナシ・ハヤテ
tomono rui,トモノ・ルイ
alisia0812,Alisia0812
yamahara,ヤマハラ
kochoko,コココ
hamoto,hamoto
pontasu,ポンタス
ecell,エセル
miyazawa tsutomu,宮崎tsutomu
chiri (o9o9),Chiri（O9O9）
utsugi (skydream),utsugi（Skydream）
anjerain,アンジェラン
godtail,ゴッドテール
aoi (aoisaka),aoi（aoisaka）
sayaka ikku,サヤカ・イクク
takekawa shin,タケワシン
homa kura,ホマクラ
guri otoko,グリオトコ
mattang,マタン
wadachi yon,ワダチヨン
ushiina,ushiina
yumejidake,Yumejidake
absent,不在
luan teng,ルアンテン
kotojima motoki,コトジマモトキ
the dark mangaka,暗いマンガカ
gensuke (ryun),ギンセケ（リュン）
greenapple,青りんご
m.i.y,M.I.Y
full burrrrrrst,完全なburrrrrrst
tomi27,tomi27
hitoba,ヒトバ
kujya,クジャ
fyama,fyama
arc2urus,arc2urus
syachiiro,Syachiiro
epitaph (1122),エピタップ（1122）
oofxyphxia,ofxyphxia
qqqne,qqqne
furui,フルイ
onomiya,オノミヤ
iwai ku tsuki,Iwai Ku Tsuki
otoo (izanagi),otoo（伊山性）
myu-po,myu-po
ontake2009,ONTAKE2009
rinku (rin9),rinku（rin9）
ekina (1217),エキナ（1217）
kachin,カチン
gotoo,gotoo
renka (renkas),レンカ（レンカ）
sunao (souis),スナオ（スー）
miniru,ミニル
natsumi chorisuke,聖usumi
karin (a62826704),Karin（A62826704）
youkan (tako),Youkan（タコ）
4040 (abonriya),4040（アボンリヤ）
tamafurin,タマフリン
fasnakegod,fasnakegod
toyoi yuuta,Toyoi Yuuta
rererere mon,Rererere Mon
tomcat (moconeko),トムキャット（モコネコ）
ryuuji teitoku,リュウジ・テイトク
kainkout,Kainkout
azuma sawayoshi,sawayoshiのある
manekinekoppoi inu,Manekinekoppoi inu
hitsuji takako,hisuji takako
azumawari (azumofu),アズマワリ（azumofu）
hiyopuko,ヒヨプコ
13-gou,13-gou
kasseus maximus,Kasseus Maximus
yuzuki (hmr813k),Yuzuki（HMR813K）
logknn,logknn
nekomimipunks,nekomimipunks
.com (bot com1),.com（ボットcom1）
mikurun,ミクルン
rbfnrbf (mandarin),rbfnrbf（マンダリン）
baicha,バイチャ
kep (ahokep),Kep（ahokep）
6 yin,6陰
nabenko,ナベンコ
potetos7,potetos7
rumiko (rmeco),ルーミコ（rmeco）
porkjinta,ポリジンタ
jigoku meguri,Jigoku Meguri
sjw kazuya,sjw kazuya
aubz,aubz
noe aoikaba,Noe Aoikaba
denchu (kazudentyu),denchu（kazudentyu）
goten (510gensoku),Goten（510Gensoku）
nontao,ノンタオ
kaiware-san,Kaiware-san
takahashi ren,高橋ren
sinccubi,sinccubi
irouha,アイロハ
earlgrey,アールグレイ
moriya naoki,モリヤ・ナーキ
redlight,redlight
shirota69,Shirota69
yun ling,ユン・リン
kurozero,クロゼロ
urokozuki,ウロコズキ
cheunes,チーンズ
milin (orange maru),ミリン（オレンジマル）
miyatsuki itsuka,ミヤツキ島
kimuti-g,キムティ-G
takanashi akihito,城田城
arudebido,Arudebido
uka (color noise),UKA（カラーノイズ）
muro,ムロ
takamoto akisa,高本秋口
illusionk,Illusionk
abriel00,Abriel00
isou nagi,アイソウナギ
arakumachikano,arakumachikano
yo mo,ヨーモ
yeero,YEERO
sivamaron,シバマロン
shino-o,shino-o
velia,ヴェリア
maru-sun,マルサン
yukihama,ユキハマ
crow0cc,crow0cc
cedric (gear art),セドリック（ギアアート）
niea,niea
tagosaku (tatsukiuma0329),Tagosaku（Tatsukiuma0329）
kinubari nerune,Kinubari Nerune
watabonten,ワタボンテン
leer.meer,Leer.Meer
itsudzumi,itsudzumi
nadia kim,ナディア・キム
saitou rokuro,Saitou Rokuro
garter-velvet,Garter-Velvet
mitsukuni,ミツクニ
regiana (jubi),レジアナ（ジュビ）
muju,ムジュ
yuyumatsu,ユユマツ
cariboy,カリボイ
key747h,key747h
goya (xalbino),ゴヤ（xalbino）
a-king,王様
kh (tanakananataka),kh（田中谷）
em s,em s
ninyo (user pddg5877),ninyo（ユーザーpddg5877）
mini mamu,ミニマム
chen bingyou,Chen Bingyou
coruthi,コルティ
aka kan,別名カン
matsuno opa,松野opa
pnk crow,PNKカラス
nabe0721,Nabe0721
teti,teti
muteki soda,ムテキソーダ
arawi keiichi,アラウイ・ケイチ
drag009,drag009
yghm,YGHM
komi shin'ya,コミシンヤ
gobou 1000,Gobou 1000
hachimitsu hinako,玄武と平コ
oshake,Oshake
chocolate (jitong),チョコレート（ジトン）
vesperia,ヴェスペリア
pjman,pjman
kotomi (happy colors),コトミ（幸せな色）
bloody0rabby,Bloody0rabby
hachiman (douno),ハチマン（ドーノ）
agaki anko,アガキ・アンコ
konfuzikokon,Konfuzikokon
kuroten,クロテン
yumeko (yumeyana g),Yumeko（YumeyanaG）
hoshi mikan,ホシミカン
yagi (shiro yagi),Yagi（yiro yagi）
mud (artist),泥（アーティスト）
nishikino kee,ニシキノ・キー
a-shacho,a-shacho
akechi shizuku,明石和口
makino harumaki,ハルマキ島
keureu (tiqkdtiqkd10),keureu（tiqkdtiqkd10）
animahakim,アニマハキム
tomura2maru,Tomura2maru
munseonghwa,ムンソンワ
congqian you ke xing,Congqian You ke xing
krs (karasu),KRS（カラス）
karasu btk,Karasu btk
kistina,キスティナ
sen (daydream 53),セン（Daydream 53）
hika (cross-angel),hika（Angel）
komugiko no mori,komugiko no mori
kazakura,カザクラ
sanotsuki (mochi0101 831),石井（0101 831）
risshu,リスシュ
oshino yeye,Oshin0（Zheng）
momoya show-neko,モモヤショーネコ
meiro (yuu),Meiro（Yuu）
yukinon (tsuki koubou),Yukinon（Tsuki Koubou）
gufu (guffuumu),グフ（guffuumu）
inu777,INU777
mirakururu,ミラクルル
sanae (satansanae),サナエ（サタンサナエ）
mizuki takehito,Mizuki Takehito
fujimaru (green sparrow),藤原（緑のスズメ）
zky (oekaky),Zky（oekaky）
neko yume,ネコ・ユメ
dm (dai miao),DM（dai miao）
shiika sadamasa,Shiika Sadamasa
yuukichi,ユキチ
saiko dagashi,Dagashiの西口
jajala,ジャジャラ
shihou haru,hihou haru
popuru,ポピュル
urayamashiro (artist),urayamashiro（アーティスト）
mono (mono60),モノ（Mono60）
catsubun (kkst0904),catsubun（kkst0904）
kouzuki (reshika213),コウズキ（reshika213）
ameno shigure,Ameno Shigure
hiyamizu yukie,hiyamizu yukie
hikimaru,hikimaru
locon,ロコン
botamochi (exwelder),ボタモチ（exwelder）
azuazu 0405,Azuazu 0405
kyle (kysizzle),カイル（kysizzle）
kyufe,キューフェ
nana (nanalog76),ナナ（nanalog76）
tansan daisuki,タンサン・デイズキ
furai,furai
shiguri,shiguri
thisuserisalive,Thisuserisive
yoiti,yoiti
kentairui,ケンテアウイ
touma kisa,Touma kisa
kinaco 4738,キナコ4738
ditienan ddn,ディティエナンddn
nachoz (nachozart),ナチョス（ナチザート）
hanji (hansi),ハンジ（ハンシ）
viper18,10 cws
regua,レジュア
fuuna thise,フーナthise
kobayashi nyoromichi,nyoromichi
oniku (oniku029029mm),oniku（oniku029029mm）
dootmoon,Dootmoon
muutsu (maxwell0916),ムートス（maxwell0916）
takahashi myojin,高橋・メイシン
ameng (katena1990),Ameng（Katena1990）
momimaki,momimaki
motonaga hiroya,Motonaga Hiroya
vetania,ベタニア
sukuna136,sukuna136
nakamura nagare,中村ナガレ
ap bar,APバー
seiya (iiseven),seiya（iiseven）
paruno,パルノ
ryu seung,リュウ・スン
rifleman1130,rifleman1130
haidollo,ハイドロ
sabou san-shitsu kokoro,サボウサンシツココロ
sora (silent square),ソラ（サイレントスクエア）
todoroki masaru,sho（sho lwlw）
kitsune23star,kitsune23star
paayan (hagakinorock54),Paayan（hagakinorock54）
gm (ggommu),GM（GGOMMU）
ritence,儀式
kamita,カミタ
eha7y,eha7y
ishinoyari,石島
amagimei,amagimei
fatalbug896,datalbug896
cocoablue23,cocoable23
kappa modoki,Kappa Modoki
un nm5sy,un nm5sy
hinata kokage,日向コケージ
yamikota,ヤミコタ
eita 789,EITA 789
yumi (careca398),ユミ（careca398）
rynn (rynn cube),Rynn（Rynn Cube）
aimpoleume,aimpoleume
orqz,orqz
chukachuka,チュカチュカ
hogey nk-2000,Hogey NK-2000
oka (umanihiki),岡（ウマニヒキ）
esan (llamaesan),エサン（llamaesan）
adyisu,adyisu
yugo (yugotme97),yugo（yugotme97）
jpc,JPC
sannio,サンニオ
ini (mocomocccos),ini（mocomocccos）
bioroid hei,Bioroid hei
momoko (momoko14),Momoko（Momoko14）
kotowari (newtype kenkyuujo),Kotowari（newtype kenkyuujo）
toi (number8),toi（number8）
mito itsuki,ミト・イツキ
hilamaru,ヒラマル
nsfwolf,nsfwolf
iwao (pixiv258710),Iwao（pixiv258710）
en (enxxx),en（enxxx）
rikopin,リコピン
master (4th),マスター（4番目）
himemura saki,ヒメムラ・サキ
kyoka hatori,キョウカ・ハトリ
herigaru (fvgyvr000),herigaru（fvgyvr000）
pizza man,ピザ男
monteriakitto,モンテリアキット
neytirix,Neytirix
ryuu (tsukinoyuki),ryuu（ツキノユキ）
ebi tendon,ebi腱
dekasudachin,Dekasudachin
tatsuta age,タツタ時代
takamachiya,タカマチヤ
satobitob,Satobitob
sasuga kei,Sasuga Kei
makise minami,Makise Minami
muneyuki,ムネイーキ
akai ronii,アカイ・ロニイ
kawa683,Kawa683
aro (charged time out),aro（充電されたタイムアウト）
kevin.g.tuck,Kevin.G.Tuck
danfer3,danfer3
tsukikanade,ツキカネード
toma tokage,トマトカージ
tsumetsume zerii,Tsumetsume Zerii
ph.,ph。
yayaziiii,yayaziii
minutachi,ミヌタチ
amagai yukino,アマガイユキノ
nuneno,ヌネノ
takeuma,テイクマ
7aka ne11,7aka Ne11
renatus.z,renatus.z
nujima,ヌジマ
rikumoto yoshiyuki,ヨシユキリクモト
misashi (raichi821),ミラシ（raichi821）
fuji tsugu,富士通り
ein (long cake),アイン（ロングケーキ）
piiko (aa doushiyou),ピコ（aa doushiyou）
kikurina,キクリナ
cosmic bear,宇宙のクマ
wang-pac,王パック
herokick,ヘロキック
34no404,34NO404
mikuni (open-ranka),ミクニ（オープンランカ）
barufoa,バルフォア
neroma shin,Neroma Shin
hally,ハリー
takayama dan,高山ダン
suweeka,suweeka
yuyu (spika),ユユ（スピカ）
satolive20,satolive20
kakuzatou (satousatotototo),kakuzatou（satousatototo）
hihiyama yokikana,hihiyama yokikana
kirisame0729,kirisame0729
yukiko (leovioykk),ユキコ（leovioykk）
cipozhong yundepeitela,Cipozhong Yundepeitela
mikan 29344886,ミカン29344886
murasaki (murasakiiro no yoru),村崎（ムラサキイロヨルー）
nokia (nm),nm（tshell2761）
hichi,hichi
nekomimi kanon,ネコミミ・カノン
mushiao,ムシアオ
auraaa,auraaa
yoyohachi,ヨーハチ
heckler kai,ヘックラー・カイ
io (maryann blue),IO（Maryann Blue）
sakurayu haru,サクラユ・ハル
tigern,タイガーン
secretbusiness,秘密のビジネス
armcho,アームチョ
lilithbloody,lilithbloody
mji (emucchi),Mji（Emucchi）
misuta710,Misuta710
nekosama shugyouchuu,Nekosama shugyouchuu
fujisawa kamiya,藤沢kamiya
coffeechicken,compeechicken
takahara,高原
kawaku,川ku
wk (low-f),WK（ローフ）
kunitori,kunitori
ichikawa saasha,一川サシャ
mikokomiyazawa,ミココミヤザワ
akizuki hakuto,明迎え
soono (rlagpfl),SOONO（rlagpfl）
shiromaru illust,Shiromaru Illust
yukamikayu,Yukamikayu
pera,ペラ
shimoguchi tomohiro,Shimoguchi Tomohiro
paskmel,パスクメル
amazou,驚く
muryo,ムリオ
awai shiro,アワイ・シロ
vegetablenabe,ベジタブネーベ
inika,イニカ
busujima (kusahana),busujima（Kusahana）
nohtuy,nohtuy
creeeen jjang,Creeeen Jjang
not on shana,シャナではありません
pretty mundane,かなりありふれた
ruohire,ruohire9
ari (bleum),ari（bleum）
shirane taito,Shirane Taito
yuutousei,Yuutousei
hatori piyoko,ハトリ・ピヨコ
valentina tavolilla,バレンティーナ・タボリラ
bobokuboboku,Bokuboboku
nexas,ネクサス
panoramango,パノラマンゴ
nazo (mystery),ナゾ（ミステリー）
kurosawa karura,黒崎カルラ
212 (kisaragi),212（kisaragi）
ginka sima,Ginka Sima
cocodar,Zinnkousai3850
denki,デンキ
moruga,モルガ
ao-shiba,ao-shiba
coffee-break,コーヒーブレイク
ray peng,レイペン
chimaki (impressiveanarchy),チマキ（印象的省）
rj (lingshih10),RJ（Lingshih10）
murakami meishi,村上meishi
kooemong,クーモン
tsukira (amayadori),津波（アマヤドリ）
gfpebs,gfpebs
frischenq,frischenq
masgamjya,Masgamjya
take toshiaki,トシアキを取ります
nise nanatsura,Nise Nanatsura
sazanami shione,Sazanami Shione
kyabakurabakufu,Kyabakurabakufu
asakura hayate,浅草ハヤテ
kisekisaki,キセキサキ
mgx0,MGX0
maitora,マトラ
yj (yojo san),YJ（Yojo San）
reroi,REROI
rupinesu,ルピネュー
fuuka (fukasheu),福音（fukasheu）
aaoshigatoutoi,aaoshigatoutoi
suisen toire (moko924),Suisen Toire（Moko924）
yottan,ヨッタン
duca,ドーカ
aoinu,aoinu
sao (0060),SAO（0060）
moekyon,モエカン
tk4,TK4
tsuki-shigure,津波
ibukichi,イブキチ
wasabisuke,sabisabisuke
anoa,アノア
flarefox,フレアフォックス
rakkidei,ラッキデイ
po ppe,po ppe
hibi tsuna,hibi tsuna
yeun,Yeun
sirosoil,シロソイル
mitsu yomogi,Yomogi Mitsu
hamaru (s5625t),ハマル（S5625T）
etomai,エトマイ
veilrain,ベイルレイン
haine,ハイネ
kawasaki kazuhiko,川崎和子
ritsuki,リツキ
moyachii,Moyachii
harumi (harumix),harumi（harumix）
minamo (minamoto minamo),ミナモ（PIXIV17726065）
hanayama (inunekokawaii),花山（innunekokawaii）
kenji (suisounobeta),カリ・ケンジ
rabe26k,rabe26k
cromwaits,クロムウェイト
max-k,Max-K
takefu jiin,Takefu Jiin
gyorui (katsuwo drawing),Gyorui（Katsuwo Drawing）
eriol s2,エリオールS2
colorfag,ColorFag
pine (angel4195202),松（Angel4195202）
omodaka (nitera1041),オモダカ（nitera1041）
nameko houshi,nameko houshi
hakase yurisuki,ハカゼ・ユーリスキ
4me 4ma,4me 4ma
suinose,スイノース
mato kuroi,マトクロイ
emu (trigger),emu（トリガー）
alt (ctrldel),alt（ctrldel）
atamonica,アタモニカ
neru5,neru5
asama (drift in),浅野（ドリフトイン）
bordeaux black (voice actor),ボルドーブラック（声優）
kukoi,クコイ
mukouyama mu,Mukouyama Mu
elina (eri15),エリナ（ERI15）
miyashiro sousuke,宮島sousuke
kozuka yasushi,ヤスシコズカ
iwa (iwafish),IWA（IWafish）
gene (gear gene),遺伝子（ギア遺伝子）
uchako,ウチャコ
sophie (693432),ソフィー（693432）
pig ggul,豚のggul
inori (xyz5568),inori（xyz5568）
hiiragi akio,hiiragi akio
nijou katame,nijou katame
heartsix,Heartsix
instanttnoodle,instanttnoodle
clona,クロナ
jamgom,ジャムゴム
wogura,ウォーグラ
rourouki,ルルーキ
mifuta,ミフタ
kamitani george,カミタニ・ジョージ
maizken,Maizken
io (io oekaki),IO（Io oekaki）
itou takeshi,itou takeshi
to e,eに
yomogi komegura,ヨモギコメグラ
yugake (mrnmrm),yugake（mrnmrm）
minazuki tooru,ミナズキ・トール
omo (saindoc),OMO（H98013114）
ishihara souka,石原souka
koomoi,koomoi
minted,造られた
danshaku,ダンシャク
takepon,Takpon
kyouno aki,キョウノアキ
jyura,ジュラ
shake sawa,SAWAを振る
chuuta (+14),チュータ（+14）
takeko spla,Takeko Spla
murabito,ムラビト
kamisuki,カミスキ
take tonbo,トンボを取ります
hino (2nd life),hino（2番目の人生）
souno kazuki,Souno Kazuki
pekoneko,ペコネコ
timo wei95,Timo Wei95
suzushi moruto,スズシ・モルート
minapo,ミナポ
koya,コヤ
sizma,シズマ
uruo,ウルオ
ochakai shin'ya,ochakai shin'ya
jinjide shaonian,Jinjide Shaonian
eda (prsy3),EDA（PRSY3）
remora180,Remora180
kashi kosugi,kosugi kashi
ginko (nico),ギンコ（ニコ）
sugi 214,SUGI 214
u-joe,u-joe
yas (35373),YAS（35373）
harikamo,ハリカモ
mitsukazu (nijigen complex),ミツカズ（ニジゲンコンプレックス）
piston ring,ピストンリング
kitano tomotoshi,北野王子
tomifumi,トミフミ
noname (nowhere),NONAM（どこにもありません）
kohaku muro,Kohaku Muro
keiryuu seo,Keiryuu Seo
noumiso,ヌミソ
qianqiu wanxia,Qianqiu wanxia
horoyuki (gumizoku),ホロユキ（グミゾク）
imachireki,imachireki
denpaken pochi,デンパケン・ポチ
sakurasawa yukino,桜崎Yukino
karmiel,カルミエル
rankasei,rankasei
fori,fori
sirurabbit,Sirurabbit
shangzi,シャンジ
maitou,マトウ
gr greeze,gr greeze
tsukioka kirio,津波キリオ
hazuki kyou,清水
nayuhi (yukimuu14),Nayuhi（Yukimuu14）
stack (sack b7),スタック（袋b7）
etyaduke,エチャデケ
tony man+,トニー・マン+
hageshii nakano,hageshii nakano
go-lurk,ゴールーク
dotsuco,dotsuco
regition,規制
tamagogogo,タマゴゴ
kayama benio,カヤマベニオ
kakinoki mikan (kari),カキノキ・ミカン（カリ）
arykei,アリケイ
nagao uka,ナガオワ
jaaku (ra 9rara),jaaku（ra 9rara）
tomatomagica,トマトマジカ
lendivere,貸し手
robokeh,ロボケ
toba yuga,ウサン
mitsuha (bless blessing),ミツハ（祝福の祝福）
thaumana,タウマナ
ogata zen,オガタゼン
matsuuni,マツニ
kano hito,カノ・ヒト
clash kuro neko,クラッシュクロネコ
yuyuzuki (yume usagi),ユユズキ（うねうユメ）
yonoki,ヨノキ
kuro (blackpgmickey),クロ（blackpgmickey）
tonan (l0l0l0l0l0l),トナン（L0L0L0L0L0L）
yuzu sato,佐藤ゆ意
taiger,タイガー
daroon5,daroon5
lasts,持続します
aiamu iamu,アイアム・イアム
kujiramaru,クジラマル
narita tamezou,Narita Tamezou
furutori,furutori
natch imaycz,natch imaycz
deko isu,Deko isu
diving penguin,ダイビングペンギン
uramoto kouji,ウラモト・コウジ
nemari (nemaru 0907),ネマリ（ネマル0907）
suzuya (maru),スズヤ（マル）
kisaragi hina,kisaragi hina
sakamoto ahiru,坂本アヒル
soap (user kghh4755),SOAP（ユーザーKGHH4755）
pyonsan,ピオンサン
satoyasu,サトヤス
jiyasu,柔術
takao (88499191),タカオ（88499191）
pepeo,ペペオ
suika aji,スイカ・アジ
taplaos,タプラオス
niwatori panda,ニワトリ・パンダ
arisugawa bii,arisugawa bii
nakamori kemuri,ナカモリ・ケムリ
mune,ムネ
sui (petit comet),sui（​​プチメット）
purumetal,プルメタル
nakta,ナクタ
meri-san,メリさん
ikag,ikag
shiratama (siratama ll),Shiratama（SiratamaLL）
shiraishi (siraisi00),Shiraishi（Siraisi00）
touhourh,Touhourh
okuda yousuke,Yousuke
lee-taro,リー・タロ
piisu,Piisu
mabataki,マバタキ
yutapon,yutapon
dende (dndn222),デンデ（DNDN222）
mizz peachy (voice actor),ミズ・ピーチ（声優）
hidakarumen,ヒダカルメン
tallgeese (lgeesel),トールギー派（lgeesel）
ootani nonno,ootani nonno
ytoy,ytoy
riki6,riki6
niwaka potato,ニワカポテト
if f,fの場合
taniya raku,タニヤ・ラク
pandarou,パンダロウ
yamigo,ヤミゴ
yoshino momiji,ヨシノ・モミジ
dingding (chongsangjun),ディンディング（Chongsangjun）
fuku kitsune (fuku fox),Fuku Kitsune（Fuku Fox）
c8oyk,c8oyk
endou tatsuya,エンドウ・タツヤ
arnold tsang,アーノルド・ツァン
makoto ono,マコトノ
gar (gagaga honpo),目（mememem）
mimamui,ミマムイ
ellipsis (mitei),省略記事（mitei）
gegera,GEGERA
fizz (pixiv34498626),Fizz（pixiv34498626）
aioi u,aioi u
goriyaku,ゴリヤク
fushimi asuha,Fushimi Asuha
tunamayochan,トナマヨチャン
paopa ship,パーパ船
onoe,オノエ
ogera okera,Ogera Okera
orange bullet,オレンジ色の弾丸
hikabe sakuho,hikabe sakuho
fujisaka kuuki,藤井kuuki
maro (lij512),マロ（lij512）
tsuti,Tsuti
amasa mitsunaru,アマサ・ミツナル
makirin,マキリン
nakamura sandayo,中村Sandayo
nichiru,ニチル
redforge,Redforge
xes (xes 5377),XES（XES 5377）
cr72,CR72
guttia,ガッティア
banboro (technobot),バンボロ（テクノボット）
shimanoji,シマノジ
kava,カバ
minato (robin),港（ロビン）
kasasasagi,川崎
nectar (fujiya),ネクター（富士）
haruyonoto,ハルヨノト
ashiya hiro,Ashiya Hiro
kanda aya,カンダ・アヤ
zan nekotama,Zan Nekotama
azmodan,アズモダン
noruren,ノルレン
amesawa mokke,アメサワ・モッケ
shiohari kanna,シオハリ・カンナ
niwasane (saneatsu03),ニワサン（saneatsu03）
kyaroru,京手
kodamazon,コダマゾン
tea/pot,ティー/ポット
wano (azayakam),ワノ（アザヤカム）
nyanyanoruru,ニヤノルル
asakura masatoki,浅瀬田ma
shiro tsugumi,shiro tsugumi
geonjeonji,Geonjeonji
dd (giogio99),DD（giogio99）
hiragi ringo,平ジ・リンゴ
lemonrou,lemonrou
asurada yui,Asurada Yui
tubuan oisii,Tubuan oisii
kiki-yu,キキ・ユ
nako (nekono shippo75),Nako（Nekono Shippo75）
ura dora,ウラ・ドラ
khrnnfz,Khrnnfz
reon (saikyou),reon（saikyou）
e draw paint,eペイントを描きます
kotoha (kotoha65),コトハ（kotoha65）
zutsuyaku,Zutsuyaku
zieru,Zieru
sasakure (mogunonbi),sasakure（Mogunonbi）
syukurin,シュクリン
q-bee (aaru),Q-bee（aaru）
samo (shichun samo),サモ（サモ清）
hamuhamu,hamuhamu
nai (cnoadi8),nai（cnoadi8）
shuangbatian,shuangbatian
roku no hito,roku no hito
eu (euspia),EU（Euspia）
gatchapowa,ガチャポワ
midori aoi,ミドリ・アオイ
nip to chip,チップにニップ
poho,ポホ
lengchan (fu626878068),Lengchan（FU626878068）
ukita uuko,ウキタウコ
bayashiko,バヤシコ
nanam (nanam sk),ナナム（ナナムSK）
aki eda,Aki Eda
mito (calcomer),ミト（カルマー）
togusa masamu,トグサマサム
asasow,Asasow
masaya ichika,マサヤ・イチカ
mepo (raven0),Mepo（Raven0）
annlu vazzel,Annlu Vazzel
jin nai,ジンナイ
kousa (black tea),クーサ（紅茶）
kiiro kimi,キイロ・キミ
nash (na-si),ナッシュ（na-si）
niwabuki,niwabuki
jenson tw,ジェンソンTW
amg (nwmnmllf),amg（nwmnmllf）
komi (komiking),コミ（コマイキング）
yoshizane akihiro,ヨシザネ・アキヒロ
siwasunohige,シワスノヒゲ
royalwatts,Royalwatts
awatake takahiro,アワタケタカヒロ
okomeuma,オコメマ
hidezi,hidezi
hobak,ホバック
mihatarou,ミハタロウ
meago,Meago
marmaladica,マルマラディカ
dododo dadada,ドドドダダダ
bomi,ボミ
npa (sirokurokuma),NPA（sirokurokuma）
takenoko mgrc,Taukoko mgrc
kitazume kumie,Kitazume Kumie
moge-hera,Moge-Hera
hirako,hirako
kisa (k isa),キサ（k isa）
an-telin,アンテリン
soveno,ソベノ
migu (migmig),Migu（Migmig）
klegsart,クレグサート
hironii (hironi3),hironii（hirofactory）
kimblee,キンブル
rato,ラト
mobu 45,MOBU 45
ringo komachi,リンゴコマチ
yuksi,ユクシ
joypyonn,Joypyonn
fu yukari,フーユカリ
sasuke (sasuke no sato),サスケ（サスケー佐藤）
cucchiore,Cucchiore
yugami gooshu,Yugami Gooshu
tachi (gutsutoma),タチ（腸腫腫）
kawajuu,カワジュウ
sugiyama nobuhiro,Sugiyama nobuhiro
akitaka mika,アキタカミカ
squidsmith,squidsmith
matsuoka michihiro,松田michihiro
dakkusu,dakusu
uedrk yamato,uedrk yamato
hari611,Hari611
sena kizahashi,セナ・キザハシ
ippo,IPPO
kensight328,Kensight328
hanchou (shirokun555),hanchou（shirokun555）
sentape,歩み
prophet chu,預言者チュー
touma rui,Touma Rui
kozy,コジ
shun no shun,shun shun
sudako (dai011305),Sudako（Dai011305）
namamugi (yuroom),ムギ（iccomae）
shiosato jun,Shiosato Jun
rikuwo,rikuwo
carchet,カーシェ
akasaka asa,アカサカアサ
laejjo,ブラックジョア
zawar379,ZAWAR379
simplecar,Simplecar
suzuki nago,スズキ・ナゴ
yahiro (heartseek000),ヤヒロ（heartseek000）
spleeny,脾臓
ari don,アリドン
ronopu,ロノプ
miyako (mongcocoa),ミヤコ（モンココア）
gin (gin937),ジン（gin937）
pokashi,ポカシ
yozu (yozu0420),ヨズ（Yozu0420）
hontani toshiaki,Hontani Toshiaki
betei,ベテイ
yushima,ゆく
zap-nik,zap-nik
nasuuni,ナスウニ
shinonome mozuku,シノノメモズク
centi mnkt,Centi mnkt
makita (twosidegekilove),マキタ（Twosidegekilove）
yuzuttan,ユズッタン
zetsuriinu (kairyougata),Zetsuriinu（Kairyougata）
norori,ノロリ
meettheton,Meettheton
numachi doromaru,ヌムチドロマル
honami (yths4221),ホナミ（yths4221）
unk kyouso,Unk Kyouso
red-eyes macadamiachoco,赤目マカダミアココ
meadow (morphinecaca),メドウ（モルフィネカカ）
komado riru,クロレッツ
mizune (winter),粘液（冬）
mochiyuki (gigfor1),モチユキ（gigfor1）
hcz n,HCZ n
katoributa a,Katoributa a
tk (butakuma),TK（ブタクマ）
supullim,Supullim
notnoe (dxcl),notnoe（dxcl）
uzukinoko,ウズキノコ
re:rin,Re：rin
toranoe,トラノエ
roah,ロー
kuroino (0kuro8ino6),クロイノ（0kuro8ino6）
iceky,アイスキー
miyakoji (plokmtamako),ミヤコジ（plokmtamako）
kurumiyasan ns,クルミヤサンns
duto,Duto
flee ad,広告を逃がします
ishii takamori,Ishii Takamori
kaneko (bblogtinhan),カネコ（bblogtinhan）
erospanda,エロスパンダ
haho,ハホ
joka (night gate),ジョカ（ナイトゲート）
shimesaba kohada,Shimesaba Kohada
otoufu (wddkq314band),otoufu（wddkq314band）
rean (r ean),rean（r ean）
da (datako),da（datako）
luren max,ルーレン・マックス
nakachiruno,ナカチルノ
takapiko,タカピコ
cp9a,CP9A
hotondo shindeiru,ほぼdeadbydawn
wasabi shoujo,わさびshoujo
fujinohara akihira,藤野akihira
marsen,マーセン
idora (idola),イドラ（アイドラ）
sudou noboru,sudou noboru
asahi (zabaniyan),アサヒ（ザバニヤン）
ryp,RYP
shinryou rei,Shinryou Rei
kuri (shibimame),kuri（shibimame）
pun-rii,Pun-rii
bobomaster,ボボマスター
sunaya yanokura,スナヤヤノクラ
jinjin,ジンジン
ace rocket,エースロケット
kitsune-tsuki (getter),キツネ・ツキ（ゲッター）
pierorabu,ピエロブ
fabri,ファブリ
yonerinoko (banberabu),Yonerinoko（Banberabu）
akikazu mizuno,akikazu mizuno
shiina aoi,Shiina aoi
jonasan (bad-t),ジョナサン（バッド-T）
umemaneneco,悪夢の猫
hidarikiki,hidarikiki
morimiya masayuki,モリミヤマサユキ
zhiyou ruozhe,zhiyou ruozhe
sylphine,シルフィン
ten piboshi,10ピボシ
touge hiro,Touge Hiro
oreshika,オレシカ
numako,numako
jaga note,ジャガノート
dbz (misaki339),DBZ（MISAKI339）
sui (tsuruhibiki),sui（​​tsuruhibiki）
akamtvahosi,Akamtvahosi
tetopetesone,テトペテソン
ikura hato,イクラ・ハト
nekoneko,ネコネコ
lim jaejin,リム・ジェジン
9nojo,9nojo
sasagawa (haikaiki),佐川（俳句）
kankurou,漢方
meihemu,Meihemu
suzuki moeko,スズキ・モコ
pmlial,PMLial
mitu yang,ミトゥヤン
goripan,ゴリパン
yada (xxxadaman),ヤダ（xxxadaman）
gen (genetrix),gen（genetrix）
shenaidi,shenaidi
ran (9ens2000),ran（9ens2000）
amei sumeru,Amei Sumeru
apple ringo,Apple Ringo
tuoer,Tuoer
mario kaneda,マリオ・カネダ
kotarou (rakugaki shirushi),Kotarou（rakugaki shirushi）
honoji,ホノジ
irogomi,イロゴミ
shippori,清い
mrr 05,MRR 05
waterstaring,空軍
rovintus,ロビントス
ttegi (ddeck dg),Ttegi（ddeckdg）
junshiki,ジュンシキ
umeno ryuuji,Umeno ryuuji
ushihashiru,ushihashiru
rakuga kiya,rakuga kiya
sasha chii,サーシャ・チー
cuivre,キーヴル
kohe billialot,Kohe Billialot
slope (check238),勾配（check238）
ha en,ha en
yoppy,ヨッピー
kamejiro (sasakame),カメジロ（ササカメ）
yazuka,ヤズカ
araki hirohiko,アラキ・ヒロヒコ
k.j.,K.J.
makinakid,マキナキッド
manabe mana,マナベマナ
asashin (asn),asashin（asn）
masuo,マスオ
ryein,ライネ
cavalry (maslow),騎兵（マスロー）
kobayashi kabura,小林小田
jun wei,ジュンウェイ
leng wa guo,Leng Wa Guo
torso (hjk098),胴体（HJK098）
hua ming wink,Hua Ming Wink
umeno shii,Umeno Shii
miri (miri 1m),ミリ（ミリ1m）
aosora neko,Asora Neko
thejunebug,TheJunebug
yakisoba ohmori,ヤキソバオモリ
surume aburi,Sureume Aburi
ae iueo,ae iueo
hatsune negame,Hatsune Negame
poroze,ポロゼ
gio (maroon0924),GIO（Maroon0924）
zenyu,ゼニュ
hanada (cobalt003),ハナダ（cobalt003）
metallican,メタリキャン
herayoshi,ヘラヨシ
peshita,ペシタ
mamemo (daifuku mame),マメモ（ダイフクマメ）
truffleduster,トリュフスター
kouguchi moto,コウチ・モト
takai isshiki,タカイ・イスシキ
shinkawa youji,shinkawa youji
hakuto (28syuku),hakuto（28syuku）
labotamochi,Labotamochi
runaru,ルナル
xukong,Xukong
mokottsu,モコッツ
pippin (pippin sol),ピピン（ピピンソル）
ildy,イルディ
juke,ジューク
no (xpxz7347),いいえ（xpxz7347）
pisoshi,ピソシ
sazanka,サザンカ
lirseven,リアーブン
metal man10,メタルマン10
kedama (kedama akaza),kedama（Kedama akaza）
nagul,ナグル
hato no suisou,hato no suisou
pulp piroshi,パルプピロシ
feiton,ファイトン
kaminary,カミナリー
kururi,クルリ
reio reio,reio reio
maemi (maemi12),Maemi（Maemi12）
sakake asobi,sakake asobi
yashichii,yashichii
01 0219,01 0219
tibino,ティビノ
k kanehira,K Kanehira
147,147
oono imo,Oono Imo
katou kaiou,katou kaiou
colis (regunm772),colis（regunm772）
hino ryutaro,日本鉄
yamadori seika,ヤマドリ・セイカ
tel,電話
balance (superdust),バランス（スーパーダスト）
neon (hhs9444),ネオン（HHS9444）
satou satoru,サトゥ・サトゥ
monpuchi,モンペチ
sk02,SK02
donnpati,donnpati
kinty,キンティ
mozuno (mozya 7),モズノ（モジヤ7）
meicha,マイチャ
kaieda hiroshi,カイエダ・ヒロシ
cheong ha,チョンハ
kyouyasai4423,Kyouyasai4423
mogupuchi,モグプチ
ibuki (abuki),イブキ（アブキ）
aoihitsuji,aoihitsuji
mishuo (misuo69421),ミシュオ（misuo69421）
kami tora,カミ・トーラ
hosaka dx,Hosaka DX
philtomato,フィルトマート
sakebuotoko,asybuotoko
arata toshihira,アラタ・トシヒラ
sakurato tsuguhi,Sakurato tsuguhi
ueda katsuhito,上田katsuhito
emu (toran),エミュー（トーラン）
cojohn,コジョン
kio shimoku,キオ・シモク
xelgot,xelgot
chamu (chammkue),チャム（Chammkue）
dr altruist,博士アルトルイスト
suaynnai wanzi,suaynnai wanzi
naoel (naoel art),Naoel（Naoel Art）
hiromumaru,ヒロムマル
porary,口孔
jip,ジップ
uuron (nkktmrrr),uuron（nkktmrrr）
kijibato 123-gou,キジバト123-gou
nira (nira box),ニラ（ニラボックス）
shakkiyi,shakkiyi
eleaaa,Eleaaa
cl (h-sys.),cl（h-sys。）
shugo19,shugo19
kankitsurui (house of citrus),カンキツルー（柑橘類の家）
metae,メタ
kie (yospcd),Kie（Yospcd）
fig (lchijiku),イチジク（lkijiku）
tigern (tigern28502735),Tigern（Tigern28502735）
rhine (overtonerhine),ライン（オーバートンハイン）
misuke (gyouran),Misuke（gyouran）
narita rumi,ナリタ・ルミ
zen (jirakun),ゼン（ジラクン）
satofuji masato,サトウジ・マサート
yuuryuu nagare,ユリウウ・ナガレ
drakente,ドラケンテ
irarei (araisanblog),irarei（araisanblog）
bouhatei (t-back),bouhatei（t-back）
kinagi (3307377),キナギ（3307377）
dice coffeedox,ダイスコフィードックス
nai gai hongcha,ナイ・ガイ・ホンチャ
yeosi,ヨーシ
yabunshi,BNC（Bunshi）
morris1611,Morris1611
mooofoo,Moofoo
yuzuyunagi,雪ユナギ
comet (teamon),コメット（チーム）
karpin,カーピン
brick st,ブリックセント
tpi ri,TPI RI
gin (tttetu123),ジン（TTTETU123）
hoicyo,ホイチョ
takahan,タカハン
dyresbroom,ダイレスブルーム
dr. gero (staedtler 0508),博士Gero（Staedtler 0508）
ri-ko,ri-ko
odoro (nicoseiga81184094),odoro（nicoseiga81184094）
pfalz,pfalz
sylux,Sylux
mzyk,mzyk
hsch,HSCH
katachi noboru nishikino,カタチ・ノボル・ニシキノ
kimuwaipu,キムワイプ
greave (asterism),グリーブ（アステリズム）
oretsuu,oretsuu
popcorn 91,ポップコーン91
nanakusa,ナナクーサ
kurosawa tetsu,黒崎TETSU
nono (norabi),nono（norabi）
zhi zhi/zu zu,Zhi Zhi/Zu Zu
yagita (astronomie),Yagita（天文学）
tanabe (studio tiamat),ターナベ（Studio Tiamat）
tennouji masamichi,Tennouji masamichi
ichihachiyon,イチハチヨン
yuria (kittyluv),Yuria（kittyluv）
ina (mikamixx),xxinainaxx
moai (aoh),モアイ（aoh）
kuramochi kyouryuu,Kuramochi Kyouryuu
kiyakyuu,kiyakyuu
mimuni362,Mimuni362
fhang,ファン
mintchoco (orange shabette),ミンチココ（オレンジシャベット）
psychopath idiot,サイコパスの馬鹿
isshoku (shiki),Isshoku（Shiki）
hiragi rin,平ジリン
akasia,アカシア
amau (kosmos),アマウ（コスモス）
koujima shikasa,小島shikasa
sano sanoko,サノ・サノコ
kuon (nokokopopo),クオン（nokokopopo）
hinazuka ryou,hinazuka ryou
abusoru,虐待
oasis (magnitude711),oasis（magnitude711）
saltyicecream,Saltyicecream
rindou (rindou annon),リンドゥ（リンドゥアノン）
sekitaku,sekitaku
marumi,マルミ
kage yuu,Kage Yuu
miyashita miki,ミヤシタミキ
takahashi umori,上うー橋
noveske n4,Noveske N4
pokopi,ポコピ
shinsono shiroko,シンノ・シロコ
wei miao,ウェイ・ミャオ
osaragi mitama,オサラギmitama
rasukusekai,Rasukusekai
nekololisama,ネコロリサマ
hanazuka ryouji,ハナスカ・リョウジ
rion (glayjirobass),rion（glayjirobass）
mutsuno hekisa,ムッツノ・ヘキサ
myuto (advent retribution),Myuto（Advent Retribution）
akesaka iku,Akesaka Iku
moekon,ムーコン
murasaki saki,村崎坂
tangerine (dudu),タンジェリン（dudu）
kurappii,kurappii
tsukiji,津波
rifu (643763873),rifu（643763873）
shiranui (wasuresateraito),shiranui（wasuresateraito）
satsuki atan,さつき_あたん
bowsan,ボウサン
baigao,バイガオ
etceteraart,etteraart
felia hanakata,フェリア・ハナカタ
dl2go,DL2GO
kaomoji (sagor00237),kaomoji（sagor00237）
mikoko1,mikoko1
ororooops,ororooops
tamaru tokihiko,タマル・トキヒコ
takuan (takuanlunch),タクアン（Takuanlunch）
ronna,ロナ
dice gt,サイコロGT
sou mei,sou mei
maido mido,Mido Mido
hourai kochou,hourai kochou
sakuyabm,sakuyabm
oimo 0imo,oimo 0imo
matsuda juukou,Matsuda Juukou
tsumeki,ツメキ
tasuku (tusktouhou4),Tasuku（Tusktouhou4）
bbolalus,Bbolalus
pochi-a,ポチア
yakibuta (shimapow),ヤキブリャ（シマポウ）
yoruniyoruyoshi,ヨルニヨルヨシ
rikkii (likito yuzu is),rikkii（likito yuzuは）
ohako,オハコ
u-sama (u summer0719),u-sama（U Summer0719）
t-track,Tトラック
furumeta,フルーメタ
manda (luts7602),マンダ（luts7602）
umino hotate,Umino Hotate
aru (arudes),aru（Arudes）
hall jion,ホールジオン
scarletsky,スカルレツキー
mushi mushi ex,ムシムシEx
keven (ewdx3754),Keven（EWDX3754）
black (artist),ブラック（アーティスト）
kaedeno yuu,Kaedeno Yuu
ikiyouz,Ikiyouz
rasetsu001,Rasetsu001
hayasaka (a865675167774),Hayasaka（A865675167774）
hoe-l,hoe-l
garyou,ガリョウ
saijou satoru,Saijou Satoru
kokonex,Kokonex
kawamoto toshihiro,川本大子
chan (akuty ikkot),チャン（akuty ikkot）
muchabou,Muchabou
k (sktchblg),K（sktchblg）
manjiduka,Manji Taba
nico-tine,ニコチン
yogukasu,ヨグカス
sakuma shiki,佐藤清
saw272,saw272
kaho (ramb),カホ（ランブ）
shiori (moechin),シオリ（モーヒン）
moriyama daisuke,森山大suke
janload1ng,janload1ng
kumoi takashi,高橋kumo
arai hiroki,アライ・ヒロキ
london inu,ロンドンイヌ
anapom,アナポム
shize (coletti),shize（coletti）
makita (vector1525),マキタ（vector1525）
kakiha makoto,カキハマコト
paperfinger,ペーパーフィンガー
siriuflong,Siriuflong
rin (fuwarin),リン（フワリン）
hiro1984,Hiro1984
koi drake,Koi Drake
hiiro (kikokico),hiiro（kikokico）
yukiiti,ユキティ
kotobuki utage,コトブキのutage
kock k,コックk
agovitch,AgeVitch
kiyose akame,キヨースアカメ
dadada (dadadanoda),ダダダノダ
uzuki tsukuyo,うずまきツクヨ
takatsuki kahiro,高石タカツキ
kappe reeka,Kappe Reeka
musihara,ムシハラ
ximsol182,XIMSOL182
laovaan,laovaan
tylwing,Tylwing
nehitsuji (syatihokoga),nehitsuji（syatihokoga）
supobi,スポービ
okamura (okamura086),岡村（岡村086）
hoshino lily,ホシノ・リリー
adachi shingo,Adachi Shingo
k.m.station,K.M.Station
mathiamo13,Mathiamo13
zanshi,ZANSHI
niji (nijioki),ニジ（nijioki）
dani-ikapi,ダニカピ
sterben,ステルベン
mochi (chain csn),モチ（チェーンCSN）
unohana pochiko,Unohana Pochiko
hirabaru kenji,kenjihirabaru
a.t. zero,で。ゼロ
polorinken,polorinken
cink-knic,シンクニック
somejima,一部のジマ
fura,フーラ
mountain pukuichi,マウンテンプキチ
ijac ray,ijac ray
oritako,オリタコ
mizuyoukan (mikususannda),Mizuyoukan（Mikususannda）
twoframe,twoframe
buta-don,ブタドン
kohige,コヒゲ
ddddecade,ddddecade
eruichi (redphantom),eruichi（redphantom）
eerisyn,Eerisyn
maud0239,MAUD0239
yamanata,ヤマナタ
ban (ban62460424),禁止（ban62460424）
deno (denomina0),deno（denomina0）
sunako (veera),Sunako（Veera）
yuki (snowmaiden),ユキ（スノーマイデン）
harikona,ハリコナ
meginalter,Meginalter
napata,ナパタ
kaneda mitsuko,カネダ・ミツコ
mori kotarou,森コタロウ
takami akio,高木紅
derby (dabidabi),ダービー（ダビダビ）
kiro (kirotayu),キロ（キロタユ）
narakuuu,ナラクウ
nameco (nameco h),Nameco（Nameco H）
karya,カリヤ
laoyepo,laoyepo
egg (cknlun),卵（cknlun）
sota,ソタ
orange-pengin,オレンジペンギン
somemiya suzume,Somemiya Suzume
yotsugi,ヨトギ
pof (peuplierpof),pof（peuplierpof）
cocytus (wind master),Cocytus（Wind Master）
asagiri ai,麻生ai
kakincho,カキンチョ
moyashi baasuto,モヤシバアスト
kuma jet,クマジェット
milssak,Milssak
asagizuisen,asagizuisen
katou yuuki,katou ooki
suzuki puramo,スズキプラモ
rafchu,ラフチュ
kijinaka mahiro,キジナカ・マヒロ
potion lilac,ポーションライラック
cherrymaru,チェリマル
hazakura chikori,ハザクラチコリ
kakimoto nao,カキモト・ナオ
bu li,bu li
b nosk101,b nosk101
mizutama (mao11260510),Mizutama（Mao11260510）
rakujin,ラクジン
nishikasai munieru,西カサイムニエル
afnroll,afnroll
kakutasu,カクタス
yasato,ヤサト
dydydyok,dydydyok
hakai no ika,hakai no ika
andyface,アンディフェイス
tanabe,タナベ
muto dt,Muto dt
tsuyuri eri,ツユリ・エリ
sky kiki,スカイキキ
mugiusagi,ムギウスギ
battlegaregga,Battlegaregga
useq1067,useq1067
oyuyu,oyuyu
aibivy,アイビビー
wr (karakusa senbei),wr（karakusa senbei）
wasabi (wasalongt),わさび（ワサロン）
taniguchi daisuke,谷口大suke（surumenium）
muki (muki kunxd),ムキ（Muki Kunxd）
chikugen shiina,チクゲン・シーイナ
hicha nomu,hicha nomu
oyabun (higashi),Oyabun（Higashi）
roki (0214278),roki（0214278）
lovelyme,Lovelyme
pan koujou,パン・コジュー
yamato tachibana,ヤマトタチバナ
nagata nagato,ナガタ・ナガート
sakayaki (burning soul),坂下（バーニングソウル）
namisaki yuka,ナミサキユカ
tanyatonya,ターニトニャ
shiimai,shiimai
ren (endscape20),ren（endscape20）
miyamaru,ミヤマル
taisinkoku,タイシンコク
yachimoto,Yachimoto
tonton (tonz159),トントン（tonz159）
toudou charo,toudou charo
cleanerjay,cleanerjay
yoshikita popuri,ヨシキータポプリ
maryquant,メアリークアント
yamaguchi ugou,山口ugou
madhatter hello,Madhatterこんにちは
idk-kun,idk-kun
ougi (ihayasaka),ougi（ihayasaka）
okari,オカリ
aoi (kirabosi105),aoi（kirabosi105）
nido celisius,ニドセリシウス
nunnun (shunka shuutou),ヌンヌ（Shunka Shuutou）
kazuoki,カズキ
labombardier!,Labombardier！
siqi (miharuu),Siqi（Miharuu）
iwashi 111,岩橋111
poco24,poco24
hao (haozz),hao（haozz）
tiger (tiger-kimu),タイガー（タイガム）
senno aki,セノアキ
phenne,フェネ
chahashiraozen,チャハシラズン
shoohee,シュヒー
kine-c,Kine-C
mimo lm,ミモLM
kitamura (bamboo),北村（竹）
ruroo,ルーー
yamazaki kazu,山崎カズ
mutugorou u,mutugorou u
terai (teraimorimori),Terai（Teraimorimori）
shaa,シャア
manaka (pdx),マナカ（PDX）
y y (ysk ygc),y y（ysk ygc）
a (sofi3103),A（sofi3103）
kutsuno,クツノ
ygdm,ygdm
mochi (m0chi0000),モチ（M0CHI0000）
cafe au lait (kafeore),Cafe Au Lait（Kafeore）
deculture,デカルチャー
ironatsuki,アイロンツキ
kotonoman,Kotonoman
lisa buijteweg,リサ・ブイジュテウェグ
mumumu seijin,Hoshibitoムムム
obata takeshi,Obata Takeshi
kalun (fwme3378),Kalun（FWME3378）
ai wa muteki,ai wa muteki
oreki genya,オレキジェンヤ
demirinz,デミリンツ
mogullaz,モグラズ
okayashi,オカシ
ao homura,ao homura
gogopaint,Gogopaint
darr1o,darr1o
the scarlet devil,scar色の悪魔
mokokoiro,モココイロ
edamame (buruburu),oradamame（Buruburu）
hiraizumi (mugenkidousha),hiraizumi（Mugenkidousha）
tamaki (tamaki599),Tamaki（Tamaki599）
jingo kajiki,ジンゴ・カジキ
nagisa (imizogami),ナギサ（イミゾガミ）
kazunehaka,カズネハカ
kuro4221,kuro4221
yukisame,ユキサメ
zhineart,zhineart
matsuri kyuuta,マツリ・キュウタ
hirokazu,ヒロカズ
akabane yu,アカバネ・ユ
conconcon1031,conconcon1031
mon (monmon2133),月（Monmon2133）
hievasp,Hievasp
muta (82y 46p),ムオン
cha chya,チャチャ
daible,ダイブル
miitara,ミタラ
yasubaru,ヤスバル
3d rod!,3Dロッド！
nasipasuta,ナシパスタ
cuon (kuon),Cuon（Kuon）
shiro ami,シロアミ
kasu kazu,Kasu Kazu
kazura,カズラ
airi (akamichiaika),アイリ（アカミチアカ）
shiromamekei,shiromamekei
mogutofuoes,モグトフオ
kana yukino,カナユキノ
coll (erichankun),coll（erichankun）
shardanic,シャルダン
yuugen no tei,yuugen no tei
urokong,ウロコン
shao (newton),シャオ（ニュートン）
wildcat (kusonemi),ワイルドキャット（クソネミ）
crimson kaiserin,深紅色のカイゼリン
i-iv (longman),I-IV（ロングマン）
seto (asils),seto（asils）
jixing renou,Jixing Renou
mimiyama kiichi,ミミヤマキチ
yukimura tsubame,久村ツバム
maonatten,マオナッテン
hakua (hka art),ハクア（HKAアート）
white-corner,ホワイトコーナー
sandara,サンダラ
tetsua rei,Tetsua Rei
oni gini,オニジニ
fukuda935,Fukuda935
s (happycolor 329),S（HappyColor 329）
atou rie,atou rie
michia (bourgognepony),ミシア（Bourgognepony）
soba (sobaya1938),Soba（Sobaya1938）
vinne,ヴィンヌ
shirubaburu,シルバブル
nana (manaita koumuten),ナナ（Manaita Koumuten）
harukaruha,ハルカルハ
goma (11zihisin),ゴマ（11zihisin）
nobuchi,星
hukutuuprunes,Hukutuuprunes
moai (more e 4km),モアイ（その他4km）
takoyaki (takoyaki-batake),高山（高山batake）
yazwo,Yazwo
redgart,Redgart
kyapinetzu,Kyapinetzu
anko (kirikiri),アンコ（キリキリ）
ts422,TS422
bd ayknn,bd ayknn
umxzo,umxzo
kiwakiwa,キワキワ
lerome,レローム
aozora aoi,al aoi aoba
murasaki nyaa,村崎nyaa
sayuwan,ヤワン
onigiri (ocelot),onigiri（ocelot）
wakie,wakie
takapin,タカピン
nin (lion),ニン（ライオン）
chou (meteorite3),chou（meteorite3）
takatsukasa yue,タカツカサユエ
asai ichiko,浅子和コ
shiroaisa,shiroaisa
hajun (hey sangha),ハジュン（ちょっとサンガ）
petoka,ペトカ
ayukko (forest village),ayukko（森林村）
hakoneko (marisa19899200),Hakoneko（Marisa19899200）
noise paper,ノイズペーパー
sk816,SK816
z.nov,Z.NOV
macchiato (jae-min cho),マキアート（ジェミンチョ）
zerotabi1210,Zerotabi1210
zen juraku,禅ジュラク
mandytsune,Mandytsune
chun (luxtan),チュン（luxtan）
kotaro-nosuke,コタロヌスケ
kyousaku,キュサク
madara6k,Madara6k
tsukimi (ryouiki ridatsu),つまずき（ryouiki ridatsu）
nayu tundora,Nayu Tundora
kurashina yuzuki,クラシナ・ユズキ
fumi11gou,fumi11gou
zeradok,ゼラドク
kasaki sakura,佐藤さくら
the cold,風邪
fujikura ryuune,藤川ryuune
mag (mag42),MAG（MAG42）
daichan mona,Daichan Mona
jchoy,JChoy
taichi suzuki,鈴木四元
miru,ミル
kamabokopic,Kamabokopic
shoutaro saito,soutaro saito
higashiyama kazuko,広島川崎
dosukoi (nagihoko),長子
kitsune udon (qtsuneudon),KitsuneUdon（AI BR）
endo yohane,Endo Yohane
brashear lushert,Brashear Lushert
nuenue,nuenue
harlequin-wheels,harlequin-wheels
tatyaoekaki,Tatyaoekaki
kirinkirin,キリンキリン
hayashi (kanzume),林（kanzume）
fai (fai-storage),fai（fai-storage）
rahit,C（rahit）
neji (ultramarinesunset),neji（ultramarinesunset）
mitorizu 02,mitorizu 02
shindou kamichi,シンドウ・カミチ
yamada naoko (kodamayanao),山田直石（コダマヤナオ）
bum hico,Bum hico
oriharaizaya819,oriharaizaya819
juffles,ジャッフル
nicholas f,ニコラスf
organ rn,オルガンRN
mitsunari miyako,ミツナリ・ミヤコ
quarium,クロイウム
xiaobei,Xiaobei
alterlesott,AlterleSott
selenoring,セレノリング
homu (seven deadly sins),ホモ（7つの致命的な罪）
mosou keito,Mosou Keito
lanyingchengzhi,Lanyingchengzhi
piyoyanagi,ピヨヤナギ
nuancho,ヌーンチョ
masaki (star8moon),マサキ（star8moon）
siina tai,タイ（2VS）
happa freee,ハッパフリー
s vileblood,s vileblood
akira (kaned fools),アキラ（カネドフール）
hiroaki (kof),ヒロアキ（KOF）
wenzheng147,wenzheng147
sky guy art,スカイガイアート
hmniao,hmniao
kazuha nanako,カズハナナコ
tazuma (u283),タズマ（U283）
ryu shou,リュウ・ショー
hisako (6anmbblfnjueeff),hisako（6anmbblfnjueeff）
norue,ノーレ
gomatarou (pixiv196136),gomatarou（pixiv196136）
razy (skuroko),Razy（Skuroko）
asla yu,アスラユ
i.t.o daynamics,i.t.o daynamics
shiba yuuki,Shiba Yuuki
shingetsu takehito,シンゲツー・タケヒト
studio sunadokei,Studio Sunadokei
kekekeke,ケケケケ
takumin dx,タクミンdx
soine,ソイン
setona (daice),セトナ（ダイス）
fujimoto akio,藤本明が
mizone,ミゾーネ
danna (tsukimisou),ダンナ（ツキミソウ）
marmoset (marmoset0),Marmoset（marmoset0）
clay (clayjun),クレイ（クレイジュン）
rosmino,ロスミノ
fumizuki misoka,fumizuki misoka
enperuto (yarumi),エンペロート（ヤルミ）
hebameki,ヘバメキ
dynamite pussy cat,ダイナマイト猫猫
sawa2,sawa2
topsu,Topsu
terayamaden,テラヤマデン
natsuki coco,ナツキココ
sekimo,セキモー
tama satou,タマ・サトゥ
nise (basilsis),ニーズ（バシルシス）
yuu (mboj fdk),yuu（mboj fdk）
shimimaru,シミマル
mayuzumi,マユズミ
cryturtle,泣き声
sahau228,Sahau228
gomosawa,ゴモサワ
renati (renatium),レナ（リリーズ）
sagas293,Sagas293
vienri,ヴィエンリ
shirafuji ene,shirafuji ene
dangan neko,ダンガン・ネコ
zuho (vega),Zuho（Vega）
crisalys,Crisalys
kkochmeli,Kkochmeli
joker (tomakin524),ジョーカー（tomakin524）
microsd (pibo),microSD（ピボ）
aduo,アドオ
chunrijun (springer),チュンリジュン（スプリンガー）
fule,fule
reum,reum
moriki takeshi,モリキ・タケシ
niking,ナイキング
mung (larnec),ムン（ラルネック）
nayuta-kanata,Nayuta-Kanata
shindou (fuguri),シンドウ（フーギュリ）
shiroi hakuto,シロイ・ハクート
bingo tarte,ビンゴタルト
korokoro daigorou,コロコロdaigorou
llc,LLC
leon v,レオンv
tab (tabkun),タブ（Tabkun）
yashiro ryo,Yashiro Ryo
bingsardina,Bingsardina
takase yuu,Takase Yuu
tanupo,タヌポ
hasegawamorito,Hasegawamorito
jinsai sa sa,柔術sa sa
a-er (akkij0358),a-er（akkij0358）
konpotsu,コンポツ
overlord (overlord80000),オーバーロード（OverLord80000）
nori aji,ari aji
irise ryouji,Irise ryouji
ebiri fy,ebiri fy
cola-alter,コーラルター
kaden (muxt8423),Kaden（muxt8423）
shaffelli,シャフリ
shibainu kisetsu,Shibainu Kisetsu
tomato cyuki,トマトサイトキ
jwnn,fu r y
nanatsuki sousuke,ナナツキ・スゥーケ
amasaka takashi,上田皮
kimae,キム
fintowing,フィンティング
inui (shirakawa777),inui（shirakawa777）
youmeng33,Youmu（Tomgoku2）
unou (unou mha),unou（unou mha）
heartki,ハートキ
mizuki (kogetsu-tei),ミズキ（kogetsu-tei）
carol0905,carol0905
souike,ソウケ
ao iro,ao iro
nocras,ベスピン
fuunyon,フーニョン
bamuth,バムース
oyster (artist),オイスター（アーティスト）
takibi (tamikyo),高木（タミキョー）
unko man,ウンコマン
geko,ゲコ
afei (sfma3248),AFEI（SFMA3248）
kk (kkgame7733),KK（kkgame7733）
wolf con f,f con
puu (kari---ume),Puu（Kari --- ume）
rinka (rinka0912),リンカ（rinka0912）
c-wing,C-Wing
saitama (antitankromeo),Saitama（Antitankromeo）
geduan,geduan
kachuten,カチュテン
soppos,ソップポス
butsu menhou,butsu menhou
pochi (askas is god),ポチ（アスカスは神です）
chibi (shimon),チビ（シモン）
amenomori howa,Amenomori howa
suishin tenra,スイシン・テンラ
nanatsu no umi,ナナツはumiではありません
okii (oh ki ik),okii（ああkiik）
simmsy,Simmsy
kanesada keishi,カネサダkeishi
surps,Surps
issa (sorako45),イッサ（sorako45）
shiyoo,shiyoo
mi tarou0412,mi tarou0412
yumeno tanuki,ユメノ・タヌキ
ojiri shin'ya,ojiri shin'ya
mimizu (tokagex),Mimizu（Tokagex）
alex (sandora),アレックス（サンドラ）
yoshioka mitsuko,ヨーカ・ミツコ
haibarasaika,ハイバラサイカ
redbaron,レッドバロン
panosarts,パノス（ssgpanos）
higata akatsuki,ひな別の秋葉
yasu (segawahiroyasu),Yasu（Segawahiroyasu）
toda kazuki,戸田和約
llmia4,LLMIA4
kilva lollop,キルバ・ロロップ
nanozenzen,ナノスゼン
3o c,3o c
fct,fct
mont blanc (heartcatch ayaya),モンブラン（ハートキャッチアヤヤ）
yukitsuki kokoro,裕石ココロ
zumochi,ズモチ
isa (ni-iro),イサ（ni-iro）
tere asahi,テレアサヒ
kan (rainconan),Kan（RainConan）
wave (world wide wave),波（ワールドワイドウェーブ）
megane chuu,ミーガン・チュウ
kurabayashi aya,黒asashiaya
sumii,sumii
nanamura,ナナムラ
3.14,3.14
yamada ranga,山田ランガ
akatsuki ikki,acatsuki kki
hiruma andon,Hiruma Andon
kamo (yokaze),カモ（ヨカゼ）
seki suzume,Seki Suzume
ueda torini,Ueda Torini
kurabayashi,黒山
garamgum,ガラムガム
chungmechanic,Chungmechanic
kurosawa kiyotaka,清川紅
moshi (atelier33-4),モシ（atelier33-4）
kusahagane,クサハガネ
xion32,XION32
oxygen (0220),酸素（0220）
dou-t,ダブル
ytrall,ytrall
mukuroi,ムクロイ
asgr,ASGR
kokorono arika,ココロノ・アリカ
hafuku,ハフク
minxei,Minxei
comichipota,Comichipota
noeejang,Noeejang
clare (543),クレア（543）
azu,アズ
ooba jun,OOBA JUN
tanaka ginji,田中鉱石
kanna kanaki,カンナ・カナキ
senya fuurin,セナ・フーリン
da huang,da Huang
rokushaku neko,rokushaku neko
yunkaasu (kakushiaji),Yunkaasu（Kakushiaji）
cojima,コジマ
akihazama,アキハザマ
kotatiyu,kotatiyu
loika,ロイカ
kanamaru yuuki,カナマルユーキ
yano takumi,ヤノ・タクミ
funnyfunny,面白いファニー
shimetta seiya,Shimetta Seiya
denchuubou,denchuubou
fumiko (miruyuana),fumiko（miruyuana）
mmrailgun,mmrailgun
a (aaaaaaaaaaw),a（aaaaaaaaaw）
tomo5656ky,tomo5656ky
alisa (kuro no sakura),アリサ（kuro no sakura）
ueng,ueng
nuppehofu (nibuta),nuppehofu（nibuta）
desaku,desaku
ushisuke,恥ずかしい
ldfe mk2,LDFE MK2
moo yoshio,ムーヨシオ
draw-till-death,描画ティル - デース
sakuma tsukasa,佐野tsukasa
acefish,acefish
leafwow,リーフワウ
bana (stand flower),バナ（花の花）
ashu,アシュ
amano yo-ki,アマノヨーキ
mr.blackcat666,Mr.BlackCat666
ameiarts,Ameiarts
anbasa (amaneyuz13),アンバサ（amaneyuz13）
idemitsu,idemitsu
yoruneko,ヨルネコ
goron (phde2424),ゴロン（phde2424）
bashikou,バシコウ
angie (meganekko-geki-love-1008),アンジー（Meganekko-geki-love-1008）
garan co,ガランコ
sumi (suumiko ),スミ（スミコ）
yilan un,Yilan UN
ayuko (ayuco),ayuko（ayuco）
limebreaker,ライムブレイクター
itunohika,itunohika
namama (namama82),ナママ（namama82）
kanzi,カンジ
tsuyukusa (eeta7273),Tsuyukusa（eeta7273）
umashio,ウマシオ
amaton707,Amaton707
yarawi,ヤラウィ
yumehiko,Yumehiko
tona bnkz,Tona Bnkz
utsu bon!,HC2002
satoimo (3311 mi),佐藤（3311マイル）
da akana xiv,ダアカナXIV
rin lingsong,リン・リンゴン
moxue qianxi,Moxue Qianxi
zagashira,ザガシラ
senra banshou,Senra Banshou
pon (0737),ポン（0737）
glensaru,グレンサル
nadayui,ナダユイ
nogiwa kaede,nogiwa kaede
tomoe (fdhs5855),Tomoe（FDHS5855）
lushuao,ルシュアオ
takkayuuki,高名
minase (mmakina),Minase（mmakina）
suzui narumi,スズイ・ナルミ
sotto,ソット
suzune rai,スズネライ
hoshiko (419401x),ホシコ（419401x）
kazuha (saku kn),カズハ（サクナ）
yuniyuni,ユニユニ
orange mikan,オレンジ・ミカン
azu ankoowl,アズ・アンコウル
mmmakaron888,mmmakaron888
skyhood,空の時
mumistar,ムミスタル
kotohane,コトハネ
okada manabi,岡田manabi
zain,ゼイン
harrymiao,ハリーミアオ
racoon-kun,Racoon-Kun
yuu (isis7796),Yuu（ISIS7796）
sagoromo 04,サゴロモ04
xiao shi lullaby,Xiao Shi Lullaby
jinlin,ジンリン
tsubasa19900920,Tsubasa19900920
harukaze koucha,Harukaze Koucha
robo8,robo8
behalter,ベーター
uemura shun,上村shun
doroshii,ドロシイ
uehara doh,Uehara Doh
yukoring,YUKORING
fuji (rua-258),富士（RUA-258）
maruta maruta,マルタ・マルタ
mizuongaku,水門
nanaku teiru,Nanaku Teiru
quatraise,quatraise
kokenashi,コケンシ
island lagoon,島のラグーン
rin (rin niji),リン（リンニジ）
maron (kagamikunn),マロン（kagamikunn）
ayuanlv,ayuanlv
kasuka108,Kasuka108
saku (saku1151),サク（saku1151）
sayama yoshiki,サヤマヨシキ
chaa (korone-ze),chaa（korone-ze）
kankito,カンキート
asagi (kabocha oukoku),麻木（川kabocha oukoku）
kotone a,コトーンa
frostcyco,フロストシーコ
kous (onetwojustice),kous（onetwojustice）
kamome yuu,Kamome Yuu
akazaki yasuma,明崎yasuma
misaki yuu,ミサキユー
hotori (sion),Hotori（sion）
okakasushi,岡sushi
kouhei (sxmas),kouhei（sxmas）
daigoman,daigoman
takebi,Takebi
kiikanna,キイカンナ
bun (bbb81bun),bun（bbb81bun）
pepper fever,コショウフィーバー
pokan (xz1128),ポカン（xz1128）
qlakwnd,qlakwnd
ponpon (ponpon62126),ponpon（ponpon62126）
pjkka,pjkka
zassou maruko,Zassou Maruko
78rr,78rr
rondo umigame,ロンド・ウミガメ
yin midnight,陰の真夜中
ennuigrl,ennuigrl
buntan,バンタン
elyoncat,ellyoncat
aimori meguru,エイモリ・メグル
aekun cben,aekun cben
shino sto,シノ・スト
mako gai,マコガイ
jurakin,ジュラキン
juubaori mashumaro,juubaori Mashumaro
tango (tn500),タンゴ（TN500）
f-cla,f-cla
e=mc2 (mosimosi),E = MC2（Mosimosi）
onboro (clunker),Onboro（Clunker）
ajimita,アジミタ
hoshina satoya,ホシナ・サトヤ
snifflesmp4,Snifflesmp4
miyata gakuman,ミヤタ・ガクマン
kanoe (gallery walhalla),カノエ（ギャラリーワルハラ）
tora d,トーラd
orcbarbies,オークバルビー
moroheiya (moroheiya-works),Moroheiya（Moroheiya-Works）
cozyu,コジー
ac130,AC130
kuroneko liger,クロネコ・ライガー
bud (korovsme),bud（korovsme）
gedoooo,gedoooo
settyaro,セッティアロ
meimu (infinity),Meimu（無限）
ume (datsuryokugen),ume（datsuryokugen）
mitsuki mitsuno,ミツキ・ミツノ
ori (momonimo),ori（Momonimo）
toketou,トケウ
ym (distance819),ym（distance819）
minatoasu,港
yamano sachi,ヤマノ・サチ
jyu-so,Jyu-so
hinooka shuuji,hinooka shuuji
roitz ( roitz ),ロイツ（ロイツ）
yukitsuba hina,ユキツバ・ヒナ
waa! okami,ワア！岡き
yo-ba yo,ヨバヨー
kyamu (qqea92z9n),kyamu（qqea92z9n）
garun wattanawessako,Garun Wattanawessako
mokoppe,Mokoppe
ganmaganmo,ガンマガンモ
gala (16901040),ガラ（16901040）
norikoi,ノリコイ
ruby suguri,Ruby Suguri
yadoyuki,ヤドユキ
mukiguri,ムキグリ
puton,つける
fujimaru (bluebrand),藤原（ブルーブランド）
saitani umetarou,Saitani umetarou
katakai,カタカイ
shibata jun,ゴリゴ
kiukoma,キウコマ
yuuraku yuraku,ゆくユラク
a-ktoo,a-ktoo
yulha 06,ユルハ06
sachico66,sachico66
yoshitsuki,吉さ
link163353,link163353
gavrof,gavrof
palow,パロ
kazane mari,カザネ・マリ
natsume hinako,natsume hinako
nia (x x02),nia（x x02）
neko miyabi (artist),ネコ・ミヤビ（アーティスト）
kyoukyan,キョーキアン
kuwabara tamotsu,クワバラ（メデタヤ）
takagaki eru,高橋eru
nekohuman221 (tsun221),nekohuman221（tsun221）
magic xiang,マジックXiang
bonryuu,ボンリュー
poe (528yuzunon),ポー（528yuzunon）
jinnouchi akira,柔術akira
nihnfinite8,nihnfinite8
tokoshibyra,Tokoshibyra
nekojarashi (yuuga),nekojarashi（Yuuga）
yoshino keiko,ヨシノケイコ
shingo (picturepuzzle),シンゴ（ピクチャパズル）
tanimeso,タニメソ
okina (805197),沖ナ（805197）
heremia,異端
eryz,eryz
oukafafafa,Oukafafafa
h sueun,H Sueun
lena dai,レナダイ
cholesenel,Cholesenel
nekojima,nekojima
hakomaru (pandora box),ハコマル（パンドラボックス）
haizome senri,ハイゾメ・センリ
messatsu tan,メッツツタン
kankitukou,Kankitukou
gamiani zero,Gamiani Zero
hirota masatane,Hirota Masatane
karakuzu red,Karakuzu Red
uguisu kagura,uguisu kagura
araimooah,araimooah
peach-pit,ピーチピット
rankebu,ランケブ
shichisaburo,shichisaburo
wenz,ウェンツ
fuugetsu makoto,富士uugetsu makoto
takashina masato,タカシナマサート
jiujiuyatou (yayanzz),jiujiuyatou（yayanzz）
emil1030 blue,emil1030青
nekonote (nekono paraiso),ネコノート（ネコノパライソ）
paul robertson,ポール・ロバートソン
ichinose (ichinose1592),イチノース（イチノセ1592）
unjem,Unjem
takashima,高島
kazuhiro (tiramisu),カズヒロ（ティラミス）
zone (artist),ゾーン（アーティスト）
dmith,dmith
kiri celea,キリ・セレア
kuma yuu,クマユー
tsukimi 50,津波50
sakuramotikun,sakuramotikun
plague of gripes,不満の疫病
au11,au11
qiao xing,Qiao Xing
tengu nouzu,Tengu Nouzu
shirosame,shirosame
mosuke,モスケ
natsumi (ragtime),夏（ラグタイム）
70b (rcwd),r-wade
suekane kumiko,スケーン・クミコ
kamonabe (kamonabeekon),カモナベ（Kamonabekon）
miichinori,ミチノリ
fancybetty,ファンシーベッティ
ayatoki-1,ayatoki-1
16 ban,16禁止
tamezou,Tamezou
charles (106858),チャールズ（106858）
zeniyan,ゼニヤン
7:08,7:08
keipup,Keipup
dashi (minzoku gb),ダシ（ミンゾクGB）
otsukare,オツカレ
hanenosaki,漢saki
maqin,マキン
yoshizawa hikoto,吉沢hikoto
aono meri,青野メリ
toichi,トイチ
kiyosato 0928,Kiyosato 0928
esphy,エスフィー
hirasawa minami,平元鉱山
nogiguchi kohiro,中藤川小島
karaori,カラオリ
ymd (holudoun),YMD（Holudoun）
lolita majin,ロリータ・マジン
eien no sai tori,eien no sai tori
pyongtaro,ピョンタロ
macco,マッコ
reload9 yohji,reload9 yohji
sakura (doors),さくら（ドア）
mechari,メカリ
yai (hachihito),yai（hachihito）
mojisan (ebimo),モヒサン（エビモ）
hiko (scape),hiko（スケープ）
azelweien,azelweien
mori yashiro (konkon oyashiro),モリヤシロ（コンコン大島）
ahn dongshik,Ahn Dongshik
uzuta,ウズタ
ito lab,ITOラボ
sumeragi kou,スメラギ・コウ
kamota kamosuke,カモタ（モモコマティ）
green night,緑の夜
ogura toast,オグラトースト
murgoten,マーゴテン
riretsuto,riretsuto
umber00,umber00
natsume mina,夏目ミナ
neru (neruneruru),NERU（Neruneruru）
virus (obsession),ウイルス（強迫観念）
fuko (fukkofuko),Fuko（Fukkofuko）
takagi mitsukuni,玉木三u
catzz,キャッツ
kazama gorou,カザマゴロウ
j2l,J2L
kuromasa shisei,栗田shisei
noco (pixiv14976070),noco（pixiv14976070）
kiryuu suruga,キリウ・スルーガ
yume yoroi,Yume Yoroi
touya kotonari,Touya Kotonari
jagercoke,ジャガーケ
namaniku (nmnk2020),namaniku（nmnk2020）
pinattsu,ピナッツ
pururun z,Pururun Z
angellyuna,Angellyuna
tanto (tc1995),タント（TC1995）
wonoco0916,WONOCO0916
@ichigo,@ichigo
asterisk (asterism),アスタリスク（アスタリズム）
pooor,うんち
xiling,Xiling
hyury,ハイリー
pong (vndn124),ポン（vndn124）
seabread,シーブレッド
234 (1234!),234（1234！）
miya (hooooo),ミヤ（hooooo）
402 (o0 xxx),402（O0 xxx）
karou (lhscck302),karou（lhscck302）
asamitsu (n morninglight),浅草（nモーニングライト）
chrocatz,クロカッツ
hisui (user zvkr2432),hisui（ユーザーzvkr2432）
isaki (shimesaba),イサキ（シャイメバ）
hikari (mitsu honey),ひよこ（三井ハニー）
lemon tea (15058751917),レモンティー（15058751917）
okosama lunch (sendan),オコサマランチ（センダン）
takashima hiromi,高島hiromi
dayshiart,dayshiart
ishida atsuko,石田骨
nishi juuji,西柔術
yonezawa mao,ヨネザワマオ
fumiko (throughx2),fumiko（sturex2）
toruglose,toruglose
tomozu,トモズ
aa-rance,aa-rance
byu (orihazuma),byu（orihazuma）
adahcm,adahcm
irukatto,イルカット
brws,BRWS
sayossa (pak-front),サヨッサ（Pak-Front）
totomiya,トトミヤ
onasu (sawagani),オナス（サワガニ）
itsuki jun,Isuki Jun
aouma,aouma
un-known (ninesix),知られていない（ninesix）
emoto reishi,エモトレイシ
fujibejifu,fujibejifu
niko p,ニコp
nagi (nagito),ナギ（ナギト）
akamaru saasha,アカマル・サシャ
towrituka,Towrituka
orange (bibiko),オレンジ（ビビコ）
haje,ハジェ
akutsu (yuumi),akutsu（ゆく）
takadoya,タカドーヤ
isya,イシャ
xiaji,シャジ
sakuramori sumomo,さくらとsumomo
yokohachi,横浜
maguro teikoku,マグロ・テイコク
kage houshi,Kage Houshi
sei000,SEI000
hifumi hajime,Hifumi Hajime
fal (fal-se-0),fal（fal-se-0）
rk (rktorinegi),rk（rktorinegi）
shimon (31426784),シモン（31426784）
pinzu,ピンツ
yokura (yukilina),ヨクラ（ユキリーナ）
p2 (uxjzz),P2（uxjzz）
uron-rei,uron-rei
kuboshun,クボシュン
maro nie,マロニー
shishima eichi,聖島eichi
n-mori,n-mori
mochizuki mina,Mochizuki Mina
totonii (totogoya),トトニイ（トトゴヤ）
netamaru,ネタマル
kio rojine,キオロジネ
7lark,7ラーク
zalenhpe,ラズギア
bsue,bsue
moyui (myi 005),Moyui（myi 005）
orry,オリー
peppedayo ne,Peppedayo ne
mr.yun,ユン氏
sail (sail-away),帆（帆）
booch,ブーチ
daidailong,Daidailong
zarutsu,ザルツ
mg kurino,Mg Kurino
mironomeo,ミロノメオ
kj (k777),KJ（K777）
furuki ayaginutaira,Furuki ayaginutaira
ishizu kayu,石馬kayu
imsofckinlost,imsofckinlost
tooaya,タウヤ
yua (bokubo0806),Yua（bokubo0806）
lemonmelon00,lemonmelon00
sekaihebi,セカイヘビ
aizawa marimo,上野マリモ
rihito akane,リヒト・アカネ
gdd (vkejr702),GDD（VKEJR702）
ame ame,AME AME
flytrapxx,flytrapxx
nyami,ニャミ
tsunaso (lack of sunlight),津波（日光の不足）
damarinasai (mineo),ダマリナサイ（ミネオ）
x chitch,Xチッチ
nora shinji,ノラ・シンジ
gplnbeat,gplnbeat
gensoukitan,gensoukitan
reiji-rj,reiji-rj
sakula,サクラ
grdrawww,ロウキバ
mele ck,メールCK
zhoujialin,Zhoujialin
akitsuchi shien,アキツチ・シエン
momoyama hinase,桃山ヒナーゼ
inoue haruka (haruharu210),Inoue Haruka（haruharu210）
hakasesuicchi,hakaseuitchi
gyouza teishoku,Gyouza Teishoku
wei yu,wei yu
inoue kiyoshirou,YONOUE KIYOSHIROU
toa510,TOA510
lentiyay,lentiyay
kano (nakanotakahiro1029),カノ（nakanotakahiro1029）
transpot nonoko,トランスポットノンコ
mizoredama1,Mizoredama1
tazaki hayato,タザキ・ハヤート
heika (heikahp),ハイカ（ハイカフ）
eltonel,エルトン
noir (4chan),ノワール（4chan）
tipo (tipoplaza),Tipo（Tiplaza）
hundun no bifang,Hundun no bifang
ouma bunshichirou,Ouma Bunshichirou
ushi 424,USHI 424
tententensan,テンテンサン
enishi96,enishi96
108 (toowa),108（トーワ）
togeshiro azami,トゲシロ・アザミ
ero daisuki,エロ・デイズキ
turbo engine (rakugaki tabo),ターボエンジン（Rakugaki Tabo）
den (zeroshiki),デン（ゼロシキ）
bakuhatsu bros.,バクハツ兄弟。
arkfield,アークフィールド
chun lo,Chun lo
crestren,クレスレン
komiru,コミル
gaiidraws,gaiidraws
iris yi,アイリス・イー
sumosamo,sumosamo
richard suwono,リチャード・スウォノ
khalitzburg (user 2274420),ハリツブルク
tamaki nozomu,タマキノゾム
zekkyou (h9s9),Zekkyou（H9S9）
nidhoggn,nidhoggn
sizucomaru,Sizucomaru
jisu lee,Jisu Lee
kishimen udn,Kishimen udn
kutsuwada on,Kutsuwada on
guoguo,guoguo
shousan bouzu,Shousan Bouzu
yoshiaki (yosiaki ml),ヨシアキ（ヨシアキml）
hoshiyui tsukino,hoshiyui tsukino
ren huozhe,レン・ホーゼ
unusablenameaaa,珍しいアブレナメアア
sakakura (sariri),坂口（サリリ）
sagattoru,サガトル
kumehara chiyota,kumehara chyyota
denpa (denpae29),デンパ（denpae29）
niji (rudduf232),ニジ（rudduf232）
hatagaya,ハタガヤ
kamo (gafas),カモ（ガファ）
legomaru,レゴマル
kamakama (kdmorh kamakama),カマカマ（kdmorh kamakama）
akiyoshi haru,アキヨシ・ハウ
torakichi (ebitendon),Torakichi（Ebitendon）
yorousa (yoroiusagi),ヨーラ（ヨロウィアウィ）
mitsukichi,ミツキチ
choco chip (ekitai idou),チョコチップ（エキタイイドゥー）
kurokami (kurokaminohito),黒子（黒子系）
sa'yuki,sa'yuki
kh (kh 1128),kh（kh1128）
torathi,トラティ
yumekui,ユメクイ
yagimiwa,ヤギミワ
suzuneko (yume no kyoukai),スズネコ（Yume No Kyoukai）
shiroobi (whitebeltmaster),shirobi（whitebeltmaster）
fujimoto satoru,藤本satoru
def (chronowarld),def（chronowarld）
yada ei,ヤダ・エイ
shimakoma,シマコマ
turiganesou800,Turiganesou800
shimotsuki keisuke,keisuke島
depo (typebaby505),depo（TypeBaby505）
vetina,ベチナ
genka ichien,ジェンカ・イチェン
jito mesuki nitouhei,Jito Mesuki Nitouhei
crab d,カニd
yudaoshan,Yudaoshan
tooya daisuke,トゥーヤ・ダイズケ
tamifull,タミフル
torajimaneko,Torajimaneko
ichitaka,一方
masin0201,masin0201
sjuno,シュノ
masa (miyabitei),マサ（miyabitei）
hofumaso,Hofumaso
azzz (7334080),Azzz（7334080）
nanpuu,ナンプー
kimura neito,キムラ・ネイト
notori d,Notori d
ntk (7t5),NTK（7T5）
hima (mizu ni tsuyoi),ヒマ（Mizu ni tsuyoi）
umi (srtm07),umi（srtm07）
mac naut,Mac Naut
effort star,努力スター
wowishi,wowishi
nakajima ryou,中島you
irodori (irotoridori),iRodori（Irotoridori）
loalo,ロアロ
moedredd,moedredd
namo,ナモ
oohhya,oohhya
maosen,マオース
mokichi (nvzy3n),長石（nvzy3n）
scup,スカップ
sanma (tabet ),サンマ（タベット）
watayoshi (suiiho),ワタヨシ（suiiho）
edoara,エドアラ
miwa uni,ミワウニ
metako (slime shop),アマトラス
darus5,darus5
usoco,USOCO
osuk2,OSUK2
katou taira,カトウ・タイラ
hiyaori (hiyahiyaval),hiyaori（hiyahiyaval）
jee-hyung lee,Jee-Hyung Lee
yonkuron,ヨンクロン
jaws (okdol0928),ジョーズ（okdol0928）
mafuyu (re eva),re eva
kisaragi miyuki,キサラギミユキ
sashacall,サシャカル
su guryu,Su Guryu
takeawatch,Takeawatch
sakazuki sudama,坂口スダマ
arugou,arugou
tanpakuroom,タンパクルーム
sawaragi,サワラギ
nyaxxy,nyaxxy
fueru nattou,fueru nattou
kuronaga,クロナガ
huujyu,フジュ
tamura-chan,タムラちゃん
hakumaiya,hakumaiya
hisagi (puchimaple),ヒサギ（プチマープル）
sashimi nasu,Sashimi Nasu
akyuun,akyuun
freddyhalloween,フレディハロウィーン
zelo-lee,ゼロリー
hz (helu 2),Hz（Helu 2）
orein,オレイン
amelie,アメリ
openvl,openvl
lexis yayoi,Lexis Yayoi
kompeitou (lemon garden),コンピトウ（レモンガーデン）
arong,アロン
sanyang003,sanyang003
hero (do-belman),ヒーロー（do-belman）
sasarai sawa,ササカマクエ
tomoyo kai,トモヨカイ
aospanking,アスパンキング
himo,ヒド
tqg 07,TQG 07
arusuko,アルズコ
derori,derori
papaia (quentingqoo),パパイア（quentingqoo）
gurepyon,Gurepyon
katouken (ktn-works),katouken（ktn-works）
fufumi,fufumi
cloud ya,クラウドYa
uki (room 405),uki（部屋405）
zinan,ジナン
takabow,タカボウ
franham,フランハム
sake dong,日本酒
ayumu-k,ayumu-k
takakura,高橋
hanen (borry),ハネン（ボリー）
tsumi guilty,Tsumiの有罪
ameya nihachi,アマイア・ニハチ
aoguu,aoguu
ohashi (hashidate),オハシ（ハシデート）
zuburoku,ズブロク
koketsu (koketsu-ya),koketsu（koketsu-ya）
kanameyura,カナメユラ
katanakko daisuki,カタナッコ・ダイズキ
yurun,ユルン
tayako,タヤコ
nosa,ノーサ
shocho,ショチョ
akiwashi,秋原
nyamnyam0502,nyamnyam0502
futon fly away,布団は飛び去ります
aozoraichi,aozoraichi
yukihiro,ユキヒロ
reman kamuy,レムン・カムイ
mono (recall),モノ（リコール）
loggy,伐採
morisoban,モリソバン
koumo,Koumo
hoppe illust,ホッペイラスト
ninnzinn,ニンジン
kayune niu,Kayune Niu
ldl,LDL
shitou,shitou
litra (ltr0312),リトラ（LTR0312）
karasuma amiru,カラスマ・アミル
shihira tatsuya,シヒラ・タツヤ
kurousagi tetora,小亜本ティトラ
edogawakid,edogawakid
straw like,ストローのような
tricky 46,トリッキー46
nidou,nidou
mochi547,mochi547
akenoin soumon,Akenoin Soumon
mikagami ei,ミカガミエイ
jon henry nam,ジョン・ヘンリー・ナム
kida yuu,キダユー
goshingo1,Goshingo1
five-seven (0verlimits),5-セブン（0verlimits）
noiz,ノイズ
nicporim,Nicporim
coupe50,COOPE50
uutan (shibainu kakumei),ウータン（シビヌ・カクメイ）
oba-min,oba-min
eatora,イートラ
ninopal,ニノパル
yuyuko (yuyucocco),ユユーコ（ユユコッコ）
miyamaki,ミヤマキ
kentllaall,Kentllaall
hosoo,Hosoo
mikipa,ミキパ
hashimoto kurara,橋本kurara
370ml,370ml
deroo,デルー
kagami (galgamesion),カガミ（ガルゲーム）
otsumami (otsu-mugi),オツマミ（otsu-mugi）
hiko (lg612),hiko（LG612）
minori (faddy),マイノリ（ファディ）
iu,iu
hirano masanori,先生と正教
nekomura otako,ネコムラ・オタコ
noda shuha,ノダ・シュハ
yanai inaya,ヤナイ・イナヤ
tabby chan,タビーチャン
teruchan,テルチャン
annno ans,Annno Ans
so shio,だからシオ
udakyo,ウダキョー
kakizato,カキザート
poseich,ポースチッチ
shimizu tomoki,トモキ島
76gpo,76GPO
kay (utd),ケイ（UTD）
kutani,クタニ
21grams,21グラム
hagiko,ハギコ
kashiwara mana,カシワラマナ
hot kakigoori,ホットカキゴーリ
kamotsu yasai,ヤサイ島
tekka maki (wafuu-bune),Tekka Maki（Wafuu-Bune）
arakawa hiromu,アラカワ・ヒロム
ayase shichikai,ayase shichikai
date naoto,日付naoto
hagano yoshifumi,ヨッシー（moco1）
mana30row,mana30row
popo (popopuri),ポポ（ポポプリ）
iro 178,IRO 178
tang-du,Tang-du
kageru (mofnyan),Kageru（Mofnyan）
esubui,Esubui
yuto takumi,タクミのユート
mamadasky,ママダスキー
etori,エトリ
yukina (masyumaro610),Yukina（Masyumaro610）
jirafuru,ジラフル
okeno kamoku,オケノカモク
yts takana,Yts Takana
shirosei mochi,Shirosei Mochi
okara,オカラ
meteor (yamashou),流星（山下）
kyukyutto (denryoku hatsuden),Kyukyutto（Denryoku Hatsuden）
hakoniwa tsuka,ハコニワ・ツカ
sugarbell,シュガーベル
zhuganchangjiadan,Zhuganchangjiadan
nagishy,ナゲイ
shin01571,shin01571
kkomdastro,Kkomdastro
nirareba,ニラレバ
gurihiru,グリヒル
ham pon,ハムポン
shi ecchi,Shi Ecchi
sindri,シンドリ
lilirulu,リリル
sagiri (ulpha220),sagiri（ulpha220）
punico (punico poke),プニコ（ポニコポケ）
st+1,ST+1
irusu,イルス
nyoriko,ニョリコ
74 (teduka),74（Teduka）
matatabi (karukan222),マタタビ（karukan222）
pokka,ポッカ
p-40 (tukinosita-de),P-40（Tukinosita-de）
shiba yuusuke,王星島
aoki shin,青木清
missarilicious,ミスリリシャス
minakami mimimi,ミナカミ・ミミミ
komusou (komusou1),komusou（komusou1）
shilin,シリン
itsutsu,そのitsu
z666ful,Z666ful
mal poi,マル・ポイ
iwanaga tm,Iwanaga TM
newey,ニューイ
oisin,オイシン
nekou izuru,nekou izuru
hidaka kouyou,hidaka kouyou
fukidamari no peke,Fukidamari No Peke
senba chidori,Senba Chidori
mumu,ムム
otono fei,Otono Fei
green (grimy),緑（汚れ）
masco,マスコ
cobra no oyatsu,コブラいいえ
iwahana,イワハナ
kanbayashi chiko,カンバヤシチコ
sakaki youma,サカキ・ユーマ
faithom,faithom
monq,Monq
urita (vivivinicol),ウリタ（vivivinicol）
shometsu-kei no teruru,Shometsu-kei no teruru
kuroishi ringo,黒子リンゴ
fukurahagi uomaru,福下毛
bryanth,ブライアント
enomoto hidehira,Enomoto Hidhira
cha kuro (limo),チャクロ（リムジン）
kikan (kikanoe),キカン（キカノエ）
matsuda toki,松田toki
sumishi (sumisi 3),ミシ（スミジ3）
panimiiru,パニミール
snowmi,スノーミ
silverchariotx,SilverCharioTx
chokutsuu (menino),chokutsuu（メニノ）
geriyarou,ジェリヤロウ
zzzearly,zzzearly
ai gon deroga,ai gon deroga
amami mikihiro,アマミ・ミキヒロ
niwakaame (amayadori),niwakaame（amayadori）
kurakumo nue,クラクモヌエ
palulap,パルラップ
c01a (cola),C01A（コーラ）
momoi nanabei,Momoi nanabei
mugimugis,ムギムギス
saber 01,セイバー01
kirikaze ren,Kirikaze Ren
ikusy,イクシー
koyubita,コヨビタ
naze,naze
mutsuki (tsugaidanuki),ムツキ（ツガイダヌキ）
natsuzakura yuuki,夏尾ユウキ
rosette (yankaixuan),ロゼット（Yankaixuan）
kuroha ai,Kuroha ai
kujikimi,クジキミ
aoi sakurako,aoi sakurako
zuu (qq770463651),Zuu（QQ770463651）
yuri (chocho q),ユリ（チョチョQ）
shy (ribboneels),恥ずかしがり屋（リボーネール）
natsugou shinogi,ナツゴウ・シノギ
hazumi rio,ハズミリオ
soramiruku,Soramiruku
joannazelle,Ja-Punkster
mumu vosp,ムムヴォスプ
souen hiro,Souen Hiro
level9kaito,level9kaito
auru t,オーールt
takemasa,テケマーサ
momikocu,Momikocu
c-eye,c-eye
naotan,ナオタン
wgm oekaki,WGM oekaki
kok (honeymelon),ハニーメロン
hamada youho,Hamada Youho
bea (bropmlk),bea（bropmlk）
yukisaki mayui,ユキサキ・マユ
ruizu (takakisan503),Ruizu（Takakisan503）
shen li,シェンリー
nairobi song,ナイロビの歌
kenchi,kenchi
w (w64851564),W（W64851564）
yoshikawa miki,吉川miki
chatea,チャット
ergouzi echo,エルゴジエコー
ramuya (lamb),ラムヤ（子羊）
adricarra,アドリカラ
babamba,ババンバ
yutaka (yutakadeath),ユタカ（ユタカデス）
budesonide,ブデソニド
psylduck,Psylduck
sakamoto kengo,坂本ケンゴ
lizchief,Lizchief
saetusum,saetusum
naoki (shibu asa ryo),直島（忍asa ryo）
rei (9086),レイ（9086）
peppsi (saba sabasuk0),Peppsi（Saba Sabasuk0）
gunu (nyzn3223),ガヌ（nyzn3223）
newon,ニューヨン
bouno satoshi,Bouno Satoshi
fuenyuan,fuenyuan
yukari (bryleluansing),Yukari（Bryleluansing）
mordeth,モルデス
hoshino fuuta,Hoshino Fuuta
rioru (rioru v v),rioru（rioru v v）
ame (ame025),AME（AME025）
hissatsukun,Hissatsukun
rheez,リーズ
juu (juuzi),Juu（Juuzi）
asagon007,Asagon007
nanatsu fuji,ナナツ富士
alexa mahone,アレクサ・マホーネ
takagi hideaki,高木Hideaki
nuebunny,ヌエバニー
silenxe,Silenxe
kaniharu,kaniharu
xiao qiang (overseas),Xiao Qiang（海外）
francine (daijaemon),フランシーヌ（ダイジェモン）
xiaolumiaoliya,Xiaolumiaoliya
dakunesu,dakunesu
ronpaxronpa,Ronpaxronpa
satou saya,サトゥサヤ
tatsuma daisuke,大atの谷
hoe satsuki,hoe satsuki
natsushima memo,夏島メモ
mura (kiyohime),ムラ（kiyohime）
hiichisato,hiichisato
tsukigami chronica,ツキガミ・クロニカ
haruka shiya,Haruka shiya
zefa (neoaltemice),Zefa（新植民地）
gaimoon,ガイモーン
lastdark,最後のダーク
homura hinase,Homura Hinase
kyodairobo,Kyodiarobo
bangosu,バンゴス
miyuli,ミイウリ
mizumizzumiz,Mizumizzumiz
mikebosi,マイクボシ
lows.,安値。
shiro sousu,シロ・スーシュ
nywlub (bulwyn),nywlub（bulwyn）
wonchun,ウォンチョン
yamaiwa shuuhai,ヤマイワ・シュウハイ
mermaid (artist),マーメイド（アーティスト）
mjn,MJN
keionism,ケイオニズム
ishiki (okota),イシキ（オコタ）
sho (wnmf3234),sho（wnmf3234）
sagano yuuji,サガノユウジ
tate yukimi,テート・ユキミ
ry-spirit,ry-spirit
ogs (orgasm88),ogs（orgasm88）
harryych,ハリーイチ
qianzhu,Qianzhu
kina (446964),キーナ（446964）
wo you yibei jia wanli,You You Yibei Jia Wanli
chanosuke,林
hachachi,園
gusty10rk,gusty10rk
tanaka yutaka,田中線
euforia,euforia
asarime,asarime
gungun (hakutou7887),Gungun（hakutou7887）
higofushi,higofushi
puchimirin,プチミリン
fujisaki (si da),藤井（si da）
nagakura (seven walkers),長石（7人の歩行者）
kinomoto (nazonoinu),kinomoto（nazonoinu）
chagama teishoku,Chagama Teishoku
shirotsuki kouta,shirotsuki kouta
dutchko,オランダ
anouetto,アヌエット
panipo,パニポ
hayashi sakura,桜島
epuko,エプコ
boken fantasy,ボーンファンタジー
sunimu,スニム
saitou teikoku,Saitou Teikoku
ininiro shimuro,イニリロ・シムロ
tasuketemama,Tasuketemama
shumai (sm318),shumai（SM318）
sin (kami148),sin（kami148）
byuey,byuey
kiko (okuwae),キコ（オクワエ）
shirow (crazy),シロー（クレイジー）
microspace,マイクロ宇宙
shokkin,ショッキン
hoshi kubi,星の星
instocklee,Instocklee
paruma umu,パルマウム
caffeccino,カフェッキーノ
take no ko (4919400),KO（4919400）を取る
amidasketchbook,Amidasketchbook
kurotobi rarumu,クリトビ・ラルム
variasii,variasii
tsuruba (tsu41014812),ツルバ（TSU41014812）
darkgreyclouds,darkgreiclouds
naka1379,Naka1379
kirin tarou,キリン・タロウ
gupipy,グピピー
stardust (chen'ai weiding),スターダスト（chen'ai weiding）
grayfox,グレーフォックス
nzz,NZZ
chihiro ayaka,チヒロ・アヤカ
parkiranhonda,パーキランホンダ
reinforced,強化
tsukimizake,ツキミザケ
kumahubuki,クマフブキ
minato yu (0514),港ユー（0514）
tsukimiya sara,ツキミヤ・サラ
tracyton,トレイシートン
163 (shiromeshi),163（shiromeshi）
pakotaroh,パコタロ
azukiko,アズキコ
p-gnesium,P-糖
kuromine hiraya,Kuromine Hiraya
murasaki tsutsuji,村崎tsutsuji
codename696,codeName696
mairudo (mildcoffee1117),Mairudo（MildCoffee1117）
paingumi,Paingumi
harmaline,ハルマリン
maru (memoriatechnica),マル（Memoriatechnica）
faker ktd,Faker Ktd
takayama mizuki,高山mizuki
kakitsubata zero,Kakitsubata Zero
maruco,マルコ
gamukami,ガンカミ
mizuki mau,Mizuki Mau
bit (keikou syrup),ビット（ケイコウシロップ）
mayohi neko,ネコマヨ
yadokari (migihashi),ヤドカリ（ミギハシ）
dayuh,デイー
maku (l-u),マク（l-u）
azuma (no488888),azuma（no488888）
tobitori,トビトリ
miyuki (yxbt7),ミユキ（YXBT7）
tarako,タラコ
suppa (hagakuresuppa),スパ（hagakuresuppa）
boyin,Whitek
lazuri7,lazuri7
borokuro,ボロクロ
@shun,@shun
puffphox,パフホックス
west 24,西24
apple brk,Apple Brk
wangjook (wj),Wangjook（WJ）
darklux,darklux
koga makoto,コガ・マコト
aoha (twintail),aoha（Twintail）
syu45,syu45
mr2d,MR2D
ikki (tue sein bestes),Ikki（Tue Sein Bestes）
aratakosu (tako's),aratakosu（タコ）
takuteks,タクテクス
nishina hima,西のヒマ
softp3ach,softp3ach
shougayaki (kabayaki 3),shougayaki（Kabayaki 3）
kitin,キチン
aduare,aduare
dd mayohara,DDマヨハラ
ponita,ポニタ
hosomitimiti,Hosomitimiti
el joey,エル・ジョーイ
dai-erie,dai-erie
katsura ken'ichirou,Katsura Ken'ichirou
inhabituels estudios,住むestudios
junjunforever,junjunforever
mandaring,支配
sando (dukedevil),サンド（Dukedevil）
lingxia,Lingxia
zeshgolden,Zeshgolden
kahiika,カヒカ
kayu,カユ
love morocc,モロッキが大好きです
bzs (kage no shinobu),BZS（Kage No Shinobu）
sukekiyo56,Sukekiyo56
akaneyu akiiro,アカニューアキロ
hanamuke,ハナムケ
aka kitsune,別名キツネ
dokiyuri,ドキユリ
fuyuno mikan,フユーノ・ミカン
watari1118,WATARI1118
sellel,セレル
buun ko,Buun Ko
decoy00xx,decoy00xx
rewolf,rewolf
tr (hareru),TR（hareru）
kgr,Kgr
shiroie mika,シロイ・ミカ
temir,テミール
yukizumi remon,ユキズミ・レモン
suzushiro nazuna,スズシロ・ナズナ
omuraisu echizen,omuraisu echizen
hullabaloo,ハラバルー
tosh (imonade ryouchou),トッシュ（イモナード・ルーチョウ）
zhanzheng zi,Zhanzheng Zi
nemui (nemui),nemui（nemui）
taicho128,Taicho128
gdat,gdat
tom (1art.),トム（1art。）
karin.,カリン。
yonekura (bakuzen),ヨネクラ（バクゼン）
amrita (amber78gou),amrita（amber78gou）
900p,900p
nito (siccarol),ニト（シカロール）
mig (36th underground),MIG（36th Underground）
kaname (melaninusa09),kaname（melaninusa09）
mintol (qool+),ミントル（Qool+）
usyuuri,ウシュウリ
nordic niku,北欧ニク
wantsupanchi!!,Wantsupanchi !!
shiratama (monster1553),シラタマ（Monster1553）
kiske,キスケ
kazabana fuuka,カザバナフウカ
amco,Amco
makura wet,マクラウェット
sasasasa,ササササ
fujishiro kokoa,藤島kokoa
mirin pengin,ミリン・ピンギン
hits (hitstts),ヒット（ヒット）
inomata mutsumi,numataムムチュミ
dauchimk 1,Dauchimk 1
akaino (akaomi),アカノ（別名）
igarashi kei,イガラシケイ
oni tengu,oni tengu
hashimoto kokai,橋本小川
tm (gf-tm),TM（GF-TM）
sabatuki,サバツキ
aburage (motimotigg20),Aburage（Motimotigg20）
amano toshi,Tianye Toshi
koopo,Koopo
goshi-san,ゴシさん
tizibade,ティジバデ
irigoma (jikabi baisen),イリゴマ（ジカビ・バイゼン）
arami o 8,アラミO 8
setouchi (blackse),setouchi（blackse）
ramnik5,Ramnik5
kurenaidahlia,クレナイリア
jqhnharqld,jqhnharqld
abiko zyozi,アビコ・ジョージ
yuuren kyouko,Yuuren Kyouko
tonogai yoshiki,トノガイヨシキ
wakabayashi makoto,ワカバヤシマコト
toma (norishio),トマ（ノリシオ）
sunnypoppy,sunnypoppy
purasu no konbu,プラスノーコンブ
45acp,45ACP
kaien advance,Kaien Advance
mclelun,マクレルン
nabe-box,nabe-box
ayame (no ohana),ayame（ohanaなし）
miyo (13th floor),ミヨ（13階）
9aki,9aki
betti (maron),ベティ（マロン）
liangban xiexu,Liangban Xiexu
ayami chiha,アヤミチハ
shaian,シャイアン
metalhanzo,メタハンツォ
tokupyon,ardnades
bomssp,bomssp
darkmuleth,darkmuleth
kiiro (cocoa080),キイロ（cocoa080）
ken (kensaen),ケン（1057168252）
moonlit,月明かり
riko (sorube),riko（Sorube）
ishida baru,石田バル
amuii,amuii
shika (shika0),シカ（shika0）
ishino satoshi,石島石島
imada hidehito,イマーダ・ヒドヒト
kamekichi (kamekiti),カメキチ（カメキティ）
norakuro nero,ノラクロ・ネロ
okome2028,okome2028
saruton,サルトン
pomp (qhtjd0120),pomp（qhtjd0120）
murairamuraiari,Murairamuraiari
tog (shoten),トグ（ショットン）
lingcod dayu,Lingcod Dayu
alien adviser,エイリアンアドバイザー
mou (piooooon),Mou（piooooon）
ethan forsythe,イーサン・フォーサイス
tendenbarabara,テンデンバラバラ
daefny,daefny
rakuma kanori,ラクマ・カノリ
yakuoyoso,ヤクオヨソ
kanzaki karuna,かんっこカルナ
otochichi,大球
ai kusunoki,アイクスノキ
akai kagerou,アカイカゴロウ
sendai (nazonomono),センダイ（ナゾノノノ）
popporunga,ポップポンガ
kumichou (ef65-1118-ef81-95),Kumichou（EF65-1118-EF81-95）
sakura (lilak a),さくら（リラックA）
1202 koge,1202 Koge
alloyrabbit,アロイラビット
iyutani,iyutani
kakutasu (akihiron cactus),カクタス（akihiron cactus）
paradox (parapa),パラドックス（パラパ）
suryua,スリウア
ruochongsang,ruochongsang
zin (mame denkyu),Zin（MameDenkyu）
drcockula,drcockula
madara hio,マダラ・ヒオ
ishihara saika,石原サイカ
yue teitoku,Yue Teitoku
yuyu (yuyurhythm),ゆう（Yuyurhythm）
ronisuke,ロニスケ
junekun,ジューンクン
miryoryo9,miryoryo9
geroika,ゲロイカ
hissaa (starlight express),hissaa（スターライトエクスプレス）
arutopian,アルトピアン
torinomaruyaki,トリノマルヤキ
shirakaba,シラカバ
utanone shion,utanone shion
yunare,ユナレ
hirosuke (psychexx),広島（精神的）
rasneko,ラスネコ
mil k vanilla,Mil K Vanilla
tori (driftwood),トリ（ドリフトウッド）
harapeko,ハラペコ
kusui aruta,クスイアルタ
soyoking,浸る
onizuka takuto,Onizuka Takuto
yuuma (yuma1111),ユマ（Yuma1111）
nigiriushi,nigiriushi
ichino,イチーノ
esu (transc),ESU（transc）
yyy246,yyy246
taguno,タグノ
ukke,UKKE
isawo (lucanus19),イサウォ（lucanus19）
yayin (yayin233),yayin（yayin233）
ponke,ポンケ
tochinoco,トキノコ
eri (yangyang nickbow),eri（Yangyang nickbow）
funpjinju,funpjinju
6q (rokuku),6q（rokuku）
kunieda,クニエダ
cocax x,Cocax x
ka11 ca,Ka11 Ca
nekonekosan (kemushima3),nekonekosan（kemushima3）
honmakaina kudou,Honmakaina kudou
najashi,ナジャシ
yukaran nosuke,ヨカランnosuke
15k,15k
asashin (kazami-tomo),アサシン（カザミトモ）
yasuno (airy light),ヤスノ（風通しの良い光）
takitsume shino,タキトゥム・シノ
isobee,Isobee
touko 56,トウコ56
sora shitatoge,SORA SHITATOGE
buran (22x),ブラン（22x）
tarakoutibiru,Tarakoutibiru
xxxx saki,xxxx saki
hatsuga tatsuho,hatsuga（dmaigmai）
kosumo,コスモ
mujiha,ムジハ
nashigaya koyomi,ナシガヤ・コヨミ
maru takeo,マル・トゥーオ
pengin guriko,Pingin Guriko
tenyo0819,Tenyo0819
mirano,ミラノ
hayami yoichi,林新hi
gaida,ガイダ
multico,マルチコ
wu lun wujin,ウーランウジン
okutama tarou,Okutama Tarou
inakami,イナカミ
shiki kyouzoku,清ゾク島
sl86,SL86
xtears kitsune,Xtears Kitsun
mustard sfm,マスタードSFM
yuki (sangeki5806),ユキ（sangeki5806）
cenm0,CENM0
pero (pero7762),pero（pero7762）
starcat,スターキャット
kei (keiuu),kei（keiuu）
harusabin,ハルサビン
asanagi kurumi (panda-doufu),麻酔（Panda-Doufu）
tougo,Tougo
yamanaka kotetsu,ヤマナカ・コテツ
mo (ine mao),mo（ine mao）
pan-ooh,pan-ooh
mokko ritchie,カリナガ・ライザン
hori airi,ホリエリ
cocoa (cocoa0191),cocoa（cocoa0191）
mochiko (mocchikkoo),モチコ（Mocchikkoo）
hirafumi,hirafumi
kuro futoshi,クロ・フトシ
koujouchou,Koujouchou
daraa,ダラ
fluno,フルノ
momoiro tunozemi,モモイロ・トゥノゼミ
saboten,サボテン
oliver hamlin,オリバー・ハムリン
riria (liry a flower),リリア（リリーは花）
akira (ying),アキラ（イン）
kunitarou-art,kunitarou-art
nagayo,ナガヨ
ayakawa riku,一川riku
arisue tsukasa,Arisue tsukasa
kukiha,クキハ
hinata (ryohinata),日向（ryohinata）
mahou io,ネコミチャ
crimo,クリミー
kai himo,カイヒモ
eeryuu (2004107),Eeryuu（2004107）
koizumi hitsuji,koizumi hitsuji
akishisu (air balance),akishisu（空気バランス）
yoggi (stretchmen),Yoggi（ストレッチマン）
yoyoyotto,ヨヨット
gyuunyuukeepaa,Gyuunyuukeepaa
kusanagi kikoku,久美kikoku
sen-jou,Sen-jou
noba (veronicanoha),ノバ（ヴェロニョノハ）
puck100ml,puck100ml
yuusenmai (momochieri),ユウゼンマイ（モモチエリ）
ayasato karen,アヤサートカレン
shin murasame,シン・ムラサメ
tesomu,テソム
wep16night,wep16night
abimaru gup,Abimaru Gup
mac 4229,Mac 4229
hiro (user negm3832),Hiro（ユーザーNegm3832）
akaya (pixiv20545353),アカヤ（pixiv20545353）
amano cigusa,アマノシガーサ
lemoneko,レモネコ
kutar22,Kutar22
takano jiyuu,タカノ・ジユー
haruko (chikadoh),丸木（チカドー）
tama (tmfy5),タマ（TMFY5）
shise (agepan),shise（agepan）
numpopo,Numpopo
furukawa hideki,Furukawa Hideki
dodojune,ドドジュン
p0ckylo,p0ckylo
kamui (kamuikaoru),kamui（kamuikaoru）
neroshi,ネロシ
sakurai haruto,さくらハルト
x-boy,X-Boy
tomatomato (tomato kanzume),トモトマト（トマト漢字）
toweringman,そびえ立つ人
saitou yahu,Saitou Yahu
plus9,プラス9
doromizu,ドロミズ
captain freedom,キャプテンフリーダム
daitabashi kinu,ダイタバシキヌ
shiira,シーラ
agasang,アガサン
yasunao (yasunao-z),YASUNAO（YASUNAO-Z）
pantsu majirou,Pantsu Majirou
niyun (n niyu),niyun（n niyu）
keinesandayoooo,Keinesandayoooo
akamakoto,アカマコト
nnyu,nnyu
vzmk2,VZMK2
mikafen,ミカフェン
nayuta69,nayuta69
astruma2,Astruma2
scr.e,scr.e
misaki (misaki86),asaki（misaki86）
nekonote (neko-no-te92),nekonote（neko-no-te92）
musubi (livnehe),ムスビ（livnehe）
desspie,デスピー
okishiji en,オキシジジEn
moja (gibson),モージャ（ギブソン）
ludaf,ルーダフ
blue door,青いドア
takashina asahi,タカシナ・アサヒ
npcpepper,npcpepper
ze (wzfnn001),Ze（wzfnn001）
makaze (t-junction),Makaze（t-junction）
yui 7,Yui 7
mofumofu (lorelei),モフモフ（lorelei）
touyama maki,東山マキ
papa-kun (destiny549-2),Papa-Kun（Destiny549-2）
o-sirius,o-sirius
shiime,シーム
3c pan (izumipan3),3cパン（izumipan3）
custom udon,カスタムウドン
tami (nekoneto),タミ（ネコネト）
uru uzuki,ウルウジュキ
hoshi (xingspresent),hoshi（xingspresent）
94plum,94plum
urabe michiru,ウラベ・ミシル
gaze (thompon),視線（トンポン）
yamayoshi,ヤマヨシ
yuia,ユジア
touyama sabu,東山サブ
visqi,Visqi
tuoni,トゥオニ
kaoru,Kaoru
phrecklesart,Phrecklesart
pillar buster,柱バスター
gomi (kaiwaresan44),gomi（kaiwaresan44）
ryumage,リオーメージ
ponnu (nikeytina),ポンヌ（ニキティナ）
melkor mancin,メルコールマンシン
masaoka misaki,osaka osaki
nametakenoko,Nametakenoko
dotsu (wtnbkwiyd),dotsu（wtnbkwiyd）
zhuzi,Zhuzi
mitus,マイトス
ibex,IBEX
shokikanes,Shokikanes
kisama (0213),キサマ（0213）
saigi,サイギ
agibe,アギベ
vivid507,Vivid507
gerph,ガーフ
kalian,カリアン
han (hehuihuihui),han（hehuihuihui）
kouichi (kouichi-129),小島（コウチ-129）
mystyhw,Mystyhw
hisany-spacecrayon,Hisany-Pacecrayon
jack-barro,ジャック・バーロ
tofu (bean359),豆腐（bean359）
another story,別の話
kumo suzume,クモ・スズメ
nakkasu,ナッカス
leenim,リーニム
suyamori,信仰
kon (kin219),Kon（Kin219）
g9 (jiiku),G9（柔術）
hacosumi,ハコスミ
hara hikaru,ハラヒカル
cortoony,皮質
nijiomu,nijiomu
imijikumo36,Imijikumo36
ren mizuha,レン・ミズハ
large pasta,大きなパスタ
himaruya hidekazu,ヒマルヤ秀樹
yuiko (yuiyuiko 108),ユイコ（ユイユコ108）
houraisan chouko,Houraisan Chouko
yin lan xue,yin lan xue
ishii takuma,石井タクマ
wol (wol 927),WOL（WOL 927）
akuru (akr369akr),アクル（akr369akr）
campbell gichou,キャンベル・ギチョウ
saltypoundcake,saltypoundcake
thatob,thatob
veca,veca
kaosu kun,Kaosu Kun
xssh,XSSH
mugino0515,Mugino0515
greenteamousou,Greenteamousou
noragami sota,ノラガミソタ
z-ki,z-ki
mizusaki (tengoku),宮井（天ku）
mochiko (mochiko3121),モチコ（mochiko3121）
nanahara shie,ナナハラ・シー
moekichi,モエキチ
nekonetoru take,nekonetoruテイク
arimoto wataru,arimoto wataru
cloel,クロエル
pre (preecho),pre（preecho）
sutei (arece15),sutei（arece15）
mea (hwaksal),MEA（hwaksal）
rei (rei 9146),REI（REI 9146）
kutouten,クトゥーテン
shionosuke,Shionosuke
imuzi,imuzi
yumemi (kiowa),Yumemi（Kiowa）
elenab,エレナブ
adachi fumio,Adachi Fumio
coffeedog,cofice
swami,スワミ
kibayashi kimori,キボヤシ・キモリ
meiji (charisma serve),明治（カリスマサーブ）
yonekura kihiro,ヨネクラ・キヒロ
iyo (ya na kanji),iyo（ya na kanji）
kamidanomi,カミダノミ
vic (vedream),Vic（Vedream）
scatter milk,ミルクを散布します
hahifuhe,hahifuhe
rarami,ララミ
ieufg,ieufg
nikuoji,ニクオジ
fugi jis,fugi jis
ahma,Ahma
toono yayoi,トノヤヨイ
bluesnail,Bluesnail
rooseputo 02,ルーセプト02
momo tomato,モモトマト
smoke (flyx21),煙（flyx21）
akatuki (yamina),アカツキ（ヤミナ）
kajiki,カジキ
karanak,カラナック
e-kingdom,e-Kingdom
i0525,I0525
miyuzu,ミユズ
umino chika,Umino Chika
shimazu tekkou,Shimazu Tekkou
lolliedrop,Lolliedrop
suzushiro seri,スズシロセリ
tagawa gengo,タガワジェンゴー
tarokennsann,Tarokennsann
taiki ken,タイキ・ケン
minato yu,港ユー
gayprince,ゲイプリン
mukai,ムカイ
minttchocok,Minttchocok
okey,オーケー
shianebulae,shianebulae
hakuseki,hakuseki
wakaki tamiki,ワカキタミキ
haban (haban35),ハバン（haban35）
yig yuki (yig-gha),Yig Yuki（Yig-gha）
thicopoyo,チコポヨ
excel (gewalt),Excel（Gewalt）
kizuki miki,キズキ・ミキ
nonomaro,ノンオマロ
aka (s3637),別名（S3637）
temari (deae),テマリ（deae）
lyodi,リョディ
shima udon,シマ・ウドン
lulu heika,ルル・ハイカ
green little,グリーンリトル
setu (shining12),setu（shining12）
lance (lancelliu),ランス（ランセリウ）
apple (ygbhjdbiulsg),Apple（ygbhjdbiulsg）
tungsten (kwfr4544),タングステン（KWFR4544）
choroli (chorolin),チョロリ（チョロリン）
lal!role,ラル！役割
hamu agaki,Hamu Agaki
itsui (dihydrogenmonoxid),itsui（dihydrogenmonoxid）
yamamiya hiroshi,ヤマミヤ・ヒロシ
nanasuou,nanasuou
someoka yusura,Yusuraの一部
fuu (fuore),fuu（fuore）
suzuka g,鈴鹿g
fubuki rinne,Fubuki Rinne
amartbee,Amartbee
sou (mgn),SOU（MGN）
bashosho,バショショー
amaiwashi,アマイワシ
wedo,WEDO
hakuya (white night),ハクヤ（ホワイトナイト）
nanboku,ナンボク
hasumi elan,hasumi elan
torn flipper,引き裂かれたフリッパー
wanaxtuco,wanaxtuco
huyukaaki,Huyukaaki
saiga tokihito,Saiga Tokihito
beshi,beshi
tira 27,ティラ27
aquamarine,アクアマリン
cozie178,Cozie178
yu cha,Yu Cha
kabi killer,Kabi Killer
yuki shiro,ユキ・シロ
shounan no tamasu,shounan no tamasu
mooche,ムーチェ
kamui (kurohshiro1),kamui（kurohshiro1）
teke,テケ
nikukaiq,nikukaiq
kuroshiro no tsubasa,黒子はツバサです
ano (sbee),ano（sbee）
matori (penguin batake),マトリ（ペンギン・バタケ）
milk box (leoleo963852741),ミルクボックス（leoleo963852741）
seseragi azuma,seseragi azuma
hisiya (wldn1112),hisya（wldn1112）
cat-quest-sun,Cat-Quest-Sun
yuito (yuitokobunasbs0),Yuito（Yuitokobunasbs0）
kokollet,ココレット
ban (one ban7241),禁止（1つのban7241）
torque,トルク
heyzan,ヘイザン
fusa (starless2323),fusa（starless2323）
ryans,ライアン
eyyy,eyyy
mizuse kouichi,ミズス・コウチ
kozomezuki,Kozomezuki
kawara pigeon,カワラハジョン
kanno,カンノ
suko mugi,スコ・ムギ
i (kaiyou),I（kaiyou）
ajapar,アジャパル
kamukamu6392,Kamukamu6392
kittan (cve27426),キタン（CVE27426）
mirai (mirai76 ),MIRAI（MIRAI76）
fuku (f2uk9u),アレンカ
tsuzuri (itosousou),ツズリ（itosousou）
kutsugaeru,shun soku
menrui+alpha,ミアン（3zandora）
dawn02,dawn02
analog kenshi (moto),アナログkenshi（モト）
gizensha,ギゼンシャ
hanagami gendai,ハナガミゲンダイ
kyariko,京子
tana (tanabio),タナ（タナビオ）
ai xiao meng,ai xiao meng
siena (moratoriummaga),シエナ（Moratoriummaga）
xxoom,xxoom
yasushi,ヤスシ
kaoruko (unkrk55),Kaoruko（unkrk55）
haruse hiroki,Haruse hiroki
yayoi and nagi,ヤヨイとナギ
madore,マドール
arduin (arduin art),Arduina（Arduin Art）
postblue98,postblue98
tierla,ティエラ
korotsuke,コロッツカ
tatsuyoshi (zawahomura),Tatsuyoshi（Zawahomura）
asa (teng zi),ASA（Teng Zi）
mosi l,モシl
minkye,ミンキー
dongyue sakura,ドン・サクラ
aoiro (t aoiro123),aoiro（t aoiro123）
sinomi,シノミ
yow,ええ
mickey dunn,ミッキー・ダン
monomi (nasdai),モノミ（ナスダイ）
toi (toiot),toi（toiot）
evilgun,邪悪なガン
migel futoshi,Migel futoshi
qitoli,キトリ
mokonekosan,モコネコサン
mikuri kamazirou,ミクリ・カマジロウ
allenkung1,Allenkung1
bifrst,ビフルスト
hina (araburu-hinadori),ヒナ（アラブール・ヒナドリ）
zhihaiwusheng,Zhihaiwusheng
leels,ネール
alphes,アルフ
robert knight,ロバート・ナイト
kuinji 51go,クインジ51go
kouzaka kouhei,Kouzaka Kouhei
atomix,Atomix
koutarou (farthest),Koutarou（最も遠い）
shichimi (ftlvampire32),シチミ（ftlvampire32）
carillus,カリルス
ooba kagerou,Ooba Kagerou
pol winner,ポル勝者
hjm,hjm
shuukenyuu,shuukenyuu
nazo kichi,ナゾ・キチ
nprmtp,nprmtp
hauto-san,ハウートさん
kawaisou,カワイソウ
xingchee,xingchee
scarlet zel,スカーレットゼル
yudesoba,ユデソバ
geetgeet,GeetGeet
furayu (flayu),furayu（flayu）
yu mochi (kamiinu),Yu Mochi（Kamiinu）
hitoiki,hitoiki
bikupan,ビクパン
spark (sandro),スパーク（サンドロ）
yuuki chima,ゆくチマ
mt (ringofive),MT（ringofive）
kankitsu kei,Kankitsu Kei
uchino maiko,ウチーノ・マイコ
meow nyang,ニー・ニャン
kitsutsuki (dzgu4744),キツツキ（DZGU4744）
yoshioka (haco),ヨシオカ（ハコ）
yamada maya (yamdmay),山田マヤ（Yamdmay）
hide448,Hide448
uminchu,Uminchu
penguru 086,ペンギル086
oku 1225,OKU 1225
h.i.t (59-18-45),H.I.T（59-18-45）
danna,ダンナ
christy mii,クリスティ・ミイ
mute (mute89539160),ミュート（mute89539160）
michiru donut,ミシルドーナツ
crow 3434,カラス3434
myouan,ミョウアン
dargo,ダーゴ
mikko (mim mikko),ミッコ（ミムミッコ）
fujishiro touma,藤島touma
nagase yuuki,ナガゼユーキ
pixelflag,pixelflag
kitaya,キタヤ
nosada,ノサダ
chun (friendly sky),チュン（フレンドリーな空）
kuku px,Kuku px
hiraken,ハイラケン
dr. cryptoso,博士暗号化
mitsuki mantarou,Mitsuki Mantarou
yuzu ichika,Yuzu Ichika
ty 1865,Ty 1865
sushi 171,寿司171
urigarasu,ウリガラス
shiitake urimo,Shiitake Urimo
c.rabbit,c.rabbit
ratryu,ラトリュー
inuko (ink0425),inuko（ink0425）
heiya,heya
makki (tobaccos),マッキ（タバコ）
yagaminoue,ヤガミノウエ
yuuta (tokoton hirune hiyori),ユウタ（トコトン・ヒルヌ・ヒヨリ）
carrotsprout,carrotsprout
kriss sison,クリス・シソン
kiji (manekinuko-tei),キジ（Manekinuko-tei）
ice (aitsugai),ICE（aitsugai）
namiko817,namiko817
yagami shuuichi,Yagami Shuuichi
todee,トーディ
uk-works,英国ワークス
match (scp115),マッチ（SCP115）
himeshaga,ヒメシャガ
hosoi kouzou,Hosoi kouzou
kafkasea,カフカセア
0417nao,0417NAO
mikage baku,Mikage Baku
can zhu,Zhuができますか
tahnya,タヒヤ
tsujiya okuyasu,ツジヤ・オクヤス
10r (tulipano),10R（Tulipano）
thatpebble,あの人たち
ziro (daydozen),Ziro（DayDozen）
neko punch (user hddm3373),Neko Punch（ユーザーHDDM3373）
hyotenka ichido,okota（pixiv）
eichi (skskdi12z),eichi（skskdi12z）
akira (usausa),アキラ（USAUSA）
xraydreads,ジン・グレイ・パラディン
usuaji,ウスアジ
senon,セノン
mugikoma,ムギコマ
sotsunaku,ソツナク
rintaro komori,リンタロ・コモリ
sprout (33510539),芽（33510539）
oreazu,オレアズ
diz (diznaoto),ディズ（ディズナート）
shikkoku neko,Neko shikkoku
haiteku,ハイテク
wani (fadgrith),ワニ（fadgrith）
ropi (yyuichi29),ropi（yyuichi29）
rui (hershe),ルイ（ハーシェ）
yanmaami,ヤンマアミ
maruput,マルパット
flick-the-thief,フリック・ザ・ティフ
sarujie (broken monky),サルジー（壊れたモンキー）
00tuma00,00tuma00
chidori nekoro,チドリ・ネコロ
t7senzo,T7Senzo
marseillez,クラインライト
shosudo,shosudo
rekise,rekise
koishikawa,コイシカワ
ankoman,アンコマン
chikariya,チカリヤ
noir eku,ノワール・エク
alumina (kennmeidesu),アルミナ（Kennmeidesu）
hatyo,hatyo
yamamoto (ymmt is sexy),山本（YMMTはセクシーです）
saxasa kisuk,サクササ・キスク
shigatsu (soratobuusagi),忍（ソラトブーザギ）
yoshiten,ヨシテン
nyaruin,ニャルイン
shimura takako,島村タカコ
ashima takumi,高本アシマ
suisui (hakkindou),ooisui（hakkindou）
miiyon,ミイヨン
xin lan deng,Xin Lan Deng
n2ewu,n2ewu
satou saori,サトウ・サオリ
merpperoni,メルペーニ
vert cypres,頂点キプロス
kurimori,アラレコア
aesice,aesice
usaginezumi,ウサギネツミ
jikei,Jikei
walkalone,walkalone
hwaen,hwaen
lempika,レンピカ
yukki bunny,Yukki Bunny
itagaki hako,イタガキ・ハコ
pico (p i c o),ピコ（P I C O）
minagokoro,ミナゴコロ
nona drops,ノナドロップ
takeda sun,タケダの太陽
puyocha,プヨチャ
sutekina awa,sutekina awa
hei yksk,hei yksk
akutaa,アクタ
poyo party,ポヨパーティー
kyosuke1413koba,kyosuke1413koba
zaniaii,zaniaii
r-ex,r-ex
mizu kane,Mizu Kane
mansu,マンス
krusier,クルーシエ
ese shinshi,ese shinshi
misonikomiii,Misonikomiii
lvl374,LVL374
kuroki shigewo,黒子和口
peke (xoxo melon),ペク（xoxopeke）
miakiuehashi,ミアキエハシ
subu art,subu art
seallllion,Seallllion
rebake,リベーク
dainana sugune,Dainana Sugune
versiris,Versiris
megatama,メガタマ
chicken99,Chicken99
tokkyuu mikan,トッキーウ・ミカン
therrao,テラオ
tef,tef
shiira (nya rl),shiira（nya rl）
pengrani,ペングラニ
akawiro,アカウィロ
sakura mochiko,さくらモチコ
ivuki,イヴキ
onguuchi,オヌチ
eunnieverse,eunnieverse
dagashi (place),ダガシ（場所）
pspmaru,pspmaru
tsukuba masahiro,ツカバサヒロ
misonikomi,Misonikomi
someya mai,Someya Mai
hasegawa (rarairairai),長谷川（rarairairai）
akatsuki usagi,acatsuki uagi
kashmir,カシミール
tamawo (mu gi2),Tamawo（Mugi2）
suzuko (star8383),鈴木（Star8383）
potti-p,Potti-P
wasumi kei,wasumi kei
enchuu kakiemon,Enchuu Kakiemon
lintanghaseo,lintanghaseo
pocopoco,Pocopoco
nayu,Nayu
poruhi,ポルヒ
plastick,プラスチック
aruni,アルニ
nagomi yayado,名古Yayado
poi poifu,Poi Poifu
yukiman,ユキマン
blue menouu,ブルー・メノウ
karumayu,カルマユ
nuclear wasabi,核ワサビ
oburaato,oburaato
musou yuchi,Yuchi
furutachirikonbu,Furutachirikonbu
iroha (akei0710),イロハ（akei0710）
denizen tomo,デニゼン・トモ
nanakichi,ナナキチ
shidatsu takayuki,シダツタカユキ
shijie jianfa,シジー・ジアンファ
pigone,ピゴン
fox-pop vli,FOX-POP VLI
giantcavemushroom,giantcavemhushroom
saltlaver,Saltlaver
odoriyama gorou,odoriyama gorou
aono ribbon,aonoリボン
nakashino setsu,中島setsu
kyabechi,京手
hyji,ヒジ
mayuki (ubiquitous),マユキ（ユビキタス）
dkoro,dkoro
araco,アラコ
suteba (grzjkbhgf),suteba（grzjkbhgf）
kyara36,Kyara36
asanogawa (tutufcc),浅川（tutufcc）
riccae,リカエ
dodota,ドドタ
ponpoko,ポンポコ
michi (iawei),ミチ（iawei）
iori yakatabako,Yori Yakatabako
ico (pekoguest),ICO（Pekoguest）
mikamin,ミカミン
tinkle bell,ティンクルベル
matatabeat,Matatabeat
yumeichigo alice,Yumeichigo Alice
whoopin,ウーピン
higashi tarou,ひっこ節
shinonome halltro,シノノームホールトロ
zkstxxx,zkstxxx
chintara10,Chintara10
whitelily bread,ホワイトリーパン
swon (joy200892),Swon（Joy200892）
katkichi,カトキチ
ukimesato,Ukimesato
llpfmfc,llpfmfc
neko pan,ネコパン
shunga (shun608),shunga（shun608）
nspa (spa-jcs),NSPA（SPA-JCS）
yuki ahiru,ユキ・アヒル
liang chan xing make tu,liang chan xing make tu
miyamoto (dominocube6),宮本（dominocube6）
matmaj,Matmaj
skypixter,Skypixter
beniazumaru,ベニアズマル
kusunokimizuha,kusunokimizuha
aozukikawasemi,aozukikawasemi
jack (jacknoeaka),ジャック（ジャックノーカ）
toki reatle,Toki Reatle
pokey,ポーキー
rakku (rkrmz0n),rakku（rkrmz0n）
baerun,Baerun
hizumi ms,メカ・カク・マン
b.ren,B.ren
loiza,ロイザ
soranokakera01,soranokakera01
bochibochi (gyuuniku 6000),Bochibochi（Gyuuniku 6000）
kawaraya koh,カワラヤコ
naoki (xhju8282),直島（xhju8282）
oshiruko kizoku,久木清
lumpychan,ルンピチャン
heaven's melody,天国のメロディー
hoji (hooooooooji1029),hoji（hooooooooji1029）
masakichi (mmw),マサキチ（MMW）
amejaga,アメジャガ
usaba (usabara c),ウサバ（ウサバラC）
kashiwa (3920kashiwa),カシワ（3920Kashiwa）
tarai (yamadarairai),Tarai（Yamadarairai）
owada (kousonhuchi),owada（kousonhuchi）
nanao parakeet,nanao Parakeet
swordwaltz,ソードウォルツ
vellark,Vellark
fuurin kingyou,フーリン・キングユー
ikataruto,イカタルート
mandrill,マンドリル
ene mizunoawa,エネ・ミズノワ
dameyoshi,Dameyoshi
rakia (ds00309),ラキア（DS00309）
chieezuik,Chieezuik
mujib,ムジブ
obobkkp,obobkkp
watanabe wataru (character designer),渡辺ワタル（キャラクターデザイナー）
kollerss,Kollerss
peach luo,ピーチルオ
moeki (moeki0329),Moeki（Moeki0329）
sakura mikan (chirizakura),さくらミカン（キリザクラ）
myless,私のレッスル
keita (kta0),ケイタ（kta0）
hase nanase,hase nanase
akina t,アキナt
shimizu eiichi,清知った
amaroku neko,アマロクネコ
minenami ryou,ミネナミ・リョウ
machimote taikou,マチモートタイコウ
arjent,arjent
okitarou (okiyo),okitarou（okiyo）
ton ton tontoro,トントントントロ
michirutnk,Michirutnk
renoa yu,ルノア・ユ
ekaki kukuma,エカキククマ
gotagotay,gotagotay
juu p,Juu p
ashisi,ashisi
aiee,aiee
memi (gamemix),memi（gamemix）
xiaoxiao de kuangsan,Xiaoxiao de Kuangsan
toon (noin),トゥーン（ノイン）
fii fii (feefeeowo),fii fii（feefeeowo）
s ryouchi,s陽
okuri ookami,Okuri Ookami
kyashii (a3yu9mi),京都（a3yu9mi）
lan xiezi,Lan Xiezi
nekorin,ネコリン
rakusuke,rakusuke
ytk (yutta-p),ytk（yutta-p）
meet neet,ニートに会う
azusa (azunyan12),azusa（azunyan12）
lillin,リリン
lioreo,lioreo
aharan,アハラン
chinchickrin,シンチクリン
mouri,モーリ
harepore,ハーポア
tenyoshi (briansept),Tenyoshi（Briansept）
wasu,だつ
touboku,Touboku
joel jurion,ジョエル・ジュリオン
comord,コボード
tokoharu,トコハル
kanengomi,kanengomi
fuyuwa kotatsu,Fuyuwa kotatsu
tegaki no yuu,Tegaki no yuu
kurosho,黒島
nekomushi,ネコシ
subaru331,subaru331
ahen,アヘン
yamasan (hachiman),ヤマサン（ハチマン）
tyo197snh,TYO197SNH
suncle,サンクル
sharlorc,Sharlorc
okahi,岡神
nanashi (74 nanashi),ナナシ（74ナナシ）
timitarcat,ティミターキャット
kky,KKY
hazuki (etcxetc),hazuki（etcxetc）
saver (artbysaver),Saver（Artbysaver）
aobe mahito,aobe mahito
yuhito (ablbex),Yuhito（ablbex）
takasaki yuuki,高崎ユキ
koucha (nodoka-123),クシャ（nodoka-123）
sueyuu,スーーー
nonono (1399900),ノノノ（1399900）
sakuhiko,さくら
hyakunin momoko,Hyakunin Momoko
ppap (11zhakdpek19),ppap（11zhakdpek19）
szk,SZK
osanpogakari,オサンポガカリ
hellnyaa,ヘルニャ
benedia,ベネディア
mikemono yuu,ミケモノユー
yztp (sanmery),yztp（サンメリー）
ugogogesik,ugogogesik
takumi (marlboro),高本（マールボロ）
happy birthday (artist),お誕生日おめでとう（アーティスト）
minamoto hisanari,夏島の夏
suika01,suika01
dekopin08,dekopin08
uekan,ウカン
moss (sphere211),モス（Sphere211）
aliter,アリター
rukimi,ルキミ
shijima (4jima),新島（4世紀）
umi (umi02),umi（umi02）
woborou,woborou
doburoku (daiginjou),doburoku（daiginjou）
fina (sa47rin5),FINA（SA47RIN5）
1000marie,1000marie
qihai lunpo,Qihai Lunpo
plumw,プラム
rano,ラノ
omiiverse,omiiverse
shirota mizuki,shirota mizuki
satomi (745684552),サトミ（745684552）
leebigtree,リービグツリー
nekoyama iori,nekoyama iori
asazuke25,asazuke25
danishi,ダニシ
boxman,ボックスマン
zukanosuke,Zukanosuke
butter curry,バターカレー
miyaulait,miyaulait
drenched-in-sunlight,sunlightにびしょぬれになっています
nakamura naoto,中村直島
ashitaba tomorou,Ashitaba Tomorou
hawthorn,ホーソーン
wawatiku,ワワティク
chemaru (a8l),Chemaru（A8L）
asahi (vjss4548),アサヒ（VJSS4548）
yuki hishaku,ユキ・ヒシャク
lims (neko2lims),lims（neko2lims）
ziteng yue,Ziteng Yue
shulliy baudelair,Shulliy Baudelair
kyosuke fujiwara,藤川京都
ashinamaturi,アシナマトゥリ
els (ljhlee12),Els（ljhlee12）
florbetriz,Florbetriz
tear tear0320,涙涙0320
jung wonjo,ジョン・ウォンジョ
tsumumi (kandume103),ツムミ（kandume103）
m-eine,m-eine
komiya nigi,komiya nigi
qixi cui xing,qixi cui xing
raion (t12k1ro3),Raion（T12K1ro3）
ligton1225,Ligton1225
izayoi cha,イザヨイチャ
yukiya (shiya),ユキヤ（シヤ）
teo (telo ruka),テオ（テロ・ルカ）
kaen miso,Kaen Miso
areaaaron,エリアアロン
reason (ficafe),理由（ficafe）
maronie.,マロニー。
mantarou (shiawase no aoi tori),Mantarou（shiawase no aoi tori）
bassa,バッサ
akiyama nenehisa,秋山nenehisa
hiraga daidai,ヒラガ・ダイダイ
taro,サロ
shiina takashi,高橋清
geru,ゲル
seedkeng,SeedKeng
takahashi akira,高橋紅
erise,エリス
morichika shuuto,モリチカ・シュート
rusty soul,さびた魂
sabamu,サバム
totthii0081,TOTTHII0081
otoshiro kosame,otoshiro kosame
shima (landsuzume),島（landsuzume）
cp2980606,CP2980606
yuenibushi,ユニブシ
ruei (chicking),ruei（チルキング）
minazoi kuina,ミナゾイ・クイナ
kaiend,Kaiend
skidrow,スキドロー
001machi,001MACHI
hozumi takashi,Hozumi Takashi
moquackja,モジャ（雨po）
sukeroku (treeee),sukeroku（treeee）
3e,3e
hana kon (17aaammm),ハナコン（17AAAMMM）
fushicho,フシチョ
yuuki nao (pixiv10696483),ユキナオ（pixiv10696483）
mutou keiji,Mutou keiji
sud (sudea),sud（sudea）
skyloop19,Skyloop19
tao (tao15102),タオ（TAO15102）
don3,don3
weyas kayur,Weyas Kayur
tori no ou,トーリいいえ
tsuko (25mnts),つまずき（25mnts）
matsuki ringo,マツキ・リンゴ
hinase (jet hearts),ヒナーゼ（ジェットハート）
norinco,ノリンコ
pickieeeee,pickieeeee
ma2acworks,MA2ACWORKS
yui sora,ユイソラ
cl-55,CL-55
nagaburo imoni,ナガブロ・イモニ
soramame pikuto,Soramame Pikuto
yuiyuimoe,Yuiyuimoe
shino megumi,Shino Megumi
mingaru,ミンガル
hinamikan,ヒナミカン
otani (kota12ro08),Otani（Kota12ro08）
k2 (hibiki09),K2（hibiki09）
roku (tsua-kihuyu),roku（tsua-kihuyu）
cacao (chocolat),カカオ（ショコラ）
zimajiang,Zimajiang
akami fumio,アカミフミオ
ebina souichi,エビナ・ソイチ
hoshizaki hikaru,hoshizaki hikaru
phantania,ファンタニア
misocha,Misocha
riku yama,リクヤマ
saban,サバン
takano saki,高野坂
cqingwei,cqingwei
kumanoko,クマノコ
chung cthemax,Chung Cthemax
siroooo,シルーー
tokomaya keita,Tokomaya Keita
iseno yajin,イセノヤジン
herurun,Herurun
aiu eo,aiu eo
kaisanbutsu,Kaisanbutsu
torottye,トロティー
nanome to,ナノムへ
serizawa nae,serizawa nae
setsunano,セツナノ
felox08,felox08
taisai,タイサイ
haruto yuki,ハルト・ユキ
ignite (artist),Ignite（アーティスト）
iccoco,iccoco
acerbi,アセルビ
achikoako,アチココ
jack (darkshero),ジャック（ダークシェロ）
hani (udauda),ハニ（ウダウダ）
kyuraa (kyura9een),kyuraa（kyura9een）
spadelake,Spadelake
sunapua,スナプア
moriyama a,森山a
nyaring943,nyaring943
mitche,ミッチェ
etoile,etoile
mocomoco party,モコモコパーティー
zaki (narashigeo),ザキ（ナラシゲオ）
katou techu,katou techu
bliss (ferment factory),Bliss（発酵工場）
urumi (urumi00),urumi（urumi00）
konnyaku (yuukachan 51),Konnyaku（ユウカチャン51）
hisaka hazara,ヒサカ・ハザラ
netapai1,netapai1
treeware,ツリーウェア
piennamekuzi,ピエナメクジ
et.m,et.m
arigiep,Arigiep
mitaka,ミタカ
mikanniro,ミカンニロ
uyuyuun,uyuyuun
zubatto (makoto),Zubatto（Makoto）
waste (arkaura),廃棄物（アルカウラ）
azuma (sospower73),azuma（sospower73）
niii,niii
zedoraart,Zedoraart
higebu,ヒゲブ
hinata (hinata-ur),日向（hinata-ur）
yoshinone,ヨシノン（ヨシノン・コトリ）
hiroe (cosmos blue-02 421),Hiroe（Cosmos Blue-02421）
knives (knives777),ナイフ（knives777）
rebaria,レベリア
tekito midori,テキト・ミドリ
iwane masaaki,岩子マサキ
popcornflakes,popcornflakes
wochi,ウォチ
kamimori kuuraku,Kamimori Kuuraku
yakihoko,ヤキホコ
ragnal,司祭77
kumuo (mirakurufusao),クムオ（ミラクルフサオ）
uliel,ウリエル
nosir onadat,Nosir Onadat
gomadare (310329),Gomadare（310329）
t misaomaru,t omaru
qi'e (penguin),Qi'e（ペンギン）
dincat,dincat
lionet0806,lionet0806
soyogi iori (ioriwu8),ioriwu8
forneus 0,forneus 0
pafekui,Pafekui
rainys bill,レイズ法案
sagace,サガース
p!k@ru,P！k@ru
milkuriem,Milkuriem
hiramatsu tadashi,上田田石
akadama,アカダマ
nekohanemocha,ネコハネモチャ
esuthio,Esuthio
meiyan (boyimachao),メイヤン（boyimachao）
tsukasa tsubasa,ツカサ・ツバサ
kika,キカ
nagura shiro,ナグラ・シロ
umajiri gyuunyuu,umajiri gyuunyuu
karamimame,Karamimame
koyama sao,小山sao
arisue kanako,アリス・カナコ
sho (shirojiro kuroguro),sho（shirojiro kuroguro）
shirano akihiro,Chiro（Chi-bu-ko）
yuu (yuu ammy),yuu（yuu ammy）
hozumi sousei,Hozumi Sousei
reizo ne,Reizo ne
inaho,イナホ
chienon,チエノン
bratja,ブラッジャ
anming,アナミング
zenra1112,Zenra1112
kuroba.k,Kuroba.K
konparu uran,Konparu Uran
dokuromaru,ドクロマル
monmo mu,Monmo Mu
chigo,チゴ
pokira,ポキラ
ahr tato,ahr tato
parmiria,パルミリア
gung,ガン
yuuichi (bobobo),ユウイチ（ボボボ）
504 gateway,504ゲートウェイ
poise,落ち着き
kemi neko,ケミネコ
congming lan,Chun Lanlanlan
meyshi,メイシ
satou takumi,佐藤高木
iberiko (soinesitai),iberiko（soinesitai）
beluo77,Beluo77
uzuki hiro,ウズキ・ヒロ
kuzuhana,クズハナ
kaejunni,Kaejunni
k-ya.,K-ya。
tettabuzz,テッタバズ
tikuwazyousyou,Tikuwazyousou
murasaki-yuri,ムラサキ・ユリ
sasaki rindou,ササキ・リンドゥ
xianyusamuel,Xianyusamuel
kuro (jyupiter),クロ（ジュピター）
ikelag,ikelag
nesskain,ネスカイン
tefco,tefco
iteza (flapper girl 25),イテザ（フラッパーガール25）
shiina you (tomoshibi),シーナ・ユー（トモスビ）
sakuraba tsukasa,Sakuraba tsukasa
soemy,SOEMY
yamanoskk,ヤマノスク
sana423,SANA423
anparu,アンパル
3ok,3ok
33puruspa,Sunyukun
taphris,タフリス
arisakak (valshun1225),Arisakak（Valshun1225）
sarasuty,サラスティ
hiiragi kei,hiiragi kei
soiri (us),ソイリ（私たち）
enushi (toho193),エンシ（toho193）
uniskie,ユニスキー
lamian (pixiv415608),ラミアン（PIXIV415608）
sakumo (karatama),さくら（カラタマ）
nanamo (002a),ナナモ（002a）
niwashi (yuyu),niwashi（Yuyu）
kotokoto (vibgyor),コトコト（ヴィッジア）
sakurano yukke,さくらユッケ
takanashi haruto,高野春
umeko (koori ume),Umeko（Koori Ume）
marble-v,大理石-V
akitama2727,akitama2727
purinpu,Purinpu
yuurei yashiki,Yuurei Yashiki
narukami ginryuu,ナルカミジンリュー
siragagaga,シラガガ
es-ther,es-ther
mirror (xilu4),ミラー（xilu4）
toukashi (2tou9),トゥカシ（2tou9）
chauke,チャーク
shirou (vista),Shirou（Vista）
poporon,ポポロン
hage,hage
kuri youkan,Kuri Youkan
kurume shou,クルーム・ショー
tsukishima yuuko,久上王様
tessai,テッサイ
hitode (ziburi),ヒトデ（Ziburi）
lostunicorn,Lostunicorn
pandora's box,パンドラの箱
urimono,ウリモノ
rxjx,rxjx
kona sleipnir,Kona Seepnir
maira gen,マイラジェン
muhut,Muhut
tsuwabuki-san,ツワブキさん
yasuomi,ヤスオミ
tibonobannsann,Tibonobannsann
sakuraidai,さくら
shanghmely,Shanghmely
kanimaru,カニマル
reco (fortunequest),Reco（FortuneQuest）
hayarob,ハヤロブ
faejunkie,フェイジャンキー
yuuya (yu-ya's),ユウヤ（ユヤ）
katorea,katorea
inaki shinrou,イナキシンロウ
the kite,カイト
ugai yuichi,Ugai Yuichi
freze,Freze
8ne (nitika127),8ne（nitika127）
aimiya (doushite),doushite
ggatip,ggatip
han yijie,ハン・イジー
tame meshi,飼いならされたメシ
kusada,クサダ
kageng,カゲン
tuqi pix,Tuqi pix
zennosuke,Zennosuke
kaitan,カイタン
oppaiserothicc,Oppaiserothicc
onigensou,onigensou
umeume (totoya),umeume（totoya）
momi,モミ
kodama (koda mat),コダマ（コダマット）
yac (mokkori),YAC（Mokkori）
yutaka7,Yutaka7
panj (tsubaki panse),ジュンジャム
moonslanstudio,Moonslanstudio
kuto tubuyaki,クトツブヤキ
degarashi (ponkotsu),degarashi（ポンコツ）
seafh,シーフ
burari,burari
hal-py,hal-py
byako (srktn),byako（srktn）
arcedo,アルセド
huan yu,Huan Yu
youtike,Youtike
suzuki ken'ya,鈴木ケニア
mochi nabe,モチ・ナベ
shikube,Shikube
tokeshi,トケシ
femuto,大腿骨
natsume (natsume melio),夏目（夏目メリオ）
hatena (nazequestion),憎しみ（nazequestion）
fan no hitori,ファンは聖人ではありません
kassai kassai,カッサイ・カサイ
liely,リーリー
npn,npn
usazaki shiro,上林shiro
shio kuzumochi,Shio Kuzumochi
youei (maiko),youei（maiko）
dreamsun,Dreamusun
housulu,Housulu
rabbity art,ウサギ芸術
dawapat,dawapat
pomu (pomu me),ポム（ポムミー）
kyachi,京都
shrimpman,エビマン
follen (639594),フォレン（639594）
uyuki (ouun),uyuki（ouun）
umehime,うーん
yoshida ken'ichi,吉田ken'ichi
nettsuu,nettsuu
surufuji,スルフジ
inuneko,inuneko
xiang wan wei wan,Xiang wan wei wan
yotte,ヨット
mak (kainemaru),マク（カイネマル）
penguin uwu,ペンギン・ウウー
haru (ririne9999rine),haru（ririne9999rine）
kiyosumi hurricane,久野ハリケーン
tanuki koubou,タヌキ・コウボー
yuuki shin'ichi,ゆくさや清
mf draws,brayanong999
zhadanzhawugui,Zhadanzhawugui
keystone (costone),コストン
yangsan (2991076090),Yangsan（2991076090）
yuuki. (limit),ユウキ。 （制限）
miyakura haruto,ミヤクラ・ハルト
leo-dont-want-to-be-a-painter,レオ・ドント・ワント・トゥ・ア・ペインター
shi-chen,shi-chen
shiro (46isou),シロ（46isou）
hieung,ヒューン
monta,モンタ
batsuma,バツマ
kagerou (gigayasoma),kagerou（gigayasoma）
chiden,chiden
fictional sister,架空の姉妹
daylight919,Daylight919
suika (atelier-yuu),柔道（Atelier-Yuu）
komugiko,コムギコ
hei (heiyohei),hei（heyohei）
renreteya,ミヤビ・ウルミ
serie niai,セリエ・ニアイ
usarinko,Usarinko
maria onnette,マリア・オンネット
akira (yuibnm71),akira（yuibnm71）
hekikuu (kanaderuyume),hekikuu（kanaderuyume）
hiyoku,ヒヨク
temari114,timari114
hiiragi ken,ヒイラギ・ケン
kumasawa (dkdkr),クマサワ（dkdkr）
ae (aeiu4114),ae（aeiu4114）
yamaguchi yoshimi,山口ヨシミ
gyo,gyo
bloodycat,Bloodycat
xiaoguimist,Xiaoguimist
liya nikorov,リヤ・ニコロフ
hasumi fumi,フミ（ブタコタイ）
kakashino kakato,カカシノ・カカト
hayosena,ハヨセナ
utsunomiya hetaru,utsunomiya hetaru
mintes,ミント
cerberus arts,Cerberus Arts
nanora,ナノラ
toyomaru,トヨマル
tabigarasu (mahjong yuugen gaisha 58),タビガラス（マジョンユーゲンガイシャ58）
nana nakano,ナナ・ナカノ
tomoki tomonori,トモキトモノリ
gom (kooskoo),GOM（Kooskoo）
ramenwarwok,ラメンワルウォック
kinako (nurupoga),キナコ（ヌルポガ）
yizumi,Yizumi
iskanderednaksi,Iskanderednaksi
3books,3ブック
akatsuki no guuru,acatsuki no guuru
hatomaru (hatomaru56),hatomaru（hatomaru56）
carasohmi,Carasohmi
someno haru,Someno Haru
pre sktch,pre sktch
mehonobu g,Mehonobu g
v1v404,V1V404
minzzway,bookmarkahead
ino futon,イノ布団
kagio (muinyakurumi),kagio（muinyakurumi）
asisuki,Asisuki
amacha,アマチャ
momoka (abc momoka0718),Momoka（ABC Momoka0718）
oyoneko,オヨネコ
nodori710,nodori710
sugar (sugarless),シュガー（シュガーレス）
kayou (kayou-bi),kayou（kayou-bi）
yomo (ym),ヨモ（YM）
jyon104,Jyon104
oogami yuuki,Oogami Yuuki
hoshii hisa,Hoshii hisa
ns.x,ns.x
watari taichi,ワタリタイチ
aebafuti,aebafuti
pino (birthdayparty),ピノ（誕生日パーティ）
fen renlei,フェンレンレイ
yukari (konekonekozou),Yukari（Konekonekozou）
mine (wizard),私の（ウィザード）
ai (ai1470),AI（AI1470）
oshare kyoushitsu,Oshare Kyoushitsu
moku x moku,Moku x Moku
mirutsu (milts),mirutsu（ミルツ）
ikeda hazuki,イケダ・ハズキ
cjmy,CJMY
kuon (break through),クオン（ブレークスルー）
olive (laai),オリーブ（laai）
nagahama megumi,ナガハマ・メグミ
manatu kato,マナトゥカト
rennerei,レネレイ
rokico,rokico
ano hito,ano hito
jin rikuri,ジン・リクリ
q-v (levia),Q-V（レビア）
kasuka,カスカ
rokushou kokuu,rokushou kokuu
kinniku tarou,Kinniku Tarou
dmitrys,dmitrys
kimoto kanata,KIMOTO KANATA
rias-shiki kawaii,リアス・シキ・カワイイ
nagisa honoka,ナギサ・ホノカ
subfiction,サブフィクション
ebinera,ebinera
0 ebj,0 EBJ
yuya (minus-k),ユヤ（マイナスK）
akihorisu,akihorisu
unikurage,unikurage
heki (supmore!),Heki（Supmore！）
ibanen,イベン
hamanasu,ハマナス
hina (pico),ヒナ（ピコ）
kaika,カイカ
eushufeal,耳膜
green kaminari,緑のカミナリ
ruruepa,ルルエパ
stewsui,Stewsui
723 (tobi),723（トビ）
soumenhiyamugi,soumenhiyamugi
vik (xypt7474),vik（xypt7474）
hato rami,ハト・ラミ
pokomi,ポコミ
loeldrive,loeldrive
mrploxykun,Mrploxykun
ariko,アリコ
fuguno,fuguno
hutaba 29,Hutaba 29
chikokuma,チコクマ
ff frbb122,FF FRBB122
quadrastate,象限
tsubooi,Tsubooi
kikiriri,キリリ
bikuseno,ビクセノ
chuno,チューノ
nananana nanana,ナナナナナナナ
kanel,カネル
ninsaki (9saki),ninsaki（9saki）
masako (sabotage-mode),マサコ（サボテージモード）
asakura aoshi,浅草aoshi
songjiangcc,songjiangcc
piscina,ピシナ
sakaki taka (cosmicmind),宇宙
tsugumi amon,ツガミアモン
monmonhomon,モンモンホモン
kashisu mint,kashisu mint
sa ioio,sa ioio
pillo,ピロ
hiiro yuya,ヒイロユヤ
yuichi (sp sakura yoshi),ユイチ（sp sakura yoshi）
hitotose kaede,Kaede Acer
jell (jell y fish),Jell（Jell Y Fish）
kiginobiru (hayapi),hayapi（sinsin08051）
zatou (kirsakizato),ザトウ（kirsakizato）
ri qing,ri qing
hiyashinssu,ヒヤシンス
yu cheng hong,Yu Cheng Hong
hancho,ハンチョ
nanachise7,nanachise7
ken'ichi (silvian125jp),ケニチ（silvian125jp）
kusiyan,クシヤン
takeda mika,タケダミカ
vickyycy99,Vickyycy99
kirani,キラニ
hihizaru badass,hihizaru badass
dysoor,dysoor
puyue,ピュイ
kabuto tong,カブトン
nenehotoso,nenehotoso
kirame kirai,キラメ・キライ
pachpachpach,Pachpachpach
wakatsuki misato,ワカツキミサト
kuroba aki,黒バアキ
sinmo (dolomang),シンモ（ドロマン）
yukidaruma718,Yukidaruma718
yukimura usagi,うさぎ裕村
aata1007,AATA1007
elanore,エラノア
sakuemon,sakuemon
comumo,みりん。
balabling,バラブル
ayama nano,ayama nano
320 (romsen),320（Romsen）
mirai (happy-floral),ミライ（ハッピーフローラル）
ouya (maboroshimori),Ouya（Maboroshimori）
dakuryuu,Dakuryuu
joey koguma,ジョーイ・コグマ
kamen no hito,Kamen No Hito
bucho,ブチョ
kurasaki cosmos,岸海の宇宙
ponpon nun,ポンポン修道女
dan kim,ダン・キム
naui kudan,ナウイ・クダン
ge zhong kuaile,Ge Zhong Kuaile
ena (enaa97),ena（enaa97）
althea (sakiya0000),althea（sakiya0000）
itsuki (itsukiovo),itsuki（ithukiovo）
oumi (rsag),oumi（rsag）
nt50,NT50
sleepless (wrysmile),眠れない（wrysmile）
fujimachine (clayten),フジマシン（クレイテン）
tanakalma,タナカルマ
etesumsom,etesumsom
king kouta,クタ王
torichiyo,トーチヨ
mary cagle,メアリー・ケーグル
fuubuu,fuubuu
toutouhai,Toutouhai
sakuraki riichi,さくら氏
ken-san,ケンさん
hieihirai,hieihirai
veerinly,veerinly
shell (shell518),shell（shell518）
nagi aoi,ナギアオイ
udonko072,udonko072
konoe (fogtracks),Konoe（Fogtracks）
kanta (x-tei),カンタ（x-tei）
yasui nori,Yasui nori
ero mang-a,エロマン-A
hrt (fujita hiro),HRT（藤田hiro）
b:ga,B：GA
tokopi,トコピ
ishimori sakana,石野坂ナ
shimo-san,シモさん
mitsuba-sama (milkba-ng),ミツバ様（Milkba-ng）
mochoeru,Mochoeru
nishiyama maruta,西山maruta
ema20,EMA20
nezielmi,ネジエルミ
y0ung,y0ung
najo,ナジョ
teikoku shounen,Teikoku Shounen
uingssi,ドンドン（0206QWERTY）
yaku yojino,Yaku Yojino
ys (fall),ys（秋）
ammonio,アンモニオ
katourennyu,カトゥレンニュ
azuma ezu,azuma ezu
ranken,ランキン
pen (steelleets),ペン（鋼鉄）
mokyumokyuchan,Mokyumokyuchan
aki (mare desiderii),aki（Mare desiderii）
mayer,メイヤー
cyber dragon-kun,Cyber​​ Dragon-Kun
moegi nenene,モーギ・ネネネ
nioti,nioti
kai tomohisa,カイモヒサ
hero (dka),ヒーロー（DKA）
qiqo,Qiqo
mimme (haenakk7),mimme（haenakk7）
artofkuzu,Artofkuzu
gonta (gshoutai),ゴンタ（gshoutai）
zen and retro,禅とレトロ
dream demon,夢の悪魔
ootori mahiro,Ootori Mahiro
yamamoto shima,山本島
kuronekogata,クロネコガタ
hamamo,ハマモ
negamaro,ネガマロ
barry go,バリーは行きます
touge (kubiwa tsuki),Touge（Kubiwa tsuki）
omura06,omura06
arina nary,アリナ・ナリー
penguinbox,ペンギンボックス
mecco,メッコ
naruse nagi,ナルス・ナギ
coma (macaron),コマ（マカロン）
monokuro (sekahate),モノクロ（セカハート）
suzu (minagi),鈴（鉱物）
hungry seishin,空腹のシシン
zoo min,ズームイン
maam. (summemixi),マーム。 （summemixi）
pozesuke,ポゼスケ
kudou maimu,クドゥ・マイム
ahobaka,アホバカ
nurupo (abooon),nurupo（aboooon）
rururu (pyrk8855),ルル（Pyrk8855）
seon (seonon ),seon（seonon）
zenn,zenn
hatsuno xxx,田道xxx
aoi mitsuru,aoi mitsuru
mabahn,マバーン
myuutau tadakichi,myuutau tadakichi
namacha,ナマチャ
tonbo,トンボ
hato yu-ki,hato yu-ki
kukicha,クキチャ
jitsu hidari,ジツ・ヒダリ
shizuru (daikoukaizidai),Shizuru（daikoukaizidai）
bangoul,バンゴール
beiske (de skb3),Beiske（de skb3）
actinium89,Actinium89
t.r,T.R
milll 77,ミル77
tsume3mai,tsume3mai
rutsubo,ラツボ
zawapirori,ザワピロリ
niichi (niichi21),niichi（niichi21）
dramatica,ドラマティカ
parupin,パルピン
rocher-hd,Rocher-HD
vibncent,vibncent
nanasumi (pantie party project),ナナスミ（パンティーパーティープロジェクト）
bossan 3310,BOSSAN 3310
xwu,xwu
exa (koyuru),エキサ（コイル）
misu (miisuuu),Misu（Miisuuu）
sessue,セス
lino (lilyparty07),リノ（lilyparty07）
nevin (flyskying),ネビン（フライスキー）
fuuro (johnsonwade),フウロ（ジョンソンウェイド）
umitsuki,umitsuki
akihara ryou,秋原龍
mihama machi,ミハマ・マチ
error1945,エラー1945
yoshitoki (kisshin),ヨシトキ（キッシン）
aogami,青木
jackary,ジャッカリー
emo (mikan),エモ（ミカン）
sakagami umi,坂本umi
prossss,プロス
nomiya (no 38),ノミヤ（いいえ38）
hozuka (kadokawa),hozuka（川川）
polyvora,ポリヴォラ
amamami prime,アマママイム
murasaki hisato,ムラサキ・ヒサト
umisaki,村
mineco000,mineco000
amiba (nerdamiba),アミバ（ネルダミバ）
knowa,知っている
reset,リセット
hayasaka (neoneet),hayasaka（neoneet）
uououoon,uououoon
kmcgold30,KMCGOLD30
hitotsuki no yagi,hitotsuki no yagi
yoshiragi,ヨシラギ
bittersweet (dalcoms),ほろ苦い（ダルコム）
sooperman,シュパーマン
ogasawara,オガサワラ
nishiro ryoujin,西遺伝子
ryoumoto ken,リョモトケン
nov4void,kyuutame
kyuusugi toku,九州トク
duffy,ダフィー
mizumi (artist),ミズミ（アーティスト）
crab man,カニの男
osuzu akiomi,大uzu秋葉
matsushita (matsudbox),松下（マツドボックス）
haihai (skeleton),ハハイ（スケルトン）
kate iwana,ケイト・イワナ
coupon (skyth),クーポン（Skyth）
haru (re ilust),haru（re ilust）
minertime,ミネティム
dadachyo,ダダチョ
inaba teitoku,Inaba Teitoku
jungyun99,Jungyun99
yatsuha (hachiyoh),YATSUHA（hachiyoh）
pokiyu,ポキユ
hito (nito563),hito（nito563）
asana tsukune,アーサナ・ツクネ
takayama chihiro,高山チヒロ
minamoto mamechichi,鉱山造り
wawako mama,ワワコママ
xiao qiang sang,Xiao Qiang Sang
kaku yone,kaku yone
takano ui,タカノUI
uchio kazumasa,川星は、
nekosination,nekosination
zink (zink mchn),zink（zinkmchn）
warabe (waraghi),ワラベ（ワラギ）
kirameki haruaki,キラメキ・ハルアキ
shiromi (ringo),シロミ（リンゴ）
alexiel (pixiv6211566),Alexiel（PIXIV6211566）
mca (dessert candy),MCA（デザートキャンディー）
getiao,getiao
seedark,シーターク
bellavoirr,Bellavoirr
shirasagi rokuwa,シラサギ・ロクワ
yiyu qing mang,Yiyu Qing Mang
heru (goldprin),ヘル（ゴールドプリン）
shakeda mamoshirou,Shakeda Mamoshirou
kanitumuri,kanitumuri
okai,オカイ
kariinu,カリヌ
inoichi,イノイチ
yairo (sik s4),ヤイロ（sik s4）
nekkeau,ネッコー
hattori mitsuru,ハトリ・ミツル
ohiya,ohiya
cyoppu,Cyoppu
midou tsukasa,Midou tsukasa
hana-kagume,Hana-kagume
ishida hiroyuki,石田hiroyuki
rirakukan,リラクカン
kisugi akira,キスギ・アキラ
yuzuri ai,Yuzuri ai
kouzilow,Kouzilow
majin go!,マジンゴー！
yaku (ziroken),ヤク（ZiReken）
mugcup,マグカップ
koshio,コシオ
cloudy.r,Cloudy.R
bakushi (kaeritai0609),バクシ（kaeritai0609）
tsuna (al dente),ツナ（アルデンテ）
sukuemon,スクエモン
tsumiki akeno,ツミキ・アケノ
hc (razel1),HC（Razel1）
arteslav,Arteslav
gbeeee,gbeeee
kuroha uma,クロハ・ウマ
arima natsubon,アリマ・ナツボン
shiero.,シエロ。
sawwei005,sawwei005
taoru (t kiji),タオル（T kiji）
okawa friend,岡の友達
nanae,ナナエ
cala t maki 72,Cala t Maki 72
tubumi,浴槽
fled,逃げた
tl (xdd),TL（XDD）
kurogane ken,Kurogane Ken
shutsuri,Shutsuri
okingjo,okingjo
misaki kozue,幻ki kozue
hasuga sea,ハスガ海
c-7 (assate),C-7（アステート）
rokunen,ロクネン
13o,13o
nayuyu1105,nayuyu1105
jowell she,ジョウェル彼女
aisu (icicleshot),aisu（icicleshot）
hizakozouzu,ヒザコゾウズ
anzi,アンジ
boingoo,Boingoo
chobi (sakuyasakuhana),Chobi（Sakuyasakuhana）
kiryuu takahisa,Kiryuu takahisa
elsynien,Elsynien
ice place,氷の場所
nefarian,ネファリアン
komase (jkp423),Komase（JKP423）
shirotaka (shirotaka),シロタカ（シロタカ）
yang yang (tigu),ヤンヤン（ティグ）
hobby (kento),趣味（ケント）
nomoc,nomoc
puni (punycolors),プニ（プニカラー）
kikurage (sugi222),kikurage（sugi222）
koto suomi,コト・スミ
oomori harusame,oomori harusame
g kilo-byte,g kilo-byte
yoshida (ne),吉田（ne）
shitto mask (shittoden),ゆがんだマスク（row）
naoko (juvenile),直石（少年）
hakoiri nekohime,hakoiri nekohime
yan ge,ヤンゲ
aizawa hiroshi,上沢hiroshi
suiiryu,suiiryu
aki (aki mechdoll),パンダキ（aki）
samurai (movemusic),サムライ（movemusic）
asami yuriko,ユリコ麻木
mussyu danachan,ムシュ・ダナカン
hasegawa (hase popopo),長谷川（hase popopo）
cjrb1228,CJRB1228
dou (doudouzi),dou（doudouzi）
keicha (kmoekaki),ケイチャ（kmoekaki）
fishsyrup,フィッシュシルアップ
niiyan,ニーヤン
goshichi shoji,ゴシチチジ
osanai shiina,オサナイ・シーイナ
moizumi shipon,モイズミ・シップン
itsme takk,ITSME TAKK
cosmo (465lilia),コスモ（465lilia）
sasumata jirou,Sasumata Jirou
sgt lonely,Sgt Lonely
orouu,オロウ
kikuta kouichi,キクタ・コウチ
ki-51 (ampullaria),Ki-51（ampullaria）
yanagino (yanagino3),ヤナギーノ（ヤナギノ3）
shunnyun,shunnyun
mikkusushi,ミククスシ
shimotsuki juugo,Shimotsuki juugo
hihachi,hihachi
rodriguez (kamwing),ロドリゲス（カムウィング）
aoko (myut7287),Aoko（myut7287）
rune (ru-nn),ルーン（ru-nn）
katori (katokichi),カトリ（カトキチ）
qi2341,QI2341
rakuji tarahi,ラクジ・タラヒ
kaikoinu,カイコイン
kariki hajime,カリキ・ハジメ
fishofthelakes,fishofthelakes
senkane,Senkane
kanaoto neiro,カナオトネイロ
daruma karei,ダルマ・カレイ
matsuki akira,マツキアキラ
koti,コティ
rukialice,rukialice
niradama (nira2ratama),niradama（nira2ratama）
ermao wu,エルマオウー
wangqi,ワンキ
yagiwashi,Yagiwashi
zanku,ザンク
dedeen,デデン
yangshangshu,ヤンシャンジュ
yutsuki,一線
jishimaru,jishimaru
ryuuki garyuu,ryuuuki garyuu
suimin (sui 0y0),スイミン（sui 0y0）
e (h798602056),E（H798602056）
haruna mao,ハルナマオ
okojo,オコホ
taht (that is mm),taht（それはmm）
art of neight,ネイトの芸術
chicken (chickenx),チキン（チキン）
naarann,ナーラン
taniguchi gou,谷口gou
dong hole,ドンホール
yumeno (rubbercup),ユメノ（ラバーカップ）
x-6,X-6
bon (bonbon315),ボン（bonbon315）
kosumi,コスミ
hal (sakurajam),ハル（サクラジャム）
kuroi-tsuki,クロイ・ツキ
ine (zx o4),ine（zx o4）
cyaneko,Cyaneko
wooni,ウーニ
kilroylw,Kilroylw
mikan toshi,ミカン・トシ
ronya (ronya s2),リュンビ
white crow,白いカラス
nekoto rina,Nekoto Rina
yukimochi (yume),ユキモチ（ユメ）
mofu mofu,松本
misakichi (fechisupi777),ミサキチ（fechisupi777）
jobo (isi88),Jobo（ISI88）
maji (etonato),マジ（エトナート）
sptbird,sptbird
lecca aisu,レッカ・アイス
totsuki tooka,トトゥキ・タケタ
rinrin (927413),リンリン（927413）
saklo,サクロ
glidesloe,グリデスロー
aikawa arisa,Aikawa Arisa
mugenshiki,ムゲンシキ
pororokka (macareo),ポロロッカ（マカレオ）
alza,アルザ
sa (h28085),SA（H28085）
myonde,Myonde
st-retcher,セントレッチャー
geister,ガイスター
phantom2071,PHANTOM2071
akosan,アカサン
kindandowa,Kindandowa
spirtie,スピリー
sonobe kazuaki,ソノベ・カズアキ
murata isshin,ムラタ・イスシン
shooting428star,shooting428star
imo works,IMOは機能します
yui tooru,Yui Tooru
togi (togijiru),TOGI9999
akizuki haruhi,丸美
nyasa,ニャサ
purea,プリア
uehara yukihiko,上原裕子
itaru souga,イタル・スーガ
sakurapochi,さくら
artnohearts,artnohearts
manyuu kaeru tasuke sansei,Manyuu kaeru tasuke sansei
hashimoto takayoshi,橋本高地
sora yoshitake yuda,ソラ・ヨシタケ・ユダ
mizushirazu,ミズシラズ
madara hato,マダラハト
matajirou (matagiro),マタジロウ（マタギロ）
banxuan c2ka,Banxuan C2KA
unomi,unomi
alolan boy,アロランの少年
aononchi,aononchi
bekkomi,ベッコミ
everydaysleep,眠ります
yuzu gin (pika97),Yuzu Gin（Pika97）
c-da,c-da
laio,laio
manggapaegtoli,Manggapaegtoli
zasikirou,ザシキロウ
takatan,タカタン
mikazuki mika,ミカズキ・ミカ
kuroyume (dark495),Kuroyume（dark495）
sotogawa max,ソトガワマックス
antiqq,antiqq
du mogu,デュモグ
panza,パンザ
suica koubou,Suica Koubou
shirorin (ballet girl's),シロリン（バレエガールズ）
hoshikuzu,ホシクズ
irikawa,イリカワ
7dango7,7dango7
jag ging,jag ging
ksenolog,Ksenolog
hikami izuto,ひきり明
yaoya musuko,Yaoya Musuko
sukedai,スケダイ
12cat,12キャット
loyproject,loyproject
tries,試みます
hiru okita,ヒル・オキタ
hibitono,hibitono
komiya hitoma,コミヤhitoma
kuriyama,岸山
zi (mumei),zi（mumei）
gou d,gou d
negi mugiya,ネギムギヤ
cacao (cacaomgmg),cacao（cacaomgmg）
toshise.,Toshise。
kakihito shirazu,カキヒト・シラズ
hayaoki (asagi-iro seishun-bu),hayaoki（asagiiro seishun-bu）
ao (aocooler),ao（aocooler）
ola (bunnyfly),x.x
liremi,リレミ
yoru no yayoi,ヨルーヤヨイ
zakku (kya--193),Zakku（Kya  -  193）
mizuchi (mizuchi7118),光チ（Mizuchi7118）
yue yue,Yue Yue
muhogame,Muhogame
take-run-atelier,テイクランアテリア
gollizo,ゴリソ
lowro (en),lowro（en）
zero (jckz2334),ゼロ（jckz2334）
tobi (pixiv41237754),Tobi（pixiv41237754）
marmalade mum,マーマレードママ
plasbott,プラスボット
daniel renard,ダニエル・レナード
yamakake (tororo1293),Yamakake（Tororo1293）
capitan wei,Capitan Wei
numata seiya,Numata seiya
pentakira,アキラ（sayo dayoo）
tono munekage,トノムネケージ
uji (966qrr),uji（966qrr）
fukiya (fumiakitoyama),Fukiya（Fumiakitoyama）
marimo ke,G.G.Lemon
tikuwanwa,ティクワンワ
parfait desu,Parfait Desu
mebachi,メバチ
indica,インディカ
nsio,nsio
zaraku,ザラク
sime (echo),シメ（エコー）
poo (donkan gokko),うんち（ドンカン・ゴッコ）
xion (pulilulu),Xion（Pulilulu）
1055,1055
hanabusa (xztr3448),ハナブサ（xztr3448）
hasisisissy,hasisisissy
azkn,azkn
kagosumi,カゴスミ
nicole (lion),ニコール（ライオン）
gougasha akira,グガシャ・アキラ
mitsu336,mitsu336
mikage (shibi),ミカジュ（シビ）
haemori ako,ヘモリアコ
rekka yamato,レッカ・ヤマト
houten (dre a mer),Houten（MER）
daichi (daichi catcat),daichi（daichi catcat）
yo-jin,ヨジン
fumyuun,fumyuun
haruyuki (snowdrop),Haruyuki 14
arobiro,アロビロ
pink pet bottle,ピンクのペットボトル
andy2465,Andy2465
bokkusu,Bokkusu
kouno (uiyoyo199),kouno（uiyoyo199）
yusuke (shiota),Yusuke（Shiota）
siho (siho0203),Gensokigou
ring 411,リング411
yupi (yuyupiko01),Yupi（Yuyupiko01）
sugawara omu,チシブキ・ヒヨコ
northman,ノースマン
maririn,マリリン
sunshine (1638509769),サンシャイン（1638509769）
hyuuman,ヒューマン
ise (velvet088),ISE（velvet088）
haru aki,ハルアキ
frit 2,フリット2
yarr,ヤー
koji (kojikojimdw),コジ（kojikojimdw）
cocona,ココナ
matilda (matildax),マチルダ（マチルダックス）
shiro usagi,シロ・ウサギ
takayama akira,高山明、
sakanaokashi,坂下
zzzpani,zzzpani
hironox,Hironox
irudana,イルダナ
mitsuba (threeleaf),ミツバ（3人）
ttmry bonbon,ttmryボンボン
sol-fa-soft,ソルファソフト
garasuita,ガラスータ
kiyuzuki satoko,佐藤清
xxxceller,xxxceller
shimeji (4 me ji),shimeji（4 me ji）
natsumyun,夏目
kurosu gatari,黒子ガタリ
rampage 2nd,ランページ2番目
suparu (detteiu),スパル（detteiu）
hexelica,ヘクセリカ
dreamsyndd,dreamsyndd
circle a,円a
totto (naka),トット（ナカ）
ririfu,リリフ
toktin zq,トクティンZQ
arutoria,Arutoria
igunuk,イグヌク
inato serere,イナートセレール
kantarou (nurumayutei),kantarou（nurumayutei）
kakitsubata waka,Kakitsubata waka
oda masaki (b-minor),oda masaki（b-minor）
melisaongmiqin,Melisaongmiqin
yasiro,ヤシロ
yukai nao,ゆいnao
s.h.v,S.H.V
hachihito,hachihito
tsuzura (pixiv74922627),ツァズラ（PIXIV74922627）
itou nobuhiro,itou nobuhiro
kooan,kooan
baumku techen,Baumku Techen
yuzu shio,Yuzu Shio
regan (hatsumi),リーガン（hatsumi）
sho yai,sho yai
whois,誰が
ibara.,イバラ。
rui rubellent,Rui Rubellent
john hathway,ジョン・ハスウェイ
futayamam2,Futayamam2
ratana satis,Ratana satis
hanuma hanma,ハヌマ・ハンマ
ayanobro,ayanobro
ninto,ニント
nabekokoa,ナベココア
nomura teruya,野村teruya
nito minatsuki,ニト・ミナツキ
unabara misumi,Unabara Misumi
amashoku jirou,Amashoku jirou
j (onose1213),J（onose1213）
nico (nico alice),ニコ（ニコアリス）
cuna (qunya),クナ（qunya）
kappipe (brd0520),kappipe（brd0520）
menbou (nonnontako),メンボウ（ノンノンタコ）
wemu (ivycrown),wemu（Ivycrown）
takamichis211,Takamichis211
ma2,MA2
mei (adomanju),メイ（Adomanju）
orange brand,オレンジ色のブランド
r (corolla),R（カローラ）
nyuudles,nyuudles
mugicha (sukimachaya),ムギチャ（スキマチャヤ）
crost,クロスト
bkko,bkko
tona (nekotte),トナ（ネコット）
kurogin,クロギン
tetsuji,ティツジ
shou shishi,shou shishi
oku no shi,oku no shi
chinjuu hibakichi,シチュウ・ヒバキチ
bonjin,ボンジン
b.tarou,B.tarou
nanni jjang,ナンニ・ジャン
standby,待機する
nidoro,ニドロ
kito (clamp5656),キト（clamp5656）
utu,utu
kajichan,カジチャン
tsuda akira,ツダ・アキラ
ishigami kazui,石川石類
sao (saowee),sao（saowee）
tsukamori shuuji,ツカモリ・シュウジ
doomcomic,Doomcomic
tombiiwa,Tombiiwa
samail,サマイル
trianon,トリアノン
sizque,シズケ
yomo,ヨモ
suzuki sakura,さくら鈴ー
urahara,ウラハラ
yuni 0205,ユニ0205
31reyo,ggyoku
teruteru12,teruteru12
sooma4869,SOOMA4869
waeba yuusee,Waeba Yuusee
pizzzica,ピズツィカ
anyuu,anyuu
poyadevil,Poyadevil
tamuhei (6nasiki),タムヘイ（6nasiki）
bakisimu (kinzokunamekuji),Koutetunamekuji
keypot,キーポット
kanami9731,kanami9731
matamataro,マタマタロ
seven (sixplusone),セブン（6plusone）
hasumushi,hasumushi
soy chicken,大豆チキン
kcccc,KCCCC
aaaninja,aaaninja
png pant (bus),PNGパンツ（バス）
yukihiko (sky sleep),ユキヒコ（空の眠り）
mamo (fortune-mm),MAMO（FORTUNE-MM）
kanata mako,カナタ・マコ
renren,レノン
oppaihobby,Oppaihobby
yoshida killy,キリー・ドゥードル
zero808w,zero808w
nekkikamille,nekkikamille
aoten (aoiroarekore),aoten（aoioroarekore）
ryuda,リュダ
non (nonzile),非（非zile）
scarlet23i0,scarlet23i0
horezai,horezai
uho (uhoyoshi-o),uho（uhoyoshi-o）
tacshojosora,Tacshojosora
liusang,リウサン
omaru (0marufestival),オマル（0マルフェスティバル）
sparseseethe,Sparseethe
imuraya ayuka,imuraya ayuka
honoboooono,Honobooono
ever (nann2013),エバー（nann2013）
itose ikuto,イクトス・イクト
mattyakinako (odango imomushi),Mattyakinako（OdangoImomushi）
leeannpippisum,Leeannpippisum
gekka nanako,Gekka Nanako
shou xun bu liang,shou xun bu liang
chong (547342983),チョン（547342983）
shizuoxing kof,シズオクシングkof
skyhouse,スカイハウス
mikanbako (aitatadon3),ミカンバコ（aitatadon3）
yamada (onigori105),山田（onigori105）
buzheng61241,buzheng61241
t.a.k.,T.A.K.
berusa (berutoo),ベルーサ（ベルートー）
mivioppai,ミビオッパイ
hozu (hozumi),Hozu（Hozumi）
kusakabe rei,クサカベレイ
wwwazxc,wwwazxc
akqne,akqne
ameya (okemu ame),アメヤ（okemu Ame）
psychic parrot,サイキックオウム
ivris,Ivris
yaziri,ヤジリ
naoto (96neko96),直石（96neko96）
maru (sasayama chikage),マル（ササヤマチカゲ）
cici,CICI
thedurianart,thedurianart
nachiru,ナチル
amayouri,アマヨリ
inukaze yamu,inukaze yamu
mizukamakiri,ミズカマキリ
topdylan,トップディラン
pirason,ピラソン
329kome,329kome
yuuki arisu (yuigi),ユキ・アリス（ユイジ）
aritoki ritsu,アリトキ・リツ
himajin (starmine),ヒマジン（スターマイン）
wendell,ウェンデル
occhan (11715),オカン（11715）
amawa kazuhiro,アマワ・カズヒロ
d-ten,d-ten
yatyou,Yatyou
tamuhi,タムヒ
shitou (1992116210),Shitou（1992116210）
koneko mari,コネコ・マリ
kurosuke (hipparu),紅（hipparu）
sanpeita,サンペイタ
oborogumo takamitsu,oborogumo takamitsu
cyanomirahi,シアノミラヒ
usumy,ウスミー
toku (tokuhp),Toku（tokuhp）
natsumi hajime,夏目は
haiiro gundan,ハイロ・ガンダン
robinexile,Robinexile
shain roki,シェイン・ロキ
kisuu (oddnumberr ),kisuu（oddnumberr）
maccyman,マッシーマン
boshinote,boshinote
narusegawa riko,ナルセガワ・リコ
beni (bluebluesky),ベニ（bluebluesky）
sengoku esuji,Sengoku suji
seiji (artman),セイジ（アートマン）
oju (ouka),oju（ouka）
yameta takashi,ヤメタタカシ
taono kinoko,タオノキノコ
kare (0621utak),Kare（0621utak）
dark night (darkotl),ダークナイト（darkotl）
rital,RICAL
ivenglynn,Ivenglynn
sayori (oskn),サヨリ（oskn）
sai (bankoru),サイ（バンクル）
emu (eomou),emu（eomou）
ann606,ANN606
masu shu,マスシュ
wat (worldlog),ワット（ワールドログ）
nonaka,ノンカ
versapro,Versapro
endou chihiro,エンドウチヒロ
dawit,ダウィット
shigatsu (4gate),葉丸（4GATE）
naftosaur,ナフトサウルス
ironashi,アイロンシ
superboin,スーパーボイン
22 (tak ja),22（タクジャ）
liby (libtnvd),liby（libtnvd）
bakki,バッキ
g.h (dkxlek),dkxlek
abineko,アビネコ
yoyoiro (sysi20),ヨイロ（sysi20）
daisukerichard,daisukerichard
goku-chan,悟空ちゃん
lisuchi,lisuchi
inui sekihiko,inui sekihiko
inu8neko,inu8neko
kinou no shika,キノウはシカ
motoki (hisano motoki),富子（陽子江口）
enatsu,エナツ
hakuginnosora,hakuginnosora
kezi,ケジ
mono (jdaj),モノ（jdaj）
okome (kome kuma),Okome（Kome Kuma）
shukurimu,shukurimu
bite addict,噛む中毒者
yamaishi nohi,ヤマイシノヒ
natsume yuji,夏ユジ
rezeharu,Rezeharu
sakura mafumi,さくらマフミ
komupi,Komupi
chiizu namasu,Chiizu namasu
hiepita97,hiepita97
hy (hem oo),ハイ（hem oo）
dj.adonis,DJ.Adonis
kuon kimi,クオン・キミ
fluffydus,Fluffydus
jaeyun,Jaeyun
hanamutsuki,漢会
saichuu (more1208),サイチュウ（more1208）
leki ixion,Leki Ixion
east01 06,East01 06
barley juice,大麦ジュース
yukihira makoto,ゆき城
akie (44265104),Akie（44265104）
renkonmatsuri,レンコンマツーリ
boo 1,ブー1
fetishist,フェティシスト
geistbox,geistbox
kinokohaman,Raion（inoueraion）
memeo (candy house),メモ（キャンディハウス）
kurarika,Kurarika
azling,アズリング
dynamotor,Dynamotor
woon,ウーン
matsuhisa (ryo-tsuda1),マツヒサ（ryo-tsuda1）
harstfazn,Harstfazn
lemontea (ekvr5838),lemontea（ekvr5838）
dai-oki,ダイオキ
zero q 0q,ゼロQ 0Q
necojishi,necojishi
keigen hichou,Keigen Hichou
toki to shishin,シシンへのトキ
takase (takase1214),Takase（Takase1214）
kuyukian3,Kuyukian3
torii5011,TORII5011
puteru,プラウ
kibashiba,キバシバ
ringo orihara,リンゴ・オリハラ
sasaki shou,ササキ・ショー
motokazu (dontokodon),モトカズ（dontokodon）
sizna (sangrde),サンデ
dinyc,dinyc
hizuki aki,ヒズキアキ
shino (shinderera),シノ（シンデレラ）
blueriest,最も青
aotsuki takao,八頭島
deraken,raken
tomatology3,Tomatology3
blackheart,邪険な心
matudo yuu,Matudo Yuu
yoni (zhang),ヨニ（チャン）
kurage modoki,Kurage Modoki
mopiwo,Mopiwo
xiandao1213,xiandao1213
cocoasabure,ココサブア
fujiwara aoi,藤原aoi
k (li),K（li）
yuzuna hiyo,Yuzuna hiyo
ghdwid,ghdwid
mapyuhin za puremiyamu,mapyuhin za puremiyamu
odaodaoaoda,odaodaoaoda
isshitaira,イスシタイラ
rakku (10219563),Rakku（10219563）
zasshu tamashii,Zasshu tamashii
fujita hidetoshi,藤田hidetoshi
hamioura,ハミオラ
anmochi mochi,アンモチモチ
ai-bon,ai-bon
ume (yume uta da),ume（yume uta da）
zairen,ザイレン
guitar (guitars),ギター（ギター）
nanao (aoyamahikari),nanao（aoyamahikari）
oluha,オルハ
ronin (zeth total),ロニン（合計ゼス）
hyugo,ヒウゴ
+1 (yakusoku0722),+1（Yakusoku0722）
ryokucha manma,リョオクチャマンマ
gygerbeen rtl06,gygerbeen rtl06
sawamaharu,サワマハル
kokumotsu,kokumotsu
amagami (makise tsubaki),アマガミ（マキーズツバキ）
sakiko (gekiama),サキコ（ゲキアマ）
mogi yuusuke,ゆくむずみ
sdwing,sdwing
nico (hero300),ニコ（Hero300）
jiji (381134808),ジジ（381134808）
sakurahuji-iro,さくらさ
fujizarashi,藤沢
asa ni haru,Asa Ni Haru
saezuru usagi,Saezuru uagi
uguisu (happy turn),uguisu（ハッピーターン）
sanroku 3,サンロク3
thurim6,thurim6
naijiaer,naijiaer
morichan,モリチャン
mako (macomaco7),Mako（Macomaco7）
jiachong jun z,jiachong jun z
tachibana hiroki,タチバナ・ヒロキ
munashichi,ムナシチ
mogg,モッグ
noeru (putty),ノエル（パテ）
yeti (mu kaiten),yeti（mu kaiten）
nora (salatto),ノラ（サラット）
twarda8,Twarda8
mogijabgo,モギジャブゴ
bodhi wushushenghua,bodhi wushushenghua
koko (koko3),koko（koko3）
sketti,スケッティ
you naka,あなたはナカ
ngc20701,NGC20701
kunimitsu (9nimi2),kunimitsu（9nimi2）
eiyuu (eiyuu04),eiyuu（eiyuu04）
aoi hane,aoi hane
runta,ランタ
wutu (1183238220),wutu（1183238220）
yumenomimizuku,Yumenomimizuku
umishima rinta,umishima rinta
triangle bullet,三角弾丸
rikorin,リコリン
luna nyann,ルナ・ニャン
futase hijiri,Futase hijiri
fuyube gin (huyube),FuyubeGin（Huyube）
nazunakku,ナズナック
triuni,トリウニ
charimei,キャリメイ
wally99,wally99
teru suzu,Teru Suzu
lunaraven,Lunaraven
kaigun bakuryou,Kaigun Bakuryou
arima keitarou,アリマ・キタロウ
schelz,シェルツ
yuuki yuu,ユウキ・ユウ
nao-08,NAO-08
liyou-ryon,liyou-ryon
kurigura (sketch san),クリグラ（スケッチサン）
shikosour,shikosour
circle garyuu,サークルガリュー
no name ninja,忍者の名前はありません
rinmei,リンメイ
phiphi-au-thon,Phiphi-au-thon
bummerdude,Bummerdude
touto seiro,Touto Seiro
gomibuta kuzutarou,Gomivita Kuzutarou
akthree0,akthree0
yasu,ヤス
mayoln,マイヨル
aoi yuuji,Aoi Yuuji
kaatoso,カートソ
midou (grk12138),Midou（grk12138）
toshi hiroshi,トシ・ヒロシ
jiraiken,ジライケン
sakasa (guranyto),サカサ（ガリント）
kutsunohito,クツノヒト
makoushi,マコウシ
sasaki shounen,佐々木shounen
nekoshin kagari,ネコシン・カガリ
keijou (cave),Keijou（洞窟）
asura (asr4000),Asura（ASR4000）
ujiie moku,ujiie moku
midori miyako,ミヤコ造山
elk115,Elk115
itoji,itoji
aka (440626),別名（440626）
shimada (dmisx),島田（dmisx）
kito (kito2),キト（kito2）
ro-a,RO-A
minari (minari37),MINARI（MINARI37）
yuuki kazuhito,吉井ゆく
takasegawa yui,高類ゆき
blanco026,blanco026
ere (2516325),ere（2516325）
oo6,orokudesu
lightningstrikes,落雷
sunao (70 the),Sunao（70 The）
m9nokuro,hibaise jiangshi
niwa haruki,ニワ・ハルキ
nanatuki13,nanatuki13
haishima xv,ハシマXV
raruru,ラルル
parai0,parai0
kiritomo koroha,Kiritomo Koroha
momoiro oji,モモイロ・オジ
aianchor,aianchor
hikigaya 0926,hikigaya 0926
heeri,heeri
taba comya,タバコイヤ
yokojima kemomi mi chuushin,横正ケモミ・ミ・チューシン
number10 (hagakure),number10（hagakure）
kawauchi (kaz7ry),川楽（kaz7ry）
luupechi,ルペチ
harutask,harutask
daifuku (tkja3555),daifuku（tkja3555）
firenzesaika,Firenzesaika
fl (l-fl),fl（l-fl）
sinape,シナペ
hakuhatsu,ハクハツ
natsume k,夏目k
shi xu jiu zhou,shi xu jiu Zhou
yurufuwa milk,Yurufuwa Milk
shu-ten,shu-ten
suzumia (daydream),スズミア（Daydream）
liiko,リコ
higashiyama hayato,広島hayato
persimmon (lsxh3),persimmon（lsxh3）
crrispy shark,Crrispy Shark
narumi yuu (imitmoon),narumi yuu（imitmoon）
mamaito,ママイト
munakata (hisahige),ムナカタ（ヒサヒゲ）
futaba jun,upaba Jun
moto mitsuashi,Moto Mitsuashi
serjatronic,serjatronic
zhaktnf,zhaktnf
hiro (725611),Hiro（725611）
pleo,プレオ
akatsuki shimeji,acatsuki shimeji
g.h (gogetsu),G.H（Gogetsu）
gurin33,gurin33
shinkaui,シンカウイ
akariya kuubu,アカリヤ・クウブ
shiro shougun,Shiro Shougun
wadanaka,ワダナカ
akai akasaki,アカサキアカイ
pola (1021),ポラ（1021）
hatori you,ハトリあなた
tobe sunaho,トーベナホ
noe 8ban,Noe 8ban
gekato,ゲカト
nekomarurio,スイカリオ
retorou,Retorou
aojiru,aojiru
liangfen,liangfen
yuzutouhu ika,Yuzutouhu Ika
meido yomi,Meido Yomi
jagayamatarawo,Jagayamatarawo
task baron,タスク男爵
stratosphere (coom1017),成層圏（COOM1017）
chierishu,チエリシュ
poteto (potetosarada123),poteto（potetosarada123）
bebe 0620,Bebe 0620
myanyuki h,myanyuki h
totoro on,トトロオン
supo01,supo01
was775,WAN775
shiomiya iruka,Shiomiya Iruka
tofuvi,Tofuvi
namamo (kura),ナマモ（クラ）
chiru (218mg),Chiru（218mg）
pray (furei),祈る（furei）
lamp p9,ランプP9
ozaki mirai,オザキライライ
gemi 25,ジェミ25
jname,jname
anjingkuxiao,Anjingkuxiao
yuuhi (ages),ユウヒ（年齢）
azuma takeshi (andon kandelaar),Azuma Takeshi（Andon Kandelaar）
hestia (neko itachi),ヘスティア（ネコ・イタチ）
tokita arumi,トキタアルミ
butajima john,ブタヒマ・ジョン
lethe-shion,レテ・シオン
ikameshi (ika meshi),Ikameshi（Ika Meshi）
aidumi,エイドゥミ
niimura (csnel),niimura（csnel）
susumu,ススム
harusame (user wawj5773),Harusame（ユーザーWAWJ5773）
youbou,youbou
rippajun,リッパジュン
shimofuji jun,Shimofuji Jun
sakurayashiki nisei,さくら島nisei
renji (orange ize),renji（オレンジIze）
shouin,shouin
xkaishaku,xkaishaku
motchie,Motchie
ishitsu kenzou,kenzouの石
yamamoto shikaku,山本四川
kichin yarou,キチン・ヤロウ
ihara asta,イハラ・アスタ
chemical-x,Chemical-X
shiina aya,シーナアヤ
mika mikan,ミカ・ミカン
icym,icym
kasutaso,カスタソ
kahis (sweetbriar),KAHIS（Sweetbriar）
kaoru348,Kaoru348
holysnow,holysnow
inuko (redconstellation),inuko（redconstellation）
denken,デンケン
natsu (nattiyann),夏（nattiyann）
syou (endemic species),syou（固有種）
den (den zuri555),デン（den zuri555）
ochanoko (get9-sac),ochanoko（get9-sac）
koyomisa,コヨミサ
saano chia,サーノ・チア
fuurai (resuty),富士（resuty）
kazami haruki,丸木川
mumyuu,ムミュウ
satou chagashi,サトゥ・チャガシ
atair,atair
panda (pandadesu),パンダ（パンダデス）
itou youko,itou youko
udon (memai no kabe),udon（memai no kabe）
mamesi (suhk8583),Mamesi（suhk8583）
konsu konsuke,小川むき出し
aoinagi,青石
mitsuru (madeinore),ミツル（マデノア）
aizawa kotarou,上川kotarou
kajikawa yahiro,カジカワヤヒロ
tktk135,TKTK135
horin,ホリン
mapi,Mapi
ichifuji nitaka (phase nine),nitaka（フェーズ9）
haine (howling),ハイネ（ハウリング）
azuhira,アズヒラ
iganseijin,イガンセイジン
torisudesu,Torisudesu
mo ying yu,Mo Ying Yu
yae (yae ringo),イエ（イエ・リンゴ）
hatomugi (mugicha),hatomugi（ムギチャ）
yume keikaku,Yume Keikaku
akaitera,アカイテラ
nodu,ノードゥ
aibek,アイベック
yjs0803123,YJS0803123
oyamada gamata,オヤマダガマタ
kamo 3,カモ3
houhokekyo,Houhokekyo
ifpark (ifpark.com),ifpark（ifpark.com）
shirousa,シロウサ
tsukiori sasa,ツキオリ・ササ
shi-2,SHI-2
misa (kaeruhitode),ミサ（kaeruhitode）
tama two (fukuya),タマ・ツー（福山）
you rei (blowback),あなたはレイ（ブローバック）
utamaru (konomix),ウタマル（konomix）
toki (tokihakashi),トキ（トキハカシ）
naruka (ynarukay),ナルカ（Ynarukay）
maru (314),マル（314）
shituzi,シトジ
friedbun,friedbun
ssbaby,ssbaby
tama (tamakaka1031),タマ（Tamaka1031）
naoton,ナオトン
irohatomo,イロハトモ
saturday (hokawazu),土曜日（ホカワズ）
tonomayo,トノモヨ
kama iruka,カマ・イルカ
hitsujisnow,hitsujisnow
uninigumi,uninigumi
kh-fullhouse,kh-fullhouse
yuino (fancy party),ユイノ（ファンシーパーティー）
amamiya marron,アマミヤ・マロン
anda daichi,アンダ（ペニーロイヤルティー）
magmel,キノーネコ
tauta (meshia8787),タウタ（meshia8787）
mizuhi kou,ミズヒコウ
honyaru (nanairo39),honyaru（nanairo39）
aonik,aonik
ouzisamafe,ouzisamafe
mungduck,ムングダック
kawahara chisato,川原のチザート
niduannowu,niduannowu
toinana,トイナナ
henry partum,フェルサス
kohaku sogo,コハク・ソゴ
yukimaro yukkii,ユキマロユッキイ
take (take143000),取る（take143000）
sero3eta,sero3eta
rei (farta litia),Rei（Farta Litia）
sakasana (kaisen teikoku),Sakasana（Kaisen Teikoku）
lm 0063,LM 0063
suarokin,スアロキン
mattyazuki,松京
momose hisashi,馬馬馬
arima kouichi,アリマ・コウチ
totorosu,トトロス
kumashiro izuta,クマシロ・イズタ
kyoro ina,京都ina
elakan,エラカン
zee n3,Zee N3
cain art811,Cain Art811
qoray7,Qoray7
nekolook,ネコルック
roko (abekawa),入国者
suzumori kuroku,鈴本黒い
kurosaki sasori,佐藤黒子
etsuransha no rei,eturansha no rei
0k0j0,0k0j0
twin-7646,ツイン7646
arkray,アークレイ
harukan tiusu,ハルカンティウス
akahaneko,アカハネコ
sigma 2018,Sigma 2018
soburi,ソブリ
kamijou sadame,カミジュー・サダム
yagumo kengou,Yagumo Kengou
rail (silverbow),レール（シルバーボウ）
yuuki (yukigeshou hyouka),ユウキ（Yukigeshouhyouka）
sami (3a3i3a3i),サミ（3A3I3A3I）
shichijou natori,shichijou natori
daina (encore62),ダイナ（encore62）
domoge,Domoge
toboso yana,トボソヤナ
goroku,ゴロク
rainmaker,レインメーカー
nannaru (nananana),ナンナル（ナナナナ）
maruze circus,マルーズサーカス
petit ramune,プチラムネ
hetaren (ramark),ヘタレン（ラマーク）
drawdrawdeimos,DrawDrawdeimos
suna kiririto,スナ・キリリト
addy (@vegeebs),addy（@vegeebs）
kenharu,ケンハル
kisa (kisa-kisa5900),kisa（kisa-kisa5900）
jougenmushi,jougenmushi
kamon (shinshin),カモン（シンシン）
stmoon,stmoon
akebisousaku,akebisousaku
rayleigh scale,レイリースケール
mitomaton,マイトマトン
show (rinnetenshow),show（rinnetenshow）
asphyxia17,Asphyxia17
ran (bearsoymilk),ran（bearsoymilk）
u-min,u-min
i am homeko,私はホームコです
shibainutank,Shibainutank
fukuzawa yukichi (egoist867),福沢元州（egoist867）
sion001250,sion001250
lilith (lilithchan),リリス（リリシェン）
nekoyuu,nekoyuu
match (idleslumber),マッチ（idleslumber）
ishiwatari daisuke,石原大suke
sako (namocake),サコ（namocake）
ki (mxxxx),ki（mxxxx）
yuufreak,yuufreak
rokki hero,ロッキヒーロー
alicecrazy,alicecrazy
luvluvvox,luvluvvox
jon shicchiou,ジョン・シッチー
yukinami (paru26i),Yukinami（Paru26i）
qbspdl,QBSPDL
wori,wori
chiruru96,Chiruru96
noraico,ノライコ
akr (qpqpqp),AKR（QPQPQP）
dizmathik,ディズマティック
aikawa touma,八川touma
esencey,escencey
yoshino ns,ヨシノns
yuzuha (yuzuya),Yuzuha（Yuzuya）
kojo (0124),kojo（0124）
kuromiya (def lp),クロミヤ（def lp）
gyorui (amezari),Gyorui（Amezari）
satsuki inari,satsuki inari
nimuno (munimuni),ニムノ（ムニムニ）
kamdia,カムディア
mytyl,Mytyl
kimitoshiin,kimitoshiin
gossa-tei,gossa-tei
hoshikawa tsukimi,hoshikawa tsukimi
momo uzura,うずまきモモ
mizuno poppo,ミズノポポ
orange (meitoku),オレンジ（Meitoku）
mima chi,ミマチー
kito (coyo),キト（コヨ）
murakami teruaki,村上teruaki
oyu no kaori,oyu no kaori
big-d,big-d
sasaki ryou,ササキ・リョウ
gomiyama,ゴミヤマ
abe hikaru,阿部ヒカル
nikku (nzaf5832),nikku（nzaf5832）
kageyama shinobi,川山忍
koji (kohei66),コジ（kohei66）
makita yoshiharu,マキタヨシハル
taka-f,タカ・フ
kty (04),Kty（04）
acchi (koiyimknp),acchi（koiyimknp）
mi mi ham,ミミハム
yamanome,ヤマノーム
boned-woo,bonedwoo
bori (3910234),ボリ（3910234）
dacho,ダチョ
natuich,ナチュイチ
yakuto007,Yakuto007
khibiki,khibiki
kitere,キチェレ
eva (hq8nn1ef),EVA（HQ8NN1EF）
motomiki,モトミキ
kouda hayato (e-gis),Kouda hayato（e-gis）
pizanuko,ピザヌコ
scarlet dango,スカーレットダンゴ
announ (kurotya),アナウンス（kurotya）
foo (pixiv54892036),foo（pixiv54892036）
young savage,若い野ave
oueo,oueo
ru2n131,RU2N131
itete,イテテ
mikomu,ミコム
purinnssu,プリンズ
calm (artist),落ち着き（アーティスト）
eru-sennin,エルセニン
kunimura hakushi,迎え丘
katagiri chisato,カタギリ・チザート
miyai haruki,ミヤ・ハルキ
tmt,TMT
kofa (ikyurima),コファ（イキュリマ）
u (mikaduki0720),u（mikaduki0720）
isako rokurou,イサコ・ロクロウ
panprika,パンプリカ
nakarai takumi,中eraiタクミ
tomatojam,トマトジャム
atsajh,atsajh
cevoy,セボイ
junik (snrj2255),Junik（SNRJ2255）
uthy,uthy
kamogawa akira,カモガワ・アキラ
yunikon,ユニコン
memory (prophet5),記憶（預言者5）
fujinozu,藤野
homura shinji,Homura Shinji
tsuru (nekopanchi),ツル（ネコパンチ）
asahiru ban,アサヒルの禁止
yukuso (dabiandang),雲上（dabiandang）
senjouhara nira,センジャラニラ
huziiro matutya,Huziiro Matutya
santafe99,santafe99
mizuki (mz),ミズキ（MZ）
dvdarts,dvdarts
saeldam,Saeldam
shiguko,志子
shirotaka (5choume),シロタカ（5choume）
fare,運賃
nekogami (ffcreatyuuki),ffcreatyuuki
vgerotica,vgerotica
pote (aonibi kairou),pote（aonibi kairou）
saku (soreca49),サク（soreca49）
sen light,センライト
suzuki tsuta,スズキ・ツタ
cloverse6,Cloverse6
hatsu (first snow),田道（最初の雪）
mikawa miso,ミカワ・味o
shien (tatunokoshien00),Shien（Tatunokoshien00）
reinoenu (anon),レイノーヌ（アノン）
tomo (machinemess),トモ（機械）
koebushi (mat),コブシ（マット）
aida (chinhung0612),アイーダ（Chinhung0612）
didi esmeralda,ディディ・エスメラルダ
kushabiria,クシャビリア
mistynight,ミスティナイト
neilos,ニーロス
hino hinako,ひらだん
globburt,グローブバート
sg (under siiiiii),sg（siiiiiiの下）
yohaku,ヨハク
xanadu avici,Xanadu Avici
kawakami tetsuya,川崎ティツヤ
yamabuki ryuu,ヤマブキ・リュウ
sosser,ソッサー
modern afro,現代のアフロ
racket ti1,ラケットTI1
aquamu,アクアム
ginnoturu,ジンノトゥル
dealesis,取引
osshouri55,osshouri55
jon eve,ジョンイブ
autumnlll,autumnlll
fuzinoe 13b,フジノエ13b
komadera,コマデラ
kozakura (i s 15),コジュラ（私は15）
144 (riesztan),144（Riesztan）
hozenkakari,Hozenkakari
aogiri sei,青野sei
rowdon,ロードン
siro (asteblanc),シロ（アステブラン）
yotubawatane,ヨトバワタン
akitaka takaaki,田川城
hitoi,ヒトイ
kinatsu souju,キナツ・スウジュ
gasuto (kamikami),ガスート（漢字）
kaze (kazesan),kaze（kazesan）
garin,ガリン
nantoka maru,ナントカ・マル
mezzo (orbanga21),メゾ（orbanga21）
agetake,Agetake
matsu (bandan),マツ（バンダン）
mioda 69ch,Mioda 69Ch
pear sauce,梨ソース
asaba yuu,アサバユー
megurumiru,Megurumiru
potatopanicking,ポタトパニック
cojibou,cojibou
katagi ren,カタギ・レン
lang (chikage36),ラング（chikage36）
xiaoyu,Xiaoyu
hiroki bzdsk,ヒロキbzdsk
haruna (citrus love i),春田（柑橘類の愛私）
kuzukiri (riezenagel),クズキリ（riezenagel）
ku-ba,Ku-ba
calder,カルダー
eclosion,eclosion
sieyarelow,sieyarelow
miyuki yaya,ミユキヤヤ
tomaco,トマコ
jun (noiji guren 0220),6月（ノイジ・ガレン0220）
fengli (709622571),Fengli（709622571）
oota takeshi,Oota Takeshi
kizuta (barometz),キズタ（バロメッツ）
bluesalm0n,ワバキ
fudepenbrushpen,fudepenbrushpen
tankcay,TANKCAY
xx momomo xx,XXモモXX
rin (rin7kan7),rin（rin7kan7）
akinakesu-chan,Akinakesu-chan
kakera (comona base),Kakera（コモナベース）
tamo (gaikogaigaiko),タモ（gaikogaigaiko）
mikami hotaka,ミカミ・ホタカ
shinobu (tyno),忍（ティノ）
toshi punk,トシパンク
kirita asami,キリタ・アサミ
hidora art,ヒドラアート
inoue kousei,Inoue Kousei
l.k,L.K
kukkumann,Kukkumann
konbari tariumu,コンバリ・タリウム
matchadzuke,マッテッズケ
ryoi,リョイ
takashiro (takashiro factory),高橋（高橋工場）
saeuchobab,Saeuchobab
aosode,aosode
hirasaka ine,hirasaka ine
silverwing,シルバーウィング
eromettsu,エロメッツ
l.bou,L.Bou
redauto,redauto
gyudong123,Gyudong123
rikotan,リコタン
onion (onion and pi-natto),オニオン（タマネギとピーナット）
sugihara (sugihara2000),杉原（sugihara2000）
h haluhalu415,H Haluhalu415
tsukishima makoto,四肢島
aura (aurapls),オーラ（aurapls）
18 (backstreetno18),18（backstreetno18）
usubeni sakurako,usubeni sakurako
ufkqz,ufkqz
hurybone,ハイボーン
aozora kyuuji,aozora kyuuji
kawa akira,川明、
akahoshi kenji,Akahoshi Kenji
ringpearl,リングピール
tiyi (tiyi a09),Tiyi（Tiyi a09）
arikawa rui,arikawa rui
zutta,ズッタ
15citron,15citron
maruyama,丸山
orii (orii i),orii（orii i）
ma-yu,Ma-yu
kiryuu tsukasa (citrocube),Kiryuu tsukasa（citrocube）
abondz,アボンズ
jd (bibirijd),JD（bibirijd）
oshiba ken,Soshiba Ken
amayofuu,amayofuu
zyunya,Zyunya
minatsuki (m1natsuk1),ミナツキ（M1NATSUK1）
jura cambri,ジュラ・カンブリ
eeshin (eishin5584),Eeshin（eishin5584）
ame (conronca),AME（conronca）
okumori boy,オクモリの少年
gooster,グースター
lis zhu long,lis zhu long
bugita,ブギタ
takuji yuusaku,タクジユウサク
mix (wkupmix),ミックス（wkupmix）
hiroichi,hiroichi
shufflebox,シャッフルボックス
kiyohara hiro,キヨハラ・ヒロ
genjuu rou,genjuu rou
hikari yui,hikari Yui
ecchisage,ecchisage
re:i,Re：i
raina,レイナ
amano yuu,アマノユー
kuko,クコ
ishitsu tadashi,三門三門
abeen jhong,アビーン・ジョン
duetrofl,Airuko（Justduet）
sirokuro daruma,sirokuro daruma
suikomu now,さてや
corsetman,コルセットマン
demimushi,デミムシ
srwsrx (gp03dsrx),srwsrx（gp03dsrx）
raenoreto,Raenoreto
seu kaname,Seu Kaname
maki yoshitake,マキ・ヨシタケ
vh20/20,Vistahero
pato (ptro),パト（ptro）
shinketsu kanyu,シンケツカニュー
fenixman12,fenixman12
amu (258shin),アム（258shin）
tazu,タズ
aosaki yato,Yato Aosaki Yato
li0n (kongshushiwo),li0n（kongshushiwo）
sasako mitomo,ササミ（ki）
ibuibuyou,Ibuibuyou
nya-c,NYA-C
asdj,ASDJ
yuu azma,Yuu Azma
piza rokumai,Piza Rokumai
nstime23,NSTIME23
bandabekken,Bandabekken
angdo (kakajo26),Angdo（kakajo26）
meganei,メガネイ
komii,komii
momochi (orrizonte),モマチ（orrizonte）
amatsuki rei,アマツキレイ
xelvy,xelvy
sakuraba hinano,サクラバ・ヒナノ
keikenchi,ケケンキ
nicecream,NICECREAM
miyabi (miyabeeya),miyabi（miyabeeya）
riffle hunter,リフルハンター
beisaku bei,ベイサクベイ
memetaroh,メメタロ
ryoutsu,ryoutsu
kaer sasi dianxia,Kaer Sasi Dianxia
dao trong le,Dao Trong Le
meru,メル
zhishi ge fangzhang,Zhishi Ge Fangzhang
asa (xametaler),asa（xametaler）
magnistr1,henginnnnnn
tawan (46okuneeen),オンコ
siruphial,siruphial
gaius (nikoniko2),gaius（nikoniko2）
yamabukiiro (browncat),ヤマブキロ（ブラウンキャット）
oki (koi0koi),oki（koi0koi）
nasu bacon,NASUベーコン
meriko,メリコ
kurosu tsugutoshi,黒子tsugutoshi
amo (silent bomb19),AMO（サイレント爆弾19）
three twosix,3つの2つ
argon (exys),アルゴン（exys）
max domikov,マックス・ドミコフ
abe tsukumo,abe tsukumo
marui (koedame),マルイ（ケーダメ）
tako 8 yaki,タコ8ヤキ
ricci,リッチ
keikou ryuudou,keikou ryuudou
banchii,banchii
shiren (monochrome structure),シレン（モノクロ構造）
owl taro,yinyoushirenmaotouying
kimyo,キミョー
yamanobe saya,ヤマノベ・サヤ
kaabon meshi,Kaabon Meshi
drawing kanon,描画カノン
guu (hakahonoo),グウ（ハカホヌー）
zzz zhi he,zzz zhi彼
heo sung-moo,Heo Sung-moo
co botan,Co Botan
onionsketch,onionsketch
inushi,inushi
hatoneko,ハトネコ
haruo (clownberry),ハルオ（Clownberry）
yueqin (monnpiano),Yueqin（Monnpiano）
vegas (akg),ラスベガス（Akg）
zippo teifujou,Zippo Teifujou
blade ride,ブレードライド
aichi shiho,アイチホイホ
yuuzaki,ユウザキ
umino mizu,Umino Mizu
himawari (kawaisounaedesu),ヒマワリ（カワイソウナエデス）
tsuruko turuta,ツルコ・ツルタ
kuro goma (kakkou11),Kuro Goma（Kakkou11）
utsumi karmin,utsumi karmin
gan-viking,ガンビーク
maachi (fsam4547),マアチ（FSAM4547）
sanamisa,サナミサ
hfp~kubiao,HFP〜Kubiao
purerin,ピュレリン
dodari,ドーダリ
saiko67,saiko67
ixia (ixia424),ixia（ixia424）
lxjun 09,lxjun 09
asteria (driftingprhp),アスタリア（DriftingPrhp）
midiman,ミディマン
kouga yun,Kouga Yun
hayami yuujirou,林ユジロウ
ginn (hzh770121),ginn（hzh770121）
momomaron,モモマロン
lilith-lily,リリスリリー
shroedinger,shroedinger
kyoro (cothurnus),京（cothurnus）
sakimiya mafu,sakimiya mafu
tyrant sugawara,Tyrant Sugawara
nolmo,ノルモ
rokosu (isibasi403),rokosu（isibasi403）
moyashi mou2,モヤシMou2
mitsuki3s kir,Mitsuki3s Kir
ho2nium,ho2nium
yuguraniru,ユグラニル
cocorip,ココリップ
kawa-v,川v
sage (mami1210),セージ（Mami1210）
nachisuke,nakisuke
azure (capriccio),Azure（Capriccio）
aru16,ARU16
tomo (tomorag7),トモ（トモラグ7）
yukichi (tsuknak1),ユキチ（Tsuknak1）
banana gyuunyuu,Banana Gyuunyuu
tom (pixiv10026189),トム（PIXIV10026189）
shirabe shiki,シラベ・シキ
arlmuffin,Arlmuffin
myoya,ミョヤ
hahihu1782,hahihu1782
majormilk,MajorMilk
fujimori tonkatsu,藤本骨us
hakuhou (ende der welt),hakuhou（ende der welt）
mayo (mayomr29),メイヨー（Mayomr29）
niwaka yuan,niwaka Yuan
rkzrok,rkzrok
ichimatsu nana,一夏ナナ
songmil,ソングミル
kisaki oni,キサキオニ
ryouku,リョーク
mizutsuki rei,Mizutsuki rei
hoerutarou,hoerutarou
crashtv,CrashTV
nana (732 kaiten),ナナ（732カイテン）
mariwai (marireroy),マリワイ（マリレロイ）
fucodoku,Fucodoku
mina (sio0616),ミナ（SIO0616）
tilde (ice cube),ティルド（アイスキューブ）
heisa,ハイサ
fever-san,フィーバーサン
yanagi (tsukiakari),ヤナギ（ツキアカリ）
kazakami yuu,カザカミユー
saitou shunsuke,saitou shunsuke
otakeyan,オタケヤン
mino (udonge),ミノ（udonge）
onaka sukisuki,オナカ・スキスキ
yamino kenji,ヤミノ・ケンジ
shijima (tanfn),ほこり（タンフン）
seeds328,Seeds328
vox,vox
ina (gonsora),ina（gonsora）
littleshrimp,littleshrimp
tsaianda,Chikorita85
shiyun,shiyun
nawo (peace),ナウォ（平和）
mumaya,ムマヤ
tiny (tini3030),Tiny（Tini3030）
johnny (nyansama0412se),ジョニー（nyansama0412se）
yuuko (030 yuko),ゆく（030 Yuko）
gou (double trigger),GOU（ダブルトリガー）
chuor (chuochuoi),Chuor（Chuochuoi）
homura minori,Homura Minori
ueno tsuki,上野tsuki
ban (777purin),禁止（777purin）
emmikn,emmikn
watanabe kawa,ワタナベカワ
rorretsim,rorretsim
noel (nnoelllll),ノエル（nnoelllll）
momo-deary,モモデアリー
fukaya rin,Fukaya Rin
nao salad,Nao Salad
nekotori (nekotori221),モチガナ
chelodoy,チェロドイ
ren kon,レンコン
k-rumi,k-rumi
saida nika,サイダニカ
ishii (isuwie),ishii（isuwie）
onuma kuma,オナマクマ
reki (arequa),レキ（arequa）
you'a,あなたは
umetsu yukinori,UMETSU Yukinori
sanpo (sanpo 1027),Sanpo（Sanpo 1027）
mentaiko jojotarou,Mentaiko Jojotarou
louis lloyd-judson,ルイ・ロイド・ジュドソン
silence (linnnn915),沈黙（PIXIV18541142）
tob,トブ
lyn (shunao),リン（シュナオ）
mile (mil2),マイル（MIL2）
mahito (tranjistor),マヒト（トランジストール）
shuiyaoximushi,shuiyaoximushi
shima chiyo,清水
sarina (tosiyukiryousuke),サリーナ（Tosiyukiryousuke）
mai (xskdizzy),マイ（xskdizzy）
wa ga ne,wa ga ne
kumichou (nakasato-gumi),Kumichou（Nakasato-gumi）
robert j case,ロバートJケース
kagaya (oshiriudon),カガヤ（オシリュードン）
hotateyuki,hotateyuki
legendarysoulii,伝説的なもの
ranger squirrel,レンジャーリス
coyomin,コヨミン
barikios,バリキオス
yohia,ヨヒア
eboda-x,eboda-x
hieda (hiedanoaqn),ヒエダ（hiedanoaqn）
minatasiro,ミナタシロ
imuhata shimuro,imuhata shimuro
white-aster,ホワイトエスター
nanaki (mkmk 915),ナナキ（MKMK915）
aki a0623,AKI A0623
huyunora,フユノラ
atychi,アティチ
harii (janib5kc),harii（janib5kc）
asahina,アサヒナ
uturo,ウトゥロ
miko (35nikomi),ミコ（35nikomi）
katsuma rei,katsuma rei
fukushi ryouhei,福島youhei
gohan (gohanchang),ゴーハン（ゴハンチャン）
nanakawa (nanasoon),南川（ナナスーン）
konasu (sndk1480),コナス（SNDK1480）
utaka (anyoanyot),ウタカ（anyoanyot）
ito (itokayu),伊藤（itokayu）
nimu,ニム
ueno haruki,上野長
reptileye,reptileye
misaki (kyal 001),仏教（kyal 001）
aimf,AIMF
urasuji samurai,urasuji samurai
hitaki yuu,hitaki yuu
toxic (toxicv),毒性（毒性）
mikage nao,ミカゲ・ナオ
shijimi kozou,Shijimi Kozou
shaun healey,ショーン・ヒーリー
uraomote,uraomote
eru,エル
s-purple,s-purple
munuu,ムヌー
matsumoto mitsuaki,松本三門
neneko-n,Neneko-n
ngirln4,ngirln4
surumeika (ninfiiiir),Surumeika（ninfiiiir）
biiko (king1015g),biiko（king1015g）
inumine aya,インミンaya
skyde kei,Skyde Kei
rebirth42000,Rebirth42000
gaogao (gaogaomegu),gaogao（gaogaomegu）
burenbo,ブレンボ
nakane nata,ナカネ・ナタ
ako suke,アコ・スーク
tamanegiya,Tamanegiya
yaya hinata,ヤヤ・ヒナタ
on ( l0 ),on（l0）
urase shioji,urase shioji
hazuki gean,hazuki gean
ponta (matsuokazieg),ポンタ（松尾）
kaishinshi,カイシンシ
shayoo,シェイー
tsukumi (tkmillust),ツクミ（tkmillust）
yuukami (wittsu),ユウカミ（ウィトゥ）
ototoi (eevees813),ototoi（eevees813）
shromann,Shromann
umedairuka,Umedairuka
nakashi masakumi,慣田西
wufaxianshi cnd,Wufaxianshi Cnd
spekkio36,Spekkio36
surume (clavis),Surume（Clavis）
hirococo,ヒロココ
koooogasya,koooogasya
qianqian,Qianqian
wujia xiaozi,wujia Xiaozi
muuyiie,Muuyiie
hashimochi,橋本
aqua hisui,Aqua hisui
shunrai,シュンライ
kaya (nari1-24),カヤ（NARI1-24）
senhaku,セナク
akari seisuke,聖師
zabu rou,ザブ・ルー
hikusa,hikusa
jarv,jarv
nuka cola06,Nuka Cola06
shown,表示されています
aboutama,馬について
feb itk,2月itk
mee don,ミー・ドン
kapiten70,kapiten70
ankai (rappelzankai),アンカイ（Rappelzankai）
rumia (compacthuman),ルミア（compacthuman）
zashiki usagi,ザシキ・ウサギ
jiukuzi18797,Jiukuzi18797
seto (harunadragon),セト（ハルナドラゴン）
nino (ninouchi irazu),ニノ（ninouchi irazu）
yuzu kiro,Yuzu Kiro
bou shaku,Bou Shaku
nagai wataru,Nagai Wataru
tiasis,ティアシス
hamada miku,浜田miku
ame-rain,AME-RAIN
misuzu (iridescence),魚（虹色）
royl,ロイル
gorou naoki,ゴロウナキ
2v (joyeong),2V（Joyeong）
naga (pixiv70891418),ナガ（pixiv70891418）
atatatamu,atatatamu
shiratama yomogi,Shiratama Yomogi
shimeno puni,シメノ・プニ
makenevemoiine,Makenevemoiine
amidada,アミダダ
ito22oji,ito22oji
unico kasumi,ユニコ・カスミ
turquoise iro,ターコイズイロ
ue (xjhu3558),ue（xjhu3558）
hilimuc,ヒリミュック
tika (mika4975),ティカ（Mika4975）
nakaishow,ナキショウ
loxodon,ロクソドン
ameiro,アメイロ
izumi rion,イズミリオン
kamabo ko,カマボコ
moninora,モニノラ
komine,Komine
aouji,aouji
tnt (aaaazzzz),TNT（aaaazzzz）
messiah cage,メシアケージ
copycat (dryfood),コピーキャット（ドライフード）
kouji (astral reverie),Kouji（Astral Reverie）
kohinata sora,コヒナタソラ
fuyu,fuyu
chiruku,チルク
aru (abyssinia),アル（アビシニア）
kisaki nana,キサキ・ナナ
kirimori toya,キリモリ・トヨ
romiy,ロミー
masupa kiriu,Masupa Kiriu
sobi (dnenqkswja),sobi（dnenqkswja）
lafolie,ラフォリー
park junkyu,パークジャンキュー
kei-co,kei-co
wweed,wweed
v8,V8
hita (hizokuseikogeki),hita（hizokuseikogeki）
michinoku (hiking miusan18),ミチノク（ハイキングmisan18）
arios (orochi yuta),arios（olochi yuta）
mikagemaru (mikage000),Mikagemaru（Mikage000）
amochin,アモチン
rakuto mangan,ラクトマンガン
ike masato,Ike Masato
soyubee,Soyubee
futoshi,futoshi
kno1,Kno1
suiren (mystia6b),スイレン（Mystia6b）
ogata mamimi,オガタマミミ
matoki misa,マトキ・ミサ
narumizg,narumizg
glisten,グリステン
cote,コート
force (fossan 01),力（Fossan 01）
mochizuki yomogi,ヨモギモチズキ
hoshikage wataru,hoshikage wataru
taro (honyarara00),タロ（honyarara00）
picnicic,ピクニック
tenamaru,テナマル
atorie,アトリー
1s44c,1S44C
shimada sarasara,島田サラサラ
yuteke key,Yutekeキー
are (arearee),are（areareee）
yasu suupatenin,Yasu Suupatenin
yoshino nemu,Houkiri nemu
kameno sachi,カメノ・サチ
sumiya akihiro,スミヤ・アキヒロ
xxxsoiu1,xxxsoiu1
pixiescout,pixiescout
allenerie,アレナリー
orange maru,オレンジマル
inoue tomii,Inoue tomii
sakura inu (itoyatomo),さくらinu（itoyatomo）
you at pome,イジー
lovewolf5122,lovewolf5122
kayase,カヤゼ
amashun,アマシュン
noyama (noyama8888),ノヤマ（noyama8888）
kuro (kurojill),クロ（クロジル）
guru,第一人者
shinotarou (nagunaguex),Shinotarou（Nagunaguex）
hamha s,ハムハs
yomare,ヨマレ
migchip,Migchip
frown (wonderland85711),眉（Wonderland85711）
twiska (doubitian),ツワスカ（ドゥビティアン）
samazuka mashiro,サマズカ・マシロ
raymie0124,Raymie0124
minami shin (zenshuu bougyo),ミナミシン（Zenshuu Bougyo）
xianyu liang,Xianyu Liang
aki (1360505188),aki（1360505188）
leopardtiger,Leopardtiger
konmamion,konmamion
oridays,オリデイズ
zouni (xavier),Zouni（Xavier）
dakkoku jiro,Dakkoku Jiro
ekta,海
yaxiya,Yaxiya
asahashi tsuyu,浅島tsuyu
miyakoto,ミヤコト
otokobara,球体
hasumi takashi,hasumi takashi
cota,コタ
cigar cat,シガー猫
taichi (yirkorn),太極（Yirkorn）
flieger,フリーガー
lyoung0j,lyoung0j
ambulocetus,ambuocetus
wadachitokakeru,wadachitokakeru
852 box,852ボックス
kazuha (kazuha1003),kazuha（kazuha1003）
bang5410,BANG5410
amerika zarigani,アメリカ・ザリガニ
hollyyn,ハーリン
emonyu,エモニュ
chinpan,シンパン
yata (yatao zzz),Yata（Yatao zzz）
yururi-ra,Yururi-Ra
riccovich,リコビッチ
shiun (siun 5513),シーン（Siun 5513）
fuyuki030,fuyuki030
haiiro (immature),ハイイロ（未熟）
pleasure-treasure,喜び - トレジャー
neil (neil nim),ニール（ニールニム）
eureka brider,ユーレカ・ブライダー
omegu,オメグ
kamanatsu,カマナツ
kanda (ura-kanda),カンダ（ura-kanda）
koto tsubane,koto tsubane
yuka yukiusa,ユカ・ユキウス
grimay,グリマイ
namakemono (u446644k),namakemono（u446644k）
lee (monsterheart),リー（Monsterheart）
hikashou,hikashou
taekwon kim,テコン・キム
franciscoetchart,Franciscoetchart
yukarite,Yukarite
koyuri shouyu,コイリ・シュユ
commeowdore,Commeowdore
astraea f,astraea f
nagare yoshimi,ナガレヨシミ
tanaka (colorcorn),田中（カラーコーン）
emo (ricemo),エモ（リセモ）
sano sho,サノシュ
ankoiri,アンコイリ
taroji,タロジ
yusan,ユサン
dice156,DICE156
kasoku souchi,佐藤souchi
an'no natsume,an'no natsume
same no fukahire,同じfukahireはありません
naka ushiro,中田中国
eric lowery,エリック・ローリー
namo (goodbyetears),ナモ（さようなら）
cannian dada,カニアン・ダダ
niandni,niandni
tax2rin,Tax2rin
longcloud,longcloud
hanamizawa q-tarou,ハナミザワq-tarou
fujikusa,富士通
sae (renkyuuake),Sae（renkyuuake）
omiso (omiso),オミソ（オミソ）
shing (sorairo factory),Shing（Sorairo Factory）
tagane,タガネ
larger bmx,より大きなBMX
ziz (pantwo),Ziz（Pantwo）
raydango,レイダンゴ
mijinko (83nabe),ミジンコ（83nabe）
yoshii dan,ヨシイダン
ubi (ekdus6080),ubi（ekdus6080）
kerorin,ケロリン
mutsuki (ama245),ムツキ（AMA245）
mg (mica),MG（MICA）
samonasu17,SAMONASU17
chrysa ( sa0ru),Chrysa（SA0RU）
mamenomoto,マメノモト
nanami neru,Nanami Neru
sora no tori,ソラ・ノー・トリ
edamamezooooo,adamamezooooo
marshall (wahooo),マーシャル（wahooo）
muimui,ムイムイ
ameshizuku natsuki,Ameshizuku Natsuki
houru,houru
inemuri uno,イネムリuno
fushuu,fushuu
kuzugitsune (inarikami),kuzugitsune（inarikami）
futaba 841,Futaba 841
motsu (selshia12),モツム（Selshia12）
shijohane,シジョハネ
runamatu,runamatu
yukichiro,ユキチロ
monorino,モノリーノ
nishiwaki yuuri,西Yuuri
ogakuru,オガクル
marubonman,マルボンマン
kurobane,クロバン
silentdin,SilentDin
teratsuki,テラツキ
shillo,シロ
kinako (462),キナコ（462）
couzone,couzone
tamago gohan,タマゴ・ゴハン
kagura ittou,kagura ittou
bunny1219,Bunny1219
tajyador,タージャドール
nekomegane,ネコメガン
minamito,ミナミート
kocona,ココナ
kim bae-eo,キム・ベエ・エオ
jay xu,ジェイ・Xu
mono (freerotary),モノ（フリーエロタリー）
hayashi keita,keita林
yamamoto doujin,山本・ドゥジン
shiraho (color-56),シラホ（カラー56）
asanuma,浅楽
seigetsu kotaku,Seigetsu kotaku
alalen,アラレン
mirun (funimani),ミルン（ファンマニ）
morishima kon,森論コン
datli64,datli64
sherylnome,シェリルノーム
vyzov tv,Vyzov TV
pinlin,ピンリン
excaliblader,excaliblader
red-d,red-d
nenkou-san,nenkou-san
zuman (zmnjo1440),Zuman（Zmnjo1440）
ayataka,アヤタカ
leonart,レオナート
godharo1,godharo1
nise6,Nise6
kouteiryuu (stparusu),セントパラス
han (ozrfour),ハン（ozrfour）
koseki masaru,ozeki miyabi
1-gou (111touban),1-gou（111touban）
kawaiipony2,Kawaiipony2
shangguan wanyu,Chunhwei Lee
modan,マダン（KKH8936）
maya (tirolpop),マヤ（Tirolpop）
airani iofifteen (artist),airani iofifteen（アーティスト）
lanjiujiu,lanjiujiu
fei mao,フェイマオ
fmg,fmg
beruzumi-m,Beruzumi-M
meesuke,中ouke
kuzumochi soyo,Soyo2106
solkorra,ソルコラ
nyromide,ニロミド
kurt robinson,カート・ロビンソン
sgt crisis,軍曹の危機
ohkubo atsushi,ohkubo atsushi
kuronekozero,クロネコゼロ
alt (apou),alt（apou）
shizupu,Shizupu
vikpie,Vikpie
ishikawa mami,石川mami
hiromon,ヒロモン
aki sakura,桜井
mizuno (pixiv31352320),Mizuno（pixiv31352320）
lanse dai mao,Lanse Dai Mao
norunollu,ノルノル
kumaneko,クマネコ
katwu (gensou ninja yashiki),katwu（gensou ninja yashiki）
teen (teen629),ティーン（Teen629）
antilous,抗る
kawarage,カワレージ
eorx,Eorx
ayano (katou),ayano（katou）
nishita,西田
himishiro,ヒミシロ
dahuang,dahuang
bitaro,ビタロ
peas (peas0125),エンドウ（PEAS0125）
yakitori (oni),ヤキトリ（oni）
ooeyama,ooeyama
stormstx,Stormstx
anyacchi,anyacchi
yona (edenkasuga),ヨナ（エデンカスガ）
hhhori,hhhori
r-one,R-One
kongsi,Kongsi
gatari,ガタリ
dokuganryuu,dokuganryuu
maguro (ma-glo),マグロ（Ma-glo）
hiba (p-p-purin),hiba（p-p-purin）
jinkai yamizawa,jinkai yamizawa
i b b e,I B B E
kuilaogouhuabudongle,Kuilaogouhuabudongle
nichigeckoh,ニチゲッコー
koga rejini,コガ・レジニ
aona (noraneko),aona（noraneko）
mizuna (water emp-tei),ミズナ（水Emp-tei）
shinonome haru,シノノームハル
huang (volt0526),Huang（volt0526）
yoshiie,ヨシエ
nekokami,nekokami
iiha toobu,iiha toobu
himarisu (hida mari),ヒマリス（ヒダマリ）
tsubuta hiro,ツブタ・ヒロ
tanisi (hosimade),タニシ（ホシメード）
nukoosama,ヌクーサマ
imdsound,imdsound
takatsuki tsukasa,高さの王国
hiragi murasaki,パープル（求人）
kairi (kai ri),カイリ（カイリ）
jammeryx,Jammeryx
mashugure,マシュガー
kurokuma (kuro kumagaya),黒子（Kuro kumagaya）
yokuko zaza,Zaza吉子
kepra iii,Kepra III
matryoshka (borscht),Matryoshka（Borscht）
menoko,メノコ
unaji,ウナジ
aion kiu,aion kiu
mazingkaizer,Mazingkaizer
takeda seiji,Takeda seiji
aojiru (shiro to kuro no mukyou),aojiru（shiroからkuro no mukyou）
shiramine (srmn09),シラミン（SRMN09）
masiro,マシロ
itsutsuki,そのutsuki
kakeru (fujiwara kakeru),Kakeru（Fujiwara kakeru）
syertse,syertse
satou aoi,satou aoi
morino harifu,モリノ・ハリフ
mella,メラ
pnoji,pnoji
ryan greythorn,ライアン・グレイソーン
you haruka,あなたはハルカ
masakano masaka,マサカノサカ
ivan (ffxazq),イヴァン（ffxazq）
harada isuka,麻ha
fudo shin,Fudo Shin
pora 0918,Pora 0918
irie keisuke (handn),Irie Keisuke（手）
pinkwaters,ピンクウォーター
nekomimimix,nekomimix
mokutan mmmm,モクタンmmmm
torimogura,トリ（エヘロトリ）
togami (tobysou526),トガミ（tobysou526）
echosdoodle,echosdoodle
mushoku no hourousha,Mushoku No Homousha
misana,ミサナ
kamura gimi,カムラギミ
its just suppi,そのただのサポ
chibi vanille,チビ・バニール
kuroi paseri,Kuroi Paseri
hard-degenerate,ハードディゲート
yuzukaze rio,Yuzukaze Rio
hoshimawa,hoshimawa
akane hazuki,アカネ・ハズキ
toriseka,トリセカ
izumo neko,イズモネコ
kyouou ena,kyouou ena
juri (nattoutomato),juri（nattoutomato）
yukotaruma,ユコタルマ
higurehiiro,higurehiiro
kiku (kicdoc),kiku（kicdoc）
maskman,マスクマン
taggo,タグゴ
akane harurou,アカネ・ハルロウ
surfacage,サーファセージ
astor alexander,アスターアレクサンダー
tomiyama akiji,戸山明ji
sakura akami,さくらアカミ
kichi (kitiokitioo),キチ（kitiokitioo）
naosuke (morioka shachuu),naosuke（森田Shachuu）
tugeneko,Tugeneko
shachi kamaboko,シャチカマボコ
nuime,ヌイム
god hunter,ゴッドハンター
unplugged line,プラグ付きライン
kokonoe miya,ココノーミヤ
shino (mijinko),シノ（ミジンコ）
asahana jun,アサハナジュン
shion (kizuro),シオン（キズロ）
namidako,ナミダコ
masiromu,マシロム
peachems (gemu),ピーチェム（ジェム）
fengya,フェンヤ
oto nagi,oto nagi
ssong2,ssong2
tori rui,トリ・ルイ
mizoreshi,ミゾレシ
miona yui,ミオナ・ユイ
dare no inarikami,イナリカミはあえて
sorahachi (sora823),ソラハチ（SORA823）
haeil2,haeil2
mugon,ムーゴン
risu (ritharte),risu（ritharte）
tanagawa makoto,ターナガワ・マコト
taira takehiro,Taira Takehiro
sagami rin,サガミリン
amano ameno,アマノアメノ
shinagawa mikuzu,島川mikuzu
snow (gi66gotyo),雪（gi66gotyo）
dashigarayama,パシガラヤマ
poorgom,Poorgom
royal tea,ロイヤルティー
c@rbon,C@rbon
takeno koko,テクスココ
drsunshine,Drsunshine
rog rockbe,Rog Rockbe
nagatani (nagata2),ナガタニ（nagata2）
matsura (nagatosan),松根骨（ナガトサン）
cokecoco,コケココ
niku harumaki,ニク・ハルマキ
sekiri,セキリ
soramame tomu,Soramame Tomu
kurosawa shouichi,黒崎Shouichi
hamaeru,hamaeru
aleikats,Aleikats
mit (necomit),mit（necomit）
kagami kino,カガミキノ
yeyebirdie,Yeyebirdie
chi ya,Chi Ya
fuwakuyuu,fuwakuyuu
ritz10 (benben),ritz10（ベンベン）
haamon (harmon),ハーモン（ハーモン）
kuromiko shoujo,岸小屋
sin (btc86amme),sin（btc86amme）
kagura tsuna,Kagura Tsuna
kemile,ケミール
knbd,KNBD
inui kentarou,inui kentarou
nokita (pinmisil),ノキタ（ピンミシル）
ememtrp,ememtrp
dosei,ドセイ
roaru (gyuren),ロアル（ギュレン）
zumizu,ズミズ
rumi (rarumi11),ルミ（rarumi11）
orekh janguo,オレシュキ
rwael,rwael
ikanomaru,イカノマル
yako mashiro,ヤコ・マシロ
yeyuan33,yeyuan33
kira boshi27,Kira Boshi27
takumi mizuki,水井高木
kyo (maae00),京（MAAE00）
ribahara aki,リバハラアキ
saru (monkey magic3),サル（モンキーマジック3）
piyobomu,Piyobomu
poroi (poro586),ポロイ（PORO586）
akisu karasu,秋カラス
chagataaa,Chagataaa
dahe zhuang (yishi fanhua),Dahe Zhuang（Yishi Fanhua）
tanuki (siutkm0228),タヌキ（siutkm0228）
koroni (nkrgs),コロニ（nkrgs）
re:ia,Re：ia
kawachi (hina),カワチ（hina）
jasmin darnell,ジャスミンダーネル
muhyowo,ムヒョウォ
maiko (mimi),マイコ（ミミ）
fred0092,FRED0092
nabu (d4ng4nn6bu12),nabu（d4ng4nn6bu12）
miyao gaku,ミヤオガク
akane (getwild23),アカネ（getWild23）
hong hongcha,ホンホンチャ
rutiwa,rutiwa
ren (gh),レン（gh）
sosa,ソーサ
shie (m417),シー（M417）
mashiro musashi,cocoroppy
kazuki yone,カズキ・ヨーネ
minobey,ミノベイ
hayato rikin,ハヤトリキン
rei (usabiba),Rei（Usabiba）
my eight,私の8
suzuki masahisa,鈴木正しい
ueno musashi,上野ムサシ
kirihara izumi,キリハラ・イズミ
jinyuan712,Jinyuan712
nean,ニーン
kamoku nagi,漢川西
grelxb,Grelxb
rii (pixiv11152329),rii（pixiv11152329）
pravin rao santheran,プラビン・ラオ・サンサラン
horiishi horuto,ホリシ・ホルート
gs (onsen syndicate),gs（essenシンジケート）
chi-rol,カイロル
buntatta,バンタッタ
etmc1992,ETMC1992
ttrop,ttrop
toropp,トロップ
huizhiyin,Huizhiyin
sato (hekiga ni nemuru),佐藤（Hekiga ni nemuru）
shukei,hukei
yukimaru ai,ユキマルアイ
haruharo (haruharo 7315),ハルハロ（ハルハロ7315）
tanpopo hayabusa-maru,Tanpopo Hayabusa-Maru
natsumi (natumi06),natsumi（natumi06）
asuka keisuke,keisuke島
tanu0706,tanu0706
piano-alice,ピアノアリス
oobako,Oobako
sasatabekung,ササタベコン
bunchou (bunchou3103),bunchou（bunchou3103）
imaani,イマーニ
marimo (artist),マリモ（アーティスト）
kirino kasumu,キリノ・カスム
ikujitto,ikujitto
amiami,アミアミ
kiriuzasu,キリウザス
sorakase sawa,ソラカーゼササ
pk (mukasihasakana),PK（Mukasihasakana）
jun (rojiura jack),ジュン（ロジュラジャック）
akeboshi kagayo,アケボシカガヨ
doham,ドーハ
huangquan dong (sinchi),Huangquan Dong（Sinchi）
m ganzy,M Ganzy
fujisawa naoyuki,藤沢長島
ohayosayonara,ohayosayon​​ara
netachou,Netachou
jiam009,jiam009
tokimachi eisei,Tokimachi eisei
cloudlou,Cloudlou
chan hone pkpk,チャンホーンPKPK
hanaichi (hana13),hanaichi（hana13）
sekka koyori,sekka koyori
ueshita,Ueshita
eva solo,エヴァソロ
peco (pockleberry),Peco（Pockleberry）
masn (moxi),Masn（Moxi）
mumumu (three emu),ムムム（3つのEMU）
touma (tomatooo018),Touma（tomatoo018）
akegata tobari,Akegata Tobari
ameoto,上品
pg (pege544),PG（PEGE544）
okome (ricecandy),Okome（Ricecandy）
tarowo,タロウォ
shimazoenohibi,Shimazoenoibi
friedbirdchips,friedbirdchips
mihaeru,ミハエル
incloud,incloud
silverjow,Silverjow
keis (locrian1357),keis（locrian1357）
moppo,モッポ
kichijou agata,Kichijou Agata
jouwan,ジュワン
makina00,Makina00
gipsy underground,Gipsy Underground
sarah stone,サラ・ストーン
selkiro,セルキロ
aaaaddddd,AAAADDDDD
yuririn poi,Yuririn Poi
sakura hitsuji,さくらつさえ
koha,コハ
akagishi k,偶のk
aotsuba,aotsuba
yoshinaga yunosuke,ヨシナガノスケ
kuronomine,クロノミン
reef (sanomsai products),リーフ（サノムサイ製品）
yuk233,YUK233
takanashi,高野
enuma ru,enuma ru
sumo (komokomo1201),SUMO（komokomo1201）
ariyon,アリヨン
onigiri noka,onigiri noka
maccha cocoa (mococo),Maccha Cocoa（Mococo）
inabi,inabi
yukome,ユコメ
tarutobi,タルトビ
himenomikan,ヒメノミカン
mille (dieci),ミル（dieci）
yuuna minato,ユウナ港
memoi,メモイ
sha (isago),シャ（イザゴ）
helen roro,ヘレン・ロロ
nishina masato,西のマサート
sunday se7en,日曜日のse7en
tege (tege xxx),テゲ（テゲxxx）
yanagi joe,ヤナギ・ジョー
tsuchiya akira,ツチヤ・アキラ
chikuwabu,チクワブ
gekkou ookami,Gekkou ookami
kuga yoshito,クガヨシート
furagu,Furagu
anni minto,アニ・ミント
mamita,マミタ
zubora na kintoki,Zubora Na Kintoki
tanbonota46,Tanbonota46
satou makura,サトゥーマクラ
nokke o,nokke o
nikusho,ニクーショ
sutera sea,ステラ海
kodamasawa izumi,コダマサワイズミ
isetnation,イゼットネーション
tomokoji,トモコジ
subaru noji,スバルノジ
trkz tmwk,trkz tmwk
isuke,イアケ
r-type nirvana,Rタイプのnirvana
90i,90i
jijii (nicoseiga91467756),jijii（nicoseiga91467756）
yuuno,ゆい
pocari sweat (artist),ポカリスウェット（アーティスト）
omega 2-d,オメガ2-D
himemiya shuang,Himemiya Shuang
d futagosaikyou,D futagosaikyou
akazawa kureha,アカザワ・クレハ
kurogoma (meganegurasan),卵菌（Meganegurasan）
anko kinako,アンコ・キナコ
shiganai might,M-Shiganai
conope,コノープ
tobatoinu,トバトヌ
keiz,Keiz
molatoliamu,モラトリアム
aguri (aaa guwo),Aguri（Aguri0406-aoi）
kaidou mitsuki,Kaidou Mitsuki
marimo tarou,マリモタロウ
idenshi hina,Idenshi hina
tonito,トニート
kanti15,kanti15
combat s-ko,戦闘s-ko
duzimura,Duzimura
fudeyama (fudeco),fudeyama（fudeco）
funbolt,Funbolt
yumeneko nyaa,Yumeneko nyaa
ririka (ab-yuri),リリカ（ab-yuri）
annerica,アナリカ
silverpixia,SilverPixia
atta (atta 1129),悪いキム
usamimikurage,usamimikurage
shin (tsunagi shin),アロピアス
guchiaki,グキアキ
misawa kei,ミサワケイ
minn (kangjm1107),ミン（kangjm1107）
murasaki atsushi,村崎aTsushi
bandam,バンダム
seedflare,Seedflare
fujii maki,藤井マキ
mizuto (o96ap),ミズト（o96ap）
oastlv,oastlv
hateri,ハテリ
1044kiro,1044kiro
akasaka aka,アカサカ別名
amopui,アモプイ
theycallhimcake,彼らはcallhimcake
emu (marico w),エミュー（マリコW）
zhao 190,Zhao 190
seelehan,シーレハン
oritonagi,oritonagi
shano-pirika,シャノピリカ
usameruti,usameruti
teiryoku lolita,テイリョクロリータ
david hrusa,デビッド・フルーサ
hazuki gyokuto,hazuki gyokuto
hade na kangofu,Hade na kangofu
komoreg,コモレグ
sechi (stst1850),Sechi（Stst1850）
sowb,sowb
fairyfloss,おとぎ話
qqqmei,qqqmei
eichi (wild chicken),eichi（野生の鶏）
fishcoooo,Fishcoooo
hutago,ハタゴ
natsume nadeshiko,ナデシコ夏
junito715,Junito715
akagikou,アカイコウ
masuyama kei,mas山kei
rurukichi,ルルキチ
esg (essagna),ESG（Essagna）
hiyo kotori,hiyo kotori
chikage (blackclownery),Chikage（ブラッククラウンリー）
maumen,モーメン
sangyou haikibutsu a,sangyou haikibutsu a
oollnoxlloo,oollnoxlloo
shuichi wada,和美shu
sorrysap,ごめんなさい
crr001,CRR001
pisuta (yamashiro),ピスタ（山下）
hayanpool,ハヤンプール
rinse 7,すすぐ7
hinahara hajime,ひこのハジメ
sakura rock,さくらロック
wonawo,ウォノウォ
odyssey 21,オデッセイ21
moi moi7,moi moi7
ponyaru,ポニャル
koshimizu takayuki,小島高地
mihoto kouji,中和星
kiwi of ruin,破滅のキウイ
hamo (user zuky3273),Hamo（ユーザーZuky3273）
uyu (soda uyu),uyu（soda uyu）
pipette1223,Pipette1223
suigetsu koubou,suigetsu koubou
naonakamura,ナオナカムラ
purutoppu (toranohige),Purutoppu（Toranohige）
nakagomiyuki415,ナカゴミユキ415
suemitsu dicca,suemitsu dicca
mikumo (lpmkookm),ミクモ（lpmkookm）
tanatonkub,Tanatonkub
1st-mn,1-mn
kondou ryunosuke,近藤王子
akira-riku,アキラ・リク
erikku (kata235),erikku（kata235）
fkskii65,fkskii65
aira (endless5515),Aira（Endless5515）
tsunogiri,津波
hana (hana mo arashi mo),ハナ（ハナモアラシmo）
nanoder,ナノダー
chitei (rai32019),RAI32019
seventeen (st17215),17（ST17215）
hazuki futahi,uphihi hazuki
twc (p-towaco),TWC（P-Towaco）
maru shion,マルシオン
cpqm,CPQM
circle echime,サークルエキメ
kagetomo midori,カゲトモ・ミドリ
oman (evld),オマーン（EVLD）
motsuba,モツバ
suzuki80,スズキ80
ohtagaki yasuo,大田大明
supocon,スポコン
kyak bamboo,Kyak Bamboo
soya (sys ygo),ソヤ（sys ygo）
snarkhunt,スナークハント
zehel az,ゼヘルAZ
azuki (azuki shot),アズキ（アズキショット）
fukukitaru,Fukukitaru
daigaga,ダイガガ
motatei,Motatei
shinshia,シンシア
bun150,BUN150
kunishige keiichi,Kunishige Keiichi
mo (deciliter),MO（デシリター）
monaka natsume,natsumeのモナカ
atchy,アッキー
mishima toshihiro,三島oshihiro
hal360,HAL360
cyzir visheen,Cyzir Visheen
freshtango,フレンチュンゴ
kaina (tsubasakuronikuru),カイナ（ツバサクロニクル）
puchimu,Mayu-Mayu1026
shiraba (sonomama futene),シラバ（ソノマ・フューテネ）
moyuru,モユル
rui (gsr1982),Rui（GSR1982）
iwauchi tomoki,井田村
mctom,mctom
dkaki,dkaki
wauwa,ワウワ
simone mandl,Simone Mandl
blackball,ブラックボール
asuka (louyun),アスカ（ルーユン）
tatatan (ts kon2),タタタン（TS KON2）
icons (1452697582),アイコン（1452697582）
kanzume,カンツメ
7100potechi,7100potechi
amagi korona,アマギ・コロナ
marishiten,マリシテン
imai tetsuya,イマイ・テツヤ
sakusaku,さくら
naru (ul),ナル（ul）
8takenokonosato8,8takenokonosato8
a-o a,a-o a
hiiro60,hiiro60
marirero a,マリレロa
shimotsuki aoi,島丸aoi
kishiro azuhito,キシロ・アズヒト
jun (goodgun7),6月（GoodGun7）
akym,AKYM
zain (jiha3905),Zain（Jiha3905）
lugosi ela,ルゴシ・エラ
musukichi,ムスキチ
anarchy ptck,アナーキーPTCK
yoroi nau,ヨロイナウ
minamino kanata,ミナミノ・カナタ
hiyama yuki,ひや山
haiiro (hi ghi ro),haiiro（hi ghi ro）
mokkei,mkkei
aoi usagi,aoi uagi
akagi yuuto,アカギユート
rahwia,ラーウィア
kimi (hearty yuuki),キミ（心のこもったユキ）
muzinneki,ムジンネキ
tengu nimuru,Tengu Nimuru
fenghu (huli),フェング（フリ）
shiiba aki,シイバアキ
paryi,パリイ
nagii yuki,長代ゆず
haruno (kuromitugozen),Haruno（Kuromitugozen）
restaint,残り
foomi,foomi
kuran (mkmrl),クラン（mkmrl）
tashiro tetsuya,Tashiro tetsuya
enonko,エノコ
toshi,トシ
rasa k,ラサk
vuccha,Vuccha
idon,idon
jyu ichi,ユイチ
shikkoku no hono mikado,シッコクーノー・ホノ・ミカド
n0r0,N0R0
fervent idiot,熱烈な馬鹿
kyado (amaterasu),Kyado（Amaterasu）
keyyan,Keyyan
jtaka,Jtaka
shiki makoto,シキマコト
otototo,卵子
seven d3t,セブンD3T
navvvtis,サイカ・リョウギ
pentagon (uzus),ペンタゴン（ウズス）
no.gomesu,No.gomesu
minatsuki kou,kou
cen (cenll),cen（cenll）
ripu (sherypton),リプ（シェリプトン）
kiaoekakishitai,Kiaoekakishitai
take no ko (dodon),KO（ドドン）を取る
hata hiro,マンボーいいえ
takeru (hashiru11275),タケル（hashiru11275）
itou ben,itou ben
miluke,ミリューク
shurock,シュロック
peroronti,ペロンティ
athyra,アティラ
nguyen tam lee,Nguyen Tam Lee
tsuzuki yoshio,ヨシオ島
hyoon (sockgyu),Hyoon（Sockgyu）
qianshui baodan,Qianshui Baodan
nekoyanagi reo,nekoyanagi reo
aqua-lia,Aqua-lia
gyarusatan,ギャルサタン
hachimugi (hachino mugi),ハチノ・ムギ
sowichi,sowichi
noguchi takayuki,領本野丸
teina,テイナ
tempy (rinsia),テンピー（リンシア）
kaimo (mi6kai),カイモ（mi6kai）
gogot,ゴゴット
manoko,マノコ
hyoutan tan,ハイオウタンタン
ti keep,tiキープ
rairaisuruyo,Rairaisuruyo
dunceneygak,dunceneygak
yanagihara tantoui,ヤナギハラ​​・タントウイ
sa tsuko,sa tsuko
itame moyashi,イタメ・モヤシ
na-code (gurich),NAコード（Gurich）
toshihiro,トシヒロ
toni infante,トニ・インファンテ
takamatsu (yamajiai),高山（ヤマジアイ）
naoko (artist),直角（アーティスト）
takagi seiniku,高木seiniku
uehara (dormmmmir ),上原（dormmmmir）
imuro,imuro
jack (haist),ジャック（ハイスト）
dai (mebae16),dai（mebae16）
fujishima kazuya,和山和口
icoo,iCoo
rikizo,リキソ
tsuyuta kome,ツユタコメ
miya (baelfight),miya（baelfight）
satoimoya,サトイモヤ
gu lina,グリナ
parufeito,パルフエライト
nashimochi 4,ナシモチ4
kim leeyoon,キム・リーヨーン
bajou takurou,bajou takurou
kousaka nobaku,クサカ・ノバク
ritalem,RITALEM
macchoko,マッココ
knatb,knatb
nakaya 106,ナカヤ106
tabana,タバナ
whitebear,ホワイトベア
to ze,zeに
daichi (daiti1318),daichi（daiti1318）
fubuki (fakemonkey0224),Fubuki（fakemonkey0224）
yanagise,Yanagise
haruto (hirokazu1001),Haruto（hirokazu1001）
sayoko (sayosny2),Seyoko（sayosny2）
kindo,むしろ
nashirasauce,ナシラソース
keffiy,keffiy
liuliu,liuliu
nono i831,nono i831
okita,沖田
v (govvvvw),V（govvvvw）
ohagi (ymnky),オハギ（ymnky）
oekakimannga,oekakimannga
aili (aliceandoz),aili（aliceandoz）
second heaven,第二の天国
gaichi,ガイチ
aruka,アルカ
chobii (hamgyomu),chobii（hamgyomu）
ookawa wataru,川川川
rods,ロッド
yori (shitsuon),ヨリ（shitsuon）
mikado (winters),ミカド（冬）
matcha cream v,抹茶クリームv
kuropan (crow panther),クロパン（クロウパンサー）
matagitii,マタギティ
pupa jiang,Pupa Jiang
hano (hanos91),hano（hanos91）
erkerut,エルケルト
kiran (kiranpln),キラン（kiranpln）
tamura (kouititamura),タムラ（コウチタムラ）
oguro (moyashi 2-hon),オグロ（モヤシ2ホン）
aoten,aoten
palcomix,Palcomix
shio butter (obscurityonline),Shio Butter（ObscurityOnline）
kukurus,ククルス
inseki tarou,Inseki Tarou
chiru (sanifani),チル（サニファニ）
ookamisama,中山
shiori2525,shiori2525
hcsb,HCSB
mokuren (mozukukirai88),Mokuren（Mozukukirai88）
konokiya,コノキヤ
muwa12,Muwa12
roman imperial,ローマ帝国
ranan,ラナン
nekoyanagi matasaburou,nekoyanagi matasaburou
chun bae,Chun Bae
konno kengo,Konno Kengo
arufa (hourai-sugar),アルファ（hourai-sugar）
kuon michiyoshi,クオン・ミシヨシ
dekochin hammer,デコチンハンマー
bisuke (k step2009),Bisuke（K Step2009）
2f sq,2f sq
sango (53box),サンゴ（53box）
okitsune (okitsune-sama),okitsune（okitsune-sama）
shirota dai,シロタ・ダイ
namakura neo,ナマクラ・ネオ
tabiaki (cosy catastrophe),タビアキ（居心地の良い大惨事）
b rock,Bロック
kunashiri (etorofu),クナシリ（エトロフ）
toshibou (satsukisou),Toshibou（satsukisou）
shiiba nae,Shiiba Nae
momijigari,Momijigari
nyanmaru (ememing),nyanmaru（思い出）
mrt mr,MRT MR
cam (cammero95713700),cam（cammero95713700）
deme (karesuki),デメ（カレスキ）
sugai (4ugaii),sugai（4ugaii）
ayakichi,ayakichi
kokko (014kko),コッコ（014kko）
shiraishi kouhei,Shiraishi Kouhei
kalsept,Kalsept
ka 4maki,Ka 4maki
pemoyashi (tianoblue),ペモーヤシ（Tianoblue）
hitodama (madatohi),hitodama（マダトヒ）
miruku pan,ミルクパン
andychen,アンディチェン
takumi namuchi,久野領
souri,souri
knt02142769,KNT02142769
yamakawa umi,山川umi
beijiushui,beijiushui
morihama karute,モリハマカルート
lizta,リッタ
radjeong,ラジョン
yonezuka ryou,ヨネズカリオウ
musco,マスコ
moonface,丸顔
hakka0320,hakka0320
leeis cool,Leeis Cool
r (ryo),R（ryo）
onda takeshi,Onda Takeshi
ygo (kintsuba),ygo（キンツバ）
rukotaro,ルコタロ
sonota taisei,ソノタイセイ
holykoshi,ホリコシ
akizuki maku,秋葉
shu (loveeater),shu（ラブアーター）
wolf (raidou-j),ウルフ（raidou-j）
amaya enaka,アマヤ・エナカ
xbsx,xbsx
kanna (chaos966),カンナ（Chaos966）
shibatenko,シバテンコ
nikayu,ニカユ
inata17ta,inata17ta
dorris,ドリス
alderion-al,Alderion-al
orita enpitsu,オリタ・エンピツ
kamato il,カマト・イリノイ州
jeffrey10,Jeffrey10
ootsuka mai,Ootsuka Mai
sela (08180074),セラ（08180074）
soo-hyon lee,スハヨン・リー
machino henmaru,Machino Henmaru
n.a.,N.A.
soumakyo,soumakyo
hawoku ishibare,hawoku shibare
enoko (zqfebi),エノコ（zqfebi）
kiriki haruomi,キリキ・ハルオミ
prin dog,プリンドッグ
orimoto mimana,オリモト・ミマナ
cruccu,クルッチ
momoiro tanuki,モモイロタヌキ
shinoi,シノイ
waku,ワク
hidari kagetora,ヒダリ・カゲトラ
maruishi,マリウビ
shiohara shin'ichi,Shiohara shin'ichi
fueiku,fueiku
nagi to (kennkenn),ナギへ（ケンケン）
isshin (sasayamakids),イスシン（sasayamakids）
ume (illegal bible),ume（違法聖書）
tuuuh,Tuuuh
asakawa shinka,浅川・シンカ
nilan 1999,Nilan 1999
nanase (nns 6077),ナナーゼ（NNS 6077）
ujac,ujac
muki (munikichan),ムキ（ムニキチャン）
auge (akd),auge（akd）
satoma makoto,サトマ・マコト
muutsuki,ムツキ
spinel (9057),スピネル（9057）
nlitz,nlitz
kagu (a hazy moon),カグ（かすんだ月）
chorisow (delta chord),チョリソウ（デルタコード）
wo chi xiangjiao pi,wo chi xiangjiao pi
gagame,gagame
etsuzan jakusui,エトゥザンヤクスイ
tavor (m tavor),Tavor（m tavor）
genera-x,属-X
sujiko (125motimoti),sujiko（125motimoti）
kakuchou no okina,kakuchou no ou
demonlorddante,Demonlorddante
minase lin,リンをマイナーします
moeruru8812,タワイ
gaziter,ガザイター
cas cassis,Cas Cassis
nekoreset,nekoreset13
jifuwabe,ジフワベ
d-kureta,d-kureta
fumio (snnmfmw),fumio（snnmfmw）
mashilemo,マシレモ
seo haruto,Seo Haruto
hokuto (tokuho),北朝鮮（Tokuho）
ca2la,CA2LA
oosawa yayoi,oosawa yayoi
yizhibao,Yizhibao
yuna (rutera),ユナ（ルテラ）
joh pierrot,ジョーピエロ
rb2,RB2
sakura nitouhei,さくらnitouhei
hayashi maka,林マカ
porusasu,Porusasu
suzumi (ccroquette),スズミ（ccroquette）
konatsu hare,コナツ・ヘア
dorok,ドロック
taoer.,道教。
ya yan,ヤヤン
yahankkwo,yahankkwo
sekiguchi kanami,門角kanami
kurokage,クロケージ
ells,エルズ
tsuke (maholabo),ツケ（マホラボ）
mercury xeno,水銀ゼノ
chii (sbshop),chii（sbshop）
inomata mamoru,イノマタマモル
kumo ryuun,クモ・リューン
kisaragi yuu (re:lucks),Kisaragi Yuu（Re：Lucks）
nakumonaga uma,ナクモナガウマ
rin (yukameiko),rin（yukameiko）
kita senju,キタ・センジュ
shari cote,シャリコート
yukimori nene,ユキモリネネ
cheetahman (1ddghfr78cswc),チーターマン（1DDGHFR78CSWC）
yawai tofu,ヨワイ豆腐
af (afloatisland),AF（afloatisland）
shin (sinsin12121),シン（sinsin12121）
takura mahiro,タクラマヒロ
eskimofox,Eskimofox
kawaii inu5,Kawaii inu5
anyotete,anyotete
vamjulian,ヴァムジュリアン
ma2 ereki,MA2エレキ
luxiel,Luxiel
jellypon,jellypon
hounyouin,Hounyouin
darling0221,Darling0221
rodway,ロッドウェイ
distance,距離
shikato miyo,シカト・ミヨ
on (onon2659),on（onon2659）
hikap,hikap
sekine irie,セキン・イリー
gabu (az210309),Gabu（AZ210309）
tsujieiri,ツジエイリ
haruya (lajoon),ハルヤ（ラジーン）
hirume,hirume
hagaa,hagaa
amado (shin),アマド（シン）
pota (nabrinko),ポタ（ナブリンコ）
blueman,ブルーマン
sate,サテ
sodemaru unagi,Sodemaru unagi
tian nya,Tian Nya
sukeno yoshiaki,ヨシアキケコケケ
iwaya,iwaya
cicin,シチン
vima,vima
maou mikage,Maou Mikage
sakino saku,佐野さん
parabora (nipplemokuba),パラボーラ（ニップレモクバ）
brellom,ブレロム
yoshinogai,ヨシノガイ
maru (maru1625),マル（Maru1625）
kirari (kira rin9),キラリ（kira rin9）
seidou (tukinomiyako),Seidou（Tukinomiyako）
nikai kara momoshio,ニカイ・カラモシオ
matdoljangin,マトルジャンギン
makishima rin,マキシマリン
tobade (tbdfactory),トバイド（tbdfactory）
tengo (maotengo),テンゴ（マテンゴ）
kumita (sumica),クミタ（スミカ）
suna co,Suna Co
miracan,ミラカン
serizawa enono,serizawa enono
sasaki masakatsu,佐々木
ayumu (ayumu3659),ayumu（ayumu3659）
hazuki (nature.),hazuki（nature。）
cunimura1584,Cunimura1584
ataka takeru,タカタケル
nagasawa (tthnhk),長崎（tthnhk）
fuyuni0307,fuyuni0307
warekara,Warekara
mo-fu,mo-fu
akaho sakura,アカホーサクラ
hoozuki shia,Hoozuki Shia
teko,テコ
noe yuuhi,Noe Yuuhi
tororotororo,Awakumo
sanpati,サンパティ
nishi masakazu,西正田
kumakichi (toshigat),クマキチ（トシガット）
kotobuki (medetai),コトブキ（メデタイ）
orz (orz57),orz（orz57）
agtt25333,AGTT25333
kamonegi (meisou1998),kamonegi（meisou1998）
lirica,リリカ
ebbilin,エビリン
mimelex,マイメレックス
nanamiya natsumi,ナナミヤ夏
raisuta,ライスタ
semimarusemi,セミマルセミ
sugata dski,sugata dski
ranbu hararin,ランブハラリン
louis&visee,ルイ＆visee
dainyuu (dgls),dainyuu（dgls）
makano mucchi,マカノムッキ
ishihama masashi,石原正
exga,exga
ichitaka (1015ichitaka),一方（1015ichitaka）
nyako (lhq3p),nyako（lhq3p）
vegetable noda,野菜節
mofupaka,Mofupaka
blue hallelujah,ブルーハレルヤ
sanukiske,サヌキスケ
xx asui,xx asui
izumida,イズミダ
chro (rulurullu),Chro（Rulurullu）
takamin apaman,タカミンアパマン
hovering kousin,ホバリングクーシン
kakan (amka),カカン（amka）
midori matsukaze,Midori Matsukaze
nagisawa yuu,ナギサワユー
justeeeeth,justeeeeth
mecha (alswp),メカ（ALSWP）
kijinkutsu,キジンクツ
pokio,ポキオ
jojiart,Jojiart
morita gurutamin,モリタグルタミン
teita (88 taho),88タホ
anaroguya,アナログヤ
peptide,ペプチド
moejin,モージン
usaki (ama),うさぎ（AMA）
fujisaki rei,藤崎レイ
akiyoshi yoshiaki,ヨシアキ島
yokuran,ヨクラン
yoshii,ヨシイ
monodevil,モノデビル
pmx,PMX
akatsuki (akatsukishiki),acatsuki（akatsukishiki）
lucferz,ルーフェルツ
pon (cielo),ポン（シエロ）
chika (orange pop),チカ（オレンジポップ）
ringo yuyu,リンゴユユ
yoshioka pochi,吉川pochi
soyanrai,ソヤンライ
miyakodori takayuki,ミヤコドリ高ユキ
yukkyun,Yukkyun
phazer,ファザー
yukko,ユッコ
koeda (koeda1kg),コイダ（koeda1kg）
ooshio7734,ooshio7734
bionekojita,ビオネコジタ
akiki (kiki),アキキ（キキ）
razuzyamu,razuzyamu
nikubanare,ニクバナレ
zhayin-san,Zhayin-San
chikusan nurseman,チクサン看護師
legacy zechs,レガシーゼクス
miyasumi (jam session),ミヤスミ（ジャムセッション）
geta (epicure no12),geta（叙事詩no12）
shisaki tayu,シサキタユ
ddok,ddok
tamaki fuyu,タマキフユ
rage (rojiura),怒り（rojiura）
mapi (mup1228),Mapi（MUP1228）
sorethroat,喉の痛み
aozora taf,aozora taf
pandako,パンダコ
streamingsun,Streamingsun
kobashi,コバシ
sakana-ko,サカナコ
mi 398,MI 398
enoki art,エノキアート
minikama,ミニカマ
yayoi kotoyuki,Yayoi Kotoyuki
vorupi,Vorupi
o-yatsu,o-yatsu
suvin (mononochi),スヴィン（モノノチ）
rozarin,ロザリン
bon (moegomi),ボン（モエゴミ）
fooring,フォーリング
anho,anho
faenibun,ススキテン
hachirodesu,hachirodesu
gaihan umeboshi mitchell,ガイハン・ウメボシ・ミッチェル
toenketsu,Toenketsu
saburoo,サブルー
brups tv,Brups TV
limitless skye,無限のスカイ
kippeijii,kippeijii
umitsuki (kurage no shokushu),umitsuki（kurage no shokushu）
moleshi,モルシ
bunbun (midukikome),Bunbun（Midukikome）
mei mu,メイム
yukishiro haku,ユキシロ・ハク
sotomichi,ソトミチ
aranami shibuki,アラナミ・シブキ
kiki lala,キキララ
yua (tick-tack),ユア（ティックタック）
ys (ytoskyoku-57),ys（ytoskyoku-57）
introvert-kun,内向的なくま
hashibi rokou,Hashibi Rokou
usuusu,uusu
tsugu0302,Tsugu0302
naruta iyo,ナルタイヨ
azitama atsushi (attyuu),azitama atsushi（attyuu）
yukisa,ユキサ
isuzu (an icy cat),いすuzu（氷の猫）
x.x.d.x.c,X.X.D.X.C
aya shiro423,aya shiro423
kechin (oreteki18kin),Kechin（Oreteki18kin）
dha315,DHA315
mrxinom,mrxinom
raochuu,ラオチュウ
shin (sin-maniax),シン（sin-maniax）
tei-o,tei-o
nariie shin'ichirou,ナリエ・シニチルー
meguri uguisu,Meguri uguisu
remon (10112),レモン（10112）
makimaki makky7,Makimaki Makky7
apple da-ze,Apple da-ze
mabelmine,メイベルミン
tori (hiyoko bazooka),トリ（ヒヨコバズーカ）
okku,Okku
skywaker,スカイウェーカー
tatara maguro,タタラ・マグロ
ayuko (ayuko54bornthisway),ayuko（ayuko54bornthisway）
pla0658,PLA0658
byakuya0315,byakuya0315
meranoreuka (naokentak),Meranoreuka（Naokentak）
jijing zishui,ジジン・ジシュイ
ltt challenger,LTTチャレンジャー
takase hina,高級ヒナ
kaze minoru so-ru,Kaze Milluu so-ru
aimai (luckyfive),エイマイ（ラッキーファイブ）
bakushiishi at,bakushiishiで
jyundee,Jyundee
redeyehare,ブラックライト
matsuo hiromi,マツオ・ヒロミ
yuki mizore,ユキ・ミゾア
hoshino (nia hoshino),星野（ニア・ホシノ）
dc24v,DC24V
hinoyama ena,hinoyama ena
takanamushi,タカナムシ
nanamesohuutei,Nanamesohuutei
tonki,トンキ
tsubudashi,ツブダシ
piancaesar,ピアンケーザー
murasaki (fioletovyy),村崎（fioletovyy）
88942731ne,88942731ne
bear ringer,ベアリンガー
seoltang (nitro sugar),Seoltang（ニトロシュガー）
tatatsu,タタツ
neriash,ネリアシュ
bcoca,Bcoca
coffee1223,Coffee1223
o22no,O22NO
aburaya tonbi,アブラヤ・トンビ
waichi,ワチ
kurari (dpeqb),ザン・リー
smash daisaku,スマッシュダイサク
oge (ogeogeoge),Oge（Ogeogeoge）
minggoo,Minggoo
shiromitsu suzaku,鈴木島
frenchmaid (made in frenchmaid),フランス語（フランスメイドで作られた）
zyl,ジル
woominwoomin5,woominwoomin5
kurokiri6630,Kurociri6630
nnz,nnz
uzura (moimoi),うずまき（モイモイ）
shiroton (kazamineko),シロトン（カザミネコ）
chiki yuuko,チキユーコ
siki2046,Siki2046
diaodiao,ジアディアオ
yoshitake,ヨシタケ
zero point,ゼロポイント
yoshiki (bpmaxm),ヨシキ（bpmaxm）
nicohi,ニコヒ
homex,homex
gekka kaguya (urabata),gekka kaguya（ウラバタ）
eko.art,eko.art
minamihama yoriko,ミナミハマヨリコ
mik yanase,ミクヤナーゼ
nomal,公名
mojake,モハケ
ra-pen,ra-pen
aoi kanan,aoi kanan
kyou (nekoneko),キョウ（ネコネコ）
kokorori-p,ココロリ-P
yohan12,yohan12
chiisan,カイザン
kamiya (mennu),カミヤ（メンヌ）
cbi cbi,CBI CBI
found modori,モノリが見つかりました
senjochi janai,先輩ジャナイ
jaibus,ジャイブス
nipio,ニピオ
yeooudam,Yeooudam
kiramashi (satsujinki),キラマシ（satsujinki）
marukei (kuramaruk),マルケイ（kuramaruk）
kachi,カチ
kado (hametunoasioto),カド（hametunoasioto）
zibun owl,Zibun Owl
jin (crocus),ジン（クロッカス）
arturaxia,アルクラクシア
kozureokami20,Kozureokami20
kirin3145,Kirin3145
kuroshiroemaki,黒子鉄海
tsujisaki (coa3),ツジサキ（COA3）
aika warazu,アイカ・ワラズ
tk28,TK28
ice2002,ICE2002
kira keita,キラケイタ
sakushin,サクシン
hidaka ryou,hidaka ryou
mikan no shiru,ミカン・ノー・シル
taikodon,タイコドン
pureji oshou,Pureji Oshou
kugi (kugi-xiv),クギ（kugi-xiv）
fujikiri yana,フジキリヤナ
hiyori-o,hiyori-o
kumatani,クマタニ
shockwhite3,ShockWhite3
hiroshix31,Hiroshix31
akari ryuryuwa,アカリ・リュリュワワ
viral1112,Viral1112
panapana,パナパナ
kousi sirazawa,Kousi Sirazawa
suwaiya,スワイヤ
mira (miramita8727),ミラ（ミラミタ8727）
shibagami,恥ずじ
numa (minus 4k),numa（マイナス4k）
yugi (magical-dreamer),Yugi（魔法のドリーマー）
alice kei (lemon-jiru),アリス・ケイ（レモン・ジル）
hidaka0503,hidaka0503
hitakikan,ヒタキカン
shichi (ratorin53),聖子（ratorin53）
mizoro tadashi,三辺t
topadori,トパドリ
yodori,ヨドリ
matsuri6373,Matsuri6373
kusunoki (gwzx5574),久野（gwzx5574）
hasekura (hachinochun),Hasekura（Hachinochun）
yurichi (artist),Yurichi（アーティスト）
maodouzi,マオドウジ
sakizou,さくら
teyuruun,Teyuruun
zerogravitas,Zerogravitas
akanebi,アカネビ
dokuna,ドクナ
arayama reiichi,Arayama reiichi
kuroko (piii),黒子（PIII）
muryuuin tayun,Muryuuin Tayun
7/11 (fukuso),7/11（福音）
makoto jon,マコト・ジョン
rikudou koushi,rikudou koushi
natsuno suika,ナツノ・スイカ
pilky,ピルキー
amiba48,amiba48
bitchen,ビッチェン
ta152 (graf zeppelin),Ta152（Graf Zeppelin）
edenfox,エデンフォックス
wattsu,ワッツ
ie (nyj1815),IE（NYJ1815）
foxykuro,Foxykuro
ljayu,ljayu
saegome,セゴメ
okazakileo,オカザキレオ
makinan,マキナン
matsukan (dug pile),マツカン（掘った山）
ryuna (inc moon),リュナ（INC MOON）
yu jiu,Yu jiu
yagi (s1120411),Yagi（S1120411）
retumihari,Retumihari
zendamu,ゼンダム
skrats,スクラット
hyuu (sing-dog),ヒュー（シングドッグ）
taranboman,タランボーマン
medara,メダラ
nuekane,ヌエカネ
mochityoko,モヒティコ
ebichiri sunday,エビチリサンデー
eeyasu,Eeyasu
mekimeki,メキメキ
mystic-san,ミスティックサン
zyunsei777,Zyunsei777
rata (m40929),RATA（M40929）
sumi (oyasumie),sumi（oyasumie）
rakkogawa rinro,Rakkogawa Rinro
needle (needlebomb),針（針骨）
cawasemi teu,nixtutyannh
lard (kumazakiyuta),ラード（Kumazakiyuta）
ahute,ああ
elna,エルナ
suitenan,スイーツナン
amaya uw,アマヤUW
yanzhan,ヤンツハン
hagiwara onsen,hagiwara onsen
zhen long,Zhen Long
mizunototori,Mizunototori
liangzi tai hongcha,Liangzi Tai Hongcha
pinkboy,ピンクボーイ
usamaru67pi,usamaru67pi
katao smth,クルート。
mutsuki albino,ムツキアルビノ
aka tonbo (lililil),別名トンボ（リリル）
perfellcsaiko,perfellcsaiko
tani takuya,タニ・タクヤ
sun stark,太陽スターク
paindude,鎮痛剤
matsuppoi,マツポイ
aaru (kerogero1582),aaru（kerogero1582）
umakoshi yoshihiko,Umakoshi Yoshihiko
angelica (k3lly),アンジェリカ（K3lly）
shoujo l,shoujo l
illustica phantom,イルスティカ・ファントム
rumiak,ルミアック
yamazaki jun,山崎jun
tsutsui misa,Tsutsui Misa
honya lala,Honya Lala
pipi o (pipioo08),pipi o（pipioo08）
daien,ダイエン
punc p,Punc p
daily (daily178900),毎日（Daily178900）
baka ouji persia,バカ・オジ・ペルシャ
yamada uiro,山田uiro
uhana,ウハナ
sumirou-kun,sumirou-kun
nomura (buroriidesu),野村（Buroriidesu）
kuku123,Kuku123
chkuyomi,Chkuyomi
nanina (nijnan),ナニナ（ナイナン）
okuma yuugo,オクマユーゴ
orihira,オリヒラ
fireball 666,Fireball 666
okabe gyoza,オカベgyoza
azema,羽毛
isamu,イサム
maple (abc2215),メープル（ABC2215）
yaya (y8ay8a),ヤヤ（y8ay8a）
vigwer,ヴィゴ
komo da,KomoDa
aus vaka,aus vaka
panapana (pixiv 12562150),パナパナ（PIXIV 12562150）
bloop (archives),Bloop（アーカイブ）
red o7,ムボコボコダヨ
kaneko shizue,Kaneko Shizue
senifu,Senifu
tare-katsu,Tare-katsu
bean mr12,Bean MR12
lala (yamada goroku),ララ（ヤマダゴロク）
7:24,7:24
ia (ilwmael9),IA（ilwmael9）
sakura puchirou,さくらプチロー
hiromin,ヒロミン
karamiti,カラミティ
momomiya mion,モモミヤ・ミオン
yinzhai,Yinzhai
kurumi moka,紅岡
sun trial,太陽裁判
uni (bom19850101),uni（bom19850101）
kurogane (majesticrune),Kurogane（Majesticrune）
purin (purin0),プリン（purin0）
kimura akiyoshi,木村秋野
tirudo29,Tirudo29
8 (e uu88),8（e uu88）
amo (amo9612),AMO（AMO9612）
kurosaki,黒崎
harukana (harukana 10),ハルカナ（ハルカナ10）
dada (dolce),ダダ（ドルチェ）
harutoshi,arutoshi
saco (cgmore),サコ（cgmore）
newflame,新しいフレーム
toake mikage,トーク・ミカージ
ryanpei,ryanpei
yan531,YAN531
fujino miyabi,藤野miyabi
kugatsu tooka,クガツ・タケタ
kiki fushigi,キキフシジ
malachite,マラカイト
somna,ソムナ
eps3rd,EPS3rd
mizunezumi,ミズネズミ
chushengdao,Chushengdao
fumikiri,フミキリ
nakamu 405,Nakamu 405
takigraphic,タキグラフィック
araki jeccy,Araki Jeccy
kyder,カイダー
alph (sancheck),アルフ（sancheck）
moth (artist),moth（アーティスト）
gm,GM
diletta,ディレッタ
kidanieru,Kidanieru
gari (apollonica),ガリ（アポロンニカ）
ktovhinao,Ktovhinao
take yaki,ヤキを取ります
tearfish,ティアフィッシュ
tatsuhiko,タツヒコ
oku (2964 okn),OKU（2964 OKN）
aniao ya,aniao ya
leex,leex
hirose (10011),Hirose（10011）
mikami (mikamicre),ミカミユーキ（nl8you）
hijabolic,殺人
jwthor,jwthor
gyup,gyup
kwrrrrrr,kwrrrrrr
shimashima (simasima 23),島島（Simasima 23）
mirusa,ミルサ
shin1ar24,shin1ar24
bluedemon13,Bluedemon13
choomoranma,チョモランマ
guchagucha,グチャグチャ
woshihedawei,woshihedawei
maguro (minase1684),マグロ（Minase1684）
konataeru,コナタル
nmz (namazu),NMZ（namazu）
chihiro (chrnt),チヒロ（chrnt）
haru (matatabi sanjou),ハル（サンジュマタタビ）
domco,domco
godsh0t,godsh0t
fujii satoshi,藤井satoshi
aonoe,aonoe
montanyaoh,モンタニャオ
creta (taku10),creta（taku​​10）
katou (hyaena),katou（hyaena）
himemurasaki,ヒメムラサキ
ohshioyou,Ohshiooou
homura (haku89),ホムラ（haku89）
maze draws,迷路が描かれます
kana tako,カナタコ
kab00m chuck,kab00mチャック
liong,ライオン
miyama rikka,宮田rikka
kotera ryou,Kotera ryou
kashiwamochi (kashiwakashiwa),kashiwamochi（kashiwakashiwa）
yotsuyu,ヨツユ
yupopo (hidame),Yupopo（Hidame）
q (a72pgc),Q（A72pgc）
shima (sh1mamu),島（sh1mamu）
souma mizuki,スマ・ミズキ
hirama hirokazu,hirama hirokazu
piyoco,ピヨコ
rennes,レンヌ
shokabatsuki,Shokabatsuki
saple,苗木
rifsom,rifsom
sasaki yukinojou,ササキ・ユキノジョー
kimineri,キミネリ
misagi nagu,佐藤長石
amakura,アマクラ
check (check book),チェック（ブックのチェック）
momopanda,モモパンダ
kari (karinimooreha),カリ（カリニムーレハ）
yuuma (noel),ユマ（ノエル）
wamusato haru,ワムサート・ハル
kinokosuke,kinokosuke
gonzaburou,Gonzaburou
makisige,マキシゲ
miero,ミエロ
mizusawa mimori,ミズサワミモリ
kurogane daichi,Kurogane daichi
riai (onsen),riai（esnen）
yumeno naka,ユメノ・ナカ
maeda kousuke,kousukeの田手
takappe,タカッペ
kou 2008,Kou 2008
shouen kigashi,shouen kigashi
haido (ryuuno kanzume),haido（kanzumeの龍野）
hscatter,hscatter
tsunamino yuu,津波ユウ
sumisuzu,スミスズ
dd tachibana,DDタチバナ
kayakooooo,kayakooooo
chester ocampo,チェスター・オカンポ
bbb (33kudo),BBB（33kudo）
le delicatessen,Le Delicatessen
kurokuro illust,紅urust
vladbacescu,vladbacescu
nora ichigo,ノラ・イチゴ
rankiryuu,rankiryuu
kakitsubata tsukune,Kakitsubata tsukune
zb (xucz8527),ZB（XUCZ8527）
.l.l,.l.l
lira mist,リラ・ミスト
gen (susono01),gen（susono01）
yagi (sinnsyou),Yagi（Sinnsyou）
yamaiso,ヤマイソ
plico (nicoma),プリコ（ニコマ）
shimeji wyvern,Shimeji Wyvern
fuku (r-i-h-o),福（r-i-h-o）
tooru,トゥルー
eou,eou
shiron (moze),シロン（モーズ）
hirata katsuzou,ひらきりかさ
pukun,プーカン
pisu 1107,PISU 1107
alex milne,アレックス・ミルン
kaorin minogue,カオリン・ミノーグ
tarutaru (ryousuke),タルタル（ryusuke）
nelnal,nelnal
gd. fengzi,GD。風水
ibuki sakura (sgw v07),Ibuki Sakura（SGW V07）
masa ashe,マサ・アッシュ
gemuo,gemuo
zzzi gn,zzzi gn
sano souichi,Sano Souichi
ganno,ガンノ
iceman (iceman550787),九州
prema-ja,PREMA-JA
sirofuku414,sirofuku414
shinonome86,Shinonome86
hosoi mieko,ホソイミエコ
kaede haya (lo0831lo),kaede haya（lo0831lo）
pongari,ポンガリ
himaya,ヒマヤ
amakara000,Amakara000
okoru ringo,オコル・リンゴ
doku yanagi,ヤナギドク
yue xiao e,Yue Xiao e
xiongshouji,Xiongshouji
nyan5000,NYAN5000
imdrunkontea,imdrunkontea
teruteru (teru teru),Teruteru（Teru Teru）
julioalqae,julioalqae
akira tooru,アキラトール
tsuzuki kazuhiko,川崎樹
pecchii,Pecchii
amaguri (guri 0330),マグリ（グリ0330）
yinyong yu,Yinyong Yu
fluff kevlar,綿毛ケブラー
morioka hideyuki,モリオカ秀樹
sachisudesu,sachisudesu
amyu (amm asl pa),AMYU（AMM ASL PA）
mimana,ミマナ
jintetsu,Jintetsu
chitu hefeng zhong,Chitu Hefeng Zhong
crackingtaro,クラックタロ
saijou yurika,Saijou Yurika
sirius-kkr18,シリウス・エンジョリオ
tsyn,Tsyn
jacob dream world,ジェイコブドリームワールド
sokuse kienta,Sokuse Kienta
takahiro (rikky),タカヒロ（リッキー）
hoshinopurin,ホシノプリン
t k,T k
ooeyama ken,ooyama ken
iapoc,Iapoc
o/p.com,o/p.com
n-bata,n-bata
ougi (u to4410),ougi（u to4410）
ittumozzz,ittumozzz
jdw,JDW
fiyu,fuxiyu
suzuke,スズケ
yuko666,Yuko666
eva mashiro,エヴァ・マシロ
orebalgum,orebalgum
suzu-batsu,鈴丸
youshun (naturaljuice),youshun（naturaljuice）
kome (vm500),kome（vm500）
iduhara jugo,イドハラ・ジュゴ
leafy (kitsuneya),緑（kitsuneya）
lancefate,lancefate
buff bard,バフバード
kamenakake,カメナカケ
nakaji hiyoko,Nakaji（ユーザーSNAP3353）
nomikata,ノミカタ
chillasan,チラサン
kokonattsu,ココナッツ
frozen-sad,凍結された状態
ilumiarts,iiumiarts
kyandii,kyandii
zzz (orchid-dale),zzz（蘭 - デール）
ravenousruss,レイヴンラス
yuuki (yunky373),ユウキ（yunky373）
tsushima naoto,津島直島
gyaku tsubasa,ツバサギャク
hachimitsu honey,林の蜂蜜
fezat,フェザット
ooka (rkyu),ooka（rkyu）
takamiya nao,タカミヤ・ナオ
maru-kichi,マルキチ
fujiwara riyu,藤原riyu
akiko 141,アキコ141
homil22,Homil22
glassjill,Glassjill
byulrorqual,byulrorqual
o-yuki,o-yuki
mokarooru,Mokarooru
shuuhei (shoohey),shuuhei（shoohey）
mae (nahabaru),メイ（ナハバル）
awayuki tobari,アウェイキトバリ
lewdzure,lewdzure
mochizuki jun,Mochizuki Jun
jcdr,jcdr
hanjuku tomato,漢トマト
popgun (22882502),ポップガン（22882502）
tapi,タピ
bearwitch,bearwitch
yuzuno kaori,Yuzuno Kaori
testest,testest
toro (shiro),トロ（シロ）
bluepony,ブルーポニー
tor ai,Tor Ai
kiki (re 6xxx),kiki（re 6xxx）
rasson,ラソン
ozawa reido,オザワレイド
chacha (tyatya),チャチャ（タイヤ）
googoogaagaa,googoogaagaa
efmoe,efmoe
shainea,シャイネア
arimatang,アリマタン
kakkou,Kakkou
ekusiregaia,Ekusiregaia
hara takehito,ハラ・タケヒト
sokutenkun,Sokutenkun
aito (indigorabbit),aito（indigorabbit）
matt frank,マット・フランク
noboru (kamine204136),ノボル（kamine204136）
yamabuki zarame,ヤマブキ・ザラメ
becky-4545,ベッキー-4545
tomojo,トモホ
baraba baba,バラバババ
zixiong zix,zixiong zix
ni (ippozenshin),ni（ippozenshin）
zabuton dorobou,ザブトン・ドロボウ
nyano21,nyano21
jyuma,ジュマ
tsuyudakunanoda,Tsuyudakunanoda
9degree,9度
chisiro unya (unya draw),Chisiro Unya（Unya Draw）
inou takashi,イノウタシ
daiiichukiii,daiiichukiii
uungunover,uungunover
ebippoid,ebippoid
shal.e,shal.e
bunninari,wei（kaminari0411）
itocoh,itocoh
to-ru,TO-RU
noka (noka8103),noka（noka8103）
asakurashinji,浅草
meitarou,Meitarou
rapapa,ラパパ
nabana (bnnbnn),ナバナ（bnnbnn）
kooji (macoji),kooji（macoji）
kardie,カーディー
lavoy (kurakuro),lavoy（Kurakuro）
pu-chin,pu-chin
iseki mitsuharu,Iseki Mitsuharu
solar milk,ソーラーミルク
hiva+,Hiva+
misti,ミスティ
straw (yokubou hiroba),ストロー（Yokubou Hiroba）
kaguyuu,kaguyuu
minamina,ミナミナ
aebj,aebj
indo (mdtanaka2007),インド（Mdtanaka2007）
getumentour,getumentour
bon nob,ボン・ノブ
timato,ティマト
cotton kanzaki,綿のかん
ame (amemgmgmg),ame（amemgmgmg）
78 (tky8),78（TKY8）
tarou (user tpmh7442),Tarou（ユーザーTPMH7442）
b3b,B3B
kupikuuu,Kupikuuu
shigeru,Shigeru
ryuuno stadtfeld,リュウノ・スタットフェルド
niso,ニソ
nagase takeshi,Nagase Takeshi
sanshowuo,sanshouuo
husun wei,フスン・ウェイ
yojio (2188),ヨジオ（2188）
haruhikohiko,ハルヒコヒコ
soshina nohito,ソシナ・ノヒト
nishino miyuki,西野yyuki
hobbang,ホッバン
chiko (beroro),チコ（ベロロ）
shiratori serano,Shiratori Serano
nakano tomokazu,中野屋前
mamepon,マメポン
eugenio2nd,eugenio2nd
yamamoto nori,山本nori
tukino (panna),ツキノ（パンナ）
circle anco,サークルアンコ
narusawa sora,ナルサワソラ
tsumayouji (dekosoko),ツマヨウジ（dekosoko）
matchaneko,Matchaneko
murazono,ムラゾノ
greentree,緑の木
zig90,Zig90
aomizuan,aomizuan
usao (313131),USAO（313131）
haru (renol),ハル（レノール）
yamano uzura,ヤマノ・ウズラ
hiokirasu,hiokirasu
wlper,wlper
chuuten (clam chowder),チュテン（クラムチャウダー）
ashinano hitoshi,Ashinano hitoshi
van-s,バン
ishioto,イシオト
niwatoriya,niwatoriya
tembin 3,テンビン3
dpea9,DPEA9
chiro (bocchiropafe),Chiro（Bocchiropafe）
murasaki kajima,川崎村
imatomo mahya,イマトモ・マヒヤ
nishinomiya suzu,西の鈴木
cheesewoo,Cheesewoo
soriham,ソリハム
panamuru,パナムル
bun-o,bun-o
kazekiri,Kazekiri
rhea (0u0),レア（0U0）
bindong,バインドン
minakuchi takashi,高橋村
nakajima rei,中島レイ
hara yumiko,ハラ・ユミコ
choir (artist),合唱団（アーティスト）
hekirake,ヘキラケ
yashima takahiro,Yashima Takahiro
oka yuuichi,岡裕日
gamhwa,ガムワ
minase tamaki,タマキをマイナーします
gore (white gore),ゴア（ホワイトゴア）
wuhuo,wuhuo
feesh,Feesh
k3nzoteruta,k3nzoteruta
hikarusorano,hikarusorano
sechka,Sechka
codename47,codeName47
too mizuguchi,ミズグチすぎる
kokorominton,ココロミントン
shiba meiji,帝国帝i
tsukkon,ツコン
bao (s 888),bao（s 888）
kian,キアン
mamiru (42105269),マミル（42105269）
saikre,saikre
haty,ハティ
unier,Unier
unbeller,ベラー
tamarinfrog,タマリンフロッグ
popogori,ポポゴリ
girlsay,女の子
loz 017,LOZ 017
akebi (kakororo),アケビ（カコロロ）
pineapple (pine),パイナップル（松）
mikhail n762,ミハイルn
daifuku (pokefuka art),daifuku（ポケフカアート）
umu (um),umu（um）
stpen,stpen
tatami (loop),タータミ（ループ）
satsuki itsuka,satsuki itsuca
banbon,バンボン
biba eichi,ビバ・エイチ
haya bs,ハヤBS
fast-r,fast-r
qiumoyixing,qiumoyixing
hiwonoafu,Hiwonoafu
oboro neko,オボロネコ
arinsu (kodamamaimai),アリンス（コダママイマイ）
aoi choko (aoichoco),aoi choko（aoichoco）
ji yue,ji yue
kikistark,Kikistark
higurashi ryuuji,ひねりryuuji
rg (gumin),RG（ガミン）
yorozu,ヨロズ
curecycadura,クリーキカドゥラ
hino shinnosuke,shinosuke
kjech,Kjech
eko (yu-shao-eko),eko（yu-shao-eko）
fuwafuwa 35,フワフワ35
jhcrow3,jhcrow3
kzcjimmy,kzcjimmy
doridori,ドリドリ
teddyellow,テディーロー
umaguti,umaguti
kinoruru toiro,Kinoruru Toiro
282milk,Li Chestnuts
sawashi (ur-sawasi),佐藤（ur-sawasi）
water beryl,水ベリル
hisui (paingumi),hisui（paingumi）
na53,NA53
ryo (sora-ryu),ryo（sora-ryu）
date (mamanonamaebot),日付（Mamanonamaebot）
ebikawa kanetake,エビカワ・カネタケ
fusou (fuso0205),fusou（fuso0205）
jinu (jinusenpai),ジヌ（ジヌーゼンパイ）
yoneko okome,ヨネコオコメ
asagi1111,asagi1111
kikuyarou,kikuyarou
bianco (mapolo),Bianco（Mapolo）
rustysalmon,Rustysalmon
azzalea,アザレア
hami dmg,ハミDMG
kuro n314,KURO N314
futou ryouko,futou ryouko
7t,7t
rae (offrecord),Rae（OffRecord）
light (luxiao deng),光（luxiaodeng）
keiya,ケヤ
yoshizumi kazuyuki,吉井和口
kokesa kerokero,コケサ・ケロッコーノ
wucanming,ウカンミング
rktsm,rktsm
pekoo (pekota),ペクー（ペコタ）
shin (shincrz),シン（シンクルツ）
satoru wada,Satoru Wada
acco (sh in),acco（sh in）
tapioka (coconuts),タピオカ（ココナッツ）
marutani,マルタニ
masakappa,マサカッパ
houtani yukitoshi,Houtani Yukitoshi
otone,otone
kitsun8,kitsun8
yuu kurema,Yuu Kurema
watanabe atsuko,ワタナベアツコ
a-plug,プラグ
momijizuki luna,Momijizuki Luna
xooku,Xooku
dangorou (yushi-art),dangorou（yushi-art）
aoshima sakana,佐野島
shiro (nitto),シロ（nitto）
stir255,攪拌255
panjamunoname (nononanameme),NONAM（MetalDragonfly）
yudough,Yudough
emunise,emunise
cyannism,Cyannism
amada,アマダ
kyo9999,KYO9999
tyler garden,タイラーガーデン
sarasa (kanbi),サラサ（カンビ）
aoi rena,aoi rena
namagaki yukina,久谷Yukina
kimakkun,キマックン
makura (makura0128),Makura（Makura0128）
panana,パナナ
santystuff,santystuff
azarashi (azrsot),和沢（azrsot）
kinta (kinta no mousou),キンタ（kinta no mousou）
tudon (donut),Tudon（ドーナツ）
kimura daisuke,木村大suke
yukiyoshi,ユキヨシ
anakoluth,アナコルース
szainx,szainx
puddingx2,puddingx2
kurita shin'ichi,kurita shin'ichi
cuvie,キュービー
mielang,ミーラン
fukuda fukutarou,Fukuda Fukutarou
osaru (yuuen-dou),オサル（Yuuen-dou）
little thunder,小さな雷
amasa-hikae,アマサ・ハイカ
yamori (stom),ヤモリ（煙）
yurizuka (sergeant heart),ユリズカ（軍曹心）
owarine miku,オワリン・ミク
toyux2,Toyux2
shiromonefu,shiromonefu
mary (14476764),メアリー（14476764）
oumi sanaka,Oumi Sanaka
hako (gyhujikolp),hako（gyhujikolp）
namataro,ナマタロ
kurige horse,クリゲ馬
drruraguchi,Drruraguchi
dena.ei,dena.ei
inkune,インクネ
san sheng wan,サン・シェン・ワン
2027 (submarine2027),2027（submarine2027）
gingerbullet,ジンジャーブレット
nakada rumi,中田rumi
nithros,ニトロス
kanikame,カニカメ
apring,アプリング
sankichi (croquette crab),sankichi（croquette crab）
arigato (rmskrtkdlqj),arigato（rmskrtkdlqj）
madkaiser,マドカイザー
rx7649,RX7649
yokaze (xxxdisxxx),Yokaze（xxxdisxxx）
kotikomori,Kotikomori
runa7,runa7
chiko (kanhogo),チコ（カンホゴ）
neats,きちんと
yuusuke (5yusuke3),ユースケ（5yusuke3）
shira ichigo (ichigohou),シラ・イチゴ（いちご）
early type,初期タイプ
watanabe ignica,ワタナベ・イグニカ
kanon (ikamiso),カノン（イカミソ）
toshi (anime coloring),トシ（アニメの着色）
raplus,ラプラス
manjyufroth,マンジュフロス
qianze chia,Qianze Chia
kawami nami,川川ナミ
miya-ki (miya key),miya-ki（miya key）
arakawa (aintnoroom),アラカワ（aintnoroom）
yougata,yougata
darren geers,ダレン・ジアーズ
honeymilk0252,honeymilk0252
munaage,ムナージュ
anywhere knock,どこでもノック
biako,ビアコ
senmen kinuko,先輩のキヌコ
nebukuro,ヌブクロ
gakukuru,ガククル
sl10 d,SL10 d
nanashi mushi,ナナシムシ
nekonabe ao,nekonabe ao
hinamori (m nmy01),hinamori（m nmy01）
tehen,テヘン
momiji7728,Momiji7728
watase rei,watase rei
kitsune (scaz),キツネ（スカズ）
ran komomo,走ったコモモ
taruk,タルク
qi hui,Qi Hui
hanbu hantarou,ハンブ・ハンタル
tora tsugumi,tora tsugumi
zinczinc ka,Zinczinc Ka
shino yuki,シノユキ
aoki kanji,青木漢字
randy (awesomevillage),ランディ（AwesomeVillage）
eat0123,EAT0123
sugita ranpaku,Sugita ranpaku
shi oo,shi oo
kiiro no nantoka,キイロはナントカです
borockman,ボロックマン
itsumip,ithumip
s ibane,S Ibane
wrwr,WRWR
mossari poteto,モサリ・ポテト
sayuu hanten,Sayuu Hanten
ateka,アテカ
laboto,Laboto
h2so4kancel,H2SO4KANCEL
eku,エク
faech,faech
p.kibi,P.Kibi
deretta,デレッタ
abarabone,アバラボーン
oonamazu,Oonamazu
shiki (no-reply),シキ（ノーセプリー）
takuya kame,タクヤ・カメ
mankun,マンクン
nightmare-doom,悪夢
aiba kou,アイバ・コウ
nigatsu (lowfatnonsugar),nigatsu（fevrali）
amripo,アムリポ
sturkey,Sturkey
comotaro,コモタロ
f-una,f-una
penguin4,Penguin4
nyanko kaitou,ニャンコ・カイトー
sugoihi,sugoihi
koshiba kishi (artist),柔術jijiu
takagi nobuyuki,ブー（タカギ）
kongbai huanxiang,Kongbai Huanxiang
amakawa mayu,アマカワマユ
itou (golem inc),itou（Golem Inc）
takahashi kouta,高橋クタ
qunqing123,Qunqing123
lo-ta,lo-ta
fokwolf,フォクウルフ
tsuu (tu-3),Tsuu（Tu-3）
gingrjoke,Gingrjoke
pumpkinpaii,パンプキンパイ
ashika (yftcc948),アシカ（YFTCC948）
mitsusaka mitsumi,三井虫
tomo takino,タキノモ
akame (chokydaum),akame（chokydaum）
norun (ru-on),ノルン（ru-on）
hamagurihime,hamagurihime
jademoon,ジャデムーン
chatsune (white lolita),Chatsune（白いロリータ）
rae (hexedwithluck),レイ（六角形）
andou hiroyuki,アンドウ・フロユキ
izubuchi yutaka,ユタカ島
minase nagi,ナギをマイナーします
yakkuro,ヤクロ
cage unlimited,Cage Unlimited
amirun,アミルン
sinner! (sillygirl),罪人！ （愚かな少女）
asamiyajy,アサミヤジ
day mello,デイメロ
miso pan,味oパン
canarinu,カナリヌ
terumin (yuganda sebone),テルミン（Yuganda Sebone）
furumi showichi,umi showichi
otogi tetsurou,otogi tetsurou
monotsuki,モノツキ
metaring,メタリング
taguchi makoto,甲虫城
xobox,xobox
dc (doughertyevans),DC（doughertyevans）
amamiya poran,アマミヤポラン
dokuta,ドクタ
yuna (spn28u79),YUNA（SPN28U79）
kaigan,カイガン
brick (atelier brick),レンガ（アトリエブリック）
yu 416416,Yu 416416
19 okeke,19オケケ
yinori,Yinori
kk724,KK724
miloku,ミロク
tetose,テトス
km2o4,KM2O4
james cabello,ジェームズ・カベロ
jet kimchrea,ジェットキムチュレア
mizuiro raika,ミズイロ・ライカ
amemura (caramelo),アメムラ（カラメロ）
liu guniang,Liu Guniang
lamsass,ラムサス
kreuzer 00,Kreuzer 00
towne,タウン
qinni,Qinni
roku (warrock),ロク（ウォーロック）
yoyterra,ヨイテラ
zoner,ゾーナー
usalxlusa,usalxlusa
hrtyuk,hrtyuk
dotaku (wran8845),dotaku（wran8845）
kiriya (aprikose 0312),キリヤ（Aprikose0312）
kickylian,キックリアン
meisa,マイサ
kimofest,KIMOFest
mizu,ミズ
niko (silent.whitesnow),niko（silent.whitesnow）
p00nipooni,p00nipooni
ponchi,ポンチ
anocurry,無覚醒
isaraa 005,イサラ005
houjou yutori,Houjou Yutori
kawara yun,カワラユン
baronia,バロニア
yamagishi chihiro,山頂チヒロ
furansiumu,フランシウム
hentaix,ヘンタックス
endivinity,エンディビニティ
marufuji hirotaka,マルフジ・ヒロタカ
kagami (haret46),カガミ（haret46）
makamati,マカマティ
kiritani846,Kiritani846
damascus (dearigazu2001),ダマスカス（Dearigazu2001）
tsubutarou,ツブタロウ
lemming no suana,スアナはレミングしません
mukade (siieregannsu),ムケード（siieregannsu）
kanzaki sora,かんっこソラ
akaie11,Akaie11
yuki kaori,Kaoriゆけ
aoaso,aoaso
freenote mr,Freenote Mr
panasonynet,PanasonyNet
ajia (otya3039),ajia（otya3039）
a082,A082
ono mochiko,オノモチコ
egret,ユグレット
himawari (hishu),ヒマワリ（hishu）
piyo (ppotatto),ピヨ（ppotatto）
saitou gabio,Saitou Gabio
okutomi fumi,okutomi fumi
steward b,スチュワードb
mio-muo1206,mio-muo1206
haji (hajiko),haji（hajiko）
ticktack chicken,ティックタックチキン
ruru (lulubuu),ルル（ルルブー）
topo (bacchustab),Topo（bacchustab）
mt.somo,Mt.Somo
tofu (tf07px),豆腐（TF07PX）
rott ur,ロットウル
sheep sleep,羊の眠り
poyo (shwjdddms249),poyo（shwjddddms249）
wuguno ziran juan,wuguno Ziran Juan
shenteita,シェンテイタ
nishimura (prism engine),西村（プリズムエンジン）
somasoutaro,ソマスタロ
mario grant,マリオ・グラント
mimura (nnnnnnnnmoo),ミムラ（nnnnnnnnmoo）
boku no edamame,boku adamame
tai (e3d1p),タイ（e3d1p）
takafuji yuna,タカフジユナ
haru (oomr005),ハル（OOMR005）
windcaller,WindCaller
hakka (88hk88),hakka（88hk88）
hoso miyuki,ホソミユキ
kazeto,カゼト
arata,アラタ
loftcat,ロフトキャット
ota (ota-0000),OTA（OTA-0000）
jofang,ジョファン
kashii (amoranorem),kashii（アモラノレム）
seato-hao,シートハオ
maumaujanken,Maumaujanken
icelernd,Icelernd
inukoko,イヌココ
tsunekun,Tsunekun
naye,ネイ
rozer,ロザー
shiunnkaku,shiunnkaku
sudach koppe,Sudach Koppe
masakichi (heppouku),マサキチ（heppouku）
akutagawa manbou,秋川manbou
nove (legge),Nove（Legge）
miharu (ttt),ミハル（TTT）
noi (noi 2y),ノイ（ノイ2y）
fuyu mi,fuyu mi
yuusei tsukiro,ゆきツキロ
ello,エロ
wo jianqiang fu guo,wo jianqiang fu guo
yomoyama (toirets),Yomoyama（Toirets）
kara (color1087),カラ（Color1087）
warabin (suteki denpun),ワラビン（suteki denpun）
sakura yuu,さくらユウ
aotan (aorin114),aotan（aorin114）
ming (3952862),Ming（3952862）
ofuro mantarou,Ofuro Mantarou
miyabi mt-b,Miyabi MT-B
hibari hina,ヒバリ・ヒナ
kazunari,カズナリ
godekasu,ゴデカス
sweet reverie,甘い空想
rakikoko,ラキココ
rinoko,リノコ
kurozatou owata,Kurozatou owata
seki (l0410706268),Seki（L0410706268）
ecu8080,ECU8080
riri (ririwaldorf),リリ（リリワルドルフ）
ky (nimbusky),ky（nimbusky）
izumi bell,イズミベル
oreomanko,オレマンコ
onbin ha,onbin ha
taharu kousuke,タハル・クーデューク
tsumaseu,津波
ginjyasei,ginjyasei
yuno (mioalice),ユノ（ミオアリス）
yukari yukke,Yukari Yukke
delf,デルフ
wakaya hana,ワカヤ・ハナ
n.s.egg,N.S.EGG
mine (odasol),鉱山（オダソル）
null (chronix),null（Chronix）
tooculi,トクリ
myero,ミロ
kupocun,クポカン
satonishi,佐藤
210ten,210ten
kakei,kakei
shikanari,シカナリ
mikazukimo,ミカズキモ
ganida boushoku,ガニダブーホク
hayama jun'ichi,漢jun'ichi
yoshida takuma,吉田高田
makita (homosapiensu),マキタ（ホモサピエンス）
augu (523764197),Augu（523764197）
isbeyvan,イスベイヴァン
mikoto paint,ミコトペイント
ameimo,アメイモ
henemimi,ヘネミミ
no10,NO10
yoshihara seiichi,ヨシハラ聖書
alvin lee,アルビン・リー
cokuto1,cokuto1
kai aki,カイアキ
2gou,2gou
kurozu,クロズ
minaka shobu,ミナカ・ショブ
rinrin kai,リンリン・カイ
metadora,メタドラ
s-yin,s-yin
utilizator,利用者
hitoshi,hitoshi
mata-aro,マタアロ
okii,okii
izumi natsuka,Izumi Natsuka
banglinh1997,Banglinh1997
chirosuke,Chirosuke
izura mari,イズラ・マリ
sakuraume,sakuraume
akikaze cp,Akikaze CP
denson,デンソン
kazunoko (saria001),カズノコ（Saria001）
chuck pires,チャックピア
ao hito,ao hito
piroaki,ピロアキ
yuu (guruko),ユウ（グルコ）
mugi no hikyaku,ムギはhikyaku no
mojaranmo,モジャランモ
orion-m,orion-m
shan grila,シャン・グリラ
kontahsm,Kontahsm
mxsoundtube,mxSoundTube
ying (suetmo),ying（suetmo）
akitsuki ria,Akitsuki ria
hami yura,ハミ・ユーラ
suzuki noritaka,スズキ・ノリタカ
momotose (hzuu xh4),モモトース（HZUU XH4）
ni02 (asahi nini),NI02（Asahi nini）
tokiki (tomok1),トキキ（tomok1）
lilyglazed,リリーグレーズ
kakoogan,カクーガン
mizuno kakeru,kakeru類
sentaku nori,Sentaku ari
yueyue no hand,yueyue手はありません
wd1113,WD1113
wata9mm no,wata9mm no
kurogoma,卵菌
numahana,ヌマハナ
narashika asuka,ナラシカアスカ
ane,ane
lanhacy,ラナシー
mizuki toko,ミズキ・トコ
kim hana,キム・ハナ
kawakami raito,川川raito
wararu (user uecx7457),ワラル（ユーザーUECX7457）
uzuki noboru (denchuu shoujo),ウズキ・ノボル（denchuu shoujo）
tak (karasuki),タク（カラスキ）
nekomanma (byougatei),nekomanma（byougatei）
akaisuto,アカシュート
archibald (adahalt389zp),Archibald（adahalt389zp）
nekotawawa,ネコタワワ
baketsumuri,Baketsumuri
takeshima satoshi,タカシマ佐島
minazuki minao,ミナズキ・ミナオ
irokiiro,irokiiro
myaaco,ミャコ
ponsu (ponzuxponzu),ポンソー（Ponzuxponzu）
tokinon,トキノン
ang,ang
namu76,namu76
grandyoukan,グランドユーカン
rezoeline,rezoeline
musunde hiraite (mh5jta),Musunde Hiraite（MH5JTA）
nokataro,ノカタロ
kyaro (kyaro54),Kyaro（Kyaro54）
ichikura (bk),いちご（BK）
serina ranshi,Serina Ranshi
mmlu (honwa karesu),MMLU（Honwa Karesu）
kokusoji,コクソジ
aria (opera),アリア（オペラ）
rainyazurehoodie,Rainyazurehoodie
ichinosenen,イチノセネン
omnisucker,Omnisucker
iiros,IIROS
marcy dog,マーシー犬
yamamura hiroki,山村ヒロキ
yamada chickenko,山田チキンコ
fuyukono,フユコノ
haru4aki,haru4aki
xiao gen,Xiao Gen
rainli,レインリ
lenk64,lenk64
yoshiikirablr,Yoshiikirablr
tanshio,タンシオ
child-box,チャイルドボックス
konoike (pepe expect),植物（ペペは期待する）
eungi,eungi
hosh,ホシュ
wakkigen,ワッキゲン
daigaku jitome,daigaku jitome
rei kazami,レイ・カザミ
ina (inadiary),ina（inadiary）
amido (compassion273),アミド（思いやり273）
0-toki,0-toki
shiomachi,聖書
hashiguma,ハシグマ
karoine,カロイン
dleung,ドルング
yonezu kenshi,ヨネズケンシ
hirari,ヒラリ
otoboke-san,otoboke-san
gats (nougats),ギャット（ヌガート）
bl/ess,bl/ess
hamu fukurou,Hamu Fukurou
lxkate,lxkate
akazu kieshi,アカズキエシ
kairi630,Kairi630
takeno (hashi falcon),削除された（ハシハラコン）
taisos,タイソス
leclle,leclle
pokki (sue eus),ポッキ（スーEUS）
ruiten,ルイテン
alver,アルバー
yuuyuu (yuko),ユウユ（ユコ）
ogadenmon,オガデンモン
kasappi,カサッピ
de (deys),de（deys）
to-den (v-rinmiku),to-den（v-rinmiku）
megawatt,メガワット
harushino,ハルシーノ
kuroneko (kuroi-neko),クロネコ（クロイヌコ）
sizuru (garasuame0206),Sizuru（garasuame0206）
ky (ky990533),KY（KY990533）
kojijima,小島
tomato manme (voice actor),トマトマン（声優）
kaito (sawayakasawaday),Kaito（Sayayakasawaday）
baariya,バリヤ
agarwood,アガーウッド
radlionheart,radlionheart
tsuzuki masumi,津波masumi
shikino (sikinonono),シキノ（シキノノノノ）
isada (daisa),アイザダ（ダイサ）
vinyl (vinyyl bag),ビニール（ビニールバッグ）
samuraisamurai,サムライサムライ
xiaolong (touhoufuhai),Xiaolong（Touhoufuhai）
itsumoto hiroharu,ithumoto hiroharu
homura (silver blaze),ホムラ（銀の炎）
yamanori (yamanori56),ヤマノリ（Yamanori56）
michi kuso,ミチ・クソ
tamaki (tamaki illust),タマキ（タマキラスト）
amahara pekozaemon,アマハラ・ペコザモン
youngjijii,Youngjijii
wine (2148 wine),ワイン（2148ワイン）
shiba 0,Shiba 0
ami thompson,アミ・トンプソン
kusumoto touka,クスモト・トゥカ
jay87k,jay87k
wakkuchin20,wakkuchin20
the art mage,アートメイジ
docoi,ドコイ
asuna (i luv),アスナ（私はluv）
tottsuan,トッツアン
yani tama,ヤニ・タマ
ayaya (ayaya ri),ayaya（ayayari）
mutsuki kaya,ムツキカヤ
taira momen,タイラ・モメン
surikogi,スリコギ
verynezumi,verynezumi
sarah sauge,サラ・ソージ
mottsun,ムッツン
mogmog,モグモグ
keisuke (0320030103200301),Keisuke（0320030103200301）
size hermitage,サイズのエルミタージュ
kanoe youshi,kanoe youshi
goushou,goushou
tikano,ティカノ
ichimatsu shiro,一のシロ
magokorokurage,Magokorokurage
siroyuki,シロユキ
tatata taira,タタタタイラ
aratami isse,aratami isse
poscorn617,poscorn617
tsukamichi fumi,津波fumi
arinotowatari,アリノトワタリ
luode huayuan,Luode Huayuan
kanda satoshi,カンダ・サトシ
togatamaki,トガタマキ
miyuki (9029009),ミユキ（9029009）
kumomachi,クモマチ
aisha callaaisha,アイシャ・カラアイシャ
nekozawa yukari,ネコザワユカリ
edowan,エドワン
ma nyan (nyao mao nyao),マニャン（nyao mao nyao）
noie (neunteedelstein),ノイア（neunteedelstein）
sagta panggang,サグタ・パンガン
liedein,リードイン
tsubakiyama parry,ツバキヤマ・パリー
mk (lazymk),MK（Lazymk）
00tea,00TEA
suzuno,スズノ
ryman,ライマン
yumari nakura,ゆくがゆき
mio1030,MIO1030
akka,アッカ
stella chen yui,ステラ・チェン・ユイ
cetera,セテラ
tokine (maikaze),Tokine（Maikaze）
ikebata homura,Ikebata Homura
jajao,ジャジャオ
doru riheko,Doru Riheko
teiputi,Teiputi
negy,ネガ
sawano akira,サワノ・アキラ
inase shin'ya,イナゼシンヤ
keid,Keid
gumiten,グミテン
three k (spiritus no honoo),3 k（スピリチュスなしホノー）
emya,エミヤ
mo xiaoxue,Mo Xiaoxue
kana (kuaua),カナ（クアウア）
aomaru (shta-chu-jisuiai),AOMARU（shta-chu-jisuiai）
kuuki (rakam),クーキ（ラカム）
huijin zhi ling,Huijin Zhi Ling
yan (situyan0303),Yan（situyan0303）
baseness,ベースネス
yui (linaw-key08),yui（linaw-key08）
neoshoco,Shoco（Sco Labo）
fasorasi,ファソラシ
eric ueda,エリック・アエダ
konbanwa01,konbanwa01
liyu li,liyu li
tokito setsuna,Tenti0619
yinghuahua,Yinghuahua
kawosu shikou,川川清
damenano104,Damenano104
keenii (kenny86),Keenii（Kenny86）
zhiyan li,Zhiyan Li
diode (0 division),ダイオード（0分割）
ao fujimori,Ao Fujimori
makarony,マカロニー
awa (bihidasu),awa（bihidasu）
satsuki (gogotaru),サツキ（ゴゴタル）
koi (nisikicoi),koi（nisikicoi）
machi (uqyjee),マチ（uqyjee）
yousuke (yosk),yousuke（ヨスク）
tsubasansan,ツバサンサン
shijukara (great tit),shijukara（グレートシット）
yanagiba sakana,ヤナギバ・サカナ
tana (garyuh-chitai),タナ（garyuh-chitai）
morini ochiteru,モリニ・オチテル
kisaragi pana,キサラギパナ
sherry 0014,シェリー0014
shiotsuki kazuya,カズヤ島
magomago,マゴマゴ
nekodama2000,nekodama2000
ex-trident,元トリッド
aozaku (hatake no niku),aozaku（hatake no niku）
peter (gvb),ピーター（GVB）
morphin e,モルフィンe
amamizu shizuku,アマミズチズク
emukami,エムカミ
adaajt,adaajt
bramblefix,BrambleFix
jupiter europe,木星ヨーロッパ
nowoka,Nowoka
yattsu (yan),Yatsucchie
numazume,numazume
mugen kageno,ムゲン・ケーゲノ
kuraryu,Kuraryu
kyuu (chiu850513),kyuu（chiu850513）
mila (yuta27315),ミラ（yuta27315）
hossy,hossy
kamoi hayato,カモイ・ハヤート
uzu hi,ウズこんにちは
yuukyuu ponzu,Yuukyuu Ponzu
azarashi (snmfloowern),和沢（snmfloowern）
shan gui yu yao,シャン・ギ・ユ・ヤオ
oyuzaki (ayuzaki),オユザキ（ayuzaki）
fuwawa (fuwawa617),フワワ（フワワ617）
mai (maika 04),マイ（マイカ04）
xing,xing
5to rai,5to rai
leonis g,レオニスg
meng ge 3 (565571710),Meng Ge 3（565571710）
chikuwa (majihima),チクワ（マジヒマ）
kore (korewa13th),Kore（Korewa13th）
loup-garou,loup-garou
nekopote,ネコポート
ginga no kou,ginga no kou
gao ex kaiser,Gao Ex Kaiser
moyatarou,モヤタルー
ryon y0421,Ryon Y0421
unpasu,Unpasu
sumeshi (ambivalince),sumeshi（ambivalince）
sai (saipoko),sai（saipoko）
kawasemi makiko,カワセミ（ポコリット）
namako mikan,ナマコ・ミカン
shikishima (eiri),清島（eiri）
coffeiz p,Coffeiz p
kaworu (kaw lov),kaworu（kaw lov）
yoshinari kou,ヨシナリ・コウ
hanabusaraleigh,ハナブサラレイ
kuroi k-ta,クロイk-ta
kafuu kaya,カフー・カヤ
ohiensis,ohiensis
tojorin,トジョリン
baiola,バイオラ
kumaane,クマアネ
tsujimura ayumu,Tsuji643163271
ankoromochi,アンコロモチ
fuwaffy,fuwaffy
9150namihana,9150NAMIHANA
koikeya,koikeya
fuyukawa motoi,藤川モトイ
aikura chihiro,清いチヒロ
qiqu,シック
guangsupaomian,Guangsupaomian
watarumi,ワタルミ
wenu (kirikirimai),ウェヌ（キリキリマイ）
haikeiyu,ハイキユ
kr ohoshisama,kr ohoshisama
yume32ki,Yumemizuki
kawacchi hirohiro,川川先端
uori,uori
izuki (toneya),イズキ（トニーア）
sira (user dswn7488),シラ（ユーザーDSWN7488）
gorudazo,ゴルダゾ
meriibe,メリイベ
watori re,watori re
fujimaru arikui,藤野arikui
tsukimaru,津波
tsurugi ai (seikan hitchhiker),ツルギアイ（セイカンヒッチハイカー）
samuraig,サムライグ
sakkama,サッカマ
chikuwa (tikuwaumai ),チクワ（ティクワマイ）
s o i,s o i
fujii shino,藤井shino
shiya,shiya
wakahiko,ワカヒコ
cruel gz,残酷なGZ
shingo.,シンゴ。
pikao,ピカオ
baru (bar 0405),バル（バー0405）
meronshiroppu,メロンシロププ
kazanock,カザノック
engacyo (engacyo39800yen),Engacyo（Engacyo39800yen）
gorohati,ゴロハティ
ohizumi daisaku,ohizumi daisaku
mugika,ムギカ
goma tonbi,ゴマトンビ
tsukeo,ツケオ
stigmamyu,stigmamyu
pokeyugami,Pokeyugami
maku (wasabishock),マク（ワサビショック）
nekobox,nekobox
tanaka deshirittoru,田中デシリトル
blaze (blaze pso2),Blaze（BlazePSO2）
johssnny,Johssnny
yuuko24,ユウコ24
myurumyuru,myurumyuru
hatutaro,hatutaro
chariki,カリキ
rui (o-rui),rui（o-rui）
kanini,カニーニ
hisayaki kyuu,Hisayaki Kyuu
arugeri,アルゲリ
serious graphics,深刻なグラフィックス
yosakuh,ヨサク
mijinkouka,Mijinkouka
muya (uyamuya jj),ムヤ（uyamuya jj）
matsudora124,Matsudora124
mazel (mazel star),マゼル（マゼルスター）
zeroki (izuno),ゼロキ（イズノ）
katagawa mika,カタガワミカ
hiwa industry,ヒワ産業
uiokv,uiokv
moroes,モロス
cosmo (bousoup),cosmo（bousoup）
gods (1073337800),神々（1073337800）
mgmg 1012,MGMG 1012
parazan d,パラザンd
chako (chakoxxx),チャコ（chakoxxx）
jun (aoerm),6月（aoerm）
hiyoko daiou,hiyoko daiou
shimotsuki iko,Iko
riinu (ir-n),riinu（ir-n）
yuzuki n dash,Yuzuki n Dash
eternalspherex,EternalSpherex
misaki (1n1m),仏教（1n1m）
ayama yuiya,ayama Yuiya
koyama shigeto,小山shigeto
lotus (elico),ロータス（エリコ）
atom (@tom),Atom（@tom）
minu,ミヌ
fukui sora,福井ソラ
sgb,SGB
muuten,ムーテン
yunohito,ユノヒト
anoshabu,アノスフ
kaname (emanalc),Kaname（Emanalc）
takeakigaku,Takeakigaku
panikuru yuuto,パニクルユート
jungki dr,Jungki Dr
lyib,lyib
shirokaba114,shirokaba114
xiao ren,Xiao Ren
chabashira tatsukichi,タツチチチチチチチチ
fuzzamorous,ファザマー
sorashu,ソラシュ
maki (huran),マキ（フラン）
lux (alpa),ルクス（アルパ）
wakatsuki sana,ワカツキサナ
nishitsuki tsutomu,西ツチ・ツトム
uboar,uboar
guo582,GUO582
shimanoko,志子
tsuji,ツジ
hachi (orange),ハチ（オレンジ）
kanzuki yuu,カヌキユー
enoshito,エノシト
inugahora an,inugahora an
taigi akira,タイギ・アキラ
enaki (mtmti),エナキ（mtmti）
calnarsa,カルナーサ
kt,KT
kuroinu,クロイン
toadstool (natadekoko),ToadStool（Natadekoko）
sakurano,さくら
okia,オキア
katy (artist),ケイティ（アーティスト）
yuki tomoshi,ゆき・トモシ
kanimiso (juutilainen77),Kanimiso（juutilainen77）
sara666,SARA666
aka tonbo (lovetow),別名トンボ（Lovetow）
citolo,シトロ
winemvee,Winemvee
komipe512,Komipe512
karashi (asarikarasi),カラシ（アサリカラシ）
nayoung wooh,nayoungwooh
ysmmzr,ysmmzr
jisue10,jisue10
aino yumeri,アイノ・ユメリ
g li,G li
churi (oxxchurixxo),チュリ（oxxchurixxo）
ui (rot),UI（腐敗）
shiki hinako,shiki hinako
isora,イソラ
daikoku osamu,大井小屋オサム
satsumaimo pai,satsumaimo pai
umumu (pilcre),umumu（pilcre）
shoonia,shoonia
castella,カステラ
landel,ランデル
xuehua,Xuehua
cacn,CACN
nagoonimation,Nagoonimation
tsuiru,ツィル
isono satoshi,アイソノ・サトシ
go yasukuni,ヤスクニに行きます
nai (daiduolaoge),nai（daiduolaoge）
takamaru (taka1220),タカマル（タカ1220）
bosack,ボサック
pechi (peeechika),ペチ（ペイチカ）
purobe,purobe
nse,nse
kaminosaki,川島
slumcat,スラムキャット
manamitsu,マナミツ
prbili,prbili
deareditor,編集者様へ
sakura yuu (hzjy8485),さくらユウ（hzjy8485）
nukunuku (hinataboltuko),ヌクヌク（ヒナタボルトゥコ）
togashi (choco-bakama kitchen),orgashi（チョコバカマキッチン）
graham omega x,Gu-Rahamu Omega X
myamul,マイアム
poco.,ポコ。
sassakntm,sassakntm
aper,aper
mori toshimichi,モリトシミチ
absurd fox,不条理なキツネ
soluna (so lu na),ソルナ（ネル）
kanogawa hiro,漢川hiro
ooshiro youkou,Ooshiro Youkou
nekoge,ネコゲ
ame8desu,ame8desu
ling mou,リン・ムー
kumaneko (kumaneko1138),kumaneko（kumaneko1138）
ana (vvvvor),ana（vvvvor）
zelus,ゼラス
72 (nananatsu),72（ナナナツ）
tfqr,TFQR
cacomistle (artist),CACOMISTLE（アーティスト）
changpan hutao,チャンパン・フタオ
plaster (2501),石膏（2501）
kashi-k,Kashi-K
mek,メック
sakamoto masaru,坂本骨
vuipui,vuipui
luyheg,ルイヘグ
motu0505,MOTU0505
mappo m2,MAPPO M2
kabane (follabi),カバネ（フォレイビ）
ds (ndsl),DS（NDSL）
fujito (call f ),藤子（f）
yuu (plasm),Yuu（プラスム）
joy (cyber x heaven),喜び（サイバーx天国）
dolphenry,ドルフェンリー
blackjunk,ブラックジャンク
macaroni and cheese (artist),マカロニとチーズ（アーティスト）
urakata (uracata),ウラカタ（ウラカタ）
sk (sk-g),SK（sk-g）
yanngoto,ヤンゴト
michael-x,マイケル-X
aitanikofu,アイタニコフ
besthetz,Besthetz
p3ta (yio),p3ta（yio）
megabee e,メガビーe
kakiikada,カキカダ
kiyo (chaoschyan),キヨ（カオスチャン）
u2 (u2 85269),U2（U2 85269）
gomi (hakumaiteacher),ゴミ（hakumaiteacher）
yasaka (astray l),ヤサカ（迷ったl）
chiro (norishiro michiro),Chiro（Michirorishiro）
yeyuanqianqianqian,yeyuanqianqianqian
temoshi,テモシ
ichiya1115,ICHIYA1115
aosa (michikusakan),aosa（Michikusakan）
bencao gangmu (anquan sy),Bencao Gangmu（Anquan sy）
lumbbyz,lumbbyz
kizuki rei,キズキレイ
heke,ヘケ
kyattsu,京、
ale nqki,エールnqki
starstruckdon,StarStruckdon
crazypen,クラジペン
yuzuriha caruru,uya（Yurukah）
neon ui,ネオンUI
kawaniwa,カワニワ
pppppan,pppppan
mitsuki (toriaezu),ミツキ（トリアエズ）
taiga kazame,Taiga Kazame
pietani397,Pietani397
sakura yuuya,さくらユウヤ
kingbawoon,キングバウーン
ichi ka,一ka
hako reeema,ハコ・リーエマ
amezuku,アメジュク
tsuyuki (yukitgraph),ツユキ（ユキトグラフ）
yakusa,ヤクサ
pedocchi,pedocchi
onasuba,オナスバ
taguchi shouichi,丸藤師
moyo (amaniwa),モヨ（アマニワ）
lvl3toaster,lvl3toasters
fang zhenjun,牙ゼンジュン
miyakouji,ミヤコウジ
nero (nilu),ネロ（ニル）
huai diao de zongzi,Huai Diao de Zongzi
izurumi,イズルミ
iiiroha,iiiroha
hyuuga takashi,日向高橋
kanichiri,カニチリ
enne kl,Enne KL
chanms,チャンム
kong lang (skywave),コングラング（スカイウェーブ）
tashiromotoi,タシロモトイ
3838383,3838383
ayamiya fumi,ayamiya fumi
yasiromann,ヤシロマン
mamezou,Mamezou
murayamawataru,ムラヤマワタル
shimeko,Shimeko
aerlai,aerlai
matsura ichirou,松井・イチロウ
gia kon,Gia Kon
yagiushi (sinnpatilove),Yagiushi（Sinnpatilove）
hato moa,ハトモア
kz 609,KZ 609
haikimono shounen,俳人shounen
ip,IP
suegorou (mousou tokkyuu),suegorou（mousou tokkyuu）
qingchen (694757286),Qingchen（694757286）
morung,モアング
thegreyzen,TheGreyzen
chan sang,チャン・サン
chadol (okt8538),NAO（OKT8538）
kaburaya seiden,Kaburaya Seiden
hbb,HBB
climaxmukr,cimaxmukr
namgic,ナムジック
john joseco,ジョン・ホセコ
tamasan,タマサン
yakuri,ヤクリ
momigara (mmgrkmnk),Momigara（mmgrkmnk）
nagashiro rouge,ナガシロ・ルージュ
yusuki (fukumen),ユスキ（福山）
rosehip t72,ローズヒップT72
sawa (sawasaku),サワ（サワサク）
saka i hirokadu,サカ私はヒロカドゥ
neongun,ネオングン
mahdi,マフディ
ryan tien,ライアン・ティエン
jolaeng-i,jolaeng-i
geolim,Geolim
joeychen,ジョイチェン
koyuki (azumaya999),koyuki（azumaya999）
kemejiho,kemejiho
nanaminn,ナナミン
zui ai shuang mawei,Zui Ai Shuang Mawei
futa yami,futa yami
solarisu,ソラリス
hazuki mizuho,hazuki mizuho
a-na,a-na
keesuke (kkosyoku),keesuke（kkosyoku）
unory,unory
suyi-j,suyi-j
u4284g,U4284​​G
kanechi,カネチ
enka (bcat),エンカ（bcat）
platin (alios),プラチン（アリオス）
doran (dorannomai),ドーラン（ドーノマイ）
kurekore,Kurekore
mohya,モヒャ
algae (5455454541),藻類（5455454541）
yuushoku,ユウホク
hanakuso,漢uso
ishida kana,石田カナ
shiki (0802makimari),シキ（0802makimari）
siseru samurai,Siseru Samurai
ashfair,アシュフェア
fusataka shikibu,フサタカ・シキブ
tsukii,津波
hara kazuhiro,ハラ・カズヒロ
kuro minamo,クロ・ミナモ
hyuga zen,Hyuga Zen
odeclea,Odeclea
windfeathers,ウィンドフェザー
yuu (oosakazaijyuu),yuu（oosakazaijyuu）
dongqing zaozigao,dongqing zaozigao
my (iuogn4yu),私（iuogn4yu）
yuzuki yuno,ゆくユノ
coffeenougat 1985,Coffeenougat 1985
fukuso hilbert kuukan,Fukuso Hilbert Kuukan
chiha (abo ecm mk25),Chiha（ABO ECM MK25）
sama (sama24654684),SAMA（SAMA24654684）
hanami dango (zzldango),ハナミダンゴ（Zzldango）
mhg (hellma),MHG（ヘルマ）
miso (mimimiso),味o（mimimiso）
chiko (d04099),チコ（D04099）
iwaki kouji,岩上kouji
hiyori (nyatto),ヒヨリ（ニャート）
denkitori,デンキトリ
azuazuazu19,azuazuazu19
yayata (884),ヤヤタ（884）
mizuno (soutaman),ミズノ（スータマン）
f-tani,f-tani
nihudau,ニフダウ
konase (non stop!),Konase（停止しない！）
shokill,shokill
sunkilow,sunkilow
ogi (sham00),ogi（sham00）
dusty heaven,ほこりっぽい天国
niu illuminator,niuイルミネーター
laki,ラキ
yuupon,ユウポン
kaprice,カプリス
kazuto san,カズト・サン
gan balance,ガンバランス
inoue makito,井上マキト
aisora,アイソラ
shiwashiwa no kinchakubukuru,shiwashiwa no kinchakubukuru
miranko,ミランンコ
nemo (nameless920),nemo（nameless920）
nemuro nao,nemuro nao
imada kozue,イマーダ・コズエ
fujimon,フジモン
oohirakeisuke,oohirakeisuke
meracle,メラクル
riria (happy strawberry),リリア（ハッピーストロベリー）
ian dimas,イアン・ディマス
nazo no murasame chiaki,Nazo No Murasame Chiaki
suikyou (aqua cities),suikyou（アクアシティ）
mianbaoren,ミアンバオレン
shirousagi (sirousagi1998),shirousagi（sirousagi1998）
idle antics,アイドル和解
arutoria (187497382),Arutoria（187497382）
80yakky,80yakky
yami nabe,ヤミ・ナベ
two pokemon,2つのポケモン
dedeko,デデコ
ane hoshimaru,hoshimaru
nemigi tsukasa,nemigi tsukasa
cika k,CikaK
w-t,w-t
tekkai blade,テッカイブレード
sawa (sion 0d1m),sion 0d1m
ossan zabi 190,Ossan Zabi 190
vulcan (ejel2000),Vulcan（ejel2000）
takahashi keitarou,高橋keitarou
dawito,dawito
hyoshiki,Hyoshiki
nimori shimatsukasa,森理学
shuiro (frog-16),shuiro（frog-16）
sumibiya yasain,sumibiya yasain
cypher 05,サイファー05
asazuki kanai,かんっこ
chama kou,チャマ・コウ
kotone ranmaru,Kotone ranmaru
yu sa1126,Yu SA1126
tendo (zhazhatiantong),Tendo（Zhazhatiantong）
rezia,レジア
heinrich (fernanderuddle),ハインリッヒ（fernanderuddle）
byuura (sonofelice),Byuura（Sonofelice）
chung1000,chung1000
chiba yuriko,チバ・ユリコ
elvafirst,エルヴァフィアスト
hizaki gamma (artist),ヒザキガンマ（アーティスト）
kayoko (panchlora),カヨコ（パンチョーラ）
negura meru,ネグラ・メル
tyuraba,タイラバ
samayoi,サマヨイ
shosho oekaki,ショーショ・オカキ
hanabi (yuruneko0624),ハナビ（Yuruneko0624）
rokuon,ロクオン
tatsuri (forest penguin),タツリ（森林ペンギン）
kurafuji sachi,Kurafuji Sachi
karameru,カラメル
rohgun,ローガン
cete (controllingtime),CETE（コントロールタイム）
shirofugu,Shirofugu
you hashira,あなたはハシラです
shimashima nezumi,nezumi島島
karasu h,カラスh
craft-cs,Craft-CS
giwa,ジワ
hakutou (au pied),シロモモ
lian yao,リアン・ヤオ
yoriha yashiro,ヨリハヤシロ
nyarko,ニャルコ
ika (hinatu1992),イカ（hinatu1992）
twobee,2bee
yuki sizuku,ユキ・シズク
suzurino,スズリーノ
nemu (isaya),nemu（isaya）
ye banxian,wenfei ye
jn3,JN3
mmmgnsn,mmmgnsn
mahousho,マホーショ
tenton (henatyo),テントン（ヘナティヨ）
puppetjackmj,puppetjackmj
courreges accel,クールレッジアクセル
mo yu de jiaozi,Mo Yu de Jiaozi
hansode32,hansode32
ryu (17569823),ryu（17569823）
aeruusa,aeruusa
pagye,Pagye
reccu,reccu
kai1up,kai1up
chanifge,チャニフェ
kamuinii,kamuinii
negoya,ネゴヤ
inaais,ヤジュウラク
mokutan (link machine),モクタン（リンクマシン）
kabun (suzuna jct),Kabun（Suzuna JCT）
lingmuzi,Lingmuzi
rei (09991),レイ（09991）
shimazaki mari,島崎マリ
springveiv,Springveiv
baiwei er hao ji,Baiwei er hao ji
mizukoshi mayu,Mizukoshi Mayu
ka92,Ka92
hoshimiya mery,hoshimiya mery
hokkyoku hotaru,馬馬hotaru
epeulu (ate5424),epeulu（ate5424）
shacttainw,shacttainw
redeye (artist),Redeye（アーティスト）
tsukiiro,津波
fengyin shici guozi,Fengyin shici guozi
nonh (wormoftank),nonh（wormoftank）
hashimo yuki,ハシモ・ユキ
yuuki (yuuki333),ユウキ（ユキチル333）
fujioka toki,藤岡toki
qiuzhi huiyi,Qiuzhi huiyi
kaio (watagami),カイオ（ワタガミ）
cotta,コッタ
temutemutemu,Temutemutemu
uni (ieatpockey),Uni（Ieatpockey）
enfuku,エンフク
abe yasushi (umizoi tibet),Yasushi asushi（Umizoi Tibet）
wataro (watawatawatapon),ワタロ（ワタワタワタポン）
kosencha,コセンチャ
itsumi mita,itsumi mita
kurenai hanpen,クレナイ・ハンペン
gz (gzdteee),gz（gzdteee）
satori (ymoy),satori（ymoy）
qing yunyi,清ユニ
yasuto (eria151),ヤスト（eria151）
sanmian (chidarakeno),サンミアン（チダラケノ）
orrdriver,orrdriver
mebi il,Mebi Il
nekohane ryou,ネコハネ・リョウ
kokusan moyashi,コクサン・モヤシ
33bun3,33bun3
milky tea,ミルキーティー
banira (ri0115ka),バニラ（RI0115KA）
hiseki (tknkkm),hiseki（tknkkm）
u (lastcrime),u（lastcrime）
itoucon,itoucon
su34ma,su34ma
mihua mh,Mihua MH
usayoshi (touhopu2),Usayoshi（Touhopu2）
sumomo,sumomo
san mamiya,サンマミヤ
numera goomy,numeraグーミー
c.seryl,C.セリル
do2mi doreimi,do2mi doreimi
yurax-mae,Yurax-Mae
poifuru,ポイフル
mimori (cotton heart),ミモリ（コットンハート）
chivo (kalchivo),chivo（kalchivo）
linaria (ookinahitomi),リナリア（ookinahitomi）
suzunooto shirasu,Suzunooto Shirasu
bunta ru,Bunta ru
kaneda eiji,カネダ・エイ
raimone26,raimone26
ryuuzouji usagi,リュウゾウジ・ウサギ
demimond23,Demimond23
karita (kali lgk),カリタ（カリLGK）
akiae (hayj14),akiae（hayj14）
mizoreame,Mizoreame
ibuki hasu,イブキ・ハス
mai (t-5),マイ（T-5）
doku sasori,Doku Sasori
little mare,リトルマーレ
xong,xong
eichikei (hakuto),eichikei（hakuto）
run sho,shoを実行します
koma yoichi,コマヨイチ
695 (mukuko),695（ムクコ）
mugishima orie,ムギシマ・オリー
meno,メノ
silver tokki,シルバートッキ
hinase haruka,ヒナーゼ・ハルカ
lowah,lowah
nonohara nyorai,ノノハラ・ニョライ
nicca (kid nicca),Nicca（Kid Nicca）
itou satoshi,itou Satoshi
hinotama (hinotama422),hinotama（hinotama422）
roro (sghona10),ロロ（sghona10）
ensinen,エンシネン
hajime (kin'you club),ハジメ（kin'youクラブ）
haru (citron citron),ハル（シトロンシトロン）
nobutake (nobu0),nobutake（nobu0）
hoshino hitsuki,Hoshino Hitsuki
guriko (mossari),グルコ（モサリ）
mixflavor,Mixflavor
tane juu-gou,Tane Juu-gou
ultone (neisiss),ultone（neisiss）
yoma,ヨマ
roas01b,ROAS01B
ichiko (ichi),いちご（一ichi）
kitano yukito,さくらユヌート
harunagi,丸木
kazuhito (1245ss),カズヒト（1245SS）
miyar2d2,miyar2d2
zuihou de miao pa si,Zuihou de miao pa si
sakura inu,さくらinu
w.q.y,W.Q.Y
uxu,uxu
naohiro,ナオヒロ
morinaga korune,モリナガ・コルネ
akino ochiba,akino ochiba
yamamoto keiji,山本keiji
watanuki nao,ワタヌキナオ
kitahara aki,北野aki
amakawa akito,アマカワ・アキト
tomo ro,トモロ
yoshida (rodeo),吉田（ロデオ）
yuh,YUH
ink (303682546),インク（303682546）
kondoru,コンドル
emuchi,紋章
fujitaka (akasora),藤田（アカソラ）
toryuu,Toryuu
princess spirit,プリンセススピリット
sinad aruatjanapat,Sinad aruatjanapat
javier estrada,ハビエル・エストラダ
hellyon white,ヘルリオンホワイト
tomoshiki,トモシキ
syukonbu,シコンブ
nestea,ネスティ
shide kouri,クーリをシャイディ
konome noi,コノーム・ノイ
koyubi right,koyubi右
kokonoha mikage,ココノハ・ミカージ
milcona,ミルコナ
sugina fujitaka,藤田杉田
tanaka hitoriaruki,田中h
collair (cono),コレア（コノ）
soupchan,スープチャン
kan (pyy c12),Kan（Pyy C12）
cup6542,CUP6542
amagasa nadame,アマガサナダメ
popii (yuuta679),popii（yuuta679）
mootecky,ムーテッキー
furui suguri,フルイ・スーグリ
the boogie,ブギー
parubinko,パルビンコ
jinani,ジナニ
tenjou tsuki,Tenjou tsuki
yoshihara maito,吉原maito
future studio (artist),Future Studio（アーティスト）
yu (xcapriccioso),yu（xcapriccioso）
nakareki,ナカレキ
ueda yumehito,上野ユメトー
naji yanagida,ヤナギダナジ
akina422,akina422
odoc,ODOC
zukapin,ズカピン
onsen mikan,Onsen Mikan
matsukaze yukiji,松下ゆけ
rakugaki suruhito,rakugaki suruhito
yoshiharu,ヨシハル
dou tanuki,ドゥータヌキ
sam desu,サムデス
tennosuke (tejons),tennosuke（テホンズ）
whoareuu,whoareuu
teinba,テインバ
heartbee,ハートビー
moi2m3,moi2m3
tatsukisan,タツキサン
ahedtra,ahedtra
hiruno ushiro,hiruno ushiro
tsukamoto takashi,津波高橋
kisaragi yuki,キサラギユキ
tk (takotsuboya),TK（Takotsuboya）
overine19,Overine19
agachi (shunya12300724),アガチ（shunya12300724）
kazushiki midori,カズシキ・ミドリ
akae neo,Akae neo
zoe (crownsforkings),ゾーイ（クラウンフォーキング）
kani onigiri (shottare),kani onigiri（shottare）
kei-chan (atlas kei),kei-chan（atlas kei）
kurimilove,Kurimilove
sumiosmith,スミオミス
nendoroya,ネンドロヤ
uri uri,ウリウリ
noppo-san,noppo-san
nikitan (niki),ニキタン（ニキ）
kiasa,キアサ
mamorunokoto,マモロノコト
moyashi koubou,モヤシ・コウボー
drias,ドリア
ju-ok,ju-ok
kusanagi koyori,達子川
k164,K164
gias-ex-machella,Gias-Ex-Machella
grouse01,Grouse01
fallen-leaves,落ち葉
washizuka shou,洗濯青shou
mia (39565899),MIA（39565899）
kouichirou,Kouichirou
kurosawa itsuki,黒崎itsu
sunomono,スノモノ
kimigabuchi,キミガブチ
mori marimo,森マリモ
airi rei,Airi rei
torla16,TORLA16
karube guri,Karube Guri
yokoi rego,ヨコイレゴ
nekoinu bamboo,ネコイン竹
koyaya,コヤヤ
asahi (ge nyu),アサヒ（ge nyu）
appas,appas
shinkai no shachi,シンカイはシャチです
zion,ザイオン
nonone (the9thxsheep),NonOne（The9ThXSheep）
mizore akihiro,ミゾア・アキヒロ
mofun,モフン
gatchu,ガッチュ
menokonome,メノコノーム
toe gojuu,つま先gojuu
moromoro 0p0,モロモロ0P0
g.yamamoto,G.yamamoto
kasukabe tarou,カスカベタロウ
she li (lynxm),彼女はli（lynxm）
maroppe,マロッペ
harigane mutsumi (harigane623),Harigane Mutsumi（Harigane623）
shenhai (2556146833),シェンハイ（2556146833）
hajime (gitoriokawaii),ハジメ（gitoriokawaii）
akr et,Akr et
unizo,ユニソ
numi (sin),numi（sin）
oyashimakanya,oyashimakanya
rody (hayama yuu),ロディ（ハヤマユー）
hangetsuban sonshou,Hangetsuban Sonshou
manna (pixiv8805037),マナ（PIXIV8805037）
natsukimonou,ヌツキモノウ
wamawmwm,wamawmwm
rroar8,RROAR8
viria13,Viria13
hoshino lala,Hoshino Lala
takaya tomohide,高山トモヒド
tani (tanidesuyo),タニ（タニデュヨ）
star-kiss,スターキス
yomitrooper,ヨミトルーパー
langlang,ラングラン
maou skun,Maou Skun
ukero,ウケロ
tsukinon,ツキノン
dancho (danch),ダンチョ（ダンチ）
yasai yuuki,ヤサイユーキ
nozu (thukuhuku),魚（三uhuku）
shima riu,シマリウ
nekokan masshigura,ネコカン・マスヒグラ
piyo,ピヨ
tko (kkk66),TKO（KKK66）
ill (0022),病気（0022）
nakonako,ナコナコ
ziogon,ZIOGON
nyoron (fudegatana),ニョロン（フデガタナ）
demio,デミオ
zukaketawagase,Zukaketawagase
binzoko megane (san-inch),ビンゾコ・メガン（サンインチ）
nooca,nooca
neziren14,Neziren14
frankseven,フランクセブン
yomotsuka tsukasa,Yomotsuka Tsukasa
goji (five clock),ゴジ（5時計）
viktorf,Viktorf
jabittoson,ジャビトソン
zhou yu (ppaaqz1995),Zhou Yu（ppaaqz1995）
hane (15188414),ハーン（15188414）
nefrubi,ネフルビ
kannagi tsukasa,カンナギ・ツカサ
fujifuji924,fujifuji924
takatou suzunosuke,鈴木高地
kinakonato,キナコナート
ki min-woo,ki min-woo
whitewill,ホワイトウィル
cirrika,Cirrika
yamashita kurowo,ヤマシタ・クロウォ
squeaky (artist),きしむ（アーティスト）
worthlessvalor,価値のないバリール
hiroshi (2443303124),ヒロシ（2443303124）
locksuke,ロックケ
dorowa (drawerslove),ドロワ（引き出しlove）
tiger rmn,タイガーRMN
darlsdraws,リナロハス
mita ryuusuke,Mita ryuusuke
unagi189,unagi189
magni (mf021405),拡大します
mottirimuttiri,モッティリムチリ
yasutake,Yasutake
tamaki mitsune,Tamaki Mitsun
temari maco,Temari Maco
ririri (user rkrv7838),ririri（ユーザーrkrv7838）
dededeteiu,dededeteiu
pikumin,ピクミン
ginnote,ジノート
hoshiyume yashiro,hoshiyume yashiro
nene (10575936),ネネ（10575936）
hinoya,hinoya
nullhachi,ヌルハチ
meng xiao jiong,Meng Xiao Jiong
dconan owo,dconan owo
tamori tadaji,タモリ・タダジ
tonan leopard,トナン・ヒョウ
jun'you maru,jun'you maru
jerry3912,Jerry3912
mayhem art,メイヘムアート
paleatus,leatus
nakamura tatsunori,中村tatsunori
komiyam a,コミヤムa
xing muhen,Xing Muhen
micchamu,Micchamu
haruka poi,Haruka Poi
salovesy,Salovesy
amagase lyle,アマガーゼライル
aya tori,aya tori
korpokkur kne,korpokkur kne
grey asa,灰色のasa
hanzo (2929),ハンツォ（2929）
black soldier,黒人兵士
fumotono mikoto,Fumotono Mikoto
finaltakenoko,finaltakenoko
kanata (kanata onion),カナタ（カナタオニオン）
k.blank,K.blank
moro (like the gale!),モロ（ゲールのように！）
kaiman,カイマン
nakasima-syouta,中asima-syouta
umitsubame,umitsubame
shinoe nun,シノーナン
drowzzi,ドロージ
suzuki rui,スズキ・ルイ
teru sakura,Teru Sakura
mr h.l.,H.L.
jlien-,jlien-
ori (yellow duckling),オリ（黄色のアヒル）
kago (htpxr),カゴ（htpxr）
yi yu,yi yu
sou tamae,sou tamae
cyaca ab,Cyaca AB
takuyasaeki,タクヤサキ
ltotyht,ltotyht
nozarashi satoru,大沢satoru
tanu,タヌ
laphy,ラフィ
akanako,アカナコ
yp (pypy 5 ),YP（Pypy 5）
koro (tyunnkoro0902),Koro（Tyunnkoro0902）
hijiki meshi,ヒジキメシ
umino haruka (harukaumino6),Umino Haruka（Harukaumino6）
iwanishi,岩子
asagiri kogen,アサギリ・コゲン
rurikoke,ルリコケ
shiohana,シオハナ
houshiruri,houshiruri
zorzero,ゾルゼロ
ryu3224,Ryu3224
pisapipi,ピサピピ
komeko meko (mecolate),Komeko Meko（メコレート）
sibelurabbi,Sibelurabbi
bokuso,Bokuso
daisx (dais0115),daisx（dais0115）
qoom,qoom
azuki (lizzy),アズキ（リジー）
ichihara2929,一方的に2929
nuko miruku,ヌコ・ミルク
arihara ema,アリハラ・エマ
mamoru mikokoro,Mamomu Mikokoro
motoi (spieler),モトイ（スピエラー）
hotaruika niji,hotaruika niji
eon (greencastle),eon（greencastle）
badamon,バダモン
kaze fukeba nanashi,kaze fukeba nanashi
shirano,シラノ
giorgio claes,ジョルジオ・クローズ
azuman,アズマン
naokado,naokado
suzuhane suzu,スズハネ・スズ
yuu (yu0221f),yuu（yu0221f）
ryushin,ryushin
baba kanade,ババ・カナデ
oda koziki,oda koziki
xaxak,xaxak
ayuhara hiiro,ayuhara hiiro
ore no kome,鉱石はありません
heiseikorotaisei,heiseikorotaisei
furururu,フルル
io enishi,イオ・エニシ
suisui again,再びスイズイ
daxz240r,DAXZ240R
ruma imaginary,Ruma Imaginary
merryj,メリー
oroshipon zu,Oroshipon Zu
g.t,G.T
sindre,シンドル
kasuteru,kasuteru
joutai ijou (doku),ネコカン・ネコカン
mizuno (iori-amu),ミズノ（iori-amu）
asuda,asuda
soraizumi,ソラズミ
yakusuke,Yakusuke
kusano kouichi,Kusano kouichi
daiki,ダイキ
osomatsu (nanameno),大us（ナナメノ）
tama (speedgrapher),タマ（speedgrapher）
kurohikage,クロヒケージ
paji,パジ
kiiroi tamago,Kiiroi Tamago
kawaoka sachio,川川サチオ
jonathan h,ジョナサンh
moshoko (mizuneroku),モシココ（ミズネロク）
eiji,エイジ
mitosa,ミトサ
mot,Mot
sakurazari hotori,サクラザリ・ホトリ
t2,T2
noriheita,noriheita
kagalin,カガリン
gedou danshaku,Gedou Danshaku
kakashichi,カカシチ
metalwasabi,メタルワサビ
genda,ジェンダ
doctor zexxck,ZEXXCK博士
yoshimura kentaro,吉村kentaro
shougi (116),shougi（116）
tsubaki (tsubakiyasan),ツバキ（ツバキヤサン）
memai,メマ
mukkun,ムックン
kaekae,Kaekae
momosuke (ishakry),桃楽（イザクリー）
shiwasuzuki,Shiwasuzuki
menma kozo,メンマ・コゾ
toriumi itachi,桃山大omu
kutta,クッタ
beegle,beegle
hekiten,ヘキテン
nishikiori jin,ニシキオリ・ジン
kumeta kouji,Kumeta Kouji
stone (shirokanipe ranran),石（シロカニペ・ランラン）
maetaku,マエタク
daro,ダロ
nemachi,ネマチ
zanunoneko,Zanunoneko
yotsura,ヨツラ
koharu1807,Koharu1807
jelly (sqshiijelly),白無地
hanakoizumi yoruno,林のヨルノ
by spoon,スプーンで
hmng,hmng
akatsuki rabbit,アカツキラビット
lotpi,lotpi
initsukkii,initsukkii
hellk111,Hellk111
geru (shigeru13 pm),chengzhineixihuanxiaogou
sukly,スクリー
72yan,72yan
dai nikucho,ダイニクチョ
tenkasu (aster4545),Tenkasu（Aster4545）
ian samson,イアン・サムソン
chinbotsu,チンボツ
ozyasadayo,オジャサダヨ
miko no kamiko,ミコノカミコ
porikeracchou,Porikeracchou
naruse,ナルーゼ
mitz vah,マッカム
pablo uchida,パブロ・ウチダ
ayakadegozans,ayakadegozans
sudhiro sappurisa,Sudhiro Sappurisa
sora-bozu,ソラボズ
qingjiao rou si,Qingjiao rou si
kazto furuya,カズトフルヤ
drop.b,drop.b
hagiwara kazushi,Hagiwara kazushi
mosu2,MOSU2
komiya yuuta,コミヤユタ
jumping dogeza,ジャンプドゲザ
ya.yu.,Ya.yu.
nise pakuman-san,Nise Pakuman-San
shikishima fugen,清島fugen
tawasiupa,タワシウパ
borubikku,ボルビクク
oywj,oywj
suimame,suimame
sakeno rarukan,サケノ・ラルカン
yet you,それでもあなた
chuuko anpu,チュウコアンプ
kuro ari (pixiv 238822),Kuro Ari（Pixiv）
kive,kive
ryo chimo,リョチモ
shinobe,忍
anonymous (nijisanji),匿名（nijisanji）
iori 4kagetsu,IORI 4KAGETSU
misono chiaki,Misono Chiaki
kanoe (kanoe502),kanoe（kanoe502）
miyama leaves,宮田は去ります
tamon ketsuyuki,タモン・ケツユキ
mon (manarestra),月（マナレストラ）
niu ju (orange bull),niu ju（オレンジ色の雄牛）
eru daydream,Eru Daydream
k041800,K041800
ttusee5,ttusee5
payu (pyms11),Payu（Pyms11）
yuriko2755,Yuriko2755
reborns,生まれ変わった
harry (namayake),ハリー（namayake）
sushisalmon95,Sushisalmon95
maruhachi (maruhachi record),マルハチ（マルハチの記録）
kurosteel ds,Kurosteel DS
niyasuke (yama),niyasuke（ヤマ）
antiquewhite,antiquewhite
circlek,circlek
yamachi (xadp7533),ヤマチ（XADP7533）
susutouka,susuka
chikuwabu (yokowokazuaki),チクワブ（ヨコホカズアキ）
kilalesi,キラレシ
mahoubin (totemo hot dayo),マホウビン（トーモホットダヨ）
mochi hanpen,モチ・ハンペン
karashi (tou gara shi),Karashi（Tou Gara Shi）
isakawa megumi,白川g
doinaka,ドイナカ
josh corpuz,ジョシュ・コーポス
manmi,マンミ
cafemoka-septro,カフェモカ - セプロ
xiin,xiin
saon101,saon101
hpapo,hpapo
shippitsu,靴下
mz (yeye ai chipao mian),MZ（Yeye Ai Chipao Mian）
akira kira,アキラ・キラ
kuromori (1010845110),クロモリ（1010845110）
kise (swimmt),Kise（Swimmt）
z.s.w.,Z.S.W.
yajirushi kaku,Yajirushi Kaku
yumyum,Yumyum
tofu (tofulabo),豆腐（豆腐）
crmanzana,crmanzana
yuncha,Yuncha
ziko,ジコ
kurobe sclock,Kurobe Sclock
mazakura senju,マザクラセンジュ
otani (gloria),オタニ（グロリア）
weedhollow (dokuran),weedhollow（dokuran）
lemonpear,レモンピア
urikurage,urikurage
inunekostudio,inunekostudio
jiliang jiying yumao,jiliang jiing Yumao
bone (stare),骨（凝視）
sayuumigi,Sayuumigi
yukiusagi1983,Yukiusagi1983
fu (tk1189227dhy),fu（tk1189227dhy）
izumo ayuka,Izumo ayuka
highena,ハイエナ
yuuk33,Yuuk33
morikawa (futomayu),森川（futomayu）
qie,Qie
merellyne,メレルリン
rabittofaa,rabittofaa
kurumi kobayashi,小川黒山
zero (ray 0805),ゼロ（レイ0805）
natsumi kei,ナツミケイ
lio (tsukuyomi-tei),lio（tsukuyomi-tei）
hoshikawa (hoshikawa gusuku),ホシカワ（hoshikawa gusuku）
psyche oreca,サイケオレカ
mightyhonk,Mightyhonk
nameta neko,Nameta Neko
suika (suika-dokei),柔道（suika-dokei）
rai (rai-s),ライ（rai-s）
kyonta,キョンタ
nari (narikashi),ナリ（ナリカシ）
zhenlin,ゼンリン
miji doujing daile,ミジ・ドゥージング・デイレ
wu-qiao,ウーキアオ
inahori,イナホリ
yani (nokori life1),ヤニ（nokori life1）
meso-meso,メソメソ
kajiji,カジジ
tatsuwo,タツボ
mashu (masyu ut),マシュ（Masyu UT）
ebr-kii,ebr-kii
masollyn,マソリン
alf874,ALF874
sou ryuu,sou ryuu
karla (kimidori3),カーラ（kimidori3）
nuko-d,ヌコ-D
ashleyloob,アシュリールーブ
chagu,チャグ
myu (neorosi),myu（neorosi）
sanuki (zigzagflamberge),Sanuki（Zigzagflamberge）
kumatoshi,クマトシ
goton goton,ゴトン・ゴトン
hatopoo (beach7pijon),hatopoo（beach7pijon）
miyakura shiiha,ミヤクラ・シア
sara bon,サラボン
mizu (dl7613),Mizu（DL7613）
kuz,Kuz
ahn,アン
daitai sotogawa (futomomo),Daitai Sotogawa（Futomomo）
gunba (5meters),ガンバ（5メートル）
aji kosugi,kosugi aji
hisakawa sora,渡川sora
sizuka (takuma0),Sizuka（Takuma0）
chilli 646,チリ646
ooshima aki,Ooshima Aki
roki (307033),roki（307033）
nyc,NYC
donaldakron,ドナルドクロン
aura (a440),オーラ（A440）
radical highway,ラジカルハイウェイ
frenchthenhen,フランス人
agu (antyosan),Agu（antyosan）
k-mame,k-mame
kuromitsu maria,紅マリア
drachea rannak,Drachea Rannak
wei li,wei li
hinohoshi ataru,hinohoshi ataru
csy,CSY
namerakaweb,Namerakaweb
st.microscope,St.Microscope
spiceg,Spiceg
kohaku (kohagura),Kohaku（Kohagura）
aizawa85,Aizawa85
kenji (8zidayo),ケンジ（8zidayo）
kizaki aoi,kizaki aoi
720 72,720 72
shouyan,ショーヤン
vchan,vchan
chibitan,キビタン
notinversion,notinversion
wasa (wanosabi),ワサ（ワノサビ）
ichinana (dametetujin17),イチナナ（dametetujin17）
imachi (staccato squirrel),イマチ（スタッカートリス）
maruta kentarou,Maruta Kentarou
minami haruya,ミナミハルヤ
kumashou (nabeyama kaidou),Kumashou（Nabeyama Kaidou）
tyranu,ティラヌ
tomboo,トムブー
yoka1chi,ヨカ1chi
kkaags,Kkaags
dande cat,ダンデキャット
oomiya io,oomiya io
ark ford,アークフォード
suzuki yui,鈴木ユイ
muhamado,ムハマド
bebseo,bebseo
yammy,ヤミー
hina (bird salty),ヒナ（鳥の塩辛い）
suketoudara (artist),Suketoudara（アーティスト）
jingle (mhb729),Jingle（MHB729）
banajune,バナジュン
alien (psr992),エイリアン（PSR992）
ashita wa hitsuji,ashita wa hitsuji
hoshi no gen,hoshi no gen
megarisu,メガリス
souko souji,スコ・スウジ
sanso,サンソ
sinohira rin,シノヒラ・リン
yasuda,ヤスダ
kotokoto (jumon),コトコト（ジュモン）
penki,ペンキ
yu (bkks),yu（bkks）
tsuji yuzu,ツジ・ユズ
kouchou,クチョウ
fujimura (marina),藤村（マリーナ）
sebire,sebire
takashi (calla),高橋（カラ）
yuxyon,Yuxyon
ats (ats2nd),ATS（ATS2nd）
isago (ica),イザゴ（ICA）
wanao,ワナオ
urokoda,ウロコダ
alc (ex2 lv),ALC（EX2 LV）
yukki (rffcq251),Yukki（rffcq251）
jontxu,ジョントク
wickellia,ウィッキリア
lynxgriffin,lynxgriffin
ash (pixiv53802),灰（pixiv53802）
hizaki ryuuta,ヒザキ・リウタ
cycloneyukari,Cycloneyukari
misaki yuu (misaki 1192),ミサキユー（ミサキ1192）
raikou104,raikou104
mikazuki shigure,ミカズキシギュア
itome (funori1),itome（funori1）
yori (y rsy),ヨリ（y rsy）
raymon,レイモン
ann (ann58533111),アン（ann58533111）
yukimimi,ユキミミ
dadami,ダダミ
tano,タノ
asa inu,asa inu
guratan,グルタン
hinemaru,hinemaru
zhao (pixiv12947327),zhao（pixiv12947327）
mugiccha2,Mugiccha2
syaha,Syaha
red seiryu,レッド・セリウ
hukii,hukii
coffgirl,coffgirl
erulusyro,エルルシロ
sei (seiryuuden),sei（seiryuuden）
ninjinshiru,忍者
kurosabi neko,黒崎ネコ
roxy rex,ロキシー・レックス
rgrey00,rgrey00
letro,レトロ
ruuen rouga,ルーエン・ルーガ
adcd,ADCD
aplche,Aplche
katagiri atsuko,カタギリ・アツコ
haruna miyabi,ハルナ・ミヤビ
namikishiho,namikishiho
zinpati,zinpati
potiri02,potiri02
hanasaki coa,花崎COA
e neko,e neko
zefyu,Zefyu
kinoko (shikimylove),kinoko（shikimylove）
cyde,サイド
infini,インフィニ
kikkaiki,キッカイキ
robin16,robin16
refla,リフラ
hamu 767,HAMU 767
tsukumo nikyu,ツクモ・ニキウ
ma-hain-scarlet,ma-hain-scarlet
tyotto ko i,Tyotto Ko i
ichizon,イチゾン
samemanma,サメマンマ
keli bang,ケリバン
eunram,eunram
fjt (fjym2),fjt（fjym2）
gin daikon,ジン・ダイコン
youzu (youzuyozu),youzu（youzuyozu）
mouri kazuaki,Mouri kazuaki
cottone (highjethoo),コットン（highjethoo）
hanabi (byhanabi),furisode（pixilvina）
zukki0731,Zukki0731
mafuyu hemp,マフユ麻
nabana,ナバナ
komugi (mugiwaraclub),コムギ（ムギワラクラブ）
mishima psycho,ミシマサイコ
rollingstonex6,RollingStonex6
warumono tomii,ワルモノ・トミイ
aru aru,Aru Aru
misago (525),ミサゴ（525）
petag2,PETAG2
rib (rib delesetong),rib rib（rib rib delesetong）
gaoyang ou nisang,Gaoyang ou nisang
oprince,オプリンス
kikka (kicca choco),キッカ（キッカチョコ）
mian li,ミアン・リー
tsukikaze aki,ツキカゼアキ
shabomu,シャボム
yoyoyoyou,Yoyoyou
kyan-dog,kyan-dog
tonbidou,トンビドウ
fujiwara hisashi,藤原hisashi
wishbone,ウィッシュボーン
pydiyudie,Pydiyudie
harusame tsubaki,ハルサメ・ツバキ
morokoshitaroh,モロコシタロ
nikumeron,ニクメロン
na222222,NA222222
ace akira,エース・アキラ
gao (naodayo),gao（naodayo）
erty113,ERTY113
fuyutsuki asuto,ゆがんと小道
hyshirey,Hyshirey
ewokaku kitsune,Ewokaku Kitsune
happycloud,HappyCloud
rouchi (r0uchi),リチ（ルーチ）
miramu (ramu450471),ミラム（Ramu450471）
jiete,Jiete
onsen nakaya,Onsen Nakaya
hanamura mai,漢村マイ
aratagawa nikei,aratagawa nikei
picocopi,ピココピ
cervina,セルビナ
lightofheaven,天の光
kuroneko shiro,クロネコ・シロ
greyface,グレイフェイス
fenrirr,fenrirr
kitou kaitai,Kitou Kaitai
fal (falketto),ファル（ファルケット）
nishisan (mikurosu),ニシャン（ミクロス）
kotamaru (pajama soft),コタマル（パジャマソフト）
dokka no kuni no kokuou,dokka no kuni no kokuou
akagiakemi,アカイアケミ
jellen aura,ジェレンオーラ
ebi-rom,ebi-rom
foxxarius,foxxarius
minobu jentoru,Minobu Jentoru
mugipot,マギポット
kukua (mosushi),ククア（モスシ）
higashitani fumito,ヒガシタニ・フミト
shirushiru (saitou888),shirushiru（saitou888）
sasahara natsuki (val bi ole),佐々木ナツキ（ヴァルビル）
yukimichi (nieko),ユキミチ（ニエコ）
cutepet,キューティーペット
n36hoko,N36hoko
gigawix,ギガウィックス
chun 1234567,Chun 1234567
amanoyayuki,アマノヤユキ
totallyiryanic,完全にリヤニック
suzuna (najaran),スズナ（ナジャラン）
kurone,クロン
dyne gallon,ダインガロン
bijian de linghun,ビジャン・デ・リンフン
qi yuan zhi yu,Qi Yuan Zhi Yu
rakusai (saisai garou),rakusai（saisai garou）
amo takumi,賛美
ka ei volltis,Ka Ei Volltis
jhcoon,Chyopeuteu
shu (pjxv7485),shu（pjxv7485）
syuuen,syuuen
ekusa takahito,エクサ・タカヒト
araragi soushi,アララギ・スウィ
tabetai omochi,Tabetai Omochi
satou (su9arsatou),佐藤（su9arsatou）
karekusa meronu,カレクサ・メロン
torasigure,torasigure
orihalchon,オリハルコン
jnsdh,jnsdh
tansug (tansuk88),Tansug（Tansuk88）
kuroiwa cookie,クロイワクッキー
hitopm,hitopm
motocross saito,モトクロス・サイート
morisoba (silent hill),モリソバ（サイレントヒル）
funkysatou,funkysatou
hei chuan gui,hei chuan gui
munuko,ムヌコ
feng ling (fenglingwulukong),Feng Ling（Fenglingwulukong）
hosoinogarou,ホソノガロウ
sena monaco,セナ・モナコ
dairin,メイジ（335656）
shinka (yonkun121),シンカ（Yonkun121）
benbe,ベンベ
wolla,ウォラ
hatoichi reno,hatoichi reno
bloodcandy,ブラッドキャンディ
coraman,コラマン
nagami tami,ナガミタミ
kaz (shade),カズ（日陰）
tumtumisu,Tumtumisu
emu (losspass),emu（losspass）
tthal,Tthal
nima (nimamann),ニマ（ニママン）
dangmyo,ダンミオ
remotarou,Remotarou
joshua (tubie),ジョシュア（チュービー）
suzushika (13 96),スズシカ（13 96）
tanono,タノノ
takeluuu,タケルー
arai kei,アライ・ケイ
kazuki kan,カズキ・カン
umebayashi saki,梅山佐藤
tsunekawa niwasuke,ツネカワ・ニワスケ
ga015,GA015
kei (fortune),ケイ（幸運）
kiyomasa ren,キヨマサレン
ikkei dou,イッケイ・ドゥ
tenji,テンジ
tsukinowa kumatarou,ツキノワ・クマタロウ
izumi kikaku,イズミキカク
ooyama bokuchi,うましてbokuchi
dot r,ドットr
kojirou!,コジロウ！
ishiwari,石白
nanase (ribonshitoron),ナナーゼ（リボンシトロン）
l aciel,l aciel
nullpooo,nullpooo
fuji-k,fuji-k
habuki,ハブキ
lfacras,lfacras
akiyama kenta,秋山ケンタ
madanai (morisumeshi),マダナイ（morisumeshi）
loup,ループ
toki/,トキ/
kusariuta,クサリウタ
sanagi (diohazard),サナギ（ディオハザード）
akihila,アキヒラ
ninniku mashimashi,Ninniku Mashimashi
gougoku,グゴク
barachan,バラチャン
96tuki,96tuki
x6suke,x6suke
dinikee,ディニケ
marui maru,マルイ・マル
chaya mago,チャヤ・マゴ
azuri909,azuri909
kunai uri,クナイ・ウリ
yuge (yuge bakuhatsu),Yuge（Yuge bakuhatsu）
gomesu (gomes0343),gomesu（gomes0343）
aonagi ibane,aonagi Ibane
fujigakubou,Fujigakubou
hoshibudou,Hoshibudou
crymsie,クリムジー
adworse,Adworse
chuunenpi,Chuunenpi
sowamame,sowamame
banonefans,バノネファン
torokeru none,トロケルなし
huazha01,Huazha01
sennen suisei,Sennen Suisei
manaka (gunjooou),Manaka（Gunjooou）
deavor lover,Deavor Lover
hn (honyori ta),HN（Honyori TA）
totteri,トッテリ
kon (kdash),Kon（Kdash）
tarumaru,タルマル
iwasaki kouji,岩崎kouji
morujii,モルジ
mao (alepricos),マオ（アレプリコス）
jean-louis (yuasa rengou),Jean-Louis（YuasaRengou）
noppo (tarstation),ノッポ（タールステーション）
yomos gara,Yomusugara（uzo-muzo）
sakuma hiragi,サクマ・ヒラギ
1 mutsuki,1ムツキ
shoura,shoura
same 2009,同じ2009年
delux drawings,デラックス図
imoichi,イモチ
yan lie,ヤン・リー
skyfiss,Skyfiss
ocha (oteaaa),ocha（oteaaa）
mayuge inu,メイゲイン
yukirin (nagatoyuki ibukifuko),ユキリン（ナガトユキ・イブキフコ）
kisaragi yakumo,ヤクモイサラギ
ao (time-leap),AO（タイムルアップ）
asu hare,ASU Hare
k-takano,Kタカノ
sokka (kbs),ソッカ（KBS）
pekanpeka,ペカンペカ
unachika,Unachika
yaruky,ヤルキー
nekoemonn,ネコモン
nashikajyu,タコジル
mita kurumi,Mita Kurumi
jomae gen,Jomae Gen
sato (sato 1 11),佐藤（佐藤1 11）
siku199,Siku199
p (p25234112),P（P25234112）
mikaelya (voice actor),ミカリヤ（声優）
kurohitsuji lim,黒tujiリム
mio (fastest lap),Mio（最速ラップ）
akafuku pukoemon,アカフク・プコモン
mprichin,mprichin
chill ykon,寒いイコン
10mk,10mk
noda (yncoon),noda（yncoon）
chon (klliaytong),chon（klliaytong）
jaenbba,Jaenbba
hoshitetsu ringo,Hoshitetsu Ringo
rima (rimarip),リマ（リマリップ）
itohime,itohime
szzz k,szzz k
himey,ヒマイ
aono 99,aono 99
washu junkyu,Washu Junkyu
kawamura takayasu,川村高山
naguramu,ナグラム
ro risu,ro risu
mc copycat,Simekirikowai
me meel,私のミール
binu (nadenade),ビヌ（ナデナード）
kutsugen kanna (mikouken),Kutsugen Kanna（Mikouken）
komiya harumoto,Komiya Harumoto
inosia,イノシア
urara (himitsu kamitu),ウララ（kamituhimitsu）
sira,シラ
vanilla (v-palace),バニラ（Vパレース）
momoshiro amano (artist),震え
sayuuiede,Sayuiede
hayame (m ayame),hayame（m ayame）
jody know-grow-help,Jody know-grow-help
fuusen neko,Fuusen neko
kiichirou,キチルー
a4 paper,エンデンド（シニア）
nyctea snow,Nyctea Snow
remoyona,レモヨナ
ille (xcpa7325),Ille（XCPA7325）
momo walnut,モモウォルナット
yupachu,YUPACHU
showers-u,シャワー-U
merryhachi,メリーハチ
ryao,リアオ
sakuraba (cerisier x),サクラバ（cerisier x）
sanada ikki,サナダ・イッキ
pikiru,ピキル
maikeru (dk maikel),Maikeru（DK Maikel）
leoheart,レオハート
pi (zcvj3588),pi（zcvj3588）
san sami,サンサミ
towa rui (artist),Towa Rui（アーティスト）
ribbonsnek,Ribbonsnek
ex saki,元サキ
kagi,カギ
yuui1994,Yuui1994
pul (gks569),パル（GKS569）
kit (studio),キット（スタジオ）
eeeeeiti aka,eeeeeiti別名
asano kazunari,Asano Kazunari
nosuta,ノスタ
yakisoba (kaz2113),ヤキソバ（kaz2113）
hiiro (coinxtossxdive),hiiro（coinxtossxdive）
xoaiu,xoaiu
buu (buu02),buu（buu02）
notoro,Notoro
hopper,ホッパー
juby,ジュビー
xiongbingbisata,XIONGBINGBISATA
kandori makoto,カンドリ・マコト
honnou (kjs9504),Honnou（KJS9504）
toujou masateru,Toujou Masateru
naoya (naoya ee),naoya（naoya ee）
tufang,Tufang
ugetsu (chimere/marie),Ugetsu（Chimere/Marie）
gosama,ゴサマ
darandy,ダランディ
sobamushi mo,ソバムシmo
rimamo,リマモ
hii (hii101),hii（hii101）
akayan,アカヤン
victor (tama e akira),ビクター（タマ・エキラ）
kk90,KK90
333 (pixiv8601259),333（pixiv8601259）
wu yao jun,ウー・ヤオ・ジュン
vafar7,VAFAR7
nibelart,ニーベラート
igo miku,イゴミク
itsuki (s2 129),itsuki（S2 129）
takumi11,Takumi11
suzu (suzuame329),スズ（suzuame329）
ennui orz,ennui orz
akairo no mako,Akairo no mako
ono (0 no),小野（0いいえ）
7ban,7ban
kanata (mizubenisumutori),kanata（mizubenisumutori）
hisa tsuki,ヒサ・ツキ
toudou (dolce),Toudou（ドルチェ）
level.21,レベル21
vanilla (nicolla),バニラ（ニコラ）
sakurai tamako,さくらタマコ
enami (e373),エナミ（E373）
chenbo,チェンボ
aida mai,アイーダマイ
neri sachiko,ネリ・サチコ
yof (sc gazer),Yof（SC Gazer）
meer rowe,Meer Rowe
wanotsuku,ワノツク
tacch,tacch
uruc,ウルック
haiperion buzan,Haiperion Buzan
nyarumi,ニャルミ
aizawa masaya,上田崎
nyansan oekaki,ニャンサン・オカキ
luye yuan,luye yuan
takahashi kazuki,高橋秀樹
yuumaru (you-mya),ユウマル（You-mya）
hina (hinalovesugita),ヒナ（Hinalobesugita）
hoshi nawoki,星の星
boh stick,bohスティック
hami (lvct),ハミ（LVCT）
iwami kyuuto,岩間九州
towtow redoland,トウトウレッドランド
shumiao,shumiao
kaimuu (fahrenheit724),Kaimuu（華氏724）
chen (somanychens),チェン（somanychens）
tokutokenzen,tokutokenzen
whipberry,ホイップベリー
unmaker,メーカー
81 (mellowry),81（メロー）
tennen inari,テネン・イナリ
mogomaco,モゴマコ
hou no ka,hou no ka
yutsukidayo,yutsukidayo
fuhikari,フヒカリ
stormcallart,StormCallart
suzugaeru,Suzugaeru
hurin raika,ハーリンライカ
mofuko,モフコ
dada (esoragoto),Dada（Esoragoto）
utsuro atomo,Utsuro Atomo
mao ge,マオグ
xuanlin jingshuang,Xuanlin Jingshuang
tokito yu,トキトユ
taiki (ozone),タイキ（オゾン）
junkei,junkei
rubii,rubii
yway1101,yway1101
chikahii,Chikahii
mad369,MAD369
hatomugi seika,hatomugi seika
koari,コリ
badhand,バッドハンド
mizuse ruka,Mizuse Ruka
yakepu,Yakepu
byoin,バイオイン
rokushiru (muzai-p),ロクシル（ムザイ-P）
igarashi ran (igatz),イガラシ・ラン（イガッツ）
konohana,コノハナ
haru431,haru431
ayase yuuki (mikan mochi),アヤゼユーキ（ミカンモチ）
oto,oto
mofmof (sousa),mofmof（sousa）
karei (zeroseed),カレイ（ゼロセッド）
tsukasa 0913,ツカサ0913
rakkyo,rakkyo
usami wataru,ウタル島
kazato fuuchi,藤野
manjuu teishoku,Manjuu Teishoku
bokkori,ボッコリ
riz (ravel dc),リズ（ラベルDC）
kohinore,コヒノア
marudeningen,マルデニンゲン
shouwaru,shouwaru
chiko (mizuho),チコ（ミズホ）
rinne (mizunosato),リンヌ（ミズノサート）
tomori-hikage,ダルダナ
mam233,MAM233
tonestarr,Tonestarr
asumi (000),Asumi（000）
biittertaste,biittertaste
toshiya,トシヤ
chany,チャニー
kouko,ココ
maki aida factor,マキアイダファクター
hetano yokoduki,Hetano Yokoduki
uni (gugurutan),ユニ（ググルタン）
alva,アルバ
hanyu,hanyu
ren (zero second),レン（ゼロ秒）
kingyo 114,Kingyo 114
hokkana,ホッカナ
shaneru,Shaneru
pochi-t,Pochi-t
meneru,メネル
mattsu,マッツ
lc 7v2,LC 7v2
kuon itsuki,クオン・シュキ
ryuusama,リウサマ
imacchi,イマッチ
saku (amespi),サク（amespi）
missnips,ミスニップ
sukekiyo (skky 0),スケキヨ（skky 0）
yanase takayuki,ヤナゼタカユキ
natsukon,ナツコン
g0ringo,G0ringo
awan0918,AWAN0918
ogata,オガタ
hmk84,HMK84
mizuno tera,Mizuno Tera
mogtate,モグテート
hage ta,Hage Ta
macho ojiji,マッハオ・オジジ
niruanu (nitayam),niruanu（nitayam）
phino,Phino
cero (cerocero),セロ（セロセロ）
tsukunendo,ツカネンドー
bizen,ビゼン
doha skylightscent,ドーハスカイライトセント
ramu-on@ shinon,Ramu-on@ Shinon
chocotto715,Chocotto715
sakuragi akira,さくら秋田
chaashuu,Chaashuu
nerua,ネルア
yonab,ヨナブ
rascal (n119),ラスカル（N119）
aeyga,エイガ
nagihashi koko,nagihashi koko
hime apple,Hime Apple
nekono,ネコノ
mantou xiang,Mantou Xiang
surock,スロック
sii artatm,SII ARTATM
notchi,Notchi
narongchai singhapand,ナロンチャイシンハパンド
stari,Stari
dain (bishop m),デイン（司教m）
yuuki (silent moon),ユウキ（サイレントムーン）
leglus,レグラス
yu ikedon,Yu Ikedon
kohinata raichi,コヒナタ・ライチ
mono 02,モノ02
fujita yukihisa,藤田ゆっきり
iwana,岩ナ
kuze,クゼ
stoner08,Stoner08
shirogane (fox),シロガネ（キツネ）
patori,パトリ
kanzeon,カンゼオン
hina sasaki,ヒナササキ
drawdream1025,DrawDream1025
masuneko,マソネコ
harari,ハラリ
iwato1712,Iwato1712
xian miao,Xian Miao
motomiya ryou,Motomiya ryou
keito4f,keito4f
rethnick,レスニック
shiina rei,Shiina Rei
poppo sutchy,ポポサッチ
kasane,カサン
min1910,min1910
burijittou,burijittou
osashimisan,オカシミサン
oitsuki (getsumen diver),oitsuki（getsumenダイバー）
rainbowscreen,虹色
miton (ton321),ミトン（TON321）
tonguewasabi,Tanghwasabi
manorea,マノレア
takerusilt,タケルシルト
hum (ten ten),ハム（10 10）
miyanogi jiji,ミヤノギ・ジジ
pikaro,ピカロ
hakusoto,おなみ
yellowparrot,イエローパロット
patdarux,パッダール
mimoe,ミモエ
kinoshita sumie,Kinoshita Sumie
mo~zu,Mo〜Zu
fujishiro shinobu,shino-puchihebi
d-tomoyo,d-tomoyo（thekingkas）
takase kou,Takase Kou
kase (kurimuzone oruta),Kase（Kurimuzone Oruta）
hoshino aoi (la huynh hai than),hoshino aoi（la huynh hai than）
hamilundenongdizhe,hamilundenongdizhe
chumugi,チュムギ
nekomitei,nekomitei
matsushika,マツシカ
shinonome (game hakkutsu tai),シノノーム（ゲームhakkutsu tai）
mori (pepekataokapepe),森（Pepekataokapepe）
daishippai,ダイシッパイ
ban tang,バンタン
ribimura,リビムラ
munehiro (21plus),ムネヒロ（21plus）
sogegin,Sogegin
asai genji,麻酔
blackbad,ブラックバッド
allze,オールズ
haidara,ハイダラ
hs2,HS2
okome 2g2g,OKOME 2G2G
dabu (dabuchan),ダブ（ダブチャン）
cimeri,Cimeri
hayashi ryouta,林リアウタ
simty (lemon ginger),Simty（レモンジンジャー）
sumida kichi,スミダ・キチ
hirano toshihiro,ヒラノ・トシヒロ
shinaso (sachi-machi),シナソ（サチマチ）
nagiru,ナギル
xi-u,xi-u
kashiyama,カシヤマ
djmn c,DJMN c
sora-bakabon,ソラ・バカボン
pomeko,ポメコ
yuutsuki hina,ユツキ・ヒナ
emi star,エミスター
u tnmn,u tnmn
ukatsu juuzou,Ukatsu Juzou
catcar0983,CATCAR0983
moyamu,モヤム
mekameka shii,Mekameka shii
dh (brink of memories),DH（思い出の瀬戸際）
aka-kabuto no gema,別名 - カブトgema
tenmaru (pointcircle),否定角
osatou (soul of sugar),オサトウ（砂糖の魂）
yanazuri (kimossari337),ヤナズリ（Kimossari337）
waha (artist),ワハ（アーティスト）
gagaga,ガガガ
uzucake,ウズカケ
notsaba,タカ（Poupee en biscuit）
toguchi masaya,トゥーチマサヤ
umidemi,umidemi
sukireto,スキレート
morochin (mo loss an),モロチン（MO損失an）
wingtemple,Wingtemple
era (traveling bird),ERA（鳥の旅）
chirumakuro,チルマクロ
touxing no diluka,Touxing no Diluka
munakata natsudou (munakata n),サマーゴート
nugi (armenci),ヌギ（armenci）
grand cupido,グランドキュピド
shinonome kazuhiko,シノノーム川子
subaru (794829485),スバル（794829485）
dolphro-kun,イルフロクン
kasuga rurito,カスガ・ルリト
hammerman benkei,ハマーマン・ベンケイ
amamizu (myofuu kai),amamizu（myofuu kai）
yooani,ユアニ
warable,戦闘可能
yokon2199,Yokon2199
yagi mutsuki,Yagi Mutsuki
qmiqun,qmiqun
wata,ワタ
bobbbob,ボブボブ
peter chai,ピーター・チャイ
kappa mame,カッパマメ
harubato,ハルバト
miyane aki (radical dash),ミヤネアキ（ラジカルダッシュ）
gattsun,ガッツン
kashisuover,カシソオーバー
miimu (nelreg3),miimu（nelreg3）
mizuno eita,ミズノ・エイタ
yuudadou,ユダウ
shiina yuuki,Shiina Yuuki
r pascal,Rパスカル
beek,ビーク
conago,コナゴ
lsr,LSR
panamaman,パナママン
kusaka eiki,クサカ・エイキ
abe (roiz),安倍（ロイス）
gotou nao,gotou nao
atcesolcyc,atcesolcyc
pine (yellowpine112),松（yellowpine112）
mei (abliss),メイ（アブリス）
enu (roco roco44),enu（Roco roco44）
hane (feathe02),ハーン（feathe02）
naruko (nalcoro),ナルコ（ナルコロ）
lechuza,Lechuza
henki (orange),ヘンキ（オレンジ）
nomuo (shiromi),ノミュオ（シロミ）
dai0,dai0
umiu (hoge),umiu（hoge）
marishiten (mar1sh110),Marishiten（mar1sh110）
jakomurashi,ヤコムラシ
sieg (sherman 69),シーク（シャーマン69）
mofuo,モフオ
okayu (headless),OKEU（ヘッドレス）
viiiper,viiiper
yuzhou,ゆうき
taoru,タオル
hokuto (hokuto pk),北朝鮮（北部PK）
kkusak (kkusag ks),kkusak（kkusag ks）
wasabichan,一辺
chaka3464,chaka3464
horie ryuu,ホリー・リュウ
yuzukarin,ユズカリン
dying (dying0414),死にかけている（dying0414）
feriowind,feriowind
bibyo,ビビョ
collie,コリー
necocafe lili,Necocafe Lili
pandamonium,パンダモニウム
nishin (nsn 0822),ニシン（NSN 0822）
kido airaku,Kido Airaku
lizi (st3648),lizi（st3648）
haruna hisui,Haruna Hisui
zrero,Zrero
kazeha (starrysky),Kazeha（Starrysky）
toranashi,根った
ruto (petatann),ルト（ペタタン）
123 (tyamaguch),123（Tyamaguch）
amore1989,Amore1989
playback,再生
leaf lsd,リーフLSD
nekoyaso,ネコヤソ
torimahera,トリマヘラ
asutarou,Asutarou
rico (pico-ba),リコ（ピコバ）
izu (tea value lord),イズ（お茶の価値主）
felicia-val,フェリシアバル
neginoki,ネゴーキ
beni-bana,ベニバナ
rubyaano (ducl323),rubyaano（ducl323）
ariesu watanabe,ワタナベariesu
tetsu (excalibur920),Tetsu（excalibur920）
blue (ao maru),青（ao maru）
dragoncastle,ドラゴンキャッスル
kengzeta,ケンゼタ
ao (aoblueao),ao（aoblueao）
miyabi tsuzuru,ミヤビ・ツズル
temurei (vovovov),Temurei（Vovovov）
shiro yurine,シロ・ユーリン
matsuzaki yutaka,ユタカ松崎
eric toner,エリック・トナー
kakon,カコン
mutsuki shougatsu,ムツキ・ショーガツ
kyokkou no aurora,Jiguang Zhi Aoluola
kasetsu 03,カセチュ03
bankongping,バンキング
hutuu (1121),hutuu（1121）
yuri ai,yuri ai
haruka faraway716,Haruka Faraway716
mari (doraerin0),マリ（doraerin0）
ochikata kage,Ochikata Kage
borusen,ボルセン
morganagod,モルガナゴド
ross (clumzero),ロス（Clumzero）
cure slum,スラムを治します
neko-hime (neko-hime),neko-hime（neko-hime）
navier haruka 2t,2t（田中）
kuraki hiro,クラキ・ヒロ
karupisusawa,カルピソサワ
pori (poritan81),ポリ（poritan81）
kongya,Kongya
mamu t7s,Mamu T7s
soukun s,Soukun s
mozu suka,モズスカ
sumipic,サミピック
yoshimune (b12f),ヨシムネ（B12F）
maka (hyougenbu),マカ（ヒューゲンブ）
penyo1989,Penyo1989
hanzow t,ハンゾーt
miya (tokumei),ミヤ（トクメイ）
niku (dance-siva),ニク（ダンスシバ）
karaage (ta-na),Karaage（ta-na）
maria (maria0304),マリア（Maria0304）
black burakku,ブラックブラクー
con potage,Con Potage
nuenya,ヌエニア
nona (goodboy),ノナ（グッドボーイ）
kaneko yoi,yoi（207342）
mifu (b24vc1),mifu（b24vc1）
kyu,kyu
aokiku,青木
yanagi ryuu,ヤナギ・リュウ
seijun (seijun01),seijun（seijun01）
zanasta0810,Zanasta0810
scbstella,scbstella
musuka (muska),ムスカ（マスカ）
eriko (nakaeri gogo),エリコ（ナカリゴゴ）
milluun,ミルン
yaya (yayaa 00),yaya（yayaa 00）
teijiro,テイジロ
umineco 1,Umineco 1
un (le monde-alternatif),un（le monde-alternatif）
cqqz0707,CQQZ0707
sano naoi,サノ・ナオイ
dr.wolf,博士ウルフ
sakenomi akane,Sakenomi akane
non (mangaka),非（マンガカ）
furaido,フライド
jana schirmer,ヤナ・シルマー
lvans,lvans
okamura hijiki,岡村hijiki
pirano,ピラノ
yummy yoi,YUMMY YOI
namine0079,namine0079
doku gorira,Doku Gorira
haitukun,haitukun
shizu25,shizu25
sandansu,サンダンス
shikidouji,シキドウジ
senzi,センジー
tuna21,TUNA21
juu satoshi,Juu Satoshi
ocarino,オカリノ
sinsora,シンソラ
yao ren gui,Yao Ren Gui
yuu (derodero),yuu（derodero）
akabane rin,アカベネリン
limha lekan,リマ・レカン
rainsp,rainsp
hakugin006,Hakugin006
katakori sugita,カタコリ・スギタ
lunasanguinis,lunasanguinis
mar-c!,Mar-C！
gakki (gaku suru),gakki（gaku suru）
nob1109,NOB1109
omao,オマオ
tini,ティニ
jankovsky,ヤンコフスキー
poono,プーノ
zaza (x-can01),ザザ（x-can01）
akiomi aiko,Akiomi Aiko
ookami ciro,ookami ciro
lian mang,リアンマン
konna-nani,コナナニ
tecchen,Tecchen
takezuchi,竹内
jiseki,ジセキ
makoto (roketto-massyumaro),マコト（roketto-massyumaro）
omizu chihiro,乳樹様
duo kawa,デュオ川
evil-dei,邪悪なデイ
odecono3,odecono3
narafume,narafume
adachi (nogami nono),Adachi（Nogami nono）
deni m,デニm
kogarasu1st,kogarasu1st
mintsu (ichi--kun),ミンツ（イチ - クン）
patoto,パトト
kibstar,キブスター
coelacanth (gyotaku),coelacanth（gyotaku）
horii kumi,horii kumi
mikey uo,マイキーUO
anhao1224,anhao1224
techi (siro-white 0803),Techi（Siro-White0803）
no sense of shame,恥ずかしさはありません
icon 315,アイコン315
traver009,traver009
moryo,モリオ
turururukintama,Krjenl
lamia (voice actor),ラミア（声優）
gentle2nd,gentle2nd
yo-suke,ヨーサク
avant garde (artist),アバンガルデ（アーティスト）
okemai,オケマイ
kkr rkgk,KKR RKGK
onyang,オニャン
shikke gnsn,Shikke Gnsn
kanechitomoyo,Kanechitomoyo
arhoangel,arhoangel
kagayama hajime,カガヤマ・ハジメ
little viktoria,リトルヴィクトリア
uasi,uasi
nano (nanojyaa),ナノ（ナノジャヤ）
suzune kotora,スズン・コトラ
rnfhv,rnfhv
miyoshi nao (miyoshist),ミヨシ・ナオ（ミヨシスト）
kainohito,カイノヒト
shibuzoh,渋谷
soubriquetrouge,Soubriquetrouge
hinann bot,ヒナンボット
guozimiao,グジミアオ
kellzallday,Kellzallday
tangobat,タンガバット
shiroto iku,Shiroto Iku
sonyaneko,ソナネコ
jageungansik,Jageungansik
pclbang,pclbang
misumi kouji,ミズミ・コウジ
mocha (mochaxgm),モカ（モカックス）
fujii shingo,藤井シンゴ
haku wi,ハク・ウィスコン
yamori shiki,ヤモリ・シキ
ka1se1,Ka1se1
kojima hirokazu,高島hirokazu
unoshima kanaka,Unoshima kanaka
brill p,ブリルp
konununui,コヌヌウイ
murabatodenki,ムラバトデンキ
urabe miyabi,ウラベ・ミヤビ
cross neko,クロスネコ
vesper (pixiv3568),vesper（pixiv3568）
nang z1,ナンZ1
akaike,別名
feelition,感じ
oo gata ken,Oo Gata Ken
yoshi-j,Yoshi-J
topgear,トップギア
tsurumaki kazuya,ツルマキ・カズヤ
nyxview,nyxview
sanasanayukikuni,Sanasanayukikuni
yoshida yoshitsugi,吉田吉田吉田
zwei (santanawamuujojo),Zwei（Santanawamujojo）
idaku,idaku
aizawa shin,上沢shin
towamin,トワミン
luen kulo,Luen Kulo
eien no juu nana-sai,eien no juu nana-sai
nishikawa (fe),西川（FE）
xiao (ye yiaoxi),Xiao（Ye Yiaoxi）
toho (kihon ha yappa),Toho（Kihon ha yappa）
onomi9ta,onomi9ta
mktr (princess mktr),MKTR（プリンセスMKTR）
shirou (shiro uzr),shirou（shiro uzr）
pepipopo,ペピポポ
kuroda kuwa,クロダ・クワ
chimosaku,チモサク
hazama (hazamazama),ハザマ（ハザマザマ）
midori no ruupe,ミドリはルーペではありません
koneko (nonnkimono),コネコ（nonnkimono）
pollenoxide,花火
urashima (hidoro mgmg),ウラシマ（ヒドロmgmg）
koba (jdhikdjdkfiwufh),koba（jdhikdjdkfiwufh）
man (trance),男（トランス）
sawatari kazuma,サワタリ・カズマ
toyosaka,植樹
natasha (pommier),ナターシャ（ポミア）
harumi chihiro,ハルミチヒロ
riko (kujira215),riko（kujira215）
icywood,アイシャウッド
ebiebiebio,エビービービオ
chidori (@rom),チドリ（@rom）
kureha goya,Kureha Goya
peagunz,ピーグンツ
koumei (harmonizer),Koumei（ハーモナイザー）
exmile,exmile
nobu baka,ノブバカ
katou tabihito,katou tabihito
arai teruko,アライ・テルコ
higa izuru (idsuru),ヒガ・イズル（イドゥル）
sk tori,Sk Tori
koto seori,小川seori
ichihyaku nanajuu,一方、ナナジュウ
hatake michi,ハタケミー
kamura poku,河口poku
berrykanry,ベリーカンリー
fushimi sameta,華氏サメタ
beyumi,beyumi
rei (456789io),REI（456789IO）
moroboshi yuugo,マツトヤ
eitarou (kaminari neko),eitarou（kaminari neko）
kokotendon,ココテンドン
acky bright,Acky Bright
ninchan,ニンチャン
yuuten,ユーテン
hidejiu,hidijiu
takamura masaya,高村正aaya
rokujyou,roku-jou
doya,ドヤ
houshou marine (artist),Houshou Marine（アーティスト）
clear regulus,clear regulus
uno (mon chat noir),UNO（Mon Chat Noir）
sleep (isliping),睡眠（isliping）
0x0082,0x0082
takahashi note,高橋メモ
sucho,そのような
shanghai bisu,上海ビス
naka (nicovideo14185763),Naka（Nicovideo14185763）
tokeru,トルケル
san mon,サンモン
heiyu,heyu
raurashun,ラウラシュン
gilmang,ギルマン
nishizaki eimu,西崎eimu
minami kawa,ミナミ川
showerz,シャワー
jmanvelez,Jmanvelez
lorein,ロレイン
nyaph,nyaph
aosuke (ayakawa akito),青野（秋川秋田）
adachi (ioioi),Adachi（ioioi）
tsukasa-emon,ツカサモン
amagaya (rat-tat-tat),amagaya（rat-tat-tat）
kuroneko (fragrant olive),クロネコ（香ばしいオリーブ）
raimmortal,MISA（929382672）
rakuko,rakuko
jeibii,jeibii
deeezel,ディーゼル
ichi (13xxx),ICHI（13xxx）
hikariz,hikariz
hidepoin,hidpoin
levi9452,levi9452
fuji minako,富士通り
fuuko chan,フーコ・チャン
meranie,メラニー
jotman,ジョットマン
ronguuta,ロングータ
hazuki shino,hazuki shino
kata meguma,カタ・メグマ
yuuki (yukinko-02727),ユウキ（ユキンコ-02727）
nabeshiki (nabeyashiki),ナベシキ（ナベヤシキ）
gindoro,ジンドロ
hecchi (blanch),ヘッキ（ブランチ）
serori (koredemoka),セロリ（コレデモカ）
spacey,スペイシー
amafuyu,Amafuyu
nakamura kuzuyu,中村kuzuyu
kmbk0209,KMBK0209
mutenka (plfgb),Mutenka（PLFGB）
higa,ヒガ
mugi-co,ムギコ
zhudacaimiao,Zhudacaimiao
luo.,ルオ。
cno,CNO
ninozen,ニノゼン
fat (artist),脂肪（アーティスト）
akinoko,アコノコ
kawaguchi yukihiro,川口ゆき
amisaki ryouko,アミサキ・リョコ
sorakura shikiji,Sorakura shikiji
rococolove,rococolove
tara baka ni,タラバカNI
daitirumoesu,daitirumoesu
ichijiku,一ichijiku
neopara,ネオパラ
chance maker,チャンスメーカー
rawrden,Rawrden
kaijuicery,カイジュイカリー
thesale,テセール
vvcephei,vvcephei
katsura miya,川miya
koraku gekki,Koraku Gekki
doboshiru,ドボシル
romi,ロミ
cea se,cea se
tatsuyoshi,タツヨシ
298yenomiso,298yenomiso
nanatsuka,ナナツカ
fuu (futian),fuu（futian）
lem,レム
yadoso,ヤドソ
risuo,risuo
tree 13,ツリー13
shiratsuyu (nagatukihakuro),Shiratsuyu（Nagatukihakuro）
gensui (auoua),gensui（auoua）
chil0107,Chil0107
bouzu (bonze),ブズ（ボンズ）
liang feng qui ye,liang feng qui ye
utekiro,ユテキロ
awachi,アワチ
myaco9,myaco9
hal (ojou),ハル（ojou）
delichuu,delichuu
gen (gen 7254),Gen（Gen 7254）
kiyu (zuyu),kiyu（Zuyu）
mikoto (stbk),ミコト（STBK）
lanyaojun,lanyaojun
watata13,watata13
sakou yukie,Sakou Yukie
youu (midgard),youu（ミッドガード）
toor 0111,TOOR 0111
qoopie,QOOPIE
gozen4ji,gozen4ji
toki (tokinokogiri),Toki（Tokinokogiri）
do9bessa,do9bessa
hihara you,hihara you
takeda hinata,日向高田
champ+,チャンピオン+
eruza,エルザ
ashiya kouhei,Ashiya Kouhei
emukon,エミコン
tombsakura,墓口
shako (syakoba3),シャコ（syakoba3）
lennys,レニー
k.nock,ノック
noli-pee (little stupid),ノリ・ピー（リトルバカ）
konatsu karasu,コナツカラス
tamanosuke,田中
hal-bard,ハルバード
kity1211 tetsu,Kity1211 Tetsu
matayoshi (nopple 1000),マタヨシ（Nopple1000）
shiu (pika),shiu（pika）
tezurumozuru,Tezurumozuru
mazumaro,マズ（マズマロ）
rain (regen),雨（再生）
apo (apos2721),apo（apos2721）
lentain,レンタイン
taku57,Taku57
pai daxing,Pai Daxing
gomibako (shirokumatei),ゴミバコ（shirokumatei）
tami yagi,タミヤギ
jliaan,Jliaan
hiiragii (hiiragi 0404),hiiragii（hiiragi 0404）
nekojita (ika neko46),nekojita（Ika neko46）
monjja,モンジャ
hige (com),ヒゲ（com）
mechazinaida,メカジーナイダ
equal (melomelopunch),Equal（Melomelopunch）
kensaint,ケンセン
omochi chowder,オモチ・チャウダー
shigumo (shigeru),横umo（shigeru）
hikage (0hi kageo),ハイケージ（0hi kageo）
unizama,Unizama
aboreen,アボリーン
nakamura 3sou,中村3sou
napalmbit,ナパルミット
luma li,luma li
kikurage tom.,キクラージュトム。
nakonbu,ナコンブ
676643396dolce,676643396DOLCE
chirorian,カイロリアン
kiyu fuyuki,キユ・フユキ
momiji kei,Momiji Kei
tomako (tatihitoe),Tomako（Tatihitoe）
wabuki (ochigan),ワブキ（オチガン）
atsuage (kakinop),atsuage（kakinop）
exabyte (parallax05),exabyte（parallax05）
moyashi san4,モヤシSAN4
rougetsu,ルーゲッツ
rian (bdl),リアン（BDL）
arin66,ARIN66
makiyuki,マキユキ
kumagitsune,Kumagitsun
bobo (6630978),ボボ（6630978）
runep,runep
katuu,カトゥー
rakuchii (rurituvo),rakuchii（rurituvo）
yueguang zhanglang,Yueguang Zhanglang
life neko72,人生neko72
suzuneko-rin,スズネコリン
yomogi uehara,Yomogi Uehara
akizuki tsukasa,akitsuki tsukasa
murasaki-sin,村崎 - シン
sam ashton,サム・アシュトン
80mph,80mph
arka91,Arka91
mope,モペ
emina,エミナ
sisoha,シソハ
narinn,ナリン
manya sora,Manya sora
jiayu long,ヨユーロング
potato7192,ポテト7192
tatsuno (saya-tatsuno),タツノ（サヤトツノ）
munmu,ムンム
kitou en,kitou en
mogera81,Mogera81
ika esu,Ika Esu
mk (mikka),MK（ミッカ）
tsuruta saya,ツールタ・サヤ
unitaka,ユニタカ
nazo no hito,nazo no hito
broken (7589468),壊れた（7589468）
p9 (susisasimi),P9（susisasimi）
tanjel,タンジェル
hazel0217,Hazel0217
ozu (agito100001),ozu（agito100001）
yamakonbu,ヤマコンブ
hisohiso (altoblue),sohiso（altoblue）
croriin,クロリイン
mizushiro takuya,ミズシロ・タクヤ
hongye feixue,Hongye Feixue
shionji ax,シオジx
oke (okeya),Oke（Okeya）
konota ko,コノタコ
imanaka koutarou,Imanaka Koutarou
rinmmo,rinmmo
fjsk,fjsk
woodsbench,ウッズベンチ
wozora,ウォゾラ
posom,ポソム
nam (nam990902),nam（nam90902）
itou izumo,itou izumo
sayu (mio-mosa),Sayu（Mio-Mosa）
taki (nakochan),タキ（ナコチャン）
kashiru,カシル
ayatan-kiri,ayatan-kiri
gagajya,ガガジャ
mnjs,MNJS
mao xin'ai,Mao Xin'ai
tazbun,タズブン
kyouki,キョウキ
mari (little crown),マリ（リトルクラウン）
tuchinokoeffect,Tuchinokoeffect
beluga dolphin,Beluga Dolphin
xue qi ye (dndtmbdue),xue qi ye（dndtmbdue）
santos,サントス
hantsuki (ichigonichiya),hantsuki（echigonichiya）
shirasawa kazane,白崎カザネ
jai (whany1998),Jai（whany1998）
yuzua,Yuzua
yagyuu katsuda,Yagyuu katsuda
hatsuki kaname,hatsuki kaname
wabiushi,ワビシ
jean popo,ジャンポーポ
kanashi kumo,Kanashi Kumo
denimcatfish,デニムカットフィッシュ
mallllma,モールルマ
strigidae,strigidae
honjou masato,Honjou Masato
makaron611,Makaron611
greatwhite1122,greatwhite1122
discharge mochi,モチを排出します
reuri (tjux4555),reuri（tjux4555）
rock-bomber,ロック爆弾
yuu (asaiyuji),Yuu（Asaiyuji）
mikoto kei,ミコトケイ
arai kuma,アライ・クマ
komari mhy,コマリMHY
donguri big,ドンリ・ビッグ
survival yaiba,サバイバルヤイバ
taue shunsuke,タウエ・シュンジュケ
koromo take,コロモが取る
runa (user guwn7382),runa（ユーザーguwn7382）
ohil (ohil822),ohil（ohil822）
makkuro,マククロ
hakuri,ハクリ
chan'nu,チャンヌ
sonzai soumei,Sonzai Soumei
6suan,6suan
andou yuna,アンドウ・ユナ
sing152,Sing152
kawamura kousuke,川村川
shiki takuto,望
dmuyaa,dmuyaa
raku rakugaki,ラク・ラクガキ
rockyroo,ロッキルー
caron (straycat910),キャロン（straycat910）
ike (altitude attitude),Ike（高度の態度）
nejiresyake,nejiresyake
tomatoman01c,tomatoman01c
shimizu naotaka,清utaka
wasabi sushi,わさび寿司
taka yanagi,ヤナギタカ
kawai maria,カワイ・マリア
riba,リバ
hashimoto w.s.,橋本W.S.
wootsang,ウーサン
yigra don,Yigra Don
kimoko,キココ
hatimiz,hatimiz
artwolfaja,Artwolfaja
gg amang,GGアマン
yumeji kiriko,Yumeji Kiriko
ymr,YMR
yamayu,ヤマユ
musha sabu,ムシャサブ
mugi maccha,ムギ・マッカ
yomi (indigoriver),Yomi（indigoriver）
dreambig,Dreambig
zhuang yao,Zhuang Yao
chikuwa (rinka),チクワ（リンカ）
shindoi akio,シンドイアキオ
286c,286c
kei-chan (ultimatekeichan),kei-chan（ultimatekeichan）
studioqube,Studioque
nakagami takashi,田川奈門
saitogiulio,Saitogiulio
senju (uroakono),センジュ（uroakono）
nao (doublexdutch),nao（doublexdutch）
suigi,suigi
haru ion,ハルイオン
fom (lifotai),FOM（Lifotai）
squemezzo,squemezzo
kuroinu (sonoba shinogi),クロイン（ソノバシノギ）
amamoru 21,アマモル21
ryn (rinorea),Ryn（Rinorea）
tyke,タイケ
mushiboy,ムシボイ
nuts (hazel-nuts),ナッツ（ヘーゼルナッツ）
nashiki (5tella),ナシキ（5tella）
fujiwara shun'ichi,藤原shun'ichi
seraphina,セラフィナ
yukikasa,ユキカサ
dekapoi,dekapoi
koyoi (ruka),コヨイ（ルカ）
hourainingyou,houlaingyou
pinoaisu,Pinoaisu
sakura honoka (srhk0623),さくらホノカ（srhk0623）
aji (coastal area),アジ（沿岸地域）
kinako (moment),キナコ（瞬間）
rukito,ルキト
o2 (o2mm),O2（O2mm）
fuchi (0616tk),富士（0616tk）
okakan,オカカン
libus,リバス
sosuke (yrmon),sosuke（yrmon）
suya000,suya000
inverto,インベルト
yuebaihezi,Yuebaihezi
kinosaki yuki,年代び木
hong soon-jae,Hong Soon-jae
amatsuki hotaru,アマツキ・ホタル
moyahara,モヤハラ
masakikazuyoshi,マサキカズヨシ
yuki56,Yuki56
fusui,フスイ
eun bari,ウン・バリ
heidi (gray all),ハイジ（灰色）
fragran0live,fragran0live
inui achu,inui achu
saitaniya ryouichi,Saitaniya ryouichi
moriichi,森子
omuni,オムニ
takashi (onikukku),高橋（onikukku）
waiai,ワイアイ
mamoru (arizona),マモル（アリゾナ）
yummy (yumyumyummy),YUMMY（Yumyumyummy）
niwa toriko,ニワ・トリコ
snowflyer,スノーフライヤー
kamumiya,カムミヤ
jyako (bara-myu),jyako（bara-myu）
tnonizyou,tnonizyou
oisiimizu,oisiimizu
ladfa,ladfa
kamin,カミン
volkies,Volkies
linda b,リンダb
pon takahanada,ポンタカハナダ
yosimura,ヨシムラ
nas-o,NAS-O
y&k,Y＆K
moegi (honey 122),モーギ（ハニー122）
pachi (sugiyama0306),パチ（sugiyama0306）
tamiko (paseri),タミコ（パセリ）
sakuramochi n,さくらn
hamigaking,ハミゲイク
gecko4488,Gecko4488
trunkdiary,トランクディアリー
nico o0,ニコO0
orinte,オリント
shuang ye,shuang ye
wakanita,ワカニタ
baijiin poison,baijiin poison
dorisu2,dorisu2
bakanoe,バカノー
nitamago,ニタマゴ
sajipen,sajipen
urano ura,ウラノ・ウラ
lilianei,リリアン
toyomi 13,トヨミ13
toyoda izumi,Izumi植生
yang zheng yu,Yang Zheng Yu
sanii,sanii
asuma (hanezu),Asuma（Hanezu）
satou odori,サトゥオドリ
porocha,ポロチャ
cheno (amakuchi mustard),シェノ（アマクチマスタード）
nobuya,nobuya
kudou (gst910),清（GST910）
negativezero,ネガティブゼロ
sanada taketo,サナダ・タケト
ichikawa,一方川
conomi-c5,コノミ-C5
setouchi kurage,Setouchi Kurage
yaten,Yaten
takatou rui,Takatou rui
toromi chuuka,トロミチュウカ
samako,サマコ
mukoujima tenro,Mukoujima Tenro
kaeru kenshi,Kaeru Kenshi
winton kidd,ウィントン・キッド
fuyu (utngrtn),fuyu（utngrtn）
poron,Usagigenki
hiboshi daizu,daizu hiboshi
yuzuriha (pixiv 14248010),Yuzuriha（Pixiv14248010）
takanashi minato,高野港
zippedsquire,zippedsquire
toyu,Toyu
toki (1243309499),Toki（1243309499）
toluda,トルーダ
yuzf,Yuzf
tenzen (netspike),Tenzen（netspike）
happi xfyg,Happi xfyg
hana (dqkmb362),hana（dqkmb362）
nannaspad,ナンナスパド
michaelfirman,マイケルファルマン
sopranino,ソプラニーノ
mootium,ムーティウム
numahata tofu.,numahata豆腐。
liche (wiggly liche),地衣類（波状の地表）
easty,イースト
kakihou,kakihou
izumi (izumi p),イズミ（イズミP）
chiutake mina,Chiutake Mina
miyajima (anthem-anthem),ミヤジマ（アンセム・アンテム）
torakami14,Torakami14
safai,サファイ
itou katsunobu,Itou katsunobu
peter (peter6409),ピーター（Peter6409）
ceilinginmyroom,天井室
nihoshi (bipedal s),ニホシ（二足歩行）
yaeba,Yaeba
ni celery pk,niセロリPk
hinata keiichi,日向keichi
alfi (tok),alfi（tok）
matsui haru,松井har
sutei (xfzdarkt),sutei（xfzdarkt）
yuuki uyu,ユウキ・ウユ
ishihara megumi,石原megumi
redblacktac,redblacktac
tomonao,トモナオ
saitou yuu,Saitou Yuu
zelo6,Zelo6
satomatoma,サテマトーマ
jin2,jin2
yawarabi juubee,Yawarabi Juubee
shuimo,shuimo
kumeki (kk4615),kumeki（kk4615）
hare (yamihuji),うさぎ（ヤミフジ）
naname (danbooru maker),ナナメ（ダンブールメーカー）
asada okina,アサダ・オキナ
mode (mode-n),モード（モード-N）
kirisame tarou,Kirisame Tarou
kanai23831347,Kanai23831347
nyala (nyala 766),ニャラ（ニャラ766）
saki tsurugi,ツルギサキ
daruma owl,ダルマオウル
ujiga waita,ウジガワイタ
ht423,yi zhi ai xi
angoha,アンゴハ
ueta kazuyuki,上田和口
yeruen,イェルエン
kiki witch,キキ魔女
kasetsu,カセツ
kumaccyo,kumaccyo
sin (hankotsu bunny),罪（ハンコツバニー）
jason chan,ジェイソン・チャン
pekikokko,ペキコッコ
momori,モモリ
yuki shizuku,ユキ・シズク
enia (eniaart),エニア（エニアート）
stella (stella),ステラ（ステラ）
clover (hi-per pinch),クローバー（ハイパーピンチ）
aoi yugina,Aoi Yugina
mennsuke,メンスケ
misogi (misogi1341),misogi（misogi1341）
karin (fineyanny),カリン（罰金）
miyabe makoto,Miyabe Makoto
saamon (salmonkomaku),Saamon（Salmonkomaku）
yam spectrum,ヤムスペクトル
shirika,シリカ
souma (soumadian),スマ（スマディアン）
kuro guren,クロ・グレン
zourion,ゾウリオン
mstm,MSTM
huangjin shizi,Huangjin shizi
luomo,ルオモ
maccha xxxxxx,Maccha xxxxxx
muumuu (sirufuruteienn),ムムー（Sirufuruteienn）
skc,SKC
shroomia,shroomia
fujiyama takashi,藤山高橋
tsuneaki (dosnan),ツナキー（ドスナン）
taki reki,タキレキ
meow25meow,meow25meow
kubota shinji,クボタ・シンジ
kurosawa tomo,黒崎トモ
aasara,Aasara
kimagure ringo,Kimagure Ringo
koyuiko,小川
sakana (packetsjp),sakana（packetsjp）
noise (hakusen),ノイズ（迎えい）
neichii,neichii
ishinarimaru shouten,イシナリマル・シャウテン
noshimasa,noshimasa
yasumori zen,Yasumori Zen
kurohiko,クロヒコ
seraphitalg,セラフィタル
ichikei,ICHIKEI
kiu (dear deer),kiu（親愛なる鹿）
tsushima (kaikyo),津島（kaikyo）
mirutu,ミルツ
mika uni,ミカ・ユニ
nyoon,ニョン
mayuzumi makiha,マユズミ・マキハ
nunuko (mu661129),ヌヌコ（MU661129）
arbbun,Arbbun
yamashita bungo,山下bungo
guru (nicocco),グル（ニコッコ）
otoufu (gotouhu),otoufu（gotouhu）
hannah santos,ハンナ・サントス
86thunder,86サンダー
daromeon,ダロメオン
t lege d,T lege d
haru (d-s-c),ハル（D-S-C）
xiao qi,Xiao Qi
kizu,キズ
torisu,トリス
nika (nikasa an),ニカ（ニカサan）
kivo some 18 (voice actor),Kivoいくつか18（声優）
binan xian lu,ビナンXian Lu
ag 00000,AG 00000
foxeleos,Foxeleos
fuurin restia,フーリンレスティア
nemubusoku,nemubusoku
panda (heart sink),パンダ（ハートシンク）
tora (torayarou),Tora（Torayarou）
kotsuru kari,Kotsuru Kari
naname (fossama1),naname（fossama1）
starsd,starsd
saibe,サイベ
sparklenaut,Sparklenaut
djayo,djayo
varamill,バラミル
yuchio,ユチオ
pomki,ポンキ
nagare kei,ナガレキイ
katakata un,カタカタウ
ayamori mimi,アヤモリミミ
googerm,googerm
makiya,マキヤ
mayumochini,マヤモチニ
hinomars19,hinomars19
tendou kaoru,Tendou Kaoru
chocofox,チョコフォックス
osatsu,オサツ
william leonard,ウィリアム・レナード
sigma rio,シグマリオ
mandudaein,マンドダイン
yoshika fuumi,ヨシカフーミ
douyougen,Douyougen
futaru usagi,Futaru Usagi
hayato (meromoni),ハヤート（メロモニ）
kazami ryouya,カザミ・リョウヤ
jintianhuahualema,Jintianhuahualema
korona,コロナ
cwilocky,cwilocky
yuubi,ユウビ
sakuraniku umatarou,さくらumatarou
drawinik,Drawinik
inugami akito,inugami akito
daikan'yama ebisu,daikan'yama ebisu
tsukishiro kou,ツキシリロ・コウ
hamura mayu,Hamura Mayu
kamiura,カミウラ
boridongja,ボリドンジャ
sasa ichi,ササイチ
botan mochito,ボタン・モチート
ciel arc,シエルアーク
tianlluo,Tianlluo
natsuno riku,ナツノリク
toho-77,Toho-77
kurogoma (haruhi3),卵菌（haruhi3）
natsuyuki,ナツユキ
iris yayoi,アイリス・ヤヨイ
zemzk,zemzk
amraam120c,AMRAAM120C
jacky (aerial rave),ジャッキー（空中レイブ）
mikanoisi,ミカノイシ
luft7star,luft7star
alisa nilsen,アリサ・ニルセン
hiyorou,hiyorou
momofukki,モモフッキ
isumi (yangyan),イスミ（ヤンギャン）
raranokusu,ララノクス
sukeo (nunswa08),スケオ（nunswa08）
moto toshi,Moto Toshi
haoto luna,Haoto Luna
karu (ishiken),Karu（Ishiken）
shiliuyexiaohei,shiliuyexiaohei
ryokucha (i cobalt),リョオクチャ（私コバルト）
saburou hiji,saburou hiji
shiikeru,shiikeru
p.i.l.,P.I.L.
arya (tianhua),アリヤ（天音）
ancpaghetti,zxanzai
66ta1yak1,66ta1yak1
kaisu,カイス
homri,ホンリ
amino kohaku,アミノコハク
zatou,ザトゥ
iwaki hazuki,イワキ・ハズキ
mistimagi,ミスマギ
shiro-inu,shiro-inu
nagase yutaka,Yutaka Nagase
nobusnow,ノブスノウ
neriwasabi,ネリワサビ
inukoro (spa),島（スパ）
harunohotaru,Harunohotaru
yukasu,ユカス
jess (jelee),ジェス（ジェリー）
shimesaba (simesabaikka),シャイメバ（シメサバイッカ）
mitsuki (goomoku),ミツキ（グーモク）
ug (ugg),ug（ugg）
iko (i-my-16),イコ（I-My-16）
kinokoko-kino,キノココキノ
njike,njike
banira (oocooocooocoo),バニラ（oocoocoocoo）
hasumikaoru,hasumikaoru
mikoto (mikoto r a),ミコト（ミコトR A）
huyou (awegk),huyou（awegk）
saki (little crown),サキ（リトルクラウン）
novus rue,Novus Rue
kagelantern,Kagelantern
toranoo,Toranoo
inaba-no-kuni-tottori,inaba-no-kuni-tottori
lawnielle,ローニエル
nayaase beleguii,nayaase beleguii
nekoman (nukomann),ネコマン（ヌコマン）
himokawa udon,ヒモカワ・ウドン
tsui (kojiya),ツイ（kojiya）
shima 16bit,シマ16ビット
iwashi mizuni,岩橋ミズニ
mid (mid skb),MID（MID SKB）
sharl0ck,Sharl0ck
messiah & crea,メシア＆クレア
samenoido,サメノイド
guricoogen,guricoogen
jipponwazaari,Jipponwazaari
pukao,プカオ
natsuhara,夏
hiratsuka tomoya,hiratsuka tomoya
akari maki,アカリマキ
robert kim,ロバート・キム
yanazuki,ヤナツキ
monmonism,モンモニズム
zandan zero to na!?,Zandan ZeroからNa！？
juri (shiningred),ジュリ（輝く）
viscum,ビスカム
sasakawa arumi,佐川類アルミ
steven mack,スティーブン・マック
diyap,diyap
kensuke creations,ケンセの創造物
peku (science santa-san),ペク（サイエンスサンタサン）
unohana tsukasa,Unohana Tsukasa
no1shyv,no1shyv
agas0924,アガス（VPWT7475）
carbonara hontyotyo,Carbonara Hontyotyo
ch4d85,チャドガルシアブルグ
taka shida,タカシダ
joraffasalmon,サーモン（657931354）
sushida hayari,Sushida Hayari
humany,人間
ichina (osabakitina),イチナ（オサバキティナ）
akariko,アカリコ
purpleninfy,purpleninfy
rabinidaddo,ラビニダッド
haarmades,haarmades
kuro kinkan,クロ・キンカン
ameria (artist),アメリア（アーティスト）
monini,モニニ
sye-,サイエ -
yukichi (yu-ame),ユキチ（Yu-ame）
mamecchi,マメッキ
toroi (run01211),トロイ（run01211）
goatwillow,ゴートウィロ
miura hajime,ミュラ・ハジメ
mushi aoi,ムシアイア
ameya,アメヤ
sungpark,Sungpark
kajun,カジュン
madao,マダオ
hinase kaguya,ヒナーゼカグヤ
sumemako,スメマコ
yukeyf,yukeyf
nitta yasunari,ニッタ・ヤスナリ
chiba michinori,ミチノリチバ
amano meme,うーん
ido (nothing679),Ido（Nothing679）
yukine,ユキネ
mtk (souko),mtk（souko）
amamiya (re-amamiya),amamiya（remamiya）
nina (maurururoa),ニーナ（マウルロア）
nyuukazai,nyuukazai
bakenekomata,バケネコマタ
futaba yodoyume,Futaba Yodoyume
heo (tkgm),Heo（tkgm）
ashitaba kemo,Ashitaba Kemo
reku hisui,Reku Hisui
hiep studio,HIEPスタジオ
pastahands,パスタハンド
sumi otto,スミ・オットー
liangyilin,liangyilin
touwa iyo,Touwa Iyo
cien (shikanokuni),Cien（Shikanokuni）
olivia (yh),オリビア（YH）
ya chuifeng lai,Ya Chuifeng Lai
catshi,キャット・シー
po pooch,PO POOCH
kappamaru,カッパマル
route39,ルート39
skying,スキー
hironoshousei,Hironoshousei
midori (searchlight),ミドリ（サーチライト）
houshi,ハウヒ
kazue kato,カズー・カト
quely (kalines),Que Meng Meng
daikazoku63,daikazoku63
michelle (ooo-anteat),ミシェル（ooo-anteat）
kasei yukimitsu,Kasei Yukimitsu
sun zha,サン・zha
zikryzero,Zikryzero
tayama midori,Tayama Midori
neiigal,ネイガル
yukinoshita (shaonjishi),Yukinoshita（Shaonjishi）
s16xue,S16XUE
hiyunagi,ヒユナギ
enotou (enotou moi),enotou（enotou moi）
travo,トラボ
ootsuka kotora,Ootsuka kotora
fujisaki yuu (nkrm),藤崎Yuu（nkrm）
akeyama,akeyama
naomasap,ナオマサップ
himeshita johnny mafuyu,ヒメシタジョニーマフユ
ariatorai,ariatorai
minatsuki hitoka,ミナツキトカ
yuutarou,ゆく
54cr,54cr
mian lu,ミエル
remyfive,remyfive
mazeru (jisjifin),マゼル（ジフィン）
wcks0774,WCKS0774
jinnai10,jinnai10
donki (yeah),ドンキ（ええ）
mochizuki kazuto,カズキ島
kuromaru9,紅9
collateral damage studios,担保損傷スタジオ
crunchobar,Crunchobar
rakavka,Rakavka
sentaku-bune,Sentaku-Bune
shindayomon,Shindayomon
shimeta hiromitsu,シメタ・ヒロミツ
chinoru,チノル
ni piao xiancai,ni piao xiancai
fisticuffs club,FISTUFFSクラブ
shinomy,shinomy
iyau,iyau
pinkiepies2,PinkiePies2
lucky keai,ラッキーケアイ
nanatsuki (arca-nize),ナナツキ（arca-nize）
ichigoame,Ichigoame
hikyakuashibi,hikyakuashibi
arhah,アーハ
kanamura ren,kanamura ren
kiryuu aoko,キリュー・アオコ
masunosushi,マスノスシ
aiha-deko,aiha-deko
nekoro (nekokabuto),ネコロ（ネコカブト）
yohaku aki,ヨハクアキ
shimoku reyu,清水レユー
ichiko oharu,西島大島
tsuna (so da77),ツナ（だからDA77）
paco (eien mikan),パコ（エイエン・ミカン）
kodama naoko,コダマナオコ
kno (anahita),Kno（anahita）
edo.,江戸。
herishop,ヘリシップ
sai ichirou,サイ・イチロウ
azuma kei,アズマケイ
dogxfish,Dogxfish
niro (sikabanekurui),niro（sikabanekurui）
heizou (hezo3361),heizou（hezo3361）
hanusu,ハヌス
nikku hikikomori,ニック・ヒキコモリ
bzerox,Bzerox
solaris (sinhyg),solaris（sinhyg）
yuriniel,ユリニエル
kiriyama2109,kiriyama2109
mayu (airmods),マユ（エアモッド）
wuke euco,wuke euco
mafen,マフェン
koko (oyasuminasai),KOKO（Oyasuminasai）
drawinglee,Drawinglee
hei yu,hei yu
yucco kxoxc,Yucco Kxoxc
mayosuke,マヨネラル
uricotake,尿道
shimetta masuta,シメッタ・マスタ
sxupxdxxy,sxupxdxxy
somalisu,ソマリス
tenkomori (nirastrator),テンコモリ（nirastrator）
nameneko (124),ナメネコ（124）
yonago miko,ヨナゴ・ミコ
shin'ya natsuki,新師natsuki
mamiya miya,Mamiya Miya
sumomo kpa,SUMOMO KPA
choco (moyasi),チョコ（モヤシ）
dejio,デジオ
akaji (alpha0107),アカジー（alpha0107）
kabu (yuyuibob),kabu（yuyuibob）
rafael-m,ラファエル-M
maho (drmaho1),マホ（drmaho1）
himetsuba,ヒメツバ
toriko (hatoriko),トリコ（ハトリコ）
woshinon,ウォシノン
the cecile,セシル
raichi (litchixlitchi),ライチ（litchixlitchi）
natsu-no-kamisama,ナツ・ノー・カミサマ
bati15,bati15
goe,Goe
ya99ru,Ya99ru
kuroyuki,黒子
miwa (ahyuck),ミワ（アヒヤック）
takami ryou,高木you
raamen,ラーメン
gge (gebback dark),GGE（Gebback Dark）
zhourues,ZHOURUES
oriuo q,oriuo q
shou mai,shou mai
fuyuki jun,藤井ジュン
bokiboki333,bokiboki333
bo-tsu (hyrkgk),bo-tsu（hyrkgk）
vanta-black,ヴァンタブラック
kishimasa,キシマサ
yuizayomiya,ユイザヨミヤ
winterfall (artenh),ウィンターフォール（アルテン）
kamehima,カミマ
same (g shark),同じ（gサメ）
mozuku (mozuuru0323),Mozuku（Mozuuru0323）
maeda mic,Maeda Mic
aino (acilealaulica),アイノ（acilealaulica）
kos-owl,Kos-owl
alha,アルハ
kirome toru 2,キローム・トル2
asaba0327,Asaba0327
sawawse,Sawawse
zukan (db tyoutyo),ズカン（db tyoutyo）
hiroserii,hiroserii
lee byung hee,リー・ビョンヒ
yui 4293,Yui 4293
tachibana chata,タチバナチャタ
konimaru,コニマル
lutecia syndrome,Lutecia症候群
rinrin (user tvcf4347),Rinrin（ユーザーTVCF4347）
sonosakiburi,ソノサキブリ
ssumbi,スンビ
kannuki hisui,カヌキ・フイ
makaroni,マカロニ
okubyou yuuki,okubyou ooki
hanaarts,ハナアーツ
yamineko,ヤミネコ
naozi,naozi
maeashi,マージー
mr.milk caramel,ミルク・キャラメル氏
amane (funfun),Amane（Funfun）
pr (puru),PR（puru）
morihaw,モリホ
sumishuu,sumishuu
judge martin,マーティン裁判官
mirunai,ミルナイ
balusah,バルサ
tang xinzi,Tang Xinzi
oobashin,Oobashin
mame-p,mame-p
shibuya susano,シブヤ・スサノ
kirihane,キリハネ
ero shocker,エロショッカー
akai toshifumi,アカイ・トシフミ
chikkuru,チクル
kieeyo,キエヨ
mutsuki ginji,ムツキギンジ
tanakahazime,タナカハジメ
kogawa,コガワ
nishi,西
kurudaz,クルダズ
ibui matsumoto,イブイ松本
shi zhuzi da,Shi Zhuzi Da
windyakuma,ウィンダクマ
soaryuna,soaryuna
campanula-star,カンパニュラスター
kukkuru,ククル
ocha (hutuumikan),ocha（hutuumikan）
starbottle,スターボトル
saotome hiyori,saotome hiyori
roten (rotenburo),Roten（Rotenburo）
osanai,オサナイ
niratama-don,niratama-don
hadean92,Hadean92
mimippu,ミミプ
onsen tengoku,温泉tengoku
ohgaki m,Ohgaki m
shigure (shigure 43),シギュア（シギュア43）
ataru (7noise),アタル（7noise）
koretsuna,コレツナ
azibuda,アジブダ
papo,パポ
sasano shiki,ササノ・シキ
peachpulsar,ピーチパルサー
yuura shiu,Yuura Shiu
two-cat-walk,2キャットウォーク
anthiea,anthiea
so tsubasa,だからツバサ
atric18,Atric18
serota,セロタ
gaien (willtame),ガイエン（Willtame）
helmet (touhu812),ヘルメット（Touhu812）
potato house,ポテトハウス
parallela66,Parallela66
auzenhaito,auzenhaito
soda (sodachuxd),ソーダ（sodachuxd）
watanabe keisuke,渡辺keisuke
ryan jampole,ライアン・ジャンポール
haragaita i,ハラガイタi
yoshihiro (yoshihiro12190),ヨシヒロ（ヨシヒロ12190）
poyeop,Poyeop
sara manta,サラマンタ
9so (ponchon),9SO（ポンチョン）
9h,9時間
parayang,パラヤン
natedecock,natedecock
sukoyasu r,スコヨスr
naglfar,ナグルファー
vhumiku,vhumiku
zhongliguominzheng,牙xue jun
athena av,アテナav
hibren,ヒブレン
maita,マイタ
hamiko (hakogardenmiko),hamiko（hakogardenmiko）
hell angel,地獄の天使
bokuno,ボクノ
nidou (rechlo),nidou（Rechlo）
yam (yam6056),ヤム（ヤム6056）
yamaguchi sapuri,山口サプリ
aitaso,アイタソ
hikari no,ヒカリいいえ
hikaru (mikan0407),hikaru（mikan0407）
fall (aki),fall（aki）
reio,reio
hisanoworld,hisanoworld
matsuda shin,マツダシン
pick'k,Pick'k
tanaken,タナケン
kubooka toshiyuki,クブーカ・トシユキ
nattapuumuu,nattapuumuu
mimit,ミミット
sasanoha toro,ササノハトロ
nasunasuurin,ナスナスウリン
cheesestyx,Cheesestyx
kojima ayami,小島ayami
konno shimako,コノ・シマコ
noukyo (noukyou),Janoukyo19
chika (keiin),チカ（ケイン）
gask (architect 2d),ガス（建築家2d）
virusotaku,Virusotaku
suchi (fsur7444),suchi（fsur7444）
toyo (c8),Toyo（C8）
kanataria,カナタリア
tonari no kishida,Tonari No Kishida
erinan,エリナン
mahiro takeumi,マヒロ・タケミ
sekichuu (unholywars12),sekichuu（shololywars12）
kyo (krokikyon),京（クロキキヨン）
yoneko,ヨネコ
watchdog rol (y1104280730),ウォッチドッグROL（Y1104280730）
sin.,罪。
amedama (akaki 4207),アメダマ（アカキ4207）
kurose yuuki,黒雪子
haruno ichigo,春野いちご
ogawa hidari,小川・ヒダリ
mayonaka reiji,0:00
shiki karuta,シキ・カルタ
macartura08,Macartura08
cai (caiirocai),acaallodola
eien no 24-sai no shakai hito,eien no 24-sai no shakai hito
bysau,bysau
yu-ga,yu-ga
johnnie,ジョニー
mori kaoru,森カオル
oobayashi mori,オバヤシ・モリ
ryuko lee,リュウコ・リー
awa suna,awa suna
cglange,cglange
l.wolf,L.Wolf
hiki togu,hiki togu
engawa suguru,エンガワスグル
hiyoko (chick's theater),ヒヨコ（ひよこの劇場）
davecavedraws,Davecavedraws
motohashi mari,ネムリズム
sly930105,SLY930105
puchidori,プチドリ
ushinomiya,ushinomiya
jay156,Jay156
taka (sanoujo358),タカ（sanoujo358）
una (mazinger),ウナ（マジンガー）
nao (necomugi),ナオ（necomugi）
heitian keji,ハイチアン・ケジ
nanao (skb48 n),nanao（skb48 n）
matsuya (pile),マツヤ（パイル）
namuro,ナムロ
sally (pacch0614),サリー（PACCH0614）
handsofmidaz,Handsofmidaz
t0da,T0DA
shuga (mhwii),Shuga（Mhwii）
ayuko91,ayuko91
soriku,ソリク
otohime (kk23maa),otohime（kk23maa）
ueno chiyoko,上野chiyoko
dhjs 0010,DHJS 0010
1629doyasa,1629Doyasa
yurigaoka nayuki,Yurigaoka Nayuki
kuramoto kaya,Kuramoto Kaya
murata (igaratara),村田（イガラタラ）
red plate (kyuu45),赤いプレート（Kyuu45）
onodera (einsatz),onodera（einsatz）
nyaa28,NYAA28
ez 1011,EZ 1011
gara ayuri,ガラアユリ
langya beike,langya beike
tnaym,tnaym
takasaki (rock rock),高崎（ロックロック）
izuna masaru,イズナ・マサル
ajahweea,ajahweea
yuzutosen,Yuzutosen
eureka (eureka-0075),ユーレカ（eureka-0075）
jungtong,ジャングトン
ooda karashi,ODA（101511a）
kurono hyouka,クロノ・ヒューカ
hiisu (s-1104-d),hiisu（s-10104-d）
cyberunique,Cyber​​unique
hitomi kazuya,hitomi kazuya
korogoro (mago0057),コロゴロ（Mago0057）
jdori,jdori
bream-tan,ブリームタン
gagamatsu,ガガマツ
z.dk,Z.DK
jariinu (gomasionori),Jariinu（Gomasionori）
brasowa,ブラソワ
nakahara kaihei,中原kaihei
haregama shiina,Haregama Shiina
spizzy,スピジー
komazuki (komaworks240),Komazuki（Komaworks240）
kobeni,コベニ
sakuramochi usa,Sakuramochi USA
yuhuan,Yuhuan
tsugumi (uzurabird),ツガミ（ウズラビード）
ayamatazu,アヤマタズ
hino mamori,田山明
katsuragimay18h,Katsuragimay18H
shikajima shika,シカジマシカ
suke akurou,スケ・アクロウ
theironmountain,彼らのマウンテン
edwintarm,edwintarm
nagumo kuu,ナグモクウ
gochiwa,ゴチワ
panda inu,パンダ・イヌ
jjuha6,Jjuha6
ikasoke (likerm6au),イカソーク（likerm6au）
sachi (yumemayoi),サチ（Yumemayoi）
happiness lilys,幸福リリー
bocha (gotipoke),ボチャ（gotipoke）
sazaki hiyoru,サザキ・ヒヨル
sseli,sseli
kogalashi,コガラシ
tekin,テキン
lost elle,失われたエル
lwj,LWJ
mikawa sansen,ミカワ・サンセン
deeple,ディープ
zeni,ゼニ
agnidevi,アグニデヴィ
yomegane,ヨメガン
kodama yuuki,コダマユーキ
kyosu,京都
eco (petticoat),エコ（ペチコート）
konata (knt banri),コナタ（knt banri）
mogiko,モギコ
tomoya (artist),トモヤ（アーティスト）
rurisakura,ルリサクラ
ntny,ntny
utsuwa,utsuwa
oshou (o shou),oshou（o shou）
caribun,カリブン
shigaoka,ぶら岡
shoron,ショロン
tegami (kch7683),テガミ（KCH7683）
qswan,QSWAN
kareha aki,カレハアキ
umekobushi,UMEKOBUSHI
hinoka (allen),hinoka（アレン）
flan (zhd91),フラン（Zhd91）
c home,Cホーム
gakei3,Gakei3
koki (latte1023),コキ（latte1023）
amamiya kabosu,amamiya kabosu
gacha (ssaketen),ガチャ（ssaketen）
ashujou,Ashujou
inagata,inagata
luxuria,ルクスリア
toranpo rintarou,Toranpo Rintarou
fumi (fumifumi-graffiti),fumi（fumifumi-graffiti）
bara (totocos),バラ（トトコス）
ryumikooo,ryumikooo
todo (masa3373),TODO（MASA3373）
lextodrawstuff,lextodrawstuff
edo tatsuki,江戸tatsu
yamano (151515),ヤマノ（151515）
kinokko,キノッコ
hoshirail,あの女の子たち
bloodcatblack,ブラッドキャットブラック
midori boushi,ミドリ・ブーヒ
shuizhanglang,shuizhanglang
hanno,ハンノ
pltrgst,pltrgst
mazuka kei,マズカ・ケイ
nakasaki hydra,中崎ハイドラ
muhamaru yuni,ムハマル・ユニ
fukurou (suga0930),福音（Suga0930）
dororosso,ドロロッソ
shizumi satou,shizumi satou
miyoshi yun,ミヨシユン
sarmat,sarmat
nan (gokurou),ナン（gokurou）
pride chicken,プライドチキン
lyxu,lyxu
waribashi-p,ワリバシ-P
yimu,イム
deany,ディーニー
tocope,トコープ
komurapk,Komurapk
shanaharuhi,シャナハルヒ
izumi kouyou,Izumi Kouyou
tsubame (minami haruka),ツバメ（har harka）
saxyun,サクシュン
hoshi akari,ホシアカリ
finni chang,フィニャン
saru 000,saru 000
shida (xwheel),shida（xwheel）
hokuto shun,北野shun
nn tasu,nn tasu
ja mong,Ja Mong
jyouden,Jyouden
naoharu (re barna),naoharu（re barna）
kima,キマ
kobone awaki,kobone awaki
ono (ohno ha),小野（Ohno ha）
moto (otemoto02),Moto（Otemoto02）
nametake (nekoyasya12172),nametake（nekoyasya12172）
nukotama,ヌコタマ
kira kazuki,キラ・カズキ
hasekura noizu,Hasekura noizu
salty eyes,塩辛い目
oetaro,オエタロ
hayami ritsu,ヤヤミ・リツ
rayuse,レイズ
biskekun,ビスケクン
nosetissue,nosetissue
rio (rio 01),リオ（リオ01）
ktm,KTM
kusunokinawate,クスノキナウェイト
haneiro,ハネイロ
philiera,フィリエラ
piper thibodeau,Piper Thibodeau
sasisage,セイシス
kuro (1968),クロ（1968）
namatarou,namatarou
miravi,ミラヴィ
amanooni touri,アマノーニツアー
beniko,ベニコ
luu,ルー
mame usagi,マメダギ
96dgd,96dgd
deep grand,深いグランド
keny,ケニー
jum (parallel parasol),ジャム（平行パラソル）
tajima nao,タージマナオ
yoshio (440),ヨシオ（440）
azuma mayumi,Azuma Mayumi
kemoribon,ケモリボン
tomcat,トムキャット
chitose rin,チトースリン
marneko,マルネコ
iyamato,iyamato
utaori,ウタオリ
yun (neo),ユン（ネオ）
meso (goma-meso),Meso（Goma-Meso）
archienemy,アーキネミー
poni (rito),ポニ（リト）
ryou (kimagure),リソウ（キミー）
nijou makoto,Nijou Makoto
kogarashi (wind of winter),コガラシ（冬の風）
iandrea,Iandrea
tokiwa png,トキワpng
messier number,厄介な数
e-nya,e-nya
awata mokane,Awata Mokane
natsu yasai,ナツヤサイ
minazuki (jo),ミナズキ（ジョー）
xinta,XINTA
rickert kai,リッカート・カイ
h26r,H26R
devil lo,悪魔lo
utsugi tsuguha,utsugi tsuguha
nukunuku,ヌクヌク
kotatsu-spirit,コタツ・スピリット
ruisselait,Ruisselait
shima tokio,清道tokio
apita (apitaro),アピタ（アピタロ）
tanukikouji midori,Tanukikouji Midori
saane,saane
dobito mn,Dobito Mn
jeje (pixiv12541114),jeje（pixiv12541114）
okano hajime,オカノ・ハジメ
robot (pixiv 42325944),ロボット（PIXIV 42325944）
jin (mitosupa),ジン（ミトスパ）
ctiahao,Ctiahao
tousaki (tousakiworks),ツサキ（ツサキワークス）
yuyumi (yuurei),ユユミ（ユレイ）
sakuradukihina,ひこ（shokuyou）
pazuzu438,Pazuzu438
pongu,ポング
beckey9415,Beckey9415
goemon1110,goemon1110
yomogi (becr),Yomogi（Becr）
mugimeshi (midorimugi008),asame21
takahashi record,高橋記録
kida sukizou,Kida Sukizou
koromoya,コロモヤ
mochizuki hull,モチズキハル
zutaboro,ズタボロ
megumi yakiniku,Yakiniku Megumi
shibamoto thores,震え
mayonnaise (ringo gakuen),マヨネーズ（Ringo gakuen）
kurasuta,クラスタ
hwanhee,ハワンヒ
yamoge,ヤモゲ
nc empire (circle),ノースカロライナ帝国（サークル）
nighttsound,ナイトサウンド
299 (horisso),299（ホリッソ）
ozyako,オジャコ
alov,アロフ
riri (ri0177),riri（RI0177）
ekaki no mime,ekaki no mime
verus,Verus
kacchu musume,カッチュムサメ
plushcharm,PlushCharm
tukemono6,Tukemono6
fedsnk,Fedsnk
yanfei u,ヤンフェイu
dre,ドレ
mr study,ケベイ
yomo (rb crr),ヨモ（RB CRR）
shiro gisu,シロ・ジス
galleon-joe,ガレオンジョー
taku pi,タクパイ
jou (mono),jou（モノ）
hisana,ヒサナ
alle gro,アレイ・グロ
amano sakuya,Amano sakuya
takane (lovehatsune),タカネ（ラブハツーン）
popompon,ポポンポン
hijiri (xxhizirixx),hijiri（xxhizirixx）
hikotou (sao73cat),hikotou（sao73cat）
yoshihara motoki,ヨシハラモトキ
spooki,スプーキ
aozame takao,aozameタカオ
sirotuki ito,Sirotuki ito
dlkdhy,dlkdhy
soranakidayo,Soranakidayo
momi yuro,Momi Yuro
kakueki-teisha,Kakueki-Teisha
dalehan,ダレハン
azumaya (miyui001),アズマヤ（miyui001）
yuuki shishin,ユキ・シシン
asutoro (s--t),asutoro（s  -  t）
mrpeanut 88,MrPeanut 88
naavs,Naavs
sukoyaka gyuunyuu,スコヤカ・ギュウニュウ
jie xian (tsuki),ジー・シアン（津波）
kinoshita (air hike),キノシタ（エアハイキング）
zaki (loud factory),ザキ（2872849）
katsura dendou,Katsura dendou
lser116,LSER116
chiki (botugo),チキ（botugo）
naoya come,ナヤが来る
han gong,ハンゴン
m2 (guvn5745),M2（GUVN5745）
qing,清
ryuusaki rei,リュウサキレイ
kapebeansies,Kapebeansies
hana no yo,hana no yo
marcus (rnarccus),マーカス（rnarccus）
onene,oneene
yco 030601,YCO 030601
souki lankni,Souki Lankni
tenshin kagehisa,Tenshin Kagehisa
hamon ai,ハモンAI
bangsutur,バンズツール
kymp,カンプ
belka dog,ベルカ犬
yamada (fanfantaisa),山田（ファンファンタイサ）
aketa chika,アカケチカ
suzuno (kazahanasu),スズノ（カザハナス）
yue zi,Yue zi
saida kazuaki,サヤ・カズアキ
zen (raspberry),禅（ラズベリー）
satou kivi,佐藤kivi
lazycoffee (wyen iscordo),Lazycoffee（ワイエン・イスコルド）
lrpanda00,lrpanda00
katsuto,カツト
uu3cm,uu3cm
kokuyouseki,kokuyouseki
tsukasa kinako,ツカサ・キナコ
yatsunote,YATSUNOTE
kusama takato,クサマタカト
nal (nal's pudding),nal（nal's Pudding）
ariga nao,アリガ・ナオ
noa ikeda,ノア・イケダ
masso nullbuilt,Masso Nullbuilt
uno ichi,UNO ICHI
kawamori shouji,川mori shouji
ket-c,Ket-C
adultonly,Adultonly
hakkatou,hakkatou
fuyusuke (hz+),富士（Hz+）
dama,ダマ
slowpit,slowpit
keruberosu-a,keruberosu-a
ginjuuji,ギンジウジ
neuron (exceed),ニューロン（超過）
initial f,初期f
shiumai,シウマイ
sakamoto atsumu,坂本aTsumu
ecien,Ecien
chong feigiap,Chong Feigiap
kazuki kotobuki,小川和口
mahkn,Mahkn
mushi baibai,ムシバイバイ
oharu,オハル
tefu,tefu
mimizuki (mimizuki p),sousuke（souteke）
jeran (ggokd),ジェラン（ggokd）
kuno touya,クノトウヤ
takemoto yasuhiro,ヤシュヒロタケモト
hongcha (roels),ホンチャ（ロールズ）
chokuro,チョクロ
popo take,ポポが取る
koukou (climacool),Koukou（climacool）
mojakkoro,モジャッコロ
plastic moon,プラスチック月
hsmoji,hsmoji
joaowbenfica,Joaowbenfica
somnium,ソムニウム
saichi (meme+),サイチ（ミーム+）
yuan (ziranran),元（ジランラン）
kakaaru,カカル
kumoya yukio,クモヤ・ユキオ
takobe,タコベ
norapeko,ノラペコ
masamune oekaki,マサミューン・オカキ
wawawa (hisuterisisusa),ウォワワ（hisuterisisusa）
hu tu,Hu Tu
wuming,ウーミング
igaiga,イガイガ
kamo 0707,カモ0707
macchaume,MacChaume
mizuki (ekakichan),ミズキ（エカキチャン）
matsuyama nozomu,松山大omu
alcd,ALCD
ceramic man,セラミックマン
konatsu miyu,コナツmiyu
nakagawa kanon (pixiv32798535),中川カノン（PIXIV32798535）
kuroo (project apricot),クルー（プロジェクトアプリコット）
maco (macoillust),マコ（マコイラスト）
chika (toumei kousoku),チカ（Toumei kousoku）
takitou,タキトウ
shimano,シマノ
yamaguchi yuu (norisu),山口Yuu（norisu）
yuurinmoku,Yuurinmoku
tama go,タマは行きます
kurono kuro,クロノ・クロ
kumaori,クマオリ
annlin,アンリン
lakestep55,lakestep55
keikyu (tiltedcube),keikyu（tiltedcube）
kofucchi,コフッキ
kgctcg,kgctcg
keshigomu,ケシゴム
shirouri,シロリ
aki (chromaticclip),aki（ChromaticClip）
ichimoku (tansio5),一方（tansio5）
hanepochi,ハネポチ
yandama,ヤンダマ
venusflower,venusflower
yumeha tseru,Yumeha Tseru
hibiki tohru,hibiki tohru
sunligh mao,Sunligh Mao
mikujin (mikuzin24),ミクジン（mikuzin24）
raayu (0u rayu),Raayu（0u Rayu）
k29,K29
mare6ns,mare6ns
nonderi,非デリー
damagefloor,ダメージフロア
marakasu (chinkasu),マラカス（チンカス）
koeri,コエリ
dong (wandong44944),ドン（wandong44944）
makoto (dandelion),マコト（タンポポ）
chi yei,Chi Yei
neko usagi,ネコ・ウサギ
konoshita kiyomasa,コノシタキヨマサ
hasu (zatsugami),hasu（zatsugami）
tore (ksg666xxx),tore（ksg666xxx）
fujimaru (kinakomucch),藤原（kinakomucch）
akiosketch,akiosketch
benchen06,Benchen06
ono toshihiro,小野toshihiro
paaru,パアル
leng sediao kafei,Leng Sediao Kafei
inuue kiyu,inuue kiyu
haniyama kurofo,Haniyama kurofo
bunzou,bunzou
sugino (patrassyar),スギーノ（パトラッシャー）
pigeon (wejil),ハト（ウェジル）
tam a mat,マットをタム
yumoteliuce,Yumoteliuce
chabasu,チャバス
akino irori,IRORI佐野
kikino,キキノ
naemperor,Naemperor
takano hayato,タカノ・ハヤート
kogetail,コゲテイル
ailiner7060,ailiner7060
sangue llia,Sangue Llia
taka (suigendou),タカ（suigendou）
mada (shizhou),マダ（shizhou）
nunosei,ヌノセイ
shokkaa (shmz61312),shokkaa（shmz61312）
ayuka,ayuka
sak1023,SAK1023
tsugomori (remilia0398),つまずき（レミリア0398）
sake (kadai),日本酒（カダイ）
kurasaki cority,黒崎cority
oonishi shunsuke,ronishi shunsuke
sakikagami,サキカガミ
shamo (ptwmjgda),シャモ（ptwmjgda）
linch,リンチ
mokaffe,モカフ
ichita kuuto,fley3black
mitsugetsu,Mitsugetsu
yuuichi katou,吉井katou
shishamo@,shishamo@
piuta,ピュータ
tsumidango,ツミダンゴ
seitsuji,seitsuji
sabusupi,サブスピ
genocide kitten,ジェノサイド子猫
yamatogawa,山道
nogami (minamiituki),nogami（minamiituki）
ayamoto,ayamoto
hachiya,ハチヤ
asana,アーサナ
kittaka kaname,キタカ・カナメ
amiba00,AMIBA00
maisaki,マイサキ
rick.black,Rick.Black
nishikawa ari,西川ari
az0212,AZ0212
tepes,テペス
koushisong,Koushisong
ogarasu,Ogarasu
jonejung,ジョニジュン
hinamayo,ひこ
hayashi ekyuu,林ekyuu
nyxkz,nyxkz
467 (artist),467（アーティスト）
junda,Junda
furai sen,Furai Sen
chinako,チャイナコ
kumada kazushi,Kumada Kazushi
akito (ao's club),アキト（AOのクラブ）
genkidaun,genkidaun
fuurisuto,fuurisuto
jas (annkoromochi),Jas（Annkoromochi）
anna (small night),アンナ（小さな夜）
asano shimon,アーサノ・シモン
kura noi,Kura Noi
motofumi,モトフミ
pimopi,ピモピ
yumemo,ユメモ
aruse yuushi,アルセユシ
catneylang,キャットニーラン
bu4321,BU4321
yamada yuuji,山田ユウジ
tachiuo (arines),タチウオ（アライン）
nankotsu,ナンコツ
lenxiao,lenxiao
kinokoutarou,Kinokoutarou
fireflysnow,Fireflysnow
gecotan,gecotan
megane poni,Megane Poni
rx hts,Rx HTS
corette,コレット
mm39572,MM39572
jian huang,Jian Huang
poinikusu,Poinikusu
kadowaki miku,川岸ミク
miraino tsubasa,ミラノ・ツバサ
nao (naobinarydigit),nao（naobinarydigit）
fujisee,Fujisee
moon (yfsp7823),月（YFSP7823）
megotokyo,Megotokyo
roamingtuna,Roamingtuna
naruho,ナルホ
nikomiudon 06,Nikomiudon 06
yves bigerel,Yves Bigerel
seityr,Seityr
sino (mechanized gallery),sino（機械化されたギャラリー）
sakamoto kazuya,坂本河口
goldmondsel,ゴールドモンドセル
sara (arorasyeimi),サラ（arorasyeimi）
kenkaizar,ケンカイザー
blolo,BBB（FABIO8552）
jinrai (owl12),jinrai（owl12）
togase kei,シーイナ（vuurrood）
comcom,comcom
uraraku shimuni,ウララク・シムニ
nana895,NANA895
akino (gokosei),藤野（gokosei）
mikoccccchan,Mikoccccchan
cokata,コカタ
fukagawa kasumi,福川川
shirokuro (lapinnoir),聖堂（ラピノア）
hazuki yu-chi,アママ
sawayuzu,佐藤
thar chandran,Thar Chandran
yukimura hajime,久村船尾
hajime (wkpz8247),ハジメ（wkpz8247）
honehone,ホーンホーン
asaya-bigun,アサヤビグン
kensei (v2),Kensei（V2）
nwon'yo pasun,nwon'yo pasun
xi ying,xi ying
ara (sora-ageha),ara（sora-ageha）
coon,coon
denim2,デニム2
rnkgmn,rnkgmn
azaya (kuroi azaya),アザヤ（クロイ・アザヤ）
mitora5,mitora5
anidante,アニダンテ
nunun,ヌン
koyomiuta,コヨウタ
dojipan,ドジパン
pimmy,ピミー
nukogami (minniecatlove21),ヌコガミ（Minniecatlove21）
bon,ボン
lunarclinic,lunarclinic
akilico,アキリコ
sanada nako,サナダ・ナコ
mashiro03,Mashiro03
aruciii,aruciii
hanzawa821,ハンザワ821
ifelt (tamaki zutama),Ifelt（田中星）
sakazu mekasuke,坂下mekasuke
shuangfeng,shuangfeng
fujimaki nora,藤山ノラ
shinalpha,shinalpha
isshin (kaxz),イスシン（kaxz）
mamegohan,マメゴハン
tayuura (kuwo),Tayuura（Kuwo）
hakinikui kutsu no mise,Hakinikui kutsu no mise
fuyuhi tsukika,フユヒ・ツキカ
greasymeta,Greasymeta
r31harutan,R31HARUTAN
kiitos,キトス
nanashiba (banntlla),ナナシバ（バンツラ）
yousan (pixiv540898),yousan（pixiv540898）
drogoth,ドロゴス
wavesheep,Wavesheep
0x3,0x3
yohinori,ヨヒノリ
holmy (holmesdmode),ホルミー（holmesdmode）
muq,Muq
delta zone,デルタゾーン
macayase,マカヤゼ
ningzzz,ningzzz
minazuki (0038),ミナズキ（0038）
piaisai,ピアサイ
gou haihaihaihai,Gou Haihaihaihai
mikan-ya,ミカンヤ
sutaku77224,Sutaku77224
hentai kuwa,ヘンタイ・クワ
celestial s,天体s
sonomura,ソノラ
suguharu86,suguharu86
8'108,8'108
magatan,マガタン
banchengping@126,banchengping@126
kongbai,コンバイ
tong (freedom2000),Tong（Freedom2000）
okamen,オカメン
petsuo (penpen),ペツオ（ペンペン）
moosopp,Moosopp
a.f.o,A.F.O
goskt10trr,goskt10trr
minoshi,ミノシ
sakuru,サクル
hikari hachi,ヒカリ・ハチ
shirakawa mey,シラカワ・メイ
icebox46,Icebox46
olmatown,オルマタウン
washout008,Washout008
aisa (micuma),AISA（微小）
kosuke orz,コスケ・オルツ
mongarit,モンガリット
hamalu,ハマル
hideousbeing,恐ろしい
insarability,隔離性
surume (su1193),Surume（su1193）
akira (aristole),アキラ（アリストール）
fujisaki ribbon,藤井リボン
otsunabe (naabe delta),オツナベ（ナベデルタ）
nattou mazeo,Nattou Mazeo
yumi (soak1111),ユミ（Soak1111）
yuzukiaz,Yuzukiaz
sageo yn,Sageo yn
9wa,9wa
noda yasuyuki,ノダ・ヤスユキ
kate-fox,ケイト・フォックス
ouer moyu,ouer moyu
shibayuki,忍
satom,atom
hatoro kuroyoshi,Hatoro Kuroyoshi
parusu (ehyfhugj),Parusu（ehyfhugj）
murata ryou,ムラタ・リョウ
kiomota,キオモタ
sumery,sumery
kitatyoco,Kitatyoco
shidoh279,shidoh279
k.pumpkin,K.Pumpkin
fajar kurniawan,ファジャール・クルニアワン
mapyarong,mapyarong
amano misaki,アマノ・ミサキ
suupii,suupii
violetsang,バイオレツァン
inoue jun'ya,井上jun'ya
buttslayer,バットレイヤー
anpolly,アンポリー
azaka (rionrita),アザカ（リオンリタ）
fujisaki kaon,藤井カオン
shiina yuu,シーナユー
matsuzaka (matsuzakagyu 29),マツザカ（松井29）
oishii ishiwata,oishii ishiwata
koromo (kinu),コロモ（キヌ）
nobell (bell no5),ノベル（ベルno5）
utai yumi,ウタイ・ユミ
sakanasoko,サカナソコ
decchi oyabun,Decchi oyabun
atkm2,ATKM2
mikisato,ミキサート
shouko (airen),ショーコ（エアン）
warabi (danngo-mitarasi),ワラビ（ダンゴ・ミラタシ）
beriko (dotera house),ベリコ（ドテラハウス）
rakisuto,ラキスト
shizuki sayaka,ぶらんささよなの
nagomi tozakura,名石城
genzou (me genzo),genzou（me genzo）
arisato yui,arisato yui
konachiu,コナチウ
koroneri,コロネリ
ajigo,アジゴ
celestea tera,Celestea Tera
masikakuma,マシカクマ
kurogane tekki,Kurogane Tekki
verse,詩
k-ta,k-ta
lilithmy,リリスミー
pasheri,パシェリ
hirondo,ヒロンド
aegissanp,aegissanp
ichiroku,一流
seminoyu,セミノユ
ruwoka,ルウォカ
futoshi ame,Futoshi Ame
z.boat,Z.BOAT
wen-m,wen-m
makoto (mk10),マコト（mk10）
senoo aoi,senoo aoi
inica,イニカ
neru (flareuptf1),neru（flareuptf1）
hiromyan,ヒロミアン
thaumazo,Thaumazo
shikishima gangu,聖書gangu
chaos 0829,Chaos 0829
levasoj,レバソジ
fluorart,fluorart
yamada akihiro,山田秋原
tora (trampjing),トーラ（トランピング）
inumaru akagi,イヌマルアカギ
tanaka kii,タナカキイ
kawasumi (tk2k jade),川osumi（tk2kジェイド）
riochan,リオチャン
shirakawa mayumi,シラカワ・マユミ
noja,ノジャ
bacho,バチョ
opiu,opiu
tenpura noraneko,Tenpura noraneko
bianyuanqishi,Bianyuanqishi
b3,B3
umi (pixiv6861961),umi（pixiv6861961）
bh001,BH001
linez,ラインズ
kakinomai,カキノマイ
kawasaki toiro,川崎toiro
rakkuguy,rakkuguy
horonamin,ホロナミン
shisotex,Shisotex
kirimatsu,キリマツ
saijou karin,サイヨウ・カリン
u2suke,u2suke
yukibi (ykb),ユキビ（YKB）
nabe (ingenmame),nabe（ingenmame）
futabaaf,Futabaaf
ha.skr (hasukara),ha.skr（hasukara）
baeg mi,baeg mi
doitsuudon,doitsuudon
ze (0enmaitake),Ze（0enmaitake）
aluo 7762,Aluo 7762
yue yue1102,Yue Yue1102
tokorinowa,トコリノワ
dr. bug,博士バグ
nazuna shizuku,ナズナ・シズク
shiizaki hinaki,hiizaki hinaki
manuel castanon,マヌエル・カスタノン
ranch jjba,牧場JJBA
d midiror,Dミディラー
ujuju,ujuju
dmitriy samarkin,Dmitriy Samarkin
lmonster guai,lmonster guai
bsq,BSQ
mueririko,ムエリリコ
awakeningdog,AwakeningDog
kenao,ケナオ
aroddst4,aroddst4
elec bobo,エレックボボ
ha youn,ハヨン
minami machi,ミナミ・マチ
miiko (somnolent),ミイコ（somnolent）
tori (otori),トリ（オトリ）
mukamo (inujita),ムカモ（inujita）
chou saotome kenkyuujo,chou saotome kenkyuujo
99aj,99aj
takasakiyama monmon,高崎モンモン
megumoke,メグモーク
won (toufunokado),ウォン（Toufunokado）
natsuki yuu (minamino tsuki),ナツキユー（ミナミノツキ）
megafaiarou (talonflame 810),Megafaiarou（Talonflame 810）
g-tz,g-tz
houtei9,houtei9
katahira (hiyama),カタヒラ（hiyama）
tsunono,ツノノ
naharyou,naharyou
xiao lu,Xiao Lu
chihong de tianshi,チホン・デ・ティアンシ
nekotaririn,ネコタリン
nagiichi,ナギチ
aodu fumiyoshi,aodu fumiyoshi
u0rei,u0rei
inuinu (project october),Inuinu（プロジェクト10月）
bokustar fox,Bokustar Fox
dadaonee,neee-t
tottsuman,トットサマン
kujou kiyo,kujou kiyo
hitorigaoka,hitorigaoka
l-trap,Lトラップ
kato (mogumoguokome),加藤（Mogumoguokome）
nirak,ニラク
peakjump,ピークジャンプ
tkln,tkln
heemin,ヘミン
spiffydc,spiffydc
olesyaspitz,olesyaspitz
kuroneko sakon,クロネコ・サコン
yasu (yossy),Yasu（Yossy）
xtango,Xtango
pin.x,pin.x
watayuki,ワタユキ
flash tomo,フラッシュトモ
moratorian,モラトリアン
zhean li,Zhean Li
zouzou,Zouzou
kacka,カッカ
burujawa,ブルジャワ
usanekorin,Usanekorin
momo (fruits box),モモ（フルーツボックス）
miyuu,miyuu
ishida masayuki,石田島
zuowen,ZUOWEN
yamabuki7979,ヤマブキ7979
pakuchii,pakuchii
kagura tsukune,Kagura Tsukune
bokuden,ボクデン
mini (pixiv6327751),mini（pixiv6327751）
hazuki (pacco),ハズキ（パッコ）
8055,8055
rama (amaru),ラーマ（アマル）
miaohik,ミアオヒク
itou misei,itou misei
mizumidori,ミズミドリ
zeppeki shoujo,Zeppeki Shoujo
naizo (kimosugimasu),ナゾ（Kimosugimasu）
hone (koppun),ホーン（コップン）
shinocco,シノッコ
koke ojisan,Koke Ojisan
moonandmist,Moonandmist
no.aei,No.aei
unicron (brous),ユニクロン（鳥）
gureshi db,Gureshi db
nyarimia,ニャリミア
kitara koichi,キタラ・コイチ
lixsium,リックスシウム
crois,クロワ
neme jis,Vel Cuceed
sentou kouhei kitsune,Sentou kouhei kitsun
sassa (cb),サッサ（CB）
ooshima towa,Ooshima Towa
mgg (x arte),MGG（X Arte）
kajii supana,カジー・スパナ
riomario,リオマリオ
tempty (voice actor),誘惑（声優）
fuzino,フジノ
kusubii,kusubii
satsuki yuu (awairo),サツキユー（アワイロ）
ziyue,ziyue
itoi toi,itoi toi
inushida (dogsheepsheep),inushida（dogsheepsheep）
yuuri (vpxh7525),Yuuri（VPXH7525）
antenna (draconian),アンテナ（ドラコニアン）
shiva (tairakuten),シヴァ（Tairakuten）
moritakusan,モリタクサン
bk mita,BK MITA
captainkuma,キャプテンクマ
chagama (tyagama0927),チャガマ（Tyagama0927）
yensh,イェンシュ
efyuru,エフィウル
pinkmm,Pinkmm
ji dan,ジダン
chigusa,チグーサ
saiun sigma,Saiun Sigma
iseki shuuichi,Iseki Shuuichi
naccha (nawacchi),カズちゃん
altheavin,Altheavin
kamogawa (kamogawa sodachi),カモガワ（カモガワソダチ）
akabane (pixiv3586989),Akabane（PIXIV3586989）
urabe katsuto,ウラベ・カツト
ranemu,ラネム
uenoike (194753),Uenoike（194753）
yomi25,アカノ・ヨミ
sumi hei,sumi hei
xianjian lingluan,Xianjian Lingluan
yamashita ikuto,山下明子
iwasaki minako,岩崎minako
luelue zi,ルエルZI
nijipuka nuhu,ヌフチャ
itaro,イタロ
shirakamii,shirakamii
mikuri ouda,ミクリ・オウダ
ziu,ziu
ou negi,ou negi
sebychu,sebychu
byeoljagga,バイオルジャガ
kureihii,kureihii
suzu (user kdex8732),鈴（ユーザーkdex8732）
vivi (dakemakura),vivi（dakemakura）
sapphire satou,サファイア・サトゥー
yato hikaru (a lone prayer),孤独な祈り
soungruan mian mao,Soungruan Mian Mao
yonecchi,ヨネッキ
ane-suisei,ane-suisei
indee,インディー
asagawa mikan (peachy michi),ピーチミチ
nagatani (ngt 926),ナガタニ（NGT 926）
kairi (fotune),カイリ（fotune）
omodaka romu,オモダカロム
yamane masato,ヤマネマサト
mek number,Mek番号
lucky (1045044604),ラッキー（1045044604）
karamomo,カラモモ
kurogiri,黒子
tacticsalt,Tacticsalt
appi,appi
banamons,バナモン
scarlett (artist),スカーレット（アーティスト）
takunama,高野
mamezuka takashi,高橋村
miao yao cha,ミアオ・ヤオチャ
imoto yuki,イモトユキ
kuuneru,クウネル
gammatelier,ギャンマテリエ
tarokazu,タロカズ
afro (kngotezo),アフロ（kngotezo）
shuaigegentou,shuaigegentou
i-tsd,i-tsd
wo xuyao jiashui,wo xuyao jiashui
onitobico,Onitobico
usukuchi (impasto life),usuchi（inpasto life）
nishikuromori,nishikuromori
caramel (caramelmilk),キャラメル（キャラメルミルク）
kobiemon,Kobiemon
yukarigawa yumiya,吉川ゆく
corgi (corgi0322),corgi（corgi0322）
tio (005),ティオ（005）
houjoh (7th-heaven),Houjoh（7th-Heven）
honorikiti,Honorikiti
minyo,ミニョ
ku-ini,Ku-ini
dairoku tenma,Dairoku Tenma
higa norio,ヒガ・ノリオ
kuroshio (zung-man),黒島（Zung-Man）
weien,weien
kumo (kumo hsc0216),クモ（クモHSC0216）
qi==qi,qi == qi
muni (fdrk),ムニ（FDRK）
mijinko (barabadge),ミジンコ（バラバッジ）
sakuria,サクリア
geo siador,Geo Siador
chiku (gesu),チク（gesu）
monokuro (snog),モノクロ（スノグ）
sento (iroiro gottani),セント（イロイロ・ゴッタニ）
karo karo,カロカロ
fuyuumikou,fuyuumikou
keb00b,KEB00B
mos,モス
akr tmr,AKR TMR
yatsu seisakusho,YATSU SEISAKUSHO
sakura ai ke,さくらai ke
amefurin,アメフリン
kikuchi youko,kikuchi Youko
reki (dezuko),レキ（dezuko）
oohara tetsuya,Oohara Tetsuya
komori (komo ricecake),コモリ（コモリスケーキ）
amanatsu yuzuka,Yuzuka将軍
inaresi,inaresi
23ichiya,23ichiya
girock,ジロー
shrie,シュリー
rayn,レイン
wari (nirodo26),ワリ（nirodo26）
xishuu (xishu3373),xishuu（ユーザーdvah3828）
chise (cym23730),Chise（cym23730）
rando seru,ランド・セル
papion,パピオン
sano (merrymerry),サノ（メリーマーリー）
shikinyan,シキニャン
nikuman (samara),ニクマン（サマラ）
haneten kagatsu,ハネテン・カガツ
k no hito,K hitoはありません
shirataki jiro,シラタキ・ジロ
light oooo,Light Oooo
ryuutetsu,リュートツ
yuuna katsumi,katsumiのゆい
dotz,ドッツ
sg (suuchan),SG（suuchan）
rudo (rudorudo0917),rudo（rudorudo0917）
nina (ninageya),ニーナ（ninageya）
iwaha (iwabajunki06),Iwaha（Iwabajunki06）
gnsn tori,Gnsn Tori
yura (ub4u),ユラ（ub4u）
izumi (kisshot1126),Izumi（kisshot1126）
akagi gishou,アカギーギョー
hd-hlh-3h,HD-HLH-3H
unacha,Unacha
yui (marine-drive),Yui（Marine-Drive）
hibarino tuyuri,Hibarino Tuyuri
k2pudding,k2pudding
mtmy,mtmy
segawa haruna,八川春谷
yf (hbyg),YF（hbyg）
dotekabocha,ドテカボチャ
hiepita (1014),Hiepita（1014）
rosettastone,ロゼタストン
doroti.,ドロティ。
kisaragi mic,Kisaragi Mic
katuhata,カトゥハタ
kurojishi,紅
medemoisellecu,Medemoisellecu
nugaa,ヌガア
cla (torinabe),CLA（トリナベ）
code nt,コードnt
sabiirodoramu,sabiirodoramu
sakaki rin,サカキ・リン
ah-negitorow,AH-Negitorow
eneco,eneco
hane (kirschbaum),ハーン（キルシュバウム）
chaborin,チャボーリン
moccy,Moccy
dashinoya,Dashinoya
sakuyamochi,サクヤモチ
saboten7,saboten7
muike,ムイキ
cai-man,カイマン
yoss 3,ヨス3
natsumikan,natsumikan
aoiakira553,aoiakira553
june mina,ジューンミナ
hige (hige2),hige（hige2）
hyakusei,Hyakusei
sriokorr,スリオコル
harukasu (mememememo),Harukasu（Mememememo）
shinku p,Shinku p
uduki (nissi),ウドゥキ（ニッシ）
lyrical denko,叙情的なデンコ
asn s,asn s
platinum (o0baijin0o),プラチナ（o0baijin0o）
the tentacle professor,触手教授
nerinn (artist),ネリン（アーティスト）
yuhica,Yuhica
togare,トガレ
raonal97,Raonal97
dolsig ilangnolja,Dolsig Ilangnolja
suzu danna,スズ・ダンナ
kabuyou,kabuyou
nagisa nagi,ナギサ・ナギ
kotamun,Kotamun
moss (2225028),モス（2225028）
furafura,ファラフラ
cherre,シェール
ariel23795,Ariel23795
ichihara kazuma,一関節カズマ
tera (trs82341711),Tera（TRS82341711）
ju-zika,ジュジカ
qb 516,QB 516
kide koushin,Kide Koushin
polla,ポーラ
baozha gangbi,Baozha Gangbi
kouno sachiko,クーノ・サチコ
hanagin,ハナギン
oku hideki,奥飾り
anntan,アンタン
kim jin sung,キム・ジン・ソン
fuji takanasu,富士タカナス
hungrydurp,Hungrydurp
pat attackerman,パット攻撃者
rei oe,rei oe
yuuji (yujikazakiri),ユウジ（ユジカザキリ）
kamikitayotsuba,Kamikitayotsuba
asai makoto,浅井城
bbbannooo,bbbannooo
orisu atto,オリス・アト
jhc kai,JHC Kai
taichi (tomo),太極子（トモ）
taitan,タイタン
katsura (+araka),核子（+araka）
sakisato kiriko,サキサート・キリコ
idu michito,idu michito
miharin,ミハリン
fujisaki miyabi,藤井miyabi
mumulatte,マムラッテ
miyabi (miura105),miyabi（miura105）
kanaritu,カナリトゥ
nayuko,ナユーコ
hakkotsu shitai,hakkotsu shitai
aida kan mori,アイーダ・カン・モリ
soffa,ソファ
houjichaoic,Houjichaoic
yuzuru (xxelysionxx),Yuzuru（xxelysionxx）
otter kawauso,オッター・カワウソ
sockinajar,Sockinajar
juuka@100neko,Juuka@100neko
janome gochou,ジャノメ・ゴチョウ
chen shu fen,チェン・シュー・フェン
todoroki sora,doroki sora
fuji hyorone,富士ヒオロン
dune (artist),デューン（アーティスト）
chimaro,チマロ
kisaki yuu,キサキユー
tokiniwa,トキニワ
tsuchinoko (muni muni),津波（ムニ・ムニ）
kimochi,キコチ
kapiko,カピコ
mchi,MCHI
ikra (katacoly),イクラ（カタコリー）
blackma (pagus0012),Blackma（pagus0012）
lapucelle (arasoo1210),lapucelle（arasoo1210）
ktrtokyo,Ktrtokyo
sakuama,サクアマ
kyousa38,kyousa38
m-a-v-e-r-i-c-k,M-A-V-E-R-I-C-K
silica (silica silylate),シリカ（シリカシリル酸塩）
jonathan kim,ジョナサン・キム
fujita (speedlimit),藤田（Speedlimit）
ichinose (kurui96),イチノセ（kurui96）
flatfield,フラットフィールド
isao (wasamoti),アイザオ（ワサモティ）
ashi ura,アシウラ
fukai (yas lions),福音（ヤスライオンズ）
curtain (posuinochuanglian),カーテン（Posuinochuanglian）
akagawa007,アカガワ007
okino ryuuto,沖byryuuto
oniyuru,オニユル
tsukugu,つか
aym (ash3ash3ash),aym（ash3ash3ash）
yanagi yagiaji,ヤナギヤギアジ
nuwanko,ヌワンコ
mandragoria,マンドラゴリア
tcmk,TCMK
hiro (hankakudouga),Hiro（Hankakudouga）
zundacroquette,Zundacroquette
see you,またね
emushake,エミュシャケ
riko201008,riko201008
zouhyou (at4190),Zouhyou（at4190）
regls,regls
moong gya,Moong Gya
hibikileon,ヒビキレオン
itto maru,それにマルに
makani kohitujito,Makani Kohitujito
not nodu,ノードゥではありません
mr-poritan,ミスターポリタン
hasuyawn,hasuyawn
hyoumon (saihokutan),ヒョウモン（サイホクタン）
kono2noko,河野2noko
kumanosita,Kumanosita
zap,zap
muusu,ムウス
nillith,ニリス
natsu97,natsu97
shirousagi una,Shirousagi una
m-eiji,M-Eiji
kamunika,カムニカ
raimu (ranxa),Raimu（ranxa）
karua m,カルアm
noir39,noir39
ocha (kinnkonnsousai),ocha（kinnkonnsousai）
pandegg,パンデグ
plus1024,プラス1024
tetsu10ru,tetsu10ru
yukirei,ユキレイ
maboroshineko,マボロシネコ
lisa 78,リサ78
kasagland,カサグランド
momonoko noko,ムモノコノコ
puppypaww,puppypaww
gevjon,ゲボン
killingrock,KillingRock
hoono yurumu,Hono Yurumu
daby,デイビー
hiyoi (kasasagi07),kasasagi07
anrio,hanr10
momomo udameda,Momomo Udameda
bukui shi wo,bukui shi wo
unknownnoname0,unknownnoname0
lantana0 0,lantana0 0
tkgoishi,Tkgoishi
aka syakkou,別名Syakkou
waymay,ウェイメイ
tetra takamine,テトラタカミン
kurokoge013,Kurokoge013
reta su gohan,Reta Su Gohan
wotori,ウォトリ
midomido,ミディド
usagikoya,うさぎ
yamano rinrin,ヤマノ・リンリン
sakuratsuki,さくら
cele (310v3),cele（310v3）
incro300,Incro300
kawaii rowa,カワイイ・ロワ
kaworu (1030),川川（1030）
gogo/tad,Gogo/Tad
jonbur man,ジョンブルマン
yapo (mess),ヤポ（混乱）
mayoichi,マヨチ
goldfishu,ゴールドフィッシュ
meisamu,マイサム
heroherotom,HeroHerotom
yukimi papino,Yukimi Papino
sunasu-tamako,スナス・タマコ
ai nige,ai nige
sakippo (sakippo0),sakippo（sakippo0）
ukiukikiwi2525,ukiukikiwi2525
shirona mikoto,シロナ・ミコト
nemu kotatsu,nemu kotatsu
u nagi,uナギ
mavezar,マベザール
honokan,ホノカン
nagano mamoru,ナガノマモル
sangyou haikibutsu (turnamoonright),sangyou haikibutsu（ターンアムーンライト）
miracle hoshi,奇跡のhoshi
butter run,バターラン
yonuishi,テフェック
mihashi (re4 glo),ミハシ（RE4グロ）
matebashi,マテバシ
tsujin bohboh,ツジン・ボーボ
komori takahiro,高原komori
kawai masaki,カワイサキ
hima (nichikan),ヒマ（ニチカン）
nashi juni,ナシ・ジュニ
rinrin (ppnk2835),リンリン（PPNK2835）
kakyoxx,Kakyoxx
watanuki hiroya,ワタヌキン（Etson122127）
nabeya sakihana,nabeya sakihana
momota ro5555,Momota RO5555
hiroyuki koto,kotohiroyuki
onio,オニオ
mii aki,ミイアキ
sakamiya tsuto,坂本tsuto
ichikawa kazuhide,一方川川川
crossco,Crossco
yoaferia,ヨーフェリア
yumemomosaka,Yumemomosaka
saitou sakae,Saitou sakae
kingyo (g-fish),kingyo（g-fish）
yumekijiiro,Yumekijiiro
utayoi (umakatare),utayoi（umakatare）
cristalavi,クリスタラヴィ
zerogura,ゼログラ
kato (kato),加藤（加藤）
ar (3779609928),AR（3779609928）
zoyu (wuedti),ゾーイ（wuedti）
nanairo souga,ナナイロ・スーガ
wata neo,ワタ・ネオ
oop,OOP
maitake (loose),マイタケ（ルーズ）
charmal,チャーマル
chino (ch no),チノ（ch no）
dexp,DEXP
suikka,スイッカ
wenhe,ウェンヘ
pu uq,pu uq
emerson tung,エマーソン・トゥン
chibibro,キビブロ
kouno ibuki,クウノ・イブキ
ddongu,ddongu
kotaroukuroo,Kotaroukuroo
nishimuku meri,西村メリ
mushroom (artist),マッシュルーム（アーティスト）
you (esparda),あなた（エスパルダ）
ikuya daikokudou,Ikuya daikokudou
noririn,ノリリン
umasanjin,ウサンジン
sui (aruko91),sui（​​aruko91）
living (pixiv5031111),Living（PIXIV5031111111）
nikuji-kun,nikuji-kun
menghuan tian,メングアン・ティアン
narurun (final123),Narurun（Final123）
conmimi,コンミミ
kaichou118,Kaichou118
ana (tateana juukyo),アナ（Tateana Juukyo）
deecha,Deecha
isaka wasabi,伊山丸
kyomunohi,Kyomunohi
kouson q,Kouson Q
bell (hellchan3),ベル（hellchan3）
kaos,カオス
chen zhang,チェン・チャン
hpa (foolish factory),HPA（愚かな工場）
shiramori sawa,Shiramori sawa
giji eizan,ジジ・エイザン
kitsune choukan,キツネ・チョーカン
mori tarou,モリ・タロウ
etidekailo,エティデカイロ
pokke (pokke-chan),ポッケ（ポックちゃん）
yuraiko,ユライコ
cawfield,CAWFIELD
reeze (reezely),Reeze（Reezely）
den1208,den1208
resuta,Resuta
natural wind,自然風
kozsen 810290,Kozsen 810290
dokumi,ドクミ
gakudayo,ガクダヨ
ishida masatsuki,石田田島
niko (aiai03012),niko（aiai03012）
diaoxian kuangmo,diaoxian kuangmo
kureha (angelite),クレハ（アンジェライト）
mimimi (echonolog),ミミミ（エコノログ）
shirataki,シラタキ
machino (nidavellir),マチノ（nidavellir）
ashita kura,アシタ・クラ
ohayashi55,ohayashi55
koufukutei yumeko,Koufukutei Yumeko
yomitsuna,ヨミツナ
augetsix,Ougetsix
191karasu,191カラス
nonji (sayglo halo),Nonji（Sayglo Halo）
momosemocha,Momosemocha
shiro oolong-cha,シロ・ウーロンチャ
ttk (ehohmaki),TTK（Ehohmaki）
mikomo0106,Mikomo0106
kuromitu (kageneko),黒tu（kageneko）
kakugari kyoudai,カクガリ・キューダイ
hinata-bokko (sanpo fuumi),日向ボッコ（サンポフーミ）
kago1205,Kago1205
beni shouga,ベニ・ショーガ
ichinose yuu,イチノセユー
rochiko (bgl6751010),Rochiko（BGL6751010）
nanashi (soregashi),ナナシ（ソレガシ）
kiwamu,キワム
akira b,アキラb
coco maru,ココ・マル
elel185,ELEL185
kitsunekotori,キツネコトリ
nuri kazuya,ヌリ・カズヤ
hina (xoxo),ヒナ（xoxo）
hokusen,ホクセン
young wang,若い王
chen yan,チェン・ヤン
kdc (tamaco333),KDC（Tamaco333）
hkeno,Hkeno
tim (a9243190a),ティム（A9243190A）
sasane,ササン
awazake (2wairu),Awazake（2wairu）
kitagawa unagi,北川unagi
keiko rin,ケイコ・リン
itachi (3dt),イタチ（3DT）
hiyashi mikan,ヒヤシミカン
kanisaka shizuku,カニサカ・シズク
kokutou mimi,kokutou mimi
f jun,f 6月
harurun,ハルラン
aussummer,オーストラマー
core1013,core1013
manya drhr,Manya Drhr
igul,イグル
sanntouhei,sanntouhei
t (dyuhuhudyukusi),T（dyuhuhudyususi）
kz (dbz kz),KZ（DBZ KZ）
qingxiao kiyokiyo,Qingxiao kiyokiyo
asm ln,ASM LN
minpou (nhk),Minpou（NHK）
purdoy25,purdoy25
nonaka nono,ノンアカnono
loladestiny,loladestiny
tachibana (x quick),タチバナ（Xクイック）
koshou shichimi,小島shichimi
tokiziku,トキジク
nanasaki,ナナサキ
madarame,マダラメ
hami (hami-gerden),ハミ（ハミガーデン）
miya (chocolate holic),ミヤ（チョコレートホリック）
takeshi (mononohu20),タケシ（Mononohu20）
urotare,urotare
taichou furyou,太極道フューリョウ
catxuan,catxuan
zefai,Zefai
katakura shinji,カタクラ・シンジ
luna (gunfire),ルナ（銃撃）
noirly,ノイリー
ayase tamaki,アヤゼタマキ
hachimaru (ediciusa),漢字（ediciusa）
bthx,bthx
norato,ノラート
satou kaede,satou kaede
chikuwabuta,チクワブタ
samejima minoru,サミマ・マイノル
shiboru,Shiboru
ao (sodalite),ao（ソーダライト）
tamonmaru,タモンマル
inori taimatsu,Inori taimatsu
tobias leviathan,トビアス・レヴィアサン
popopon,ポポン
shiinoyuko,Shiinoyuko
yukirar,Yukirar
flufflixx,flufflixx
sasai saki,ササイサキ
caleana,カレアナ
luna2,luna2
gyonikun,Gyonikun
kojou,kojou
mishima yoshikatsu,ヨシカツ三島
yudetama,ユデタマ
sakamoto himemi,坂本ヒメミ
hikami dan,ひこダン
tomihero,トミーロ
nishishi,西義
hiroaki (huruhonya),hiroaki（Huruhonya）
kazuki kisuke,kazuki kisuke
renze l,renze l
tiko (idadsa91),ティコ（idadsa91）
taiga mahoukan,Taiga Mahoukan
takechii,ターチー
johnnyyyyy,Johnnyyyyy
ubo (dbsgurdbsk),Ubo（dbsgurdbsk）
aoi akua,aoi akua
kinos (kw00789),キノス（kw00789）
yougashi,Yougashi
cleru (cleruuuuu),cleru（cleruuuuu）
den (denwhat),デン（denwhat）
tyamurai33,Tyamurai33
isai shizuka,イサイ・シズカ
tmku,tmku
seryu oekaki,Seryu oekaki
akio (89e),アキオ（89e）
soramimi (seiga),ソラミミ（セガ）
yapi (yabai toki),ヤピ（ヤバイトキ）
azu (azu401),azu（azu401）
sekisei,セキセイ
michimoyo,ミチモヨ
kanno fumiroku,カンノ・フミロク
rollingswitch,Rollingswitch
7nanappe,7nanappe
amakoke,アマコーク
jikeshi,jikeshi
torii (kedamatori),トリイ（ケダマトリ）
eila yagyu,アイラ・ヤギウ
sgawarananto,Sgawarananto
kotarou (yukina1721),Kotarou（Yukina1721）
kyuu (pinpo),kyuu（pinpo）
unkmochi,unkmochi
toryu fufu,Toryu fufu
nyabe,ニャベ
nyaon oekaki,Nyaon oekaki
horu (horu 111),Horu（Horu111）
ka ji,ka ji
naox,Naox
strictly mecha,厳密にメカ
konchiki,Konchiki
motsunukisuki,モツヌキスキ
harada midori,緑田骨
nerimono (nekokoban22),ネリモノ（nekokoban22）
shimazawa noriko,Shimazawa noriko
manda schank,マンダシャンク
katayama makoto,カタヤマ・マコト
gouda hiroaki,ゴーダ・ヒロアキ
azure luna,Azure Luna
jenna brown,ジェナ・ブラウン
roruri,ロルリ
mm30212,MM30212
hidarikata,hidarikata
ghangaji,ガンガジ
unigon (kitsutsuki),ユニゴン（キツツキ）
garbancobean,ガーバンコビーン
kawahara makoto,川原城
kogawawaki,コガワキ
dragk,ドラッグ
clovisxvii,clovisxvii
mocha (monocromer),シシオ（アーティスト）
aki (aki k6),aki（aki k6）
xiaoshan jiang,Xiaoshan Jiang
halfmoe,ハーフマー
kokemozuku,Kokemozuku
amecha,アメーシャ
50k v3,50K V3
feng shao kky (arj0522),Feng Shao Kky（ARJ0522）
akire (akireru shoujo),akire（akireru shoujo）
suzushiro (daikon793),スズシロ（daikon793）
kitsuneco,キツネコ
yuro (mangasukinoyuro),ユロ（マンガスキノーユロ）
huang li ling,Huang Li Ling
dandel,タンデル
okema,オケマ
hikari50503,hikari50503
roki (shouka65),roki（shouka65）
penguu (green528),Penguu（green528）
rudia,ルディア
pondo (peng-model),pondo（peng-model）
ceru,ceru
luerstine,ルーシン
yumingtongxue,Yumingtongxue
arkuny,アークニー
rascala39,rascala39
bonten,ボンテン
sai koro,サイコロ
guriddopitto,Guriddopitto
toniwing,トニウィング
yamanami kousuke,kousuke山an
leoleonardk10,leoleonardk10
aiiro bokujuu,aiiro bokujuu
haribote (desk of coulomb),ハリボート（クーロンの机）
satou takeshi,サトウ・タケシ
nanjou (sumeragimishiro),南jou（sumeragimishiro）
linmiu (smilemiku),linmiu（smilemiku）
pom77,POM77
pellet (azuregm 16),gyokuto b
aoi renji,aoi renji
seyo,セヨ
chizu (fiute),チズ（フィート）
karioda,カリオダ
saijou k,Saijou k
amagi xx,アマギXX
ha neko,ハネコ
tsukimiya kamiko,ツキミヤ・カミコ
leehwa,リーワ
o-ishi,o-ishi
tama (ponz3o1),タマ（ponz3o1）
noria,ノリア
chilunchilun,Chilunchilun
piko han,ピコハン
willy pete,ウィリー・ピート
naked cat,裸の猫
kazu (rakugakino-to),カズ（rakugakino-to）
poru (tohopunk),ポー（トホパンク）
shironekonokiki,shironekonokiki
sasaki tamaru,ササキタマル
mugura,ムグラ
koji (koji-a),コジ（koji-a）
amino dopple,アミノドップル
doseisan (dosei-san),ドセイサン（ドセイさん）
yuuheisyoujyo,Yuuheisyoujyo
snowchild,雪子
yamija,ヤミジャ
furapechi,furapechi
irue,irue
oruta (owata saber),oruta（owata saber）
pinkxxxna,pinkxxxna
kakikorori,カキコロリ
asake ameji,Asake Ameji
furuhara,フルハラ
arnaud tegny,Arnaud Tegny
leafar,リーファー
daftbonkers,ダフトボンカー
hallohi,ハロヒ
kototoki,コトトキ
turna98,Turna98
morimasakazu,モリマサカズ
maineko ruru,Maineko Ruru
random (ningen modoki),ランダム（Ningen Modoki）
shirakino,シラキーノ
narita ryohgo (mangaka),リョーゴ・ナリタ（マンガカ）
toshiharu (s narutoshi),トシハル（s narutoshi）
saki usagi,佐藤坂
sakusan (ss-awesome),桜（SS-Awesome）
ayachin,アヤチン
ju yorimoto (ranten yume),Ju Yorimoto（Ranten Yume）
durandal (kei),デュランダル（kei）
ruo (cruzada),ルオ（クルザダ）
kokose,ココース
jun (kyurisin),6月（Kyurisin）
rktlek159,rktlek159
akuma (ogino-m),アクマ（ogino-m）
odagiri sakura,オダギリ・サクラ
aiue0,aiue0
kogane mushi,コガネ・ムシ
aomi one,aomi one
vaison,Vaison
gyuunyuu (mashika),gyuunyuu（マシカ）
komeo,コメオ
shaketarako,シャケタラコ
shimamura miwa,島村miwa
m o (prftz),m o（prftz）
awa iro,awa iro
ah (pixiv62888100),AH（PIXIV62888100）
aoilio,aoilio
mikoto (mio),ミコト（MIO）
yang38,Yang38
apapo,アパポ
morimi ashita,モリミアシタ
sindoll,Sindoll
shijima tohiro,清島tohiro
akase rai,アカゼライ
sasana,ササナ
keisan,ケイサン
mekeko,メケコ
white xxxx,白いxxxx
goofy (goldgoofy357),グーフィー（Goldgoofy357）
hajime shindo,ハジメシンド
yui (kari),ユイ（カリ）
yanagiba kiriko,ヤナギバ・キリコ
itoo,itoo
doku hebi,Doku Hebi
dakun,ダクン
momoman (pink voltage),モーモマン（ピンクの電圧）
tomoyan (nyakkoya),トモヤン（nyakkoya）
epiko (aki),epiko（aki）
nekuraneko,ネクラネコ
dobu (moor),ドブ（ムーア）
kamashi,カマシ
h016,H016
noeunjung93,Noeunjung93
masuchi,かす
10hmugen,10hmugen
t@kuyoa,t@kuyoa
kirudai,キルダイ
papiko (papiko8901),Papiko（Papiko8901）
nepodayo,ネポダヨ
soubee1,soubee1
nyangoroo (nekopanchi bashibashi),Nyangoroo（Nekopanchi bashibashi）
cold (hoshinoskull),コールド（hoshinoskull）
morimiya (kuroro),モリミヤ（クロロ）
baka (mh6516620),バカ（MH6516620）
akashiro yulice,アカシロ・ユリス
migata,ミガタ
ns (ntrsis),ns（ntrsis）
yayanri,ヤヤンリ
oca,OCA
pikaremon,ピカレモン
uro (uroboros),uro（uroboros）
tsunami samemaru,津波サメマル
hukairi botan,Hukairi Botan
eine (eine dx),eine（eine dx）
9ji,9ji
p-chan (mitsuta52),P-chan（mitsuta52）
cubehero,キューベーロー
warabimochi kinako,Kinako Warabimochi
kan (tachi),カン（タチ）
maki michaux,MakiMichaux
itou junji,itou junji
yeonjun park,ヨンジュン公園
ontama,オンタマ
amefukura art,アメフキュラアート
seta (monyun),セタ（モニュン）
tarantulaines,タランチュレイン
rur (ml ruru),rur（ml ruru）
zmore,Zmore
kazura enji,カズーラ・エンジ
ehryel,エリエル
kedo mitsuharu,ケド・ミツハル
sasebono mari,Sasebono Mari
hanenashi,漢字
akausuko,アカウシュコ
piao miao,ピアオ・ミアオ
mea (brunhilde),Mea（Brunhilde）
minnku,Minnku
linfa (futari midara),Linfa（Futari Midara）
mizukanayuki,ミズカナユキ
dvdraw,dvdraw
teraguchi,テラグチ
nitizyo,nitizyo
nahonanaho,ナホナナホ
zanka (the-only-neat),ザンカ（唯一のネート）
shishikai,シシカイ
shidaidaka,shidiadaka
tasuro kuzuha,Tasuro Kuzuha
rekurieeru,rekurieeru
spung,spung
winni,ウィニ
nerunnn,ネルン
nota ika,nota ika
poponpin,ポポンピン
gokugetsu momo,GokugeTsu Momo
kida mochi,キダモチ
jugemu (qqkyon),ジュゲム（qqkyon）
kashiwabara en,Kashiwabara en
semahiro,セマヒロ
ewokakuman,Ewokakuman
shinonome ukyu,シノノメウキュ
satomi (n-s freedom),佐藤（n-sの自由）
blizzomos,Blizzomos
joker.z,joker.z
a.l.l.,全て。
okita ababa,オキータアベバ
yukage,yukage
andonoz,アンドノス
minato (mntnm),港（MNTNM）
pandora-ex,Pandora-Ex
scotch (blaze),スコッチ（炎）
run the 9tails,9tailsを実行します
yunomi (yunomi imonuy),ユノミ（ユノミ・イモニュイ）
ghost-pepper,ゴーストペッパー
nuntarou (niudon kajika),nuntarou（niudon kajika）
total,合計
tamakake,タマカケ
yaowu,Yaowu
kurouso (meikyoushisui),Kurouso（Meikyoushisui）
bulge tsuki,膨らみツキ
osaname riku,Osaname riku
nezunezu,nezunezu
eiroyi,エイロイ
shinohara kenji,シノハラ・ケンジ
neibii,neibii
makita haruka,マキタ・ハルカ
tashimo,タシモ
suzumiya annko,スズミヤ・アンコ
wolfina,ヴォルフィナ
patatata,パタタタ
tepengu,Tepengu
isaki uta,Isaki uta
hdkg,hdkg
maronee san,マロニー・サン
wakagashira,ワカガシラ
kath,キャス
akabeco,アカベコ
nak yama,ナクヤマ
morisaki kurumi,森沢森
orange541,Orange541
yamazaki mitsuko,山崎三井
sinzire,シンツィア
sakura misaki (sakura densetsu),さくらっくり（さくらデンセツ）
mubouou aasaa,Mubouou aasaa
gunsmoke,ガンズモーク
v-room,V-Room
masato (mk),マサート（MK）
zonsters,Zonsters
akiyama (yamagoya),秋山（ヤマゴヤ）
tsuga,つまずい
suzu (suzuko),鈴（鈴木）
mekakuri (otacon250),Mekakuri（Otacon250）
a.q.u.a,A.Q.U.A
sekiyu.,sekiyu。
soxy,ソキシー
banitya,バニティヤ
lux (dera ix),ルクス（dera ix）
kagutsuchi (l'archange),kagutsuchi（l'Archange）
koucha maru,クーシャ・マル
hachiko (kota091986),hachiko（kota091986）
merontomari,メロントマリ
kirie nozomi,キリー・ノゾミ
tagu,タグ
kawahara megumi,川原megumi
suzume yuu,スズメ・ユウ
uncats,Uncats
mituura,ミトゥーラ
satansoft1,SatanSoft1
koa (koh a),koa（koh a）
xoco,xoco
nekohige,ネコヒゲ
nice (artist),ニース（アーティスト）
nagomiya (shousha),nagomiya（shousha）
solanikieru,Solanikieru
torawar,トロワール
kurobuchi numama,黒子numama
lasa (lasa1116),lasa（lasa1116）
mochinabe,モチナベ
tama (new island),タマ（新しい島）
ct990413,CT990413
e-kichi,e-kichi
km (nijie104352),km（nijie104352）
minton,ミントン
mobu (wddtfy61),MOBU（WDDTFY61）
umesato yukino,ムメサト・ユキノ
kurisu ams,kurisu ams
ritae,リタエ
chida daisuke,大suke
kredorf,クレドルフ
llama8,llama8
mari (rodoney-kiara),マリ（ロドニー・キアラ）
moukin punch,Moukin Punch
yuuki koutarou,ユキ・クタロウ
scott bennett,スコット・ベネット
yone f15,Yone F15
vu-hakase,vu-hakase
shinigami wyvern,死神ワイバーン
cap (dkdm-d),キャップ（dkdm-d）
aor saiun,aor saiun
ozawa yuu,オザワユー
tsunosame,ツノサメ
piano (agneschen),ピアノ（アグネスシェン）
futa-futa,futa-futa
michiyon,ミシヨン
nzwt,NZWT
kogarashi51,kogarashi51
inferno (nanbu14),インフェルノ（nanbu14）
mos yen,モスイェン
noel (pixiv5459099),ノエル（pixiv5459099）
inanome me,イナノメ私
gt (acidhead gt),酸ヘッド
tama (tm suac),タマ（TM SUAC）
aynoh,aynoh
ustn (usatan),ustn（usatan）
heriki (trkj),ヘリキ（TRKJ）
yoshino (gunform),ヨシノ（ガンフォーム）
banirou,バニロウ
asada ryou,アサダリオウ
warren louw,ウォーレンルー
myouga teien,Myouga Teien
beryl (blueberylpie),ベリル（ブルーベリルピー）
tounami,Yomoya oc10
puribate (helgoland),プリベート（ヘルゴランド）
marusa (marugorikun),マルサ（マルゴリクン）
tenmaru,Tenmaru
kackaorz1,Kackaorz1
yayoi asuka,Yayoi Asuka
tsubaki (yi),ツバキ（yi）
yoto (rinlin2),ヨト（rinlin2）
katai uji,カタイ・ウジ
washi no tosaka,和風は鉱と和
tonokawa,トノカワ
kusaka kou,Kusaka Kou
mizuse kiseki,Mizuse Kiseki
roncele,ロンセル
quiss,クイス
shoukichi (shony),shoukichi（shony）
kibisakura2,kibisakura2
yu yun,ユン
saber beam,セイバービーム
momikodayo,Momikodayo
cu-rim,cu-rim
arino ayarei,アリノ・アヤレイ
ya kexi,Ya Kexi
kubonouchi eisaku,kubonouchi eisaku
bear paw s,ベアポーs
ninniku (mfu7324),ニンニク（MFU7324）
mantou yu,Mantou Yu
shakeko (shake5),Shakeko（Shake5）
dogdogbhh,dogdogbhh
ootsuka you,Ootsuka you
minakami kaori,鉱石カオリ
kari okome,Kari Okome
lilium443,lilium443
thana,タナ
acid (acid-field),酸（酸フィールド）
peter pan (adtc7243),ピーターパン（ADTC7243）
karashino,カラシノ
pikomaro,ピコマロ
jian jing,Jian Jing
nekozombie,ネコゾンビー
masanori ito,マサノリ伊藤
ichihashi makoto,一辺城
aura mage,Saikou-iro Aurora
razu (rus),ラズ（rus）
shi-ro,shi-ro
comizku,comizku
satochi,サトキ
shiromimin,シロミン
nkgw,nkgw
ameya kirika,アメヤキリカ
panko (drive co),パンコ（ドライブCo）
mitsuki (mitsukitei),ミツキ（ミツカテイ）
pewposterous,Pewposterous
birijian,ビリジアン
ren kun,レン・クン
enamiru,エナミル
jyuuji,ジュウジ
fengsao hua tanzhang,Fengsao Hua Tanzhang
ririfa,リリファ
akasabi,アカサビ
crys (dai),CRYS（dai）
taka (copyrobot),タカ（コピーロボット）
amaimochi,アマイモチ
mayana (bbpp),マヤナ（BBPP）
theo (tomochingus),raicchi（raicchi96）
mumu yu mu,Mumu Yu mu
elreyiens,エレイエンス
matthew (yo matthew),マシュー（ヨマシュー）
ayato mabu,アヤト・マブ
ainudraws,ainudraws
hinotta,hinotta
daichi (hayate1328),daichi（hayate1328）
uta (yagashiro25),UTA（Yagashiro25）
yuukyan (ucan85),Yuukyan（Ucan85）
shiroi (shiroicbe),shiroi（shiroicbe）
za yu a,Za Yu a
byougaku,byougaku
dekooop,dekooop
chip le cree,チップルクリー
yoruusagi,ヨルサギ
kaidou nora-,Kaidou nora-
ciawasemono,Ciawasemono
kino (kino buro),キノ（キノボロ）
spanking momoko,スパンキングモモコ
wagomu17,Wagomu17
shiitake (gensoudou),Shiitake（Gensoudou）
satori (transient wind),サトリ（一時的な風）
yadamon (neverland),ヤダモン（ネバーランド）
donarudo,ドナルド
tan (carbon),日焼け（炭素）
johnrokk,ジョンローク
tea (retroz),お茶（レトロス）
akira (umihan),アキラ（ウミハン）
y jinn,Yジン
konbu ame,コンブ・アメ
baten (gei-vorugu),Baten（gei-vorugu）
ayanashi kunio,アヤナシクニオ
katou miyako,katou miyako
hayabusa koi,hayabusa koi
yuutii,Yuutii
cyan aeolin,シアン・エオリン
itou (itsuko),itou（ituko）
yoco n,Yoco n
sonparesu,sonparesu
chickenvomit,Chickenvomit
hashimoto mari,橋本マリ
unajuu (set mk),unajuu（セットmk）
asu (asoras),ASU（Asoras）
clear echoes,クリアエコー
la campanella,ラ・カンパネラ
etsem,ETESEM
mizuya chiharu,Mizuya Chiharu
namuru,ナムル
tanna,タンナ
kureneko,クレネコ
remiria100,Remiria100
mon eree,モンリー
sora (zwz030),ソラ（ZWZ030）
hashimoto shin,橋本清
eunyoo,eunyoo
river (river ga),川（ジョージア川）
miura kentarou,Miura Kentarou
masa (mirage77),マサ（Mirage77）
hashimoto (frog flag),橋本（カエルの旗）
iovebly,イーブできます
hoshino arika,Hoshino Arika
sphere-stc,Sphere-stc
keisuke desu~,keisuke desu〜
methynecros,メチネクロ
minau37,MINAU37
hiota (kuhi 0301),hiota（kuhi 0301）
yurui tuhu,Yurui Tuhu
kitanxjk,kitanxjk
kinryuu,Kinryuu
tec,TEC
peaceyj,Peaceyj
torinoesa,トリノーサ
nishiumi rin,nishiumi rin
evers,evers
chaotic-unknown,混oticとしていない
aiba-tsukiko,Aiba-Tsukiko
lari,ラリ
kurobis,クロビス
tamaext,Tamext
ide naomi,IDE NAOMI
gupaon,グパオン
namonakisyura,ナモナキシュラ
sino (oyasumi hf),sino（oyasumi hf）
izumi yuuji (trace kouhosei),イズミ・ユウジ（トレース・コウホシ）
futagojima,utagojima
hiro (h-net),hiro（h-net）
nitogebeto,ニトゲベト
air kon,エアコン
nana 0253,ナナ0253
kirihara natsuki,Kirihara Natsuki
ura tomoya,ウラ・トモヤ
okome (minagisama),Okome（Minagisama）
ivan flores,イヴァン・フローレス
rutarou,ルタロウ
honba misaki,Honba Misaki
he c92,彼はC92
zeri (zeristudio),Zeri（Zeristudio）
kannazuki okuto,カンナズキ・オット
poppu,ポップス
okazu (eightstudio),オカズ（8studio）
naki ringo,ナキ・リンゴ
mizame,ミザメ
boole (sangha0301),boole（sangha0301）
yukihime (mofumofu2225),ユキイム（Mofumofu2225）
ishizuka chihiro,同居和法
gyakumushi,鉱石
pc (z yu),PC（Z Yu）
jyako,jyako
biro-budou,Biro-Budou
antweiyi,antweiyi
ranju aira,ランジュアラ
sasaki bullet,佐々木の弾丸
yukinimaru,Yukinimaru
tobari (brokenxxx),トバリ（brokenxxx）
57friend,57フレンド
retto,retto
masayoshi,マサヨシ
nicole (usako),ニコール（ウサコ）
blanko!,blanko！
ekkusu kyuuzu,Ekkusu Kyuuzu
riromomo,リロモモ
zeroyama,ゼロヤマ
raidensan,Raidensan
nekoma kotomitsu,Nekoma kotomitsu
ggpercent,ggpercent
misakichintin,Misakichintin
kura ekaki,Kura Ekaki
maimu,マイム
kyuunosuke (lactis09),九州（lactis09）
aonome,aonome
mwwhxl,MWWHXL
k-rei,k-rei
hayakawa sonchou,林川sonchou
bondo (borndragon),ボンド（ボーンドラゴン）
hamstarhand,ハムスターハンド
xino,Xino
nightmare-kck,悪夢-KCK
ochappa,オチャッパ
karasu hito,カラス・ヒト
yasu rintarou,Yasu Rintarou
haruno tomoya,Haruno Tomoya
salamander (jonbonjovi82),Salamander（Jonbonjovi82）
dautsen,ドーセン
sarasa misa,サラサ・ミサ
tomohi,トモヒ
syno,SYNO
inahara,inahara
mamiya t,マミヤt
chm,CHM
yodobashi yuo,Yodobashi Yuo
66head,66head
aya (min412),aya（min412）
hitoha,hitoha
oimari,オイマリ
shiroyasha,シロヤシャ
ikeda (hayato),イケダ（ハヤート）
shaonav,Shaonav
shirayuki shoushirou,shirayuki shoushirou
yamagarasu,ヤマガラス
lim (ramu),リム（ラム）
gokurakuin sakurako,Gokurakuin sakurako
ebibaachan,エビバカン
kuruma hajime,クルマ・ハジメ
silhouette sakura,シルエットさくら
j-e-m-g,j-e-m-g
poppypilf,poppypilf
meteoride,meteoride
wakaba0801,wakaba0801
raionsan,レイオンサン
mokuyou,長子
hachimitsuboi,hachimitsuboi
akatsuki yakyou,ヤカツキヤキョウ
sammohung,サモーフン
ayase hikaru,ayase hikaru
yuuki mitsuru,ミツルゆえ
sula (s ra760),スラ（S RA760）
murasaki (deceive138),村崎（deceive138）
kamu (simp3),Kamu（SIMP3）
tanaka (cow),田中（牛）
nephila clavata,ネフィラ・クラバタ
kibitarou,キビタウ
unoobang,unoobang
six neon,シックスネオン
mico3,MICO3
tetisuka,ティスカ
muraji0419,Muraji0419
misoiri (gokutsubushi),礼儀（gokutsubushi）
serakoutarou,serakoutarou
millgua,ミルグア
oyuki (otozuki mozuku),大Yuki（Mozuku球球）
m (mrtarou),M（Mrtarou）
nobuyuki,ノブユキ
endo mame,エンドマメ
ji mag (artist),ジマグ（アーティスト）
chuliko,クアンタイ（アマミリヨコ）
tecoyuke,Tecoyuke
chroma (chroma000),Chroma（Chroma000）
karaage teishoku (regret1994),Karaage Teishoku（後悔1994）
devil-v,悪魔-V
kotou (ko-tou),kotou（ko-tou）
banana takemura,バナナテケムラ
akira (aky-la),アキラ（aky-la）
mi bait,Mi Bait
tasselcat,Tasselcat
nekoto maruta,ネコト・マルタ
bariko,バリコ
kyo (kyokuto016),京（kyokuto016）
shiromiza kana,シロミザ・カナ
qmo (chalsoma),QMO（Chalsoma）
nagaro,ナガロ
yagiryu,Yagiryu
hachimillion,hachimillion
kyoujixxxx,Kyoujixxxx
en (paorasuteki),en（paorasuteki）
kaki s,カキs
alfa (alpharig),アルファ（alpharig）
starlime,星空
sotie,ソティ
garmmy,ガーミー
konpasu,コンパス
higashi (azm),ひこ（AZM）
wo cai bushi zhushou,wo cai bushi zhushou
takapi 3,タカピ3
arenoyoni,アレヨニ
nyan (themare),Nyan（Themare）
tom skender,トム・スケンダー
xpisigma,Xpisigma
ichigo seika,いちごseika
gaak11977,GAAK11977
zatu,ザトゥ
thehumancopier,TheHumancopier
shaliva,シャリヴァ
tsuji tomoko,Tsuji Tomoko
mitsuhashitaeko,三hashitaeko
aya rato,アヤラト
yume no hana (sbac0019),yume no hana（sbac0019）
gracehoo,グレースフー
kokoro6636,Kokoro6636
chigiri kurenai,Chigiri Kurenai
warai,ワイ
sema (mekemeke king),SEMA（Mekemeke King）
cigarette p,タバコp
tsunami (sorudora),津波（ソロドラ）
felt,感じた
nanase kokono,ナナーゼココノ
natsujirushi,ナツジル
houkiboshi,Houkiboshi
ishii yuriko,石井ユリコ
nakatsuru katsuyoshi,中尾katsuishi
kawamura rukanan,川村ルカナン
aniki gunsou,aniki gunsou
taino kou,Taino Kou
mrw,MRW
yahoo0124,Yahoo0124
nansui kinoko,ナンソイ・キノコ
hei zhi shi,Hei Zhi Shi
xia xiang (ozicha),Xia Xiang（ozicha）
yoshii yumi,ヨシイ・ユミ
tomaty.,トマティ。
supe (yuusyasupepen),Supe（Yuusyasupepen）
tenten (kitty),テンテン（キティ）
h.dupp (nama aakiruu),h.dupp（nama aakiruu）
azito7,azito7
ozzzzy,ozzzzy
amazaki ria,amazaki ria
snafu (snafy snu),Snafu（Snafy Snu）
dl mask,DLマスク
aruto (shake onigiri),aruto（onigiriを振る）
moikaloop,モイカループ
yaegashi isa,Yaegashi Isa
motomura kouichi,モトムラ・コウチ
diao (nrays),diao（nrays）
rupe paperu,ルーペペーパー
kurashiki nanka,Kurashiki Nanka
oota minoru,Oota Minoru
kuroeart,クロアート
hashikure taro,Hashikure Taro
altorealize,altorealize
hadurin (zdmzy),ハドゥリン（zdmzy）
makiemon,マキモン
okatora,okatora
kondou (acid),近藤（酸）
yuucho (cololal),ユウチョ（コロラル）
mikeneko mari,ミケネコ・マリ
mochiko (x-game),モチコ（x-game）
2nii,2nii
toshinobu40,Toshinobu40
kosame koori,Kosame Koori
yaminabe (honnouji no kaninabe),ヤミナベ（ホンノウジno kaninabe）
melusmelon,メルスメロン
mahiro (akino-suisen),マヒロ（始子様子）
shiroi ume,シロイム
aozaki ritsu,リンゴアメ
aopiqoo,aopiqoo
rit3set,rit3set
fujiko sugi,藤子sugi
irisrey,アイリスリー
sizu,sizu
nagiriku912,nagiriku912
tannkobuiwa,Tannkobuiwa
wasavi 8,ワサビ8
amekaze yukinatsu,Amekaze Yukinatsu
juneplums,jeneplums
shidomura,shidomura
nanaya777,nanaya777
daichengqi,daichengqi
teca (ryeol),テカ（ライオール）
8c,8c
asahimachi,麻木
2 nostg,2 nostg
tooka,タケ
harlow garden,ハーローガーデン
xrjingx,xrjingx
epoxy putty,エポキシパテ
kiyoichi (acacia soukyoukai),キヨイチ（アカシアスーキューカイ）
as (ashyblown),as（ashyblown）
asao (vc),Asao（VC）
gapangman,GAPANGMAN
caruta,カルタ
yuukaku,ユカク
ouu min,ouu min
after suko,スコの後
ponekusan,ポネクサン
hisu (hisu ),hisu（hisu）
kazami (kuroro),カザミ（クロロ）
google (asdek18),Google（asdek18）
kousaka yami,クサカヤミ
hinoa (hinoa1113),hinoa（hinoa1113）
myuu1995,myuu1995
velcozz,velcozz
issei,一世
sakuna,さくら
kumako (sono328),クマコ（Sono328）
hina (ohinao),ヒナ（Ohinao）
sentou,セントー
minagi (gogogo),鉱物（ゴゴゴ）
hayate-s,Hayate-s
sr soba,Sr Soba
do konjouuo,コンジュウオをします
kawamura raichi,川村raichi
elrowa,エルワ
lispict,lispict
kokorin,ココリン
yamamoto yuu,山本Yuu
neko7,NEKO7
aaaabo,aaaabo
yuki (vicious),ユキ（悪質）
tark (318),ターク（318）
salty (cherrypie),塩辛い（チェリーパイ）
banzai nekomimi,Banzai Nekomimi
b (papiopine),B（パピオピン）
zonana,ゾナナ
yatani (do9z),ヤタニ（do9z）
huatu jiang,Huatu Jiang
cherokee (1021tonii),チェロキー（1021tonii）
dynamo heart,ダイナモハート
maekawa yuichi,大川ゆみ
ganbari mascarpone,ガンバリ・マスカルポーネ
ishimo,石野
maru (umc a),マル（UMCA）
squid neetommy,Squid Neetommy
oooqqq,ooqqq
kneeichigo,ニーチゴ
mengo,メンゴ
tama azusa hatsu,タマ・アズサ・アズサ
symfo,シンフェ
nishimawari kouro,西海kouro
aokaze (mimi no uchi),Aokaze（Mimi no uchi）
mdoctkscb,mdoctkscb
gwanlamcha,グワンラムチャ
umi hire,ウミーレンタル
chisuke 1104,チスケ1104
kamiowl,カミオウル
nakaba,ナカバ
yoohei (pizzadev),ユヘイ（ピザデフ）
mongz,モンツ
manse,マンス
drawingddoom,DrawingDdoom
kobayashi (oksk0x0),小林（oksk0x0）
sugii tsukasa,sugii tsukasa
phara,ファラ
xhunzei,Xhunzei
oppai kenmin,Oppai Kenmin
fate no keshin,運命はありません
moji (mojimozis),モジ（モジモジス）
ichinashi,一島
rennkuu,レンクー
fuyuki8208,fuyuki8208
shindou mikeko,シンドウ・マイクコ
mynare,mynare
tanaka212,タナカ212
asami yurumu,浅見ゆっくり
hakuun (m2230),ハクン（M2230）
oyatu55k,oyatu55k
lunalu9,lunalu9
vincent wu,ヴィンセント・ウー
aoyama reo,青山レオ
ronen,ロネン
yuuma (pumpkin),ユウマ（カボチャ）
bosutonii,ボズトニイ
amou mari,amou mari
sagamihara sakyou,佐賀sakyou
chibimame,チビマメ
zymonasyh,Zymonasyh
ruuto (ruto3),ルート（ruto3）
ogu,ogu
ichijo kazuya,一kazuya
n15e,N15E
absolutemabbak,Absolutemabbak
harukagi,丸田
ing0123,ING0123
itou yoshiyuki,伊藤ヨシユキ
yuan long,元長い
amazio komeko,Amazio Komeko
binbinsuke,ビンビンズケ
mocacoco339,Mocacoco339
domik,ドミク
yihsien,yihsien
eigetu,eigetu
yossyzero,Yossyzero
eikaa,eikaa
kawara hajime,カワラ・ハジメ
daue,ドーエ
kamome,カモメ
tsumagomi izumo,ツマゴミイズモ
sayamai miyabi,サヤマイミヤビ
katoyo85,katoyo85
shirokuroma 29,白皮29
tanikku,タニクク
kazu sanbon,カズ・サンボン
tomitayaki,トミタヤキ
kodera ju,コデラ・ジュ
riuhi,リウヒ
kamiomutsu,kamiomutsu
bunkyo takemi,Bunkyo Takemi
ichi inaru,inichi inaru
kyowosuke,京都
saz (sazin764),saz（sazin764）
chotto,チョット
urepito honke,ウレピト・ホンケ
hohetomaru,Hohetomaru
shirogane rio (artist),シロガネリオ（アーティスト）
yuzuriha p,Yuzuriha p
nagamo sakana,ナガモサカナ
nini3piyo,nini3piyo
chan qi (fireworkhouse),Chan Qi（花火ハウス）
sabi wasabi,サビワサビ
niwatori gunsou,niwatori gunsou
potato (oriha94),ポテト（oriha94）
battle koala,バトルコアラ
mogu (kanikama mgmg),モグ（カニカマmgmg）
makoto osamu,四肢大島
yon yon (shikawafu),ヨンヨン（シカワフ）
doorknoble,ドアノブル
katagiri ikumi,カタギリ・イクミ
nanai,ナナイ
shui ran moon,シュイは月を走った
touhou meikyuu,touhou meikyuu
spiral (senra garou),スパイラル（セナガロウ）
misakana,ミサカナ
hako (hakosanhanasan),hako（hakosanhanasan）
nekono osero,ネコノ・オセロ
sacchi,サッキ
randis,ランディス
79inko,79inko
ankoku tiger,ankokuタイガー
yukitaka,ユキタカ
zis,zis
pendreon,ペンドレオン
sakuma,さくら
ookouchi ricca,Ookouchi ricca
monza (saeumon),モンツァ（サーメン）
designer ojisan,デザイナーojisan
shino (moment),シノ（瞬間）
fu (mushibun),fu（mushibun）
saifu (sisutakh),サイフ（sisutakh）
a flow,流れ
hullzion,ハルツィオン
tsubakiya,ツバキヤ
o1118,O1118
shirono kuma,シロノクマ
nasunoko,nasunoko
tsuzuki (e ci),ツズキ（E CI）
melting scarlet,溶けたscar色
nfb-zmc,NFB-ZMC
ryopie,リョピー
nomiya37564,nomiya37564
yoko (shiocolor),ヨーコ（ocolor）
rison,リソン
kemu,ケム
takashi moritaka,森田高橋
knucklecurve,ナックルカーブ
kakinouchi narumi,カキヌーチ・ナルミ
natsuhime yuran,夏ユラン
girutaabo,Girutaabo
hei jin,hei jin
0v0 (l seohui),0v0（l seohui）
d kake2,D Kake2
bolero (bo le ro66),ボレロ（bo le ro66）
qing lan,清lan
rizeass,rizeass
orinpachu,オリンパチュ
banana (hirane1988),バナナ（hirane1988）
gucha (netsu),グチャ（netsu）
you (nanban319),あなた（nanban319）
yadokari (yadokani),ヤドカリ（ヤドカニ）
okoge (simokaji),オコゲ（シモカジ）
kyaradain,kyaradain
mikaze,ミカゼ
gukukimu,グクキム
9ma param,9ma param
miz,ミズ
kcn,KCN
myuhuaki,myuhuaki
tewo (tewowet),Tewo（Tewowet）
kisui (28992125),キスイ（28992125）
rirashi,rirashi
to gemichi,gemichiに
goru (cure golgom),ゴル（Cure Golgom）
yt (yt ty),yt（yt ty）
orokanahime,Orokanahime
da raku,ダ・ラク
shijimi (osumashi),shijimi（osumashi）
kamachi kamachi-ko,カマチカマチコ
daitoutei,daitoutei
dh ead,dh ead
idachi,イダチ
nehani (tworship),ネハニ（トワールシップ）
hazuki (nukisasi),hazuki（nukisasi）
chawanmushi (ebikamaboko),チャワンムーシ（エビカマボコ）
akai mi ga bakuhatsu shita,アカイミーガバクハツサイサ
tsukimi kirara,ツキミキララ
honya (maho a),Honya（MahoA）
foge,フォージ
1860 (ichi),1860（ICHI）
guilhermerm,Guilhermerm
ekuramani,エクラマニ
susukida (sususabu0710),susukida（sususabu0710）
mishima ryo,三島龍
hasaki (alice ruru),Hasaki（AliceRuru）
lip (lih8),唇（lih8）
aratake,アラタ
harlequinwaffles,Harlequinwaffles
mano (m1n0f2e1),マノ（M1N0F2E1）
wz (woyzeck),WZ（Woyzeck）
takebouzu,Takebouzu
kumo (kumo8159),クモ（kumo8159）
nakashima (middle earth),中島（中つ国）
kiyomiya,キヨミヤ
arikui (ooooalikui),arikui（ooooalikui）
sio genshin,Sio Genshin
moi'dukdum,Moi'dukdum
cottan,コッタン
a2t will draw,A2Tが描画します
parkjinsuky,Parkjinsuky
yuyu (yuyudesu0806),Yuyu（Yuyudesu0806）
mita mitauzo,ミタ・ミタウゾ
uni sirasu,Uni Sirasu
robin (unlimited world),ロビン（無制限の世界）
taikoi7,Taikoi7
nolma7,nolma7
pucho,プチョ
blue shrimp,青いエビ
bossmonsterbani,BOSSMONSTERBANI
yamada (iroha97151188),山田（Iroha97151188）
eric proctor,エリック・プロクター
fujiwara mizuki,藤原水井
duralu500,duralu500
chi wa,Chi Wa
youchengyan,ポケファンチェン
choke (amamarin),チョーク（アママリン）
aegisfate,aegisfate
emdo (norabbit),emdo（norabbit）
ise dango,ISEダンゴ
rogu (log 264),ログ（ログ264）
kinata (area7),キナタ（エリア7）
joi kun (senzai hiyori),Joi Kun（Senzai hiyori）
omuretu (butterroru),オムレツ（バターロル）
alice-yuki,アリス・ユキ
s k (shiro karasu),S K（Shiro Karasu）
jayamon,ジャヤモン
harusameriburo,Harusameriburo
shinigami (tukiyomiikuto),死神（トゥキヨミクート）
zyaki,Zyaki
takase (harakiri),Takase（Harakiri）
storia,ストーリア
lr (last remote 514),LR（最後のリモート514）
nalukikiki,ナルキキキキ
laaaicha,ラアイチャ
shikai (iesiki 56),シカイ（Iesiki 56）
kazeco,カゼコ
mushi kei,ムシウケイ
mint (mintlemonade3),Mint（Mintlemonade3）
areko,arescr
tenpou gensui,tenpou gensui
ookura kazuya,雲母o
mondo pop,モンドポップ
iriya (lonesome),Iriya（Lonesome）
ezusuke,エズケ
junsui (omori0310),junsui（omori0310）
5plus,5plus
virtualcity-ex,VirtualCity-Ex
latutou1,latutou1
futami kito,upami kito
meiya,メイヤ
komachinofu,Komatinohu
ichi10art,ICHI10ART
akabuchi megane,明uchimagane
kano (kanokano44),カノ（kanokano44）
mirei-yume,mirei-yume
neko zukin,ネコ・ズキン
5alive,5アライブ
yousui,yousui
kimidori (dera kimidori),kimidori（dera kimidori）
rapbitan,Rapbitan
satou yuu,satou yuu
niyadepa,niyadepa
c turtle,cタートル
takano kou,高野kou
bambi-25,bambi-25
aituoku,aituoku
yuruno,ユルノ
akasaka koutarou,アカサカ・クタロウ
matsui celine,松井セリーヌ
oneko,ワンコ
112san,112サン
ahnei,ahnei
suzu (susan slr97),鈴（スーザンSLR97）
tokorot,トコロット
seirei (mimi toka),seirei（Mimi Toka）
mikanagi yuri,ミカナギ・ユリ
yuno setouchi,ユノ・セトウチ
mookie (e mook9),Mookie（E Mook9）
makoji (yomogi),マコジ（ヨモギ）
nogi momoko,Nogi Momoko
haru (primavera),ハル（プリマベラ）
nekoyanagi (azelsynn),nekoyanagi（azelsynn）
isami don,イサミ・ドン
makie fujiyuki,Makie Fujiyuki
fuchi,富士
ririvery,リアリファレンス
shibanashi miso,7ibanashi Miso
moment (moment 607),瞬間（瞬間607）
haru hina,ハル・ヒナ
gaoerji,ガオエルジ
kemi (kemi433),ケミ（kemi433）
kurosawa (kurosawakyo),黒崎（黒浅子）
himduldago,ヒムドゥルダゴ
h shai,Hシャイ
ono itaru,小野itaru
kurogane (blackxsilver),Kurogane（blackxsilver）
hoshino banchou,Hoshino Banchou
nanahi toshi,ナナヒ・トシ
oono eiko,Oono eiko
kutsushita (tokati r),クツシタ（トカティR）
maru (maru1105),マル（Maru1105）
hell machina,地獄のマチナ
uko (moi08),UKO（MOI08）
mashimaru (muzikluva),マシマル（ムジクルバ）
zooya,ZOOYA
ashermes,アシャーメス
eri na,エリナ
aria (okuda08808008),aria（okuda08808008）
jinkou-kuu,jinkou-kuu
terimayo (sonnne farbe),テリマヨ（Sonnne Farbe）
marotti,マロッティ
hakiata,ハキアタ
maico (a218),マイコ（A218）
haun (exodinary),ハウン（産出）
ressue (gomgom),ressue（gomgom）
kemonono (inchiki dou),ケモノノ（inchiki dou）
kkokko,kkokko
shiro kanae,シロ・カナエ
yuikannon,ユイカノン
shin'ichi (yokosuka220),Shin'ichi（Yokosuka220）
moonshen timojim,ムーンシェン・ティモジム
joze,ジョーズ
mou (mooooow),mou（moooow）
soyoghi,ソヨギ
nemurimangetsu,Nemurimangetsu
reticulum,網状
harui (huruyi 817),harui（huruyi 817）
zeng$ (zwj),Zeng $（ZWJ）
gu (goodnight),gu（おやすみ）
take (office-t),取る（Office-T）
jin (phoenixpear),ジン（phoenixpear）
tekla,テクラ
tsujiori,ツジオリ
moyashi (oekaki touhou),モヤシ（oekaki touhou）
doongdang,ドゥンダン
odabuts,odabuts
pinky iwata,ピンキー・イワタ
runemill,ルーンミル
anientte,アニエンテ
alic miao,アリック・ミャオ
malice stella,マリスステラ
cosmicsnic,Cosmicsnic
seushiki (ponti-ron),seushiki（ポンティロン）
bohe,ボーヘ
vegacolors,野菜
sai (saikun),サイ（サイクン）
senkyoushi gondolf,Senkyoushi Gondolf
shanghai man,上海の男
chaou,Chaou
the maa,マア
cheong-a,ケモ（ポッカ）
pippilipi,ピピリピ
kochiya hizuki,コチヤ・ヒズキ
ntm,NTM
oinari yukke,オイナリ・ユッケ
mononoke (empty),モノノーク（空）
abarerumidori,Abarerumidori
ichitaro,いちご
zxzx,zxzx
eien no kurayami,eien no Kurayami
toujirou,Toujirou
yu (uza),yu（uza）
shuruken (yuumo),シュルケン（ユウモ）
furea (genjuu no mori),furea（genjuu no mori）
kano (coyotehunt),カノ（Coyotehunt）
daizan (mount position),ダイザン（マウント位置）
yohchi,ヨチ
kan satomi,カン・サトミ
maguchimo,マグチモ
konbuni,コンブニ
mmm3sushi,mmm3sushi
yuzupapa,Yuzupapa
hashiyamoto,ハシヤモト
yagami kamiya,Yagami Kamiya
bitterpain,ビターペイン
horiuchi osamu,堀内大島
senbiki (nonono69),senbiki（nonono69）
yumikoyama49,Yumikoyama49
sakusakumonoka,桜木
haggy,ハギー
salukino,サルキノ
futaba no taiko,upaba no taiko
araishi maro,アライシマロ
askr (mymy),Askr（Mymy）
yukiiri,ユキリ
omi (tyx77pb r2),omi（tyx77pb r2）
kitorakito,キトラキト
sakuba nao,サクバ・ナオ
kuratch,クランチ
shige,シゲ
io-catalyst,IO触媒
shands,シャンド
uetaku,uetaku
memidesuyo,memidesuyo
haires,ヘアー
tayashigu (suisyounohosizora),Tayashigu（Suisyounohosizora）
kaitofuuma,Kaitofuuma
anison,アニソン
nitaimoimo,ニタイモイモ
rye (hyn uka),ライ麦（hyn uka）
aiban,アイバン
youtan,Youtan
oni0417,ONI0417
shaito,シャイト
otou mamayo,otou mamayo
amedan,アメダン
shio,シオ
iketsuko,イケツコ
silayloe,シレイロエ
mikannsisyou,Mikannsisyou
xinuo223,Xinuo223
guglielmo,グリエルモ
rodori gesu,ロドリ・ゲス
tokihanatareshi,トキハナタレシ
doryudory,ドリュードリー
taneichi (taneiti),Taneichi（Taneiti）
hanakanzarashi,漢字
cero320,CERO320
norisukep,norisukep
matsuse daichi,マツセ・ダイチ
kgo,KGO
chaudlapin,Chaudlapin
ying jing meng,イン・ジン・メン
sen nai,センナイ
kol49,KOL49
napo8593,NAPO8593
j.2,J.2
soranokaze15,soranokaze15
0shino,0shino
shoko makiko,Shoko Makiko
mashima (sumachi),松田（スマチ）
tomon (slash0410),トモン（slash0410）
zono (rinkara-sou),ゾノ（Rinkara-sou）
prino hawell,Prino Hawell
nox13,nox13
gomoku,ゴモク
riria,リリア
natsume riu,Natsume riu
ruku (ruku 5050),ルク（ルク5050）
shirasaki aloe,シラサキアロエ
kaguyahime,kaguyahime
yogurt bakudan,ヨーグルト・バクダン
fuzuki hajime,福州hajime
haruna mahiru,ハルナ・マヒル
ooshima miwa,ooshima miwa
teston,テストン
aratani tomoe,アラタニ・トモエ
ryuko azuma,あずの角
sasaki kouhei,佐々木kouhei
magamoto,マガモト
shiitake (mm0820),Shiitake（MM0820）
kirikawa ikumu,キリカワ・イクム
kurata yumi,クラタ・ユミ
rippootai,Rippootai
moy64904958,MOY64904958
mocco (mocco san1),Mocco（Mocco SAN1）
nekobayashi (nekoforest),nekobayashi（nekoforest）
rtari,rtari
kuze (ira),Kuze（IRA）
hatomugi (mamotan),hatomugi（Mamotan）
aro,アロ
monotiina,モノティナ
ha9na,ha9na
kuro (baseball0000),kuro（baseball0000）
sanderson,サンダーソン
o h miona,o h miona
daga,ダガ
shion humine,シオンhumine
tonbanlove,トンバンローブ
natsuki straight,ナツキストレート
caracorn,カラコーン
keke (kekekue),ケケ（ケケクエ）
ashida yuri,アシダ・ユリ
yuuki miyabi,Yuuki Miyabi
usio ueda,usio ueda
kase atsushi,Kase atsushi
neva,ネバ
bo xun lin,Bo Xun Lin
fujisaki kyouya,藤井京ヤ
usui ryuu,usui ryuu
810 (dadmiral),810（dadmiral）
goji (8jikan roudou),ゴジ（8jikan roudou）
emi (emi43),EMI（EMI43）
mk001black,mk001black
otxoa60,OTXOA60
pa da wan,Pa da wan
undershaft,アンダーシャフト
tariho (robotanime),タリホ（ロボタニメ）
tad s,tad s
supahbeefcakes,supahbeefcakes
baseu,baseu
pcs shousa,PCS Shousa
kchair02 (k02-yan),kchair02（k02-yan）
tsuka (blind side),つか（ブラインドサイド）
yukiji shia,シーア島
uriah-oyu,ウリア・オユ
tokiji,トキジ
shirotaso0818,Shirotaso0818
noii,noii
kyou (nodobotokemax),キョウ（nodobotokemax）
haneto,ハネト
erhuo,erhuo
helixel,ヘリキセル
yunopan chako,ユノパン・チャコ
yellowking hiro,ホイロ
yoshizawa tamae,吉沢タマエ
yuuhi (yuyuhihi),ユウヒ（ユユヒ）
soxkyo,ソキショ
qtarou,qtarou
5hgohi,ディマ
4410 (kanimiso),4410（kanimiso）
thealagator,Thealagator
u-pika (undefined),TM-PIKA
suzunoya,スズノヤ
rokudou itsuki,rokudou ithuki
saru (pixiv13751598),saru（pixiv13751598）
ginyasama,ginyasama
chinchira,チンチラ
sawatarou (roto),sawatarou（roto）
ito (silva),伊藤（シルバ）
motsupu,Motsupu
miyano akihiro,ミヤノ・アキヒロ
naratani,ナラタニ
ckhd,CKHD
eri muuton,エリ・ムートン
masa (masa-koba),マサ（マサコバ）
haku hakujou daimaou,Haku Hakujou daimaou
tani,タニ
sarekoube,sarekoube
zarsy,Zarsy
yanase aki,ヤナーゼ・アキ
maddy,マディ
makita (mugitya3776),Makita（Mugitya3776）
kyo722,KYO722
umi no tarako,umi no tarako
zhu (nitamagr),Zhu（Nitamagr）
nuwara eliya,ヌワラ・エリヤ
denjinq,denjinq
yukiyaii,ユキヤイ
tsutsuji (hello x 2),ツツジ（こんにちはx 2）
shisen,シーゼン
ezume (rosehip),ezume（rosehip）
imo mushi,IMO MUSHI
jerun,エルン
01rosso,01ROSSO
tianya beiming,Tianya Beiming
inawa akito,イナワ・アキト
ak1222dece,AK1222DECE
gyarakushi shokudou,Gyarakushi Shokudou
bexercube,bexercube
niki (nikism1987),ニキ（Nikism1987）
hanuu,ハヌー
igatto,イガトー
acaco,アサコ
swepot,スウェポット
yanagi asahi,ヤナギ浅
luluko (starryluluko),Alexa Pasztor
nipye,ニピエ
hurappo,puckjjick（belbesi19）
stephanie priscilla,ステファニー・プリシラ
aoi (kiyokiyoaomushi),aoi（kiyokiyoaomushi）
hoshi mitsuru,Blazbluefairy
lunica,ルニカ
hamza touijri,Hamza Touijri
kamille areopagita,Kamille areopagita
hiyama izumi (wttdh),hiyama izumi（wttdh）
nakatani seiichi,中国中国
cute potato (cute potato ner),かわいいジャガイモ（かわいいジャガイモのええ）
weizen,ワイゼン
dankesang,ダンケサン
hiko (hiko224556),hiko（hiko224556）
doneen69,doneen69
saturn (satscarlet),土星（satscarlet）
kekai kotaki,Kekai Kotaki
azuma shoujuan,azuma shoujuan
hoshikuzu (milkyway792),Hoshikuzu（Milkyway792）
miura takehiro,Miura Takehiro
raind,雨
mikepon (ota office),Mikepon（OTA Office）
frofrofrost,Frofrofrost
denchi more power,Denchi More Power
sawara (starligtvision),sawara（starligtvision）
kobayashi kobako,小林小川
leo thasario,レオタサリオ
g perarikku,gペラリック
kazari hisa,カザリ・ヒサ
gunbam,ガンバム
arai29,arai29
kirushi (killcy),キルシ（キルシー）
nagarakawa shiraku,ナガラカワ・シラク
yanagita kousuke,Yanagita Kousuke
aranagi (arng 4401),アラナギ（ARNG4401）
nekoda kuro,ネコダ・クロ
tsunano (koi pink),ツナノ（koiピンク）
akatsuki (osamaru36),acatsuki（osamaru36）
shi shi ji,Shi Shi Ji
sakusan yousoeki,Sakusan yousoeki
gurugnsn,gurugnsn
kubomi 943,クボミ943
iku! iku!!,イク！イク!!
tenryou sena,Tenryou Sena
gigi,ジジ
naora yusuke,ナオラ・ユスケ
akaisu,アカシュ
shinonome nemu (nemulog sn),シノノームnemu（nemulog sn）
tsukigime,ツキイム
takahashi mariko,高橋マリコ
sin gun woo,sin gun woo
parda siko,パルダ・シコ
digital (digital001),Digital（digital001）
error dot,エラードット
maka neko,マカネコ
kame,カメ
oppi (ksop28),OPPI（KSOP28）
kine (warabi mk501),Kine（Warabi MK501）
nanaji (7ymf),nanaji（7ymf）
sugimoto (niboshiumai),杉本（ニボシウマイ）
benjamin button suukina jinsei,ベンジャミンボタンスイキナジンセイ
nagi ria,ナギ・リア
ploki,プロキ
fujimoto kishino,藤本王様
fuetakishi,フエタキシ
yomi (yomi14 pyaon),Yomi（Yomi14 Pyaon）
nayuta (una),Nayuta（una）
shokubai phantom girl,Shokubai Phantom Girl
1z10,1Z10
rindo,リンド
knora,クノラ
zges,ZGES
midori (green tea),ミドリ（緑茶）
sakusaku (sakusakucrab),さくら（佐藤ucrab）
donkoni,ドンコーニ
suzhi2333,スジー2333
hwoi (hw 123),hwoi（HW 123）
ayu (iyokanya),ayu（iyokanya）
banbuu (zeromugen),バンブー（ゼロムゲン）
tes (unpre),tes（unpre）
ouka mai,Ouka Mai
yuuhei,Yuuhei
sazanami tarou,サザナミタロウ
anji lanuo,Anji Lanuo
brk 603,BRK 603
aotsuki kaoru,四頭川
ximubingo,Ximubingo
ima (luce365),IMA（Luce365）
so nagi (artist),SO NAGI（アーティスト）
hachimitsu-b,漢字-B
yuuutsu shan,ユウツー・シャン
regu (reg95),regu（reg95）
viridian-c,Viridian-C
gundongdejie,Gundongdejie
teriton,テリトン
mosamune,モサムネ
kameron,カメロン
han seol,ハン・ソール
ryuuta (akatukiryoka),ryuuta（アカトキリョカ）
dmanya,dmanya
lina (interlude),リナ（インタールード）
chipokan,チポカン
remora works,Remora Works
mikanmochi,ミカンモチ
home (houmei),ホーム（houmei）
sumika (rrz03),sumika（rrz03）
umetori uriri,UMETORI URIRI
bobby36446329,Bobby36446329
pecohophop,Pecohophop
redlark (r083),Redlark（R083）
ottomarr,ottomarr
oi shibako,oi Shibako
line4x,line4x
areno,アレノ
yafu,ヤフ
yuki (yuki3243),ユキ（Yuki3243）
michael.r,Michael.R
takahiko,タカヒコ
zhano kun,Zhano Kun
oshouyu tabetai,Oshouyu Tabetai
samanator club,サマネータークラブ
john (kakurenbo),ジョン（カクレンボ）
pazma,パズマ
glycyrrhizae,Glycyrrhizae
urue,urue
shimoogawa,清川
chonbo (artist),コンボ（アーティスト）
karina,カリーナ
mekabu,メカブ
akina (schism),アキナ（分裂）
katakoriku,カタコリク
k nekoneko,K nekoneko
tres-iques,tres-aik
youmak,Youmak
juuden,ジュデン
himamushi nyuudou,himamushi nyuudou
kotono,コトノ
kuzel (bonolangje),Kuzel（Bonolangje）
eau,eau
guan tang baozi,グアン・タン・バオジ
kamemushi (hoozuki),河口（hoozuki）
rekareka,レカレカ
megane (artist),メガネ（アーティスト）
ahsiu,ahsiu
cst,CST
helmet (trailblazer003),ヘルメット（Trailblazer003）
matsumotoasumu,松下骨
probably noon,おそらく正午
eske,エスケ
ebiura akane,エビュラアカネ
seshiya,seshiya
kagutsuchi (victoragna),kagutsuchi（victoragna）
chrisanother,Chrisanother
abe (f!mixture),安倍（f！混合物）
hiyoko no ko,hiyoko no ko
pee-kay,おしっこケイ
strib und werde,ストリブとワーデ
ikara,イカラ
rugatsuki,ルガツキ
pavapo,パバポ
kai28,Kai28
starbirbz,Starbirbz
bingshan,ビングシャン
mokopekko,モコペッコ
siosiosolty,siosolty
hitsuji nata,hitsuji nata
soi,ソイ
baicha oqqa,バイチャ・オッカ
machi wt,マチwt
nemeneko 6,Nemeneko 6
shimashi (mori no sato),清水（森は佐佐）
otaku heishi,otaku heishi
oujima tamaki,オウジマタマキ
aaaa (gumi niku),aaaa（gumi niku）
usirome,usirome
zarameru (tsukumo),ザラメル（ツクモ）
mugicho (kdks5554),ムギチョ（KDKS5554）
aka unto,別名に
satou usuzuku,佐藤uzuku
fujita kanbe,藤田漢体
majin (kiidoumajin),Majin（Kiidoumajin）
sio2 (nisankakeiso),SIO2（nisankakeiso）
xiwang xintu,Xiwang Xintu
yuki (nanao yuki),ユキ（久野ゆず）
hanta96,hant96
longzaibei01,longzaibei01
narumi suzune,ナルミ・スズン
heridy,ヘリディー
akikaze shirakumo,akikaze shirakumo
eccma417,ECCMA417
hpflower,hpflower
borisx,Borisx
nanamiyuki,ナナミユキ
