original,3,1565373,
touhou,3,1089721,
kantai collection,3,542713,
blue archive,3,446801,
pokemon,3,406371,
fate (series),3,406219,
hololive,3,325616,
genshin impact,3,311231,
fate/grand order,3,304234,
idolmaster,3,284954,
umamusume,3,229518,
arknights,3,226132,
vocaloid,3,207240,
honkai (series),3,187051,
azur lane,3,156486,
idolmaster cinderella girls,3,136246,
honkai: star rail,3,132563,
love live!,3,128332,
fire emblem,3,124571,
hololive english,3,113141,
zenless zone zero,3,110464,zzz (game)
final fantasy,3,107659,
nijisanji,3,90439,
indie virtual youtuber,3,86750,
mahou shoujo madoka magica,3,84010,
girls' frontline,3,79437,gfl
girls und panzer,3,73383,
gundam,3,70623,
danganronpa (series),3,68543,
precure,3,68442,pretty cure
mahou shoujo madoka magica (anime),3,59914,
kemono friends,3,58249,
bang dream!,3,55535,bandori
wuthering waves,3,54756,
jojo no kimyou na bouken,3,54677,
one piece,3,54496,
honkai impact 3rd,3,53462,
granblue fantasy,3,52938,
persona,3,48566,
project moon,3,47737,
goddess of victory: nikke,3,46485,
idolmaster shiny colors,3,45745,
chainsaw man,3,45430,
idolmaster (classic),3,44289,
boku no hero academia,3,43988,
yu-gi-oh!,3,43840,
fate/stay night,3,43827,
final fantasy vii,3,41015,
bang dream! it's mygo!!!!!,3,39375,"bang dream! ave mujica,bang dream! ave mujica the die is cast"
love live! school idol project,3,38932,
the legend of zelda,3,38267,
love live! hasu no sora jogakuin school idol club,3,36721,"link! like! love live!,love live! hasunosora jogakuin school idol club"
neon genesis evangelion,3,35657,shin seiki evangelion
limbus company,3,35431,
league of legends,3,35072,
fire emblem heroes,3,34722,
pokemon sword and shield,3,34571,pokemon swsh
final fantasy xiv,3,34517,
street fighter,3,33820,
splatoon (series),3,33513,
idolmaster million live!,3,33115,
pokemon scarlet and violet,3,32510,"pokemon scarlet,pokemon sv,pokemon violet"
ragnarok online,3,32183,
fire emblem: three houses,3,31690,
bocchi the rock!,3,31558,
mario (series),3,31019,
dragon ball,3,30140,
project sekai,3,29686,
xenoblade chronicles (series),3,29282,
marvel,3,28596,marvel cinematic universe
utau,3,28434,
toaru majutsu no index,3,27787,
princess connect!,3,27641,
k-on!,3,27425,
pokemon (anime),3,27375,
danganronpa 2: goodbye despair,3,26817,
sousou no frieren,3,26815,frieren: beyond journey's end
gakuen idolmaster,3,26568,
naruto (series),3,26554,
world witches series,3,25745,
lyrical nanoha,3,25721,
suzumiya haruhi no yuuutsu,3,25522,
danganronpa v3: killing harmony,3,25011,
voiceroid,3,24497,
pokemon sun and moon,3,24343,pokemon sm
reverse:1999,3,23919,
jujutsu kaisen,3,23831,jjk
mega man (series),3,23610,
love live! sunshine!!,3,23380,
omori,3,23207,
re:zero kara hajimeru isekai seikatsu,3,22813,re:zero - starting life in another world
guilty gear,3,22762,
fate/extra,3,22261,
fire emblem fates,3,22152,
kono subarashii sekai ni shukufuku wo!,3,22108,konosuba: god's blessing on this wonderful world!
love live! nijigasaki high school idol club,3,21977,
digimon,3,21545,
xenoblade chronicles 2,3,21479,
bleach,3,21024,
monogatari (series),3,20872,
real life,3,20817,
tales of (series),3,20811,
kimetsu no yaiba,3,20597,
dragon quest,3,20322,
senran kagura,3,20112,
utdr (toby fox),3,20012,
overwatch,3,19797,
bishoujo senshi sailor moon,3,19422,
pokemon black and white,3,19391,pokemon bw
sword art online,3,19175,
sonic (series),3,18262,
strike witches,3,17640,
persona 5,3,17476,
toaru kagaku no railgun,3,17457,
touken ranbu,3,17426,
final fantasy vii remake,3,17216,
fate/apocrypha,3,17167,
fire emblem awakening,3,16947,
science adventure,3,16899,
nier (series),3,16882,
pokemon diamond/pearl/platinum,3,16823,pokemon dppt
spy x family,3,16779,
gochuumon wa usagi desu ka?,3,16777,
arknights: endfield,3,16751,
the king of fighters,3,16712,
nijisanji en,3,16683,
touhou (pc-98),3,16579,
kill la kill,3,16364,
idolmaster cinderella girls starlight stage,3,16317,
fate/zero,3,16148,
tsukihime,3,15959,
persona 4,3,15753,
persona 3,3,15536,
kirby (series),3,15437,
alien stage,3,15316,
shingeki no kyojin,3,15313,
code geass,3,15077,code geass hangyaku no lelouch r2
bang dream! girls band party!,3,14798,
nier:automata,3,14717,nier automata
danganronpa: trigger happy havoc,3,14688,
lucky star,3,14612,
dc comics,3,14499,"dc extended universe,dc universe (franchise)"
overwatch 1,3,14470,
dungeon meshi,3,14465,
neptune (series),3,14377,
idolmaster million live! theater days,3,14288,
mahou shoujo no majo saiban,3,14070,"magical girl witch trials,manosaba"
saibou shinkyoku,3,14001,cell of empireo
higurashi no naku koro ni,3,13967,
go-toubun no hanayome,3,13869,
pokemon legends: z-a,3,13846,pokemon za
tokyo afterschool summoners,3,13805,
dragon ball z,3,13697,
resident evil,3,13677,
vspo!,3,13653,
ranma 1/2,3,13579,
elden ring,3,13269,
ensemble stars!,3,13208,
darkstalkers,3,13207,vampire (game)
assault lily,3,13110,
magia record: mahou shoujo madoka magica gaiden,3,13067,magia record
cho kaguya-hime!,3,13033,"chou kaguya-hime!,cosmic princess kaguya!"
pokemon black 2 and white 2,3,13017,pokemon bw2
fire emblem engage,3,12927,
stardust crusaders,3,12924,
girls band cry,3,12838,
eiyuu densetsu,3,12825,
kamen rider,3,12769,
rwby,3,12760,
monster hunter (series),3,12389,
blazblue,3,12331,
rebuild of evangelion,3,12231,
umineko no naku koro ni,3,12195,
nikki (series),3,12168,
cookie (touhou),3,12146,
mahou shoujo lyrical nanoha,3,12121,
fate/kaleid liner prisma illya,3,12111,
pokemon x and y,3,12102,pokemon xy
mahou shoujo lyrical nanoha strikers,3,12096,
inazuma eleven (series),3,12066,
gundam suisei no majo,3,11794,
senki zesshou symphogear,3,11692,senki zesshou symphogear xv
super smash bros.,3,11663,
hololive indonesia,3,11331,
deltarune,3,11268,
rozen maiden,3,11260,
cardcaptor sakura,3,11032,
tengen toppa gurren lagann,3,11023,
onii-chan wa oshimai!,3,10996,onimai
the legend of zelda: breath of the wild,3,10968,botw
atelier (series),3,10851,
guilty gear strive,3,10754,
macross,3,10726,
pretty series,3,10657,pretty (series)
vento aureo,3,10649,golden wind
naruto shippuuden,3,10392,
axis powers hetalia,3,10384,
heaven burns red,3,10376,
lycoris recoil,3,10334,
girls' frontline 2: exilium,3,10240,gfl2
pokemon masters ex,3,10211,
hololive dev is,3,10143,
last origin,3,10026,
naruto (classic),3,9944,
battle tendency,3,9933,
pokemon heartgold and soulsilver,3,9867,pokemon hgss
fate/extra ccc,3,9734,
splatoon 3,3,9623,
pokemon legends: arceus,3,9573,
smile precure!,3,9453,"smile pretty cure,smile pretty cure!"
oshi no ko,3,9388,
undertale,3,9239,
steins;gate,3,9238,
the legend of zelda: tears of the kingdom,3,9228,totk
a.i. voice,3,9152,
helltaker,3,9084,
panty & stocking with garterbelt,3,9070,
street fighter 6,3,9024,
aikatsu! (series),3,9012,
kobayashi-san chi no maidragon,3,8965,
ace attorney,3,8947,
spider-man (series),3,8935,
one-punch man,3,8872,
yuruyuri,3,8869,yuru yuri
gridman universe,3,8726,
pokemon omega ruby and alpha sapphire,3,8633,pokemon oras
punishing: gray raven,3,8611,
mushoku tensei,3,8607,
love live! superstar!!,3,8516,
senran kagura new wave,3,8479,
bakemonogatari,3,8450,
hunter x hunter,3,8407,
twisted wonderland,3,8358,
gundam gquuuuuux,3,8338,
x-men,3,8323,
stellive,3,8317,
the hundred line -last defense academy-,3,8296,
metroid,3,8264,
sanrio,3,8247,
diamond wa kudakenai,3,8213,
high school dxd,3,8116,
synthesizer v,3,8105,
sono bisque doll wa koi wo suru,3,8005,my dress-up darling
to heart (series),3,7996,
fatal fury,3,7955,garou (game series)
ore no imouto ga konna ni kawaii wake ga nai,3,7831,
saki (manga),3,7764,
kemono friends 3,3,7621,
hibike! euphonium,3,7593,
nanashi inc.,3,7579,774 inc.
tiger & bunny,3,7541,
pixiv fantasia,3,7486,
marvel rivals,3,7481,
to love-ru,3,7471,
apex legends,3,7355,
elsword,3,7336,
warship girls r,3,7319,
gundam seed,3,7195,
inazuma eleven go,3,7177,
dead or alive,3,7172,
pokemon firered and leafgreen,3,7154,pokemon frlg
little busters!,3,7137,
library of ruina,3,7045,
kamitsubaki studio,3,7023,
watashi ga motenai no wa dou kangaetemo omaera ga warui!,3,7019,
kaguya-sama wa kokurasetai ~tensai-tachi no renai zunousen~,3,7017,
kingdom hearts,3,6934,
dungeon ni deai wo motomeru no wa machigatteiru darou ka,3,6862,
disgaea,3,6823,
holostars,3,6810,
angel beats!,3,6776,
omniscient reader's viewpoint,3,6775,
dragon ball super,3,6763,
ssss.gridman,3,6763,
tekken,3,6755,
pripara,3,6708,
animal crossing,3,6679,
mahou shoujo lyrical nanoha a's,3,6652,
black rock shooter,3,6640,
amagami,3,6621,
fire emblem: the blazing blade,3,6583,
fullmetal alchemist,3,6580,hagane no renkinjutsushi
fire emblem: radiant dawn,3,6543,
mahou shoujo madoka magica: hangyaku no monogatari,3,6498,rebellion story
splatoon 1,3,6496,
shoujo kageki revue starlight,3,6469,
to heart 2,3,6446,
lobotomy corporation,3,6433,
dandadan,3,6393,
clannad,3,6377,
aikatsu!,3,6364,
needy girl overdose,3,6318,
megami magazine,3,6308,
phase connect,3,6303,
fire emblem: genealogy of the holy war,3,6253,
gintama,3,6227,
date a live,3,6185,
splatoon 2,3,6168,
stone ocean,3,6107,
transformers,3,6058,
darling in the franxx,3,6035,
batman (series),3,6024,
new super mario bros. u deluxe,3,6017,
gundam 00,3,5998,
macross frontier,3,5961,
phantasy star,3,5953,
cyberpunk (series),3,5952,
infinity nikki,3,5949,
path to nowhere,3,5936,wuqi mitu
xenoblade chronicles 3,3,5936,
len'en,3,5925,
doki doki literature club,3,5919,doki doki literature club plus
dark souls (series),3,5901,
golden kamuy,3,5889,
dokidoki! precure,3,5866,"doki doki! pretty cure,doki doki pretty cure,dokidoki! pretty cure,dokidoki pretty cure"
mobile suit gundam,3,5856,kidou senshi gundam
cookie run,3,5834,
puyopuyo,3,5826,
yahari ore no seishun lovecome wa machigatteiru.,3,5822,
star wars,3,5781,
queen's blade,3,5777,
meitantei conan,3,5760,
grandmaster of demonic cultivation,3,5757,"mo dao zu shi,modao zushi"
hellaverse,3,5754,hellaverse (franchise)
heartcatch precure!,3,5662,
flower knight girl,3,5639,
fire emblem: path of radiance,3,5621,
steel ball run,3,5593,
pokemon ruby/sapphire/emerald,3,5592,pokemon rse
houseki no kuni,3,5587,
monster musume no iru nichijou,3,5545,
love live! school idol festival,3,5544,
dungeons & dragons,3,5526,"dungeons and dragons,forgotten realms"
puzzle & dragons,3,5504,
haikyuu!!,3,5504,
yurucamp,3,5458,
vshojo,3,5457,
devil may cry (series),3,5451,
skullgirls,3,5418,
kagerou project,3,5397,
osomatsu (series),3,5393,
the legend of zelda: twilight princess,3,5390,
mega man (classic),3,5388,
pokemon (classic anime),3,5372,
monster girl encyclopedia,3,5309,
mega man x (series),3,5305,
cevio,3,5302,
touqi guaitan,3,5287,
idolmaster 1,3,5257,
super robot wars,3,5211,
guilty gear xrd,3,5202,
hirogaru sky! precure,3,5180,"hirogaru sky! pretty cure,hirogaru sky precure,hirogaru sky pretty cure,soaring sky! precure,soaring sky! pretty cure,soaring sky precure"
kouyoku senki exs-tia,3,5168,
kemono friends v project,3,5163,
atelier ryza,3,5127,
sen no kiseki (series),3,5106,
osomatsu-san,3,5087,
koha-ace,3,5075,
fire emblem: mystery of the emblem,3,5070,
tsukihime (remake),3,5063,
gegege no kitarou,3,5049,
minecraft,3,5039,
little witch academia,3,5019,
machikado mazoku,3,5017,
alice's adventures in wonderland,3,5009,alice in wonderland
touhou lostword,3,4977,touhou lost word
phantasy star online 2,3,4970,
taimanin (series),3,4967,
cyberpunk: edgerunners,3,4947,cyberpunk edgerunners
made in abyss,3,4943,
warhammer 40k,3,4936,
dungeon and fighter,3,4923,
bemani,3,4878,
nitroplus,3,4865,
kid icarus,3,4855,
phantom blood,3,4844,
sekaiju no meikyuu,3,4839,
pokemon horizons,3,4820,pokemon sv (anime)
inazuma eleven,3,4758,
the legend of zelda: ocarina of time,3,4756,
meitantei precure!,3,4742,"meitantei pretty cure!,star detective precure!,star detective pretty cure!"
pokemon adventures,3,4712,
pokemon tcg,3,4663,
idolmaster side-m,3,4654,
cyberpunk: edgerunners 1,3,4625,
hazbin hotel,3,4616,
my little pony,3,4565,
spice and wolf,3,4562,
fairy tail,3,4550,
yu-gi-oh! duel monsters,3,4533,
vrchat,3,4528,
mcdonald's,3,4524,
shadowverse,3,4517,
my little pony: friendship is magic,3,4454,
fire emblem: the binding blade,3,4442,
os-tan,3,4441,
shining nikki,3,4396,
street fighter v,3,4382,
yu-gi-oh! gx,3,4347,
zeta gundam,3,4344,
toradora!,3,4339,
suite precure,3,4322,suite pretty cure
metal gear (series),3,4318,
mahjong soul,3,4280,
reitaisai,3,4279,
final fantasy vii rebirth,3,4264,
gundam build fighters,3,4257,
tate no yuusha no nariagari,3,4254,
pokemon the series: sun & moon,3,4253,"pokemon sm (anime),pokemon sun and moon (anime)"
fate/strange fake,3,4243,
ado (utaite),3,4218,ado (singer)
bleach: sennen kessen-hen,3,4216,bleach: the thousand-year blood war
boruto (series),3,4211,
avatar legends,3,4180,avatar: the last airbender (series)
youkai watch,3,4162,
final fantasy vi,3,4159,
shingeki no bahamut,3,4158,
mega man zero (series),3,4142,mega man zero
ambience synesthesia,3,4132,
star ocean,3,4128,
urusei yatsura,3,4123,
shin megami tensei,3,4122,
final fantasy vii: ever crisis,3,4112,final fantasy vii ever crisis
black survival,3,4112,
summer pockets,3,4099,
kuro no kiseki (series),3,4066,
voicevox,3,4055,
bloodborne,3,4040,
fate/hollow ataraxia,3,4022,
sennen sensou aigis,3,4009,
dragon quest iii,3,3999,
zombie land saga,3,3996,
eromanga sensei,3,3990,
alice gear aegis,3,3989,
final fantasy xi,3,3978,
koi suru kokoro to mahou no kotoba,3,3978,
identity v,3,3974,
evangelion: 3.0 you can (not) redo,3,3974,
hollow knight,3,3957,
infinite stratos,3,3944,
ultra series,3,3934,
tales of vesperia,3,3921,
project diva (series),3,3912,
chuunibyou demo koi ga shitai!,3,3872,
muv-luv,3,3852,muvluv
pokemon red/green/blue/yellow,3,3828,pokemon rgby
stella sora,3,3807,
final fantasy ix,3,3806,
baldur's gate,3,3801,
melty blood,3,3796,
fire emblem: the sacred stones,3,3763,
baldur's gate 3,3,3761,
samurai spirits,3,3726,
zero no tsukaima,3,3708,
hyouka,3,3707,
boku wa tomodachi ga sukunai,3,3703,
gundam seed destiny,3,3681,
kid icarus uprising,3,3675,
pikmin (series),3,3671,
arcane: league of legends,3,3625,
soul eater,3,3585,
fresh precure!,3,3544,
the amazing digital circus,3,3523,
mahou sensei negima!,3,3492,
love and deepspace,3,3491,
mega man zx,3,3490,
shinrabanshou,3,3487,
eternal return: black survival,3,3483,
pokemon journeys,3,3480,pokemon swsh (anime)
street fighter zero (series),3,3478,
boruto: naruto next generations,3,3466,
final fantasy viii,3,3459,
overlord (maruyama),3,3452,
project voltage,3,3449,
yu-gi-oh! 5d's,3,3432,
azumanga daioh,3,3412,
death note,3,3400,
maria-sama ga miteru,3,3400,
fire emblem echoes: shadows of valentia,3,3399,
tokyo ghoul,3,3398,
cookie run: kingdom,3,3390,
umamusume: cinderella gray,3,3372,
fate/prototype,3,3343,
nichijou,3,3340,
rabbit hole (vocaloid),3,3336,
mother (series),3,3313,mother (game)
futari wa precure,3,3312,
senran kagura new link,3,3306,
girlfriend (kari),3,3302,
wizarding world,3,3283,
trickcal,3,3275,
kara no kyoukai,3,3266,
wonderful precure!,3,3263,"wonderful precure,wonderful pretty cure,wonderful pretty cure!"
chaos;head,3,3261,
resident evil 4,3,3258,
kanon,3,3255,
22/7,3,3251,
emil chronicle online,3,3234,
mihoyo,3,3228,mihoyo technology (shanghai) co. ltd.
holostars english,3,3220,
yuri!!! on ice,3,3210,
go! princess precure,3,3198,"go! princess pretty cure,go princess pretty cure"
evangelion: 2.0 you can (not) advance,3,3196,
closers,3,3194,
twitter,3,3187,x (website)
pokemon gold/silver/crystal,3,3171,pokemon gsc
ikkitousen,3,3170,
oshiro project:re,3,3167,"oshiro project,oshiro project re,shiropro,shiropro:re"
sayonara zetsubou sensei,3,3166,
komi-san wa komyushou desu,3,3166,
final fantasy vii: advent children,3,3164,final fantasy vii advent children
inuyasha,3,3149,
danganronpa 3 (anime),3,3134,
grimms notes,3,3133,
yes! precure 5,3,3126,
spider-verse,3,3117,
make heroine ga oo sugiru!,3,3106,"makeine,too many losing heroines!"
happinesscharge precure!,3,3088,"happiness charge pretty cure,happiness charge pretty cure!,happinesscharge pretty cure,happinesscharge pretty cure!"
shakugan no shana,3,3080,
honkai gakuen,3,3080,"benghuai xueyuan,guns girl z"
persona 3 portable,3,3067,
promare,3,3031,
warcraft,3,3026,
poptepipic,3,3025,
kimi no koto ga dai dai dai dai daisuki na 100-nin no kanojo,3,3013,"hyakkano,the 100 girlfriends who really really really really really love you"
magical mirai (vocaloid),3,3012,
soulcalibur,3,3006,
blue lock,3,2997,
dark souls i,3,2988,
gundam zz,3,2985,
brave witches,3,2967,
mon-musu quest!,3,2965,
fate/samurai remnant,3,2964,
working!!,3,2958,
the legend of luo xiaohei,3,2934,luo xiaohei zhanji
dragon ball (classic),3,2915,
yume nikki,3,2894,
sword art online: alicization,3,2893,
my melody (series),3,2888,
m.u.g.e.n,3,2884,
tales of the abyss,3,2878,
toji no miko,3,2873,katana maidens
mob psycho 100,3,2870,
girls' frontline neural cloud,3,2842,"neural cloud,project neural cloud"
aria (manga),3,2842,
breath of fire,3,2824,
hidamari sketch,3,2818,
final fantasy x,3,2812,
berserk,3,2805,
vedal ai,3,2804,
final fantasy iv,3,2789,
senpai ga uzai kouhai no hanashi,3,2784,
little red riding hood (fairy tale),3,2784,
tales of symphonia,3,2765,
shantae (series),3,2761,
dragon quest iv,3,2761,
sana channel,3,2754,
superman (series),3,2750,
harry potter (series),3,2745,
atelier ryza 1,3,2730,
tales of xillia,3,2725,
pokemon the series: xy,3,2719,"pokemon x and y (anime),pokemon xy (anime)"
live a hero,3,2718,
brown dust (series),3,2718,
seiken densetsu,3,2700,
tokidoki bosotto roshia-go de dereru tonari no alya-san,3,2699,"alya sometimes hides her feelings in russian,roshidere,tokidoki bosotto roshia-go de dereru tonari no arya-san"
mahou shoujo ni akogarete,3,2687,"gushing over magical girls,looking up to magical girls"
hayate no gotoku!,3,2679,
dragon quest xi,3,2675,
choukou (alicesoft),3,2656,
dairoku ryouhei,3,2653,jaeger six
onmyoji,3,2650,
fire emblem cipher,3,2643,
macross delta,3,2642,
street fighter iv (series),3,2634,
mega man legends (series),3,2632,
final fantasy v,3,2629,
brown dust 2,3,2627,
di gi charat,3,2626,
new game!,3,2610,
elden ring nightreign,3,2605,
to love-ru darkness,3,2597,
durarara!!,3,2593,
teen titans,3,2590,
world of warcraft,3,2589,
saenai heroine no sodatekata,3,2583,
rune factory,3,2581,
watashi ni tenshi ga maiorita!,3,2574,
final fantasy tactics,3,2570,
lawson,3,2563,
uzaki-chan wa asobitai!,3,2562,
star twinkle precure,3,2553,star twinkle pretty cure
ghost in the shell,3,2547,koukaku kidoutai
microsoft windows,3,2546,
mahou tsukai no yoru,3,2538,witch on the holy night
adventure time,3,2533,"adventure time: elements,adventure time: islands,adventure time: stakes"
muv-luv alternative,3,2526,muvluv alternative
zombie stage,3,2517,
shinryaku! ikamusume,3,2492,
mabinogi,3,2490,
coca-cola,3,2485,
.live,3,2485,
godzilla (series),3,2482,
dolphin wave,3,2478,
steins;gate 0,3,2473,
fire emblem warriors: three hopes,3,2463,fire emblem: three hopes
funamusea,3,2458,
under night in-birth,3,2445,
ijiranaide nagatoro-san,3,2444,
cinderella girls gekijou,3,2441,
super sentai,3,2440,
tropical-rouge! precure,3,2438,"tropical-rouge! pretty cure,tropical-rouge precure,tropical-rouge pretty cure,tropical rouge precure,tropical rouge pretty cure"
mega man battle network (series),3,2405,mega man battle network
idolmaster 2,3,2405,
nisemonogatari,3,2401,
wild arms,3,2401,
digimon adventure,3,2398,
castlevania (series),3,2398,castlevania
trigun,3,2392,
dragon quest v,3,2391,
persona 5 the royal,3,2390,
yuusha de aru,3,2387,
black lagoon,3,2381,
call of duty,3,2378,
dragon ball gt,3,2378,
kirakira precure a la mode,3,2376,"kira kira pretty cure,kira kira pretty cure a la mode,kirakira pretty cure,kirakira pretty cure a la mode,pretty cure a la mode"
kill me baby,3,2374,
show by rock!!,3,2367,
guilty crown,3,2365,
dengeki moeoh,3,2364,dengeki moeou
lord of the mysteries,3,2362,
touhou tag dream,3,2359,
sword girls,3,2359,
sengoku basara,3,2359,
bishoujo senshi sailor moon s,3,2357,
embodiment of scarlet devil,3,2357,
gundam build fighters try,3,2350,
chaos;child,3,2349,
god eater,3,2345,
saga,3,2343,
gundam unicorn,3,2337,
silent hill (series),3,2333,silent hill
digimon card game,3,2328,
hugtto! precure,3,2328,"hug it! pretty cure,hug it pretty cure,hugtto! pretty cure,hugtto pretty cure"
delicious party precure,3,2321,delicious party pretty cure
cinderella series,3,2321,
dorohedoro,3,2319,
waktaverse,3,2311,
sakura taisen,3,2302,
rance (series),3,2301,
yuuki bakuhatsu bang bravern,3,2295,bang brave bang bravern
hachigatsu no cinderella nine,3,2292,
avengers (series),3,2289,
super mario galaxy,3,2288,
hollow knight: silksong,3,2276,
tensei shitara slime datta ken,3,2276,tensura
minecraft youtube,3,2273,mcyt
alchemy stars,3,2269,
kusuriya no hitorigoto,3,2267,the apothecary diaries
utawarerumono (series),3,2266,utawarerumono
randal's friends,3,2264,
ryuu ga gotoku (series),3,2263,"like a dragon (series),ryuu ga gotoku"
duel masters,3,2250,
air (visual novel),3,2250,
fatal frame,3,2243,
yu-gi-oh! arc-v,3,2241,
keroro gunsou,3,2237,
idolmaster dearly stars,3,2236,
melonbooks,3,2224,
slam dunk (series),3,2224,
dissidia final fantasy,3,2223,
karakai jouzu no takagi-san,3,2221,
dragon's crown,3,2218,
gensou suikoden,3,2216,
senran kagura shoujo-tachi no shin'ei,3,2213,
heaven's feel,3,2213,
final fantasy xvi,3,2211,
lovebrush chronicles,3,2197,for all time
scott pilgrim (series),3,2197,
tokyo revengers,3,2193,
kin-iro mosaic,3,2190,
mahou girls precure!,3,2182,"maho girls pretty cure,maho girls pretty cure!,mahou girls pretty cure,mahou girls pretty cure!,mahou tsukai pretty cure,mahou tsukai pretty cure!,mahoutsukai pretty cure,mahoutsukai pretty cure!,witchy precure,witchy precure!,witchy pretty cure,witchy pretty cure!"
ano hi mita hana no namae wo bokutachi wa mada shiranai.,3,2182,
doraemon,3,2180,
final fantasy xv,3,2176,
mickey mouse & friends,3,2176,
boku no kokoro no yabai yatsu,3,2173,
crisis core: final fantasy vii,3,2169,crisis core final fantasy vii
goblin slayer!,3,2165,
fuwa fuwa cinnamoroll,3,2156,
shiguang dailiren,3,2153,link click
va-11 hall-a,3,2131,
senren banka,3,2128,
indie utaite,3,2125,
pokemon the series: diamond and pearl,3,2122,"pokemon diamond and pearl (anime),pokemon dppt (anime)"
counter:side,3,2122,
d.gray-man,3,2101,
darker than black,3,2101,
pokemon platinum,3,2100,
deadpool (series),3,2097,
ryuuou no oshigoto!,3,2097,
gundam tekketsu no orphans,3,2093,
mega man star force (series),3,2090,
arcaea,3,2088,
magi the labyrinth of magic,3,2085,
sinoalice,3,2084,
futaba channel,3,2082,
galaxy angel,3,2078,
free!,3,2073,
world trigger,3,2070,
evangelion: 3.0+1.0 thrice upon a time,3,2069,
bayonetta (series),3,2064,
shokugeki no souma,3,2063,
seiken densetsu 3,3,2061,
watashi ga koibito ni nareru wake naijan murimuri!,3,2058,"there's no freaking way i'll be your lover! unless...,watanare,watashi ga koibito ni nareru wake naijan murimuri"
love plus,3,2057,
among us,3,2054,
kimi to idol precure,3,2054,"kimi to idol pretty cure,you and idol precure,you and idol pretty cure"
frozen (disney),3,2052,
xenoblade chronicles 1,3,2049,xenoblade chronicles
isegye idol,3,2046,
hellsing,3,2045,
black clover,3,2045,
danganronpa another episode: ultra despair girls,3,2044,
avatar: the last airbender,3,2041,
homicipher,3,2040,
kpop demon hunters,3,2038,
the legend of zelda: skyward sword,3,2036,
seishun buta yarou,3,2032,
team fortress 2,3,2027,
char's counterattack,3,2022,
luigi's mansion,3,2021,
tales of zestiria,3,2015,
ib (kouri),3,2012,
steven universe,3,2012,
dark souls iii,3,2010,
fear & hunger (series),3,2007,
neverness to everness,3,2005,nte
my-hime,3,2001,
sora no kiseki,3,1996,
dragon ball fighterz,3,1996,
tales of asteria,3,1995,
tenka hyakken,3,1993,
jojolion,3,1976,
re:stage!,3,1975,
fallout,3,1974,fallout (series)
saint seiya,3,1973,
amagi brilliant park,3,1964,
toaru majutsu no index: old testament,3,1964,
bungou stray dogs,3,1960,
hello kitty,3,1959,
aotu world,3,1951,
newtype,3,1946,
majo no tabitabi,3,1944,
kuroko no basuke,3,1943,
sakura no sekai,3,1943,
tsugu (vtuber),3,1935,
street fighter iii (series),3,1935,
tales of graces,3,1935,
maplestory,3,1931,
aoki hagane no arpeggio,3,1923,
xenosaga,3,1907,
koihime musou,3,1906,
dr. stone,3,1902,
mother 2,3,1902,
nu carnival,3,1900,
metaphor: refantazio,3,1895,
phantom of the kill,3,1894,
beatmania iidx,3,1889,
goodsmile company,3,1887,
mario kart,3,1884,
yotsubato!,3,1882,
fate/extella,3,1871,
hypnosis mic,3,1870,hypmic
pokemon go,3,1865,
the legend of zelda: the wind waker,3,1864,
gyee,3,1860,
the ring,3,1855,
little nuns (diva),3,1853,
resident evil 4 (remake),3,1851,
uchi no hime-sama ga ichiban kawaii,3,1850,
bombergirl,3,1848,
call of duty: modern warfare 2,3,1844,
pangya,3,1837,
aldnoah.zero,3,1836,
tears of themis,3,1834,
nier,3,1832,
world flipper,3,1832,
grisaia (series),3,1831,
armored core,3,1830,
pokemon: let's go pikachu! and let's go eevee!,3,1827,"pokemon: let's go eevee!,pokemon: let's go pikachu!,pokemon lgpe"
shironeko project,3,1826,
hataraku saibou,3,1826,
nintendo,3,1820,
powerpuff girls,3,1820,
saki achiga-hen,3,1819,
dragalia lost,3,1817,
kizuna ai inc.,3,1811,
suzumiya haruhi no shoushitsu,3,1811,
snk,3,1810,
kanojo okarishimasu,3,1804,
guilty gear xx,3,1803,guilty gear xx accent core
warioware,3,1800,
tokimeki memorial,3,1798,
degrees of lewdity,3,1795,
ongeki,3,1795,
resident evil requiem,3,1795,resident evil 9
transformers: generation 1,3,1792,
sen no kiseki i,3,1791,
lupin iii,3,1790,
lord el-melloi ii case files,3,1788,
dagashi kashi,3,1784,
project tokyo dolls,3,1782,
jashin-chan dropkick,3,1781,
goodsmile racing,3,1780,
tobaku mokushiroku kaiji,3,1771,"gyakkyou burai kaiji: ultimate survivor,kaiji"
shoujo shuumatsu ryokou,3,1771,
monster hunter rise,3,1768,
gnosia,3,1764,
world cup,3,1762,
kingdom hearts ii,3,1761,
healin' good precure,3,1758,"healin' good pretty cure,healin good pretty cure,healing good pretty cure"
persona 3 reload,3,1757,
shin jigen game neptune vii,3,1754,
gabriel dropout,3,1746,
riddle joker,3,1741,
sanoba witch,3,1741,sabbat of the witch
nekopara,3,1739,
octopath traveler,3,1737,
epic seven,3,1733,
summon night,3,1733,
heaven official's blessing,3,1732,"tian guan ci fu,tianguan cifu"
kyoukaisenjou no horizon,3,1731,
inazuma eleven go chrono stone,3,1727,
tokyo 7th sisters,3,1726,
g gundam,3,1721,"kidou butouden g gundam,mobile fighter g gundam"
south park,3,1720,
choujigen game neptune,3,1718,
love live! school idol festival all stars,3,1717,
nyantype,3,1715,
toaru majutsu no index: new testament,3,1709,
kamiina botan yoeru sugata wa yuri no hana,3,1701,
fortnite,3,1696,
fate/prototype: fragments of blue and silver,3,1695,
jikkyou powerful pro yakyuu,3,1693,power pros
ruri no houseki,3,1693,ruri rocks
kannagi,3,1693,
senjou no valkyria (series),3,1692,
doukyuusei (series),3,1690,
shadow slave,3,1689,
rewrite,3,1688,
shoujo kakumei utena,3,1681,
chrono trigger,3,1681,
tales of berseria,3,1678,
mesmerizer (vocaloid),3,1673,
monster strike,3,1668,
cardfight!! vanguard,3,1668,
slayers,3,1668,
star fox,3,1667,
one piece card game,3,1667,"one piece tcg,one piece trading card game"
katekyo hitman reborn!,3,1665,
wixoss,3,1664,
final fantasy xiii,3,1664,
katawa shoujo,3,1658,
yuuki yuuna wa yuusha de aru,3,1656,
dragon quest x,3,1655,
comiket 105,3,1654,c105
quiz magic academy,3,1653,
miracle nikki,3,1652,love nikki
tamako market,3,1650,
reitaisai 8 contest,3,1650,
devil may cry 5,3,1649,
fantastic four,3,1648,
liz to aoi tori,3,1640,liz and the blue bird
pokemon the series: ruby and sapphire,3,1639,"pokemon rse (anime),pokemon ruby and sapphire (anime)"
elden ring: shadow of the erdtree,3,1639,
comiket 107,3,1635,c107
signalis,3,1633,
tongari boushi no atelier,3,1633,witch hat atelier
black souls,3,1632,
yama no susume,3,1627,
hades (series),3,1624,hades (game)
comiket 106,3,1623,c106
nige jouzu no wakagimi,3,1614,"nigejozu no wakagimi,nigewaka"
youtube,3,1607,
the legend of zelda: a link between worlds,3,1607,
sd gundam,3,1606,
to heart,3,1605,
the coffin of andy and leyley,3,1603,
haiyore! nyaruko-san,3,1601,
high school fleet,3,1599,
sword art online: code register,3,1598,
mahou shoujo ikusei keikaku,3,1596,
serial experiments lain,3,1593,
the legend of korra,3,1592,
shoujo kageki revue starlight -re live-,3,1591,
hikaru ga shinda natsu,3,1588,the summer hikaru died
yuyushiki,3,1580,
metal slug,3,1577,
toranoana,3,1571,
paper mario (series),3,1565,paper mario
eureka seven (series),3,1565,
no game no life,3,1562,
kuroshitsuji,3,1559,
pani poni dash!,3,1559,
donkey kong (series),3,1555,
osomatsu-kun,3,1553,
medalist (manga),3,1552,
kuro no kiseki i,3,1550,trails through daybreak
tenshi souzou re-boot!,3,1541,tenshi souzou
super robot wars original generation,3,1537,
eve online,3,1536,
9-nine-,3,1533,
tera online,3,1533,
kimi no na wa.,3,1532,
evillious nendaiki,3,1531,
gundam wing,3,1531,
youkoso jitsuryoku shijou shugi no kyoushitsu e,3,1529,
makai senki disgaea,3,1528,
cowboy bebop,3,1523,
vsinger (vocaloid),3,1521,
fear & hunger 2: termina,3,1519,
dog days,3,1516,
final fantasy xii,3,1515,
aikatsu stars!,3,1510,
7th dragon (series),3,1510,
the great ace attorney,3,1510,
cookie run: ovenbreak,3,1507,
the moon studio,3,1507,
senran kagura shinovi versus,3,1506,
starbucks,3,1506,
shugo chara!,3,1503,
gundam seed freedom,3,1497,
the elder scrolls,3,1496,
mother 3,3,1495,
shining (series),3,1495,
spider-man: into the spider-verse,3,1493,
comiket 104,3,1492,c104
toshi densetsu kaitai center,3,1488,urban myth dissolution center
eddsworld,3,1483,
arcana heart,3,1479,
capcom,3,1476,
zero no kiseki,3,1476,
cafe stella to shinigami no chou,3,1475,
ryuuko no ken,3,1475,
ar tonelico,3,1475,
d4dj,3,1474,
star ocean: the second story,3,1473,star ocean the second story
futsuu no keion-bu,3,1472,girl meets rock!
kouyoku senki exs-tia concert,3,1470,
youjo senki,3,1469,
the legend of zelda: majora's mask,3,1467,
kami nomi zo shiru sekai,3,1467,
ssss.dynazenon,3,1466,
valorant,3,1464,
mahou shoujo lyrical nanoha vivid,3,1464,
.hack//,3,1462,
scott pilgrim takes off,3,1459,
manatsu no yo no inmu,3,1458,
resident evil 2,3,1456,
roblox,3,1451,
ben 10,3,1450,
eureka seven,3,1448,
doukyuusei another world,3,1443,
spider-man: across the spider-verse,3,1440,
da capo,3,1438,
sen no kiseki iii,3,1438,
soulworker,3,1437,soul worker
blend s,3,1433,
gundam: hathaway's flash,3,1431,"gundam brilliant hathaway,gundam hathaway's flash"
the king of fighters xv,3,1428,
comiket 103,3,1427,c103
gundam build divers,3,1426,
douluo dalu,3,1425,
nagi no asukara,3,1424,
dragon quest ii,3,1420,
kourin tenshi en ciel rena,3,1416,
ark order,3,1416,
five nights at freddy's,3,1415,fnaf
mahou senshi (series),3,1415,
dead or alive 5,3,1413,
miside,3,1413,
monster hunter: world,3,1410,
shuuniichido classmate wo kau hanashi,3,1409,
bishoujo senshi sailor moon stars,3,1405,
shirobako,3,1401,
assassin's creed (series),3,1397,
ta ga tame no alchemist,3,1396,dare ga tame no alchemist
princess principal,3,1395,
azur lane: slow ahead,3,1394,
vividred operation,3,1393,
monitoring (vocaloid),3,1386,
gekkan shoujo nozaki-kun,3,1385,
overwatch 2,3,1382,
azure striker gunvolt,3,1382,
puyopuyo 20th anniversary,3,1380,
street fighter ii (series),3,1376,
getsuyoubi no tawawa,3,1373,
stellar blade,3,1372,
kino no tabi,3,1368,
strike witches: suomus misfits squadron,3,1365,
z/x,3,1364,
my-otome,3,1362,
girls und panzer senshadou daisakusen!,3,1361,
xenogears,3,1357,
gravity falls,3,1354,
nanatsu no taizai,3,1351,
sekaiju no meikyuu 3,3,1349,
dragon ball super broly,3,1348,
pretty rhythm,3,1348,
marvel vs. capcom,3,1347,
mega man zx advent,3,1346,
resident evil 3: nemesis,3,1342,resident evil 3
dragon quest viii,3,1342,
drag-on dragoon,3,1338,
nijisanji kr,3,1333,
non non biyori,3,1332,
majo no takkyuubin,3,1329,
kfc,3,1326,
aa megami-sama,3,1326,
ichigo mashimaro,3,1325,
taimanin asagi,3,1324,
spongebob squarepants (series),3,1324,
comiket 102,3,1323,c102
invincible (series),3,1321,
helios rising heroes,3,1320,
yu yu hakusho,3,1319,
fate/grand order arcade,3,1313,
plants vs. zombies,3,1313,plants vs zombies
world dai star,3,1312,
gakkou gurashi!,3,1310,
metal gear solid,3,1310,
robotics;notes,3,1308,
himouto! umaru-chan,3,1304,
tekken 8,3,1302,
deadpool & wolverine,3,1302,
resident evil village,3,1301,
violet evergarden (series),3,1300,
resident evil 6,3,1299,
pokemon emerald,3,1295,
pixiv fantasia last saga,3,1289,
the witcher (series),3,1288,
pokemon mystery dungeon,3,1288,
tokyo ghoul:re,3,1286,
dao gui yi xian,3,1283,
studio ghibli,3,1280,
kirby 64,3,1278,
one piece film: red,3,1277,
my little pony: equestria girls,3,1277,
nisekoi,3,1275,
akame ga kill!,3,1274,
fushigi no umi no nadia,3,1274,
utawarerumono: chiriyuku mono e no komoriuta,3,1272,utawarerumono: prelude to the fallen
devil may cry 3,3,1272,
pop'n music,3,1268,
mawaru penguindrum,3,1267,
kiratto pri chan,3,1260,
ys,3,1259,
kizumonogatari,3,1259,
shinkai no valkyrie,3,1255,
subarashiki hibi,3,1253,"subahibi,wonderful everyday"
key (company),3,1252,
nijiura maids,3,1252,
splatoon 2: octo expansion,3,1250,
yu-gi-oh! zexal,3,1249,
shy (series),3,1249,
ragnarok: guild masters,3,1248,
kidou senkan nadesico,3,1243,
minami-ke,3,1238,
denonbu,3,1237,
ojamajo doremi,3,1236,
dream c club (series),3,1231,
kimi kiss,3,1228,
puyopuyo quest,3,1227,
comiket 108,3,1226,c108
hokuto no ken,3,1224,
sound voltex,3,1221,
tensei oujo to tensai reijou no mahou kakumei,3,1221,"magirevo,tenten kakumei,the magical revolution of the reincarnated princess and the genius young lady"
busou shinki,3,1218,
ikizulive! love live! bluebird,3,1216,
the king of fighters xiv,3,1212,
dota (series),3,1210,
2channel,3,1210,"2ch,5ch,5channel"
imperishable night,3,1210,
kai no kiseki,3,1209,
idoly pride,3,1207,
ao no kiseki,3,1202,
helluva boss,3,1201,
sekai seifuku: bouryaku no zvezda,3,1195,
uchuu senkan yamato,3,1192,
subterranean animism,3,1191,
super real mahjong,3,1191,
apple inc.,3,1189,
code geass: lost stories,3,1188,
blue archive the animation,3,1187,
cosmic break,3,1187,
capcom fighting jam,3,1182,
shin sangoku musou,3,1182,
fire emblem: thracia 776,3,1179,
mirai nikki,3,1179,
pixiv,3,1178,
apollo justice: ace attorney,3,1176,
trigun stampede,3,1174,trigun stargaze
gridman universe (movie),3,1173,gridman x dynazenon
daiya no ace,3,1172,ace of diamond
dream c club,3,1171,
dota 2,3,1170,
occultic;nine,3,1170,
odin sphere,3,1170,
devil survivor (series),3,1166,
shuffle!,3,1166,
unicorn overlord,3,1162,
battle spirits,3,1162,
fate/unlimited codes,3,1161,
blade & soul,3,1161,
pokemon unite,3,1157,
disney,3,1157,
monster hunter wilds,3,1156,
star ocean: till the end of time,3,1155,star ocean till the end of time
en'en no shouboutai,3,1153,
master detective archives: rain code,3,1151,
hataraku maou-sama!,3,1150,
perfect cherry blossom,3,1145,
guardian tales,3,1140,
yes! precure 5 gogo!,3,1140,yes! pretty cure 5 gogo!
owari no seraph,3,1137,seraph of the end
final fight,3,1137,
yagate kimi ni naru,3,1136,yagakimi
grand theft auto,3,1134,
toji no miko: kizamishi issen no tomoshibi,3,1133,
pokemon ultra sun and ultra moon,3,1132,pokemon usum
pokemon the series: black & white,3,1132,"pokemon black and white (anime),pokemon bw (anime)"
magic knight rayearth,3,1132,
dragon quest builders 2,3,1129,
kami jigen game neptune v,3,1128,
doom (series),3,1124,doom
taimanin yukikaze,3,1122,
saya no uta,3,1119,the song of saya
highschool of the dead,3,1116,
armored core vi: fires of rubicon,3,1113,armored core 6
getter robo,3,1113,
guardians of the galaxy,3,1113,
sen to chihiro no kamikakushi,3,1108,
king's raid,3,1107,
brand new animal,3,1107,
disneyland,3,1105,
magic: the gathering,3,1105,
kirby and the forgotten land,3,1104,
fukumoto mahjong,3,1104,
sekaiju no meikyuu 1,3,1103,
black souls 2,3,1103,
arms (game),3,1103,
"don't say ""lazy""",3,1102,
flcl,3,1100,
mononoke hime,3,1100,
taimanin rpgx,3,1100,
yofukashi no uta,3,1099,
grandia,3,1096,
shin megami tensei v,3,1094,
kamen rider w,3,1094,
aika (series),3,1094,
tenchi muyou!,3,1093,
charlotte (anime),3,1092,
little witch nobeta,3,1092,
moomin,3,1092,
square enix,3,1090,
miraculous ladybug,3,1089,
top wo nerae! (series),3,1083,
unfinished dream of all living ghost,3,1079,
million arthur (series),3,1078,
hacka doll,3,1077,
the owl house,3,1076,
chrono cross,3,1075,
halo (series),3,1074,
idol wars,3,1073,
touhou cannonball,3,1072,
cthulhu mythos,3,1072,
monster musume no iru nichijou online,3,1071,
aquarion (series),3,1069,
choujikuu yousai macross,3,1068,
zoids,3,1068,
sono hanabira ni kuchizuke wo,3,1067,
another eidos-r,3,1066,
mazinger (series),3,1066,
virtuareal,3,1064,
curiosities of lotus asia,3,1063,
dramatical murder,3,1061,
chromashift,3,1058,"idol (vtuber group),idol corp"
dark souls ii,3,1057,
journey to the west,3,1057,
kage no jitsuryokusha ni naritakute!,3,1055,"kagejitsu,the eminence in shadow"
bishoujo senshi sailor moon r,3,1055,
crave saga,3,1053,
sewayaki kitsune no senko-san,3,1052,
sister princess,3,1049,
merc storia,3,1047,
shadowverse: worlds beyond,3,1045,
world is mine (vocaloid),3,1044,
snowbreak: containment zone,3,1043,"project snow,snow break: forbidden descent"
digimon adventure 02,3,1042,
mega man x dive,3,1039,
naruto: the last,3,1037,
esse series,3,1032,mitsudomoe koubou (series)
sonic the hedgehog (classic),3,1032,
choukou taisen escalation heroines,3,1032,escalation heroines
uta no prince-sama,3,1031,
animal crossing: new horizons,3,1030,
mahou shoujo madoka magica movie 1 & 2,3,1030,
line (naver),3,1029,
chiikawa,3,1028,
turn a gundam,3,1027,
miku symphony (vocaloid),3,1025,
sega,3,1022,
ookami (game),3,1021,
rurouni kenshin,3,1020,
yosuga no sora,3,1019,
mermaid melody pichi pichi pitch,3,1012,
pokemon pokopia,3,1010,
shino to ren,3,1008,
arc the lad,3,1006,
bishoujo senshi sailor moon (first season),3,1006,
japanese urban legends,3,1006,"2channel (sharekowa),japanese creepypasta,occult (2channel)"
strike the blood,3,1005,
dragon ball heroes,3,1004,
tantei opera milky holmes,3,1001,
sora no otoshimono,3,1001,
seitokai ni mo ana wa aru!,3,1000,"even the student council has its holes!,seitokai nimo anawa aru!"
drag-on dragoon 3,3,1000,
maoyuu maou yuusha,3,1000,
sen no kiseki iv,3,999,
ao no exorcist,3,999,
tolkien's legendarium,3,999,
dragon ball super super hero,3,999,
resident evil 5,3,993,
tales of destiny,3,993,
akira (manga),3,992,akira (movie)
dead or alive xtreme,3,992,
sekiro: shadows die twice,3,991,
kingdom hearts iii,3,991,
xenoblade chronicles 3: future redeemed,3,990,
cardcaptor sakura clear card arc,3,989,
koutetsujou no kabaneri,3,986,
tonari no totoro,3,985,
hades 1,3,984,
atelier ryza 2,3,984,
persona 2,3,983,
tokyo mew mew,3,982,mew mew power
futari wa precure splash star,3,977,
eizouken ni wa te wo dasu na!,3,975,keep your hands off eizouken!
tamagotchi,3,975,
magic kaito,3,974,
nekomonogatari,3,973,
destiny child,3,973,
breath of fire ii,3,973,
kakegurui,3,973,
idolish7,3,973,idolish 7
the elder scrolls v: skyrim,3,971,
school rumble,3,971,
egyptian mythology,3,968,
greek mythology,3,966,
yume 2kki,3,965,
sound horizon,3,965,
witches of africa,3,964,
persona 4: the ultimate in mayonaka arena,3,963,
mitsudomoe (manga),3,962,
tekken 7,3,961,
gameoverse,3,960,
pixiv fantasia 5,3,960,
agent aika,3,959,
megido72,3,959,
gundam 0083,3,959,
soukou akki muramasa,3,953,full metal daemon muramasa
star ocean: anamnesis,3,952,star ocean anamnesis
crash fever,3,952,
voms,3,951,
juusan kihei bouei ken,3,951,
86 -eightysix-,3,950,
toaru kagaku no railgun t,3,948,
dracu-riot!,3,948,
akagi: yami ni oritatta tensai,3,948,
toaru kagaku no mental out,3,943,
kyatapi land,3,941,
sengoku musou,3,940,
aquarion evol,3,940,
divine gate,3,939,
genshiken,3,935,
iron saga,3,935,
deadlock (game),3,933,
ochame na okusan to no nichijou chabangoto,3,932,
super mario bros. 1,3,931,super mario bros.
kaze no tani no nausicaa,3,931,
zootopia,3,930,
idol time pripara,3,929,
musaigen no phantom world,3,929,
captain america (series),3,927,
wind breaker (nii satoru),3,927,
bishoujo senshi sailor moon supers,3,927,
rakuen tsuihou,3,924,
call of cthulhu,3,922,
nerawareta megami tenshi angel tear,3,920,
mahou shoujo madoka magica magia exedra,3,920,
the incredible hulk (series),3,919,
tower of fantasy,3,919,
ace combat,3,918,
kingdom hearts birth by sleep,3,917,
dennou coil,3,917,
scp foundation,3,916,
dolls in pseudo paradise,3,916,
solo leveling,3,916,
ts magical girl nao,3,915,ts mahou shoujo now
howl no ugoku shiro,3,915,
shikanoko nokonoko koshitantan,3,914,my deer friend nokotan
waccha primagi!,3,914,
rosario+vampire,3,913,
denpa onna to seishun otoko,3,911,
tales of phantasia,3,910,
densetsu.exe,3,910,
octopath traveler i,3,909,
yuusha series,3,909,
noble witches,3,909,
friday night funkin',3,909,
4chan,3,908,
fushigiboshi no futago hime,3,908,twin princess of wonder planet
motto! haramase! (series),3,908,milk factory
justice gakuen,3,906,
dislyte,3,906,
gravity daze,3,905,
powerpuff girls z,3,904,
digimon tamers,3,904,
rune factory: guardians of azuma,3,903,ryuu no kuni rune factory
ganbare douki-chan,3,902,
wii fit,3,901,
instagram,3,901,
hajimari no kiseki,3,900,
frame arms girl,3,899,
comiket 100,3,897,c100
persona dancing,3,896,
suigetsu,3,896,
force of will,3,896,
thor (marvel) (series),3,895,
fatal frame ii: crimson butterfly,3,895,fatal frame 2
kyokugen dasshutsu,3,895,
noripro,3,894,
type-moon,3,894,
idolmaster cinderella girls u149,3,893,
chaos zero nightmare,3,893,
ansatsu kyoushitsu,3,889,
yu-gi-oh! vrains,3,887,
mon-musu quest: paradox,3,886,
bravely default (series),3,886,
the tale of food,3,885,shoku monogatari
rainbow six siege,3,884,
crayon shin-chan,3,884,
queen's blade rebellion,3,882,
vampire (vocaloid),3,881,
accel world,3,876,
jigokuraku,3,875,hell's paradise: jigokuraku
oshiete! galko-chan,3,875,
7th dragon,3,875,
jigoku shoujo,3,873,hell girl
a hat in time,3,872,
mikakunin de shinkoukei,3,871,engaged to the unidentified
xenosaga episode iii,3,869,
silent hill f,3,868,
yoru no kurage wa oyogenai,3,868,jellyfish can't swim in the night
fantasy earth zero,3,867,
cyberpunk 2077,3,866,
slay the spire,3,866,
strike witches: kurenai no majo-tachi,3,866,
touhou gensou eclipse,3,864,
devil summoner (series),3,863,devil summoner
dispatch,3,863,
kimi to semi blue (idolmaster),3,862,
silent hill 2,3,861,
chi.: chikyuu no undou ni tsuite,3,860,orb: on the movements of the earth
gate - jieitai ka no chi nite kaku tatakaeri,3,860,
ano natsu de matteru,3,860,
dead by daylight,3,859,
ishuzoku reviewers,3,859,
kimi ga shine,3,858,your turn to die
persona 5: the phantom x,3,858,
gundam build divers re:rise,3,856,
undefined fantastic object,3,856,
full metal panic!,3,855,"full metal panic! invisible victory,full metal panic? fumoffu"
kininatteru hito ga otoko ja nakatta,3,853,the guy she was interested in wasn't a guy at all
terraria,3,853,
nyanko daisensou,3,851,
senjou no valkyria 1,3,849,
family guy,3,848,
grisaia no kajitsu,3,848,
god eater burst,3,847,
genseishinki sacred virth,3,847,
baka to test to shoukanjuu,3,846,
comiket 101,3,845,c101
koumajou densetsu,3,844,
inu x boku ss,3,843,
pixiv fantasia fallen kings,3,843,
fate/unlimited blade works,3,842,
makai senki disgaea 2,3,839,
tsurezure children,3,838,
nijisanji id,3,838,
dmm,3,837,
ragnarok masters,3,835,ragnarok m: eternal love
uchuu senkan yamato 2199,3,835,
iyowa girls,3,833,
valkyrie profile (series),3,833,
kodomo no jikan,3,833,
gachiakuta,3,832,
wonder woman (series),3,831,
piapro studio,3,826,piapro
digimon story: cyber sleuth,3,826,
mortal kombat (series),3,826,mortal kombat
sunrise (company),3,824,
paradox live,3,824,
mario & luigi rpg,3,823,
kingdom hearts i,3,822,
ghost in the shell: stand alone complex,3,820,"ghost in the shell stand alone complex,koukaku kidoutai stand alone complex"
kemono friends 2,3,818,
cygames,3,815,
amphibia,3,815,
high school dxd born,3,815,
dragon quest vii,3,814,
scooby-doo (series),3,814,
hyrule warriors,3,813,
the witcher 3,3,812,
time bokan (series),3,811,
morenatsu,3,810,
mahou shoujo lyrical nanoha the movie 1st,3,810,
vinesauce,3,810,
fire emblem: new mystery of the emblem,3,809,
ring fit adventure,3,808,
sakamoto days,3,807,
stardew valley,3,807,
super mario odyssey,3,805,
bang dream! yumemita,3,802,bang dream! mugendai mewtype
chobits,3,801,
idolmaster live for you!,3,800,
pepsi,3,800,
aikatsu friends!,3,799,
gundam 0080,3,797,
sengoku bushouki muramasa,3,797,
shinkai shoujo (vocaloid),3,796,deep-sea girl (vocaloid)
mass effect (series),3,795,
school days,3,793,
gundam g no reconguista,3,793,
hooters,3,793,
log horizon,3,793,
ace attorney investigations,3,793,
honzuki no gekokujou,3,784,ascendance of a bookworm
palworld,3,781,
squid game,3,780,squid game 2
medarot,3,780,
macross 7,3,779,
inazuma eleven go galaxy,3,778,
amazon (company),3,778,
mato seihei no slave,3,777,chained soldier
2026 fifa world cup,3,775,
kuro no kiseki ii,3,775,
atelier sophie,3,774,
mahouka koukou no rettousei,3,774,
rou-kyuu-bu!,3,773,
duel masters play's,3,772,
metal gear solid v: the phantom pain,3,771,metal gear solid v
grandia i,3,770,
niconico,3,770,
mountain of faith,3,770,
the little mermaid (disney),3,769,
afk (series),3,768,
renkin san-kyuu magical pokaan,3,766,
fire emblem: fortune's weave,3,766,
ikkitousen extra burst,3,766,
legacy of lunatic kingdom,3,765,
shugo seijo prism saber,3,765,
kamen rider revice (series),3,763,
kagurabachi,3,762,
re:creators,3,760,
pixiv fantasia t,3,758,
reitaisai 7 contest,3,758,
wild arms 2,3,757,
hoozuki no reitetsu,3,756,
adachi to shimamura,3,756,
backrooms (creepypasta),3,755,
soukyuu no fafner,3,755,
metal gear rising: revengeance,3,755,
bokura wa ima no naka de,3,752,
tenga,3,752,
the scum villain's self-saving system,3,751,renzha fanpai zijiu xitong
resident evil 2 (remake),3,750,
seitenkango. shinyuu to,3,749,
girls und panzer motto love love sakusen desu!,3,749,
kakyuusei (series),3,748,
gundam age,3,748,
kirby star allies,3,748,kirby: star allies
kekkai sensen,3,747,
classicaloid,3,746,
master of eternity,3,746,
reitaisai 9 contest,3,745,
fallout 4,3,744,
futari wa precure max heart,3,744,futari wa pretty cure max heart
another eden,3,743,
umamusume: beginning of a new era,3,743,
akuma no riddle,3,743,
tales of symphonia knight of ratatosk,3,743,
atelier resleriana,3,742,
the loud house,3,741,
digimon story: time stranger,3,739,
digimon beatbreak,3,739,
kyoukai no kanata,3,739,beyond the boundary
tales of xillia 2,3,735,
love hina,3,734,
bandai,3,734,
bilibili,3,733,bilibili douga
konosuba! fantastic days,3,732,
forever 7th capital,3,731,
dragon quest vi,3,729,
higurashi no naku koro ni gou,3,729,
muv-luv total eclipse,3,728,muvluv total eclipse
djmax,3,728,dj max
shaman king,3,726,
puniru wa kawaii slime,3,726,puniru is a cute slime
choukou tenshi escalayer,3,726,beat angel escalayer
hentai ouji to warawanai neko.,3,725,
pragmata,3,724,
atelier totori,3,723,
fossilized wonders,3,722,
irasutoya,3,722,
mahou shoujo oriko magica,3,722,"oriko magica,puella magi oriko magica"
comic kairakuten,3,722,
bayonetta 2,3,721,
psycho-pass,3,721,
iriam,3,721,
hinata channel,3,721,
natsuiro egao de 1 2 jump!,3,721,
re:act,3,718,
hidden star in four seasons,3,718,
senki zesshou symphogear xd unlimited,3,718,
kamen rider dcd,3,717,
takopii no genzai,3,716,takopi's original sin
talkex,3,716,
cytus,3,716,
learning with manga! fgo,3,716,
disco elysium,3,716,
langrisser,3,714,
the iron of yin and yang,3,711,
sekirei,3,711,
zutto mayonaka de ii no ni,3,710,
dragon village (series),3,710,
shin megami tensei iii: nocturne,3,709,
god eater 2: rage burst,3,709,
the end of evangelion,3,707,end of evangelion
claymore (series),3,707,
kamen rider ooo (series),3,706,
valkyrie drive,3,706,
hanasaku iroha,3,704,
haibane renmei,3,704,
choukou shinki ixseal,3,701,
the transformers (idw),3,699,all hail megatron
garbage time,3,699,
xblaze,3,699,
unconnected marketeers,3,698,
mairimashita! iruma-kun,3,698,welcome to demon school! iruma-kun
love live! nijigasaki high school idol club the movie - finale,3,698,"love live! nijigasaki high school idol club kanketsu-hen,love live! nijigasaki high school idol club the movie: final chapter"
suisei no gargantia,3,697,
sekaiju no meikyuu 4,3,697,
koi wa sensou (vocaloid),3,696,
sekaiju no meikyuu 2,3,696,
the road to el dorado,3,695,
aogiri koukou,3,695,
yuukyuu gensoukyoku,3,695,
utawarerumono: itsuwari no kamen,3,694,
ao no kanata no four rhythm,3,694,
devil may cry 4,3,693,
peanuts (comic),3,693,
tangled,3,691,
wrestle angels,3,691,
summon night 3,3,690,
viper (series),3,690,
shinmai maou no testament,3,689,the testament of sister new devil
evertale,3,689,
garou: mark of the wolves,3,689,fatal fury: mark of the wolves
formula one,3,689,formula 1
princess tutu,3,688,
dream smp,3,687,
toaru kagaku no railgun s,3,687,
new horizon,3,687,
ousama ranking,3,686,
dragon village collection,3,686,
kunoichi tsubaki no mune no uchi,3,686,
yuusha to maou,3,685,
breath of fire v,3,685,
ben 10 (classic),3,684,
zozotown,3,683,
ena (series),3,682,
shadows house,3,681,
sony,3,681,
simoun,3,681,
alien (series),3,681,
oounabara to wadanohara,3,679,wadanohara and the great blue sea
victory gundam,3,678,
dango daikazoku,3,678,
madou monogatari,3,677,
jewelpet (series),3,677,
oboro muramasa,3,675,
akb0048,3,675,
given,3,672,
strawberry panic!,3,672,
dirty pair,3,670,
olympics,3,670,
pop-up story,3,670,
futoku no guild,3,669,
paper mario: the thousand-year door,3,669,paper mario: the thousand year door
bravely default: flying fairy,3,669,
yatterman,3,668,
gekitotsu! joshikousei oiroke sensha gundan,3,668,
haiiro teien,3,667,"the gray garden,the grey garden"
aether gazer,3,667,aether gaze
subarashiki kono sekai,3,667,
summertime render,3,665,
blazblue: central fiction,3,663,
mario kart world,3,663,
ar tonelico ii,3,663,
blazblue: chronophantasma,3,662,
splatoon 3: side order,3,662,
love live! the school idol movie,3,659,
strinova,3,658,calabiyau
cave story,3,657,doukutsu monogatari
tales of arise,3,657,
kamen rider ryuki (series),3,656,
record of lodoss war,3,656,lodoss-tou senki
happiness!,3,656,
bishoujo mangekyou (series),3,656,bishoujo mangekyou
noss & zakuro,3,655,
beyblade,3,654,
resident evil 1,3,654,
cytus ii,3,653,
elf-san wa yaserarenai.,3,653,plus-sized elf
idolmaster sp,3,653,
homestuck,3,651,
barbie (franchise),3,651,
devilman,3,650,
aku no musume (vocaloid),3,650,"daughter of evil (vocaloid),the princess of lucifer (vocaloid)"
soccer spirits,3,650,
battle girl high school,3,649,
ef (visual novel),3,648,
kaijuu no. 8,3,648,
queen's gate,3,648,
wily beast and weakest creature,3,647,
saihate eki,3,647,
higurashi no naku koro ni mei,3,646,
starward,3,645,
tsugumomo,3,643,
urban legend in limbo,3,643,
megami tensei,3,640,
metroid dread,3,640,
rinne no lagrange,3,640,lagrange: the flower of rin-ne
windows classic,3,639,
saga frontier 2,3,639,
black jack (series),3,639,
bayonetta 1,3,638,
to be hero x,3,637,tubian yingxiong x
gantz,3,637,
tenshinranman,3,637,
formation girls,3,637,
aladdin (movie),3,636,
dragon ball daima,3,636,
yoru mac,3,635,
blue reflection (series),3,635,
pac-man (game),3,635,
tales of eternia,3,634,
final fantasy ii,3,633,
xxl woofia,3,633,
tales of the rays,3,632,
digimon liberator,3,632,
pacific rim,3,631,
modern mogal,3,631,
resident evil 3 (remake),3,631,
bamboo blade,3,631,
tokimeki memorial girl's side,3,630,
atelier live,3,630,
hololive grand theft auto,3,630,
gosick,3,630,
maji de watashi ni koi shinasai!,3,629,love me seriously!
devil survivor 1,3,626,"devil survivor,megami ibunroku devil survivor"
jibaku shounen hanako-kun,3,626,toilet-bound hanako-kun
makai senki disgaea 4,3,626,
ender lilies quietus of the knights,3,626,
top wo nerae!,3,625,
super robot wars og saga mugen no frontier,3,625,
windows xp,3,625,windows xp mce
dream believers,3,625,
aespa,3,624,
final fantasy x-2,3,624,
blame!,3,624,
xenoblade chronicles x,3,623,
animedia,3,623,
cyborg 009,3,622,
flip flappers,3,622,
persona 4 the golden,3,621,
gundam 08th ms team,3,621,
absolute dc,3,620,
yakusoku no neverland,3,618,
breaking bad,3,618,
octopath traveler ii,3,617,
onna ga nigate na yankee to shoujo no hanashi,3,617,
sakura no uta,3,616,
the addams family,3,616,addams family
kyoufuu all back (vocaloid),3,615,
kamen rider 555,3,614,
comiket 94,3,614,c94
neo-porte,3,613,merise
dohna dohna issho ni warui koto o shiyou,3,612,
mahou shoujo ikusei keikaku unmarked,3,611,
another,3,611,
phoenix wright: ace attorney - dual destinies,3,611,
shinza bansho series,3,610,
iris mysteria!,3,610,
pandora hearts,3,610,
dissidia duellum final fantasy,3,609,
kamen rider build (series),3,609,
fate/requiem,3,609,
soredemo ayumu wa yosetekuru,3,608,
sangokushi taisen,3,608,
sakura trick,3,608,
fire emblem: shadow dragon and the blade of light,3,607,
kidou keisatsu patlabor,3,606,
ash arms,3,606,
pixiv fantasia age of starlight,3,606,
amairo islenauts,3,603,
himitsu no aipri,3,603,
ore twintail ni narimasu,3,603,gonna be the twin-tail!!
persona 1,3,603,revelations: persona
bang dream! our notes,3,603,
high school dxd infinity,3,603,
helldivers (series),3,603,
mazinger z,3,601,
red hood and the outlaws,3,601,
gensou suikoden ii,3,601,
pokemon tcg pocket,3,600,
atelier ryza 3,3,600,
white album (series),3,600,
eiyuu senki,3,600,
atri-my dear moments-,3,599,
kerberos blade,3,599,
magnet (vocaloid),3,598,
cry of fear,3,598,
afk journey,3,597,
sky: children of the light,3,597,
mahoutsukai no yakusoku,3,597,
bleach: epilogue,3,596,
sk8 the infinity,3,596,
breath of fire iv,3,596,
kimi ga nozomu eien,3,596,the eternity you desire
wactor production,3,596,
milgram,3,595,
portal (series),3,594,
f-ism,3,594,
zannen onna-kanbu black general-san,3,593,
hyoutenka 30-do no zetsubou,3,593,
kingdom hearts 358/2 days,3,592,
dororo (tezuka),3,592,blood will tell
sekaiju no meikyuu 5,3,591,
blackpink,3,591,
beastars,3,591,
skoshism,3,590,
dengeki g's,3,590,
digimon frontier,3,590,
mouthwashing,3,589,
pretty rhythm rainbow live,3,589,
pokemon cafe remix,3,588,pokemon cafe mix
xenosaga episode i,3,587,
genjitsu no yohane,3,587,yohane of the parhelion
pikmin 4,3,587,
ultraman (1st series),3,587,
foster's home for imaginary friends,3,585,
project kv,3,585,
mahou shoujo madoka magica: walpurgis no kaiten,3,585,"puella magi madoka magica -walpurgisnacht:rising-,walpurgisnacht:rising"
tomb raider,3,584,
tennis no ouji-sama,3,584,
teenage mutant ninja turtles,3,582,
rakudai ninja rantarou,3,581,
qurare magic library,3,580,
mainichi kiss shite lolita,3,579,
koishi komeiji's heart-throbbing adventure,3,579,
gundam arsenal base,3,579,
shrek (series),3,578,
rune factory 4,3,578,
saru getchu,3,578,
avatar aang: the last airbender,3,577,
kamen rider 01 (series),3,577,
snow white (fairy tale),3,577,
shoukoujo,3,577,
mashle,3,575,
kamen rider geats (series),3,575,
do it yourself!!,3,575,
kmnz,3,574,
hololive dreams,3,574,
sayonara wo oshiete,3,573,
f-zero,3,572,
senbonzakura (vocaloid),3,572,senbon-zakura (vocaloid)
owarimonogatari,3,571,
power pro-kun pocket,3,571,power pro kun pocket
sword art online: alicization - war of underworld,3,571,
gj-bu,3,571,
breath of fire iii,3,571,
alice sherlock: the rubious nebula,3,570,
shin godzilla,3,570,
pixiv fantasia sword regalia,3,569,
voltron (series),3,569,
gunslinger girl,3,569,
fatal frame: maiden of black water,3,567,fatal frame 5
liver city,3,567,emori miku project
kono subarashii sekai ni shukufuku wo! kono yokubukai game ni shinpan o!,3,567,
fate/extella link,3,567,
romancing saga 2,3,567,
ten desires,3,566,
final fantasy iii,3,566,
sakura taisen iii,3,566,
snow white and the seven dwarfs (disney),3,565,snow white and the seven dwarfs
pizza hut,3,565,
gensou suikoden v,3,565,
dumbbell nan kilo moteru?,3,564,
nexon,3,564,
atelier rorona,3,563,
hades 2,3,563,
demonbane,3,563,
ima sugu rinne (vocaloid),3,563,
yu-gi-oh! sevens,3,562,
yumekui merry,3,561,dream eater merry
the shining,3,561,
four goddesses online: cyber dimension neptune,3,561,cyberdimension neptunia: 4 goddesses online
akebi-chan no serafuku,3,560,
chain paradox,3,560,
zoids genesis,3,560,
kantai collection (anime),3,560,
shoujo ramune,3,559,
makai senki disgaea 3,3,559,
yani neko,3,558,chainsmoker cat
sword art online alternative: gun gale online,3,558,
big hero 6,3,557,
wild arms 1,3,557,
muv-luv girls garden,3,557,
fushigi na neko no machi meltier,3,556,
ukagaka,3,556,
medium5,3,556,
pixiv fantasia new world,3,555,
pokemon champions,3,555,
otome game no hametsu flag shika nai akuyaku reijou ni tensei shite shimatta,3,554,
gundam perfect file,3,554,
go! go! gris!,3,553,
my adventures with superman,3,553,
devil survivor 2,3,553,
arc the lad ii,3,552,
xinyue tongxing,3,552,
hori-san to miyamura-kun,3,552,
luminous witches,3,551,
kim possible (series),3,550,
sengoku rance,3,549,
kore wa zombie desu ka?,3,549,
bokujou monogatari,3,548,
school girl strikers,3,548,
final fantasy i,3,546,
yu-gi-oh! go rush!!,3,546,
read or die,3,546,
the lord of the rings,3,546,
suna no wakusei (vocaloid),3,546,"dune (vocaloid),sand planet (vocaloid)"
kamen rider kuuga (series),3,545,
forbidden scrollery,3,545,
the simpsons,3,545,itchy & scratchy
otonari no tenshi-sama ni itsu no mani ka dame ningen ni sarete ita ken,3,544,
senran kagura estival versus,3,544,
age of ishtaria,3,543,
light and night love,3,543,
pukey goddess shot trick,3,543,drunken goddess reflux
mechanical buddy universe,3,542,
romeo to cinderella (vocaloid),3,542,
voltron: legendary defender,3,541,
tenkuu no shiro laputa,3,540,castle in the sky
sen no kiseki ii,3,540,
sugar sugar rune,3,539,
prism project,3,539,
kyu-kurarin (cevio),3,539,
enjo kouhai,3,538,
witchblade (anime),3,537,
yoake mae yori ruri iro na,3,536,
boruto: two blue vortex,3,535,
voicepeak,3,535,
listen!!,3,535,
oneshot (game),3,535,
da capo ii,3,535,
comiket 99,3,535,c99
idolmaster shiny colors song for prism,3,534,
atelier meruru,3,534,
grappler baki,3,534,
pokemon brilliant diamond and shining pearl,3,534,pokemon bdsp
carnival phantasm,3,534,
ouran high school host club,3,534,
limelight lemonade jam,3,533,
sonic the hedgehog (idw),3,533,
jahy-sama wa kujikenai!,3,533,
night sparrow love,3,533,
fatal frame: mask of the lunar eclipse,3,532,fatal frame 4
slay the spire 2,3,531,
the lego group,3,531,
isekai maou to shoukan shoujo no dorei majutsu,3,531,
7th dragon 2020,3,530,
tales of destiny 2,3,530,
kotobukiya bishoujo,3,529,
a channel,3,529,
bunny garden,3,528,
sunken fossil world,3,527,touhou gouyoku ibun
mario tennis,3,527,
kuroinu ~kedakaki seijo wa hakudaku ni somaru~,3,527,
doukyuusei,3,527,
yuusha ou gaogaigar,3,527,the king of braves gaogaigar
choujigen game neptune mk2,3,526,
danna ga nani wo itte iru ka wakaranai ken,3,526,
netsu ijou (utau),3,525,heat abnormal (utau)
.hack//g.u.,3,525,
kamen rider fourze (series),3,525,
no i'm not a human,3,524,
monsters raid,3,524,
medaka box,3,524,
crash bandicoot (series),3,524,
dies irae,3,523,
super heroine boy,3,521,
crazy raccoon,3,520,
girls und panzer saishuushou,3,520,
kanan-sama wa akumade choroi,3,520,mistress kanan is devilishly easy
rance x,3,520,rance 10
walt disney's peter pan,3,519,
blue oath,3,519,
mahoutsukai linn no shiawase na kekkon,3,519,
omamori himari,3,519,
friday the 13th,3,519,
valkyrie drive -mermaid-,3,518,
working girls weekly,3,518,
fallout: new vegas,3,517,"fallout new vegas,fallout new vegas dead money"
after war gundam x,3,516,kidou shinseiki gundam x
dragon quest dai no daibouken,3,516,
phoenix wright: ace attorney - trials and tribulations,3,516,
alternative girls,3,515,
danmachi memoria freese,3,515,
soulcalibur iv,3,515,
gundam msv,3,513,
tales weaver,3,513,
macross: do you remember love?,3,512,
monster musume td,3,512,
top wo nerae 2!,3,512,
kamen rider (1st series),3,512,
warframe,3,511,
disgaea rpg,3,511,
houshin engi,3,511,
meridian project,3,511,
16personalities,3,511,
sonic frontiers,3,511,
hamidashi creative,3,510,
initial d,3,510,
kirara fantasia,3,510,
one piece treasure cruise,3,509,
american mcgee's alice,3,509,
grand theft auto vi,3,509,
kamen rider ex-aid (series),3,507,
tower of god,3,507,
yappari chinchirando,3,507,
satsuriku no tenshi,3,506,angels of death
hitsugi no chaika,3,506,
miru tights,3,506,
fatal fury: city of the wolves,3,505,
zettai karen children,3,505,psychic squad
kuso miso technique,3,504,
rhythm tengoku,3,504,
sengoku collection,3,504,
vinland saga,3,504,
sasayaku you ni koi wo utau,3,504,"sasakoi,whisper me a love song"
terminator (series),3,504,
hololive official card game,3,503,
pixiv fantasia 3,3,503,
sleeping beauty (disney),3,503,
drifters,3,502,
shukusei!! loli-kami requiem,3,502,shukusei!! loli-gami requiem
beauty and the beast (disney),3,501,
reverseblue x re-birthend,3,501,
mushishi,3,500,
ninja slayer,3,500,
musuko ga kawaikute shikatanai mazoku no hahaoya,3,500,
star ocean: the last hope,3,499,star ocean the last hope
love and producer,3,499,"koi to producer: evol x love,mr. love: queen's choice"
project diva 2nd,3,499,
titanfall (series),3,499,
catherine (game),3,498,
"mogyutto ""love"" de sekkin chuu!",3,498,
fire emblem: shadow dragon,3,498,
hitozuma sentai aisaiger,3,498,
prison school,3,497,
kimetsu gakuen,3,497,
baccano!,3,496,
dragon quest i,3,495,
dr. slump,3,495,
yuzusoft,3,495,yuzu-soft
gendai ninjakko zukan,3,494,
yumemi ga cheek!,3,494,
da capo i,3,494,
foul detective satori,3,493,cheating detective satori
monsterverse,3,492,
mahou senki lyrical nanoha force,3,491,
food fantasy,3,491,
castlevania: portrait of ruin,3,491,
duffy and friends,3,491,
mahou shoujo lyrical nanoha the movie 2nd a's,3,490,
clover theater,3,490,
reitaisai 10 contest,3,490,
fear & hunger 1,3,489,
nier reincarnation,3,488,
idolmaster poplinks,3,488,
umamusume: road to the top,3,488,
animage,3,487,
legend clover,3,487,
cu-no,3,487,
kemurikusa,3,486,
rune factory 3,3,486,
gyakushuu no fantasica,3,486,
star driver,3,485,
kanpani girls,3,485,
mirai akari project,3,484,
atelier yumia,3,484,
koe no katachi,3,484,a silent voice
dorei to no seikatsu ~teaching feeling~,3,484,
production kawaii,3,484,
hercules (1997 movie),3,484,
xenoblade chronicles 2: torna - the golden country,3,484,
our life,3,483,
boku dake ga inai machi,3,483,erased (series)
maison ikkoku,3,483,
jubilee 2025,3,483,
shine post,3,482,
murder drones,3,482,
.flow,3,481,
voisona,3,481,
wild arms 3,3,481,
urara meirochou,3,479,
everlasting summer,3,479,
transformers (live action),3,479,
maimai (game),3,479,
zhu xian,3,479,
iosys,3,478,
katanagatari,3,478,
ganbare! nakamura-kun!!,3,477,go for it nakamura!
danshi koukousei no nichijou,3,477,
hitoribocchi no marumaru seikatsu,3,476,
the big o,3,476,
metal gear solid 3: snake eater,3,476,metal gear solid 3
kannazuki no miko,3,476,destiny of the shrine maiden
otaku-kun to gyaru no koi,3,476,
kamen rider den-o (series),3,475,
tensui no sakuna-hime,3,474,
nijisanji koshien,3,474,
digimon ghost game,3,474,
furyou michi ~gang road~,3,474,
citrus (saburouta),3,474,
gake no ue no ponyo,3,474,
gundam f91,3,474,
the nightmare before christmas,3,473,
lilo & stitch,3,473,
plave,3,473,
18trip,3,471,
warrior cats,3,471,
saturday night fever,3,471,
wakfu,3,470,
a song of ice and fire,3,469,
final gear,3,469,
tetris,3,469,
tatakau ni atai suru,3,469,"tatakau ataisuru,worth fighting for"
mononoke,3,468,
shirokami project,3,468,
comic aun,3,468,
creepypasta,3,467,
virtua fighter,3,467,
star vs the forces of evil,3,467,
world of warships,3,467,
national basketball association,3,466,nba
seto no hanayome,3,466,
uni create,3,466,
onegai teacher,3,465,
girls und panzer ribbon no musha,3,465,
winx club,3,465,
chunithm,3,464,
shimeji simulation,3,464,
sora wo kakeru shoujo,3,463,the girl who leapt through space
silent hill 3,3,463,
ange vierge,3,462,
akemiho tabi nikki,3,462,
matryoshka (vocaloid),3,461,
comiket 95,3,461,c95
saga frontier,3,461,
honey come chatka!!,3,461,
persona 2 tsumi,3,460,persona 2: innocent sin
maitetsu,3,460,
ookami-san,3,460,
iya na kao sare nagara opantsu misete moraitai,3,458,
the legend of zelda: echoes of wisdom,3,457,
jingling zhi dan,3,457,
mekakucity actors,3,457,
demon's souls,3,457,
hinako note,3,457,
gatchaman crowds,3,456,
pornhub,3,456,
my life as a teenage robot,3,455,
gensou suikoden i,3,455,
gfriend,3,454,
san-x,3,454,
k-project,3,454,k (anime)
cutie honey,3,454,
kowareta sekai to utaenai miku,3,454,colorful stage! the movie: a miku who can't sing
baby princess,3,454,
hatsune miku graphy collection,3,453,
echocalypse,3,453,
project hail mary,3,452,
rakudai kishi no cavalry,3,452,
comiket 96,3,452,c96
forestia ~chiisana machi no bokujou life~,3,452,
mashiroiro symphony,3,452,
comic kairakuten beast,3,452,
koisuru asteroid,3,451,
kamen rider blade (series),3,451,
doupo cangqiong,3,451,battle through the heavens
mahoromatic,3,451,
ar tonelico iii,3,451,
elfen lied,3,450,
mahou shoujo sae,3,450,
phoenix wright: ace attorney - spirit of justice,3,450,
kinnikuman,3,450,
galge.com,3,450,
bokutachi wa benkyou ga dekinai,3,450,
mode aim,3,449,
tsunderia,3,449,
shigatsu wa kimi no uso,3,448,
tamacolle,3,448,
our life: beginnings and always,3,447,
yuri-natsu: minshuku kagaya,3,447,
roshin yuukai (vocaloid),3,447,
sore wa bokutachi no kiseki,3,447,
wednesday (netflix),3,446,
idolmaster side-m growing stars,3,446,
kamen rider gavv (series),3,445,
mahou shoujo lyrical nanoha a's portable: the battle of aces,3,445,
encanto,3,444,
the legend of zelda: a link to the past,3,444,
persona 5: dancing star night,3,444,persona 5: dancing in starlight
la pucelle tactics,3,444,
high school dxd pi,3,444,
the murder of sonic the hedgehog,3,443,
pui pui molcar,3,443,
doukyuusei 2,3,443,
comiket 97,3,442,c97
vigilante -boku no hero academia: illegals-,3,442,my hero academia: vigilantes
tokimeki memorial 2,3,442,
shounen jump,3,441,"jump square,weekly shounen jump"
rolling girl (vocaloid),3,441,
dragon musume ni naritakunai!,3,441,
chuugoku yome nikki,3,441,
ginga eiyuu densetsu,3,440,
white album 2,3,439,
tsumamigui (series),3,439,
chaos;head love chu chu!,3,439,
#compass,3,438,
onsen musume,3,438,
pia carrot (series),3,438,
mishiranu joshikousei ni kankin sareta mangaka no hanashi,3,438,
precure all stars,3,437,pretty cure all stars
the jojolands,3,437,
bobobo-bo bo-bobo,3,436,
atelier escha & logy,3,436,
kagura gumi,3,436,
takaramonozu,3,436,
enigmatic recollection,3,435,
danganronpa another,3,435,
tokimeki memorial 1,3,435,
taimanin asagi kessen arena,3,435,
yuru-chara,3,434,
doom eternal,3,434,
looney tunes,3,434,
star wars: the clone wars (2008 tv series),3,434,star wars: the clone wars
story of eastern wonderland,3,434,
girl cafe gun,3,434,
eden's zero,3,433,
jormungand (manga),3,433,
marvel vs. capcom 2,3,432,
ena: dream bbq,3,432,
toy story,3,432,
wrestle angels survivor,3,431,
half-life (series),3,431,half-life
tsukuyomi moonphase,3,431,
legend of the cryptids,3,431,
cyphers,3,430,
tribe nine,3,430,
chrono crusade,3,430,
eyeshield 21,3,429,
naruto shippuuden: ultimate ninja blazing,3,429,
juuni kokuki,3,429,
seikon no qwaser,3,428,
mahotama,3,428,
null-meta,3,428,nullmeta
love live! hasu no sora jogakuin school idol club bloom garden party,3,427,love live! hasunosora jogakuin school idol club bloom garden party
bougyoryoku zero no yome,3,427,
amakano 2,3,426,
nue no onmyouji,3,426,nue's exorcist
alice: madness returns,3,426,
power pro appli,3,426,
k-on! movie,3,426,
himehina channel,3,425,
sakura-sou no pet na kanojo,3,425,
king of prism,3,425,
sonic adventure 2,3,424,
nurarihyon no mago,3,424,nura: rise of the yokai clan
phantasmagoria of flower view,3,424,
soukou seiki ysphere,3,424,
langrisser mobile,3,424,
428: fuusa sareta shibuya de,3,424,428: shibuya scramble
suicide squad,3,423,
project diva f,3,422,
mother 1,3,422,
kyoto animation,3,422,
oda nobuna no yabou,3,422,
fire emblem shadows,3,421,
kirby air ride,3,421,
darkest dungeon,3,421,
google,3,421,
tiktok,3,421,
kunio-kun series,3,421,
kakyuusei,3,421,
ryoujoku gakuen,3,421,
hidan no aria,3,420,
hikaru no go,3,420,
demi-chan wa kataritai,3,420,
wake up girls!,3,420,
tokyo mirage sessions fe,3,420,
the king of fighters xiii,3,419,
eversoul,3,419,
canaan (series),3,419,
tomo-chan wa onna no ko,3,418,tomo-chan is a girl!
maou-jou de oyasumi,3,418,sleepy princess in the demon castle
ar tonelico i,3,418,
memories off,3,417,
melty blood: type lumina,3,417,
she-ra and the princesses of power,3,416,
tales of legendia,3,416,
mahou shoujo inori,3,416,
manga time kirara,3,416,manga time kirara carat
lotte no omocha!,3,416,
kamoku dakedo mechakucha nori no ii kuroneko-chan,3,415,
druaga no tou,3,415,
hyrule warriors: age of calamity,3,415,
black bullet,3,415,
yandere simulator,3,414,
touhou danmaku kagura,3,414,
bokusatsu tenshi dokuro-chan,3,414,bludgeoning angel dokuro-chan
otome gee sekai wa mob ni kibishii sekai desu,3,414,"mobseka,the world of otome games is tough for mobs,trapped in a dating sim: the world of otome games is tough for mobs"
tonari no kyuuketsuki-san,3,413,
pokemon: twilight wings,3,413,
tamagotchi (classic),3,413,
ga-rei,3,413,
pacific (kancolle),3,413,pacific
chaos online,3,413,
coppelion,3,413,
washio sumi wa yuusha de aru,3,412,
kamen rider gaim (series),3,412,
strawberry prince,3,411,
yomi no tsugai,3,409,daemons of the shadow realm
shiro seijo to kuro bokushi,3,409,saint cecilia and pastor lawrence
galaxy angel rune,3,409,
death stranding,3,409,
djmax respect,3,409,dj max respect
snk heroines: tag team frenzy,3,408,
splatoon raiders,3,408,
soulcalibur vi,3,408,
kakumeiki valvrave,3,408,
maria holic,3,408,
mega man 2,3,408,
makai senki disgaea 5,3,407,
off (game),3,407,
sarazanmai,3,407,
me!me!me!,3,407,
samsung,3,406,
sinsekai record,3,406,sinsekai studio
sweets paradise,3,406,
marl kingdom,3,406,
first stage production,3,405,
7-eleven,3,405,
kumamiko,3,405,
bandai namco,3,405,
marvel tokon: fighting souls,3,403,
dai (series),3,403,
kamen rider wizard (series),3,403,
gwechul,3,403,got dropped into a ghost story still gotta work
mister donut,3,403,
unleashed,3,403,
mega man x4,3,403,
ga-rei zero,3,403,
fuuki iinchou seira,3,402,
clair obscur: expedition 33,3,402,
kirby's return to dream land,3,401,
detroit: become human,3,401,
sengoku otome,3,401,battle girls: time paradox
mahoujin guruguru,3,401,magical circle guru guru
kamen rider kabuto (series),3,400,
king (vocaloid),3,400,
taiho shichauzo,3,400,you're under arrest (manga)
shinsou kenki arch saver,3,400,
suguri,3,400,
x-men movie series,3,400,x-men film series
hakanai kimi wa moukou wo hajimeru,3,400,
fate/extra ccc fox tail,3,399,
code: kite,3,398,
sword art online: unleashed blading,3,398,sword art online: alicization rising steel
onegai my melody,3,398,
ensemble girls!,3,397,
pokemon winds and waves,3,397,"pokemon waves,pokemon winds,pokemon ww"
grisaia no rakuen,3,397,
rabbit and steel,3,397,
22/7 ongaku no jikan,3,396,
mimukauwa nice try (vocaloid),3,396,
moetan,3,396,
schwarzesmarken,3,396,
erha he ta de bai mao shizun,3,395,"erha he tadebai mao shizun,the husky and his white cat shizun"
mieruko-chan,3,395,
strike witches zero,3,395,
magician's aerial dream,3,395,
nippon ichi,3,395,
daiblos core,3,395,crosscore
metal gear solid 4: guns of the patriots,3,395,metal gear solid 4
double dealing character,3,395,
ninja gaiden,3,394,
collar x malice,3,394,
elona,3,394,
transformers: prime,3,394,transformers prime
girls und panzer little army,3,394,
seito kaichou hikaru,3,393,
digimon xros wars,3,393,digimon fusion
watashi no oshi wa akuyaku reijou,3,393,wataoshi
roco kingdom,3,393,luoke wangguo
yuushakei ni shosu,3,392,"sentenced to be a hero: the prison records of penal hero unit 9004,yuusha-kei ni shosu: choubatsu yuusha 9004-tai keimu kiroku"
sword art online progressive,3,392,
nurse witch komugi-chan,3,392,
yoru no yatterman,3,392,
titanfall 2,3,392,
iron man (series),3,391,
deemo,3,391,
houchi shoujo,3,391,
maken-ki!,3,391,
snow halation,3,391,
phantasmagoria of dim.dream,3,390,
mario kart tour,3,390,
dead or alive xtreme venus vacation,3,389,
2.5 jigen no ririsa,3,389,2.5 dimensional seduction
princess principal game of mission,3,389,
bacchikoi!,3,389,
kaoru hana wa rin to saku,3,388,the fragrant flower blooms with dignity
monster hunter portable 3rd,3,388,
quiz magic academy the world evolve,3,387,
guilty gear x,3,387,
warhammer fantasy,3,386,
ai the somnium files,3,386,
trigger (company),3,386,studio trigger
kitarou tanjou: gegege no nazo,3,386,
tenki no ko,3,385,
tom and jerry,3,384,
isekai ojisan,3,384,uncle from another world
kamen rider zi-o (series),3,383,
miniskirt pirates,3,383,
walkure romanze,3,383,
weather planet,3,383,
duet night abyss,3,382,
mega man x: command mission,3,382,
slow start,3,382,
vyugen,3,382,
transformers: animated,3,382,transformers animated
barbie (live action),3,382,
tsuujou kougeki ga zentai kougeki de ni-kai kougeki no okaasan wa suki desu ka?,3,381,
tenmaku no jaadugar,3,381,a witch's life in mongol
sdorica,3,381,
kemomimi refle!,3,381,
qinshi mingyue,3,381,
oukoku no shugo tenshi,3,381,
sayonara lara,3,380,goodbye lara
predator (series),3,380,
bural chingu,3,380,
cafe-chan to break time,3,380,
metroid fusion,3,379,
antinomy of common flowers,3,379,
tactics ogre,3,379,
the amazing world of gumball,3,378,
tomodachi life,3,378,
last period,3,378,
rain world,3,378,
gundam sentinel,3,378,
aku no meshitsukai (vocaloid),3,378,
yami to boushi to hon no tabibito,3,378,
versailles no bara,3,377,
shijou saikyou no deshi ken'ichi,3,377,kenichi: the mightiest disciple
lord of vermilion,3,377,
kai-ri-sei million arthur,3,377,
sakura taisen v,3,377,sakura wars: so long my love
super mario 3d world,3,376,
super mario rpg,3,376,
natsume yuujinchou,3,375,
danball senki,3,375,little battlers experience
the incredibles,3,375,
watashi wo tabetai hitodenashi,3,375,"this monster wants to eat me,watashi o tabetai hitodenashi,watatabe"
bioshock (series),3,375,
143 ocean boulevard,3,375,
kyokugen dasshutsu: 9 jikan 9 nin 9 no tobira,3,375,nine hours nine persons nine doors
wangzhe rongyao,3,374,honor of kings
invader zim,3,374,
microsoft,3,374,
seisenshi dunbine,3,374,
princess peach: showtime!,3,374,
pixiv fate/grand order contest 2,3,374,
jissai no tokoro,3,374,
cuphead (game),3,373,
undead unluck,3,373,
ace attorney investigations 2: prosecutor's gambit,3,373,ace attorney investigations 2
muse dash,3,373,
100% orange juice,3,373,100 percent orange juice
joshi kousei rich thots,3,373,
mc axis,3,373,
kemomimi oukoku kokuei housou,3,373,
to heart 2 ad,3,373,"to heart 2 adnext,to heart 2 adplus"
oshi no taisetsuna hito ni narikawaru,3,372,
fall guys,3,372,
summon night 2,3,372,
konjiki no gash!!,3,372,
disgaea d2,3,372,
super blackjack,3,372,
blade runner (series),3,371,blade runner
cinderella (disney movie),3,371,
ojisan to marshmallow,3,371,
digimon universe: appli monsters,3,370,
matai toshi,3,370,
kaibutsu oujo,3,370,
beacon of light in the dark sea,3,369,eoduun badaui deungbul-i doeeo
no thank you! (k-on!),3,369,
gundam battle operation 2,3,368,
last exile,3,368,
hatsune miku happy 16th birthday -dear creators-,3,368,
the legend of zelda: spirit tracks,3,368,
oomakase,3,368,
mahou senshi symphonic knights,3,367,
shuumatsu no valkyrie,3,367,
steam (platform),3,366,
mighty no. 9,3,366,
sakura no toki,3,365,
manjuverunu no sen otome,3,365,
agarest senki (series),3,365,
code vein,3,365,
tetsuwan atom,3,364,
castlevania: rondo of blood,3,364,
napoli no otokotachi,3,364,
jinrui wa suitai shimashita,3,364,
zako (vocaloid),3,364,
yowamushi pedal,3,363,
kage no jitsuryokusha ni naritakute! master of garden,3,363,
osu!,3,363,
valkyrie profile 1,3,363,
karakai jouzu no (moto) takagi-san,3,363,
odd taxi,3,363,
houkago teibou nisshi,3,363,diary of our days at the breakwater
ooe (adelta),3,363,ooe (game)
andersen's fairy tales,3,363,
love curse: find your soulmate,3,362,bu lian'ai jiu wandanle
kamihime project,3,362,
soukou kihei votoms,3,362,
sabrina to muryoku na tamashii,3,362,
danganronpa/zero,3,362,
fantasy earth,3,362,
sonic adventure,3,361,
shantae and the pirate's curse,3,361,
starcraft,3,361,
summer wars,3,361,
dream hunter rem,3,360,
bleach: brave souls,3,360,
kaze no klonoa,3,360,
punch-out!!,3,360,
chanto suenai kyuuketsuki-chan,3,360,
itai no wa iya nano de bougyoryoku ni kyokufuri shitai to omoimasu,3,360,
oomuro-ke,3,359,
crossbone gundam,3,359,
lord of heroes,3,359,
black surge night,3,359,
pixiv fantasia 4,3,359,
chousoku henkei gyrozetter,3,359,
yu-gi-oh! master duel,3,359,
sword art online: memory defrag,3,359,
usseewa,3,358,
tales of innocence,3,358,
ultra kaijuu gijinka keikaku,3,358,
kamen rider kiva (series),3,358,
project diva,3,358,
gynoid talk,3,358,
nogi wakaba wa yuusha de aru,3,358,
escape from tarkov,3,357,
crystal maiden (series),3,357,
dragon ball xenoverse,3,356,
kamen rider drive (series),3,356,
rilakkuma (series),3,356,
god of war (series),3,356,
himawari-san,3,356,
hataraku saibou black,3,356,
happy tree friends,3,355,
nhk ni youkoso!,3,355,
wendy's,3,355,
kyokugen dasshutsu adv: zennin shibou desu,3,355,zero escape: virtue's last reward
plants vs. zombies 2,3,354,plants vs zombies 2
gachimuchi,3,354,
heroman,3,354,
c (control),3,354,
rokudenashi majutsu koushi to akashic record,3,353,
c.c. lemon,3,353,
queen's blade grimoire,3,353,
absolute batman,3,352,
hapymaher,3,352,
shinsou seiki elementia,3,352,
professor layton,3,352,
tiny evil,3,352,
ichigo 100%,3,352,ichigo 100 percent
yuukyuu gensoukyoku revival,3,352,
devil summoner: soul hackers,3,351,soul hackers
life is strange (series),3,351,
mystic square,3,350,
pokemon mystery dungeon: explorers of time/darkness/sky,3,350,
urasekai picnic,3,350,
dosanko gal wa namaramenkoi,3,349,dosanko gyaru wa namaramenkoi
hara hara!!,3,349,
igaku (utau),3,349,medicine (utau)
himekishi olivia,3,348,
seiken gakuin no maken tsukai,3,348,
the super mario bros. movie,3,348,super mario bros. (2023 movie)
planetarian,3,348,
dragon age,3,347,
comiket 93,3,347,c93
monsters inc.,3,347,
tom clancy's the division,3,347,
taiko no tatsujin,3,347,
megami magazine deluxe,3,346,
jet set radio,3,346,
pokemon sleep,3,346,
roco kingdom: world,3,346,
tantei wa mou shindeiru,3,345,
sonic the hedgehog (archie comics),3,345,
dragon quest ix,3,345,
twin angel,3,345,
the legend of zelda: link's awakening,3,345,
internet explorer,3,344,
mahjong fight girl,3,344,
idol land pripara,3,344,
dragon's dogma (series),3,344,
shimoneta to iu gainen ga sonzai shinai taikutsu na sekai,3,344,
ninjago,3,343,
virtual on,3,343,
seihou,3,343,
kao no nai tsuki,3,343,
masterwork apocalypse,3,343,
azure striker gunvolt 2,3,342,
lotus land story,3,342,
atlus,3,341,
brave girl ravens,3,341,
choukou sennin haruka,3,341,
bakusou kyoudai let's & go!!,3,341,
puss in boots: the last wish,3,341,
ys viii: lacrimosa of dana,3,340,ys viii lacrimosa of dana
super mario bros. wonder,3,340,
star ocean: first departure,3,340,star ocean first departure
kirby super star,3,340,
melt (vocaloid),3,340,
ryuu ga gotoku 0,3,340,
amaryllis gumi,3,340,
uchi no kuroneko onnanoko,3,340,uchino kuroneko onnanoko
ole tower,3,340,
hololive alternative,3,340,
bakuon!!,3,340,
mogeko castle,3,339,
persona 4: dancing all night,3,339,
ame to kimi to,3,339,
how to train your dragon (series),3,338,
good omens,3,338,
orc wa nozomanai,3,338,
inabakumori,3,338,
kakyuusei 2,3,338,
majutsushi orphen,3,338,sorcerous stabber orphen
hyakka ryouran samurai girls,3,338,
ikemen onna to hakoiri musume,3,338,
saikin yatotta maid ga ayashii,3,337,the maid i hired recently is mysterious
pokemon: the electric tale of pikachu,3,337,
captain america: the winter soldier,3,337,
houkago play,3,337,
tsuma shibori,3,337,
sora yori mo tooi basho,3,337,a place further than the universe
class of 09,3,336,
kore ga watashi no goshujin-sama,3,336,
anyamal tantei kirumin zoo,3,336,animal detective kirumin zoo
all saints street,3,336,wan sheng jie
winnie the pooh,3,335,
kirby air riders,3,335,
rikai no aru karen-chan,3,334,
choujin x,3,334,
little tail bronx,3,334,
kagetsu tooya,3,334,
scryed,3,334,
bomberman,3,334,
golden sun,3,333,
phoenix wright: ace attorney,3,333,
wario land,3,333,
v4mirai,3,333,
super no ura de yani suu futari,3,333,smoking behind the supermarket with you
monobeno,3,333,
no.6,3,332,
idolmaster one for all,3,332,
ginga tetsudou 999,3,332,
camp buddy,3,332,
kamen rider agito (series),3,332,
namco,3,332,
xxxholic,3,332,
steampunk (liarsoft),3,331,
kin-iro loveriche,3,331,
zone of the enders (series),3,331,zone of the enders
kanagawa okinami ura,3,331,
blood+,3,331,
paripi koumei,3,331,ya boy kongming!
toki wo kakeru shoujo,3,331,
illustration.media,3,331,
fire emblem gaiden,3,330,
ice climber,3,330,
tsubasa chronicle,3,330,
paper mario: the origami king,3,330,
seeno de! hasu no sora!,3,330,
kanokon,3,330,
grisaia no meikyuu,3,330,
saint seiya omega,3,330,
cinderella (fairy tale),3,329,
red velvet (group),3,329,
persona 5 scramble: the phantom strikers,3,329,
beast wars,3,329,
comiket 91,3,329,c91
grand theft auto v,3,329,grand theft auto online
shadowverse (animated series),3,329,
battle angel alita,3,329,
comic lo,3,329,
ganbare goemon,3,328,
lake of voices,3,328,
yu-gi-oh! the dark side of dimensions,3,328,
comic party,3,328,
code geass: boukoku no akito,3,328,
seitokai yakuindomo,3,328,
hyakko,3,328,
tenco's story,3,328,
madan no ichi,3,327,ichi the witch
kirby: planet robobot,3,327,
atelier ayesha,3,327,
bionicle,3,326,
hello charlotte,3,326,
mono (afro),3,326,
hua yi shanxin zhiyue,3,326,
uchuu no stellvia,3,326,
valkyrie no densetsu,3,326,
higanbana no saku yoru ni,3,326,
ico,3,326,
shinkyoku soukai polyphonica,3,326,
lonely girl ni sakaraenai,3,326,"can't defy the lonely girl,i can't refuse lonely girl's request,i can't say no to the lonely girl"
makai tenshi djibril,3,326,
bakumatsu rouman,3,325,gekka no kenshi
fruits basket,3,325,
shantae: half-genie hero,3,325,
happy sugar life,3,325,
grand summoners,3,325,
ombok diving and delivery services,3,325,
shadow of the colossus,3,325,
xblaze code: embryo,3,325,
duolingo,3,325,
varium,3,324,
false memory,3,324,
ninin ga shinobuden,3,324,
advance of zeta,3,324,
banana fish,3,324,
pokemon heroes: latios & latias,3,323,pokemon m05
mahou shoujo ikusei keikaku restart,3,323,
sidonia no kishi,3,323,
virtuareal link,3,323,"andou inari official,azusa official,joi official,karon official,kero official,mitsusa official,nox official,ruruna official,sumire hina official,susam official"
melon girls,3,323,
falkyrie no monshou,3,323,
yumenokessho,3,323,
kaleido star,3,323,
ordo mediare sisters (ironlily),3,322,
runescape,3,322,
city (arawi keiichi),3,322,
downtown no gaki no tsukai ya arahende!!,3,322,
sengoku taisen,3,322,
vivid strike!,3,322,
readymade (ado),3,321,
the bible,3,321,
brave sword x blaze soul,3,321,
azure striker gunvolt 1,3,321,
justice league,3,320,
five nights at freddy's: security breach,3,320,
overman king gainer,3,320,
sentai red isekai de boukensha ni naru,3,320,"sentai red ga isekai de boukensha ni naru,the red ranger becomes an adventurer in another world"
saihate (vocaloid),3,320,
motto! haramase! honoo no oppai isekai oppai bunny gakuen!,3,320,
battlefield (series),3,319,
kaiten muten-maru,3,319,
idolmaster starlit season,3,318,
digimon adventure tri.,3,318,
mob talker,3,318,
shadow hearts,3,318,
uchuu patrol luluco,3,318,
tomodachi life: living the dream,3,317,
ochikobore fruit tart,3,317,
strike witches: katayoku no majo-tachi,3,317,
trickster (ntreev soft),3,317,
atelier firis,3,316,
saiki kusuo no psi nan,3,315,
shiritsu justice gakuen,3,315,
slow loop,3,315,
brawl stars,3,315,
rabi-ribi,3,315,
kimi ga shinu made koi wo shitai,3,314,"i want to love you till your dying day,kimishinu"
noa-senpai wa tomodachi.,3,314,
nanatsuiro drops,3,314,
mabinogi heroes,3,314,
donkey kong country,3,314,
trusty bell,3,314,
bishoujo senshi sailor moon crystal,3,313,
stalker (game),3,313,
pokemon red/green/blue/yellow (prototype),3,313,pokemon rgby (prototype)
hopeless masquerade,3,312,
jujutsu kaisen modulo,3,312,jujutsu kaisen mojuro
irotoridori no sekai,3,312,
nukigee mitai na shima ni sunderu watashi wa dou surya ii desu ka?,3,312,nukitashi
sentimental graffiti,3,312,
power rangers,3,312,
war thunder,3,312,
strider (game),3,312,
super mario 64,3,312,
shining wind,3,312,
comic anthurium,3,312,
shoujo to ura roji,3,312,
umayuru,3,311,
rumble roses,3,311,
marvel vs. capcom 3,3,311,
gensou suikoden iii,3,311,
atelier lydie & suelle,3,310,
mahou senshi elixir knights,3,310,
manaria friends,3,310,
princess lover,3,310,
asobi ni iku yo!,3,310,
kamichu!,3,310,
wonder egg priority,3,309,
haite kudasai takamine-san,3,309,
mona lisa,3,309,
kiddy grade,3,309,
danganronpa s: ultimate summer camp,3,308,
the distortion detective,3,308,
star wars: return of the jedi,3,308,
soukou senki prism reica,3,308,
seikimatsu occult gakuin,3,308,occult academy
super danganronpa another 2,3,307,
re:zero kara hajimeru isekai seikatsu: lost in memories,3,307,
river city girls,3,307,
liz to rose no koubou ~shakkin shimai no koubou nisshi~,3,307,
sonic riders (series),3,307,
the legend of zelda (nes),3,306,
fire emblem warriors,3,306,
xai (company),3,306,
comiket 88,3,306,c88
kampfer,3,306,
masamune-kun no revenge,3,306,
gundam narrative,3,306,
portal 1,3,306,
taboo japan disentanglement,3,306,
3am,3,305,
cyberpunk: edgerunners 2,3,305,
left 4 dead,3,305,
portrait of exotic girls,3,305,
mobile suit gundam the origin,3,305,
specialite (company),3,304,
comiket 92,3,304,c92
monster high,3,304,
cream lemon,3,304,
it (stephen king),3,304,
parasite eve (series),3,304,parasite eve
ano ko wa toshi densetsu,3,304,
yuragisou no yuuna-san,3,303,
zombie high school,3,303,
gaki kyonyuu,3,303,
moyashimon,3,303,
jigoku sensei nube,3,302,
city hunter,3,302,
lost universe,3,302,
danganronpa kirigiri,3,302,
wonder festival,3,302,
twice (group),3,301,
japanese mythology,3,301,
wcdonald's,3,301,wcdonalds
nazo no kanojo x,3,301,
jewelpet twinkle,3,301,
goho mafia! kajita-kun,3,301,
one piece: strong world,3,300,
eshi 100 nin ten,3,300,
gakuen utopia manabi straight!,3,300,
jinki,3,299,
game & watch,3,299,
saber marionette j,3,299,
detective pikachu (series),3,299,detective pikachu
macross frontier: itsuwari no utahime,3,299,macross frontier: the false songstress
ayakashi triangle,3,299,
youkai watch 2,3,298,
mahou shoujo no inshuu mura,3,298,magical girl: taboo village
vallure,3,298,
digimon world re:digitize,3,298,
harem futago lolita,3,298,
witch craft works,3,298,
the evil within,3,298,
bloodstained (series),3,297,
slow damage,3,297,
kochikame,3,297,
tales of hearts,3,297,
sword art online the movie: ordinal scale,3,297,
kono subarashii sekai ni bakuen wo!,3,297,konosuba: an explosion on this wonderful world!
socks agency,3,297,
crawling dreams,3,297,
alien (1979),3,297,alien (movie)
fromsoftware,3,297,
vanguard princess,3,297,
dungeon travelers 2,3,297,
gamer supps,3,296,
hogwarts legacy,3,296,
metal gear solid 2: sons of liberty,3,296,metal gear solid 2
castlevania: symphony of the night,3,296,
taimanin murasaki,3,296,
tokimeki memorial girl's side 3rd story,3,295,
blue reflection maboroshi ni mau shoujo no ken,3,295,
ao no roku-gou,3,295,blue submarine no 6
2ch.ru,3,295,
the saga of darren shan,3,295,
reflect (gawr gura),3,295,
bible black,3,295,
fireball (series),3,294,
honest axe,3,294,
no more heroes,3,294,
maerchen (sound horizon),3,294,marchen (album)
super mario sunshine,3,294,
expo2025,3,293,
kobeya,3,293,
honoo no haramase tenkousei,3,293,
photokano,3,293,
akatsuki records,3,292,
hermitcraft,3,292,
assassin's creed ii,3,292,
luvdia,3,292,
ga geijutsuka art design class,3,292,
shin sangoku musou 6,3,292,dynasty warriors 7
love live! days: love live! general magazine,3,292,
hatsune miku expo,3,291,
astral party,3,291,
kemono jihen,3,291,
who framed roger rabbit,3,291,
lies of p,3,291,
wild and horned hermit,3,291,
macross frontier: sayonara no tsubasa,3,291,macross frontier: the wings of farewell
sazae-san,3,291,
dragon's dogma,3,291,
phantasy star portable 2,3,291,
idolmaster movie,3,291,
taimashi ayano,3,290,
strike witches: aurora no majo,3,290,
xenoblade chronicles: future connected,3,290,
star trek,3,290,
ochite iku seisenshi lunatic angels,3,290,
comic girls,3,290,
nexas (vtuber),3,290,
nirvana (band),3,290,
garfield,3,289,
fullmetal alchemist (2003),3,289,
blade runner 2049,3,289,
nezha zhi motong jiangshi,3,289,nezha (2019 movie)
gunsmith cats,3,289,
sora no method,3,289,celestial method
ma no mono-tachi,3,289,
one - kagayaku kisetsu e,3,289,
busou renkin,3,289,
drag-on dragoon 1,3,288,
green lantern (series),3,288,
phineas and ferb,3,288,
banjo-kazooie,3,288,
mahou tsukai no yome,3,288,
cross ange,3,288,
mario & sonic (series),3,288,
tenkuu no crystalia,3,288,
chain chronicle,3,288,
azure striker gunvolt 3,3,287,
legend of mana,3,287,
artwhirl mahou gakuen no otome-tachi,3,287,
resort boin,3,287,
zero escape: toki no dilemma,3,287,"zero escape: toki no jirenma,zero time dilemma"
dokusen yoku ga tsuyo sugiru yandere kai neko-chan,3,286,dokusen yoku ga tsuyo sugiru yandere petto neko-chan
gorillaz,3,286,
bloodstained: ritual of the night,3,286,
pakatube,3,286,
puyopuyo~n,3,286,
gimai seikatsu,3,286,days with my stepsister
kaitou tenshi twin angel,3,286,
wacom,3,286,
fortune arterial,3,286,
shining hearts,3,286,
red dead redemption (series),3,285,
action taimanin,3,285,
hoshikuzu witch meruru,3,285,
wizards symphony,3,284,
haunted hotel,3,284,
moe! ninja girls,3,284,
artery gear,3,284,armor girls
bungou to alchemist,3,283,bungo and alchemist
kyokkou senki mistletear,3,283,
highly responsive to prayers,3,283,
the fairly oddparents,3,283,
oekaki musume,3,283,
rhapsody,3,283,
tsuyokiss,3,283,
masters of the universe,3,282,
pizza tower,3,282,
pacific racing team,3,282,
pringles,3,282,
yakitate!! japan,3,282,
super robot wars the lord of elemental,3,282,
donkey kong bananza,3,281,
shiki (novel),3,281,
kamen rider hibiki (series),3,281,
mahou shoujo lyrical nanoha innocent,3,281,
shin sangoku musou 7,3,281,dynasty warriors 8
gundam wing: endless waltz,3,281,gundam wing endless waltz
dragonaut,3,281,
comic exe,3,281,
idolmaster xenoglossia,3,280,
soredemo machi wa mawatteiru,3,280,
final fantasy iv: the after years,3,280,final fantasy iv the after
one piece (live action),3,280,
joshiraku,3,280,
grimms echoes,3,280,
the king of fighters all-stars,3,280,
reject (esports),3,279,
himouto! umaru-chan himouto ikusei keikaku,3,279,
final fantasy tactics advance,3,279,
shinkalion (series),3,279,
dead space (series),3,279,dead space
goth girl and the jock,3,279,
blood tune,3,279,
orenchi no meidosan,3,279,
tokyo exe girls,3,279,
the mandalorian,3,278,
pokemon ranger (series),3,278,pokemon ranger
wild arms 5,3,278,
japan racing association,3,278,
caligula (series),3,278,
shigoto neko,3,278,
ueno-san wa bukiyou,3,278,
tenka touitsu chronicle,3,278,
elfheim,3,278,
puyopuyo fever 2,3,278,
silent witch,3,277,
silver palace,3,277,
mulan (movie),3,277,
shenmue,3,277,
kokoro iroduku koi ga shitai,3,277,
noragami,3,277,
diablo (series),3,277,
slime taoshite 300 nen shiranai uchi ni level max ni nattemashita,3,277,
arifureta shokugyou de sekai saikyou,3,277,
lattice sos! ~happening&panic~,3,277,
lapis re:lights,3,277,
kokkimusume,3,276,
bucchigiri?!,3,276,
touhou arcadia record,3,276,
kirby's dream land 3,3,276,
growlanser,3,276,
endro!,3,276,
kud wafter,3,275,
anpanman,3,275,
comiket 90,3,275,c90
yozakura quartet,3,275,
sonic (live action),3,275,
mahou shoujo madoka magica plus,3,275,
seitokai no ichizon,3,275,
love live! sunshine!! the school idol movie over the rainbow,3,274,
granblue fantasy versus,3,274,
frankenstein,3,274,
senkou no ronde,3,274,
hibi wa sugiredo meshi umashi,3,274,
waku waku 7,3,273,
the terminator,3,273,
mahou senshi sweet knights 2,3,273,
sonic rush,3,273,
killer chat!,3,273,
hikikomari kyuuketsuki no monmon,3,273,the vexations of a shut-in vampire princess
yuri kuma arashi,3,273,
sid story,3,273,
steven universe future,3,273,steven universe: future
pepper&carrot,3,273,
houkago no pleiades,3,272,wish upon the pleiades
hokkaido nippon-ham fighters,3,272,
kamen rider gotchard (series),3,272,
counter-strike (series),3,272,
pokemon gold/silver/crystal (prototype),3,272,pokemon gsc (prototype)
monster farm,3,272,
borderlands (series),3,272,
shin megami tensei v: vengeance,3,271,
gundam card game,3,271,
world of tanks,3,271,
persona 2 batsu,3,271,persona 2: eternal punishment
tsuki ni yorisou otome no sahou,3,271,
sonic boom (series),3,271,sonic boom (game)
kamippoina (vocaloid),3,271,god-ish (vocaloid)
super robot wars 30,3,271,
command & conquer,3,271,command and conquer
outlaw star,3,270,
touhou hisoutensoku,3,270,
inazuma eleven ares no tenbin,3,270,
arai-san mansion,3,270,
xtale,3,270,
shin subarashiki kono sekai,3,270,
vee (vtuber),3,269,
hamtaro (series),3,269,
amagami-san chi no enmusubi,3,269,
super robot wars z,3,269,
shingoku no valhalla gate,3,269,
puyopuyo sun,3,269,
pepoyo (copyright),3,268,
the beatles,3,268,
wwe,3,268,
ultraman tiga (series),3,268,
gothic wa mahou otome,3,268,
kizuato,3,268,
krt girls,3,268,
the last of us (series),3,268,
high school dxd new,3,268,
windows 10,3,267,
yokohama kaidashi kikou,3,267,
caduceus (series),3,267,
dengeki hime,3,267,
night wizard,3,267,
sonic the hedgehog (2006),3,267,
touhou lost branch of legend,3,267,
dirge of cerberus: final fantasy vii,3,266,dirge of cerberus final fantasy vii
don quijote (store),3,266,
kono bijutsubu niwa mondai ga aru!,3,266,
shining resonance,3,266,
"hime-sama ""goumon"" no jikan desu",3,266,"'tis time for ""torture"" princess"
dissidia 012 final fantasy,3,266,
phantasy star online 2 new genesis,3,266,
adventure time: fionna and cake,3,265,
tengoku daimakyou,3,265,heavenly delusion
dead or alive 6,3,265,
glitch stars,3,265,
super cub,3,265,
lanxi zhen,3,265,
wonderful rush,3,265,
black rock shooter (game),3,264,
boruto: naruto the movie,3,264,
rune factory 5,3,264,
ena (web series),3,264,
king kong (series),3,264,
despicable me,3,264,
cuddly octopus,3,264,
aiyoku shimai lolita,3,264,
otome wa boku ni koishiteru,3,264,
servamp,3,263,
garo (tokusatsu series),3,263,
fate/tiger colosseum,3,263,
twitch.tv,3,263,
2014 fifa world cup,3,263,
goodbye sengen (vocaloid),3,263,
giant robo,3,263,
mahou shoujo tart magica,3,263,"puella magi tart magica,tart magica"
bliss (image),3,262,windows xp background
mega man x6,3,262,
mahou senshi princess tear,3,262,
si land,3,262,
kumo desu ga nani ka?,3,262,
queen's blade unlimited,3,262,
arcana heart 2,3,262,
stella glow,3,261,
cyberbots,3,261,
newjeans,3,261,
doko demo issyo,3,261,"doko demo issho,together everywhere"
ryuu ga gotoku 1,3,261,
koumajou densetsu 2,3,261,touhouvania 2
vspo! en,3,261,
sketchbook full colors,3,261,
aquaplus,3,260,
mega man zero 3,3,260,
akatsuki no yona,3,260,yona of the dawn
bishoujo (game),3,260,
date a live: spirit pledge,3,260,
blue reflection sun,3,260,
sora no woto,3,260,sound of the sky
ultraseven (series),3,259,ultra seven (series)
kawaii dake ja nai shikimori-san,3,259,
ultra galaxy (series),3,259,
tekken tag tournament 2,3,259,
akuma shitsuji to kuroi neko,3,259,
bioshock infinite,3,259,
comic penguin club,3,259,
ghostly field club,3,259,
2024 summer olympics,3,259,
qualidea code,3,259,
advent cirno,3,259,
twinkle star knights,3,258,
the boys,3,258,
seiken densetsu 2,3,258,
dance dance revolution,3,258,
shinkon gattai godannar!!,3,258,
koi to senrigan to aonisai,3,258,
un-go,3,258,
kyouryuu sentai zyuranger,3,257,
comic bavel,3,257,
eiken,3,257,
the crawling city,3,257,
ookiku furikabutte,3,257,
back to the future,3,257,
tower records,3,257,
grimlight,3,257,
final fantasy type-0,3,257,
suzumiya haruhi-chan no yuuutsu,3,257,
ryuu ga gotoku 7,3,256,
danny phantom,3,256,
puchimasu!,3,256,
link to the future (love live!),3,256,
mayoineko o tomeyou,3,256,
burger king,3,256,
toeto (vocaloid),3,256,
getter robo armageddon,3,255,
leon the professional,3,255,
avengers: infinity war,3,255,
the lion king,3,255,
kimagure orange road,3,255,
return of the mount hua sect,3,255,"hwasan gwihwan,return of the blossoming blade"
real mo tama ni wa uso wo tsuku,3,255,sometimes even reality is a lie!
yakimochi stream,3,255,
raisei no ryuu tsukai,3,255,raisei no ryu tsukai
upotte!!,3,255,
arcana heart 3,3,255,
mayoi neko overrun!,3,255,
senjou no valkyria 3,3,255,
galgrease,3,255,
internet yamero,3,254,
gochuumon wa usagi desu ka?? wonderful party!,3,254,
atomic heart,3,254,
uber eats,3,254,
ghostblade,3,254,
danmachi battle chronicle,3,254,
romancing saga,3,254,
diao ye zong,3,254,
sonic and the black knight,3,253,
discord,3,253,
scott pilgrim (comics),3,253,
the ghost and molly mcgee,3,253,
char's counterattack - beltorchika's children,3,253,
tactics,3,253,
arc the lad i,3,253,
lineage,3,253,
the exit 8,3,253,
gundam 00 a wakening of the trailblazer,3,252,
supernatural (tv series),3,252,
phantom brave,3,252,
ca (deino),3,252,ca (maeda koutarou)
capsule servant,3,252,
higyaku no noel,3,252,noel the mortal fate
total drama,3,252,
sailor element,3,251,
hunie (series),3,251,
the silmarillion,3,251,
celeste (game),3,251,
pronant symphony,3,251,
yukijirushi,3,251,
saishuu chikan densha (series),3,251,
life is strange 1,3,250,
perfect blue,3,250,
fatal frame iii: the tormented,3,250,fatal frame 3
robotech,3,250,
twinbox school,3,250,
octopath traveler: champions of the continent,3,250,
windows 95,3,250,
sky girls,3,250,
action pizazz,3,250,
ancient ys vanished,3,249,
grimoire ~shiritsu grimoire mahou gakuen~,3,249,
daredevil (series),3,249,
zom 100: zombie ni naru made ni shitai 100 no koto,3,249,
wrestle angels survivor 2,3,249,
mayo chiki!,3,249,
heavy object,3,249,
inou-battle wa nichijou-kei no naka de,3,249,
bastard!!,3,249,
artery gear: fusion,3,249,
gal gun (series),3,248,
suicide squad (2016 movie),3,248,
tari tari,3,248,
bravely second: end layer,3,248,
phantom kingdom,3,248,
critical role,3,247,
quanzhi gaoshou,3,247,the king's avatar
riot music,3,247,
mahou shoujo lyrical nanoha exceeds: gun blaze vengeance,3,247,
mewkledreamy,3,247,
suisei tenshi primaveil zwei,3,247,
pretty rhythm aurora dream,3,247,
comic hotmilk,3,247,
star wars: revenge of the sith,3,246,
smite,3,246,
omega strikers,3,246,
bayonetta 3,3,246,
holiday holiday (love live!),3,246,
pixiv fantasia scepter of zeraldia,3,246,
baby walkure,3,246,baby assassins
imaizumin-chi wa douyara gal no tamariba ni natteru rashii,3,246,imaizumi brings all the gals to his house
hentai key,3,246,
fairy fencer f,3,246,
jinguang budaixi,3,246,golden light puppet show
poketoon,3,245,
a-soul,3,245,
kamisama ni natta hi,3,245,
hakuouki shinsengumi kitan,3,245,
akatsuki blitzkampf,3,245,
quackity smp,3,245,qsmp
cult of the lamb,3,245,
gal gamer ni homeraretai,3,245,
ben-tou,3,245,
sousai shoujo teien,3,245,
propro production,3,245,
outbreak company,3,245,
monster (manga),3,244,
mahou senshi sweet knights,3,244,
witch's heart,3,244,
destiny (game),3,244,
getting over it,3,244,
mebae (game),3,244,
casshern (series),3,244,casshan (series)
ever 17,3,244,
portal 2,3,243,
superman (2025),3,243,
comic unreal,3,243,
the great ace attorney 2: resolve,3,243,
hololive china,3,243,
sensha otoko,3,243,
gravity daze 2,3,243,
wild arms 4,3,243,
real drive,3,243,
star ocean: integrity and faithlessness,3,242,star ocean integrity and faithlessness
metroid prime 3: corruption,3,242,
gotcha!,3,242,
terminator 2: judgment day,3,242,
masou gakuen hxh,3,242,
project-sp,3,241,
coefont,3,241,coefont studio
comiket 89,3,241,c89
sonic unleashed,3,241,sonic world adventure
facebook,3,241,
super metroid,3,241,
twinbee,3,241,
manemane nichinichi,3,241,
zanki mugen-chan vs deathtrap dungeon,3,241,
corpse party,3,241,
psychic hearts,3,241,
kimi to tsuzuru utakata,3,241,the summer you were there
avatar 2.0 project,3,240,
warzard,3,240,red earth (game)
legends of runeterra,3,240,
soulcalibur v,3,240,
dr. mario (game),3,240,
air gear,3,240,
vchiban,3,239,
harry potter: magic awakened,3,239,
nissin,3,239,
blazblue remix heart,3,239,
mega man 1,3,239,
kamen rider black (series),3,239,
freezing (series),3,239,
hengen souki shine mirage,3,239,
kaii to otome to kamikakushi,3,239,"kaii to otome to kamigakushi,mysterious disappearances"
hourou musuko,3,239,wandering son
novelpia,3,238,
atelier lulua,3,238,
skip to loafer,3,238,
wizardry,3,238,
totally spies!,3,238,totally spies
sonic generations,3,238,
mario & luigi: brothership,3,238,
jurassic park,3,238,
genmu senki leda,3,238,
tales of rebirth,3,238,
world masterpiece theater,3,238,
windows 7,3,238,
ars goetia,3,238,
perfume (band),3,238,
z.a.t.o. // i love the world and everything in it,3,237,
mili (band),3,237,
megami device,3,237,
bijin onna joushi takizawa-san,3,237,
breath of fire i,3,237,
zaregoto series,3,237,
blazblue variable heart,3,237,
super mario world,3,237,
one piece: stampede,3,236,
nana (series),3,236,
bokutachi wa hitotsu no hikari,3,236,
kamisama hajimemashita,3,236,kamisama kiss
hilda (series),3,236,
bird/binary,3,236,
aerisdies,3,236,
elysion,3,236,
inazuma eleven victory road,3,236,
mozilla firefox,3,235,
japan railways,3,235,
drawfee,3,235,
kirby: triple deluxe,3,235,
metroid: zero mission,3,235,
mahou shoujo madoka magica portable,3,235,
armored core: for answer,3,235,
wonderland wars,3,234,
ryuu ga gotoku 3,3,234,
guild no uketsukejou desu ga zangyou wa iya nanode boss wo solo toubatsu shiyou to omoimasu,3,234,i may be a guild receptionist but i'll solo any boss to clock out on time
gainax,3,234,
shiroi suna no aquatope,3,234,the aquatope on white sand
athena (series),3,234,
11eyes,3,234,
space adventure cobra,3,233,
taima seikou alice,3,233,
peripeteia,3,233,
takt op.,3,233,
suntory,3,233,
v&u entertainment,3,233,
suzume no tojimari,3,233,
ninja to koroshiya no futarigurashi,3,233,"a ninja and an assassin under one roof,ninkoro"
ghostbusters,3,233,
the grim adventures of billy & mandy,3,233,
ghost trick,3,233,
hanasaki work spring,3,232,
mega man x1,3,232,
mahou no tenshi creamy mami,3,232,creamy mami the magic angel
space dandy,3,232,
nora to oujo to noraneko heart,3,232,
kamen rider saber (series),3,232,
flowers (innocent grey),3,232,
border break,3,232,
tetsuwan birdy decode,3,232,
kamen rider ghost (series),3,232,
nora cat channel,3,232,
junk gaming maiden,3,232,
saishuu chikan densha,3,232,
bokura no live kimi to no life,3,231,
mahou shoujo lyrical nanoha detonation,3,231,
kamen america (comic),3,231,
chucolala,3,231,
predator (1987),3,231,
super paper mario,3,231,
mist train girls,3,231,
yuuwaku 2 tsume ato,3,231,
coco (disney),3,231,
papa no iu koto wo kikinasai!,3,231,
deep one kyomu to mugen no fragment,3,231,
mega man 9,3,230,
absolute wonder woman,3,230,
the super mario galaxy movie,3,230,
slay the princess,3,230,
kokuhaku jikkou iinkai,3,230,
digimon savers,3,230,digimon data squad
caligula (game),3,230,
canvas (cocktail soft),3,230,
hanikami kanojo,3,230,
xianjian qixia zhuan,3,230,
ninjala,3,230,
your diary,3,230,
tekken 6,3,230,
hitomi sensei no hokenshitsu,3,230,
titanic (movie),3,229,
hundred (light novel),3,229,
linux,3,229,
sengoku musou 2,3,229,samurai warriors 2
ashita no nadja,3,229,
boku no himitsu taiken,3,229,
the seven deadly sins,3,229,
star wars: the force awakens,3,229,
black clover m: rise of the wizard king,3,229,
dragon nest,3,229,
isshiki-san wa koi wo shiritai.,3,229,isshiki-san wants to know about love.
arakawa under the bridge,3,229,
sunoharasou no kanrinin-san,3,229,
codename: kids next door,3,229,
shachiku succubus no hanashi,3,229,
hasbro,3,229,
nichijou kamoshirenai,3,229,
valkyrie connect,3,228,
shin megami tensei ii,3,228,
paper mario 64,3,228,
gundam thunderbolt,3,228,
senran kagura burst,3,228,
tasogare otome x amnesia,3,228,
cue!,3,228,
zegapain,3,228,
trouble spirit!,3,228,
ruridragon,3,227,ruri dragon
searching for a world that doesn't exist,3,227,
30 minutes sisters,3,227,
freedom planet,3,227,
doom (2016),3,227,
ring dream,3,227,
majin tantei nougami neuro,3,227,
dewprism,3,227,
capcom vs. snk,3,227,capcom vs snk
monster hunter 3,3,227,
capcom vs. snk 2,3,227,capcom vs snk 2
gagraphic,3,226,
mega man 11,3,226,
hakoiri musume,3,226,
high school dxd hero,3,226,
ace combat 7,3,226,
five star stories,3,225,
witch watch,3,225,
tokyo necro,3,225,
rokka no yuusha,3,225,rokka: braves of the six flowers
dexter's laboratory,3,225,
kanojo x kanojo x kanojo,3,225,
luminous arc,3,225,
daten keikaku,3,225,
otomedius,3,225,
jianxia qingyuan (series),3,225,jx online
beautiful gunbari,3,225,
i-chu,3,225,
ultraman gaia (series),3,225,
ghost sweeper mikami,3,225,
koi ni naritai aquarium,3,225,
mahou shoujo lucifer ouka,3,224,
shuumatsu nani shitemasu ka?,3,224,
clinical trial (game),3,224,
hajime (idolmaster),3,224,
avengers: endgame,3,224,
kyuuketsuki sugu shinu,3,224,the vampire dies in no time
wild arms xf,3,224,
t.m.revolution,3,224,
imouto ga bun retsu shita.,3,224,
ao no hako,3,223,"ao no hako (wsj),blue box (manga)"
station memories,3,223,
resident evil - code: veronica,3,223,resident evil code: veronica
.hack//games,3,223,
bunny and fox world,3,223,
scarlet weather rhapsody,3,223,
tongkkangi,3,223,
touran-sai,3,223,
benesse,3,223,
tenjou tenge,3,223,
shadowverse flame,3,223,
seiken no blacksmith,3,223,
lunar,3,222,
katamari damacy,3,222,
the magnus archives,3,222,
dankira!!!,3,222,
liar dancer (synthesizer v),3,222,
ai shite! homun,3,222,
passion (manhwa),3,222,
pixiv fate/grand order contest 1,3,222,
yondemasu yo azazel-san.,3,222,
zenbu kimi no sei,3,222,
phantasy star online,3,222,
karaoke manekineko,3,221,
transformers unicron trilogy,3,221,
poppy playtime,3,221,
granado espada,3,221,
tayutama,3,221,
shuumatsu no izetta,3,221,
monster hunter x,3,221,
sengoku musou 3,3,221,samurai warriors 3
mario power tennis,3,221,
tetsuwan birdy,3,221,
advance wars,3,221,
the king of fighters 2001,3,221,
bunny suit planning,3,221,
super mario bros. 3,3,221,
akb48,3,221,
lol comics,3,221,
alice in wonderland (disney),3,220,
han'you no yashahime,3,220,
musunde hiraite rasetsu to mukuro (vocaloid),3,220,close and open demons and the dead (vocaloid)
itazuraguma no gloomy,3,220,gloomy the naughty grizzly
v-dere,3,220,
kashimashi,3,220,
boku to koi suru ponkotsu akuma.,3,220,koikuma.
akarui kioku soushitsu,3,220,
2018 fifa world cup,3,220,
shinsougumi,3,220,
horse race tests,3,220,
solatorobo,3,220,
jianxia qingyuan online 3,3,220,
toaru majutsu no index: imaginary fest,3,220,
persona 4 revival,3,219,
moana (movie),3,219,
zeno (game),3,219,
huniepop,3,219,
epic battle fantasy,3,219,
monster high (g1),3,219,
macross delta: zettai live!!!!!!,3,219,
mountain dew,3,219,
ice cream kanojo,3,219,
idolmaster side-m live on stage!,3,219,
metal slug attack,3,219,
gunvolt chronicles luminous avenger ix,3,219,
godzilla: king of the monsters,3,219,
bad girl (manga),3,219,
knights of guinevere,3,218,
idolmaster stella stage,3,218,
odds & ends (vocaloid),3,218,
gigo,3,218,
majo no ie,3,218,
samurai champloo,3,218,
aurora flower (love live!),3,218,
tell your world (vocaloid),3,218,
thunderbolt fantasy,3,217,
papico (ice cream),3,217,
mondaiji-tachi ga isekai kara kuru sou desu yo?,3,217,problem children are coming from another world aren't they?
the hunchback of notre dame (disney),3,217,
kamikaze kaitou jeanne,3,217,
ufo robo grendizer,3,217,
flying witch,3,217,
r.o.d the tv,3,217,
strike witches 1991,3,217,
akane-iro ni somaru saka,3,217,
spy kyoushitsu,3,216,spy classroom
devilman crybaby,3,216,
ben 10: alien force,3,216,
grand chase,3,216,
game of thrones,3,216,
lol -lots of laugh- (vocaloid),3,216,
jinhongi,3,216,
hai to gensou no grimgar,3,216,
astrae oratio,3,216,
romancing saga 3,3,216,
comp h's,3,215,
rimworld,3,215,
emiya-san chi no kyou no gohan,3,215,today's menu for the emiya family
majo no ochakai,3,215,
one piece film: gold,3,215,
book off,3,215,
shin megami tensei iv,3,215,
mugen senshi valis,3,215,
binbougami ga!,3,215,
pia carrot e youkoso!! 3,3,215,
haou taikei ryuu knight,3,215,
nandemo iu koto wo kiite kureru akane-chan (voiceroid),3,215,
castlevania: order of ecclesia,3,214,
zenkoku seifuku bishoujo grand prix,3,214,
the weaker sex 1 (gibson),3,214,"the forester ""which girl"" (meme)"
transformers: japanese generation 1,3,214,
tuyu (band),3,214,
nagato yuki-chan no shoushitsu,3,214,
hotel transylvania,3,214,
kimi ni todoke,3,214,
phantasy star universe,3,214,
futakoi,3,214,
indivisible,3,214,
kill bill,3,213,
scream (movie),3,213,
burn the witch,3,213,
rail wars!,3,213,
comic x-eros,3,213,
machine-doll wa kizutsukanai,3,213,
algorhythm project,3,213,
akatsuki no goei,3,213,
tetoris (synthesizer v),3,213,
shinkansen henkei robo shinkalion,3,213,
onegai twins,3,213,
seisenki iris,3,213,
spider-man: brand new day,3,212,
milky subway,3,212,milky highway
comiket 84,3,212,c84
final fantasy xiii-2,3,212,
tejina senpai (series),3,212,
otoyomegatari,3,212,
shiraken! shiranai koto kenkyukai,3,212,
hisabisa ni atta osananajimi ga iroiro to seichou shiteirunoni nounai dake seichou shiteinakute douyou shiteiru,3,212,
kyuusaikei v-ttara messiah-chan,3,212,
metal gear solid: peace walker,3,212,metal gear solid peace walker
doctor strange (series),3,212,
senran kagura peach beach splash,3,212,
namco x capcom,3,212,
donpachi (series),3,211,
neopets,3,211,
summer memories,3,211,
hito mania (utau),3,211,
a date with death,3,211,
hotline miami,3,211,
koufuku graffiti,3,211,
kaii shoukougun,3,211,
tate no yuusha no nariagari rerise,3,211,
kaitou saint tail,3,211,
taito,3,211,
daiteikoku,3,211,
pokemon: lucario and the mystery of mew,3,210,pokemon m08
final fantasy brave exvius,3,210,
the flash (series),3,210,
star fox adventures,3,210,
umi monogatari,3,210,
smiling friends,3,210,
korekara no someday,3,210,
gekijouban hibike! euphonium,3,209,
engage kiss,3,209,
ten (manga),3,209,
sakura quest,3,209,
words worth,3,209,
selector wixoss,3,209,
tree of savior,3,209,
knight lamune & 40 (series),3,209,
sen'yuu.,3,209,senyuu. (series)
sword of convallaria,3,209,
the legend of zelda: the minish cap,3,209,
nogizaka haruka no himitsu,3,209,haruka nogizaka's secret
koisuru (otome) no tsukurikata,3,208,
the elder scrolls iv: oblivion,3,208,
dogs: bullets & carnage,3,208,
juusenki l-gaim,3,208,
lethal company,3,208,
gakusen toshi asterisk,3,208,
do! do! do! (love live!),3,208,
pair tabi skinship,3,208,
queen's blade white triangle,3,208,
mahou shoujo (raita),3,208,
seisenki valkyrie sisters,3,207,
resident evil 0,3,207,
toushinden,3,207,
bloodlight (nyantcha),3,207,
fuuto tantei,3,207,
zone of the enders: the 2nd runner,3,207,"anubis: zone of the enders,zone of the enders 2"
vivy: fluorite eye's song,3,207,
touhou sangetsusei,3,207,
kemono friends pavilion,3,207,
jock studio (blits games),3,207,
galhound,3,207,
okujou no yurirei-san,3,207,
half-life 2,3,206,
hakuchuumu no aojashin,3,206,"cyanotype daydream,cyanotype daydream -the girl who dreamed the world-"
mighty morphin power rangers,3,206,
monster hunter 4,3,206,
asdfmovie,3,206,
mass effect 3,3,206,
jikkyou powerful soccer,3,206,
sengoku musou 4,3,206,samurai warriors 4
ai scream! (love live!),3,205,
wreck-it ralph,3,205,
ben 10: omniverse,3,205,
kimi no kokoro wa kagayaiteru kai?,3,205,
touhou mystia's izakaya,3,205,
bakuten shoot beyblade,3,205,"beyblade: g-revolution,beyblade: v-force"
lusterise,3,205,
ip police tsuduki-chan,3,205,ip police tsuduki chan
kyou wa kanojo ga inai kara,3,205,my girlfriend's not here today
mahoraba,3,205,
true tears,3,205,
yu-gi-oh! rush duel,3,204,
evolution championship series,3,204,
rojiura satsuki: chapter heroine sanctuary,3,204,
fata morgana no yakata,3,204,the house in fata morgana
magical astronomy,3,204,
mortal kombat 1 (2023),3,204,
gag manga biyori,3,204,
steins;gate: linear bounded phenogram,3,204,
kira-kira sensation!,3,204,
pixiv fantasia wizard and knight,3,204,
kero kero keroppi,3,203,
2022 fifa world cup,3,203,
kibou no chikara ~otona precure '23~,3,203,power of hope: precure full bloom
touhou bougetsushou,3,203,
junketsu duelion,3,203,
left 4 dead 1,3,203,
red dead redemption 2,3,202,
mahou shoujo ai,3,202,
kamen rider zeztz (series),3,202,
tensei shitara dai nana oji datta no de: kimama ni majutsu o kiwamemasu,3,202,i was reincarnated as the 7th prince so i can take my time perfecting my magical ability
henry stickmin (series),3,202,
swapnote,3,202,
aggressive retsuko,3,202,
splatoon (manga),3,202,
captain earth,3,202,
aquarian age,3,202,
vimalion pro,3,201,
utawarerumono: lost flag,3,201,
poker fate,3,201,
zero kara hajimeru mahou no sho,3,201,grimoire of zero
lotus eaters,3,201,
yume no tobira,3,201,
sengoku saga,3,201,
gangsta,3,201,
c2 kikan,3,200,
hanayamata,3,200,
otome domain,3,200,
mahou reiki magisphere,3,200,
devil summoner: raidou kuzunoha vs the soulless army,3,200,
svc chaos,3,200,
harukana receive,3,200,
love lab (manga),3,200,
kingdom (manga),3,200,kingdom (series)
pita ten,3,200,
namiuchigiwa no muromi-san,3,200,
bikkuriman,3,200,
happy mille-feuille (idolmaster),3,199,
no.1 sentai gozyuger,3,199,
sonic x,3,199,
sonic x shadow generations,3,199,
hoshizora no memoria,3,199,
mofumofu channel,3,199,
mad max,3,199,
ragnador,3,199,
persona 4: the ultimax ultra suplex hold,3,199,
you can eat the girl,3,199,
narutaru,3,199,shadow star (series)
shining tears,3,199,
greaseberries,3,199,
ai the somnium files: nirvana initiative,3,198,
mahou senshi lemmtear knights,3,198,
veil (manga),3,198,
lout of count's family,3,198,trash of the count's family
miracreation,3,198,
kouya no kotobuki hikoutai,3,198,
kotobukiya,3,198,
phoenix wright: ace attorney - justice for all,3,198,
madan no ou to vanadis,3,198,
kokoro connect,3,198,
menhera-chan (ezaki bisuko),3,197,wrist-cut transformation subculture menhera
100th black market,3,197,
kotoura-san,3,197,
senjou no valkyria 2,3,197,
orangina,3,197,
da capo iv,3,197,
super gt,3,197,
.hack//link,3,197,
trinity seven,3,197,
pokemon the movie: the power of us,3,197,pokemon m21
doctor who,3,197,
gunxsword,3,196,
mahou tsukai to kuroneko no wiz,3,196,wizard and black cat wiz
priapus,3,196,
parappa the rapper,3,196,
yume oukoku to nemureru 100-nin no ouji-sama,3,196,"100 sleeping princes and the kingdom of dreams,yume-100,yume100"
chikanoko,3,196,
ladybug (love live!),3,196,
konami,3,195,
shin sakura taisen,3,195,
five nights at freddy's 2,3,195,
yowa yowa sensei,3,195,
sangatsu no lion,3,195,
bakuman,3,195,
inari konkon koi iroha.,3,195,
black cat (series),3,195,
sonic channel,3,195,
dragon: marked for death,3,195,
command & conquer: red alert,3,195,command and conquer: red alert
megami no cafe terrace,3,195,the cafe terrace and its goddesses
atelier sophie 2,3,194,
dream pool,3,194,the poolrooms
override (synthesizer v),3,194,
mumei (song) (hololive),3,194,
mega man zero 2,3,194,
gensou suikoden iv,3,194,
asagao to kase-san,3,194,kase-san and morning glories
gems company,3,194,
boroboro no elf-san wo shiawase ni suru kusuri uri-san,3,194,
space channel 5,3,194,
mitsuboshi colors,3,194,
seirei gensouki,3,194,
kurenai no buta,3,194,
noble works,3,193,
poppippoo (vocaloid),3,193,popipo (vocaloid)
ys ix: monstrum nox,3,193,ys ix monstrum nox
forsaken (roblox),3,193,
shoushimin series,3,193,
densetsu kyojin ideon,3,193,
what is my life? (love live!),3,193,
robf,3,193,re:bf gaiden ~kyoudan no kage to suna no miko~
inkya gyaru demo ikigaritai!,3,193,
star!! (idolmaster),3,193,
kimi ga aruji de shitsuji ga ore de,3,193,you are the master and the servant is me
d-frag!,3,193,
cross edge,3,193,
ushinawareta mirai wo motomete,3,193,
getbackers,3,193,
octopath traveler 0,3,192,
cat busters,3,192,
project x zone,3,192,
i want you,3,192,
kirby's return to dream land deluxe,3,192,
mega man x8,3,192,
choudenji robo combattler v,3,192,
saikyou tenshi to baito senshi,3,192,
transformers one,3,192,
casshern sins,3,192,
spectral (series),3,192,
senjuushi (series),3,192,
sweet home,3,192,
suika game,3,191,
shangri-la frontier,3,191,
dragon quest yuusha abel densetsu,3,191,
chibi maruko-chan,3,191,
vivi and the magical island,3,191,
rune factory frontier,3,191,
fuufu ijou koibito miman.,3,191,"fuukoi,more than a married couple but not lovers"
nine sols,3,191,
tenchuu,3,191,
harlock saga,3,191,
red: pride of eden,3,191,
nisoku hokou (vocaloid),3,191,two breaths walking (vocaloid)
bra-ban!,3,191,
tsuritama,3,191,
from argonavis,3,191,
sola,3,191,
villainous,3,190,
shin ultraman,3,190,
koukei (idolmaster),3,190,
comiket 86,3,190,c86
daitoshokan no hitsujikai,3,190,
idolmaster va-liv,3,190,
starry sky (game),3,190,
ilog,3,190,
dlsite.com,3,190,
grand sphere,3,190,
summon night 5,3,190,
djmax portable,3,190,dj max portable
koukan nikki,3,190,
persona q (series),3,190,
arc the lad iii,3,190,
etotama,3,190,
otogi-juushi akazukin,3,190,fairy musketeers
nengoku no liese,3,190,
queen (band),3,189,
bereal,3,189,
moero! justice gakuen,3,189,
negative yuusha to maou-gun kanbu,3,189,
touhou spell carnival,3,189,
shin kamen rider,3,189,
sansha san'you,3,189,
seikai no senki,3,189,
hanshin tigers,3,189,
atelier marie,3,189,
motto! haramase! honoo no oppai isekai oppai maid gakuen!,3,189,
lovers (game),3,189,
zeta gundam define,3,189,
afraid of monsters,3,189,
bakuretsu hunters,3,189,
charon universe,3,188,
irisu shoukougun!,3,188,
vershion,3,188,
kagerou days (vocaloid),3,188,
karakuri pierrot (vocaloid),3,188,clockwork clown (vocaloid)
space invaders,3,188,
battle athletes,3,188,
ane naru mono,3,188,
yuusha ou gaogaigar final,3,188,the king of braves gaogaigar final
munou na nana,3,188,
sasha-chan to classmate otaku-kun,3,188,
winter memories,3,188,
final fantasy crystal chronicles,3,188,
karigurashi no arrietty,3,188,
unitia,3,188,
nitro+ chiral,3,187,
huion,3,187,
confessions of a rotten girl (vocaloid),3,187,
uta macross sumaho deculture,3,187,
shadow the hedgehog (game),3,187,
popotan,3,187,
beast wars: transformers,3,187,
mobile legends: bang bang,3,187,
playerunknown's battlegrounds,3,187,
kyokou suiri,3,187,
lost property control organization (samidare),3,187,
resident evil: revelations,3,187,resident evil revelations
isekai tensei shite v ni narimashita,3,187,
kiseijuu,3,187,
vampirella,3,187,
shinigami bocchan to kuro maid,3,186,
sonic heroes,3,186,
arika,3,186,
hisho collection,3,186,
hajimete no gal,3,186,
arc system works,3,186,
stellula eques,3,186,
fate/empire of dirt,3,186,
metroid: other m,3,186,
comiket 85,3,186,c85
girls band cry rpg,3,186,
the kiss,3,186,
old school runescape,3,185,
beastiez,3,185,
sankarea,3,185,
maburaho,3,185,
digital devil saga,3,185,
rhythm tengoku miracle stars,3,185,rhythm heaven groove
assassin's creed,3,185,
moechakkafire,3,185,
divine heart makina,3,185,
otomari koibito lolita,3,185,
wikipedia,3,185,
mario kart 8,3,185,mario kart 8 deluxe
etra-chan wa mita!,3,185,etra-chan saw it!
unlight,3,185,
nekojishi,3,185,
live a live,3,185,
tales of the world,3,184,
love live! school idol festival 2,3,184,
seimetsu reiki etherea,3,184,
danbooru (site),3,184,
warui ga watashi wa yuri janai,3,184,
tenkuu no escaflowne,3,184,
sesame street,3,184,
love-bullet,3,184,
unknown mother goose (vocaloid),3,184,
servant x service,3,184,
plastic memories,3,184,
jurassic world,3,184,
saijaku muhai no bahamut,3,184,
pokemon colosseum,3,184,
mary skelter,3,184,
black panther (series),3,183,
suicide boy,3,183,
joker (2019),3,183,
parasite eve i,3,183,
dragon ball minus,3,183,
neko to chiyo,3,183,
chihayafuru,3,183,
lovely x cation 2,3,183,
ero condo,3,183,
kurogane no linebarrel,3,183,
guilty gear 2,3,183,
a3!,3,183,
meccha chameleon,3,182,
reddit,3,182,
kimagure temptation,3,182,
bondlive,3,182,
star wars: a new hope,3,182,
lineage 2,3,182,
kiznaiver,3,182,
rgb paw,3,182,
amnesia (idea factory),3,182,
juuni taisen,3,182,
kimi to kanojo to kanojo no koi.,3,181,"totono,you and me and her: a love story"
lagtrain (vocaloid),3,181,lag train (vocaloid)
kaizoku sentai gokaiger,3,181,
touhou hero of ice fairy,3,181,
weiss schwarz,3,181,
lilith-soft,3,181,
under night in-birth 2 sys:celes,3,181,
ryouran! victory road (love live!),3,181,ryouran! victory road (love live)
rick and morty,3,181,
majo to hyakkihei,3,181,
houou senki maimu,3,181,
ikkitousen great guardians,3,181,
haevest,3,181,
mega man star force 3,3,181,
kyouran kazoku nikki,3,181,
shinmai fukei kiruko-san,3,181,
demento,3,181,
roman (sound horizon),3,181,
kouya no naga samurai,3,181,
soushisouai lolita no seikatsu,3,181,
no brand girls,3,181,
swing!!,3,181,
macross plus,3,181,
surge concerto,3,181,
atelier shallie,3,181,
mega man zero 1,3,180,
rapunzel (fairy tale),3,180,
robot girls z,3,180,
hearts of iron,3,180,
kairaku historie,3,180,
w tails cat,3,180,
felarya,3,180,
watchmen,3,180,
tales of link,3,179,
suki na souzai happyou dragon (utau),3,179,
double spoiler,3,179,
mega man megamix,3,179,
project i,3,179,project [i]
final fantasy fables,3,179,
fila,3,179,
love wing bell,3,179,
bond en,3,179,
harukanaru toki no naka de,3,179,haruka: beyond the stream of time
pastel chime,3,179,
hanamaru youchien,3,179,
kobe shinbun,3,179,
idolmaster platinum stars,3,179,
imouto sae ireba ii,3,179,
sakura taisen ii,3,179,
fantasista doll,3,179,
mofu-mofu after school,3,179,
full moon wo sagashite,3,178,
gouketsuji ichizoku,3,178,
kamen rider black rx (series),3,178,
makai gacha wa kyou mo shibui,3,178,
ace attorney investigations: miles edgeworth,3,178,
kamen rider v3 (series),3,178,
ultra trailer (synthesizer v),3,178,
tokyo mew mew new,3,178,
fossil fighters,3,178,
kure-nai,3,178,
battle spirits: shounen toppa bashin,3,178,
kodoku no gourmet,3,178,
the princess and the frog (disney),3,177,
little goody two shoes,3,177,
akazukin chacha,3,177,
fushigiboshi no futago hime gyu,3,177,
age of empires (series),3,177,
lollipop chainsaw,3,177,
akiba maid sensou,3,177,akiba maid war
sangoku infinity,3,177,
otome function,3,177,
snow fox,3,177,
jiggly girls,3,177,
eternity sword series,3,177,
kemono friends kingdom,3,177,
onii-chan dakedo ai sae areba kankeinai yo ne,3,177,
just be friends (vocaloid),3,177,
pixiv fantasia mountain of heaven,3,176,
tumblr,3,176,
legend of mortal,3,176,
hellboy (comic),3,176,
aikatsu on parade!,3,176,
the ghost in the shell (2026),3,176,
tensai ouji no akaji kokka saiseijutsu,3,176,the genius prince's guide to raising a nation out of debt
ladies versus butlers!,3,176,
north american mythology,3,176,
nageki no bourei wa intaishitai,3,176,let this grieving soul retire!
tales of graces f,3,176,
onna doushi toka arienai desho to iiharu onnanoko wo hyakunichikan de tetteiteki ni otosu yuri no ohanashi,3,176,
ys x: nordics,3,176,ys x nordics
meiji (brand),3,176,
pikmin 2,3,176,
lightning returns: final fantasy xiii,3,176,
sumaga,3,176,
sweethex,3,176,
guilty dragon,3,176,
franken fran,3,176,
paladins,3,176,
kagome no inyoku,3,176,
yakin byoutou,3,176,
shibou yuugi de meshi wo kuu.,3,175,"shibou yuugi de meshi o kuu,shiboyugi: playing death games to put food on the table"
alien nine,3,175,
tamiya incorporated,3,175,
bakugan,3,175,
cartoon network,3,175,
butcher vanity (synthesizer v),3,175,
mega man battle network 6,3,175,
kanojo mo kanojo,3,175,girlfriend girlfriend
the adventures of sherlock holmes,3,175,
osana reimu,3,175,
agarest senki,3,175,
teppen,3,175,
the great ace attorney: adventures,3,175,
alice girls shiny heart,3,175,
michelin,3,175,
equestria girls: rainbow rocks,3,175,
sakura musubi,3,175,
koimonogatari,3,174,
akane-banashi,3,174,
variable geo,3,174,
bubblegum crisis,3,174,
susanghan messenger,3,174,
beelzebub (manga),3,174,
duck hunt,3,174,
netoge no yome wa onna no ko janai to omotta?,3,174,
comic rin,3,174,
oshioki sweetie,3,174,
nyan koi!,3,174,
dancing stars on me!,3,174,
culture japan,3,174,
fullbokko heroes,3,173,
donut hole (vocaloid),3,173,
granblue fantasy versus: rising,3,173,
google chrome,3,173,chrome (browser)
blazblue: cross tag battle,3,173,
sf choujigen densetsu rall,3,173,
kikou souseiki mospeada,3,173,
trojan green asteroid,3,173,
mospeada,3,173,
kung fu panda,3,173,
immaterial and missing power,3,173,
fallout 3,3,173,
osu! tatakae! ouendan,3,173,
seizon honnou valkyria (idolmaster),3,173,
sisters ~natsu no saigo no hi~,3,173,
teekyuu,3,173,
ai yori aoshi,3,173,
rayman (series),3,173,
yuusha no kuse ni namaiki da,3,173,what did i do to deserve this my lord?
kishuku gakkou no juliet,3,173,
coyote ragtime show,3,173,
hoshizora e kakaru hashi,3,173,
better call saul,3,172,
vanitas no carte,3,172,
kimi ga hoeru tame no uta wo,3,172,"howling song for husky girl,kimi ga hoeru tame no uta o"
aquarium (visual novel),3,172,
muppets,3,172,
takane-san to arashi-chan,3,172,
shingeki no bahamut: genesis,3,172,
amakano ~second season~,3,172,
the creation of adam,3,172,
yi er fan club (vocaloid),3,172,
rosenkreuzstilette,3,172,
brown dust,3,172,
trigun maximum,3,171,
kaifuku jutsushi no yarinaoshi ~sokushi mahou to skill copy no chouetsu heal~,3,171,
yostar,3,171,
mamahaha no tsurego ga moto kano datta,3,171,
tokimeki no mirai chizu,3,171,tokimeki roadmap to future
beatmania iidx 19 lincle,3,171,
chase! (love live!),3,171,
sentou mecha xabungle,3,171,
arslan senki,3,171,
freedom planet 2,3,171,
thomas the tank engine (series),3,170,
one piece fan letter,3,170,
mahou shoujo lyrical nanoha a's portable: the gears of destiny,3,170,
afk arena,3,170,
the binding of isaac,3,170,
vdonburi,3,170,
pixiv fantasia revenge of the darkness,3,170,
duel masters (classic),3,170,
super robot wars og saga mugen no frontier exceed,3,170,
mahou shoujo suzune magica,3,170,"puella magi suzune magica,suzune magica"
littlest pet shop,3,170,
nagasarete airantou,3,170,
singing! (k-on!),3,170,
dimension w,3,170,
needless,3,170,
love je t'aime,3,170,
romancing saga minstrel song,3,170,
corrector yui,3,170,
bunnystein fantasy,3,170,
triage x,3,170,
raging loop,3,169,
karaoke iko!,3,169,
haconect,3,169,
latale,3,169,
mass effect 2,3,169,
miiverse,3,169,
kirby's adventure,3,169,
tokimeki memorial girl's side 4th heart,3,169,
summon night 4,3,169,
the king of fighters '97,3,169,
wonder festival 2007,3,169,
grandia ii,3,169,
tsumi no hahen (debris),3,169,
yumeutsutsu re:master,3,169,
angelic angel,3,169,
shin sangoku musou 4,3,169,dynasty warriors 5
cutie panther,3,169,
x-men: the animated series,3,169,
yomawari (series),3,169,
omega sisters,3,169,
deathsmiles,3,168,
pikmin 3,3,168,
chargeman ken!,3,168,
tekken 5,3,168,
a deer of nine colors,3,168,
nhk (broadcaster),3,168,nippon housou kyoukai
mahoutsukai rose no sado life,3,168,
yuuki yuuna wa yuusha de aru: hanayui no kirameki,3,168,
el shaddai,3,168,
rock 'n' rock 'n' beat,3,167,
rance quest,3,167,
sekaiju no meikyuu hd,3,167,
getter robo (classic),3,167,getter robo (1st series)
sekaiichi kawaii watashi (idolmaster),3,167,
mahou shoujo lyrical nanoha reflection,3,167,
toaru majutsu no index: genesis testament,3,167,
lookism,3,167,
charisma house,3,167,
romancing saga re;universe,3,167,
kingdom hearts x,3,167,
makaimura,3,167,
morimens,3,167,
strange creators of outer world,3,167,
makai tenshi djibril 1,3,167,
the hobbit,3,167,
white album,3,167,
tekken 4,3,167,
.hack//tasogare no udewa densetsu,3,167,
fault!!,3,167,
tenshi no inai 12-gatsu,3,167,
shin koihime musou,3,167,
tenkuu no craft fleet,3,167,
kurone no kimochi,3,167,
dust 514,3,166,
golden boy,3,166,
tsukuyomi kurage,3,166,
judge eyes,3,166,judgment (game)
globie,3,166,
robotics;notes dash,3,166,
our battle has just begun!,3,166,
qiang jin jiu,3,166,
onikko hunter tsuina-chan,3,166,
chaos;child love chu chu!!,3,166,chaos;child love chu chu!
koi suru kanojo no bukiyou na butai,3,166,
ai tenshi densetsu wedding peach,3,166,
la corda d'oro,3,166,
shoukan yuusha to f-kei kareshi,3,166,
zookeepers (diva),3,166,
majestic prince,3,166,
criminal girls,3,166,
solo leveling: arise,3,166,
mad father,3,165,
the wizard of oz,3,165,the wonderful wizard of oz
monster hunter stories 2: wings of ruin,3,165,
sawaranaide kotesashi-kun,3,165,
shin megami tensei i,3,165,
shaft (company),3,165,
hypnotic convenience store (mankai kaika),3,165,
after (game),3,165,
tokimeki memorial 4,3,165,
kujibiki unbalance,3,165,
pure pure,3,165,
mario strikers (series),3,165,
pieta,3,165,
american psycho,3,164,
beyblade: burst,3,164,
gundam card builder,3,164,
honeyworks,3,164,
project diva extend,3,164,
suki! yuki! maji magic (vocaloid),3,164,love! snow! really magic! (vocaloid)
motto! haramase! honoo no oppai isekai chou ero succubus gakuen!,3,164,
heybot!,3,164,
little princess,3,164,
senjuushi: the thousand noble musketeers,3,164,
monster hunter frontier,3,164,
aoi ch.,3,163,
mushiking,3,163,
shuuen no virche,3,163,virche evermore
dragon ball z dokkan battle,3,163,
neet de otaku na kunoichi to naze ka dousei hajimemashita,3,163,"i'm living with an otaku neet kunoichi,neet kunoichi"
tensei shitara ken deshita,3,163,reincarnated as a sword
himegoto,3,163,
super robot wars x-omega,3,163,
lofi girl (youtube),3,163,
kokoro (vocaloid),3,163,
sora no iro mizu no iro,3,163,
touka gettan,3,163,
puyopuyo fever,3,163,
momotarou,3,162,
shingeki no school castes,3,162,
shin megami tensei iv final,3,162,shin megami tensei iv: apocalypse
prima doll (anime),3,162,
persona 3: dancing moon night,3,162,persona 3: dancing in moonlight
comiket 87,3,162,c87
mario party,3,162,
romance of the three kingdoms,3,162,
ultraman nexus (series),3,162,
starry night (van gogh),3,162,
gunslinger stratos,3,162,
ochikazuki ni naritai miyazen-san,3,162,miss miyazen would love to get closer to you
animal (vocaloid),3,162,
mystical power plant,3,162,
devil may cry 2,3,162,
souzou forest (vocaloid),3,162,imaginary forest (vocaloid)
panel de pon,3,162,
zoids chaotic century,3,162,
mahou shoujo holowitch!,3,162,
future card buddyfight,3,162,
angry birds,3,162,
toriko (series),3,161,
gen'ei wo kakeru taiyou,3,161,"day break illusion,genei wo kakeru taiyou"
shin getter robo,3,161,
sonic rush adventure,3,161,
obey me! (series),3,161,
peace@pieces,3,161,
ore no kanojo to osananajimi ga shuraba sugiru,3,161,
knight's & magic,3,161,
bishoujo mangekyou ibun: yuki onna,3,161,
sunny day song,3,161,
mushihimesama,3,161,
pressure (roblox),3,161,
danjo no yuujou wa seiritsu suru?,3,161,can a boy-girl friendship survive?
misskey.io,3,161,
nvidia,3,160,
john wick,3,160,
the boy who fell,3,160,
miku miku ni shite ageru (vocaloid),3,160,i'll miku-miku you (for reals) (vocaloid)
sd gundam g generation,3,160,
fumetsu no anata e,3,160,to your eternity
tsui no sora,3,160,
sora no kiseki fc,3,160,
i can friday by day!,3,160,
commando (movie),3,160,
suisai sekai,3,160,
boy's club,3,160,
hanebado!,3,160,
hakurei frontier spell strive,3,160,
"dateless bar ""old adam""",3,160,
himegami kagura,3,160,
hoshikuzu telepath,3,160,stardust telepath
altered pink,3,159,
the legend of zelda: oracle of seasons,3,159,
cool doji danshi,3,159,play it cool guys
kyoukai no rinne,3,159,
sentinel girls,3,159,"marfusha,snezhinka: sentinel girls 2"
little twin stars,3,159,
mahou shoujo ikusei keikaku limited,3,159,
kadokawa,3,159,
age of empires ii,3,159,
last exile: gin'yoku no fam,3,159,
happy saint sheol,3,159,
aohada bocchi,3,159,
flyable heart,3,159,
eternal arcadia,3,159,
ushio to tora,3,159,
triple baka (vocaloid),3,158,
shin sekaiju no meikyuu,3,158,
marvel snap,3,158,
shift up,3,158,
comic megastore,3,158,
proof (love live!),3,158,
uniqlo,3,158,
shovel knight,3,158,
taishou yakyuu musume,3,158,
strike witches 1940,3,158,
muv-luv alternative (anime),3,158,muvluv alternative (anime)
fragaria memories,3,158,
metroid prime 2: echoes,3,157,
toei company,3,157,toei animation
resonance solstice,3,157,
koi to senkyo to chocolate,3,157,
yotsunoha,3,157,
dive! (love live!),3,157,
baskin-robbins,3,157,
yaiteru futari,3,157,how to grill our love
pirates of the caribbean,3,157,
ultraman z (series),3,157,
danganronpa another: another despair academy,3,157,
horizon (game),3,157,
comiket 98,3,157,c98
hajime no ippo,3,157,
traffic life series,3,156,
my chemical romance,3,156,
suiheisen made nan mile?,3,156,
tropical kiss,3,156,
oneechanbara,3,156,
bakuretsu tenshi,3,156,
magical halloween,3,156,
koi ni kanmi o soete,3,156,
hinabita,3,156,
shinsei kamattechan,3,156,
ace combat zero,3,156,
barakamon,3,156,
atlantis: the lost empire,3,156,
alicesoft,3,155,
w.i.t.c.h.,3,155,
fighting my way (idolmaster),3,155,
sentouin hakenshimasu!,3,155,
nademonogatari,3,155,
yokohama dena baystars,3,155,
comiket 81,3,155,c81
top gun,3,155,
sukinako ga megane wo wasureta,3,155,
aster tatariqus,3,155,
acchi kocchi,3,155,
el cazador de la bruja,3,155,
kangoku senkan,3,155,
mana khemia (series),3,155,
heart no kuni no alice,3,155,alice in the country of hearts
counter-strike 2,3,155,counter-strike: global offensive
mm!,3,155,
shakunetsu no takkyuu musume,3,155,
inside out,3,155,
omc,3,155,
fullmetal alchemist the movie: conqueror of shamballa,3,154,
five nights at freddy's 1,3,154,
kingdom hearts: chain of memories,3,154,kingdom hearts chain of memories
the matrix,3,154,
pink floyd,3,154,
obey me!: one master to rule them all!,3,154,
urashimasakatasen,3,154,
coral island,3,154,
tanaka the wizard,3,154,
kamen rider stronger (series),3,154,
company of heroes,3,154,
basquash!,3,154,
seven knights,3,154,
silent sinner in blue,3,154,
daibouken! yukeyuke osawari island,3,154,
le sserafim,3,153,
the prophecies begin,3,153,
toaru majutsu no index: endymion no kiseki,3,153,
monster hunter world: iceborne,3,153,
rinrinne,3,153,
the last of us,3,153,
tsukimonogatari,3,153,
granblue fantasy: relink,3,153,
.hack//sign,3,153,
koharu and minato,3,153,
murenase! shiiton gakuen,3,153,
project upd8,3,153,
kyousougiga,3,153,
bashamichi,3,153,
kusari hime: euthanasia,3,153,
the smoke room,3,153,
idol (yoasobi),3,152,
ufotable,3,152,
dc animated universe,3,152,
impossible spell card,3,152,
azur promilia,3,152,
precure all stars new stage: mirai no tomodachi,3,152,
1000-nen ikiteru (vocaloid),3,152,living millennium (vocaloid)
shining blade,3,152,
lost ark,3,152,
super mario world 2: yoshi's island,3,152,
hop step jumpers,3,152,
fairytale police hoe department,3,152,
under night in-birth exe:late[st],3,152,
sweet devil (vocaloid),3,152,
tekkaman blade,3,152,
castlevania (netflix),3,151,
my emo crush,3,151,
sword world,3,151,
bibbidiba (hololive),3,151,bibideba (hololive)
tokyo xanadu,3,151,
cars (movie),3,151,
arena of valor,3,151,"realm of valor,strike of kings"
shigofumi,3,151,
mujin wakusei survive,3,151,uninhabited planet survive!
2010 fifa world cup,3,151,
mega man battle network 5,3,151,
tombow mono,3,151,
tengen toppa gurren lagann: parallel works,3,151,
silverlight,3,151,
bleach: turn back the pendulum,3,151,
mahou shoujo kazumi magica,3,151,"kazumi magica,puella magi kazumi magica"
a nightmare on elm street,3,150,
shin megami tensei: strange journey,3,150,
girl with a pearl earring,3,150,
koiiro soramoyou,3,150,
apt. (rose & bruno mars),3,150,
dokidoki sister aoi-chan,3,150,
fuurai no shiren,3,150,shiren the wanderer
ways of darkness (series),3,150,
frozen soul,3,150,dream game
perfume (takanashi kiara),3,150,
akudama drive,3,150,
to heart 2 xrated,3,150,
panzer waltz,3,150,
wanmei shijie,3,150,
the caves of steel,3,150,
girlish number,3,150,
borderlands 2,3,150,
decadence (anime),3,150,
star wars: visions,3,150,
miitopia,3,150,
tear ring saga,3,150,
domestic na kanojo,3,150,domestic girlfriend
r-type,3,150,
retrospective 53 minutes,3,149,
wuhua mixin,3,149,
boku no risou no isekai seikatsu,3,149,
rock wa lady no tashinami deshite,3,149,rock is a lady's modesty
shoujo rei (vocaloid),3,149,ghost girl (vocaloid)
kingdom hearts 3d: dream drop distance,3,149,kingdom hearts 3d dream drop distance
wake up girls! stage no tenshi,3,149,
sunfaded (idolmaster),3,149,
monster musume no oisha-san,3,149,
sounan desuka?,3,149,
joshi kousei,3,149,
cube x cursed x curious,3,149,
haks,3,149,
kono yuusha ga ore tueee kuse ni shinchou sugiru,3,149,
ecstas online,3,149,
quilt (game),3,149,
demons roots (series),3,148,
devil may cry (netflix),3,148,
eden's ritter grenze,3,148,
kikai sentai zenkaiger,3,148,
youkai watch 3,3,148,
full metal jacket,3,148,
mito and kaede,3,148,
cherry pop (vocaloid),3,148,
nijiyon,3,148,
mirai akari's new virtual youtuber illustration contest,3,148,
da capo iii,3,148,
mugen no fantasia,3,148,
one piece film: z,3,147,
pocket mirror,3,147,
bluey,3,147,
phantasm,3,147,
fukkireta,3,147,ochame kinou
ohsama sentai king-ohger,3,147,
saikin kokuhaku wo kotowatta bakari no kouhai joshi ga gimai ni natteshimatta,3,147,
joukamachi no dandelion,3,147,castle town dandelion
sonic riders,3,147,
senjou no valkyria 4,3,147,
sonic prime,3,147,
annie mei project,3,147,
silver rain,3,147,
itoko no onee-chan ni amaechau?,3,146,
calamity (terraria mod),3,146,
sonic the hedgehog 3 (movie),3,146,
disney princess,3,146,
eiyuu senki ww,3,146,
tamagotchi plus,3,146,tamagotchi connection
beatmania iidx 20 tricoro,3,146,
akujiki musume conchita (vocaloid),3,146,"beelzebub party (vocaloid),evil food eater conchita (vocaloid)"
fuwafuwa time,3,146,
kemeko deluxe,3,146,
futsuu no joshikousei ga locodol yattemita,3,146,
samurai jack,3,146,
prism magical,3,146,
tamatoys,3,146,
g-taste,3,146,
shukufuku no campanella,3,146,
twitch plays pokemon,3,146,
ultrakill,3,145,
final fantasy vii revelation,3,145,
deepness (love live!),3,145,
ender magnolia bloom in the mist,3,145,
majime na kouhai kara kairaku zeme sareru nante kiitenai!,3,145,
dancouga (series),3,145,
mortal kombat 11,3,145,
sakura dungeon,3,145,
sankyuu pitch,3,145,strikeout pitch
ajin (sakurai gamon),3,145,
the scream,3,145,
j. league,3,145,
mega man zero 4,3,145,
gunparade march,3,145,
absolute duo,3,145,
i do me! (love live!),3,145,
saint seiya: the lost canvas,3,145,
mario kart wii,3,145,
kindaichi shounen no jikenbo,3,145,the kindaichi case files
x-men origins: wolverine,3,145,
grisaia battlefield barcarolle,3,145,
noir (anime),3,145,
wagaya no oinari-sama,3,145,
gouma reifuden izuna,3,145,
dino crisis,3,144,
minna no rhythm tengoku,3,144,
the king of fighters 2002,3,144,
nijigen project,3,144,
natsumeki pain,3,144,
youkai watch jam: youkai gakuen y,3,144,
metroid prime 4: beyond,3,144,
asgard,3,144,
pixellink,3,144,
mario & luigi: superstar saga,3,144,
clockwork rabbit,3,144,
shadow hearts ii,3,144,
shinma x keishou! ragnabreak,3,144,
oretachi ni tsubasa wa nai,3,144,
kof: maximum impact,3,144,
mega man 3,3,144,
gakkou de seishun!,3,144,
date a live: date a bullet,3,144,
hakuchu a la mode,3,144,
pokemon conquest,3,144,
gensokyo night festival,3,144,
renri no chigiri wo kimi to shiru,3,144,
playboy,3,143,
akiba's trip,3,143,
heroes of order,3,143,
hige wo soru. soshite joshikousei wo hirou.,3,143,higehiro
ark survival evolved,3,143,
chloris garden,3,143,
amakano 3,3,143,
haruru minamo ni!,3,143,
h2o footprints in the sand,3,143,
gokujou seitokai,3,143,
yatagarasu (game),3,143,
the bad guys (movie),3,143,
the legend of zelda: oracle of ages,3,142,
james cameron's avatar,3,142,
apocalypse hotel,3,142,
miku with you (vocaloid),3,142,
vcr gta,3,142,
girls und panzer gekitou! maginot-sen desu!!,3,142,
shiunji-ke no kodomotachi,3,142,the shiunji family children
tokyo ravens,3,142,
mad max: fury road,3,142,
kaede to suzu,3,142,
king of prism by prettyrhythm,3,142,
blazblue: continuum shift,3,142,
soulcalibur iii,3,142,
solty rei,3,142,
music s.t.a.r.t!!,3,142,
saikyou ginga ultimate zero ~battle spirits~,3,142,
men in black,3,142,
neo-traditionalism of japan,3,142,
high school dxd cross,3,142,
erogos,3,142,
sonic forces,3,141,
19 tian,3,141,19 days
taketori monogatari,3,141,the tale of the bamboo cutter
the batman (2022),3,141,
hatsune miku no shoushitsu (vocaloid),3,141,the disappearance of hatsune miku (vocaloid)
momotarou densetsu,3,141,
ampere (love live!),3,141,
teenage mutant ninja turtles (1987),3,141,teenage mutant ninja turtles (80s)
daihatsu,3,141,
waka-chan wa kyou mo azatoi,3,141,
blood-c,3,141,
seifuku kanojo,3,141,
muchigaku,3,141,
yuuwaku namaiki lolita,3,141,
act-age,3,141,
katsugeki/touken ranbu,3,141,
killing magician,3,141,
orix buffaloes,3,141,
scarz,3,141,
ikkitousen dragon destiny,3,141,
dokyuu hentai hxeros,3,141,
black beacon,3,141,
tamayura,3,141,
code geass: dakkan no roze,3,140,
toushin toshi,3,140,
james bond (series),3,140,
jaws (movie),3,140,
langrisser ii,3,140,
shin sangoku musou origins,3,140,dynasty warriors: origins
musou orochi,3,140,warriors orochi
yowamushi mont-blanc (vocaloid),3,140,
ultraman arc (series),3,140,
animate (company),3,140,
m@gical cure! love shot! (vocaloid),3,140,magical cure love shot (vocaloid)
gears of war,3,140,
sonic forces: speed battle,3,140,
hoshi wo miru hito,3,140,
omoide no marnie,3,140,
acfun,3,140,
senyoku no sigrdrifa,3,140,warlords of sigrdrifa
project nebula,3,139,
anemoi,3,139,
the elder scrolls iii: morrowind,3,139,
metal hero,3,139,
gundam seed astray,3,139,
world's end dancehall (vocaloid),3,139,
shironagasu-tou e no kikan,3,139,
mortal kombat 9,3,139,
isekai wa smartphone to tomo ni.,3,139,
super robot wars judgement,3,139,
tama project,3,139,
id : invaded,3,139,id :invaded
kengan (series),3,139,
pocketland,3,139,
bishoujo mangekyou: norowareshi densetsu no shoujo,3,139,
ichiban ushiro no daimaou,3,139,demon king daimao
monogatari series puc puc,3,139,
virtual ant channel,3,138,virtual anto channel
pokemon: the first movie - mewtwo strikes back,3,138,pokemon m01
iron lung (movie),3,138,
chitose-kun wa ramune bin no naka,3,138,
gokushufudou,3,138,
girls creation,3,138,
devil may cry 1,3,138,
guild cq,3,138,
world rally championship,3,138,
ghost of tsushima,3,138,
captain america: the first avenger,3,138,
jubeat,3,138,
mahou shoujo pretty sammy,3,138,
livejupiter (2channel),3,138,
hanayori jyoshiryou,3,138,
comiket 82,3,138,c82
mochipro,3,138,
hypnosis mic: rule the stage,3,138,
pixiv fantasia 2,3,138,
morinaga (brand),3,138,
labyrinth of touhou (series),3,138,
sly cooper (series),3,138,
re:lief ~shin'ai naru anata e~,3,138,
7th dragon 2020-ii,3,138,
ishida to asakura,3,138,
with you,3,138,
winged fusiliers,3,138,
koikishi purely kiss,3,138,
fii-tan the figure,3,138,
venus blade,3,138,
black myth: wukong,3,137,
shinra-bansho (circle),3,137,
ashita no joe,3,137,tomorrow's joe
holohoneygaoka koukou,3,137,
dungeon de ohanatsumi nanka yurushimasen!!,3,137,
circle of inevitability,3,137,
kami-sama no memo-chou,3,137,
maou gakuin no futekigousha,3,136,the misfit of demon king academy
nikki up2u2: world traveller,3,136,
mount celeb kaneda-san,3,136,
dead rising,3,136,
resident evil 7: biohazard,3,136,resident evil 7
demonherd,3,136,
macne series,3,136,
thunderbolts (movie),3,136,
castlevania: nocturne,3,136,
aozora jumping heart,3,136,
avengers: age of ultron,3,136,
starless,3,136,
neko musume michikusa nikki,3,136,
saimin seishidou,3,136,
power stone,3,136,
terra battle,3,136,
super robot wars z1,3,136,
boukun habanero,3,136,
comiket 83,3,136,c83
trigger heart exelica,3,135,
mahou no princess minky momo,3,135,
crymachina,3,135,
bleach: the high school warfare,3,135,
mad rat dead,3,135,
mega man x5,3,135,
mahou girls precure!! ~mirai days~,3,135,"maho girls pretty cure!! ~mirai days~,maho girls pretty cure ~mirai days~,mahou girls pretty cure!! ~mirai days~,mahou girls pretty cure ~mirai days~,mahou tsukai pretty cure!! ~mirai days~,mahou tsukai pretty cure ~mirai days~,mahoutsukai pretty cure!! ~mirai days~,mahoutsukai pretty cure ~mirai days~,witchy precure!! ~mirai days~,witchy precure ~mirai days~,witchy pretty cure!! ~mirai days~,witchy pretty cure ~mirai days~"
holiday holiday (tenko) (love live!),3,135,
mazinkaiser,3,135,
netflix,3,135,
reminiscence,3,135,
space jam,3,135,
tarzan (disney movie),3,135,
akatsuki no kiseki,3,135,
street fighter ex (series),3,135,
digimon adventure: (2020),3,135,digimon adventure:
alia's carnival!,3,135,
ikazuchi no senshi raidy,3,135,
sakura photograph (idolmaster),3,135,
high score girl,3,135,
dance in the vampire bund,3,135,
potemayo,3,135,
utakata,3,135,
prismplus,3,135,
treasure cafe,3,134,
omariposa,3,134,
ultraman geed (series),3,134,
godzilla minus one,3,134,
ryuu ga gotoku 8,3,134,like a dragon: infinite wealth
sket dance,3,134,
makai senki disgaea 7,3,134,
heartsync,3,134,
sakigake!! cromartie koukou,3,134,
honkai: nexus anima,3,134,
gundam exa,3,134,
detective pikachu (movie),3,134,
ikoku meiro no croisee,3,134,
bloodline,3,134,
gugure! kokkuri-san,3,134,
hellsing: the dawn,3,134,
hentai kamen,3,134,
kyonyuu fantasy,3,134,
riviera,3,134,
stardust project,3,134,
doki doki majo shinpan,3,134,
fitness boxing,3,134,
kuromukuro,3,134,
comic tenma,3,134,
dissidia final fantasy opera omnia,3,134,
flesh blood & concrete,3,133,
gamera (series),3,133,
dr.latency's freak report,3,133,
koutetsu jeeg,3,133,
amano megumi wa suki darake!,3,133,
the birth of venus,3,133,
anne happy,3,133,
crazy ones,3,133,
1hp club,3,133,
isekai meikyuu de harem wo,3,133,harem in the labyrinth of another world
horizon zero dawn,3,133,
basilisk (manga),3,133,
seirei tsukai no blade dance,3,133,
soukou senki prism shine,3,133,
gamers!,3,133,
nikushoku jk mantis akiyama,3,133,
tenshi no 3p!,3,133,angel's 3piece!
16bit sensation,3,133,
girls bravo,3,133,
canvas 2,3,133,
incise soul,3,133,
macross zero,3,133,
ranma 1/2 kessen tougenkyou! hanayome wo torimodose!,3,132,
road to ninja: naruto the movie,3,132,naruto: road to ninja
kirby & the amazing mirror,3,132,kirby and the amazing mirror
persona 3 the answer,3,132,persona 3 episode aigis
kirby: right back at ya!,3,132,kirby: right back at ya
demon days (marvel),3,132,
angelic layer,3,132,
ultraman trigger (series),3,132,
senpai wa otokonoko,3,132,
young justice,3,132,
steins;gate: my darling's embrace,3,132,
tomodachi no imouto ga ore ni dake uzai,3,132,
avataro sentai donbrothers,3,132,
full service (mazjojo),3,132,
camp buddy: scoutmaster season,3,132,
hoshi ori yume mirai,3,132,
crusaders quest,3,132,
super robot wars alpha,3,132,
senjou no electro girl,3,132,
the first take,3,132,
gakuen basara,3,132,
futatsu no mokuba (kikuo),3,131,
ultimate nipper,3,131,
koiiro byoutou (vocaloid),3,131,love-colored ward (vocaloid)
sq (series),3,131,tamen de gushi
amatsutsumi,3,131,
tsui no sora (remake),3,131,
shoujo kakumei utena adolescence mokushiroku,3,131,"adolescence of utena,revolutionary girl utena adolescence apocalypse,revolutionary girl utena the movie"
monty python,3,131,
kidou senkan nadesico - prince of darkness,3,131,
akuyaku reijou tensei ojisan,3,131,from bureaucrat to villainess: dad's been reincarnated!
anne of green gables,3,131,
umamusume: star blossom,3,131,
ore no nounai sentakushi ga gakuen love-comedy wo zenryoku de jama shiteiru,3,131,
warioware: get it together!,3,131,
sengoku koihime ~otome kenran sengoku emaki~,3,131,
ikea,3,131,
diablo 3,3,131,
girl's avenue,3,131,
fl studio,3,131,
saw (movie),3,130,
prototype (game),3,130,
battletech,3,130,
seihantai na kimi to boku,3,130,you and i are polar opposites
batman: the animated series,3,130,
phony (cevio),3,130,
nijisanji gta,3,130,
anastasia (1997),3,130,
koushinism,3,130,
chinese mythology,3,130,
shouryuu senki tenmu,3,130,
buta koushaku,3,130,
togainu no chi,3,130,
mimi wo sumaseba,3,130,"mimi o sumaseba,whisper of the heart"
godzilla (2014),3,130,
lv2 kara cheat datta moto yuusha kouho no mattari isekai life,3,130,chillin' in another world with level 2 super cheat powers
deadman wonderland,3,130,
code geass: genesic re;code,3,130,
kirby: squeak squad,3,130,kirby squeak squad
noein,3,130,
meshimase idol,3,130,
bokurano,3,130,
shining star,3,130,
sword oratoria,3,130,
isshuukan friends,3,130,
square live,3,130,
pretty rhythm dear my future,3,130,
riichi city,3,129,
koshotengai no hashihime,3,129,
popful mail,3,129,
zootopia 2,3,129,
cat's eye,3,129,
milk inside a bag of milk inside a bag of milk,3,129,milk outside a bag of milk outside a bag of milk
boku no kanojo wa ningyohime!?,3,129,
ed edd n eddy,3,129,
romeo and juliet,3,129,
fantastic beasts and where to find them,3,129,
abenobashi mahou shoutengai,3,129,magical shopping arcade abenobashi
dragon poker,3,129,
friendly rivalry,3,129,
gradius,3,129,
neo ranga,3,129,
saint october,3,129,
sword art online: hollow fragment,3,129,
megazone 23,3,129,
mamonomusume to no seikatsu ~ramia no baai~,3,129,
yojouhan shinwa taikei,3,129,
princess royale,3,129,
hardcore tano-c,3,128,hardcore tano c
kakuchou shoujo-kei trinary,3,128,
ganso! bang dream chan,3,128,
miffy,3,128,
sonic racing: crossworlds,3,128,
otogi frontier,3,128,
norse mythology,3,128,
circus (studio),3,128,
blue dragon,3,128,
blue period,3,128,
comiket 72,3,128,c72
muv-luv unlimited: the day after,3,128,muvluv unlimited: the day after
demons roots,3,128,
isekai quartet,3,128,
kengan ashura,3,128,
blazblue phase 0,3,128,
hi-fi rush,3,128,
vandread,3,128,
karin (manga),3,128,
cyber v,3,128,
pixiv fantasia 1,3,128,
need for speed,3,127,
monster hunter 3 g,3,127,
awoke (love live!),3,127,
tomb raider (reboot),3,127,
kurai ano ko to shitai koto,3,127,
prism recollection!,3,127,
ginga ojou-sama densetsu yuna,3,127,
angel blade,3,127,
rapunzel's tangled adventure,3,127,tangled: the series
venus eleven vivid!,3,127,
space maria,3,127,
clover point,3,127,
angel chromosome xx,3,127,
dive to zone,3,127,
makai shin trillion,3,127,
asobi asobase,3,127,
marumaru no shuyaku wa wareware da!,3,127,
gokurakugai,3,126,
jimmy neutron (series),3,126,
musekinin shuugoutai (synthesizer v),3,126,
kirby's dream land 2,3,126,
towako (akane shinsha),3,126,
tomie,3,126,
chouon senshi borgman,3,126,
cantarella (vocaloid),3,126,
silent hill 4: the room,3,126,silent hill 4
hiroshima touyou carp,3,126,
strange eden,3,126,
coeiroink,3,126,
memories off 1,3,126,
homestay a la mode,3,126,
castle of cagliostro,3,126,
the noexistencen of you and me,3,126,
famitsu,3,126,
ookami game (studio wasabi),3,126,"okami game (werewolf),werewolf game (studio wasabi),wolf game (studio wasabi)"
ginga hyouryuu vifam,3,126,
stratos 4,3,126,
no-rin,3,126,
genmukan,3,126,
phantom busters,3,125,
parodius,3,125,
robin hood (disney movie),3,125,
mega man 8,3,125,
sonic the fighters,3,125,
violet (ninomae ina'nis),3,125,
kitanai kimi ga ichiban kawaii,3,125,
shin kouchuu ouja mushiking,3,125,
atsumare! fushigi kenkyuubu,3,125,
haze/reverb,3,125,
ogami tsumiki to ki nichijou,3,125,
brave new world (webtoon),3,125,
koukaku no regios,3,125,
milihime taisen,3,125,
ace combat 04,3,125,
gira gira,3,125,
gwent (game),3,125,
fate trigger: the novita,3,125,
captain america: civil war,3,125,
fushigi yuugi,3,125,
uchuu kaizoku captain harlock,3,125,
aniplex,3,125,
date a live: rinne utopia,3,125,
choujuushin gravion,3,125,
v yuusha no kuse ni namaiki da r,3,125,no heroes allowed! vr
yuba no shirushi,3,125,
pixiv azriel,3,125,
mahou shoujo taisen,3,125,magica wars
prism ark,3,125,
kenkon no washi,3,125,
kakkou no iinazuke,3,125,
uq holder!,3,125,
otoca d'or,3,125,
yotsuba no senki clover rose,3,124,
tokidoki bosotto roshia-go de dereru tonari no alya-san puzzle party!,3,124,
pokemon 3: the movie - spell of the unown: entei,3,124,pokemon m03
ice scream,3,124,
grand blue,3,124,
ghost in the shell: sac 2045,3,124,koukaku kidoutai: sac 2045
hollow song of birds,3,124,
windows 2000,3,124,
girls x vampire,3,124,
jingai makyou,3,124,
zenonzard,3,124,
kaze tachinu,3,124,
pumpkin scissors,3,124,
honey and clover,3,124,
sora no kanata no dystopia x shitei,3,124,
making lovers,3,124,
the boondocks,3,123,
the truman show,3,123,
calbee (potato chips),3,123,
mirumo de pon!,3,123,
kirby's dream land,3,123,
otorimonogatari,3,123,
ichigeki sacchuu!! hoihoi-san,3,123,
princess crown,3,123,
hibana (vocaloid),3,123,
obenkyou shitoiteyo,3,123,
tsuyaza no tengu,3,123,
grand theft auto: san andreas,3,123,
1925 (vocaloid),3,123,
mortal kombat x,3,123,
chiccha na watashi (synthesizer v),3,123,
doushitara osananajimi no kanojo ni naremasu ka!?,3,123,how do i turn my best friend into my girlfriend?
journey,3,123,
tobaku haouden zero,3,123,
smooooch,3,123,
youkai hyakki-tan!,3,123,
toraware no kami-sama to tabi no shoujo,3,123,
unhappy refrain (vocaloid),3,123,
huayangshan jishi,3,123,
orguss,3,123,
kamikaze explorer!,3,123,
300 (movie),3,123,
towelket wo mou ichido,3,123,
stellar blade: blood rain,3,122,
don't starve,3,122,
hololive error,3,122,
needy girl overdose (anime),3,122,
ambitious mission,3,122,
boyfriend to death,3,122,
contrast (idolmaster),3,122,
gokukoku no brynhildr,3,122,
aoki ryuusei spt layzner,3,122,blue comet spt layzner
alpaca connect,3,122,
new pokemon snap,3,122,
fearless night,3,122,
godzilla x kong: the new empire,3,122,
tokimeki memorial girl's side 2nd kiss,3,122,
blazblue: calamity trigger,3,122,
serial experiments lain (ps1 game),3,122,
hua jianghu zhi bei mo ting,3,122,
the legend of zelda: four swords,3,122,
phantasy star portable 2 infinity,3,121,
oyasumi punpun,3,121,
kirby's star stacker,3,121,kirby's super star stacker
hanamonogatari,3,121,
tenkaichi nihon saikyou bugeisha ketteisen,3,121,
marriagetoxin,3,121,
girls' generation,3,121,
gundam side story: the blue destiny,3,121,
ura-omote lovers (vocaloid),3,121,"two-faced lovers (vocaloid),two-sided lovers (vocaloid)"
magicami,3,121,
mahou shoujo site,3,121,magical girl site
live union,3,121,
bakemono no ko,3,121,the boy and the beast
sergestid shrimp in tungkang,3,121,
black rock shooter: dawn fall,3,121,black rock shooter (dawn fall)
the last supper,3,121,
grisaia phantom trigger,3,121,
kaku-san-sei million arthur,3,121,
tokyo necro suicide mission,3,121,
chunichi dragons,3,121,
kagaminomachi no kaguya,3,121,
wolf's rain,3,121,
i became a god in a horror game,3,121,
kirisame ga furu mori,3,121,
kaette kita ultraman,3,121,return of ultraman
neon genesis evangelion gakuen datenroku,3,121,
tales of crestoria,3,121,
codename wa sailor v,3,121,codename: sailor v
sutare yume,3,121,obsolete dream
cryamore,3,121,
tsuki wa higashi ni hi wa nishi ni,3,121,
bernard-jou iwaku.,3,121,
seventeen (group),3,120,
kingdom hearts iv,3,120,
silent hill 1,3,120,
witch's island,3,120,
gatchaman,3,120,battle of the planets
umihara kawase,3,120,
zesshaka! shiritsu yotsuwa joshi gakuin zetsumetsu kigu-sha gakka,3,120,
euphoria (clockup),3,120,
steelblue mirage,3,120,
comptiq,3,120,
trinity blood,3,120,
dame x prince,3,120,
jaku-chara tomozaki-kun,3,120,
guild wars (series),3,120,
pink bitch club,3,120,
hajimari wa kimi no sora,3,120,
otokonoko ni nacchatta joshikousei,3,120,
disney fairies,3,120,
shining musume,3,120,
aharen-san wa hakarenai,3,120,aharen-san is indecipherable
hirake! ponkikki,3,120,
sasami-san@ganbaranai,3,120,
hentai elf to majime orc,3,120,
wild flower,3,120,
phantom of inferno,3,120,
ao oni,3,119,
the legend of vox machina,3,119,critical role: campaign i
tako takover (ninomae ina'nis),3,119,
metroid prime 1,3,119,metroid prime remastered
callsign: cedar,3,119,codename: cedar
kamikakushi no eden,3,119,
unionism quartet,3,119,
lost sword: tales of britania,3,119,
kamen rider x (series),3,119,
neko no ongaeshi,3,119,
raving rabbids,3,119,
amakano,3,119,
jojo no kimyou na bouken: eyes of heaven,3,119,
kono naka ni hitori imouto ga iru!,3,119,
otona no moeoh,3,119,
toward the terra,3,119,
magna carta,3,119,
uchi no maid ga uzasugiru!,3,119,
boku no kanojo sensei,3,119,
joker game,3,119,
grimgrimoire,3,119,
jerma985,3,119,
attouteki yuugi mugen souls,3,119,
dororon enma-kun,3,119,
melancholic (vocaloid),3,119,
arms note,3,119,
dora the explorer,3,118,
daiakuji,3,118,
loona (group),3,118,
teen titans go!,3,118,
watashi no tame ni nuginasai!,3,118,
otome kaibou (vocaloid),3,118,otome dissection (vocaloid)
phantom of the opera,3,118,
abbey road,3,118,
hello planet (vocaloid),3,118,
the citadel,3,118,
kiss x sis,3,118,
outer wilds,3,118,
feiren zai,3,118,
kawaikereba hentai demo suki ni natte kuremasu ka?,3,118,
ng knight lamune & 40,3,118,
gankutsuou,3,118,
stranger things,3,118,
torikissa!,3,118,
aoi hana,3,118,
keijo!!!!!!!!,3,118,
koukaku no pandora,3,118,
refrain no chika meikyuu to majo no ryodan,3,117,labyrinth of refrain: coven of dusk
yunyun denpa syndrome,3,117,
rise up high! (love live!),3,117,
internet survivor,3,117,
tetsujin 28-gou,3,117,
turning red,3,117,
genji tsuushin agedama,3,117,
arcturus,3,117,
shiawasena neet no sodatekata,3,117,
mega man battle network (anime),3,117,
metroid (classic),3,117,
the devil and s-13,3,117,
lost technology,3,117,
valkyrie drive -siren-,3,117,
taiyou no kiba dougram,3,117,
otome youkai zakuro,3,117,
paryi project,3,117,
7th dragon iii,3,117,
ragnarok origin,3,117,
raramagi,3,117,
pandora party project,3,117,
the king of fighters 2000,3,116,
ghost rider (series),3,116,
cardcaptor sakura: memory key,3,116,
akai ito,3,116,
dragon age 2,3,116,
dodonpachi saidaioujou,3,116,
samurai sentai shinkenger,3,116,
project diva x,3,116,
page of lambda,3,116,
rune factory 1,3,116,
never gonna give you up,3,116,
himawari no kyoukai to nagai natsuyasumi,3,116,
empty x embryo,3,116,
courage the cowardly dog,3,116,
viper rsr,3,116,
endless monday: dreams and deadlines,3,116,
echoes of vision,3,116,
dungeons & dragons: chronicles of mystara,3,116,"dungeons & dragons: shadow over mystara,dungeons & dragons: tower of doom"
pocahontas (movie),3,116,
kishibe rohan wa ugokanai,3,116,
choo choo train,3,116,
motto! haramase! honoo no oppai chou ero appli gakuen!,3,116,
viprpg,3,116,
ophelia (painting),3,116,
youkoso! sukebe elf no mori e,3,116,
toaru kagaku no accelerator,3,116,
elemental gelade,3,116,
darling dance (vocaloid),3,116,
sei zenra jogakuen,3,116,
mikagura gakuen kumikyoku,3,116,
buta no liver wa kanetsu shiro,3,116,"butareba: the story of a man turned into a pig,heat the pig liver"
gakkou no kaidan (anime),3,116,
taimadou gakuen 35 shiken shoutai,3,116,
puyopuyo 7,3,116,
shocking party,3,116,
ji peng gou you,3,116,
gad guard,3,116,
one piece heroines,3,115,
kamen rider amazon (series),3,115,
magicorps (alterkyon),3,115,
power pro-kun pocket 9,3,115,
tiger division,3,115,
sd gundam gaiden,3,115,
kara no shoujo,3,115,
domino's pizza,3,115,
the milkmaid,3,115,
dune (series),3,115,
private room 2,3,115,
wario land 4,3,115,
kuma kuma kuma bear,3,115,
kubo-san wa mob wo yurusanai,3,115,kubo won't let me be invisible
the memories of phantasm,3,115,
futurama,3,115,
hitozukiai ga nigate na miboujin no yukionna-san to noroi no yubiwa,3,115,the lonely snow widow and the cursed ring
mega man x2,3,115,
sogna,3,115,
american dad!,3,115,
shinobi nightmare,3,115,
sengoku koihime,3,115,
lunar 2: eternal blue,3,115,
brigadoon,3,115,
re:zero kara kasaneru isekai seikatsu,3,115,
bendy and the ink machine,3,114,
fields of mistria,3,114,
anima yell!,3,114,
v-lup,3,114,
windows 11,3,114,
koutsugou semi-friend,3,114,
comiket 80,3,114,c80
where's wally?,3,114,where's wally
synduality,3,114,
sentai daishikkaku,3,114,"go! go! loser ranger!,ranger reject"
star gladiator,3,114,
slayers try,3,114,
suketto sanjou!,3,114,
project luminasys,3,114,
teamfight tactics,3,114,
soushisouai lolita,3,114,
koumajou densetsu 1,3,114,touhouvania 1
.hack//roots,3,114,
sucker for love,3,114,
osawari tantei,3,114,touch detective
momoiro taisen pairon,3,114,
aoi shiro,3,114,
saibai shounen,3,114,mandrake boys
aliens (1986),3,114,
luminous arc 2,3,114,
cyberlive,3,114,
busou shoujo machiavellism,3,114,
juukishi cutie bullet,3,114,
wario land: shake it!,3,114,"wario land: the shake dimension,wario land shake"
shin no nakama janai to yuusha no party wo oidasareta no de henkyou de slow life suru koto ni shimashita,3,114,banished from the hero's party i decided to live a quiet life in the countryside
kuso zako choroin nishiga hachi,3,114,
mahou no yousei persia,3,113,
codename: bakery girl,3,113,
gujian qitan (series),3,113,
densetsu no yuusha no densetsu,3,113,
comiket 78,3,113,c78
mega man x3,3,113,
tengen toppa gurren lagann: lagann-hen,3,113,
memories off 2nd,3,113,
dear vocalist,3,113,
getter robo arc,3,113,
negative frames,3,113,
future gpx cyber formula,3,113,
miracle paint (vocaloid),3,113,
ghost rule (vocaloid),3,113,
kokoro yohou (eve),3,113,
knight of erin,3,113,
oishinbo,3,113,
elf all-stars datsuijan,3,113,
pia carrot e youkoso!! g.o.,3,113,
heroes of the storm,3,113,
haou airen,3,113,
cafe sourire,3,113,
ren'ai x royale,3,113,
iczer (series),3,113,
issho ni training,3,113,
tamon-kun ima docchi,3,112,tamon's b-side
mid-fight masses,3,112,
halloween (movie),3,112,
i don't want to be a magical girl,3,112,
the king of fighters xi,3,112,
streets of rage,3,112,bare knuckle
granbelm,3,112,
kurano kun chi no futago jijou,3,112,
command & conquer: red alert 2,3,112,command and conquer: red alert 2
tsukiatte agetemo ii kana,3,112,
akiiro renka,3,112,
aoku haruka,3,112,
los angeles lakers,3,112,
amiami (company),3,112,
2020 summer olympics,3,112,
ouchi no mahou shoujo,3,112,
transformers: shattered glass,3,112,transformers shattered glass
castlevania: aria of sorrow,3,112,
suiyou dou de shou,3,112,
jijou wo shiranai tenkousei ga guigui kuru.,3,112,my clueless first friend
kirby's dream buffet,3,112,
dinosaur king,3,112,
new super marisa land,3,112,
izayoi no hanayome,3,112,
magus tale,3,112,
seisen cerberus,3,112,
dragon half,3,112,
knights college,3,112,
love r,3,112,
grimms notes gakuen,3,112,
luck & logic,3,112,
gekkou no carnevale,3,112,
pulp fiction,3,111,
call of duty: black ops,3,111,
windows 98,3,111,
the royal family (tv series),3,111,
kinsou no vermeil,3,111,
angelic link,3,111,
digimon adventure: bokura no war game,3,111,digimon adventure: our war game
skibidi toilet (series),3,111,
food court de mata ashita,3,111,see you tomorrow at the food court
gaiking,3,111,
mega man legends 2,3,111,
yuni channel,3,111,
project: eden's garden,3,111,
sofmap,3,111,
kinjo no hito no nakimushi,3,111,
mega man 4,3,111,
chibi kyonyuu,3,111,
sd gundam g generation original,3,111,
senran kagura burst re:newal,3,111,
guilongchao,3,111,
nagai gojitsudan no nechronica,3,111,
ore wo suki nano wa omae dake ka yo,3,111,
kamisama no you na kimi e,3,111,
happy synthesizer (vocaloid),3,111,
mozaik role (vocaloid),3,111,
project diva f 2nd,3,111,
shuumatsu no harem,3,111,world's end harem
onna shunin kishi mieko,3,111,
sumomomo momomo,3,111,
super robot wars z2,3,111,
megami paradise,3,111,
iede gal na senpai wa kantan ni yarasete kureru,3,111,
re leaf,3,111,
touhou ningyougeki,3,111,
k-on! high school,3,111,
gekijouban mononoke,3,111,
japan air self-defense force omaezaki sub-base,3,110,
otaku ni koi wa muzukashii,3,110,
cinderella (vocaloid),3,110,
bishoujo terror,3,110,
red sonja (comics),3,110,
mario golf,3,110,
yoasobi,3,110,
saiyuki,3,110,
himitsu keisatsu (vocaloid),3,110,secret police (vocaloid)
akutoku no judgement (vocaloid),3,110,"judgement of corruption (vocaloid),mammon's court (vocaloid)"
kyatto ninden teyandee,3,110,
uchi no kaisha no chiisai senpai no hanashi,3,110,my tiny senpai
isekai harem monogatari,3,110,
moe! ninja girls rpg,3,110,
yoru no nai kuni,3,110,
danball senki wars,3,110,
edomae elf,3,110,otaku elf
sasaki to p-chan,3,110,sasaki and peeps
shadowverse (anime),3,110,
tasokare hotel,3,110,
comiket 79,3,110,c79
saint seiya: rising cosmo,3,110,
el hazard,3,110,
fire punch,3,110,
goshuushou-sama ninomiya-kun,3,110,good luck! ninomiya-kun
sonic cd,3,110,
yousei daisensou,3,110,
hizashi no naka no real,3,110,
the fallen angel (painting),3,109,fallen angel (painting)
high school boy,3,109,
ikemen joshi to josou danshi,3,109,
lavender quartz,3,109,
touhou futanari scarlet escape,3,109,
transformers: armada,3,109,transformers armada
uchuu kyoudai,3,109,
shuten order,3,109,
nights into dreams,3,109,
pole princess!!,3,109,
alternative facts in eastern utopia,3,109,
bloom the smile bloom the dream!,3,109,
happy party train,3,109,
metroid: samus returns,3,109,
shoujo tsubaki,3,109,
la priere,3,109,
roskomnadzor,3,109,
star wars: the empire strikes back,3,109,
lovely x cation,3,109,
daicon,3,109,
mygrimoire,3,109,
valkyrie profile 2: silmeria,3,109,
gensou suikogaiden,3,109,
yggdra union,3,109,
hearthstone,3,109,
star fox (2026),3,108,
wizardry variants daphne,3,108,
million production,3,108,
pokemon: jirachi: wish maker,3,108,pokemon m06
player (webtoon),3,108,
ressha sentai toqger,3,108,
kirei ni shitemoraemasuka,3,108,wash it all away
daft punk,3,108,
zuutto issho (kitani tatsuya),3,108,
love live! series official card game,3,108,
snack nili,3,108,
emergence (shindol),3,108,metamorphosis (shindol)
pokemon ranger 1,3,108,
valkyrie anatomia,3,108,
star wars rebels,3,108,star wars: rebels
polivia,3,108,
eien no aselia,3,108,
ki ga hayai kouhai kanojo,3,108,
succubus appli,3,108,
peppa pig (series),3,108,
captain tsubasa,3,108,
gekijouban date a live: mayuri judgement,3,108,
super robot wars v,3,108,
girls und panzer phase erika,3,108,
himegami emaki,3,108,
comic shitsurakuten,3,108,
rabbitmaiden softworks,3,108,rabbitmaidensoftworks
tsuki ga michibiku isekai douchuu,3,108,
pastel chime continue,3,108,
special civil servant,3,108,
amaama to inazuma,3,108,"sweetness & lightning,sweetness and lightning"
manyuu hikenchou,3,108,
shin sekaiju no meikyuu 2,3,107,
metallica,3,107,
root eden,3,107,
yamada-kun to 7-nin no majo,3,107,
phantasy star ii,3,107,
persona 4 the animation,3,107,
tanaka-kun wa itsumo kedaruge,3,107,
love-ressive,3,107,
nascar,3,107,
zenbu kowashite jigoku de aishite,3,107,
god eater 3,3,107,
highspeed etoile,3,107,
touken ranbu: hanamaru,3,107,
jirai nan desu ka? chihara-san,3,107,are you a landmine chihara-san?
kick back (song),3,107,
heartlovepowertemple,3,107,
fantasy life,3,107,
dragon ball legends,3,107,
envy baby (vocaloid),3,107,
clash of clans,3,107,
vlyz,3,107,
blank room soup,3,107,
succubus stayed life,3,107,
code geass: fukkatsu no lelouch,3,107,
cookie clicker,3,107,
binan koukou chikyuu bouei-bu love!,3,107,cute high earth defense club love!
golgo 13,3,107,
viper v16,3,107,
nihon joshikousei zukan,3,107,
seiren,3,107,
the king of fighters xii,3,107,
gran saga,3,107,
nanami to konomi no oshiete abc,3,106,
campus mode!! (idolmaster),3,106,
reverse collapse (series),3,106,
sister sara to madara-chan,3,106,
shirley (manga),3,106,
nevermind,3,106,
national football league,3,106,
civilization (series),3,106,
eureka seven ao,3,106,
shinobi (game),3,106,
dnf duel,3,106,
xenosaga episode ii,3,106,
zerobaseone,3,106,
calpis,3,106,
monster hunter xx,3,106,
war of the visions: final fantasy brave exvius,3,106,
sequel (series),3,106,
jitsuha imouto deshita.,3,106,
yankee jk kuzuhana-chan,3,106,
the dark knight,3,106,
mega man legends 3,3,106,
ultraman dyna (series),3,106,
diabolik lovers,3,106,
thundercats,3,106,
ultraman tarou (series),3,106,
kono healer mendokusai,3,106,
hasunosora fantasy,3,106,hasu no sora fantasy
shinken!!,3,106,
atom: the beginning,3,106,
yu-gi-oh! tag force,3,106,yu-gi-oh! gx tag force
choujikuu seiki orguss,3,106,
internet overdose,3,105,
kusunoki mebuki wa yuusha de aru,3,105,
sleeping beauty (fairy tale),3,105,
wonder momo,3,105,
love live! school idol musical,3,105,
valis (sinsekai),3,105,
excel saga,3,105,
triangle strategy,3,105,
sunshine creation,3,105,
twinkle crusaders,3,105,
limnos,3,105,
ratchet & clank,3,105,
digimon story: sunburst and moonlight,3,105,
x-men vs. street fighter,3,105,
sony's spider-man universe,3,105,
lunar: the silver star,3,105,
cloud9,3,105,
plivyou,3,105,
izumo,3,105,
viper gts,3,105,
alien vs. predator,3,105,
berry's,3,105,
nursery rhyme,3,105,
assassin's creed iii,3,105,
game club project,3,105,
super mecha champions,3,105,
precure connection puzzlun,3,105,
rwby chibi,3,105,
tropical liquor,3,105,
lord of vermilion iii,3,105,
sora no kiseki sc,3,104,
wagamama high spec,3,104,
batman: arkham (series),3,104,
the flash (movie),3,104,the flash (2023)
power pro-kun pocket 13,3,104,
hyakuemu,3,104,
cotton (game),3,104,
earth defense force,3,104,
talesshop,3,104,
origins smp,3,104,
nemurase hime kara no okurimono (vocaloid),3,104,"belphegor's gift (vocaloid),gift from the princess who brought sleep (vocaloid)"
fate/grail league,3,104,
elf village,3,104,
dawn of the golden witch,3,104,
darius (series),3,104,
akagami no shirayukihime,3,104,snow white with the red hair
wingman,3,104,
shakacat,3,104,
mamono hunter youko,3,104,
hangyaku no nijigasaki,3,104,
star savior,3,104,
pizza-la,3,104,
e 2,3,104,
vanquished queens,3,104,
glitchtale,3,104,
motto! haramase! honoo no oppai isekai ero mahou gakuen!,3,104,
en-eins kanzen sekai,3,104,en-eins perfektewelt
choujin koukousei-tachi wa isekai demo yoyuu de ikinuku you desu!,3,104,
ookami kodomo no ame to yuki,3,104,wolf children
another code,3,104,
final fantasy unlimited,3,104,
wiz anniversary,3,104,
kamisama dolls,3,104,
dengeki,3,104,
kunoichi hajimemashita!,3,104,
beatless,3,104,
cencoroll,3,104,
hi no tori,3,103,
fatal frame 1,3,103,
midori no makibaoo,3,103,
love angel syndrome,3,103,
terra formars,3,103,
josho kiryu (love live!),3,103,joushou kiryuu (love live!)
cho toutoi love,3,103,
nippon sangoku,3,103,
mashin sentai kiramager,3,103,
ergo proxy,3,103,
ridge racer,3,103,
digimon story: cyber sleuth - hacker's memory,3,103,
koi wa ameagari no you ni,3,103,
fortune movie (love live!),3,103,
buried stars,3,103,
old testament,3,103,
release the spyce,3,103,
papers please,3,103,
tonari no kaibutsu-kun,3,103,
princess maker (series),3,103,
baldr (series),3,103,
the thing,3,103,
monster hunter mezeporta kaitaku-ki,3,103,
symphonic rain,3,103,
galzoo island,3,103,
tomica hyper rescue drive head: kidou kyuukyuu keisatsu,3,103,
great mazinger,3,103,
kaikan change,3,103,
bikini warriors,3,103,
ashita no kimi to au tame ni,3,103,
sakura sakura,3,103,
inhabituels,3,103,
breadwinners,3,103,
dragon quest tact,3,103,
usagi drop,3,103,bunny drop
puyopuyo tetris 2,3,103,
dc: dark legion,3,102,
left 4 dead 2,3,102,
hana sakeba yume kakeru,3,102,
monster prom,3,102,
star wars: attack of the clones,3,102,
ultraman mebius (series),3,102,
tachibana-san-chi no dansei jijou,3,102,
persona q: shadow of the labyrinth,3,102,
destiny lovers,3,102,
office lady taiwan,3,102,
assassins pride,3,102,
delightfully fuckable and unrefined!!,3,102,
debwi mos hamyeon jugneun byeong geollim,3,102,
school star dream!,3,102,
soulcalibur ii,3,102,
yume nisshi,3,102,
katana zero,3,102,
shenmue ii,3,102,
elf all-stars datsuijan 2,3,102,
brave frontier,3,102,
kanamemo,3,102,
gin to kin,3,102,
shut hell,3,102,
lyrical lyric,3,102,
tetsudou musume,3,102,
magical marriage lunatics!!,3,102,
irozuku sekai no ashita kara,3,102,iroduku: the world in colors
futaribeya,3,102,
aitsu no kanojo,3,101,
asociacion del futbol argentino,3,101,
wander over yonder,3,101,
ga bunko,3,101,
ss kabushikigaisha,3,101,
haimiya-senpai wa kowakute kawaii,3,101,
haiena chan ni nerawarete,3,101,
kyoto xanadu,3,101,
isekai samurai,3,101,
ultraman (hero's comics),3,101,
star night snow (vocaloid),3,101,
halo: combat evolved,3,101,
amaemi-longing for you-,3,101,
type-moon gakuen chibichuki!,3,101,
klasse14,3,101,
fast & furious,3,101,the fast and the furious
closed game,3,101,
tales of the tempest,3,101,
kabukimonogatari,3,101,
mashin eiyuuden wataru,3,101,mashin hero wataru
transformers: rise of the beasts,3,101,
amaenaideyo!!,3,101,ah my buddha
yu-gi-oh! (toei),3,101,
ribbon no kishi,3,101,princess knight (tezuka)
fanfare!!! (love live!),3,101,
seiten ragnarok,3,101,
girly air force,3,101,
power pro-kun pocket 10,3,101,
fruits fulcute!,3,101,
hissatsu chikannin 2,3,101,
eastward,3,101,
saga 2,3,101,
recettear,3,101,
rettou joutou (vocaloid),3,100,bring it on (vocaloid)
gujian qitan 3,3,100,
yu-gi-oh! duel links,3,100,
moira (sound horizon),3,100,
mom's touch,3,100,
sentou yousei yukikaze,3,100,
project a-ko,3,100,
spyro (series),3,100,
rance 03,3,100,
reco love,3,100,
the seven-year itch,3,100,
kenja no deshi wo nanoru kenja,3,100,she professed herself pupil of the wise man
gin'iro haruka,3,100,
shinohayu the dawn of age,3,100,
ken to mahou to gakuen mono,3,100,
robocop,3,100,
oso-teki kinoko gijinka zukan,3,100,
"i""s",3,100,
ciconia no naku koro ni,3,100,
neko atsume,3,100,
touhou blooming chaos,3,100,
summon night: swordcraft story,3,100,
bishoujo mangekyou: kami ga tsukuritamouta shoujo-tachi,3,100,
start:dash!!,3,100,
soul link,3,100,
marvelous,3,100,
ac japan,3,100,
dofus,3,100,
extreme hearts,3,100,
natsuzuka-san no himitsu,3,100,
gang of heaven,3,100,
bans,3,100,
discipline: the record of a crusade,3,100,
natsu no ame,3,100,
ciel nosurge,3,100,
maerchen maedchen,3,100,marchen madchen
gemini seed,3,100,
dorifesu!,3,100,dream festival!
backrooms (2026 movie),3,99,
blaster master zero,3,99,
boogiepop,3,99,
astraline,3,99,
transformers: cybertron,3,99,transformers cybertron
q (hololive),3,99,
mikoto to rei,3,99,
centuria (manga),3,99,
giant ojou-sama,3,99,
princession orchestra,3,99,
daten route,3,99,
fushigi no gensokyo,3,99,
rebellion godsoul,3,99,
chrono ark,3,99,
little nightmares,3,99,
dragon age: inquisition,3,99,
cloud meadow,3,99,
the personification of atmosphere,3,99,
sultan's game,3,99,
sagara-san'chi no etsuraku life,3,99,
nonfiction!! (love live!),3,99,
mario tennis aces,3,99,
bellville (kennycomix),3,99,
yuuhei satellite,3,99,
orc eiyuu monogatari,3,99,
lostorage wixoss,3,99,
machine robo,3,99,
hitman (game),3,99,
monster hunter stories,3,99,
girls und panzer gekijouban,3,99,
ratatouille,3,99,
kagaku chop,3,99,
kouhai wa inkya agari no infuruensaa,3,99,
ryo to mikoto,3,99,
pokemon mystery dungeon: red/blue rescue team,3,99,
garden (game),3,99,
ive (group),3,99,
queen bonjourno,3,99,
wild wet west,3,99,
danball senki w,3,99,
end breaker!,3,99,
hatoful kareshi,3,99,
innocent red,3,99,
yuusha support center maoujou shibu,3,99,
kanon 2006,3,99,
alstroemeria records,3,99,
muteki choujin zambot 3,3,99,
victorian romance emma,3,99,
cool na megami-sama to issho ni sundara amayakashisugite ponkotsu ni shiteshimatta ken ni tsuite,3,99,
dandy's world,3,99,
street fighter x tekken,3,99,
m&m's,3,98,
tougen anki,3,98,
ceo and bodyguard,3,98,
rance ix,3,98,
marvel 2099,3,98,
virtua fighter 5 (series),3,98,"virtua fighter 5,virtua fighter 5: final showdown"
stalker 2: heart of chornobyl,3,98,
migikata no chou (vocaloid),3,98,butterfly on your right shoulder (vocaloid)
saitama seibu lions,3,98,
kirby cafe,3,98,
napoleon crossing the alps,3,98,
irodorimidori,3,98,
bronze parrot,3,98,
super mario galaxy 2,3,98,
spider-man: no way home,3,98,
code geass: soubou no oz,3,98,
enbizaka no shitateya (vocaloid),3,98,
brilliant pagoda or haze castle,3,98,
a court of thorns and roses (series),3,98,
watashi no yuri wa oshigoto desu!,3,98,watayuri
strike witches (lionheart witch),3,98,
onmyoji: the card game,3,98,
jinrouki winvurga,3,98,
houseki hime,3,98,
exit tunes,3,98,
shounen no abyss,3,98,
neo kamen rider,3,98,"kamen rider (skyrider),new kamen rider"
hoshikui,3,98,
nie no hakoniwa,3,98,
bungou stray dogs: mayoi inu kaikitan,3,98,
buddy daddies,3,98,
rahxephon,3,98,
over zenith,3,98,
watashi nouryoku wa heikinchi de tte itta yo ne!,3,98,didn't i say to make my abilities average in the next life?!
uta no prince-sama: shining live,3,98,
getsumento heiki miina,3,98,
onimusha,3,98,
end of eternity,3,98,
jewelpet magical change,3,98,
neon genesis evangelion anima,3,98,
owari no chronicle,3,98,
kage kara mamoru!,3,98,
harapeko shoujo to tantei to,3,97,
arcanadea,3,97,
golden axe,3,97,
yume e no ippo,3,97,
kuromajo-san ga tooru!!,3,97,
aku no onna kanbu: perigee new moon,3,97,
microsoft office,3,97,
natsuzora kanata,3,97,
mo nu zhi wen nai bai he zhi wei,3,97,
font bad girl squad,3,97,
killing stalking,3,97,
maho x roba -witches spiritual home-,3,97,
oshi ga budoukan itte kuretara shinu,3,97,
ultraman taiga (series),3,97,
legend of queen opala,3,97,
project carneades,3,97,
re: cutie honey,3,97,
world endurance championship,3,97,
the war of genesis,3,97,war of genesis
idola phantasy star saga,3,97,
empires smp,3,97,
shikkoku no sharnoth,3,97,
kaisha no senpai akaori-san,3,97,
uragoner,3,97,
sexfriend,3,97,
chu x chu idol,3,97,
totsukuni no shoujo,3,97,
this communication,3,97,
w.l.o sekai ren'ai kikou,3,97,
tenchi muyou! uchuu hen,3,97,
densou tenshi valforce,3,97,
kyouka jinrui amunero,3,97,
cardfight!! vanguard g,3,97,
lady and the tramp,3,96,
haruoto alice gram,3,96,
captain commando,3,96,
nayutalien,3,96,
nandome ka no hajimemashite,3,96,
choujuu kishin dancouga,3,96,
e.t.,3,96,
geinoujin kakuzuke check,3,96,
hakumei to mikochi,3,96,hakumei and mikochi
mega man legends,3,96,
sparkly spot (love live!),3,96,
jungle wa itsumo hare nochi guu,3,96,
saku (series),3,96,
hoshi no samidare,3,96,
castlevania: dawn of sorrow,3,96,
green (game),3,96,
meshi mase! nekomimi nyan dafuru,3,96,
chivalry starved,3,96,
tales of the world radiant mythology 2,3,96,
love letter (idolmaster),3,96,
grizzly ni osowaretara,3,96,
ayakashi rumble!,3,96,
ekokuice,3,96,
the rolling girls,3,96,
super robot wars original generation 2,3,96,
ultraman decker (series),3,96,
sengoku kishin valkyrie,3,96,
brave soul,3,96,
interlude,3,96,
dakara boku wa h ga dekinai,3,96,so i can't play h!
rental magica,3,96,
amanchu!,3,96,
himitsu no jugyou,3,96,
rokujouma no shinryakusha!?,3,96,
jishenkong jihua,3,95,xtreme deep field project
dangaioh,3,95,dangaiou
waku waku puyo dungeon,3,95,
sd sengokuden,3,95,sd gundam sengokuden
falcom,3,95,
yat anshin uchuu ryokou,3,95,
kill time communication,3,95,
woman with a parasol,3,95,
aikatsu! x pripara the movie -deai no kiseki!-,3,95,
the last of us part ii,3,95,the last of us 2
transformers: victory,3,95,transformers victory
turing love,3,95,
bishoujo mangekyou: kotowari to meikyuu no shoujo,3,95,
kemono fabric,3,95,
enquete kinou de nasubikko wo ikusei shiyou!,3,95,
medarot 2,3,95,
myself yourself,3,95,
edelied,3,95,
lyrical store,3,95,
rick g earth,3,95,
frozen ii (disney),3,95,
ipstar,3,95,
premier league,3,95,
komori-san wa kotowarenai!,3,95,
muv-luv: dimensions,3,95,"immortals: muvluv alternative,muvluv: dimensions"
inukami!,3,95,
sakura strasse,3,95,
blassreiter,3,95,
tales of vesperia: the first strike,3,95,
final fantasy tactics a2,3,95,
soul cradle,3,95,
working!! (web manga),3,95,
kumatanchi,3,95,
emori,3,95,
neko shota ten (hakuyagen),3,94,
village vanguard,3,94,
los angeles dodgers,3,94,
alps no shoujo heidi,3,94,
final fantasy airborne brigade,3,94,
star-crossed world,3,94,
look back,3,94,
five nights in anime (fangame),3,94,
langrisser iii,3,94,
yahoo!,3,94,
teikoku senki,3,94,
spawn (comic),3,94,
ongezellig,3,94,
nanairo kouro,3,94,
transformers: car robots,3,94,"transformers: robots in disguise (2001),transformers car robots"
the witcher 4,3,94,
loki (disney+),3,94,
the three caballeros,3,94,
witch's weapon,3,94,
pure girl,3,94,
shin sangoku musou 5,3,94,dynasty warriors 6
daicon iv,3,94,daicon 4
ys seven,3,94,
corona (brand),3,94,
kikou senki dragonar,3,94,metal armor dragonar
mainichi compile heart,3,94,
halo 4,3,94,
meechu,3,94,
panda hero (vocaloid),3,94,
luigi's mansion 3,3,94,
zenhoi kyun,3,94,zenhoui kyun
yuusha keisatsu j-decker,3,94,
pathfinder,3,94,
machine maiden next,3,94,
magician's academy,3,94,
"ore ga ojou-sama gakkou ni ""shomin sample"" toshite rachirareta ken",3,94,
pokken tournament,3,94,
kemono friends r,3,94,
killer in the mirror,3,94,
saint onii-san,3,94,
hajimete no koi ga owaru toki (vocaloid),3,94,when the first love ends (vocaloid)
supercell (band),3,94,
card-en-ciel,3,93,
white rabbit candy,3,93,
psi (vocaloid),3,93,
madtown gta,3,93,
digimon survive,3,93,
mahou no star magical emi,3,93,magical emi the magic star
madra (album),3,93,
adipocere (vocaloid),3,93,
artix entertainment,3,93,
hajimete no orusuban,3,93,
bangtan boys,3,93,
caravan stories,3,93,
windows vista,3,93,
submarine 707r,3,93,
bakusou kyoudai let's & go!! max,3,93,
yumeochi - yume de bokura wa koi ni ochiru,3,93,
kick-ass,3,93,
volcano princess,3,93,
blazblue alternative: dark war,3,93,
mizuiro,3,93,
x-overd,3,93,
kareshi kanojo no jijou,3,93,
lost crusade,3,93,
evenicle (series),3,93,
ii orc no hi,3,93,
kaichou wa maid-sama!,3,93,
b-project,3,93,
yuukyuu no sharin,3,93,
time bokan 24,3,93,
futabu,3,93,
payday (series),3,93,
mushibugyou,3,93,
world of horror,3,92,
gundam gihren no yabou,3,92,
death parade,3,92,
my pig princess,3,92,
halo infinite,3,92,
hannibal (tv series),3,92,
doggy god's street,3,92,
aikatsu planet!,3,92,
yaiba,3,92,
butterfly (love live!),3,92,
reco love gold beach,3,92,
assassin's creed: odyssey,3,92,
fate/grand order: first order,3,92,
kimi wa 008,3,92,
bakuage sentai boonboomger,3,92,
koutetsu no majo annerose,3,92,
beatmania iidx 14 gold,3,92,
sakamichi no apollon,3,92,
metal fight beyblade,3,92,beyblade: metal fusion
sekai de ichiban oppai ga suki!,3,92,breasts are my favorite things in the world!
chikyuu no ura (cevio),3,92,
holocure,3,92,
noworld,3,92,
kaisha to shiseikatsu,3,92,
nobunaga no yabou,3,92,
poppin' up! (love live!),3,92,
bonobono,3,92,
yari no yuusha no yarinaoshi,3,92,
lamune,3,92,
oku-sama wa joshi kousei,3,92,
super mario bros. 2,3,92,
kanojo ga flag wo oraretara,3,92,
pieces of sweet stars,3,92,
oshiete miko sensei (series),3,92,
smooth criminal,3,91,
suicide squad isekai,3,91,
today's han yoil is a woman,3,91,
dark side of the moon,3,91,
pikmin bloom,3,91,
super mario 3d world + bowser's fury,3,91,
kakunaru ue wa,3,91,now that we draw
kemono friends festival,3,91,
kono koi wo hoshi ni wa negawanai,3,91,
ultraman blazar (series),3,91,
beatmania iidx 16 empress,3,91,
hoshiiro girldrop,3,91,
otonari no musume-san wa ore ni ki ga aru you dakara pet ni shite mita.,3,91,
gundam ms igloo,3,91,
yume wazurai,3,91,yumewazurai
yandere no onna no ko ni shinu hodo aisarete nemurenai cd,3,91,
god of war ragnarok,3,91,
clock over orquesta,3,91,
silent hill (movie),3,91,
kura sushi,3,91,
zoku satsuriku no django,3,91,
choudenji machine voltes v,3,91,
naraku,3,91,
g-senjou no maou,3,91,
mutekikyuu believer,3,91,
moeru! jiten,3,91,
fantasy bishoujo juniku ojisan to,3,91,
mai ball!,3,91,
jewelpet sunshine,3,91,
raul to kyuuketsuki (ohayousan 084),3,91,
iichan.ru,3,91,
fantasia re:build,3,91,
cross channel,3,91,
pink sniper,3,91,
shiei no sona-nyl,3,91,
ballroom e youkoso,3,91,welcome to the ballroom
tron,3,91,
gekijigen tag: blanc + neptune vs zombie gundan,3,90,
kirby super star ultra,3,90,
tokyo revengers pazuribe!,3,90,
child's play,3,90,
major,3,90,
pop mart,3,90,
siren (series),3,90,
arthurian legend,3,90,
dragon quest builders,3,90,
where winds meet,3,90,
league of legends: wild rift,3,90,
pastel memories,3,90,
x (manga),3,90,
mars expedition,3,90,
study steady 2,3,90,
galaxy fight,3,90,
nelke to densetsu no renkinjutsushi tachi,3,90,nelke & the legendary alchemists
super robot wars dd,3,90,
psycho soldier,3,90,
double lariat (vocaloid),3,90,
under the moon,3,90,
buraiden gai,3,90,
yukkuri youmu to hontou wa kowai cthulhu shinwa,3,90,
brave fencer musashiden,3,90,
kimi wa meido-sama,3,90,you are ms. servant
dragon's shadow,3,90,
to heart 2 dungeon travelers,3,90,
existence,3,90,
oppai baka,3,90,
synduality noir,3,90,
kioh gyoku,3,90,
muv-luv alternative strike frontier,3,90,muvluv alternative strike frontier
sousei no aquarion,3,90,
ixion saga,3,90,
maplestory 2,3,90,
cooking idol ai! mai! main!,3,90,
gakuen taisen valkyries,3,90,
bohemian rhapsody,3,89,
tensei colosseum: saijaku skill de saikyou no onna-tachi wo kouryaku shite dorei harem tsukurimasu,3,89,reincarnation coliseum
roshutsu-kei mahou shoujo,3,89,
star wars: the phantom menace,3,89,
monark,3,89,
drive (movie),3,89,
konakana 2: konata yori kanata made ii,3,89,
hatsuyuki sakura,3,89,
kawaikute gomen (honeyworks),3,89,
zenshuu,3,89,
adventurer's guild girls,3,89,
dengeki bunko,3,89,
um jammer lammy,3,89,
the walking dead,3,89,
total war,3,89,
kuro games,3,89,
365 days (love live!),3,89,
astral buddy,3,89,
palette project,3,89,
sword art online: fatal bullet,3,89,
ryuu ga gotoku 4,3,89,
gentlecats,3,89,
heart to heart!,3,89,
aiyoku no eustia,3,89,
gundam lost war chronicles,3,89,
happy shijo shugi!,3,89,
growlanser iv,3,89,
ookamiden,3,89,
pixiv mahou gakuen,3,89,
astral chain,3,89,
catherine: full body,3,89,
shelter (song),3,89,
devil maker,3,89,
girls book maker,3,89,
food girls,3,89,
dance with devils,3,89,
phantom breaker,3,89,
tenkuu no yumina,3,88,
spider-verse (comics),3,88,
heavily armed high school girls,3,88,
pokemon super mystery dungeon,3,88,
waka okami wa shougakusei!,3,88,"okko's inn,wakaokami wa shougakusei"
loveless,3,88,
itunes,3,88,
we love cold war,3,88,
pokemon mystery dungeon: rescue team dx,3,88,
hanamusubi (love live!),3,88,
getter robo g,3,88,
shizuku (game),3,88,
honoo no toukyuujo: dodge danko,3,88,
odo (song),3,88,
round1,3,88,round one
shenmue iii,3,88,
ivan the terrible and his son ivan,3,88,
funguary,3,88,
gardnerverse,3,88,
innocent grey,3,88,
asumi-chan wa rezu fuuzoku ni kyoumi ga arimasu!,3,88,asumi-chan is interested in lesbian brothels!
nepnep connect: chaos chanpuru,3,88,
radiata stories,3,88,
geminism,3,88,
black panther (movie),3,88,
primal hearts,3,88,primal x hearts
armored core v,3,88,armored core 5
akihabara dennou gumi,3,88,
majisuka gakuen,3,88,
solitude rain (love live!),3,88,
sekaiju no meikyuu x,3,88,
gintama movie 2: yorozuya yo eien nare,3,88,
yumeria,3,88,
tears to tiara,3,88,
yume miru kusuri,3,88,
yuuwaku scramble,3,88,
angel flavor,3,88,
stellar theater,3,88,
suzumiya haruhi no tsuisou,3,88,the reminiscence of haruhi suzumiya
gal guardians,3,87,
new mutants,3,87,
genzai monogatari,3,87,
star wars: the old republic,3,87,
starmine (manga),3,87,
tomoyo after,3,87,
cartagra,3,87,
flame toys,3,87,
blue reflection tie,3,87,blue reflection: second light
halo: reach,3,87,
koi ga saku koro sakura doki,3,87,
lelie navigation,3,87,
book of genesis,3,87,
ego trigger,3,87,
mousou dairinin,3,87,
sefri no ichihara ga nigashite kurenai,3,87,
adventurequest,3,87,
like mother like daughter,3,87,ttog dalm-eun ttal
fragile: sayonara tsuki no haikyo,3,87,
dungeons & princess,3,87,
birdmen (manga),3,87,
kikuru (vtuber),3,87,
yomiuri giants,3,87,
kingsman: the secret service,3,87,
hades project zeorymer,3,87,
tenchi souzou,3,87,
cryptract,3,87,
aika r-16,3,87,
shinken-zemi,3,87,
wacky races,3,87,
detroit metal city,3,87,
zombie-ya reiko,3,87,reiko the zombie shop
momoiro montage,3,87,
higashi no eden,3,87,
yurucamp movie,3,87,
oyasumi sex,3,87,
yomawari,3,87,
spectral souls,3,87,
ren'ai saiban (vocaloid),3,86,love trial (vocaloid)
tententengokujigokugoku (aiobahn),3,86,
mushoku tensei: game ni nattemo honki dasu,3,86,
jollibee,3,86,
fushigi to kimi to library,3,86,
chou megami shinkou noire gekishin black heart,3,86,hyperdevotion noire: goddess black heart
ultraman ace (series),3,86,
mang-jong,3,86,
aquarium wa odoranai,3,86,
makai tenshi djibril 2,3,86,
ace combat 5,3,86,
blood alone,3,86,
science (synthesizer v),3,86,saiensu (synthesizer v)
succubus prison,3,86,
headphone actor (vocaloid),3,86,
shin megami tensei: if...,3,86,
tatakae!! iczer-1,3,86,
wicked,3,86,
wind a breath of heart,3,86,
mahou tsukai tai!,3,86,magic user's club
comic cune,3,86,
kitsune no oyome-chan,3,86,
aiobahn,3,86,
kaitou sentai lupinranger vs. keisatsu sentai patranger,3,86,
oshiego ni kyouhaku sareru no wa hanzai desu ka?,3,86,
shenmue the animation,3,86,
untitled goose game,3,86,
celebration! (love live!),3,86,
schoolboy runaway,3,86,
wall-e,3,86,
giri giri sisters,3,86,
hospital rokunin no ishi,3,86,trauma team (atlus)
uchouten kazoku,3,86,
wakabayashi-kun ga nekasete kurenai,3,86,
romantic saga of beauty & devil,3,86,
dennou tenshi djibril,3,86,
hakoniwa keikaku,3,86,
dears,3,86,
wjsn,3,86,
saimin kanojo (ichiyou moka),3,86,
zelda ii: the adventure of link,3,85,
slow motion (vocaloid),3,85,
ben 10: ultimate alien,3,85,
asuka 120%,3,85,asuka 120 percent
regular show,3,85,
rayman origins,3,85,
viewtiful joe,3,85,
fitness boxing feat. hatsune miku: isshoni exercise,3,85,fit boxing feat. hatsune miku: isshoni exercise
buckshot roulette,3,85,
lunacid,3,85,
type moon-ace,3,85,
log horizon new adventure land,3,85,
yokubou pandora,3,85,
five nights at freddy's: sister location,3,85,
real bout high school,3,85,
mahou shoujo ikusei keikaku jokers,3,85,
wish (disney),3,85,
yume shokuin to wasureji no kuroi yousei,3,85,yumekuro
pokemon the movie: i choose you!,3,85,pokemon m20
urayasu tekkin kazoku,3,85,super radical gag family
super sons,3,85,
saigo ni hitotsu dake onegai shite mo yoroshii deshou ka,3,85,may i ask for one final thing?
liu yao,3,85,
kancolle arcade,3,85,
pppp (vocaloid),3,85,
soldier game,3,85,
scrapped princess,3,85,
iriya no sora ufo no natsu,3,85,
mezzo forte,3,85,
doko e iku no ano hi,3,85,
sangai senki,3,85,
saishuu heiki kanojo,3,85,
eutopia (love live!),3,85,
drag-on dragoon 2,3,85,
doom i,3,85,
hanbun no tsuki ga noboru sora,3,85,
jogakkou de otoko hitori na node kousoku de seiyoku no hakeguchi ni sareru nichijou,3,85,
steven universe: the movie,3,85,
eternal melody,3,85,
battleship girl,3,85,
mahou shoujo taisen contest 1,3,85,
bunnimals,3,85,
koisuru otome to shugo no tate,3,85,
madou monogatari 1-2-3,3,84,
cubism (needy girl overdose),3,84,
changeability of strange dream,3,84,
tsue to tsurugi no wistoria,3,84,
denkou choujin gridman,3,84,
tondemo skill de isekai hourou meshi,3,84,campfire cooking in another world with my absurd skills
katainaka no ossan kensei ni naru,3,84,from old country bumpkin to master swordsman
ievan polkka (vocaloid),3,84,
lisa (series),3,84,
yuusha tokkyuu might gaine,3,84,
tayutau koi no chirigiwa ni,3,84,
koi kakeru shin-ai kanojo,3,84,
shining force exa,3,84,
ore no kanojo ga bakemono datta,3,84,
titanfall,3,84,
kirby's epic yarn,3,84,
perfect night (le sserafim),3,84,
shuumatsu train doko e iku?,3,84,"shuumatsu train doko he iku?,train to the end of the world"
monopoly,3,84,
daze (kagerou project),3,84,
inazuma eleven (game),3,84,
kimi to boku,3,84,
owozu,3,84,
nekura megane,3,84,
desperado (yotaro),3,84,
shoujo mahou gaku littlewitch romanesque,3,84,
okaasan to issho,3,84,
kizuna kirameku koi iroha,3,84,
vampire hunter d,3,84,
arne no jikenbo,3,84,the case book of arne
one man's dream ii,3,84,
night demon,3,84,
moshimo ashita ga hare naraba,3,84,
denki-gai no hon'ya-san,3,84,
snow (game),3,84,
devotion,3,84,
onimusha soul,3,84,
ye luoli,3,84,
aki no urara no akane-iro shoutengai,3,84,
usavich,3,84,
g.i. joe,3,83,
okinawa de suki ni natta ko ga hougen sugite tsurasugiru,3,83,okitsura
the mandela catalogue,3,83,mandela catalogue
paprika,3,83,
can can bunny,3,83,
gosei sentai dairanger,3,83,
dragon quest monsters,3,83,
rise of the guardians,3,83,
eve (musician),3,83,
aikatsu academy!,3,83,
kirarin revolution,3,83,
earthen miraculous sword,3,83,
fukuoka softbank hawks,3,83,
biomega,3,83,
swan lake,3,83,
linkin park,3,83,
donkey kong (1981 game),3,83,
idolatry,3,83,
pen-pineapple-apple-pen,3,83,
itsudemo itsumademo (love live!),3,83,
dmc: devil may cry,3,83,
nakazawa-san no ikisugita yoru.,3,83,
watashi no hatsukoi wa hazukashisugite dare ni mo ienai,3,83,
endless overhaul,3,83,
iyagatteru kimi ga suki,3,83,
gate of nightmares,3,83,
binzume yousei,3,83,bottle fairy
spider-man (toei),3,83,
rikei ga koi ni ochita no de shoumeishitemita,3,83,
akroglam,3,83,
boin,3,83,
jitsu wa watashi wa,3,83,my monster secret: actually i am...
adventurequest worlds,3,83,
otoko girai na bijin shimai wo namae mo tsugezu ni tasuketara ittai dounaru?,3,83,
gift (game),3,83,
colorful kanan,3,83,
day of wrath (infinitypilot),3,83,
material sniper,3,83,
kimihagu,3,83,
parkour civilization,3,83,
thriller (michael jackson),3,82,
percy jackson and the olympians,3,82,
aoi tori (purple software),3,82,
cookie run: tower of adventures,3,82,
livly island,3,82,
iii (hololive),3,82,
onegai nugashite,3,82,
birdbrain (synthesizer v),3,82,
super mario land,3,82,
osananajimi to wa lovecome ni naranai,3,82,
odekake kozame,3,82,little shark's outings
jing wei qing shang,3,82,
atashi wa mondaisaku,3,82,
puyopuyo tetris,3,82,
3x3 eyes,3,82,
world of darkness,3,82,
ragcats,3,82,
over the garden wall,3,82,
bleach: zanpakutou ibun hen,3,82,
momo kyun sword,3,82,
tokimeki memorial girl's side 1st love,3,82,
kimi ni koisuru satsujinki,3,82,
mirror tune (zutomayo),3,82,
ao ashi,3,82,
wet girls,3,82,
bokete,3,82,
tower of saviors,3,82,
redial (vocaloid),3,82,
tear ring saga: yutona eiyuu senki,3,82,tear ring saga: utna heroes saga
marisa stole the precious thing,3,82,
gaikotsu kishi-sama tadaima isekai e odekake-chuu,3,82,"gaikotsu kishi-sama tadaima isekai e o dekake-chuu,skeleton knight in another world"
mass effect 1,3,82,
comic shingeki,3,82,
pingu (series),3,82,
bakugan battle brawlers,3,82,
happy maker!,3,82,
the legend of dragoon,3,82,
alice parade,3,82,
kobato.,3,82,
3di project,3,82,
miraroma,3,82,
liberty leading the people,3,82,
hitobashira alice (vocaloid),3,82,alice human sacrifice (vocaloid)
bcy,3,82,
identity (vocaloid),3,82,
agarest senki 2,3,82,
tsuki ni yorisou otome no sahou 2,3,82,
konohana kitan,3,82,
regalia the three sacred stars,3,82,
android (os),3,82,
kandagawa jet girls,3,82,
teria saga,3,82,
jain no ikenie (series),3,82,
tentai senshi sunred,3,82,
junketsu no maria,3,82,
shantae and the seven sirens,3,81,
daibanchou,3,81,
fractale,3,81,
siren and scientist,3,81,
star fox assault,3,81,
idolmaster shiny festa,3,81,
re:zero kara ayamatsu isekai seikatsu,3,81,
moon knight (disney+),3,81,
peter pan (novel),3,81,
glico,3,81,
shin mazinger zero,3,81,
offside: diyusi,3,81,
drawtectives,3,81,
mega man battle network 3,3,81,
tonikaku kawaii,3,81,
killing bites,3,81,
madness combat,3,81,
tate no yuusha no nariagari rise,3,81,
fudatsuki no kyouko-chan,3,81,
kuroiwa medaka ni watashi no kawaii ga tsuujinai,3,81,
beyblade x,3,81,
infinity train,3,81,
hayate x blade,3,81,
koi to uso,3,81,
atlach-nacha,3,81,
end roll,3,81,
dead man's questions,3,81,
crusher joe,3,81,
mafia (vocaloid),3,81,
na nare hana nare,3,81,narenare -cheer for you!-
sangokushi puzzle taisen,3,81,
loli bitch island,3,81,
300 heroes,3,81,
paper man,3,81,
sega hard girls,3,81,
the euro front,3,81,
golden time,3,81,
chaos code,3,81,
high speed!,3,81,
viper f40,3,81,
jack jeanne,3,81,
touhoku rakuten golden eagles,3,81,
desktop army,3,81,
sousaku kanojo no renai koushiki,3,81,
bokujou monogatari: mittsu no sato no taisetsuna tomodachi,3,81,
hinamatsuri (manga),3,81,
love money rock'n'roll,3,81,
saturn devouring his son,3,81,
internet explorer (webcomic),3,81,
konayuki fururi,3,81,
inochigake demo tarinai no sa,3,81,
wolf and parchment,3,81,shinsetsu spice and wolf
sakusei byoutou,3,81,
kyoukai senki,3,81,
robot neoanthropinae polynian,3,80,
fox spirit matchmaker,3,80,"enmusubi no youko-chan,huyao xiao hongniang"
five nights at freddy's 3,3,80,
let's go kaikigumi,3,80,
meitantei marnie,3,80,
lamento,3,80,
masquerade channel,3,80,
wonder zone,3,80,
nusisring tactical,3,80,
evanescent existence,3,80,
dead dead demons de dedede destruction,3,80,
yuusha ni narenakatta ore wa shibushibu shuushoku wo ketsui shimashita.,3,80,
pinocchio (disney movie),3,80,
the sims,3,80,
reflection in the mirror (love live!),3,80,
rta in japan,3,80,
niginigi nijitown,3,80,
hatsukoi zombie,3,80,
bushiroad,3,80,
the king of fighters '98,3,80,
camellia (musician),3,80,
shadowverse evolve,3,80,
echo project,3,80,
gakkou de atta kowai hanashi,3,80,
inazuma eleven go vs danball senki w,3,80,
stargazer (series),3,80,
harley quinn (cartoon),3,80,
welcome to night vale,3,80,
tasogare no sinsemilla,3,80,
isshun de chiryou shiteita noni yakutatazu to tsuihou sareta tensai chiyushi yami healer toshite tanoshiku ikiru,3,80,
ys vi: the ark of napishtim,3,80,ys vi ark of napishtim
bungaku shoujo,3,80,
moon gundam,3,80,
owl corps: parumpasser,3,80,
yureru bus guide ~oppai ga ippai~,3,80,
koibana ren'ai,3,80,
sen no hatou tsukisome no kouki,3,80,
touhou unreal mahjong,3,80,
crossbone gundam ghost,3,80,
demon days (gorillaz),3,80,
kaiba,3,80,
mega man 6,3,80,
plants vs. zombies heroes,3,80,plants vs zombies heroes
sabagebu!,3,80,
spirit animals in disguise,3,80,
joreibu no mikado-san,3,80,
garo: honoo no kokuin,3,80,
shin yomawari,3,80,
tsukino talent production,3,80,
disney tsum-tsum,3,80,
leaf (studio),3,80,
maximum impact ii,3,80,
venom (vocaloid),3,79,
mewgenics,3,79,
miracle na now! (idolmaster),3,79,
yesterday wo utatte,3,79,
baldi's basics,3,79,
mizuryuland,3,79,
digimon world,3,79,
mythic live,3,79,
shine!! (idolmaster),3,79,
hikyou tanken fam & ihrie,3,79,
olverse,3,79,
dota: dragon's blood,3,79,
gdgd fairies,3,79,
quanmian shidai,3,79,
rental shop de oneesan wo rental suru hanashi,3,79,
monty python and the holy grail,3,79,
sengoku blade,3,79,
venomania kou no kyouki (vocaloid),3,79,"dance with asmodeus (vocaloid),the madness of duke venomania (vocaloid)"
kamitsure ~7 no nijou fushigi~,3,79,
technoroid,3,79,
rec (manga),3,79,
megalobox,3,79,megalo box
dragon quest swords,3,79,
kung-fu-piggy,3,79,
witch springs,3,79,
tohotopia,3,79,
tona-gura!,3,79,
jet set radio future,3,79,
nekomonogatari white,3,79,
birdcage (love live!),3,79,
koutetsu tenshi kurumi,3,79,
class no gal ni kuuki atsukai sareteimasu,3,79,
mana khemia 2,3,79,
demon mages,3,79,
wonderlab,3,79,
monster collection,3,79,
break blade,3,79,broken blade (series)
magrona channel,3,79,
johnny bravo (series),3,79,
shigurui,3,79,
ringetsu,3,79,
akkun to kanojo,3,79,
shokei shoujo no virgin road,3,79,the executioner and her way of life
ragnarock city,3,79,
the legend of zelda: phantom hourglass,3,78,
boku wa chiisana succubus no shimobe,3,78,
mao (takahashi rumiko),3,78,
minions (movie),3,78,
pinterest,3,78,
new york yankees,3,78,
chokotto sister,3,78,
the kabocha wine,3,78,the pumpkin wine
vampire knight,3,78,
red:birthmark (song),3,78,
rockman xover,3,78,
cat food (vocaloid),3,78,
tenchi muyou! ryou-ouki,3,78,
langrisser iv,3,78,
blood lad,3,78,
cocotama (series),3,78,
game center shoujo to ibunka kouryuu,3,78,"cultural exchange with a game centre girl,cultural exchange with game center girl"
project wingman,3,78,
madagascar (series),3,78,
witches in 7th base,3,78,levasol defense corps
ayano no koufuku riron (vocaloid),3,78,ayano's theory of happiness (vocaloid)
remembrance of earth's past,3,78,"3 body problem,diqiu wangshi"
pokemon xd,3,78,
paradiso guardian,3,78,
relife,3,78,
how to train your dragon 2,3,78,
grendizer u,3,78,
maid-san wa taberu dake,3,78,
heartopia,3,78,
world heroes,3,78,
mujin gattai kisaragi,3,78,
akuyome,3,78,
hell's kitchen,3,78,
eien project,3,78,
folkssoul,3,78,
la corda d'oro starlight orchestra,3,78,
mario & luigi: dream team,3,78,
rogue one: a star wars story,3,78,
isei ni ikou ne (cevio),3,78,
ginga e kickoff!!,3,78,victory kickoff!!
indiana jones (series),3,78,
fluffy land,3,78,
100-kai furareta zetsubou-teki ni motenai ore o awarenda kareshi ari onna tomodachi ga nandemo eroi koto yarasete kureta!!,3,78,
aika zero,3,78,
maid master,3,78,
code vein ii,3,78,
book of yog,3,78,
carole & tuesday,3,78,
kenran butou sai,3,78,
binchou-tan,3,78,
koibito ga jibun ni dake misete kureru sugao ga toutoi,3,78,
ryuugajou nanana no maizoukin,3,78,
active raid,3,78,
phantom blade (game),3,78,
persona q2: new cinema labyrinth,3,78,
mega man xtreme 2,3,77,
maou no ore ga dorei elf wo yome ni shitanda ga dou medereba ii?,3,77,
parquet (yuzusoft),3,77,
lifesteal smp,3,77,
yuusha no kuzu,3,77,scum of the brave
the punisher (series),3,77,
tezuka's star system,3,77,
true love story,3,77,
ren'ai hajimemashite,3,77,
slipknot,3,77,
star wars: ahsoka,3,77,
twokinds,3,77,
sekai saikou no ansatsusha isekai kizoku ni tensei suru,3,77,
echo (visual novel),3,77,
langrisser re:incarnation,3,77,
toujima tanzaburou wa kamen rider ni naritai,3,77,
anata to mita sakura,3,77,
i-dle,3,77,g-i-dle
one room,3,77,
comiket 77,3,77,c77
itzy,3,77,
tokumei m (vocaloid),3,77,anonymous m (vocaloid)
loss time memory (vocaloid),3,77,
house m.d.,3,77,
chou uchuu keiji gavan infinity,3,77,super space sheriff gavan infinity
zombie no afureta sekai de ore dake ga osowarenai,3,77,
pizuya's cell,3,77,
youkai watch shadowside,3,77,
really? really!,3,77,
ishura,3,77,
hataraku ufo,3,77,
vanillaware,3,77,
cosmic baton girl comet-san,3,77,
les chevaucheurs,3,77,
noah fantasy,3,77,
icetea,3,77,
kenkou zenrakei suieibu umishou,3,77,
the emperor's new groove,3,77,
jk bitch sannin musume!,3,77,
hoshizora no babylon,3,77,
kimi omou koi,3,77,
pixiv succubus,3,77,
tanken driland,3,77,
identity (love live!),3,77,
la peche party,3,77,
victory belles,3,77,
kamen rider amazons,3,77,
kendo shoujo,3,77,
mamonomusume to no seikatsu,3,77,
otome wa boku ni koishiteru futari no elder,3,77,
eiyuu senki gold,3,77,
obsolete meat (vocaloid),3,77,
shoumetsu toshi,3,77,
asana tansaku kikou,3,77,
succubus homestay,3,76,
resident evil: vendetta,3,76,resident evil vendetta
awaria,3,76,
tales of phantasia: narikiri dungeon,3,76,
magolor epilogue,3,76,
ultraman orb (series),3,76,
project x zone 2,3,76,
ryoushin no shakkin,3,76,
black clover: sword of the wizard king,3,76,
a simple life with my unobtrusive sister,3,76,
ryuu ga gotoku kiwami,3,76,yakuza kiwami
blizzard entertainment,3,76,blizzard (company)
i love amy,3,76,naneun amyleul saranghae
marathon (series),3,76,
ou-sama no propose,3,76,
aphex twin,3,76,
resident evil: revelations 2,3,76,resident evil revelations 2
neo geo battle coliseum,3,76,
my student spirit,3,76,
magi stop,3,76,
milk junkies,3,76,
dragon raja (jiang nan),3,76,
jinzou konchuu kabutoborg vxv,3,76,
compass (love live!),3,76,
makai senki disgaea 6,3,76,
doubutsu sentai zyuohger,3,76,
vagrant story,3,76,
sakigake generation!,3,76,
xenoblade genesis,3,76,
starship troopers,3,76,
rave (manga),3,76,"rave master,the groove adventure rave"
kyou kara ore wa loli no himo!,3,76,
song of the south,3,76,
helck,3,76,
apex legends mobile,3,76,
form code,3,76,
tonari no seki-kun,3,76,
bokutachi no remake,3,76,
taisen hot gimmick,3,76,
sengoku ace,3,76,
triangle heart,3,76,
monmusu harem,3,76,
fight ippatsu! juuden-chan!!,3,76,juden chan
hoshiuta,3,76,
pepper project,3,76,
para-sol,3,76,
shin sekai yori,3,76,from the new world
brave (pixar),3,75,
countryhumans,3,75,
siivagunner,3,75,
storyshift,3,75,
spotify,3,75,
dragon ball: sparking!,3,75,
girls symphony,3,75,
pokemon ranger and the temple of the sea,3,75,pokemon m09
gal gun double peace,3,75,
heated rivalry,3,75,
dream with you (love live!),3,75,
star ocean: the divine force,3,75,star ocean the divine force
digimon xros wars: toki wo kakeru shounen hunter-tachi,3,75,
tsubasa la liberte,3,75,
the lego movie,3,75,
hoshizora tetsudou to shiro no tabi,3,75,
key of like!,3,75,
2xko,3,75,
panasonic corporation,3,75,
evenicle,3,75,
jimoto saikou,3,75,
marchen awakens romance,3,75,
baldr sky,3,75,
isekai nonbiri nouka,3,75,farming life in another world
esper mami,3,75,
supokon! sports wear complex,3,75,
mario & sonic at the rio 2016 olympic games,3,75,
kono subarashii sekai ni shukufuku wo!: kurenai densetsu,3,75,konosuba: god's blessing on this wonderful world! legend of crimson
uchi no musume no tame naraba ore wa moshikashitara maou mo taoseru kamo shirenai.,3,75,if it's for my daughter i'd even defeat a demon lord
pretty guardian sailor moon,3,75,
cats (musical),3,75,
tamako love story,3,75,
hansel and gretel,3,75,
zoku owarimonogatari,3,75,
mana khemia,3,75,
zero in,3,75,
half-life 1,3,75,
wandavision,3,75,
pokemon world championships,3,75,video game championships
stellar stream (love live!),3,75,
revolver (game),3,75,
majodou,3,75,
fisheye placebo,3,75,
phantasy star zero,3,75,
denpa teki na kanojo,3,75,
tsuru no ongaeshi,3,74,
kingdom come: deliverance,3,74,
persona x detective,3,74,
kokoro ga sakebitagatterunda.,3,74,kokosake
aigan tenshi cheery pink,3,74,
star strings yori,3,74,sutaa sutoringuzu yori
front mission,3,74,
rpg maker,3,74,
monster world,3,74,
bustafellows,3,74,
tokusou sentai dekaranger,3,74,
5pb.,3,74,
super mario 3d land,3,74,
rainbow bubblegem,3,74,
boku no pico,3,74,
sonic superstars,3,74,
sound holic,3,74,sound-holic
lingeries (ramune games),3,74,
kochira koufuku anshin iinkai desu (vocaloid),3,74,this is the happiness and peace of mind committee (vocaloid)
caligula 2,3,74,
rosenkreuzstilette freudenstachel,3,74,
stellarversepro,3,74,
pan kogekoge ni nacchatta (utau),3,74,my bread was burnt to a crisp
haishin shoujo no uraaka meikyuu,3,74,the streamer's alt account labyrinth
little noah,3,74,
kaidan restaurant,3,74,
mirai ticket,3,74,
jain no ikenie,3,74,
2.5 jigen no ririsa tenshitachi no stage,3,74,
gacha (lunime),3,74,
pon no michi,3,74,
vs knight lamune & 40 fire,3,74,
hindu mythology,3,74,
p/a ~potential ability~,3,74,
torikoro,3,74,
the 3rd super robot wars alpha,3,74,
cool&create,3,74,
ghost in the shell arise,3,74,koukaku kidoutai arise
chimimo,3,74,
xblaze lost: memories,3,74,
seikishi melty lovers,3,74,
cool cool toon,3,74,
jamiroquai,3,74,
1bitheart,3,74,
ryman's club,3,74,salaryman's club
cooking mama,3,74,
miracle wave,3,74,
bishounen series,3,74,
beauty and the beast (fairy tale),3,74,
temptation,3,74,
pixela project,3,74,
ac/dc,3,74,
emina&aki,3,74,
garakuta road (idolmaster),3,73,
zettai bouei leviathan,3,73,leviathan: the last defense
digimon world -next 0rder-,3,73,
strawberry shortcake (series),3,73,strawberry shortcake (copyright)
supergirl (2026),3,73,
yararara (synthesizer v),3,73,
aoppella,3,73,
soul eater not!,3,73,
pudu robotics,3,73,
the game of life (board game),3,73,
kirby: canvas curse,3,73,kirby canvas curse
animate cafe,3,73,
gamers (store),3,73,
shikihime zoushi,3,73,
mega man 5,3,73,
mario & luigi: bowser's inside story,3,73,
tsumihoroboshi-hen,3,73,
patalliro!,3,73,
the godfather,3,73,
sukiya,3,73,
pokemon the movie: secrets of the jungle,3,73,pokemon m23
kingdom death,3,73,
mayonaka punch,3,73,
island (game),3,73,
baten kaitos,3,73,
the elder scrolls online,3,73,
ultraman cosmos (series),3,73,
sacred seven,3,73,
himitsu houjin death maker,3,73,
battlefield 1,3,73,
semelparous,3,73,
mega man battle network 1,3,73,
shirohime quest,3,73,
garten of banban,3,73,
ar nosurge,3,73,
sword art online: integral factor,3,73,
ilion sled dog sanctuary,3,73,
tsukiji uogashi sandaime,3,73,
class no daikirai na joshi to kekkon suru koto ni natta.,3,73,"class no daikirai na joshi to kekkon suru koto ni natta,i'm getting married to a girl i hate in class,i'm getting married to a girl i hate in my class,i got married to the girl i hate most in class"
fate/dream striker,3,73,
eguchi-san chi no junjou succubus,3,73,
super robot wars og the inspector,3,73,
tokumei sentai go-busters,3,73,
osomatsu-san the movie,3,73,
gamecenter cx,3,73,
earclacks,3,73,
isekai shokudou,3,73,
magikano,3,73,
wanko to lily,3,73,
kyou no go no ni,3,73,
majokko a la mode,3,73,
viper gtb,3,73,
acmeholic,3,73,
otoko no ko wa meido fuku ga osuki!?,3,73,
pixiv festa,3,73,
shuuen no shiori project,3,73,
phantom rose,3,73,
call of duty 4,3,73,
the jungle book,3,73,
b gumi,3,73,
floralia,3,73,
sachiiro hanamizuki,3,73,
iron attack!,3,73,
mentholatum,3,73,
growlanser i,3,73,
"unique job ""tanetsuke oji-san"" o kakutoku shimashita",3,73,
marvel's spider-man,3,72,spider-man (2018 game)
all nippon airways,3,72,
class de 2-banme ni kawaii onnanoko to tomodachi ni natta,3,72,i made friends with the second prettiest girl in my class
nekopara sekai connect,3,72,
ren'ai karichaimashita,3,72,
guilty gear strive: dual rulers,3,72,
fate/grand carnival,3,72,
toushinden 1,3,72,
persona trinity soul,3,72,
persona 5 tactica,3,72,
tsunagaru connect (love live!),3,72,
colorful dreams! colorful smiles! (love live!),3,72,
ark re:code,3,72,
rk music,3,72,
meitantei conan card game,3,72,
sinisistar,3,72,
stardays,3,72,
teletubbies,3,72,
stella no mahou,3,72,
panzer dragoon,3,72,
burn-up,3,72,
sengoku musou 1,3,72,samurai warriors 1
tevi,3,72,
ex astris,3,72,
sangoku hime,3,72,
kuroinu 2,3,72,
seno lepo,3,72,
michiko to hacchin,3,72,
mr. and mrs. smith,3,72,
hikage monogatari,3,72,
key the metal idol,3,72,
pixiv trainer,3,72,
choujigen game neptune sisters vs sisters,3,72,neptunia: sisters vs sisters
eternal senia,3,72,
spectral force,3,72,
oniro,3,72,
shinigami dot com,3,72,
hatsukoi 1/1,3,72,
adolescence (vocaloid),3,72,
"""rouhou"" ore no iinazuke ni natta jimiko ie dewa kawaii shikanai.",3,72,
bloody roar,3,72,
toys drive,3,72,
aiura,3,72,
joshi shougakusei hajimemashita,3,72,
dragon age: origins,3,72,
megami magazine creators,3,72,
ore ga suki nano wa imouto dakedo imouto janai,3,72,
norn's dine,3,71,
piofiore no bansho,3,71,
static (vocaloid),3,71,
donkey kong country 2,3,71,
hantsu x trash,3,71,
boukyaku battery,3,71,oblivion battery
choushinjiku game neptune unlimited,3,71,
ima kako mirai no sangenshoku,3,71,
sonic and the secret rings,3,71,
the grudge,3,71,ju-on
vgaming,3,71,
gekkan uribou zakka-ten,3,71,
the mighty nein,3,71,critical role: campaign ii
eris no seihai,3,71,the holy grail of eris
super robot wars advance,3,71,
google search,3,71,
karakuri circus,3,71,
the dream of the fisherman's wife,3,71,
mikadono sanshimai wa angai choroi,3,71,
amissio,3,71,
mega man: powered up,3,71,
reijuu no acolyte lufia,3,71,
ultraman omega (series),3,71,
comiket 75,3,71,c75
lady death,3,71,
candy (art book),3,71,
daydream mermaid,3,71,
person of interest,3,71,
kekkon yubiwa monogatari,3,71,tales of wedding rings
i'm the grim reaper,3,71,
voy@ger (idolmaster),3,71,
gang road joker,3,71,
numan athletics,3,71,
world of final fantasy,3,71,
betterman,3,71,
kouryuu densetsu villgust,3,71,
maid dolce,3,71,
stars we chase (love live!),3,71,
bakappuru supplement,3,71,
moonlight ~omoide no hajimari~,3,71,
night in the woods,3,71,
mamotte shugogetten!,3,71,
popolocrois,3,71,
yuusha party wo tsuihou sareta beast tamer saikyoushu no nekomimi shoujo to deau,3,71,beast tamer (series)
remote control (vocaloid),3,71,rimocon (vocaloid)
sorairo utility,3,71,
honey select,3,71,
beast wars ii,3,71,
kerberos saga,3,71,
vesperbell,3,71,
last chronicle,3,71,
high school! kimengumi,3,71,
choujikuu kidan southern cross,3,71,the super dimension cavalry southern cross
classy cranberry's,3,71,
majoca majoluna,3,71,
shin megami tensei: liberation dx2,3,71,
alice or alice,3,71,
nijie,3,71,
eikou no guardian battle,3,71,
gundam seed c.e. 73: stargazer,3,71,
itsuka tenma no kuro usagi,3,71,
command & conquer: red alert 3,3,71,command and conquer: red alert 3
hime to boin,3,71,
france shoujo,3,71,
unholy sanctuary,3,71,
djmax technika,3,71,dj max technika
gal gun,3,70,
nande koko ni sensei ga!?,3,70,why the hell are you here teacher!?
kikuo,3,70,
plawres sanshirou,3,70,
mahou sentai magiranger,3,70,
code geachu lelouch of the calamity,3,70,
neon genesis evangelion: iron maiden,3,70,
galaga,3,70,
gensou suikoden tierkreis,3,70,
scarlet nexus,3,70,
shining force i,3,70,
harper's bazaar,3,70,
amd,3,70,
toaru anbu no item,3,70,a certain item of dark side
nmixx,3,70,
mayonaka heart tune,3,70,tune in to the midnight heart
blade runner (1982 movie),3,70,
the avengers (2012),3,70,
towa tsugai,3,70,
le petit prince,3,70,
my s-class hunters,3,70,"naega kiun s geubdeul,the s-classes that i raised"
genkai ol-san wa akuyaku reijou-sama ni tsukaetai,3,70,genkai ol-san wa akuyaku reijoh-sama ni tsukaetai
meet the team,3,70,"meet the demoman,meet the engineer,meet the heavy,meet the medic,meet the pyro,meet the scout,meet the sniper,meet the soldier,meet the spy"
code of princess,3,70,
dao mu bi ji,3,70,
rememento: white shadow,3,70,
tsumamigui 3,3,70,
lucky dog 1,3,70,
transformers (2007 movie),3,70,
in'youchuu,3,70,
babymetal,3,70,
symposium of post-mysticism,3,70,
hakaiou: gaogaigar vs. betterman,3,70,
paranormasight: the seven mysteries of honjo,3,70,
mementomori (game),3,70,
help me erinnnnnn!!,3,70,
jiangnan baijingtu,3,70,one hundred scenes of jiangnan
godzilla vs. kong,3,70,godzilla vs kong
juusha-chan to yaya zannen na yuusha no hanashi,3,70,
counter-strike,3,70,
canvas sepia iro no motif,3,70,
pathologic,3,70,
vivid world (love live!),3,70,
garry's mod,3,70,
kimi no iru machi,3,70,
aku no musume (series),3,70,
13cm,3,70,
spec,3,70,
white breath,3,70,
bishoujo mangekyou: wasurenagusa to eien no shoujo,3,70,
herowarz,3,70,
chiba lotte marines,3,70,
tora da yo.,3,70,
saiko heart (love live!),3,70,
comic grape,3,70,
atelier elie,3,70,
btooom!,3,70,
konneko,3,70,
harvest moon (vtuber),3,70,
dirty pair flash,3,70,
akeiro kaikitan,3,70,
kawaihara senpai wa kawaii ga suki!,3,70,
ikkitousen xtreme xecutor,3,70,
haruka ni aogi uruwashi no,3,70,
maou-sama to kekkonshitai,3,70,
jinsei,3,70,
yuke yuke!! trouble makers,3,69,
jucika (comic),3,69,
dadadada tenshi (nanawo akari),3,69,
how about paipai mask? (houshou marine),3,69,
reactivate majestical imperial,3,69,
the silence of the lambs,3,69,
heisei gals!!!! (love live!),3,69,
8eyes,3,69,
hoshi furu yoru no farnese,3,69,
transformers: energon,3,69,transformers energon
yukata to rape to aniki to ore to.,3,69,
monster world iv,3,69,
daidaidaidaidaikirai (vocaloid),3,69,
moon girl and devil dinosaur,3,69,
laugh diamond,3,69,
star ocean ex,3,69,
deus ex,3,69,
uta no prince-sama maji love 2000%,3,69,uta no prince-sama maji love 2000 percent
sonny boy,3,69,
gundam g-saviour,3,69,
nayutan sei kara no buttai,3,69,
kidou battle gunvarrel,3,69,
inward (itwasleo),3,69,
frame arms,3,69,
2bro.,3,69,
salamander (vocaloid),3,69,
strategic lovers,3,69,
boku to nurse no kenshuu nisshi,3,69,
dot abyss,3,69,
sagawa express,3,69,
kankin byoutou ~kyonyuu chijo nurse no nyuuin kango kiroku~,3,69,
chiyu mahou no machigatta tsukaikata,3,69,the wrong way to use healing magic
beatmania iidx 22 pendual,3,69,
koori zokusei danshi to cool na douryou joshi,3,69,the ice guy and his cool female colleague
zetsuen no tempest,3,69,
project qt,3,69,
street fighter: duel,3,69,
hisone to masotan,3,69,
kokoro navi,3,69,
patapon,3,69,
ayakashi,3,69,
mushihimesama futari,3,69,
tonari no seki no yankee shimizu-san ga kami wo kuroku somete kita,3,69,
joukyou seikatsuroku ichijou,3,69,ichijou: life in tokyo
moon (game),3,69,
additional memory (vocaloid),3,69,
meitantei conan kurogane no submarine,3,69,detective conan: black iron submarine
lost one no goukoku (vocaloid),3,69,lost one's weeping (vocaloid)
zero project,3,69,
okaeri papa,3,69,
bokujou monogatari: waku waku animal march,3,69,
isekai shinige ojousama,3,69,
neyuki no gen'ei,3,69,
hibikino-san-chi wa eroge-ya-san!,3,69,
sakura kakumei,3,69,
angel sanctuary,3,69,
kenzen robo daimidaler,3,69,daimidaler: prince vs. penguin empire
asatte no houkou,3,69,
last night good night (vocaloid),3,69,
futaba-san chi no kyoudai,3,69,
kamidori alchemy meister,3,69,
onanie master kurosawa,3,69,
agent mirai,3,69,
harukanaru toki no naka de 3,3,69,haruka: beyond the stream of time 3
muteki kanban musume,3,69,
happy lesson,3,69,
hero-san to moto onna kanbu-san,3,69,superwomen in love! honey trap and rapid rabbit
dra+koi,3,69,
the caster chronicles,3,69,
miss monochrome,3,69,
x-men evolution,3,68,
kingdom come: deliverance ii,3,68,
black desert online,3,68,
jojo no kimyou na bouken: mirai e no isan,3,68,jojo's bizarre adventure: heritage for the future
rance 01,3,68,
dream c club gogo.,3,68,
ultraman leo (series),3,68,
hyrule warriors: age of imprisonment,3,68,
fushigi mahou fun fun pharmacy,3,68,
mahou no shimai lulutto lilly,3,68,
shiroi yuki no princess wa (vocaloid),3,68,the snow white princess is (vocaloid)
iris out (song),3,68,
mahou shoujo ikusei keikaku aces,3,68,
orange memories,3,68,
usotsuki hime to moumoku ouji,3,68,the liar princess and the blind prince
langrisser v,3,68,
artemis program,3,68,artemis ii
sokushi cheat ga saikyou sugite isekai no yatsura ga marude aite ni naranai n desu ga,3,68,
virtual insanity (song),3,68,
iwamotochou geinousha,3,68,
henkei shoujo,3,68,
dragon ball z kami to kami,3,68,
quartett!,3,68,
yong jie wujian,3,68,naraka: bladepoint
police and lady,3,68,
othellonia,3,68,
hakusen (idolmaster),3,68,
mousou zei (vocaloid),3,68,
uefa euros,3,68,
kemonomichi,3,68,
hand maid may,3,68,
deep rock galactic,3,68,
tales of the world radiant mythology 3,3,68,
love live! school idol festival ~after school activity~,3,68,
who made me a princess,3,68,eoneu nal gongjuga doeeobeoryeotda
higeki no genkyou tonaru saikyou gedou last boss joou wa tami no tame ni tsukushimasu,3,68,the most heretical last boss queen: from villainess to savior
101 dalmatians,3,68,one hundred and one dalmatians
seikyouiku series,3,68,
final sword,3,68,
ragna crimson,3,68,
sweetest music,3,68,
nuye,3,68,
yubisaki kara no honki no netsujou,3,68,
gekokujou (vocaloid),3,68,
joshi kousei no mudazukai,3,68,
long riders!,3,68,
qp shooting,3,68,
triptych,3,68,
tatakau shisho,3,68,
gal dolva!!,3,68,
project a.d.a.,3,68,
nkshoujo,3,68,
kamipani!,3,68,
tsuma to mama to boin,3,68,
pixiv shadow,3,68,
sengoku hime,3,68,
yuugai choujuu,3,67,
radiohead (band),3,67,
the office,3,67,
saikin osen (vocaloid),3,67,"bacterial contamination (vocaloid),saikin osen - bacterial contamination - (vocaloid)"
sasaki to miyano,3,67,
transformers: war for cybertron,3,67,
power rangers (boom! studios),3,67,"mighty morphin power rangers (boom! studios),power rangers prime,power rangers shattered grid"
someone hertz,3,67,
the rolling riceball (idolmaster),3,67,
pico (newgrounds series),3,67,"pico's school,pico (series)"
shota oni,3,67,
kamisama minarai: himitsu no cocotama,3,67,
gundam suisei no majo: seishun frontier,3,67,
senjou no fuuga,3,67,fuga: melodies of steel
kuraku kuroku (zutomayo),3,67,
kyuukyoku shinka shita full dive rpg ga genjitsu yori mo kusoge dattara,3,67,
217find!,3,67,
mezzo piano,3,67,
ai kotoba iii (vocaloid),3,67,
death battle,3,67,
isaku,3,67,
tragic drops (love live!),3,67,
start!! true dreams (love live!),3,67,
insomniac workers,3,67,
oni chichi,3,67,
pathologic 2,3,67,
kateikyoushi no onee-san,3,67,
touhou m-1 grand prix,3,67,
seikoku no dragonar,3,67,dragonar academy
super robot wars og moon dwellers,3,67,
a summer's end: hong kong 1986,3,67,
omokage ~ecchi na happening!? nandemo dontokoi!~,3,67,
sand land,3,67,
metal max,3,67,
call of duty: mobile,3,67,
sucking up to death,3,67,
yoidore shirazu (vocaloid),3,67,
kou iu no ga ii,3,67,
hakata tonkotsu ramens,3,67,
cosmic break 2,3,67,
out (magazine),3,67,
lotte (company),3,67,
appleseed,3,67,
pokemon ranger: shadows of almia,3,67,pokemon ranger 2
kekkaishi,3,67,
blot plot,3,67,
zytokine,3,67,cytokine
emperors saga,3,67,
ero zemi,3,67,
girls logic observatory,3,67,
sengoku asuka zero,3,67,
nabari no ou,3,67,
aura kingdom,3,67,
anitore! ex,3,67,
megastore comics,3,67,
hitsugi katsugi no kuro,3,67,shoulder-a-coffin kuro
torinoko city (vocaloid),3,67,
shinozaki-san ki wo otashikani,3,67,
saimoe,3,67,
mesu nie onna kyoushi,3,67,
gaiking: legend of daikuu maryuu,3,67,
outerplane,3,66,
girls revolution project,3,66,
ikari warriors,3,66,
shoujo no nozomanu eiyuutan,3,66,
blade & bastard,3,66,
nikki up2u,3,66,
ketsui no hikari,3,66,
chiisana mori no ookami-chan,3,66,
x-com,3,66,xcom
amairo chocolata,3,66,
xross stars,3,66,
pili budaixi,3,66,
the last story,3,66,
secret agent ~kishi gakuen no shinobi naru mono~,3,66,
lower (vocaloid),3,66,
graduation (series),3,66,
tottemo! luckyman,3,66,
resident evil veronica,3,66,
last episode (fate),3,66,last episode
m3gan,3,66,
top gun: maverick,3,66,
no home (manhwa),3,66,
meitantei holmes,3,66,sherlock hound (series)
vlad grimms,3,66,
onegai aipri,3,66,
jump king,3,66,
archie (comic),3,66,
for honor,3,66,
mahou tsukai no hako,3,66,magician's box (type-moon)
toaru kagaku no dark matter,3,66,
monster high (g3),3,66,
suica,3,66,
dragon quest rivals,3,66,
dragon quest heroes,3,66,
falslander,3,66,
contra,3,66,
tsuki tsuki!,3,66,
aozora stripe,3,66,
jinx (manhwa),3,66,
uruwashi no yoi no tsuki,3,66,
shinigami no ballad,3,66,ballad of a shinigami
dragon crisis!,3,66,
how to train your dragon 1,3,66,
maha5,3,66,
super robot wars destiny,3,66,
galleria no chika meikyuu to majo no ryodan,3,66,labyrinth of galleria: the moon society
puni puni handmaid,3,66,
danshi koukousei ga mahou shoujo ni naru hanashi,3,66,
yancha gal no anjou-san,3,66,
office workers (blushyspicy),3,66,
girl friends (manga),3,66,
labyrinth of touhou tri,3,66,touhou no meikyuu tri
hirotta nazo seibutsu no kansatsu nikki,3,66,
kazoku game,3,66,
asu no yoichi,3,66,
orc massage,3,66,
cynthia the mission,3,66,
psyren,3,66,
ariel (novel),3,66,
top gear,3,66,
pokemon the movie 2000: the power of one,3,65,pokemon m02
kabushikigaisha magi-lumiere,3,65,
regretevator,3,65,
red dead redemption,3,65,
popeye (series),3,65,
the legend of zelda (cd-i),3,65,
natsu koi high pressure,3,65,
fight club,3,65,
colorfulness (love live!),3,65,
tower defense simulator,3,65,
doctor strange in the multiverse of madness,3,65,
flying red barrel,3,65,
yozakura-san chi no daisakusen,3,65,mission: yozakura family
final fight 2,3,65,
pokedan icma,3,65,
super robot wars original generation gaiden,3,65,
emotion (love live!),3,65,
sixiwanzi,3,65,
mario golf: super rush,3,65,
angel notes,3,65,
monsters university,3,65,
gachimuchi de dosukebe na kateikyoushi no oniisan to sugosu natsu,3,65,
kono shima ni wa midara de jaaku na mono ga sumu,3,65,
nyanyanyanyanyanyanya! (vocaloid),3,65,
resident evil: death island,3,65,
litchi hikari club,3,65,
uchi no shisho wa shippo ga nai,3,65,my master has no tail
monster maker,3,65,
oniichan continue!,3,65,
fancy dress party (idolmaster),3,65,
comic yuri hime,3,65,
jungle de ikou,3,65,
unbalance unbalance,3,65,
cracklecradle,3,65,
mobius final fantasy,3,65,
battle spirits: shounen gekiha dan,3,65,
the sealed esoteric history,3,65,
kaiserreich,3,65,
ultraman r/b,3,65,
rpg gakuen,3,65,
valhalla valkyries,3,65,
kde,3,65,
yoroiden samurai troopers,3,65,
dragon tactics,3,65,
karumaruka circle,3,65,
dekitate evo! revo! generation! (idolmaster),3,65,
atelier iris,3,65,
magna carta crimson stigmata,3,65,
shichinin no online gamers,3,65,
kocchi muite baby (vocaloid),3,65,look this way baby (vocaloid)
uwabami breakers,3,65,
league of angels,3,65,
katahane,3,65,
my-otome s.ifr,3,65,
choujigen taisen neptune vs sega hard girls,3,65,superdimension neptune vs sega hard girls
raideen (series),3,64,
pokemon ranger: guardian signs,3,64,pokemon ranger 3
ananta,3,64,project mugen
toushin toshi ii,3,64,
pash (magazine),3,64,
phighting!,3,64,
hibikase (vocaloid),3,64,resonate (vocaloid)
bunny garden 2,3,64,
yamato transport,3,64,
nickelodeon,3,64,
juuni senshi bakuretsu eto ranger,3,64,
nudist beach ni shuugakuryokou de!!,3,64,
nct (band),3,64,
haruka naru enkei sekai,3,64,
battle spirits: burning soul,3,64,
futari ecchi,3,64,
galholic,3,64,
gleipnir (series),3,64,
super robot wars t,3,64,
yume no crayon oukoku,3,64,
awakening promise (love live!),3,64,
maimaimaigoen,3,64,
kellogg's,3,64,
water blue new world,3,64,
arasa ol haman-sama,3,64,
karasu wa aruji wo erabanai,3,64,
castlevania: legacy of darkness,3,64,
di gi charat (1999),3,64,
fujiya,3,64,
balatro,3,64,
labyrinth of touhou 2,3,64,touhou no meikyuu 2
maebashi witches,3,64,
nanawind,3,64,
purenista,3,64,
taiyou de are!,3,64,
hentai prison,3,64,
demonion ii: maou to sannin no joou,3,64,
hitozuma kyoushi ga oshiego no joshikousei ni dohamari suru hanashi,3,64,
bakumatsu rouman dainimaku,3,64,
sei ni utokatta watashi wa kurasu no danshi to ooo shite shimaimashita,3,64,
akihabara beer fair,3,64,
ataman ita (synthesizer v),3,64,
yumyverse,3,64,
boku to kanojo no onani life,3,64,
thousand memories,3,64,
double teacher life,3,64,
dakaretai otoko 1-i ni odosarete imasu.,3,64,
hanidebi! honey & devil,3,64,
risk hunters,3,64,
tsukimi shokudouki,3,64,
bishoujo mangekyou: tsumi to batsu no shoujo,3,64,
mamamoo,3,64,
muteki koujin daitarn 3,3,64,
soap school,3,64,
kemono friends opening day,3,64,
seikaisuru kado,3,64,
mega man 10,3,64,
asura fantasy online,3,64,
oumagadoki doubutsuen,3,64,
freely tomorrow (vocaloid),3,64,
million chain,3,64,
kuuchuu buranko,3,64,
saint estera gakuin no shichinin no majo,3,64,
natsu no arashi!,3,64,
nega0,3,64,
obsession (movie),3,64,
juuoumujin no fafnir,3,64,
sengoku gensoukyoku,3,64,
imouto no okage de mote sugite yabai,3,64,
shinki kakusei melty maiden,3,64,
senran nin nin ninja taisen neptune: shoujo-tachi no kyouen,3,63,neptunia x senran kagura: ninja wars
idolmaster mobile,3,63,
rwby: ice queendom,3,63,rwby ice queendom
rance vi,3,63,
mirror's edge (series),3,63,
hajimete no oisha-san,3,63,
hedon bloodrite,3,63,
gear fighter dendoh,3,63,gear senshi dendou
countryball,3,63,
i can't wait (synthesizer v),3,63,
halo 3,3,63,
the summoning,3,63,
peak (game),3,63,
killer instinct (series),3,63,
rose to tasogare no kojou,3,63,a rose in the twilight
hitomi-chan wa hitomishiri,3,63,
ok k.o.! let's be heroes,3,63,
koronba,3,63,
promisu,3,63,
kiki kaikai (series),3,63,
cannonball ~neko neko machine mou-race!~,3,63,
atarayo hanabi,3,63,
imitation black (vocaloid),3,63,
misao,3,63,
gregory horror show,3,63,
tokyo yakult swallows,3,63,
electric hearts,3,63,
versen,3,63,
kakushigoto,3,63,
baka janai noni (zutomayo),3,63,
ore no ichizu wo jama suru aitsu,3,63,
yorha,3,63,
gangnam style,3,63,
mijuku dreamer,3,63,
revenger,3,63,
busou kanojo,3,63,
nogizaka46,3,63,
shirotsume souwa,3,63,
grimms notes the animation,3,63,
handymonsters,3,63,
the 2nd super robot wars og,3,63,
routes,3,63,
anilive,3,63,
utawarerumono: futari no hakuoro,3,63,
apricot (vocaloid),3,63,
campione!,3,63,
asus,3,63,
world election,3,63,
natsuiro kiseki,3,63,
japan commercial broadcasters association,3,63,
planetes,3,63,
sei shoujo ~seido ikusei gakuen~,3,63,
kamen no maid guy,3,63,
queen's blade spiral chaos,3,63,
ninja sentai kakuranger,3,62,
mahou no idol pastel yumi,3,62,
fighting vipers,3,62,
mission impossible (bkub),3,62,
mega man 7,3,62,
mahou no kaiheitai pixel maritan,3,62,magical marine pixel maritan
battle for dream island,3,62,
wallace & gromit,3,62,wallace and gromit
koutetsushin jeeg,3,62,
spider-man 1 (2002),3,62,
scissor seven,3,62,
eternal-e,3,62,
role player: okayu shimai no nenmaku potrait - gurigucha live!,3,62,
yoshiwara lament (utau),3,62,
the beginning after the end,3,62,
metro-goldwyn-mayer,3,62,mgm studios
mega man battle network 4,3,62,
far cry,3,62,
mekakushi code (vocaloid),3,62,blindfold code (vocaloid)
coneru -dimension girl-,3,62,
umamusume: party dash,3,62,
danshi kinsei game sekai de ore ga yarubeki yuiitsu no koto yuri no ma ni hasamaru otoko to shite tensei shite shimaimashita,3,62,the only thing i'd do in a no-boys-allowed gaming world
super mario strikers,3,62,
kuzu no honkai,3,62,scum's wish
private garden,3,62,
splatterhouse,3,62,
rokumon tengai mon colle knight,3,62,
itemlabel,3,62,
ducktales,3,62,
yakunitatsu node chi o kudasai,3,62,
gamma (ogino jun),3,62,
trick & cute (love live!),3,62,
jitsuwa kankin mankitsu? kurumi-chan!,3,62,
redline,3,62,
you're under my skin!,3,62,
queen's blade limit break,3,62,
kono yo no hate de koi wo utau shoujo yu-no,3,62,yu-no: a girl who chants love at the bound of this world
siren 1,3,62,
rail romanesque,3,62,
shadow hearts: from the new world,3,62,shadow hearts from the new world
shin sangoku musou 8,3,62,dynasty warriors 9
ladymade star,3,62,
himawari!,3,62,
kono oozora ni tsubasa wo hirogete,3,62,
assassin's creed: unity,3,62,
htol#niq: hotaru no nikki,3,62,
natsu yume nagisa,3,62,
mirai no bokura wa shitteru yo,3,62,
mitama ~shinobi~,3,62,
sailor moon musical,3,62,
triangle heart 3,3,62,
yogurting,3,62,
punch line,3,62,
gundam 00p,3,62,
just because!,3,62,
after school lessons for unripe apples,3,62,
2006 fifa world cup,3,62,
yagai gakushuu,3,62,
sakura tale,3,62,
kyoushirou to towa no sora,3,62,
shinitagari shoujo to shokujinki-san,3,62,
kon'ya wa neko-chan,3,62,
jojo no kimyou na bouken: all star battle,3,62,
master of epic,3,62,
dokonjou gaeru,3,62,
harukanaru toki no naka de 4,3,62,haruka: beyond the stream of time 4
violinist of hameln,3,62,
spider-man 2 (2004),3,61,
neko-nin exheart,3,61,
sugarbunnies,3,61,
ys: memories of celceta,3,61,ys memories of celceta
bannou bunka nekomusume,3,61,
zyuden sentai kyoryuger,3,61,
re:zero kara tsugihagu isekai seikatsu,3,61,
appare! tenka gomen,3,61,
inazuma eleven cross,3,61,
hylics,3,61,
shin getter robo vs neo getter robo,3,61,
venom (2018),3,61,
beyond citadel,3,61,
yumemi channel,3,61,
the scramble vice,3,61,
bumblebee (movie),3,61,
show (ado),3,61,
chronicle of myers,3,61,
tiny stars,3,61,
ace combat 6,3,61,
sekiranun graffiti (vocaloid),3,61,
killer7,3,61,
duel masters lost,3,61,
tamaonsen,3,61,
the umbrella academy,3,61,
touch (manga),3,61,
yogibo,3,61,
purple haze feedback,3,61,
world witches x,3,61,
easter wonderland,3,61,
rage of the dragons,3,61,
anekouji naoko to giniro no shinigami,3,61,
alice's emotion,3,61,
super robot wars y,3,61,
hojo studio,3,61,
moldavite,3,61,
freedom wars,3,61,
forza,3,61,
devilish hairdresser,3,61,
boku to maou,3,61,okage: shadow king
bram stoker's dracula,3,61,
illusion connect,3,61,
star linker,3,61,
nadeshiko-san just can't say no!,3,61,
tougenkyou e ikou (utau),3,61,
the raven cycle,3,61,
inside out 2,3,61,
harry potter and the cursed child,3,61,
comic potpourri club,3,61,
ebiten (manga),3,61,
b-daman,3,61,
crunchyroll,3,61,
fate rewinder,3,61,
myslot,3,61,
diamond princess no yuuutsu,3,61,
okiba ga nai!,3,61,
honeycoming royalsweet,3,61,
kono aozora ni yakusoku wo,3,61,
alter ego (game),3,61,
boku girl,3,61,
roki (vocaloid),3,61,
mighty (series),3,61,
princess waltz,3,61,
kiss to lord to darjeeling,3,61,
kanojo tachi no ryuugi,3,61,
resident evil: the darkside chronicles,3,61,resident evil darkside chronicles
han-gyaku-sei million arthur,3,61,
mythbreakers (hololive english),3,61,
memories off 6,3,61,
ikaruga,3,61,
byousoku 5 centimeter,3,61,
disventure camp,3,60,
senran kagura project n,3,60,
pokemon stadium,3,60,
sonic the hedgehog (ova),3,60,
icey (game),3,60,
soul hackers 2,3,60,
zombie (vocaloid),3,60,
hongshan forest zoo,3,60,
fate/type redline,3,60,
ts loli oji-san no boukan,3,60,
ueki no housoku,3,60,the law of ueki
inspector gadget,3,60,
umamusume: peace peace cepea cepea golshi-chan,3,60,
intel,3,60,
papa wolf and the puppy,3,60,
evanescence,3,60,
walmart,3,60,
mobile suit gundam: cucuruz doan's island,3,60,
harry potter: hogwarts mystery,3,60,
maou to ore no hangyakuki,3,60,
dragon ball z fukkatsu no f,3,60,
wang chuan feng hua lu,3,60,
transformers: revenge of the fallen,3,60,
salvika,3,60,
yarofes:2023,3,60,
plunderer,3,60,
the rumble fish,3,60,
digimon adventure: last evolution kizuna,3,60,
quake (series),3,60,
rooster teeth,3,60,roosterteeth
major 2nd,3,60,
mermay 2024,3,60,
vampire princess miyu,3,60,
advance wars: dual strike,3,60,
tokumei radio,3,60,
crosscode,3,60,
jin-roh,3,60,
betty boop (series),3,60,
tesagure! bukatsu-mono,3,60,
mystery skulls,3,60,
kirby mass attack,3,60,
unico,3,60,
kimitachi wa dou ikiru ka,3,60,"how do you all live,the boy and the heron"
evangelion: 1.0 you are (not) alone,3,60,
harta,3,60,
rosen garten saga,3,60,
exitus,3,60,
twin angel break,3,60,
seikon no arcana,3,60,
hey arnold!,3,60,
anilive jumpstart program,3,60,
a dog of flanders,3,60,
the fire rises,3,60,
magical antique,3,60,
tales of the world radiant mythology,3,60,
heinz,3,60,
brain powered,3,60,
mongil: star dive,3,60,
blade arcus from shining,3,60,
advance of zeta re-boot,3,60,
teihen no daigaku janaru,3,60,
koeru otoge-san,3,60,
riding bean,3,60,
omoi yo hitotsu ni nare,3,60,
alien alien (vocaloid),3,60,
xiao huaxian,3,60,
memories off sorekara,3,60,
divergence eve,3,60,
bee and puppycat,3,60,
bomberman jetters,3,60,
tokimeki check in,3,60,
tone sphere,3,60,
tonari no seki no inkya joshi ga oshi utaite datta ~ore no kyoku wo utatte kure!~,3,60,
bokujou monogatari: yasuragi no ki,3,60,
kidatsu! dungeons lord,3,60,
chigau miyahara omae janai!,3,60,
kutsu no muku mama,3,60,
tonnura-san,3,60,
on air!,3,60,
warhammer 40k: rogue trader,3,59,
vagabond,3,59,
setsuna trip (vocaloid),3,59,
shunkashuutou daikousha,3,59,
sonic lost world,3,59,
corocoro comic,3,59,
sakura moyu,3,59,
castlevania (1986),3,59,
phoenix (love live!),3,59,
looping the rooms (vocaloid),3,59,
queen emeraldas,3,59,
mirage (takanashi kiara),3,59,
la la land,3,59,
otome no tokuisei,3,59,
toushinden 2,3,59,
tintin,3,59,
kyokugen chikan tokuiten 2,3,59,
matantei loki ragnarok,3,59,
tatu,3,59,
senran kagura peach ball,3,59,
arpiel,3,59,
sonic the hedgehog (movie),3,59,
madk,3,59,
manimani (vocaloid),3,59,
book of the cafe,3,59,
floral flowlove,3,59,
tatsunoko vs. capcom,3,59,tatsunoko vs capcom
touhou ayaria epic,3,59,
fate:lost einherjar,3,59,fate/lost einherjar
pathways (game),3,59,
corruption of champions 2,3,59,
kiki kaikai,3,59,
eiketsu taisen,3,59,
gore screaming show,3,59,
thor: ragnarok,3,59,
visions of mana,3,59,
pokemon ruby/sapphire/emerald (prototype),3,59,pokemon rse (prototype)
undertale yellow,3,59,
yoshi's island ds,3,59,
medarot s,3,59,
eien no akuru hi,3,59,
weezer (band),3,59,
tensei kizoku kantei skill de nariagaru,3,59,as a reincarnated aristocrat i'll use my appraisal skill to rise in the world
my mom and sister are size queen sluts,3,59,
okusuri nonde neyou (vocaloid),3,59,
black&white (senano-yu),3,59,
android wa jirai-kei no yume wo miru.,3,59,
kono sekai no katasumi ni,3,59,
cendrillon (vocaloid),3,59,
moonlit bear (vocaloid),3,59,
akashic chronicle,3,59,
miya-chan no kyuuin life!,3,59,
magi in wanchin basilica,3,59,
itsuka todoku ano sora ni,3,59,
midnight anime lemon angel,3,59,
star trek: the original series,3,59,
zanyo (love live!),3,59,
kikou-kai galient,3,59,
magi-cu,3,59,
i want my hat back,3,59,
aho girl,3,59,
sword world 2.0,3,59,
aion,3,59,
ping pong (manga),3,59,
ryuu to sobakasu no hime,3,59,belle (movie)
dream c club zero,3,59,
rdg red data girl,3,59,
japan world cup,3,59,
cloud kingdom,3,59,
mikumix,3,59,
ane to boin,3,59,
sayonara eri,3,59,goodbye eri
vampeerz,3,59,
khornette quest,3,59,
wind boys!,3,59,
aozora no mieru oka,3,59,
tegami bachi,3,59,
boy meets girl,3,59,
nami no manimani,3,59,
suzunone seven,3,59,
viviz,3,58,
koushinchou no kouhai to teishinchou no senpai ga renai ni hatten suru made,3,58,
umayon,3,58,
ninpuu sentai hurricanger,3,58,
aquaman (series),3,58,
love delivery,3,58,
aishite aishite aishite (vocaloid),3,58,
leviathan (project moon),3,58,
meconopsis (ninomae ina'nis),3,58,
house of the dragon,3,58,
world baseball classic,3,58,
mario & luigi: partners in time,3,58,
genyo yako,3,58,
special color (love live!),3,58,
akari ga yatte kitazo (vocaloid),3,58,
select oblige,3,58,
coraline (movie),3,58,
cylinders: trampled heroines,3,58,
isshou senkin,3,58,
rpg fudousan,3,58,
hate shinaku aoi kono sora no shita de....,3,58,
hatsune miku no gekishou (vocaloid),3,58,the intense voice of hatsune miku (vocaloid)
glitch techs,3,58,
doom: the dark ages,3,58,
equestria girls: better together,3,58,
fantasy life i: the girl who steals time,3,58,
nurse angel ririka sos,3,58,
plumaos academy,3,58,
najica dengeki sakusen,3,58,
comic penguin club sanzokuban,3,58,
ecole du ciel,3,58,
rukiroki,3,58,
nanairo reincarnation,3,58,
hop? stop? nonstop!,3,58,
dna^2,3,58,
uchuu senkan yamato 2202: ai no senshi-tachi,3,58,
assassin's creed iv: black flag,3,58,
chronicle 2nd,3,58,
asura's wrath,3,58,
da capo v,3,58,
cop craft: dragnet mirage reloaded,3,58,
iya na kao sare nagara opantsu misete moraitai yo wa pantsu ga mitai zo,3,58,
project:anemone,3,58,
rugrats,3,58,
majo koi nikki,3,58,
the day of sagittarius,3,58,
kenshi,3,58,
j.c. staff,3,58,
engine sentai go-onger,3,58,
melty+,3,58,
unmei no clan battle,3,58,
akibakei kanojo,3,58,
shining world,3,58,
iroha uta (vocaloid),3,58,
no more eiga dorobou,3,58,
parfait chocolat second brew,3,58,
alteil,3,58,
studio tri4,3,58,
my daily life in the otaku club isn't normal,3,58,
jubei-chan,3,58,
megami-ryou no ryoubo-kun,3,58,
algodoo,3,58,
harem gain,3,58,
vfleet,3,58,
genkai tokki monster monpiece,3,58,monster monpiece
culdcept,3,58,
element hunters,3,58,
oniichan no koto nanka zenzen suki janain dakara ne!!,3,58,
oshi no love yori koi no love,3,58,oshirabu: waifus over husbandos
aoi umi no tristia,3,58,tristia of the deep-blue sea
ikazuchi no senshi raidy ii,3,58,
mashiro botan,3,58,
zektbach,3,58,
telepathy (vocaloid),3,57,
bomb rush cyberfunk,3,57,
absolute superman,3,57,
club penguin,3,57,
the flintstones,3,57,
r.e.p.o.,3,57,
transformers (skybound),3,57,
hexia,3,57,
popee the performer,3,57,
godzilla vs. destoroyah,3,57,
scarlet police,3,57,
chip 'n dale rescue rangers,3,57,
love live! nijigasaki high school idol club next sky,3,57,
lady gaga (copyright),3,57,
transformers: robots in disguise (2015),3,57,
saint seiya saintia sho,3,57,
purple software,3,57,
concon-collector,3,57,
the hungry lamb: traveling in the late ming dynasty,3,57,epiao
kisaragi attention (vocaloid),3,57,
voice-ore,3,57,
kirby and the rainbow curse,3,57,
telecaster b-boy (vocaloid),3,57,
majokko megu-chan,3,57,
my co-worker is an eldritch x,3,57,
zoids shinseiki/zero,3,57,
ore wa seikan kokka no akutoku ryoushu!,3,57,
kikokugai,3,57,
tentacle and witches,3,57,
hanachirasu,3,57,
the texas chainsaw massacre,3,57,
yellow (vocaloid),3,57,
hai yorokonde,3,57,
stardust crusaders (ova),3,57,
wish song (love live!),3,57,
doom ii,3,57,
buddy complex,3,57,
miracle snack shop,3,57,
ryuu ga gotoku 7 gaiden,3,57,like a dragon gaiden: the man who erased his name
choujin gakuen gowcaizer,3,57,
shion no ketsuzoku,3,57,
hao (vocaloid),3,57,
mazinger z: infinity,3,57,
kartrider,3,57,
valkyrie drive -bhikkhuni-,3,57,
afterl!fe,3,57,
battlefield 4,3,57,
gundam breaker mobile,3,57,
crazy crazy (idolmaster),3,57,
kimi ga ita kisetsu,3,57,
anatatachi soredemo sensei desu ka!,3,57,
lunar wing,3,57,
majin shoujo,3,57,
toriko no shimai ~midara ni moteasobareru unmei no mayoigo~,3,57,
lime-iro senkitan,3,57,
shachiku-san wa youjo yuurei ni iyasaretai.,3,57,miss shachiku and the little baby ghost
hitozuma fuumashi leilan,3,57,
mahou shoujo nante mou ii desukara.,3,57,
seifuku kanojo 2,3,57,
zangeki no reginleiv,3,57,
techgian,3,57,
mamoru-kun ni megami no shukufuku wo!,3,57,
inakoi,3,57,
tail concerto,3,57,
sotsual deliheal,3,57,
magic maid (synthesizer v),3,56,
inti creates,3,56,
crystar,3,56,
serious sam,3,56,
hamhampangpang,3,56,
yasha legends of the demon blade,3,56,
juusou kikou dancouga nova,3,56,
great teacher onizuka,3,56,
adventures of sonic the hedgehog,3,56,
equestria girls: friendship games,3,56,
ultimate x-men (2024),3,56,
a kite,3,56,
believe again,3,56,
queen (vocaloid),3,56,
reiwa no dara-san,3,56,
five nights at freddy's 4,3,56,
toumei answer (vocaloid),3,56,
the misadventures of tron bonne,3,56,
anima,3,56,
digimon alysion,3,56,
kamen rider black sun (series),3,56,
dark gathering,3,56,
taiyou no yuusha fighbird,3,56,
transformers: super-god masterforce,3,56,transformers super-god masterforce
sonic mania,3,56,
digimon adventure -beyond-,3,56,
josee to tora to sakana-tachi,3,56,
mekpark,3,56,
future eve (vocaloid),3,56,
higan: eruthyll,3,56,
jiisan baasan wakagaeru,3,56,grandpa and grandma turn young again
eikyuu hours,3,56,
kaitou joker,3,56,
kangoku (series),3,56,
dolce (love live!),3,56,
sword art online: hollow realization,3,56,
mahou shoujo to chokorewito (vocaloid),3,56,magical girl and chocolate (vocaloid)
isekai mokushiroku mynoghra,3,56,"apocalypse bringer mynoghra,apocalypse mynoghra ~the conquest of the world starts with the civilization of ruin~"
bommina the maidroid,3,56,
amber quartz,3,56,
dungeon no naka no hito,3,56,dungeon people
leadale no daichi nite,3,56,in the land of leadale
spacex,3,56,
men play channel,3,56,
marisa of liartop mountain,3,56,
chloe no requiem,3,56,
candy boy,3,56,
dantalian no shoka,3,56,
godzilla: planet of the monsters,3,56,
konami mecha musume,3,56,
koakuma teeri to kyuuseishu!?,3,56,
super kirby clash,3,56,
uzumaki,3,56,
macross 2,3,56,
wanko to kurasou,3,56,
ginga tetsudou no yoru,3,56,night on the galactic railroad
world sportscar championship,3,56,
osananajimi ni najimitai,3,56,
tiger mask (series),3,56,
survival friends,3,56,
nanase-chan ntr!,3,56,
summertime record (vocaloid),3,56,
sd gundam sangokuden,3,56,
ougon musou kyoku,3,56,umineko: golden fantasia
angel links,3,56,
xp-pen,3,56,
blue revolver,3,56,
pastel (game),3,56,
ikenai baito no urajijou,3,56,
cloud nine inc,3,56,
kamen rider super-1 (series),3,56,
seisen no iberia,3,56,
netojuu no susume,3,56,recovery of an mmo junkie
alicianrone,3,56,
shangri-la,3,56,
wan nyan a la mode!,3,56,
hokenshitsu no shinigami,3,56,
ero ragnarok offline,3,56,
suzuka,3,56,
seirei no moribito,3,56,
viper ctr,3,56,
kiddy girl-and,3,56,
taratabong,3,56,
super robot wars w,3,56,
dmyotic,3,56,
concrete revolutio,3,56,
mecha shoujo taisen z,3,56,
reverse falls (gravity falls),3,56,reverse pines
mezzo danger service agency,3,56,
yuusha raideen,3,55,
rin-chan now! (vocaloid),3,55,
oshi no tachiba ga irekawaru,3,55,
power of three,3,55,
project blue (vtuber),3,55,
koronu korinne,3,55,
uchuu sentai kyuuranger,3,55,
superman: the animated series,3,55,
rangers strike,3,55,
newgrounds,3,55,
filter-goshi no kanojo,3,55,
momotarou dentetsu,3,55,
megaton musashi,3,55,
mahoutsukai reimeiki,3,55,the dawn of the witch
hot wheels,3,55,
dakishimeru hanabira,3,55,
retrofuture (love live!),3,55,
mega man x (manga),3,55,
2001 a space odyssey,3,55,
neobaka,3,55,
dokipipo emotion,3,55,
mario & sonic at the olympic games (2007),3,55,mario & sonic at the olympic games
gachihame sex shidou,3,55,
one piece everyday,3,55,
pikmin 1,3,55,
i my mayday,3,55,aimai mayday
orient arcadia,3,55,
tadashii kozukuri wo shiranu miraijin no rondo,3,55,
hinmin choujin kanenashi-kun,3,55,
ys iii: wanderers from ys,3,55,ys iii wanderers of ys
yokubari saboten,3,55,
bokura no taiyou,3,55,
mage arena,3,55,
mega man v,3,55,
egoist,3,55,
displayer,3,55,
rhythm tengoku gold,3,55,
kuro ai,3,55,
ys origin,3,55,
death angel komachi,3,55,
medal of honor,3,55,
fate/extra last encore,3,55,
payday 2,3,55,
mario & sonic at the london 2012 olympic games,3,55,
your throne,3,55,
uncharted,3,55,
1984 (novel),3,55,
uchi no pet jijou,3,55,
parasite eve the 3rd birthday,3,55,the 3rd birthday
rune factory oceans,3,55,
star wars: knights of the old republic,3,55,
infinite blade pavilion,3,55,
saijaku tamer wa gomi hiroi no tabi wo hajimemashita,3,55,the weakest tamer began a journey to pick up trash
pusheen the cat (series),3,55,
ooya-san wa shishunki,3,55,
front innocent,3,55,
rio -rainbow gate!-,3,55,
mnemosyne,3,55,
akikan!,3,55,
gakuen alice,3,55,
agarest senki mariage,3,55,
underfell,3,55,
the legend of zelda: tri force heroes,3,55,
my time at sandrock,3,55,
animaniacs,3,55,
floor ni maou ga imasu,3,55,
the king of fighters '95,3,55,
bakuryuu sentai abaranger,3,55,
tick! tack!,3,55,
aquarion logos,3,55,
lump of sugar,3,55,
professor layton vs. phoenix wright: ace attorney,3,55,
fuu'un,3,55,
intron depot,3,55,
sukurizo!,3,55,
kemono friends 3: planet tours,3,55,
company of heroes 2,3,55,
sd gundam world heroes,3,54,
makemon!,3,54,
phantasy star iv,3,54,
1/6 -out of the gravity- (vocaloid),3,54,
astlibra revision,3,54,
mahou tsukai ni taisetsu na koto,3,54,someday's dreamers
dodonpachi daioujou,3,54,
comiket 76,3,54,c76
fighting ex layer,3,54,
crypt of the necrodancer,3,54,
gunvolt chronicles luminous avenger ix 2,3,54,
kagamine len no bousou (vocaloid),3,54,
mega man battle network 2,3,54,
idol janshi suchie-pai,3,54,
marie & gali,3,54,
lisa the joyful,3,54,
super robot wars mx,3,54,
marble creators,3,54,marblecreators
a knight of the seven kingdoms,3,54,
rage comic,3,54,
mimi no aru robot no uta (utau),3,54,
mario & sonic at the tokyo 2020 olympic games,3,54,
furrybar,3,54,
hero cantare,3,54,
big order,3,54,
vreverie,3,54,
tower of god: great journey,3,54,
nyao signyal,3,54,
kimagure mercy (vocaloid),3,54,
beetlejuice,3,54,
gundam requiem for vengeance,3,54,
oshiete miko sensei,3,54,
samurai evolution oukoku geist,3,54,
powerpuff girls doujinshi,3,54,
touhou shizenyu,3,54,
softmax,3,54,
echo (vocaloid),3,54,
my mai tonight,3,54,
shikaru neko,3,54,
godzilla: final wars,3,54,godzilla final wars
green day,3,54,
univirtual,3,54,
yura ga aitsu ni dakareru wake ~aisuru tsuma wa kyou mo ano otoko ni seieki o sosogareteyuku~,3,54,
yi meng jianghu,3,54,
shinmai ossan bokensha,3,54,the ossan newbie adventurer
liar's bar,3,54,
how to draw manga,3,54,
kirby 30th anniversary music festival,3,54,
sexy commando gaiden: sugoiyo! masaru-san,3,54,
sora no kanata no dystopia,3,54,
rescute,3,54,
bug (vocaloid),3,54,
godzilla singular point,3,54,
precure all stars f,3,54,
berl and the candy house,3,54,
kanojo no seiiki,3,54,
neo geo,3,54,
skype,3,54,
karisome no shitsuji to koushaku no himegoto,3,54,
hatsu inu,3,54,
kita e,3,54,
toushin toshi iii,3,54,
atelier viorate,3,54,
lv1 maou to one room yuusha,3,54,
char's deleted affair,3,54,
kanojo ga aitsu ni sareta koto,3,54,
venus rumble,3,54,
wazamonogatari,3,54,
penguin musume,3,54,
kemono no souja erin,3,54,
world flags,3,54,
bluejump,3,54,
cheetos,3,54,
one outs,3,54,
rambo,3,54,
messiah (game),3,54,
eoe,3,54,
pygmalion. (group),3,54,
fortress girl,3,54,
amesarasa,3,54,
kyou ami!,3,54,
the new prophecy,3,54,
agatha christie no meitantei poirot to marple,3,54,agatha christie's great detectives poirot and marple
the last remnant,3,54,
dreamparty,3,54,
shoujo shin'iki shoujo tengoku,3,54,
hitotsu yane no tsubasa no shita de,3,54,
reizoku ichiba,3,54,
bullet girls,3,54,
sorauta,3,54,
aoba project,3,54,
tekken revolution,3,54,
chikan saresou ni natteiru s-kyuu bishoujo wo tasuketara tonari no seki no osananajimi datta,3,54,the girl i saved on the train turned out to be my childhood friend
jinrou judgment,3,54,
brain rot (synthesizer v),3,53,
pseudoregalia,3,53,
aruruu to asobo!!,3,53,aruruw to asobo!!
zenra toukou school,3,53,
sonic battle,3,53,
silver and blood,3,53,
sushiro,3,53,
butaotome,3,53,
hazurewaku no joutai ijou skill de saikyou ni natta ore ga subete wo juurin suru made,3,53,failure frame: i became the strongest and annihilated everything with low-level spells
dragon providence,3,53,
studio mappa,3,53,
vanishing reality (satou kuuki),3,53,otome ginsei lumiphonia
valve corporation,3,53,valve software
gaia gear,3,53,
logan (movie),3,53,
tekken 3,3,53,
shuusou gyoku,3,53,
kikaider (series),3,53,
universal studios,3,53,
ultraman ginga (series),3,53,
clock tower (series),3,53,
godzilla vs. biollante,3,53,
code: dragon blood,3,53,
cytus i,3,53,
fallout 76,3,53,
chronicles of the avatar,3,53,
juuken sentai gekiranger,3,53,
guild wars 2,3,53,
sanguo romance,3,53,sangoku romance
maid kyouiku,3,53,
oddloop,3,53,
sex underworld e youkoso!,3,53,
hana himeru kimi no meteor,3,53,
psychic force,3,53,
scary maze game,3,53,
harry potter and the philosopher's stone,3,53,
amatsu misora ni!,3,53,
ooi! tonbo,3,53,
grand theft auto iv,3,53,"grand theft auto: episodes from liberty city,grand theft auto iv: the ballad of gay tony,grand theft auto iv: the lost and damned"
sweet pool,3,53,
soreyuke! uchuu senkan yamamoto youko,3,53,starship girl yamamoto yohko
kokoro rista!,3,53,
transformers: earthspark,3,53,
tsurugihime,3,53,
keiou yuugekitai,3,53,keio flying squadron
otogi:spirit agents,3,53,
dilftown (schizoid),3,53,
acute (vocaloid),3,53,
tech win,3,53,
linda cube,3,53,
himitsu ~kuro no chikai~ (vocaloid),3,53,
mirai nostalgia,3,53,
it's always sunny in philadelphia,3,53,
sonic advance (series),3,53,
nee chanto shiyou yo!,3,53,
eufonie,3,53,
kabe ni hamatte ugokenai!,3,53,
etsusa oohashi,3,53,
date a live: arusu install,3,53,
hakata no shio,3,53,
spica (vocaloid),3,53,
uniteup!,3,53,
another project,3,53,
watashi no oniichan,3,53,shuukan watashi no onii-chan
the king of fighters '96,3,53,
akiba's trip the animation,3,53,
little armory,3,53,
let's be one (love live!),3,53,
pieces (series),3,53,
seifuku rakuen,3,53,
under ground,3,53,
artificial utopia in ruins,3,53,
battle of titans,3,53,
utsunomiya-sen meguri,3,53,
pokemon infinite fusion,3,53,
bokura no 16bit warz (vocaloid),3,53,
heartbeat (game),3,53,
juvenile (vocaloid),3,53,
wixoss diva(a)live,3,53,
asura cryin',3,53,
comic pot,3,53,
animal yokochou,3,53,animal lane
yubisaki to renren,3,53,a sign of affection
yubisaki connection,3,53,
red ninja,3,53,
colorful x melody (vocaloid),3,53,
grow up show: himawari no circus-dan,3,52,
glow (vocaloid),3,52,
xg (group),3,52,
glitch productions,3,52,
pokemon 4ever - celebi: the voice of the forest,3,52,pokemon m04
tsujidou-san no jun'ai road,3,52,
disney fairies (movie series),3,52,
astro bot (series),3,52,
chouriki sentai ohranger,3,52,
kimi to boku no saigo no senjou arui wa sekai ga hajimaru seisen,3,52,
ego (takanashi kiara),3,52,
shanti (vocaloid),3,52,
becoming a god in the zerg world by livestreaming bl novels,3,52,
pakomane - watashi kyou kara meimon yakyuu-bu no seishori gakari ni narimasu...,3,52,
threefold recital,3,52,
tengai makyou,3,52,
tvfilthyfrank,3,52,
machine robo chronos no dai gyakushuu,3,52,"machine robo chronos no gyakushuu,machine robo revenge of cronos"
meg's monster,3,52,
peace maker kurogane,3,52,
pleasant goat and big big wolf,3,52,xiyangyang yu huitailang
suzukuri karin-chan,3,52,
nemesis no juukou (vocaloid),3,52,
clover days,3,52,
mahou shoujo madoka magica: concept movie,3,52,madoka concept movie
shin mazinger shougeki! z-hen,3,52,
yogosareta natsu,3,52,
virtual dimension project,3,52,
stop!! hibari-kun!,3,52,
oomo-san loves warhammer,3,52,
the fantastic four: first steps,3,52,
futamata ren'ai,3,52,
razer,3,52,
saijo no osewa,3,52,
turn of the golden witch,3,52,
airy production,3,52,
hen-shin-shou-jo metamol maiden,3,52,
regressor's instruction manual,3,52,
treasure island,3,52,
south park: the stick of truth,3,52,
time gal,3,52,
tokyo insomnia,3,52,
bubble rise (love live!),3,52,
code geass: lost colors,3,52,
ubuntu,3,52,
hello kitty to issho!,3,52,
ch4nge (cevio),3,52,
blue seed,3,52,
gall force,3,52,
final fantasy crystal chronicles: echoes of time,3,52,
uchuu keiji gavan,3,52,space sheriff gavan
hana wa saku shura no gotoku,3,52,"flower and asura,hanashura"
baywatch,3,52,
ourai no gahkthun,3,52,
hitoribocchi no isekai kouryaku,3,52,loner life in another world
the dark knight rises,3,52,
that's not my neighbor,3,52,
game-style,3,52,
kid icarus (nes),3,52,
guilty princess,3,52,
phoenix ranger featherman,3,52,
project diva mega39's,3,52,
seijo no maryoku wa bannou desu,3,52,the saint's magic power is omnipotent
grenadier (manga),3,52,
tales of phantasia: narikiri dungeon x,3,52,
shining ark,3,52,
south park: the fractured but whole,3,52,
aikatsu! photo on stage!!,3,52,
hatsukoi limited,3,52,
kunoichi demo koi ga shitai (vocaloid),3,52,
otomedius excellent,3,52,
bad end night (vocaloid),3,52,
otome no teikoku,3,52,
assassin's creed: valhalla,3,52,
eternal senia 2:hydrangea after the rain,3,52,
bounen no xam'd,3,52,
shintaisou,3,52,
niconico rpg,3,52,
zettai shougeki,3,52,
magical drop,3,52,
girl arms,3,52,
megachu!,3,52,
3ldkm,3,52,
clover (game cg),3,52,
sekien no inganock,3,52,
princess witches,3,52,
seinarukana,3,52,
soniani,3,52,
red corruption,3,52,
all you need is kill,3,52,
bukkake! doshikoring minuki max acme shite mo ii desu ka,3,52,
missed messages,3,52,
alice in cradle,3,51,
loveit? (biz),3,51,
also sprach zarathustra (neco),3,51,
mc championship,3,51,
mighty switch force!,3,51,
slavic mythology,3,51,
danganronpa: despair time,3,51,
pokemon: arceus and the jewel of life,3,51,pokemon m12
anata ni koi suru ren'ai recette,3,51,
atarashii gakkou no leaders,3,51,atarashii gakko!
nuclear throne,3,51,
acro trip,3,51,
total war: warhammer,3,51,"total war: warhammer 2,total war: warhammer 3"
the avengers: earth's mightiest heroes!,3,51,
electric angel (vocaloid),3,51,
wonder boy,3,51,
the first descendant,3,51,
kamen rider battle,3,51,
detective pikachu (game),3,51,
new super mario bros. wii,3,51,
licca-chan (franchise),3,51,
dusttale,3,51,
doukoku soshite...,3,51,
kukkorodays,3,51,
duke nukem (series),3,51,
gran turismo,3,51,
mario tennis: ultra smash,3,51,
vitruvian man,3,51,
bluesky,3,51,
nioh,3,51,
shoot the bullet,3,51,
rilu rilu fairilu,3,51,
phasmophobia (game),3,51,
uso kara hajimaru koi no natsu,3,51,usonatsu ~the summer romance bloomed from a lie~
ryuu ga gotoku ishin!,3,51,
rai rai rai,3,51,
chotto dake ai ga omoi dark elf ga isekai kara oikakete kita,3,51,
descend,3,51,
gundam side story: missing link,3,51,
kindle imagine develop,3,51,
toaru majutsu no virtual-on,3,51,
yoshi's new island,3,51,
transformers: war for cybertron trilogy,3,51,
futanari no elf,3,51,
selection project,3,51,
pixiv cat kingdom,3,51,
goof troop,3,51,
chicchana yukitsukai sugar,3,51,a little snow fairy sugar
pia carrot e youkoso!! 2,3,51,
comic penguin cereb,3,51,
hen zemi,3,51,
saturday night live,3,51,
shoujo fractal,3,51,
of the devil,3,51,
hachinan tte sore wa nai deshou!,3,51,the 8th son? are you kidding me?
boku no mirai wa koi to kakin to,3,51,
howl's moving castle (novel),3,51,
moto gp,3,51,
dragon slayer (series),3,51,
danmaku!!,3,51,
the king of fighters 2003,3,51,
pretty x cation,3,51,
natsuzora no perseus,3,51,
nakau,3,51,
chuuka ichiban!,3,51,
boston dynamics,3,51,
mochiyama kingyo,3,51,
venus blood,3,51,
jibun no koto ga katte ni manga ni sareteru onnanoko,3,51,
suiren to shion,3,51,
krita (software),3,51,
agarest senki zero,3,51,
the third,3,51,
shikabane hime,3,51,
r g b,3,51,
final fantasy xii revenant wings,3,51,
iolite link,3,51,
petopetosan,3,51,
clock lock works (vocaloid),3,51,
marasy,3,51,
shikigami no shiro,3,51,
zankyou no terror,3,51,terror in resonance
birdie wing: golf girls' story,3,51,
devil summoner (game),3,50,
golden sun: dark dawn,3,50,
rift of the necrodancer,3,50,
mugen no juunin,3,50,blade of the immortal
capcom fighting allstars,3,50,
sadistic music factory (vocaloid),3,50,
the legend of zelda: ocarina of time 3d,3,50,
dexter (tv series),3,50,
fire emblem: archanea saga,3,50,
code:realize,3,50,
diablo 4,3,50,
ai limit,3,50,
ultraman 80 (series),3,50,
pokemon the movie: volcanion and the mechanical marvel,3,50,pokemon m19
lies of p: overture,3,50,
bitter choco decoration (vocaloid),3,50,
dredge (game),3,50,
taihaiteki jinsei sanka (utau),3,50,
illit,3,50,
singin' in the rain,3,50,
sing (movie),3,50,
touhou igyoukyo,3,50,
freddy fazbear's pizzeria simulator,3,50,five nights at freddy's: pizzeria simulator
double dragon,3,50,
noctilucent: before dawn,3,50,
end of the golden witch,3,50,
ash echoes,3,50,
majo puri ~anata no seieki zenbu shiboritotte agechau!~,3,50,
maruchan (brand),3,50,
tild - mage a louer,3,50,
arcade gamer fubuki,3,50,
oyomeholic (nerissa ravencroft),3,50,
big mukimuki & small muchimuchi,3,50,
shoujo hatsudouki,3,50,
alita: battle angel,3,50,
yoshinaga-san'chi no gargoyle,3,50,
sora wo matotte,3,50,
sonic speed simulator,3,50,
star fox 2,3,50,
nokia (company),3,50,
"hazure skill ""kinomi master"": skill no mi (tabetara shinu) wo mugen ni taberareru you ni natta ken ni tsuite",3,50,"bogus skill ""fruitmaster"": about that time i became able to eat unlimited numbers of skill fruits (that kill you)"
sonic the hedgehog 2 (movie),3,50,
road to dragons,3,50,
yuukoku no moriarty,3,50,moriarty the patriot
asu no yozora shoukaihan (vocaloid),3,50,"kimi no yozora shoukaihan (vocaloid),night sky patrol of tomorrow (vocaloid)"
darius burst,3,50,
grandia iii,3,50,
jinzou enemy (vocaloid),3,50,
book of bill,3,50,
on your mark (love live!),3,50,
mrs.pumpkin no kokkei na yume (vocaloid),3,50,
theater ikizama,3,50,
new getter robo,3,50,
the sandman (dc),3,50,
sengoku koihime x,3,50,
shingeki no bahamut: virgin soul,3,50,
pythagora-switch,3,50,
violet detector,3,50,
house of the dead,3,50,
sengoku youko,3,50,
benriya saitou-san isekai ni iku,3,50,handyman saitou in another world
digimon adventure v-tamer 01,3,50,
pixiv's virtual youtuber audition,3,50,
otto no inu aida ni... ~watashi odosarete anata ni ienai koto shimashita~,3,50,
akitaland gothic,3,50,akita land gothic
red hood (kawaguchi),3,50,the hunters guild: red hood
mirror's edge,3,50,
isekai cheat magician,3,50,
studio khara,3,50,
yuukyuu no euphoria,3,50,
beatus creation,3,50,
mirolive,3,50,
wolfenstein (series),3,50,
hdoom,3,50,
gundou musashi,3,50,
mean girls,3,50,
scho-ka-kola,3,50,
jewel knights,3,50,
aki no jikan,3,50,
same ningen,3,50,
marisa to alice no cookie storia,3,50,
breakers,3,50,
care bears,3,50,
lyrical ds,3,50,
soshite ashita no sekai yori,3,50,
butterfly cat,3,50,
constantine (series),3,50,hellblazer
shiki no akari,3,50,
dai mahou touge,3,50,
onee-chan no yuuwaku,3,50,
mamiya-kunchi no itsutsugo jijou,3,50,
readyyy!,3,50,
uchi wa mou enki dekinai.,3,50,
boku wa ohime-sama ni narenai,3,50,
myholo tv,3,50,
tokyo joshi pro wrestling,3,49,
pepsiman (game),3,49,
bunny girl (akasaki),3,49,
lavie (vocaloid),3,49,
ms. marvel (series),3,49,
dissidia final fantasy nt,3,49,
taishou x alice,3,49,
kagurai ~kagura and raito~,3,49,
otaku ni yasashii gal wa inai!?,3,49,gal's can't be kind to otaku!?
knightfight,3,49,
fantasy zone,3,49,
hijinrui gakuen,3,49,
hajimeru sekai no risouron,3,49,
chicago bulls,3,49,
japan airlines,3,49,
gs25,3,49,
natural habitat shorts,3,49,
who wants to be a millionaire?,3,49,who wants to be a millionaire
koi wa sekai seifuku no ato de,3,49,
spoken for (synthesizer v),3,49,
les miserables,3,49,
dragon quest monsters: terry's wonderland,3,49,
dig dug,3,49,
lemon melon cookie (vocaloid),3,49,
atlyss,3,49,
armed fantasia,3,49,
yuusha party wo oidasareta kiyoubinbou,3,49,
shinda otto ga mushi ni tensei shite ita kudan,3,49,
sad girl sex (vocaloid),3,49,
aisarenakute mo kimi ga iru (vocaloid),3,49,because you're here (vocaloid)
clevatess: majuu no ou to akago to shikabane no yuusha,3,49,
wawo! (love live!),3,49,
3itches,3,49,
power pro-kun pocket 7,3,49,
gensokyo odyssey,3,49,
dakikano,3,49,
mental omega (mod),3,49,
paffendorf,3,49,
heike monogatari,3,49,
re:zero kara hajimeru isekai seikatsu witch's re:surrection,3,49,
pokemon: paldean winds,3,49,
kingyo chuuihou!,3,49,goldfish warning!
arifureta sekai seifuku (vocaloid),3,49,common world domination (vocaloid)
a clockwork orange,3,49,
naraku 2,3,49,
ryuusei world actor,3,49,
golden marriage,3,49,
weiss kreuz,3,49,
acca 13-ku kansatsu-ka,3,49,
fuuzoku katsudou,3,49,
team kirby clash deluxe,3,49,
whispered oracle of hakurei shrine,3,49,
ryuu ga gotoku 2,3,49,
god hand,3,49,
mario + rabbids kingdom battle,3,49,
sakigake!! otokojuku,3,49,
haruchika,3,49,
h.live,3,49,
x0o0x (utaite),3,49,
kangoku senkan 2,3,49,
onimusha: dawn of dreams,3,49,
choro-q,3,49,penny racers
makai wars,3,49,
yamada-kun to lv999 no koi wo suru,3,49,"loving yamada at lv999!,my love story with yamada-kun at lv999"
nebula beat,3,49,
radiant historia,3,49,
the nutcracker,3,49,
gouhou yuri fuufu hon,3,49,
aviator girls,3,49,
dragon quest monsters 3,3,49,
200 km/h in the wrong lane,3,49,
kin no kutsu gin no kutsu,3,49,
ex rank supporting role's replay in a prestigious school,3,49,
the thinker,3,49,
new super mario bros.,3,49,
akutoku kenshikan no temoto ni todoketa okashii na itai no ohanashi,3,49,
picarto.tv,3,49,
akuma ouji to ayatsuri ningyou,3,49,"devil prince and the puppet,evil prince and the puppet"
hyper police,3,49,
mahou shounen miracle hachirou,3,49,
junjou etching,3,49,
mx0,3,49,
aqua teen hunger force,3,49,
garo: vanishing line,3,49,
kuroshio current,3,49,
summer lesson,3,49,
drunken master,3,49,
wargaming japan,3,49,
kuusou code plus,3,49,
macross: the first,3,49,
tartaros online,3,49,
harukazedori ni tomarigi wo,3,49,
ore no natsuyasumi,3,49,
japan animator expo,3,49,
nagisano,3,49,
starlight (love live!),3,49,
doukyuusei (manga),3,49,
devil may cry (anime),3,49,
makeship,3,49,
kuro ageha,3,49,
kakusei kenkyuu idol lab,3,49,
studio pierrot,3,48,
pokemon: destiny deoxys,3,48,pokemon m07
dengeki online,3,48,
gundam f90,3,48,
dengeki daioh,3,48,
booo! (vocaloid),3,48,
devil janai mon (vocaloid),3,48,
legacy of kain,3,48,
balala the fairies,3,48,
kaguyano,3,48,
fate/grand order waltz in the moonlight/lostroom,3,48,
the shawshank redemption,3,48,
pokemon battle revolution,3,48,
the two-thousand yard stare,3,48,
one room hiatari futsuu tenshi-tsuki,3,48,
final romance 4,3,48,
treasure island (1988),3,48,
nohara hiroshi hirumeshi no ryuugi,3,48,
animal crossing: new leaf,3,48,
konchuu kansatsu,3,48,
shiro no musume (vocaloid),3,48,
hirohako,3,48,
seraphim slum,3,48,
the last guardian,3,48,
castlevania: harmony of dissonance,3,48,
king of the hill,3,48,
guardians of the videogame,3,48,
armored core 4,3,48,
koukou tekken-den tough,3,48,"kokou tekken-den tough,tough: high school iron fist legend,tough (manga)"
robot hunter casshern,3,48,casshan robot hunter
urami koushin (utau),3,48,
toriko no hime,3,48,
the great gatsby,3,48,
castlevania iii: dracula's curse,3,48,
beatmania iidx 11 iidx red,3,48,
the electric state,3,48,
cute na kanojo (cevio),3,48,
the casagrandes,3,48,
nyanko days,3,48,
fate/extra record,3,48,
ningen fushin no renkinjutsushi to moto heishi no homunculus,3,48,
take moon,3,48,
ragnarok online 2: legend of the second,3,48,
town musicians of bremen,3,48,the bremen musicians
lumina prognosis,3,48,
niizuma lovely x cation,3,48,
battlefield 3,3,48,
dame inu kanojo,3,48,
kaze ga tsuyoku fuiteiru,3,48,run with the wind
goddess paradise,3,48,
eastnewsound,3,48,
sazanami no shoujo-tachi,3,48,
eiyuu chronicle,3,48,
suika (visual novel),3,48,
mahou shoujo to shinrin gakushuu,3,48,
batman beyond,3,48,
inu ni nattara suki na hito ni hirowareta,3,48,my life as inukai-san's dog
bioshock 1,3,48,
boxboy!,3,48,
project winter,3,48,
drunken night (unspoken),3,48,
mrlsexdoll,3,48,
idol x idol story!,3,48,
wasteland mage,3,48,
neko no wakusei,3,48,
kokurikozaka kara,3,48,
ecchi na bunny-san wa kirai?,3,48,do you like horny bunnies?
nicomi.com,3,48,
dead space 2,3,48,
ayakashi hyakkiyakou,3,48,
onimonogatari,3,48,
hikaru ga chikyuu ni itakoro,3,48,
manaka de ikuno!!,3,48,
windmill (company),3,48,
meteos,3,48,
wild arms: million memories,3,48,
gakuen kino,3,48,
thedoujin,3,48,
shinkyoku soukai polyphonica aphonic songbird,3,48,
fragtime,3,48,
inma kourin devil carnival,3,48,
call of duty: modern warfare 3,3,48,
yuyukana,3,48,
meiji tokyo renka,3,48,
hajilove -making lovers-,3,48,
brooklyn nine-nine,3,48,
futago shimai-chan no yuri seikatsu,3,48,
intelli village no zashiki-warashi,3,48,
samurai flamenco,3,48,
patriarch xtasy,3,48,
galilei donna,3,48,
sangokushi ranbu,3,48,
orichalcum reycal,3,48,
madou monogatari ars,3,47,
sonic the hedgehog 2,3,47,
blade (series),3,47,
ichijouma mankitsu gurashi!,3,47,
poker chase,3,47,
dolls nest,3,47,
re:zero kara oboreru isekai seikatsu,3,47,
ultraman tiga: the final odyssey,3,47,
shantae advance: risky revolution,3,47,
shinkansen henkei robo shinkalion z,3,47,
mission mermaiden,3,47,
jouzai (tooboe),3,47,tablet (tooboe)
action heroine cheer fruits,3,47,
kajiri kamui kagura,3,47,
love fetish,3,47,
digital stars,3,47,
meakashi-hen,3,47,
honkou no zen joshi seito no ue no kuchi to shita no kuchi wa nakayoshi houdai datte shitteru no wa ore dake?!,3,47,
hokuto no ken: shinpan no sousousei kengou retsuden,3,47,
men's young,3,47,
issho ni gohan tabetai,3,47,
artificial academy 2,3,47,
things from the flood,3,47,
vols,3,47,
ultraman fusion fight!,3,47,
kuusen madoushi kouhosei no kyoukan,3,47,
imitation lover,3,47,
fujimaru ritsuka wa wakaranai,3,47,
rumble after dark,3,47,
white night! white wish! (idolmaster),3,47,
hyakujuu-ou golion,3,47,
sousei no onmyouji,3,47,
houkago himitsu club,3,47,
cardfight!! vanguard: overdress,3,47,
revived witch,3,47,
shoumetsu toshi 2,3,47,
indycar series,3,47,
onlyfans,3,47,
senryuu shoujo,3,47,senryu girl
wordgirl (series),3,47,
seventh happiness,3,47,
aegis-link,3,47,
hoshi no suna monogatari 3,3,47,
monster company,3,47,
fuuun ishin dai shogun,3,47,
ginga (franchise),3,47,
sunflowers (van gogh),3,47,
condor trilogy,3,47,
black rock shooter fragment,3,47,
salaryman ga isekai ni ittara shitennou ni natta hanashi,3,47,headhunted to another world: from salaryman to big four!
kuragehime,3,47,
windows 8,3,47,
super robot wars x,3,47,
sha po lang,3,47,
009 re:cyborg,3,47,
bistro cupid (series),3,47,
kyoushoku soukou guyver,3,47,bio booster armor guyver
tokoshie bullet,3,47,
ayashimon,3,47,
drapri guu-ta-life,3,47,
miss surfersparadise,3,47,surfers paradise
touhou musou kakyou,3,47,
just do sex (unspoken),3,47,
nanatsu no maken ga shihai suru,3,47,
super bunny man,3,47,
no straight roads,3,47,
youkai watch: punipuni,3,47,
kanata no astra,3,47,astra lost in space
after sweet kiss,3,47,
programming live broadcast,3,47,
tsumugu otome to taishou no tsuki,3,47,
heat-soft,3,47,
pppppp,3,47,
dominion (manga),3,47,
rust (game),3,47,
nein (album),3,47,
hidan no aria aa,3,47,aria the scarlet ammo aa
kaze no stigma,3,47,
lackadaisy,3,47,
pc angel,3,47,
the a-team,3,47,
shirokami gakuen,3,47,
land of caromag,3,47,
happy margaret!,3,47,
mario + rabbids sparks of hope,3,47,
isekai: slow life,3,47,
star conflict,3,47,
growlanser vi,3,47,
madou monogatari (saturn),3,47,
deadpool (movie),3,47,
centaur no nayami,3,47,
scary campus college university,3,47,
spelunker,3,47,
aneimo,3,47,
ufo princess valkyrie,3,47,ufo ultramaiden valkyrie
komorebi ni yureru tamashii no koe,3,47,
baroque (series),3,47,
penguin highway,3,47,
cafe little wish,3,47,
assassin's creed: brotherhood,3,47,
hare-kon.,3,47,
kimi no tonari de koishiteru!,3,47,
shoujo-tachi wa kouya wo mezasu,3,47,girls beyond the wasteland
daydream show,3,47,
majin bone,3,47,
websickness,3,46,
kichikuou rance,3,46,
diverse system,3,46,
tiger mask w,3,46,
spider-man 3,3,46,
die of death,3,46,
baka ni kokuhaku,3,46,
marble heart (idolmaster),3,46,
icy (love live!),3,46,
stargazer (company),3,46,
hajirau kimi ga mitainda,3,46,
sekai de ichiban tsuyoku naritai!,3,46,wanna be the strongest in the world!
mario hoops 3-on-3,3,46,
musou orochi: maou sairin,3,46,warriors orochi 2
doraemon: nobita to tetsujin heidan,3,46,doraemon: nobita and the steel troops
midsommar,3,46,
konoha no sekai jijou (vocaloid),3,46,
xy production,3,46,
liar liar,3,46,
secret love (kari),3,46,
sword world 2.5,3,46,
the new order: last days of europe,3,46,
violated heroine,3,46,
lustful desires,3,46,
tsumi to batsu (vocaloid),3,46,crime and punishment (vocaloid)
31 minutos,3,46,
reflec beat,3,46,
banner of the maid,3,46,seijo senki
akage (vocaloid),3,46,
incredibox,3,46,
sakanaction,3,46,
the very hungry caterpillar,3,46,
burning force,3,46,
kimagure temptation 2,3,46,
zanki (zutomayo),3,46,
jk bitch ni shiboraretai,3,46,
kurokami,3,46,
twin angels,3,46,
brandish,3,46,
magical explorer,3,46,
deaimon,3,46,
paw patrol,3,46,
kuon no kizuna,3,46,
dragon's dogma 2,3,46,dragon's dogma ii
taishou otome otogibanashi,3,46,taisho otome otogibanashi
brainrot girlfriend,3,46,
virtual talent academy,3,46,
musekinin kanchou tylor,3,46,the irresponsible captain tylor
zettai bl ni naru sekai vs zettai bl ni naritakunai otoko,3,46,
anime expo,3,46,
beck,3,46,
do u (takanashi kiara),3,46,
freedom planet 1,3,46,
akiba's trip 2,3,46,akiba's trip: undead & undressed
cing,3,46,
hotel dusk,3,46,
muryoku seijo to munou oujo,3,46,
knives out,3,46,
produce 101,3,46,
boom boom pow (idolmaster),3,46,
koufukuron (love live!),3,46,
kunoichi (game),3,46,
crush crush,3,46,
hyakunichigo ni shinu wani,3,46,
way 2 u (ouro kronii),3,46,
mona lisa no zaregoto,3,46,
high card,3,46,
after the rain,3,46,
puchi puri yucie,3,46,
dekkano!!,3,46,
queendom (love live!),3,46,
dekoboko majo no oyako jijou,3,46,the family circumstances of the irregular witch
bara to tsubaki,3,46,rose and camellia
sedai one,3,46,
seifuku!,3,46,
lord of walkure,3,46,
missing stars,3,46,
ts mahou shoujo mazoka,3,46,
nodame cantabile,3,46,
yog-sothoth's yard,3,46,
dust: an elysian tail,3,46,
reverie (vtuber),3,46,
ranpo kitan,3,46,
abysmal,3,46,
real madrid,3,46,
marinasu,3,46,
twinkle star sprites,3,46,
reversible,3,46,
zaiyuki,3,46,
kaginado,3,46,
monochro blue sky (vocaloid),3,46,
+tic nee-san,3,46,
aoki uru,3,46,
honneamise no tsubasa,3,46,
windows me,3,46,
eden no ori,3,46,
nana to kaoru,3,46,
den'ei shoujo,3,46,
maple colors,3,46,
natsuyasumi.,3,46,
kodomo no omocha,3,46,kodocha
lab zero games,3,46,
dnangel,3,46,
morning musume,3,46,
10000 kounen sougankyou,3,46,
girls book maker ~shiawase no libretto~,3,46,
nakahara-kun no kahogo na imouto,3,46,
hello lady,3,46,
momoiro guardian,3,46,
imouto tasha paranoia,3,45,sister other paranoia
nekorindou,3,45,
remember the flowers,3,45,
clash royale,3,45,
onmyoji arena,3,45,
zatsu tabi,3,45,
shijou saikyou no daimaou murabito a ni tensei suru,3,45,the greatest demon lord is reborn as a typical nobody
deltora quest,3,45,
primal hearts 2,3,45,
club suicide,3,45,
project grimms,3,45,
sanguine rose,3,45,
saints row,3,45,
love death + robots,3,45,
iron maiden (band),3,45,
before crisis: final fantasy vii,3,45,before crisis final fantasy vii
minesweeper,3,45,
karakara (game),3,45,
hasu no sora jogakuin school idol club osanpo nikki,3,45,"hasu no sora jogakuin school idol club walking diary,hasunosora jogakuin school idol club osanpo nikki"
natsumi step!,3,45,
asadoke no majo,3,45,
go our way!,3,45,
gluttony gods,3,45,
gacha life,3,45,
a-one,3,45,
la bella patria (love live!),3,45,
elf comic,3,45,
crime crackers,3,45,
microman,3,45,
himawari (ado),3,45,
alice in musicland (vocaloid),3,45,
digimon linkz,3,45,
koi to mahou to kanrinin,3,45,
oyasai yousei to manabu yasai no chishiki zukan,3,45,
pluto (manga),3,45,
transformers: the movie,3,45,
friend girl friend,3,45,
advan,3,45,
el chavo del ocho,3,45,
madou king granzort,3,45,
dong-jin rice-hime,3,45,
littlest pet shop (2012),3,45,
twilight of the golden witch,3,45,
bukiyou na senpai,3,45,my awkward senpai
parasite eve ii,3,45,
ido e itaru mori e itaru ido,3,45,
nioh 2,3,45,
princess maker 2,3,45,
moeoh ex,3,45,
sukeban deka,3,45,
mist sequence,3,45,
hi hi puffy amiyumi,3,45,
tokyo blade (oshi no ko),3,45,
liveruli,3,45,
evangelion: 30th anniversary special performance,3,45,
streets of rage 4,3,45,bare knuckle iv
kamitsubaki city under construction,3,45,
vestaria saga,3,45,
ireisu,3,45,
girls frantic clan,3,45,
sonic dash,3,45,
chiisana kanojo no serenade,3,45,
haydee (game),3,45,
cutie honey flash,3,45,
warioware: move it!,3,45,
steamboat willie,3,45,
suufunkan no yell wo,3,45,a few moments of cheers
attouteki yuugi mugen souls z,3,45,
cuisine dimension,3,45,liaoli ciyuan
mr. bean (series),3,45,
project soul,3,45,
sprunki,3,45,
yu-gi-oh! 3d bonds beyond time,3,45,
sonic riders: zero gravity,3,45,
hikari to mizu no daphne,3,45,
vbox,3,45,
national hockey league,3,45,
aoi sora no neosphere,3,45,
afghanis-tan,3,45,
silver forest,3,45,
hikounin sentai akibaranger,3,45,
30-sai made doutei dato mahoutsukai ni nareru rashii,3,45,cherry magic!
bible bullet,3,45,
irodori koukou gasshoubu yori,3,45,
smile cubic!,3,45,
taco bell,3,45,
uchuu kaizoku sara,3,45,
period,3,45,
bokura wa minna kawaisou,3,45,
futago no haha seihonnou,3,45,
kyonyuu fantasy burst,3,45,
assassin's creed: revelations,3,45,
downer onee-san wa asobitai,3,45,
yuuryou bukken mou dame sou,3,45,
arcana famiglia,3,45,
manatsu no yoru no yuki monogatari,3,45,
killer instinct (2013),3,45,
shukushou gakuen,3,45,
golden lore,3,45,
ijirare ~fukushuu saimin~,3,45,
gift eternal rainbow,3,45,
battletoads,3,45,
waga mama capriccio,3,45,
saiunkoku monogatari,3,45,the story of saiunkoku
inishie no megami to houseki no ite,3,45,
shibatte mitsumete,3,45,
outer science (vocaloid),3,45,
yarichin bitch-bu,3,45,yarichin bitch club
advance wars: days of ruin,3,45,
otsushimai,3,45,
vitamin quest,3,45,
himitsu sentai gorenger,3,45,himitsu sentai goranger
lovemon,3,44,
t-shi no hanashi wo shinjiru na (vocaloid),3,44,
power pro-kun pocket 8,3,44,
cats & crypts,3,44,
ninja gaiden 4,3,44,
kagamine rin/len happy 14th birthday,3,44,
hikari no naka de hana saite,3,44,
chatgpt,3,44,
kyuu & ei (utau),3,44,q&a (utau)
lycee card,3,44,
aoshima bunka kyouzai,3,44,
tou xing jiuyue tian,3,44,
namco namja town,3,44,
futsutsuka na akujo de wa gozaimasu ga,3,44,"futsutsukana akujo de wa gozaimasu ga,though i am an inept villainess: tale of the butterfly-rat body swap in the maiden court"
tales of innocence r,3,44,
30 minutes missions,3,44,
mega man x7,3,44,
kishin douji zenki,3,44,
nanako sos,3,44,
cookie run classic,3,44,line cookie run
mahou shoujo celesphonia,3,44,
akuyaku reijou level 99: watashi wa ura-boss desu ga maou dewa arimasen,3,44,villainess level 99: i may be the hidden boss but i'm not the demon lord
ratchet & clank: rift apart,3,44,
getter robo go,3,44,
dungeon of regalias,3,44,
sannen z-gumi ginpachi sensei,3,44,
kitsune ga boku wo matteiru,3,44,
mata korosarete shimatta nodesune tantei-sama,3,44,killed again mr. detective?
ren & stimpy,3,44,
selaco,3,44,
minna de zutto shiawase ni kazoku de issho ni tanoshii party wo,3,44,
yoshibari aubade,3,44,
enogu,3,44,
fantastic danmaku festival,3,44,
itoko no ko,3,44,
tensei benki ha tsumi ja nai!!,3,44,
anata no risou no heroine,3,44,
the black parade,3,44,
guardians of the galaxy vol. 3,3,44,
nyantasia,3,44,
vtuber nandaga haishin kiriwasuretara densetsu ni natteta,3,44,vtuber legend
hachiban ramen,3,44,
risk of rain (series),3,44,
call up girls,3,44,
digimon seekers,3,44,
inscryption,3,44,
fedex,3,44,
asano sisters project,3,44,
dreamsoft,3,44,
comic megastore h,3,44,
nozomanu fushi no boukensha,3,44,the unwanted undead adventurer
tulip (idolmaster),3,44,
hime-chan no ribbon,3,44,hime-chan's ribbon
toumei na yoru ni kakeru kimi to me ni mienai koi wo shita,3,44,
chasing kaleidorider,3,44,
hello hoshi wo kazoete,3,44,
the otachan show,3,44,
sonic team,3,44,
ai kotoba iv (vocaloid),3,44,
kuro senpai to kuro yashiki no yami ni mayowanai,3,44,
doujin work,3,44,
annih epica,3,44,
the adventure zone,3,44,
kamurogiku (idolmaster),3,44,
ki ni naru ano musume,3,44,
mahou shoujo ririimea,3,44,
lost judgment,3,44,
imsa sportscar championship,3,44,
ryuu ga gotoku 5,3,44,
to love-ru darkness: idol revolution,3,44,
millennium tour,3,44,
great pretender,3,44,
osananajimi wa daitouryou,3,44,my girlfriend is the president
iria zeiram the animation,3,44,
heavenrend,3,44,
kiteretsu daihyakka,3,44,
gundam u.c. engage,3,44,
finding nemo,3,44,
cabbage soft,3,44,
shinka musume channel,3,44,
bistro cupid,3,44,
blasphemous,3,44,
sky diver xipuria,3,44,
c-clays,3,44,
discworld,3,44,
taiso samurai,3,44,the gymnastics samurai
pyuu to fuku! jaguar,3,44,
we will!! (love live!),3,44,
sorairo innocent,3,44,
ignis no meiyaku kishi,3,44,
arc the lad twilight of the spirits,3,44,
akane maniax,3,44,
shounen hollywood,3,44,
chowder (series),3,44,
suzumiya haruhi no tomadoi,3,44,the perplexity of haruhi suzumiya
ryuukishi bloody saga,3,44,
kagamin bocchi,3,44,
stand my heroes,3,44,
the kingdom of felismans,3,44,
bahamut lagoon,3,44,
super mario-kun,3,44,
ryuujin naga,3,44,
isekai ni tobasaretara papa ni nattandaga,3,44,
garnet cradle,3,44,
le chevalier d'eon,3,44,
kisaku,3,44,
princess evangile,3,44,
super princess peach,3,44,
musical touken ranbu,3,44,
tron: legacy,3,44,
hinomaru zumou,3,44,
moekan,3,44,
kiite kuremasu yo ne senpai,3,44,
a will,3,44,
jiko koutei kan baku age shuki shuki song (idolmaster),3,43,
onmyou taisenki,3,43,
pocket fighter,3,43,
bravely default: fairy's effect,3,43,
marshmallow (vocaloid),3,43,
hima-ten!,3,43,
gekisou sentai carranger,3,43,
corpse bride,3,43,
edelinien,3,43,
o henji madakana ojisan koubun (voisona),3,43,
mythos (vtuber),3,43,
shounen sunday,3,43,
defernull,3,43,
death end re;quest,3,43,
sonichu (series),3,43,
the iron giant,3,43,
perman (series),3,43,
marathon (2026),3,43,
senki survival saga - isekai no unmei wo kaketa mujintou fujun iseikouyuu,3,43,
dungeon crusaderz (series),3,43,
starseed: asnia trigger,3,43,
hitotose tanteidan,3,43,
teenage mutant ninja turtles (2012),3,43,
kisaragi gold star,3,43,
sword art online variant showdown,3,43,
acaxia,3,43,
blue eye samurai,3,43,
need for speed: most wanted (2005),3,43,
megamind (movie),3,43,
ginga patrol jaco,3,43,
romeo no aoi sora,3,43,romeo and the black brothers
cleavage (game),3,43,
romance of the three kingdoms (game),3,43,
bokujou monogatari: youkoso! kaze no bazaar e,3,43,
nekojiru udon,3,43,cat soup
kagetora-kun wa modorenai,3,43,
e school life,3,43,home sweet homecoming
langrisser i,3,43,
evergreen (love live!),3,43,
karenai sekai to owaru hana,3,43,
lego monkie kid,3,43,monkie kid
dishonored,3,43,
costco,3,43,
tsugai kogarashi (vocaloid),3,43,wintry winds (vocaloid)
muv-luv alternative chronicles,3,43,muvluv alternative chronicles
oizumi,3,43,
toyota gazoo racing,3,43,
haruka na sora,3,43,
imooka,3,43,
shantae: risky's revenge,3,43,
ultraman teo (series),3,43,
espgaluda,3,43,
sword master story,3,43,
angel club,3,43,
kira kira,3,43,
yuusha exkaiser,3,43,
rainbow-colored septentrion,3,43,
kiss (rock band),3,43,
girls zombie party,3,43,
luigi's mansion: dark moon,3,43,
shin seiki inma seiden,3,43,
t-rex na kanojo,3,43,
densetsu no yuusha da-garn,3,43,
neko reset (zutomayo),3,43,
gokuto jihen,3,43,
dilemma (vocaloid),3,43,
twilight (series),3,43,
milking clinic,3,43,
star ocean: blue sphere,3,43,star ocean blue sphere
coco ichibanya,3,43,
castlevania: lament of innocence,3,43,
onikakushi-hen,3,43,
the pillows,3,43,
ruined king: a league of legends story,3,43,
mizudako-chan kara wa nigerarenai!,3,43,
rune factory 2,3,43,
rocket girls,3,43,
beat saber,3,43,
ice age (movie),3,43,
mega man star force 2,3,43,
glass no kamen,3,43,
osananajimi ga zettai ni makenai lovecome,3,43,
plants vs. zombies 2 (chinese),3,43,
vebop project,3,43,
7up,3,43,
star wars: unlimited,3,43,star wars unlimited
slayer (band),3,43,
gensou shoujo taisen,3,43,
kono koi ni kizuite,3,43,
toushou daimos,3,43,fighting general daimos
fallout (prime video),3,43,
purino party,3,43,
axanael,3,43,
regret message (vocaloid),3,43,
sayonara no asa ni yakusoku no hana wo kazarou,3,43,maquia: when the promised flower blooms
chizuru-chan kaihatsu nikki,3,43,
nijigen dream fever (vocaloid),3,43,2d dream fever (vocaloid)
hyper highspeed genius,3,43,
elite beat agents,3,43,
sherlock (bbc),3,43,
bubuki buranki,3,43,
prinny (series),3,43,
ideologue!,3,43,
chrono clock,3,43,
the iconoclasts,3,43,
noberuge,3,43,
hecatoncheir,3,43,
kyou kara maou!,3,43,
hg ni koisuru futari,3,43,
nanagane educational institution,3,43,
xianjian qixia zhuan 7,3,43,
redman,3,43,
seishun fragile,3,43,
idol revolution,3,43,
fuguriya,3,43,
goddess kiss,3,43,
sora no manimani,3,43,
star trek: the next generation,3,43,
tsukipro,3,43,
gyaru to gyaru no yuri,3,43,
kowarekake no orgel,3,43,
sharin no kuni himawari no shoujo,3,43,
purism egoist,3,43,
kamisama kazoku,3,43,
blazing souls,3,43,
prinny ~ore ga shujinkou de iinsuka?~,3,43,
manbiki jk wa mizukara ori ni hairu,3,43,
alice fiction,3,43,
uchi no musume ni te wo dasuna!,3,43,
id and i,3,43,
coraline,3,42,
overdrive (iosys),3,42,"kanbu de tomatte sugu tokeru ~ kyouki no udongein,stops at the affected area and immediately dissolves ~ lunatic udongein"
bareteru! cocktail knights,3,42,
r4: ridge racer type 4,3,42,
sotsugyou ii: neo generation,3,42,
monster hunter stories 3: twisted reflection,3,42,
death grips,3,42,
inaka ni kaeru to yakeni natsuita kasshoku ponytail shota ga iru,3,42,
sonic colors,3,42,
ace combat 8,3,42,
super mario 64 ds,3,42,
god of war (2018),3,42,
onii-chan kiss no junbi wa mada desu ka?,3,42,
kiss of life,3,42,
zeta gundam: a new translation,3,42,
zettai ryouiki sex royale!!,3,42,
kuroneko to majo no kyoushitsu,3,42,the classroom of a black cat and a witch
unison league,3,42,
angry video game nerd,3,42,
luminaria pro,3,42,
date everything,3,42,
ninjago: dragons rising,3,42,
calvin & hobbes,3,42,
sugirly wish,3,42,
oroka na tenshi wa akuma to odoru,3,42,the foolish angel dances with the devil
kamen rider battle: ganba legends,3,42,
dempagumi,3,42,
imasara desu ga osananajimi wo suki ni natte shimaimashita,3,42,
kao ni denai kashiwada-san to kao ni deru oota-kun,3,42,inexpressive kashiwada and expressive oota
the rise of kyoshi,3,42,the shadow of kyoshi
tonari no jk ni odosarete iribitararetemasu,3,42,
armored core: verdict day,3,42,
jingai kyoshitsu no ningen girai kyoshi,3,42,
wakaba girl,3,42,
midareuchi,3,42,
christian mythology,3,42,
elvira: mistress of the dark,3,42,
momodora: reverie under the moonlight,3,42,
minna no iku new academy,3,42,
magical miracle metagalphose (synthesizer v),3,42,
neoki yashi no ki (vocaloid),3,42,
fate/protoreplica,3,42,
pastel chime 3,3,42,
gang beasts,3,42,
goth boy & the jock,3,42,
swedish machines,3,42,
super doll licca-chan,3,42,
mario & sonic at the olympic winter games,3,42,
smile precure! ehon no naka wa minna chiguhagu!,3,42,
death march kara hajimaru isekai kyousoukyoku,3,42,
wonder project j2,3,42,
konjiki no gash!! 2,3,42,
lcddem,3,42,
kingdom hearts dark road,3,42,
hoshiful,3,42,
yagate kimi ni naru: saeki sayaka ni tsuite,3,42,bloom into you: regarding saeki sayaka
hasegawa (hobby kits),3,42,
wild/card,3,42,
hellsinker,3,42,
majo wa mangetsu ni saku,3,42,
aneimo 2,3,42,
kira killer (zutomayo),3,42,
jungle taitei,3,42,kimba the white lion
what in hell is bad,3,42,
dokkoida,3,42,
unnamed memory,3,42,
chaban capriccio (vocaloid),3,42,
manga nippon mukashi banashi,3,42,
me:i,3,42,
claris (group),3,42,
limited life smp,3,42,
kawaii onna no ko ni kouryaku sareru no wa suki desu ka?,3,42,
inception,3,42,
macross flashback 2012,3,42,
gundam battle operation code fairy,3,42,
isekai no seikishi monogatari,3,42,tenchi muyo! war on geminar
yuusha yoshihiko to maou no shiro,3,42,
oppenheimer (movie),3,42,
magika no kenshi to basileus,3,42,
the last comer,3,42,
ddby,3,42,
villain (vocaloid),3,42,
reireimu,3,42,
vivid army,3,42,
mozilla thunderbird,3,42,
beelzebub-jou no okinimesu mama.,3,42,
erect!,3,42,
maidensnow no youkai dai-makyou,3,42,
koiken otome,3,42,
little nightmares ii,3,42,
hoshoku club,3,42,
visual prison,3,42,
doremifa rondo (vocaloid),3,42,
goshujin-sama to kemonomimi no shoujo meru,3,42,
ikari shinji raising project,3,42,
syamu game,3,42,
angelic pretty,3,42,
phantasy star online 2 the animation,3,42,
ten kurairakon teikoku-gun,3,42,
trinity universe,3,42,
yawara a fashionable judo girl,3,42,
angel cage,3,42,
soukoku no arterial,3,42,
tower of dragon,3,42,
ogre battle,3,42,
albino and witch,3,42,
michinaru hirogaru (idolmaster),3,42,
maboroshi juuhime,3,42,
clear (visual novel),3,42,
world teacher -isekaishiki kyouiku agent-,3,42,
shoujo material,3,42,
josou jinja,3,42,
voice (vocaloid),3,42,
re cation,3,42,
pixiv robot wars,3,42,
mahou arms,3,42,
love cube,3,42,
lucent heart,3,42,
te to te try on,3,42,
figure 17,3,42,
gouen no soleil,3,42,
battle programmer shirase,3,42,
comitia 118,3,42,
moderoid,3,42,
fandeltales,3,42,
canopri comic,3,42,
butterfly affection,3,42,
love love princess,3,42,
realive,3,42,
civilization v,3,42,
three little pigs,3,41,
forza horizon 6,3,41,
transformers: fall of cybertron,3,41,
sonic the hedgehog 1,3,41,
sara sara sasara,3,41,
tensou sentai goseiger,3,41,
warhammer: age of sigmar,3,41,
uchuu senshi baldios,3,41,
asken,3,41,
hayasaki no kuroyuri,3,41,
alps to kiken na mori,3,41,
ace combat 3,3,41,
rule34.xxx,3,41,
imouto no seiiki,3,41,
home sweet home (game),3,41,
atari,3,41,
hudson,3,41,
fbkingdom story,3,41,
the rolling stones,3,41,
the wolf and the seven young goats,3,41,the wolf and the seven young kids
urashima tarou (fairy tale),3,41,
might and magic,3,41,
arabian nights,3,41,
eden they were only two on the planet,3,41,
tenshi no shippo,3,41,angel tales
dragon ball online,3,41,
new super mario bros. u,3,41,
otsukimi recital (vocaloid),3,41,
sennen joyuu,3,41,millennium actress
nettaigyo wa yuki ni kogareru,3,41,a tropical fish yearns for snow
kenzen kanojo uruka-chan,3,41,
our life: now and forever,3,41,
reen kadorer,3,41,
starlight prologue,3,41,
partyhumans,3,41,
gunspike,3,41,
angel beats! track zero,3,41,
aru majo ga shinu made,3,41,once upon a witch's death
gena the crocodile and his friends,3,41,
karas,3,41,
irem,3,41,
polygon project,3,41,
new normal,3,41,
real intention,3,41,
comitia 152,3,41,
rujing yingxuan,3,41,
providence project,3,41,
tokyo metropolitan police department,3,41,
the king of fighters for girls,3,41,
x holic (series),3,41,
nihon e youkoso elf-san.,3,41,
mega man & bass,3,41,
the tortoise and the hare,3,41,
kyuukyoku choujin r,3,41,
legendz,3,41,
mugen shinshi,3,41,
yakin byoutou ni,3,41,
unless terminalia,3,41,
gundam tekketsu no orphans urdr hunt,3,41,
chocobo no fushigi na dungeon,3,41,
digimon adventure 02: the beginning,3,41,
hypnosis mic: alternative rap battle,3,41,
take it over (love live!),3,41,
chotto ippai!,3,41,
baraag,3,41,
children of the rune,3,41,
angel wish,3,41,
moero downhill night (series),3,41,
star wars jedi: fallen order,3,41,jedi: fallen order
okochama sensou (vocaloid),3,41,childish war (vocaloid)
metallic rouge,3,41,
cherry bomb (love live!),3,41,
tenshi no tamago (anime),3,41,
choujuushin gravion zwei,3,41,
revdol,3,41,
obake no q-tarou,3,41,
the beast (vocaloid),3,41,
detonator orgun,3,41,
sabikui bisco,3,41,
cutie honey universe,3,41,
knight rider,3,41,
layered stories zero,3,41,
chuuko demo koi ga shitai!,3,41,
akatoki!,3,41,
awaken the power,3,41,
tasty (takanashi kiara),3,41,
rg veda,3,41,
narcissu,3,41,
star wars: the last jedi,3,41,
mofusand,3,41,
vita sexualice,3,41,
x-blades,3,41,
prunus girl,3,41,
star plus one,3,41,
sapphism no gensou,3,41,
dars,3,41,
shirokuma cafe,3,41,
usotsuki mii-kun to kowareta maa-chan,3,41,
shuriken sentai ninninger,3,41,
teenage mutant ninja turtles (2003),3,41,
tsuki to laika to nosferatu,3,41,irina: the vampire cosmonaut
yoru ga kuru!,3,41,
planet with,3,41,
venus versus virus,3,41,
kaii shoukougun 1,3,41,
maicching machiko-sensei,3,41,
phantasy star portable,3,41,
magical tale,3,41,
katsute mahou shoujo to aku wa tekitai shiteita,3,41,the magical girl and the evil lieutenant used to be archenemies
midori no hibi,3,41,
charade maniacs,3,41,
mister ajikko,3,41,
senpai kara me ga hanasenai to aru kaishain no nichijou,3,41,
harukaze sensation!,3,41,
arksign,3,41,
kusari,3,41,
souseiki aster gate,3,41,
lady jewelpet,3,41,
voices of the void,3,40,
megami magazine rx,3,40,
noa talent,3,40,
tv tokyo,3,40,
all the things she said,3,40,
asian kung-fu generation,3,40,
shokei hakushu (synthesizer v),3,40,execution clap (synthesizer v)
akuma no odorikata (vocaloid),3,40,
swat kats,3,40,
yellow big bang! (idolmaster),3,40,
luna say maybe (idolmaster),3,40,
hitnex,3,40,
digital monster x-evolution,3,40,digimon x-evolution
kizuna encounter,3,40,
clumsy trick (idolmaster),3,40,
girls mode,3,40,style savvy (video game series)
fc barcelona,3,40,
pokemon pocket monsters,3,40,
stranger of paradise: final fantasy origin,3,40,
okusan,3,40,
crack lack good luck,3,40,
wego,3,40,
avatar: the way of water,3,40,avatar 2
dragon ball z: the tree of might,3,40,
book of star mythology,3,40,
ironblue parade,3,40,
yome sagashi ga hakadori sugite yabai.,3,40,
isekai meikyuu no saishinbu wo mezasou,3,40,
castlevania: circle of the moon,3,40,
the persistence of memory,3,40,
dazzling game,3,40,
"s-rank monster no ""behemoth"" dakedo neko to machigawarete elf musume no pet toshite kurashitemasu",3,40,i'm a behemoth an s-ranked monster but mistaken for a cat i live as an elf girl's pet
super mario maker,3,40,
the god of high school,3,40,
makai princess,3,40,
watashi no shiawase na kekkon,3,40,my happy marriage
gaming kanojo,3,40,
koujo denka no katei kyoushi,3,40,private tutor to the duke's daughter
ready steady (vocaloid),3,40,
shibayanrecords,3,40,
447 records,3,40,
blue reflection ray,3,40,
arcana,3,40,
beatmania iidx 8th style,3,40,
pizza thot,3,40,
thunder force,3,40,
gaku ou,3,40,
fengling yuxiu,3,40,
hosekisho richard-shi no nazo kantei,3,40,
der untergang,3,40,downfall (2004 movie)
changed,3,40,
pokemon quest,3,40,
black rock shooter arcana,3,40,
choujun! choujou senpai,3,40,super psychic policeman chojo
coffee talk,3,40,
cooking with love,3,40,
mirai harmony,3,40,
ponkotsu keisatsukan wa watashi ni muchuu,3,40,
spooky's house of jump scares,3,40,
soushin shoujo matoi,3,40,matoi the sacred slayer
migi ni ma gaaru (utau),3,40,
lancer rpg,3,40,
mousugu natsuyasumi! 2,3,40,
phi brain puzzle of god,3,40,
plus danshi (vocaloid),3,40,plus boy (vocaloid)
cloud horizon,3,40,
prince of persia,3,40,
cat fantasy,3,40,
gothic delusion,3,40,
cmyk: sameda kazuou wa chuunibyou ga naosenai,3,40,
last embryo,3,40,
egao no riyuu,3,40,
shin sangoku musou 3,3,40,dynasty warriors 4
panilla the revival,3,40,
mahou senshi louie,3,40,rune soldier
transistor (game),3,40,
girls und panzer: atsumare! minna no senshadou!!,3,40,
fight class 3,3,40,gyeoggi 3 ban
ultraman x (series),3,40,
maji de watashi ni koi shinasai! s,3,40,
subnautica,3,40,
sonic & knuckles,3,40,
yuusha no yabou,3,40,
kishibe rohan wa ugokanai (live action),3,40,
unlimited saga,3,40,
harvestella,3,40,
uchiage hanabi shita kara miru ka? yoko kara miru ka?,3,40,
hoshi no girls odyssey,3,40,
school fanfare,3,40,
ms.assistant,3,40,
blanche fleur,3,40,
sakamoto desu ga?,3,40,haven't you heard? i'm sakamoto
flight highschool,3,40,
silicon magic,3,40,
hentaiukr,3,40,
koi de wa naku,3,40,
sugar+spice!,3,40,
aishiteruze baby,3,40,
thank you friends!!,3,40,
mf ghost,3,40,
the weaver girl and the cowherd,3,40,
zola project,3,40,
kamen rider the first,3,40,
kanojo no carrera,3,40,
sakugan,3,40,
ren'ai boukun,3,40,
chou eshi ten ~if no gakkyoku sekai ten~,3,40,
chi's sweet home,3,40,
hatsuru koto naki mirai yori,3,40,
royal flush heroes,3,40,
aria the avvenire,3,40,
pokemon bank,3,40,
sei dorei gakuen,3,40,
inraku no ketsuzoku,3,40,
ore monogatari!!,3,40,my love story!!
wonder festival 2005,3,40,
transformers: the headmasters,3,40,
eroge!,3,40,
monster hunter 4 g,3,40,
tayutama 2,3,40,
eiyuu kyoushitsu,3,40,"classroom for heroes,hero classroom"
yamiyo ni odore,3,40,
dc super hero girls,3,40,
mirai millennium,3,40,
wizard girl ambitious,3,40,
kuutei senki,3,40,
okusama wa mahou shoujo,3,40,
3ldk,3,40,
ant-man (series),3,40,
kitakubu katsudou kiroku,3,40,
ichigo milk love,3,40,
debris (game),3,40,
subverse,3,40,
koyoi mo meshimase alicetale,3,40,
mahoroba youjo kitan,3,40,
makai tenshi djibril 4,3,40,
sex and dungeon,3,40,
angelmaster,3,40,
djkurara,3,40,
akuma de oshioki!,3,40,
hunting era,3,40,
atelier resleriana: the red alchemist & the white guardian,3,39,
fifa,3,39,
36c u.b.u (idolmaster),3,39,
sistart!,3,39,
three cheers for sweet revenge,3,39,
groove on fight,3,39,
hana no ko lunlun,3,39,
fallen (evanescence),3,39,
msn messenger,3,39,windows live messenger
lisa the painful,3,39,
young avengers,3,39,
seijuu sentai gingaman,3,39,
dragon age: the veilguard,3,39,
a song for you! you? you!!,3,39,
tamagotchi meets,3,39,tamagotchi on
gunbird,3,39,
beyond the dimensions isegye idol,3,39,
parerdemia gakuen,3,39,
mannequin (vocaloid),3,39,
wonder scale (idolmaster),3,39,
phantom siita,3,39,
mahou shoujo ikusei keikaku f2p,3,39,
pokemon tcg gb,3,39,
fluorite (idolmaster),3,39,
atelier karia,3,39,
majigawa,3,39,
minifantasytheater,3,39,
sam & max,3,39,
reincarnation no kaben,3,39,petals of reincarnation
dune (2021 movie),3,39,
mahou shoujo tokushusen asuka,3,39,magical girl spec ops asuka
jidouhanbaiki ni umarekawatta ore wa meikyuu wo samayou,3,39,reborn as a vending machine i now wander the dungeon
earth defense force 5,3,39,
chiguhagu trick,3,39,shuukan brick
luka luka night fever (vocaloid),3,39,
pokemon evolutions,3,39,
mikoto-chan wa kirawaretakunai!,3,39,
sakura cupid,3,39,
springfish studio,3,39,
for dummies,3,39,
otome kaijuu carameliser,3,39,kaiju girl caramelise
i woke up next to you again,3,39,
interstellar (movie),3,39,
envy cat walk (vocaloid),3,39,
nonohara yuka no himitsu no haishin,3,39,
transformers: cyberverse,3,39,transformers cyberverse
deus ex: human revolution,3,39,
nijuuseiki denki mokuroku,3,39,
venus vacation prism: dead or alive xtreme,3,39,
nintendo direct,3,39,
aku no hana,3,39,the flowers of evil
hanairo heptagram,3,39,
barbie as the princess and the pauper,3,39,
wakaba iro no quartet,3,39,
requiem of the golden witch,3,39,
sugao no pixel,3,39,
professor layton and the unwound future,3,39,
star lusts,3,39,
transformers: dark of the moon,3,39,
sing! shine! smile!,3,39,
district 9,3,39,
return of the condor heroes,3,39,
cara the blood lord,3,39,
her shim cheong,3,39,
cheat kusushi no slow life,3,39,
donkey kong 64,3,39,
mounten,3,39,
castlevania: harmony of despair,3,39,
kyojin no hoshi,3,39,
guilty crown lost christmas,3,39,
himuro no tenchi,3,39,
kaguya-hime no monogatari,3,39,
seiken tsukai no world break,3,39,
sonic the comic,3,39,
kamichama karin,3,39,
apocalypse now,3,39,
punch punch forever!,3,39,
snowdreams -lost in winter-,3,39,
hatsunetsumiko's,3,39,
komeda's coffee,3,39,
ready player one,3,39,
clover (manga),3,39,
the unlimited: hyoubu kyousuke,3,39,
ayakashi onmyouroku,3,39,
91 days,3,39,
hoshikoi tinkle,3,39,
bundesliga,3,39,
koisuru natsu no last resort,3,39,
decoration disorder disconnection,3,39,ddd (type-moon)
the path,3,39,
beware the ides of march,3,39,
dead rising 1,3,39,
kiehl's,3,39,
minamoto-kun monogatari,3,39,
ktm ag,3,39,
trash taste,3,39,
blue moment (love live!),3,39,
lovely idol,3,39,
kokoro toshokan,3,39,
koibito ijou no koto wo kanojo janai kimi to,3,39,
mojipittan,3,39,
onegai! ranking,3,39,
paradigm paradox,3,39,
hitomebore,3,39,
kaii shoukougun 3,3,39,
weezer (blue album),3,39,
lost passage,3,39,
grancrest senki,3,39,
fuuka,3,39,
gungrave,3,39,
ayakashi h,3,39,
bioshock 2,3,39,
m.a.d mafia is all dead,3,39,
yakin byoutou san,3,39,
kansen (series),3,39,
koto-channel,3,39,
alto,3,39,
toshiue lesson,3,39,
nikaime,3,39,
xenosexual,3,39,
tenkuu senki shurato,3,39,"legend of heavenly sphere shurato,tenku senki shurato"
the sky crawlers,3,39,
39culture,3,39,
natsumegu,3,39,
gadget trial,3,39,
mushiuta,3,39,
hinatabokko,3,39,
grandia online,3,39,
the walking dead (game),3,39,
dolls order,3,39,
sasameki koto,3,39,
magnum opus (mewniverse),3,39,
moonlight blade,3,39,
shiboritoranaide onna shounin-san,3,39,
ayakashi kyoushuutan,3,39,
schoolgirls love tentacles,3,39,
maid-san to boin damashii,3,39,
shin megami tensei devil children,3,38,
baku ane otouto shibocchau zo!,3,38,
eve no jikan,3,38,
lavender quartz: kyoukai hyoudou,3,38,
sekai symphony,3,38,
diary of a wimpy kid,3,38,
kara-koi-invitation,3,38,
variance project,3,38,
new testament,3,38,
daredevil (netflix),3,38,
kasane territory (utau),3,38,
kowloon generic romance,3,38,
nine inch nails,3,38,
kurono-san wa occult ga suki!,3,38,
mouko tanmen nakamoto,3,38,
janken game acchi muite hoi!,3,38,
the x-files,3,38,
puzzle (vocaloid),3,38,
atelier judie,3,38,
zweigen kanazawa,3,38,
traffic jam (vocaloid),3,38,
ultimate girl,3,38,
fury (movie),3,38,
soul tide,3,38,
marvel super heroes vs. street fighter,3,38,
seifuku kanojo 3,3,38,
reiwa no di gi charat,3,38,
mass effect: andromeda,3,38,
akinator (site),3,38,
akai koudan zillion,3,38,
hanavi,3,38,
snow man (jpop),3,38,
multiversus,3,38,
re;lord,3,38,
koiiro marriage,3,38,
as/hi soundworks,3,38,
sugar rush (hololive),3,38,
ziga,3,38,
ore wa subete wo parry suru,3,38,i parry everything
sugar conflict,3,38,
lady and the papyrus,3,38,
20th century boys,3,38,20seiki shounen
tear ring saga series: berwick saga,3,38,berwick saga
kuu ka kuwareru ka?,3,38,
alive musix,3,38,
kyochuu rettou,3,38,
dunkin' donuts,3,38,
the son of man (magritte),3,38,le fils de l'homme
tokimeki tonight,3,38,
chimera (vocaloid),3,38,
magical nuko-lenlen (vocaloid),3,38,
blame gakuen!,3,38,blame academy!
high school simulator 2018,3,38,
narue no sekai,3,38,the world of narue
boku no tsuma wa kanjou ga nai,3,38,my wife has no emotion
resident evil outbreak,3,38,
kamisama choose! sensei onna no ko niatteru yo!,3,38,
root double -before crime after days-,3,38,
shinkiro (hololive),3,38,
p-model,3,38,
kimi no suizou wo tabetai,3,38,
maha5japan,3,38,
rrr (movie),3,38,
how to train your dragon: the hidden world,3,38,how to train your dragon 3
tearmoon teikoku monogatari,3,38,tearmoon empire
halo 2,3,38,
heion sedai no idaten-tachi,3,38,
gals panic s2,3,38,
kaneko seisakusho,3,38,
gakuen tengoku,3,38,
get in the ring,3,38,
cure girl,3,38,
meika-san wa oshikorosenai,3,38,
bubble bobble,3,38,
toshoshitsu no kanojo,3,38,
oneyplays,3,38,
open beta (vtuber),3,38,
pretty x cation 2,3,38,
pajamy (vocaloid),3,38,
imouto no katachi,3,38,
godzilla vs. spacegodzilla,3,38,
nintendo switch sports,3,38,
metropolis,3,38,
tamayomi,3,38,
riverbed soul saver,3,38,
peach (airline),3,38,
softenni,3,38,
seven colors of the wind,3,38,
lie huo jiao chou,3,38,
chaser game w,3,38,
bakugan gundalian invaders,3,38,
maid in heaven,3,38,
witch hunter robin,3,38,
carciphona,3,38,blackbird (shilin)
mononofu ~shirayuri kassen maihime~,3,38,
lazytown,3,38,
bakugan new vestroia,3,38,
pictoria,3,38,
motorslice,3,38,
muv-luv altered fable,3,38,muvluv altered fable
tsubaki-sama wa sakihokore nai,3,38,
gelbooru,3,38,
bukatsu kikaku,3,38,
shiori series,3,38,
cuadradito y circulito,3,38,
csi,3,38,
anejiru,3,38,
emupii maid promotion master,3,38,
festa!! hyper girls pop,3,38,
living with hipstergirl and gamergirl,3,38,
pp: pianissimo,3,38,
m onna senka,3,38,
ama no jaku (vocaloid),3,38,
perfect hole,3,38,
anotherxalice,3,38,
bird type girl system,3,38,
darwin's game,3,38,
trouble witches,3,38,
honogurashi no niwa,3,37,village in the shade
acid bufferzone,3,37,
mixstgirls,3,37,
adobe,3,37,
unifee,3,37,
birds of prey,3,37,
fushigi na merumo,3,37,
pocket pikachu,3,37,
eden fantasia,3,37,
ano koro no aoi hoshi,3,37,
ultraman: towards the future,3,37,
sylph no hanahime,3,37,
dodonpachi daifukkatsu,3,37,
lustrous (vocaloid),3,37,
project zomboid,3,37,
oasis (band),3,37,
psychopomp (game),3,37,
maou no hajimekata,3,37,
luami media,3,37,
gundam breaker,3,37,
littlebigplanet,3,37,little big planet
zhandou wang zhi jufeng zhan hun,3,37,
kagaku na yatsura,3,37,
underswap,3,37,
to love-ru darkness 2nd,3,37,
wagaya no liliana-san,3,37,
megastore,3,37,
ai kotoba (vocaloid),3,37,
everyday host,3,37,
knight a,3,37,
nenaiko dare da,3,37,
sex open world e youkoso!,3,37,
bloodrayne (series),3,37,
spider-man: homecoming,3,37,
yume no tsuzuki de mattete,3,37,
diamond (love live!),3,37,
nurse ni omakase,3,37,
yume utsutsu quintet,3,37,
natural another one 2nd belladonna,3,37,
heart catch izumi-chan,3,37,
hoshimeguri gakuen,3,37,
conception: ore no kodomo wo undekure!,3,37,
uikousen (shigure ui),3,37,
honey trap shared house,3,37,
o-life.jp,3,37,
geneon,3,37,
tashiro-kun kimi-tte yatsu wa,3,37,
mahou shoujo ikusei keikaku queens,3,37,
cookie run: witch's castle,3,37,
kokuchou no psychedelica,3,37,
tokeijikake no ley line,3,37,
bubblegum crisis 2040,3,37,
tokyo teddy bear (vocaloid),3,37,
"kokoro magic ""a to z""",3,37,kokoro magic a to z
susume! ashitabara gakuen,3,37,
sakura succubus,3,37,
x-change (series),3,37,
bakuten shoot beyblade rising,3,37,
hotline miami 2: wrong number,3,37,
love u my friends,3,37,
kamitsubaki city ensemble,3,37,
famiresu wo kyouju seyo,3,37,
the king of fighters '99,3,37,
die hard,3,37,
natsu e no tunnel sayonara no deguchi,3,37,
moon (love-de-lic),3,37,moon: remix rpg adventure
alliance of the golden witch,3,37,
house of wax (2005 movie),3,37,
saimin seishidou -secret lesson-,3,37,
tokonatsu sunshine,3,37,
wikihow,3,37,
angel with a shotgun,3,37,
meteorites (stpr),3,37,
white letter,3,37,
stupid movie sequels,3,37,
stray (game),3,37,
star animals,3,37,
lucu lucu,3,37,
sengoku hanafuda kassen,3,37,
clover heart's,3,37,
tsukiuta,3,37,
trouble witches neo,3,37,
dragon quest walk,3,37,
houjin exaxxion,3,37,cannon god exaxxion
maji moji rurumo,3,37,
seisou fude no tabibito,3,37,
vine (company),3,37,
mahoroba,3,37,
quiz nanairo dreams,3,37,
avtechno!,3,37,
jishou f-rank no oniisama ga game de hyouka sareru gakuen no chouten ni kunrin suru sou desu yo?,3,37,
brothers conflict,3,37,
fault,3,37,
taimanin asagi zero,3,37,
mario bros.,3,37,
xia lan,3,37,
pokemon home,3,37,
gundam breaker battlogue,3,37,
kometa virtual live,3,37,
jing king of bandits,3,37,
buisen,3,37,
gunz the duel,3,37,
the king of fighters ex2,3,37,
s4 league,3,37,
henshin!,3,37,
potion maker,3,37,
memories off#5,3,37,
angelic serenade,3,37,
graphig,3,37,
mirai sentai timeranger,3,37,
uhou renka,3,37,
cute honey,3,37,
starcraft ii,3,37,
mai dog love,3,37,
gemini (vocaloid),3,37,
super robot wars k,3,37,
hearts recollection,3,37,
waguruma!,3,37,
psycho-puzzle,3,37,
aishiteii no wa karadadake,3,37,
august soft,3,37,
pacific rim: uprising,3,37,
sweet clown,3,37,
akatsuki no amaneka to aoi kyojin,3,37,
condorito,3,37,
elemental story,3,37,
pinkbell,3,37,
better girls,3,37,
kong: skull island,3,37,
national geographic,3,37,
cottage project,3,37,
nikubami honegishimi,3,37,
injuu gakuen la blue girl,3,37,
brave neptune,3,37,super neptunia rpg
osananajimi no h na onee-san wa suki desu ka?,3,37,
miyakawa-ke no kuufuku,3,37,
summer days,3,37,
bokujou monogatari: hajimari no daichi,3,37,
ikusa megami (series),3,37,
crossbone gundam: koutetsu no shichinin,3,37,
love sickubus,3,37,
genjitsu shugi yuusha no oukoku saikenki,3,37,
houkago play 3,3,37,
tied to twins,3,36,
whatsapp,3,36,
binetsu kuukan,3,36,
alvin and the chipmunks,3,36,
boukensha ni naritai to miyako ni deteitta musume ga s rank ni natteta,3,36,my daughter left the nest and returned an s-rank adventurer
officelove -cool na senpai-kanojo to himitsu no ikinuki-,3,36,
nhentai,3,36,
elin (game),3,36,
katseye,3,36,
suki suki daisuki (song),3,36,
tonari no seki no yatsu ga souiu me de mitekuru,3,36,"the mortifying ordeal of being seen,tonari no seki no yatsu ga eroi me de mitekuru hanashi"
martial champion,3,36,
magical canan,3,36,
sangoku taisen smash!,3,36,
kono hon wo nusumu mono wa,3,36,"kono hon o nusumu mono wa,whoever steals this book"
delta force (game),3,36,
orkastle,3,36,
neco drop,3,36,
vrecord,3,36,
agents of atlas,3,36,
aniwars,3,36,
tsui no stella,3,36,stella of the end
incubus series (sekiya asami),3,36,
kimi e okuru sora no hana,3,36,
hmv,3,36,
night dreamin,3,36,
toy story 2,3,36,
gekijou no libido,3,36,
data east,3,36,
age matters,3,36,
magical taruruuto-kun,3,36,
sensei to mondaiji? no yuri,3,36,
exoprimal,3,36,
sakura gozen (game),3,36,
led zeppelin,3,36,
super mario kart,3,36,
pretty liar (idolmaster),3,36,
sanzenkai no avatar,3,36,
ameku takao no suiri karte,3,36,"ameku m.d.: doctor detective,ameku takao's detective karte"
a rank party wo ridatsu shita ore wa moto oshiego-tachi to meikyuu shinbu wo mezasu,3,36,
oni to kitsune no hanashi,3,36,
orokamonogatari,3,36,
getter robo daikessen!,3,36,
sally face,3,36,
yondome wa iya na shizokusei majutsushi,3,36,
maximum magic,3,36,
vampirdzhija vjedogonia,3,36,
isekai maou gokko,3,36,
call of duty: black ops cold war,3,36,
peace hame,3,36,
meccha going!!,3,36,
milk (love live!),3,36,
pokemon: zoroark: master of illusions,3,36,pokemon m13
mayoiga,3,36,
kamen rider outsiders,3,36,
kozure ookami,3,36,
oreca battle,3,36,
horizon forbidden west,3,36,
dr. strangelove,3,36,
super marisa world,3,36,
babel (utau),3,36,
figure story,3,36,
tsuki makase,3,36,
akuyaku reijou nano de last boss wo kattemimashita,3,36,i'm the villainess so i'm taming the final boss
i prefer girls,3,36,
fairy ranmaru:anata no kokoro otasuke shimasu,3,36,
aleste,3,36,
layton's mystery journey,3,36,
juu mensou (vocaloid),3,36,
joukitoshi no tanteishoujou,3,36,
kourin no machi lavender no shoujo,3,36,
super mario land 2,3,36,
poker face (vocaloid),3,36,
johnny test,3,36,
monster girl island,3,36,
mach go go go,3,36,speed racer
gundam wing dual story: g-unit,3,36,
gundam cafe,3,36,
norwell college,3,36,
guilty gear vastedge xt,3,36,
namaiki!,3,36,
dansai bunri no crime edge,3,36,
mama x holic,3,36,
anima gear,3,36,
fuyou yuuna wa yuusha de nai,3,36,
medal of honor: frontline,3,36,
bartimaeus (series),3,36,
moral orel,3,36,
china railway girl,3,36,
tenkyou no alderamin,3,36,
kyoudai no jouji jijou 2,3,36,
ender inspector,3,36,
witchcraft (manga),3,36,
cho aniki,3,36,
kaze to ki no uta,3,36,
musume shimai,3,36,
cage in lunatic runagate,3,36,
change! ano ko ni natte kunkun peropero,3,36,
wrath of man,3,36,
robot ponkottsu,3,36,
sakimiya senpai no kyujitsu,3,36,
di gi charat nyo!,3,36,
starmyu,3,36,
analogue: a hate story,3,36,
pump it up,3,36,
yobanashi deceive (vocaloid),3,36,
appare-ranman!,3,36,
chinchin kemokemo,3,36,
viper gt1,3,36,
seizei ganbare! mahou shoujo kurumi,3,36,
neko to wakai seyo!,3,36,
ouchi ni kaeru made ga mashimaro desu,3,36,
happy99 (virus),3,36,
orbis terra,3,36,
zelmoni,3,36,
shinobi (ps2),3,36,
inraku no miko ntr,3,36,
bonnou-chan,3,36,
magical charming!,3,36,
kawaii joushi o komarasetai,3,36,
karmatron y los transformables,3,36,
fake type,3,36,
pink no ayumi!,3,36,
sex teacher tsuyoshi,3,36,
the legend of zelda: four swords adventures,3,35,
toushin toshi girls gift,3,35,
kemono teatime,3,35,
confession to sister (synthesizer v),3,35,
madohi shiroki no kamikakushi,3,35,
steamy livestreams with my girlfriend,3,35,
nigashita sakana wa ookikatta ga tsuriageta sakana ga ookisugita ken,3,35,always a catch!
faith (game),3,35,
navel (company),3,35,
gyousatsu shinsengumi,3,35,
king crimson,3,35,
kamisama no inai nichiyoubi,3,35,sunday without god
astralair no shiroki towa,3,35,
bambi (movie),3,35,
rose guns days,3,35,
parallel artist project,3,35,
sword art online: alicization lycoris,3,35,
rule (ado),3,35,
love of ren'ai koutei of love!,3,35,
mamoru-kun wa norowarete shimatta!,3,35,mamorukun curse!
opera gx,3,35,
sonic.exe,3,35,
guitar hero,3,35,
seisenshi dunbine: new story of aura battler dunbine,3,35,
sakura machizaka stories,3,35,
zoids wild zero,3,35,
mangetsu coffee ten,3,35,
a minecraft movie,3,35,
rusty lake,3,35,"cube escape,rusty lake (series)"
risk of rain 2,3,35,
sonic dream team,3,35,
baoh raihousha,3,35,baoh the visitor
shin kamen rider prologue,3,35,
samsa (vocaloid),3,35,
diablo 2,3,35,
mega man maverick hunter x,3,35,mega man: maverick hunter x
batman: arkham knight,3,35,
taiyou sentai sun vulcan,3,35,
kamen rider j (movie),3,35,
yumeiro patissiere,3,35,
dragon gal,3,35,
ninnindays,3,35,
gremlins (movie),3,35,
toki production,3,35,
gundam exa vs,3,35,
issen kounen (vocaloid),3,35,
machidake,3,35,
treasure planet,3,35,
byoushin wo kamu (zutomayo),3,35,
kono ko shirimasenka?,3,35,
pokemon origins,3,35,
trick (tv series),3,35,
dave the diver,3,35,
chappell roan,3,35,
77: and the two stars meet again,3,35,
grand knights history,3,35,
kusare gedou to chokorewito (vocaloid),3,35,kusare-gedou and chocolate (vocaloid)
live2d inc.,3,35,
back arrow,3,35,
dragon quest heroes ii,3,35,
kizetsu yuusha to ansatsu hime,3,35,
yumekui shirokuro baku (vocaloid),3,35,dream-eating monochrome baku (vocaloid)
seiyuu radio no uraomote,3,35,the many sides of voice actor radio
scott pilgrim vs the world (movie),3,35,
pixiv no sekai no kamen rider,3,35,
toy daddy (manhwa),3,35,
bokujou monogatari: mineral town no nakama tachi,3,35,
+anima,3,35,
godzilla against mechagodzilla,3,35,
biggym,3,35,
starship troopers (movie),3,35,
hen'na keiji koto oriko-san,3,35,
huniepop 2: double date,3,35,
x-men: days of future past,3,35,
shin sangoku musou 2,3,35,dynasty warriors 3
no salvation,3,35,
ibm,3,35,
yotaka futatabi,3,35,
bakumatsu shishi channel,3,35,
build divide,3,35,
onigiri (mmorpg),3,35,
sore ga seiyuu!,3,35,seiyu's life!
tensai bakabon,3,35,
great mechanics g,3,35,
godzilla vs. mechagodzilla,3,35,godzilla vs. mechagodzilla (1974)
tokyo clanpool,3,35,
tenshi mikadokuni,3,35,
amanatsu,3,35,
heroic age,3,35,
maou no kuse ni namaiki da!,3,35,
shuusaku,3,35,
ui-chan no niizuma diary,3,35,
calc. (vocaloid),3,35,
guns n' roses,3,35,
distortion (love live!),3,35,
alicemare,3,35,alice mare
internet positif,3,35,
atelier lilie,3,35,
vitamin summer!,3,35,
natsuiro kokoro log,3,35,
buriki one,3,35,
noita,3,35,
"watashi ga suki nara ""suki"" tte itte!",3,35,
ane yome concerto,3,35,
my doll house,3,35,
mysims,3,35,
oshite dame nara oshitemiro!,3,35,
star platinum (game),3,35,
mizukabe,3,35,
chouhakai!! barbarossa,3,35,
geoguessr,3,35,
ne~pon? x rai pon!,3,35,
armored core 3,3,35,
vital sign (love live!),3,35,
taimanin yukikaze 2,3,35,
yolang and yolang,3,35,
sister quest,3,35,
unreal night girls,3,35,
aki sora,3,35,
kyouki sanmyaku ~jashin no itadaki~,3,35,
tribe cool crew,3,35,
gakuen handsome,3,35,
boku to gonee to umi no year!!,3,35,
shoujo sect,3,35,
blue drop,3,35,
haribo,3,35,
prometheus (movie),3,35,
knights of the wandering castle,3,35,
kyouhaku 2,3,35,
tokurei sochi dantai stella jogakuin c3 bu,3,35,
kumo no mukou yakusoku no basho,3,35,
technictix,3,35,
lens no mukougawa,3,35,
ibara,3,35,
scarlett,3,35,
clock zero,3,35,
maou 2099,3,35,
kimi to boku to eden no ringo,3,35,
doki doki oyako lesson,3,35,
heroes of might and magic,3,35,
nekokawaigari,3,35,
educational broadcasting system,3,35,
park ssi-yu daegi,3,35,
omega labyrinth,3,35,
nukidoki!,3,35,
suzuki-san,3,35,
knights chronicle,3,35,
bistro cupid 2,3,35,
interstellar rhapsody,3,35,
ushiro no shoumen kamui-san,3,34,
hitoner,3,34,
innocent girl,3,34,
cloverworks,3,34,
the hole (utau),3,34,
big bang beat,3,34,
miu404,3,34,
sequel awake,3,34,
candycookiechocolate (vocaloid),3,34,
tomodachi ni nareru basho,3,34,
odochina (vocaloid),3,34,
path of exile,3,34,
2026 winter olympics,3,34,
sd command chronicles,3,34,
ballads at midnight,3,34,
bokutodragon,3,34,
dragon quest monsters 4,3,34,
vylet pony,3,34,
the untamed,3,34,chen qing ling
green arrow (series),3,34,
marvel's spider-man 2,3,34,spider-man 2 (2023 game)
fallout 1,3,34,
musou orochi 2,3,34,warriors orochi 3
chaos dominas,3,34,
aibeya,3,34,
silent hill 2 (remake),3,34,
the beginning and the friend,3,34,
koakuma love,3,34,
natsu no iro no nostalgia,3,34,
reverend insanity,3,34,gu zhen ren
challengia,3,34,
sakura fox adventure,3,34,
hikakin,3,34,
hajimari no haneoto,3,34,
sylvanian families,3,34,calico critters
wonder (vocaloid),3,34,
nchans,3,34,
visions (pixiv),3,34,
fukai ni nemuru oujo no abaddon,3,34,
ultraman max (series),3,34,
the exorcist,3,34,
welcome to dreamland,3,34,
guild master (game),3,34,
shun-ran (vocaloid),3,34,
paradichlorobenzene (vocaloid),3,34,
darkness heels,3,34,
emperor's new clothes,3,34,
power dolls,3,34,
sharp corporation,3,34,
sakigake no hanamiko,3,34,
kaeru no tame ni kane wa naru,3,34,the frog for whom the bell tolls
golden state warriors,3,34,
rinne (vocaloid),3,34,lynne (vocaloid)
misfits,3,34,
mameshiba (series),3,34,
tokiwa kitareri!!,3,34,
the secret of my next classmate,3,34,
chicken little,3,34,
odyssey (hololive english),3,34,
nonki boy,3,34,
metroid 2: return of samus,3,34,
metal gear solid v: ground zeroes,3,34,
pucca (cartoon),3,34,
honto no (utau),3,34,
the little mermaid (2023),3,34,
ribon (shueisha),3,34,
banquet of the golden witch,3,34,
one piece straw hat space,3,34,
arch linux,3,34,
miami heat,3,34,
dancing star precure,3,34,
mario strikers: battle league,3,34,
oniisama e...,3,34,dear brother
braveheart coaster,3,34,
tekken 2,3,34,
san antonio spurs,3,34,
mahou shoujo kanae,3,34,
lazy dungeon master,3,34,
eternal light (love live!),3,34,
nobunaga no shinobi,3,34,ninja girl & samurai master
the god of death,3,34,
evil dead,3,34,
offlinetv,3,34,
future parade (love live!),3,34,
tensei kizoku no isekai boukenroku,3,34,chronicles of an aristocrat reborn in another world
chio-chan no tsuugakuro,3,34,
copic (brand),3,34,
gatorade,3,34,
romance wa tsurugi no kagayaki 2,3,34,
star wars: the high republic,3,34,
kororon (song),3,34,
i'm your treasure box,3,34,
castle crashers,3,34,
kimi wa houkago insomnia,3,34,insomniacs after school
mira (cevio),3,34,
tatarigoroshi-hen,3,34,
pixiv genealogy of life,3,34,
comic koh,3,34,
gehenna (vocaloid),3,34,
sakurako-san no ashimoto ni wa shitai ga umatteiru,3,34,
atelier questboard,3,34,
mario kart 64,3,34,
karakuri shoujo,3,34,
majo to yajuu,3,34,
sekai seifuku kanojo,3,34,
mahou shoujo lyrical nanoha strikers sound stage x,3,34,
infamous,3,34,
dorobou-chan,3,34,
tachiagare! orc-san,3,34,
henjin no salad bowl,3,34,a salad bowl of eccentrics
ego rock (vocaloid),3,34,
otaku no video,3,34,
angelos armas,3,34,
ramia-yana,3,34,
maou-sama retry!,3,34,
summon night swordcraft story 2,3,34,
mf bunko,3,34,
dou-da? doing!,3,34,
texhnolyze,3,34,
stayblack,3,34,
subete ga f ni naru,3,34,
ayumarine 707r,3,34,
hagure yuusha no estetica,3,34,
the demonata,3,34,
psychocuties,3,34,
negaresurrection,3,34,
ubunchu!,3,34,
futakoi alternative,3,34,
mizugi kanojo,3,34,
crystania,3,34,
code lyoko,3,34,
comic colorful bee,3,34,
peropero saimin,3,34,
ima soko ni iru boku,3,34,now and then here and there
his master's voice,3,34,
fire flower (vocaloid),3,34,
n-innocence,3,34,
wooser no sono higurashi,3,34,
campanella (vocaloid),3,34,
wander last (vocaloid),3,34,
senkou no clarias,3,34,
overidea,3,34,
houkago sai tensei!,3,34,
yoku wakaru gendai mahou,3,34,modern magic made simple
sakura no ame (vocaloid),3,34,
yuuguu settai,3,34,
megas xlr,3,34,
tapestry -you will meet yourself-,3,34,
maou no hajimekata (dmm),3,34,
a bathing ape,3,34,
da capo second season,3,34,
seiken no faeries,3,34,
idol showdown,3,34,
mitos y leyendas,3,34,
rizelmine,3,34,
blue! (love live!),3,34,
cross world,3,34,
comitia 156,3,34,
fantasia (disney),3,34,
spectrobes (series),3,34,
kazoku ~haha to shimai no kyousei~,3,34,
r-15 (series),3,34,
bionic commando,3,34,
youtooz,3,34,
wu dong qian kun,3,34,
kamisama to unmei (series),3,34,
reminiscence re:collect,3,34,
kaizin rumble,3,34,
the girl and the robot,3,34,
clockwork planet,3,34,
a's wonderland,3,34,
crayon shin-chan: adventure in henderland,3,33,
naruto mobile,3,33,
rivals of aether,3,33,
max payne (series),3,33,"max payne 1,max payne 2,max payne 3"
look outside,3,33,
bang bang bang (bbpanzu),3,33,
tokyo revengers unlimited,3,33,
tumeneco,3,33,
sonic r,3,33,
deviantart,3,33,
itoshiki yume yo izanaite,3,33,
princess cafe,3,33,
sister mermaid,3,33,
polaris chord,3,33,
dragonsword: awakening,3,33,
1/7 no mahoutsukai,3,33,
ruby gillman: teenage kraken,3,33,
miagete goran yozora no hoshi wo,3,33,
bouryoku banzai,3,33,
infinite stratos: archetype breaker,3,33,
nee icchau yo (idolmaster),3,33,
tensei ringo (vocaloid),3,33,reincarnation apple (vocaloid)
momose akira no hatsukoi hatan chuu.,3,33,
metal slug 3,3,33,
dc powerpuff girls,3,33,
ghost and pals,3,33,
tonari no neko to koi shirazu,3,33,learning to love my cat-like classmate
houkago saikoro club,3,33,
momentary lily,3,33,
you left me,3,33,
yasei no last boss ga arawareta,3,33,a wild last boss appeared!
zorro,3,33,
five nights in anime: after hours (fangame),3,33,
anime tenchou,3,33,
superstar!! (love live!),3,33,
tokyo godfathers,3,33,
beatmania iidx 23 copula,3,33,
chiisana kyojin microman: uborg senki 2010,3,33,
kill ao,3,33,kill blue
siscon ani to brocon imouto ga shoujiki ni nattara,3,33,
beatmania iidx 13 distorted,3,33,
kira! mankai smile (idolmaster),3,33,
koibito doushi de suru koto zenbu,3,33,
exit trance,3,33,
morbius (movie),3,33,
veemusic,3,33,
lewdness,3,33,
burn-up w,3,33,
deadpool 2,3,33,
tower dungeon,3,33,
avatar (2009 movie),3,33,avatar (movie)
zenescope,3,33,
torikoriko please!!,3,33,
gotcha force,3,33,
murcielago,3,33,
yuukei yesterday (vocaloid),3,33,
kokubyaku no avesta,3,33,
whiplash (aespa),3,33,
encore dance (synthesizer v),3,33,
soushuu senshinkan gakuen hachimyoujin,3,33,
saint seiya: soul of gold,3,33,
l'amour de pierrot,3,33,
utahime dream,3,33,
battle angel alita: last order,3,33,gunnm: last order
futuregraph,3,33,
felix the cat (series),3,33,
ultraman: the ultimate hero,3,33,
keifuku-san,3,33,
dead estate,3,33,
sbi e-sports,3,33,
syanago collection,3,33,
haikei (vocaloid),3,33,
lieat,3,33,
mos burger,3,33,
escalation,3,33,
nadeshiko drip,3,33,
futago matomete kanojo ni shinai?,3,33,
star wars: the rise of skywalker,3,33,
monero,3,33,
triangle heart 3 lyrical toy box,3,33,
"isekai izakaya ""nobu""",3,33,
tada-kun wa koi wo shinai,3,33,tada never falls in love
yuan zun,3,33,dragon prince yuan
risubokkuri,3,33,
shougun-sama wa otoshigoro,3,33,
saint seiya: legend of sanctuary,3,33,
sakura swim club,3,33,
the aristocats,3,33,
saga 1,3,33,
gal to otaku wa wakari aenai.,3,33,
eastern and little nature deity,3,33,
rainybluebell,3,33,
densetsu no stafy,3,33,
utsuro no hako to zero no maria,3,33,
parasite (vocaloid),3,33,
himekiss,3,33,
charamel,3,33,
shutokou battle,3,33,tokyo xtreme racer
gogo sentai boukenger,3,33,
angel blade punish,3,33,
kaminaki sekai no kamisama katsudou,3,33,
chokokeki 6 shimai,3,33,
legendary sword,3,33,
ougon yuusha goldran,3,33,the brave of gold goldran
legaia densetsu,3,33,
gundam 00f,3,33,
toriko no shizuku ~natsu no gouka kyakusen de kegasareru otome-tachi~,3,33,
kaibutsu-kun,3,33,
aka-san to kyuuketsuki,3,33,
asame shinbun,3,33,
stranger mukou hadan,3,33,sword of the stranger
ochite iku niizuma,3,33,
jinba,3,33,
marine benefit,3,33,
seraphim call,3,33,
yuukyuu no campanella,3,33,
gyakuten sekai no denchi shoujo,3,33,
supreme candy,3,33,
starsector,3,33,
buster dress,3,33,
hitohira,3,33,
phantasy star i,3,33,
sexy mystic survivors,3,33,
strawberry shortcake (2009),3,33,
mission: impossible,3,33,
solwa,3,33,
dorei himekishi to dorei jijo to no slow life,3,33,
the girls of armament,3,33,
isekai sakaba no sextet,3,33,
bugbug,3,33,
ixion saga dt,3,33,
majokko a la mode 2,3,33,
ore dake haireru kakushi dungeon,3,33,
asanagi no aquanauts,3,33,
princess party,3,33,
marginal skip,3,33,
hakozume: kouban joshi no gyakushuu,3,33,police in a pod
attouteki gacha un de isekai wo nariagaru!,3,33,
with ribbon,3,33,
temptation h,3,33,
rui wa tomo wo yobu,3,33,
tales runner,3,33,
greed packet unlimited,3,33,
tsukushite ageru no ni!,3,33,
tsuri baka,3,33,
midnight girls,3,33,
bitcoin,3,33,
true blue,3,33,
maid gari,3,33,
lily love,3,33,
bravoman (series),3,33,
legend of lemnear,3,33,
blue dragon ral omega grad,3,33,
fullani,3,33,
mahou no tame no shoujo club,3,33,
madan no ou to michelia,3,33,
spalding,3,33,
lacey games,3,32,
dragon ball xenoverse 3,3,32,
beatcats,3,32,
pokemon: the rise of darkrai,3,32,pokemon m10
lily ange,3,32,
blood the last vampire,3,32,
hell maiden,3,32,
snake eyes (hakos baelz),3,32,
utahime shikkaku (vocaloid),3,32,
mizuzokusei no mahoutsukai,3,32,
be proud (love live!),3,32,
debby the corsifa wa makezugirai,3,32,"debby the corsifa is emulous,debyi za korushifa wa makezugirai"
high school dxd operation paradise infinity,3,32,
ikinokore! shachiku-chan,3,32,
famiresu iko.,3,32,
jewelpet,3,32,
tsuburaya productions,3,32,
on melancholy hill,3,32,
korn (band),3,32,
friday night funkin' vs dave and bambi,3,32,
sanabi,3,32,
cat loving (cevio),3,32,cat rubbing (cevio)
juukon sentai juusoldier,3,32,
2dk g pen mezamashidokei,3,32,
"samfree (""night"" songs)",3,32,
arc raiders,3,32,
hongmao and lantu,3,32,
godzilla vs. megalon (1973),3,32,"godzilla vs. megalon,godzilla vs megalon"
monty python's flying circus,3,32,
prima stella,3,32,
persona 5 the animation,3,32,
keikenzumi na kimi to keiken zero na ore ga otsukiai suru hanashi.,3,32,
gundam build metaverse,3,32,
zeroera,3,32,
candy candy (series),3,32,
ultraman ginga s,3,32,
hanahira!,3,32,
teikan no eve bethel,3,32,
boys be maid!,3,32,
under the oak tree,3,32,
toki-sensei wa kigaetai,3,32,
royale high,3,32,
tsurikichi sanpei,3,32,
asha in monster world,3,32,
boku no natsuyasumi,3,32,
tsuihousha shokudou e youkoso!,3,32,
witch's garden,3,32,
mingjing fangfu keyi zhanduan chuntian,3,32,
microsoft word,3,32,
tokyo metro,3,32,
phantom blood (movie),3,32,
ginka,3,32,
the queen's gambit,3,32,
teenage mutant ninja turtles (idw),3,32,
medarot 8,3,32,
kono kaisha ni suki na hito ga imasu,3,32,
vampire blood,3,32,
battleborn,3,32,
infinity! our wings!!,3,32,
sweet home maid,3,32,
kari gurashi ren'ai,3,32,
deftones (band),3,32,
nishui han,3,32,
crash bandicoot 4: it's about time,3,32,
sonic the hedgehog 3,3,32,
the pink panther,3,32,
the falcon and the winter soldier,3,32,
fuuraiki (series),3,32,
maidloid,3,32,
digimon world 3,3,32,
inside job,3,32,
hand in hand (vocaloid),3,32,
salon pixiv,3,32,
a deru note,3,32,
yiren zhixia,3,32,
maigo ni natte kaerenai,3,32,
nunholy,3,32,
haikei... koroshiya-san to kekkon shimashita,3,32,"haikei koroshiya-san to kekkon shimashita,my lovey-dovey wife is a stone cold killer"
shining force ii,3,32,
pathfinder: wrath of the righteous,3,32,
special thanks (love live!),3,32,
chikyuugai shounen shoujo,3,32,the orbital children
shanhai jing hua,3,32,
dazzling white town,3,32,
genjitsu no yohane -numazu in the mirage-,3,32,
bara no maria,3,32,
yubinotacto,3,32,
hoshi to tsubasa no paradox,3,32,starwing paradox
koisuru ojou-sama wa papa to yobitakunai,3,32,
produce 101 japan: the girls,3,32,
battle spirits: brave,3,32,
indigo park,3,32,
godzilla: tokyo s.o.s.,3,32,
columbo,3,32,
oushitsu kyoushi heine,3,32,the royal tutor
jibaro (love death + robots),3,32,
beatspell,3,32,
harmonia (key),3,32,
guild wars 1,3,32,
gitadora,3,32,"drummania,guitarfreaks"
no more heroes 2,3,32,
damn reincarnation,3,32,
borderlands 3,3,32,
konton boogie (vocaloid),3,32,
mamayuyu,3,32,
dragon knight 4,3,32,
mimikkoui,3,32,
saikyou densetsu kurosawa,3,32,
ojou-sama wa sunao ni narenai,3,32,
amaetai hi wa soba ni ite,3,32,
hortensia saga,3,32,
drift girls,3,32,
max anarchy,3,32,
nekogurui minako-san,3,32,
kissbell,3,32,
the oblongs,3,32,
roman holiday,3,32,
ran to haiiro no sekai,3,32,
nekogami yaoyorozu,3,32,
go to kozukuri,3,32,
hoshi no otome to rikka no shimai,3,32,
up (disney),3,32,
the dragon prince,3,32,
araburu kisetsu no otome-domo yo.,3,32,
arcana tactics,3,32,
heart challenger,3,32,
alea,3,32,
aristear remain,3,32,
a priest's journey in a rpg world,3,32,
mario strikers charged,3,32,
nanako kaitai shinsho,3,32,
lost planet,3,32,
love is blind (quzilax),3,32,
ubel blatt,3,32,
tabgraphics,3,32,
kimi to issho ni,3,32,
omega quintet,3,32,
tokyo akazukin,3,32,
love plus plus,3,32,
home alone,3,32,
sensei! tsugi wa battle no jikan desu.,3,32,
drapri guu-ta-life 2,3,32,
poe no ichizoku,3,32,
madura no tsubasa,3,32,
kenja no mago,3,32,wise man's grandchild
kami wa game ni ueteiru,3,32,gods' games we play
omg (newjeans),3,32,
kirakira monstars,3,32,
otenki studio,3,32,
nijiura,3,32,
black torch,3,32,
kousoku kidou avatar drive,3,32,
hikari no 4 senshi,3,32,
heisei umare,3,32,
mahou tsukai sally,3,32,sally the witch
kenkyo kenjitsu wo motto ni ikite orimasu,3,32,
kanahei no shoudoubutsu,3,32,
under the greenlight,3,32,
tytania,3,32,
kiss ato kiss will change my relation with you,3,32,
baby steps,3,32,
unemployed gye baeksoon,3,31,
cutie mew mew magic (deltarune),3,31,
how the grinch stole christmas!,3,31,how the grinch stole christmas
ramen daisuki koizumi-san,3,31,ms. koizumi loves ramen noodles
yozakura kitan,3,31,
sanda (itagaki paru),3,31,
charlie and the chocolate factory,3,31,
fullmetal alchemist mobile,3,31,
akatsuki yureru koi akari,3,31,
cyborg kuro-chan,3,31,
light up,3,31,
gundam silhouette formula 91,3,31,
q-lia,3,31,
primadonna (hoshimachi suisei),3,31,
houou project,3,31,
god eater resonant ops,3,31,
ai no wakakusa monogatari,3,31,
youchien wars,3,31,kindergarten wars
boyish kanojo ga kawaisugiru,3,31,
sofia the first,3,31,
yoru ni kakeru,3,31,
william tell (legend),3,31,
okiraku ryoushu no tanoshii ryouchi bouei ~seisan-kei majutsu de na mo naki mura wo saikyou no jousai toshi ni~,3,31,
choujigen game neptune the animation,3,31,
artisul,3,31,
compile heart,3,31,
aikotoba -silver snow sister-,3,31,
hatsune miku japan tour 2025 ~blooming~,3,31,
saints row: the third,3,31,
castlevania: curse of darkness,3,31,
8chan,3,31,
p.a. works,3,31,
comedian (artwork),3,31,
yubikiri kon'yaku lolita,3,31,yubikiri konyaku roriita
six heart princess,3,31,
kaiba seichoutsuu (zutomayo),3,31,
shin takarajima (song),3,31,
bloodstained: curse of the moon,3,31,
touhou lensed night sky kaseigai,3,31,
chikyuu boei kigyou dai-guard,3,31,dai-guard
shinmai renkinjutsushi no tenpo keiei,3,31,management of a novice alchemist
arena breakout,3,31,
hal laboratory,3,31,
sonic runners,3,31,
loveit (vocaloid),3,31,
olympia soiree,3,31,
compass (mili),3,31,
doro no bunzai de watashi dake no taisetsu wo ubaou da nante,3,31,
ano yo iki no bus ni notte saraba,3,31,
pokemon art academy,3,31,
gurumin,3,31,
witoru,3,31,
shoujo manga shujinkou x rival-san,3,31,
ruby gloom,3,31,
todo no tsumari no uchoten,3,31,
the war of genesis iii,3,31,war of genesis iii
gyakushuu (series),3,31,
majo to hyakkihei 2,3,31,
astraea record,3,31,
blue protocol,3,31,
39 music (vocaloid),3,31,
honkou no zen joshi seito no ue no kuchi to shita no kuchi wa nakayoshi houdai datte shitteru no wa ore dake?! sono 2,3,31,
jak and daxter,3,31,
arafoo otoko no isekai tsuuhan seikatsu,3,31,the daily life of a middle-aged online shopper in another world
kyoufu garden (vocaloid),3,31,
dai-kaijuu battle ultra ginga densetsu the movie,3,31,
nansou satomi hakkenden,3,31,
bleach: memories of nobody,3,31,
sakura ignoramus,3,31,
snail's house,3,31,snails house
gotham (series),3,31,
we bare bears,3,31,
kimoota idol yarutteyo,3,31,
kegareboshi,3,31,
rakuraku anrakushi (vocaloid),3,31,
rokudenashi blues,3,31,
mary poppins,3,31,
hana uta memoire,3,31,
tokyo babylon,3,31,
the smurfs,3,31,
science saru,3,31,
coxville stories,3,31,
saint seiya: next dimension,3,31,
street fighter i,3,31,
sonic the hedgehog (satam),3,31,
oni (game),3,31,
resident evil: resistance,3,31,
yuusha mushoku,3,31,
housekishou no maid,3,31,
euro 2024,3,31,
12tailsonline,3,31,
gariben girl v,3,31,
net ghost pipopa,3,31,
fuan no tane,3,31,
youkai watch world,3,31,
taimanin asagi 3,3,31,
for the barrel,3,31,
2022 winter olympics,3,31,
pixiv gakuen,3,31,
onna kishi to kemonomimi no ko,3,31,
the adventures of lord el-melloi ii,3,31,
communist party of china,3,31,
maou toubatsu shita ato medachitakunai node guild master ni natta,3,31,
band yarouze!,3,31,
overtake!,3,31,
vampire savior: the lord of vampire,3,31,
orthodoxia (vocaloid),3,31,
mahou chuunen ojimajo 5,3,31,
hina logi - from luck & logic,3,31,
baba is you,3,31,
the last unicorn,3,31,
touhou sky arena,3,31,
matrimelee,3,31,
ms. parker (comic),3,31,
houkago ren-ai club,3,31,
sakura bitmap,3,31,
akai katana,3,31,
comic juicy,3,31,
e? aa sou. (vocaloid),3,31,
journey to the west (1986 tv series),3,31,
shuujin/kami hikouki (vocaloid),3,31,
mama ni aitai,3,31,
hungry days,3,31,
dark chronicle,3,31,
gobots,3,31,
gundam burai,3,31,
infinite fleet,3,31,
arsenal fc,3,31,
char's daily life,3,31,
izone,3,31,
oshiete miko sensei ni,3,31,
endless library,3,31,
blaster master zero 2,3,31,
pokemon duel,3,31,
shinmai maou no testament burst,3,31,
shooting girl,3,31,
granatha eternal,3,31,
live on cardliver kakeru,3,31,
youkai gakkou no sensei hajimemashita!,3,31,a terrified teacher at ghoul school!
air master,3,31,
akai ibara,3,31,
inshitsu otaku ni ikareru imouto (kanojo),3,31,
hana x hana,3,31,
haishin,3,31,
limbo (game),3,31,
gedo senki,3,31,
jackie chan adventures,3,31,
connectopia,3,31,
megadeth,3,31,
hakaba kitarou,3,31,
giant gorg,3,31,
dragon maker,3,31,
daiuchuu no hokori,3,31,
futari escape,3,31,
taiyou no promia,3,31,
dancing blade,3,31,
rideback,3,31,
albatrosicks,3,31,
figu@mate,3,31,
maebari teikoku no gyakushuu,3,31,
nurse no obenkyou,3,31,
mine fukaki se ni tayutau uta,3,31,
omakase! trouble angel,3,31,
newmanoid,3,31,
shakugan no shana-tan,3,31,
kara no shoujo 2,3,31,
d1 grand prix,3,31,
konna ko ga itara boku wa mou,3,31,
boku to kanojo ni furu yoru,3,31,
transformers: the last knight,3,31,
37.5c no fantasy,3,31,
gulliver's travels,3,31,
makai gakuen catastrophe,3,31,
sakuragi gakuen iyashi-bu,3,31,
anetomo,3,31,
date crush stories,3,31,
fermion,3,31,
pixiv forest,3,31,
kurokishi to shiro no maou,3,31,
love marginal,3,31,
glasslip,3,31,
bahamut greed,3,31,
innocent bullet,3,31,
nyan cafe macchiato,3,31,
shiki okuri,3,30,
the witcher 2,3,30,
the human centipede,3,30,
hama no miko,3,30,
otomeroid (pink bitch club),3,30,
dies irae pantheon,3,30,
magical witch academy,3,30,
fly my wings,3,30,
antonymph,3,30,
brat (charli xcx),3,30,
didnapper,3,30,
ultra galaxy fight: the destined crossroad,3,30,
fancy frontier 42,3,30,
tongari boushi no memoru,3,30,little memole
sakura no kumo scarlet no koi,3,30,
"fuguushoku ""kanteishi"" ga jitsu wa saikyou datta",3,30,
last cloudia,3,30,
letter in orange (arknights),3,30,
70s robot anime geppy-x,3,30,
limp bizkit,3,30,
comitia 155,3,30,
another cup (synthesizer v),3,30,
parks and recreation,3,30,
yappa tenshi!,3,30,
wish you were here,3,30,
stop burying me alive beautiful!,3,30,
l.u.v (idolmaster),3,30,
saimin douga de namaiki namanushi ga nama iki suru namahousou,3,30,
rotaeno,3,30,
taimanin kurenai,3,30,
zwei!!,3,30,zwei: the arges adventure
superbunny's adventure,3,30,
bokujou monogatari: wonderful life,3,30,
keep talking and nobody explodes,3,30,
the spongebob squarepants movie,3,30,
kakuriyo no mon,3,30,
dead or alive 2,3,30,
rekka no honoo,3,30,
daisuki dattara daijoubu!,3,30,
meet the neighbors,3,30,
navy field 152,3,30,
tonari no princess rolfee,3,30,
watari-kun no xx ga houkai sunzen,3,30,
the amazing spider-man,3,30,
balloon fight,3,30,
in'youchuu shoku,3,30,
nakitai watashi wa neko wo kaburu,3,30,a whisker away
adventure time: distant lands,3,30,
girls und panzer momi no ki to tetsu no hane no majo,3,30,
harriet the spy,3,30,
play! play! play!,3,30,
yume de yozora wo terashitai,3,30,
herron house (series),3,30,
cara tesoro,3,30,
onna maou melissa no h na boukenki,3,30,
siam neko azukisan,3,30,
ane wa yanmama junyuu-chuu,3,30,
ao no orchestra,3,30,blue orchestra
the adventures of pinocchio,3,30,
sengoku enbu -kizna-,3,30,
sucker for love: date to die for,3,30,
mahou shoujo tiatia channel,3,30,mahou shoujo chia chia channel
panzer dragoon orta,3,30,
logitech,3,30,
eiyuuou bu wo kiwameru tame tenseisu: soshite sekai saikyou no minarai kishi,3,30,reborn to master the blade: from hero-king to extraordinary squire
obake no ukenerai (vocaloid),3,30,ghosts play to the audience (vocaloid)
liverpool fc,3,30,
shenmue i,3,30,
luca (pixar),3,30,
rikka koukou marching band e youkoso,3,30,
robots & lace,3,30,
americano exodus,3,30,
tabun owari (vocaloid),3,30,
battlefield 1942,3,30,
super milk-chan,3,30,
hen na ie (uketsu),3,30,
partner,3,30,
requiem for the phantom,3,30,
sengoku basara 3,3,30,
okusama ga seito kaichou!,3,30,
rozen maiden traumend,3,30,
volt tackle (vocaloid),3,30,
kimi to tsunagaru koi flag,3,30,
ningyou no kuni,3,30,aposimz
kaitori oukoku,3,30,
ano ko wa chuunibyou tenshi!!,3,30,
dyogrammaton,3,30,
dokodemo dungeon,3,30,
sparks (takanashi kiara),3,30,
horrortale,3,30,
kiwami-highlow,3,30,
hajimari no kioku,3,30,
b-gata h-kei,3,30,
tower of hanoi,3,30,
gakkou no seiiki,3,30,
sangoku hime 4,3,30,
meikou gijuku,3,30,
kaizoku ookoku koronbusu,3,30,
xiong xiaobai,3,30,
venus blood -frontier-,3,30,
solidus,3,30,
ragnarok the animation,3,30,
henjo ~hen na joshi kousei amaguri senko~,3,30,
bobanon,3,30,
yuki koi melt,3,30,
wolfwalkers,3,30,
momohime ryouran! sengoku asuka,3,30,
days (kagerou project),3,30,
guardian cross,3,30,
sukumizu tabehoudai,3,30,
weekender girl (vocaloid),3,30,
monster monster,3,30,
pause (dhiea),3,30,
ecchi na bunny-san wa kirai? 2,3,30,
hataraku otona no ren'ai jijou 2,3,30,
sos (idolmaster),3,30,
reijou kanritou ~seifuku shoujo-tachi no sakunyuu reizokuki~,3,30,
power pack,3,30,
tonde buurin,3,30,
turma da monica,3,30,
atelier iris grand phantasm,3,30,
mahou shoujo tai arusu,3,30,tweeny witches
counter-strike online,3,30,
transformers: age of extinction,3,30,
eretzvaju,3,30,evil zone
super robot wars f,3,30,
samurai 7,3,30,
3ping lovers!,3,30,
ningyo numa,3,30,
arachnid (series),3,30,
juniper's knot,3,30,
yamada-san wa tottemo baka nan desu,3,30,
hakunetsu! puyolympic!,3,30,
meikyuu black company,3,30,
teriyaki (synthesizer v),3,30,
hellraiser,3,30,
animator vs. animation,3,30,
idol project,3,30,
gundam combat,3,30,
uchuu no senshi,3,30,starship troopers (anime)
walking dream,3,30,
kodoku no hate (vocaloid),3,30,
yoru no nai kuni 2,3,30,
zombie loan,3,30,
touhakuden,3,30,
takahashi meijin no bug-tte honey,3,30,
presence,3,30,
mazinkaiser skl,3,30,
tengaku (vocaloid),3,30,
zanki zero,3,30,
kardia tou abel,3,30,
zoids wild,3,30,
reason!! (idolmaster),3,30,
deathblight,3,30,
atelier iris eternal mana,3,30,
anime-tamae! tensei no miko,3,30,
twin milf,3,30,
a-1 pictures,3,30,
parallel akiba gakuen,3,30,
magia break,3,30,
minikui mojika no ko,3,30,
tiny toon adventures,3,30,
lunaria -virtualized moonchild-,3,30,
green green,3,30,
monsterhentai,3,30,
strawberry nauts,3,30,
onee-chan no te wo totte,3,30,
archaic sealed heat,3,30,
guro cure,3,30,
yume tsukai,3,30,
inshuu bijutsubu kouhai nude model to okiteyaburi no sex ga shitai,3,30,
jk imouto.,3,30,
xcom 2,3,30,
muchimuchi dakara mukumuku shita ~osananajimi to no sugoshikata~,3,30,
gaifu kaisei,3,30,
hinnyuu kyonyuu history,3,30,
circlet princess,3,30,
heal & squeeze,3,30,
junjou karen freaks! -freaks romanticism-,3,30,
semiramis no tenbin,3,30,
shiranai love oshiete love,3,30,
sakura spirit,3,30,
only sense online,3,30,
saimin enbu,3,30,
moriah saga,3,30,
ma-ko hunter,3,30,
v for vendetta,3,29,
magicleaders,3,29,
re:if kara hajimeru isekai seikatsu,3,29,
uta no princess-sama back to the idol,3,29,
ace combat x,3,29,
marvel noir,3,29,
danganronpa 2x2,3,29,
dance dance,3,29,
nintendogs,3,29,
chieri no koi wa 8 meter,3,29,my girlfriend is 8 meters tall
the duskbloods,3,29,
omen of the stars,3,29,
honjitsu no urabe-san to,3,29,
battlefield 6,3,29,
castlevania: bloodlines,3,29,
hoyohoyo ni shite ageru,3,29,
ozigiri,3,29,
izigenia,3,29,
only you,3,29,
only you recross,3,29,
imawanokiwa (vocaloid),3,29,
geometry dash,3,29,
manchester united,3,29,
project rx,3,29,
ichiban kuji,3,29,
9s (yamamoto yamato),3,29,
iron man (2008),3,29,
whiplash (2014 movie),3,29,
noora to toki no koubou,3,29,
how to live as a writer in a fantasy world,3,29,
arisou de nasa sou,3,29,
i have no mouth and i must scream,3,29,
pixel princess blitz,3,29,
kaishoku rinne,3,29,
stargate (series),3,29,
zettai ni chocomint wo taberu aoi-chan (voiceroid),3,29,
akaiv studio,3,29,
ninja senshi tobikage,3,29,ninja robots tobikage
chaos angels,3,29,
ikemen villain,3,29,
towa and the guardians of the sacred tree,3,29,
hikikomori no ore ga kawaii guild master ni sewa wo yakaremakuttatte betsu ni ii darou?,3,29,
kimi to board game ga tsukuritai!,3,29,
beatmania iidx 18 resort anthem,3,29,
clockup,3,29,
mario & luigi: paper jam,3,29,
cocoppa dolls,3,29,
hanamakura,3,29,
oide yo! ishikawa daikanko,3,29,
88kasyo junrei,3,29,
black torch (takaki tsuyoshi),3,29,
sonic triple trouble,3,29,
virtopia club,3,29,
touhouken bunroku (game),3,29,
yellow magic orchestra,3,29,
wo jia da shixiong naozi you keng,3,29,
ikigusare,3,29,
overdose (natori),3,29,
iwashi ga tsuchi kara haetekurun da (utau),3,29,
aikurushii (idolmaster),3,29,
ase kaichatta ne cesario (vocaloid),3,29,
self control!!,3,29,
monster hunter portable 2nd g,3,29,
puchiguru love live!,3,29,
anti the infinite holic (vocaloid),3,29,
emerald dragon,3,29,
silent hill: homecoming,3,29,silent hill homecoming
sorae...,3,29,
river city girls 2,3,29,
yomiuri land,3,29,
song of time,3,29,
pokemon world championships 2014,3,29,video game championships 2014
zwei 2,3,29,zwei: the ilvard insurrection
harry potter and the deathly hallows,3,29,
smell (nagabe),3,29,
the marvelous misadventures of flapjack,3,29,
phenomeno,3,29,
zettaiteki lover,3,29,
puss in boots (fairy tale),3,29,
pou (game),3,29,
toriko no shirabe -refrain- chouritsu sareru otome-tachi to onna kyoushi,3,29,
cow & chicken,3,29,
catulus syndrome,3,29,
itazura sensou ~chiisana ritou no monogatari~,3,29,
boku no chikyuu o mamotte,3,29,
aztec mythology,3,29,
fancy frontier 33,3,29,
plastic little,3,29,
kishou seireiki,3,29,
the mask,3,29,
kiseki musubi,3,29,
kaijin kaihatsubu no kuroitsu-san,3,29,
ryuu ga gotoku 6,3,29,
bully (game),3,29,canis canem edit
planet of the apes,3,29,
el viento,3,29,
juan siliang,3,29,
urami koi koi urami koi.,3,29,
drawga,3,29,
rocko's modern life,3,29,
buddy mission bond,3,29,
nejimaki kagyuu,3,29,
lost (sound horizon),3,29,
baumkuchen endroll (vocaloid),3,29,
ninja hattori-kun,3,29,
ikinari anata ni koishiteiru,3,29,
mixue,3,29,
comic milf,3,29,
dead or alive 4,3,29,
cookie run: ovensmash,3,29,
chii-chan kaihatsu nikki,3,29,
zettai meikyuu grimm,3,29,
otacool,3,29,
sex life,3,29,
ren'ai shimasen ka?,3,29,
rance quest magnum,3,29,
kuusen otome sky valkyries,3,29,
beat eater (vocaloid),3,29,
ntt docomo,3,29,
ryuudouji shimon no inbou,3,29,
yumemiru prima girl,3,29,
monstar (company),3,29,
mixels,3,29,
carmen sandiego (series),3,29,
yoyogi mori,3,29,
mix (manga),3,29,
kageki shoujo!!,3,29,
mouretsu atarou,3,29,
reijou mob! (love live!),3,29,
hello hello world!,3,29,
kiss nante dekinai desho? to chouhatsu suru namaikina osananajimi wo wakara sete yattara yosouijou ni dereta,3,29,
mmr magazine mystery chousa han,3,29,
wii sports,3,29,
muteki robo trider g7,3,29,
a way out,3,29,
tokyo tenma,3,29,
mugen no ryvius,3,29,
kasshoku danchi e youkoso,3,29,
memories of emanon,3,29,
happinesscharge precure! ningyou no kuni no ballerina,3,29,
tenet (movie),3,29,
gals!,3,29,
saga 3,3,29,
sausage legend,3,29,
ni no kuni,3,29,
project gen2,3,29,
nyaruru fishy fight,3,29,
getcha! (vocaloid),3,29,
monogoi no succubus oyako o mitsuketakara ijimete yaru koto ni shita ww,3,29,
makai tenshi djibril 3,3,29,
otokonoko heaven,3,29,
shadow lady,3,29,
quiz quest,3,29,
gensou otome no okashi na kakurega,3,29,
midori no umi,3,29,
agrias-san to love love lesson,3,29,
real robot regiment,3,29,
minami-kamakura koukou joshi jitensha-bu,3,29,
kongai,3,29,
growlanser v,3,29,
school project,3,29,
kantoku collection,3,29,
mesopota,3,29,
feel young,3,29,
ookamikakushi,3,29,
ayanami raising project,3,29,
denji sentai megaranger,3,29,
illusion soft,3,29,
sigil gates,3,29,
pumpkin night,3,29,
color works,3,29,
blaseball,3,29,
kurama-chan ni guitte shitara pisha tte sareta,3,29,
densha otoko,3,29,
in stars and time,3,29,
weapon girls,3,29,
yubisaki milk tea,3,29,
miyamoto sakura ga kawaii dake no shousetsu,3,29,
osu! tatakae! ouendan 2,3,29,
jk taimabu,3,29,
rainbow parakeet,3,29,
reki connect,3,29,
fantasista (arcade),3,29,
ace wo nerae!,3,29,aim for the ace!
hikuushi series,3,29,
starhorse pocket,3,29,
lovely aina-chan,3,29,
kakusei avenger,3,29,
revenge of dragoon,3,29,
cross regalia,3,29,
orichalcum reycal duo,3,29,
yuri ni hasamaru otoko wa shineba ii!?,3,29,boys gilding the lily shall die!?
niizuma wa serafuku,3,29,
change ring (series),3,28,
gasaraki,3,28,
blaster master zero 3,3,28,
godzilla vs. mechagodzilla ii,3,28,godzilla vs. mechagodzilla (1993)
sonic: night of the werehog,3,28,sonic night of the werehog
wangan midnight,3,28,
godiva chocolatier,3,28,
dal segno,3,28,d.s. -dal segno-
moeken,3,28,
leia (vocaloid),3,28,
emoechi pro,3,28,
shama (vocaloid),3,28,
interview with the vampire,3,28,
comp ace,3,28,
t+pazolite,3,28,
godzilla (1954 movie),3,28,
pokemon the movie: diancie and the cocoon of destruction,3,28,pokemon m17
dead plate,3,28,
street fighter ii: the animated movie,3,28,
hoshi no kirby: mugen no haguruma o sagase!,3,28,"kirby's dreamy gear,kirby and the search for the dreamy gears!"
buru x karu,3,28,
postal (game),3,28,
irregular man (synthesizer v),3,28,
comic papipo,3,28,
hitozuma cosplay kissa (series),3,28,
zettai muteki raijin-oo,3,28,
sekai metsubou kyouyuu gensou mamiya,3,28,
shimotsuma monogatari,3,28,
mao mao: heroes of pure heart,3,28,
vivaria virtual,3,28,
madhouse,3,28,
seer (game),3,28,
justice league unlimited,3,28,
araiguma rascal,3,28,
tokyo debunker,3,28,
n.t.resort e youkoso,3,28,
yadamon,3,28,
glorious day (vocaloid),3,28,
jinzou ningen kikaider,3,28,
ready or not,3,28,
phigros,3,28,
otome riron to sono shuuhen: ecole de paris,3,28,
aozora shoujotai,3,28,
chip-chan kick!,3,28,
sani yang's laboratory,3,28,
kemo coliseum,3,28,
hatena heartbeat,3,28,
jimoto ni kaettekitara osananajimi ga kowareteta,3,28,
monster girl dreams,3,28,
yorite konoha wa kurenai ni,3,28,
inferno cop,3,28,
hatsune tenchikaibyaku shinwa (vocaloid),3,28,hatsune creation myth (vocaloid)
kitsune no oyome-chan to musuko-chan,3,28,
sonic advance 3,3,28,
coakira,3,28,
mount & blade,3,28,mount and blade
tanken hakken boku no isekai elf-san,3,28,
unravel (song),3,28,
isekai one turn kill nee-san: ane douhan no isekai seikatsu hajimemashita,3,28,my one-hit kill sister
k-books,3,28,
monster collect,3,28,
milabo (zutomayo),3,28,
the ultraman (anime),3,28,
tenkou saki no seiso karen na bishoujo ga mukashi danshi to omotte issho ni asonda osananajimi datta ken,3,28,
tetsujin 28-gou (classic),3,28,"gigantor,tetsujin 28-gou (1st series)"
sumikko gurashi,3,28,
unnatural (series),3,28,
gigantic o.t.n (vocaloid),3,28,
the monstrous horror show,3,28,
eternal tree,3,28,
jisatsu yousei,3,28,
rusty front,3,28,
seven knights re:birth,3,28,
29 to jk,3,28,
zutto issho,3,28,
omae no pantsu wa nani iro da!?,3,28,
black star -theater starless-,3,28,
melodic taste,3,28,
la mulana,3,28,
towa no yuugure,3,28,dusk beyond the end of the world
ginga nagareboshi gin,3,28,silver fang -the shooting star gin-
kamakura-dono no 13-nin,3,28,13 lords of the shogun
akujiki-san no gohan,3,28,
pleasure feather (love live!),3,28,
inukoro (kikurage),3,28,
emotions 2024,3,28,
neko no teach-kun,3,28,
ipass (yi ka tong),3,28,
lasting anthem,3,28,
melonyx,3,28,
muchi muchi pork!,3,28,
cowboy bebop: knockin' on heaven's door,3,28,
saikyou tank no meikyuu kouryaku ~tairyoku 9999 no rare skill-mochi tank yuusha party wo tsuihou sareru~,3,28,the strongest tank's labyrinth raids
.hack//quantum,3,28,
specialite en,3,28,
chrogire/girection,3,28,
razz production,3,28,
jump into the new world,3,28,
spider-man: far from home,3,28,
yuzumori-san,3,28,
chelsea fc,3,28,
lupin the third: mine fujiko to iu onna,3,28,
magia record: mahou shoujo madoka magica gaiden (anime),3,28,
maou gakuen no hangyakusha ~ jinruihatsu no maou kouho kenzoku shoujo to ouza o mezashite nariagaru ~,3,28,
ko seiki beast sanjuushi,3,28,k.o. beast
tom clancy's the division 2,3,28,
netsuzou trap,3,28,
double life smp,3,28,
ane taiken shuukan,3,28,
2016 summer olympics,3,28,
keyakizaka46,3,28,
2018 winter olympics,3,28,
hoshino me wo tsubutte.,3,28,
aa subarashiki nyansei (vocaloid),3,28,
isekai shikkaku,3,28,no longer allowed in another world
clover knight (vocaloid),3,28,
pokini kagura,3,28,
midnight grand orchestra,3,28,
akatoki 2! -tsumugu mahou to koboreru hikari-,3,28,
red hot chili peppers,3,28,
xing you ji,3,28,
fanta gakuen,3,28,
mito hollyhock,3,28,
ice cream mad lab,3,28,
hello street cat,3,28,
yubikiri (vocaloid),3,28,
yawaraka sensha,3,28,
tsuki ga kirei,3,28,
mahou shoujo western girls,3,28,
ketchup ninja,3,28,
color bullets,3,28,
death mark,3,28,
matsuribayashi-hen,3,28,
harten,3,28,
human bug daigaku,3,28,"crazy human university,on the edge (manga),the human bug university,the human crazy university"
teppu,3,28,teppuu
hello/how are you (vocaloid),3,28,
tasogare,3,28,
aurelia (game),3,28,
daa! daa! daa!,3,28,ufo baby
toshokan sensou,3,28,
trespasser,3,28,
yuwu,3,28,
tokyo active neets,3,28,
nobunaga the fool,3,28,
nuresuke paradise x,3,28,
underbar summer,3,28,
death by degrees,3,28,
rings of power,3,28,
sharknado,3,28,
pixar,3,28,
gunz 2 the second duel,3,28,
outlanders,3,28,
shuumatsu ga yattekuru! (vocaloid),3,28,
karate shoukoushi kohinata minoru,3,28,
grand harem,3,28,
sore wa,3,28,
maschinen krieger,3,28,
trouble trap laboratory,3,28,
the saga of larten crepsley,3,28,
sabaton (band),3,28,
nordgreen,3,28,
primitive link,3,28,
zoku hitou meguri,3,28,
inkya lovecome,3,28,
zettai zetsumei eiyuu,3,28,
flatcheez,3,28,
the joy of painting,3,28,
ching nu yu hun,3,28,
jolyne fly high with gucci,3,28,
pixiv papico design contest,3,28,
tokyo underground,3,28,
ecce homo,3,28,
ama ane,3,28,
mirai shounen conan,3,28,future boy conan
estpolis denki,3,28,
synchronicity (vocaloid),3,28,
disney lorcana,3,28,
sword art online last recollection,3,28,
innocent key,3,28,
sakari sakarare,3,28,
bunny black,3,28,
gin no saji,3,28,silver spoon (copyright)
comic sigma,3,28,
eternita,3,28,
kusari no shoujo (vocaloid),3,28,
himitsu no akko-chan,3,28,
wild girls,3,28,
tsui yuri okaa san ni wa naisho da yo,3,28,
daitai konnan de?,3,28,
aikagi,3,28,
firepower,3,28,
tokimeki memorial only love,3,28,
duel love,3,28,
speed grapher,3,28,
yakushiji ryouko no kaiki jikenbo,3,28,
shin ringetsu,3,28,
shiru daku settai,3,28,
the ninja warriors,3,28,the ninja saviors
waga seishun no arcadia,3,28,arcadia of my youth
rosario+vampire capu2,3,28,
wandaba style,3,28,
tenchi muyou! gxp,3,28,
in the court of the crimson king,3,28,
ultimate antihero,3,28,
relations sisterxsister,3,28,
shouten,3,28,
pieces / yurikago no canaria,3,28,
tencent qq,3,28,
konbini dmz,3,28,
youkai ameonna ni yoru kamikakushi,3,28,
kanobitch,3,28,
akanesasu shoujo,3,28,the girl in twilight
hakoiri musume ~muku na shoujo wa shiroku somaru~,3,28,
mitsume ga tooru,3,28,
chaos;child: children's collapse,3,28,
agent 7,3,28,
child of light (game),3,28,
weathernews,3,28,
priget plus,3,28,
bikininja,3,28,
mad catz,3,28,
the robots of dawn,3,28,
metro (series),3,27,
bluecoat agency,3,27,
study steady,3,27,
motto! haramase! honoo no oppai isekai oppai spy gakuen!,3,27,
hamlet,3,27,
inhumans,3,27,
rinkai!,3,27,
sinisistar 2,3,27,
castlevania judgment,3,27,
warioware gold,3,27,
kouguu no omega,3,27,
sensha isu: tank chair,3,27,
chururira chururira da da da! (vocaloid),3,27,
maou no musume wa yasashisugiru!!,3,27,the daughter of the demon lord is too kind!!
my clematis (alien stage),3,27,
overcooked,3,27,
an an,3,27,
choujuu sentai liveman,3,27,
koori no jouheki,3,27,the ramparts of ice
fundamental paper education,3,27,
echoes beyond (love live!),3,27,
jitsu wa ore saikyou deshita?,3,27,am i actually the strongest?
gentlemen prefer blondes,3,27,
grand theft auto: vice city,3,27,
nawa holang-inim,3,27,my love tiger
shiinato ippai natuyasumi,3,27,
mitsumete knight,3,27,
uchuu senkan yamato 2205: arata naru tabidachi,3,27,
gamera 3: revenge of iris,3,27,
dragon quest monsters super light,3,27,
super monkey ball,3,27,
majo no tabitabi gakuen,3,27,
comic candy time,3,27,
isle of the dead (painting),3,27,
chrono reverse,3,27,
goodbye volcano high,3,27,
luvoratorrrrry! (vocaloid),3,27,
ookami ningen to ningen ookami,3,27,
idolmaster relations,3,27,
lupin iii part 5,3,27,
haha ranman,3,27,
zeroranger,3,27,
skal,3,27,
girls' frontline: fire control,3,27,project n.e.t.
warhammer 40k: space marine,3,27,
knights in the nightmare,3,27,
digimon adventure (1999 movie),3,27,
drapeko! onedari dragon to oppai yuusha,3,27,
new crown,3,27,
reface music production,3,27,
roppongi sadistic night,3,27,
mappy,3,27,
kuraberarekko,3,27,
tsurune: kazemai koukou kyuudoubu,3,27,tsurune: the linking shot
super robot wars advance portable,3,27,
shadowrun,3,27,
oshiete re:maid,3,27,
mattaku saikin no tantei to kitara,3,27,detectives these days are crazy!
varise,3,27,fairy (vtuber)
asterix and obelix,3,27,
venus syndrome (idolmaster),3,27,
t1 (esports),3,27,sk telecom t1
gundam n-extreme,3,27,
warner bros.,3,27,warner bros
kuronuri sekai ate shokan (utau),3,27,
starlight polaris,3,27,
kartrider: drift,3,27,
the boy who cried wolf,3,27,
dragon quest treasures,3,27,
spriggan (manga),3,27,
unordinary,3,27,
pokemon: hisuian snow,3,27,
double cross (f.e.a.r.),3,27,
msv-r: the return of johnny ridden,3,27,
enicia to keiyaku mon,3,27,
heart gear,3,27,
civilization online,3,27,
marvel vs. capcom 1,3,27,
rean no tsubasa,3,27,wings of rean
papa louie (series),3,27,
allison to lillia,3,27,allison & lillia
nemureru mori ni ikitai na (love live!),3,27,
wright flyer live entertainment,3,27,
golden number (vocaloid),3,27,
lycoris radiata,3,27,
wipeout,3,27,
yukemuri harem monogatari,3,27,
my singing monsters,3,27,
maruman (brand),3,27,
dimension totsu lovers!!,3,27,
gaikotsu gakudan to riria (vocaloid),3,27,skeleton orchestra and lilia (vocaloid)
suishitai wa koi shitai (vocaloid),3,27,
the three musketeers,3,27,
new black (love live!),3,27,
blue's clues,3,27,
gaming harem,3,27,
itan na karera no kimitsu kyoshitsu,3,27,
bokujou monogatari: tsunagaru shin tenchi,3,27,
edward scissorhands,3,27,
yong yue fengya,3,27,
4leaf,3,27,
open mind world,3,27,
mahou shoujo magical destroyers,3,27,
celtic mythology,3,27,irish mythology
the big bang theory,3,27,
saving private ryan,3,27,
diaclone,3,27,
toy story 4,3,27,
splinter cell,3,27,
sequel blight,3,27,
bully (mori calliope),3,27,
fallout 2,3,27,
dream daddy: a dad dating simulator,3,27,
anime revolution,3,27,
boobwatch (2011),3,27,
kaitou tenshi twin angel 2,3,27,
equilibrium,3,27,
fuuraiki,3,27,
void terrarium,3,27,
how to win my husband over,3,27,"how to get my husband on my side,nampyeoneul nae pyeoneuro mandeuneun bangbeop,otto o mikata ni suru houhou"
don quixote (novel),3,27,don quijote (novel)
kami-tachi ni hirowareta otoko,3,27,
maid skater,3,27,
oji-mama (skskdan),3,27,
death ball (game),3,27,
ookami shoujo to kuro ouji,3,27,wolf girl and black prince
something about,3,27,
blind justice,3,27,
lockheed martin,3,27,
macross frontier: toki no meikyu,3,27,
1-nichi gaishutsuroku hanchou,3,27,one-day outing foreman
defense of the ancients,3,27,
same to ikiru nanokakan,3,27,
anata no shiranai kangofu,3,27,
cool devices,3,27,
pieces / wataridori no somnium,3,27,
renai flops,3,27,love flops
black rock shooter: innocent soul,3,27,
moero downhill night 2,3,27,
pandra,3,27,
chimame chronicle,3,27,
eonbound,3,27,
girls of the wild's,3,27,
skip beat!,3,27,
naka no hito nado inai!,3,27,
kunado kokuki,3,27,
hatsujou switch,3,27,
shuu 4 de heya ni asobi ni kuru koakuma girl ha kubittake!,3,27,
mime and dash,3,27,
aibou (tv series),3,27,
annoying orange (series),3,27,
ast memoria,3,27,
pupa,3,27,
hachimitsu-lemon,3,27,
itsuwari alice,3,27,
dead rising 2,3,27,
kimi wo aogi otome wa hime ni,3,27,
xingzuo temple,3,27,
aq arium,3,27,
geobreeders,3,27,
snapcube,3,27,
fairchild,3,27,
tengirl,3,27,
stray little devil,3,27,
tensei kyuuketsuki san wa ohirune ga shitai,3,27,
re-ply,3,27,
pan de peace!,3,27,
the time of awakening,3,27,
megami kouhosei,3,27,"pilot candidate,the candidate for goddess"
eureka seven: pocket ga niji de ippai,3,27,
suzukaze no melt,3,27,
enkou shoujo,3,27,
shunki gentei poco a poco!,3,27,
zhan ji tian xia,3,27,
neko koi!,3,27,
iro ni ide ni keri waga koi wa,3,27,
binetsu kara mystery,3,27,
sweet aviation model div.,3,27,
semen sprinkler j,3,27,
nhot bot,3,27,
vamp!,3,27,
polygonal mind,3,27,
princess princess,3,27,
virtual kouhou taishi project,3,27,
this is it,3,27,
ske48,3,27,
knallerfrauen,3,27,
daicon iii,3,27,daicon 3
diverse order,3,27,
best buy,3,27,
sss-class suicide hunter,3,27,
taboo tattoo,3,27,
okashi na tensei,3,27,
assault suits series,3,27,
the clash,3,27,
atashi no kakedashi yuusha-sama,3,27,
angelic kitty miracle-chan,3,27,
sing&smile (vocaloid),3,27,
81diver,3,27,
suisui -sweetheart swimmer-,3,27,
princess sarah,3,27,
maze town (love live!),3,27,
koi q!,3,27,
kanojo to kanojo to watashi no nananichi,3,27,
sakaagari hurricane,3,27,
lunaris filia,3,27,
succubus quest,3,27,
headphone + musume,3,27,
marble bloomers,3,27,
slayers next,3,27,
amakara twins,3,27,
stones of dragon,3,27,
noushou sakuretsu girl (vocaloid),3,27,
double arts,3,27,
fantastic children,3,27,
may queen,3,27,
stellaris (game),3,27,
ccg expo,3,27,
gothic lolita (chocolate shop),3,27,
wolf rpg editor,3,27,
sakura alien,3,27,
ojarumaru,3,27,
em8er,3,27,
mouryou no hako,3,27,
komica,3,27,
yuutousei ayaka no uraomote,3,27,
dead aegis,3,27,dead end aegis
yuurei tokyo (vocaloid),3,27,
time machine (vocaloid),3,27,
bealphareth,3,27,
black sabbath,3,27,
naraku 1,3,27,
toratsugumi,3,27,
sangoku hime 3,3,27,
madou monogatari: hanamaru dai youchienji,3,27,
ginban kaleidoscope,3,27,
clan senki,3,27,
madlax,3,27,
lord of knights,3,27,
imouto paradise!,3,27,
dungeon maker,3,27,
guardian place,3,27,
harem x scratch,3,26,
aiceclass,3,26,
shinobumonogatari,3,26,
s-rank boukensha de aru ore no musume tachi wa juudo no fathercon deshita,3,26,
zonchuu zombie jk wa game haishinchuu,3,26,
karakara 2 (game),3,26,
otome dori,3,26,
"megami ""isekai tensei nani ni naritai desu ka"" ore ""yuusha no rokkotsu de""",3,26,my ribdiculous reincarnation
triple triad,3,26,
skeb (site),3,26,
planetronika,3,26,
resident evil: damnation,3,26,resident evil damnation
omusubi (game),3,26,
musou orochi 1,3,26,warriors orochi 1
meikyu kuso tawake,3,26,
ennead,3,26,
futari solo camp,3,26,solo camping for two
shazam! (series),3,26,
verethragna seisen no duelist,3,26,
mahou shoujo 201,3,26,
scooby-doo and the witch's ghost,3,26,
magical suite prism nana,3,26,
ghost in the shell: innocence,3,26,koukaku kidoutai: innocence
mewlive,3,26,
little caesars,3,26,
disney sparklink stars,3,26,
beanie babies,3,26,
a vision of shadows,3,26,
umiyuri kaiteitan (vocaloid),3,26,
ultra q,3,26,
uchi no isourou ga sekai wo shouaku shiteiru!,3,26,
otonablue,3,26,
platinum disco (song),3,26,
hikka (website),3,26,
camp lazlo,3,26,
maze bakunetsu jikuu,3,26,
vir2alverse,3,26,
pandaclip: the black thief,3,26,
jigen tsuushin (vocaloid),3,26,
ryuu ga gotoku 8 gaiden,3,26,like a dragon: pirate yakuza in hawaii
plastic angels,3,26,
choudenshi bioman,3,26,
kaiko sareta ankoku heishi (30-dai) no slow na second life,3,26,chillin' in my 30s after getting fired from the demon king's army
chrono gear: warden of time,3,26,
winnie the pooh's home run derby,3,26,
sparco,3,26,
fortune quest,3,26,
hello world. (nitroplus),3,26,
gimmexgimme (vocaloid),3,26,
pokemon diamond/pearl/platinum (prototype),3,26,pokemon dppt (prototype)
detention (game),3,26,
chaoslive,3,26,
sushi gaki,3,26,
amaane makai princess eris wa eroicha haramizuma!,3,26,
electronic arts,3,26,
a goofy movie,3,26,
myo-chan sensei wa kaku katariki,3,26,
yotsugo gurashi,3,26,
genpei touma den,3,26,
batman: arkham asylum,3,26,
j-neration,3,26,
do as ~shinpu-sama no iinari~,3,26,
natsukami,3,26,
mahou no onaho (sorairo nyannyan),3,26,
chousuinou kei,3,26,
sega x piapro collaboration contest,3,26,
ballpark de tsukamaete!,3,26,catch me at the ballpark!
love destiny (idolmaster),3,26,
mikata ga yowasugite hojo mahou ni tesshiteita kyuutei mahoushi tsuihou sarete saikyou wo mezashimasu,3,26,
lenore the cute little dead girl,3,26,
brawlhalla,3,26,
idol boueitai hummingbird,3,26,
neon white,3,26,
haji wa jinsei no kakisute,3,26,
genius summoner at necromancy academy,3,26,
genki zenkai day! day! day!,3,26,
dragon ball z abridged,3,26,
uchuujin muumuu,3,26,
man'in densha,3,26,
mirage voyage (love live!),3,26,
community (series),3,26,
nakayoshi,3,26,
eushully,3,26,
custom robo,3,26,
chikan sen'you sharyou,3,26,
death note: another note,3,26,
oha!4 news live,3,26,
the symphony of dragon and girls,3,26,
yona yona dance,3,26,
dead ma'am's chest (houshou marine),3,26,
imouto paradise! 2,3,26,
tentama,3,26,
new japan pro wrestling,3,26,
39 (vocaloid),3,26,
himegoto union,3,26,
animal crossing: pocket camp,3,26,
yami-ma no mamiya,3,26,
kokorone=pendulum!,3,26,
majo salmhofer no toubou (vocaloid),3,26,
izumo lab,3,26,
legal high,3,26,
peter grill to kenja no jikan,3,26,
ikemen prince,3,26,
dogma (vocaloid),3,26,
bishoujo senshi sailor moon another story,3,26,
mega man: battle & chase,3,26,
liar game,3,26,
chuukan kanriroku tonegawa,3,26,
storm of shots and shells,3,26,
girlcam (tanto),3,26,
horcrux college,3,26,
bosei kanojo -shikyuu kikan-hen-,3,26,
minori (company),3,26,
overkill (mori calliope),3,26,
umabi,3,26,
koi kaze,3,26,
moonshiner,3,26,
earth wind & fire (band),3,26,
unjou no fairy tale,3,26,
super mario bros.: peach-hime kyushutsu dai sakusen!,3,26,
silent moebius,3,26,
kritika,3,26,
hentatsu,3,26,
boboiboy,3,26,
battle royale,3,26,
mahou shoujo wo mucha kucha taoshitai,3,26,
saikyou mahoushi no inton keikaku,3,26,
akaneiro no kyoukaisen,3,26,
ponkotsu musume no nichijou,3,26,
seirei fantasia,3,26,
senjuushi: the thousand noble musketeers rhodoknight,3,26,
respawn entertainment,3,26,
lost echoes,3,26,
pendulum (game),3,26,
tenkuu no otome-tachi,3,26,
sister blood,3,26,
battlestar galactica,3,26,
sano toshihide ga anata no senyou gengaman ni narimasu,3,26,
daisuki na sensei ni h na onedari shichau omase na boku no/watashi no puni puni,3,26,
the naked sun,3,26,
shutokou battle (2025),3,26,tokyo xtreme racer (2025)
xuan-yuan sword,3,26,
sword art online: infinity moment,3,26,
crystalline,3,26,
toriko no kusari,3,26,
only up!,3,26,
23/7,3,26,
crystal of re:union,3,26,
otameshidouga pretty pridot dounyuhen,3,26,
dharu riser,3,26,
rhythm tengoku the best+,3,26,
space station 13,3,26,
ginga senpuu braiger,3,26,
einstein yori ai wo komete,3,26,
enrenchuu no toshishita kanojo ga onna ni ueta osuzaru-domo no gakuen de koubi aite ni sareteta.,3,26,
vs mahjong otome ryouran,3,26,
venus de milo,3,26,
wet nightmares,3,26,
kikan bakumatsu ibun last cavalier,3,26,
koi suru kimochi no kasanekata,3,26,
kaden shoujo,3,26,
alex kidd,3,26,
tenkuu shinpan,3,26,high-rise invasion
daisenran!! sangokushi battle,3,26,
final fantasy crystal chronicles: ring of fates,3,26,
kubera,3,26,
kamen rider 555: paradise lost,3,26,
cradle-song,3,26,
the elder scrolls: legends,3,26,
pulse (ratana satis),3,26,
oresama teacher,3,26,
growlanser iii,3,26,
ex-arm,3,26,
nightmare x vampire,3,26,
seika jogakuin kounin sao ojisan,3,26,
beatmania iidx 9th style,3,26,
hotaru no haka,3,26,
tail tale,3,26,
ponponpon,3,26,
book of revelation,3,26,
fusionfall,3,26,
honoo no haramase oppai ero appli gakuen,3,26,
spiral (manga),3,26,
interstella 5555,3,26,
tsundere akuyaku reijou lieselotte to jikkyou no endou-kun to kaisetsu no kobayashi-san,3,26,endo and kobayashi live! the latest on tsundere villainess lieselotte
bible black gaiden,3,26,
cavalier of the abyss,3,26,
mars red,3,26,
kimi ga yobu megiddo no oka de,3,26,
spunky knight,3,26,
ars magna,3,26,
jokei kazoku,3,26,
komorebi no namikimichi,3,26,
hitoyume,3,26,
redlettermedia,3,26,
foxfactory,3,26,
white angel,3,26,
hitsuji chronicle,3,26,
wake up!! (idolmaster),3,26,
futago mesugaki kuma-kei chinpo wo itadaku,3,26,
nivea,3,26,
blaze union,3,26,
madou monogatari: madoushi no tou,3,26,
natsu ga owaru made,3,26,
takasaki-sen meguri,3,26,
invisible (vocaloid),3,26,
ore no ue de agaku rokunin no togime,3,26,
devilman lady,3,26,
colorful peach,3,26,
lautes alltags,3,26,
mimikaki rifure,3,26,
hatsune speed: hatsune miku roller skating music,3,26,
kujiragami no tearstilla,3,26,
deatte 5-fun wa ore no mono!,3,26,
apollo 11,3,26,
arsmagna,3,26,
kamisama to unmei kakumei no paradox,3,26,the guided fate paradox
maro no kanja wa gatenkei 2,3,26,
darashinai imouto ni itazura shitemita,3,26,
itou junji kyoufu,3,25,
nee nee nee. (vocaloid),3,25,
guardians of the galaxy vol. 1,3,25,
tensei shitara slime datta ken: makoku renpou souseiki,3,25,tensura: makoku renpou souseiki
world is dancing,3,25,
power pro-kun pocket 4,3,25,
ramakien (pasulol),3,25,
godz order,3,25,project tenkuu kishi
happiness double room,3,25,
battle fever j,3,25,
inochi ni kirawarete iru. (vocaloid),3,25,
ori and the blind forest,3,25,
toy story 5,3,25,
conan (series),3,25,
godarca,3,25,
kishiryu sentai ryusoulger,3,25,
predator: badlands,3,25,
new york knicks,3,25,
beasthill high school,3,25,
change 123,3,25,"change123,change hifumi"
animal hospital (roblox),3,25,
sword art online: unital ring,3,25,
arthur (series),3,25,
koikatsu,3,25,
the 2nd super robot wars alpha,3,25,
devilconnection,3,25,
rpg densetsu hepoi,3,25,
wings of fire,3,25,
shin megami tensei: deep strange journey,3,25,shin megami tensei: strange journey redux
the new batman adventures,3,25,
dc x sonic the hedgehog,3,25,
jiyuu ni sex dekiru joshi rikujou-bu,3,25,
link: the faces of evil,3,25,
1000xresist,3,25,
anonymous;code,3,25,
shin'en no labyrinthos,3,25,
streaming heart (vocaloid),3,25,
alice in wonderland (tim burton),3,25,alice in wonderland (2010 movie)
mega man: dual override,3,25,
kaya-chan wa kowakunai,3,25,
gargoyles,3,25,
ash again (gawr gura),3,25,
uuultra c,3,25,
hatsune miku logic paint s,3,25,
tamagotchi uni,3,25,
sangokushi (yokoyama mitsuteru),3,25,
pokemon: giratina and the sky warrior,3,25,pokemon m11
dominions (game series),3,25,
life makeover,3,25,
ultraman zero the movie choukessen! belial ginga teikoku,3,25,ultraman zero the movie
tonari no ie no annette-san,3,25,
aibo (sony),3,25,
echoes of mana,3,25,
dual! parallel trouble adventure,3,25,
triple self-portrait (norman rockwell),3,25,
grisaia chronos rebellion,3,25,
psycho (hololive),3,25,
nyan neko sugar girls,3,25,
homestar runner,3,25,
king exit,3,25,
haikara-san ga tooru,3,25,
hakushon daimaou (series),3,25,the genie family
tamagotchi! (anime),3,25,
boku to roboco,3,25,me & roboco
moved by freedom,3,25,
kangurei (zutomayo),3,25,
ren'ai jakusha na osananajimi shoujo to ren'ai kyousha na kanojo,3,25,
comic masyo,3,25,
pastel chime -koi no skill up-,3,25,
usagi to kainushi-san,3,25,
ace studio,3,25,ace virtual singer
perfect memento in strict sense,3,25,
nekogamisama to nanatsuboshi -imouto no ane-,3,25,
heartbeat clocktower (vocaloid),3,25,
majutsu tantei tokisaki kurumi no jikenbo,3,25,
kimi no yoru ni fureru,3,25,
strawberry trapper,3,25,
dokagui daisuki! mochizuki-san,3,25,
doujima-kun wa doujinai,3,25,
monster hunter portable 2nd,3,25,
kyuukyuu sentai gogofive,3,25,
otometeki koi kakumei love revo!!,3,25,
dappou tamer no nariagari boukentan,3,25,
platinumgames,3,25,
milwaukee bucks,3,25,
ys vs. sora no kiseki: alternative saga,3,25,ys vs sora no kiseki alternative saga
platonic supernova,3,25,
haze haseru haterumade (zutomayo),3,25,
tengoku de akuma ga boku wo miwaku suru,3,25,
project life (nyantcha),3,25,
jellyfish (love live!),3,25,
axel-v,3,25,
fancy frontier 43,3,25,
kashima antlers,3,25,
furious 7,3,25,fast & furious 7
galaxy dungeon,3,25,
isekai yakkyoku,3,25,parallel world pharmacy
jentry chau vs the underworld,3,25,
shin japan heroes universe,3,25,
fetish phone,3,25,
.hack//zero,3,25,
comic purumelo,3,25,
another code recollection,3,25,
shoka (ado),3,25,
abematv,3,25,
date+links!,3,25,
avatar: fire and ash,3,25,avatar 3
bake no hana (vocaloid),3,25,
xianjian qixia zhuan 4,3,25,
avengers academy,3,25,
ace virgin,3,25,
tentama: 1st sunny side,3,25,
higurashi no naku koro ni rei,3,25,
battle moon wars,3,25,
yoake to hotaru (vocaloid),3,25,
get up (newjeans),3,25,
"saikyou no shien-shoku ""wajutsushi"" dearu ore wa sekai saikyou kuran o shitagaeru",3,25,
halo 5: guardians,3,25,
under kids,3,25,
american dragon jake long,3,25,
digimon rearise,3,25,
saikin imouto no yousuga chotto okashiindaga,3,25,
only human,3,25,
github,3,25,
memories off innocent fille,3,25,
sekken-ya,3,25,
earthworm jim (series),3,25,
uefa champions league,3,25,
x-men (anime),3,25,
armored core: last raven,3,25,
extracurricular activities,3,25,
the prey (norasuko),3,25,
nimona,3,25,
duck dodgers,3,25,
blood-c the last dark,3,25,
sore wa maichiru sakura no you ni,3,25,
jkt48,3,25,
eat-man,3,25,
wizard barristers: benmashi cecil,3,25,
pop chaser,3,25,
kamen rider: reiwa the first generation,3,25,
pinkpunkpro,3,25,
amptakxcolors,3,25,
shoukoku no altair,3,25,
gundam: twilight axis,3,25,
spy x family code: white,3,25,
collage (band),3,25,
death tome,3,25,
toukiden,3,25,
judas priest,3,25,
saint dorei gakuen 2,3,25,
steel chronicle,3,25,
disorder 6,3,25,
haremon,3,25,
idol show time,3,25,
crossbreed (tabayou),3,25,
chousoku spinner,3,25,
real husbands of hollywood,3,25,
lumilive,3,25,
tenchi muyou! manatsu no eve,3,25,
comiket 73,3,25,c73
aikagi (azarashi soft),3,25,
comic magnum,3,25,
baka dakedo chinchin shaburu no dake wa jouzu na chii-chan,3,25,
danganronpa gaiden: killer killer,3,25,
uso (campus),3,25,
atelier annie,3,25,
the labyrinth,3,25,
the box (vtuber),3,25,
oz (manga),3,25,
konbini dmz plus!,3,25,
final fantasy tactics: hakuma doushi shibari,3,25,
tales of pixiv,3,25,
kawarazakike no ichizoku,3,25,
bridgerton,3,25,
super robot wars l,3,25,
burn!! (love live!),3,25,
kiben gakuha yotsuya-senpai no kaidan,3,25,
imperial saga,3,25,
guardic gaiden,3,25,
wave!! surfing yappe!!,3,25,
ironna onnanoko to kiss wo shiteitara yuri kiss ni mezamete shimaimashita,3,25,
henshin!!! ~pantsu ni natte kunkun peropero~,3,25,
galasynth (vocaloid),3,25,
katteni kaizou,3,25,
kuukiyomi: consider it,3,25,
atsuize pen-chan,3,25,
parco (retailer),3,25,
sync.art's,3,25,
cavewoman (comic),3,25,
class no gyaru ga nazeka ore no gimai to nakayoku natta.,3,25,
jorge joestar,3,25,
osomatsu-san: hesokuri wars,3,25,
yuusha shirei dagwon,3,25,
push!!,3,25,
mahou sensou,3,25,
meikyuu tansaku dragon princess,3,25,
sengoku yaraideka,3,25,
mirai shousetsu arcana,3,25,
mitou shoukan://blood sign,3,25,
saimin class wonderful,3,25,
king of prism: shiny seven stars,3,25,
girigiri love,3,25,
star fox 64,3,25,
cosplex,3,25,
flyff,3,25,
r2 online,3,25,
shion no ou,3,25,
kaii shoukougun 2,3,25,
houkago no senpai,3,25,
gyaku oudou,3,25,
tenshi ni narumon,3,25,i'm gonna be an angel!
k-on! shuffle,3,25,
colo colo,3,25,
reignite,3,25,
luminous arc 3,3,25,
rummy & coqui,3,25,
mussolier de shengzhizhe,3,25,
the sorcerer's apprentice,3,25,
sd gundam world sangoku soketsuden,3,25,
sengoku fubu,3,25,
comic orga,3,25,
alicuu girls maximum: bahamut,3,25,
mahou shoujo madoka magica: majuu hen,3,25,puella magi madoka magica: wraith arc
autumn yarofes:2023,3,25,
009-1,3,25,
albino (vocaloid),3,25,
tokimeki general girls x,3,25,
the offspring,3,25,
blood (game),3,25,
yaokin,3,25,
netrunmon,3,25,
duke nukem 3d,3,25,
call boy (vocaloid),3,25,
shukketsubo,3,25,
ane doki,3,25,
noroi no megane (vocaloid),3,25,
frederica (game),3,25,
virtual hertz,3,25,
magna carta 2,3,25,
yomban,3,25,
tamatama,3,25,
studio ring,3,25,
borussia dortmund,3,25,
avalon code,3,25,
sukumizu 2,3,25,
battle fantasia,3,25,
chokotto vampire!,3,25,
haruiro ouse,3,25,
trip dancer,3,25,
jarinko chie,3,25,
touji no sato,3,25,
youkoso chinshusou,3,25,
bitch hime,3,25,
sentou yousei shoujo tasukete mave-chan,3,25,
unity (game engine),3,25,
famicom tantei club,3,25,
hookah haze,3,25,
necromantic,3,25,
kaijin mira no dai 2 keitai ga kawaisugiru,3,25,
inaba of the moon and inaba of the earth,3,25,
burn-up excess,3,25,
meumy,3,25,
da-maid-san wa aisaretai!,3,25,
peach boy riverside,3,25,
dokidoki yandemic,3,25,
girls book maker ~grimm to sannin no ohime-sama~,3,25,
little monica monogatari,3,25,
kimi no negai ga kanau made,3,25,
onaji class no idol-san. around me is full by a celebrity.,3,25,
saishuu shiken kujira,3,25,
otogi resurrection,3,25,
kuneru marta,3,25,
ayakashibito,3,25,
alchemist (company),3,25,
black santa no christmas,3,25,
love love life,3,25,
tenbin no la dea ~ikusa megami memoria~,3,25,
hercequary,3,25,
toca band,3,25,
toca boca,3,25,
asagiri no miko,3,25,
princess holiday,3,25,
jibun tsukkomi kuma,3,24,
dustcell,3,24,
sword art online: moon cradle,3,24,
radirgy,3,24,
the super mario bros. super show!,3,24,
mugen no ticket (vocaloid),3,24,
mega man star force 1,3,24,
itadaki! seieki!,3,24,
my little pony (g3),3,24,
heroine re quest,3,24,
junjou romantica,3,24,
kotoneiro,3,24,
loopers,3,24,
ore no sugata ga toumei ni!? invisible to suuki na unmei,3,24,
exorcist no kiyoshi-kun,3,24,ultimate exorcist kiyoshi
starbound,3,24,
re:extinction,3,24,
mondo muyo! tanetsuke kyoka-sho,3,24,
time (magazine),3,24,
mamegoma (san-x),3,24,
damedol to sekai ni hitori dake no fan,3,24,
fear and loathing in las vegas,3,24,
bravely default: brilliant lights,3,24,
cagayake! girls,3,24,cagayake! girls pose
machigatta ko wo mahou shoujo ni shite shimatta,3,24,
justice league: crisis on two earths,3,24,
super danganronpa 2.5: komaeda nagito to sekai no hakaimono,3,24,danganronpa 2.5: nagito komaeda and the world vanquisher
transformers: return of convoy,3,24,
death stranding 2: on the beach,3,24,death stranding 2
medorei,3,24,
wonder girls,3,24,
musha aleste,3,24,
uchuu keiji shaider,3,24,
life is strange 2,3,24,
tales from the smp,3,24,
tsuihou sareta musai ouji jitsu wa saikyou no healer datta,3,24,
gartic phone,3,24,
kmfdm,3,24,
kakenuke seishun sparking!,3,24,
girls band cry first riff,3,24,
priministar,3,24,
konami wai wai world,3,24,
dragon magazine,3,24,
gwain saga,3,24,
netosis (satou kuuki),3,24,
marshall maximizer (cevio),3,24,
the penguins of madagascar,3,24,
bubsy (series),3,24,
anta ni itenno (utau),3,24,
dumbo,3,24,
kaerunyo panyon,3,24,
ai kotoba ii (vocaloid),3,24,
tropical vacation,3,24,
friend characters,3,24,
kanazawa one-side love,3,24,
super meat boy,3,24,
sweet magic (vocaloid),3,24,
mousou kanshou daishou renmei (vocaloid),3,24,
galaxy live (vocaloid),3,24,
rtrt (mili),3,24,
gaia online,3,24,
hyakujuu sentai gaoranger,3,24,
super mario maker 2,3,24,
bojack horseman (series),3,24,
muv-luv alternative chronicles 03,3,24,muvluv alternative chronicles 03
yogscast,3,24,
innocent witches (fangame),3,24,
cocoluce,3,24,
the hunchback of notre dame (novel),3,24,
kuroguro-san wa kyou mo kuroi,3,24,
the elder scrolls ii: daggerfall,3,24,
injustice: gods among us,3,24,
super robot wars gc,3,24,
re:zero kara mimagau isekai seikatsu,3,24,
daijoyuu-san (synthesizer v),3,24,
the fox and the hound,3,24,
duel masters gt,3,24,
kan'ochi x netorare kazoku ~anata yurushite. watakushi-tachi uwaki sex ni honki de hamacchatta no~,3,24,
oikakeru yume no saki de,3,24,
zipang (kawaguchi kaiji),3,24,
breakfast at tiffany's,3,24,
blue giant,3,24,
trapezium,3,24,
dengeki hobby,3,24,
popolocrois monogatari 2,3,24,
shirogane no soleil,3,24,
beatmania iidx 12 happy sky,3,24,
blue star (vocaloid),3,24,
saite jewel (idolmaster),3,24,
kireigoto (hoshimachi suisei),3,24,
tama & friends,3,24,
ma no mono-tachi wa kuwadateru,3,24,the demons are planning something good
gobanme no pierrot (vocaloid),3,24,
bloons tower defense,3,24,
ouji-sama no tomodachi,3,24,a prince of a friend
myther,3,24,
answered prayers,3,24,
koi wa futago de warikirenai,3,24,love is indivisible by twins
maigo ni natteita youjo wo tasuketara otonari ni sumu bishoujo ryuugakusei ga ie ni asobi ni kuru you ni natta ken ni tsuite,3,24,
concord (game),3,24,
taxi driver,3,24,
machine love (synthesizer v),3,24,
pink valentine,3,24,
raya and the last dragon,3,24,
brutal complex,3,24,
cleopatra fortune,3,24,
batman v superman: dawn of justice,3,24,
equestria girls (movie),3,24,
m.s.s project,3,24,
koko kara natsu no innocence!,3,24,
ken to mahou to gakuen mono 2,3,24,
the lobster,3,24,
maritsu loli succubus youmaen,3,24,
equestria girls: forgotten friendship,3,24,
boston red sox,3,24,
amateras records,3,24,
ikkakujuu wa tsuranukanai,3,24,
doll (game),3,24,
bms,3,24,
brandish (h manga),3,24,
hihouden,3,24,
k2e-cradle,3,24,
code of joker,3,24,
sonic frontiers: the final horizon,3,24,sonic frontiers the final horizon
mou ippon!,3,24,
star wars: the bad batch,3,24,
shin tenchi muyou!,3,24,
mahou sekai no uketsukejou ni naritai desu,3,24,
ghost (band),3,24,
school shock,3,24,
swap swap,3,24,
esp ra.de.,3,24,
kikaijima (utau),3,24,ki kai shima (utau)
lord of dice,3,24,
mystic light quest,3,24,
isekai monogatari series,3,24,
tank man,3,24,
seiso bitch na miko senpai,3,24,
snack basue,3,24,
atashin'chi,3,24,
kuroshitsuji: kishuku gakkou-hen,3,24,
ftl: faster than light,3,24,
taimanin asagi 2,3,24,
the married woman nextdoor 2 - creampie sex beside her husband,3,24,
demon turf,3,24,
butterfly wing (love live!),3,24,
toki (manga),3,24,
uraniwa no tochi-gami-sama,3,24,
mahou shoujo madoka magica novel,3,24,
rokushin gattai godmars,3,24,
houkago (doujin),3,24,after school (doujin)
otome shiki ren'ai juku,3,24,
warcraft iii,3,24,warcraft 3
open the gate!!! (love live!),3,24,
clover club (vocaloid),3,24,
mahou shoujo ore,3,24,magical girl ore
yurameku kokoro ni michita sekai de kimi no yume to yokubou wa kanau ka,3,24,
robot (manga),3,24,
supergiant games,3,24,
ningen series,3,24,
caucasus,3,24,
natsuiro koi uta,3,24,
artificial world,3,24,
pawoo,3,24,
infinite dendrogram,3,24,
angel blue,3,24,
snow fairy story (vocaloid),3,24,
netokano,3,24,
rankou kyoushitsu,3,24,
cucumber quest,3,24,
cast away,3,24,
b-densetsu! battle b-daman,3,24,
hototogisu,3,24,
harukanaru toki no naka de 2,3,24,haruka: beyond the stream of time 2
godzilla: the planet eater,3,24,
waai!,3,24,
moshidora,3,24,
mamono musume-tachi to no rakuen ~slime & scylla~,3,24,
tsf monogatari,3,24,
shuffle! memories,3,24,
afro samurai,3,24,
soukoku no regalia,3,24,
the locked tomb,3,24,"gideon the ninth,harrow the ninth"
volks dd,3,24,
egao no daika,3,24,the price of smiles
super robot wars alpha 1,3,24,
california gurls,3,24,
josou sanmyaku,3,24,
godzilla (1998),3,24,
the pizza delivery man and the gold palace,3,24,
legend of the five rings,3,24,
resident evil: infinite darkness,3,24,
enkei,3,24,
zodiac (mucha),3,24,
otome ga irodoru koi no essence,3,24,
touma no shinzou,3,24,
playasia,3,24,
flower fairy,3,24,
josou shinwa,3,24,
yurudorashiru,3,24,
furi2play!,3,24,
natsuyuki rendezvous,3,24,
murasaki (game),3,24,
metal max 3,3,24,
bill & ted,3,24,
metem puella,3,24,
shirogane no cal to soukuu no joou,3,24,
angelium,3,24,
shoujo fight,3,24,
go! go! nippon!,3,24,
boston celtics,3,24,
cnn,3,24,
snk gals fighters,3,24,
lens life,3,24,
soulless,3,24,
hakuisei ren'ai shoukougun,3,24,nurse love syndrome
forever's end,3,24,
lemon people,3,24,
kick buttowski,3,24,
ring no seraph (vocaloid),3,24,
seiken manifestia,3,24,
ching nu yu hun 2,3,24,
assassin's creed: origins,3,24,
hyper brand,3,24,
wind fantasy (series),3,24,
kung fu cooking girls,3,24,
na tian wo bangjia le yi zhi luoli,3,24,
owari naki natsu towa naru shirabe,3,24,
sankaku no kyori wa kagirinai zero,3,24,
moondrop,3,24,
kiss players,3,24,
fairly life,3,24,
job killer,3,24,
momoiro no kagi (vocaloid),3,24,
lucky orb (vocaloid),3,24,
daisuke (beatmania),3,24,
wild wet quest,3,24,
slime rancher,3,24,
hitsuji no uta,3,24,
viper m1,3,24,
nymphclub,3,24,
injuu kangoku,3,24,
osu! banchou,3,24,
kiss yori saki ni koi yori hayaku,3,24,
soushisouai note,3,24,
otoko matsuri,3,24,
cross days,3,24,
kitsune cafe,3,24,
zetman,3,24,
hoken dayori,3,24,
kuro no utahime,3,24,
tokyo lover,3,24,
tokimeki memorial 3,3,24,
broken hilt inn,3,24,
the fifth element,3,24,
iwakakeru! sport climbing girls,3,24,
chu chu rocket,3,24,
koimomo,3,24,
dear my friend,3,24,
reimu no yari,3,24,
hoshiai no sora,3,24,stars align
mahou shoujo ikusei keikaku breakdown,3,24,
renai no jugyou,3,24,
taisen hot gimmick 4ever,3,24,
omuro musume,3,24,
fuyukara kururu,3,24,
manao-ke,3,24,
yonder voice,3,24,
kamen rider zi-o the movie: over quartzer,3,24,
"gundam 00 festival 10 ""re:vision""",3,24,
shadow maiden selenoxia,3,24,
samba de amigo,3,24,
shachou batoru no jikan desu!,3,24,
kutsujoku 2,3,24,
afternoon (magazine),3,24,
gundam evolve,3,24,
xenoluxe,3,24,
ojou-sama wa gokigen naname,3,24,
yumekoi,3,24,
chaos drive,3,24,
re:birth colony,3,24,
dead drive,3,24,
tetofes,3,24,
twocar,3,24,
team6x111,3,23,
star-mine (idolmaster),3,23,
beavis and butt-head,3,23,
kirby fighters 2,3,23,
tokidoki bosotto roshia-go de dereru yuusha no alya-san,3,23,
the who,3,23,
choujin sentai jetman,3,23,
mahou tsukai kurohime,3,23,
caramella girls,3,23,
sex pistols,3,23,
power pro-kun pocket 14,3,23,
ooedo julia night (vocaloid),3,23,
party rock eternity (vocaloid),3,23,
sing 2,3,23,
gekijou-ban naruto: dai koufun! mikazuki-jima no animaru panikku dattebayo!,3,23,naruto the movie: guardians of the crescent moon kingdom
dragon's lair,3,23,
saikyou no shokugyou wa yuusha demo kenja demo naku kanteishi (kari) rashii desu yo?,3,23,
akaneirotown,3,23,
devil summoner 2: raidou kuzunoha vs king abaddon,3,23,
kamisama no enmusubi,3,23,
chiisana yabou (idolmaster),3,23,
ego renegade boy (vocaloid),3,23,
pantheon (tv series),3,23,
gundam walpurgis,3,23,
intergalactic bound (vocaloid),3,23,
renewlive,3,23,
fuuun aiuchi gakuen flat,3,23,
doomer (synthesizer v),3,23,
dungeon crusaderz,3,23,
pokemon snap,3,23,
gungho,3,23,
shounen maid kuuro-kun,3,23,
fairy tail zero,3,23,
baku ane 2 ~otouto ippai shibocchau zo!~,3,23,
reirou no hydrangea,3,23,
mega man x corrupted,3,23,
one piece: baron omatsuri and the secret island,3,23,
predators (2010),3,23,
isekai no sata wa shachiku shidai,3,23,the other world's books depend on the bean counter
dragon quest xii,3,23,
pia carrot e youkoso!!,3,23,
gigantic drive,3,23,robot alchemic drive
american idiot,3,23,
quake 1,3,23,
beatmania iidx 28 bistrover,3,23,
godzilla vs. king ghidorah,3,23,
epictale,3,23,
bokujou monogatari 2,3,23,
dance robot dance (vocaloid),3,23,
mahjong monogatari,3,23,
moe shop,3,23,
j-list,3,23,
replica datte koi wo suru,3,23,
tokyo succubus,3,23,
anata shika mienai no (vocaloid),3,23,
yappari ame wa furunda ne,3,23,
final fantasy mystic quest,3,23,
rinkou no lemuria,3,23,
doga kobo,3,23,douga koubou
line friends,3,23,
chirijiri (synthesizer v),3,23,
cirno's perfect math class,3,23,
tokyo mew mew a la mode,3,23,
mini hen (utau),3,23,
mario party 2,3,23,
raika days,3,23,
natsu no kusari,3,23,
ultra galaxy fight: the absolute conspiracy,3,23,
shokunin to hitozuma,3,23,
aqua style,3,23,
x2: eclipse,3,23,
ultraman zearth (series),3,23,
gunshow (comic),3,23,
dead mount death play,3,23,
the metamorphosis,3,23,
cliffside,3,23,
mekakare,3,23,
getter robo devolution,3,23,
my harem grew so large i was forced to ascend,3,23,
goddess order,3,23,
comitia 150,3,23,
they live,3,23,
misumisou,3,23,liverleaf
the mandalorian and grogu,3,23,
feel jewel dream (idolmaster),3,23,
kagerou: kokumeikan shinshou,3,23,
rise of the ronin,3,23,
bakunyuu maid gari,3,23,
warhammer 40k: darktide,3,23,
tsumamigui,3,23,
pororo the little penguin,3,23,
hotchkiss,3,23,
loca!,3,23,
tensai majo no maryoku kare,3,23,
capcom fighting collection,3,23,
party kara tsuihousareta sono chiyushi jitsu wa saikyou ni tsuki,3,23,
hot guy p.i.,3,23,
sasuga no sarutobi,3,23,
alt-girl for skuf,3,23,
mai princess,3,23,
godzilla: city on the edge of battle,3,23,
uchuu no kishi tekkaman,3,23,tekkaman: the space knight
fixer (vocaloid),3,23,
michikusaya,3,23,
smg4,3,23,
fire emblem: hasha no tsurugi,3,23,
nanatsu no taizai grand cross,3,23,
naze boku no sekai wo daremo oboeteinai no ka?,3,23,
ikanaide (vocaloid),3,23,
odyssey (galois),3,23,
karakuri burst (vocaloid),3,23,
xi-on,3,23,
twelve forever,3,23,
honto no kimochi,3,23,
lupin zero,3,23,
shinigami no testament,3,23,
seaman,3,23,
code beast,3,23,
evangelion re-take,3,23,
the lego ninjago movie,3,23,
deadpool: samurai,3,23,
toraware no yakata,3,23,
treasure (developer),3,23,
bosei kanojo 2 -chisei houkai-hen-,3,23,
teito monogatari,3,23,
umi and iris,3,23,
mokushiroku no yonkishi,3,23,four knights of the apocalypse
imsa gt championship,3,23,
waifusplit,3,23,
microsoft edge,3,23,
killzone,3,23,
shikoku yonkyoudai,3,23,
drug of gold (vocaloid),3,23,
gokusen,3,23,
battlerite,3,23,
beast machines,3,23,
code geass (manga),3,23,
linus tech tips,3,23,
kujibiki tokushou: musou harem-ken,3,23,
pylori kin no uta (vocaloid),3,23,
pop in q,3,23,
soul reverse zero,3,23,
sugatem! -sugarfull tempering-,3,23,
megami no yuusha wo taosu gesu na houhou,3,23,
onii-chan kiss no junbi wa mada desu ka? ecchi no junbi mo mada desu ka?,3,23,
imouto-chan to taka-kun,3,23,
vividz,3,23,
monster master x,3,23,
khimera destroy all monster girls,3,23,
dallas cowboys,3,23,
maid in oshigoto,3,23,
komorebi no nostalgica,3,23,
lovesick puppies,3,23,
hanaukyou maid tai,3,23,
shukufuku no kane no oto wa sakura-iro no kaze to tomo ni,3,23,
meiyaku no leviathan,3,23,
aza-koi,3,23,
sexy beach,3,23,
united states angel corps,3,23,
microne magazine,3,23,
souken no cross age,3,23,
primary ~magical trouble scramble~,3,23,
battle dome,3,23,
nextopia,3,23,
beast wars neo,3,23,
girlfriend project (emyo),3,23,
mahou shoujo taisen contest 2,3,23,
saikyou robo daiooja,3,23,
stay (love live!),3,23,
jack stauber,3,23,
dirty pair (novels),3,23,
ily.,3,23,
yorumorukimiri,3,23,
game (=eroge) mitai na suteki na koi ga shitai!,3,23,
uchuu ken'etsu-kan,3,23,
tenmei no conquista,3,23,
cannon dancer,3,23,
genkai tokki moero crystal,3,23,
aibeya 2,3,23,
philharmonic princesses,3,23,
star wars legion,3,23,
obi-wan kenobi (disney+),3,23,
sakura beach,3,23,
ecchi de hentai! yakimochi ojou-sama!!,3,23,
chaos dragon,3,23,
code geass: nunnally in wonderland,3,23,
sunabouzu,3,23,desert punk
kyouki yori ai o komete,3,23,from madness with love
akizora ni mau confetti,3,23,
tokyo magnitude 8.0,3,23,
shikkaku ishi,3,23,
classroom crisis,3,23,
futanari shoujo no shasei nikki,3,23,
gundam wing: frozen teardrop,3,23,gundam wing frozen teardrop
ame-chan waku-waku date game,3,23,
niizuma koyomi,3,23,
duel princess,3,23,
houkago eroge-bu!,3,23,
mudan tensai wa yurushimasen!,3,23,
oxide 2,3,23,
megami tensei ii,3,23,
shuugakuryokou kanojo torareru nettaiya,3,23,
yume graffiti,3,23,
the eric andre show,3,23,
tempest (game),3,23,
code geass: nightmare of nunnally,3,23,
sentenced to nudity,3,23,
lustful berry,3,23,
dubidubidu (christell),3,23,
oyako rankan,3,23,
qq dance,3,23,
tsuki no kanata de aimashou,3,23,
gundam seed eclipse,3,23,
mardock scramble,3,23,
mario tennis (nintendo 64),3,23,
fensi,3,23,
kyou kara ore wa!!,3,23,
mizunami fossil museum,3,23,
like a treasure (love live!),3,23,
ginga densetsu weed,3,23,
futa-chan,3,23,
super elegant,3,23,
magical arms angel nana,3,23,
innocent blue,3,23,
shiawase na ohimesama,3,23,
polly pocket,3,23,
grief syndrome,3,23,
sen no maken to tate no otome,3,23,
tenohira wo taiyou ni,3,23,
oniichan kuchukuchu shisugidayo,3,23,
mrs. estacion,3,23,
ar forgotten summer,3,23,
temptation 2,3,23,
puyopuyo chronicle,3,23,
sacred earth (series),3,23,
lux-pain,3,23,
mehime no toriko,3,23,
tenbatsu angel rabbie,3,23,
soreyuke marin-chan,3,23,
yoigoshi-hen,3,23,
shuffle! essence+,3,23,
ibitte konai gibo to gishi,3,23,
locadol promotion,3,23,
junketsu seijo kisstiana,3,23,
phantom brave: yuurei sendan to kieta eiyuu,3,23,
hyakka ryouran samurai bride,3,23,
conception 2,3,23,
kinjo no yasashii onee-san,3,23,
grimoire of marisa,3,23,
magical witch concerto,3,23,
kiseki no mahou nozomira melody,3,23,
toriko no tsubasa ~butaiura de midara ni odoru shojo ningyou~,3,23,
oblivious (dmm),3,23,
fuyu kiss,3,23,
bourbon corporation,3,23,
yunohana,3,23,
shirogane x spirits,3,23,
chichinoe plus,3,23,
mahou shoujo artelion,3,23,
haru to yuki,3,23,
hime jiru,3,23,
kamigami no asobi,3,23,
saimin class,3,23,
peridot (manga),3,23,
cocoro@function!,3,23,
uchi no toko de wa,3,23,
comic vitaman,3,23,
beep beep (hololive),3,22,
steins;gate re:boot,3,22,
snatcher,3,22,
comitia 154,3,22,
my little pony: a new generation,3,22,
winrar,3,22,
saikyou onna shishou-tachi ga ikusei houshin wo megutte shuraba,3,22,
tyrion cuthbert: attorney of the arcane,3,22,
comiket 109,3,22,
re;bon,3,22,
youkai torimonochou,3,22,
project karibito,3,22,
power pro-kun pocket 1,3,22,
juu ni seiza kan satsujin jiken,3,22,
super robot wars original generations,3,22,
choukou senki kikaioh,3,22,"choukou senki kikaiou,tech romancer"
blue eyes (manga),3,22,
hypixel,3,22,
hypixel skyblock,3,22,
time bokan,3,22,
pokemon x and y (prototype),3,22,pokemon xy (prototype)
kodansha,3,22,
saga planets,3,22,
savage reign,3,22,
shoujo a (vocaloid),3,22,
junjou gyaru wa kanojo ja nai no ni,3,22,
diabolique,3,22,
koiseyo mayakashi tenshi-domo,3,22,fall in love you false angels
destiny unchain online: kyuuketsuki shoujo to natte yagate aka no maou to yobareru you ni narimashita,3,22,
comic alive,3,22,
necogurashi,3,22,
the good the bad and the ugly,3,22,
hanakaku,3,22,
my little pony (idw),3,22,
mega man iv,3,22,
sengoku musou chronicle,3,22,samurai warriors: chronicles
hana ni kaze (vocaloid),3,22,
otome anthology (love live!),3,22,
machasal,3,22,
brightest melody,3,22,
namaiki na gal ane wo wakaraseru hanashi,3,22,
chocolat cadabra (ado),3,22,
the sound of music,3,22,
horizon walker,3,22,
kunihiko moriguchi,3,22,
castlevania: dracula x chronicles,3,22,
kaze densetsu bukkomi no taku,3,22,
ryoushi no umi no lindwurm,3,22,
assassin's creed: shadows,3,22,
prince kingdom,3,22,puridamu (group)
one less chopstick band,3,22,
dune: part two,3,22,
sou homura no kenshi to fushi no majo,3,22,
tutorial summer,3,22,
potionomics,3,22,
shirohako no mahoutsukai,3,22,
beatmania iidx 25 cannon ballers,3,22,
skittles,3,22,
metal wolf chaos,3,22,
oggy and the cockroaches,3,22,
inda no himekishi janne,3,22,
john doe (visual novel),3,22,
aisei tenshi love mary akusei jutai,3,22,
fallen angels (movie),3,22,
hello good-bye,3,22,
fallout shelter online,3,22,
american gothic,3,22,
mesudachi,3,22,
studio wasabi,3,22,
neko kaburi-na (nekomata okayu),3,22,
sd gundam force,3,22,
otosareteiku onee-chan to nani mo dekinai boku ~akogare no kanojo wa inraku shi chitai wo sarakedasu~,3,22,
numberblocks,3,22,
fc bayern munchen,3,22,
dame ningen da (utau),3,22,
wrecking crew,3,22,
cosmetic (idolmaster),3,22,
stardust virtual studio,3,22,
furuta (company),3,22,
cure (alien stage),3,22,
ah-software,3,22,
tokyo kaidan,3,22,
taozhu tongshu,3,22,
god of war ii,3,22,
rakudai majo fuuka no himitsu no heya,3,22,
jinzou ningen 100,3,22,fabricant 100
ougon bat,3,22,
bookila ni yoroshiku!,3,22,
ars no kyojuu,3,22,giant beasts of ars
comiket 74,3,22,c74
dan vs.,3,22,
please bully me miss villainess!,3,22,
fragments blue,3,22,
whentai,3,22,
sin chronicle,3,22,
moegirlpedia,3,22,
batman: arkham city,3,22,
grimoire of usami,3,22,
junji ito collection,3,22,
london calling,3,22,
majo no hanaya-san,3,22,
kinki no magna,3,22,
kyoto municipal subway,3,22,kyoto muncipal subway
diamond cut diamond,3,22,
liaozhai zhiyi,3,22,"strange stories from a chinese studio,strange tales from a chinese studio"
qing yunian,3,22,
nayuta no kiseki,3,22,
oshare majo love and berry,3,22,
l'arc~en~ciel,3,22,
peaches (song),3,22,
socially awkward,3,22,
double decker!,3,22,
ni no kuni ii,3,22,
yokohama seaside line,3,22,
black magic m-66,3,22,
ma keikaku (vocaloid),3,22,
alien: isolation,3,22,
cinema (vocaloid),3,22,
neon genesis evangelion: the iron maiden 2nd,3,22,
no guns life,3,22,
the throne of girl,3,22,
bob's burgers,3,22,
abnormality dancin' girl (vocaloid),3,22,
kuchi ga saketemo kimi ni wa,3,22,even if you slit my mouth
rabbit in the room,3,22,
captain laserhawk: a blood dragon remix,3,22,
itadaki street,3,22,
gears maiden,3,22,
wonderland to hitsuji no uta (vocaloid),3,22,
there she is!!,3,22,
super robot wars z3,3,22,
login records,3,22,
justy x nasty,3,22,
sorairo no organ,3,22,
saikyou onmyouji no isekai tenseiki,3,22,the reincarnation of the strongest exorcist in another world
help!! (hololive),3,22,
neets channel,3,22,
the fairly oddparents: a new wish,3,22,
isekai de cheat nouryoku o te ni shita ore wa genjitsu sekai o mo musou suru,3,22,
earthrise (game),3,22,
make a girl,3,22,
faussete amour,3,22,
line: monster farm,3,22,
ikusa otome valkyrie,3,22,
digital wing,3,22,
starfield,3,22,
the jetsons,3,22,
kaizoku oujo,3,22,
juventus fc,3,22,
makui -death girl-,3,22,
blast project,3,22,
marriage royale,3,22,
nerd and jock,3,22,
wilson sporting goods,3,22,
seigi (zutomayo),3,22,
denki yohou (vocaloid),3,22,
umi to yuki no cyan blue,3,22,
cat shit one,3,22,
ultraman: rising,3,22,
yomega kiss,3,22,
natsu no majo no parade,3,22,
kimi to yumemishi,3,22,
dinosaur adventure,3,22,
baseball clash,3,22,
chikan da ~shinri counselor meika no shinryou kiroku~,3,22,
god wars,3,22,
god wars: toki wo koete,3,22,
mimiket,3,22,
interviewer (vocaloid),3,22,
schatzkiste,3,22,
drill senki,3,22,
yuki ga tokeru mae ni (vocaloid),3,22,
little missing stars (vocaloid),3,22,
haru uso -passing memories-,3,22,
lip kiss,3,22,
mankitsu happening,3,22,
kujirakawa zoo,3,22,
maou no shimobe ga arawareta!,3,22,
seikon no el dorado,3,22,
gin no cross to draculea,3,22,
shinobi hanafuda,3,22,
namaiki ~kissuisou e youkoso!~,3,22,
saimin yuugi,3,22,
hallucigenia (game),3,22,
nikutai ten'i,3,22,
oto nyan,3,22,
purely (game),3,22,
megahouse,3,22,
hoozuki-san chi no aneki,3,22,
gokicha,3,22,
all points bulletin,3,22,
escalation ~kuruai no fugue~,3,22,
kafun shoujo chuuihou!,3,22,
yumemiru kotori (vocaloid),3,22,
mitaiken horizon,3,22,
attack no 1,3,22,
croket!,3,22,
natsume-senpai ni semarareru hibi,3,22,
rokudou no onna-tachi,3,22,
gal gohan,3,22,
yocchan foods,3,22,
the symbiant,3,22,
koi ni tsuite 0.1-paasento,3,22,
batman ninja,3,22,
orphans order,3,22,
isekai milf hunter,3,22,
mokuroku,3,22,
fukouna shoujo 03,3,22,
tekken tag tournament,3,22,
sennzai,3,22,
siren 2,3,22,forbidden siren 2
kurashi gas meter (voiceroid),3,22,
space jam: a new legacy,3,22,
pien (game),3,22,
oku-sama wa niizuma-chan,3,22,
milk junkies 2,3,22,
jewelic nightmare,3,22,
shikuhakku,3,22,
harukanaru toki no naka de 1,3,22,haruka: beyond the stream of time 1
harlem heart,3,22,
ristar the shooting star,3,22,
ano ko ni kiss to shirayuri wo,3,22,
majuu jouka shoujo utea,3,22,
ore to ichino no game doukoukai katsudou nisshi,3,22,
tsumanuda fight town,3,22,
juujika,3,22,
mixi,3,22,
megalopolis knockdown,3,22,
kutsujoku,3,22,
yuki mau sora to nibyou no eien,3,22,
brave story,3,22,
daichouhen doraemon,3,22,
ore no shikabane wo koete yuke,3,22,
heavenly gathering of clouds,3,22,
ultra violet (game),3,22,
redcircle,3,22,
prism rhythm,3,22,
'&' -sora no mukou de sakimasu you ni-,3,22,
f.e.a.r.,3,22,fear: first encounter assault recon
shangrlia 2,3,22,
mega man network transmission,3,22,
beyond good and evil,3,22,
eragon,3,22,
ghost hound,3,22,
like life,3,22,
wheelchair detective satori,3,22,
tropical honey,3,22,
vib-ribbon,3,22,
ojousama kumikyoku,3,22,
ww&f ~the world of water and a fairy~,3,22,
error gray,3,22,
ruma (vocaloid),3,22,
ososugita isekai tensei,3,22,
kinnikuman nisei,3,22,
idconnect+,3,22,
world's end umbrella (vocaloid),3,22,
brave beats,3,22,
downer witch (vocaloid),3,22,
hime x hime,3,22,
atlantica online,3,22,
kono bushitsu wa kitaku shinai bu ga senkyo shimashita.,3,22,
ren'ai byou,3,22,
forest of pixiv,3,22,
shinki musume,3,22,
captain toad: treasure tracker,3,22,
antec,3,22,
einhander,3,22,
drowtales,3,22,
hoshi no koe,3,22,voices of a distant star
fugou keiji balance:unlimited,3,22,
toppara,3,22,
s'il vous president,3,22,
downtown no gottsu ee kanji,3,22,
kaga mine 2,3,22,
colorful aquarium,3,22,
kekkou kamen,3,22,
hitozuma kasumi-san,3,22,
shuraki,3,22,
peta 7,3,22,
shishunki,3,22,
firebird,3,22,
working days,3,22,
kono minikuku mo utsukushii sekai,3,22,
majipuri,3,22,
dimension zero,3,22,
mob kara hajimaru tansaku eiyuutan,3,22,
milk junkies 3,3,22,
shuuchakueki kara hajimeyou,3,22,
sucker punch,3,22,
gundam battlefield record uc 0081,3,22,
nokabe,3,22,
sayonara chainsaw (vocaloid),3,22,
onna kyoushi to jugyouchuu ni sex dekiru danshikou,3,22,
kouchuu ouja mushiking,3,22,mushiking: the king of beetles
metanoia live,3,22,
gundam ace,3,22,
oppai sensou: kyonyuu vs hinnyuu,3,22,
omohide poro poro,3,22,
taisho hell romance,3,22,
natural vacation,3,22,
binbou shimai monogatari,3,22,
hoonie friends,3,22,
tokedase! mizorechan,3,22,
shinsou noise,3,22,
mofumofu time!,3,22,
i roved out in search of truth and love,3,22,
babumi!,3,22,
minami juujisei renka,3,22,
overwatch league,3,22,
ane yome quartet,3,22,
last summoner,3,22,
habitacion en la llave,3,22,
alice to zouroku,3,22,
hoppers (pixar),3,22,
thought of dolls,3,22,
scrap gakuen,3,22,
pixa,3,22,
fukakai na boku no subete wo,3,22,
pixiv card battler,3,22,
shounen maid,3,22,
spiritpact,3,22,
over! (vocaloid),3,22,
re:kinder,3,22,
denshi yuugi mokushiroku,3,22,
panzer front,3,22,
bad thinking diary,3,22,
gangsta republica,3,22,
comic bangaichi,3,22,
ashita watashi wa dareka no kanojo,3,22,
ittai itsukara (idolmaster),3,21,
undark: atarashii toumei na chikara no subete,3,21,
mina the hollower (game),3,21,
seikou tenshi resistear,3,21,
saitama 360 club,3,21,
ant-man (movie),3,21,
numb numb (vocaloid),3,21,
little riddle (idolmaster),3,21,little riddle
two you (vocaloid),3,21,
runaways (marvel),3,21,
power pro-kun pocket 12,3,21,
the ribbon hero,3,21,
it has to be this way (song),3,21,it has to be this way (music)
the walten files,3,21,
isekai kita no de sukebe skill de zenryoku ouka shiyou to omou,3,21,
umi no searchlight (vocaloid),3,21,
eat the world tree,3,21,
supergirl (2015),3,21,
lovecraft girls,3,21,
minna no uta (nhk),3,21,
noesis (cutlass (classic chocolate)),3,21,
elf wo karu mono-tachi,3,21,
kamisama no iutoori,3,21,
koisome momiji,3,21,
kaiun coliseum,3,21,
galaxias,3,21,
hanna-barbera,3,21,
suna no bara,3,21,desert rose
boku no amayakase ikatsu,3,21,
project:agears,3,21,
xing xueyuan,3,21,
choukadou girl 1/6,3,21,
ape yacht kookies,3,21,
ben 10 (2016),3,21,ben 10 (reboot)
actraiser,3,21,
miku (anamanaguchi),3,21,
hyakki ryouran no yakata,3,21,
50-nin craft,3,21,
garand flash (love live!),3,21,
hentai rabbit hood,3,21,
mirai donna darou (vocaloid),3,21,
dead cells,3,21,
ace combat 2,3,21,
sakura machizaka stories vol.2 sensei ga oshiete ageru,3,21,sensei ga oshiete ageru
ramen akaneko,3,21,red cat ramen
okiku-san wa ichatsukitai,3,21,
david (michelangelo),3,21,
star wars: legacy,3,21,
heroine? seijo? iie all-works maid desu (hokori)!,3,21,"heroine? saint? no i'm an all-works maid (and proud of it)!,heroine? seijo? ie oruwakusu maid desu (hoko)"
yuruyuri nachuyachumi!,3,21,yuru yuri nachuyachumi!
steins;gate: the committee of antimatter,3,21,
reboot (love live!),3,21,
tennis ace (visual novel),3,21,
hapiel,3,21,
bancho (todoroki hajime),3,21,
psikyo,3,21,
pokemon: magikarp jump,3,21,pokemon magikarp jump
metro 2033,3,21,
soukou no strain,3,21,
sonic chronicles: the dark brotherhood,3,21,
ecchi de ichizuna do inaka nii-sama to koshiki yukashii byoujaku imouto,3,21,
nothing but you (idolmaster),3,21,
desktop mate,3,21,
gamera 2: attack of legion,3,21,
itoshii kanojo no mamorikata,3,21,
vampire in the garden,3,21,
battleship (movie),3,21,
hekikai no aion,3,21,
akwaro phenomenon re,3,21,
reitaisai 22 contest,3,21,
omae gotoki ga maou ni kateru to omoun to yuusha party wo tsuihou sareta node outo de kimama ni kurashitai,3,21,
summer clover,3,21,
ni no kuni: cross worlds,3,21,
troubled windows,3,21,
akuma-kun,3,21,
yoshi's cookie,3,21,
the haunted mansion,3,21,
backstage!,3,21,
metroid prime hunters,3,21,
crazy taxi,3,21,
chase chase jokers,3,21,
no country for old men,3,21,
fallin' dead relive life (vocaloid),3,21,
barbie as rapunzel,3,21,
sonic & friends,3,21,
watashi no real wa juujitsu shisugiteiru,3,21,
shinka no mi,3,21,the fruit of evolution: before i knew it my life had it made
jisatsu no tame no 101 no houhou,3,21,
gal yome no himitsu,3,21,
lemonade (love live!),3,21,
battlefield: bad company 2,3,21,
bring me the horizon,3,21,
ma survival (vocaloid),3,21,
okizari tsukiyo shou (vocaloid),3,21,okizari tsukiyosyou (vocaloid)
kururingo,3,21,
momoiro clover z,3,21,
meetup in bellabel park,3,21,super mario bros. wonder - nintendo switch 2 edition + meetup in bellabel park
himegasaki sakurako wa kyou mo fubin kawaii,3,21,
auroralive,3,21,
vanquish (platinumgames inc.),3,21,
macross m3,3,21,
manatsu wa dare no mono?,3,21,
catch the wave (vocaloid),3,21,
cloudbreaker alliance,3,21,
inu to hasami wa tsukaiyou,3,21,dog & scissors
kannsaete kuyasiiwa (zutomayo),3,21,
seikai no monshou,3,21,
pokemon rumble,3,21,
kagami no kojou,3,21,lonely castle in the mirror
grandia xtreme,3,21,
yuusha party wo tsuihou sareta shiro madoushi s-rank boukensha ni hirowareru,3,21,
dazzling moonlit night,3,21,
steins;gate: fuka ryouiki no dejavu,3,21,
jigoku kawaii enma-chan,3,21,
batsu game (vocaloid),3,21,
hidden hero (o2h),3,21,
ken ga kimi,3,21,
kitsune no yomeiri (vocaloid),3,21,
hone dragon no mana musume,3,21,the skull dragon's precious daughter
cotton candy ei-ei-oh!,3,21,
like it! love it!,3,21,
cleveland cavaliers,3,21,
the good place,3,21,
nikkori^^chousatai no theme (vocaloid),3,21,
grand archive,3,21,
mercuria,3,21,
zakuzaku actors,3,21,
fastening (zutomayo),3,21,
gal gun 2,3,21,
yada! (love live!),3,21,
amai direct,3,21,
overlewd,3,21,
oide yo mahou shoujo mura,3,21,
pasocom paradise,3,21,
take on me (a-ha),3,21,
gundam 00v,3,21,
chikatetsu ni noru!,3,21,
maps,3,21,
monsterxmediator,3,21,
forest of blue skin,3,21,
dollightful,3,21,
dungeon squad,3,21,
toriko no shirabe -refrain- if,3,21,
korpiklaani,3,21,
itazura the animation,3,21,
itazura,3,21,
negligee (game),3,21,
ookami no kawa o kabutta hitsujihime,3,21,sheep princess in wolf's clothing
starly girls,3,21,
sleepless domain,3,21,
kami jigen idol neptune pp,3,21,hyperdimension neptunia: producing perfection
gen lock,3,21,
yuujin kyara wa taihen desu ka?,3,21,
momoiro closet,3,21,
harry potter: magic awakened design award,3,21,
sanfrecce hiroshima,3,21,
urawa red diamonds,3,21,
fairy princess,3,21,
kyonyuu fantasy 2,3,21,
space harrier,3,21,
kishin taisen gigantic formula,3,21,
m.e.m. yogosareta junketsu,3,21,
real steel,3,21,
steam-heart's,3,21,
id smile (vocaloid),3,21,
lilpri,3,21,
sakasama no patema,3,21,
kansen x shoujo,3,21,
dirty harry,3,21,
them's fightin' herds,3,21,
the tetsuwan dash!!,3,21,
war of the worlds,3,21,
the great mouse detective,3,21,
tanken driland:1000-nen no mahou,3,21,
powerwash simulator,3,21,
k-ko to yami-oji,3,21,
hot wheels: acceleracers,3,21,
s(mile)ing! (idolmaster),3,21,
idolive,3,21,
darksiders,3,21,
r-type final,3,21,
ac milan,3,21,
combat girls regiment,3,21,
bushin renkei zero,3,21,
angel/dust neo,3,21,
girl (anime expo),3,21,
ai shimai,3,21,
raspberry (game),3,21,
mario paint,3,21,
ikinari happy bell,3,21,
hatsukoi,3,21,
m.d. geist,3,21,
daisan hikou shoujo-tai,3,21,
red garden,3,21,
flyer (vocaloid),3,21,
thousand arms,3,21,
lost saga,3,21,
inferno cafe,3,21,
volume7,3,21,
fanroad,3,21,
lovely complex,3,21,
killing floor,3,21,
xiao li yu li xian ji,3,21,
plus links,3,21,
himekishi lilia,3,21,
rayearth ova,3,21,
ao la xing,3,21,
arc rise fantasia,3,21,
barbapapa,3,21,
the king of fighters: a new beginning,3,21,
enter the gungeon,3,21,
ama koi syrups,3,21,
barbie of swan lake,3,21,
youkai ningen bem,3,21,humanoid monster bem
pokemon kids tv,3,21,
hoshizora e kakaru hashi aa,3,21,
final fight i,3,21,
hitozuma cosplay kissa 2,3,21,
variable fighter girls,3,21,
polyphonica:the black,3,21,
kumichou musume to sewagakari,3,21,the yakuza's guide to babysitting
bullet witch,3,21,
tunnels no sports ou wa ore da!!,3,21,
eve license organization,3,21,
dragon's heaven,3,21,
surumeika,3,21,
shamanic princess,3,21,
code:coral,3,21,
stretta,3,21,
les miserables shoujo cosette,3,21,
soukou kijo iris,3,21,
xes fantasia,3,21,
love 2 quad,3,21,
genkai tokki moero chronicle,3,21,
koukoku no shugosha,3,21,
yumelive,3,21,yume reality
ragnarok online 2: gate of the world,3,21,
seiai gakuen fechi ka,3,21,
isekai rakuten,3,21,
meishoujo,3,21,
chocolat maid cafe curio,3,21,
infinite undiscovery,3,21,
chinpui,3,21,
my lovely lover,3,21,
oyakusoku love,3,21,
uwaki tsuma,3,21,
iris (band),3,21,
shishunki renaissance! david-kun,3,21,
in series,3,21,
asobi juku,3,21,
suki kirai (vocaloid),3,21,love-hate (vocaloid)
imouto kansatsu nikki 2,3,21,
csi miami,3,21,
idol tenshi youkoso youko,3,21,
short cuts,3,21,
zettai shounen,3,21,absolute boy
floralia+,3,21,
zettai maou,3,21,
ore no natsuyasumi 2,3,21,
duel dolls,3,21,
peepoodo & the super fuck friends,3,21,
geneki jk idol-san ha himajin no ore ni kyomi ga arurashii,3,21,
yuunagi-sou no s-kyuu no kanojo-tachi,3,21,
girls for m,3,21,
knight run,3,21,
quake 3 arena,3,21,
dai tokyo oniyome-den,3,21,
sister scheme 2,3,21,
niconi solid,3,21,
super robot wars compact 3,3,21,
mobage,3,21,
kyoudai no jouji jijou,3,21,
nise seiken monogatari,3,21,
rebuild world,3,21,
genkai tokki seven pirates,3,21,
2023 world baseball classic,3,21,
meikasai,3,21,
hatsune miku japan tour 2023 ~thunderbolt~,3,21,
auroralivevr,3,21,
alter/ego,3,21,
reiwa hanamaru gakuen,3,21,
hakoniwa logic,3,21,
here u are,3,21,
rifle is beautiful,3,21,
entum,3,21,
sanrio danshi,3,21,
area 88,3,21,
ero manga! h mo manga mo step-up,3,21,
watch out! death flag! (chanta),3,21,
project cold,3,21,
birthday wonderland,3,21,
n1rv ann-a,3,21,
pure girls project,3,21,
girls mate,3,21,
shinwa densetsu no eiyuu no isekai tan,3,21,
astraythem,3,21,
love ra bride,3,21,
neeko wa tsurai yo,3,21,
chikyuu no houkago,3,21,
fatal twelve,3,21,
inazuma eleven choujigen dream match,3,21,
shizuku no oto,3,21,
gravity circuit,3,20,
pokemon the movie: kyurem vs. the sword of justice,3,20,pokemon m15
unstable universe,3,20,
kusunoki-san wa koukou debut ni shippaishiteiru,3,20,
nintendo eshop,3,20,
toushin toshi i,3,20,
madara rumble,3,20,
gal gun returns,3,20,
bad (michael jackson),3,20,
twin peaks,3,20,
pokemon generations,3,20,
all tomorrows,3,20,
clinic of horrors,3,20,
sotsugyou graduation,3,20,
strawberry shortcake (1980s),3,20,
the sopranos,3,20,
rainy mari,3,20,
caduceus new blood,3,20,trauma center: new blood
310phz (tsukino mito),3,20,
outlast,3,20,
chimera (takanashi kiara),3,20,
toushinden 3,3,20,
kanojo no tomodachi,3,20,my girlfriend's friend
bells hells,3,20,critical role: campaign iii
h&m,3,20,
jinrouki winvurga hangyaku-hen,3,20,
starcraft: brood war,3,20,
dungeon crusaderz 2,3,20,
trif,3,20,
girlfriend note,3,20,
jinsei reset button (vocaloid),3,20,
chibi-robo!,3,20,
biniku no kaori,3,20,
bleach: mirrors high,3,20,
kingdom's return,3,20,
halo 3: odst,3,20,
lost umbrella (vocaloid),3,20,
haruluna,3,20,
onii-chan asa made zutto gyu tte shite!,3,20,
sumerian mythology,3,20,
yarinaoshi reijou wa ryuutei heika wo kouryakuchuu,3,20,
catch! teenieping,3,20,
saishuu mirai shoujo,3,20,
don't hug me i'm scared,3,20,
gundam cross war,3,20,
a better tomorrow,3,20,
shigatsu youka,3,20,
yuki-sensei no jissen sex jugyou ~minna oshiete ageru~,3,20,
my summer car,3,20,
kerorin (brand),3,20,
shiritsu paranomaru koukou,3,20,"parako,paranormal high school,shiretto sugee koto iteru gal. - shiritsu para no marukoukou no nichijou"
mugen gacha,3,20,
cross ange tr.,3,20,
chikyuu boueitai star guardians,3,20,
sd gundam musha maruden,3,20,
10 carat torte,3,20,
bump of chicken,3,20,
eve (series),3,20,
tobal no. 1,3,20,
native (brand),3,20,
ruler of my heart (alien stage),3,20,
alma-chan wa kazoku ni naritai,3,20,alma-chan wants to be a family!
raising the flag on iwo jima,3,20,
uchitama?!,3,20,
cheap properties (utau),3,20,
etude wa ikkyoku dake (idolmaster),3,20,
dekiru neko wa kyou mo yuuutsu,3,20,the masterful cat is depressed again today
deutsche tourenwagen masters,3,20,
nijiiro passions! (love live!),3,20,
release hallucination,3,20,
iemitsu.,3,20,
moto inkya no kyonyuu yariman imouto ga erosugite onii-chan wa mou...!!,3,20,i can't handle my former bookworm little sister now that she's a slut!
digimon adventure 02: diablomon no gyakushu,3,20,
sakura mmo,3,20,
wit studio,3,20,
fancy frontier 22,3,20,
pixiv master and servant,3,20,
egao no promise,3,20,
system of a down,3,20,
what if...? (disney+),3,20,
yumeguri yurimeguri,3,20,
venus of willendorf,3,20,
sin and punishment,3,20,
lucca project,3,20,
batman returns,3,20,
may-be soft,3,20,
can can bunny extra,3,20,
nanocore,3,20,
boku to gal ga fuufu ni naru made,3,20,
my anime,3,20,
pretty panties akuma rin (vocaloid),3,20,
greenlights serenade (vocaloid),3,20,
sexyback,3,20,
muse (band),3,20,
fumble! (synthesizer v),3,20,fanburu! (synthesizer v)
ao to shabon,3,20,
darcrows,3,20,
mujintou de sex ni kyoumi shinshin na dosukebe inkya joshi-tachi to harem life,3,20,
blast!! (love live!),3,20,
girls mode 4: star stylist,3,20,style savvy: styling star
my merry may be,3,20,
matatabi-sou no shiro-kun,3,20,
x-men (2000),3,20,
blink-182,3,20,
antichlorobenzene (vocaloid),3,20,
i~ya i~ya i~ya (vocaloid),3,20,
star trek: lower decks,3,20,
crazy galaxy,3,20,
sam & fuzzy,3,20,
city boy on the island (suv),3,20,
the legend of zelda (cartoon),3,20,
nekopara - catboys paradise,3,20,
crysis,3,20,
crossover nexus series,3,20,
crossover nexus project,3,20,
one step from eden,3,20,
nil admirari no tenbin,3,20,
frosted flakes,3,20,
mochimochi (vocaloid),3,20,
kirizaki-kun wa.,3,20,
soundless voice (vocaloid),3,20,
micro star international,3,20,msi (company)
project itoh,3,20,
guri to gura,3,20,
ming wei aiqing de chibang,3,20,
ai mai mii,3,20,
band of brothers,3,20,
samon-kun wa summoner,3,20,
doraemon: nobita no getsumen tansaki,3,20,
choujuu giga,3,20,
dr. mario world,3,20,
arkanis,3,20,
onward,3,20,
rule of rose,3,20,
hanazono-san chi no futago-chan,3,20,
comme des garcons,3,20,
tbs,3,20,
final fantasy record keeper,3,20,
vs janshi brand-new stars,3,20,
don't pick up dogs without reason,3,20,
raspberry cube,3,20,
mone-san no majime sugiru tsukiaikata,3,20,
sacred sword princesses,3,20,
comic gaira,3,20,
nigeru wa haji daga yaku ni tatsu,3,20,
deliverer!,3,20,
harukazedori ni tomarigi wo 2nd story,3,20,
tenkafuma,3,20,
gakuen taima,3,20,
hero tales,3,20,
magna carta: the phantom of avalanche,3,20,
memories off yubikiri no kioku,3,20,
yin-yang! x-change alternative,3,20,
serafuku to juusensha,3,20,
yuusha shoukougun,3,20,
lovely no natsuyasumi,3,20,
fakku,3,20,
kareshi inai reki = nenrei,3,20,
hoshizora gakuen,3,20,
haitoku no gakuen,3,20,
hajimete no oto (vocaloid),3,20,
mega man (ruby-spears),3,20,
neutrino (software),3,20,
felt (music circle),3,20,
spy vs spy,3,20,
neumann,3,20,
isekai goumonhime,3,20,torture princess: fremd torturchen
muhyo to rouji no mahouritsu soudan jimusho,3,20,
the gaslight district,3,20,
ignat no hanayome,3,20,
far cry 5,3,20,
hexa gear,3,20,
houkago education! ~sensei to hajimeru miwaku no lesson~,3,20,
ren'ai phase,3,20,
prison princess,3,20,
i wanna be the guy,3,20,
restol special rescue squad,3,20,
nona reeves,3,20,
blossomlive!,3,20,
arianrhod rpg,3,20,
koi imo sweet days,3,20,
bakunyuu hoken onna kyoushi,3,20,
shadow shadow (vocaloid),3,20,
oshirikko venus,3,20,
kimi no nagori wa shizuka ni yurete,3,20,
watch dogs,3,20,
koimekuri clover,3,20,
pixiv army,3,20,
magic henshin,3,20,
mahou shoujo ai 2,3,20,
watashi ni konya ai ni kite 2,3,20,
angel ring,3,20,
darkwing duck,3,20,
re:d cherish,3,20,
blackjack (vocaloid),3,20,
angelic serenade art collection,3,20,
tobe! isami,3,20,soar high! isami
greensvale no mori no naka,3,20,
minna de nyan nyan,3,20,
ginsoukikou ordian,3,20,platinumhugen ordian
hariken polymar,3,20,hurricane polymar
gust,3,20,
houchou-san no uwasa,3,20,
bouken yuuki pluster world,3,20,
hare of inaba,3,20,
yuusha ga shinda!,3,20,the legendary hero is dead!
hanjuku hero,3,20,
genie's motorcycle life,3,20,
time stranger kyoko,3,20,
tentacles tactics,3,20,
see through shanghai,3,20,
yuuyake koyake,3,20,
rokkochan (game),3,20,
country roads,3,20,
kmtopia,3,20,
babel ii,3,20,
wah wah world (vocaloid),3,20,
otome sekai no arukikata,3,20,
malymoon,3,20,
super nova (love live!),3,20,
reservoir dogs,3,20,
7th stand user,3,20,
metal gear acid,3,20,
platinum wind,3,20,
rehabili byoutou 24-toki,3,20,
15 bishoujo hyouryuuki,3,20,
sicx lives,3,20,
kaijin reijou,3,20,
tenshi na konamaiki,3,20,cheeky angel
outer zone,3,20,
ray=out,3,20,
uniraid,3,20,
castlevania legends,3,20,
guin saga,3,20,
summer idol (vocaloid),3,20,
thermae romae,3,20,
catcher in the ui,3,20,
pochi to goshujin-sama,3,20,
shinshi doumei cross,3,20,the gentlemen's alliance cross
gakuen saimin reido,3,20,
maid-san to ookina ken,3,20,
tsundero,3,20,
musumaker,3,20,
killer instinct,3,20,
yumemiru danshi wa genjitsushugisha,3,20,the dreaming boy is a realist
canvas 3,3,20,
grim tales from down below,3,20,
comic 0ex,3,20,
nise kyouso,3,20,
oni gokko!,3,20,
harukoi otome ~otome no sono de gokigenyou~,3,20,
yukiuta,3,20,
akibablog,3,20,
rape! rape! rape!,3,20,
modelers,3,20,
magical heart kokoro-chan,3,20,
military qty's,3,20,
ma ga ochiru yoru,3,20,
zaako zako zako zako sensei,3,20,
maneater (game),3,20,
eroica,3,20,
adastra,3,20,
hahri's lumpy boardhouse,3,20,
nande ikiteru ka wakaranai hito izumi sumi 25-sai,3,20,
temple (series),3,20,
gakuen babysitters,3,20,
beet the vandel buster,3,20,
g-on riders,3,20,
sabori nara hokenshitsu de douzo?,3,20,
gitaroo man,3,20,
sentinel (clockup),3,20,
gensou no idea,3,20,
l'heure bleue,3,20,
bocchi kaibutsu to moumoku shoujo,3,20,
jura star connect sigma ~ryuuou no densetsu~,3,20,
strip battle days,3,20,
argonauts,3,20,
dungeon tou de yadoya wo yarou,3,20,
visual arts market,3,20,
mesu kyoushi 4,3,20,
system shock,3,20,
knite,3,20,
kanojo ga ore ni kureta mono. ore ga kanojo ni ageru mono.,3,20,
natsunone,3,20,
totsuzen kaijin ken jimuin no ore ga mahou shoujo-tachi wo otosu hanashi,3,20,
sisters (manga),3,20,
otome switch,3,20,
7gear,3,20,
jikuu no umi no historica,3,20,
yagai gakushuu 3,3,20,
inging motorsport,3,20,
zelda: the wand of gamelon,3,20,
mahotama: oshaburi hen,3,20,
gargantia contest,3,20,
the skullman,3,20,
captain marvel (movie),3,19,
qualia automata,3,19,
mangaka-san to assistant-san to,3,19,
block tales,3,19,
2d dream magazine,3,19,
cave (developer),3,19,
typewriter cat,3,19,
god of war iii,3,19,
indiana jones and the raiders of the lost ark,3,19,
akakichi no eleven,3,19,
sword art online: lost song,3,19,
s.c.r.e.a.m,3,19,
guns akimbo (movie),3,19,
ted (movie),3,19,
power pro-kun pocket r,3,19,
nu qin jie shi xiuluo chang,3,19,
fancy frontier 44,3,19,
mass of the fermenting dregs,3,19,
wildest flower (idolmaster),3,19,
goblin nest,3,19,
project mirai,3,19,
yellow submarine,3,19,
sabrina the teenage witch,3,19,
winamp,3,19,
endless dance (idolmaster),3,19,
12 seiza vtuber kikaku,3,19,zodiac vtuber project
rebirth for you,3,19,
pokemon dp (manga),3,19,
chemistry class (marmalade mum),3,19,
isekai kita no de mahou o sukebe na koto ni riyou shiyou to omou,3,19,
gundam side story: from place beyond the blaze,3,19,
temari (ninomae ina'nis),3,19,
pokemon the movie: hoopa and the clash of ages,3,19,pokemon m18
gate ruler,3,19,
wayforward,3,19,
himegoto masquerade,3,19,
yatsume ana,3,19,
bijutsubu kanojo: girlfailure art club,3,19,
ga1ahad and scientific witchery,3,19,
vs knight lamune & 40 fresh,3,19,
kagaku sentai dynaman,3,19,
star fox zero,3,19,
11 piki no neko,3,19,
reckless battery burns (synthesizer v),3,19,
nchans style,3,19,
blade strangers,3,19,
oyakodon: oppai tokumori bonyuu tsuyudaku de,3,19,
pokemon the movie: black/white - victini and reshiram/zekrom,3,19,"pokemon m14,pokemon the movie: black - victini and reshiram,pokemon the movie: white/black - victini and zekrom/reshiram,pokemon the movie: white - victini and zekrom"
forgotten island,3,19,
mortal kombat trilogy,3,19,
utoparillel,3,19,
grimm connect,3,19,
plaything,3,19,
duel masters victory,3,19,
toumei ningen no hone,3,19,
noipa-chan wa abunai!,3,19,
ui-mama saga,3,19,
fushi tantei: reidou momiji,3,19,
ene no dennou kikou (vocaloid),3,19,
in utero (album),3,19,
elemental (movie),3,19,
bakukyuu hit! crash b-daman,3,19,
littlest pet shop: popular,3,19,
usagi-chan de cue!!,3,19,
monster strike: deadverse reloaded,3,19,
little witch academia: the enchanted parade,3,19,
yuutai ridatsu!! dokodemo daredemo yari houdai!!,3,19,
the neverending story,3,19,
beatmania iidx 15 dj troopers,3,19,
nosferatu eine symphonie des grauens,3,19,nosferatu: a symphony of horror
negaposi angler,3,19,
someone stop her!,3,19,
subete no jinrui wo hakai suru. sorera wa saisei dekinai.,3,19,destroy all humankind. they can't be regenerated.
hajimete no ojou-sama,3,19,
little queen (comic),3,19,
stussy,3,19,
operation eventide,3,19,
hajimete no hitozuma,3,19,
private wars,3,19,
the ink apprentice,3,19,
club atletico boca juniors,3,19,
kemono kinetic,3,19,
ion fury,3,19,
lost lamb,3,19,
before the dawn (series),3,19,
goddess defeat: reincarnation valanowas,3,19,
ultraman the next (movie),3,19,
albatross koukairoku,3,19,
independence day (1996 movie),3,19,
fruit punch (love live!),3,19,
goldilocks and the three bears,3,19,
daikaijuu monogatari,3,19,
tsuihousareta cheat fuyo majutsushi wa kimama na second life wo oukasuru,3,19,
goukon ni ittara onna ga inakatta hanashi,3,19,how i attended an all-guy's mixer
the onion,3,19,
fantome rapport,3,19,
kenshin no succeed,3,19,
another century's episode,3,19,
pokemon concierge,3,19,
beatmania iidx 32 pinky crush,3,19,
madougushi dahlia wa utsumukanai,3,19,
ikoku nikki,3,19,journal with witch
melofinity,3,19,
skytube,3,19,
thriller trainee,3,19,
rise of the teenage mutant ninja turtles,3,19,
daigasso! band brothers,3,19,
hakoniwa no shoujo (vocaloid),3,19,
tun hai,3,19,
yume to iro de dekiteiru,3,19,
dream mansion,3,19,
bleach: fade to black,3,19,
angel's sword,3,19,
knot (love live!),3,19,
12 no tsuki no eve,3,19,
metal cardbot,3,19,
comic gee,3,19,
liarsoft,3,19,
kinmirai happy end,3,19,
little tikes,3,19,
gyakuten majo saiban,3,19,
lonarpg,3,19,
outer wilds: echoes of the eye,3,19,
gyakuten othellonia,3,19,
fancy frontier 41,3,19,
neo sky neo map! (love live!),3,19,
oneesan ha no ore ga naze chicchai kimi wo suki ni natta no ka?,3,19,
fuwamoco adventure,3,19,fuwamoco 64
ministry of land infrastructure and transportation,3,19,
mega man iii,3,19,
vivid (production),3,19,
coppertone,3,19,
meikei no lupercalia,3,19,
karakai jouzu (?) no nishikata-san,3,19,
kakegurui twin,3,19,
turtle head,3,19,
gundam breaker 4,3,19,
gunstar heroes,3,19,
comitia 144,3,19,
shichisei no subaru,3,19,
ntt solmare,3,19,
sakura isekai adventure,3,19,
mortal kombat 3,3,19,
palette (company),3,19,
helvetica standard,3,19,
borderlands 1,3,19,
tsuki kagerou,3,19,
the fast and the furious 1,3,19,fast & furious 1
mint mango kakigoori,3,19,
sayonara jackpot (vocaloid),3,19,
bocca della verita (vocaloid),3,19,
shouwa genroku rakugo shinjuu,3,19,
vivid dead,3,19,
kuchibeta shokudou,3,19,
tondemo wonders (vocaloid),3,19,
fashionable easter,3,19,
the doraemons,3,19,
1518!,3,19,
kurage (koronba),3,19,
fake meme (vocaloid),3,19,
fancy frontier 29,3,19,
dayu haitang,3,19,
bullshit break,3,19,
x japan,3,19,
papa john's,3,19,
palutena's revolting dinner,3,19,
densha de d,3,19,
amamori junna wa shitsudo ga takai,3,19,
buta thunder (vocaloid),3,19,
aniyome wa ijippari,3,19,
sketch up! recordings,3,19,
watashi no koko,3,19,
vroom vroom (love live!),3,19,
villain's daily life,3,19,
back to the future part ii,3,19,
downtown nekketsu monogatari,3,19,river city ransom
invader zim: enter the florpus,3,19,
comiket 68,3,19,c68
all about my best friend,3,19,
princess principal crown handler,3,19,
asobigokoro,3,19,
mahou shoujo tyrant sylph,3,19,
petit planet,3,19,
lalavoice,3,19,
ultra galaxy mega dai-kaijuu battle,3,19,
risakiriki,3,19,
seinfeld,3,19,
watanagashi-hen,3,19,
genome (manga),3,19,
mermay 2023,3,19,
nadeshiko doremisora,3,19,
diamic days,3,19,
megami meguri,3,19,
megatrea shop,3,19,
gankutsu-sou no fuyajou-san,3,19,
pure song garden!,3,19,
yuppie psycho,3,19,
hoka no onna no ko to h wo shiteiru ore wo mite koufun suru kanojo,3,19,
taiyou no jubaku,3,19,
turma da monica jovem,3,19,
sankakkei no kowashi-kata,3,19,
kunoechi! (o/p.com),3,19,
mesu kyoushi,3,19,
moeyo! sensha gakkou,3,19,
soukuu no frontier,3,19,
houkago play 2,3,19,
himegari dungeon meister,3,19,
lack girl,3,19,
hyper ultra girlish,3,19,
austin powers,3,19,
koko wa greenwood,3,19,here is greenwood
leotard fairy,3,19,
euro 2016,3,19,
teaka mamire no tenshi,3,19,
idol memories,3,19,
forgotten hope: secret weapon,3,19,
utauyo miracle,3,19,
nekonade distortion,3,19,
shoujo byou,3,19,
alice no yakata 7,3,19,
watashi ga motete dousunda,3,19,
mikan muzou,3,19,
armored core: nexus,3,19,
chips ahoy!,3,19,
toshokan no daimajutsushi,3,19,
hai to no monogatari,3,19,
gundam suisei no majo: vanadis heart,3,19,
girl crush,3,19,
188 group (series),3,19,
trick and treat (vocaloid),3,19,
cd projekt red,3,19,
japanese touring car championship,3,19,
trials in tainted space,3,19,
the king in yellow,3,19,
yiik: a postmodern rpg,3,19,
tensei shitara party ga otokonoko darake datta kedo danjite ore wa shotacon janai!,3,19,
warau ars notoria,3,19,smile of the arsnotoria
bbc (broadcaster),3,19,
07-ghost,3,19,
sengoku musou: sanada maru,3,19,samurai warriors: spirit of sanada
romancing stella visor,3,19,
lip trip,3,19,
the king of fighters '94,3,19,
kirby's dream course,3,19,
eclair groove,3,19,
maou to an mattari yuttari seikaiseifuku,3,19,
inaka no onee-chan to hito natsu docha ero icha love sex,3,19,
venus project,3,19,
dreadnought (tcg),3,19,
sakura fantasy,3,19,
pia carrot e youkoso!! g.p.,3,19,
thunder force v,3,19,
tou no shita no exercitus,3,19,
bury,3,19,
evil heart,3,19,
next card (love live!),3,19,
seirei tenshou,3,19,
kiitarou shounen no youkai enikki,3,19,
aoi-kun ga ikemen sugite tsurai,3,19,
sport!,3,19,
zwei worter,3,19,
se.kirara,3,19,
momoka corner,3,19,
veritas,3,19,
nagomibako,3,19,
stand by me (1986),3,19,
heart 111 (yuri),3,19,
template (hololive),3,19,
princess maker 1,3,19,princess maker
futa may cry,3,19,
nijisanji in,3,19,
gun-katana,3,19,
ace combat assault horizon,3,19,
astra super stars,3,19,
armitage iii,3,19,
demonion ~maou no chika yousai~,3,19,
dead days,3,19,
bass pro shops,3,19,
drawn together,3,19,
red stone,3,19,
moeren,3,19,
idol densetsu eriko,3,19,
princess maker 4,3,19,
nyoroko no namahousou!,3,19,
uncharted 4,3,19,
listella,3,19,
the banner saga,3,19,
flower witch,3,19,
growlanser ii,3,19,
ano hito no i ni wa boku ga tarinai,3,19,sachi's monstrous appetite
ever oasis,3,19,
mononogatari,3,19,
time defenders,3,19,
eye (vocaloid),3,19,
shounen ashibe,3,19,
tsuukai gangan koushinkyoku,3,19,aggressors of dark kombat
2012 summer olympics,3,19,
mad max 2: the road warrior,3,19,
astro and girls,3,19,
genie (song),3,19,
soiree (hoshimachi suisei),3,19,
zone-00,3,19,
maou to odore! ii,3,19,
ex-driver,3,19,
mechiku,3,19,
sweet snake,3,19,
rikunabi next,3,19,
yurine ~onee-sama ga oshiete kureta~,3,19,
mu soft,3,19,
shutline,3,19,
juushin liger,3,19,
osananajimi to ama~ku ecchi ni sugosu houhou,3,19,
ys altago,3,19,
pc engine fan,3,19,
sucre,3,19,
supipara,3,19,
platoon,3,19,
princess brave,3,19,
natsuiro komachi,3,19,
chou-mukiryoku sentai japafive,3,19,
bankett,3,19,
shuumatsu shoujo gensou alicematic,3,19,
master of the heavenly yard (vocaloid),3,19,
rance5d,3,19,
atelier iris eternal mana 2,3,19,
wonder festival 2008,3,19,
reconquista,3,19,
twins panic,3,19,
smile shooter,3,19,
animaga,3,19,
realize me,3,19,
hajimete no otetsudai,3,19,
eternalize love!! (love live!),3,19,
shounenki no owari,3,19,boyhood's end
nippon ichi no koukousei majutsushi isekai dorei shoujo wo morau,3,19,
an'ya meikyuu,3,19,
nonomura byouin no hitobito,3,19,
otona akachan no tame no h na hoikuen amaenbou ni youkoso,3,19,
non-breath oblige (vocaloid),3,19,
beyblade rising,3,19,
toy story 1,3,19,
summer shattering,3,19,
fragile (vocaloid),3,19,
layton brothers: mystery room,3,19,
off with their heads,3,19,
let's go! (k-on!),3,19,
the forgotten song (vocaloid),3,19,
crossbone gundam dust,3,19,
anime v,3,19,
open season,3,19,
namaiki delation,3,19,
star trek: kelvin timeline,3,19,
2x4! -hitotsu yane no shita de-,3,19,
kyou kara zutto hitori kakurenbo,3,19,
aikotoba,3,19,
tetsujin 28-gou fx,3,19,
grimorigin,3,19,
akazukin darkside,3,19,
kuutei dragons,3,19,
deadman's cross,3,19,
choujijigen game neptune re;birth 2,3,19,
plum no bouken note,3,19,
love sweets,3,19,
onii-chan no hanbun wa yokubou de dekiteimasu 2,3,19,
nitro+ blasterz,3,19,
succubus-san no hatsu shigoto,3,19,
mayoeru futari to sekai no subete,3,19,
meet again in the night,3,19,
orguss 02,3,19,
manatsu no kagerou,3,19,
yujie shenji,3,19,
the snow queen,3,19,
nichoume rojiura tantei kitan,3,19,
ougon senshi gold lightan,3,19,
dragon steak! (manga),3,19,
eyepatch wolves,3,19,
odayaka kizoku no kyuuka no susume.,3,18,a gentle noble's vacation recommendation
slow damage: clean dishes,3,18,slow damage clean dishes
karma (alien stage),3,18,
conker's bad fur day,3,18,
deemo ii,3,18,
sonic and the blade of courage,3,18,
doraemon: nobita no nihon tanjou,3,18,doraemon: nobita and the birth of japan
chiyu 12-sai,3,18,
the weeping swan: ten days of the city's fall,3,18,
for elise - elise no tame ni,3,18,
my dystopian robot girlfriend,3,18,
mae no hanashi (vocaloid),3,18,
the enigma of amigara fault,3,18,
bungaku otome wa kanojo ja nai no ni,3,18,
gundam the revival of zeon,3,18,
living in sin,3,18,
majo no niwa,3,18,
mf doom,3,18,
kiwamete kenzen na bishoujo level up,3,18,
ifuudoudou (vocaloid),3,18,pomp and circumstance (vocaloid)
senran kagura bon appetit,3,18,dekamori senran kagura
the marvelous snail,3,18,
honoo no labyrinth,3,18,
ifunny,3,18,
do androids dream of electric sheep?,3,18,
occult times,3,18,
harry potter and the goblet of fire,3,18,
verselink,3,18,
koi to yobu ni wa sasayaka desu ga,3,18,
frog prince,3,18,
holoearth,3,18,
totsuzen girl,3,18,
black widow (movie),3,18,
to the moon,3,18,
godzilla vs. hedorah,3,18,
carrefour,3,18,
five nights at freddy's 2 (2025 movie),3,18,
niehime to kemono no ou,3,18,
catwoman (comic),3,18,
malice mizer,3,18,
the shimmering horizon and cursed blacksmith,3,18,
far cry 3,3,18,
kyokugen chikan tokuiten,3,18,
shinde shimau to wa nasakenai! (vocaloid),3,18,
angou gakuen no iroha,3,18,cipher academy
kouhaku uta gassen,3,18,
misamo,3,18,
amoral island,3,18,
final fantasy crystal chronicles the crystal bearers,3,18,
metroid (manga),3,18,
katanegai,3,18,
adventure time (comic),3,18,
knuckles' chaotix,3,18,
henyoku no toribaga,3,18,
blue heater 2,3,18,
mabushii dna dake (zutomayo),3,18,
z/x code reunion,3,18,
call of duty: black ops 7,3,18,
akagi-san who always smells good,3,18,
fukashin ryouiki (neco),3,18,
kotonoha no niwa,3,18,the garden of words
ryuusei sentai musumet,3,18,
sh figuarts,3,18,
silky the phantom thief,3,18,
angelique (series),3,18,
postpet,3,18,
nie no machi,3,18,
mage and demon queen,3,18,
teenage mutant ninja turtles (2014),3,18,
yu-gi-oh! cross duel,3,18,
student self-governance committee,3,18,
android wa keiken ninzuu ni hairimasu ka??,3,18,does it count if you lose your virginity to an android?
cruella (movie),3,18,
gundam extreme vs. 2,3,18,
corruption of champions,3,18,
yi shijie chaoji zhanzheng,3,18,
ingoshima,3,18,
cerezo osaka,3,18,
shio taiou no satou-san ga ore ni dake amai,3,18,"the cold sato-san is only sweet to me,the salty koharu has a soft spot for me"
hoyeon,3,18,
ijiwaru my master,3,18,
the extra's academy survival guide,3,18,
star trap,3,18,
minna no golf,3,18,"everybody's golf,hot shots golf"
sun ouji wa tsuma ni naritai,3,18,
frostpunk,3,18,
sora no aosa o shiru hito yo,3,18,her blue sky
the handmaiden (movie),3,18,
2-daime enma (synthesizer v),3,18,
sekai no housekibako,3,18,
aimai elegy (deco27),3,18,
sister act,3,18,
compati hero,3,18,
ultima,3,18,
jue yu guan,3,18,
archmage curriculum (webtoon),3,18,
inzoi,3,18,
hataraku kesshouban-chan,3,18,
gingitsune (ochiai sayuri),3,18,
the marginal service,3,18,
dusk diver,3,18,
dogeza de tanondemita,3,18,
paris saint-germain,3,18,
mario vs. donkey kong,3,18,
boom! studios,3,18,
tokyo sports,3,18,
silent hill: origins,3,18,silent hill origins
runway (love live!),3,18,
cinderella nine,3,18,
twice lovelys,3,18,
liv heart,3,18,
life is strange: true colors,3,18,
be my guest (vocaloid),3,18,
michi no hana michi no tabi,3,18,
neko hacker,3,18,
mega man: dr. wily's revenge,3,18,
liga mx,3,18,
tian tian (mili),3,18,
planescape: torment,3,18,
nisekao (yama),3,18,
kikai shoujo to misoji ol (utau),3,18,
ougon no keikenchi,3,18,exp is golden
conqueror (cevio),3,18,
mr. driller,3,18,
12 beast,3,18,
sayonara ryuusei konnichiwa jinsei,3,18,
twisted metal,3,18,
teppen!!! (manga),3,18,
arisugawa ren tte honto wa onna nanda yo ne.,3,18,
nekomiko,3,18,
freaked fleapit (game),3,18,
hikari no valusia,3,18,
rta sousha wa game sekai kara kaerenai,3,18,
danmachi eiyuutan argonaut,3,18,
rayman legends,3,18,
saigo no revolver (vocaloid),3,18,
happy halloween (vocaloid),3,18,
shining force iii,3,18,
wagan land,3,18,
love live! school idol musical the drama,3,18,
inran shinsatsushitsu,3,18,
crocodile dentist,3,18,
shinnazuki,3,18,
buffy the vampire slayer,3,18,
animistic,3,18,
nanatsu no umi no tico,3,18,
rammstein (band),3,18,
space ghost (series),3,18,
shachou to sake to hoshi,3,18,
greeting life 2009 panda calendar,3,18,
champion (vocaloid),3,18,
street fighter vs. darkstalkers,3,18,
honoo no haramase oppai nyuu doukyuusei,3,18,
last resort (vocaloid),3,18,
shiryoku kensa (vocaloid),3,18,
kairi suru genzai (utau),3,18,
umibe no etranger,3,18,the stranger by the shore
jam band,3,18,
vase (vtuber),3,18,
pixiv tomb raider contest,3,18,
winged victory of samothrace,3,18,
detonation focusme,3,18,
museca,3,18,
desperado,3,18,
sm entertainment,3,18,
teikoku shoujo (vocaloid),3,18,
saikyo tensai wonderful world of korone,3,18,
gigantic (game),3,18,
little bitch,3,18,
marginal #4,3,18,
the mummy (series),3,18,
roundabout (song),3,18,
wondershare filmora,3,18,
boku no kanojo wa sasuga desu.,3,18,
sudden attack,3,18,
yamasa (company),3,18,
virtual angel,3,18,
irodori (irodoriginal),3,18,
grandia: parallel trippers,3,18,
red ash,3,18,
afterlife smp,3,18,
boboiboy galaxy,3,18,
kingsglaive: final fantasy xv,3,18,
3rd life smp,3,18,
granadia saga,3,18,
soi kano ~gyutto dakishimete~,3,18,
kongou banchou,3,18,
imouto paradise! 3,3,18,
kuuneru engeizaa (voiceroid),3,18,
neko majin (series),3,18,
netkeibatv,3,18,
tonari no youkai-san,3,18,
relayouter (vocaloid),3,18,
nec corporation,3,18,
sonic youth,3,18,
kingdom of heaven,3,18,
azur lane: queen's orders,3,18,
dosukoi! (napoli no otokotachi),3,18,
shoujo jiten,3,18,
pan's labyrinth,3,18,
saber marionette r,3,18,
icchi banketsu,3,18,
butsuriteki ni koritsu shiteiru ore no koukou seikatsu,3,18,
shiori no uso wa yo no makoto,3,18,
doom (comic),3,18,
the stranger (camus),3,18,
super robot wars 64,3,18,
erakis,3,18,
takuan to batsu no nichijou enmachou,3,18,
ero goods! h na omocha de kaikan engine,3,18,
boku no hitori sensou,3,18,
concealed the conclusion,3,18,
niea 7,3,18,
hetaoni,3,18,
seisai no resonance,3,18,
i asked for scrambled,3,18,
pixiv robot wars gaia,3,18,
sengoku cannon,3,18,
tiger rampage (vocaloid),3,18,
anetea!?,3,18,
ryoujoku guerilla gari 2,3,18,
wild arms twilight venom,3,18,
annihilate luxifer,3,18,
embric of wulfhammer's castle,3,18,
hoshi no ouji-kun,3,18,
akuu daisakusen srungle,3,18,
koinaka (manga),3,18,
the pied piper of hamelin,3,18,
the keep (1983),3,18,
mirai no oto ga kikoeru,3,18,
abara,3,18,
out run,3,18,outrun
lethal league blaze,3,18,
went refactor,3,18,
maven,3,18,
immortal (band),3,18,
hokenshitsu no otona na senpai ore no mae deha sugu dereru,3,18,
seeds of chaos,3,18,
nanatsu no bitoku,3,18,
wonder project j,3,18,
the new gate,3,18,
locoroco,3,18,
jack and the beanstalk,3,18,
fancy frontier 23,3,18,
daikuu maryuu gaiking,3,18,dino mech gaiking
shier shengxiao gundam,3,18,
zone of the enders: dolores i,3,18,
hame x tore,3,18,
hatopla,3,18,
chojo: crypto girls arena,3,18,
kimi to shiranai natsu ni naru,3,18,
south park: post covid,3,18,
mahjong hime,3,18,
mahou shoujo of the end,3,18,
trials rising,3,18,
lingerie senshi papillon rose,3,18,
hana no mahoutsukai mary bell,3,18,flower witch mary bell
natsuiro penguin,3,18,
sukui no serenade,3,18,
sengoku cyber fujimaru jigokuhen,3,18,
resort beach de haramasete!,3,18,
kimi wa hatsukoi no hito no musume,3,18,
akuma musume no kanban ryouri,3,18,
smplive,3,18,
izure shinwa no houkago sensou,3,18,
tsuyokiss festival,3,18,
sono kojou ni yuusha hou ari!,3,18,
gokkun vampire princess,3,18,
ito-en,3,18,
go!go! maniac,3,18,
dappou rock (vocaloid),3,18,
priston tale,3,18,
acuo,3,18,
gengetsu no pandora,3,18,
tekoire princess,3,18,
moby dick,3,18,
mindead blood,3,18,
harmony (image),3,18,
madworld,3,18,
hatenaki sora,3,18,
nostalogic (vocaloid),3,18,
game grumps,3,18,
bee-be-beat it!,3,18,
gensou ningyou enbu,3,18,
call of duty: warzone,3,18,
nanomix,3,18,
bbno$ (musician),3,18,
tera origin,3,18,
nakaba 1,3,18,
futago ecchi,3,18,
thanatos (album),3,18,
musume janakute mama ga suki nano!?,3,18,you like me not my daughter?!
butterfly seeker,3,18,
cyber weapon z,3,18,
zettai imouto shijou shugi,3,18,
eat sleep dance,3,18,
shimotsuki-san wa mob ga suki,3,18,
shippu! iron leaguer,3,18,
tails gets trolled,3,18,
digicame shoujo hyakkei,3,18,
yishu shi si,3,18,
ninja ryuuken den,3,18,
shinobi hanafuda 2 hyakka soumei,3,18,
ookami shounen wa kyou mo uso wo kasaneru,3,18,
j9 series,3,18,
shirotsume yubiwa,3,18,
shinengumi,3,18,
magicarat radiant,3,18,
anata o otoko ni shiteageru!,3,18,
ashiarai-yashiki no juunintachi,3,18,
jukkakukan no satsujin,3,18,
iridescent world,3,18,
double cast,3,18,
semi wa magic cube,3,18,
youkai izakaya nonbereke,3,18,
nekoneko soft,3,18,
peaky blinders,3,18,
the venture bros.,3,18,
seiken densetsu 1,3,18,
romeo x juliet,3,18,
prince of stride,3,18,
peropero sasete,3,18,
the world of golden eggs,3,18,
philadelphia 76ers,3,18,
our wonderland,3,18,
game of dice,3,18,
new teen titans,3,18,
hatarakimono,3,18,hard working people (manga)
hearts2hearts,3,18,
himegami no miko,3,18,
hobo-san to issho!,3,18,
kanojo no carrera gt3,3,18,
konboku mahjong,3,18,
usotsuki wa tenshi no hajimari,3,18,
aic,3,18,
orange pocket,3,18,
harem ace,3,18,
mai dog love 2,3,18,
onetama,3,18,
e.a.r.t.h,3,18,
ai shimai ~docchi ni suruno!!~,3,18,
puyopuyo 15th anniversary,3,18,
darius gaiden,3,18,
princess ai,3,18,
kimi no tame nara shineru,3,18,
kusuri no marjoram,3,18,
marsworth,3,18,
munekyun heartful cafe,3,18,
shouyon! kodomo challenge,3,18,
kiss x 400 natsukashiki hibi no renzoku,3,18,
hikari to kage no doppelganger,3,18,
amatsuki,3,18,
tou no sawa majutsu kenkyuukai,3,18,
hanafubuki,3,18,
yuibashi,3,18,
vroid,3,18,
sangoku rensenki,3,18,
yakimochi twinbell,3,18,
silvery white,3,18,
kazoku keikaku,3,18,
rabuyan,3,18,
kasumin,3,18,
1 x 1/2,3,18,
assassin's creed: syndicate,3,18,
suzuna's diary,3,18,
otaku masshigura,3,18,
kanpachi,3,18,
kansen 2,3,18,
dakko shite gyu!,3,18,
chuunibyou na kanojo no love equation,3,18,
vagrants,3,18,
the price of flesh,3,18,
cross game,3,18,
runway de waratte,3,18,smile down the runway
esquaria,3,18,
4-nin wa sorezore uso o tsuku,3,18,
exalted,3,18,
hototogisu tairan,3,18,
af corse,3,18,
tenrou: sirius the jaeger,3,18,
blazblue: bloodedge experience,3,18,
raiden (series),3,18,
i became an academy award-winning villain,3,18,
magical powered kanamin,3,18,
xiuxian: mu zhu chuan,3,18,
hibiki no mahou,3,18,
otome to fureau hitotsu yane no shita,3,18,
kick-flight,3,18,
towergirls,3,18,
hoshikuzu cruising ~shanghai ver.~,3,18,
voxwave,3,18,
barsoom,3,18,
disk wars: avengers,3,18,
macross 30,3,18,
anno:mutationem,3,18,
estpolis denki ii,3,18,
naughty sorority,3,18,
maid-san no iru kurashi,3,18,
shiroki majo,3,18,
haru kiss,3,18,
fantasy earth genesis,3,18,
final fight tough,3,18,
g.i.b. girls in black,3,18,
galspolice 24h,3,18,
destro 246,3,18,
eien no zero,3,18,
taiyou no shisha tetsujin 28-gou,3,18,
sousei ragnavein,3,18,
zutto sukishite takusan sukishite,3,18,
kekkou suki kamo,3,18,
hidden survivor,3,18,
kinapro,3,18,
sorcerian,3,18,
kite liberator,3,18,
sengoku majin goshogun,3,18,
tensei shitara dragon no tamago datta: saikyou igai mezasa nee,3,17,
idog (brand),3,17,
wario: master of disguise,3,17,
kanjou x jingai,3,17,
shogi ichiban! (vocaloid),3,17,
seven knights idle adventure,3,17,
present pretty,3,17,
archive of our own,3,17,
call of duty: black ops 2,3,17,
crayon shin-chan: ankoku tamatama daitsuiseki,3,17,
akutagawa vtuber project,3,17,
s line (kkomabi),3,17,
antenna 39 (vocaloid),3,17,
sonic adventure 2: battle,3,17,
laplacian,3,17,
han bun ko (vocaloid),3,17,
batgirls,3,17,
paranoia (vocaloid),3,17,
yuusha yamemasu,3,17,i'm quitting heroing
hi no tori 2772,3,17,
absolute green arrow,3,17,
yumemiru otome,3,17,
mukuchi shoujo no chikan higai,3,17,
jennifer's body,3,17,
collective unconscious,3,17,
tonari no nobukuni-san wa ore no koto ga suki na ki ga suru,3,17,i get the feeling that nobukuni-san likes me
serina (game),3,17,
juujika no rokunin,3,17,
boyfriend (kari),3,17,
wplace,3,17,
yamikin ushijima-kun,3,17,
xingmeng ouxiang jihua,3,17,
zenigata heiji torimono hikae,3,17,
sweet magic (idolmaster),3,17,
romeo (vocaloid),3,17,
the bear,3,17,
worms (game),3,17,
choushinsei flashman,3,17,
2009 world baseball classic,3,17,
kyururin tte shitemite,3,17,
casino (1995),3,17,
godzilla galaxy odyssey,3,17,
ulysses jeanne d'arc to renkin no kishi,3,17,
evangelion: death and rebirth,3,17,
himitsumichi (love live!),3,17,
a sense of amusement,3,17,
nee-chan no susume ~onee-chan no itazura seiseikatsu~,3,17,
fantastic departure,3,17,
fx senshi kurumi-chan,3,17,
final fantasy vii g-bike,3,17,
hybrid theory,3,17,
hitoyo ni yume ga saku you ni,3,17,
magical premium,3,17,
harlem blade,3,17,
balus co.,3,17,
fantasy westward journey,3,17,menghuan xi you
oushun jogakuin no dan'yuu,3,17,
paradise (visual novel),3,17,
spacelectro,3,17,
mukashi mukashi no kyou no boku (vocaloid),3,17,
tokyo libido,3,17,
showaru tensai osananajimi to no shobu ni makete hatsutaiken wo zenbu ubawareru hanashi,3,17,
dramaturgy (eve),3,17,
dies irae ~interview with kaziklu bey~,3,17,
subway surfers,3,17,
sudeki,3,17,
nullpeta,3,17,
bunny paradise ~koibito zenin bani-ka keikaku~,3,17,
kono hito kurai otona ni nattara,3,17,
children record (vocaloid),3,17,
enjoi,3,17,
kuttsukiboshi,3,17,
re:fragment ~absolute ambition~,3,17,
armored core 2,3,17,
the lost fear,3,17,
tai sekaiyou mahou shoujo tsubame,3,17,
super mario party jamboree,3,17,
chance day chance way!,3,17,
the wandering earth,3,17,
yukai na shintouki,3,17,
otona ni nattemo,3,17,even though we're adults
alan wake (game),3,17,
yumemiru uroko (voisona),3,17,
uso janai (zutomayo),3,17,
mahara jamboree ii,3,17,
fifty shades of grey,3,17,
tri fold tale,3,17,
hinatazaka46,3,17,
advanced variable geo 2,3,17,
lilo & stitch: the series,3,17,
ever after high,3,17,
kuma to usagi wa tomodachi de wa irarenai,3,17,
gundam side story: rise from the ashes,3,17,
anime onegai,3,17,
demonophobia,3,17,
dragon genesis,3,17,
beatmania iidx 31 epolis,3,17,
never say never (idolmaster),3,17,
osananajimi wa bed yakuza!,3,17,
untitled (zdzislaw beksinski),3,17,
kimiiro marine snow (vocaloid),3,17,
thousand autumns: qian qiu,3,17,qian qiu (novel)
chained echoes,3,17,
oracle (amane kanata),3,17,
still sick,3,17,
mindless self indulgence,3,17,
e-roi,3,17,
3 lines of a delta,3,17,
zero shiki,3,17,
tamagotchi: the movie,3,17,
uwagaki (vocaloid),3,17,
aria's story,3,17,
sonic underground,3,17,
melty land nightmare (vocaloid),3,17,
gundam uc 0099: moon crisis,3,17,
yomawari san,3,17,
osananajimi wo erabenai!,3,17,
friends (tv series),3,17,
macross vf-x,3,17,
sarishi no hara (vocaloid),3,17,
shin cutie honey,3,17,new cutie honey
rolling contact,3,17,
dreamworks,3,17,
guilty circle,3,17,
showtime! ~minami o-nee-san datte h shitai~,3,17,
decorator (vocaloid),3,17,
gigant (series),3,17,
meteor (vocaloid),3,17,
zettai junshu kyousei kozukuri kyokashou!!,3,17,
mima no kyuuden,3,17,
wario land 3,3,17,
.hack//cell,3,17,
terrifier (movie),3,17,
van gogh self-portrait,3,17,
raggedy ann (series),3,17,
yakumo-san wa edzuke ga shitai,3,17,
ranagain,3,17,
bravely default ii,3,17,bravely default 2
imperial circus dead decadence,3,17,
mahoutsukai ni narenakatta onnanoko no hanashi,3,17,
asari-chan,3,17,
blur (band),3,17,
a rebel's journey,3,17,
memphis grizzlies,3,17,
donkey kong country (cartoon),3,17,
succubus game,3,17,
anime-gataris,3,17,
relive project,3,17,
cadence of hyrule,3,17,
onipan!,3,17,
parasite in city,3,17,
nanoka no kuigami,3,17,
iribitari gyaru ni manko tsukawasete morau hanashi,3,17,
white shadow,3,17,
sharktopus,3,17,
girls und panzer saga of pravda,3,17,
brave 10,3,17,
fancy frontier 27,3,17,
cloudinsect,3,17,
bishoujo yuugekitai battle skipper,3,17,
toumei otoko to ningen onna: sonouchi fuufu ni naru futari,3,17,
exo,3,17,
battle circuit,3,17,
erma (comic),3,17,
cerveza cristal,3,17,
fate/unpublished material,3,17,
sixfonia,3,17,
walkure no kiko,3,17,
dream e,3,17,
sin city,3,17,
eden le film,3,17,
esma,3,17,
boku ga incubus ni naru tame ni kyou kara succubus to lesson shimasu,3,17,
another code r,3,17,
fox news,3,17,
8.32 (vocaloid),3,17,
elf all-stars datsuijan 3,3,17,
hino-san no baka,3,17,
project livium,3,17,
worldgore,3,17,
v-llage,3,17,
sadako vs. kayako,3,17,
undertale: something new,3,17,
harry potter and the chamber of secrets,3,17,
phantasy star iii,3,17,
q.ko-chan,3,17,
moe moe niji taisen ryaku,3,17,
abroad kanojo (dramus),3,17,
good night ojosama (asmrz),3,17,good night ojousama (song)
the cat alchemist,3,17,
porter robinson (copyright),3,17,
2ne1,3,17,
isekai de mofumofu nadenade suru tame ni ganbattemasu,3,17,fluffy paradise
magical vacation,3,17,
vocalo revolution,3,17,
fancy frontier 34,3,17,
polyphia (band),3,17,
saotome senshu hita kakusu,3,17,
fifth aile,3,17,
the school of athens,3,17,
mii plaza,3,17,
bravely default: praying brage,3,17,
stanczyk (painting),3,17,
maple town,3,17,
ouzoku,3,17,
mount olympus comics,3,17,
kono share house ha renai kinshi nanoni dou mite mo kokuhaku mochi no kao wo sareteimasu,3,17,
waifu fighter,3,17,
zettai saikyou oppai sensou!!,3,17,
lost pause,3,17,
need for speed: underground 2,3,17,
re:memories,3,17,
dennou senki virtual-on,3,17,
kakegurui midari,3,17,
school days hq,3,17,
radiant,3,17,
shinkalion: change the world,3,17,
boushoku no berserk,3,17,berserk of gluttony
tomopulse,3,17,
hiryuu no ken,3,17,
sunflag,3,17,
hatsujou sprinkle,3,17,
gokumon nadeshiko koko ni ari,3,17,
+-0 (vocaloid),3,17,
naruto sd rock lee no seishun,3,17,
barney & friends,3,17,
gundam zeonic front,3,17,
maximum the hormone,3,17,
shrek 2,3,17,
ankoku kishi wo nugasanaide,3,17,
tokio funka (vocaloid),3,17,
otosareta bishimai,3,17,
koinosu ichacolize,3,17,
shiritsu! sanjuusangendou gakuin,3,17,
days (manga),3,17,
nama love,3,17,
rakkami!,3,17,
enkou jk to sapo oji-san ~love pako houkago bukatsudou~,3,17,
fitness (manga),3,17,
unionism quartet a-3 days,3,17,
monster super league,3,17,
evenicle 2,3,17,
dennou pandemic,3,17,
jingle bells ga tomaranai,3,17,
hagane orchestra,3,17,
toki to eien toki towa,3,17,
atelier lise,3,17,
fantasica,3,17,
eryi's action,3,17,
gun knight girl,3,17,
hotarubi no mori e,3,17,
tousui kitan,3,17,
newton to ringo no ki,3,17,
rikujou boueitai mao-chan,3,17,ground defense force! mao-chan
mezamashi tv,3,17,
x legend,3,17,
kenkoku no jungfrau,3,17,
mega man: the wily wars,3,17,
banshiryuu,3,17,
fancy frontier 28,3,17,
the wolf among us,3,17,
lenovo,3,17,
inglourious basterds,3,17,
oba-sans saga,3,17,
wario's woods,3,17,
angel gear,3,17,
utsurigi nanakoi tenkiame,3,17,
mugyutto! pet maid,3,17,
cinderella school (vocaloid),3,17,
wasurenagusa,3,17,
alma ~zutto soba ni...~,3,17,
abyss horizon,3,17,
houkago no goumon shoujo,3,17,
hundred demon spectrum,3,17,
lunch box (manga),3,17,
himawari wa yoru ni saku,3,17,
toriko no kizuna ~ubawareta gakuen ni hibiku shojo no aegi~,3,17,
virt-a-mate,3,17,
kohaku no yume,3,17,
amtrak,3,17,
donkey kong country returns,3,17,
basic instinct (movie),3,17,
level 0 no maou-sama isekai de boukensha wo hajimemasu,3,17,
sassy-sister complex!,3,17,
magical patissier kosaki-chan,3,17,
bakuten!!,3,17,
curse: two worlds one destiny,3,17,
silhouette mirage,3,17,
sun group (printing company),3,17,
rebus,3,17,
majiresu!! ~omatase little wing~,3,17,
soul taker,3,17,
youkai hunter,3,17,
angel/dust,3,17,
sengoku hime 6,3,17,
hitozuma swimming club,3,17,
hiota no kanojo ga ore no motteru eroge ni kyoumi shinshin nandaga......,3,17,
kimihane,3,17,
fight song (eve),3,17,
angelical pendulum,3,17,
animahjong x,3,17,
imouto senbatsu sousenkyo,3,17,
siyowununo,3,17,
another world,3,17,
tri-stars,3,17,
chichi yuri girls,3,17,
manchester city fc,3,17,
shinji to yukai na nakama-tachi,3,17,
talechaser,3,17,
temptation naked,3,17,
knife (vocaloid),3,17,
renkyuu no kanojotachi,3,17,
sanse hui lian,3,17,tricolour lovestory
dye (vocaloid),3,17,
gris,3,17,
baldr force,3,17,
sei juushi bismarck,3,17,
soukoku no garou - hokuto no ken rei gaiden,3,17,
microsoft bing,3,17,
tokusou kihei dorvack,3,17,powered armor dorvack
windows azure,3,17,
imouto yuugi,3,17,
ash (game),3,17,
soratobazu (vocaloid),3,17,
hanjo tv,3,17,
urotsukidouji,3,17,
madou souhei kleinhasa,3,17,
city connection,3,17,
new super mario bros. 2,3,17,
kanchichi sweet,3,17,
sugakiya,3,17,
turkey! (series),3,17,
dachou club,3,17,
comitia 143,3,17,
onimusha: warlords,3,17,
onedari milky pie,3,17,
campanula,3,17,
false island,3,17,
giji harem,3,17,pseudo harem
pheromones on the street corner,3,17,
super mario all-stars,3,17,
warau salesman,3,17,
orange (vocaloid),3,17,
magical valkyrie lyristia,3,17,
diadein,3,17,
la danse macabre,3,17,
fuu-chan no ana,3,17,
madou monogatari: hachamecha kimatsushiken,3,17,
black hops,3,17,
milkyway,3,17,
transformers: rescue bots,3,17,
far cry 6,3,17,
wand of fortune,3,17,
the ninja warriors once again,3,17,
shoujo kumikyoku,3,17,
inaka no kuro gal jk to kekkon shimashita,3,17,
kamen rider the next,3,17,
ayakashi banashi,3,17,
bakushou (song),3,17,
spice! (vocaloid),3,17,
voices in the dark,3,17,
born freaks!,3,17,
slow onanie nyuumon,3,17,
unlimited hearts,3,17,
sister x sister ~lovevery sisters~,3,17,
yakuchu!,3,17,
munekyun! heart de koi shi-te-ru,3,17,
onee-sama no are,3,17,
final half year,3,17,
vvv (group),3,17,
kutsujoku 3,3,17,
motto nee chanto shiyou yo!,3,17,
nanatsu no fushigi no owaru toki,3,17,
chu x chu idol 2,3,17,
hanafuda (manga),3,17,
queen's gate spiral chaos,3,17,
escalation hardcore,3,17,
rinkan club,3,17,
sailorbon,3,17,
free friends,3,17,
lotta svaerd: women of war,3,17,
saimin gakuen,3,17,
onidere,3,17,
akahori gedou hour rabuge,3,17,
pixiv shadow 3,3,17,
kyoto animation cm,3,17,
assault suit leynos,3,17,
terebi no kieta hi,3,17,
take on me,3,17,
boukyaku no senritsu,3,17,
d-eve in you,3,17,
bee movie,3,17,
joshi mote na imouto to junan na ore,3,17,
puppetmuppet,3,17,
hinata terrace,3,17,
gohoushi princess,3,17,
mudazumo naki kaikaku,3,17,the legend of koizumi
hadaka apron gakuen,3,17,
p.n.03,3,17,
onegai fukukan sama,3,17,
everafter,3,17,
mamatoto,3,17,
izumo 2,3,17,
iketeru futari,3,17,
my summer adventure - memories of another life,3,17,
resident evil: operation raccoon city,3,17,resident evil operation raccoon city
dead space 1,3,17,
kakuto ryori densetsu bistro recipe,3,17,fighting foodons
okane ga nai,3,17,
ubisoft,3,17,
okashi na futari,3,17,
koharu biyori (mizuki takehito),3,17,
sonatine,3,17,
minerva no kenshi,3,17,fencer of minerva
snooze (vocaloid),3,17,
black wolves saga,3,17,
moldiver,3,17,
crash team racing,3,17,
omoikkiri kagaku adventure sounanda,3,17,
young hip,3,17,
metallic child,3,17,
15 shoujo,3,17,
holoearth chronicles,3,17,
marmalade boy,3,17,
bannerlord,3,17,
fortune summoners,3,17,
3rd eye (game),3,17,
petenshi ga warau koro ni (vocaloid),3,17,
mondaiji no watashitachi wo kaeta no wa onaji class no monaka-senpai,3,17,
q-transformers,3,17,
dare ga koroshita komadori wo,3,17,
onitsuka tiger,3,17,
risk of rain,3,17,
angel (vocaloid),3,17,
league of legends world championship,3,17,
kine-san no 1-ri de cinema,3,17,
comic ryu,3,17,
hands up!,3,17,
caing zhihuang,3,17,
lore olympus,3,17,
omokoro,3,17,
yakusoku no natsu mahoroba no yume,3,17,
yuusha to maou to majo no cafe,3,17,
shirogane no ishi argevollen,3,17,
hyakugojuunenme no mahoutsukai,3,17,
kagaku touki silver raina,3,17,
devi rock,3,17,
mikuri gakuen sweets-bu,3,17,
armed angels,3,17,
mirai delivery,3,17,
kaguya ~tsuki no usagi no gin no hakobune~,3,17,
sengoku wars,3,17,
koinaka -koinaka de hatsukoi x nakadashi sexual life-,3,17,
alfort (brand),3,17,
mainichi shabutte ii desu ka?,3,17,
frogman (manga),3,17,
fighters frontline,3,17,
metal gear 1,3,17,
p2! let's play pingpong,3,17,
diffsinger,3,16,
itadaki babel (denonbu),3,16,
the adventures of elliot: the millennium tales,3,16,
guardians of the galaxy vol. 2,3,16,
tales of the world reve unita,3,16,
egao no taenai shokuba desu,3,16,
manager no oshigoto,3,16,
dragon quest vii reimagined,3,16,
final fantasy xiv: eorzea gakuen,3,16,
diamond no kouzai,3,16,the days of diamond
kekkon suru tte hontou desu ka,3,16,365 days to the wedding
rance 02,3,16,
dekin no mogura,3,16,
touhou mugen rasen,3,16,
umamusumeshi,3,16,
fancy frontier 24,3,16,
gatchaman crowds insight,3,16,
maplestory m,3,16,
ingoku danchi,3,16,
fujimi gokko (vocaloid),3,16,playing immortal (vocaloid)
the goddess of tears ~restoration~,3,16,
tankmen,3,16,
ponkotsu fuuki iin to skirt-take ga futekisetsu na jk no hanashi,3,16,
ganbare!! robocon,3,16,
kaijuu ni naritai (vocaloid),3,16,
viva happy (vocaloid),3,16,
kyokugen chikan tokuiten neo,3,16,
odoriba ni skirt ga naru,3,16,
epic: the musical,3,16,
twilight of the warriors: walled in,3,16,
fatal fury 2,3,16,
stonetoss comics,3,16,
character select collab,3,16,
call of duty: modern warfare (2019),3,16,modern warfare (2019)
atelier kaguya,3,16,
kore kaite shine,3,16,draw this then die!
favorite (company),3,16,
amazing grace -what color is your attribute?-,3,16,
void (ttrpg scenario),3,16,
five nights at freddy's (2023 movie),3,16,
mamono musume-tachi to no rakuen ~kumo to tori to hitotsume to~,3,16,
fusion crust (love live!),3,16,
very! very! coconatsu,3,16,
catdog,3,16,
angel at dusk,3,16,
goblin slayer gaiden: year one,3,16,"goblin slayer side story: year one!,goblin slayer year one!"
nitro express,3,16,
geunyeoga gongjagjeolo gaya haessdeon sajeong,3,16,
cupid (amane kanata),3,16,
iridescent soul,3,16,
team dmp,3,16,
the making of the perfect martini,3,16,
dick figures,3,16,
summon night craft sword monogatari hajimari no ishi,3,16,
monkey island,3,16,
medarot 1,3,16,
kekka orai (song),3,16,
the suicide squad (2021 movie),3,16,
hero (mili),3,16,
tokyo disneysea,3,16,
the legend of zelda (live action),3,16,
uta ni katachi wa nai keredo (vocaloid),3,16,
guts & blackpowder,3,16,
persona pixiv edition,3,16,
jaja uma quartet,3,16,
enmankaiketsu! enma-chan,3,16,
el chapulin colorado (series),3,16,
sentimental girl's,3,16,
tsukuritai onna to tabetai onna,3,16,she loves to cook and she loves to eat
akashic re:cords,3,16,
magne robo gakeen,3,16,
pearl (movie),3,16,
machine child,3,16,
exorcist wo otosenai,3,16,
wordle,3,16,
blink gone (alien stage),3,16,
wild life smp,3,16,
torima minshuku yadori teki na!,3,16,
monsters vs. aliens,3,16,
bakusou jigen neptune vs kyoshin surainu,3,16,neptunia riders vs dogoos
love it! wonderful trip!,3,16,
broccoli (company),3,16,
hokenshitsu no sensei to shabondama chuudoku no joshu,3,16,
shantae (2002 game),3,16,
blaze of destiny ii - the beginning of the fate,3,16,
salamander (game),3,16,
fate/final journey,3,16,
vampire hunter d: bloodlust,3,16,
silent reading,3,16,
shady research report,3,16,
in love with an idiot,3,16,
dogsred,3,16,
the voynich hotel,3,16,
malena (movie),3,16,
iya dato ienai jimikei shoujo,3,16,
marco to ginga ryuu,3,16,
on your mark (ghibli),3,16,
wiege (alien stage),3,16,
minami-ke okawari,3,16,
go!! restart,3,16,
honnou (shiina ringo),3,16,
stella maiden,3,16,
gekkou chou,3,16,
fancy frontier 46,3,16,
hokkyoku hyakkaten no concierge-san,3,16,the concierge at hokkyoku department store
humanoid (zutomayo),3,16,
world connect,3,16,
mario kart: double dash!!,3,16,
harry potter and the prisoner of azkaban,3,16,
ride on time,3,16,
gundam f91 formula report 0122,3,16,
gakeppuchi reijou wa kurokishi-sama o horesasetai,3,16,
helix waltz 2,3,16,
rougo ni sonaete isekai de 8-manmai no kinka wo tamemasu,3,16,saving 80000 gold in another world for my retirement
fighter's history,3,16,
engage kill,3,16,
norn9,3,16,
gundam extreme vs. maxi boost,3,16,
erotica yuuwaku kenshuu hajimaruyo,3,16,
bloodstained: curse of the moon 2,3,16,
quotations from chairman mao zedong,3,16,
shuumatsu touring,3,16,touring after the apocalypse
a midsummer night's dream,3,16,
shinomiya kouta wa mada shinenai,3,16,
tapioca western,3,16,
comitia 145,3,16,
kasane teto no ferutago~n (synthesizer v),3,16,
1 pound no fukuin,3,16,one-pound gospel
vampire: the masquerade - bloodlines,3,16,vampire the masquerade: bloodlines
maougun saikyou no majutsushi wa ningen datta,3,16,the strongest magician in the demon lord's army was a human
watashitachi to issho nara sekai saikyou ikechaimasu yo?,3,16,
kawaiku naritai (honeyworks),3,16,
shin taketori monogatari sennen joou,3,16,queen millennia
makanon records,3,16,
yotsume god,3,16,
girls from hell,3,16,
next king,3,16,
sujikoi,3,16,
tottenham hotspur fc,3,16,
girl7,3,16,
sanjay and craig,3,16,
mama wa taimanin,3,16,
mayday (air crash investigation),3,16,
carbonated love (hololive),3,16,
comitia 151,3,16,
astro royale,3,16,
the jet black hedgehog: shadow the hedgehog,3,16,
ultimate spider-man (2024),3,16,
neko-nin exheart 2,3,16,
stgr,3,16,
hakoniwalily,3,16,
pretty face,3,16,
expiration date (tf2),3,16,expiration date (2014)
monochrome finale,3,16,
mach breakers,3,16,
piaa,3,16,
passerine (dream smp),3,16,
tenkai knights,3,16,
astartes (web animation),3,16,
anamanaguchi (band),3,16,
redmagic,3,16,
historie,3,16,
remember11,3,16,
barisol no kodomo wa hitorikko (vocaloid),3,16,
fancy frontier 45,3,16,
robotboy,3,16,
gloryhammer,3,16,
dispatch!!,3,16,
kin koi,3,16,
assault suits valken,3,16,
kettobashita moufu (zutomayo),3,16,
legend of the three kingdoms,3,16,
my little pony: the movie (2017),3,16,
megami ni damasareta ore no isekai harem seikatsu,3,16,
rance iv,3,16,
8 beat story,3,16,
strobe light (vocaloid),3,16,
eien ni game de taisen shitai kiritan (voiceroid),3,16,eien ni game de taizen shitai kiritan (voiceroid)
toe (band),3,16,
dead rock,3,16,
fran bow,3,16,
bug fables,3,16,
suada,3,16,
imawa no kuni no alice,3,16,alice in borderland
opera (web browser),3,16,
brchan,3,16,
palmie,3,16,
date a live: twin edition rio reincarnation,3,16,
request for u,3,16,
pride and prejudice,3,16,
the reisen,3,16,
kung fu hustle,3,16,
keihin kyuukou dentetsu,3,16,
neko miko reimu,3,16,
the lorax,3,16,
boku ga incubus ni naru tame ni kyou kara succubus to lesson shimasu 2,3,16,
kuraki-san wa semetai,3,16,
the brothers karamazov,3,16,
kamen rider 555: paradise regained,3,16,
battle chasers,3,16,
yanderella,3,16,
crowdstrike,3,16,
mosaic.wav,3,16,
digimon paradox,3,16,
omoide wa okkusenman!,3,16,
max factory,3,16,
fortuna (game),3,16,
super wings,3,16,
zexy (magazine),3,16,
a-ha,3,16,
minoria,3,16,
star ring vpro,3,16,
shikabane-gurai no bouken meshi,3,16,
festibattle,3,16,
meikopia,3,16,
skycolor project,3,16,
super nintendo world,3,16,
trinoline,3,16,
tabikaeru,3,16,
inner immoral,3,16,
yuusha shisu.,3,16,hero must die
debauchery in caelia kingdoms,3,16,
mujigen hunter fandora,3,16,
kyoushirou 2030,3,16,
papuwa,3,16,
project 01: time-loop,3,16,
colgate,3,16,
haitenai rpg,3,16,
theatrhythm final fantasy,3,16,
the divine comedy,3,16,
beatstream,3,16,
yoshi's story,3,16,
tsumi to batsu: sora no koukeisha,3,16,
hikky,3,16,
precure all stars new stage 3: eien no tomodachi,3,16,
mayohiga no onee-san,3,16,
sangokushi senhime,3,16,
sengoku hime 5,3,16,
civilization vi,3,16,
re:ar,3,16,
sukerasono,3,16,
pixiv punk and rock,3,16,
shisetsu toshokan schatzkiste e youkoso! erice to yu kaina meido-tachi,3,16,
kimihane couples,3,16,
tarareba (aries),3,16,
meimon joshikou ryokou,3,16,
mcpixel,3,16,
k-on! college,3,16,
guardian of prominence kishar,3,16,
b-daman bakugaiden,3,16,
sick mind,3,16,
skyfall,3,16,
dysfunctional systems,3,16,
panzer dragoon saga,3,16,
marshmallow times,3,16,
lime-iro ryuukitan x,3,16,
between the lines,3,16,
sixty nine (eroge),3,16,
20th century studios,3,16,20th century fox
tamusic,3,16,
shinmai shimai no futari gohan,3,16,
vkusno i tochka,3,16,
otomate,3,16,
bandicam,3,16,
jingju mao,3,16,
kuramerukagari,3,16,
getsu fuuma den,3,16,
juuouki,3,16,altered beast
flicky (series),3,16,
flowerfell,3,16,
see in ao,3,16,
bless your breath (vocaloid),3,16,
happy heroes,3,16,
the source,3,16,
project mu,3,16,
tatshmusiccircle,3,16,
m.h.s,3,16,
desire (c's ware),3,16,
the darkness,3,16,
tetora-san no kiki jikkyou,3,16,
twin peaks (restaurant),3,16,
daikaiju yuki,3,16,
x-men: first class,3,16,
player na wa,3,16,
ultraman neos (series),3,16,
furuki okite no mahou kishi,3,16,
toraware no palm,3,16,
torimazange,3,16,
meiyaku no guardian knights,3,16,
raft (game),3,16,
kutsuzure sensen,3,16,
unmei no keitouju,3,16,
tokyo tenma: devil slave,3,16,
lkyt.,3,16,
pokemon box ruby & sapphire,3,16,
fap ceo,3,16,
rondo duo,3,16,
ray-kudryavka,3,16,
yuumei sakai wo koto ni suru,3,16,
watashi no inchou desu!!,3,16,
landreaall,3,16,
super robot wars reversal,3,16,
ane to princess wa kirawaretakunai,3,16,
makura no danshi,3,16,
youkai sangokushi,3,16,
digimon chronicle,3,16,
souten no celenaria,3,16,
lore factor's high school,3,16,
gakuen hanafuda gouka kenran,3,16,
love rec.,3,16,
reine des fleurs,3,16,
comiket 66,3,16,c66
yume tenshi r,3,16,
evren,3,16,
amanatsu (azarashi soft),3,16,
haitaka no psychedelica,3,16,psychedelica of the ashen hawk
ibara no ou,3,16,
castlevania: lords of shadow,3,16,
sharin no kuni yuukyuu no shounenshoujo,3,16,
kimi wa sukinosaurus,3,16,
anemone wa netsu wo obiru,3,16,
sister scheme,3,16,
yuunee to issho,3,16,
watashi ni konya ai ni kite,3,16,
super real mahjong p7,3,16,
omoide ni kawaru kimi memories off,3,16,
gunparade orchestra,3,16,
love-pii channel,3,16,
super mario party,3,16,
cosmos no sora ni,3,16,
takamare! takamaru,3,16,
ninku,3,16,
shiden enkan no kizuna,3,16,
otome renshin prister,3,16,
choujigen game neptune: gamemaker r:evolution,3,16,neptunia game maker r:evolution
2 fast 2 furious,3,16,fast & furious 2
riding shotgun (series),3,16,
xevious,3,16,
shoei,3,16,
umi ga kikoeru,3,16,ocean waves (movie)
le ciel bleu,3,16,
star wars manga,3,16,
kyuuketsu sakura-chan,3,16,
dragon quest monsters 2,3,16,
gatekeepers,3,16,
passpartout: the starving artist,3,16,
nee nee nee,3,16,
chu-bra!!,3,16,
shiawase toriming,3,16,
metal slug tactics,3,16,
kaze no daichi,3,16,
null mahou shoujo,3,16,
kimi no taion (vocaloid),3,16,
da pump,3,16,
gangbang online,3,16,
the wonderful 101,3,16,
niziu,3,16,
kyuusai no gihou,3,16,technique of relief
gunjou sanka (vocaloid),3,16,
kimi no iro,3,16,the colors within
suisei ginka,3,16,
the hunger games,3,16,
muteki sensei,3,16,
shinkai summit (vocaloid),3,16,
gellerman,3,16,
drive-in tori,3,16,
megamari,3,16,
htb,3,16,
girls next door 2nd,3,16,
ku-ru-ku-ru cruller!,3,16,
musubime,3,16,
my girl room,3,16,
secret journey,3,16,
yumepercent,3,16,
space invaders extreme 2,3,16,
like a butler,3,16,
mai favorite,3,16,
the wild robot,3,16,
shin bible black,3,16,
honoo no haramase jinsei,3,16,
brocken blood,3,16,
cyber diver (vocaloid),3,16,
poem ni koi shite,3,16,
hatsune miku -tap wonder-,3,16,
blood 2,3,16,
secret life smp,3,16,
coming x humming,3,16,
natsu no owari no kokuhaku,3,16,
harem&harem,3,16,
ikkitousen eloquent fist,3,16,
ren no koi,3,16,
ixel's prescription,3,16,
30-sai no hoken taiiku,3,16,
perfect dark,3,16,
sweet cream,3,16,
cloth road,3,16,
donald land,3,16,
milk no jikan,3,16,
harimaro,3,16,
tinami,3,16,
barbaroi,3,16,
mechakon!,3,16,
grim fandango,3,16,
princess frontier,3,16,
imouto jiru,3,16,
tsubasa no hatameki,3,16,
onegai ohoshisama,3,16,
fancy lala,3,16,
relict2,3,16,
atelier d,3,16,
rayforce,3,16,
vampire survivors,3,16,
hanamaru!,3,16,
we were here (series),3,16,
majo to tsukaima,3,16,
keishousareru yuusha no rpg,3,16,
project diva future tone dx,3,16,
ninja gaiden sigma 2,3,16,
ikusa megami verita,3,16,
tcg card shop simulator,3,16,
meido ni chikaramake suru nante shikatanain desuka?,3,16,
kitty (vocaloid),3,16,
x enc'ount,3,16,
yamato2520,3,16,
comitia 116,3,16,
m&g stationery,3,16,
formula e,3,16,
kousoku sentai turboranger,3,16,
sanarara,3,16,
cozopro,3,16,
yokorenbo ~immoral mother~,3,16,
senkuu no reconquista,3,16,
kraftwerk,3,16,
monster girl saga,3,16,
ripe,3,16,
omiai shitakunakatta no de murinandai na jouken o tsuketara doukyuusei ga kita ken ni tsuite,3,16,
adorable witch,3,16,
love ka? (vocaloid),3,16,
midnight train,3,16,
charabration!,3,16,
my friend's hot soccer mom,3,16,
autumn blaze,3,16,
troubledays,3,16,
valkyrie impulse,3,16,
gundam the battle master,3,16,
miracle giants domu-kun,3,16,
daybreak frontline (vocaloid),3,16,
inori no kuni no riviere,3,16,
gaki ni modotte yarinaoshi,3,16,
alcot (company),3,16,
alicetea,3,16,
vital gear,3,16,
kidou keisatsu patlabor 2 the movie,3,16,
student solver,3,16,
guardian recall,3,16,
super mario bros z,3,16,
alpha (urushihara),3,16,
dungeon anywhere,3,16,
himote house,3,16,
ashigei shoujo komura-san,3,16,
mikomai,3,16,
shinsei-maou no venus-hunt,3,16,
gregorio (fullkawa honpo),3,16,
comic europa,3,16,
lilium x triangle,3,16,
kan-in tokkyuu matsuba,3,16,
kami no rhapsody,3,16,
odoru hoshifuru reneshikuru,3,16,
lotteria,3,16,
candy pop nightmare,3,16,
2014 winter olympics,3,16,
fujiyama-san wa shishunki,3,16,
lily lyric cycle,3,16,
eeveelution project,3,16,
star galaxy,3,16,
jewelpet happiness,3,16,
aoi id,3,16,
relativity (m.c. escher),3,15,
majogami,3,15,
kamen rider my-th (series),3,15,
melt ice cream (vocaloid),3,15,
godzilla: the series,3,15,godzilla the series
ours locus amoenus,3,15,
toho (movie company),3,15,
uchuu eiyuu monogatari,3,15,
e.y.e: divine cybermancy,3,15,
chrono story (vocaloid),3,15,
darkthrone,3,15,
ai kotoba v (vocaloid),3,15,
a first of summers,3,15,
kid dracula (game),3,15,
gamushara ni ikou! (idolmaster),3,15,
heroes of might and magic iii,3,15,
mahou shoujo ikusei keikaku black,3,15,
second sparkle,3,15,
synapse chronicles,3,15,s.i.n: chronicles
zeta division,3,15,
amecon,3,15,
amayo no tsuki,3,15,
unbeatable,3,15,
obey me! nightbringer,3,15,
mosi mosi (sasane),3,15,
over requiemz,3,15,
marathon (1994),3,15,
kyoukai hishou celestite,3,15,
prism virtual,3,15,
ai zokusei (vocaloid),3,15,
tororin time,3,15,
fancy frontier 40,3,15,
tales weaver: second run,3,15,
himitsu keisatsu holmes,3,15,
run hany,3,15,
this witch of mine,3,15,
kamen rider w forever: a to z/the gaia memories of fate,3,15,
eberouge,3,15,
pico park,3,15,
castlevania chronicles,3,15,
shuggerlain,3,15,
tetsu no shoujo to yumemigachi na ohimesama (vocaloid),3,15,
lilies (komiya yuto),3,15,
butcher me not,3,15,
sonic x shadow generations: dark beginnings,3,15,
bokura no ameiro protocol,3,15,
comicup 30,3,15,
shiawase no ribbon,3,15,
choujuu giga gao road,3,15,
gaman ga dekinai doutei aniki to sunao ni narenai hankou imouto,3,15,
be be be be (cevio),3,15,
helix horizon,3,15,luoxuan jingjie xian
ie naki ko remi,3,15,
menhera janai mon! (vocaloid),3,15,
creativerpg,3,15,
karryn's prison,3,15,
clock tower: the first fear,3,15,
rainbow herb farm,3,15,
kizoku tensei: megumareta umare kara saikyou no chikara wo eru,3,15,noble reincarnation: born blessed so i'll obtain ultimate power
negative happy,3,15,
kingdom hearts x back cover,3,15,
heathers,3,15,
fukukaichou no omona oshigoto,3,15,
twelfth night (2009),3,15,
chichi wa eiyuu haha wa seirei musume no watashi wa tenseisha,3,15,reincarnated as the daughter of the legendary hero and the queen of spirits
assassin dearu ore no status ga yuusha yori mo akiraka ni tsuyoi nodaga,3,15,
goshujin-sama niwa suwasemasen!,3,15,i won't let mistress suck my blood
lolita (nabokov),3,15,
jinsei gyakuten: uwaki sare enzai wo kiserareta ore ga gakuen ichi no bishoujo ni natsukareru,3,15,
transformers: zone,3,15,transformers zone
the legend of hei 2,3,15,
la seine no hoshi,3,15,
rock na kimi to wa owakare da,3,15,
the bloud house,3,15,
kaiketsu jouki tanteidan,3,15,steam detectives
pokemon mystery dungeon: gates to infinity,3,15,
justice league (movie),3,15,
saludos amigos,3,15,
avatar: seven havens,3,15,
super robot wars impact,3,15,
maguro (drama),3,15,
wario land: super mario land 3,3,15,
izayoi selene,3,15,
shinzui,3,15,
ctrl+alt+del,3,15,
princess reconquista,3,15,
yume shousen mousou,3,15,
choppiri toshiue demo kanojo ni shite kuremasu ka?,3,15,
gogh: focus with your avatar,3,15,
ane death.,3,15,
rineiron,3,15,
sequel colony,3,15,
fiction desu (synthesizer v),3,15,it's fiction (synthesizer v)
forest musician cranberry gaiden: magical girl raising project unripe duet,3,15,
arby's,3,15,
monster girl 1000,3,15,
yume nikki dream diary,3,15,
bokujou monogatari: harvest moon,3,15,
cut cut cut (idolmaster),3,15,
beatmania iidx 24 sinobuz,3,15,
one piece: clockwork island adventure,3,15,
lance n' masques,3,15,
seishun no rinkaku,3,15,
kimoota mob youhei wa minohodo o ben (waki ma) eru,3,15,
project arms,3,15,
mietemasu yo! aizawa-san,3,15,
tomb raider: the legend of lara croft,3,15,
kingdom hearts missing-link,3,15,
imouto choukyou nikki,3,15,
dragon quest monsters joker,3,15,
power rangers mystic force,3,15,
billy hatcher and the giant egg,3,15,
nintendo badge arcade,3,15,
lidl,3,15,
medarot survivor,3,15,
villusion,3,15,
kimi kiss pure rouge,3,15,
suishitai ni modoranaide (vocaloid),3,15,
pop-tarts,3,15,
my pokemon ranch,3,15,
kazoku wa (ore igai) succubus deshita ~ futari no ane to haha to no seikatsu de seieki o shiboritora remasu ~,3,15,
heavy cream,3,15,
bishoujo muzai pirates,3,15,
bunny (vocaloid),3,15,
sagrada reset,3,15,sakurada reset
tsuyokute new saga,3,15,
impre-zombie no hatsukoi,3,15,
akashic production,3,15,
saji no majinai (vocaloid),3,15,
wonder three,3,15,
super real mahjong p5,3,15,
power rangers zeo,3,15,
chikyuu sentai fiveman,3,15,
windows 3.x,3,15,windows 3.1
age of empires i,3,15,
conspiracy research club,3,15,
minami no niji no lucy,3,15,
safari (browser),3,15,
bayonetta origins: cereza and the lost demon,3,15,
otani oniji iii as yakko edobei,3,15,
no sleep for kaname date - from ai: the somnium files,3,15,
spoon.2di,3,15,
handy capper (vocaloid),3,15,
amatsu kitsune (vocaloid),3,15,
dai dark,3,15,
beyond the way (vocaloid),3,15,
kako ni torawareteiru (tuyu),3,15,
mushikago no cagaster,3,15,cagaster of an insect cage
jamster,3,15,
return of the b (comic),3,15,
clamp in wonderland,3,15,
digimon recollection,3,15,
teniireta saimin app de yume no harem seikatsu wo okuritai,3,15,
blush blush,3,15,
strawberry shortcake (2003),3,15,
koi ni wa amae ga hitsuyou desu,3,15,
paralympics,3,15,
studio bind,3,15,
baraduke,3,15,
kagerou: darkside princess,3,15,deception iv: blood ties
okitegami kyouko no bibouroku,3,15,
yao guang lu,3,15,
implicity,3,15,
everlasting flowers,3,15,
shazam! (movie),3,15,
brooklyn nets,3,15,
kaiketsu zorori,3,15,
highrisk mission therapy,3,15,
ehrgeiz,3,15,
genki bakuhatsu ganbaruger,3,15,
dire sisters,3,15,
generation loss,3,15,
drop production,3,15,
cursenday's dark carnival,3,15,
nounai kakumei girl (vocaloid),3,15,
circle of love (love live!),3,15,
mono palette.,3,15,
satisfaction (kz) (vocaloid),3,15,
byeolyisam shop,3,15,
tsugihagi staccato (vocaloid),3,15,
wolfsmund,3,15,
kounai sandai bijo no himo shitemasu,3,15,
alisia dragoon,3,15,
dragon pink,3,15,
1ldk + jk ikinari doukyo? micchaku!? hatsu ecchi!!?,3,15,
issun-boushi,3,15,
call of duty: world at war,3,15,
the swing,3,15,
spider-man: itsuwari no aka,3,15,spider-man: fake red
0001 (vocaloid),3,15,
brain age,3,15,
watashi wa succubus to kiss wo shita,3,15,
twiright prank (vocaloid),3,15,
soka gakkai international,3,15,
lord of vermilion iv,3,15,
blood meridian,3,15,
generator rex,3,15,
aibyou sekai,3,15,
hello worker (vocaloid),3,15,
target (store),3,15,
replay (series),3,15,
resident evil: dead aim,3,15,resident evil dead aim
heaven seeker,3,15,
higanjima,3,15,
kamen rider gotchard vs kamen rider legend,3,15,
nobunaga concerto,3,15,
doki doki pretty league,3,15,
burnout (series),3,15,
deus ex (2000),3,15,
moechannel,3,15,
ame to kusari (vocaloid),3,15,
sewazuki de kawaii jk 3shimai dattara ouchi de amaete mo ii desuka?,3,15,
yorushika,3,15,
ane wa oyaji ni daka re teru,3,15,
wuthering heights,3,15,
3piece,3,15,
fechi chichi kyonyuu sensei no yuuwaku jugyou,3,15,
balala the fairies: finding melody,3,15,
magic-kyun! renaissance,3,15,
youko-san wa kon to naku,3,15,
makiba no shoujo katri,3,15,
narara superboard,3,15,
kingyo oukoku no houkai,3,15,
spec ops the line,3,15,
my-otome zwei,3,15,
okusama no kaifuku-jutsu,3,15,
wafuu fantajii na utsu eroge no nanashi sentou-in ni tensei shitandaga shuui no on'na ga yabe yatsu bakari de iyanayokan shika shinai kudan,3,15,
killer klowns from outer space,3,15,
maken-shi no maken ni yoru maken no tame no harem life,3,15,
let the bullets fly,3,15,
naanni mo dekinai gyaru ga yuiitsu dekiru koto,3,15,
star fox command,3,15,
kitsune ga boku wo matteiru hana,3,15,
talking heads,3,15,
yami to hikari no sanctuary,3,15,
my-hime destiny: ryuu no miko,3,15,
imouto bitch ni shiboraretai,3,15,
guardian heroes,3,15,
kafu-chan no kare udon kyousou kyoku (cevio),3,15,
spark in the ashes (unspoken),3,15,
sorcery jokers,3,15,
gacha wo mawashite nakama wo fuyasu saikyou no bishoujo gundan wo tsukuriagero,3,15,
digimon story: lost evolution,3,15,
jewelry hearts academia,3,15,
dokuzu (vocaloid),3,15,
flcl reanimated,3,15,
ikemen sengoku,3,15,
the walters,3,15,
eine kleine (yonezu kenshi),3,15,
free life,3,15,
dendenshindenzu (vocaloid),3,15,
froot loops,3,15,
warau warawau,3,15,
kikaijikake no marie,3,15,
1 rt de nakawarui nonke joshi-tachi ga 1-byou kiss suru,3,15,
xena: warrior princess,3,15,
shuuten chi e kiete (utau),3,15,
=love,3,15,
elf hime nina,3,15,
cyber block metal orange,3,15,
tajuu-jinkaku tantei saiko,3,15,multiple personality detective psycho
sengoku tenshi djibril,3,15,
the freak circus,3,15,
oh yes! kasshoku bitch hitozuma no seiyoku kaishou,3,15,
mighty gunvolt,3,15,
jewelpet kira deco!,3,15,
figure photo studio,3,15,
jk shousetsuka poi,3,15,
id-0,3,15,
watashi no tomodachi ga sekaiichi kawaii,3,15,
kamidanomi shisugite ore no mirai ga yabai.,3,15,
diversity promotions,3,15,
zannen na ane to no love comedy,3,15,
kawaii nihongo,3,15,
gundam pulitzer,3,15,
ano machi no koi no uta,3,15,
sanzensekai no raisner,3,15,
hyakuren no haou to seiyaku no valkyria,3,15,
infamous second son,3,15,
a married man,3,15,
freedom of speech,3,15,
league of angels ii,3,15,
toukiden 2,3,15,
zoolander,3,15,
lovvebox,3,15,
gensou suikoden tsumugareshi hyakunen no toki,3,15,
minzoku injou,3,15,
rio (movie),3,15,
gals kiss,3,15,
yume ka utsutsu ka matryoshka,3,15,
koisuru otome no oshioki jugyou,3,15,
galaxy saga,3,15,
nee chanto shiyou yo! 2,3,15,
bokura wa piacere,3,15,
deardrops,3,15,
another century's episode: r,3,15,
mix!,3,15,
zutto senpai to,3,15,
splash!,3,15,
matsushima biwako wa kaizou ningen de aru.,3,15,
sister sister (troy),3,15,
sukumizu ~fecchi ni narumon!~,3,15,
aniyome dakara!,3,15,
prince of persia (2008),3,15,
the crooked man,3,15,
sweet devil,3,15,
dragon collection,3,15,
joker -shisen no hate no doukeshi-,3,15,
kamidere,3,15,
comic megamilk,3,15,
machine robo rescue,3,15,
ghostwire: tokyo,3,15,
world's end club,3,15,
yakata: kannou kitan,3,15,
ijimerarekko no nekura onna ga jitsu wa dohentai de ijimekko no ubu na gal ni shikaeshi o suru yuri,3,15,
hataraku otona no ren'ai jijou,3,15,
itaike na kanojo,3,15,
re:volte,3,15,
angel engine,3,15,
drapri guu-ta-life 3,3,15,
arc the lad generation,3,15,
eurovision song contest,3,15,
kakugo no susume,3,15,
rising impact,3,15,
akatsuki wo tsugu,3,15,
i'm still... (love live!),3,15,
samurai deeper kyo,3,15,
carrie (song),3,15,
kibushi-ie,3,15,
fushigi tsuushin toire no hanako-san,3,15,fushigi tsuushin toilet no hanako-san
ragnastrike angels,3,15,
r project,3,15,
arma (series),3,15,
barbie in the nutcracker,3,15,
el tigre,3,15,
joshi lac! (manga),3,15,
it takes two,3,15,
kochira shuumatsu teitai iinkai,3,15,
hengen sennin asuka,3,15,
charlie's angels,3,15,
re aer,3,15,
the magic school bus,3,15,
puraore! pride of orange,3,15,
taiyou no makibaoo,3,15,
tomodachi kara koibito he,3,15,
summer camp island,3,15,
nyaaaanvy,3,15,
diablo 1,3,15,
high tide (hololive),3,15,
robot unicorn attack,3,15,
astonishia story 2,3,15,
patchcon,3,15,
kyouiku shidou,3,15,
wasureenu majo no monogatari,3,15,
mukasete! ryuugasaki-san,3,15,shed that skin ryugasaki-san!
x trilogy,3,15,
synduality echo of ada,3,15,
groove coaster,3,15,
hikami no crown,3,15,
do-dai (idolmaster),3,15,
tsuki no sango,3,15,
joy mech fight,3,15,
milky touch,3,15,
guardians violation,3,15,
lovedori halation,3,15,
ultra super anime time,3,15,
tool (band),3,15,
himeou to saigo no kishidan,3,15,
hero wars,3,15,
girls! girls! girls!?,3,15,
x-videos,3,15,
hikari sentai maskman,3,15,
minagoroshi-hen,3,15,
tom's racing,3,15,
hanikami clover,3,15,
ooedo rocket,3,15,oh! edo rocket
fanime,3,15,
dengeki bunko fighting climax,3,15,
pokemon ga-ole,3,15,
exhentai,3,15,
heroine wa tomodachi desu ka? koibito desu ka? soretomo tomefure desu ka? second,3,15,
toosenbo (vocaloid),3,15,
mahou no angel sweet mint,3,15,magical angel sweet mint
famima!,3,15,
magical pokemon journey,3,15,
settlers of catan,3,15,
vacant sky,3,15,
world destruction,3,15,
taisen hot gimmick 3,3,15,
ghostcrown,3,15,
q.e.d.,3,15,
sesuji wo pin! to,3,15,
poison pink,3,15,
kamen rider spirits,3,15,
inupara,3,15,
iron man 3,3,15,
amatarasu riddle star,3,15,
mu origin,3,15,
gift (vocaloid),3,15,
sphere (group),3,15,
madoromi barmaid,3,15,
kashimashi communication,3,15,
gundam 0079 the war for earth,3,15,
akazukin no ookami,3,15,
30girl.com,3,15,
scribblenauts,3,15,
ghostpia,3,15,
ai kiss 3,3,15,
24 (series),3,15,
motorola solutions,3,15,
himegami gadget,3,15,
touhou spell bubble,3,15,
system shock 2,3,15,
kage no densetsu,3,15,the legend of kage
koromogawari,3,15,
tv asahi,3,15,
garo: kami no kiba,3,15,garo: fang of god
hana no kioku 6,3,15,
rocky,3,15,
the legend of legacy,3,15,
shin megami tensei nine,3,15,
marvel vs. capcom infinite,3,15,
sexy beach 2,3,15,
shissou word (vocaloid),3,15,
koiiro chu! lips,3,15,
aka (nekoneko soft),3,15,
okinawa club,3,15,
yuubari melon koukou,3,15,
code-e,3,15,
ore tama,3,15,
youko no sakuya-kun,3,15,
rastar,3,15,
aquarius (drink),3,15,
reese's,3,15,
clover games,3,15,
kengan omega,3,15,
gun honey,3,15,
kamen rider g (movie),3,15,
echidna wars dx,3,15,
yes (band),3,15,
doukyonin wa hiza tokidoki atama no ue.,3,15,
liebling,3,15,
virtual market,3,15,
chuokyousyoujo,3,15,
eon,3,15,
princess maker 3,3,15,
tokidoki sugar,3,15,
serafuku to kikanjuu,3,15,
naega mannan baempaieo iyagi,3,15,
kraft,3,15,
bay area rapid transit,3,15,
gold digger,3,15,
bolt (movie),3,15,
hoshitsuguyo,3,15,
the war of koishi chan,3,15,
sigre (vocaloid),3,15,
haru nee to no dousei shuumatsu,3,15,
tengen toppa gurren lagann: gurren-hen,3,15,
sd gundam online,3,15,
yugami-kun ni wa tomodachi ga inai,3,15,
in those days,3,15,
diva mizuki,3,15,
kingdom under fire,3,15,
mono gokoro mono musume,3,15,
donkey kong jr. (game),3,15,
nihon-chan,3,15,
kanzen muken no shinjin majutsusei,3,15,
xuyan xueyuan,3,15,
mahou shoujo neko x,3,15,
dalk gaiden,3,15,
pururun cafe,3,15,
odakyu electric railway,3,15,
the stanley parable,3,15,
black hawk down,3,15,
brigandine,3,15,
happy princess,3,15,
biko 3,3,15,
cloud girl,3,15,
kimi no koe ga kikoeru,3,15,
ningyo series,3,15,
elfin rose,3,15,
discode,3,15,
thirua panic,3,15,
neo gentle,3,15,
warhol,3,15,
megatokyo,3,15,
hitokata no ou,3,15,
sakujo,3,15,
older (game),3,15,
boeing,3,15,
sally (music circle),3,15,
the odyssey (2026 movie),3,15,
seitokaichou to sayono-kun,3,15,
high energy heroes,3,15,
artemis blue,3,15,
yumahorome ~toki wo tometa yakata de asu wo sagasu maigo-tachi~,3,15,
some some convenience store,3,15,
hibi hakkenteki step! (idolmaster),3,15,
hyperinflation,3,15,
agent sirius interlude,3,15,
town of sins,3,15,
5150,3,15,
comitia 124,3,15,
actraiser renaissance,3,15,
phantasy star nova,3,15,
asumi kakeru,3,15,
kinjo no nanako-san,3,15,
lobor,3,15,
oceans&empires,3,15,
mirai robo daltanious,3,15,future robot daltanious
cosplay boys club,3,15,
old spice,3,15,
junketsu no mahou shoujo,3,15,
nami yo kiite kure,3,15,
she's gon,3,15,
choujijigen game neptune re;birth 1,3,15,
sabamizo channel,3,15,
bikyaku seido kaichou ai,3,15,
lost tree,3,15,
unmei senjou no phi,3,15,
hoshi no rebellion,3,15,
houkago wa isekai kissa de coffee wo,3,15,
moshi mo youmuin no ojisan ga saimin wo oboetara,3,15,
freelustism,3,15,
dai pinch mahou shoujo kokomi!,3,15,
soukyuu dragon guild,3,15,
soreyori no prologue,3,15,
sorceress alive!,3,15,
umisora no fragments,3,15,
marronni yell,3,15,
manga science,3,15,
growlanser iv: over reloaded,3,15,
orenchi no furo jijou,3,15,
kimi dake no ponytail,3,15,
gal goog!!,3,15,
magnus ignis,3,15,
koishiki manual,3,15,
kissa korikori,3,15,
volley coaching!,3,15,
tenioha! onna no ko datte honto wa ecchi da yo?,3,15,
sousei kitan aerial,3,15,
doom 64,3,15,
kyonyuu majo,3,15,
comic megaplus,3,15,
kinshin souai,3,15,
jussai no saikyou madoushi,3,15,
sword x sword,3,15,
fossil fighters champions,3,14,
kerbal space program,3,14,
sekirara (idolmaster),3,14,
mermay 2026,3,14,
shittai seitai jikkentai (vocaloid),3,14,
mamatomo,3,14,
skarp world (series),3,14,
clock tower ghost head,3,14,clock tower ii: the struggle within
bunny's mama daikou service,3,14,
saikai (mili),3,14,
paris ni saku etoile,3,14,
heart beats (vocaloid),3,14,
booty calls,3,14,
saiminjutsu 2,3,14,
from y to y (vocaloid),3,14,
pixel call girls,3,14,
the search for the leviathan,3,14,
gap no aru joshi futari ga yuri na hanashi.,3,14,
darna (series),3,14,
raise wa tanin ga ii,3,14,
the scroll of taiwu,3,14,
nivel arena,3,14,
honglou meng,3,14,dream of the red chamber
alice in heaven,3,14,
legacy of kain: soul reaver,3,14,
bumped into x,3,14,
maid of the dead,3,14,
tamayura mirai,3,14,
warno (game),3,14,
taisen idol mahjong final romance 2,3,14,
mario tennis fever,3,14,
fabulous beasts,3,14,"there be beasts,yu shou yan"
making lovely,3,14,
true detective,3,14,
hypnosis mic: dream rap battle,3,14,
fancy frontier 39,3,14,
kingdom hearts: melody of memory,3,14,kingdom hearts melody of memory
hentai douchu banbanzai,3,14,
denpa kyoushi,3,14,
ayakashi: japanese classic horror,3,14,
taroman: okamoto taro shiki tokusatsu katsugeki,3,14,
mobile suit gundam rg xarx-zero,3,14,
the red shoes (andersen),3,14,
heisei haizanhei sumire-chan,3,14,
digital devil story,3,14,
contra: the hard corps,3,14,contra hard corps
after class (visual novel),3,14,
a christmas carol,3,14,
microsoft powerpoint,3,14,
aishiteru game wo owarasetai,3,14,i want to end this love game
kyokkou (idolmaster),3,14,
azumanga daioh hoshuu-hen,3,14,
flos (vocaloid),3,14,
mario sports mix,3,14,
mahou shoujo madoka magica mobage,3,14,
tensei akujo no kuro rekishi,3,14,
welcome to shimejiri village!,3,14,
tears to tiara ii,3,14,
beatmania iidx 30 resident,3,14,
choushujinnkou (vocaloid),3,14,
gunvolt records cychronicle,3,14,
transformers (marvel),3,14,
lost worlds,3,14,
das boot,3,14,
positive parade (vocaloid),3,14,
legends of talia: arcadia,3,14,
cyberia plus,3,14,
aete mushisuru kimi to no mirai,3,14,
shueisha,3,14,
space king,3,14,
mitsuya cider,3,14,
eien ni shiawase ni naru houhou mitsukemashita (vocaloid),3,14,
hello world (2019 movie),3,14,
q (vocaloid),3,14,
iwara.tv,3,14,
mario party superstars,3,14,
split dance (vocaloid),3,14,
aden (game),3,14,
yume tsushin,3,14,
aretha,3,14,
happy ni naritai (nanawo akari),3,14,
ubok.,3,14,
fuuin densetsu crystania,3,14,
quinty,3,14,
flesh and blood,3,14,
swing holic,3,14,
chaos;child: children's revive,3,14,
langrisser millenium ws,3,14,
araiguma calcal-dan,3,14,
the legend of xanadu,3,14,
doteraman,3,14,
mega man ii,3,14,
veil project,3,14,
ikkyuusan,3,14,
lsd: dream emulator,3,14,
spice (vtuber),3,14,
la mulana 2,3,14,
kudaranu mousou no,3,14,
baibato,3,14,
magalumina,3,14,
mu (utau),3,14,
toi et moi (manga),3,14,
kono oto tomare!,3,14,
trench crusade,3,14,
aisle (idolmaster),3,14,
nansei project,3,14,
where the demon lurks,3,14,
cinderella eleven,3,14,
tony takezaki no gundam manga,3,14,
devil may cry: peak of combat,3,14,
dousei kara hajimaru otaku kanojo no tsukurikata,3,14,
new romantic sailors,3,14,
shuumatsu no hanayome-sama,3,14,
watashi wa ame (vocaloid),3,14,
dragon quest monsters: caravan heart,3,14,
sanarica,3,14,
umi no triton,3,14,
tp bon,3,14,
farmagia,3,14,
digimon adventure 02: digimon hurricane jouriku!! chouzetsu shinka!! ougon no digimental,3,14,digimon adventure 02: hurricane touchdown
motokano to no jirettai gisou kekkon,3,14,
gakkou no kowai uwasa: hanako-san ga kita!!,3,14,
the sleeping beauty (idolmaster),3,14,
fantasy life online,3,14,
renge to naruto,3,14,
the adventures of tom sawyer,3,14,
how to sekai seifuku (vocaloid),3,14,
irodori ent post,3,14,
watashi wa magnet,3,14,
kizuna no allele,3,14,
kemono fabric vivarium transfer,3,14,
yuusha no segare,3,14,
riot games,3,14,
gone with the wind,3,14,
magical battle arena,3,14,
luna sanctus,3,14,
kikou kantai dairugger xv,3,14,
maken x,3,14,
odyssey of the anachronistic tome,3,14,
toki no daichi,3,14,
kikoriki,3,14,
hajimete no aku,3,14,
tonari no seki no mukuchi gyaru ni edzuke shitara,3,14,
hylics 2,3,14,
tsumi to batsu (008achi),3,14,
x vorder runway,3,14,
green green greens,3,14,
the rock (movie),3,14,
sekai ka kanojo ka erabenai,3,14,will it be the world or her?
aqours pirates desire,3,14,
kokon tozai (love live!),3,14,
bloody rondo,3,14,
seishun kirameki rockers!!,3,14,
hundredth: match 3,3,14,
lingeries,3,14,
monument valley (game),3,14,
armored core: master of arena,3,14,
reika wa karei na boku no maid,3,14,
sosogi wa kaeritai,3,14,
valkyrie of phantasm,3,14,
tsuki no usagi ha virtual no yume wo miru,3,14,
artificial hero,3,14,
perennial (love live!),3,14,
once upon a time in hollywood,3,14,
the naked gun (series),3,14,
mahou shoujo madoka magica manga,3,14,
spooky month,3,14,
riddle order,3,14,
haikei doppelganger (vocaloid),3,14,
the hitchhiker's guide to the galaxy,3,14,
gaia gensouki,3,14,illusion of gaia
buchigire reijou wa houfuku o chikaimashita. ~madousho no chikara de sokoku o tataki tsubushimasu~,3,14,
kunoichi botan,3,14,
indomitable champion,3,14,
v-drive!,3,14,
dreamtale,3,14,
kokou no hana to yobareru eikoku bishoujo gimai ni nattara bukiyou ni amaete kita,3,14,
crimson lullaby,3,14,
rage against the machine,3,14,
chuugakusei kanoke,3,14,
bokujou monogatari: saikai no mineral town,3,14,
cannibal corpse,3,14,
hatena illusion,3,14,
psychonauts,3,14,
cho tokimeki sendenbu,3,14,
yoru no pierrot,3,14,
the book of life,3,14,
strobe last (vocaloid),3,14,
the 4 sigils - the malice of winter,3,14,
yamada perfect (vocaloid),3,14,
toshishita kanojo,3,14,
omoi wo sasageru otome no melody ~afureru omoi wo shirabe ni nosete~,3,14,
uchuu taitei god sigma,3,14,
aren't grim reapers supposed to be scary,3,14,
witch company project,3,14,
mahou shoujo dandelion,3,14,
eroge sekai ni tensei shita ore ga oshi e no ai de netorare heroine o shiawase ni suru.,3,14,
earth69,3,14,
yamikko troublemaker,3,14,
idol hakkenden,3,14,
ore no osananajimi ga dekkkkkaku narisugita,3,14,
koukyuu no karasu,3,14,
eiga daisuki pompo-san,3,14,
ojama mushi (vocaloid),3,14,
h ero,3,14,
digimon next,3,14,
milk tissue girl,3,14,
game jin partner,3,14,
salad fingers (series),3,14,
eternal fighter zero,3,14,
7nin no kenja to renkinjutsushi,3,14,
discovery channel,3,14,
valkyrie elysium,3,14,
ma shounen bt,3,14,cool shock b.t.
circle mate,3,14,
kamachi crossover,3,14,
yababaina (vocaloid),3,14,
fall out boy,3,14,
dreaming freedom,3,14,
depravia,3,14,
pachislot rockman ability,3,14,
ikemen sugi desu shiki-senpai!,3,14,the girl i want is so handsome!
anchor panic,3,14,
harmony (project itoh),3,14,
tekkaman blade ii,3,14,
e.x. troopers,3,14,
virtua unlimited project,3,14,
naki no ryuu,3,14,
minimum electric design,3,14,
kingdom conquest,3,14,
netorare manga no kuzu otoko ni tensei shita hazu ga heroine ga yottekuru ken,3,14,
lilja to natsuka no junpaku na uso,3,14,
weiward romance (synthesizer v),3,14,
love lab (visual novel),3,14,
l! l! l! (love the life we live),3,14,
gyakushuu 3,3,14,
kono manga no heroine wa morisaki amane desu,3,14,
sennagi,3,14,
splatball (creux),3,14,
elf to shuryoushi no item koubou,3,14,
space hunter,3,14,
dallas mavericks,3,14,
nekonote (vtuber),3,14,
mizuho chuugakusei sekai houkai wa totsuzen ni,3,14,
mochipoyo-chan,3,14,
doom 3,3,14,
welcome to the cum zone,3,14,
berochu inkai,3,14,
pro golfer saru,3,14,
rohto seiyaku,3,14,
listeners (anime),3,14,
command & conquer: generals,3,14,command and conquer: generals
ryuusei no varnir star ecdysis of the dragon,3,14,
7 days to die,3,14,
echo (chord inc.),3,14,
sangokushi tenka,3,14,
let it be,3,14,
hoho ga kawaku made (vocaloid),3,14,
domestic de violence,3,14,
date a live: ren dystopia,3,14,
perry bible fellowship,3,14,
a sore pon desu!,3,14,
alice in cyberland,3,14,
green lantern: the animated series,3,14,
nazotoki elf,3,14,
mary to majo no hana,3,14,mary and the witch's flower
kawasaki frontale,3,14,
osananajimi biglove,3,14,
hajimari no mahoutsukai,3,14,
shukusei maachi,3,14,
reverse au (scott pilgrim),3,14,
mtv,3,14,
black panther: wakanda forever,3,14,
shinon no tokeitou (vocaloid),3,14,
botsuraku youtei nanode kajishokunin wo mezasu,3,14,
enkou shoujo 2 ~jk idol masuzu no baai~,3,14,
mighty gunvolt burst,3,14,
kidou senshachiha tan x,3,14,
chikasugiru karera no juunanasai no tooi kankei,3,14,
school for vampires,3,14,
tsukiakari ni modaeru harame,3,14,
hakoniwa oukoku no souzoushu-sama,3,14,
epic mickey,3,14,
shin angyou onshi,3,14,blade of the phantom master
fuji-q highland,3,14,
sonna futari wa tsukiatteiru,3,14,
stray kids,3,14,
world of sex energy,3,14,
ao no kanata no four rhythm -es-,3,14,
moonwalker,3,14,
number girl,3,14,
lindows,3,14,
iris action,3,14,
peppermint comic,3,14,
dead space 3,3,14,
mito koumon,3,14,
kuraki tatari no mori de,3,14,
angel howling,3,14,
shitsuji ga aruji wo erabu toki,3,14,
the martian,3,14,
torotoro resistance,3,14,
gendai majo zukan,3,14,
minna no uta ~everyone's song~,3,14,
tadashii kodomo no tsukuri kata!,3,14,
seitokai tantei kirika,3,14,
xuan dou zhi wang,3,14,
koisuru imouto wa setsunakute onii-chan wo omou to sugu h shichau no,3,14,
monsuno,3,14,
gunryuu sangoku-den,3,14,
the fantasie of a stepmother,3,14,
a ja nai ka (vocaloid),3,14,
1/2 summer,3,14,
otona no ehon akazukin chan,3,14,
ggrks (vocaloid),3,14,
gundam seed a-star,3,14,
houma hunter lime,3,14,jewel bem hunter lime
mimi wo sumaseba (eroge),3,14,
school love!,3,14,
niizuma capriccio!,3,14,
supacchu!,3,14,
soushinjutsu 3,3,14,
nightmare maker,3,14,
blue gender,3,14,
aorio,3,14,
vow of heroes,3,14,
pulltop,3,14,
berochu!,3,14,
affinity line,3,14,
buriki no dance (vocaloid),3,14,
umanari ichi furlong theater,3,14,
benzaiten academy chronicles,3,14,
call of duty: advanced warfare,3,14,
kanzaki kyoudai no nichijou,3,14,
seabed (visual novel),3,14,
dennou sentai voogie's angel,3,14,
marionnette histoire,3,14,
shinsei kourin arcanarouge ~hakudaku to shokushu ni kegasareshi mahou shoujo-tachi~,3,14,
sora no sakana (vocaloid),3,14,
my police mister,3,14,
taiyotosho fanta vergennes,3,14,
ssaumdokak,3,14,
daytona usa,3,14,
alien soldier,3,14,
project rocket girls,3,14,
bokura no haru ha inazuma no youni,3,14,
tensei-kun wa lolicon janai!,3,14,
healer girl,3,14,
hooked on you,3,14,
breath of fire 6,3,14,
avengers: tech on,3,14,
rev. from dvl,3,14,
streidcraft,3,14,
lost angel,3,14,
sberbank,3,14,
bugsnax,3,14,
koukousei kazoku,3,14,
heroes of incredible tales,3,14,
manabi kangaeru rekishi,3,14,
the queendom of lithzena,3,14,
game tengoku,3,14,
monmon fanmoran (vocaloid),3,14,
kanojo no hatsujou switch,3,14,
incest paradise,3,14,
jal boineun murimtibi!,3,14,
"olive! believe ""olive""?",3,14,
ssethtzeentach,3,14,
landstalker: koutei no zaihou,3,14,
apocalypse witch,3,14,
souboutei kowasu beshi,3,14,
koupen-chan,3,14,
wish (momentum games),3,14,
master of the court (vocaloid),3,14,
witch bunny,3,14,
the killing joke,3,14,
nazo no lililith,3,14,
my heroes - dungeon adventure,3,14,
luminous arc infinity,3,14,
iwaihime,3,14,
kimesaku enkou!,3,14,
go! go! nippon! 2015,3,14,
revolve,3,14,
skygunner,3,14,
kowloon's gate,3,14,
reki-dama,3,14,
can fes,3,14,
tank girl,3,14,
tomokazu sugita no anigera deduuun,3,14,
6th gate,3,14,
jutaijima,3,14,
heroes lore v,3,14,
zutto tsukushite ageru no!,3,14,
forest invasion,3,14,
tamafuri series,3,14,
zettai junshu kozukuri kyokashou paradise!!,3,14,
shin sangoku musou multi raid 2,3,14,
ragnarok online kafra quest,3,14,
meri chri,3,14,
sakura machizaka stories vol.1,3,14,
atelier lina,3,14,
lucky star ~ryouou gakuen outousai~,3,14,
invaders (record label),3,14,
half-life 3,3,14,
blade sight,3,14,
mystereet,3,14,
hime-sama ririshiku!,3,14,
iczer densetsu,3,14,
fairy factory,3,14,
katakoi no tsuki,3,14,
nijuu-mensou no musume,3,14,
tsuki possession,3,14,
umbro,3,14,
ookami hime monogatari,3,14,
realize,3,14,
mu online,3,14,
ano harewataru sora yori takaku,3,14,
maryoku zero no ore ni wa mahou kenki saikyou no gakuen wo shihai dekinai... to omotta?,3,14,
dreamin chuchu (vocaloid),3,14,
ore to kanojo wa shujuu na kankei,3,14,
kesaran pasaran (vocaloid),3,14,angel hair (vocaloid)
pikuniku,3,14,
k'wa (vtuber),3,14,
banpuri ~ikinari suwarete h shiyo!~,3,14,
puzzle fighter,3,14,
rhapsodia,3,14,
shinpakusuu #0822 (vocaloid),3,14,
south park: phone destroyer,3,14,
ryuu ga gotoku kenzan,3,14,
love me: kakurenbo,3,14,
gimmick!,3,14,
sora to umi no aida,3,14,
fairy hearts,3,14,
epilogue in the attic (hololive),3,14,
cradle song,3,14,
shiawase kazoku-bu,3,14,
dennou boukenki webdiver,3,14,
half-life: alyx,3,14,
reynatis,3,14,
project kavvaii,3,14,
crazy frog,3,14,
cafe omusubiya,3,14,
front mission 5,3,14,
marionette (vocaloid),3,14,
gunpla builders beginning g,3,14,
sexy beach 3,3,14,
elysion ~eien no sanctuary~,3,14,
karen (purple software),3,14,
messe sanoh,3,14,
honoo no haramase paidol my star gakuen z,3,14,
avvy,3,14,
sekai oni,3,14,
junjou skirt (vocaloid),3,14,
wakusei robo danguard ace,3,14,
kedama no gonjirou,3,14,
boku ga tenshi ni natta wake,3,14,
super robot wars ux,3,14,
otome bare,3,14,
kaki hoshuu,3,14,
gyakuten! ippatsuman,3,14,
no more heroes 3,3,14,
tokidoki (company),3,14,
ruvixia,3,14,
love melodies,3,14,
taimanin asagi gaiden,3,14,
tales of luminaria,3,14,
baten kaitos origins,3,14,
fc internazionale milano,3,14,
free fire,3,14,
the greatest showman,3,14,
heart of the woods,3,14,
netscape,3,14,
persib bandung,3,14,
the money store,3,14,
kleins,3,14,
please! freeze! please!,3,14,
bad (song),3,14,
world embryo,3,14,
sequel kludge,3,14,
metro chikan-sen,3,14,
holy dungeon,3,14,
onore no shinzuru michi wo yuke,3,14,
jkt48v,3,14,
hiiro no kakera,3,14,
first squad,3,14,
kono mama ja ane to sex shite shimau!?,3,14,
love-bride eve,3,14,
2011 fifa women's world cup,3,14,
ikkitousen shining dragon,3,14,
lupin iii vs meitantei conan,3,14,
zenbu kimi no sei da,3,14,
funkytown (song),3,14,
are you alice?,3,14,
noblesse,3,14,
shichinin no nana,3,14,
segagaga,3,14,
usogui,3,14,
sora wo tobu mittsu no houhou,3,14,
petit link,3,14,
pure x cure,3,14,
touhou mother,3,14,
worlds and world's end,3,14,
custom reido f,3,14,
chikan sharyou ni gousha,3,14,
mxs combat de reines,3,14,
yui shop,3,14,
aflame inferno,3,14,
spectral vs generation,3,14,
the manipulator and the subservient,3,14,
ai-ren,3,14,
yuuwaku senjo,3,14,
rika junbi shitsu de tsukamaete,3,14,
ameriko,3,14,
eagle talon,3,14,
perfect world,3,14,
russia.2028,3,14,
gowappaa 5 godam,3,14,
okamax,3,14,
winter garden,3,14,
rocket no natsu,3,14,
innai kansen,3,14,
final approach,3,14,
school days lxh,3,14,
duel savior,3,14,
ichapuri!,3,14,
wow! wow! wubbzy!,3,14,
ima koi wo shiteimasu.,3,14,
autobacs racing team aguri,3,14,
bohemian archive in japanese red,3,14,
karento,3,14,
arahito gishin,3,14,
macross vf-x2,3,14,
baby i love you daze,3,14,
ken to mahou to gakuen mono 3,3,14,
trouble@spiral!,3,14,
ryuu to yuusha to haitatsunin,3,14,
"studio ""syrup comfiture""",3,14,
fusheng yi xi,3,14,
battlefield of the dead roses,3,14,
tobu railway,3,14,
the endless calabi yau forest,3,14,
gattai robo atlanger,3,14,
kagayaki stars,3,14,
phoenix suns,3,14,
tonkatsu dj agetarou,3,14,
kibou no bashi to jiyuu no mahou (vocaloid),3,14,
red chess experiment,3,14,
zhanchang shuang mawei,3,14,
f-zero falcon densetsu,3,14,
nouveis logic,3,14,
lingerie girl wo okini mesu mama,3,14,
damonisch,3,14,
tsuka no ma no ichika,3,14,
glee,3,14,
spicyquest,3,14,
uncle grandpa,3,14,
sora kara nihon wo mitemiyou,3,14,
sandy marton,3,14,
kingdom of legion,3,14,
teisou kannen zero,3,14,
kouhai shoujo,3,14,
anonono,3,14,
tenkuu no symphonia,3,14,
harame ~seishi o hoshigaru midara na oshiego~,3,14,
donkey kong country 3,3,14,
tokyo conception,3,14,
angolmois: genkou kassenki,3,14,
bee train,3,14,
buchi-kire yusya no sekaiseihuku,3,14,
hinata no tsuki,3,14,
biblia koshodou no jikentechou,3,14,
tenchi muyou! in love,3,14,
seiken orochi chronicle,3,14,
laugh-nest (softhouse chara),3,14,
watashi wa succubus ja arimasen,3,14,
arcanakit v,3,14,
trinity souls,3,14,
101 no hyaku monogatari,3,14,
eve: valkyrie,3,13,
tokoyo no tou,3,13,"tokoyo: the tower of perpetuity,tokoyo tower of perpetuity"
polipan,3,13,
mite (idolmaster),3,13,
atmosphere (idolmaster),3,13,
shoshikantetsu (idolmaster),3,13,
love & joy (idolmaster),3,13,
bijutsubu girl,3,13,
naturally cassidy,3,13,
veil (idolmaster),3,13,
the king of fighters afk,3,13,
meet the robinsons,3,13,
jeanne no ryouken,3,13,
copa america,3,13,
witchblade (comic),3,13,
bacardi,3,13,
b-robo kabutack,3,13,
ichiro shounen kitan,3,13,
ricorie productions,3,13,
pop'n music high cheers!!,3,13,
tamagotchi paradise,3,13,
stranger than heaven,3,13,
urban demons,3,13,
ghost in the shell (2017),3,13,
need for speed: underground,3,13,
tales of card evolve,3,13,
beginner's sailing,3,13,
shounin shite kudasai genie-san! (synthesizer v),3,13,"approve please genie! (synthesizer v),seungin haejuseyo genie-nim! (synthesizer v)"
jashin senki r'lyeh shoujotai,3,13,
dengeki sentai changeman,3,13,
mario the music box,3,13,
japanese stream hardcore,3,13,
halcali,3,13,
yomosugara kimi omou (vocaloid),3,13,
drama queen,3,13,
doppelganger (holostars english),3,13,
dear starboy,3,13,
the return of godzilla,3,13,
momogusa-san ga monogusasugiru,3,13,
libido 7,3,13,
scooby-doo! mystery incorporated,3,13,
paper mario: color splash,3,13,
johnny the homicidal maniac,3,13,
drifting into summer,3,13,
moto mahou shoujo no onee-san wa koi wo shiritai,3,13,
houkago no seijo-san ga toutoi dake ja nai koto wo ore wa shitteiru,3,13,
needlemouse (series),3,13,
storyfell,3,13,
sin (game),3,13,
atlanta hawks,3,13,
tsuki no kame (idolmaster),3,13,
spicy couple,3,13,
indiana pacers,3,13,
koibumi to 13-sai no joyuu,3,13,
just roll with it,3,13,
badass girl: run hany,3,13,
step x steady,3,13,
love evolution,3,13,
gensou suikoden star leap,3,13,
hot topic,3,13,
hiasobi (vocaloid),3,13,
soredemo tsuma o aishiteru,3,13,
wonder protocol,3,13,
tamagotchi uchuu ichi happy na monogatari!?,3,13,tamagotchi: happiest story in the universe!
ojama mushi ii (vocaloid),3,13,stickybug ii (vocaloid)
umbrella (love live!),3,13,
ookii onnanoko wa suki desu ka?,3,13,do you like big girls?
the great villainess strategy of lily,3,13,
jinrui kyuusai game,3,13,
weibo,3,13,
shonioya!,3,13,
kura kura (ado),3,13,
no thank you!!! (visual novel),3,13,
shinjigen no kinjite (cevio),3,13,
back to the future part iii,3,13,
apollo program,3,13,
fukushuu wo koinegau saikyou yuusha wa yami no chikara de senmetsu musou suru,3,13,
agreeee,3,13,
haikei arishi hi ni saku hanatachi e,3,13,
sowasowa drawing,3,13,
mimi+c,3,13,
viy (novel),3,13,
ane to osananajimi wa naka ga ii!,3,13,
leroy & stitch,3,13,
tenkuu no tobira,3,13,
shure,3,13,
ufo senshi dai apolon,3,13,
coyote (board game),3,13,
hyakunin isshu,3,13,
movin6!,3,13,
utaite!,3,13,
kirby for nintendo gamecube,3,13,
tianbao fuyao lu,3,13,
vlash,3,13,
karma (idolmaster),3,13,
burenai ai de (vocaloid),3,13,
great wall hobby,3,13,
kirby battle royale,3,13,kirby: battle royale
boku dake no hokenshitsu,3,13,
generation of chaos,3,13,
trainee death simulator,3,13,
obake taiken (utau),3,13,
tokyo game show,3,13,
brokeback mountain,3,13,
jd onsen. eroero dynamite joshi daisei to no onsen seikatsu,3,13,
panguan,3,13,
yu-gi-oh! dark duel stories,3,13,
mahou to ecchi no kankei,3,13,
oka ranman (love live!),3,13,
beatmania iidx 26 rootage,3,13,
manta (maoer entertainment),3,13,
lost arcadia,3,13,
magical girl bad end,3,13,
shrek 1,3,13,
the three charms,3,13,
flower imitation,3,13,
jewel princess reincarnation,3,13,
boxer-chan,3,13,
hatsune miku no bousou (vocaloid),3,13,
unravel trigger,3,13,
i became an unknown professor at the academy,3,13,
reversible campaign (vocaloid),3,13,
cortis,3,13,
half-life: opposing force,3,13,opposing force
houkago stride (vocaloid),3,13,
xiaomi,3,13,
solid state survivor,3,13,
yogoreta athlete,3,13,
destroy! mosaic!,3,13,
shinryaku robo,3,13,
kyojiri jk nirugame-chan,3,13,
killing me/killing you,3,13,
ninki haishinsha-tachi no manager ni nattara zenin motokano datta,3,13,
teratera (vocaloid),3,13,
know name,3,13,
doushite watashi ga bijutsuka ni!?,3,13,
sayonara ponytail,3,13,
galaxy hide and seek,3,13,
bartender (series),3,13,
yukiiro quest,3,13,
how to date an entity (and stay alive),3,13,
hoshifuru oukoku no nina,3,13,nina the starry bride
.hack//ai buster,3,13,
umi no oriuta,3,13,a cagesong of the ocean
tsumamigui 2,3,13,
ecco the dolphin (game),3,13,
tomorrow x together,3,13,
2010 winter olympics,3,13,
t.u.f.f. puppy,3,13,
gentlemaniac,3,13,
level-5,3,13,
mekurume (idolmaster),3,13,
wild assault,3,13,
machina mori (utau),3,13,
bakegyamon,3,13,
ike! ina-chuu takkyuubu,3,13,ping pong club
lightmotif,3,13,
witches feast,3,13,
red dragon,3,13,
red hood's woods,3,13,
godot (game engine),3,13,
inktale,3,13,
straight to the point,3,13,
tatsunoko pro,3,13,
pickle and peanut,3,13,
fantastic four (1967 tv series),3,13,
oppai heart,3,13,
blue angels (team),3,13,
elminage,3,13,
healin' good precure: yume no machi de kyun! tto gogo! daihenshin!!,3,13,
robocop 1,3,13,
shooting star warrior (love live!),3,13,
takeshi no chousenjou,3,13,
pokemon world championships 2025,3,13,
dakimakuri,3,13,
kamen rider kabuto: god speed love,3,13,
god eater resurrection,3,13,
lylas curse,3,13,
chicago (movie),3,13,
choco fantacy,3,13,
the glassworker,3,13,
love comedy-zuki to kossori tsunagaritai,3,13,
the chronicles of narnia,3,13,
muko no anata (vocaloid),3,13,
saihate no paladin,3,13,the faraway paladin
iraira shite iru (synthesizer v),3,13,
mario & sonic at the sochi 2014 olympic winter games,3,13,
street fighter ii v,3,13,
susuru tv,3,13,
alice's spiritual judge,3,13,
nounai disco (vocaloid),3,13,
hitorinbo envy (vocaloid),3,13,
hebereke,3,13,
rock dog,3,13,
makeruna! makendo,3,13,
vyvid,3,13,
asteria (musician),3,13,
catchy !? (cevio),3,13,
ninety-nine nights,3,13,
merupero,3,13,
metal family,3,13,
reginetta-san no bouken,3,13,
buta no gotoki sanzoku ni torawarete shojo wo ubawareru kyonyuu himekishi & onna sensh,3,13,
acer,3,13,
denroku,3,13,
chou idol densetsu oomori anko,3,13,
watashi wa kinki (vocaloid),3,13,
koisuru sunflower,3,13,
clone high,3,13,
the croods,3,13,
b: the beginning,3,13,
imouto wa kanojo ni dekinai no ni,3,13,
tsumetakute yawaraka,3,13,pink candy kiss
a trip to the moon,3,13,
sagurare otome,3,13,
propose (natori),3,13,
bigbang,3,13,
plants vs. zombies hybrid,3,13,plants vs zombies hybrid
ningen fushin no boukensha-tachi ga sekai wo sukuu you desu,3,13,apparently disillusioned adventurers will save the world
rejet,3,13,
the game of sisyphus,3,13,
ari ari anaman succubus chinchin haeteru akumakko,3,13,
iczelion,3,13,
famicom mukashibanashi: yuyuki,3,13,
final fantasy legend of the crystals,3,13,
tsuma ni damatte sokubaikai ni ikun ja nakatta,3,13,
waccha primagi! studio,3,13,
yarofes:2024,3,13,
harem camp!,3,13,
gundam-san,3,13,
king's field,3,13,
hyper dolls,3,13,
musou orochi 3,3,13,warriors orochi 4
project windless,3,13,
shin tenmakai ~goc iv another side~,3,13,
asoko de hataraku musubu-san,3,13,
kinchan and katori shingo no zen nihon kasou taishou,3,13,
ayla deluxe,3,13,
kimi to hajimeru dasan tekina lovecome,3,13,
mortal kombat vs dc universe,3,13,
the shape of water,3,13,
taisen mahjong final romance r,3,13,
doraemon: nobita no biohazard,3,13,
sutochiru,3,13,
windaria,3,13,
excitebike,3,13,
pantera (band),3,13,
onna kishi leticia,3,13,
metal slug defense,3,13,
tgif (evan lee),3,13,
softbank,3,13,
monsterz mate,3,13,
your boyfriend,3,13,
katsute kami datta kemonotachi e,3,13,
hkt48,3,13,
madoromi-chan ga iku.,3,13,
burakku gakkou ni tsutomete shimatta sensei,3,13,
billie jean,3,13,
hoonigan,3,13,
henceforth (vocaloid),3,13,
fc tokyo,3,13,
babylon (nozaki mado),3,13,
slither.io,3,13,
enhypen,3,13,
alien: covenant,3,13,
556 mm,3,13,
comic himekuri,3,13,
macross e,3,13,
omega labyrinth z,3,13,
battle mania,3,13,trouble shooter
debian,3,13,
gokudou-kun man'yuuki,3,13,
web bazooka,3,13,
rindou ni sayonara wo,3,13,
hanaji (song),3,13,
dragon ball multiverse,3,13,
haidilao,3,13,
after hours,3,13,
marvelousaql,3,13,
usatei,3,13,
isuca,3,13,
liar dance (vocaloid),3,13,
complex saga,3,13,
saikyou juzoku tensei ~cheat majutsushi no slow life~,3,13,
taiwan beer,3,13,
all out!!,3,13,
sora no tsukurikata,3,13,
r15+ ja dame desu ka?,3,13,
black moon prophecy,3,13,
kanban musume wa sashiosae,3,13,
cooking papa,3,13,
wacca,3,13,
kurokishi monogatari,3,13,
sekigahara gakuen,3,13,
tokyo girls destruction,3,13,
chrono dios,3,13,
power of smile,3,13,
sousouki reginald,3,13,
double helix blossom,3,13,
otome tensei grimoire den,3,13,
risky game (vocaloid),3,13,
cross gate,3,13,
elle prier,3,13,
pixiv wrestling association,3,13,
hero (image),3,13,
spectral force genesis,3,13,
yami-iro alice (vocaloid),3,13,
desolate soul,3,13,
nangoku sakunyuu island,3,13,
kohitsuji-tachi no rakuen,3,13,
prime rose,3,13,
arianrhod saga,3,13,
shimamura,3,13,
utsuro wo aogu (vocaloid),3,13,
deepwoken,3,13,
galileo (tv series),3,13,
sakurai-san wa kizuite hoshii,3,13,
no man's land,3,13,
peropero sparkles,3,13,
beep beep i'm a sheep,3,13,
sennyuu! hitozuma soap ~tonari no oku-san o soap de hakken shita node soku shimei~,3,13,
nes open tournament golf,3,13,
lemmings,3,13,
absorute zero,3,13,
woody woodpecker (series),3,13,
konpeki studio,3,13,
panical confusion,3,13,
brave souls (chrisanother),3,13,
yumeiro cast,3,13,
babylon (game),3,13,
sakurazaka46,3,13,
after god,3,13,
helter skelter ~hakudaku no mura~,3,13,
joy division (band),3,13,
cosmospice (vocaloid),3,13,
watership down,3,13,
ethereum,3,13,
mayonaka no ningyoutsukai,3,13,
chotto dake aru yo,3,13,
hakushaku to yousei,3,13,the earl and the fairy
oshi ga imouto ni narimashite,3,13,
breakout,3,13,
manasis refrain,3,13,
ghost (hoshimachi suisei),3,13,
himukai chihiro wa shigoto ga tsuzukanai,3,13,
control (game),3,13,
shengtang yehua,3,13,
yu-gi-oh! r,3,13,
sis camp,3,13,
tory and the starry island,3,13,
ultimate fighting championship,3,13,
love tore ~ecchi na ren'ai training~,3,13,
marshmallow imouto succubus,3,13,
paper lily,3,13,
lamunation,3,13,
the king of fighters neowave,3,13,
oxxo,3,13,
gohou shoujo sowaka-chan,3,13,
b.a.d.,3,13,
battle spirits: sword eyes,3,13,
walpurga no uta,3,13,
natsuiro high school,3,13,
ore no kanojo no uraomote,3,13,
maou no kuse ni namaiki da! 2 ~kondo wa seisen da!~,3,13,
cherry teacher sakura naoki,3,13,
ahiru no sora,3,13,
the adelaide inn,3,13,
alf,3,13,
nine point eight (deemo),3,13,
hhh triple h,3,13,
henshin a la maid,3,13,
candy candy (song),3,13,
superjail,3,13,
nangoku dominion,3,13,
juicy age,3,13,
akane gokoro,3,13,
seal online,3,13,
f&c,3,13,
oba no shinshitsu,3,13,
sora no kane no hibiku hoshi de,3,13,
gakuto!,3,13,
imawabi no dakini,3,13,
takahashi meijin no bouken jima,3,13,
pawahara seijo,3,13,
mahou shoujo meruru,3,13,magic woman m
alignment you! you!,3,13,
ayame no machi to ohime-sama,3,13,
seifuku tenshi,3,13,
2000 ad,3,13,
comitia 148,3,13,
teaka mamire no danshi,3,13,
tokki live,3,13,
billionaire touyokoin reika,3,13,
shimaima,3,13,
total war: shogun 2,3,13,
wizards complex,3,13,
terao,3,13,
koisuru koto to mitsuketari!,3,13,
milky suicide,3,13,
oni coach,3,13,
white clarity,3,13,
cielarc,3,13,
panic chan,3,13,
goat simulator,3,13,
chikyuu bouei kazoku,3,13,the family's defensive alliance
pixiv fairy,3,13,
ashura-chan,3,13,
total war: three kingdoms,3,13,
under the gundam: double fake,3,13,
room 201,3,13,
daimajin (series),3,13,
swiss family robinson,3,13,
onee-chan wa koi youkai,3,13,
fausts alptraum,3,13,
sonic rivals,3,13,
godaigo daigo,3,13,
flame oukoku koubouki,3,13,
play! play! play! san,3,13,
galaxian,3,13,
chou mashin eiyuuden wataru,3,13,
evergreen marine corporation,3,13,
astral realm,3,13,
intercontinental gt challenge,3,13,
tsukutte asobo,3,13,
mozu (tv series),3,13,
night of revenge,3,13,
akiiro ouka,3,13,
chaos breaker,3,13,
chicchai shito to dekkai inu wa nonbiri isekai wo tabi shimasu,3,13,
makulove,3,13,
bride of en,3,13,
yumimi mix,3,13,
.hack//g.u. last recode,3,13,
maho gaku,3,13,
metalocalypse,3,13,
sengoku ixa,3,13,
taiyoukei disco (vocaloid),3,13,
high guardian spice,3,13,
severance (series),3,13,
fire fire fire,3,13,
fcm,3,13,
puramai wars,3,13,
nova (tcg),3,13,
super robot wars bx,3,13,
rusty hearts,3,13,
nareru! se,3,13,
the blues brothers,3,13,
kyuushuu sentai danjiger,3,13,
super robot wars neo,3,13,
remember the time,3,13,
rotten girl grotesque romance (vocaloid),3,13,
the secret saturdays,3,13,
despera,3,13,
youtou jiken,3,13,
oni uta,3,13,
matsuri no yoru no yume,3,13,
otomimi infinity,3,13,
blade chronicle,3,13,
avalon no kagi,3,13,
death end re;quest 2,3,13,
baby be,3,13,
misery (stephen king),3,13,
michinoku hitou koi monogatari,3,13,
genndy tartakovsky's primal,3,13,
cheetahmen,3,13,
two quarters (shoujo material),3,13,
paramore,3,13,
luna online,3,13,
harukanaru toki no naka de 5,3,13,haruka: beyond the stream of time 5
yokujou pet life,3,13,
oshiete! buruma-sensei,3,13,
3d sexvilla,3,13,
ricotte ~alpenbul no utahime~,3,13,
junk force,3,13,
kaiser knuckle,3,13,
nostalgic,3,13,
momopan,3,13,
hare wo matsu (vocaloid),3,13,
bonus stage (vocaloid),3,13,
konya no okazu wa renji de marine,3,13,
kamen rider zo (movie),3,13,
mahjong sports line,3,13,
saimin ryoujoku gakuen,3,13,
daemon bride,3,13,
eiyuu x maou,3,13,
school heaven,3,13,
trials (series),3,13,
naked school,3,13,
puni puni poemi,3,13,
days of memories,3,13,
love selection,3,13,
mizukoi,3,13,
tsubame syndrome,3,13,
arion,3,13,
doushin,3,13,
shinakoi,3,13,
love colored lip-service,3,13,
kimi to koishite musubarete,3,13,
shadow seven,3,13,
bullet butlers,3,13,
imouto smile,3,13,
magical doctor (vocaloid),3,13,
toshiue no hito,3,13,
under-ichigo,3,13,
cherry tale,3,13,
cos-tsuma ~niizuma to ecchi na cosplay lesson~,3,13,
boku no sainou (vocaloid),3,13,
birth (oav),3,13,
animec (magazine),3,13,
cadbury,3,13,
kawaii fitment,3,13,
refrain blue,3,13,
ane taiken jogakuryou,3,13,
isekai juurin inbina doukutsu no sono oku de,3,13,
wolf girl with you,3,13,
happy world,3,13,
bioware,3,13,
sei yariman gakuen enkou nikki,3,13,
vliss project,3,13,
inugami-san to sarutobi-kun wa naka ga warui.,3,13,
hyper light drifter,3,13,
raspberry monster (vocaloid),3,13,
cosscos! ~anatagonomi no cosplay h shite ageru~,3,13,
ghost in the shell 2: man machine interface,3,13,koukaku kidoutai 2: man machine interface
genkai ol-chan nui wo suu,3,13,
shekira (love live!),3,13,
potato ni natte iku (vocaloid),3,13,
yuukan club,3,13,
dela and hadou channel,3,13,
tutorial ga hajimaru mae ni,3,13,
neet girl date night,3,13,
sensei no ojikan,3,13,
dreaming mary,3,13,
salete,3,13,
mobile force gangaru,3,13,
love tora -love triangle-,3,13,
kaihou tokku gakuen enkou-bu,3,13,
shoujo kyouiku,3,13,
dragon egg,3,13,
homemaid,3,13,
atashi wa seikan kokka no eiyuu kishi!,3,13,
kyuuketsu hime no libra,3,13,
rolling sphere,3,13,
coffee wo shizuka ni,3,13,
let it die,3,13,
inside-games (media),3,13,
byakko no mori,3,13,
tapris sugar step,3,13,
eu sem voce (lilian),3,13,
pazudora (anime),3,13,
chu x pet,3,13,
daemon x machina,3,13,
hajimete no okaasan,3,13,
dungeon defense,3,13,
marvel future fight,3,13,
monogusa neneko no taida na tanteichou,3,13,
rivnes,3,13,
hero bank,3,13,
friends (aile),3,13,
type s: chiaki's journey,3,13,
ai love: koisuru otome wa kikai jikake,3,13,
revenge room,3,13,
ferrero,3,13,
ossan boukensha kane no zenkou,3,13,
mahou shoujo luna no sainan,3,13,
shoujo to toshi no sa futamawari.,3,13,
meganebu!,3,13,
midgard war chronicles,3,13,
hyakka ryouran elixir,3,13,
ore ga ikiru imi,3,13,
uta kumi 575,3,13,
magma taishi,3,13,
zettai jotei toshi,3,13,
ketsugou danshi:elements with emotions,3,13,
mahotama: mimikko hen,3,13,
summon night x,3,13,
baldr sky zero,3,13,
bokujou monogatari: futago no mura,3,13,
tiny dungeon,3,13,
kurai mirai,3,13,
girls made pudding,3,12,
cyborg 009 vs devilman,3,12,
casino royale,3,12,
tensei shitara slime datta ken: isekai memories,3,12,
agito: psychic war,3,12,
himekishi wa barbaroi no yome,3,12,"the barbarian's bride,the warrior princess and the barbaric king"
street fighter battle combination,3,12,
call of duty zombies,3,12,
vlc media player,3,12,
nanchoukei danshi ga taosenai (vocaloid),3,12,
tsubaki (circle),3,12,
doki doki onee-san,3,12,
idoldays,3,12,
monochrome days,3,12,
shisho to hasami to mijikai enpitsu,3,12,
chill with you: lo-fi story,3,12,
kamen rider geats: jyamato awaking,3,12,
fancy frontier 35,3,12,
mickey 17 (movie),3,12,
legend of the golden witch,3,12,
the talos principle (series),3,12,
yumeyume (vocaloid),3,12,
amakuchi collective,3,12,
mama sans of destiny,3,12,
peanut butter jelly time,3,12,
mega man zero (manga),3,12,
eiyuu fuufu no tsumetai shinkon seikatsu,3,12,
hypergryph,3,12,
abunai deka,3,12,
madan senki ryukendo,3,12,
moko moko box,3,12,
rockman.exe operate shooting star,3,12,
l.a. noire,3,12,
fantasista asuka,3,12,
x-com (classic),3,12,"ufo: enemy unknown,x-com: terror from the deep,x-com: ufo defense"
persona 6,3,12,
void stranger,3,12,
tame-lie-one-step (idolmaster),3,12,
gifted (vocaloid),3,12,
gundam tekketsu no orphans gekkou,3,12,
sakura-iro quartet,3,12,
trick or treat scooby-doo!,3,12,
balan wonderworld,3,12,
little witch in the woods,3,12,
usotsuki! gokuoo-kun,3,12,
shaman's sanctuary,3,12,
otsukare summer,3,12,
flipwitch - forbidden sex hex,3,12,
cake x bomb,3,12,
tsuihou sareta tensei juukishi wa game chishiki de musou suru,3,12,
all of us are dead,3,12,
meta runner,3,12,
ugo ugo ruuga,3,12,
busu ni hanataba wo.,3,12,
kuro hakubutsukan ghost and lady,3,12,
maoujou re:build!,3,12,
monster hunter 2,3,12,
kaikou (ttrpg scenario),3,12,
blue protocol: star resonance,3,12,
this game is not real,3,12,
curious george,3,12,
shinkisekai evolution,3,12,
after epochs (vocaloid),3,12,
musumejoku,3,12,
1000 yen cut no onee-san ni suite morau hon,3,12,
gumania (album),3,12,
ikki (game),3,12,
doctor strange (2016 movie),3,12,
onirism,3,12,
kaisei (vocaloid),3,12,
cardfight!! vanguard divinez,3,12,
level 1 dakedo unique skill de saikyou desu,3,12,
papa's gameria,3,12,
ultraman: the adventure begins,3,12,
shima shima tora no shimajirou,3,12,
buc-ee's,3,12,
comitia 153,3,12,
icarly,3,12,
sushi tabetai,3,12,
enjou gakuen 2,3,12,
choujinki metalder,3,12,
jane doe (song),3,12,
amanda the adventurer,3,12,
law of creation,3,12,
carnival (game),3,12,
ai mai! moe can change!,3,12,
iron lotus,3,12,
demetori,3,12,
spore (game),3,12,
barbie: fairytopia,3,12,
sex & violence with machspeed,3,12,
beatmania iidx 17 sirius,3,12,
torakapu!,3,12,
moon rabbit raising,3,12,
ruzhui,3,12,
boynextdoor,3,12,
tsuyo tsuyo strongest exercise (idolmaster),3,12,
new gods: yang jian,3,12,
carried away,3,12,
tachibanakan to lie angle,3,12,
torano tantei jimusho e youkoso,3,12,
303 goushitsu no kamisama,3,12,a deity stands with a ghost
the breakfast club,3,12,
hearken,3,12,
tarzan of the apes,3,12,
bucchigire!,3,12,
gamera: guardian of the universe,3,12,
14 days with you,3,12,
mindhack,3,12,
vvvtune,3,12,neptunia virtual stars
clan acacia,3,12,
ame demo hare demo,3,12,
108 demon kings,3,12,
destripando la historia,3,12,
super godzilla,3,12,
heroine wa tomodachi desu ka? koibito desu ka? soretomo tomefure desu ka?,3,12,
howling over the world (idolmaster),3,12,
drama queens,3,12,
nyotai kyouran,3,12,
idolmaster tours,3,12,
ralliart,3,12,
orphan (movie),3,12,
ryuu ga gotoku of the end,3,12,yakuza: dead souls
akuma no memumemu-chan,3,12,
taisetsu na mono (idolmaster),3,12,
wasure mono (vocaloid),3,12,
gate of dimension,3,12,
dearest blue,3,12,
trillion stage,3,12,
facing demons,3,12,
sicario,3,12,
akimeite ding dong dang! (idolmaster),3,12,
panyo panyo di gi charat,3,12,
bad dragon,3,12,
noumin kanren no skill bakka agetetara nazeka tsuyoku natta.,3,12,i've somehow gotten stronger when i improved my farm-related skills
yogen no nayuta,3,12,
diddy kong racing,3,12,
majo to kekkon nante suru mon ja nai!,3,12,
welcome home (arg),3,12,
dragon conqueror,3,12,
bitch ni natte new game! ~game to rendoushite real demo henkasuru ane no sugata~,3,12,
sei madou monogatari,3,12,
lunatic moonnight fantasy,3,12,
overflow (hentai),3,12,
wolfenstein: the old blood,3,12,
movie war 2010,3,12,
lord of vermilion 2,3,12,
british touring car championship,3,12,
samurai of oz,3,12,
open car girls,3,12,
menheramen (vocaloid),3,12,
kuro no shoukanshi,3,12,
ghost (1990 movie),3,12,
fancy frontier 18,3,12,
barbie and the diamond castle,3,12,
azur lane: crosswave,3,12,
astro note,3,12,
the punisher (1993 game),3,12,
oshikake! bakunyuu gal harem seikatsu,3,12,
kasshoku musume no latina-san ni ore no karada ga nerawarete iru,3,12,the dark brown latina girl is aiming for my body
carnival rhythm,3,12,
grazhdanskaya oborona,3,12,
amazing travel dna,3,12,
dear. mr f (zutomayo),3,12,
yumene connect,3,12,
a horny money world (houshou marine),3,12,
march of progress,3,12,
toshishita no senpai,3,12,
young animal (magazine),3,12,
fancy frontier 21,3,12,
succubus affection,3,12,
ateez,3,12,
kunoichi sekiren,3,12,
souten kouro,3,12,
ingoku no houkago,3,12,
monkey king: hero is back,3,12,
kirakano,3,12,
penny arcade,3,12,
finding paradise,3,12,
id software,3,12,
astroganger,3,12,
shrift (series),3,12,
kami no ue no mahou tsukai,3,12,
glass ball rejection,3,12,
adachi rei (avogado6),3,12,
zengaku!,3,12,
pearl jam,3,12,
star wars outlaws,3,12,
fantasy defense,3,12,
marmalade butcher (band),3,12,
black fox,3,12,
fukumenkei noise,3,12,
lepuslive,3,12,
command & conquer: tiberium wars,3,12,command and conquer: tiberium wars
vermis,3,12,
escaflowne (movie),3,12,
professional shigoto no ryuugi,3,12,
stargate sg-1,3,12,
slow downer (vocaloid),3,12,
mastodon (microblog),3,12,
emma's new life (comic),3,12,
kakuriyo no yadomeshi,3,12,
jagmo,3,12,
godzilla vs. gigan,3,12,godzilla vs gigan
say good-bye namida (love live!),3,12,
bonyuu-chan wa dashitai,3,12,
superbad (movie),3,12,
kibou no tsuki (vocaloid),3,12,
sugarcoat freaks,3,12,
zespri,3,12,
fable (series),3,12,
dragon village m,3,12,
kurikaeshi hitotsubu (vocaloid),3,12,
electric love (vocaloid),3,12,
aege-kai wo wataru hana-tachi,3,12,
i don't want this kind of hero,3,12,
unreal life,3,12,
don makila,3,12,
goodbye eternity,3,12,
fashion center shimamura,3,12,
kishida kyoudan & the akeboshi rockets,3,12,
mako-chan kaihatsu nikki,3,12,
ninja jajamaru-kun,3,12,
trivia no izumi,3,12,
yaojing authority,3,12,
silent hills,3,12,
ultraman saga (movie),3,12,
tora wa ryuu wo mada tabenai.,3,12,
kuroyuri no yakata,3,12,
code regalia,3,12,
mega man star force 4,3,12,
doctor-x,3,12,
legendary pictures,3,12,
killing floor 2,3,12,
new england patriots,3,12,
pripara: all idol perfect stage!,3,12,
sakana uo sakana,3,12,
gensokyo orb,3,12,
kafueine (cevio),3,12,
endless dream,3,12,
super ultra usagi rush!!,3,12,
fantasian,3,12,
yuusha seisen baan gaan,3,12,
almond blossoms (van gogh),3,12,
mix shake!! (love live!),3,12,
everything everywhere all at once,3,12,
dare ga yuusha wo koroshita ka,3,12,
shikigami no shiro ii,3,12,
youkai watch busters,3,12,
metal: hellsinger,3,12,
kotoba no obake ga mado kara miteiru (utau),3,12,
nijirushi,3,12,
the grim reaper who reaped my heart,3,12,
pinky and the brain,3,12,
maiko-san chi no makanai-san,3,12,
sekai to sekai no mannaka de,3,12,
wonderful waking world,3,12,
just shapes & beats,3,12,
repha (universe),3,12,
last life smp,3,12,
animelo summer live,3,12,
gongitsune (niimi nankichi),3,12,
seleri's lament,3,12,
justice league: the animated series,3,12,
hot fuzz,3,12,
avian romance,3,12,
rats smp,3,12,
curse neurosis (vocaloid),3,12,
"akogare no onee-sama ga ""imouto ni naritai"" tte amaete kurun dakedo!?",3,12,
awake (hoshimachi suisei),3,12,
douka ore wo houtteoitekure,3,12,
apex legends: pathfinder's quest,3,12,
corvette racing,3,12,
boku wa hatsune miku to kisu wo shita (vocaloid),3,12,
stainless night,3,12,
imigo no tamago (vocaloid),3,12,
moon white warrior,3,12,
ride kamens,3,12,
chanto suki tte ieru ko musou,3,12,
touhou jihen,3,12,
rainy girl (vocaloid),3,12,
badminton girls,3,12,
koi wa sotto saku hana no you ni,3,12,
trese,3,12,
oppo (company),3,12,
nippon sake monogatari,3,12,
ame wo tsugeru hyouryuu danchi,3,12,drifting home
mitski (copyright),3,12,
hanaichi monnme (zutomayo),3,12,
gal to kyouryuu,3,12,
legend: a dragon ball tale,3,12,
paintschainer (software),3,12,
nibelungenlied,3,12,
kujira no kora wa sajou ni utau,3,12,
power rangers (movie),3,12,
moonlight (movie),3,12,
kubo and the two strings,3,12,
boomerang fu,3,12,
mythbusters,3,12,
dragon age: absolution,3,12,
kaze hikaru,3,12,
disney fairies (book series),3,12,
rainbow six,3,12,
ring ni kakero,3,12,
white chicks,3,12,
warframe 1999,3,12,
planetary moe,3,12,
stalker x stalker,3,12,
virtuality project,3,12,
buddy complex: coupling in battlefield,3,12,
no logic (vocaloid),3,12,
tsuyokiss next shokaiban,3,12,
camp camp,3,12,
who? (vocaloid),3,12,
hyper universe,3,12,
chijo bitch,3,12,
anthrax (band),3,12,
bahamut crisis,3,12,
precure all stars new stage 2: kokoro no tomodachi,3,12,
konjiki no word master,3,12,
kenzen! hentai seikatsu no susume,3,12,
motorhead,3,12,
kimika-san no sweets match,3,12,
moero downhill night,3,12,
human party termination,3,12,
shounen brave (vocaloid),3,12,
time travel shoujo: mari waka to 8-nin no kagakusha-tachi,3,12,time travel girl
koihime enbu,3,12,
comm-nan no ore ga koushou skill ni zenfurishite tenseishita kekka,3,12,
starline,3,12,
comic megastore alpha,3,12,
medical record book,3,12,
valentine post,3,12,
hime-chan to maou,3,12,
otometale,3,12,
columbia pictures,3,12,
katsurahama aquarium,3,12,
villains are destined to die,3,12,agyeogui endingeun jugeumppun
maoujou no chef,3,12,
baldr bullet,3,12,
risdom,3,12,
la pucelle ragnarok,3,12,
anata no koto wo suki to iwasete,3,12,
one iced latte with your breast milk please!,3,12,
species domain,3,12,
ruri no ie,3,12,
tsuki hagi nightmare,3,12,
cell (card game),3,12,
120 en no haru,3,12,
tottemo e mahjong plus,3,12,
yagai gakushuu 2,3,12,
kimi ni aisarete itakatta,3,12,
rat rage,3,12,
gamera -rebirth-,3,12,
sei monmusu gakuen,3,12,
pixiv witch craft school,3,12,
ragnarok online saga: swordsman and the sealed sword,3,12,
zero no tsukaima: muma ga tsumugu yokaze no fantasy,3,12,
rhythm kaitou r,3,12,rhythm thief
cheerfull!,3,12,
kabu no isaki,3,12,
spree killer,3,12,
delta!,3,12,
doutoku no jukai (vocaloid),3,12,
sumeragi ryouko no bitch na 1 nichi,3,12,
soukyuu no soleil,3,12,
bin can darling,3,12,
triangle blue,3,12,
chuushaki 2,3,12,
mahou wa ameiro?,3,12,
crayon tulip,3,12,
maruku naru (vocaloid),3,12,
myspace,3,12,
yuusha 30,3,12,
10nen-buri ni saikai shita kusogaki wa seijun bishoujo jk ni seichou shite ita,3,12,
hana no kioku 4,3,12,
reincarnation shinsengumi,3,12,
dai sentai goggle v,3,12,
maliki,3,12,
celestial stones,3,12,
kasou kyoku (vocaloid),3,12,
choir!,3,12,
osukemo apartment (sawch cls),3,12,
total recall,3,12,
simple series,3,12,
requiem (mozart),3,12,
nikotte (utau),3,12,
choujin sentai baratack,3,12,
cultist simulator,3,12,
re-kan!,3,12,
ngk,3,12,
goshujin-sama daisuki,3,12,
heisei tanuki gassen ponpoko,3,12,
9 r.i.p.,3,12,
"s-kyuu gakuen no jishou ""futsuu"" kawaisugiru kanojotachi ni guigui korarete barebare desu.",3,12,
harem tengoku da to omottara yandere jigoku datta,3,12,
kumo no ito (story),3,12,
sugar bunny recipe,3,12,
kaiketsu zubat (series),3,12,
paradise kiss,3,12,
saikyou degarashi ouji no anyaku teii arasoi: munou wo enjiru ss rank ouji wa koui keishousen wo kage kara shihai suru,3,12,
ryoujoku guerilla gari 3,3,12,
akai shizuku,3,12,
ming zhan-lu,3,12,
winterz.,3,12,
smashing the battle,3,12,
succubus puttel,3,12,
hidamari,3,12,
airbus,3,12,
undead girl murder farce,3,12,
audrey (love live!),3,12,
vanishing starlight,3,12,
hoshoku hihoshoku (vocaloid),3,12,
bloody chronicles,3,12,
isekai karano nono,3,12,
super ledgehop: double laser,3,12,
blood bond,3,12,
princess sisters,3,12,
withers,3,12,
the ultraman (manga),3,12,
enjoy it! (love live!),3,12,
taiyoukei sf bouken taizen supeope!,3,12,
yawaraka sangokushi tsukisase!! ryofuko-chan,3,12,
netoge haijin sprechchor (vocaloid),3,12,
butsu zone,3,12,
school saimin paradise! ~sakki made zenzen suki janakatta no ni!?,3,12,
viper v8,3,12,
sonic advance 2,3,12,
want project,3,12,
phantom seer,3,12,
douyara boku no hanayome wa onna kishidan na you de,3,12,
priapu,3,12,
the black dragon,3,12,
yuina no ama ama zen koutei,3,12,
ojou-sama wa katai no ga osuki!,3,12,
midara na mahou tsukai to kyuuseishu,3,12,
seireiki rayblade,3,12,
roshutsu-kei mahou shoujo lovely lily,3,12,
glass no hana to kowasu sekai,3,12,
unsimulated incubator,3,12,
rizzoli & isles,3,12,
ju~nin kanri! ~10 nin no otome ni ai no te o~,3,12,
manga de wakaru shinryou naika,3,12,
aria (vocaloid),3,12,
toaru hikuushi e no tsuioku,3,12,
tokyo esp,3,12,
aomori tetsudou musume,3,12,
soukai no seiki,3,12,
choujou gattai tamenoboon v,3,12,
hadashi no gen,3,12,barefoot gen
material brave,3,12,
nep league,3,12,
magnolia (deemo),3,12,
school i,3,12,
rainbow sea,3,12,
shuuen no youjo eruru to shinazu no raiza,3,12,
dairy queen,3,12,
ayatsuri burumaa,3,12,
heavy rain,3,12,
shokuba shoujyo,3,12,
comic ino,3,12,
fetix!,3,12,
tower records cafe,3,12,
youkai watch 4,3,12,
tenshi no scanty,3,12,
kamen no goumonshi,3,12,
bakumatsu kikansetsu irohanihoheto,3,12,
tenerezza,3,12,
momiage wo shakaage wo,3,12,
kotenbu series,3,12,
terminator 3: rise of the machines,3,12,
ryonan musume club,3,12,
natsuiro no sunadokei,3,12,
rune lord,3,12,
white princess,3,12,
uncharted 2,3,12,
sodom no shima,3,12,
wild arms 2nd ignition,3,12,
duran duran,3,12,
gamest,3,12,
hana no kioku,3,12,
kaibutsu maid no kareinaru oshigoto,3,12,
hero rescue,3,12,
giniro no olynssis,3,12,
bon jovi,3,12,
sayonara memories (supercell),3,12,
capsule (hololive),3,12,
quantum protocol,3,12,
children of mana,3,12,
hana to otome ni shukufuku wo,3,12,
guwange,3,12,
photon,3,12,
kyuujou lovers,3,12,
tiny chao garden,3,12,
kimamani live,3,12,
bikini no housoku,3,12,
free friends 2,3,12,
dark lord (game),3,12,
oyome ni shinasai,3,12,
kenka banchou,3,12,
motto to love-ru,3,12,
carmilla (novel),3,12,
ano natsu no itsuka wa (vocaloid),3,12,
wana -hakudaku mamire no houkago-,3,12,
omae wo otaku ni shite yaru kara ore wo riajuu ni shite kure!,3,12,
maid in heaven supers,3,12,
big west,3,12,
shadow skill,3,12,
the fable,3,12,
iyashite agerun saiyuki,3,12,
petit roid 3,3,12,
club maniax,3,12,
end of a life (mori calliope),3,12,
ichido dake demo koukai shitemasu,3,12,i can't believe i slept with you!
layla (game),3,12,
funhaus,3,12,
expo2005,3,12,
reirei studio,3,12,
lightning legend,3,12,
comitia 157,3,12,
tamagotchi id,3,12,
koiyasumi ~yuudachi ni nureta osananajimi~,3,12,
resurgum (swav),3,12,
astral chronicles,3,12,
xcom: chimera squad,3,12,
shoya virgin night,3,12,
koiten production,3,12,
toriko no (series),3,12,
asatsugutori,3,12,
morinomiya healing house (vocaloid),3,12,
doraemon: nobita no himitsu dougu museum,3,12,doraemon: nobita's secret gadget museum
sony ericsson,3,12,
kibishii onna joushi ga koukousei ni modottara ore ni deredere suru riyuu,3,12,
vjidai,3,12,
mhjk (mos yen),3,12,
gekkou jourei,3,12,
last bronx,3,12,
cookie run: braverse,3,12,
iron man 2,3,12,
kimi ga tame.,3,12,
yuri de naru esupowaru,3,12,
hatsukoi no ehon (vocaloid),3,12,
yatogame-chan kansatsu nikki,3,12,
chilling devotion,3,12,
surgeon simulator,3,12,
bms of fighters,3,12,
parahumans,3,12,
kyokugen chikan tokuiten 3,3,12,
monmusu,3,12,
r/place,3,12,
the king of fighters ex,3,12,
dragon ball af,3,12,
siskon,3,12,
yamato gensouki,3,12,
ojousama wa h ga osuki,3,12,
battle spirits: heroes,3,12,
picsix,3,12,
touhou world cup,3,12,
yuuhi no mukougawa,3,12,
ganba no bouken,3,12,
mome! chichi shimai katei kyoushi 11nin,3,12,
datte daisuki damono,3,12,
maschera ~datenshi-shita kemono no doukoku~,3,12,
karasuma kyouko no jikenbo,3,12,
nagachichi nagai-san,3,12,
alien hominid,3,12,
big bang beat revolve,3,12,
bakunyuu kissa,3,12,
radwimps (band),3,12,
castlevania: grimoire of souls,3,12,
nbc,3,12,
level e,3,12,
hitou meguri,3,12,
alpacasso,3,12,
chikan sharyou ichigousha,3,12,
shangrlia,3,12,
koushin houjuu,3,12,
shikoku moe tai,3,12,
colorful (movie),3,12,
honey blonde,3,12,
dorvack,3,12,
metal skin panic madox-01,3,12,
sora wo miageru shoujo no hitomi ni utsuru sekai,3,12,
rondo leaflet,3,12,
mr. fullswing,3,12,
kasou genjitsu,3,12,
kiba (anime),3,12,
xiaolin showdown,3,12,
chi-ffon magic,3,12,
menkui!,3,12,
viper f50,3,12,
to...,3,12,
hininden gausu,3,12,
school x school,3,12,
nostradamus ni kiite miro,3,12,
yami no matsuei,3,12,
aka virtual,3,12,
yuuwaku senjo 2,3,12,
onikagura,3,12,
gravitation,3,12,
encyclopedia of living things,3,12,
kissx300,3,12,
friends (game),3,12,
nurse no obenkyou ouyouhen,3,12,
mega man xtreme,3,12,
okitsune summer,3,12,
tsujidou-san no virgin road,3,12,
cafe junkie,3,12,
velma (2023),3,12,
men at work! 2,3,12,
metalhead (ttrpg),3,12,
deokure tamer no sonohigurashi,3,12,
mandrake girls 2,3,12,
mr. showtime (vocaloid),3,12,
drake & josh,3,12,
alteil neo,3,12,
minnesota timberwolves,3,12,
nouriueno cracker (zutomayo),3,12,
ginga reppuu baxingar,3,12,
shinwa sousei rpg amadeus,3,12,
petit eva: evangelion@school,3,12,
waga himegimi ni eikan wo,3,12,
dr. luigi (game),3,12,
comitia 122,3,12,
colgen kowa,3,12,
yakunara mug cup mo,3,12,
bullet girls phantasia,3,12,
soma bringer,3,12,
hochiya-san wa amariaru,3,12,
m-1 grand prix,3,12,
bust a move,3,12,
wario land ii,3,12,
flight airplanes,3,12,
seifuku shoujo miseifuku,3,12,
kangoku senkan 3,3,12,
satanophany,3,12,
mega miracle force,3,12,
azuki-chan,3,12,
dawn of the breakers,3,12,
v-j day in times square,3,12,
halozy,3,12,
inspiration,3,12,
keyboardmania,3,12,
streets of rage 3,3,12,bare knuckle iii
thunderbirds (series),3,12,
gaia master,3,12,
naruto online,3,12,
ama mane,3,12,
otome ga musubu tsukiyo no kirameki,3,12,
vtubandfest,3,12,
marumaru shikaji ka,3,12,
dungeon & valkyrie,3,12,
dmm scratch,3,12,
tensei kunitori sex gassen!!,3,12,
kingdom saga,3,12,
anniverse,3,12,
the second coming of avarice,3,12,
zutto mae kara joshi deshita,3,12,
falara-unveiled,3,12,
yoku-oni,3,12,
kanojo wa ecchi de midara na hentai,3,12,
slave fantasy,3,12,
pixiv hogwarts,3,12,
futari to ippiki no tabi,3,12,
sengoku hime 7,3,12,
takarasagashi no natsuyasumi,3,12,
hitozuma kaji daikou service,3,12,
maou to odore! code:arcana,3,12,
z-kai: cross road,3,12,
abstract nonsense (vocaloid),3,12,
shidenkai no maki,3,12,
tokyo jitensha shoujo.,3,12,
neppuu kairiku bushiroad,3,12,
scramble fortune,3,12,
teikoku saikyou no kyonyuu onna kishi dan saimin seifuku,3,12,
root harem!,3,12,
tsukue otome.,3,12,
karakuri douji ultimo,3,12,
wrestle fight girls,3,12,
sankaku mado no sotogawa wa yoru,3,12,the night beyond the tricornered window
grimoire no shisho,3,12,
engage knights,3,12,
demons code,3,12,
walk on water,3,12,
yukkuri-tachi no cthulhu no yobikoe,3,12,
mahotama: sukumizu hen,3,12,
mahotama: buruma hen,3,12,
bokura wa mahou shounen,3,12,
saikoro psycho,3,12,
atelier elkrone,3,12,
ama-chan,3,12,
school boys!,3,12,
adachi rei (utau),3,11,
danmachi mizu to hikari no fururando,3,11,
stellaverse production,3,11,
soshite kimi wa tsuki ni natta (vocaloid),3,11,
fancy frontier 47,3,11,
s.k sound,3,11,
hypno (vocaloid),3,11,
onii-chan migite no shiyou wo kinshi shimasu!,3,11,
high class,3,11,
tokyo valkyries,3,11,
coquette (manga),3,11,
reset all controllers,3,11,
sharpnelsound,3,11,
diario magico (jago dibuja),3,11,
hayaku nigenakya (vocaloid),3,11,
fairy tail: ultimate dance of magic,3,11,
psyvariar 2,3,11,
back street girls: gokudolls,3,11,
final fight streetwise,3,11,
metal slader glory,3,11,
through patches of violet,3,11,
atatakakunaru,3,11,
le mal aime (intermarche),3,11,
loafi lofi,3,11,
sukatto! trouble busters,3,11,
tarot after dark,3,11,
everquest,3,11,
chunithm star,3,11,
iwashi to hiiragi,3,11,
ochaken,3,11,
the talos principle 1,3,11,
oban star-racers,3,11,
batman (1966),3,11,
hytale,3,11,
unikitty! (series),3,11,
hatsukoi time,3,11,
tetsunabe no jan!,3,11,
ameagari no iris (idolmaster),3,11,
nostalgia critic,3,11,
my dear lass,3,11,
vlife,3,11,
sugar flavor (idolmaster),3,11,
ijimete ijimerarete,3,11,
andy warhol,3,11,
life is strange: reunion,3,11,
bob the builder,3,11,
aono-kun ni sawaritai kara shinitai,3,11,
god of war laufey,3,11,
idoloid,3,11,
yasumi-chan,3,11,
hello baby (enjelicious),3,11,
twin quiet,3,11,
the sandman (game),3,11,
welch's,3,11,
shin honkaku mahou shoujo risuka,3,11,
dawn of the clans,3,11,
kaiteki live,3,11,
koukou jidai ni gouman datta joou-sama to no dousei seikatsu wa igaito igokochi ga warukunai,3,11,
string theocracy,3,11,
wish (manga),3,11,
miresi: invisible future,3,11,
red vs. blue,3,11,red vs blue
the fast and the furious: tokyo drift,3,11,fast & furious 3
mikake wa chou seiso na haraguro joshi ni moteasoberu hanashi,3,11,
richard d. james album,3,11,
wakacchainai ne (synthesizer v),3,11,
monochrome mobius,3,11,
contra iii: the alien wars,3,11,contra iii the alien wars
otomedia,3,11,
korekara dandan shiawase ni natte iku kowai onna joushi,3,11,
egloos,3,11,
white cat legend,3,11,da li si rizhi
house (1977),3,11,
senpai ninja to kouhai kunoichi,3,11,
sonic the hedgehog the screen saver,3,11,sonic the screen saver
kamiko (game),3,11,
twix,3,11,
enjou gakuen ~enjou joshi o shidou seyo!~,3,11,
dredd,3,11,
hypnosis mic: rhyme anima,3,11,
tsuma no haha,3,11,
weizhuang xuezha,3,11,
sayeonma,3,11,
flop era (vocaloid),3,11,
dinosaur (game),3,11,
bunbuku teapot,3,11,
ii ko to youko (ace studio),3,11,
silver link,3,11,
wild card (love live!),3,11,
hamilton (musical),3,11,
nine-tailed okitsune tale,3,11,
if the emperor had a text-to-speech device,3,11,
inkya no boku ni batsu game de kokuhakushitekita hazu no gyaru ga dou mitemo boku ni betabore desu,3,11,
the smiths,3,11,
cupcakes (my little pony),3,11,
san yue yu (vocaloid),3,11,
hell screen,3,11,
the secret of kells,3,11,
lazarus,3,11,
edelweiss (overdrive),3,11,
princess punt,3,11,
souchou-sama dekiai chuu ni tsuki.,3,11,
11gatsu no arcadia,3,11,
senno inori project,3,11,
dokidoki vampire,3,11,
komeiji satori no jousou kyouiku,3,11,
over the wall,3,11,
marine corps yumi,3,11,
taishi (musician),3,11,
sa ye,3,11,
step! (idolmaster),3,11,
mario party 1,3,11,
hyper yoyo accel,3,11,
metal max 2,3,11,
chupa shite ageru,3,11,
kishibe rohan ruuvuru e iku,3,11,
wizdoms no kemono-tachi,3,11,
idol mahou shoujo chiruchiru michiru,3,11,
miyuki (series),3,11,
3 second cooking,3,11,
banzai! digital trippers,3,11,
koakuma kanojo,3,11,
toudou-kun chi no maid shota,3,11,
pokecolo twin,3,11,
dog sees god,3,11,
kamen rider ryuki: episode final,3,11,
kendrick lamar (copyright),3,11,
mechatro wego,3,11,
wandering sword,3,11,
milia wars,3,11,
engage ~onee-sama to watashi~,3,11,
winx club (reboot),3,11,
abandoner the severed dreams,3,11,
miminashi houichi,3,11,
showkinkubi angel,3,11,
yume+,3,11,
dark cloud (game),3,11,
denkou choujin gridman: boys invent great hero,3,11,
itsuka furu yuki,3,11,
ish's state smp,3,11,
death (band),3,11,
ashita no kyouko-san,3,11,
blade skill online,3,11,
ame-comi girls,3,11,
onna kyoushi rinkan no kyoushitsu,3,11,
strangers (vocaloid),3,11,
enix,3,11,
kanchigai no atelier meister: eiyuu party no moto zatsuyougakari ga jitsu wa sentou igai ga sss rank datta to iu yoku aru hanashi,3,11,
isekai dungeon master onsen dungeon wo tsukuru,3,11,
kamisama ga machigaeru,3,11,
little kitty big city,3,11,
ring of gundam,3,11,
mizu chronicles,3,11,
kanpeki sugite kawaige ga nai to konyaku haki sareta seijo wa ringoku ni urareru,3,11,the too-perfect saint: tossed aside by my fiance and sold to another kingdom
izure saikyou no renkinjutsushi?,3,11,
the legend of the condor heroes,3,11,she diao ying xiong zhuan
kunitsu-gami: path of the goddess,3,11,
kameari shinkin bank,3,11,
copycat (vocaloid),3,11,
tokyo aliens,3,11,
enjou gakuen,3,11,
my house of horrors,3,11,
greatest freakout ever,3,11,
fancy frontier 38,3,11,
ctrl+alt+resign,3,11,
nagoya grampus,3,11,
don't do it mako-chan! mako sexy symphony,3,11,
power rangers dino thunder,3,11,
kurai mori no circus (vocaloid),3,11,
gacha club,3,11,
champaign of unfinished dreams,3,11,
kowareyasuki,3,11,
silent hill: downpour,3,11,silent hill downpour
battlefield v,3,11,
sanagi no heart,3,11,
seibu keisatsu,3,11,
dark summoner to dekite iru,3,11,i'm dating a dark summoner
barbie: princess charm school,3,11,barbie princess charm school
comitia 108,3,11,
atlanta braves,3,11,
top cat (series),3,11,
scapegoat (love live!),3,11,
omaera hayaku kekkon shiro yo!,3,11,
saikin kono sekai wa watashi dake no mono ni narimashita,3,11,
ancient aliens,3,11,
love me do,3,11,
x-men: children of the atom,3,11,
blocker gundan 4 machine blaster,3,11,
haruka tooki ie,3,11,
takara live,3,11,
uchuu keiji sharivan,3,11,
mamotte! lollipop,3,11,
chou no yume,3,11,
inanimate insanity,3,11,
n.w.a,3,11,
robihachi,3,11,
ultraman tiga & ultraman dyna: hikari no hoshi no senshi-tachi,3,11,
flip flop ~innocence overclock~,3,11,
earth music & ecology,3,11,
hitozuma saimin conveni nikubenki kouhen,3,11,
whataburger,3,11,
tsuyokiss: cool x sweet,3,11,
the shadow over innsmouth,3,11,
akyuu's untouched score,3,11,
umbraclaw,3,11,
ponkotsu kawaii mamiya-san,3,11,
doo natten yo? (synthesizer v),3,11,donut end (synthesizer v)
jag-eobsil talchul! acha ctrl s!!,3,11,
mahou shoujo no karei naru yosei,3,11,
comitia 146,3,11,
reantlers,3,11,
ishoujo,3,11,
hina no mama ja dame desu ka?,3,11,
tetrodotoxin (utau),3,11,
the art of war,3,11,
freedom (ado),3,11,
water margin,3,11,"outlaws of the marsh,shui hu zhuan"
shikiyoku musou,3,11,
princess knight balzan,3,11,
kare to watashi to tenchou no shinya kinmu,3,11,
shinzou ningen casshern,3,11,neo-human casshern
alien 3,3,11,
pretty fundoshi akuma len (vocaloid),3,11,
rem (love live!),3,11,
heat guy j,3,11,
toy story 3,3,11,
this guy (suyohara),3,11,
i-live,3,11,
wuwei you chu you hai wu,3,11,
somali to mori no kami-sama,3,11,somali and the forest spirit
cool poko,3,11,
matazoro.,3,11,
mushroom mother (vocaloid),3,11,
memri tv,3,11,
kimi no katana ga oreru made,3,11,
blaze and blade,3,11,
ben & jerry's,3,11,
m meets girl,3,11,
pokemon the movie: genesect and the legend awakened,3,11,pokemon m16
ha? omae honto maji omae wakattenee wa maji de ittan toriaezu kike tte maji (utau),3,11,
boku to kanojo (joi) no shinsatsu nisshi,3,11,
the lighthouse,3,11,
affection addiction (synthesizer v),3,11,
shrek 5,3,11,
melty blood: twi-lumina,3,11,
elric of melnibone (series),3,11,
at the mountains of madness,3,11,
narcos,3,11,
sister lesson,3,11,
lovense,3,11,
mairieux (vocaloid),3,11,
pocket no monster (vocaloid),3,11,
the spectacular spider-man,3,11,
plateau no hana (vocaloid),3,11,
the nerv white paper,3,11,
abzu,3,11,
yukue shirezu (ado),3,11,
binomi (vocaloid),3,11,
reincarnation of the suicidal battle god,3,11,
shuuten no saki ga aru to suru naraba (tuyu),3,11,
watashi no blue garnet,3,11,
thor: love and thunder,3,11,
urahara (anime),3,11,
my little pony (g1),3,11,
tokyo jihen,3,11,
5201314 (love live!),3,11,
midara ni aegu nananin no yobai suru harame,3,11,
sakura ganbaru!,3,11,
kamen rider gavv: graduations,3,11,
komorebi no kuni,3,11,
perrine monogatari,3,11,
gentoo,3,11,
sonic free riders,3,11,
sonic rivals 2,3,11,
shinkaigyo no anko-san,3,11,
soul'd out,3,11,
baishe: yuanqi,3,11,white snake (2019 movie)
hitoyori xx,3,11,
sing & smile!! (love live!),3,11,
full volume,3,11,
scott pilgrim vs the world (game),3,11,
comiket 70,3,11,c70
houkago soine club,3,11,
mario kart ds,3,11,
baraou no souretsu,3,11,
samurai maiden,3,11,
ultimate senpai (vocaloid),3,11,
lemon demon,3,11,
demon lord (vocaloid),3,11,
violence jack,3,11,
domu (manga),3,11,
surechigai meikyuu,3,11,
super castlevania iv,3,11,
ashita hadashi de koi,3,11,
trolls (series),3,11,
jk elf no isekai ninkatsu,3,11,
nakigara no tori,3,11,
toaru ikka no tea party (vocaloid),3,11,
roman mythology,3,11,
crest (music circle),3,11,
clearlemel,3,11,
deeeer simulator,3,11,
cynicality (voiceroid),3,11,
comic reboot,3,11,
omajinai (synthesizer v),3,11,
samurai usagi,3,11,
natsuiro ramune,3,11,
space funeral,3,11,
noatopia ~kibou no monogatari~,3,11,
dynamic chord,3,11,
vegetable garden of twins,3,11,
ai kiss 2,3,11,
power rangers in space,3,11,
devil may cry 2 (novel),3,11,
park harajuku: crisis team!,3,11,
onii-chan daisuki!,3,11,
magical angel fairy heart,3,11,
fighting girl sakura-r,3,11,
nidoto jidori okutte yannai,3,11,
midnight club (game series),3,11,
eieisa (love live!),3,11,
something is killing the children,3,11,
forrest gump,3,11,
tetsuwan atom (1980),3,11,
koi koi 7,3,11,
shin-kun no fuuzoku oshigoto nikki,3,11,
torikago no marriage,3,11,
yuuutsu-kun to succubus-san,3,11,
qvc,3,11,
kita e. diamond dust drops,3,11,
highfleet,3,11,
kuusou ressha (vocaloid),3,11,
the cleveland show,3,11,
team fortress classic,3,11,
baby shark (song),3,11,
nailong,3,11,
everyday by day,3,11,
shihai no kyoudan 2,3,11,
fukushuu kyoushitsu,3,11,
tricolore airline (vocaloid),3,11,
yukino memories,3,11,
bitch na ano musume ni seikatsu shidou!,3,11,
14-sai to illustrator,3,11,
ne no kami,3,11,
rinjin ni kowasareteiku ore no tsuma,3,11,
circle crusher no ano ko boku ga kidoku through kimetara donna kao suru darou,3,11,
kaze no anthem (eve),3,11,
yuusei tenshi primaveil drei,3,11,
kenka banchou otome,3,11,
akiba's trip 1,3,11,
koku gensou wo item cheat de ikinuku,3,11,
mars attacks!,3,11,
himajin maou no sugata de isekai e,3,11,
boku no daisuki na oba-san,3,11,
jyp entertainment,3,11,
mario sports superstars,3,11,
will o' wisp (game),3,11,
brave dungeon,3,11,
peassoft,3,11,
futari wa milky holmes,3,11,
kouklotheatro,3,11,
karneval,3,11,
sister scheme 3,3,11,
war of ashird,3,11,
the guts! -maximum maternity-,3,11,
scarlet blade,3,11,
hinamizawa teiryuujo,3,11,
mimi (orbit),3,11,
natsu no kemono (manga),3,11,
macademix,3,11,
yume wo,3,11,
voice fes 2012,3,11,
handmade potion,3,11,
furyou ni hamerarete jusei suru kyonyuu okaa-san,3,11,
tentacle bento,3,11,
ginga shippuu sasuraiger,3,11,
miscellaneous oxymoron,3,11,
ragna cross,3,11,
juken no hime no overkill,3,11,
abarenbo shogun,3,11,
oretachi majikou destroy,3,11,
chouriki robo galatt,3,11,
ijitte princess,3,11,
hitonatsu no,3,11,
summer radish vacation,3,11,
suzumiya keimu shoukan,3,11,
ouka sengoku,3,11,
out of eden (vocaloid),3,11,
alivez,3,11,
enkaku sousa ~mitsuniku ni umekomareta remocon vibe~,3,11,
mai favourite,3,11,
densan rengou kantai teitoku ouka,3,11,
sakuranbo kaigan,3,11,
2002 fifa world cup,3,11,
yumeiro happy end,3,11,
branmarker,3,11,
memory's dogma,3,11,
tenkei paradox,3,11,
memento marchen,3,11,
end of the line (unspoken),3,11,
mujihina akuyaku kizoku ni tensei shita boku wa shouaku mahou wo kushi shite mahou sekai no chouten ni tatsu,3,11,
tonari no figure genkeishi,3,11,
chaos blade (oratta),3,11,
haikei natsu ni oboreru (vocaloid),3,11,
the proud family,3,11,
aspire (love live!),3,11,
kare wa meikyuu no annainin,3,11,
wakusei loop (vocaloid),3,11,
neon genesis evangelion typing project-e,3,11,
pretear,3,11,
raystorm,3,11,
ediya coffee,3,11,
machikado-mapoze,3,11,
q bert,3,11,
utau bot (utau),3,11,
kokuhaku black rubbers,3,11,
choukyourankou,3,11,
junior high school dxd,3,11,
ookumo-chan flashback,3,11,
metropolis (fritz lang),3,11,
mario superstar baseball,3,11,
the 7d,3,11,
kami kuzu idol,3,11,
gekiganger 3,3,11,
koko wa shinrin kaitaku honbu! ~yousei no genkai shuuraku~,3,11,
arma 3,3,11,
sakura taisen: kanade-gumi,3,11,
beyond evil,3,11,
duracell,3,11,
against the gods,3,11,
infinity souls,3,11,
pixiv mein schatzli!,3,11,
tokyo 24-ku,3,11,tokyo 24th ward
black channel,3,11,
lost noah,3,11,
pure project,3,11,
mewkledreamy mix!,3,11,
lady justice (series),3,11,
sms fantasy,3,11,
kuma uta,3,11,
the wandering inn,3,11,
mugen kouro,3,11,infinite space
asgard no seiten,3,11,
alice drive,3,11,
senpai jitaku keibiin no koyou wa ikaga desu ka,3,11,
obsolete,3,11,
tantei monogatari,3,11,
magan and danai,3,11,
sakura santa,3,11,
wine girls,3,11,
eratoho,3,11,
kirby: nightmare in dream land,3,11,
maggot baits,3,11,
steinway & sons,3,11,
idle heroes,3,11,
ten little indians,3,11,
rustfiends,3,11,
dokuritsu gakuen kokka no heroic slayer,3,11,
rawtime,3,11,
dai seisen! valkyrie saga,3,11,
kyoto teramachi sanjo no holmes,3,11,holmes of kyoto
first touch,3,11,
kyonyuu elf oyako saimin,3,11,
kagura kenbu no aerial,3,11,
kimi ijou boku miman (vocaloid),3,11,
oomune maou-sama no hon,3,11,
tokubetsu kougi,3,11,
iconic field,3,11,
sonic wings,3,11,
gotou-san to kishida-san,3,11,
interstys: battle frontier,3,11,
heartful maman,3,11,
kokoyori haruka -surrounded sea in the world-,3,11,
d-kyuu boukensha no ore nazeka yuusha party ni kanyuu sareta ageku oujo ni tsukimatowareteru,3,11,
moeru! vampire jiten,3,11,
chirality,3,11,
natsuiro otome,3,11,
comic bazooka,3,11,
otome ga tsumugu koi no canvas,3,11,
orfleurs,3,11,
boku to kanojo no game sensou,3,11,
fetish 2: ura no kioku,3,11,
gakuen shinsengumi,3,11,
false idylls,3,11,
yutori-chan,3,11,
yoru wa neko to issho,3,11,nights with a cat
sundome,3,11,
mama wa shougaku yonensei,3,11,
bitter smile,3,11,
sate game guard o kouryaku shiyou ka.,3,11,
harahara shichau!,3,11,
b't x,3,11,
natsuiro ~hoshifuru kohan no natsuyasumi~,3,11,
champion red ichigo,3,11,
doki doki sister paradise,3,11,
without within,3,11,
crystal dew world,3,11,
bifronte,3,11,
star melody yumemi dreamer,3,11,
monster hunter g,3,11,
tsukumonotsuki,3,11,
double k,3,11,
momiji to one room,3,11,
piece a part,3,11,
youkya na kanojo ha kyorikan ga bugtteiru,3,11,
ghost recon,3,11,
petit monster,3,11,
d4 princess,3,11,
aun no beats (vocaloid),3,11,
shabake,3,11,
darling,3,11,
sakuraba channel,3,11,
real eroge situation!,3,11,
elf wa yoru wo omachikane,3,11,
mario & wario,3,11,
id rebirth session,3,11,
joutai ijou kanojo (vocaloid),3,11,status effect: girlfriend (vocaloid)
bingo (game),3,11,
wanderer above the sea of fog,3,11,
backstage (tjr),3,11,
panzer paladin,3,11,
heart ni q (love live!),3,11,
thrasher magazine,3,11,
a dance of fire and ice,3,11,
otome (riddle soft),3,11,
argento soma,3,11,
shigatsu tsuitachi no ame,3,11,
shadow effect (love live!),3,11,
gemtrader story,3,11,
mayhem (band),3,11,
gogo 4-ji toumei tokidoki seiyuu,3,11,
lost and found (vocaloid),3,11,
teaka mamire no fukushuu,3,11,
clan entertainment,3,11,
fairy dust,3,11,
e-login,3,11,
houston astros,3,11,
perfect sekai,3,11,
pocket love,3,11,
r.u.r.u.r,3,11,
mahou shoujo pretty bell,3,11,
tetsu to ra,3,11,
sexy airlines,3,11,
rise of girls,3,11,
gakuen millionaire hyakuman'en game,3,11,
skylessia,3,11,
infection,3,11,
dulce report,3,11,
shiritsu akihabara gakuen,3,11,
hokuto musou,3,11,
just a game (vocaloid),3,11,
engage links,3,11,
se-fukubu,3,11,
lily's journey,3,11,
saga: scarlet grace,3,11,
virgin punk,3,11,
my fair lady,3,11,
ikemen ooku,3,11,
enter the dragon,3,11,
sasami mahou shoujo club,3,11,
mashou no nie,3,11,
dragon quest roto no monshou,3,11,
yoru no umi de otsukisama wo tsuru,3,11,
quadrop!,3,11,
gun frontier (western),3,11,
taiyou no orgel,3,11,
shoujo jigoku no doku musume,3,11,
gunhed,3,11,
chrono (series),3,11,
revelation online,3,11,
hakobako player (vocaloid),3,11,
koiito kinenbi,3,11,
phoenotopia: awakening,3,11,
the bends (radiohead),3,11,
kurotsuki no jerknacht,3,11,
princess knight noah,3,11,
content warning (game),3,11,
egoist (vocaloid),3,11,
world end eclipse,3,11,
cavico models,3,11,
star citizen,3,11,
shing!,3,11,
nipponbashi project,3,11,
ryoute ni imouto docchi wo erande kuremasuka,3,11,
seventh star,3,11,
refind self: the personality test game,3,11,
chouseishin series,3,11,
mado no mukougawa,3,11,
harumi nation,3,11,
alteil battle rpg,3,11,
efs,3,11,
hikyou sentai urotander (vocaloid),3,11,
hello nostradamus (vocaloid),3,11,
maid bride,3,11,
glare (vocaloid),3,11,
petit hound,3,11,
tsunagaru bangle,3,11,
f(x),3,11,
annyeong we are peanuts,3,11,
botepuri kanda family,3,11,
elisabeth (musical),3,11,
ka no sora,3,11,
wuu ji saanguo,3,11,
super robot gakuen,3,11,
iczer reborn,3,11,
wixoss re/verse,3,11,
gundam ms generation,3,11,
sengoku shura soul,3,11,
gundam high streamer,3,11,
zhe tian,3,11,
burning rangers,3,11,
sakimidare,3,11,
morita-san wa mukuchi,3,11,
tenpou ibun ayakashi ayashi,3,11,ghost slayers ayashi
private emotion,3,11,
comic mujin,3,11,
spyro reignited trilogy,3,11,
lolita anime,3,11,
crescendo,3,11,
hime dorei,3,11,
hoshigami,3,11,
datsui mahjong battle royal 48,3,11,
mama love,3,11,
sailor-fuku to kikanjuu,3,11,
concerto note,3,11,
yami no koe,3,11,
oliver & company,3,11,
forsaken world,3,11,
monochrome (game),3,11,
ikusa otome suvia,3,11,
ai no katachi,3,11,
maids in dream,3,11,
dc inside,3,11,
kuro (manga),3,11,
sweet dreams,3,11,
kazoku koukan,3,11,
honto ni atta! reibai-sensei,3,11,
apocripha/0,3,11,
igpx,3,11,
doki doki study,3,11,
metal gear acid 2,3,11,
natsu shoujo,3,11,
ghost hunt,3,11,
yuuhi romance,3,11,
sayorana etranger,3,11,
atelier lilie another story,3,11,
akan mou muchakucha ni shite,3,11,
earth girl arjuna,3,11,
kamatte shinsotsu-chan ga maikai sasotte kuru,3,11,
saotome shimai wa manga no tame nara,3,11,
tekkon kinkreet,3,11,
pigeon blood,3,11,
s na kanojo,3,11,
luna sora,3,11,
heavenly sword,3,11,
psycho armor govarian,3,11,
peter pan no bouken,3,11,
elle to takara,3,11,
atomic betty,3,11,
starduster (vocaloid),3,11,
goldeneye 007,3,11,
zettai zecchou seiki no dai-hatsumei!!,3,11,
zanjibaru,3,11,
steel battalion,3,11,
sevens story,3,11,
tepco,3,11,
parties are for losers,3,11,
around the fur,3,11,
agarishou (synthesizer v),3,11,
foo fighters (band),3,11,
sweet paprika (series),3,11,
amae sasete hinamori-san!,3,11,
gex (series),3,11,
gwave,3,11,
the academy awards,3,11,the oscars
chijoku no seifuku,3,11,
isekai frontline,3,11,
the anime (magazine),3,11,
koku haku lovers,3,11,
sensitive pornograph,3,11,
kyonyuu seido kaichou chijoku no hakudaku kuro tights,3,11,
gekkou kamen (series),3,11,
bakumatsu rock,3,11,
tomodachi ijou koibito miman,3,11,
senkou no ronde duo,3,11,
tetsujin 28-gou (2004),3,11,
shouhou shoujo fairy era,3,11,
saimin datsujo 3,3,11,
luxurious club: seraphinite affection,3,11,
neo steam,3,11,
assassin's creed: rogue,3,11,
sakura no mori dreamers,3,11,
hai wa hai ni (vocaloid),3,11,
yanari no koibito,3,11,
harmony gold,3,11,
riajuu classmate haramase saimin,3,11,
pictlogica final fantasy,3,11,
sensei wa koi wo oshierarenai,3,11,
metal gear solid: portable ops,3,11,metal gear solid portable ops
edge of tomorrow,3,11,
pyuu to fuku! jaguar: ashita no jump,3,11,
cyberpunk bad girls,3,11,
hime to in'yoku no testament,3,11,
power rangers turbo,3,11,
melty moment,3,11,
doko yori mo tooi basho ni iru kimi e,3,11,to you in the beyond
dragon knight (elf),3,11,
kaihou shoujo,3,11,liberation maiden
evening starter,3,11,
boku no kanojo ga majimesugiru shojo bitch na ken,3,11,
zakoeshi-chan nikki,3,11,
nazeka gakkou ichi no bishoujo ga yasumi jikan no tabi ni botchi no ore ni hanashikakete kurunda ga,3,11,
the rescuers,3,11,
no da (vocaloid),3,11,
revice legacy: kamen rider vail,3,11,
cutlery (vocaloid),3,11,
pokapoka no hoshi (vocaloid),3,11,
the big lebowski,3,11,
girls planet 999,3,11,
eigou no venus gear,3,11,
panic!! kerokero kingdom,3,11,
tales of erin,3,11,
jk futago no irojikake,3,11,
sugar apple fairy tale,3,11,
babel (idolmaster),3,11,
nerds (candy),3,11,
5th republic (2005 korean drama),3,11,
murakumo: renegade mech pursuit,3,11,
hime to aiyoku no sacrifice,3,11,
uragirareta s-rank boukensha no ore wa aisuru dorei no kanojora to tomo ni dorei dake no harem guild wo tsukuru,3,11,
loca love,3,11,
echo of soul,3,11,
rebless,3,11,
choujigen action neptune u,3,11,hyperdimension neptunia u: action unleashed
demon busters,3,11,
angel rock:feel girls emotion,3,11,
chrono brigade,3,11,
maximum ride,3,11,
kokuhaku biyori desu!,3,11,
daraku royal seishoujo,3,11,
fancy frontier,3,11,
gigai no alruna,3,11,
yamizome revenger,3,11,
trans america ultra quiz,3,11,
the man in the high castle,3,11,
magatsu wahrheit,3,11,
million yaanyi,3,11,
unlimited vs,3,11,
chichiiro toiki,3,11,
crimson girls,3,11,
vr eroge yattetara isekai ni tensei shita no de bishoujo maou wo doreika suru ~cross out saber~,3,11,
aru hi otouto ga nozokimita no wa furyou-tachi ni konsui rape sareru daisuki datta ane no sugata datta,3,11,
shin nozoki ma 2,3,11,
comic plum dx,3,11,
chicago cubs,3,11,
saimin counselor,3,11,
candy & cigarettes,3,11,
shotamane boku ga manager ni natta wake,3,11,
overhit,3,11,
momoiro seiheki kaihou sengen!,3,11,
miira no kaikata,3,11,how to keep a mummy
hanayome to maou,3,11,
lovely pop mahjong jangjang shimasho,3,11,
magical girl noir quest,3,11,
migi to dali,3,11,
haunted campus,3,11,
milizian!,3,11,
wuchang: fallen feathers,3,11,
demon master chris,3,11,
jokei kazoku iii,3,11,
natsukumo yururu,3,11,
the dunwich horror,3,11,
pixiv automata,3,11,
kirakira production,3,11,
shin ken to mahou to gakuen mono: toki no gakuen,3,11,
af bunko,3,11,
let's la go! bokura no jiyuu kenkyuu,3,11,
ikkakujuu no teiseki,3,11,
monster hunter portable,3,11,
saboten store,3,11,
hawken,3,11,
das kapital,3,10,
melanie martinez (musician),3,10,
masshiroi page to suisai no shujinkou (idolmaster),3,10,
fuemaki story,3,10,
evolution smp,3,10,
just roll with it: riptide,3,10,
youkai tengoku reikai meiro book,3,10,
ayame-mura kitan,3,10,
jakusha no march (synthesizer v),3,10,
scream (song),3,10,
succubus academia,3,10,
equestria girls: legend of everfree,3,10,
goblin slayer: the endless revenge,3,10,
iris the dropout witch and the philosopher's stone,3,10,
paddington,3,10,
mermay 2025,3,10,
are maids love?,3,10,
rokudenashi (band),3,10,
kaidan shin mimibukuro,3,10,tales of terror from tokyo and all over japan
xuan-yuan sword iii gaiden: the scar of sky,3,10,
rironbusou shite (idolmaster),3,10,
mugen live,3,10,
voez,3,10,
yachiru-san wa homeru to nobiru,3,10,
the nutshack,3,10,
aepro corp,3,10,
sangoku drive,3,10,
becoming a magic school mage,3,10,
shippaisaku shoujo (vocaloid),3,10,
himatsubushi-hen,3,10,
la trahison des images,3,10,"the treachery of images,this is not a pipe"
fancy frontier 37,3,10,
lifelover (band),3,10,
hello (deco27),3,10,
nihil-san (vocaloid),3,10,
udonge in interspecies cave,3,10,
avata star sue,3,10,
jiggie.fun,3,10,
irotoridori no hikari,3,10,
pinkie cooper and the jet set pets,3,10,
let's just crash (gachiakuta),3,10,
eiyuden chronicle: hundred heroes,3,10,
gingira paradise,3,10,
godzilla minus zero,3,10,
heart attack (loona),3,10,
ningyou no yakata,3,10,
monty python's life of brian,3,10,
tengai makyou ii,3,10,
maku wo orosou parade e (neutrino),3,10,
darkest dungeon ii,3,10,
from russia with love,3,10,
under siege,3,10,
evolve (game),3,10,
become fumo,3,10,
image comics,3,10,
hisamitsu,3,10,
dio (band),3,10,
ayamelluxie,3,10,
microsoft teams,3,10,
sukisugite metsu! (m!lk),3,10,
zhangmen tai mang,3,10,
saishuu chikan densha 3,3,10,
megami tensei (famicom),3,10,
star wars: republic commando,3,10,
kamigakari (ttrpg),3,10,
kirby's pinball land,3,10,
tomy company ltd.,3,10,
madonna (singer),3,10,
ragnarok battle offline,3,10,
kindan no byoutou,3,10,
kyouren no utage,3,10,
j.a.k.q. dengekitai,3,10,
dekoboko quartet,3,10,
ripple island,3,10,
neutral,3,10,
hip hip hooray! (love live!),3,10,
magnetic (illit),3,10,
idle epic angels of fate,3,10,
kinitopet,3,10,
android girl (vocaloid),3,10,
the devil wears prada,3,10,
lost kitten (metric),3,10,
shinitagari (vocaloid),3,10,
dragonfable,3,10,dragon fable
spot zero,3,10,
over over (love live!),3,10,
epic of gilgamesh,3,10,
mamagoto,3,10,
paranormasight: the mermaid's curse,3,10,
power pro-kun pocket 3,3,10,
life goes on ~jinsei wa tsuzuku~,3,10,
valtra,3,10,
hana ni arashi (kobachi ruka),3,10,rainbows after storms
project releum,3,10,
go! princess precure go! go!! gouka 3-bon date!!!,3,10,
nikolai gogol,3,10,
general mills,3,10,
hello sekai (vocaloid),3,10,
oronamin c drink,3,10,
isekai ni ten'i shitara bishoujo koujo to kekkon shite koutei ni natta node nonbiri harem seikatsu wo tanoshimimasu,3,10,
tianya ke,3,10,
kokoro to iu na no fukakai,3,10,
monster (fighting game),3,10,
0.000000001% derenai shiroi neko,3,10,0.000000001 percent derenai shiroi neko
ultraman tiga ultraman dyna & ultraman gaia: cho jiku no dai kessen,3,10,
vagabonds,3,10,
remilore ~shoujo to isekai to madousho~,3,10,
wakakusa monogatari nan to jou sensei,3,10,
last mile,3,10,
little red hood,3,10,
gotham knights,3,10,
amatsuki mahjong,3,10,
fever night (hololive),3,10,
dead end chocolate (vocaloid),3,10,
batsubyou (vocaloid),3,10,
risou no himo seikatsu,3,10,the ideal sponger life
smile on rainbow flower!!,3,10,
crystal crown,3,10,
pasiphae project,3,10,
shounin yuusha wa isekai wo gyuujiru,3,10,
formula 3,3,10,
framers vtuber project,3,10,
mr. a's farm,3,10,
bunny games,3,10,
youkai douchuuki,3,10,
dress select (manga),3,10,
uekano days,3,10,
nakanaka kishou na mitsuya-san,3,10,
meng renjian,3,10,
hiveswap,3,10,
watashitachi fake marriage?,3,10,
clip studio paint (copyright),3,10,
everywhere at the end of time,3,10,
he~nshin!! sonata birdie rush,3,10,
tropicana,3,10,
honoo no haramase doukyuusei,3,10,
futago to sensei,3,10,
sns de daininki na layer ga watashi wo sasotte off-pako no hanashi.,3,10,
kore ga mahoutsukai no kirifuda,3,10,
hextreaming,3,10,
final destination (movie),3,10,
illusion live,3,10,
hime kishi-sama no himo,3,10,the kept man of the princess knight
instant heaven (nanawo akari),3,10,
kashiwa reysol,3,10,
donkey kong country: tropical freeze,3,10,
omoi dezaka,3,10,
dragon quest monsters joker 3,3,10,
code geass: pule almaria,3,10,
the cockpit (ova),3,10,
you are my destiny,3,10,
onna kyoushi,3,10,
unseen immortal of three hundred years,3,10,
hero - akagi no ishi wo tsugu otoko,3,10,
dark deception,3,10,
beatmania iidx 6th style,3,10,
aka manto (chilla's art),3,10,
senkou no kishi,3,10,
ren'ai kateikyoushi rurumi coordinate!,3,10,
belfort and lupin,3,10,
ferngully: the last rainforest,3,10,
need for speed: carbon,3,10,
enchanted,3,10,
eight marbles,3,10,
kitto seishun ga kikoeru,3,10,
watashi ni hanataba,3,10,
the lone ranger,3,10,
google doodles,3,10,
fuwa fuwari (love live!),3,10,
naixue,3,10,
incredibles 2,3,10,
mein kampf,3,10,
cho kamen rider den-o & decade neo generations: the onigashima warship,3,10,
turok,3,10,
yuri no ma ni hasamareta watashi ga ikioi de futamata shite shimatta hanashi,3,10,yuri tama: from third wheel to trifecta
action comics,3,10,
party animals,3,10,
fight league,3,10,
yannacchau! (synthesizer v),3,10,feel empty! (synthesizer v)
ufo (1970 tv series),3,10,
kashikoi ken rilienthal,3,10,
hitman's wife's bodyguard,3,10,
kiss kara hajimaru gyaru no koi,3,10,
birdman (series),3,10,
muta,3,10,
ms-dos,3,10,
koyoi mo neko-chan,3,10,
hearthside adventures,3,10,
houkago kitaku biyori,3,10,
treasure castle labyrinth,3,10,
angels blue,3,10,
gokujou!! mecha mote iinchou,3,10,
what a wonderful dream!!,3,10,
hello melancholic!,3,10,
2026 world baseball classic,3,10,
tokyo mew mew re-turn,3,10,
utsuranain desu,3,10,
kingdom hearts coded,3,10,
touhai,3,10,
haru no sekibaku (vocaloid),3,10,
ham (zutomayo),3,10,
glitchx,3,10,
aitsura zenin dousoukai (zutomayo),3,10,
hidarikiki no eren,3,10,
wandersong,3,10,
piggparty,3,10,
fancy frontier 20,3,10,
tada de wa dakaremasen,3,10,
flower fight,3,10,
hoodwinked,3,10,
moco's kitchen,3,10,
the abandoned empress,3,10,
wept-sama! hito o ijimecha ikemasen!,3,10,
fk crvena zvezda,3,10,
the man-machine,3,10,
king arthur: legends rise,3,10,
deichuu ni saku (vocaloid),3,10,
hakase (synthesizer v),3,10,
smile smile ship start!,3,10,
republic of gamers,3,10,
o gundam: hikari no newtype,3,10,
bad ass buddies,3,10,
queens,3,10,
banjo-tooie,3,10,
viper btr,3,10,
paihame family,3,10,
akuma no memochou,3,10,
lucid multimedia,3,10,
please please me,3,10,
himegoto - juukyuusai no seifuku,3,10,
smpearth,3,10,
i became an evolving space monster,3,10,
tsukiyo ni hibiku nocturne,3,10,
houston rockets,3,10,
tai ari deshita. ~ojou-sama wa kakutou game nante shinai~,3,10,young ladies don't play fighting games
battleline,3,10,
powered gear,3,10,
digimon world 2,3,10,
mahou shoujo prism shirley,3,10,
kiken na futari,3,10,
marchen star,3,10,
lightbringer,3,10,
milk crown on sonechka (vocaloid),3,10,
st. michael vanquishing satan,3,10,
sequel thirst,3,10,
denver nuggets,3,10,
ike! godman,3,10,
wholesome monster girl academia,3,10,
bleach: can't fear your own world,3,10,
wakako-zake,3,10,
digimon story,3,10,
garasu no mukuro,3,10,
under heroine (tuyu),3,10,
production ig,3,10,
dragon ball kai,3,10,
utada hikaru,3,10,
nonaka kokona no rec chuu!,3,10,
need for speed: hot pursuit (2010),3,10,
taidada (zutomayo),3,10,
red flags (song),3,10,
kawaisugi crisis,3,10,too cute crisis
alice in reitouko (vocaloid),3,10,
taiyou poka poka de kusa (cevio),3,10,
val x love,3,10,
kamen rider zero-one: real time,3,10,
treasure hunter claire,3,10,
comic kisshug,3,10,
unknown pleasures (album),3,10,
ryu's nonmonster cafe,3,10,
nichijo gumi,3,10,
the thing (2011),3,10,
toaru idol no accelerator-sama,3,10,
super robot monkey team hyperforce go!,3,10,
zip! (tv show),3,10,
raid: shadow legends,3,10,
tanoshii no tensai,3,10,
nisemono no renkinjutsushi,3,10,
usagi yojimbo,3,10,
sleepless,3,10,
kagai jugyou (shiritsu hakurei jyoshi gakuen),3,10,
sayonara princess (vocaloid),3,10,
blondie,3,10,
overlap bunko,3,10,
hajatenshi mina,3,10,
eroge no heroine wo netoru otoko ni tensei shitaga ore wa zettai ni netoranai,3,10,
be my baby (cream lemon),3,10,
suki to suki to de sankaku ren'ai,3,10,
all night radio,3,10,
space channel 5: kinda funky news flash!,3,10,
dragon shadow spell,3,10,
senobi shitatte,3,10,
soushokukei na succubus da kedo ecchi na lesson shite kuremasu ka?,3,10,
vserendy,3,10,
wolfenstein 3d,3,10,
popucom,3,10,
flex tape,3,10,
rpg magazine,3,10,
tawawa oku-san x happening gym,3,10,
supergroupies,3,10,
uramichi onii-san,3,10,
one piece: dead end adventure,3,10,
bishoujo mangekyou: katsute shoujo datta kimi e,3,10,
gyakushuu,3,10,
kinema-kan,3,10,
dark blue (game),3,10,
zettai tekitai mecha kiraiya (vocaloid),3,10,
hungry shark,3,10,
elevator hitch,3,10,
haramu made midare ike: migawari hanayome to gunpuku no mouai,3,10,
anittinha's club,3,10,
your forma,3,10,
bokura no houkago sensou!,3,10,
yuzukawa-san wa sasshite hoshii,3,10,
scarface,3,10,
tomoe mami no heibon na nichijou,3,10,
hydrangea (vocaloid),3,10,
friday night funkin' (d-sides),3,10,
sayonara yuurei mujingai,3,10,
kitto sumiwataru asairo yori mo,3,10,
renyu xianluo,3,10,
killing me!,3,10,
little women,3,10,
a princess of mars,3,10,
alpha (game),3,10,
batman justice buster,3,10,
re birthday (vocaloid),3,10,
the spicy ninja scrolls,3,10,
lass (company),3,10,
game informer,3,10,
nsync,3,10,
mirai radio to jinkou hato,3,10,
ryushika ryushika,3,10,
vacation (turning gear),3,10,
monster factory,3,10,
youkoso ryouhouji e,3,10,
metal max xeno,3,10,
sen no kiseki: northern war,3,10,
strobe nights (vocaloid),3,10,
dou iu koto nano!? (vocaloid),3,10,
secret game,3,10,
ibara (ado),3,10,
do as ~muraosa no iinari~,3,10,
xtrinity,3,10,
tetsuwan atom (2003),3,10,
love spiral tower,3,10,
ginga rekkyuu yatai tobiuchi,3,10,
shtdn,3,10,
kanojo face,3,10,
nezha chuanqi,3,10,
naraku x,3,10,
kurahlab,3,10,
neoma,3,10,
countdown to countdown,3,10,
white happy (vocaloid),3,10,
family feud,3,10,
onna no sono no hoshi,3,10,
kaiketsu! nekoashi otome-chan,3,10,
squishmallows,3,10,
sketch (ayase satomi),3,10,
oshiri tantei,3,10,
droopy dog (cartoon),3,10,
drop pop candy (vocaloid),3,10,
32 idol saturn-chan,3,10,
pigg brave,3,10,
lanota,3,10,
kirapuri ojisan to youjo-senpai,3,10,
franz ferdinand (band),3,10,
nmb48,3,10,
appli style,3,10,
comic megastore deep,3,10,
shotaxmonsters,3,10,
hagure madou kyoushi no unlimited eiyuu houteishiki,3,10,
agents of mayhem,3,10,
lily and bat,3,10,
shinsengumi wasurenagusa,3,10,
bravest warriors,3,10,
chibi pire!,3,10,
re/v project,3,10,
shin hayarigami,3,10,
virgin invader,3,10,
rocket knight adventures,3,10,
mama no oppai,3,10,
18 (game),3,10,
idol incidents,3,10,
tsukushi-biyori,3,10,
emergency everyday,3,10,
natsumon!,3,10,
bunny black 3,3,10,
narutop99 (2023),3,10,
iyashi no megami no marmot,3,10,
tsukiyo no mura,3,10,
seven cast no hikikomori majutsu-ou,3,10,
band janai mon!,3,10,
spirit migration,3,10,
hitozuma gui,3,10,
sankai ou no yubiwa,3,10,
goetia shock,3,10,
soshite hatsukoi ga imouto ni naru,3,10,
bestia,3,10,
mote sugite shuraba na ore,3,10,
oruchubuan ebichu,3,10,
koroshi ai,3,10,
uncharted 3,3,10,
ravencove,3,10,
soul sacrifice,3,10,
immoral little,3,10,
dakisuke,3,10,
nekketsu saikyou go-saurer,3,10,
nee (band),3,10,
the hunter wants to live quietly,3,10,
seishun konbu,3,10,
wakazuma mangekyou,3,10,
itto na kataomoi minoraseta chiisa na shiawase (vocaloid),3,10,
inazuma eleven go tcg,3,10,
nyatto! (manga),3,10,
050plus,3,10,
madou monogatari a: doki doki vacation,3,10,
kelly's heroes,3,10,
black sheep town,3,10,
sophi ly channel,3,10,
madoru-mu,3,10,
oddman 11,3,10,
pixiv steampunk,3,10,
top secret (vocaloid),3,10,
yukinochi fururu!,3,10,
>>fami! kyou no menu wa lesson c,3,10,
radiant silvergun,3,10,
puchi puchi gohoushi,3,10,
tetsuwan gacchu!,3,10,
ane hame!,3,10,
ren'ai saimin,3,10,
otacool4,3,10,
marionette zero,3,10,
kiss! me! me!,3,10,
harem party,3,10,
gakuen toukou shashin,3,10,
claroscuro,3,10,
mahou shoujo biblion,3,10,
futari.,3,10,
jun'ai maniac ~pure love maniac~,3,10,
glare (game),3,10,
mahou shoujo madoka magica online,3,10,
dolphin divers,3,10,
ren'ai 0 kilometer,3,10,
radio momoiro,3,10,
d.o.,3,10,
pixiv shadow 2,3,10,
night wizard mahou taisen,3,10,
sim love ~hitonatsu no kiseki~,3,10,
hane wa nai kedo watashi wa toberu (vocaloid),3,10,
lovekami,3,10,
pierce the veil (band),3,10,
usakame,3,10,
gundam seed destiny astray,3,10,
nejishiki (manga),3,10,
mako-san to hachisuka-kun,3,10,
mousugu natsuyasumi!,3,10,
nazotoki (vocaloid),3,10,
sugar+spice 2,3,10,
sakasama rainbow (vocaloid),3,10,
lost brother (series),3,10,
she-ra princess of power,3,10,
p.h. (vocaloid),3,10,
hana no keiji,3,10,
kagirinaku haiiro e (vocaloid),3,10,
inuyashiki,3,10,
abba (band),3,10,
life with a flirty step-sister,3,10,
fall of the princess,3,10,
pastel honey,3,10,
news 39 (vocaloid),3,10,
flipnote studio,3,10,
mahjong fight club sp,3,10,
error: metamorphosis,3,10,
precure all stars haru no carnival,3,10,
gundam seed vs astray,3,10,
kyonyuu fantasy gaiden 2,3,10,
ililil (brand),3,10,
simcity,3,10,
gt world challenge europe,3,10,
foxtail-grass studio,3,10,
unmei no makimodoshi,3,10,
ema ni negai o!,3,10,
comitia 129,3,10,
shakkin mamire netorare tsumamusume hensai no tame kotowarenakatta gomunashi nama sex & nakadashi,3,10,
floating cloud,3,10,
extreme ghostbusters,3,10,
wani wani panic,3,10,
3331 (vocaloid),3,10,
emmy the robot,3,10,
power rangers ninja storm,3,10,
ultra galaxy fight: new generation heroes,3,10,
boku to kanojo no kojin lesson,3,10,
eclipse live project,3,10,
melancholy red,3,10,
golden axe ii,3,10,
tunic (game),3,10,
purrfect tale,3,10,
megalight production,3,10,
nekketsu kouha kunio-kun,3,10,
jashin korone,3,10,
osaka awaking,3,10,
8 nin no senshi,3,10,dick fight island
epic games,3,10,
ane no shin'yuu watashi no koibito,3,10,
gaist crusher,3,10,
ragnarok x: next generation,3,10,
dechau!,3,10,
neko hole,3,10,
shoukan'ou rex,3,10,
kireitsu,3,10,
cyan brain,3,10,
lupin iii: the first,3,10,
dragon slayer iv drasle family,3,10,
aikagi 3,3,10,
vijfster saga,3,10,
the fall,3,10,
sai no kawara to ningyo miko,3,10,
seattle mariners,3,10,
cr flamengo,3,10,
battle angel alita: mars chronicle,3,10,gunnm: mars chronicle
psycome,3,10,
factorio,3,10,
the scarlet demonslayer,3,10,
aoi hada no ten'in to shiawasena tomodachi,3,10,
the twilight zone,3,10,
summer inaka no seikatsu,3,10,
lime odyssey,3,10,
kurogane no mahoutsukai,3,10,
gion no tsugai,3,10,
one off,3,10,
stranger of sword city,3,10,
denshi sentai denziman,3,10,
mononoke sharing,3,10,
armor blitz,3,10,
hannyashingyou pop (vocaloid),3,10,
clarence,3,10,
ero mangaka-san to binbou shimai,3,10,
kindaichi kousuke series,3,10,
meiq no chika ni shisu,3,10,
tenkuu kangoku no majutsu garou,3,10,
mugen knights,3,10,
seiken tsukai no proposition,3,10,
nakadashi haramaid,3,10,
oikko chinpo to aishou yosugite oyako manko ga muchuu ni nacchatta ohanashi.,3,10,
soukyuu no skygalleon,3,10,
g-cup sisters! imouto-darake no sakunyuu gakuen-sai,3,10,
shingeki! kyojin chuugakkou,3,10,
demiparadoxia hookerstic,3,10,
mach rider,3,10,
angelegna dod alternative ~fuuin gakuen~,3,10,
treasure hunter yagashiradai file,3,10,
magical cannon wars,3,10,
tanto cuore,3,10,
gakuen senki muryou,3,10,
kutabare pta (vocaloid),3,10,
osouji sentai clean keeper,3,10,
shark attack,3,10,
fernandes guitars,3,10,
himitsu no houkago 2,3,10,
silverhawks,3,10,
pia carrot e youkoso!! 4,3,10,
pot rondo for dears,3,10,
steel wings,3,10,
makyou densetsu acrobunch,3,10,
ashita no nanami to au tame ni,3,10,
sky love,3,10,
metal witch sisters,3,10,
war of brains,3,10,
oddworld,3,10,
kowaku no toki,3,10,
the saturday evening post,3,10,
kagihime monogatari eikyu alice rondo,3,10,
kaikan senshi busty,3,10,
cool world,3,10,
trouble triangle,3,10,
the ravages of time,3,10,
rakuen shinshoku,3,10,
vgcats,3,10,
triangle heart 2,3,10,
s.e.c 01 specular reflection,3,10,
doug,3,10,
elona mobile,3,10,
animindustry,3,10,
gundam beast,3,10,
nobunagun,3,10,
futaba channel 3,3,10,
tokubetsu byoutou,3,10,
pokemon shuffle,3,10,
monsters abyss,3,10,
xotic,3,10,
avril lavigne (musician),3,10,
comic fiesta,3,10,
maronie oukoku no shichinin no kishi,3,10,
nambinhthankhi,3,10,
nyanya (clothing brand),3,10,
bamboo blade b,3,10,
gensou-ron (vocaloid),3,10,
swindle,3,10,
palette (vocaloid),3,10,
xexex,3,10,
laflora,3,10,
coming out on top,3,10,
exodus!,3,10,
triditki,3,10,
kuusou ryouriten,3,10,
genital jousting,3,10,
novela's forest,3,10,
omoi no kakera,3,10,
rot for clout (synthesizer v),3,10,
gestalt odin,3,10,
clubhouse games,3,10,
doron dororon,3,10,
himegari imperial meister,3,10,
the great warrior wall,3,10,
kamen rider: beyond generations,3,10,
ragnarok: hikari to yami no koujo,3,10,ragnarok tactics
amayui labyrinth meister,3,10,
nettai teikiatsu shoujo,3,10,
shina dark,3,10,
chick-fil-a,3,10,
claire eikaiwa,3,10,
iinari,3,10,
heracles no eikou,3,10,
ol shimai,3,10,
touhou luna nights,3,10,
sgt pepper's lonely hearts club band,3,10,
tae-chan & jimiko-san,3,10,
garo: hagane o tsugu mono,3,10,garo: the one who inherits steel
kitsune: the journey of adashino,3,10,
team sonic racing,3,10,
healing of king,3,10,
shake2,3,10,
garo: gold storm shou,3,10,garo gold storm flight
shia sisters,3,10,
birds of prey (movie),3,10,birds of prey and the fantabulous emancipation of one harley quinn
call of duty: ghosts,3,10,
hkvtopia,3,10,
yuri!!! on ice the movie: ice adolescence,3,10,
kiss dum,3,10,
prey (2022 movie),3,10,prey (predator)
kawaii music (vtuber),3,10,
hero factory,3,10,
playduction,3,10,
lalin's curse,3,10,
demono crusade,3,10,
reizokusei club,3,10,
saimin gakushuu,3,10,
oborotsuki no regolith: alice gear aegis gaiden,3,10,
mitaina!,3,10,
shadow warrior,3,10,
skylanders,3,10,
nyakori's rabbit doll,3,10,
tomodachi no haha wo okasu to iukoto,3,10,
qianniao official,3,10,
se:a story,3,10,
love jinx (manhwa),3,10,
chou tokkyu hikarian,3,10,
cabal online,3,10,
euro 2020,3,10,
kameido oasobi-gumi,3,10,
tsugunohi,3,10,
skeleton life (vocaloid),3,10,
divinity: original sin 2,3,10,
nariyamanai yorokobi to tomo ni! (utau),3,10,
moshi koi ga mieta nara,3,10,
yo-jo life!,3,10,
sennen no wiegenlied (vocaloid),3,10,
shores of oblivion,3,10,
stella (mikai inc.),3,10,
transformers: rescue bots academy,3,10,
ajin harem,3,10,
invictus gaming,3,10,
harley quinn (comic),3,10,
comitia 128,3,10,
power rangers time force,3,10,
u (vocaloid),3,10,
pandava quintet,3,10,
period sweet drops,3,10,
seduce (eroge),3,10,
las nuevas e inesperadas aventuras de enjuto mojamuto,3,10,
first we feast,3,10,
sacred blaze,3,10,
petshop of horrors,3,10,pet shop of horrors
gamestop,3,10,
machi gurumi no wana,3,10,
luchs motion,3,10,
chronicles of the sword,3,10,
haikuo-soft,3,10,
anime yagami yuu,3,10,
sekai de ichiban dame na koi,3,10,
donchan ga kyu,3,10,
nessa no rakuen,3,10,
babylon (vocaloid),3,10,
shimaya printing (printing company),3,10,
yamato takeru,3,10,
shiritsu sairyou koukou chounouryoku-bu,3,10,
marine-chan a go go,3,10,
deliberate distortion synesthesia,3,10,
next sparkling!!,3,10,
shade no hokori wa encho (zutomayo),3,10,
yuri yuri,3,10,
hare tokidoki otenkiame,3,10,
miko dashi,3,10,
the milkcup,3,10,
google+,3,10,
papikon,3,10,
inkou haden amatsu,3,10,
sacred ground,3,10,
shirokishi monogatari,3,10,
hachi koi,3,10,
comiket 71,3,10,c71
ijicare,3,10,
hypnohub,3,10,
shouki letitia,3,10,
momoiro paradise,3,10,
naisho no yorimichi,3,10,
zill o'll,3,10,
eulen spiegel,3,10,
maid-san she see,3,10,
akb49 ren'ai kinshi jourei,3,10,akb49 renai kinshi jourei
scissorhands (vocaloid),3,10,
cuprum no hanayome,3,10,the coppersmith's bride
himekishi angelica,3,10,
otome juurin yuugi,3,10,
dadaama kyoushi,3,10,
special a,3,10,
pugyuru,3,10,
princess bride,3,10,
hotel ergriffen,3,10,
shomuni,3,10,
twilight insanity,3,10,
des blood vr,3,10,
time leap,3,10,
kurau phantom memory,3,10,
maiden breeder,3,10,
shojokyu,3,10,
patissier na nyanko,3,10,
saraba ochinchin,3,10,
koichu!,3,10,
wam xxxnovel-wetandmessy.com,3,10,
baldr bullet revellion,3,10,
school festa,3,10,
gnu,3,10,
don dracula,3,10,
uncharted: the lost legacy,3,10,
higawari naishitsu,3,10,
rensou relation,3,10,
wan xiang zhi wang,3,10,
love stage!!,3,10,
influence,3,10,
hado dojoden,3,10,
valhellio,3,10,
pocarisecco,3,10,
hito kaiki,3,10,
planet of the bass,3,10,
yuuko to riaru,3,10,
high cut kingdom,3,10,
the pool,3,10,
futakano,3,10,
dream!ing,3,10,
itan empire's jacheongbi,3,10,
comitia 114,3,10,
kitakubu,3,10,
soredemo sekai wa utsukushii,3,10,
mario party 4,3,10,
my girl is a dragon,3,10,
nanado nado nado,3,10,
jet force gemini,3,10,
jack in the box (restaurant),3,10,
little doll queen,3,10,
tamayura (akabei soft),3,10,
blessing (vocaloid),3,10,
oklahoma city thunder,3,10,
yuusha to maou no rabu kome,3,10,
iiv (dwango),3,10,
battle athletes daiundokai restart!,3,10,
astars production,3,10,
lame dimension,3,10,
variable barricade,3,10,
musou no machi,3,10,
bullbuster,3,10,
tanabata (music circle),3,10,
naze nani karada no fushigi,3,10,
linda linda linda,3,10,
tokyo inroaded: closed eden,3,10,
fukakumei zen'ya,3,10,
konna kawaii iinazuke ga iru noni hoka no ko ga suki nano?,3,10,
hatsukoi rail trip,3,10,
petscop,3,10,
onii-chan tetsudatte!,3,10,
seek girl,3,10,
code:seed a song of spark,3,10,
yuunagi-sou no s-kyuu no kanojo-tachi 2,3,10,
duplicity,3,10,
chimamire sukeban chainsaw,3,10,
techno police 21c,3,10,
shaman king: flowers,3,10,
yurianna girls college,3,10,
spotted flower,3,10,
ayahina channel,3,10,
stargazer (vocaloid),3,10,
adolescence mechanix,3,10,
sound refil,3,10,
chiko-chan ni shikarareru!,3,10,
marpril,3,10,
onii-chan wa zonbida,3,10,
project a.i.d,3,10,
pocket mortys,3,10,
nanatsu no tsumi to batsu (vocaloid),3,10,
choppiri h na sanshimai demo oyomesan ni shitekuremasuka?,3,10,
imouto de ikou!,3,10,
omega labyrinth life,3,10,
nanahime collection,3,10,
houshi iin no oshigoto,3,10,
nhk radio kiso eigo,3,10,
stopping!!! (series),3,10,
karakuri onigami akatsuki,3,10,
chrono regalia,3,10,
aria project 2.0,3,10,
mida love,3,10,
chocotto land,3,10,
fear drive,3,10,
maid in witch life!,3,10,
guildstars,3,10,
idw publishing,3,10,
sasayaki sasaru sasaki-san,3,10,
harami tama,3,10,
choroin desuga koibito ni wa naremasenka,3,10,
power rangers s.p.d.,3,10,
muten no kaito,3,10,
romancing abe's romancing fantasy,3,10,
memoria dust,3,10,
i get wet,3,10,
seikon gensou,3,10,
ib -instant bullet-,3,10,
alter record adjustment,3,10,
kemomimi gym,3,10,
inbi temptation,3,10,
kunoichi tsubaki,3,10,
uchi no kanojo,3,10,
pale blue,3,10,
live cum,3,10,
oshirikko venus 2,3,10,
wolfteam,3,10,
muon kagura,3,10,
senran no samurai kingdom,3,10,
festival tsurumiku wars,3,10,
gosick red,3,10,
hissatsu bokkijin shigoku no kairaku chikan,3,10,
dragon mahjongg 3,3,10,
densetsu series,3,10,
training for sex,3,10,
kamisama to unmei kakusei no cross thesis,3,10,
haru no ashioto,3,10,
tec (game),3,10,
akataripushi,3,10,
my time at portia,3,10,
robokko beeton,3,10,
the long dark,3,10,
beast battle chronicle zero,3,10,
gunshin shoukan ark knights,3,10,
ongaku shoujo,3,10,
town of gears atline,3,10,
thousand emperors,3,10,
hitodenashi no koi,3,10,
madou koukaku,3,10,
dungeon busters,3,10,
otomege no akugyaku joou o yome ni suru tame ni wa.,3,10,
how i met your mother,3,10,
donten ni warau,3,10,
aimai rennai,3,10,
choukou gasshin xardion,3,10,
mirage (discovery),3,10,
jumanji,3,10,
metal max 2 reloaded,3,10,
