original,3,1576892,,オリジナル
touhou,3,1094195,,東方プロジェクト
kantai collection,3,543726,,艦これ
blue archive,3,452006,,ブルアカ
pokemon,3,409671,,ポケモン
fate (series),3,407771,,Fateシリーズ
hololive,3,327550,,ホロライブ
genshin impact,3,313593,,gnsnプラス
fate/grand order,3,305520,,Fateグランドオーダー
idolmaster,3,285932,,アイドルマスター
umamusume,3,232593,,ウマ娘プリティーダービー
arknights,3,228801,,アークナイツ
vocaloid,3,209037,,ボーカロイド
honkai (series),3,188702,,崩坏
azur lane,3,157132,,アズールレーン
idolmaster cinderella girls,3,136444,,アイドルマスターシンデレラガールズ
honkai: star rail,3,133702,,崩壊スターレイル
love live!,3,128651,,ラブライブ
fire emblem,3,125525,,ファイアーエムブレム
zenless zone zero,3,113931,zzz (game),ゼンレスゾーンゼロ
hololive english,3,113885,,ホロライブEN
final fantasy,3,108499,,ファイナルファンタジー
nijisanji,3,91124,,にじさんじ
indie virtual youtuber,3,88046,,個人勢
mahou shoujo madoka magica,3,84307,,魔法少女まどか☆マギカ
girls' frontline,3,79790,gfl,ドールズフロントライン
girls und panzer,3,73565,,ガールズ&パンツァー
gundam,3,70955,,ガンダム
precure,3,68914,pretty cure,プリキュア
danganronpa (series),3,68846,,ダンガンロンパシリーズ
mahou shoujo madoka magica (anime),3,60061,,魔法少女まどか☆マギカ
kemono friends,3,58346,,けものフレンズ
bang dream!,3,56211,bandori,バンドリ
wuthering waves,3,55916,wuwa,鸣潮
one piece,3,55079,,ワンピース
jojo no kimyou na bouken,3,54877,,ジョジョの奇妙な冒険
honkai impact 3rd,3,53898,,崩坏3
granblue fantasy,3,53044,,グランブルーファンタジー
persona,3,49306,,ペルソナ
project moon,3,48371,,プロジェクトムーン
goddess of victory: nikke,3,47217,,勝利の女神:NIKKE
idolmaster shiny colors,3,45922,,アイドルマスターシャイニーカラーズ
chainsaw man,3,45880,,チェンソーマン
idolmaster (classic),3,44453,,765プロ
yu-gi-oh!,3,44255,,遊戯王ファンアート
boku no hero academia,3,44246,,僕のヒーローアカデミア
fate/stay night,3,43929,,フェイト/ステイナイト
final fantasy vii,3,41427,,ファイナルファンタジー7
bang dream! it's mygo!!!!!,3,39716,"bang dream! ave mujica,bang dream! ave mujica the die is cast",バンドリアニメMyGO
love live! school idol project,3,38977,,ラブライブ!SchoolIdolProject
the legend of zelda,3,38472,,ゼルダの伝説
love live! hasu no sora jogakuin school idol club,3,36809,"link! like! love live!,love live! hasunosora jogakuin school idol club",Link!Like!ラブライブ!
limbus company,3,35951,,リンバス
neon genesis evangelion,3,35834,shin seiki evangelion,新世紀エヴァンゲリオン
league of legends,3,35189,,リーグ・オブ・レジェンド
fire emblem heroes,3,34869,,ファイアーエムブレムヒーローズ
final fantasy xiv,3,34798,,ファイナルファンタジーXIV
pokemon sword and shield,3,34715,pokemon swsh,ポケモン剣盾
street fighter,3,33979,,ストリートファイター
splatoon (series),3,33620,,スプラトゥーン
idolmaster million live!,3,33238,,アイドルマスターミリオンライブ!
pokemon scarlet and violet,3,32698,pokemon sv,ポケモンSV
ragnarok online,3,32195,,ラグナロクオンライン
fire emblem: three houses,3,31884,,ファイアーエムブレム風花雪月
bocchi the rock!,3,31737,,ぼっち・ざ・ろっく!
mario (series),3,31201,,マリオシリーズ
dragon ball,3,30261,,ドラゴンボール
project sekai,3,30017,,プロジェクトセカイ
xenoblade chronicles (series),3,29354,,ゼノブレイドシリーズ
marvel,3,29005,marvel cinematic universe,マーベル
utau,3,28822,,UTAU
toaru majutsu no index,3,27946,,とある魔術の禁書目録
princess connect!,3,27708,,プリンセスコネクト!
pokemon (anime),3,27593,,ポケットモンスター(アニポケ)
k-on!,3,27465,,けいおん!
sousou no frieren,3,27044,frieren: beyond journey's end,葬送のフリーレン
danganronpa 2: goodbye despair,3,26938,,スーパーダンガンロンパ2
gakuen idolmaster,3,26911,,学園アイドルマスター
naruto (series),3,26844,,ナルト
world witches series,3,25783,,ワールドウィッチーズ
lyrical nanoha,3,25773,,魔法少女リリカルなのは
suzumiya haruhi no yuuutsu,3,25556,,涼宮ハルヒの憂鬱
danganronpa v3: killing harmony,3,25098,,NEWダンガンロンパV3
voiceroid,3,24751,,ボイスロイド
pokemon sun and moon,3,24474,pokemon sm,ポケモンSM
jujutsu kaisen,3,24183,jjk,じゅじゅプラス
reverse:1999,3,24165,,リバース1999
mega man (series),3,23827,,ロックマン
omori,3,23591,,おもり
love live! sunshine!!,3,23437,,ラブライブ!サンシャイン!!
re:zero kara hajimeru isekai seikatsu,3,23432,,Re:ゼロから始める異世界生活
guilty gear,3,22871,,ギルティギア
fire emblem fates,3,22345,,ファイアーエムブレムif
fate/extra,3,22310,,セイバー(Fate/EXTRA)
kono subarashii sekai ni shukufuku wo!,3,22225,konosuba: god's blessing on this wonderful world!,この素晴らしい世界に祝福を!
love live! nijigasaki high school idol club,3,22056,,ラブライブ!PDP
digimon,3,21700,,デジモン
bleach,3,21632,,ブリーチ
xenoblade chronicles 2,3,21532,,ゼノブレイド2
real life,3,20998,,実在の人
monogatari (series),3,20958,,物語シリーズ
tales of (series),3,20853,,テイルズオブシリーズ
kimetsu no yaiba,3,20704,,鬼滅の刃
dragon quest,3,20415,,ドラゴンクエスト
utdr (toby fox),3,20401,,
senran kagura,3,20164,,閃乱カグラ
overwatch,3,19900,,オーバーウォッチ
pokemon black and white,3,19562,pokemon bw,ポケモンbw
bishoujo senshi sailor moon,3,19490,,美少女戦士セーラームーン
sword art online,3,19217,,ソードアート・オンライン
sonic (series),3,18439,,ソニック・ザ・ヘッジホッグ
strike witches,3,17669,,ストライクウィッチーズ
persona 5,3,17636,,ペルソナ5
toaru kagaku no railgun,3,17574,,とある科学の超電磁砲
touken ranbu,3,17452,,とうらぶ
final fantasy vii remake,3,17422,,ファイナルファンタジー7リメイク
arknights: endfield,3,17352,,アークナイツ:エンドフィールド
fate/apocrypha,3,17191,,アポクリファ
fire emblem awakening,3,17017,,ファイアーエムブレム覚醒
nier (series),3,16954,,ニーア
science adventure,3,16921,,科学アドベンチャー
pokemon diamond/pearl/platinum,3,16920,pokemon dppt,ポケモンDPt
spy x family,3,16848,,スパイファミリー
gochuumon wa usagi desu ka?,3,16843,,ご注文はうさぎですか?
the king of fighters,3,16770,,キングオブファイターズ
nijisanji en,3,16749,,にじさんじEN
touhou (pc-98),3,16630,,東方旧作
kill la kill,3,16393,,キルラキル
idolmaster cinderella girls starlight stage,3,16326,,スターライトステージ
fate/zero,3,16154,,運命/ゼロ
tsukihime,3,16108,,月姫
persona 4,3,15929,,ペルソナ4
persona 3,3,15906,,ペルソナ3
alien stage,3,15701,,异形舞台
kirby (series),3,15533,,星のカービィ
shingeki no kyojin,3,15413,,進撃の巨人
mahou shoujo no majo saiban,3,15329,"magical girl witch trials,manosaba",魔法少女ノ魔女裁判
code geass,3,15095,code geass hangyaku no lelouch r2,コードギアス反逆のルルーシュ
bang dream! girls band party!,3,14917,,バンドリ!_ガールズバンドパーティ!
nier:automata,3,14778,nier automata,ニーアオートマタ
danganronpa: trigger happy havoc,3,14754,,ダンガンロンパ_希望の学園と絶望の高校生
dc comics,3,14693,"dc extended universe,dc universe (franchise)",DCコミックス
lucky star,3,14670,,らき☆すた
dungeon meshi,3,14514,,ダンジョン飯
overwatch 1,3,14470,,オーバーウォッチ1
neptune (series),3,14447,,超次元ゲイムネプテューヌ
idolmaster million live! theater days,3,14344,,アイドルマスターミリオンライブ!シアターデイズ
higurashi no naku koro ni,3,14033,,ひぐらしのなく頃に
pokemon legends: z-a,3,14029,pokemon za,ポケモンZA
saibou shinkyoku,3,14001,cell of empireo,さぼしき
go-toubun no hanayome,3,13923,,五等分の花嫁
resident evil,3,13862,,バイオハザード
vspo!,3,13828,,ぶいすぽっ!
tokyo afterschool summoners,3,13825,,東京放課後サモナーズ
dragon ball z,3,13763,,ドラゴンボールZ
ranma 1/2,3,13633,,らんま1⁄2
elden ring,3,13358,,エルデンリング
ensemble stars!,3,13277,,あんさんぶるスターズ!
darkstalkers,3,13255,vampire (game),ヴァンパイア
cho kaguya-hime!,3,13252,"chou kaguya-hime!,cosmic princess kaguya!",超かぐや姫!
assault lily,3,13171,,アサルトリリィ
pokemon black 2 and white 2,3,13155,pokemon bw2,ポケモンBW2
magia record: mahou shoujo madoka magica gaiden,3,13102,magia record,マギアレコード
fire emblem engage,3,12983,,ファイアーエムブレムエンゲージ
eiyuu densetsu,3,12972,,英雄伝説
stardust crusaders,3,12952,,スターダストクルセイダース
kamen rider,3,12910,,仮面ライダー
girls band cry,3,12894,,ガールズバンドクライ
rwby,3,12811,,RWBYイラコン
monster hunter (series),3,12418,,モンスターハンター
blazblue,3,12391,,ブレイブルー
nikki (series),3,12327,,ニキシリーズ
umineko no naku koro ni,3,12290,,うみねこのなく頃に
rebuild of evangelion,3,12269,,ヱヴァンゲリヲン新劇場版
pokemon x and y,3,12194,pokemon xy,ポケモンXY
cookie (touhou),3,12164,,クッキー☆
fate/kaleid liner prisma illya,3,12153,,プリズマ☆イリヤ
mahou shoujo lyrical nanoha,3,12131,,魔法少女リリカルなのは
mahou shoujo lyrical nanoha strikers,3,12113,,魔法少女リリカルなのはStrikerS
inazuma eleven (series),3,12091,,イナズマイレブン
gundam suisei no majo,3,11829,,機動戦士ガンダム水星の魔女
senki zesshou symphogear,3,11756,senki zesshou symphogear xv,戦姫絶唱シンフォギア
super smash bros.,3,11712,,大乱闘スマッシュブラザーズ
deltarune,3,11604,,デルタルーン
hololive indonesia,3,11417,,ホロライブID
rozen maiden,3,11286,,ローゼンメイデン
cardcaptor sakura,3,11069,,カードキャプターさくら
onii-chan wa oshimai!,3,11045,onimai,おにまい
tengen toppa gurren lagann,3,11035,,天元突破グレンラガン
the legend of zelda: breath of the wild,3,11010,botw,ゼルダの伝説ブレスオブザワイルド
atelier (series),3,10911,,アトリエ
guilty gear strive,3,10814,,ギルティギアストライヴ
macross,3,10739,,マクロス
pretty series,3,10703,pretty (series),プリティーシリーズ
vento aureo,3,10683,golden wind,黄金の風
naruto shippuuden,3,10551,,ナルト疾風伝
heaven burns red,3,10520,,ヘブンバーンズレッド
girls' frontline 2: exilium,3,10454,gfl2,ドールズフロントライン2
axis powers hetalia,3,10409,,ヘタリア
lycoris recoil,3,10384,,リコリス・リコイル
hololive dev is,3,10321,,ホロライブDEV_IS
pokemon masters ex,3,10298,,ポケモンマスターズ
last origin,3,10045,,ラストオリジン
naruto (classic),3,9983,,ナルト
battle tendency,3,9943,,JOJO的奇妙冒险:战斗潮流
pokemon heartgold and soulsilver,3,9943,pokemon hgss,ポケモンHGSS
fate/extra ccc,3,9745,,運命/余分なCCC
splatoon 3,3,9639,,スプラトゥーン3
pokemon legends: arceus,3,9609,,LEGENDSアルセウス
smile precure!,3,9457,"smile pretty cure,smile pretty cure!",スマイルプリキュア!
oshi no ko,3,9412,,推しの子
undertale,3,9303,,あんだーてーる
the legend of zelda: tears of the kingdom,3,9265,totk,ゼルダの伝説ティアーズオブザキングダム
steins;gate,3,9254,,シュタインズゲート
a.i. voice,3,9230,,アイボス
spider-man (series),3,9116,,スパイダーマン
kobayashi-san chi no maidragon,3,9113,,小林さんちのメイドラゴン
helltaker,3,9110,,ヘルテイカー
panty & stocking with garterbelt,3,9102,,パンティ&ストッキングwithガーターベルト
street fighter 6,3,9085,,ストリートファイター6
aikatsu! (series),3,9021,,アイカツ!
ace attorney,3,9015,,逆裁腐向け
one-punch man,3,8921,,ワンパンマン
yuruyuri,3,8875,yuru yuri,ゆるゆり
mushoku tensei,3,8849,,無職転生
gridman universe,3,8760,,古立特宇宙
punishing: gray raven,3,8703,,パニシング:グレイレイヴン
pokemon omega ruby and alpha sapphire,3,8703,pokemon oras,ポケモンORAS
stellive,3,8568,,
love live! superstar!!,3,8559,,ハロー!!!ラブライブ!
x-men,3,8490,,X-メン
senran kagura new wave,3,8480,,閃乱カグラNewWave
bakemonogatari,3,8467,,化物語
hunter x hunter,3,8451,,ハンターハンター
twisted wonderland,3,8395,,ツイステッドワンダーランド
gundam gquuuuuux,3,8377,,機動戦士ガンダムジークアクス
sanrio,3,8348,,サンリオ
metroid,3,8332,,メトロイド
the hundred line -last defense academy-,3,8321,,ハンドラ
diamond wa kudakenai,3,8242,,ダイヤモンドは砕けない
synthesizer v,3,8224,,シンセサイザーv
high school dxd,3,8146,,ハイスクールD×D
sono bisque doll wa koi wo suru,3,8058,my dress-up darling,その着せ替え人形は恋をする
to heart (series),3,7998,,
fatal fury,3,7987,garou (game series),饿狼传说
ore no imouto ga konna ni kawaii wake ga nai,3,7837,,俺の妹がこんなに可愛いわけがない
saki (manga),3,7774,,咲-saki-
kemono friends 3,3,7642,,けものフレンズ3
hibike! euphonium,3,7634,,響け!ユーフォニアム北宇治高校吹奏楽部へようこそ
nanashi inc.,3,7608,774 inc.,ななしいんく
marvel rivals,3,7587,,マーベルライバルズ
tiger & bunny,3,7548,,タイガーアンドバニー
to love-ru,3,7507,,ToLOVEる
pixiv fantasia,3,7486,,pixivファンタジア
apex legends,3,7361,,エーペックス
elsword,3,7350,,エルソード
warship girls r,3,7330,,战舰少女
gundam seed,3,7226,,ガンダムSEED
pokemon firered and leafgreen,3,7187,pokemon frlg,ポケットモンスターリーフグリーン
inazuma eleven go,3,7186,,イナズマイレブンGO
dead or alive,3,7183,,デッドオアアライブ
little busters!,3,7170,,リトルバスターズ!
library of ruina,3,7132,,ライブラリー・オブ・ルイナ
kamitsubaki studio,3,7081,,神椿スタジオ
watashi ga motenai no wa dou kangaetemo omaera ga warui!,3,7047,,私がモテないのはどう考えてもお前らが悪い!
kaguya-sama wa kokurasetai ~tensai-tachi no renai zunousen~,3,7028,,かぐや様は告らせたい
kingdom hearts,3,6974,,キングダムハーツ
dungeon ni deai wo motomeru no wa machigatteiru darou ka,3,6915,,ダンまち
disgaea,3,6865,,ディスガイア
holostars,3,6825,,ホロスターズ
omniscient reader's viewpoint,3,6805,,全知的な読者の視点から
angel beats!,3,6789,,エンジェルビーツ
ssss.gridman,3,6786,,グリッドマン
tekken,3,6782,,鉄拳
dragon ball super,3,6782,,ドラゴンボール超
animal crossing,3,6726,,どうぶつの森
pripara,3,6722,,プリパラ
mahou shoujo lyrical nanoha a's,3,6658,,魔法少女リリカルなのはA's
black rock shooter,3,6654,,ブラック★ロックシューター
amagami,3,6643,,アマガミ
phase connect,3,6632,,フェーズコネクト
fullmetal alchemist,3,6622,hagane no renkinjutsushi,鋼の錬金術師
fire emblem: the blazing blade,3,6606,,ファイアーエムブレム烈火の剣
fire emblem: radiant dawn,3,6587,,暁の女神
mahou shoujo madoka magica: hangyaku no monogatari,3,6530,rebellion story,叛逆の物語
shoujo kageki revue starlight,3,6509,,少女☆歌劇レヴュースタァライト
splatoon 1,3,6500,,スプラトゥーン1
lobotomy corporation,3,6487,,ロボトミーコーポレーション
dandadan,3,6460,,ダンダダン
to heart 2,3,6447,,同班同學2
clannad,3,6403,,クラナド
needy girl overdose,3,6374,,にーでぃがーる
aikatsu!,3,6366,,アイカツ!_アイドルカツドウ
megami magazine,3,6323,,メガミマガジン
fire emblem: genealogy of the holy war,3,6290,,聖戦の系譜
gintama,3,6255,,ぎんたま
date a live,3,6218,,デート・ア・ライブ
splatoon 2,3,6186,,スプラトゥーン2
stone ocean,3,6136,,ストーンオーシャン
batman (series),3,6098,,バットマン
transformers,3,6096,,トランスフォーマー
infinity nikki,3,6067,,インフィニティニキ
path to nowhere,3,6049,wuqi mitu,无期迷途
darling in the franxx,3,6036,,ダーリン・イン・ザ・フランキス
new super mario bros. u deluxe,3,6019,,NewスーパーマリオブラザーズUデラックス
gundam 00,3,6002,,ガンダム00
cyberpunk (series),3,5999,,赛博朋克(系列)
phantasy star,3,5993,,ファンタシースター
doki doki literature club,3,5978,doki doki literature club plus,ドキドキ文芸部
macross frontier,3,5965,,マクロスF
len'en,3,5963,,鏈縁Project
xenoblade chronicles 3,3,5950,,ゼノブレイド3
dark souls (series),3,5938,,ダークソウル
golden kamuy,3,5913,,ゴールデンカムイ
puyopuyo,3,5908,,ぷよぷよ
mobile suit gundam,3,5887,kidou senshi gundam,機動戦士ガンダム
dokidoki! precure,3,5870,"doki doki! pretty cure,doki doki pretty cure,dokidoki! pretty cure,dokidoki pretty cure",ドキドキ!プリキュア
star wars,3,5869,,スター・ウォーズ
yahari ore no seishun lovecome wa machigatteiru.,3,5863,,やはり俺の青春ラブコメはまちがっている。
cookie run,3,5848,,クキロン
queen's blade,3,5783,,クイーンズブレイド
meitantei conan,3,5782,,名探偵コナン
hellaverse,3,5776,hellaverse (franchise),
grandmaster of demonic cultivation,3,5757,"mo dao zu shi,modao zushi",魔道祖师
fire emblem: path of radiance,3,5692,,蒼炎の軌跡
heartcatch precure!,3,5665,,ハートキャッチプリキュア!
flower knight girl,3,5654,,フラワーナイトガール
steel ball run,3,5639,,スティール・ボール・ラン
pokemon ruby/sapphire/emerald,3,5629,pokemon rse,ルビサファ
love live! school idol festival,3,5617,,ラブライブ!スクールアイドルフェスティバル
houseki no kuni,3,5594,,宝石の国
dungeons & dragons,3,5590,"dungeons and dragons,forgotten realms",ダンジョンズ&ドラゴンズ
haikyuu!!,3,5588,,ハイキュー!!
monster musume no iru nichijou,3,5555,,モンスター娘のいる日常
vshojo,3,5543,,V少女
devil may cry (series),3,5514,,デビルメイクライシリーズ
puzzle & dragons,3,5504,,パズル&ドラゴンズ
yurucamp,3,5485,,ゆるキャン
mega man (classic),3,5462,,メガマン（クラシック）
skullgirls,3,5424,,スカルガールズ
kagerou project,3,5423,,カゲロウプロジェクト
pokemon (classic anime),3,5419,,ポケットモンスター(アニポケ第1シリーズ)
the legend of zelda: twilight princess,3,5416,,トワイライトプリンセス
osomatsu (series),3,5397,,おそ松さん/くん
cevio,3,5334,,Cevio
monster girl encyclopedia,3,5314,,魔物娘図鑑
mega man x (series),3,5313,,ロックマンX
touqi guaitan,3,5290,,头七怪谈
sekaiju no meikyuu,3,5261,,世界樹の迷宮
idolmaster 1,3,5258,,アケマス
guilty gear xrd,3,5233,,ギルティギアXrd
super robot wars,3,5221,,スーパーロボット大戦
kouyoku senki exs-tia,3,5205,,光翼戦姫エクスティア
hirogaru sky! precure,3,5188,"hirogaru sky! pretty cure,hirogaru sky precure,hirogaru sky pretty cure,soaring sky! precure,soaring sky! pretty cure,soaring sky precure",ひろがるスカイ!プリキュア
atelier ryza,3,5178,,ライザのアトリエ
kemono friends v project,3,5164,,けものフレンズVぷろじぇくと
tsukihime (remake),3,5158,,月姫リメイク
sen no kiseki (series),3,5150,,
fire emblem: mystery of the emblem,3,5118,,紋章の謎
gegege no kitarou,3,5114,,ゲゲゲの鬼太郎
meitantei precure!,3,5094,"meitantei pretty cure!,star detective precure!,star detective pretty cure!",名探偵プリキュア!
osomatsu-san,3,5090,,おそ松さん
minecraft,3,5087,,Minecraftシリーズ
koha-ace,3,5076,,コハエース
alice's adventures in wonderland,3,5033,alice in wonderland,不思議の国のアリス
machikado mazoku,3,5032,,まちカドまぞく
little witch academia,3,5032,,リトルウィッチアカデミア
warhammer 40k,3,5007,,"ウォーハンマー40,000"
touhou lostword,3,5006,touhou lost word,東方ロストワード
phantasy star online 2,3,5006,,ファンタシースターオンライン2
taimanin (series),3,4998,,対魔忍
cyberpunk: edgerunners,3,4965,cyberpunk edgerunners,サイバーパンク:エッジランナーズ
made in abyss,3,4957,,メイドインアビス
dungeon and fighter,3,4949,,アラド戦記
bemani,3,4910,,ベマイ
pokemon horizons,3,4903,pokemon sv (anime),ポケットモンスター(アニポケ第8シリーズ)
kid icarus,3,4877,,パルテナの鏡
nitroplus,3,4874,,ニトロプラス
phantom blood,3,4864,,ファントムブラッド
the legend of zelda: ocarina of time,3,4775,,ゼルダの伝説_時のオカリナ
inazuma eleven,3,4764,,イナズマイレブン
pokemon adventures,3,4726,,ポケスペ
pokemon tcg,3,4683,,ポケモンカードゲーム
idolmaster side-m,3,4659,,アイドルマスターSideM
cyberpunk: edgerunners 1,3,4650,,
hazbin hotel,3,4632,,ハズビン・ホテル
spice and wolf,3,4618,,狼と香辛料
my little pony,3,4604,,マイリトルポニー
shadowverse,3,4599,,シャドウバース
fairy tail,3,4599,,フェアリーテイル
bleach: sennen kessen-hen,3,4578,bleach: the thousand-year blood war,千年血戦篇
mcdonald's,3,4577,,マクドナルド
vrchat,3,4576,,VRチャット
yu-gi-oh! duel monsters,3,4567,,遊☆戯☆王デュエルモンスターズ
my little pony: friendship is magic,3,4489,,マイリトルポニー〜トモダチは魔法
fire emblem: the binding blade,3,4469,,封印の剣
os-tan,3,4461,,OSたん
shining nikki,3,4432,,シャイニングニキ
street fighter v,3,4399,,ストリートファイターV
zeta gundam,3,4378,,機動戦士Ζガンダム
yu-gi-oh! gx,3,4375,,遊戯王GX女性向け
toradora!,3,4343,,とらドラ!
metal gear (series),3,4333,,メタルギアシリーズ
tate no yuusha no nariagari,3,4328,,盾の勇者の成り上がり
suite precure,3,4327,suite pretty cure,スイートプリキュア♪
final fantasy vii rebirth,3,4303,,FF7リバース
mahjong soul,3,4293,,じゃんたま
reitaisai,3,4281,,例大祭
ado (utaite),3,4279,ado (singer),アド
fate/strange fake,3,4278,,ストレンジフェイク
pokemon the series: sun & moon,3,4276,"pokemon sm (anime),pokemon sun and moon (anime)",ポケットモンスターサン&ムーン
boruto (series),3,4263,,
gundam build fighters,3,4261,,ガンダムビルドファイターズ
avatar legends,3,4250,avatar: the last airbender (series),降世神通
final fantasy vi,3,4187,,ファイナルファンタジーvi
black survival,3,4184,,ブラックサバイバル
ambience synesthesia,3,4184,,音律联觉
shin megami tensei,3,4180,,真・女神転生シリーズ
youkai watch,3,4171,,妖怪ウォッチ
shingeki no bahamut,3,4162,,神撃のバハムート
summer pockets,3,4154,,サマポケ
voicevox,3,4152,,VoiceVox
mega man zero (series),3,4147,mega man zero,ロックマンゼロ
final fantasy vii: ever crisis,3,4139,final fantasy vii ever crisis,エバークライシス
urusei yatsura,3,4139,,うる星やつら
star ocean,3,4135,,スターオーシャン
kuro no kiseki (series),3,4125,,
bloodborne,3,4114,,ブラッドボーン
dragon quest iii,3,4028,,ドラゴンクエスト3
fate/hollow ataraxia,3,4023,,フェイト/ホロウアタラクシア
hollow knight,3,4019,,ホロウナイト
sennen sensou aigis,3,4016,,千年戦争アイギス
alice gear aegis,3,4008,,アリスギアアイギス
zombie land saga,3,4000,,ゾンビランドサガ
eromanga sensei,3,3992,,エロマンガ先生
identity v,3,3981,,identityVイラスト
final fantasy xi,3,3981,,ファイナルファンタジーxi
koi suru kokoro to mahou no kotoba,3,3978,,恋するココロと魔法のコトバ
evangelion: 3.0 you can (not) redo,3,3975,,ヱヴァンゲリヲン新劇場版:q
ultra series,3,3973,,ウルトラシリーズ
infinite stratos,3,3954,,インフィニット・ストラトス
project diva (series),3,3947,,Project Diva（シリーズ）
tales of vesperia,3,3928,,テイルズ・オブ・ヴェスペリア
muv-luv,3,3900,muvluv,マブラヴ
stella sora,3,3888,,ステラソラ
chuunibyou demo koi ga shitai!,3,3888,,中二病でも恋がしたい!
pokemon red/green/blue/yellow,3,3842,pokemon rgby,ポケモンRGB
baldur's gate,3,3840,,バルダーズ・ゲート
final fantasy ix,3,3834,,ファイナルファンタジーIX
melty blood,3,3808,,メルティブラッド
baldur's gate 3,3,3800,,バルダーズ・ゲートIII
fire emblem: the sacred stones,3,3788,,聖魔の光石
samurai spirits,3,3730,,サムライスピリッツ
boku wa tomodachi ga sukunai,3,3722,,僕は友達が少ない
hyouka,3,3721,,氷菓
zero no tsukaima,3,3713,,ゼロの使い魔
gundam seed destiny,3,3694,,機動戦士ガンダムSEEDDESTINY
kid icarus uprising,3,3688,,新・光神話パルテナの鏡
pikmin (series),3,3684,,ピクミン
arcane: league of legends,3,3644,,アーケイン
soul eater,3,3612,,ソウルイーター
eternal return: black survival,3,3554,,エターナルリターン
fresh precure!,3,3547,,フレッシュプリキュア
the amazing digital circus,3,3540,,アメイジングデジタルサーカス
mahou sensei negima!,3,3536,,魔法先生ネギま!
love and deepspace,3,3530,,恋と深空
trickcal,3,3524,,トリッカル
shinrabanshou,3,3519,,神羅万象チョコ
boruto: naruto next generations,3,3495,,Boruto：NARUTO-次の世代
mega man zx,3,3494,,ロックマンゼクス
street fighter zero (series),3,3489,,ストリートファイターzero
final fantasy viii,3,3487,,ファイナルファンタジーVIII
pokemon journeys,3,3487,pokemon swsh (anime),ポケットモンスター(アニポケ第7シリーズ)
overlord (maruyama),3,3463,,オーバーロード(アニメ)
project voltage,3,3461,,ポケミク
yu-gi-oh! 5d's,3,3443,,遊戯王5D's女性向け
azumanga daioh,3,3439,,あずまんが大王
death note,3,3425,,デスノート
fire emblem echoes: shadows of valentia,3,3411,,ファイアーエムブレムEchoesもうひとりの英雄王
tokyo ghoul,3,3400,,東京グール
maria-sama ga miteru,3,3400,,マリア様がみてる
cookie run: kingdom,3,3394,,クッキーランキングダム
umamusume: cinderella gray,3,3389,,ウマ娘シンデレラグレイ
rabbit hole (vocaloid),3,3369,,ラビットホール
nichijou,3,3352,,日常(あらゐけいいち)
fate/prototype,3,3345,,運命/プロトタイプ
wizarding world,3,3337,,ウィザーディング・ワールド
mother (series),3,3330,mother (game),MOTHERシリーズ
futari wa precure,3,3318,,ふたりはプリキュア
senran kagura new link,3,3308,,シノビマスター閃乱カグラNewLink
girlfriend (kari),3,3302,,ガールフレンド(仮)
resident evil 4,3,3285,,バイオハザード4
wonderful precure!,3,3272,"wonderful precure,wonderful pretty cure,wonderful pretty cure!",わんだふるぷりきゅあ!
kara no kyoukai,3,3271,,空の境界
chaos;head,3,3265,,カオスヘッド
22/7,3,3264,,ナナブンノニジュウニ
mihoyo,3,3264,mihoyo technology (shanghai) co. ltd.,米哈游
emil chronicle online,3,3262,,エミルクロニクルオンライン
kanon,3,3259,,カノン
holostars english,3,3234,,ホロスターズEnglish
yuri!!! on ice,3,3211,,ユーリ!!!onICE
go! princess precure,3,3200,"go! princess pretty cure,go princess pretty cure",Go!プリンセスプリキュア
evangelion: 2.0 you can (not) advance,3,3199,,ヱヴァンゲリヲン新劇場版:破
closers,3,3198,,クローザーズ
twitter,3,3192,x (website),ツイッター
inuyasha,3,3188,,犬夜叉
final fantasy vii: advent children,3,3187,final fantasy vii advent children,アドベントチルドレン
pokemon gold/silver/crystal,3,3187,pokemon gsc,ポケモンGS
komi-san wa komyushou desu,3,3183,,古見さんは、コミュ症です。
ikkitousen,3,3175,,一騎当千
sayonara zetsubou sensei,3,3172,,さよなら絶望先生
oshiro project:re,3,3168,"oshiro project,oshiro project re,shiropro,shiropro:re",御城プロジェクト:RE
make heroine ga oo sugiru!,3,3167,"makeine,too many losing heroines!",負けヒロインが多すぎる!
kimi no koto ga dai dai dai dai daisuki na 100-nin no kanojo,3,3150,"hyakkano,the 100 girlfriends who really really really really really love you",君のことが大大大大大好きな100人の彼女
danganronpa 3 (anime),3,3142,,ダンガンロンパ3
yes! precure 5,3,3137,,Yes!プリキュア5
grimms notes,3,3133,,グリムノーツ
spider-verse,3,3131,,蜘蛛宇宙
warcraft,3,3111,,ウォークラフト
persona 3 portable,3,3102,,ペルソナ3ポータブル
magical mirai (vocaloid),3,3102,,マジカルミライ
happinesscharge precure!,3,3088,"happiness charge pretty cure,happiness charge pretty cure!,happinesscharge pretty cure,happinesscharge pretty cure!",ハピネスチャージプリキュア!
shakugan no shana,3,3084,,灼眼のシャナ
promare,3,3040,,プロメア
blue lock,3,3036,,ブルーロック
poptepipic,3,3036,,ポプテピピック
soulcalibur,3,3014,,ソウルキャリバー
gundam zz,3,3007,,機動戦士ガンダムZZ
dark souls i,3,3005,,ダークソウル
mon-musu quest!,3,2996,,もんむす・くえすと!
brave witches,3,2972,,ブレイブウィッチーズ
fate/samurai remnant,3,2968,,サムレム
atelier ryza 1,3,2964,,ライザのアトリエ
working!!,3,2959,,働く！！
the legend of luo xiaohei,3,2946,"luo xiaohei zhanji,the legend of hei",罗小黑战记
dragon ball (classic),3,2929,,ドラゴンボール
my melody (series),3,2908,,マイメロディ
yume nikki,3,2905,,ゆめにっき
mob psycho 100,3,2897,,モブサイコ100
sword art online: alicization,3,2894,,アリシゼーション
m.u.g.e.n,3,2887,,M.U.G.E.N
honkai gakuen,3,2884,"benghuai xueyuan,guns girl z",崩坏学园2
tales of the abyss,3,2882,,テイルズ・オブ・ジ・アビス
toji no miko,3,2873,katana maidens,刀使の巫女
girls' frontline neural cloud,3,2851,"neural cloud,project neural cloud",ニューラルクラウド
aria (manga),3,2849,,アリア
vedal ai,3,2844,,ネウロ様
berserk,3,2838,,ベルセルク
final fantasy x,3,2830,,ファイナルファンタジーX
breath of fire,3,2829,,ブレスオブファイア
hidamari sketch,3,2818,,ひだまりスケッチ
senpai ga uzai kouhai no hanashi,3,2795,,先輩がうざい後輩の話
final fantasy iv,3,2793,,ファイナルファンタジーIV
shantae (series),3,2791,,シャンティ
little red riding hood (fairy tale),3,2791,,赤ずきん
harry potter (series),3,2784,,ハリポタ
superman (series),3,2781,,スーパーマン
sana channel,3,2780,,名取さな
tales of symphonia,3,2768,,テイルズ・オブ・シンフォニア
dragon quest iv,3,2766,,ドラゴンクエスト4
tokidoki bosotto roshia-go de dereru tonari no alya-san,3,2743,"alya sometimes hides her feelings in russian,roshidere,tokidoki bosotto roshia-go de dereru tonari no arya-san",時々ボソッとロシア語でデレる隣のアーリャさん
pokemon the series: xy,3,2740,"pokemon x and y (anime),pokemon xy (anime)",XY(アニポケ)
brown dust (series),3,2739,,棕色尘埃(系列)
live a hero,3,2732,,ラブヒロ
tales of xillia,3,2728,,テイルズ・オブ・エクシリア
mega man legends (series),3,2712,,ロックマンDASH
seiken densetsu,3,2701,,聖剣伝説
mahou shoujo ni akogarete,3,2698,"gushing over magical girls,looking up to magical girls",魔法少女にあこがれて
hayate no gotoku!,3,2696,,ハヤテのごとく!
dragon quest xi,3,2682,,ドラクエ11
world of warcraft,3,2673,,ワールドオフウォークラフト
dairoku ryouhei,3,2671,jaeger six,第六猟兵
choukou (alicesoft),3,2660,,超昂シリーズ
onmyoji,3,2656,,陰陽師(ゲーム)
final fantasy v,3,2652,,ファイナルファンタジーV
fire emblem cipher,3,2651,,ファイアーエムブレム0
brown dust 2,3,2648,,ブラダス2
macross delta,3,2647,,マクロスΔ
street fighter iv (series),3,2637,,ストリートファイターIV
di gi charat,3,2631,,デ・ジ・キャラット
elden ring nightreign,3,2630,,エルデンリング:ナイトレイン
cinderella series,3,2630,,シンデレラシリーズ
zombie stage,3,2624,,血鬼舞台
new game!,3,2613,,ニューゲーム
teen titans,3,2612,,ティーンタイタンズ
to love-ru darkness,3,2604,,ToLOVEるダークネス
hachigatsu no cinderella nine,3,2601,,八月のシンデレラナイン
rune factory,3,2601,,ルーンファクトリー
durarara!!,3,2593,,デュラララ!!
saenai heroine no sodatekata,3,2584,,冴えない彼女の育てかた
watashi ni tenshi ga maiorita!,3,2578,,私に天使が舞い降りた!
lawson,3,2574,,ローソン
final fantasy tactics,3,2571,,ファイナルファンタジータクティクス
uzaki-chan wa asobitai!,3,2569,,宇崎ちゃんは遊びたい!
microsoft windows,3,2566,,マイクロソフトウィンドウズ
mahou tsukai no yoru,3,2560,witch on the holy night,魔法使いの夜
star twinkle precure,3,2560,star twinkle pretty cure,スタートゥインクルプリキュア
adventure time,3,2551,"adventure time: elements,adventure time: islands,adventure time: stakes",アドベンチャー・タイム
muv-luv alternative,3,2532,muvluv alternative,マブラヴオルタネイティヴ
dolphin wave,3,2519,,ドルフィンウェーブ
.live,3,2512,,ドットライブ
ghost in the shell,3,2501,koukaku kidoutai,攻殻機動隊
mabinogi,3,2500,,マビノギ
shinryaku! ikamusume,3,2495,,侵略!イカ娘
coca-cola,3,2492,,コカ・コーラ
godzilla (series),3,2485,,ゴジラ怪獣
funamusea,3,2479,,海底囚人
steins;gate 0,3,2474,,シュタインズゲートゼロ
fire emblem warriors: three hopes,3,2472,fire emblem: three hopes,ファイアーエムブレム無双風花雪月
super sentai,3,2468,,スーパー戦隊シリーズ
ijiranaide nagatoro-san,3,2461,,イジらないで、長瀞さん
under night in-birth,3,2460,,アンダーナイトインヴァース
cinderella girls gekijou,3,2441,,シンデレラガールズ劇場
tropical-rouge! precure,3,2440,"tropical-rouge! pretty cure,tropical-rouge precure,tropical-rouge pretty cure,tropical rouge precure,tropical rouge pretty cure",トロピカル〜ジュ!プリキュア
mega man battle network (series),3,2411,mega man battle network,ロックマンエグゼ
idolmaster 2,3,2410,,アイドルマスター2
digimon adventure,3,2408,,デジモンアドベンチャー
persona 5 the royal,3,2408,,ペルソナ5R
castlevania (series),3,2406,castlevania,悪魔城ドラキュラ
dragon quest v,3,2406,,ドラゴンクエスト5
nisemonogatari,3,2403,,偽物語
wild arms,3,2402,,ワイルドアームズ
yuusha de aru,3,2401,,勇者であるシリーズ
trigun,3,2397,,トライガン
embodiment of scarlet devil,3,2395,,東方紅魔郷
sengoku basara,3,2390,,戦国BASARAシリーズ
black lagoon,3,2390,,ブラックラグーン
lord of the mysteries,3,2384,,诡秘之主
dragon ball gt,3,2384,,ドラゴンボールGT
call of duty,3,2383,,コールオブデューティ
kirakira precure a la mode,3,2380,"kira kira pretty cure,kira kira pretty cure a la mode,kirakira pretty cure,kirakira pretty cure a la mode,pretty cure a la mode",キラキラ☆プリキュアアラモード
saga,3,2377,,サガシリーズ
kill me baby,3,2377,,キルミーベイベー
guilty crown,3,2371,,ギルティクラウン
duel masters,3,2371,,デュエル・マスターズ
show by rock!!,3,2367,,SB69ファン創作
dengeki moeoh,3,2365,dengeki moeou,電撃萌王
touhou tag dream,3,2359,,夢の東方タッグ編
sword girls,3,2359,,ソードガールズ
bishoujo senshi sailor moon s,3,2358,,美少女戦士セーラームーンスーパー
silent hill (series),3,2358,,サイレントヒルシリーズ
gundam unicorn,3,2355,,ガンダムUC
gundam build fighters try,3,2351,,ガンダムビルドファイターズトライ
chaos;child,3,2350,,カオスチャイルド
delicious party precure,3,2346,delicious party pretty cure,デリシャスパーティ♡プリキュア
god eater,3,2345,,ゴッドイーター
digimon card game,3,2331,,デジモンカードゲーム
hugtto! precure,3,2331,"hug it! pretty cure,hug it pretty cure,hugtto! pretty cure,hugtto pretty cure",HuGっと!プリキュア
dorohedoro,3,2327,,ドロヘドロ
rance (series),3,2323,,ランスシリーズ
waktaverse,3,2322,,ワクタバース
sakura taisen,3,2314,,サクラ大戦
tensei shitara slime datta ken,3,2312,tensura,転生したらスライムだった件
minecraft youtube,3,2308,mcyt,美城云庭
hollow knight: silksong,3,2306,,
avengers (series),3,2305,,アベンジャーズ
super mario galaxy,3,2302,,スーパーマリオギャラクシー
yuuki bakuhatsu bang bravern,3,2301,bang brave bang bravern,勇気爆発バーンブレイバーン
kusuriya no hitorigoto,3,2286,the apothecary diaries,薬屋のひとりごと
arcaea,3,2271,,アーケア
ryuu ga gotoku (series),3,2269,"like a dragon (series),ryuu ga gotoku",龍が如く
dissidia final fantasy,3,2269,,ディシディア
alchemy stars,3,2269,,白夜極光
air (visual novel),3,2269,,AIR(ゲーム)
randal's friends,3,2268,,ランフレン
utawarerumono (series),3,2267,utawarerumono,うたわれるもの
keroro gunsou,3,2247,,ケロロ軍曹
fatal frame,3,2244,,零(ゲーム)
yu-gi-oh! arc-v,3,2244,,遊戯王ARC-V女性向け
shiguang dailiren,3,2244,,时光代理人
final fantasy xvi,3,2243,,ファイナルファンタジー16
idolmaster dearly stars,3,2237,,アイドルマスターディアリースターズ
slam dunk (series),3,2228,,スラムダンク
melonbooks,3,2226,,メロンブックス
gensou suikoden,3,2224,,幻想水滸伝
karakai jouzu no takagi-san,3,2222,,からかい上手の高木さん
tokyo revengers,3,2221,,東京リベンジャーズ
heaven's feel,3,2220,,天国の雰囲気
dragon's crown,3,2219,,ドラゴンズクラウン
doraemon,3,2217,,ドラえもん
scott pilgrim (series),3,2214,,スコット・ピルグリム
senran kagura shoujo-tachi no shin'ei,3,2213,,閃乱カグラ-少女達の真影-
lovebrush chronicles,3,2209,for all time,時空の絵旅人
free!,3,2200,,Free!プラス
crisis core: final fantasy vii,3,2200,crisis core final fantasy vii,クライシスコア
kin-iro mosaic,3,2194,,きんいろモザイク
final fantasy xv,3,2190,,ファイナルファンタジーXV
boku no kokoro no yabai yatsu,3,2188,,僕の心のヤバイやつ
goblin slayer!,3,2183,,ゴブリンスレイヤー
ano hi mita hana no namae wo bokutachi wa mada shiranai.,3,2183,,あの日見た花の名前を僕達はまだ知らない。
mahou girls precure!,3,2182,"maho girls pretty cure,maho girls pretty cure!,mahou girls pretty cure,mahou girls pretty cure!,mahou tsukai pretty cure,mahou tsukai pretty cure!,mahoutsukai pretty cure,mahoutsukai pretty cure!,witchy precure,witchy precure!,witchy pretty cure,witchy pretty cure!",魔法つかいプリキュア!
mickey mouse & friends,3,2180,,ミッキー&フレンズ
fuwa fuwa cinnamoroll,3,2169,,ふわふわ♥シナモン
neverness to everness,3,2167,nte,NTEイラコンFA
watashi ga koibito ni nareru wake naijan murimuri!,3,2164,"there's no freaking way i'll be your lover! unless...,watanare,watashi ga koibito ni nareru wake naijan murimuri",わたしが恋人になれるわけないじゃん、ムリムリ!
senren banka,3,2152,,千恋*万花
indie utaite,3,2148,,
mega man star force (series),3,2136,,流星のロックマン
va-11 hall-a,3,2136,,ヴァルハラ
pokemon the series: diamond and pearl,3,2133,"pokemon diamond and pearl (anime),pokemon dppt (anime)",アニポケDP
counter:side,3,2132,,カウンターサイド
steven universe,3,2131,,スティーブン・ユニバース
d.gray-man,3,2128,,ディー・グレイマン
pokemon platinum,3,2106,,ポケットモンスタープラチナ
futaba channel,3,2104,,ふたば☆ちゃんねる
deadpool (series),3,2102,,
darker than black,3,2101,,黒の契約者
ryuuou no oshigoto!,3,2098,,りゅうおうのおしごと!
gundam tekketsu no orphans,3,2098,,機動戦士ガンダム鉄血のオルフェンズ
magi the labyrinth of magic,3,2092,,マギ
sinoalice,3,2085,,シノアリス
kimi to idol precure,3,2081,"kimi to idol pretty cure,you and idol precure,you and idol pretty cure",キミとアイドルプリキュア♪
evangelion: 3.0+1.0 thrice upon a time,3,2080,,シン・エヴァンゲリオン劇場版
among us,3,2079,,アマングアス
galaxy angel,3,2079,,ギャラクシーエンジェル
world trigger,3,2076,,ワールドトリガー
bayonetta (series),3,2072,,ベヨネッタ
shokugeki no souma,3,2065,,食戟のソーマ
kpop demon hunters,3,2062,,KPOPガールズ!デーモン・ハンターズ
seiken densetsu 3,3,2062,,聖剣伝説3
danganronpa another episode: ultra despair girls,3,2060,,絶対絶望少女
frozen (disney),3,2060,,アナと雪の女王
love plus,3,2059,,ラブプラス
isegye idol,3,2057,,
hellsing,3,2056,,ヘルシング
avatar: the last airbender,3,2052,,アバター伝説の少年アン
xenoblade chronicles 1,3,2051,xenoblade chronicles,ゼノブレイド(初代作)
black clover,3,2050,,ブラクロ
sora no kiseki,3,2044,,空の軌跡
seishun buta yarou,3,2043,,青春ブタ野郎
char's counterattack,3,2043,,機動戦士ガンダム逆襲のシャア
homicipher,3,2040,,文字化化
the legend of zelda: skyward sword,3,2039,,スカイウォードソード
team fortress 2,3,2035,,チームフォートレス2
tales of zestiria,3,2030,,テイルズ・オブ・ゼスティリア
fear & hunger (series),3,2026,,
dark souls iii,3,2024,,ダークソウル3
luigi's mansion,3,2021,,ルイージマンション
ib (kouri),3,2020,,イヴ
tenka hyakken,3,2014,,天華百剣
tales of asteria,3,2004,,テイルズオブアスタリア
my-hime,3,2001,,舞-HiME
dragon ball fighterz,3,2001,,ドラゴンボールファイターズ
toaru majutsu no index: old testament,3,1991,,
saint seiya,3,1987,,セイントセイヤ
jojolion,3,1982,,ジョジョリオン
fallout,3,1981,fallout (series),フォールアウト
re:stage!,3,1980,,re:ステージ
majo no tabitabi,3,1976,,魔女の旅々
hello kitty,3,1970,,ハローキティ
bungou stray dogs,3,1965,,文豪ストレイドッグス
amagi brilliant park,3,1964,,甘城ブリリアントパーク
aotu world,3,1956,,凹凸世界
newtype,3,1954,,ニュータイプ
street fighter iii (series),3,1953,,ストリートファイターIII
maplestory,3,1948,,メイプルストーリー
kuroko no basuke,3,1947,,黒子のバスケ
sakura no sekai,3,1943,,桜の世界
tales of graces,3,1936,,テイルズ・オブ・グレイセス
tsugu (vtuber),3,1935,,鳩羽つぐ
aoki hagane no arpeggio,3,1923,,蒼き鋼のアルペジオ
mother 2,3,1916,,MOTHER2_ギーグの逆襲
xenosaga,3,1912,,ゼノサーガ
degrees of lewdity,3,1912,,
goodsmile company,3,1908,,グッドスマイルカンパニー
dr. stone,3,1906,,ドクターストーン
koihime musou,3,1906,,モバ恋姫
nu carnival,3,1900,,NUカーニバル
metaphor: refantazio,3,1898,,メタファー:リファンタジオ
phantom of the kill,3,1894,,ファントムオブキル
beatmania iidx,3,1891,,ビートマニア
mario kart,3,1888,,マリオカート
yotsubato!,3,1887,,よつばと!
persona 3 reload,3,1885,,ペルソナ3リロード
hypnosis mic,3,1881,hypmic,ヒプノシスマイク
fate/extella,3,1877,,フェイト/エクステラ
bombergirl,3,1876,,ボンバーガール
shoujo shuumatsu ryokou,3,1876,,少女終末旅行
resident evil 4 (remake),3,1875,,バイオハザードRE:4
the legend of zelda: the wind waker,3,1871,,風のタクト
pokemon go,3,1866,,ポケモンGO
the ring,3,1863,,リング
gyee,3,1862,,サンクタス戦記
little nuns (diva),3,1854,,リトルナン（歌姫）
uchi no hime-sama ga ichiban kawaii,3,1852,,ウチの姫さまがいちばんカワイイ
pokemon: let's go pikachu! and let's go eevee!,3,1851,"pokemon: let's go eevee!,pokemon: let's go pikachu!,pokemon lgpe",ピカブイ
call of duty: modern warfare 2,3,1845,,コールオブデューティモダン・ウォーフェア2
nier,3,1842,,ニーアゲシュタルト
armored core,3,1840,,アーマードコア
world flipper,3,1837,,ワールドフリッパー
pangya,3,1837,,パンヤ
aldnoah.zero,3,1836,,アルドノア・ゼロ
snk,3,1835,,snk
resident evil requiem,3,1835,resident evil 9,バイオハザードレクイエム
tears of themis,3,1835,,未定事件簿
powerpuff girls,3,1832,,パワーパフガールズ
grisaia (series),3,1831,,グリザイアシリーズ
nintendo,3,1831,,にんてんどう
shironeko project,3,1827,,白猫プロジェクト
dragalia lost,3,1826,,ドラガリアロスト
hataraku saibou,3,1826,,はたらく細胞
saki achiga-hen,3,1819,,阿知賀編
kanojo okarishimasu,3,1816,,彼女、お借りします
suzumiya haruhi no shoushitsu,3,1814,,涼宮ハルヒの消失
guilty gear xx,3,1813,guilty gear xx accent core,ギルティギアイグゼクス
kizuna ai inc.,3,1812,,キズナアイ
ongeki,3,1809,,オンゲキ
warioware,3,1809,,メイドインワリオ
transformers: generation 1,3,1807,,戦え!超ロボット生命体トランスフォーマー
tokimeki memorial,3,1801,,ときめきメモリアル
goodsmile racing,3,1799,,グッドスマイルレーシング
lupin iii,3,1796,,ルパン三世
sen no kiseki i,3,1795,,閃の軌跡
lord el-melloi ii case files,3,1789,,ロード・エルメロイII世の事件簿
dagashi kashi,3,1785,,だがしかし
kamiina botan yoeru sugata wa yuri no hana,3,1784,,上伊那ぼたん、酔へる姿は百合の花
project tokyo dolls,3,1782,,プロジェクト東京ドールズ
jashin-chan dropkick,3,1782,,邪神ちゃんドロップキック
tobaku mokushiroku kaiji,3,1774,"gyakkyou burai kaiji: ultimate survivor,kaiji",カイジ
kingdom hearts ii,3,1773,,キングダムハーツ2
monster hunter rise,3,1771,,モンスターハンターライズ
world cup,3,1767,,ワールドカップ
subarashiki hibi,3,1764,"subahibi,wonderful everyday",素晴らしき日々~不連続存在~
gnosia,3,1764,,グノーシア
healin' good precure,3,1761,"healin' good pretty cure,healin good pretty cure,healing good pretty cure",ヒーリングっど♥プリキュア
sanoba witch,3,1758,sabbat of the witch,サノバウィッチ
riddle joker,3,1756,,リドルジョーカー
shin jigen game neptune vii,3,1755,,新次元ゲイムネプテューヌVII
gabriel dropout,3,1752,,ガヴリールドロップアウト
epic seven,3,1745,,エピックセブン
octopath traveler,3,1740,,オクトパストラベラー
nekopara,3,1740,,ネコぱら
choujigen game neptune,3,1738,,超次元ゲイムネプテューヌ
heaven official's blessing,3,1734,"tian guan ci fu,tianguan cifu",天官赐福
summon night,3,1734,,サモンナイト
kyoukaisenjou no horizon,3,1732,,境界線上のホライゾン
inazuma eleven go chrono stone,3,1731,,イナズマイレブンGOクロノ・ストーン
ruri no houseki,3,1731,ruri rocks,瑠璃の宝石
south park,3,1730,,サウスパーク
one piece card game,3,1729,"one piece tcg,one piece trading card game",ONEPIECEカードゲーム
mahou shoujo ikusei keikaku,3,1728,,まほいく
g gundam,3,1728,"kidou butouden g gundam,mobile fighter g gundam",機動武闘伝Gガンダム
tokyo 7th sisters,3,1726,,Tokyo7thシスターズ
jikkyou powerful pro yakyuu,3,1721,power pros,実況パワフルプロ野球
fortnite,3,1719,,フォートナイト
love live! school idol festival all stars,3,1718,,ラブライブ!スクールアイドルフェスティバルALLSTARS
toaru majutsu no index: new testament,3,1716,,新約とある魔術の禁書目録
nyantype,3,1715,,娘TYPE
rewrite,3,1702,,リライト
shoujo kakumei utena,3,1697,,少女革命ウテナ
fate/prototype: fragments of blue and silver,3,1695,,Fate/Prototype蒼銀のフラグメンツ
kannagi,3,1693,,かんなぎ
senjou no valkyria (series),3,1692,,戦場のヴァルキュリア
star fox,3,1690,,スターフォックス
shadow slave,3,1690,,
doukyuusei (series),3,1690,,同級生
mesmerizer (vocaloid),3,1689,,メズマライザー
chrono trigger,3,1683,,クロノトリガー
tales of berseria,3,1681,,テイルズオブベルセリア
tongari boushi no atelier,3,1681,witch hat atelier,とんがり帽子のアトリエ
monster strike,3,1678,,モンスターストライク
comiket 105,3,1676,c105,コミケ105
slayers,3,1673,,スレイヤーズ
cardfight!! vanguard,3,1670,,カードファイト!!ヴァンガード
final fantasy xiii,3,1670,,ファイナルファンタジーxiii
dragon quest x,3,1669,,ドラゴンクエスト10
katekyo hitman reborn!,3,1669,,家庭教師ヒットマンREBORN!
devil may cry 5,3,1666,,デビルメイクライ5
wixoss,3,1664,,ウィクロス
katawa shoujo,3,1662,,かたわ少女
yuuki yuuna wa yuusha de aru,3,1660,,結城友奈は勇者である
quiz magic academy,3,1659,,クイズマジックアカデミー
miracle nikki,3,1658,love nikki,ミラクルニキ
fantastic four,3,1656,,ファンタスティック・フォー
black souls,3,1652,,黒い魂
elden ring: shadow of the erdtree,3,1652,,黄金樹の影
tamako market,3,1652,,たまこまーけっと
pokemon the series: ruby and sapphire,3,1651,"pokemon rse (anime),pokemon ruby and sapphire (anime)",アドバンスジェネレーション
comiket 107,3,1651,c107,コミケ107
reitaisai 8 contest,3,1650,,
liz to aoi tori,3,1643,liz and the blue bird,リズと青い鳥
signalis,3,1641,,シグナーリス
comiket 106,3,1639,c106,コミケ106
the coffin of andy and leyley,3,1631,,アンディとレイレイの棺
hades (series),3,1629,hades (game),ハデス（ゲーム）
serial experiments lain,3,1629,,シリアルエクスペリメンツレイン
yama no susume,3,1628,,ヤマノススメ
nige jouzu no wakagimi,3,1627,"nigejozu no wakagimi,nigewaka",逃げ上手の若君
youtube,3,1617,,ユーチューブ
the legend of zelda: a link between worlds,3,1613,,神々のトライフォース2
haiyore! nyaruko-san,3,1608,,這いよれ!ニャル子さん
sd gundam,3,1608,,SDガンダム
the legend of korra,3,1606,,ザ・レジェンド・オブ・コーラ
to heart,3,1606,,トゥハート
high school fleet,3,1599,,はいふり
sword art online: code register,3,1598,,コード・レジスタ
shoujo kageki revue starlight -re live-,3,1594,,スタリラ
hikaru ga shinda natsu,3,1591,the summer hikaru died,光が死んだ夏
metal slug,3,1581,,メタルスラッグ
paper mario (series),3,1581,paper mario,ペーパーマリオ
yuyushiki,3,1580,,ゆゆ式
9-nine-,3,1574,,9-nine-ここのつここのかここのいろ
kuro no kiseki i,3,1572,trails through daybreak,黎の軌跡
toranoana,3,1571,,コミックとらのあな
medalist (manga),3,1570,,メダリスト(漫画)
kuroshitsuji,3,1565,,黒執事ファンアート
eureka seven (series),3,1565,,エウレカセブン
no game no life,3,1564,,ノーゲーム・ノーライフ
donkey kong (series),3,1563,,ドンキーコングシリーズ
pani poni dash!,3,1560,,ぱにぽに
eve online,3,1554,,イブオンライン
osomatsu-kun,3,1553,,おそ松くん
tenshi souzou re-boot!,3,1551,tenshi souzou,天使騒々
super robot wars original generation,3,1544,,スーパーロボット大戦OG
gundam wing,3,1542,,ガンダムW
kimi no na wa.,3,1539,,君の名は。
fear & hunger 2: termina,3,1535,,
tera online,3,1533,,Tera Online
evillious nendaiki,3,1531,,エヴィリオス
makai senki disgaea,3,1531,,魔界戦記ディスガイア
youkoso jitsuryoku shijou shugi no kyoushitsu e,3,1531,,ようこそ実力至上主義の教室へ
cowboy bebop,3,1529,,カウボーイビバップ
vsinger (vocaloid),3,1522,,
final fantasy xii,3,1521,,ファイナルファンタジーxii
dog days,3,1516,,ドッグデイズ
aikatsu stars!,3,1514,,アイカツスターズ!
cookie run: ovenbreak,3,1513,,
7th dragon (series),3,1511,,セブンスドラゴン
the great ace attorney,3,1511,,大逆転裁判
starbucks,3,1509,,スターバックス
the moon studio,3,1507,,ピンキー・ポップ・ヘップバーン
senran kagura shinovi versus,3,1506,,少女達の証明
eddsworld,3,1505,,エッズワールド
shugo chara!,3,1505,,しゅごキャラ!
spider-man: into the spider-verse,3,1504,,スパイダーマン:スパイダーバース
gundam seed freedom,3,1504,,機動戦士ガンダムSEEDFREEDOM
cafe stella to shinigami no chou,3,1503,,喫茶ステラと死神の蝶
comiket 104,3,1502,c104,コミケ104
the elder scrolls,3,1502,,上古捲軸
youjo senki,3,1498,,幼女战记
mother 3,3,1497,,マザー3
shining (series),3,1497,,シャイニングシリーズ
zero no kiseki,3,1495,,零の軌跡
toshi densetsu kaitai center,3,1489,urban myth dissolution center,都市伝説解体センター
capcom,3,1488,,カプコン
futsuu no keion-bu,3,1487,girl meets rock!,ふつうの軽音部
shuuniichido classmate wo kau hanashi,3,1486,,週に一度クラスメイトを買う話
arcana heart,3,1480,,アルカナハート
resident evil 2,3,1479,,バイオハザード2
d4dj,3,1479,,グルミク
the legend of zelda: majora's mask,3,1479,,ムジュラの仮面
star ocean: the second story,3,1478,star ocean the second story,スターオーシャン2
ryuuko no ken,3,1476,,龍虎の拳
gundam: hathaway's flash,3,1475,"gundam brilliant hathaway,gundam hathaway's flash",閃光のハサウェイ
ar tonelico,3,1475,,アルトネリコ
ssss.dynazenon,3,1474,,ダイナゼノン
kami nomi zo shiru sekai,3,1472,,神のみぞ知るセカイ
valorant,3,1470,,ヴァロラント
kouyoku senki exs-tia concert,3,1470,,光翼戦姫エクスティアコンチェルト
ben 10,3,1467,,ベン10
mahou shoujo lyrical nanoha vivid,3,1466,,魔法少女リリカルなのはVivid
roblox,3,1463,,ロブロックス
.hack//,3,1462,,ドットハック
scott pilgrim takes off,3,1461,,スコット・ピルグリムテイクス・オフ
manatsu no yo no inmu,3,1460,,真夏の夜の淫夢
blend s,3,1449,,ブレンド・S
sen no kiseki iii,3,1449,,閃の軌跡III
eureka seven,3,1448,,交響詩篇エウレカセブン
soulworker,3,1445,soul worker,ソウルワーカー
doukyuusei another world,3,1443,,同級生~AnotherWorld~
spider-man: across the spider-verse,3,1443,,スパイダーマン:アクロス・ザ・スパイダーバース
da capo,3,1439,,ダ・カーポ
comiket 103,3,1438,c103,コミケ103
five nights at freddy's,3,1437,fnaf,ファイブナイツアットフレディーズ
mahou senshi (series),3,1433,,魔法戦士シリーズ
the king of fighters xv,3,1432,,ファイターズXVの王
dragon quest ii,3,1430,,ドラゴンクエスト2
gundam build divers,3,1426,,ガンダムビルドダイバーズ
azure striker gunvolt,3,1425,,蒼き雷霆ガンヴォルト
nagi no asukara,3,1425,,凪のあすから
douluo dalu,3,1425,,斗罗大陆
kourin tenshi en ciel rena,3,1420,,光臨天使エンシェル・レナ
miside,3,1420,,ミサイド
ark order,3,1416,,アークオーダー
azur lane: slow ahead,3,1415,,びそくぜんしんっ!
dead or alive 5,3,1414,,デッドオアアライブ5
sekaiju no meikyuu 3,3,1413,,世界樹の迷宮3
monster hunter: world,3,1413,,モンスターハンター:ワールド
monitoring (vocaloid),3,1409,,モニタリング
bishoujo senshi sailor moon stars,3,1406,,美少女戦士セーラームーンセーラースターズ
shirobako,3,1403,,シロバコ
assassin's creed (series),3,1400,,アサシンクリード
ta ga tame no alchemist,3,1396,dare ga tame no alchemist,誰ガ為のアルケミスト
princess principal,3,1395,,プリンセス・プリンシパル
vividred operation,3,1393,,ビビッドレッド・オペレーション
puyopuyo 20th anniversary,3,1389,,ぷよぷよ20th
kino no tabi,3,1386,,キノの旅
gekkan shoujo nozaki-kun,3,1385,,月刊少女野崎くん
overwatch 2,3,1382,,オーバーウォッチ2
stellar blade,3,1380,,ステラブレイド
street fighter ii (series),3,1379,,ストリートファイターII
plants vs. zombies,3,1377,plants vs zombies,プラントvsゾンビ
getsuyoubi no tawawa,3,1375,,月曜日のたわわ
z/x,3,1368,,未来エターナルアーク
strike witches: suomus misfits squadron,3,1366,,ストライクウィッチーズ
my-otome,3,1366,,舞-乙HiME
girls und panzer senshadou daisakusen!,3,1365,,ガールズ&パンツァー戦車道大作戦!
pretty rhythm,3,1365,,プリティーリズム
gravity falls,3,1363,,怪奇ゾーングラビティフォールズ
resident evil 3: nemesis,3,1363,resident evil 3,バイオハザード3
devil survivor (series),3,1359,,
marvel vs. capcom,3,1359,,マーヴルVSカプコン
xenogears,3,1358,,ゼノギアス
nanatsu no taizai,3,1353,,七つの大罪
kfc,3,1349,,ケンタッキーフライドチキン
dragon ball super broly,3,1348,,ドラゴンボール超ブロリー
spongebob squarepants (series),3,1348,,スポンジ・ボブ
mega man zx advent,3,1346,,ロックマンZXA
dragon quest viii,3,1344,,ドラゴンクエスト8
drag-on dragoon,3,1342,,ドラッグオンドラグーン
nijisanji kr,3,1338,,にじさんじKR
majo no takkyuubin,3,1335,,魔女の宅急便
comiket 102,3,1335,c102,コミケ102
non non biyori,3,1335,,のんのんびより
invincible (series),3,1333,,インビンシブル
taimanin asagi,3,1329,,対魔忍アサギ
aa megami-sama,3,1326,,ああっ女神さまっ
ichigo mashimaro,3,1325,,苺ましまろ
yu yu hakusho,3,1323,,幽白
comiket 108,3,1322,c108,コミケ108
helios rising heroes,3,1320,,エリオスR
tekken 8,3,1315,,鉄拳8
world dai star,3,1315,,ワールドダイスター
fate/grand order arcade,3,1314,,運命/グランドオーダーアーケード
gakkou gurashi!,3,1311,,がっこうぐらし!
metal gear solid,3,1310,,メタルギアソリッド
himouto! umaru-chan,3,1308,,干物妹!うまるちゃん
robotics;notes,3,1308,,ロボティクス・ノーツ
resident evil village,3,1307,,バイオハザード8
resident evil 6,3,1305,,バイオハザード6
deadpool & wolverine,3,1304,,デッドプール&ウルヴァリン
violet evergarden (series),3,1303,,ヴァイオレット・エヴァーガーデン
the witcher (series),3,1302,,ウィッチャー
pokemon emerald,3,1299,,ポケットモンスターエメラルド
pokemon mystery dungeon,3,1297,,ポケモン不思議のダンジョン
my little pony: equestria girls,3,1290,,エクエストリアガールズ
pixiv fantasia last saga,3,1289,,pixivファンタジアLS
puyopuyo quest,3,1288,,ぷよクエ
tokyo ghoul:re,3,1286,,東京喰種:re
kirby 64,3,1284,,星のカービィ64
dao gui yi xian,3,1283,,道诡异仙
one piece film: red,3,1282,,RED(ONEPIECEの映画)
studio ghibli,3,1281,,スタジオジブリ
devil may cry 3,3,1279,,デビルメイライス3
akame ga kill!,3,1278,,アカメが斬る!
nisekoi,3,1277,,ニセコイ
pop'n music,3,1277,,ポップンミュージック
fushigi no umi no nadia,3,1274,,ふしぎの海のナディア
utawarerumono: chiriyuku mono e no komoriuta,3,1272,utawarerumono: prelude to the fallen,
nijiura maids,3,1268,,虹裏メイド
kizumonogatari,3,1266,,傷物語
mawaru penguindrum,3,1266,,輪るピングドラム
kiratto pri chan,3,1265,,キラッとプリ☆チャン
ys,3,1264,,イース
shy (series),3,1260,,SHY-シャイ-
yu-gi-oh! zexal,3,1258,,遊戯王ZEXAL
key (company),3,1255,,Key(ゲームブランド)
shinkai no valkyrie,3,1255,,神界のヴァルキリー
splatoon 2: octo expansion,3,1250,,オクト・エキスパンション
kidou senkan nadesico,3,1248,,機動戦艦ナデシコ
ragnarok: guild masters,3,1248,,
sound voltex,3,1241,,サウンドボルテックス
minami-ke,3,1238,,みなみけ
denonbu,3,1237,,電音部美術部STACKバトル
ojamajo doremi,3,1237,,おジャ魔女どれみ
ikizulive! love live! bluebird,3,1233,,いきづらい部
dream c club (series),3,1231,,ドリームCクラブ（シリーズ）
kimi kiss,3,1228,,キミキス
hokuto no ken,3,1224,,北斗の拳
tensei oujo to tensai reijou no mahou kakumei,3,1224,"magirevo,tenten kakumei,the magical revolution of the reincarnated princess and the genius young lady",転生王女と天才令嬢の魔法革命
super real mahjong,3,1223,,スーパーリアル麻雀
2channel,3,1223,"2ch,5ch,5channel",2ちゃんねる
kai no kiseki,3,1222,,界の軌跡
dota (series),3,1220,,Dota（シリーズ）
the king of fighters xiv,3,1218,,王の王はxiv
busou shinki,3,1218,,武装神姫
ao no kiseki,3,1217,,碧の軌跡
imperishable night,3,1214,,東方永夜抄
idoly pride,3,1208,,アイドリープライド
helluva boss,3,1207,,ヘルヴァボス
cosmic break,3,1198,,コズミックブレイク
subterranean animism,3,1195,,東方地霊殿
sekai seifuku: bouryaku no zvezda,3,1195,,謀略のズヴィズダー
uchuu senkan yamato,3,1193,,宇宙戦艦ヤマト
code geass: lost stories,3,1192,,コードギアス反逆のルルーシュロストストーリーズ
sekaiju no meikyuu 1,3,1191,,世界樹の迷宮I
apple inc.,3,1191,,アップル社。
blue archive the animation,3,1189,,ブルアカTVアニメ
apollo justice: ace attorney,3,1189,,逆転裁判4
pixiv,3,1188,,pixiv
gridman universe (movie),3,1186,gridman x dynazenon,グリッドマンユニバース
capcom fighting jam,3,1185,,カプコンファイティングジャム
daiya no ace,3,1184,ace of diamond,ダイヤのA[エース]
disney,3,1183,,ディズニー
shin sangoku musou,3,1183,,真・三國無双シリーズ
fire emblem: thracia 776,3,1181,,トラキア776
dota 2,3,1180,,DOTA 2
mirai nikki,3,1180,,みらいにっき
trigun stampede,3,1175,trigun stargaze,
battle spirits,3,1174,,バトルスピリッツ
grand theft auto,3,1173,,グランドセフトオート
occultic;nine,3,1171,,オカルティックナイン
dream c club,3,1171,,ドリームクラブ
odin sphere,3,1171,,オーディンスフィア
en'en no shouboutai,3,1169,,炎炎ノ消防隊
pokemon unite,3,1166,,ポケモンユナイト
unicorn overlord,3,1166,,ユニコーンオーバーロード
shuffle!,3,1166,,シャッフル!
monster hunter wilds,3,1165,,モンハンワイルズ
fate/unlimited codes,3,1161,,運命/無制限のコード
blade & soul,3,1161,,ブレイドアンドソウル
star ocean: till the end of time,3,1156,star ocean till the end of time,スターオーシャン3
master detective archives: rain code,3,1151,,超探偵事件簿レインコード
hataraku maou-sama!,3,1150,,はたらく魔王さま!
perfect cherry blossom,3,1147,,東方妖々夢
guardian tales,3,1142,,ガーディアンテイルズ
final fight,3,1142,,ファイナルファイト
yes! precure 5 gogo!,3,1141,yes! pretty cure 5 gogo!,Yes!プリキュア5GOGO
yagate kimi ni naru,3,1139,,やがて君になる
pokemon ultra sun and ultra moon,3,1139,pokemon usum,ポケモンUSM
owari no seraph,3,1138,seraph of the end,終わりのセラフ
pokemon the series: black & white,3,1138,"pokemon black and white (anime),pokemon bw (anime)",ベストウイッシュ
king's raid,3,1137,,キングスレイド
dragon quest builders 2,3,1136,,ドラゴンクエストビルダーズ2
saya no uta,3,1136,the song of saya,沙耶の唄
toji no miko: kizamishi issen no tomoshibi,3,1133,,刀使の巫女刻みし一閃の燈火
magic knight rayearth,3,1133,,魔法騎士レイアース
kami jigen game neptune v,3,1129,,神次元ゲイムネプテューヌV
doom (series),3,1129,doom,ドゥーム
magic: the gathering,3,1128,,マジック:ザ・ギャザリング
taimanin yukikaze,3,1125,,対魔忍ユキカゼ
chiikawa,3,1124,,ちいかわ
highschool of the dead,3,1122,,ハイスクール・オブ・ザ・デッド
armored core vi: fires of rubicon,3,1121,armored core 6,アーマードコアVI
kirby and the forgotten land,3,1120,,星のカービィディスカバリー
taimanin rpgx,3,1119,,対魔忍RPG
guardians of the galaxy,3,1119,,ガーディアンズ・オブ・ザ・ギャラクシー
grandia,3,1117,,グランディア
black souls 2,3,1117,,
getter robo,3,1116,,ゲッターロボ
miraculous ladybug,3,1116,,ミラキュラス・レディバグ
aika (series),3,1111,,アイカ
sen to chihiro no kamikakushi,3,1111,,千と千尋の神隠し
halo (series),3,1110,,ハロー（シリーズ）
atelier ryza 2,3,1110,,ライザのアトリエ2
brand new animal,3,1109,,BNAイラコン
disneyland,3,1108,,ディズニーランド
mononoke hime,3,1106,,もののけ姫
square enix,3,1104,,スクウェアエニックス
yofukashi no uta,3,1104,,よふかしのうた
fukumoto mahjong,3,1104,,
arms (game),3,1103,,ARMS(ゲーム)
"don't say ""lazy""",3,1103,,「怠zy」と言わないでください
shin megami tensei v,3,1102,,真・女神転生V
flcl,3,1101,,フリクリ
kamen rider w,3,1098,,仮面ライダーW
charlotte (anime),3,1097,,Charlotte(アニメ)
little witch nobeta,3,1094,,リトルウィッチノベタ
esse series,3,1093,mitsudomoe koubou (series),エッセシリーズ
tenchi muyou!,3,1093,,天地無用!
moomin,3,1092,,ムーミン
the owl house,3,1088,,アウルハウス
hacka doll,3,1083,,ハッカドール
top wo nerae! (series),3,1083,,
virtuareal,3,1082,,名手
unfinished dream of all living ghost,3,1082,,東方獣王園
million arthur (series),3,1079,,ミリオンアーサーイラコン夏
another eidos-r,3,1078,,龍脈のアナザーエイドスR
mazinger (series),3,1077,,マジンガー
chrono cross,3,1075,,クロノ・クロス
dramatical murder,3,1073,,ドラマダ
idol wars,3,1073,,アイドルうぉーず
chromashift,3,1072,"idol (vtuber group),idol corp",
shadowverse: worlds beyond,3,1072,,シャドバWB
touhou cannonball,3,1072,,東方キャノンボール
cthulhu mythos,3,1072,,クトゥルフ神話
choujikuu yousai macross,3,1071,,超時空要塞マクロス
monster musume no iru nichijou online,3,1071,,モンスター娘のいる日常オンライン
kage no jitsuryokusha ni naritakute!,3,1069,"kagejitsu,the eminence in shadow",陰の実力者になりたくて!
zoids,3,1069,,ゾイド
aquarion (series),3,1069,,アクエリオン
sono hanabira ni kuchizuke wo,3,1067,,その花びらにくちづけを
curiosities of lotus asia,3,1065,,東方香霖堂
sewayaki kitsune no senko-san,3,1064,,世話やきキツネの仙狐さん
dark souls ii,3,1062,,ダークソウル2
journey to the west,3,1057,,西游记
merc storia,3,1056,,メルクストーリア
naruto: the last,3,1055,,ナルト：最後
bishoujo senshi sailor moon r,3,1055,,美少女戦士セーラームーンR
crave saga,3,1053,,クレイヴ・サーガ
world is mine (vocaloid),3,1053,,ワールドイズマイン
sister princess,3,1049,,シスタープリンセス
digimon adventure 02,3,1047,,デジモンアドベンチャー02
snowbreak: containment zone,3,1045,"project snow,snow break: forbidden descent",スノブレ
sonic the hedgehog (classic),3,1044,,ソニック・ザ・ヘッジホッグ（クラシック）
mega man x dive,3,1043,,ロックマンXDiVE
miku symphony (vocaloid),3,1041,,初音ミクシンフォニー
animal crossing: new horizons,3,1039,,あつまれどうぶつの森
mahou shoujo madoka magica movie 1 & 2,3,1039,,劇場版魔法少女まどか☆マギカ
choukou taisen escalation heroines,3,1036,escalation heroines,超昂大戦
sengoku musou,3,1032,,戦国無双
uta no prince-sama,3,1032,,うたの☆プリンスさまっ♪
turn a gundam,3,1031,,∀ガンダム
pokemon pokopia,3,1030,,ぽこあポケモン
line (naver),3,1029,,ライン
sega,3,1027,,セガ
yosuga no sora,3,1025,,ヨスガノソラ
shino to ren,3,1024,,志乃と恋
ookami (game),3,1023,,大神
rurouni kenshin,3,1022,,るろうに剣心
seitokai ni mo ana wa aru!,3,1018,"even the student council has its holes!,seitokai nimo anawa aru!",生徒会にも穴はある!
japanese urban legends,3,1018,"2channel (sharekowa),japanese creepypasta,occult (2channel)",日本の都市伝説
bishoujo senshi sailor moon (first season),3,1012,,
mermaid melody pichi pichi pitch,3,1012,,ぴちぴちピッチ
persona 2,3,1008,,ペルソナ2
sen no kiseki iv,3,1007,,閃の軌跡IV
arc the lad,3,1007,,アークザラッド
strike the blood,3,1005,,ストライク・ザ・ブラッド
dragon ball heroes,3,1004,,ドラゴンボールヒーローズ
drag-on dragoon 3,3,1003,,ドラッグオンドラグーン3
ao no exorcist,3,1003,,青の祓魔師
tolkien's legendarium,3,1003,,トールキン
sora no otoshimono,3,1002,,そらのおとしもの
dragon ball super super hero,3,1001,,スーパーヒーロー(ドラゴンボール)
tantei opera milky holmes,3,1001,,探偵オペラミルキィホームズ
maoyuu maou yuusha,3,1000,,まおゆう
call of cthulhu,3,998,,クトゥルフの呼び声
resident evil 5,3,998,,バイオハザード5
dead or alive xtreme,3,996,,デッドオアアライブエクストリ
sekiro: shadows die twice,3,995,,隻狼
kingdom hearts iii,3,995,,キングダムハーツ3
akira (manga),3,993,akira (movie),アキラ
tales of destiny,3,993,,テイルズ・オブ・デスティニー
deadlock (game),3,991,,デッドロック
tonari no totoro,3,991,,となりのトトロ
cardcaptor sakura clear card arc,3,990,,クリアカード編
xenoblade chronicles 3: future redeemed,3,990,,新たなる未来
tokyo mew mew,3,987,mew mew power,東京ミュウミュウ
koutetsujou no kabaneri,3,986,,甲鉄城のカバネリ
hades 1,3,985,,
tamagotchi,3,982,,たまごっち
bang dream! yumemita,3,978,bang dream! mugendai mewtype,夢限大みゅーたいぷ
eizouken ni wa te wo dasu na!,3,977,keep your hands off eizouken!,映像研には手を出すな!
futari wa precure splash star,3,977,,ふたりはプリキュアSplash☆Star
agent aika,3,976,,アイカ
gameoverse,3,976,,ゲーム・オバース
kakegurui,3,975,,賭ケグルイ
nekomonogatari,3,974,,猫物語
breath of fire ii,3,974,,ブレスオブファイア2
idolish7,3,974,idolish 7,アイドリッシュセブン
toaru kagaku no railgun t,3,973,,とある科学の超電磁砲T
destiny child,3,973,,デスティニーチャイルド
the elder scrolls v: skyrim,3,973,,ジ・エルダー・スクロールズ・ファイブ・スカイリム
magic kaito,3,973,,まじっく快斗
persona 4: the ultimate in mayonaka arena,3,971,,ペルソナ4ジ・アルティメットインマヨナカアリーナ
school rumble,3,971,,スクールランブル
egyptian mythology,3,970,,エジプト神話
greek mythology,3,970,,ギリシャ神話
yume 2kki,3,967,,ゆめ2っき
megido72,3,966,,メギド72
sound horizon,3,965,,サンホラ
gundam 0083,3,965,,機動戦士ガンダム0083
witches of africa,3,964,,アフリカの魔女
86 -eightysix-,3,963,,エイティシックス
tekken 7,3,962,,鉄拳7
mitsudomoe (manga),3,962,,みつどもえ
pixiv fantasia 5,3,960,,pixivファンタジアV
soukou akki muramasa,3,957,full metal daemon muramasa,装甲悪鬼村正
kyatapi land,3,956,,きゃたぴランド
dracu-riot!,3,955,,ドラクリオット
star ocean: anamnesis,3,954,star ocean anamnesis,スターオーシャンアナムネシス
bishoujo senshi sailor moon supers,3,953,,美少女戦士セーラームーンスーパーズ
crash fever,3,952,,クラッシュフィーバー
voms,3,951,,VOMS新メンバー発表会
juusan kihei bouei ken,3,951,,十三機兵防衛圏
fire emblem: fortune's weave,3,950,,ファイアーエムブレム万紫千紅
densetsu.exe,3,949,,
toaru kagaku no mental out,3,948,,とある科学の心理掌握
akagi: yami ni oritatta tensai,3,948,,アカギ~闇に降り立った天才~
genshiken,3,944,,げんしけん
aquarion evol,3,940,,アクエリオンEVOL
kingdom hearts birth by sleep,3,939,,バースバイスリープ
mahou shoujo madoka magica magia exedra,3,939,,魔法少女まどか☆マギカ_Magia_Exedra
divine gate,3,939,,ディバインゲート
ochame na okusan to no nichijou chabangoto,3,936,,お茶目な奥さんとの日常茶番事
super mario bros. 1,3,935,,スーパーマリオブラザーズ
zootopia,3,935,,ズートピア
iron saga,3,935,,機動戦隊アイアンサーガ
captain america (series),3,933,,キャプテン・アメリカ
idol time pripara,3,933,,アイドルタイムプリパラ
paradox live,3,932,,パラライ
kaze no tani no nausicaa,3,931,,風の谷のナウシカ
musaigen no phantom world,3,929,,無彩限のファントム・ワールド
wind breaker (nii satoru),3,928,,ウィンドブレイカー
dolls in pseudo paradise,3,928,,蓬莱人形
the incredible hulk (series),3,926,,
rakuen tsuihou,3,924,,楽園追放
scp foundation,3,922,,SCP財団
ace combat,3,921,,エースコンバット
ganbare douki-chan,3,920,,がんばれ同期ちゃん
nerawareta megami tenshi angel tear,3,920,,狙われた女神天使エンゼルティアー
rosario+vampire,3,920,,ロザリオとバンパイア
tower of fantasy,3,920,,幻塔手游
megami tensei,3,919,,女神転生シリーズ
howl no ugoku shiro,3,919,,ハウルの動く城
kyokugen dasshutsu,3,919,,ゼロエスケープ
solo leveling,3,917,,俺だけレベルアップな件
dennou coil,3,917,,電脳コイル
tales of phantasia,3,915,,テイルズ・オブ・ファンタジア
ts magical girl nao,3,915,ts mahou shoujo now,TS魔法少女なお
shikanoko nokonoko koshitantan,3,915,my deer friend nokotan,しかのこのこのここしたんたん
waccha primagi!,3,915,,ワッチャプリマジ!
yuusha series,3,913,,勇者シリーズ
denpa onna to seishun otoko,3,912,,電波女と青春男
instagram,3,912,,いんすた
chaos zero nightmare,3,912,,カオスゼロナイトメア
friday night funkin',3,912,,フライデーナイトファンキン
4chan,3,911,,4chan
noble witches,3,910,,ノーブルウィッチーズ
octopath traveler i,3,910,,
powerpuff girls z,3,910,,パワパフガールズZ
digimon tamers,3,910,,デジモンテイマーズ
rune factory: guardians of azuma,3,909,ryuu no kuni rune factory,龍の国ルーンファクトリー
fushigiboshi no futago hime,3,908,twin princess of wonder planet,ふしぎ星の☆ふたご姫
justice gakuen,3,908,,ジャスティス学園
motto! haramase! (series),3,908,milk factory,もっと!孕ませ!
hajimari no kiseki,3,908,,創の軌跡
gravity daze,3,908,,グラビティデイズ
terraria,3,906,,テラリア
dislyte,3,906,,シンネオ
wii fit,3,905,,Wii Fit
suigetsu,3,905,,水月-すいげつ-
mon-musu quest: paradox,3,904,,もんむす・くえすと!ぱらどっくすRPG
persona dancing,3,901,,ペルソナダンス
frame arms girl,3,901,,フレームアームズ・ガール
type-moon,3,901,,タイプムーン
noripro,3,900,,のりプロ
yu-gi-oh! vrains,3,900,,遊戯王VRAINS
thor (marvel) (series),3,899,,
comiket 100,3,899,c100,コミケ100
idolmaster cinderella girls u149,3,898,,アイドルマスターシンデレラガールズU149
force of will,3,896,,意志の力
fatal frame ii: crimson butterfly,3,895,fatal frame 2,零〜紅い蝶〜
cyberpunk 2077,3,895,,サイバーパンク2077
rainbow six siege,3,893,,レインボーシックスシージ
ansatsu kyoushitsu,3,893,,暗殺教室
a hat in time,3,890,,時間の帽子
baka to test to shoukanjuu,3,889,,バカとテストと召喚獣
kimi ga shine,3,889,your turn to die,キミガシネ
bravely default (series),3,889,,ブレデフォ
vampire (vocaloid),3,888,,ヴァンパイア
the tale of food,3,887,shoku monogatari,食物語イラコンFA
crayon shin-chan,3,887,,クレヨンしんちゃん
queen's blade rebellion,3,882,,クイーンズブレイドリベリオン
slay the spire,3,881,,杀戮尖塔
silent hill f,3,879,,サイレントヒルf
jigokuraku,3,878,hell's paradise: jigokuraku,地獄楽
chi.: chikyuu no undou ni tsuite,3,877,orb: on the movements of the earth,チ。-地球の運動について-
oshiete! galko-chan,3,877,,おしえて!ギャル子ちゃん
accel world,3,876,,アクセル・ワールド
kimi to semi blue (idolmaster),3,876,,キミとセミブルー
touhou gensou eclipse,3,875,,東方幻想エクリプス
7th dragon,3,875,,セブンスドラゴン
jigoku shoujo,3,874,hell girl,地獄少女
silent hill 2,3,873,,サイレントヒル2
mikakunin de shinkoukei,3,871,engaged to the unidentified,未確認で進行形
persona 5: the phantom x,3,870,,ペルソナ5X
xenosaga episode iii,3,870,,ゼノサーガエピソードIII
yoru no kurage wa oyogenai,3,870,jellyfish can't swim in the night,夜のクラゲは泳げない
fantasy earth zero,3,867,,ファンタジーアースゼロ
dispatch,3,867,,超英派遣中心
strike witches: kurenai no majo-tachi,3,867,,ストライクウィッチーズ紅の魔女たち
devil summoner (series),3,866,devil summoner,真・女神転生デビルサマナー
ishuzoku reviewers,3,863,,異種族レビュアーズ
nyanko daisensou,3,862,,にゃんこ大戦争
dead by daylight,3,861,,デッドバイデイライト
ano natsu de matteru,3,861,,あの夏で待ってる
gate - jieitai ka no chi nite kaku tatakaeri,3,860,,自衛隊彼の地にて、斯く戦えり
wonder woman (series),3,857,,ワンダーウーマン（シリーズ）
undefined fantastic object,3,857,,東方星蓮船
full metal panic!,3,857,"full metal panic! invisible victory,full metal panic? fumoffu",フルメタル・パニック
gundam build divers re:rise,3,856,,ガンダムビルドダイバーズRe:RISE
family guy,3,855,,ファミリー・ガイ
kininatteru hito ga otoko ja nakatta,3,853,the guy she was interested in wasn't a guy at all,気になってる人が男じゃなかった
comiket 101,3,851,c101,コミケ101
fate/unlimited blade works,3,850,,Fate/Unlimited Bladeが機能します
senjou no valkyria 1,3,849,,戦場のヴァルキュリア
sekaiju no meikyuu 4,3,848,,世界樹の迷宮4
genseishinki sacred virth,3,848,,幻聖神姫セイクリッドヴァース
grisaia no kajitsu,3,848,,グリザイアの果実
god eater burst,3,847,,ゴッドイーターバースト
koumajou densetsu,3,845,,紅魔城伝説緋色の交響曲
pixiv fantasia fallen kings,3,843,,pixivファンタジアFK
inu x boku ss,3,843,,妖狐×僕SS
makai senki disgaea 2,3,842,,魔界戦記ディスガイア2
piapro studio,3,840,piapro,ピアプロ
nijisanji id,3,839,,にじさんじID
iyowa girls,3,838,,いよわガールズ
gachiakuta,3,838,,ガチアクタ
tsurezure children,3,838,,徒然チルドレン
kodomo no jikan,3,838,,こどものじかん
dmm,3,837,,DMM
ragnarok masters,3,835,ragnarok m: eternal love,ラグナロクマスターズ
uchuu senkan yamato 2199,3,835,,宇宙戦艦ヤマト2199
mortal kombat (series),3,834,mortal kombat,モータルコンバット
valkyrie profile (series),3,834,,ヴァルキリープロファイル
cytus,3,833,,Cytus
sunrise (company),3,831,,株式会社サンライズ
digimon story: cyber sleuth,3,830,,デジモンストーリー
kingdom hearts i,3,829,,初代キングダムハーツ
vinesauce,3,829,,ヴァインソース
mario & luigi rpg,3,828,,マリオ&ルイージRPGシリーズ
palworld,3,825,,パルワールド
cygames,3,823,,Cygames
the witcher 3,3,823,,ウィッチャー3
scooby-doo (series),3,823,,スクービー・ドゥー
kemono friends 2,3,822,,けものフレンズ2
dragon quest vii,3,821,,ドラゴンクエストVII
amphibia,3,817,,ふしぎの国アンフィビア
stardew valley,3,817,,スターデューバレー
fire emblem: new mystery of the emblem,3,816,,新・紋章の謎
hyrule warriors,3,815,,ゼルダ無双
high school dxd born,3,815,,ハイスクールD×DBorN
duel masters play's,3,813,,デュエプレ
sakamoto days,3,812,,サカモトデイズ
ring fit adventure,3,812,,リングフィットアドベンチャー
time bokan (series),3,811,,タイムボカン
mahou shoujo lyrical nanoha the movie 1st,3,811,,魔法少女リリカルなのはthemovie1st
super mario odyssey,3,810,,スーパーマリオオデッセイ
morenatsu,3,810,,漏れ夏
mato seihei no slave,3,808,chained soldier,魔都精兵のスレイブ
shinkai shoujo (vocaloid),3,806,deep-sea girl (vocaloid),深海少女
mass effect (series),3,806,,マスエフェクト
chobits,3,804,,ちょびっツ
idolmaster live for you!,3,800,,アイドルマスターライブフォーユー!
pepsi,3,800,,ペプシ
aikatsu friends!,3,800,,アイカツフレンズ!
gundam 0080,3,799,,機動戦士ガンダム0080
school days,3,797,,スクールデイズ
hooters,3,797,,フーターズ
sengoku bushouki muramasa,3,797,,戦国武将姫MURAMASA
gundam g no reconguista,3,794,,Gのレコンギスタ
log horizon,3,794,,ログ・ホライズン
ace attorney investigations,3,793,,逆転検事
honzuki no gekokujou,3,792,ascendance of a bookworm,本好きの下剋上
grandia i,3,790,,グランディア
medarot,3,790,,メダロット
kuro no kiseki ii,3,787,,黎の軌跡
ghost in the shell: stand alone complex,3,787,"ghost in the shell stand alone complex,koukaku kidoutai stand alone complex",攻殻機動隊スタンド・アローン・コンプレックス
backrooms (creepypasta),3,786,,バックルーム
squid game,3,786,squid game 2,イカゲーム
amazon (company),3,784,,Amazon（会社）
atelier sophie,3,783,,ソフィーのアトリエ
mahouka koukou no rettousei,3,781,,魔法科高校の劣等生
2026 fifa world cup,3,780,,ワールドカップ2026
inazuma eleven go galaxy,3,779,,イナズマイレブンGOギャラクシー
macross 7,3,779,,マクロス7
metal gear solid v: the phantom pain,3,776,metal gear solid v,メタルギアソリッド5
rou-kyuu-bu!,3,773,,ロウきゅーぶ!
niconico,3,773,,ニコニコ
the little mermaid (disney),3,773,,リトルマーメイド
kagurabachi,3,772,,カグラバチ
mountain of faith,3,772,,東方風神録
resident evil 2 (remake),3,771,,バイオハザード2（リメイク）
legacy of lunatic kingdom,3,770,,東方紺珠伝
afk (series),3,769,,
renkin san-kyuu magical pokaan,3,766,,錬金3級まじかる?ぽか~ん
cytus ii,3,766,,Cytus II
ikkitousen extra burst,3,766,,一騎当千エクストラバースト
shugo seijo prism saber,3,765,,守護聖女プリズムセイバー
kamen rider revice (series),3,763,,仮面ライダーリバイス
adachi to shimamura,3,762,,安達としまむら
re:creators,3,761,,レクリエイターズ
the scum villain's self-saving system,3,760,renzha fanpai zijiu xitong,人渣反派自救系统
tenga,3,758,,テンガ
reitaisai 7 contest,3,758,,
pixiv fantasia t,3,758,,pixivファンタジアT
wild arms 2,3,758,,ワイルドアームズ2
hoozuki no reitetsu,3,757,,鬼灯の冷徹
metal gear rising: revengeance,3,756,,メタルギアライジング
gundam age,3,756,,機動戦士ガンダムAGE
kirby star allies,3,755,kirby: star allies,星のカービィスターアライズ
soukyuu no fafner,3,755,,蒼穹のファフナー
sekaiju no meikyuu 2,3,755,,世界樹の迷宮2
girls und panzer motto love love sakusen desu!,3,754,,もっとラブラブ作戦です!
irasutoya,3,753,,いらすとや
bokura wa ima no naka de,3,752,,僕らは今のなかで
classicaloid,3,752,,クラシカロイド
the loud house,3,750,,ラウド・ハウス
seitenkango. shinyuu to,3,749,,性転換後、親友と
kakyuusei (series),3,748,,下級生
kekkai sensen,3,748,,血界戦線
umamusume: beginning of a new era,3,748,,新時代の扉
digimon beatbreak,3,747,,デジモンビートブレイク
atelier resleriana,3,746,,レスレリアーナのアトリエ
master of eternity,3,746,,ストラステラ
xblaze,3,745,,エクスブレイズ
futari wa precure max heart,3,745,futari wa pretty cure max heart,ふたりはプリキュアMaxHeart
love hina,3,745,,ラブひな
reitaisai 9 contest,3,745,,
digimon story: time stranger,3,745,,デジモンストーリータイムストレンジャー
akuma no riddle,3,744,,悪魔のリドル
fallout 4,3,744,,フォールアウト4
another eden,3,743,,アナザーエデン
tales of symphonia knight of ratatosk,3,743,,ラタトスクの騎士
kyoukai no kanata,3,739,beyond the boundary,境界の彼方
bilibili,3,736,bilibili douga,ビリビリ動画
bandai,3,736,,バンダイ
tales of xillia 2,3,735,,テイルズ・オブ・エクシリア2
djmax,3,735,dj max,djmax
fossilized wonders,3,734,,東方錦上京
forever 7th capital,3,733,,永遠の7日の都市
dragon quest vi,3,732,,ドラゴンクエスト6
the road to el dorado,3,732,,エル・ドラド
konosuba! fantastic days,3,732,,この素晴らしい世界に祝福を!ファンタスティックデイズ
higurashi no naku koro ni gou,3,729,,ひぐらしのなく頃に業
muv-luv total eclipse,3,729,muvluv total eclipse,トータルイクリプス
re:act,3,728,,カガスタ
shaman king,3,726,,シャーマンキング
puniru wa kawaii slime,3,726,puniru is a cute slime,ぷにるはかわいいスライム
choukou tenshi escalayer,3,726,beat angel escalayer,超昂天使エスカレイヤー
disco elysium,3,726,,ディスコエリジウム
comic kairakuten,3,725,,コミック快楽天
pragmata,3,725,,プラグマタ
hentai ouji to warawanai neko.,3,725,,変態王子と笑わない猫。
atelier totori,3,724,,トトリのアトリエ
bayonetta 2,3,724,,ベヨネッタ2
mahou shoujo oriko magica,3,724,"oriko magica,puella magi oriko magica",魔法少女おりこ☆マギカ
iriam,3,724,,イリアム
shin megami tensei iii: nocturne,3,723,,真・女神転生III
psycho-pass,3,722,,サイコパス
hidden star in four seasons,3,722,,東方天空璋
senki zesshou symphogear xd unlimited,3,721,,戦姫絶唱シンフォギアXD
hinata channel,3,721,,猫宮ひなた
natsuiro egao de 1 2 jump!,3,721,,"夏色えがおで1,2,Jump!"
kamen rider dcd,3,719,,仮面ライダーディケイド
learning with manga! fgo,3,719,,マンガで分かる!Fate/GrandOrder
takopii no genzai,3,718,takopi's original sin,タコピーの原罪
ben 10 (classic),3,717,,
talkex,3,717,,音街ウナTalkEX
kamen rider ooo (series),3,716,,仮面ライダーオーズ
langrisser,3,714,,ラングリッサー
zutto mayonaka de ii no ni,3,713,,ずっと真夜中でいいのに。
sekirei,3,712,,セキレイ
haibane renmei,3,712,,灰羽連盟
false memory,3,711,,记忆管理局
aogiri koukou,3,711,,あおぎり高校ゲーム部
the iron of yin and yang,3,711,,東方陰陽鉄~ブロントさんが幻想郷入り~
dragon village (series),3,710,,ドラゴンビレッジ
the end of evangelion,3,709,end of evangelion,新世紀エヴァンゲリオン劇場版
god eater 2: rage burst,3,709,,ゴッドイーター2
claymore (series),3,707,,クレイモア
valkyrie drive,3,707,,ヴァルキリードライヴ
mairimashita! iruma-kun,3,705,welcome to demon school! iruma-kun,魔入りました入間くん
evertale,3,704,,エバーテイル
hanasaku iroha,3,704,,花咲くいろは
devil survivor 1,3,703,devil survivor,女神異聞録デビルサバイバー
shinmai maou no testament,3,701,the testament of sister new devil,新妹魔王の契約者
choukou shinki ixseal,3,701,,超昂神騎エクシール
unconnected marketeers,3,700,,東方虹龍洞
koi wa sensou (vocaloid),3,700,,恋は戦争
love live! nijigasaki high school idol club the movie - finale,3,699,"love live! nijigasaki high school idol club kanketsu-hen,love live! nijigasaki high school idol club the movie: final chapter",ラブライブ!虹ヶ咲学園スクールアイドル同好会_完結編
the transformers (idw),3,699,all hail megatron,トランス（IDW）
garbage time,3,699,,
peanuts (comic),3,699,,ピーナッツ
zozotown,3,698,,プロセカZOZOコラボ
devil may cry 4,3,697,,デビルメイクライ4
suisei no gargantia,3,697,,翠星のガルガンティア
toaru kagaku no railgun s,3,696,,とある科学の超電磁砲S
yuukyuu gensoukyoku,3,695,,悠久幻想曲
utawarerumono: itsuwari no kamen,3,694,,偽りの仮面
ao no kanata no four rhythm,3,694,,蒼の彼方のフォーリズム
tangled,3,692,,塔の上のラプンツェル
formula one,3,692,formula 1,f1同人
wrestle angels,3,691,,レッスルエンジェルス
hololive dreams,3,691,holodori,ホロライブドリームス
viper (series),3,691,,VIPER(PCゲーム)
dream smp,3,690,,夢のSMP
summon night 3,3,690,,サモンナイト3
kunoichi tsubaki no mune no uchi,3,690,,くノ一ツバキの胸の内
garou: mark of the wolves,3,689,fatal fury: mark of the wolves,餓狼MOW
princess tutu,3,688,,プリンセスチュチュ
ena (series),3,687,,
new horizon,3,687,,ニューホライズン
sony,3,686,,ソニー
ousama ranking,3,686,,王様ランキング
dragon village collection,3,686,,ドラビレ
breath of fire v,3,686,,ブレスオブファイア5
alien (series),3,686,,
yuusha to maou,3,685,,勇者と魔王
shadows house,3,683,,シャドーハウス
oounabara to wadanohara,3,682,wadanohara and the great blue sea,大海原と大海原
simoun,3,681,,シムーン
victory gundam,3,680,,機動戦士Vガンダム
jewelpet (series),3,678,,ジュエルペット
dango daikazoku,3,678,,だんご大家族
madou monogatari,3,677,,魔導物語
oboro muramasa,3,676,,朧村正
haiiro teien,3,675,"the gray garden,the grey garden",灰色庭園
devil survivor 2,3,675,,デビルサバイバー2
akb0048,3,675,,AKB0048
paper mario: the thousand-year door,3,674,paper mario: the thousand year door,ペーパーマリオRPG
resident evil 1,3,673,,バイオハザード1
strawberry panic!,3,673,,ストパニ
mahou shoujo madoka magica: walpurgis no kaiten,3,672,"puella magi madoka magica -walpurgisnacht:rising-,walpurgisnacht:rising",ワルプルギスの廻天
given,3,672,,ギヴン
atelier ryza 3,3,672,,ライザのアトリエ3
olympics,3,671,,オリンピック
bravely default: flying fairy,3,671,,ブレイブリーデフォルト
dirty pair,3,670,,ダーティペア
pop-up story,3,670,,ポップアップストーリー
futoku no guild,3,669,,不徳のギルド
aether gazer,3,669,aether gaze,エーテルゲイザー
yatterman,3,668,,ヤッターマン
gekitotsu! joshikousei oiroke sensha gundan,3,668,,ゲキトツ！ Joshikousei Oiroke Sensha Gundan
subarashiki kono sekai,3,667,,すばらしきこのせかい
mario kart world,3,666,,マリオカートワールド
summertime render,3,666,,サマータイムレンダ
blazblue: central fiction,3,665,,Blazblue：中央フィクション
yani neko,3,665,chainsmoker cat,ヤニねこ
ar tonelico ii,3,663,,アルトネリコ2
splatoon 3: side order,3,663,,
blazblue: chronophantasma,3,662,,Blazblue：Chronophantasma
strinova,3,661,calabiyau,カラビヤウ
bishoujo mangekyou (series),3,661,bishoujo mangekyou,美少女万华镜
love live! the school idol movie,3,659,,ラブライブ!The_School_Idol_Movie
tales of arise,3,658,,テイルズオブアライズ
cave story,3,657,doukutsu monogatari,洞窟物語
kamen rider ryuki (series),3,657,,仮面ライダー龍騎
noss & zakuro,3,657,,ノス&ザクロ
idolmaster sp,3,657,,アイドルマスターSP
record of lodoss war,3,656,lodoss-tou senki,ロードス島戦記
happiness!,3,656,,はぴねす!
beyblade,3,655,,ベイブレード
devilman,3,654,,デビルマン
barbie (franchise),3,654,,バービー
elf-san wa yaserarenai.,3,653,plus-sized elf,エルフさんは痩せられない。
saihate eki,3,652,,さいはて駅
homestuck,3,651,,ホームスタック
aku no musume (vocaloid),3,650,"daughter of evil (vocaloid),the princess of lucifer (vocaloid)",悪ノ娘
soccer spirits,3,650,,サッカースピリッツ
starward,3,649,,星の翼
battle girl high school,3,649,,バトルガールハイスクール
kaijuu no. 8,3,649,,怪獣8号
dissidia duellum final fantasy,3,648,,ディシディアデュエルムFF
wily beast and weakest creature,3,648,,東方鬼形獣
ef (visual novel),3,648,,悠久之翼
queen's gate,3,648,,クイーンズゲイト
tenshinranman,3,645,,天神乱漫
resident evil 3 (remake),3,645,,バイオハザード3（リメイク）
higurashi no naku koro ni mei,3,644,,ひぐらしのなく頃に命
metroid dread,3,644,,メトロイドドレッド
saga frontier 2,3,644,,サガフロンティア2
tsugumomo,3,643,,つぐもも
aladdin (movie),3,643,,アラジン(ディズニー)
urban legend in limbo,3,643,,東方深秘録
bayonetta 1,3,642,,ベヨネッタ
windows classic,3,642,,
pac-man (game),3,642,,パックマン
black jack (series),3,640,,ブラック・ジャック
rinne no lagrange,3,640,lagrange: the flower of rin-ne,輪廻のラグランジェ
absolute dc,3,639,,
persona 4 the golden,3,639,,ペルソナ4ザ・ゴールデン
xxl woofia,3,639,,XXL同伴集結
formation girls,3,638,,フォーメーションガールズ
tales of the rays,3,638,,テイルズオブザレイズ
gantz,3,637,,ガンツ
blue reflection (series),3,637,,ブルーリフレクション
yoru mac,3,636,,特別じゃない、しあわせな時間。
to be hero x,3,636,tubian yingxiong x,凸变英雄X
dragon ball daima,3,636,,ドラゴンボール大魔
final fantasy ii,3,635,,ファイナルファンタジーII
tales of eternia,3,634,,テイルズ・オブ・エターニア
modern mogal,3,633,,
digimon liberator,3,632,,デジモンリベレイター
windows xp,3,631,windows xp mce,ウィンドウズXP
bang dream! our notes,3,631,,アワーノーツ
tokimeki memorial girl's side,3,631,,ときめきメモリアルgs
pacific rim,3,631,,パシフィック・リム
gosick,3,631,,ゴシック
bamboo blade,3,631,,バンブーブレード
atelier live,3,630,,Atelier Live
hololive grand theft auto,3,630,,ホロライブグランドセフトオート
aespa,3,629,,エスパ
maji de watashi ni koi shinasai!,3,629,love me seriously!,真剣で私に恋しなさい!
breaking bad,3,628,,ブレイキング・バッド
jibaku shounen hanako-kun,3,627,,地縛少年花子くん
mahou shoujo ikusei keikaku unmarked,3,626,,Mahou shoujo ikusei keikakuはマークされていません
persona 1,3,626,revelations: persona,女神異聞録ペルソナ
makai senki disgaea 4,3,626,,魔界戦記ディスガイア4
ender lilies quietus of the knights,3,626,,エンダーリリーズ
xenoblade chronicles x,3,625,,ゼノブレイドクロス
top wo nerae!,3,625,,トップをねらえ
super robot wars og saga mugen no frontier,3,625,,無限のフロンティア
dream believers,3,625,,
cry of fear,3,624,,
final fantasy x-2,3,624,,ファイナルファンタジーX-2
blame!,3,624,,ブラム!
sakura no uta,3,623,,サクラノ詩-櫻の森の上を舞う-
animedia,3,623,,アニメディア
gundam 08th ms team,3,623,,機動戦士ガンダム第08MS小隊
cyborg 009,3,622,,サイボーグ009
flip flappers,3,622,,フリップフラッパーズ
yakusoku no neverland,3,621,,約束のネバーランド
neo-porte,3,620,,ネオポルテ
the addams family,3,620,addams family,アダムスファミリー
kamen rider 555,3,619,,仮面ライダー555
kamen rider build (series),3,619,,仮面ライダービルド
octopath traveler ii,3,618,,オクトラ2
dohna dohna issho ni warui koto o shiyou,3,618,,ドーナドーナいっしょにわるいことをしよう
helldivers (series),3,618,,ヘルダイバー
avatar aang: the last airbender,3,617,,
kyoufuu all back (vocaloid),3,617,,強風オールバック
onna ga nigate na yankee to shoujo no hanashi,3,617,,女が苦手なヤンキーと少女の話
rhythm tengoku,3,616,,リズム天国
yu-gi-oh! go rush!!,3,616,,遊戯王ゴーラッシュ!!
comiket 94,3,615,c94,コミケ94
another,3,613,,アナザー
amairo islenauts,3,613,,天色*アイルノーツ
skoshism,3,613,,
phoenix wright: ace attorney - dual destinies,3,612,,逆転裁判5
pandora hearts,3,611,,パンドラハーツ
shinza bansho series,3,611,,神座万象シリーズ
red hood and the outlaws,3,610,,
fate/requiem,3,610,,運命/レクイエム
iris mysteria!,3,610,,あいりすミスティリア!〜少女のつむぐ夢の秘跡〜
himitsu no aipri,3,610,,ひみつのアイプリ
kidou keisatsu patlabor,3,608,,機動警察パトレイバー
soredemo ayumu wa yosetekuru,3,608,,それでも歩は寄せてくる
sangokushi taisen,3,608,,三国志大戦TCGカードイラストコンテスト
fire emblem: shadow dragon and the blade of light,3,608,,暗黒竜と光の剣
sakura trick,3,608,,桜trick
hyoutenka 30-do no zetsubou,3,607,,氷点下30度の絶望
atri-my dear moments-,3,607,,アトリ
ash arms,3,607,,アッシュアームズ
bleach: epilogue,3,606,,
pixiv fantasia age of starlight,3,606,,pixivファンタジアAOS
pokemon tcg pocket,3,605,,ポケモントレーディングカードゲームポケット
high school dxd infinity,3,605,,ハイスクールD×DInfinity
ore twintail ni narimasu,3,604,gonna be the twin-tail!!,俺、ツインテールになります。
mazinger z,3,603,,マジンガーZ
gensou suikoden ii,3,602,,幻想水滸伝II
magnet (vocaloid),3,600,,マグネット（ボーカロイド）
eiyuu senki,3,600,,英雄戦姫
white album (series),3,600,,ホワイトアルバム
mahoutsukai no yakusoku,3,599,,魔法使いの約束
milgram,3,599,,ミルグラム
kerberos blade,3,599,,ケルベロスブレイド
wactor production,3,598,,ワクター生産
afk journey,3,598,,AFKジャーニー
muv-luv girls garden,3,598,,マブラヴガールズガーデン
sky: children of the light,3,597,,Sky星を紡ぐ子どもたち
breath of fire iv,3,597,,ブレスオブファイア4
dororo (tezuka),3,597,blood will tell,どろろ
sekaiju no meikyuu 5,3,597,,世界樹の迷宮5
blackpink,3,596,,ブラックピンク
kimi ga nozomu eien,3,596,the eternity you desire,君が望む永遠
sk8 the infinity,3,596,,SK∞エスケーエイト
portal (series),3,596,,ポータル（シリーズ）
dengeki g's,3,595,,電撃G’sマガジン
digimon frontier,3,594,,デジモンフロンティア
f-ism,3,594,,f-ism
ultraman (1st series),3,593,,ウルトラマン
zannen onna-kanbu black general-san,3,593,,残念女幹部ブラックジェネラルさん
mouthwashing,3,592,,マウスウォッシング
kingdom hearts 358/2 days,3,592,,キングダムハーツ358/2日
beastars,3,592,,ビースターズ
pretty rhythm rainbow live,3,592,,プリティーリズム・レインボーライブ
xenosaga episode i,3,590,,ゼノサーガエピソードI
foster's home for imaginary friends,3,590,,フォスターズホーム
tennis no ouji-sama,3,590,,テニスの王子様
ima sugu rinne (vocaloid),3,589,,いますぐ輪廻
pokemon cafe remix,3,589,pokemon cafe mix,ポケモンカフェミックス
tomb raider,3,588,,トゥームレイダー
gundam arsenal base,3,588,,アーセナルベース
pikmin 4,3,587,,ピクミン4
genjitsu no yohane,3,587,yohane of the parhelion,幻日のヨハネ
project kv,3,586,,プロジェクトKV
teenage mutant ninja turtles,3,584,,ティーンエイジ・ミュータント・ニンジャ・タートルズ
shine post,3,584,,シャインポスト
kmnz,3,583,,kmnz
rune factory 4,3,583,,ルーンファクトリー4
saru getchu,3,582,,サルゲッチュ
rakudai ninja rantarou,3,581,,忍たま乱太郎
koishi komeiji's heart-throbbing adventure,3,581,,古明地こいしのドキドキ大冒険
shrek (series),3,580,,シュレック
kamen rider 01 (series),3,580,,仮面ライダーゼロワン
power pro-kun pocket,3,580,power pro kun pocket,パワポケ
qurare magic library,3,580,,QURARE:魔法図書館
senbonzakura (vocaloid),3,579,senbon-zakura (vocaloid),千本桜
mainichi kiss shite lolita,3,579,,毎日キスしてロリータ
sayonara wo oshiete,3,578,,さよならを教えて
shoukoujo,3,577,,少交女
do it yourself!!,3,576,,diyアニメ
mashle,3,575,,マッシュル-MASHLE-
kamen rider geats (series),3,575,,仮面ライダーギーツ
snow white (fairy tale),3,575,,白雪姫
f-zero,3,574,,エフゼロ
snow white and the seven dwarfs (disney),3,573,snow white and the seven dwarfs,白雪姫(ディズニー)
breath of fire iii,3,573,,ブレスオブファイア3
sword art online: alicization - war of underworld,3,572,,剣アートオンライン：alicization -war of underworld
final fantasy iii,3,572,,ファイナルファンタジーiii
owarimonogatari,3,571,,終物語
gj-bu,3,571,,GJ部
shin godzilla,3,571,,シン・ゴジラ
chain paradox,3,570,,チェインパラドクス
alice sherlock: the rubious nebula,3,570,,アリス・シャーロック:ルビー色の星雲
romancing saga 2,3,569,,ロマンシングサ・ガ2
pixiv fantasia sword regalia,3,569,,pixivファンタジアSR
voltron (series),3,569,,ボルトロン
gunslinger girl,3,569,,ガンスリンガー・ガール
nexon,3,568,,
sakura taisen iii,3,568,,サクラ大戦3
liver city,3,567,emori miku project,絵守未來プロジェクト
the shining,3,567,,シャイニング
kono subarashii sekai ni shukufuku wo! kono yokubukai game ni shinpan o!,3,567,,この素晴らしい世界に祝福を!この欲深いゲームに審判を!
my adventures with superman,3,567,,
fate/extella link,3,567,,Fate/Extellaリンク
fatal frame: maiden of black water,3,567,fatal frame 5,零〜濡鴉ノ巫女〜
hades 2,3,566,,
yumekui merry,3,566,dream eater merry,夢喰いメリー
ten desires,3,566,,東方神霊廟
pizza hut,3,565,,ピザハット
gensou suikoden v,3,565,,幻想水滸伝V
dumbbell nan kilo moteru?,3,565,,ダンベル何キロ持てる?
atelier rorona,3,563,,ロロナのアトリエ
demonbane,3,563,,デモンベイン
pokemon champions,3,562,,ポケモンチャンピオンズ
yu-gi-oh! sevens,3,562,,遊戯王SEVENS
kantai collection (anime),3,562,,艦隊これくしょん(アニメ)
four goddesses online: cyber dimension neptune,3,561,cyberdimension neptunia: 4 goddesses online,四女神オンライン
akebi-chan no serafuku,3,560,,明日ちゃんのセーラー服
gundam perfect file,3,560,,ガンダムパーフェクトファイル
zoids genesis,3,560,,ゾイドジェネシス
big hero 6,3,560,,ビッグヒーロー6
the simpsons,3,559,itchy & scratchy,シンプソンズ
fushigi na neko no machi meltier,3,559,,ふしぎな猫のまちメルティア
shoujo ramune,3,559,,小女ラムネ
makai senki disgaea 3,3,559,,魔界戦記ディスガイア3
sword art online alternative: gun gale online,3,559,,ガンゲイル・オンライン
jack jeanne,3,558,,ジャックジャンヌ
bokujou monogatari,3,558,,牧場物語
wild arms 1,3,557,,ワイルドアームズ
limelight lemonade jam,3,556,,ライムライト・レモネードジャム
suna no wakusei (vocaloid),3,556,"dune (vocaloid),sand planet (vocaloid)",砂の惑星
medium5,3,556,,五维介质
ukagaka,3,556,,伺か
romeo to cinderella (vocaloid),3,555,,ロミオとシンデレラ
go! go! gris!,3,555,,
pixiv fantasia new world,3,555,,pixivファンタジアNW
pukey goddess shot trick,3,554,drunken goddess reflux,ピューキーゴッデスショットトリック
otome game no hametsu flag shika nai akuyaku reijou ni tensei shite shimatta,3,554,,乙女ゲームの破滅フラグしかない悪役令嬢に転生してしまった
otonari no tenshi-sama ni itsu no mani ka dame ningen ni sarete ita ken,3,554,,お隣の天使様にいつの間にか駄目人間にされていた件
arc the lad ii,3,553,,アークザラッドii
xinyue tongxing,3,553,,新月同行イラコン一緒に同行
kim possible (series),3,553,,キム・ポッシブル
grappler baki,3,553,,グラップラー刃牙
luminous witches,3,552,,音楽隊ウィッチーズ
kore wa zombie desu ka?,3,552,,これはゾンビですか?
hori-san to miyamura-kun,3,552,,堀さんと宮村くん
forbidden scrollery,3,551,,東方鈴奈庵
sen no kiseki ii,3,550,,閃の軌跡II
the lord of the rings,3,550,,ロード・オブ・ザ・リング
final fantasy i,3,549,,ファイナルファンタジーI
school girl strikers,3,549,,スクールガールストライカーズ
sengoku rance,3,549,,戦国ランス
voicepeak,3,549,,
kamen rider kuuga (series),3,549,,仮面ライダークウガ
idolmaster shiny colors song for prism,3,547,,アイドルマスターシャイニーカラーズSong_for_Prism
light and night love,3,546,,光と夜の恋
oneshot (game),3,546,,Oneshot（ゲーム）
read or die,3,546,,リード・オア・ダイ
sugar sugar rune,3,544,,シュガシュガルーン
senran kagura estival versus,3,544,,閃乱カグラ少女達の選択
age of ishtaria,3,543,,刻のイシュタリア
grand theft auto vi,3,542,,グランドセフトオート6
witchblade (anime),3,542,,ウィッチブレイド
mechanical buddy universe,3,542,,メカニカルバディユニバース
voltron: legendary defender,3,541,,ボルトロン
kyu-kurarin (cevio),3,540,,きゅうくらりん
tenkuu no shiro laputa,3,540,castle in the sky,ラピュタ
comiket 99,3,539,c99,コミケ99
prism project,3,539,,プリズムプロジェクト
boruto: two blue vortex,3,539,,
enjo kouhai,3,538,,援助交配
slay the spire 2,3,537,,杀戮尖塔2
pokemon brilliant diamond and shining pearl,3,537,pokemon bdsp,ポケモンBDSP
sonic the hedgehog (idw),3,536,,IDWソニック
yoake mae yori ruri iro na,3,536,,夜明け前より瑠璃色な
girls und panzer saishuushou,3,536,,ガルパン最終章
jahy-sama wa kujikenai!,3,535,,ジャヒー様はくじけない!
the lego group,3,535,,レゴ
listen!!,3,535,,聞く！！
da capo ii,3,535,,ダ・カーポII
carnival phantasm,3,535,,カーニバル・ファンタズム
kotobukiya bishoujo,3,534,,コトブキヤ
atelier meruru,3,534,,メルルのアトリエ
crash bandicoot (series),3,534,,クラッシュバンディクー
ouran high school host club,3,534,,桜蘭高校ホスト部
fatal frame: mask of the lunar eclipse,3,533,fatal frame 4,月蝕の仮面
night sparrow love,3,533,,恋する夜雀
kuroinu ~kedakaki seijo wa hakudaku ni somaru~,3,532,,黒獣~気高き聖女は白濁に染まる~
medaka box,3,532,,めだかボックス
7th dragon 2020,3,531,,セブンスドラゴン2020
sunken fossil world,3,531,touhou gouyoku ibun,東方剛欲異聞~水没した沈愁地獄
isekai maou to shoukan shoujo no dorei majutsu,3,531,,異世界魔王と召喚少女の奴隷魔術
monster musume td,3,531,,モンスター娘TD
tales of destiny 2,3,530,,テイルズ・オブ・デスティニー2
mario tennis,3,530,,マリオテニス
netsu ijou (utau),3,529,heat abnormal (utau),熱異常
a channel,3,529,,Aチャンネル
kanan-sama wa akumade choroi,3,528,mistress kanan is devilishly easy,カナン様はあくまでチョロい
choujigen game neptune mk2,3,528,,超次元ゲイムネプテューヌmk2
bunny garden,3,528,,バニーガーデン
yuusha ou gaogaigar,3,528,the king of braves gaogaigar,勇者王ガオガイガー
disgaea rpg,3,527,,魔界戦記ディスガイアRPG
doukyuusei,3,527,,同級生
no i'm not a human,3,526,,
danna ga nani wo itte iru ka wakaranai ken,3,526,,旦那が何を言っているかわからない件
friday the 13th,3,525,,13日の金曜日
.hack//g.u.,3,525,,.hack // g.u。
kamen rider fourze (series),3,525,,仮面ライダーフォーゼ
walt disney's peter pan,3,524,,ピーター・パン(ディズニー)
monsters raid,3,524,,モンスターズ・レイド
hamidashi creative,3,524,,ハミダシクリエイティブ
dies irae,3,523,,ディエス・イレ
after war gundam x,3,522,kidou shinseiki gundam x,機動新世紀ガンダムX
crazy raccoon,3,521,,クレイジーなアライグマ
rance x,3,521,rance 10,ランス10
super heroine boy,3,521,,スーパーヒロインボーイ
fallout: new vegas,3,520,"fallout new vegas,fallout new vegas dead money",フォールアウト:ニューベガス
yappari chinchirando,3,520,,やっぱりチンチランド
blue oath,3,519,,蒼藍の誓い
mahoutsukai linn no shiawase na kekkon,3,519,,魔法使いリィンの幸せな結婚
omamori himari,3,519,,おまひま
gundam msv,3,518,,モビルスーツバリエーション
valkyrie drive -mermaid-,3,518,,ヴァルキリードライヴマーメイド
working girls weekly,3,518,,
dragon quest dai no daibouken,3,517,,ダイの大冒険
phoenix wright: ace attorney - trials and tribulations,3,517,,逆転裁判3
alternative girls,3,515,,オルタナティブガールズ
danmachi memoria freese,3,515,,ダンまち~メモリア・フレーゼ~
soulcalibur iv,3,515,,ソウルキャリバーIV
kamen rider (1st series),3,514,,仮面ライダー
macross: do you remember love?,3,513,,超時空要塞マクロス
tales weaver,3,513,,テイルズウィーバー
sonic frontiers,3,513,,ソニックフロンティア
warframe,3,512,,ウォーフレーム
houshin engi,3,512,,封神演義
top wo nerae 2!,3,512,,トップをねらえ2!DIEBUSTER
16personalities,3,512,,mbti修电脑组
american mcgee's alice,3,512,,アリスインナイトメア
fatal fury: city of the wolves,3,512,,餓狼伝説CotW
meridian project,3,511,,子午計畫
kirara fantasia,3,511,,きららファンタジア
initial d,3,510,,イニD
vinland saga,3,510,,ヴィンランド・サガ
kamen rider ex-aid (series),3,510,,仮面ライダーエグゼイド
sasayaku you ni koi wo utau,3,509,"sasakoi,whisper me a love song",ささやくように恋を唄う
one piece treasure cruise,3,509,,トレジャークルーズ
hololive official card game,3,508,,ホロカ
sleeping beauty (disney),3,508,,眠れる森の美女
tower of god,3,507,,神之塔
reverseblue x re-birthend,3,506,,リバースブルー×リバースエンド
satsuriku no tenshi,3,506,angels of death,殺戮の天使
hitsugi no chaika,3,506,,棺姫のチャイカ
miru tights,3,506,,みるタイツ
zettai karen children,3,505,psychic squad,絶対可憐チルドレン
terminator (series),3,505,,ターミネーター
yuzusoft,3,505,yuzu-soft,ゆずソフト
kuso miso technique,3,504,,くそみそテクニック
sengoku collection,3,504,,戦国コレクション
beauty and the beast (disney),3,504,,美女と野獣(ディズニー)
drifters,3,503,,ドリフターズ
shukusei!! loli-kami requiem,3,503,shukusei!! loli-gami requiem,粛聖!!_ロリ神レクイエム☆
pixiv fantasia 3,3,503,,pixivファンタジアIII
ninja slayer,3,501,,ニンジャスレイヤー
project diva 2nd,3,501,,Project Diva 2nd
fire emblem: shadow dragon,3,501,,新・暗黒竜と光の剣
mushishi,3,500,,蟲師
musuko ga kawaikute shikatanai mazoku no hahaoya,3,500,,息子がかわいくて仕方ない魔族の母親
foul detective satori,3,500,cheating detective satori,反則探偵さとり
catherine (game),3,499,,キャサリン（ゲーム）
star ocean: the last hope,3,499,star ocean the last hope,スターオーシャン4
love and producer,3,499,,恋とプロデューサー~EVOL×LOVE~
prison school,3,499,,プリズンスクール
titanfall (series),3,499,,タイタンフォール
kimetsu gakuen,3,499,,中高一貫キメツ学園物語
shounen jump,3,499,"jump square,weekly shounen jump",少年ジャンプ
hitozuma sentai aisaiger,3,498,,人妻戦隊アイサイガー
"mogyutto ""love"" de sekkin chuu!",3,498,,もぎゅっと“love”で接近中!
dragon quest i,3,497,,ドラゴンクエスト1
rune factory 3,3,496,,ルーンファクトリー3
baccano!,3,496,,バッカーノ!
ganbare! nakamura-kun!!,3,495,go for it nakamura!,ガンバレ!中村くん!!
dr. slump,3,495,,Dr.スランプ
dragon musume ni naritakunai!,3,494,,ドラゴン娘になりたくないっ!
gendai ninjakko zukan,3,494,,現代忍者っ子図鑑
yumemi ga cheek!,3,494,,ゆめみがちーく!
da capo i,3,494,,ダ・カーポI
jubilee 2025,3,494,,
my life as a teenage robot,3,492,,ジェニーはティーン☆ロボット
monsterverse,3,492,,モンスターバースシリーズ
mahou senki lyrical nanoha force,3,492,,魔法戦記リリカルなのはForce
food fantasy,3,492,,フードファンタジー
castlevania: portrait of ruin,3,492,,悪魔城ドラキュラギャラリーオブラビリンス
duffy and friends,3,492,,ダッフィーアンドフレンズ
fear & hunger 1,3,491,,フィア―・アンド・ハンガー
mahou shoujo lyrical nanoha the movie 2nd a's,3,490,,魔法少女リリカルなのはthemovie2nda's
umamusume: road to the top,3,490,,ウマ娘プリティーダービーRoad_to_the_Top
tokimeki memorial 1,3,490,,ときめきメモリアル
clover theater,3,490,,クローバーシアター
reitaisai 10 contest,3,490,,
nier reincarnation,3,488,,ニーアリィンカネーション
voisona,3,488,,
idolmaster poplinks,3,488,,アイドルマスターポップリンクス
legend clover,3,488,,れじぇくろ
animage,3,487,,アニメージュ
cu-no,3,487,,cu-no
kamen rider gavv (series),3,486,,仮面ライダーガヴ
kemurikusa,3,486,,ケムリクサ
maison ikkoku,3,486,,めぞん一刻
murder drones,3,486,,マーダードローンズ
gyakushuu no fantasica,3,486,,逆襲のファンタジカ
maimai (game),3,486,,マイマイ
mirai akari project,3,485,,ミライアカリ
star driver,3,485,,STAR_DRIVER_輝きのタクト
hercules (1997 movie),3,485,,ヘラクレス(ディズニー映画)
kanpani girls,3,485,,かんぱに☆ガールズ
atelier yumia,3,484,,ユミアのアトリエ
koe no katachi,3,484,a silent voice,聲の形
dorei to no seikatsu ~teaching feeling~,3,484,,奴隷との生活
xenoblade chronicles 2: torna - the golden country,3,484,,黄金の国イーラ
our life,3,483,,
boku dake ga inai machi,3,483,erased (series),僕だけがいない街
transformers (live action),3,483,,実写TF
production kawaii,3,483,,プロダクションkawaii
nijisanji koshien,3,482,,にじさんじ甲子園
.flow,3,481,,。流れ
wild arms 3,3,481,,ワイルドアームズ3
iosys,3,479,,iosys
urara meirochou,3,479,,うらら迷路帖
metal gear solid 3: snake eater,3,479,metal gear solid 3,メタルギアソリッド3
everlasting summer,3,479,,永遠の夏
katanagatari,3,479,,刀語
gundam f91,3,479,,機動戦士ガンダムF91
zhu xian,3,479,,诛仙
hitoribocchi no marumaru seikatsu,3,478,,ひとりぼっちの○○生活
the big o,3,478,,THEビッグオー
danshi koukousei no nichijou,3,478,,男子高校生の日常
lilo & stitch,3,477,,リロ・アンド・スティッチ
kannazuki no miko,3,477,destiny of the shrine maiden,神無月の巫女
kamen rider den-o (series),3,476,,仮面ライダー電王
otaku-kun to gyaru no koi,3,476,,オタクくんとギャルの恋
a song of ice and fire,3,475,,氷と炎の歌
digimon ghost game,3,475,,デジモンゴーストゲーム
world of warships,3,475,,戰艦世界
18trip,3,475,,エイトリ
saga frontier,3,475,,サガフロンティア
the nightmare before christmas,3,474,,ナイトメア・ビフォア・クリスマス
tensui no sakuna-hime,3,474,,天穂のサクナヒメ
plave,3,474,,
furyou michi ~gang road~,3,474,,不良道~ギャングロード~
citrus (saburouta),3,474,,シトラス
gake no ue no ponyo,3,474,,崖の上のポニョ
warrior cats,3,473,,ウォーリアーズ
saturday night fever,3,472,,サタデーナイトフィーバー
wakfu,3,471,,ワクフ
comiket 95,3,471,c95,コミケ95
matryoshka (vocaloid),3,470,,マトリョシカ
creepypasta,3,470,,クリーピーパスタ
virtua fighter,3,470,,バーチャファイター
tetris,3,470,,テトリス
comic aun,3,470,,コミックアウン
uni create,3,470,,ゆにクリエイト
winx club,3,469,,ウィンクス・クラブ
tatakau ni atai suru,3,469,"tatakau ataisuru,worth fighting for",戦うに値する
final gear,3,469,,ファイナルギア
kowareta sekai to utaenai miku,3,468,colorful stage! the movie: a miku who can't sing,壊れたセカイと歌えないミク
mononoke,3,468,,モノノ怪
chunithm,3,468,,チュウニズム
shirokami project,3,468,,白髪教団
star vs the forces of evil,3,468,,悪魔バスター★スター・バタフライ
gfriend,3,467,,ジーフレンド
national basketball association,3,467,nba,美国职业篮球联赛
seto no hanayome,3,467,,瀬戸の花嫁
shimeji simulation,3,466,,シメジシミュレーション
girls und panzer ribbon no musha,3,466,,リボンの武者
roco kingdom,3,465,luoke wangguo,
onegai teacher,3,465,,おねがい☆ティーチャー
silent hill 3,3,464,,サイレントヒル3
persona 2 tsumi,3,463,persona 2: innocent sin,ペルソナ2罪
sora wo kakeru shoujo,3,463,,宇宙をかける少女
toy story,3,463,,トイ・ストーリーシリーズ
ange vierge,3,462,,アンジュ・ヴィエルジュ
akemiho tabi nikki,3,462,,あけみほ旅日記
gatchaman crowds,3,461,,ガッチャマンクラウズ
honey come chatka!!,3,461,,ハニカムチャッカ
maitetsu,3,461,,まいてつ
the legend of zelda: echoes of wisdom,3,460,,知恵のかりもの
comiket 96,3,460,c96,コミケ96
iya na kao sare nagara opantsu misete moraitai,3,460,,嫌な顔されながらおパンツ見せてもらいたいシリーズ
ookami-san,3,460,,オオカミさんと七人の仲間たち
pornhub,3,459,,Pornhubビキニ
sayonara lara,3,459,goodbye lara,さよならララ
marvel tokon: fighting souls,3,458,,MARVEL闘魂
echocalypse,3,458,,エコカリ
kamen rider blade (series),3,458,,仮面ライダー剣
jingling zhi dan,3,457,,精灵之蛋
mekakucity actors,3,457,,メカクシティアクターズ
demon's souls,3,457,,デモンズソウル
hinako note,3,457,,ひなこのーと
san-x,3,456,,サンエックス
cutie honey,3,456,,キューティーハニー
gensou suikoden i,3,456,,幻想水滸伝i
elfen lied,3,455,,エルフェンリート
project hail mary,3,455,,プロジェクト・ヘイル・メアリー
k-project,3,455,k (anime),K(アニメ)
mashiroiro symphony,3,455,,ましろ色シンフォニー
koisuru asteroid,3,454,,恋する小惑星
rakudai kishi no cavalry,3,454,,落第騎士の英雄譚
comic kairakuten beast,3,454,,快楽天ビースト
kinnikuman,3,454,,キン肉マン
baby princess,3,454,,ベイビープリンセス
hatsune miku graphy collection,3,453,,初音ミクぐらふぃコレクション
shigatsu wa kimi no uso,3,452,,四月は君の嘘
forestia ~chiisana machi no bokujou life~,3,452,,フォレスティア~ちいさな町の牧場ライフ~
phoenix wright: ace attorney - spirit of justice,3,452,,逆転裁判6
the jojolands,3,451,,ザ・ジョジョランズ
doupo cangqiong,3,451,battle through the heavens,斗破苍穹
mahoromatic,3,451,,まほろまてぃっく
ar tonelico iii,3,451,,アルトネリコ3
bokutachi wa benkyou ga dekinai,3,451,,ぼくたちは勉強ができない
comiket 97,3,450,c97,コミケ97
mahou shoujo sae,3,450,,魔法少女沙枝
galge.com,3,450,,galge.com
tamacolle,3,449,,魂これ
star wars: the clone wars (2008 tv series),3,449,star wars: the clone wars,クローン・ウォーズ
mode aim,3,449,,オシャレになりたい!ピーナッツくん
tokimeki memorial 2,3,449,,ときめきメモリアル2
tsunderia,3,449,,Tsunderia
the legend of zelda: a link to the past,3,448,,神々のトライフォース
rolling girl (vocaloid),3,448,,ローリンガール
roshin yuukai (vocaloid),3,448,,炉心融解
wednesday (netflix),3,447,,ウェンズデー
our life: beginnings and always,3,447,,
persona 5: dancing star night,3,447,persona 5: dancing in starlight,ペルソナ5ダンシング・スターナイト
yuri-natsu: minshuku kagaya,3,447,,ゆりなつ
sore wa bokutachi no kiseki,3,447,,それは僕たちの奇跡
vigilante -boku no hero academia: illegals-,3,446,my hero academia: vigilantes,ヴィジランテ-僕のヒーローアカデミアILLEGALS-
idolmaster side-m growing stars,3,446,,サイスタ
mahou shoujo lyrical nanoha a's portable: the battle of aces,3,445,,Mahou shoujo lylical nanohaのポータブル：エースの戦い
danganronpa another,3,444,,
encanto,3,444,,ミラベルと魔法だらけの家
la pucelle tactics,3,444,,ラ・ピュセル
high school dxd pi,3,444,,ハイスクールD×DPI
the murder of sonic the hedgehog,3,443,,
natsume yuujinchou,3,443,,夏目友人帳
doukyuusei 2,3,443,,同級生2
pui pui molcar,3,443,,モルカー
chuugoku yome nikki,3,441,,中国嫁日記
onsen musume,3,441,,温泉むすめ
yuru-chara,3,440,,ゆるキャラ
ginga eiyuu densetsu,3,440,,銀河英雄伝説
white album 2,3,439,,ホワイトアルバム2
tsumamigui (series),3,439,,
chaos;head love chu chu!,3,439,,
kagura gumi,3,439,,神楽めあ
mishiranu joshikousei ni kankin sareta mangaka no hanashi,3,439,,見知らぬ女子高生に監禁された漫画家の話
enigmatic recollection,3,438,,
looney tunes,3,438,,ルーニー・テューンズ
marvel vs. capcom 2,3,438,,マブカプ2
#compass,3,438,,#コンパス
pia carrot (series),3,438,,Piaキャロットへようこそ!!
precure all stars,3,438,pretty cure all stars,プリキュアオールスターズ
bobobo-bo bo-bobo,3,437,,ボボボーボ・ボーボボ
doom eternal,3,437,,永遠の運命
story of eastern wonderland,3,437,,東方封魔録
atelier escha & logy,3,436,,エスカ&ロジーのアトリエ
takaramonozu,3,436,,タカラモノズ
fire emblem shadows,3,435,,ファイアーエムブレムシャドウズ
yomi no tsugai,3,435,daemons of the shadow realm,黄泉のツガイ
jormungand (manga),3,435,,ヨルムンガンド
taimanin asagi kessen arena,3,435,,対魔忍アサギ~決戦アリーナ~
ena: dream bbq,3,434,,
girl cafe gun,3,434,,ガール・カフェ・ガン
eden's zero,3,433,,エデンズゼロ
tribe nine,3,433,,トライブナイン
half-life (series),3,432,half-life,ハーフライフ
power pro appli,3,432,,パワプロアプリ
tokyo mirage sessions fe,3,431,,幻影異聞録♯FE
wrestle angels survivor,3,431,,レッスルエンジェルスサバイバー
tsukuyomi moonphase,3,431,,月詠(漫画)
legend of the cryptids,3,431,,Cryptidsの伝説
chrono crusade,3,431,,クロノクルセイド
kyoto animation,3,430,,京都アニメーション
cyphers,3,430,,シップ
off (game),3,429,,オフ（ゲーム）
tenmaku no jaadugar,3,429,a witch's life in mongol,天幕のジャードゥーガル
eyeshield 21,3,429,,アイシールド21
nue no onmyouji,3,429,nue's exorcist,鵺の陰陽師
naruto shippuuden: ultimate ninja blazing,3,429,,NARUTO疾風伝ナルティメットブレイジング
love live! hasu no sora jogakuin school idol club bloom garden party,3,429,love live! hasunosora jogakuin school idol club bloom garden party,映画蓮ノ空
juuni kokuki,3,429,,十二国記
maou-jou de oyasumi,3,428,sleepy princess in the demon castle,魔王城でおやすみ
sakura-sou no pet na kanojo,3,428,,さくら荘のペットな彼女
seikon no qwaser,3,428,,聖痕のクェイサー
mahotama,3,428,,まほ☆たまシリ
null-meta,3,428,nullmeta,ぬるめた
hikaru no go,3,427,,ヒカルの碁
sonic adventure 2,3,427,,ソニックアドベンチャー2
alice: madness returns,3,427,,アリスマッドネスリターンズ
kaoru hana wa rin to saku,3,427,the fragrant flower blooms with dignity,薫る花は凛と咲く
bougyoryoku zero no yome,3,427,,防御力ゼロの嫁
sinsekai record,3,426,sinsekai studio,深脊界計画
kirby air ride,3,426,,カービィのエアライド
fuuki iinchou seira,3,426,,風紀委員長聖薇
amakano 2,3,426,,アマカノ2
nurarihyon no mago,3,426,,ぬらりひょんの孫
soukou seiki ysphere,3,426,,装煌聖姫イースフィア
k-on! movie,3,426,,映画けいおん!
himehina channel,3,425,,ヒメチャンネル
she-ra and the princesses of power,3,425,,シーラとプリンセス戦士
tiktok,3,425,,ティックトック
king of prism,3,425,,キンプリ
otome gee sekai wa mob ni kibishii sekai desu,3,425,,乙女ゲー世界はモブに厳しい世界です
darkest dungeon,3,424,,ダーケストダンジョン
phantasmagoria of flower view,3,424,,東方花映塚
mother 1,3,424,,マザー1
langrisser mobile,3,424,,ラングリッサーモバイル
428: fuusa sareta shibuya de,3,424,,428~封鎖された渋谷で~
tomo-chan wa onna no ko,3,423,tomo-chan is a girl!,トモちゃんは女の子!
suicide squad,3,423,,スーサイド・スクワッド
splatoon raiders,3,422,,スプラトゥーンレイダース
kunio-kun series,3,422,,くにおくん
project diva f,3,422,,プロジェクト歌姫f
oda nobuna no yabou,3,422,,織田信奈の野望
wake up girls!,3,422,,女の子を起こす！
the king of fighters xiii,3,421,,ザ・キング・オブ・ファイターズXIII
google,3,421,,グーグル
demi-chan wa kataritai,3,421,,亜人ちゃんは語りたい
kakyuusei,3,421,,下級生
ryoujoku gakuen,3,421,,
hidan no aria,3,420,,緋弾のアリア
washio sumi wa yuusha de aru,3,420,,鷲尾須美は勇者である
touhou danmaku kagura,3,419,,東方ダンマクカグラ
gwechul,3,419,got dropped into a ghost story still gotta work,怪談出勤
manga time kirara,3,419,manga time kirara carat,まんがタイムきらら
eversoul,3,419,,エバーソウル
canaan (series),3,419,,
melty blood: type lumina,3,419,,溶融血：タイプルミナ
kamen rider gaim (series),3,418,,仮面ライダー鎧武
roco kingdom: world,3,418,,洛克王国
ar tonelico i,3,418,,アルトネリコ世界の終わりで詩い続ける少女
bokusatsu tenshi dokuro-chan,3,417,,撲殺天使ドクロちゃん
memories off,3,417,,メモリーズオフ
lotte no omocha!,3,417,,ロッテのおもちゃ!
djmax respect,3,417,dj max respect,djmaxの尊敬
kamoku dakedo mechakucha nori no ii kuroneko-chan,3,416,,寡黙だけどめちゃくちゃノリのいい黒猫ちゃん
hyrule warriors: age of calamity,3,416,,厄災の黙示録
tales of legendia,3,416,,テイルズ・オブ・レジェンディア
mahou shoujo inori,3,416,,魔法少女イノリ
yandere simulator,3,415,,ヤンデレシミュレーター
druaga no tou,3,415,,ドルアーガの塔
pokemon: twilight wings,3,415,,薄明の翼
black bullet,3,415,,ブラック・ブレット
tamagotchi (classic),3,414,,たまごっち
tonari no kyuuketsuki-san,3,413,,となりの吸血鬼さん
ga-rei,3,413,,喰霊
pacific (kancolle),3,413,pacific,美艦本
chaos online,3,413,,カオスヒーローズオンライン
coppelion,3,413,,コッペリオン
strawberry prince,3,412,,すとろべりーぷりんす
sarazanmai,3,412,,さらざんまい
daiblos core,3,412,crosscore,ダイブロスコア
kakumeiki valvrave,3,411,,革命機ヴァルヴレイヴ
mega man 2,3,411,,ロックマン2Dr.ワイリーの謎
bandai namco,3,411,,バンダイナムコ
snk heroines: tag team frenzy,3,410,,SNKヒロインズ
makai senki disgaea 5,3,410,,魔界戦記ディスガイア5
maria holic,3,410,,まりあ†ほりっく
death stranding,3,410,,デス・ストランディング
warhammer fantasy,3,410,,ウォーハンマーファンタジー
sweets paradise,3,410,,スイパラ
shiro seijo to kuro bokushi,3,409,saint cecilia and pastor lawrence,白聖女と黒牧師
galaxy angel rune,3,409,,ギャラクシーエンジェルII
soulcalibur vi,3,408,,ソウルキャリバー6
7-eleven,3,408,,セブンイレブン
me!me!me!,3,408,,私！私！私！
first stage production,3,407,,いちプロ
kirby's return to dream land,3,406,,星のカービィWii
samsung,3,406,,サムスン
kumamiko,3,406,,くまみこ
marl kingdom,3,406,,マール王国の人形姫
clair obscur: expedition 33,3,406,,光與影:33號遠征隊
detroit: become human,3,404,,デトロイトビカムヒューマン
shinsou kenki arch saver,3,404,,神装剣姫アークセイバー
kamen rider wizard (series),3,404,,仮面ライダーウィザード
dai (series),3,403,,大シリーズ
mister donut,3,403,,ミスタードーナツ
unleashed,3,403,,解き放たれた
mega man x4,3,403,,ロックマンX4
ga-rei zero,3,403,,喰霊-零-
taiho shichauzo,3,401,you're under arrest (manga),逮捕しちゃうぞ
sengoku otome,3,401,battle girls: time paradox,戦国乙女
mahoujin guruguru,3,401,magical circle guru guru,魔法陣グルグル
x-men movie series,3,401,x-men film series,X-MENユニバース
kamen rider kabuto (series),3,400,,仮面ライダーカブト
king (vocaloid),3,400,,キング（ボーカロイド）
suguri,3,400,,スグリ
pokemon winds and waves,3,400,"pokemon waves,pokemon winds,pokemon ww",ポケモン風波
code: kite,3,400,,代号鸢
hakanai kimi wa moukou wo hajimeru,3,400,,儚キミ
seito kaichou hikaru,3,400,,聖徒会長ヒカル
watashi no oshi wa akuyaku reijou,3,399,wataoshi,私の推しは悪役令嬢。
iron man (series),3,399,,アイアンマン
digimon xros wars,3,399,digimon fusion,デジモンクロスウォーズ
fate/extra ccc fox tail,3,399,,運命/余分なCCCフォックステール
onegai my melody,3,399,,おねがいマイメロディ
kyokugen dasshutsu: 9 jikan 9 nin 9 no tobira,3,399,,極限脱出9時間9人9の扉
oshi no taisetsuna hito ni narikawaru,3,398,,推しの大切な人に成り代わる
moetan,3,398,,もえたん
sword art online: unleashed blading,3,398,sword art online: alicization rising steel,ソードアート・オンライン_アンリーシュ・ブレイディング
rabbit and steel,3,398,,
transformers: prime,3,398,transformers prime,トランスフォーマープライム
the amazing world of gumball,3,397,,おかしなガムボール
ensemble girls!,3,397,,あんさんぶるガールズ!
grisaia no rakuen,3,397,,グリザイアの楽園
mimukauwa nice try (vocaloid),3,397,,みむかゥわナイストライ
strike witches zero,3,396,,ストライクウィッチーズ零
collar x malice,3,396,,カラマリ
22/7 ongaku no jikan,3,396,,22/7音楽の時間
metal gear solid 4: guns of the patriots,3,396,metal gear solid 4,メタルギアソリッド4
double dealing character,3,396,,東方輝針城
schwarzesmarken,3,396,,シュヴァルツェスマーケン
erha he ta de bai mao shizun,3,395,"erha he tadebai mao shizun,the husky and his white cat shizun",二哈と彼の白猫師尊
ninja gaiden,3,395,,ニンジャガイデン
watashi wo tabetai hitodenashi,3,395,"this monster wants to eat me,watashi o tabetai hitodenashi,watatabe",私を喰べたい、ひとでなし
mieruko-chan,3,395,,見える子ちゃん
magician's aerial dream,3,395,,東方架空園
nippon ichi,3,395,,日本一ソフトウェア
elona,3,394,,エレア
girls und panzer little army,3,394,,ガールズ&パンツァーリトルアーミー
dead or alive xtreme venus vacation,3,393,,
yuushakei ni shosu,3,393,"sentenced to be a hero: the prison records of penal hero unit 9004,yuusha-kei ni shosu: choubatsu yuusha 9004-tai keimu kiroku",勇者刑に処す
sword art online progressive,3,393,,ソードアートオンラインプログレッシブ
deemo,3,393,,deemo
nurse witch komugi-chan,3,393,,ナースウィッチ小麦ちゃんマジカルて
ai the somnium files,3,392,,AI:ソムニウムファイル
titanfall 2,3,392,,タイタンフォール2
yoru no yatterman,3,392,,夜ノヤッターマン
houchi shoujo,3,392,,放置少女イラコンファンアート
2.5 jigen no ririsa,3,392,2.5 dimensional seduction,2.5次元の誘惑
phantasmagoria of dim.dream,3,391,,夢時空
maken-ki!,3,391,,マケン姫っ!
guilty gear x,3,391,,ギルティギアゼクス
snow halation,3,391,,スノハレ
tenki no ko,3,390,,天気の子
mario kart tour,3,390,,マリオカートツアー
weather planet,3,390,,ウェザプラ
duet night abyss,3,389,,デュエットナイトアビス
the incredibles,3,389,,Mr.インクレディブル
princess principal game of mission,3,389,,プリンセス・プリンシパルGOM
bacchikoi!,3,389,,バッチコイ
monster hunter portable 3rd,3,388,,モンスターハンターポータブル3rd
tomodachi life,3,387,,トモダチコレクション新生活
trigger (company),3,387,studio trigger,株式会社トリガー
quiz magic academy the world evolve,3,387,,クイズマジックアカデミーTHE_WORLD_EVOLVE
kitarou tanjou: gegege no nazo,3,387,,鬼太郎誕生ゲゲゲの謎
tom and jerry,3,386,,トムとジェリー
walkure romanze,3,385,,ワルキューレロマンツェ
kemomimi refle!,3,385,,けもみみりふれっ!
kamen rider zi-o (series),3,384,,仮面ライダージオウ
isekai ojisan,3,384,uncle from another world,異世界おじさん
barbie (live action),3,384,,
slow start,3,383,,スロウスタート
transformers: animated,3,383,transformers animated,トランスフォーマーアニメイテッド
miniskirt pirates,3,383,,ミニスカ宇宙海賊
tsuujou kougeki ga zentai kougeki de ni-kai kougeki no okaasan wa suki desu ka?,3,382,,通常攻撃が全体攻撃で二回攻撃のお母さんは好きですか?
mega man x: command mission,3,382,,ロックマンXコマンドミッション
vyugen,3,382,,ヴィーゲン
invader zim,3,381,,インベーダー・ジム
predator (series),3,381,,プレデター
antinomy of common flowers,3,381,,東方憑依華
sdorica,3,381,,スドリカ
sakura taisen v,3,381,sakura wars: so long my love,サクラ大戦V
qinshi mingyue,3,381,,秦时明月
oukoku no shugo tenshi,3,381,,王国の守護天使
all wishes come true!,3,380,,八仙
metroid fusion,3,380,,メトロイドフュージョン
rain world,3,380,,雨世界
shijou saikyou no deshi ken'ichi,3,380,kenichi: the mightiest disciple,史上最強の弟子ケンイチ
bural chingu,3,380,,ずっとも!
cafe-chan to break time,3,380,,カフェちゃんとブレークタイム
cuphead (game),3,379,,カップヘッド
versailles no bara,3,379,,ベルサイユのばら
wangzhe rongyao,3,379,honor of kings,王者荣耀
gundam sentinel,3,379,,ガンダムセンチネル
tactics ogre,3,379,,タクティクスオウガ
last period,3,378,,ラストピリオド
shuumatsu no valkyrie,3,378,,終末のワルキューレ
aku no meshitsukai (vocaloid),3,378,,悪ノ召使
yami to boushi to hon no tabibito,3,378,,ヤミと帽子と本の旅人
kai-ri-sei million arthur,3,378,,乖離性ミリオンアーサー
lord of vermilion,3,377,,ロードオブヴァーミリオン
super mario rpg,3,377,,スーパーマリオRPG
gundam battle operation 2,3,376,,機動戦士ガンダムバトルオペレーション2
microsoft,3,376,,マイクロソフト
super mario 3d world,3,376,,スーパーマリオ3Dワールド
disgaea d2,3,375,,ディスガイアD2
danball senki,3,375,little battlers experience,ダンボール戦機
muse dash,3,375,,喵斯快跑
100% orange juice,3,375,100 percent orange juice,100%おれんじじゅ〜すっ!
bioshock (series),3,375,,バイオショック
143 ocean boulevard,3,375,,143オーシャン・ブールヴァード
seisenshi dunbine,3,375,,聖戦士ダンバイン
princess peach: showtime!,3,375,,プリンセスピーチショータイム!
kage no jitsuryokusha ni naritakute! master of garden,3,374,,陰の実力者になりたくて!マスターオブガーデン
fall guys,3,374,,フォールガイズ
mc axis,3,374,,MC☆あくしず
jissai no tokoro,3,374,,実際のところ
pixiv fate/grand order contest 2,3,374,,FGOイラコン2
undead unluck,3,373,,アンデッドアンラック
blade runner (series),3,373,blade runner,ブレードランナー
ace attorney investigations 2: prosecutor's gambit,3,373,ace attorney investigations 2,逆転検事2
cinderella (disney movie),3,373,,シンデレラ(ディズニー)
joshi kousei rich thots,3,373,,お姉ちゃんととろける気持ち
hatsune miku happy 16th birthday -dear creators-,3,373,,
kimi ga shinu made koi wo shitai,3,373,"i want to love you till your dying day,kimishinu",きみが死ぬまで恋をしたい
mahjong fight girl,3,373,,麻雀ファイトガール
kemomimi oukoku kokuei housou,3,373,,けもみみおーこく
to heart 2 ad,3,373,"to heart 2 adnext,to heart 2 adplus",ハート2の広告に
summon night 2,3,372,,サモンナイト2
konjiki no gash!!,3,372,,金色のガッシュベル!!
super blackjack,3,372,,スーパーブラックジャック
digimon universe: appli monsters,3,371,,デジモンユニバースアプリモンスターズ
mahou shoujo ikusei keikaku restart,3,371,,魔法少女育成計画restart
ojisan to marshmallow,3,371,,おじマシュ
mahou senshi symphonic knights,3,370,,魔法戦士シンフォニックナイツ
matai toshi,3,370,,魔胎都市
kaibutsu oujo,3,370,,怪物王女
sakura no toki,3,369,,サクラノ刻
beacon of light in the dark sea,3,369,eoduun badaui deungbul-i doeeo,
steam (platform),3,369,,Steam（プラットフォーム）
no thank you! (k-on!),3,369,,
bleach: brave souls,3,369,,ブレソル
love curse: find your soulmate,3,369,bu lian'ai jiu wandanle,恋に落ちるしかなかった
last exile,3,369,,ラストエグザイル
code vein,3,369,,コードヴェイン
oomakase,3,369,,
the legend of zelda: spirit tracks,3,368,,大地の汽笛
zako (vocaloid),3,368,,ざぁこ
escape from tarkov,3,367,,タルコフ
tetsuwan atom,3,367,,鉄腕アトム
mighty no. 9,3,367,,マイティーナンバーナイン
life is strange (series),3,367,,
yu-gi-oh! master duel,3,366,,遊戯王マスターデュエル
manjuverunu no sen otome,3,365,,マンジュヴェルヌの戦乙女
agarest senki (series),3,365,,アガレスト戦記
ooe (adelta),3,365,ooe (game),大穢
andersen's fairy tales,3,365,,アンデルセン童話
yowamushi pedal,3,364,,弱虫ペダル
osu!,3,364,,OSU！
castlevania: rondo of blood,3,364,,悪魔城ドラキュラX血の輪廻
napoli no otokotachi,3,364,,ナポリの男たち
karakai jouzu no (moto) takagi-san,3,364,,からかい上手の元高木さん
valkyrie profile 1,3,364,,ヴァルキリープロファイル
odd taxi,3,364,,オッドタクシー
jinrui wa suitai shimashita,3,364,,人類は衰退しました
soukou kihei votoms,3,363,,装甲騎兵ボトムズ
houkago teibou nisshi,3,363,diary of our days at the breakwater,放課後ていぼう日誌
danganronpa/zero,3,363,,ダンガンロンパ/ゼロ
punch-out!!,3,362,,パンチアウト!!
sonic adventure,3,362,,ソニックアドベンチャー
kamihime project,3,362,,神姫PROJECT
starcraft,3,362,,スタークラフト
summer wars,3,362,,サマーウォーズ
sabrina to muryoku na tamashii,3,362,,サブリナと無力なタマシイ
fantasy earth,3,362,,ファンタジーアース
rokudenashi majutsu koushi to akashic record,3,361,,ロクでなし魔術講師と禁忌教典
kaze no klonoa,3,361,,風のクロノア
shantae and the pirate's curse,3,361,,海賊の呪い
itai no wa iya nano de bougyoryoku ni kyokufuri shitai to omoimasu,3,361,,痛いのは嫌なので防御力に極振りしたいと思います。
dream hunter rem,3,360,,ドリームハンター麗夢
nogi wakaba wa yuusha de aru,3,360,,乃木若葉は勇者である
kamen rider drive (series),3,360,,仮面ライダードライブ
super no ura de yani suu futari,3,360,smoking behind the supermarket with you,スーパーの裏でヤニ吸うふたり
crossbone gundam,3,360,,機動戦士クロスボーンガンダム
chanto suenai kyuuketsuki-chan,3,360,,ちゃんと吸えない吸血鬼ちゃん
chousoku henkei gyrozetter,3,360,,超速変形ジャイロゼッター
sword art online: memory defrag,3,360,,メモリー・デフラグ
himekishi olivia,3,359,,姫騎士オリヴィア
usseewa,3,359,,うっせぇわ
ultra kaijuu gijinka keikaku,3,359,,ウルトラ怪獣擬人化計画
oomuro-ke,3,359,,大室家アルバム
lord of heroes,3,359,,ロードオブヒーローズ
black surge night,3,359,,アビスフロント
pixiv fantasia 4,3,359,,pixivファンタジアIV
project diva,3,358,,プロジェクト歌姫
absolute batman,3,358,,
dragon ball xenoverse,3,358,,ドラゴンボールゼノバース
tales of innocence,3,358,,テイルズ・オブ・イノセンス
rilakkuma (series),3,358,,リラックマ
kamen rider kiva (series),3,358,,仮面ライダーキバ
gynoid talk,3,358,,gynoidの話
happy tree friends,3,357,,ハッピーツリーフレンズ
plants vs. zombies 2,3,357,plants vs zombies 2,植物大战僵尸2
nhk ni youkoso!,3,357,,NHKにようこそ!
crystal maiden (series),3,357,,
wendy's,3,357,,ウェンディーズ
god of war (series),3,356,,ゴッドオブウォー
himawari-san,3,356,,ひまわりさん
hataraku saibou black,3,356,,はたらく細胞BLACK
yuukyuu gensoukyoku revival,3,355,,悠久幻想曲リバイバル
kyokugen dasshutsu adv: zennin shibou desu,3,355,,善人シボウデス
gachimuchi,3,354,,ガチムチ
queen's blade grimoire,3,354,,クイーンズブレイドグリムワール
heroman,3,354,,ヒーローマン
c (control),3,354,,C(アニメ)
hapymaher,3,353,,ハピメア
devil summoner: soul hackers,3,353,soul hackers,デビルサマナーソウルハッカーズ
ninjago,3,353,,ニンジャゴー
professor layton,3,353,,レイトン教授
c.c. lemon,3,353,,C.C.レモン
shinsou seiki elementia,3,352,,神装聖姫エレメンティア
tiny evil,3,352,,小さな悪
ichigo 100%,3,352,ichigo 100 percent,いちご100%
planetarian,3,352,,プラネタリアン
pokemon mystery dungeon: explorers of time/darkness/sky,3,352,,時・闇の探検隊
azure striker gunvolt 2,3,352,,蒼き雷霆ガンヴォルト爪
mystic square,3,351,,東方怪綺談
igaku (utau),3,351,medicine (utau),イガク
dosanko gal wa namaramenkoi,3,350,dosanko gyaru wa namaramenkoi,道産子ギャルはなまらめんこい
comiket 93,3,350,c93,コミケ93
urasekai picnic,3,350,,裏世界ピクニック
pokemon sleep,3,349,,ポケモンスリープ
hara hara!!,3,349,,孕ら☆ハラっ!!
class of 09,3,348,,
seiken gakuin no maken tsukai,3,348,,聖剣学院の魔剣使い
astral party,3,348,,アストラルパーティー
monsters inc.,3,348,,モンスターズ・インク
the super mario bros. movie,3,348,super mario bros. (2023 movie),ザ・スーパーマリオブラザーズ・ムービー
taiko no tatsujin,3,348,,太鼓の達人
tantei wa mou shindeiru,3,347,,探偵はもう、死んでいる。
atlus,3,347,,アトラス
dragon age,3,347,,ドラゴンエイジ
tom clancy's the division,3,347,,ディビジョン
megami magazine deluxe,3,346,,メガミマガジンDELUXE
jet set radio,3,346,,ジェットセットラジオ
melt (vocaloid),3,346,,メルト
idol land pripara,3,346,,アイドルランドプリパラ
the legend of zelda: link's awakening,3,346,,ゼルダの伝説夢をみる島
internet explorer,3,345,,インターネットエクスプローラ
sonic the hedgehog (archie comics),3,345,,アーチーソニック
dragon quest ix,3,345,,ドラゴンクエスト9
uchi no kuroneko onnanoko,3,345,uchino kuroneko onnanoko,うちの黒猫_おんなのこ
dragon's dogma (series),3,345,,
twin angel,3,345,,ツインエンジェル
kirby super star,3,344,,星のカービィスーパーデラックス
shimoneta to iu gainen ga sonzai shinai taikutsu na sekai,3,344,,下ネタという概念が存在しない退屈な世界
bakusou kyoudai let's & go!!,3,344,,爆走兄弟レッツ&ゴー!!
ys viii: lacrimosa of dana,3,343,ys viii lacrimosa of dana,イース8
lotus land story,3,343,,東方幻想郷
virtual on,3,343,,電脳戦機バーチャロン
seihou,3,343,,西方
ryuu ga gotoku 0,3,343,,龍が如く0
kao no nai tsuki,3,343,,顔のない月
masterwork apocalypse,3,343,,終末のアーカーシャ
brave girl ravens,3,342,,ブレイヴガールレイヴンズ
choukou sennin haruka,3,341,,超昂閃忍ハルカ
puss in boots: the last wish,3,341,,長ぐつをはいたネコと9つの命
how to train your dragon (series),3,340,,ヒックとドラゴン
super mario bros. wonder,3,340,,スーパーマリオブラザーズワンダー
persona 4: dancing all night,3,340,,ペルソナ4：一晩中ダンス
star ocean: first departure,3,340,star ocean first departure,スターオーシャン1
amaryllis gumi,3,340,,アマリリス組
ole tower,3,340,,俺タワー
bakuon!!,3,340,,ばくおん
hololive alternative,3,340,,ホロライブオルタナティブ
mogeko castle,3,339,,モゲコキャッスル
kirby air riders,3,339,,カービィのエアライダー
hello charlotte,3,339,,你好夏洛特
shigoto neko,3,339,,仕事猫
runescape,3,339,,runescape
inabakumori,3,339,,稲葉曇
ame to kimi to,3,339,,雨と君と
grand theft auto v,3,338,grand theft auto online,グランドセフトオート5
xxxholic,3,338,,xxxholic
winnie the pooh,3,338,,くまのプーさん
good omens,3,338,,グッドオーメンズ
orc wa nozomanai,3,338,,オークは望まない
kakyuusei 2,3,338,,kakyuusei 2
ikemen onna to hakoiri musume,3,338,,イケメン女と箱入り娘
hyakka ryouran samurai girls,3,338,,百花繚乱サムライガールズ
majutsushi orphen,3,338,sorcerous stabber orphen,魔術士オーフェン
bomberman,3,338,,ボンバーマン
sora yori mo tooi basho,3,338,a place further than the universe,宇宙よりも遠い場所
kore ga watashi no goshujin-sama,3,337,,これが私の御主人様
saikin yatotta maid ga ayashii,3,337,the maid i hired recently is mysterious,最近雇ったメイドが怪しい
pokemon: the electric tale of pikachu,3,337,,電撃!ピカチュウ
all saints street,3,337,wan sheng jie,万圣街
captain america: the winter soldier,3,337,,キャプテン・アメリカ/ウィンター・ソルジャー
kagetsu tooya,3,337,,歌月十夜
houkago play,3,337,,放課後プレイ
tsuma shibori,3,337,,妻しぼり
kamen rider agito (series),3,336,,仮面ライダーアギト
rikai no aru karen-chan,3,336,,理解のあるカレンちゃん
kin-iro loveriche,3,336,,金色ラブリッチェ
soukou senki prism reica,3,336,,装甲戦姫プリズムレイカー
anyamal tantei kirumin zoo,3,336,animal detective kirumin zoo,あにゃまる探偵
shantae: half-genie hero,3,335,,ハーフ・ジーニーヒーロー
ginga tetsudou 999,3,335,,銀河鉄道999
little tail bronx,3,335,,リトルテイルブロンクス
choujin x,3,334,,超人X
tsubasa chronicle,3,334,,ツバサ-RESERVoir_CHRoNiCLE-
phoenix wright: ace attorney,3,334,,フェニックスライト：エース弁護士
namco,3,334,,ナムコ
wario land,3,334,,ワリオランド
v4mirai,3,334,,
scryed,3,334,,スクライド
varium,3,334,,
idolmaster one for all,3,334,,アイドルマスターワンフォーオール
golden sun,3,334,,黄金の太陽
duolingo,3,334,,デュオリンゴ
madan no ichi,3,333,ichi the witch,魔男のイチ
no.6,3,333,,未来都市no.6
super mario 64,3,333,,スーパーマリオ64
monobeno,3,333,,ものべの
happy sugar life,3,332,,ハッピーシュガーライフ
mono (afro),3,332,,mono(あfろ)
ice climber,3,332,,アイスクライマー
shadowverse (animated series),3,332,,アニシャド
yu-gi-oh! the dark side of dimensions,3,332,,yu-gi-oh！寸法の暗い側面
camp buddy,3,332,,キャンプバディ
seeno de! hasu no sora!,3,332,,せーので!はすのそら!
kanagawa oki nami ura,3,332,kanagawa okinami ura,かながわおきなみうら
toki wo kakeru shoujo,3,332,,時をかける少女
kirby: planet robobot,3,331,,ロボボプラネット
steampunk (liarsoft),3,331,,スチームパンクシリーズ
hua yi shanxin zhiyue,3,331,,花亦山心之月
red velvet (group),3,331,,レッドベルベット
paper mario: the origami king,3,331,,ペーパーマリオオリガミキング
zone of the enders (series),3,331,zone of the enders,エンダーのゾーン
illustration.media,3,331,,Illustration.Media
paripi koumei,3,331,,パリピ孔明
blood+,3,331,,ブラッドプラス
battle angel alita,3,330,,銃夢
fire emblem gaiden,3,330,,ファイアーエムブレム外伝
astrae oratio,3,330,,アストラエ・オラティオ
persona 5 scramble: the phantom strikers,3,330,,ペルソナ5スクランブル
beast wars,3,330,,ビーストウォーズ
comiket 91,3,330,c91,コミケ91
saint seiya omega,3,330,,聖闘士星矢Ω
yumenokessho,3,330,,夢ノ結唱
grisaia no meikyuu,3,330,,グリザイアの迷宮
kanokon,3,330,,かのこん
cinderella (fairy tale),3,329,,シンデレラ
ganbare goemon,3,329,,がんばれゴエモン
comic lo,3,329,,コミックロー
bionicle,3,328,,バイオニクル
fruits basket,3,328,,フルーツバスケット
the bible,3,328,,聖書
lake of voices,3,328,,
comic party,3,328,,こみっくパーティー
hyakko,3,328,,ヒャッコ
tenco's story,3,328,,天子の旅
seitokai yakuindomo,3,328,,生徒会役員共
code geass: boukoku no akito,3,328,,コードギアス亡国のアキト
shadow of the colossus,3,328,,ワンダと巨像
ordo mediare sisters (ironlily),3,327,,
valkyrie no densetsu,3,327,,ワルキューレの伝説
higanbana no saku yoru ni,3,327,,彼岸花の咲く夜に
lonely girl ni sakaraenai,3,327,"can't defy the lonely girl,i can't refuse lonely girl's request,i can't say no to the lonely girl",ロンリーガールに逆らえない
atelier ayesha,3,327,,アーシャのアトリエ
banana fish,3,327,,バナナフィッシュ
power rangers,3,326,,パワーレンジャー
kaleido star,3,326,,カレイドスター
uchuu no stellvia,3,326,,宇宙のステルヴィア
shadow hearts,3,326,,シャドウハーツ
ico,3,326,,イコ
shinkyoku soukai polyphonica,3,326,,神曲奏界ポリフォニカ
makai tenshi djibril,3,326,,魔界天使ジブリール
pokemon heroes: latios & latias,3,325,pokemon m05,水の都の護神
bakumatsu rouman,3,325,gekka no kenshi,月華の剣士
tomodachi life: living the dream,3,325,,トモダチコレクションわくわく生活
city (arawi keiichi),3,325,,CITY(あらゐけいいち)
five nights at freddy's: security breach,3,325,,セキュリティ侵害
advance of zeta,3,325,,アドバンス・オブ・Z
grand summoners,3,325,,グランドサマナーズ
ombok diving and delivery services,3,325,,オンボックダイビングおよび配達サービス
azure striker gunvolt 1,3,325,,蒼き雷霆ガンヴォルト
xblaze code: embryo,3,325,,Xblazeコード：胚
ninin ga shinobuden,3,324,,ニニンがシノブ伝
vivid strike!,3,324,,鮮やかなストライク！
justice league,3,323,,ジャスティスリーグ
sidonia no kishi,3,323,,シドニアの騎士
virtuareal link,3,323,"andou inari official,azusa official,joi official,karon official,kero official,mitsusa official,nox official,ruruna official,sumire hina official,susam official",阿梓从小就很可爱
mabinogi heroes,3,323,,マビノギ英雄伝
melon girls,3,323,,メロンガールズ
falkyrie no monshou,3,323,,ファルキューレの紋章
irotoridori no sekai,3,322,,いろとりどりのセカイ
readymade (ado),3,322,,レディメイド
downtown no gaki no tsukai ya arahende!!,3,322,,ダウンタウンのガキの使いやあらへんで!!
sengoku taisen,3,322,,戦国大戦TCG
slow damage,3,321,,スロウ・ダメージ
battlefield (series),3,321,,バトルフィールド
brave sword x blaze soul,3,321,,ブレイブソード×ブレイズソウル
sentai red isekai de boukensha ni naru,3,321,"sentai red ga isekai de boukensha ni naru,the red ranger becomes an adventurer in another world",戦隊レッド異世界で冒険者になる
mob talker,3,321,,
idolmaster starlit season,3,320,,アイドルマスタースターリットシーズン
overman king gainer,3,320,,オーバーマンキングゲイナー
socks agency,3,320,,
saihate (vocaloid),3,320,,サイハテ
motto! haramase! honoo no oppai isekai oppai bunny gakuen!,3,320,,もっと!孕ませ!炎のおっぱい異世界おっぱいバニー学園!
jujutsu kaisen modulo,3,319,jujutsu kaisen mojuro,呪術モジュロ
kaiten muten-maru,3,319,,回転むてん丸
saiki kusuo no psi nan,3,318,,斉木楠雄のΨ難
digimon adventure tri.,3,318,,デジモンアドベンチャーtri.
brawl stars,3,318,,ブロスタ
uchuu patrol luluco,3,318,,宇宙パトロールルル子
ochikobore fruit tart,3,317,,おちこぼれフルーツタルト
atelier firis,3,317,,フィリスのアトリエ
strike witches: katayoku no majo-tachi,3,317,,ストライクウィッチーズ片翼の魔女たち
trickster (ntreev soft),3,317,,トリックスター
rabi-ribi,3,317,,ラビリビ
atelier lydie & suelle,3,316,,リディー&スールのアトリエ
shiritsu justice gakuen,3,315,,私立ジャスティス学園
mahou senshi elixir knights,3,315,,魔法戦士エリクシルナイツ
slow loop,3,315,,スローループ
donkey kong country,3,315,,スーパードンキーコング
super danganronpa another 2,3,314,,スーパーダンガンロンパアナザー2
noa-senpai wa tomodachi.,3,314,,のあ先輩はともだち。
stalker (game),3,314,,ストーカー（ゲーム）
nanatsuiro drops,3,314,,ななついろ★ドロップス
trusty bell,3,314,,トラスティベル
hopeless masquerade,3,313,,東方心綺楼
bishoujo senshi sailor moon crystal,3,313,,美少女戦士セーラームーンクリスタル
war thunder,3,313,,ウォーサンダー
comiket 92,3,313,c92,コミケ92
umayuru,3,313,,うまゆる
pokemon red/green/blue/yellow (prototype),3,313,pokemon rgby (prototype),ポケモンRGBY（プロトタイプ）
nukigee mitai na shima ni sunderu watashi wa dou surya ii desu ka?,3,312,nukitashi,抜きゲーみたいな島に住んでる貧乳はどうすりゃいいですか?
sentimental graffiti,3,312,,センチメンタルグラフティ
strider (game),3,312,,ストライダー飛竜
shining wind,3,312,,シャイニング・ウィンド
comic anthurium,3,312,,コミックアンスリウム
gensou suikoden iii,3,312,,幻想水滸伝iii
shoujo to ura roji,3,312,,少女と裏路地
fire emblem warriors,3,311,,ファイアーエムブレム無双
cyberpunk: edgerunners 2,3,311,,サイバーパンク:エッジランナーズ2
re:zero kara hajimeru isekai seikatsu: lost in memories,3,311,,リゼロス
the distortion detective,3,311,,ねじれ探偵
rumble roses,3,311,,ランブルローズ
marvel vs. capcom 3,3,311,,マブカプ3
manaria friends,3,310,,マナリアフレンズ
it (stephen king),3,310,,イット
princess lover,3,310,,プリンセスラバー
haite kudasai takamine-san,3,310,,履いてください、鷹峰さん
asobi ni iku yo!,3,310,,あそびにいくヨ!
kamichu!,3,310,,かみちゅ!
3am,3,309,,
danganronpa s: ultimate summer camp,3,309,,ハッピーダンガンロンパS
star wars: return of the jedi,3,309,,ジェダイの帰還
wonder egg priority,3,309,,ワンダーエッグ・プライオリティ
specialite (company),3,309,,すぺしゃりて
mona lisa,3,309,,モナリザ
mobile suit gundam the origin,3,309,,機動戦士ガンダムTHEORIGIN
kiddy grade,3,309,,キディ・グレイド
kochikame,3,308,,こち亀
the legend of zelda (nes),3,308,,初代ゼルダの伝説
comiket 88,3,308,c88,コミケ88
seikimatsu occult gakuin,3,308,occult academy,世紀末オカルト学院
one piece: strong world,3,307,,ワンピース：強い世界
monster high,3,307,,モンスター・ハイ
xai (company),3,307,,
river city girls,3,307,,リバーシティガールズ
liz to rose no koubou ~shakkin shimai no koubou nisshi~,3,307,,借金姉妹の工房日誌
taboo japan disentanglement,3,307,,たなばたざかむげんのう
gundam narrative,3,307,,機動戦士ガンダムNT
sonic riders (series),3,307,,
mahou shoujo no inshuu mura,3,306,magical girl: taboo village,魔法少女ノ因習村
left 4 dead,3,306,,レフト フォー デッド
kampfer,3,306,,けんぷファー
masamune-kun no revenge,3,306,,政宗くんのリベンジ
quanzhi gaoshou,3,306,the king's avatar,マスターオブスキル
portrait of exotic girls,3,306,,蓬莱少女繪幻想
portal 1,3,306,,ポータル1
parasite eve (series),3,305,parasite eve,パラサイトイヴ
cream lemon,3,305,,くりいむレモン
japanese mythology,3,304,,日本の神話学
ano ko wa toshi densetsu,3,304,,あの娘は都市伝説。
gaki kyonyuu,3,304,,ガキ巨乳
hogwarts legacy,3,304,,ホグワーツ・レガシー
moyashimon,3,303,,もやしもん
city hunter,3,303,,シティーハンター
zombie high school,3,303,,
yuragisou no yuuna-san,3,303,,ゆらぎ荘の幽奈さん
jigoku sensei nube,3,303,,地獄先生ぬ〜べ〜
wonder festival,3,302,,ワンダーフェスティバル
danganronpa kirigiri,3,302,,ダンガンロンパ霧切
lost universe,3,302,,ロストユニバース
saber marionette j,3,302,,セイバーマリオネットJ
vallure,3,302,,
twice (group),3,301,,2回（グループ）
jewelpet twinkle,3,301,,ジュエルペットてぃんくる☆
goho mafia! kajita-kun,3,301,,GOHOマフィア!梶田くん
nazo no kanojo x,3,301,,謎の彼女X
detective pikachu (series),3,301,detective pikachu,名探偵ピカチュウ
phantasy star online 2 new genesis,3,301,,ホロ旅NGS
wcdonald's,3,301,wcdonalds,ワクドナルド
macross frontier: itsuwari no utahime,3,300,macross frontier: the false songstress,イツワリノウタヒメ
fromsoftware,3,300,,フロムソフトウェア
gakuen utopia manabi straight!,3,300,,がくえんゆーとぴあまなびストレート!
eshi 100 nin ten,3,300,,絵師100人展
game & watch,3,300,,ゲーム&ウオッチ
taimashi ayano,3,300,,退魔師綾乃
gamer supps,3,299,,
ayakashi triangle,3,299,,あやかしトライアングル
super mario sunshine,3,299,,スーパーマリオサンシャイン
digimon world re:digitize,3,299,,デジモンワールド
kono subarashii sekai ni bakuen wo!,3,299,konosuba: an explosion on this wonderful world!,この素晴らしい世界に爆焔を!
jinki,3,299,,ジンキ
the evil within,3,298,,サイコブレイク
witch craft works,3,298,,ウィッチクラフトワークス
harem futago lolita,3,298,,ハーレム双子ロリータ
sword art online the movie: ordinal scale,3,298,,オーディナル・スケール
youkai watch 2,3,298,,妖怪ウォッチ2
metal gear solid 2: sons of liberty,3,298,metal gear solid 2,メタルギアソリッド2
bloodstained (series),3,297,,
tales of hearts,3,297,,テイルズ・オブ・ハーツ
castlevania: symphony of the night,3,297,,悪魔城ドラキュラX月下の夜想曲
blue reflection maboroshi ni mau shoujo no ken,3,297,,ブルーリフレクション
crawling dreams,3,297,,rawう夢
alien (1979),3,297,alien (movie),エイリアン
vanguard princess,3,297,,ヴァンガードプリンセス
dungeon travelers 2,3,297,,ダンジョントラベラーズ2
fireball (series),3,296,,ファイアボールチャーミング
tokimeki memorial girl's side 3rd story,3,296,,ときめきメモリアルgs3
honest axe,3,296,,金の斧
taimanin murasaki,3,296,,対魔忍ムラサキ
nezha zhi motong jiangshi,3,296,nezha (2019 movie),哪吒之魔童降世
luvdia,3,296,,
no more heroes,3,296,,ノーモア★ヒーローズ
reflect (gawr gura),3,296,,反射（ガウグラ）
ao no roku-gou,3,295,blue submarine no 6,青の6号
2ch.ru,3,295,,ドゥヴァチ
the saga of darren shan,3,295,,ダレン・シャン
bible black,3,295,,バイブルブラック
garfield,3,294,,ガーフィールド
bucchigiri?!,3,294,,ぶっちぎり?!
expo2025,3,294,,大阪・関西万博
kobeya,3,294,,神戸屋レストラン
maerchen (sound horizon),3,294,marchen (album),
hatsune miku expo,3,293,,HATSUNE MIKU EXPO
green lantern (series),3,293,,グリーンランタン
love live! days: love live! general magazine,3,293,,
assassin's creed ii,3,293,,アサクリ2
honoo no haramase tenkousei,3,293,,炎の孕ませ転校生
photokano,3,293,,フォトカノ
akatsuki records,3,292,,暁Records
hermitcraft,3,292,,
who framed roger rabbit,3,292,,ロジャー・ラビット
ga geijutsuka art design class,3,292,,GA芸術科アートデザインクラス
shin sangoku musou 6,3,292,dynasty warriors 7,真・三國無双6
silver palace,3,292,,白銀の城
rhythm tengoku miracle stars,3,292,rhythm heaven groove,リズム天国ミラクルスターズ
blade runner 2049,3,291,,ブレードランナー2049
kemono jihen,3,291,,怪物事変
phineas and ferb,3,291,,フィニアスとファーブ
lies of p,3,291,,偽りのP
the fairly oddparents,3,291,,Oops!フェアリーペアレンツ
wild and horned hermit,3,291,,東方茨歌仙
gunsmith cats,3,291,,ガンスミスキャッツ
dragon's dogma,3,291,,ドラゴンズドグマ
phantasy star portable 2,3,291,,ファンタシースターポータブル2
nirvana (band),3,291,,ニルヴァーナ
idolmaster movie,3,291,,輝きの向こう側へ!
sazae-san,3,291,,サザエさん
macross frontier: sayonara no tsubasa,3,291,macross frontier: the wings of farewell,サヨナラノツバサ
star trek,3,291,,スタートレック
gorillaz,3,290,,ゴリラズ
red dead redemption (series),3,290,,
kokkimusume,3,290,,国旗娘
fullmetal alchemist (2003),3,290,,
azure striker gunvolt 3,3,290,,蒼き雷霆ガンヴォルト鎖環
drag-on dragoon 1,3,290,,ドラッグオンドラグーン
strike witches: aurora no majo,3,290,,ストライクウィッチーズ
xenoblade chronicles: future connected,3,290,,つながる未来
ochite iku seisenshi lunatic angels,3,290,,堕ちていく聖戦使ルナティックエンジェルズ
action taimanin,3,290,,アクション対魔忍
comic girls,3,290,,こみっくがーるず
nexas (vtuber),3,290,,
dokusen yoku ga tsuyo sugiru yandere kai neko-chan,3,289,dokusen yoku ga tsuyo sugiru yandere petto neko-chan,独占欲が強すぎるヤンデレ飼い猫ちゃん
si land,3,289,,シランド
banjo-kazooie,3,289,,バンジョーとカズーイの大冒険
pacific racing team,3,289,,パシレー
sora no method,3,289,,天体のメソッド
ma no mono-tachi,3,289,,魔のものたち
one - kagayaku kisetsu e,3,289,,ONE~輝く季節へ~
busou renkin,3,289,,武装錬金
mahou tsukai no yome,3,288,,魔法使いの嫁
puyopuyo~n,3,288,,ぷよぷよ〜ん
cross ange,3,288,,クロスアンジュ天使と竜の輪舞
mario & sonic (series),3,288,,マリオ&ソニック
tenkuu no crystalia,3,288,,天空のクリスタリア
chain chronicle,3,288,,チェインクロニクル
pakatube,3,287,,ぱかチューブっ!
legend of mana,3,287,,聖剣LOM
super robot wars the lord of elemental,3,287,,スーパーロボット大戦魔装機神_THE_LORD_OF_ELEMENTAL
gimai seikatsu,3,287,days with my stepsister,義妹生活
artwhirl mahou gakuen no otome-tachi,3,287,,アートワール魔法学園の乙女たち
zero escape: toki no dilemma,3,287,zero escape: toki no jirenma,刻のジレンマ
resort boin,3,287,,リゾートBOIN
bloodstained: ritual of the night,3,286,,Bloodstained：夜の儀式
masters of the universe,3,286,,魔界伝説ヒーマンの闘い
wacom,3,286,,ワコム
kaitou tenshi twin angel,3,286,,快盗天使ツインエンジェル
shining hearts,3,286,,シャイニング・ハーツ
fortune arterial,3,286,,フォーチュンアテリアル
kamen rider hibiki (series),3,285,,仮面ライダー響鬼
gundam wing: endless waltz,3,285,gundam wing endless waltz,新機動戦記ガンダムWエンドレス・ワルツ
hoshikuzu witch meruru,3,285,,星くず☆うぃっちメルル
wizards symphony,3,284,,ウィザーズシンフォニー
haunted hotel,3,284,,
moe! ninja girls,3,284,,もえにん
artery gear,3,284,armor girls,アーテリーギア
pokemon ranger (series),3,283,pokemon ranger,ポケモンレンジャー
bungou to alchemist,3,283,bungo and alchemist,文豪とアルケミスト
kyokkou senki mistletear,3,283,,極煌戦姫ミストルティア
highly responsive to prayers,3,283,,東方靈異伝
pringles,3,283,,プリングルズ
oekaki musume,3,283,,お絵描き娘
rhapsody,3,283,,ラプソディー
tsuyokiss,3,283,,つよきす
pizza tower,3,282,,ピザ・タワー
donkey kong bananza,3,282,,ドンキーコングバナンザ
japan racing association,3,282,,ヒーロー列伝
one piece (live action),3,282,,
yakitate!! japan,3,282,,焼きたて!!ジャぱん
reject (esports),3,281,,
shiki (novel),3,281,,屍鬼
mahou shoujo lyrical nanoha innocent,3,281,,魔法少女リリカルなのはINNOCENT
shin sangoku musou 7,3,281,dynasty warriors 8,真・三國無双7
dragonaut,3,281,,ドラゴノーツ
comic exe,3,281,,コミックエグゼ
idolmaster xenoglossia,3,280,,アイドルマスターxenoglossia
final fantasy tactics advance,3,280,,ファイナルファンタジータクティクスアドバンス
soredemo machi wa mawatteiru,3,280,,それでも町は廻っている
shinkalion (series),3,280,,シンカリオン
dead space (series),3,280,dead space,デッドスペース
final fantasy iv: the after years,3,280,final fantasy iv the after,月の帰還
the king of fighters all-stars,3,280,,プリティー・ファイター
puyopuyo fever 2,3,280,,ぷよぷよフィーバー2
joshiraku,3,280,,じょしらく
grimms echoes,3,280,,グリムエコーズ
the mandalorian,3,279,,マンダロリアン(ドラマ)
himouto! umaru-chan himouto ikusei keikaku,3,279,,干物妹!育成計画
comiket 90,3,279,c90,コミケ90
goth girl and the jock,3,279,,
orenchi no meidosan,3,279,,俺んちのメイドさん
tokyo exe girls,3,279,,東京exeガールズ
steven universe future,3,279,steven universe: future,スティーブン・ユニバース・フューチャー
ueno-san wa bukiyou,3,279,,上野さんは不器用
blood tune,3,279,,ブラッドチューン
kud wafter,3,278,,クドわふたー
silent witch,3,278,,サイレント・ウィッチ
diablo (series),3,278,,ディアブロ
wild arms 5,3,278,,野生の腕5
arifureta shokugyou de sekai saikyou,3,278,,ありふれた職業で世界最強
caligula (series),3,278,,
tenka touitsu chronicle,3,278,,天下統一クロニクル
elfheim,3,278,,エルフハイム
anpanman,3,277,,アンパンマン
mulan (movie),3,277,,ムーラン
shenmue,3,277,,シェンムー
kokoro iroduku koi ga shitai,3,277,,ココロ色づく恋がしたい
noragami,3,277,,ノラガミ
slime taoshite 300 nen shiranai uchi ni level max ni nattemashita,3,277,,スライム倒して300年、知らないうちにレベルMAXになってました
lattice sos! ~happening&panic~,3,277,,
kirby's dream land 3,3,277,,星のカービィ3
lapis re:lights,3,277,,ラピスリライツ
vee (vtuber),3,276,,はじまるぜVEE
sonic (live action),3,276,,
touhou arcadia record,3,276,,東方アルカディアレコード
waku waku 7,3,276,,わくわく7
hibi wa sugiredo meshi umashi,3,276,,日々は過ぎれど飯うまし
borderlands (series),3,276,,ボーダーランズ
growlanser,3,276,,グローランサー
endro!,3,276,,えんどろ〜!
shin megami tensei v: vengeance,3,275,,真・女神転生VV
gundam card game,3,275,,ガンダムカードゲーム
granblue fantasy versus,3,275,,ブラブルVS
yozakura quartet,3,275,,夜桜四重奏
mahou shoujo madoka magica plus,3,275,,魔法少女まどか☆マギカPlus
seitokai no ichizon,3,275,,生徒会の一存
love live! sunshine!! the school idol movie over the rainbow,3,274,,劇場版ラブライブ!サンシャイン!!
persona 2 batsu,3,274,persona 2: eternal punishment,ペルソナ2罰
mahou senshi sweet knights 2,3,274,,魔法戦士スイートナイツ2
frankenstein,3,274,,フランケンシュタイン
senkou no ronde,3,274,,旋光の輪舞
yuri kuma arashi,3,274,,ユリ熊嵐
counter-strike (series),3,274,,カウンターストライク
hamtaro (series),3,273,,とっとこハム太郎
the terminator,3,273,,ターミネーター
tsuki ni yorisou otome no sahou,3,273,,月に寄りそう乙女の作法
kamippoina (vocaloid),3,273,god-ish (vocaloid),神っぽいな
sonic rush,3,273,,ソニック・ラッシュ
killer chat!,3,273,,
hikikomari kyuuketsuki no monmon,3,273,the vexations of a shut-in vampire princess,ひきこまり吸血姫の悶々
kamen rider gotchard (series),3,273,,仮面ライダーガッチャード
sid story,3,273,,シドストーリー
pepper&carrot,3,273,,
windows 10,3,272,,ウィンドウズ10
outlaw star,3,272,,星方武侠アウトロースター
super robot wars 30,3,272,,スーパーロボット大戦30
command & conquer,3,272,command and conquer,コマンド&コンカー
houkago no pleiades,3,272,wish upon the pleiades,放課後のプレアデス
hokkaido nippon-ham fighters,3,272,,北海道日本ハムファイターズ
pokemon gold/silver/crystal (prototype),3,272,pokemon gsc (prototype),ポケモンGSC（プロトタイプ）
monster farm,3,272,,モンスターファーム
world of tanks,3,271,,タンクの世界
sonic boom (series),3,271,sonic boom (game),ソニックトゥーン
vspo! en,3,271,,
sonic the hedgehog (2006),3,271,,新ソニ
shin subarashiki kono sekai,3,271,,新すばらしきこのせかい
bliss (image),3,270,windows xp background,至福（画像）
glitch stars,3,270,,
don quijote (store),3,270,,ドンキ
touhou hisoutensoku,3,270,,東方非想天則
inazuma eleven ares no tenbin,3,270,,イナズマイレブンアレスの天秤
arai-san mansion,3,270,,アライさんマンション
amagami-san chi no enmusubi,3,270,,甘神さんちの縁結び
xtale,3,270,,
pepoyo (copyright),3,269,,ぺぽよ
the beatles,3,269,,ビートルズ
wwe,3,269,,ワールド・レスリング・エンターテイ
ultraman tiga (series),3,269,,ウルトラマンティガ
super robot wars z,3,269,,スーパーロボットウォーズZ
shingoku no valhalla gate,3,269,,神獄のヴァルハラゲート
puyopuyo sun,3,269,,ぷよぷよSUN
dirge of cerberus: final fantasy vii,3,268,dirge of cerberus final fantasy vii,ダージュオブケルベロス
tengoku daimakyou,3,268,heavenly delusion,天国大魔境
yokohama kaidashi kikou,3,268,,ヨコハマ買い出し紀行
gothic wa mahou otome,3,268,,ゴシックは魔法乙女
kizuato,3,268,,痕
krt girls,3,268,,高捷少女
the last of us (series),3,268,,
high school dxd new,3,268,,ハイスクールD×DNEW
touhou lost branch of legend,3,268,,东方光耀夜
doko demo issyo,3,267,"doko demo issho,together everywhere",どこでもいっしょ
dead or alive 6,3,267,,デッドオアアライブ6
caduceus (series),3,267,,カドゥケウス
dengeki hime,3,267,,電撃姫
"hime-sama ""goumon"" no jikan desu",3,267,"'tis time for ""torture"" princess",姫様“拷問”の時間です
night wizard,3,267,,ナイトウィザード
dissidia 012 final fantasy,3,267,,Dissidia 012ファイナルファンタジー
the boys,3,266,,ザ・ボーイズ
kono bijutsubu niwa mondai ga aru!,3,266,,この美術部には問題がある!
twitch.tv,3,266,,Twitch.tv
shining resonance,3,266,,シャイニング・レゾナンス
adventure time: fionna and cake,3,266,,
servamp,3,265,,サーヴァンプ
boruto: naruto the movie,3,265,,ボルト‐ナルト・ザ・ムービー‐
kumo desu ga nani ka?,3,265,,蜘蛛ですが、なにか?
super cub,3,265,,スーパーカブ(小説)
lanxi zhen,3,265,,蓝溪镇
wonderful rush,3,265,,素晴らしいラッシュ
qualidea code,3,265,,クオリディア・コード
danny phantom,3,264,,ダニーファントム
a-soul,3,264,,A手
black rock shooter (game),3,264,,ブラック★ロックシューターTHEGAME
rune factory 5,3,264,,ルーンファクトリー5
ena (web series),3,264,,
king kong (series),3,264,,キングコング
total drama,3,264,,トータル・ドラマ
despicable me,3,264,,怪盗グルー
cuddly octopus,3,264,,かわいいタコ
aiyoku shimai lolita,3,264,,愛欲姉妹ロリータ
giant robo,3,264,,ジャイアントロボ
mahou shoujo tart magica,3,264,"puella magi tart magica,tart magica",魔法少女たると☆マギカ
otome wa boku ni koishiteru,3,264,,処女はお姉さまに恋してる
project-sp,3,263,,Project-sp
ultraseven (series),3,263,ultra seven (series),ウルトラセブン
garo (tokusatsu series),3,263,,牙狼
cyberbots,3,263,,サイバーボッツ
newjeans,3,263,,ニュージーンズ
fate/tiger colosseum,3,263,,ふぇいとたいがーころしあむ
mahou senshi princess tear,3,263,,魔法戦士プリンセスティア
blue reflection sun,3,263,,ブルリフS
2014 fifa world cup,3,263,,2014FIFAワールドカップ
goodbye sengen (vocaloid),3,263,,グッバイ宣言
mahou shoujo lyrical nanoha exceeds: gun blaze vengeance,3,262,,魔法少女リリカルなのはEXCEEDS
akatsuki no yona,3,262,yona of the dawn,暁のヨナ
mega man x6,3,262,,ロックマンX6
queen's blade unlimited,3,262,,クイーンズブレイドアンリミテッド
arcana heart 2,3,262,,アルカナハート2
stella glow,3,261,,ステラグロウ
ryuu ga gotoku 1,3,261,,龍が如く
ultra galaxy (series),3,261,,ウルトラギャラクシー
eiken,3,261,,エイケン
koumajou densetsu 2,3,261,touhouvania 2,紅魔城伝説II
ghostly field club,3,261,,蓮台野夜行
sketchbook full colors,3,261,,スケッチブックFULLcolor's
aquaplus,3,260,,アクアプラス
kawaii dake ja nai shikimori-san,3,260,,式守さん
mega man zero 3,3,260,,ロックマンゼロ3
bishoujo (game),3,260,,微少女
date a live: spirit pledge,3,260,,デート・ア・ライブ精霊クライシス
shinkon gattai godannar!!,3,260,,神魂合体ゴーダンナー!!
sora no woto,3,260,sound of the sky,ソ・ラ・ノ・ヲ・ト
life is strange 1,3,259,,ライフイズストレンジ
twinkle star knights,3,259,,ティンクルスターナイツ
uber eats,3,259,,ウーバーイーツ
tekken tag tournament 2,3,259,,鉄拳タッグトーナメント2
akuma shitsuji to kuroi neko,3,259,,悪魔執事と黒い猫
dance dance revolution,3,259,,ダンスダンスレボリューション
bioshock infinite,3,259,,バイオショックインフィニット
comic penguin club,3,259,,COMICペンギンクラブ
2024 summer olympics,3,259,,パリオリンピック(2024年)
advent cirno,3,259,,アドベントチルノ
raisei no ryuu tsukai,3,259,raisei no ryu tsukai,雷星の竜使い
critical role,3,258,,
un-go,3,258,,アンゴ
koi to senrigan to aonisai,3,258,,恋と千里眼と青二才
the exit 8,3,258,,8番出口
back to the future,3,258,,バック・トゥ・ザ・フューチャー
ookiku furikabutte,3,258,,おおきく振りかぶって
seiken densetsu 2,3,258,,聖剣伝説2
kyouryuu sentai zyuranger,3,258,,恐竜戦隊ジュウレンジャー
suzumiya haruhi-chan no yuuutsu,3,257,,涼宮ハルヒちゃんの憂鬱
final fantasy type-0,3,257,,ファイナルファンタジー零式
burger king,3,257,,バーガーキング
grimlight,3,257,,グリムライト
tower records,3,257,,タワーレコード
the crawling city,3,257,,rawう都市
comic bavel,3,257,,コミックバベル
atomic heart,3,257,,アトミックハート
getter robo armageddon,3,257,,世界最後の日
sonic and the black knight,3,256,,ソニックと暗黒の騎士
toaru majutsu no index: imaginary fest,3,256,,とあるIF
toeto (vocaloid),3,256,,トエト
mayoineko o tomeyou,3,256,,迷い猫を泊めよう
link to the future (love live!),3,256,,
return of the mount hua sect,3,256,"hwasan gwihwan,return of the blossoming blade",Hua山の帰還
puchimasu!,3,256,,ぷちます
the lion king,3,256,,ライオンキング
discord,3,256,,ディスコード
daredevil (series),3,256,,
ryuu ga gotoku 7,3,256,,龍が如く7
internet yamero,3,255,,
leon the professional,3,255,,レオン
avengers: infinity war,3,255,,アベンジャーズ/インフィニティ・ウォー
kimagure orange road,3,255,,きまぐれオレンジロード
char's counterattack - beltorchika's children,3,255,,ベルトーチカ・チルドレン
ghostblade,3,255,,鬼刀
real mo tama ni wa uso wo tsuku,3,255,sometimes even reality is a lie!,現実(リアル)もたまには嘘をつく
yakimochi stream,3,255,,ヤキモチストリーム
romancing saga,3,255,,ロマンシングサガ
upotte!!,3,255,,うぽって!!
arcana heart 3,3,255,,アルカナハート3
mayoi neko overrun!,3,255,,迷い猫オーバーラン!
senjou no valkyria 3,3,255,,戦場のヴァルキュリア3
galgrease,3,255,,Galgrease
gochuumon wa usagi desu ka?? wonderful party!,3,254,,ご注文はうさぎですか??Wonderful_party!
scott pilgrim (comics),3,254,,
pretty rhythm aurora dream,3,254,,プリティーリズム・オーロラドリーム
danmachi battle chronicle,3,254,,バトル・クロニクル
diao ye zong,3,254,,凋叶棕
perfect blue,3,253,,パーフェクトブルー
the ghost and molly mcgee,3,253,,ゴースト&モリー
ca (deino),3,253,ca (maeda koutarou),骸音シーエ
tactics,3,253,,タクティクス
arc the lad i,3,253,,
lineage,3,253,,リネージュ
gundam 00 a wakening of the trailblazer,3,252,,ガンダム00トレイルブレイザーの目覚め
sky girls,3,252,,スカイガールズ
supernatural (tv series),3,252,,邪恶力量
hunie (series),3,252,,ハニーポップ
riot music,3,252,,暴動音楽
phantom brave,3,252,,ファントム・ブレイブ
comic hotmilk,3,252,,コミックホットミルク
capsule servant,3,252,,カプセルさーばんと
higyaku no noel,3,252,noel the mortal fate,被虐のノエル
yukijirushi,3,252,,雪印コーヒー擬人化イラコン
sailor element,3,251,,セーラーエレメント
the silmarillion,3,251,,シルマリルの物語
twinbox school,3,251,,TwinBox学園
celeste (game),3,251,,セレステ
pronant symphony,3,251,,プロナント・シンフォニー
saishuu chikan densha (series),3,251,,
vchiban,3,250,,
fatal frame iii: the tormented,3,250,fatal frame 3,零〜刺青ノ聲〜
grimoire ~shiritsu grimoire mahou gakuen~,3,250,,グリモア~私立グリモワール魔法学園~
robotech,3,250,,ロボテック
octopath traveler: champions of the continent,3,250,,大陸の覇者
windows 95,3,250,,Windows95
action pizazz,3,250,,アクションピザズ
ancient ys vanished,3,249,,イース1
star wars: revenge of the sith,3,249,,シスの復讐
destiny (game),3,249,,Destiny(ビデオゲーム)
suisei tenshi primaveil zwei,3,249,,
zom 100: zombie ni naru made ni shitai 100 no koto,3,249,,ゾン100~ゾンビになるまでにしたい100のこと~
wrestle angels survivor 2,3,249,,レッスルエンジェルスサバイバー2
mayo chiki!,3,249,,まよチキ!
heavy object,3,249,,ヘヴィーオブジェクト
inou-battle wa nichijou-kei no naka de,3,249,,異能バトルは日常系のなかで
bastard!!,3,249,,バスタード
bravely second: end layer,3,249,,ブレイブリーセカンド
artery gear: fusion,3,249,,アーテリーギア
gal gun (series),3,248,,ぎゃる☆がん
sonic unleashed,3,248,sonic world adventure,ソニックワールドアドベンチャー
akatsuki blitzkampf,3,248,,アカツキ電光戦記
suicide squad (2016 movie),3,248,,
bayonetta 3,3,248,,ベヨネッタ3
phantom kingdom,3,248,,ファントムキングダム
tari tari,3,248,,タリタリ
mewkledreamy,3,247,,ミュークルドリーミー
gal gamer ni homeraretai,3,247,,ギャルゲーマーに褒められたい
imaizumin-chi wa douyara gal no tamariba ni natteru rashii,3,247,imaizumi brings all the gals to his house,今泉ん家はどうやらギャルの溜まり場になってるらしい
masou gakuen hxh,3,247,,魔装学園H×H
hentai key,3,247,,変態鍵
nichijou kamoshirenai,3,247,,日常かもしれない
mahou senshi sweet knights,3,246,,
smite,3,246,,スミテ
omega strikers,3,246,,オメガストライカーズ
holiday holiday (love live!),3,246,,
inazuma eleven victory road,3,246,,イナズマイレブン
pixiv fantasia scepter of zeraldia,3,246,,pixivファンタジアSOZ
baby walkure,3,246,baby assassins,ベイビーわるきゅーれ
jinguang budaixi,3,246,golden light puppet show,金光布袋戲
fairy fencer f,3,246,,フェアリーフェンサーエフ
poketoon,3,245,,ユメノツボミ
monster (manga),3,245,,MONSTER(漫画)
kamisama ni natta hi,3,245,,神様になった日
witch's heart,3,245,,ウィッチズ・ハート
hakuouki shinsengumi kitan,3,245,,薄桜鬼
one piece: stampede,3,245,,STAMPEDE(ONEPIECEの映画)
superman (2025),3,245,,スーパーマン(2025年の映画)
quackity smp,3,245,qsmp,
cult of the lamb,3,245,,カルトオブザラム
outbreak company,3,245,,アウトブレイク・カンパニー
propro production,3,245,,プロプロ
casshern (series),3,245,casshan (series),
sousai shoujo teien,3,245,,創彩少女庭園
kingdom (manga),3,245,kingdom (series),キングダム
ben-tou,3,245,,ベン・トー
spider-man: brand new day,3,244,,
harry potter: magic awakened,3,244,,ハリー・ポッター:魔法の覚醒
getting over it,3,244,,壺おじさん
mebae (game),3,244,,めばえ
ever 17,3,244,,エバー・セブンティーン
gunvolt chronicles luminous avenger ix,3,244,,白き鋼鉄のX
metroid prime 3: corruption,3,243,,メトロイドプライム3
z.a.t.o. // i love the world and everything in it,3,243,,
portal 2,3,243,,ポータル2
comiket 89,3,243,c89,コミケ89
mahou shoujo lyrical nanoha detonation,3,243,,魔法少女リリカルなのはDetonation
gotcha!,3,243,,ゴッチャ！
comic unreal,3,243,,コミックアンリアル
the great ace attorney 2: resolve,3,243,,大逆転裁判2
terminator 2: judgment day,3,243,,ターミネーター2
hololive china,3,243,,ホロライブCN
sensha otoko,3,243,,戦車男
gravity daze 2,3,243,,重力ぼんやり2
wild arms 4,3,243,,ワイルドアームズ4
corpse party,3,243,,コープスパーティー
star ocean: integrity and faithlessness,3,243,star ocean integrity and faithlessness,スターオーシャン5
real drive,3,243,,RD潜脳調査室
taima seikou alice,3,242,,対魔聖甲アリス
facebook,3,242,,フェイスブック
manemane nichinichi,3,242,,マネマネにちにち
warzard,3,242,red earth (game),ウォーザード
novelpia,3,241,,
absolute wonder woman,3,241,,
kirby: triple deluxe,3,241,,星のカービィトリプルデラックス
flowers (innocent grey),3,241,,ゆりグレ
coefont,3,241,coefont studio,
super metroid,3,241,,スーパーメトロイド
twinbee,3,241,,ツインビー
dr. mario (game),3,241,,ドクターマリオ
kimi to tsuzuru utakata,3,241,the summer you were there,君と綴るうたかた
psychic hearts,3,241,,サイキックハーツ
zanki mugen-chan vs deathtrap dungeon,3,241,,残機無限ちゃんvsデストラップダンジョン
super paper mario,3,240,,スーパーペーパーマリオ
totally spies!,3,240,totally spies,トータリー・スパイズ!
avatar 2.0 project,3,240,,にーてんぜろ
nana (series),3,240,,ナナ
mega man 1,3,240,,ロックマン1
legends of runeterra,3,240,,ルネテラの伝説
bird/binary,3,240,,异鸟代码
soulcalibur v,3,240,,ソウルキャリバーV
air gear,3,240,,エア・ギア
wizardry,3,239,,ウィザードリィ
nissin,3,239,,日清食品
blazblue remix heart,3,239,,リミックスハート
mozilla firefox,3,239,,
mario & luigi: brothership,3,239,,マリオ&ルイージRPGブラザーシップ!
jurassic park,3,239,,ジュラシック・パーク
windows 7,3,239,,ウィンドウズ7
kamen rider black (series),3,239,,仮面ライダーBLACK
freezing (series),3,239,,フリージング
hengen souki shine mirage,3,239,,変幻装姫シャインミラージュ
kaii to otome to kamikakushi,3,239,"kaii to otome to kamigakushi,mysterious disappearances",怪異と乙女と神隠し
hourou musuko,3,239,wandering son,放浪息子
atelier lulua,3,238,,ルルアのアトリエ
skip to loafer,3,238,,スキップとローファー
mili (band),3,238,,Mili(音楽グループ)
sonic generations,3,238,,ソニックジェネレーションズ
megami device,3,238,,メガミデバイス
genmu senki leda,3,238,,幻夢戦記レダ
tales of rebirth,3,238,,テイルズ・オブ・リバース
world masterpiece theater,3,238,,世界名作劇場
ars goetia,3,238,,ソロモン72柱
super mario world,3,238,,スーパーマリオワールド
perfume (band),3,238,,perfume500users入り
11eyes,3,238,,11歳
bijin onna joushi takizawa-san,3,237,,美人女上司滝沢さん
breath of fire i,3,237,,ブレスオブファイア1
zaregoto series,3,237,,戯言シリーズ
elysion,3,237,,elysion
blazblue variable heart,3,237,,ヴァリアブルハート
ghost in the shell (1995),3,236,,
ruridragon,3,236,ruri dragon,ルリドラゴン
japan railways,3,236,,JR貨物
shiroi suna no aquatope,3,236,the aquatope on white sand,白い砂のアクアトープ
bokutachi wa hitotsu no hikari,3,236,,僕たちはひとつの光
kamisama hajimemashita,3,236,kamisama kiss,神様はじめました
hilda (series),3,236,,ヒルダの冒険
mahou shoujo madoka magica portable,3,236,,魔法少女まどか☆マギカポータブル
armored core: for answer,3,236,,アーマード・コアフォーアンサー
aerisdies,3,236,,aerisdies
space adventure cobra,3,235,,コブラ
wonderland wars,3,235,,ワンダーランドウォーズ
drawfee,3,235,,
peripeteia,3,235,,
ryuu ga gotoku 3,3,235,,龍が如く3
metroid: zero mission,3,235,,メトロイドゼロミッション
suntory,3,235,,サントリー
the seven deadly sins,3,235,,Sin七つの大罪
ghost trick,3,235,,ゴーストトリック
hanasaki work spring,3,234,,花咲ワークスプリング
gundam thunderbolt,3,234,,機動戦士ガンダムサンダーボルト
guild no uketsukejou desu ga zangyou wa iya nanode boss wo solo toubatsu shiyou to omoimasu,3,234,i may be a guild receptionist but i'll solo any boss to clock out on time,ギルドの受付嬢ですが
gainax,3,234,,ガイナックス
the grim adventures of billy & mandy,3,234,,ビリー&マンディ
athena (series),3,234,,アテナ
mega man 9,3,233,,ロックマン9
takt op.,3,233,,タクトオーパス
kamen rider saber (series),3,233,,仮面ライダーセイバー
mist train girls,3,233,,ミストトレインガールズ
ghostbusters,3,233,,ゴーストバスターズ
ninja to koroshiya no futarigurashi,3,233,"a ninja and an assassin under one roof,ninkoro",忍者と殺し屋のふたりぐらし
suzume no tojimari,3,233,,すずめの戸締まり
v&u entertainment,3,233,,
mahou shoujo lucifer ouka,3,232,,魔法少女ルキフェル桜花
mega man x1,3,232,,ロックマンX1
linux,3,232,,リナックス
mahou no tenshi creamy mami,3,232,creamy mami the magic angel,魔法の天使クリィミーマミ
kamen america (comic),3,232,,仮面アメリカ
space dandy,3,232,,スペース☆ダンディ
nora to oujo to noraneko heart,3,232,,ノラと皇女と野良猫ハート
freedom planet,3,232,,フリーダムプラネット
border break,3,232,,ボーダーブレイク
tetsuwan birdy decode,3,232,,鉄腕バーディー
kamen rider ghost (series),3,232,,仮面ライダーゴースト
nora cat channel,3,232,,のらきゃっと
junk gaming maiden,3,232,,じゃんげま
saishuu chikan densha,3,232,,最終痴漢電車
karaoke manekineko,3,231,,カラオケまねきねこ
shin megami tensei ii,3,231,,真・女神転生II
bokura no live kimi to no life,3,231,,僕らのLIVE君とのLIFE
titanic (movie),3,231,,タイタニック
chucolala,3,231,,ちゅこらら
predator (1987),3,231,,プレデター
kokuhaku jikkou iinkai,3,231,,告白実行委員会~恋愛シリーズ~
yuuwaku 2 tsume ato,3,231,,誘惑第二章爪痕
coco (disney),3,231,,リメンバー・ミー
papa no iu koto wo kikinasai!,3,231,,パパのいうことを聞きなさい!
the super mario galaxy movie,3,231,,ザ・スーパーマリオギャラクシー・ムービー
codename: kids next door,3,231,,KNDハチャメチャ大作戦
deep one kyomu to mugen no fragment,3,231,,DeepOne虚無と夢幻のフラグメント
sengoku musou 2,3,230,samurai warriors 2,戦国無双2
slay the princess,3,230,,スレイ・ザ・プリンセス
digimon savers,3,230,digimon data squad,デジモンセイバーズ
caligula (game),3,230,,カリギュラ
canvas (cocktail soft),3,230,,キャンバス（カクテルソフト）
star wars: the force awakens,3,230,,フォースの覚醒
hanikami kanojo,3,230,,はにかみ彼女
xianjian qixia zhuan,3,230,,仙劍奇俠傳
your diary,3,230,,ユアダイアリー
tekken 6,3,230,,鉄拳6
mega man 11,3,230,,ロックマン11
hitomi sensei no hokenshitsu,3,230,,ヒトミ先生の保健室
ninjala,3,230,,ニンジャラ
paper mario 64,3,229,,マリオストーリー
hundred (light novel),3,229,,ハンドレッド(ライトノベル)
ashita no nadja,3,229,,明日のナージャ
boku no himitsu taiken,3,229,,ボクのヒミツたいけん
arakawa under the bridge,3,229,,荒川アンダーザブリッジ
sunoharasou no kanrinin-san,3,229,,すのはら荘の管理人さん
shachiku succubus no hanashi,3,229,,社畜サキュバスの話
hasbro,3,229,,ハズブロ
isshiki-san wa koi wo shiritai.,3,229,isshiki-san wants to know about love.,一式さんは恋を知りたい。
dragon nest,3,229,,ドラゴンネスト
dewprism,3,229,,デュープリズム
black clover m: rise of the wizard king,3,229,,
valkyrie connect,3,228,,ヴァルキリーコネクト
searching for a world that doesn't exist,3,228,,寻找不存在的世界
dexter's laboratory,3,228,,デクスターズラボ
30 minutes sisters,3,228,,30ミニッツシスターズ
majin tantei nougami neuro,3,228,,魔人探偵脳噛ネウロ
senran kagura burst,3,228,,閃乱カグラBurst–紅蓮の少女達-
tasogare otome x amnesia,3,228,,黄昏乙女×アムネジア
trouble spirit!,3,228,,とらぶるスピリット!
haze/reverb,3,228,,ハツリバーブ
zegapain,3,228,,ゼーガペイン
cue!,3,228,,キュー
persona 4 revival,3,227,,
resident evil - code: veronica,3,227,resident evil code: veronica,コードベロニカ
capcom vs. snk 2,3,227,capcom vs snk 2,カプエス2
ultraman gaia (series),3,227,,ウルトラマンガイア
monster hunter 3,3,227,,モンスターハンター3
capcom vs. snk,3,227,capcom vs snk,カプエス
ring dream,3,227,,リング☆ドリーム
doom (2016),3,227,,DOOM（2016）
t.m.revolution,3,227,,TMRごっこ
rokka no yuusha,3,227,,六花の勇者
witch watch,3,226,,ウィッチウォッチ
ace combat 7,3,226,,エースコンバット7
high school dxd hero,3,226,,ハイスクールDxD_HERO
hakoiri musume,3,226,,箱入り娘
gagraphic,3,226,,gagraphic
five star stories,3,225,,ファイブスター物語
katamari damacy,3,225,,塊魂
koi ni naritai aquarium,3,225,,恋になりたいAQUARIUM
ghost sweeper mikami,3,225,,GS美神
i-chu,3,225,,アイ★チュウ
beautiful gunbari,3,225,,
jianxia qingyuan (series),3,225,jx online,剑侠情缘
otomedius,3,225,,オトメディウス
daten keikaku,3,225,,堕天計画
tokyo necro,3,225,,トウキョウ・ネクロ
kanojo x kanojo x kanojo,3,225,,彼女×彼女×彼女
luminous arc,3,225,,ルミナスアーク
alice in wonderland (disney),3,224,,ふしぎの国のアリス(ディズニー)
kamen rider zeztz (series),3,224,,仮面ライダーゼッツ
shuumatsu nani shitemasu ka?,3,224,,終末なにしてますか?忙しいですか?救ってもらっていいですか?
ao no hako,3,224,"ao no hako (wsj),blue box (manga)",アオのハコ
clinical trial (game),3,224,,
hajime (idolmaster),3,224,,初
avengers: endgame,3,224,,アベンジャーズ/エンドゲーム
kyuuketsuki sugu shinu,3,224,the vampire dies in no time,吸血鬼すぐ死ぬ
wild arms xf,3,224,,ワイルドアームズXF
shadowverse flame,3,224,,シャドウバースF
liar dancer (synthesizer v),3,224,,ライアーダンサー
sengoku musou 4,3,224,samurai warriors 4,戦国無双4
imouto ga bun retsu shita.,3,224,,妹が分裂した。
monster high (g1),3,223,,
station memories,3,223,,駅メモ
tayutama,3,223,,タユタマ
poppy playtime,3,223,,ポピープレイタイム
ufo robo grendizer,3,223,,UFOロボ
.hack//games,3,223,,ゲーム版.hack
bunny and fox world,3,223,,バニーとフォックスの世界
scarlet weather rhapsody,3,223,,scar色の天気ラプソディ
tongkkangi,3,223,,トンカンギ
touran-sai,3,223,,【闘乱祭】
benesse,3,223,,Benesse
ai shite! homun,3,223,,愛して!ほむん
v-dere,3,223,,
yondemasu yo azazel-san.,3,223,,よんでますよ、アザゼルさん。
tenjou tenge,3,223,,天上天下
seiken no blacksmith,3,223,,聖剣の刀鍛冶
mario power tennis,3,223,,マリオテニスGC
lol comics,3,222,,
the magnus archives,3,222,,
dankira!!!,3,222,,ダンキラ
passion (manhwa),3,222,,
pixiv fate/grand order contest 1,3,222,,FGOイラコン
advance wars,3,222,,ファミコンウォーズ
zenbu kimi no sei,3,222,,ぜんぶきみの性
bunny suit planning,3,222,,バニースーツプランニング
super mario bros. 3,3,222,,スーパーマリオブラザーズ3
lunar (series),3,222,lunar,月
phantasy star online,3,222,,Phantasy Star Online
mountain dew,3,221,,山のしずく
granado espada,3,221,,グラナドエスパダ
shuumatsu no izetta,3,221,,終末のイゼッタ
monster hunter x,3,221,,モンスターハンタークロス
sengoku musou 3,3,221,samurai warriors 3,戦国無双3
romancing saga 3,3,221,,ロマンシングサガ3
tetsuwan birdy,3,221,,鉄腕バーディー
the king of fighters 2001,3,221,,ザ・キング・オブ・ファイターズ2001
solatorobo,3,221,,ソラトロボ
akb48,3,221,,AKB48
book off,3,221,,ブックオフ
bad girl (manga),3,221,,ばっどがーる
itazuraguma no gloomy,3,221,gloomy the naughty grizzly,いたずらぐまのグル~ミ~
transformers unicron trilogy,3,221,,
han'you no yashahime,3,220,,半妖の夜叉姫
macross delta: zettai live!!!!!!,3,220,,マクロスΔ絶対LIVE!!!!!!
kashimashi,3,220,,かしまし
tell your world (vocaloid),3,220,,あなたの世界を伝える（ボーカロイド）
boku to koi suru ponkotsu akuma.,3,220,koikuma.,僕と恋するポンコツアクマ。
akarui kioku soushitsu,3,220,,明るい記憶喪失
2018 fifa world cup,3,220,,2018FIFAワールドカップ
shinsougumi,3,220,,深層組
horse race tests,3,220,,
jianxia qingyuan online 3,3,220,,剑侠情缘网络版三
epic battle fantasy,3,220,,
papico (ice cream),3,220,,パピコ
musunde hiraite rasetsu to mukuro (vocaloid),3,220,close and open demons and the dead (vocaloid),結ンデ開イテ羅刹ト骸
ben 10: alien force,3,220,,エイリアンフォース
huniepop,3,220,,ハニーポップ
samurai champloo,3,220,,サムライチャンプルー
moana (movie),3,219,,モアナと伝説の海
ice cream kanojo,3,219,,アイスクリームカノジョ
idolmaster side-m live on stage!,3,219,,Idolmaster Side-M Live on Stage！
metal slug attack,3,219,,メタルスラッグアタック
godzilla: king of the monsters,3,219,,キング・オブ・モンスターズ
game of thrones,3,219,,ゲーム・オブ・スローンズ
one piece film: gold,3,219,,GOLD(ONEPIECEの映画)
devilman crybaby,3,219,,恶魔人
zeno (game),3,219,,リメイク版
knights of guinevere,3,218,,ナイト・オブ・グィネヴィア
idolmaster stella stage,3,218,,アイドルマスターステラステージ
shin megami tensei iv,3,218,,真・女神転生IV
the hunchback of notre dame (disney),3,218,,ノートルダムの鐘
odds & ends (vocaloid),3,218,,オッズとエンド（ボーカロイド）
gigo,3,218,,
majo no ie,3,218,,魔女の家
aurora flower (love live!),3,218,,
scream (movie),3,217,,スクリーム
thunderbolt fantasy,3,217,,サンダーボルトファンタジー
taito,3,217,,タイトー
mondaiji-tachi ga isekai kara kuru sou desu yo?,3,217,problem children are coming from another world aren't they?,問題児たちが異世界から来るそうですよ?
kamikaze kaitou jeanne,3,217,,神風怪盗ジャンヌ
flying witch,3,217,,ふらいんぐうぃっち
r.o.d the tv,3,217,,R.O.Dテレビ
strike witches 1991,3,217,,ストライクウィッチーズ1991
the weaker sex 1 (gibson),3,216,"the forester ""which girl"" (meme)",どっちの女の子にするか迷っている110年前の絵
rimworld,3,216,,リムワールド
spy kyoushitsu,3,216,,スパイ教室
burn the witch,3,216,,魔女を燃やします
yowa yowa sensei,3,216,,よわよわ先生
grand chase,3,216,,グランドチェイス
lol -lots of laugh- (vocaloid),3,216,,
jinhongi,3,216,,鎭魂記
hai to gensou no grimgar,3,216,,灰と幻想のグリムガル
phantasy star universe,3,216,,ファンタシースターユニバース
akane-iro ni somaru saka,3,216,,あかね色に染まる坂
comp h's,3,215,,コンプH's
seisenki valkyrie sisters,3,215,,聖戦姫ヴァルキュア・シスターズ~淫闇に堕ちたアイドル~
emiya-san chi no kyou no gohan,3,215,today's menu for the emiya family,衛宮さんちの今日のごはん
majo no ochakai,3,215,,魔女のお茶会
nagato yuki-chan no shoushitsu,3,215,,長門有希ちゃんの消失
machine-doll wa kizutsukanai,3,215,,機巧少女は傷つかない
mugen senshi valis,3,215,,夢幻戦士ヴァリス
binbougami ga!,3,215,,貧乏神が!
pia carrot e youkoso!! 3,3,215,,Pia♥キャロットへようこそ!!3
haou taikei ryuu knight,3,215,,覇王大系リューナイト
nandemo iu koto wo kiite kureru akane-chan (voiceroid),3,215,,何でも言うことを聞いてくれるアカネチャン
castlevania: order of ecclesia,3,214,,奪われた刻印
comiket 84,3,214,c84,コミケ84
kill bill,3,214,,キルビル
tetoris (synthesizer v),3,214,,テトリス(柊マグネタイト)
divine heart makina,3,214,,ディバインハート_マキナ
zenkoku seifuku bishoujo grand prix,3,214,,全国制服美少女グランプリ
akatsuki no goei,3,214,,暁の護衛
transformers: japanese generation 1,3,214,,
comic x-eros,3,214,,COMICゼロス
tuyu (band),3,214,,ツユ
hotel transylvania,3,214,,モンスター・ホテル
kimi ni todoke,3,214,,君に届け
futakoi,3,214,,双恋
indivisible,3,214,,不可分
smiling friends,3,213,,スマイリング・フレンズ
seisenki iris,3,213,,聖戦姫イリス
onegai twins,3,213,,おねがいツインズ
doctor strange (series),3,213,,ドクター・ストレンジ
shinkansen henkei robo shinkalion,3,213,,新幹線変形ロボシンカリオン
star fox adventures,3,213,,スターフォックスアドベンチャー
rail wars!,3,213,,鉄道戦争！
metal gear solid: peace walker,3,213,metal gear solid peace walker,ピースウォーカー
algorhythm project,3,213,,
milky subway,3,212,milky highway,ミルキーサブウェイ
donpachi (series),3,212,,怒首領蜂
namco x capcom,3,212,,ナムコクロスカプコン
senran kagura peach beach splash,3,212,,閃乱カグラPBS
hito mania (utau),3,212,,人マニア
final fantasy xiii-2,3,212,,ファイナルファンタジーxiii-2
tejina senpai (series),3,212,,手品先輩
otoyomegatari,3,212,,乙嫁語り
shiraken! shiranai koto kenkyukai,3,212,,しらないこと研究会
hisabisa ni atta osananajimi ga iroiro to seichou shiteirunoni nounai dake seichou shiteinakute douyou shiteiru,3,212,,久々に会った幼馴染が色々と成長しているのに脳内だけ成長していなくて動揺している
lout of count's family,3,212,trash of the count's family,伯爵の家族のラウト
jikkyou powerful soccer,3,212,,実況パワフルサッカー
kyuusaikei v-ttara messiah-chan,3,212,,救済系Vッタラー✟メシアちゃん
neopets,3,211,,ネオペット
final fantasy brave exvius,3,211,,ファイナルファンタジーブレイブエクスヴィウス
the flash (series),3,211,,ザ・フラッシュ
summer memories,3,211,,あまえんぼ(ゲーム)
a date with death,3,211,,
hotline miami,3,211,,ホットラインマイアミ
koufuku graffiti,3,211,,幸腹グラフィティ
kaii shoukougun,3,211,,怪異症候群
tate no yuusha no nariagari rerise,3,211,,盾の勇者の成り上がり_RERISE
kaitou saint tail,3,211,,怪盗セイント・テール
daiteikoku,3,211,,大帝国
pokemon: lucario and the mystery of mew,3,210,pokemon m08,波導の勇者
the ghost in the shell (2026),3,210,,
touhou mystia's izakaya,3,210,,东方夜雀食堂
the legend of zelda: the minish cap,3,210,,ふしぎのぼうし
umi monogatari,3,210,,うみものがたり
korekara no someday,3,210,,これからのSomeday
resident evil 0,3,209,,バイオハザード0
mighty morphin power rangers,3,209,,マイティ・モーフィン・パワーレンジャー
gekijouban hibike! euphonium,3,209,,Gekijouban Hibike！ユーフォニウム
engage kiss,3,209,,エンゲージキス
ten (manga),3,209,,天和通りの快男児
sakura quest,3,209,,サクラクエスト
words worth,3,209,,ワーズ・ワース
touhou sangetsusei,3,209,,東方三月精
selector wixoss,3,209,,セレクターwixoss
tree of savior,3,209,,ツリーオブセイヴァー
knight lamune & 40 (series),3,209,,
sen'yuu.,3,209,senyuu. (series),戦勇。
sword of convallaria,3,209,,鈴蘭の剣
nogizaka haruka no himitsu,3,209,haruka nogizaka's secret,乃木坂春香の秘密
ben 10: omniverse,3,208,,オムニバース
koisuru (otome) no tsukurikata,3,208,,恋する(おとめ)の作り方
yu-gi-oh! rush duel,3,208,,遊戯王ラッシュデュエル
the elder scrolls iv: oblivion,3,208,,オブリビオン
bloodlight (nyantcha),3,208,,
dogs: bullets & carnage,3,208,,犬：弾丸と虐殺
juusenki l-gaim,3,208,,エルガイム
lethal company,3,208,,リーサルカンパニー
gakusen toshi asterisk,3,208,,学戦都市アスタリスク
fuuto tantei,3,208,,風都探偵
do! do! do! (love live!),3,208,,ド!ド!ド!
pair tabi skinship,3,208,,ぺあたびスキンシップ
queen's blade white triangle,3,208,,クイーンズブレイドWHITETRIANGLE
mahou shoujo (raita),3,208,,絶対純白魔法少女
konami,3,207,,コナミ
ai scream! (love live!),3,207,,愛♡スクリ〜ム!
hakuchuumu no aojashin,3,207,"cyanotype daydream,cyanotype daydream -the girl who dreamed the world-",白昼夢の青写真
asdfmovie,3,207,,
toushinden,3,207,,闘神伝
zone of the enders: the 2nd runner,3,207,"anubis: zone of the enders,zone of the enders 2",アヌビスゾーンオブエンダーズ
vivy: fluorite eye's song,3,207,,ヴィヴィ-フローライトアイズソング-
kemono friends pavilion,3,207,,けものフレンズぱびりおん
jock studio (blits games),3,207,,
galhound,3,207,,ガルハウンド
okujou no yurirei-san,3,207,,屋上の百合霊さん
red dead redemption 2,3,206,,レッドデッドリデンプション2
lotus eaters,3,206,,東方酔蝶華
mortal kombat 1 (2023),3,206,,
half-life 2,3,206,,ハーフライフ2
wreck-it ralph,3,206,,シュガー・ラッシュ
monster hunter 4,3,206,,モンスターハンター4
kimi no kokoro wa kagayaiteru kai?,3,206,,君のこころは輝いてるかい?
mass effect 3,3,206,,質量効果3
vimalion pro,3,205,,
kero kero keroppi,3,205,,けろけろけろっぴ
mahou senshi lemmtear knights,3,205,,魔法戦士レムティアナイツ
evolution championship series,3,205,,Evolution Championshipシリーズ
fata morgana no yakata,3,205,the house in fata morgana,ファタモルガーナの館
tensei shitara dai nana oji datta no de: kimama ni majutsu o kiwamemasu,3,205,i was reincarnated as the 7th prince so i can take my time perfecting my magical ability,転生したら第七王子だったので、気ままに魔術を極めます
magical astronomy,3,205,,大空魔術
bakuten shoot beyblade,3,205,"beyblade: g-revolution,beyblade: v-force",爆転シュートベイブレード
lusterise,3,205,,
ip police tsuduki-chan,3,205,ip police tsuduki chan,IPポリスつづきちゃん
kyou wa kanojo ga inai kara,3,205,my girlfriend's not here today,今日はカノジョがいないから
mahoraba,3,205,,まほらば
true tears,3,205,,本当の涙
rojiura satsuki: chapter heroine sanctuary,3,204,,路地裏さつき
hoshizora no memoria,3,204,,星空のメモリア
gag manga biyori,3,204,,ギャグマンガ日和
steins;gate: linear bounded phenogram,3,204,,
kira-kira sensation!,3,204,,キラ・キラの感覚！
pixiv fantasia wizard and knight,3,204,,pixivファンタジアW&K
2022 fifa world cup,3,203,,FIFAワールドカップカタール2022
zero kara hajimeru mahou no sho,3,203,grimoire of zero,ゼロから始める魔法の書
vershion,3,203,,
kibou no chikara ~otona precure '23~,3,203,power of hope: precure full bloom,キボウノチカラ〜オトナプリキュア‘23〜
touhou bougetsushou,3,203,,東方儚月抄
aggressive retsuko,3,203,,アグレッシブ烈子
persona 4: the ultimax ultra suplex hold,3,203,,ペルソナ4ジ・アルティマックスウルトラスープレックスホールド
junketsu duelion,3,203,,純潔デュエリオン
left 4 dead 1,3,203,,
sonic x,3,202,,ソニックX
beastiez,3,202,,
mahou shoujo ai,3,202,,魔法少女アイ
ai the somnium files: nirvana initiative,3,202,,アイ:ソムニウムファイルニルヴァーナイニシアチブ
henry stickmin (series),3,202,,ヘンリースティックマン
swapnote,3,202,,いつの間に交換日記
splatoon (manga),3,202,,コロコロSplatoon
captain earth,3,202,,キャプテン・アース
aquarian age,3,202,,アクエリアンエイジ
dream pool,3,201,the poolrooms,
utawarerumono: lost flag,3,201,,ロスフラ
poker fate,3,201,,ポーカーフェイト
no.1 sentai gozyuger,3,201,,ナンバーワン戦隊ゴジュウジャー
yume no tobira,3,201,,ユメノトビラ
kotobukiya,3,201,,コトブキヤ
sengoku saga,3,201,,戦国SAGA
gangsta,3,201,,GANGSTA匪徒
veil (manga),3,200,,
c2 kikan,3,200,,株式会社C2プレパラート
hanayamata,3,200,,ハナヤマタ
otome domain,3,200,,オトメ*ドメイン
mahou reiki magisphere,3,200,,魔宝麗姫マギスフィア
pokemon the movie: the power of us,3,200,pokemon m21,みんなの物語
mad max,3,200,,マッドマックス
devil summoner: raidou kuzunoha vs the soulless army,3,200,,デビルサマナー葛葉ライドウ対超力兵団
svc chaos,3,200,,SVCカオス
harukana receive,3,200,,はるかなレシーブ
love lab (manga),3,200,,恋愛ラボ
pita ten,3,200,,ぴたテン
namiuchigiwa no muromi-san,3,200,,波打際のむろみさん
bikkuriman,3,200,,ビックリマン
happy mille-feuille (idolmaster),3,199,,ハッピーミルフィーユ
sonic x shadow generations,3,199,,ソニック_×_シャドウ_ジェネレーションズ
parappa the rapper,3,199,,パラッパラッパー
mofumofu channel,3,199,,モフモフフーチャネル
ragnador,3,199,,ラグナドール
you can eat the girl,3,199,,食用系少女
madan no ou to vanadis,3,199,,魔弾の王と戦姫
narutaru,3,199,shadow star (series),なるたる
shining tears,3,199,,シャイニング・ティアーズ
greaseberries,3,199,,グリスベリズ
noble works,3,198,,のーぶる☆わーくす
poppippoo (vocaloid),3,198,popipo (vocaloid),ぽっぴっぽー
gensou suikoden iv,3,198,,幻想水滸伝iv
miracreation,3,198,,みらくりえーしょん
kouya no kotobuki hikoutai,3,198,,荒野のコトブキ飛行隊
phoenix wright: ace attorney - justice for all,3,198,,逆転裁判2
kokoro connect,3,198,,ココロコネクト
bra-ban!,3,197,,ぶらばん!
100th black market,3,197,,バレットフィリア達の闇市場_〜_100th_Black_Market
kotoura-san,3,197,,琴浦さん
senjou no valkyria 2,3,197,,戦場のヴァルキュリア2
orangina,3,197,,オランジーナ擬人化イラコン
harlock saga,3,197,,ハーロックサガ
da capo iv,3,197,,~ダ・カーポ4~
super gt,3,197,,スーパーGT
.hack//link,3,197,,.hack //リンク
doctor who,3,197,,ドクター・フー
old school runescape,3,197,,
menhera-chan (ezaki bisuko),3,197,wrist-cut transformation subculture menhera,メンヘラチャン
five nights at freddy's 2,3,197,,
gunxsword,3,196,,ガン×ソード
legend of mortal,3,196,,活俠傳
mahou tsukai to kuroneko no wiz,3,196,wizard and black cat wiz,魔法使いと黒猫のウィズ
negative yuusha to maou-gun kanbu,3,196,,ネガティブ勇者と魔王軍幹部
priapus,3,196,,プリアポス
yume oukoku to nemureru 100-nin no ouji-sama,3,196,"100 sleeping princes and the kingdom of dreams,yume-100,yume100",夢王国と眠れる100人の王子様
chikanoko,3,196,,ちかのこ
sonic channel,3,196,,ソニックチャンネル
dragon: marked for death,3,196,,ドラゴン・マークト・フォー・デス
command & conquer: red alert,3,196,command and conquer: red alert,
megami no cafe terrace,3,196,the cafe terrace and its goddesses,女神のカフェテラス
ladybug (love live!),3,196,,レディバグ
trinity seven,3,196,,トリニティセブン
override (synthesizer v),3,195,,オーバーライド
shin sakura taisen,3,195,,新サクラ大戦
sangatsu no lion,3,195,,3月のライオン
bakuman,3,195,,バクマン。
inari konkon koi iroha.,3,195,,いなり、こんこん、恋いろは。
mitsuboshi colors,3,195,,三ツ星カラーズ
black cat (series),3,195,,黒猫（シリーズ）
hentai prison,3,195,,ヘンプリ
shoushimin series,3,194,,小市民シリーズ
atelier sophie 2,3,194,,ソフィーのアトリエ2
project x zone,3,194,,プロジェクトクロスゾーン
mumei (song) (hololive),3,194,,
what is my life? (love live!),3,194,,
kirby's return to dream land deluxe,3,194,,星のカービィWiiデラックス
mega man zero 2,3,194,,ロックマンゼロ2
choudenji robo combattler v,3,194,,超電磁ロボコンバトラーV
asagao to kase-san,3,194,kase-san and morning glories,あさがおと加瀬さん
gems company,3,194,,ジェムズカンパニー
boroboro no elf-san wo shiawase ni suru kusuri uri-san,3,194,,ボロボロのエルフさんを幸せにする薬売りさん
inkya gyaru demo ikigaritai!,3,194,,陰キャギャルでもイキがりたい!
space channel 5,3,194,,スペースチャンネル5
transformers one,3,194,,トランスフォーマーONE
seirei gensouki,3,194,,精霊幻想記
kurenai no buta,3,194,,紅の豚
afraid of monsters,3,193,,
ys ix: monstrum nox,3,193,ys ix monstrum nox,イース9
forsaken (roblox),3,193,,
irisu shoukougun!,3,193,,いりす症候群!
densetsu kyojin ideon,3,193,,伝説巨神イデオン
resident evil: revelations,3,193,resident evil revelations,バイオハザードリベレーションズ
i want you,3,193,,私はあなたが欲しいです
robf,3,193,re:bf gaiden ~kyoudan no kage to suna no miko~,Re:BF外伝教団の影と砂の御子
mobile legends: bang bang,3,193,,决胜巅峰
nine sols,3,193,,九日
star!! (idolmaster),3,193,,マイファーストスター
kimi ga aruji de shitsuji ga ore de,3,193,you are the master and the servant is me,君が主で執事が俺で
d-frag!,3,193,,ディーふらぐ!
nisoku hokou (vocaloid),3,193,two breaths walking (vocaloid),二息歩行
cross edge,3,193,,クロスエッジ
getbackers,3,193,,ゲットバッカーズ-奪還屋-
ushinawareta mirai wo motomete,3,193,,失われた未来を求めて
sweet home,3,192,,Sweet_Home~Hなお姉さんは好きですか?~
senjuushi (series),3,192,,千銃士
spectral (series),3,192,,ネバーランド
shin sekaiju no meikyuu,3,192,,新・世界樹の迷宮
casshern sins,3,192,,キャシャーンSINS
project i,3,192,project [i],
saikyou tenshi to baito senshi,3,192,,最強天使とバイト戦士
etotama,3,192,,えとたま
winter memories,3,192,,あまえんぼ冬
mega man x8,3,192,,ロックマンX8
cat busters,3,192,,キャットバスターズ
octopath traveler 0,3,192,,
sola,3,191,,ソラ
from argonavis,3,191,,アルゴナビス
tsuritama,3,191,,つり球
red: pride of eden,3,191,,レッド:プライドオブエデン
tenchuu,3,191,,天誅
sasha-chan to classmate otaku-kun,3,191,,サーシャちゃんとクラスメイトオタクくん
houou senki maimu,3,191,,鳳凰戦姫舞夢
summon night 5,3,191,,サモンナイト5
fuufu ijou koibito miman.,3,191,"fuukoi,more than a married couple but not lovers",ふうこいアニメ
comiket 85,3,191,c85,コミケ85
idolmaster va-liv,3,191,,ヴイアライヴ
rune factory frontier,3,191,,ルーンファクトリーフロンティア
koukei (idolmaster),3,191,,光景
vivi and the magical island,3,191,,ヴィヴィと魔法の島
chibi maruko-chan,3,191,,ちびまる子ちゃん
dragon quest yuusha abel densetsu,3,191,,アベル伝説
shin ultraman,3,191,,シン・ウルトラマン
shangri-la frontier,3,191,,シャングリラ・フロンティア
suika game,3,191,,スイカゲーム
starry sky (game),3,190,,スターリースカイ
ilog,3,190,,アイログ
dlsite.com,3,190,,dlsite.com
grand sphere,3,190,,グランスフィア
djmax portable,3,190,dj max portable,djmaxポータブル
yuusha ou gaogaigar final,3,190,the king of braves gaogaigar final,勇者王ガオガイガーFINAL
koukan nikki,3,190,,こうかんにっき
persona q (series),3,190,,ペルソナQ（シリーズ）
arc the lad iii,3,190,,アークザラッドIII
otogi-juushi akazukin,3,190,fairy musketeers,おとぎ銃士赤ずきん
nengoku no liese,3,190,,粘獄のリーゼ
a3!,3,190,,エースリー
shadow the hedgehog (game),3,190,,シャドウ・ザ・ヘッジホッグ
karakuri pierrot (vocaloid),3,190,clockwork clown (vocaloid),からくりピエロ
kagerou days (vocaloid),3,190,,カゲロウデイズ
daitoshokan no hitsujikai,3,190,,大図書館の羊飼い
comiket 86,3,190,c86,コミケ86
villainous,3,190,,
touhou spell carnival,3,189,,東方スペルカーニバル
chihayafuru,3,189,,ちはやふる
unknown mother goose (vocaloid),3,189,,アンノウン・マザーグース
shin kamen rider,3,189,,シン・仮面ライダー
sansha san'you,3,189,,三者三葉
seikai no senki,3,189,,星界の戦旗
hanshin tigers,3,189,,阪神タイガース
atelier marie,3,189,,マリーのアトリエ
motto! haramase! honoo no oppai isekai oppai maid gakuen!,3,189,,もっと!孕ませ!炎のおっぱい異世界おっぱいメイド学園!
lovers (game),3,189,,ラブ・エスカレーター
zeta gundam define,3,189,,機動戦士Ζガンダム
lost property control organization (samidare),3,189,,遺失物統轄機構
surge concerto,3,189,,シェルノサージュ
bakuretsu hunters,3,189,,爆れつハンター
karigurashi no arrietty,3,189,,借りぐらしのアリエッティ
kyokou suiri,3,189,,虚構推理
final fantasy vii revelation,3,189,,FF7リベレーション
moero! justice gakuen,3,189,,燃えろ!ジャスティス学園
calamity (terraria mod),3,189,,
bereal,3,189,,
queen (band),3,189,,クイーン（バンド）
battle athletes,3,188,,バトルアスリーテス大運動会
ane naru mono,3,188,,姉なるもの
beast wars: transformers,3,188,,ビーストウォーズ
munou na nana,3,188,,無能なナナ
final fantasy crystal chronicles,3,188,,クリスタルクロニクル
unitia,3,188,,ユニティア
space invaders,3,188,,スペースインベーダー
live a live,3,188,,ライブアライブ
charon universe,3,188,,
kiseijuu,3,188,,寄生獣
huion,3,188,,Huion
sonic heroes,3,188,,ソニックヒーローズ
vampirella,3,188,,ヴァンピレラ
meccha chameleon,3,187,,めっちゃカメレオン
nitro+ chiral,3,187,,ニトロ+カイラル
black panther (series),3,187,,
digital devil saga,3,187,,デジタル・デビル・サーガ
confessions of a rotten girl (vocaloid),3,187,,腐女子ミク
uta macross sumaho deculture,3,187,,歌マクロス
popotan,3,187,,ぽぽたん
playerunknown's battlegrounds,3,187,,Playerunknownの戦場
metroid: other m,3,187,,メトロイドアザーエム
isekai tensei shite v ni narimashita,3,187,,異世界転生してVになりました。
the kiss,3,187,,接吻(クリムト)
shinigami bocchan to kuro maid,3,186,,死神坊ちゃんと黒メイド
arika,3,186,,
reddit,3,186,,reddit
hisho collection,3,186,,秘書コレクション
sankarea,3,186,,さんかれあ
hajimete no gal,3,186,,はじめてのギャル
arc system works,3,186,,アークシステムワークス
saijaku muhai no bahamut,3,186,,最弱無敗の神装機竜
stellula eques,3,186,,ステルラエクエス
fate/empire of dirt,3,186,,フェイト/エンパイア・オブ・ダート
love-bullet,3,186,,ラブ・バレット
wikipedia,3,186,,ウィキペディア
moechakkafire,3,186,,モエチャッカファイア
girls band cry rpg,3,186,,ガールズバンドクライRPG
unlight,3,186,,アンライト
kimagure temptation,3,186,,きまぐれテンプテーション
maburaho,3,185,,まぶらほ
assassin's creed,3,185,,アサシンクリード
plastic memories,3,185,,プラスティック・メモリーズ
otomari koibito lolita,3,185,,おとまり恋人ロリータ
sesame street,3,185,,セサミストリート
mario kart 8,3,185,mario kart 8 deluxe,マリオカート8
etra-chan wa mita!,3,185,etra-chan saw it!,エトラちゃんは見た!
nekojishi,3,185,,家有大貓
danbooru (site),3,185,,ダンブール（サイト）
touhou hero of ice fairy,3,185,,東方アイスフェアリー勇者記
tales of the world,3,184,,テイルズオブザワールド
love live! school idol festival 2,3,184,,スクフェス2
seimetsu reiki etherea,3,184,,聖滅麗姫エーテライア
warui ga watashi wa yuri janai,3,184,,悪いが私は百合じゃない
romancing saga re;universe,3,184,,ロマサガRS
tenkuu no escaflowne,3,184,,天空のエスカフローネ
mary skelter,3,184,,メアリスケルター
pokemon colosseum,3,184,,ポケモンコロシアム
jurassic world,3,184,,ジュラシックワールド
servant x service,3,184,,サーバント×サービス
weiss schwarz,3,183,,ヴァイスシュヴァルツ
kimi to kanojo to kanojo no koi.,3,183,"totono,you and me and her: a love story",君と彼女と彼女の恋。
shibou yuugi de meshi wo kuu.,3,183,"shibou yuugi de meshi o kuu,shiboyugi: playing death games to put food on the table",死亡遊戯で飯を食う。
lagtrain (vocaloid),3,183,lag train (vocaloid),ラグトレイン
star wars: a new hope,3,183,,エピソード4
suicide boy,3,183,,自殺少年
joker (2019),3,183,,ジョーカー
amnesia (idea factory),3,183,,アムネシア
parasite eve i,3,183,,
hearts of iron,3,183,,ハーツオブアイアン
dragon ball minus,3,183,,ドラゴンボールマイナス
guilty gear 2,3,183,,ギルティギア2
kurogane no linebarrel,3,183,,鉄のラインバレル
ero condo,3,183,,エロコンドミニアム
neko to chiyo,3,183,,ねことちよ
lovely x cation 2,3,183,,ラブリケーション2
rick and morty,3,182,,リック・アンド・モーティ
meiji (brand),3,182,,明治
rapunzel (fairy tale),3,182,,ラプンツェル
bondlive,3,182,,
juuni taisen,3,182,,十二大戦
rgb paw,3,182,,
kouya no naga samurai,3,182,,荒野の長侍
kiznaiver,3,182,,キズナイーバー公式
lineage 2,3,182,,リネージュII
mega man star force 3,3,182,,流星のロックマン3
kaizoku sentai gokaiger,3,181,,海賊戦隊ゴーカイジャー
lilith-soft,3,181,,リリスソフト
under night in-birth 2 sys:celes,3,181,,
ryouran! victory road (love live!),3,181,ryouran! victory road (love live),繚乱!ビクトリーロード
majo to hyakkihei,3,181,,魔女と百騎兵
tokyo mew mew new,3,181,,東京ミュウミュウにゅ〜♡
atelier shallie,3,181,,シャリーのアトリエ
macross plus,3,181,,マクロスプラス
swing!!,3,181,,すいんぐ!!
no brand girls,3,181,,ブランドの女の子はいません
fossil fighters,3,181,,ぼくらはカセキホリダー
soushisouai lolita no seikatsu,3,181,,相思相愛ロリータの生活
watchmen,3,181,,ウォッチメン
roman (sound horizon),3,181,,ローマ（サウンドホライズン）
demento,3,181,,Demento
shinmai fukei kiruko-san,3,181,,新米婦警キルコさん
ikkitousen great guardians,3,181,,一騎当千Great_Guardians
haevest,3,181,,haevest
kyouran kazoku nikki,3,181,,狂乱家族日記
google chrome,3,180,chrome (browser),グーグル・クローム
mega man zero 1,3,180,,ロックマンゼロ1
tumblr,3,180,,タンブラー
kamen rider black rx (series),3,180,,仮面ライダーBLACKRX
makai gacha wa kyou mo shibui,3,180,,魔界ガチャは今日も渋い
robot girls z,3,180,,ロボットガールズZ
susanghan messenger,3,180,,ミスティックメッセンジャー
michelin,3,180,,ミシュラン
morimens,3,180,,忘却前夜
felarya,3,180,,フェラリヤ
w tails cat,3,180,,Wテールズ猫
kairaku historie,3,180,,快楽ヒストリエ
ultra trailer (synthesizer v),3,179,,ウルトラトレーラー
tales of link,3,179,,テイルズオブリンク
suki na souzai happyou dragon (utau),3,179,,好きな惣菜発表ドラゴン
double spoiler,3,179,,ダブルスポイラー
mega man megamix,3,179,,ロックマンメガミックス
final fantasy fables,3,179,,ファイナルファンタジーのf話
lollipop chainsaw,3,179,,ロリポップチェーンソー
fila,3,179,,フィラ
love wing bell,3,179,,翼のベルが大好きです
bond en,3,179,,
harukanaru toki no naka de,3,179,haruka: beyond the stream of time,遙かなる時空の中で
pastel chime,3,179,,ぱすてるチャイム
mofu-mofu after school,3,179,,もふもふな放課後
fantasista doll,3,179,,ファンタジスタドール
sakura taisen ii,3,179,,サクラ大戦2
imouto sae ireba ii,3,179,,妹さえいればいい。
idolmaster platinum stars,3,179,,アイドルマスタープラチナスターズ
hanamaru youchien,3,179,,はなまる幼稚園
kobe shinbun,3,179,,神戸新聞
project: eden's garden,3,178,,
kaifuku jutsushi no yarinaoshi ~sokushi mahou to skill copy no chouetsu heal~,3,178,,回復術士のやり直し
full moon wo sagashite,3,178,,満月をさがして
gouketsuji ichizoku,3,178,,豪血寺一族
ace attorney investigations: miles edgeworth,3,178,,逆転検事
kamen rider v3 (series),3,178,,仮面ライダーV3
nageki no bourei wa intaishitai,3,178,let this grieving soul retire!,嘆きの亡霊は引退したい
kure-nai,3,178,,紅kure-nai
battle spirits: shounen toppa bashin,3,178,,バトルスピリッツ少年突破バシン
cartoon network,3,178,,カートゥーンネットワーク
kodoku no gourmet,3,178,,孤独のグルメ
snow fox,3,177,,スノーフォックス
jiggly girls,3,177,,ジグリーガールズ
eternity sword series,3,177,,永遠神剣シリーズ
kemono friends kingdom,3,177,,动物朋友王国
brown dust,3,177,,ブラウンダスト
onii-chan dakedo ai sae areba kankeinai yo ne,3,177,,お兄ちゃんだけど愛さえあれば関係ないよねっ
just be friends (vocaloid),3,177,,ただ友達になる（ボーカロイド）
otome function,3,177,,乙女ファンクション
butcher vanity (synthesizer v),3,177,,ブチャーバニティー
sangoku infinity,3,177,,三国インフィニティ
akiba maid sensou,3,177,akiba maid war,アキバ冥途戦争
age of empires (series),3,177,,エイジオブエンパイア
fushigiboshi no futago hime gyu,3,177,,ふしぎ星の☆ふたご姫Gyu!
better call saul,3,177,,ベター・コール・ソウル
hellboy (comic),3,177,,ヘルボーイ
akazukin chacha,3,177,,赤ずきんチャチャ
little goody two shoes,3,177,,
the princess and the frog (disney),3,177,,プリンセスと魔法のキス
tales of graces f,3,177,,テイルズオブグレイセスf
pixiv fantasia mountain of heaven,3,176,,pixivファンタジアMOH
lightning returns: final fantasy xiii,3,176,,ライトニングリターンズファイナルファンタジーxiii
sumaga,3,176,,スマガ
sweethex,3,176,,恋人
guilty dragon,3,176,,ギルティドラゴン
franken fran,3,176,,フランケン・ふらん
paladins,3,176,,パラディン
kagome no inyoku,3,176,,籠姫ノ淫欲
yakin byoutou,3,176,,夜勤病棟
pikmin 2,3,176,,ピクミン2
ys x: nordics,3,176,ys x nordics,イース10
beelzebub (manga),3,176,,べるぜバブ
onna doushi toka arienai desho to iiharu onnanoko wo hyakunichikan de tetteiteki ni otosu yuri no ohanashi,3,176,,女同士とかありえないでしょと言い張る女の子を、百日間で徹底的
vdonburi,3,176,,vdonburi
north american mythology,3,176,,
ladies versus butlers!,3,176,,れでぃ×ばと!
tensai ouji no akaji kokka saiseijutsu,3,176,the genius prince's guide to raising a nation out of debt,天才王子の赤字国家再生術
tamiya incorporated,3,176,,タミヤ
aikatsu on parade!,3,176,,アイカツオンパレード!
yi er fan club (vocaloid),3,175,,いーあるふぁんくらぶ
duel masters (classic),3,175,,デュエル・マスターズ
alien nine,3,175,,エイリアン9
koimonogatari,3,175,,恋物語
bakugan,3,175,,爆丸
mega man battle network 6,3,175,,ロックマンエグゼ6
kanojo mo kanojo,3,175,,カノジョも彼女
the adventures of sherlock holmes,3,175,,シャーロック・ホームズの冒険
osana reimu,3,175,,東方幼霊夢
duck hunt,3,175,,ダックハント
agarest senki,3,175,,アガレスト戦記
netoge no yome wa onna no ko janai to omotta?,3,175,,ネトゲの嫁は女の子じゃないと思った?
teppen,3,175,,テッペン
the great ace attorney: adventures,3,175,,大逆転裁判‐成歩堂龍ノ介の冒険‐
nyan koi!,3,175,,にゃんこい!
alice girls shiny heart,3,175,,アリス少女隊☆シャイニーハート
equestria girls: rainbow rocks,3,175,,
sakura musubi,3,175,,さくらむすび
rance quest,3,174,,ランスクエスト
granblue fantasy versus: rising,3,174,,
akane-banashi,3,174,,あかね噺
vanitas no carte,3,174,,ヴァニタスの手記
variable geo,3,174,,ヴァリアブル・ジオ
kikou souseiki mospeada,3,174,,機甲創世記モスピーダ
mospeada,3,174,,モスピーダ
sentou mecha xabungle,3,174,,戦闘メカザブングル
bubblegum crisis,3,174,,バブルガムクライシス
kimi ga hoeru tame no uta wo,3,174,"howling song for husky girl,kimi ga hoeru tame no uta o",キミが吠えるための歌を、
fallout 3,3,174,,フォールアウト3
freedom planet 2,3,174,,自由星球2
hoshizora e kakaru hashi,3,174,,星空へ架かる橋
romancing saga minstrel song,3,174,,ロマンシングサガ-ミンストレルソング-
rayman (series),3,174,,レイマン
comic rin,3,174,,コミックリン
oshioki sweetie,3,174,,オシオキSweetie
dancing stars on me!,3,174,,私に踊る星！
culture japan,3,174,,文化日本
fullbokko heroes,3,173,,フルボッコヒーローズX
karaoke iko!,3,173,,カラオケ行こ!
donut hole (vocaloid),3,173,,ドーナツホール
blazblue: cross tag battle,3,173,,ブレイブルークロスタッグバトル
sf choujigen densetsu rall,3,173,,超次元伝説ラル
trojan green asteroid,3,173,,鳥船遺跡
kung fu panda,3,173,,カンフー・パンダ
immaterial and missing power,3,173,,東方萃夢想
osu! tatakae! ouendan,3,173,,押忍!闘え!応援団
teekyuu,3,173,,てーきゅう
ai yori aoshi,3,173,,藍より青し
yuusha no kuse ni namaiki da,3,173,what did i do to deserve this my lord?,勇者のくせになまいきだ
kishuku gakkou no juliet,3,173,,寄宿学校のジュリエット
love je t'aime,3,173,,らぶじゅてーむ
coyote ragtime show,3,173,,コヨーテラグタイムショー
sisters ~natsu no saigo no hi~,3,173,,SISTERS~夏の最後の日~
seizon honnou valkyria (idolmaster),3,173,,生存本能ヴァルキュリア
shin megami tensei: strange journey,3,172,,真・女神転生ストレンジジャーニー
trigun maximum,3,172,,トリガン最大
one piece fan letter,3,172,,
aquarium (visual novel),3,172,,あくありうむ。
muppets,3,172,,マペット
the creation of adam,3,172,,アダムの創造
arslan senki,3,172,,アルスラーン戦記
rosenkreuzstilette,3,172,,ローゼンクロイツスティレッテ
amakano ~second season~,3,172,,アマカノ~Second_Season~
shingeki no bahamut: genesis,3,172,,神撃のバハムートGENESIS
takane-san to arashi-chan,3,172,,高音さんと嵐ちゃん
w.i.t.c.h.,3,171,,ウィッチ
yostar,3,171,,上海悠星
thomas the tank engine (series),3,171,,きかんしゃトーマス
uniqlo,3,171,,ユニクロ
mamahaha no tsurego ga moto kano datta,3,171,,継母の連れ子が元カノだった
tokimeki no mirai chizu,3,171,tokimeki roadmap to future,トキメキの未来地図
beatmania iidx 19 lincle,3,171,,
chase! (love live!),3,171,,追跡！ （ライブが大好き！）
raging loop,3,170,,レイジングループ
haconect,3,170,,ハコネクト
tekken 5,3,170,,鉄拳5
mahou shoujo lyrical nanoha a's portable: the gears of destiny,3,170,,なのポ
afk arena,3,170,,AFKアリーナ
the binding of isaac,3,170,,以撒的结合
kingdom hearts x,3,170,,アンチェインドキー
pixiv fantasia revenge of the darkness,3,170,,pixivファンタジアRD
super robot wars og saga mugen no frontier exceed,3,170,,無限のフロンティアEXCEED
mahou shoujo suzune magica,3,170,"puella magi suzune magica,suzune magica",魔法少女すずね☆マギカ
nagasarete airantou,3,170,,ながされて藍蘭島
singing! (k-on!),3,170,,歌！ （k-on！）
dimension w,3,170,,ディメンションW
needless,3,170,,ニードレス
cutie panther,3,170,,キューティーパンサー
corrector yui,3,170,,コレクターユイ
grandia ii,3,170,,グランディアii
bunnystein fantasy,3,170,,バニスタイン・ファンタジー
triage x,3,170,,トリアージX
littlest pet shop,3,170,,リトレストペットショップ
honeyworks,3,169,,ハニーワークス
golden boy,3,169,,ゴールデンボーイ
getter robo (classic),3,169,getter robo (1st series),ゲッターロボ
latale,3,169,,ラテール
sekaiichi kawaii watashi (idolmaster),3,169,,世界一可愛い私
mass effect 2,3,169,,質量効果2
chargeman ken!,3,169,,チャージマン研!
miiverse,3,169,,ミーバース
kirby's adventure,3,169,,夢の泉の物語
tokimeki memorial girl's side 4th heart,3,169,,ときメモGS4
mahoutsukai rose no sado life,3,169,,魔法使いロゼの佐渡ライフ
summon night 4,3,169,,サモンナイト4
shin megami tensei i,3,169,,真・女神転生
nhk (broadcaster),3,169,nippon housou kyoukai,日本放送協会
obey me! (series),3,169,,おべいみー!
wonder festival 2007,3,169,,ワンダーフェスティバル2007
tsumi no hahen (debris),3,169,,罪の破片(Debris)
yumeutsutsu re:master,3,169,,夢現Re:Master
angelic angel,3,169,,天使の天使
shin sangoku musou 4,3,169,dynasty warriors 5,真・三國無双4
x-men: the animated series,3,169,,
yomawari (series),3,169,,夜廻シリーズ
omega sisters,3,169,,おめがシスターズ
the king of fighters '97,3,169,,ザ・キング・オブ・ファイターズ'97
deathsmiles,3,168,,デススマイルズ
american psycho,3,168,,アメリカン・サイコ
toaru majutsu no index: genesis testament,3,168,,創約とある魔術の禁書目録
pikmin 3,3,168,,ピクミン3
a deer of nine colors,3,168,,九色鹿
yuuki yuuna wa yuusha de aru: hanayui no kirameki,3,168,,結城友奈は勇者である花結いのきらめき
el shaddai,3,168,,エルシャダイ
mad father,3,167,,マッドファーザー
rock 'n' rock 'n' beat,3,167,,
mahou shoujo ikusei keikaku limited,3,167,,魔法少女育成計画limited
sekaiju no meikyuu hd,3,167,,世界樹の迷宮I・II・III_HD_REMASTER
mahou shoujo lyrical nanoha reflection,3,167,,リリカルなのはReflection
lookism,3,167,,外見至上主義
charisma house,3,167,,カリスマ
makaimura,3,167,,魔界村
strange creators of outer world,3,167,,東方外來韋編
makai tenshi djibril 1,3,167,,
the hobbit,3,167,,ホビットの冒険
white album,3,167,,ホワイトアルバム
tekken 4,3,167,,鉄拳4
tenshi no inai 12-gatsu,3,167,,天使のいない12月
shin koihime musou,3,167,,真・恋姫†無双
tenkuu no craft fleet,3,167,,天空のクラフトフリート
kurone no kimochi,3,167,,
ai tenshi densetsu wedding peach,3,167,,愛天使伝説ウェディングピーチ
fault!!,3,167,,フォルト!!
.hack//tasogare no udewa densetsu,3,167,,.hack//黄昏の腕輪伝説
dust 514,3,166,,
himegoto,3,166,,ひめゴト
tsukuyomi kurage,3,166,,月夜見海月
pieta,3,166,,ピエタ
judge eyes,3,166,judgment (game),ジャッジアイズ
sawaranaide kotesashi-kun,3,166,,さわらないで小手指くん
globie,3,166,,
robotics;notes dash,3,166,,
our battle has just begun!,3,166,,俺たちの戦いはこれからだ!
qiang jin jiu,3,166,,将进酒
onikko hunter tsuina-chan,3,166,,鬼っ子ハンターついなちゃん
chaos;child love chu chu!!,3,166,chaos;child love chu chu!,カオスチャイルドらぶchu☆chu!!
koi suru kanojo no bukiyou na butai,3,166,,恋する彼女の不器用な舞台
la corda d'oro,3,166,,金色のコルダ
shoukan yuusha to f-kei kareshi,3,166,,召喚勇者とf系彼氏
zookeepers (diva),3,166,,
majestic prince,3,166,,マジェスティックプリンス
criminal girls,3,166,,クリミナルガールズ
solo leveling: arise,3,166,,俺だけレベルアップな件:ARISE
after (game),3,165,,
tokimeki memorial 4,3,165,,ときめきメモリアル4
kujibiki unbalance,3,165,,くじびきアンバランス
pure pure,3,165,,ぴゅあぴゅあ
mario strikers (series),3,165,,マリオストライカーズ
hypnotic convenience store (mankai kaika),3,165,,催眠コンビニ
gundam card builder,3,165,,機動戦士ガンダムカードビルダー
shaft (company),3,165,,シャフト
lofi girl (youtube),3,165,,Lofi Girl（YouTube）
monster hunter stories 2: wings of ruin,3,165,,モンハンストーリーズ2
the wizard of oz,3,165,the wonderful wizard of oz,オズの魔法使い
mario party,3,165,,マリオパーティ
shingeki no school castes,3,165,,進撃のスクールカースト
suki! yuki! maji magic (vocaloid),3,164,love! snow! really magic! (vocaloid),好き!雪!本気マジック
motto! haramase! honoo no oppai isekai chou ero succubus gakuen!,3,164,,もっと!孕ませ!炎のおっぱい異世界超エロサキュバス学園!
heybot!,3,164,,ヘボット!
little princess,3,164,,リトルプリンセス
senjuushi: the thousand noble musketeers,3,164,,千銃士
monster hunter frontier,3,164,,モンスターハンターフロンティア
project diva extend,3,164,,Project Diva拡張
hakurei frontier spell strive,3,164,,ハクレイフロンティア_Spell_Strive
beyblade: burst,3,164,,ベイブレードバースト
miku miku ni shite ageru (vocaloid),3,164,i'll miku-miku you (for reals) (vocaloid),みくみくにしてあげる♪
shin megami tensei iv final,3,164,shin megami tensei iv: apocalypse,真・女神転生IVFINAL
angry birds,3,164,,「アングリーバード」
sora no kiseki fc,3,163,trails in the sky fc,
toriko (series),3,163,,トリコ
aoi ch.,3,163,,富士葵
starry night (van gogh),3,163,,星空(梵高)
mushiking,3,163,,甲虫王者ムシキング
mahou shoujo holowitch!,3,163,,魔法少女ホロウィッチ!
shuuen no virche,3,163,virche evermore,終遠のヴィルシュ
dragon ball z dokkan battle,3,163,,ドラゴンボールZドッカンバトル
neet de otaku na kunoichi to naze ka dousei hajimemashita,3,163,"i'm living with an otaku neet kunoichi,neet kunoichi",ニートでオタクなくノ一となぜか同棲はじめました
tensei shitara ken deshita,3,163,reincarnated as a sword,転生したら剣でした
super robot wars x-omega,3,163,,スーパーロボット大戦X-Ω
devil may cry 2,3,163,,デビルメイクライ2
kokoro (vocaloid),3,163,,ココロ
sora no iro mizu no iro,3,163,,"そらのいろ、みずのいろ,"
touka gettan,3,163,,桃華月憚
puyopuyo fever,3,163,,ぷよぷよフィーバー
momotarou,3,162,,桃太郎
nvidia,3,162,,エヌビディア
toei company,3,162,toei animation,東映アニメーション株式会社
prima doll (anime),3,162,,プリマドール
gen'ei wo kakeru taiyou,3,162,"day break illusion,genei wo kakeru taiyou",幻影ヲ駆ケル太陽
persona 3: dancing moon night,3,162,persona 3: dancing in moonlight,ペルソナ3ダンシング・ムーンナイト
comiket 87,3,162,c87,コミケ87
romance of the three kingdoms,3,162,,三国演义
ultraman nexus (series),3,162,,ウルトラマンネクサス
future card buddyfight,3,162,,フューチャーカードバディファイト
zoids chaotic century,3,162,,ゾイド-ZOIDS-
obey me!: one master to rule them all!,3,162,,おべいみー
gunslinger stratos,3,162,,ガンスリンガーストラトス
ochikazuki ni naritai miyazen-san,3,162,miss miyazen would love to get closer to you,お近づきになりたい宮膳さん
kadokawa,3,162,,角川スニーカー文庫
animal (vocaloid),3,162,,アニマル(DECO*27)
mystical power plant,3,162,,東方導命樹
baskin-robbins,3,162,,サーティワン
mushihimesama,3,162,,虫姫さま
triple baka (vocaloid),3,162,,驫麤~とりぷるばか~
souzou forest (vocaloid),3,162,imaginary forest (vocaloid),想像フォレスト
panel de pon,3,162,,パネルでポン
misskey.io,3,162,,
john wick,3,161,,ジョン・ウィック
shin getter robo,3,161,,真ゲッターロボ
i can friday by day!,3,161,,
sonic rush adventure,3,161,,ソニックラッシュアドベンチャー
peace@pieces,3,161,,ピースアピーシーズ
ore no kanojo to osananajimi ga shuraba sugiru,3,161,,俺の彼女と幼なじみが修羅場すぎる
knight's & magic,3,161,,ナイツ&マジック
bishoujo mangekyou ibun: yuki onna,3,161,,美少女万華鏡異聞雪おんな
sunny day song,3,161,,晴れた日の歌
pressure (roblox),3,161,,
danjo no yuujou wa seiritsu suru?,3,161,can a boy-girl friendship survive?,男女の友情は成立する?(いや、しないっ!!)
"dateless bar ""old adam""",3,161,,旧約酒場
shovel knight,3,160,,ショベルナイト
danganronpa another: another despair academy,3,160,,ダンガンロンパアナザー
the legend of zelda: oracle of seasons,3,160,,大地の章
the boy who fell,3,160,,
my chemical romance,3,160,,マイ・ケミカル・ロマンス
kyoukai no rinne,3,160,,境界のRINNE
sentinel girls,3,160,"marfusha,snezhinka: sentinel girls 2",溶鉄のマルフーシャ
sd gundam g generation,3,160,,SDガンダムジージェネレーションシリーズ
fumetsu no anata e,3,160,to your eternity,不滅のあなたへ
tsui no sora,3,160,,終ノ空
commando (movie),3,160,,コマンドー
suisai sekai,3,160,,水彩世界
boy's club,3,160,,男の子のクラブ
saikin kokuhaku wo kotowatta bakari no kouhai joshi ga gimai ni natteshimatta,3,160,,最近告白を断ったばかりの後輩女子が義妹になってしまった
hanebado!,3,160,,はねバド!
himegami kagura,3,160,,ひめがみ神楽
eternal arcadia,3,160,,エターナルアルカディア
hoshikuzu telepath,3,160,stardust telepath,星屑テレパス
metroid prime 2: echoes,3,159,,メトロイドプライム2_ダークエコーズ
altered pink,3,159,,アルタードピンク
resonance solstice,3,159,,レゾナンス:無限号列車
cool doji danshi,3,159,play it cool guys,クールドジ男子
marvel snap,3,159,,マーベル・スナップ
little twin stars,3,159,,キキララ
comiket 98,3,159,c98,コミケ98
age of empires ii,3,159,,エイジオブエンパイアII
last exile: gin'yoku no fam,3,159,,ラストエグザイル‐銀翼のファム‐
happy saint sheol,3,159,,ハピセイ
aohada bocchi,3,159,,青肌巨乳とクソボッチ
flyable heart,3,159,,飛行可能な心
ushio to tora,3,159,,うしおととら
koi to senkyo to chocolate,3,158,,恋と選挙とチョコレート
shift up,3,158,,
comic megastore,3,158,,コミックメガストーレ
proof (love live!),3,158,,
ace combat zero,3,158,,エースコンバットZERO
ultraman z (series),3,158,,ウルトラマンZ
hinabita,3,158,,ひなビタ♪
taishou yakyuu musume,3,158,,大正野球娘。
strike witches 1940,3,158,,ストライクウィッチーズ1940
muv-luv alternative (anime),3,158,muvluv alternative (anime),マブラヴアニメ
fragaria memories,3,158,,フラガリアメモリーズ
fighting my way (idolmaster),3,157,,
alicesoft,3,157,,アリスソフト
nademonogatari,3,157,,撫物語
comiket 81,3,157,c81,コミケ81
hajime no ippo,3,157,,はじめの一歩
atlantis: the lost empire,3,157,,アトランティス失われた帝国
horizon (game),3,157,,
counter-strike 2,3,157,counter-strike: global offensive,
yotsunoha,3,157,,よつのは
dive! (love live!),3,157,,ダイビング！ （ライブが大好き！）
coral island,3,157,,
suiheisen made nan mile?,3,157,,水平線まで何マイル?
yaiteru futari,3,157,how to grill our love,焼いてるふたり
pirates of the caribbean,3,157,,パイレーツ・オブ・カリビアン
shinsei kamattechan,3,157,,神聖かまってちゃん
wuhua mixin,3,156,,ネオ·アーティファクト
traffic life series,3,156,,
sentouin hakenshimasu!,3,156,,戦闘員、派遣します!
le sserafim,3,156,,ルセラフィム
top gun,3,156,,トップガン
barakamon,3,156,,ばらかもん
inside out,3,156,,インサイド・ヘッド
tropical kiss,3,156,,トロピカルKISS
oneechanbara,3,156,,お姉チャンバラ
bakuretsu tenshi,3,156,,爆裂天使
magical halloween,3,156,,マジカルハロウィン
koi ni kanmi o soete,3,156,,恋ニ、甘味ヲソエテ
1000-nen ikiteru (vocaloid),3,156,living millennium (vocaloid),1000年生きてる
sukinako ga megane wo wasureta,3,156,,好きな子がめがねを忘れた
fullmetal alchemist the movie: conqueror of shamballa,3,155,,シャンバラを征く者
the prophecies begin,3,155,,预言开始
yokohama dena baystars,3,155,,横浜DeNAベイスターズ
the matrix,3,155,,マトリックス
pink floyd,3,155,,ピンク・フロイド
aster tatariqus,3,155,,アスタータタリクス
tsukimonogatari,3,155,,憑物語
acchi kocchi,3,155,,あっちこっち
el cazador de la bruja,3,155,,エル・カザド
kangoku senkan,3,155,,監獄戦艦
mana khemia (series),3,155,,マナケミア
heart no kuni no alice,3,155,,劇場版ハートの国のアリス
mm!,3,155,,えむえむっ!
shakunetsu no takkyuu musume,3,155,,灼熱の卓球娘
omc,3,155,,オーダーメイドCOM
five nights at freddy's 1,3,154,,
kingdom hearts: chain of memories,3,154,kingdom hearts chain of memories,思い出のキングダムハーツチェーン
girl with a pearl earring,3,154,,真珠の耳飾りの少女
dc animated universe,3,154,,
sword world,3,154,,ソードワールド
tanaka the wizard,3,154,,田中~年齢イコール彼女いない歴の魔法使い~
kamen rider stronger (series),3,154,,仮面ライダーストロンガー
company of heroes,3,154,,カンパニー・オブ・ヒーローズ
star wars: visions,3,154,,スターウォーズビジョンズ
sweet devil (vocaloid),3,154,,スィートデビル
basquash!,3,154,,バスカッシュ!
seven knights,3,154,,セブンナイツ
silent sinner in blue,3,154,,東方儚月抄
daibouken! yukeyuke osawari island,3,154,,大冒険!ゆけゆけ☆おさわりアイランド
urashimasakatasen,3,154,,浦島坂田船
bashamichi,3,154,,馬車道
a nightmare on elm street,3,153,,エルム街の悪夢
ways of darkness (series),3,153,,
toaru majutsu no index: endymion no kiseki,3,153,,劇場版とある魔術の禁書目録エンデュミオンの奇蹟
azur promilia,3,153,,アズールプロミリア
monster hunter world: iceborne,3,153,,MHWアイスボーン
rinrinne,3,153,,りんりんね
the last of us,3,153,,ザ・ラスト・オブ・アス
borderlands 2,3,153,,国境地帯2
bleach: turn back the pendulum,3,153,,
granblue fantasy: relink,3,153,,リリンク
.hack//sign,3,153,,ドットハックサイン
koharu and minato,3,153,,
murenase! shiiton gakuen,3,153,,群れなせ!シートン学園
project upd8,3,153,,プロジェクトUpd8
kyousougiga,3,153,,京騒戯画
kusari hime: euthanasia,3,153,,腐り姫
the smoke room,3,153,,
castlevania (netflix),3,152,,キャッスルヴァニア（Netflix）
ufotable,3,152,,ufotable
idol (yoasobi),3,152,,アイドル(YOASOBI)
impossible spell card,3,152,,弾幕アマノジャク
bluey,3,152,,ブルーイ
fukkireta,3,152,ochame kinou,吹っ切れた
precure all stars new stage: mirai no tomodachi,3,152,,プリキュアオールスターズNewStage_みらいのともだち
super mario world 2: yoshi's island,3,152,,スーパーマリオヨッシーアイランド
tokyo xanadu,3,152,,東亰ザナドゥ
hop step jumpers,3,152,,ホップステップジャンパーズ
sunfaded (idolmaster),3,152,,サンフェーデッド
fairytale police hoe department,3,152,,
under night in-birth exe:late[st],3,152,,夜の誕生のexe：late [st]
cherry pop (vocaloid),3,152,,チェリーポップ
tekkaman blade,3,152,,宇宙の騎士テッカマンブレード
lost ark,3,152,,命运方舟
shining blade,3,152,,シャイニング・ブレイド
apt. (rose & bruno mars),3,151,,
retrospective 53 minutes,3,151,,卯酉東海道
eden's ritter grenze,3,151,,エデンズリッターグレンツェ
shigofumi,3,151,,シゴフミ
mujin wakusei survive,3,151,uninhabited planet survive!,無人惑星サヴァイヴ
2010 fifa world cup,3,151,,2010FIFAワールドカップ
mega man battle network 5,3,151,,ロックマンエグゼ5
tombow mono,3,151,,MONO消しゴム
tengen toppa gurren lagann: parallel works,3,151,,グレンラガンパラレルワークス
silverlight,3,151,,シルバーライト
decadence (anime),3,151,,デカダンス
mahou shoujo kazumi magica,3,151,"kazumi magica,puella magi kazumi magica",魔法少女かずみ☆マギカ
arena of valor,3,151,"realm of valor,strike of kings",传说对决
cars (movie),3,151,,カーズ
bibbidiba (hololive),3,151,bibideba (hololive),ビビデバ
my emo crush,3,151,,
mortal kombat 11,3,150,,モータルコンバット11
koiiro soramoyou,3,150,,恋色空模様
dokidoki sister aoi-chan,3,150,,ドキドキしすたー♡葵ちゃん
fuurai no shiren,3,150,shiren the wanderer,風来のシレン
frozen soul,3,150,dream game,
perfume (takanashi kiara),3,150,,
shoujo rei (vocaloid),3,150,ghost girl (vocaloid),少女レイ
sony's spider-man universe,3,150,,スパイダーマン・ユニバース
akudama drive,3,150,,アクダマドライブ
to heart 2 xrated,3,150,,心に2 Xrated
panzer waltz,3,150,,鋼鉄のワルツ
wanmei shijie,3,150,,完美世界
the caves of steel,3,150,,こうてつとし
girlish number,3,150,,ガーリッシュナンバー
nijiyon,3,150,,にじよん
kono yuusha ga ore tueee kuse ni shinchou sugiru,3,150,,この勇者が俺TUEEEくせに慎重すぎる
miitopia,3,150,,ミートピア
tear ring saga,3,150,,ティアリングサーガ
domestic na kanojo,3,150,domestic girlfriend,ドメスティックな彼女
r-type,3,150,,アール・タイプ
demons roots (series),3,149,,
one piece film: z,3,149,,Z(ONEPIECEの映画)
pocket mirror,3,149,,ポケトミラプロジェクと
boku no risou no isekai seikatsu,3,149,,ボクの理想の異世界生活
rock wa lady no tashinami deshite,3,149,rock is a lady's modesty,ロックは淑女の嗜みでして
kingdom hearts 3d: dream drop distance,3,149,kingdom hearts 3d dream drop distance,キングダムハーツ3Dドリームドロップ距離
wake up girls! stage no tenshi,3,149,,ステージの天使
monster musume no oisha-san,3,149,,モンスター娘のお医者さん
sounan desuka?,3,149,,ソウナンですか?
joshi kousei,3,149,,女子高生─バカ軍団─
cube x cursed x curious,3,149,,シーキューブ
haks,3,149,,ヘクス
ecstas online,3,149,,エクスタス・オンライン
quilt (game),3,149,,きると
devil may cry (netflix),3,148,,デビルメイクライ(Netflix)
kikai sentai zenkaiger,3,148,,機界戦隊ゼンカイジャー
youkai watch 3,3,148,,妖怪ウォッチ3
full metal jacket,3,148,,フルメタルジャケット
mito and kaede,3,148,,ミトとカエデ
mirai akari's new virtual youtuber illustration contest,3,148,,ミライアカリイラコン新VTuber
da capo iii,3,148,,ダ・カーポIII
mugen no fantasia,3,148,,無限のファンタジア
phantasm,3,147,,
sankyuu pitch,3,147,strikeout pitch,サンキューピッチ
ohsama sentai king-ohger,3,147,,王様戦隊キングオージャー
the scream,3,147,,ムンク
tamagotchi plus,3,147,tamagotchi connection,たまごっちプラス
asgard,3,147,,アスガルド
joukamachi no dandelion,3,147,castle town dandelion,城下町のダンデライオン
sonic riders,3,147,,ソニックライダーズ
senjou no valkyria 4,3,147,,戦場のヴァルキュリア4
shouryuu senki tenmu,3,147,,昇龍戦姫天夢
sonic prime,3,147,,ソニックプライム
samurai jack,3,147,,サムライジャック
annie mei project,3,147,,アニー・メイプロジェクト
silver rain,3,147,,銀の雨
itoko no onee-chan ni amaechau?,3,146,,いとこのお姉ちゃんに甘えちゃう?
sonic the hedgehog 3 (movie),3,146,,映画ソニックxシャドウ
minna no rhythm tengoku,3,146,,みんなのリズム天国
eiyuu senki ww,3,146,,英雄戦姫WW
metroid prime 4: beyond,3,146,,メトロイドプライム4
beatmania iidx 20 tricoro,3,146,,
akujiki musume conchita (vocaloid),3,146,"beelzebub party (vocaloid),evil food eater conchita (vocaloid)",悪食娘コンチータ
fuwafuwa time,3,146,,フワフワの時間
kemeko deluxe,3,146,,ケメコデラックス!
futsuu no joshikousei ga locodol yattemita,3,146,,普通の女子校生が【ろこどる】やってみた。
prism magical,3,146,,プリズム魔法
tamatoys,3,146,,タマトイ
g-taste,3,146,,ジィ・テイスト
shukufuku no campanella,3,146,,祝福のカンパネラ
twitch plays pokemon,3,146,,Twitchはポケモンを演奏します
the bad guys (movie),3,146,,バッドガイズ
ultrakill,3,145,,ウルトラキル
dino crisis,3,145,,ディノクライシス
19 tian,3,145,19 days,19天
deepness (love live!),3,145,,
seihantai na kimi to boku,3,145,you and i are polar opposites,正反対な君と僕
disney princess,3,145,,ディズニープリンセス
ender magnolia bloom in the mist,3,145,,エンダーマグノリア
majime na kouhai kara kairaku zeme sareru nante kiitenai!,3,145,,真面目な後輩から快楽責めされるなんて聞いてない!
dancouga (series),3,145,,ダンスガ（シリーズ）
sakura dungeon,3,145,,サクラ・ダンジョン
ajin (sakurai gamon),3,145,,亜人(あじん)
hatsune miku no shoushitsu (vocaloid),3,145,the disappearance of hatsune miku (vocaloid),初音ミクの消失
j. league,3,145,,Jリーグ
mega man zero 4,3,145,,ロックマンゼロ4
gunparade march,3,145,,ガンパレード・マーチ
absolute duo,3,145,,アブソリュート・デュオ
mario & luigi: superstar saga,3,145,,マリオ&ルイージRPG
i do me! (love live!),3,145,,アイドゥーミー!
saint seiya: the lost canvas,3,145,,ロストキャンバス
mario kart wii,3,145,,マリオカートWii
kindaichi shounen no jikenbo,3,145,the kindaichi case files,金田一少年の事件簿
x-men origins: wolverine,3,145,,
grisaia battlefield barcarolle,3,145,,
noir (anime),3,145,,ノワール
date a live: date a bullet,3,145,,デート・ア・バレット
wagaya no oinari-sama,3,145,,我が家のお稲荷さま。
gouma reifuden izuna,3,145,,降魔霊符伝イヅナ
anemoi,3,144,,アネモイ
the king of fighters 2002,3,144,,ザ・キング・オブ・ファイターズ2002
nijigen project,3,144,,ニジゲンプロジェクト
natsumeki pain,3,144,,夏めきペイン
youkai watch jam: youkai gakuen y,3,144,,妖怪学園Y
circle of inevitability,3,144,,宿命之环
pixellink,3,144,,
clockwork rabbit,3,144,,時計仕掛けのウサギ
hige wo soru. soshite joshikousei wo hirou.,3,144,higehiro,ひげを剃る。そして女子高生を拾う。
ark survival evolved,3,144,,箱舟の生存が進化しました
shadow hearts ii,3,144,,シャドウハーツII
shinma x keishou! ragnabreak,3,144,,神魔×継承!ラグナブレイク
oretachi ni tsubasa wa nai,3,144,,俺たちに翼はない
kof: maximum impact,3,144,,KOFマキシマムインパクト
mega man 3,3,144,,ロックマン3
gakkou de seishun!,3,144,,gakkou de seishun！
hakuchu a la mode,3,144,,ハクチューアラモード
pokemon conquest,3,144,,ポケモン+ノブナガの野望
project nebula,3,144,,
gensokyo night festival,3,144,,
black beacon,3,144,,黑色信标
the legend of zelda: oracle of ages,3,144,,時空の章
renri no chigiri wo kimi to shiru,3,144,,連理の契りを君と知る
code geass: dakkan no roze,3,144,,コードギアス奪還のロゼ
jaws (movie),3,143,,ジョーズ
metal hero,3,143,,メタルヒーロー
playboy,3,143,,月刊プレイボーイ
boku no kanojo sensei,3,143,,僕のカノジョ先生
akiba's trip,3,143,,アキバズトリップ
mortal kombat 9,3,143,,モータルコンバット9
shiunji-ke no kodomotachi,3,143,the shiunji family children,紫雲寺家の子供たち
heroes of order,3,143,,
blazblue: continuum shift,3,143,,Blazblue：連続体シフト
chloris garden,3,143,,クロリス・ガーデン
music s.t.a.r.t!!,3,143,,音楽S.T.A.R.T !!
amakano 3,3,143,,アマカノ3
killing magician,3,143,,
neo-traditionalism of japan,3,143,,伊弉諾物質
haruru minamo ni!,3,143,,はるるみなもに!
h2o footprints in the sand,3,143,,エイチツーオーフットプリンツインザサンド
gokujou seitokai,3,143,,極上生徒会
yatagarasu (game),3,143,,ヤタガラス(格ゲー)
james cameron's avatar,3,142,,阿凡达
apocalypse hotel,3,142,,アポカリプスホテル
miku with you (vocaloid),3,142,,未来有你
sonic forces,3,142,,ソニックフォース
vcr gta,3,142,,gta3救急と鴉
girls und panzer gekitou! maginot-sen desu!!,3,142,,ガールズ&パンツァー激闘!マジノ戦ですっ!!
momotarou densetsu,3,142,,桃太郎伝説
devil may cry 1,3,142,,デビルメイクライ
tokyo ravens,3,142,,東京レイヴンズ
mad max: fury road,3,142,,怒りのデス・ロード
kaede to suzu,3,142,,楓と鈴
king of prism by prettyrhythm,3,142,,Prettyrhythmによるプリズムの王
soulcalibur iii,3,142,,ソウルキャリバーIII
solty rei,3,142,,ソルティレイ
saikyou ginga ultimate zero ~battle spirits~,3,142,,最強銀河究極ゼロ~バトルスピリッツ~
men in black,3,142,,メン・イン・ブラック
taketori monogatari,3,142,the tale of the bamboo cutter,竹取物語
high school dxd cross,3,142,,ハイスクールディーディークロス
erogos,3,142,,エロゴス
world's end dancehall (vocaloid),3,141,,ワールズエンド・ダンスホール
maou gakuin no futekigousha,3,141,the misfit of demon king academy,魔王学院の不適合者
the batman (2022),3,141,,ザバットマン
shin sangoku musou origins,3,141,dynasty warriors: origins,真・三國無双ORIGINS
ampere (love live!),3,141,,アンペア
teenage mutant ninja turtles (1987),3,141,teenage mutant ninja turtles (80s),旧亀
animate (company),3,141,,アニメイト
daihatsu,3,141,,ダイハツ
waka-chan wa kyou mo azatoi,3,141,,和歌ちゃんは今日もあざとい
blood-c,3,141,,血液-C
seifuku kanojo,3,141,,制服カノジョ
muchigaku,3,141,,【むちがく】
sonic forces: speed battle,3,141,,
yuuwaku namaiki lolita,3,141,,誘惑なまいきロリータ
act-age,3,141,,アクタージュ
katsugeki/touken ranbu,3,141,,活撃/刀剣乱舞
comiket 82,3,141,c82,コミケ82
bishoujo mangekyou: norowareshi densetsu no shoujo,3,141,,美少女万華鏡-呪われし伝説の少女-
orix buffaloes,3,141,,オリックス・バファローズ
scarz,3,141,,スカーツ
ikkitousen dragon destiny,3,141,,一騎当千Dragon_Destiny
dokyuu hentai hxeros,3,141,,ド級編隊エグゼロス
tamayura,3,141,,たまゆら
toushin toshi,3,140,,闘神都市
james bond (series),3,140,,ジェームズ・ボンド（シリーズ）
nikki up2u2: world traveller,3,140,,ニキ日記~世界旅行編~
the elder scrolls iii: morrowind,3,140,,ジ・エルダー・スクロールズスリー・モロウウィンド
shironagasu-tou e no kikan,3,140,,シロナガス島への帰還
langrisser ii,3,140,,ラングリッサーII
musou orochi,3,140,warriors orochi,無双OROCHI
yowamushi mont-blanc (vocaloid),3,140,,弱虫モンブラン
ultraman arc (series),3,140,,ウルトラマンアーク
m@gical cure! love shot! (vocaloid),3,140,magical cure love shot (vocaloid),
isekai wa smartphone to tomo ni.,3,140,,異世界はスマートフォンとともに。
gears of war,3,140,,ギアーズ・オブ・ウォー
hoshi wo miru hito,3,140,,星をみるひと
omoide no marnie,3,140,,思い出のマーニー
acfun,3,140,,A站
senyoku no sigrdrifa,3,140,warlords of sigrdrifa,戦翼のシグルドリーヴァ
shin sekaiju no meikyuu 2,3,139,,新・世界樹の迷宮2
bleach: the high school warfare,3,139,,
pokemon: the first movie - mewtwo strikes back,3,139,pokemon m01,ミュウツーの逆襲
flesh blood & concrete,3,139,,血肉与混凝土
iron lung (movie),3,139,,アイアン・ラング
gundam seed astray,3,139,,機動戦士ガンダムSEEDASTRAY
ghost of tsushima,3,139,,ゴーストオブツシマ
pretty rhythm dear my future,3,139,,プリティーリズム・ディアマイフューチャー
super robot wars judgement,3,139,,スーパーロボット大戦J
tama project,3,139,,たまぷろじぇくと
id : invaded,3,139,id :invaded,イド:インヴェイデッド
kengan (series),3,139,,ケンガン（シリーズ）
pocketland,3,139,,アバター化イラコン
morinaga (brand),3,139,,森永ホットケーキ擬人化
sly cooper (series),3,139,,
ichiban ushiro no daimaou,3,139,demon king daimao,いちばんうしろの大魔王
monogatari series puc puc,3,139,,〈物語〉シリーズぷくぷく
virtual ant channel,3,138,virtual anto channel,仮想アントチャネル
chitose-kun wa ramune bin no naka,3,138,,千歳くんはラムネ瓶のなか
gokushufudou,3,138,,極主夫道
girls creation,3,138,,ガールズクリエイション
guild cq,3,138,,ギルドCQ
world rally championship,3,138,,
captain america: the first avenger,3,138,,キャプテン・アメリカ/ザ・ファースト・アベンジャー
jubeat,3,138,,ユビート
avengers: age of ultron,3,138,,アベンジャーズ/エイジ・オブ・ウルトロン
mahou shoujo pretty sammy,3,138,,魔法少女プリティサミー
livejupiter (2channel),3,138,,なんJ
hanayori jyoshiryou,3,138,,花寄女子寮
mochipro,3,138,,もちぷろ
hypnosis mic: rule the stage,3,138,,ヒプステ
pixiv fantasia 2,3,138,,pixivファンタジアII
labyrinth of touhou (series),3,138,,東方の迷宮
re:lief ~shin'ai naru anata e~,3,138,,Re:LieF~親愛なるあなたへ~
7th dragon 2020-ii,3,138,,セブンスドラゴン2020-II
ishida to asakura,3,138,,石田とあさくら
comiket 83,3,138,c83,コミケ83
with you,3,138,,With_You_~みつめていたい~
winged fusiliers,3,138,,翼のあるフュージリア
koikishi purely kiss,3,138,,恋騎士PurelyKiss
fii-tan the figure,3,138,,fii-tan図
venus blade,3,138,,ヴィーナス†ブレイド
kirby: right back at ya!,3,137,kirby: right back at ya,星のカービィ(アニメ)
black myth: wukong,3,137,,黑神话:悟空
shinra-bansho (circle),3,137,,森羅万象
magicami,3,137,,マジカミ
macne series,3,137,,Mac音シリーズ
dead rising,3,137,,デッドライジング
ashita no joe,3,137,tomorrow's joe,あしたのジョー
thunderbolts (movie),3,137,,サンダーボルツ*
castlevania: nocturne,3,137,,
holohoneygaoka koukou,3,137,,ほろはにヶ丘高校
dungeon de ohanatsumi nanka yurushimasen!!,3,137,,ダンジョンでお花摘みなんか許しません!!
sakura photograph (idolmaster),3,137,,桜フォトグラフ
power stone,3,137,,パワーストーン
kami-sama no memo-chou,3,137,,神様のメモ帳
koiiro byoutou (vocaloid),3,136,love-colored ward (vocaloid),恋色病棟
mount celeb kaneda-san,3,136,,マウントセレブ金田さん
resident evil 7: biohazard,3,136,resident evil 7,バイオハザード7
demonherd,3,136,,
sket dance,3,136,,スケットダンス
aozora jumping heart,3,136,,青空Jumping_Heart
the first take,3,136,,
starless,3,136,,スターレス
neko musume michikusa nikki,3,136,,ねこむすめ道草日記
saimin seishidou,3,136,,催眠性指導
terra battle,3,136,,テラバトル
super robot wars z1,3,136,,スーパーロボット大戦Z
boukun habanero,3,136,,暴君ハバネロ
trigger heart exelica,3,135,,リガーハートエグゼリカ
mahou no princess minky momo,3,135,,魔法のプリンセスミンキーモモ
crymachina,3,135,,クライマキナ
makai senki disgaea 7,3,135,,魔界戦記ディスガイア7
mad rat dead,3,135,,マッドラットデッド
mega man x5,3,135,,ロックマンX5
mahou girls precure!! ~mirai days~,3,135,"maho girls pretty cure!! ~mirai days~,maho girls pretty cure ~mirai days~,mahou girls pretty cure!! ~mirai days~,mahou girls pretty cure ~mirai days~,mahou tsukai pretty cure!! ~mirai days~,mahou tsukai pretty cure ~mirai days~,mahoutsukai pretty cure!! ~mirai days~,mahoutsukai pretty cure ~mirai days~,witchy precure!! ~mirai days~,witchy precure ~mirai days~,witchy pretty cure!! ~mirai days~,witchy pretty cure ~mirai days~",魔法つかいプリキュア!!~MIRAIDAYS~
the birth of venus,3,135,,ヴィーナスの誕生
ryuu ga gotoku 8,3,135,like a dragon: infinite wealth,龍が如く8
holiday holiday (tenko) (love live!),3,135,,
mazinkaiser,3,135,,マジンカイザー
netflix,3,135,,ネットフリックス
reminiscence,3,135,,レミニセンス
space jam,3,135,,スペース・ジャム
tarzan (disney movie),3,135,,ターザン
akatsuki no kiseki,3,135,,曉の軌跡
honkai: nexus anima,3,135,,崩坏:因缘精灵
street fighter ex (series),3,135,,ストリートファイターEX
digimon adventure: (2020),3,135,digimon adventure:,デジモンアドベンチャー:
alia's carnival!,3,135,,アリアズ*カーニバル!
ikazuchi no senshi raidy,3,135,,雷の戦士ライディ
soukou senki prism shine,3,135,,装甲戦姫プリズムシャイン
high score girl,3,135,,ハイスコアガール
dance in the vampire bund,3,135,,ダンスインザヴァンパイアバンド
koshotengai no hashihime,3,135,,古書店街の橋姫
potemayo,3,135,,ぽてまよ
utakata,3,135,,うた∽かた
prismplus,3,135,,プリズムプラス
treasure cafe,3,134,,まのさば江の島コラボ
omariposa,3,134,,
amatsutsumi,3,134,,アマツツミ
ultraman geed (series),3,134,,ウルトラマンジード
koutetsu jeeg,3,134,,鋼鉄ジーグ
godzilla minus one,3,134,,ゴジラ-1.0
amano megumi wa suki darake!,3,134,,天野めぐみはスキだらけ!
heartsync,3,134,,
sakigake!! cromartie koukou,3,134,,魁!!クロマティ高校
gundam exa,3,134,,ガンダムEXA
detective pikachu (movie),3,134,,名探偵ピカチュウ
ikoku meiro no croisee,3,134,,異国迷路のクロワーゼ
bloodline,3,134,,血族BLOODLINE
gugure! kokkuri-san,3,134,,繰繰れ!コックリさん
hellsing: the dawn,3,134,,ヘルシング：夜明け
nikushoku jk mantis akiyama,3,134,,肉食JKマンティス秋山
hentai kamen,3,134,,変態仮面
kyonyuu fantasy,3,134,,巨乳ファンタジー
riviera,3,134,,約束の地リヴィエラ
stardust project,3,134,,StarDust星云社
doki doki majo shinpan,3,134,,どきどき魔女神判
fitness boxing,3,134,,フィットボクシング
kuromukuro,3,134,,クロムクロ
comic tenma,3,134,,コミックテンマ
dissidia final fantasy opera omnia,3,134,,オペラオムニア
anastasia (1997),3,133,,
grand blue,3,133,,ぐらんぶる
gamera (series),3,133,,ガメラ
batman: the animated series,3,133,,バットマンアニメ
dr.latency's freak report,3,133,,燕石博物誌
road to ninja: naruto the movie,3,133,naruto: road to ninja,ロード・トゥ・ニンジャ
shoujo kakumei utena adolescence mokushiroku,3,133,"adolescence of utena,revolutionary girl utena adolescence apocalypse,revolutionary girl utena the movie",少女革命ウテナアドゥレセンス黙示録
anne happy,3,133,,あんハピ♪
brave new world (webtoon),3,133,,すばらしき新世界
crazy ones,3,133,,シンギュラリティ×ラブストーリー
1hp club,3,133,,
isekai meikyuu de harem wo,3,133,,異世界迷宮でハーレムを
horizon zero dawn,3,133,,ホライゾンゼロドーン
basilisk (manga),3,133,,バジリスク
seirei tsukai no blade dance,3,133,,精霊使いの剣舞
gamers!,3,133,,ゲーマーズ!
tenshi no 3p!,3,133,angel's 3piece!,天使の3P!
16bit sensation,3,133,,16bitセンセーション
girls bravo,3,133,,GIRLSブラボー
canvas 2,3,133,,Canvas2~茜色のパレット~
macross zero,3,133,,マクロスゼロ
incise soul,3,133,,魂を積みます
ranma 1/2 kessen tougenkyou! hanayome wo torimodose!,3,132,,決戦桃幻郷!花嫁を奪りもどせ!!
kirby & the amazing mirror,3,132,kirby and the amazing mirror,星のカービィ鏡の大迷宮
persona 3 the answer,3,132,persona 3 episode aigis,エピソードアイギス
demon days (marvel),3,132,,
angelic layer,3,132,,エンジェリックレイヤー
ultraman trigger (series),3,132,,ウルトラマントリガー
senpai wa otokonoko,3,132,,先輩はおとこのこ
umamusume: star blossom,3,132,,スターブロッサム
young justice,3,132,,ヤング・ジャスティス
chinese mythology,3,132,,中国神话
steins;gate: my darling's embrace,3,132,,
tomodachi no imouto ga ore ni dake uzai,3,132,,友達の妹が俺にだけウザい
avataro sentai donbrothers,3,132,,暴太郎戦隊ドンブラザーズ
ikea,3,132,,イケア
full service (mazjojo),3,132,,フルサービス（Mazjojo）
kirby: squeak squad,3,132,kirby squeak squad,星のカービィ_参上!ドロッチェ団
camp buddy: scoutmaster season,3,132,,
hoshi ori yume mirai,3,132,,星織ユメミライ
crusaders quest,3,132,,クルセイダークエスト
super robot wars alpha,3,132,,
senjou no electro girl,3,132,,戦場のエレクトロガール
bokurano,3,132,,ぼくらの
diablo 3,3,132,,ディアブロ3
sq (series),3,132,tamen de gushi,SQ_君の名前から始まる
gakuen basara,3,132,,学園BASARA
fl studio,3,132,,FLスタジオ
saw (movie),3,131,,ソー（映画）
jimmy neutron (series),3,131,,ジミー・ニュートロン
ultimate nipper,3,131,,究極のニッパー
gokurakugai,3,131,,極楽街
prototype (game),3,131,,プロトタイプ（ゲーム）
tsui no sora (remake),3,131,,終ノ空remake
popful mail,3,131,,ぽっぷるメイル
zootopia 2,3,131,,ズートピア2
milk inside a bag of milk inside a bag of milk,3,131,milk outside a bag of milk outside a bag of milk,
monty python,3,131,,モンティ・パイソン
ed edd n eddy,3,131,,エドエッドエディ
kidou senkan nadesico - prince of darkness,3,131,,機動戦艦ナデシコ-The_prince_of_darkness-
akuyaku reijou tensei ojisan,3,131,from bureaucrat to villainess: dad's been reincarnated!,悪役令嬢転生おじさん
anne of green gables,3,131,,赤毛のアン
uchuu kaizoku captain harlock,3,131,,キャプテンハーロック
ore no nounai sentakushi ga gakuen love-comedy wo zenryoku de jama shiteiru,3,131,,俺の脳内選択肢が、学園ラブコメを全力で邪魔している
warioware: get it together!,3,131,,おすそわけるメイドインワリオ
sengoku koihime ~otome kenran sengoku emaki~,3,131,,戦国†恋姫
girl's avenue,3,131,,女の子の通り
miffy,3,130,,ミッフィー
battletech,3,130,,バトルテック
riichi city,3,130,,麻雀一番街
phony (cevio),3,130,,フォニイ
nijisanji gta,3,130,,にじさんじGTA
norse mythology,3,130,,北欧神話
koushinism,3,130,,恒心教
buta koushaku,3,130,,豚公爵に転生したから、今度は君に好きと言いたい
togainu no chi,3,130,,咎狗の血
mimi wo sumaseba,3,130,"mimi o sumaseba,whisper of the heart",耳をすませば
godzilla (2014),3,130,,GODZILLA_ゴジラ
lv2 kara cheat datta moto yuusha kouho no mattari isekai life,3,130,chillin' in another world with level 2 super cheat powers,Lv2からチートだった元勇者候補のまったり異世界ライフ
deadman wonderland,3,130,,デッドマンワンダーランド
code geass: genesic re;code,3,130,,コードギアスGenesic_Re;CODE
noein,3,130,,ノエイン
meshimase idol,3,130,,召しませアイドル
shining star,3,130,,シャイニングスター
sword oratoria,3,130,,ソード・オラトリア
isshuukan friends,3,130,,一週間フレンズ
square live,3,130,,スクエアライブ
cat's eye,3,129,,キャッツ・アイ
boku no kanojo wa ningyohime!?,3,129,,僕の彼女は人魚姫!?
turning red,3,129,,私ときどきレッサーパンダ
romeo and juliet,3,129,,ロミオとジュリエット
fantastic beasts and where to find them,3,129,,ファンタスティック・ビーストと魔法使いの旅
abenobashi mahou shoutengai,3,129,magical shopping arcade abenobashi,アベノ橋魔法☆商店街
dragon poker,3,129,,ドラゴンポーカー
comiket 72,3,129,c72,コミケ72
friendly rivalry,3,129,,善意的竞争
gradius,3,129,,グラディウス
neo ranga,3,129,,ネオランガ
demons roots,3,129,,デモンズルーツ
saint october,3,129,,セイントオクトーバー
sword art online: hollow fragment,3,129,,ホロウ・フラグメント
princess royale,3,129,,プリンセスロワイヤルイラストコンテスト
yojouhan shinwa taikei,3,129,,四畳半神話大系
megazone 23,3,129,,メガゾーン23
mamonomusume to no seikatsu ~ramia no baai~,3,129,,魔物娘との性活~アルラウネの場合~
hardcore tano-c,3,128,hardcore tano c,たのあーと
tomie,3,128,,富江
mortal kombat x,3,128,,モータルコンバットX
kakuchou shoujo-kei trinary,3,128,,拡張少女系トライナリー
ganso! bang dream chan,3,128,,元祖!バンドリちゃん
sonic racing: crossworlds,3,128,,ソニックレーシング_クロスワールド
awoke (love live!),3,128,,
otogi frontier,3,128,,オトギフロンティア
circus (studio),3,128,,サーカス（スタジオ）
blue dragon,3,128,,ブルードラゴン
blue period,3,128,,ブルーピリオド
muv-luv unlimited: the day after,3,128,muvluv unlimited: the day after,マブラヴアンリミテッドザ・デイアフター
isekai quartet,3,128,,異世界かるてっと
kengan ashura,3,128,,ケンガンアシュラ
blazblue phase 0,3,128,,Blazblueフェーズ0
hi-fi rush,3,128,,
vandread,3,128,,ヴァンドレッド
asobi asobase,3,128,,あそびあそばせ
karin (manga),3,128,,かりん(漫画)
pixiv fantasia 1,3,128,,pixivファンタジア
cyber v,3,128,,サイバーv
cantarella (vocaloid),3,127,,カンタレラ
musekinin shuugoutai (synthesizer v),3,127,,ム責任集合体
calbee (potato chips),3,127,,カルビー
mega man 8,3,127,,ロックマン8
kirby's dream land 2,3,127,,星のカービィ2
need for speed,3,127,,ニード・フォー・スピード
the truman show,3,127,,トゥルーマン・ショー
monster hunter 3 g,3,127,,モンスターハンター3(トライ)G
1925 (vocaloid),3,127,,1925（ボーカロイド）
kurai ano ko to shitai koto,3,127,,くらいあの子としたいこと
tomb raider (reboot),3,127,,トゥームレイダー（再起動）
strange eden,3,127,,ストレンジエデン
silent hill 4: the room,3,127,silent hill 4,サイレントヒル4
prism recollection!,3,127,,プリズム◇リコレクション!
ginga ojou-sama densetsu yuna,3,127,,銀河お嬢様伝説ユナ
angel blade,3,127,,エンジェルブレイド
castle of cagliostro,3,127,,カリオストロの城
dive to zone,3,127,,DIVE_TO_ZONeイラコン
makai shin trillion,3,127,,魔壊神トリリオン
no-rin,3,127,,のうりん
marumaru no shuyaku wa wareware da!,3,127,,〇〇の主役は我々だ!
towako (akane shinsha),3,127,,永遠娘
angel chromosome xx,3,127,,使徒XX
clover point,3,127,,クローバーポイント
space maria,3,127,,スペースマリア
venus eleven vivid!,3,127,,ビーナスイレブンびびっど!
ginga hyouryuu vifam,3,127,,バイファム
rapunzel's tangled adventure,3,127,tangled: the series,ラプンツェルザシリーズ
the noexistencen of you and me,3,127,,存在/しないあなた、と私
phantom busters,3,126,,ファントムバスターズ
kingdom hearts iv,3,126,,キングダムハーツ4
hibana (vocaloid),3,126,,ヒバナ
parodius,3,126,,パロディウス
loona (group),3,126,,今月の少女
sonic the fighters,3,126,,ソニック・ザ・ファイターズ
chouon senshi borgman,3,126,,超音戦士ボーグマン
hiroshima touyou carp,3,126,,広島東洋カープ
gokukoku no brynhildr,3,126,,極黒のブリュンヒルデ
coeiroink,3,126,,
memories off 1,3,126,,オフの思い出1
homestay a la mode,3,126,,
ace combat 04,3,126,,エースコンバット04
captain america: civil war,3,126,,シビル・ウォー/キャプテン・アメリカ
food court de mata ashita,3,126,see you tomorrow at the food court,フードコートで、また明日。
famitsu,3,126,,ファミ通
ookami game (studio wasabi),3,126,"okami game (werewolf),werewolf game (studio wasabi),wolf game (studio wasabi)",狼ゲーム
stratos 4,3,126,,ストラトス・フォー
violet (ninomae ina'nis),3,126,,バイオレット（ninomae ina'nis）
kitanai kimi ga ichiban kawaii,3,126,,きたない君がいちばんかわいい
genmukan,3,126,,幻夢館~愛欲と凌辱の淫罪~
ice scream,3,125,,アイス・スクリーム
the boondocks,3,125,,ブーンドックス
robin hood (disney movie),3,125,,ロビン・フッド(ディズニー)
kirby's dream land,3,125,,星のカービィ
marriagetoxin,3,125,,マリッジトキシン
shin kouchuu ouja mushiking,3,125,,新甲虫王者ムシキング
atsumare! fushigi kenkyuubu,3,125,,あつまれ!ふしぎ研究部
ogami tsumiki to ki nichijou,3,125,,尾守つみきと奇日常。
aniplex,3,125,,アニプレックス
gira gira,3,125,,ギラギラ
koukaku no regios,3,125,,鋼殻のレギオス
milihime taisen,3,125,,ミリ姫大戦
gwent (game),3,125,,グウェント
fate trigger: the novita,3,125,,白厄戰境
journey,3,125,,風ノ旅ビト
fushigi yuugi,3,125,,ふしぎ遊戯
zenonzard,3,125,,ゼノンザード
kaze tachinu,3,125,,風立ちぬ
date a live: rinne utopia,3,125,,デート・ア・ライブ凜祢ユートピア
choujuushin gravion,3,125,,超重神グラヴィオン
pumpkin scissors,3,125,,パンプキン·シザーズ
v yuusha no kuse ni namaiki da r,3,125,no heroes allowed! vr,V!勇者のくせになまいきだR
yuba no shirushi,3,125,,ユバのしるし
pixiv azriel,3,125,,【ぴくAZ】
otoca d'or,3,125,,オトカドール
uq holder!,3,125,,ユーキューホルダー!
kakkou no iinazuke,3,125,,カッコウの許嫁
mahou shoujo taisen,3,125,magica wars,魔法少女大戦
prism ark,3,125,,プリズムアーク
orguss,3,125,,オーガス
kenkon no washi,3,125,,乾坤の鷲
one piece heroines,3,124,,
otorimonogatari,3,124,,囮物語
needy girl overdose (anime),3,124,,
gundam side story: the blue destiny,3,124,,機動戦士ガンダム外伝THEBLUEDESTINY
ura-omote lovers (vocaloid),3,124,"two-faced lovers (vocaloid),two-sided lovers (vocaloid)",裏表ラバーズ
ambitious mission,3,124,,
re:zero kara kasaneru isekai seikatsu,3,124,,カサネル
grand theft auto: san andreas,3,124,,グランドセフトオートSA
yotsuba no senki clover rose,3,124,,四葉の戦姫クローバーローゼ
tokidoki bosotto roshia-go de dereru tonari no alya-san puzzle party!,3,124,,時々ボソッとロシア語でデレる隣のアーリャさん_パズルパーティ!
pokemon 3: the movie - spell of the unown: entei,3,124,pokemon m03,結晶塔の帝王
ghost in the shell: sac 2045,3,124,koukaku kidoutai: sac 2045,攻殻機動隊SAC_2045
aoki ryuusei spt layzner,3,124,blue comet spt layzner,蒼き流星SPTレイズナー
hollow song of birds,3,124,,東方真珠島
new pokemon snap,3,124,,Newポケモンスナップ
windows 2000,3,124,,
girls x vampire,3,124,,ガールズ×ヴァンパイア
jingai makyou,3,124,,塵骸魔京
unhappy refrain (vocaloid),3,124,,アンハッピーリフレイン
honey and clover,3,124,,ハチミツとクローバー
sora no kanata no dystopia x shitei,3,124,,穹ノ彼方の錬星郷
making lovers,3,124,,メイキング・ラバーズ
stellar blade: blood rain,3,123,,剑星血雨
mirumo de pon!,3,123,,ミルモでポン!
don't starve,3,123,,ドント・スターブ
hololive error,3,123,,ホロライブエラー
ichigeki sacchuu!! hoihoi-san,3,123,,一撃殺虫!!ホイホイさん
princess crown,3,123,,プリンセスクラウン
obenkyou shitoiteyo,3,123,,お勉強しといてよ
tsuyaza no tengu,3,123,,
chiccha na watashi (synthesizer v),3,123,,ちっちゃな私
sentai daishikkaku,3,123,"go! go! loser ranger!,ranger reject",アニメ戦隊大失格
doushitara osananajimi no kanojo ni naremasu ka!?,3,123,how do i turn my best friend into my girlfriend?,どうしたら幼馴染の彼女になれますか!?
tobaku haouden zero,3,123,,賭博覇王伝零
smooooch,3,123,,smooooch・∀・
serial experiments lain (ps1 game),3,123,,
youkai hyakki-tan!,3,123,,妖怪百姫たん!
toraware no kami-sama to tabi no shoujo,3,123,,
towelket wo mou ichido,3,123,,タオルケットをもう一度
300 (movie),3,123,,スリーハンドレッド
huayangshan jishi,3,123,,华阳山记事
kamikaze explorer!,3,123,,カミカゼ☆エクスプローラー!
the legend of vox machina,3,122,critical role: campaign i,
oyasumi punpun,3,122,,おやすみプンプン
callsign: cedar,3,122,codename: cedar,雪松
tenkaichi nihon saikyou bugeisha ketteisen,3,122,,テンカイチ
boyfriend to death,3,122,,
mahou shoujo site,3,122,magical girl site,魔法少女サイト
contrast (idolmaster),3,122,,コントラスト
wolf's rain,3,122,,ウルフズレイン
alpaca connect,3,122,,アルパカコネクト
fearless night,3,122,,大胆不敵な夜
godzilla x kong: the new empire,3,122,,ゴジラxコング
tokimeki memorial girl's side 2nd kiss,3,122,,ときめきメモリアルgs2
blazblue: calamity trigger,3,122,,Blazblue：Calamity Trigger
steelblue mirage,3,122,,蒼青のミラージュ
metroid (classic),3,122,,メトロイド(ファミコン)
hua jianghu zhi bei mo ting,3,122,,画江湖
the legend of zelda: four swords,3,122,,ゼルダの伝説4つの剣
tales of crestoria,3,122,,テイルズオブクレストリア
phantasy star portable 2 infinity,3,121,,ファンタシースターポータブル2インフィニティ
kirby's star stacker,3,121,kirby's super star stacker,カービィのきらきらきっず
hanamonogatari,3,121,,花物語
otome kaibou (vocaloid),3,121,otome dissection (vocaloid),乙女解剖
jojo no kimyou na bouken: eyes of heaven,3,121,,ジョジョの奇妙な冒険アイズオブヘブン
girls' generation,3,121,,少女時代
lost sword: tales of britania,3,121,,遺忘之劍
live union,3,121,,ライブユニオン
bakemono no ko,3,121,the boy and the beast,バケモノの子
sergestid shrimp in tungkang,3,121,,初夏的東港之櫻
black rock shooter: dawn fall,3,121,,ブラック★★ロックシューターDAWN_FALL
euphoria (clockup),3,121,,ユーフォリア
the last supper,3,121,,最後の晩餐
grisaia phantom trigger,3,121,,グリザイア:ファントムトリガー
kaku-san-sei million arthur,3,121,,拡散性ミリオンアーサー
tokyo necro suicide mission,3,121,,凍京NECRO_SUICIDE_MISSION
chunichi dragons,3,121,,中日ドラゴンズ
kagaminomachi no kaguya,3,121,,鏡野町のカグヤ
i became a god in a horror game,3,121,,我在惊悚游戏里封神
kirisame ga furu mori,3,121,,霧雨が降る森
bernard-jou iwaku.,3,121,,バーナード嬢曰く。
tsuki wa higashi ni hi wa nishi ni,3,121,,月は東に日は西に
cryamore,3,121,,クリアモア
sutare yume,3,121,obsolete dream,廃れ夢
hirake! ponkikki,3,121,,ポンキッキ
codename wa sailor v,3,121,codename: sailor v,コードネームはセーラーV
silent hill 1,3,121,,サイレントヒル
kaette kita ultraman,3,121,return of ultraman,帰ってきたウルトラマン
neon genesis evangelion gakuen datenroku,3,121,,学園堕天禄
seventeen (group),3,120,,
samurai sentai shinkenger,3,120,,侍戦隊シンケンジャー
witch's island,3,120,,
gatchaman,3,120,battle of the planets,科学忍者隊ガッチャマン
kamikakushi no eden,3,120,,神隠しの楽園
umihara kawase,3,120,,海腹川背
zesshaka! shiritsu yotsuwa joshi gakuin zetsumetsu kigu-sha gakka,3,120,,ぜっしゃか
internet survivor,3,120,,インターネットサバイバー
comptiq,3,120,,コンプティーク
trinity blood,3,120,,トリニティ・ブラッド
dame x prince,3,120,,ダメプリ
jaku-chara tomozaki-kun,3,120,,弱キャラ友崎くん
guild wars (series),3,120,,ギルドウォーズ
pink bitch club,3,120,,
hajimari wa kimi no sora,3,120,,始まりは君の空
otokonoko ni nacchatta joshikousei,3,120,,男の子になっちゃった女子高生
toaru kagaku no accelerator,3,120,,トゥアル・カガクはアクセラレータなし
dororon enma-kun,3,120,,ドロロンえん魔くん
phantom of inferno,3,120,,Phantomシリーズ
wild flower,3,120,,野生の花
disney fairies,3,120,,ディズニーフェアリーズ
shining musume,3,120,,シャイニング娘。
aharen-san wa hakarenai,3,120,aharen-san is indecipherable,阿波連さんははかれない
sasami-san@ganbaranai,3,120,,ささみさん@がんばらない
hentai elf to majime orc,3,120,,変態エルフと真面目オーク
ao oni,3,119,,青鬼(フリーゲーム)
tako takover (ninomae ina'nis),3,119,,
metroid prime 1,3,119,metroid prime remastered,メトロイドプライム
densetsu no yuusha no densetsu,3,119,,伝説の勇者の伝説
teen titans go!,3,119,,ティーンタイタンズGO!
rune factory 1,3,119,,ルーンファクトリー1
unionism quartet,3,119,,ユニオリズム・カルテット
phantom of the opera,3,119,,オペラ座の怪人
abbey road,3,119,,アビーロード
empty x embryo,3,119,,空のx胚
courage the cowardly dog,3,119,,おくびょうなカーレッジくん
hello planet (vocaloid),3,119,,*ハロー、プラネット。
amakano,3,119,,アマカノ
raving rabbids,3,119,,ラビッツ・パーティー
neko no ongaeshi,3,119,,猫の恩返し
kamen rider x (series),3,119,,仮面ライダーX
hitozukiai ga nigate na miboujin no yukionna-san to noroi no yubiwa,3,119,the lonely snow widow and the cursed ring,人付き合いが苦手な未亡人の雪女さんと呪いの指輪
raramagi,3,119,,ららマジ
kono naka ni hitori imouto ga iru!,3,119,,この中に1人、妹がいる!
otona no moeoh,3,119,,おとなの萌王
arms note,3,119,,アームズノート
toward the terra,3,119,,地球へ...
melancholic (vocaloid),3,119,,メランコリック
attouteki yuugi mugen souls,3,119,,圧倒的遊戯ムゲンソウルズ
jerma985,3,119,,
grimgrimoire,3,119,,グリムグリモア
joker game,3,119,,ジョーカー・ゲーム
magna carta,3,119,,マグナカルタ
uchi no maid ga uzasugiru!,3,119,,うちのメイドがウザすぎる!
dora the explorer,3,118,,ドーラといっしょに大冒険
magicorps (alterkyon),3,118,,
million production,3,118,,ミリプロ
feiren zai,3,118,,非人哉
himawari no kyoukai to nagai natsuyasumi,3,118,,向日葵の教会と長い夏休み
outer wilds,3,118,,アウターワイルズ
kiss x sis,3,118,,キスシス
tetsujin 28-gou,3,118,,鉄人28号
the citadel,3,118,,
the milkmaid,3,118,,牛乳を注ぐ女
yunyun denpa syndrome,3,118,,ゆんゆん電波シンドローム
page of lambda,3,118,,ラムダ創作の書
watashi no tame ni nuginasai!,3,118,,わたしのために脱ぎなさいっ!
akai ito,3,118,,アカイイト
daiakuji,3,118,,大悪司
stranger things,3,118,,ストレンジャー・シングス
torikissa!,3,118,,とりきっさ!
aoi hana,3,118,,aoi hana
keijo!!!!!!!!,3,118,,競女
koukaku no pandora,3,118,,紅殻のパンドラ
gankutsuou,3,118,,巌窟王
ng knight lamune & 40,3,118,,NG騎士ラムネ&40
kawaikereba hentai demo suki ni natte kuremasu ka?,3,118,,可愛ければ変態でも好きになってくれますか?
mega man battle network (anime),3,118,,
sora no kiseki sc,3,117,trails in the sky sc,
fields of mistria,3,117,,フィールズオブミストリア
ghost rider (series),3,117,,
refrain no chika meikyuu to majo no ryodan,3,117,labyrinth of refrain: coven of dusk,ルフランの地下迷宮と魔女ノ旅団
tiger division,3,117,,
rise up high! (love live!),3,117,,
american dad!,3,117,,アメリカン・ダッド
dungeons & dragons: chronicles of mystara,3,117,"dungeons & dragons: shadow over mystara,dungeons & dragons: tower of doom",タワーオブドゥーム
tsukiatte agetemo ii kana,3,117,,付き合ってあげてもいいかな
echoes of vision,3,117,,异象回声
genji tsuushin agedama,3,117,,ゲンジ通信あげだま
arcturus,3,117,,アークトゥルス
shiawasena neet no sodatekata,3,117,,幸せなニートの育て方
ophelia (painting),3,117,,ミレーのオフィーリア
the devil and s-13,3,117,,
lost technology,3,117,,失われたテクノロジー
darling dance (vocaloid),3,117,,ダーリンダンス
pandora party project,3,117,,パンドラパーティープロジェクト
ragnarok origin,3,117,,ラグオリレポート
7th dragon iii,3,117,,セブンスドラゴンIII
valkyrie drive -siren-,3,117,,ヴァルキリードライヴセイレーン
taiyou no kiba dougram,3,117,,太陽の牙ダグラム
otome youkai zakuro,3,117,,おとめ妖怪ざくろ
paryi project,3,117,,ぱりぷろ
bendy and the ink machine,3,116,,ベンディ・アンド・インクマシーン
the king of fighters 2000,3,116,,ザ・キング・オブ・ファイターズ2000
cardcaptor sakura: memory key,3,116,,カードキャプターさくら:思い出の鍵
power pro-kun pocket 9,3,116,,パワポケ9
comiket 78,3,116,c78,コミケ78
dragon age 2,3,116,,ドラゴンエイジ2
the memories of phantasm,3,116,,幻想万華鏡
dodonpachi saidaioujou,3,116,,怒首領蜂最大往生
kara no shoujo,3,116,,殻ノ少女
project diva x,3,116,,Project Diva x
never gonna give you up,3,116,,ギヴ・ユー・アップ
futatsu no mokuba (kikuo),3,116,,ふたつの木馬
pocahontas (movie),3,116,,ポカホンタス(ディズニー)
viper rsr,3,116,,Viper RSR
endless monday: dreams and deadlines,3,116,,EndlessMonday500users入り
kishibe rohan wa ugokanai,3,116,,岸辺露伴は動かない
choo choo train,3,116,,チューチュートレイン
motto! haramase! honoo no oppai chou ero appli gakuen!,3,116,,もっと!孕ませ!炎のおっぱい超エロ♡アプリ学園!
viprpg,3,116,,VIPRPG
youkoso! sukebe elf no mori e,3,116,,ようこそ!スケベエルフの森へ
elemental gelade,3,116,,エレメンタルジェレイド
gad guard,3,116,,ガドガード
ji peng gou you,3,116,,雪山游泳馆
shocking party,3,116,,衝撃的なパーティー
shin no nakama janai to yuusha no party wo oidasareta no de henkyou de slow life suru koto ni shimashita,3,116,banished from the hero's party i decided to live a quiet life in the countryside,真の仲間
sei zenra jogakuen,3,116,,聖全裸女学園
mikagura gakuen kumikyoku,3,116,,ミカグラ学園組曲
buta no liver wa kanetsu shiro,3,116,butareba: the story of a man turned into a pig,豚のレバーは加熱しろ
gakkou no kaidan (anime),3,116,,学校の怪談
taimadou gakuen 35 shiken shoutai,3,116,,対魔導学園35試験小隊
puyopuyo 7,3,116,,ぷよぷよ7
kamen rider amazon (series),3,115,,仮面ライダーアマゾン
sd gundam gaiden,3,115,,SDガンダム外伝
domino's pizza,3,115,,ドミノピザ
dune (series),3,115,,デューン/砂の惑星
private room 2,3,115,,
sogna,3,115,,ソ二ヤ
mega man x2,3,115,,ロックマンX2
ghost rule (vocaloid),3,115,,ゴーストルール
k-on! high school,3,115,,けいおん!highschool
wario land 4,3,115,,ワリオランドアドバンス
kuma kuma kuma bear,3,115,,くまクマ熊ベアー
kubo-san wa mob wo yurusanai,3,115,,久保さんは僕(モブ)を許さない
futurama,3,115,,フューチュラマ
shinobi nightmare,3,115,,シノビナイトメア
sengoku koihime,3,115,,戦国†恋姫
brigadoon,3,115,,ブリガドーン
lunar 2: eternal blue,3,115,,ルナエターナルブルー
halloween (movie),3,114,,ハロウィン(映画)
anima yell!,3,114,,アニマエール
gujian qitan (series),3,114,,古劍奇譚
v-lup,3,114,,
windows 11,3,114,,
gaiking,3,114,,ガイキング
koutsugou semi-friend,3,114,,好都合セミフレンド
comiket 80,3,114,c80,コミケ80
where's wally?,3,114,where's wally,ウォーリーをさがせ!
synduality,3,114,,シンデュアリティ
dinosaur king,3,114,,恐竜キング
kokoro yohou (eve),3,114,,心予報
star gladiator,3,114,,スターグラディエイター
slayers try,3,114,,スレイヤーズTRY
suketto sanjou!,3,114,,助っ人参上!!
project luminasys,3,114,,プロジェクトLuminasys
teamfight tactics,3,114,,チームファイトの戦術
soushisouai lolita,3,114,,相思相愛ロリータ
koumajou densetsu 1,3,114,touhouvania 1,Koumajou densetsu 1
tasokare hotel,3,114,,誰ソ彼ホテル
momoiro taisen pairon,3,114,,桃色大戦ぱいろん
aoi shiro,3,114,,アオイシロ
saibai shounen,3,114,mandrake boys,栽培少年
heroes of the storm,3,114,,嵐のヒーロー
aliens (1986),3,114,,エイリアン2
luminous arc 2,3,114,,ルミナスアーク2
cyberlive,3,114,,サイバーライブ
busou shoujo machiavellism,3,114,,武装少女マキャヴェリズム
cloud9,3,114,,クラウド9
osawari tantei,3,114,touch detective,おさわり探偵小沢里奈
sucker for love,3,114,,愛の吸盤
kirby's dream buffet,3,114,,カービィのグルメフェス
.hack//roots,3,114,,どっとはっくるーつ
kuso zako choroin nishiga hachi,3,114,,クソザコチョロイン西賀蜂
wario land: shake it!,3,114,"wario land: the shake dimension,wario land shake",ワリオランドシェイク
juukishi cutie bullet,3,114,,銃騎士Cutie☆Bullet
reco love,3,113,"reco love blue ocean,reco love gold beach",レコラヴ
mahou no yousei persia,3,113,,魔法の妖精ペルシャ
tamon-kun ima docchi,3,113,tamon's b-side,多聞くん今どっち
codename: bakery girl,3,113,,逆コーラップス:パン屋作戦
i don't want to be a magical girl,3,113,,
future gpx cyber formula,3,113,,新世紀GPXサイバーフォーミュラ
negative frames,3,113,,ネガティブフレーム
roskomnadzor,3,113,,ロスコムナゾール
getter robo arc,3,113,,ゲッターロボアーク
castlevania: aria of sorrow,3,113,,キャッスルヴァニア暁月の円舞曲
dear vocalist,3,113,,ディアヴォーカリスト
los angeles lakers,3,113,,ロサンゼルス・レイカーズ
shadowverse (anime),3,113,,シャドウバース(アニメ)
mega man x3,3,113,,ロックマンX3
tengen toppa gurren lagann: lagann-hen,3,113,,Tengen Toppa Gurren Lagann：Lagann-Hen
memories off 2nd,3,113,,2番目の思い出
miracle paint (vocaloid),3,113,,ミラクルペイント
knight of erin,3,113,,ナイトオブエリン
oishinbo,3,113,,美味しんぼ
comiket 79,3,113,c79,コミケ79
issho ni training,3,113,,いっしょにとれーにんぐ
iczer (series),3,113,,iczer（シリーズ）
mozaik role (vocaloid),3,113,,モザイクロール
project diva f 2nd,3,113,,Project Diva f 2nd
elf all-stars datsuijan,3,113,,エルフオールスターズ脱衣雀
pia carrot e youkoso!! g.o.,3,113,,Pia♥キャロットへようこそ!!G.O.
haou airen,3,113,,覇王愛人
cafe sourire,3,113,,カフェ・スーリル
ren'ai x royale,3,113,,恋愛×ロワイアル
star fox (2026),3,112,,
neko shota ten (hakuyagen),3,112,,猫ショタ店
mid-fight masses,3,112,,MFMイラスト
call of duty: black ops,3,112,,コールオブデューティブラックオプス
windows 98,3,112,,
bishoujo terror,3,112,,HORROR美少女
the royal family (tv series),3,112,,ザ・ロイヤルファミリー
root eden,3,112,,ルートエデン
the king of fighters xi,3,112,,ザ・キング・オブ・ファイターズXI
red sonja (comics),3,112,,Red Sonja（コミック）
streets of rage,3,112,bare knuckle,ベア・ナックル
persona 4 the animation,3,112,,ペルソナ4アニメーション
granbelm,3,112,,グランベルム
kurano kun chi no futago jijou,3,112,,Kurano Kun Chi No Futago Jijou
command & conquer: red alert 2,3,112,command and conquer: red alert 2,レッドアラート2
skibidi toilet (series),3,112,,スキビディトイレ
himitsu keisatsu (vocaloid),3,112,secret police (vocaloid),秘密警察
transformers: shattered glass,3,112,transformers shattered glass,シャッタード・グラス
pokemon ranger 1,3,112,,ポケモンレンジャー(ゲーム)
uchi no kaisha no chiisai senpai no hanashi,3,112,my tiny senpai,うちの会社の小さい先輩の話
ouchi no mahou shoujo,3,112,,おうちの魔法少女
2020 summer olympics,3,112,,東京オリンピック
amiami (company),3,112,,あみあみ
akiiro renka,3,112,,秋色恋華
aoku haruka,3,112,,アオクハルカ
mega man 4,3,112,,ロックマン4
suiyou dou de shou,3,112,,水曜どうでしょう
jijou wo shiranai tenkousei ga guigui kuru.,3,112,my clueless first friend,事情を知らない転校生がグイグイくる。
new super marisa land,3,112,,魔理沙と6つのキノコ
gekkou no carnevale,3,112,,月光のカルネヴァーレ
luck & logic,3,112,,ラクエンロジック
grimms notes gakuen,3,112,,グリムノーツ学園
love r,3,112,,ラヴアール
izayoi no hanayome,3,112,,十六夜の花嫁
magus tale,3,112,,Magus Tale
seisen cerberus,3,112,,聖戦ケルベロス
dragon half,3,112,,ドラゴンハーフ
knights college,3,112,,ナイツカレッジ
high school boy,3,111,,
the fallen angel (painting),3,111,fallen angel (painting),堕天使(アレクサンドル・カバネル)
pulp fiction,3,111,,パルプ・フィクション
mega man legends 2,3,111,,ロックマンDASH2
yuni channel,3,111,,ゆにアート
sofmap,3,111,,ソフマップ
kinjo no hito no nakimushi,3,111,,バツイチで泣き虫なおとなりさん
chibi kyonyuu,3,111,,クラスに1人いる巨乳シリーズ
kioh gyoku,3,111,,きおうぎょく
digimon adventure: bokura no war game,3,111,digimon adventure: our war game,ぼくらのウォーゲーム
angelic link,3,111,,エンジェリックリンク
valis (sinsekai),3,111,,ヴァリス
kinsou no vermeil,3,111,,金装のヴェルメイユ
zuutto issho (kitani tatsuya),3,111,,ずうっといっしょ!
touhou futanari scarlet escape,3,111,,スカーレットエスケープ
sd gundam g generation original,3,111,,SDガンダムGジェネレーションオリジナル
senran kagura burst re:newal,3,111,,閃乱カグラBurst_Re:Newal
sonic cd,3,111,,ソニック・ザ・ヘッジホッグCD
shuumatsu no harem,3,111,,終末のハーレム
onna shunin kishi mieko,3,111,,女主任・岸見栄子
sumomomo momomo,3,111,,すもももももも〜地上最強のヨメ〜
super robot wars z2,3,111,,第2次スーパーロボット大戦Z
megami paradise,3,111,,女神天国
iede gal na senpai wa kantan ni yarasete kureru,3,111,,家出ギャルな先輩は簡単にヤらせてくれる
re leaf,3,111,,葉
touhou ningyougeki,3,111,,東方人形劇
gekijouban mononoke,3,111,,劇場版モノノ怪
happy synthesizer (vocaloid),3,111,,ハッピーシンセサイザ
kamisama no you na kimi e,3,111,,神様のような君へ
ore wo suki nano wa omae dake ka yo,3,111,,俺を好きなのはお前だけかよ
nagai gojitsudan no nechronica,3,111,,永い後日談のネクロニカ
guilongchao,3,111,,归龙潮
japan air self-defense force omaezaki sub-base,3,110,,おまえざきぶんとんきち
nights into dreams,3,110,,夢への夜
otaku ni koi wa muzukashii,3,110,,ヲタクに恋は難しい
cinderella (vocaloid),3,110,,シンデレラ(DECO*27)
player (webtoon),3,110,,
kirei ni shitemoraemasuka,3,110,wash it all away,綺麗にしてもらえますか。
love live! series official card game,3,110,,ラブライブ!シリーズオフィシャルカードゲーム
mario golf,3,110,,マリオゴルフ
yoasobi,3,110,,ヨアソビ
saiyuki,3,110,,最遊記
moe! ninja girls rpg,3,110,,
yoru no nai kuni,3,110,,よるのないくに
shuten order,3,110,,終天教団
danball senki wars,3,110,,ダンボール戦機ウォーズ
edomae elf,3,110,otaku elf,江戸前エルフ
sasaki to p-chan,3,110,sasaki and peeps,佐々木とピーちゃん
pole princess!!,3,110,,ポールプリンセス!!
isekai harem monogatari,3,110,,異世界ハーレム物語
kyatto ninden teyandee,3,110,,キャッ党忍伝てやんでえ
akutoku no judgement (vocaloid),3,110,"judgement of corruption (vocaloid),mammon's court (vocaloid)",悪徳のジャッジメント
ultraman mebius (series),3,110,,ウルトラマンメビウス
clash of clans,3,110,,クラッシュ・オブ・クラン
saint seiya: rising cosmo,3,110,,聖闘士星矢ライジングコスモ
el hazard,3,110,,神秘の世界エルハザード
fire punch,3,110,,ファイアパンチ
nihon joshikousei zukan,3,110,,にほん女子校生ずかん
goshuushou-sama ninomiya-kun,3,110,good luck! ninomiya-kun,ご愁傷さま二ノ宮くん
yousei daisensou,3,110,,妖精大戦争
blank room soup,3,110,,
hizashi no naka no real,3,110,,陽射しの中のリアル
lavender quartz,3,109,,ラベンダークォーツ
transformers: armada,3,109,transformers armada,マイクロン伝説
tokyo revengers pazuribe!,3,109,,東京リベンジャーズぱずりべ
ikemen joshi to josou danshi,3,109,,イケメン女子と女装男子
metallica,3,109,,メタリカ
uchuu kyoudai,3,109,,宇宙兄弟
triangle strategy,3,109,,トライアングルストラテジー
jirai nan desu ka? chihara-san,3,109,are you a landmine chihara-san?,地雷なんですか?地原さん
alternative facts in eastern utopia,3,109,,東方文果真報
bloom the smile bloom the dream!,3,109,,
happy party train,3,109,,ハッピーパーティートレイン
star wars rebels,3,109,star wars: rebels,スター・ウォーズ反乱者たち
metroid: samus returns,3,109,,メトロイドサムスリターンズ
golgo 13,3,109,,ゴルゴ13
shoujo tsubaki,3,109,,少女椿
la priere,3,109,,ラプリエール
star wars: the empire strikes back,3,109,,帝国の逆襲
hearthstone,3,109,,ハースストーン
tsuki ga michibiku isekai douchuu,3,109,,月が導く異世界道中
lovely x cation,3,109,,ラブリケ
daicon,3,109,,ダイコン
mygrimoire,3,109,,mygrimoire
manyuu hikenchou,3,109,,魔乳秘剣帖
valkyrie profile 2: silmeria,3,109,,ヴァルキリープロファイル2
gensou suikogaiden,3,109,,幻想水滸外伝
yggdra union,3,109,,ユグドラ・ユニオン
wizardry variants daphne,3,108,,ウィザードリィヴァリアンツダフネ
jishenkong jihua,3,108,xtreme deep field project,極深空計畫
pokemon: jirachi: wish maker,3,108,pokemon m06,七夜の願い星ジラーチ
ressha sentai toqger,3,108,,烈車戦隊トッキュウジャー
daft punk,3,108,,ダフトパンク
snack nili,3,108,,スナックにり
phantasy star ii,3,108,,ファンタシースターII
nascar,3,108,,
emergence (shindol),3,108,,变身Emergence
ultraman tarou (series),3,108,,ウルトラマンT
zenbu kowashite jigoku de aishite,3,108,,ぜんぶ壊して地獄で愛して
pizza-la,3,108,,ピザーラ
diabolik lovers,3,108,,ディアボリックラヴァーズ
valkyrie anatomia,3,108,,ヴァルキリーアナトミア_‐ジ・オリジン‐
succubus appli,3,108,,サキュバスアプリ
peppa pig (series),3,108,,ペッパピッグ
captain tsubasa,3,108,,キャプテン翼
gekijouban date a live: mayuri judgement,3,108,,劇場版デートアライブ万由里ジャッジメント
sunshine creation,3,108,,サンシャインクリエイション
super robot wars v,3,108,,スーパーロボット大戦V
girls und panzer phase erika,3,108,,ガールズ&パンツァーフェイズエリカ
ki ga hayai kouhai kanojo,3,108,,気が早い後輩彼女
eien no aselia,3,108,,永遠のアセリア
polivia,3,108,,
the dark knight,3,108,,ダークナイト(映画)
himegami emaki,3,108,,ひめがみ絵巻
comic shitsurakuten,3,108,,失楽天
rabbitmaiden softworks,3,108,rabbitmaidensoftworks,
pastel chime continue,3,108,,ぱすてるチャイムContinue
special civil servant,3,108,,
venom (2018),3,108,,ヴェノム(映画)
amaama to inazuma,3,108,"sweetness & lightning,sweetness and lightning",甘々と稲妻
thundercats,3,107,,サンダーキャッツ
campus mode!! (idolmaster),3,107,,
batman: arkham (series),3,107,,
hyakuemu,3,107,,ひゃくえむ。
power pro-kun pocket 13,3,107,,パワポケ13
yamada-kun to 7-nin no majo,3,107,,山田くんと7人の魔女
tanaka-kun wa itsumo kedaruge,3,107,,田中くんはいつもけだるげ
civilization (series),3,107,,シヴィライゼーション
love-ressive,3,107,,ラヴレッシブ
hasunosora fantasy,3,107,hasu no sora fantasy,ハスノソラファンタジー
ultraman dyna (series),3,107,,ウルトラマンダイナ
calpis,3,107,,カルピス
highspeed etoile,3,107,,ハイスピードエトワール
war of the visions: final fantasy brave exvius,3,107,,FFBE幻影戦争
touken ranbu: hanamaru,3,107,,刀剣乱舞-花丸
twinkle crusaders,3,107,,ティンクル☆くるせいだーす
kick back (song),3,107,,筋肉の魔人
heartlovepowertemple,3,107,,
ridge racer,3,107,,リッジレーサー
fantasy life,3,107,,ファンタジーライフ
god eater 3,3,107,,ゴッドイーター3
dragon ball legends,3,107,,ドラゴンボールレジェンズ
envy baby (vocaloid),3,107,,エンヴィーベイビー
choujikuu seiki orguss,3,107,,超時空世紀オーガス
vlyz,3,107,,
succubus stayed life,3,107,,サキュバステードライフ
code geass: fukkatsu no lelouch,3,107,,コードギアス復活のルルーシュ
cookie clicker,3,107,,クッキークリッカー
binan koukou chikyuu bouei-bu love!,3,107,cute high earth defense club love!,美男高校地球防衛部LOVE!
viper v16,3,107,,Viper V16
chu x chu idol,3,107,,Chu×Chuアイドる
seiren,3,107,,セイレン(OAM)
the king of fighters xii,3,107,,ザ・キング・オブ・ファイターズXII
gran saga,3,107,,グランサガ
nanami to konomi no oshiete abc,3,106,,ななみとこのみのおしえてA・B・C
shinobi (series),3,106,,
reverse collapse (series),3,106,,逆コーラップス
internet overdose,3,106,,インターネットオーバードーズ
nevermind,3,106,,どうでも
wingman,3,106,,ウイングマン
shirley (manga),3,106,,シャーリー
sister sara to madara-chan,3,106,,シスター・サラとまだらちゃん
sleeping beauty (fairy tale),3,106,,眠り姫
kyoto xanadu,3,106,,京都ザナドゥ
national football league,3,106,,ナショナル・フットボール・リーグ
kono healer mendokusai,3,106,,このヒーラー、めんどくさい
x-men vs. street fighter,3,106,,エックスメンVS.ストリートファイター
mega man legends 3,3,106,,ロックマンDASH3
yankee jk kuzuhana-chan,3,106,,ヤンキーJKクズハナちゃん
berry's,3,106,,ベリーズ
digimon story: cyber sleuth - hacker's memory,3,106,,デジモンストーリーサイバースルゥースハッカーズメモリー
jitsuha imouto deshita.,3,106,,じつは義妹でした。
eureka seven ao,3,106,,エウレカセブンAO
dnf duel,3,106,,DNFデュエル
xenosaga episode ii,3,106,,ゼノサーガエピソードII
zerobaseone,3,106,,
monster hunter xx,3,106,,XXハンターゆうき
sequel (series),3,106,,
saga 2,3,106,,Sa・Ga2秘宝伝説
great mazinger,3,106,,グレートマジンガー
yu-gi-oh! tag force,3,106,yu-gi-oh! gx tag force,タッグフォース
atom: the beginning,3,106,,アトム・ザ・ビギニング
shinken!!,3,106,,しんけん!!
backrooms (2026 movie),3,105,,後室(電影)
wagamama high spec,3,105,,ワガママハイスペック
kusunoki mebuki wa yuusha de aru,3,105,,楠芽吹は勇者である
final fantasy unlimited,3,105,,ファイナルファンタジーアンリミテッド
isekai samurai,3,105,,異世界サムライ
monster prom,3,105,,
wonder momo,3,105,,ワンダーモモ
terra formars,3,105,,テラフォーマーズ
love live! school idol musical,3,105,,ラブライブ!スクールアイドルミュージカル
halo: combat evolved,3,105,,
excel saga,3,105,,エクセルサーガ
limnos,3,105,,
ratchet & clank,3,105,,ラチェット&クランク
shakacat,3,105,,シャカシャカポテト
mamono hunter youko,3,105,,魔物ハンター妖子
digimon story: sunburst and moonlight,3,105,,デジモンストーリーサンバースト
star savior,3,105,,スターセイヴァー
lunar: the silver star,3,105,,シルバースターストーリー
plivyou,3,105,,プライブユー
izumo,3,105,,イズモ
viper gts,3,105,,Viper GTS
alien vs. predator,3,105,,エイリアンVSプレデター
nursery rhyme,3,105,,ナーサリィ☆ライム
assassin's creed iii,3,105,,アサクリ3
game club project,3,105,,ゲーム部プロジェクト
super mecha champions,3,105,,きどうとし
precure connection puzzlun,3,105,,プリキュアつながるぱずるん
rwby chibi,3,105,,rwby chibi
tropical liquor,3,105,,熱帯酒
lord of vermilion iii,3,105,,ヴァーミリオンIIIの領主
brave frontier,3,105,,ブレイブフロンティア
the flash (movie),3,104,the flash (2023),ザ・フラッシュ(映画)
love angel syndrome,3,104,,
dc: dark legion,3,104,,
hi no tori,3,104,,火の鳥
nemurase hime kara no okurimono (vocaloid),3,104,"belphegor's gift (vocaloid),gift from the princess who brought sleep (vocaloid)",眠らせ姫からの贈り物
fate/grail league,3,104,,
elf village,3,104,,エルフ村
dawn of the golden witch,3,104,,初めまして、こんにちは!
darius (series),3,104,,ダライアス
akagami no shirayukihime,3,104,snow white with the red hair,赤髪の白雪姫
hangyaku no nijigasaki,3,104,,叛逆のニジガサキ
nippon sangoku,3,104,,日本三國
e 2,3,104,,E 2
debut or die!,3,104,debwi mos hamyeon jugneun byeong geollim,出道死
origins smp,3,104,,
talesshop,3,104,,TALESSHOP
earth defense force,3,104,,地球防衛軍
cotton (game),3,104,,コットン(STG)
the thing,3,104,,遊星からの物体X
vanquished queens,3,104,,ヴァンキッシュド・クイーンズ
glitchtale,3,104,,
wiz anniversary,3,104,,ウィズアニバーサリィー
kamisama dolls,3,104,,神様ドォルズ
dengeki,3,104,,電撃
kunoichi hajimemashita!,3,104,,くノ一はじめました!
beatless,3,104,,ビートレス
cencoroll,3,104,,センコロール
another code,3,104,,アナザーコード
ookami kodomo no ame to yuki,3,104,wolf children,おおかみこどもの雨と雪
choujin koukousei-tachi wa isekai demo yoyuu de ikinuku you desu!,3,104,,超人高校生たちは異世界でも余裕で生き抜くようです!
en-eins kanzen sekai,3,104,en-eins perfektewelt,エヌアイン完全世界
motto! haramase! honoo no oppai isekai ero mahou gakuen!,3,104,,もっと!孕ませ!炎のおっぱい異世界エロ魔法学園!
midori no makibaoo,3,103,,みどりのマキバオー
star-crossed world,3,103,,スターリーワールド
fatal frame 1,3,103,,零
yume nisshi,3,103,,夢日誌
koi wa ameagari no you ni,3,103,,恋は雨上がりのように
office lady taiwan,3,103,,臺灣靚女OL
fortune movie (love live!),3,103,,フォーチュンムービー
buried stars,3,103,,ベリード・スターズ
old testament,3,103,,旧約聖書
release the spyce,3,103,,リリースザスパイス
wander over yonder,3,103,,なんだかんだワンダー
ergo proxy,3,103,,エルゴプラクシー
mashin sentai kiramager,3,103,,魔進戦隊キラメイジャー
cho toutoi love,3,103,,ちょ、尊いLOVE
tachibana-san-chi no dansei jijou,3,103,,橘さん家ノ男性事情
josho kiryu (love live!),3,103,joushou kiryuu (love live!),ジョーショーキリュー
giant ojou-sama,3,103,,ジャイアントお嬢様
hana sakeba yume kakeru,3,103,,ハナ咲けばユメ駆ける
monster hunter mezeporta kaitaku-ki,3,103,,モンスターハンターメゼポルタ開拓記
symphonic rain,3,103,,シンフォニック=レイン
galzoo island,3,103,,GALZOOアイランド
tomica hyper rescue drive head: kidou kyuukyuu keisatsu,3,103,,トミカハイパーレスキュードライブヘッド~機動救急警察~
kaikan change,3,103,,快感チェンジ♂⇔♀
bikini warriors,3,103,,ビキニ・ウォリアーズ
baldr (series),3,103,,Baldr（シリーズ）
princess maker (series),3,103,,プリンセスメーカー（シリーズ）
tonari no kaibutsu-kun,3,103,,となりの怪物くん
papers please,3,103,,ペーパーズプリーズ
ashita no kimi to au tame ni,3,103,,ashita no kimi to au tame ni
sakura sakura,3,103,,さくらさくら
inhabituels,3,103,,住民
breadwinners,3,103,,
dragon quest tact,3,103,,ドラクエタクト
usagi drop,3,103,bunny drop,うさぎドロップ
puyopuyo tetris 2,3,103,,マール(ぷよテト2)
blaster master zero,3,102,,ブラスターマスターゼロ
star wars: attack of the clones,3,102,,クローンの攻撃
haimiya-senpai wa kowakute kawaii,3,102,,灰宮先輩は怖くてかわいい
centuria (manga),3,102,,ケントゥリア
left 4 dead 2,3,102,,左4死者2
ceo and bodyguard,3,102,,CEOおよびボディーガード
persona q: shadow of the labyrinth,3,102,,ペルソナQ
delightfully fuckable and unrefined!!,3,102,,楽しく性交して洗練されていない!!
school star dream!,3,102,,スクールスタードリーム!
soulcalibur ii,3,102,,ソウルキャリバーII
mashin eiyuuden wataru,3,102,mashin hero wataru,魔神英雄伝ワタル
assassins pride,3,102,,アサシンズプライド
destiny lovers,3,102,,デスラバ
bishoujo mangekyou: kami ga tsukuritamouta shoujo-tachi,3,102,,美少女万華鏡-神が造りたもうた少女たち-
katana zero,3,102,,カタナゼロ
soul link,3,102,,魂のリンク
elf all-stars datsuijan 2,3,102,,エルフオールスターズ脱衣雀2
kanamemo,3,102,,かなめも
gin to kin,3,102,,銀と金
shut hell,3,102,,シュトヘル
lyrical lyric,3,102,,リリカル♪りりっく
tetsudou musume,3,102,,鉄道むすめ
this communication,3,102,,Thisコミュニケーション
magical marriage lunatics!!,3,102,,マジカルマリッジルナティクス!!
irozuku sekai no ashita kara,3,102,iroduku: the world in colors,色づく世界の明日から
futaribeya,3,102,,ふたりべや
power pro-kun pocket 10,3,102,,パワポケ10
onimusha,3,102,,鬼武者
shenmue ii,3,102,,シェンムー2
golden axe,3,101,,ゴールデンアックス
aimai moratorium,3,101,,あいまいモラトリウム
aitsu no kanojo,3,101,,アイツノカノジョ
asociacion del futbol argentino,3,101,,アルゼンチンサッカー協会
ga bunko,3,101,,GA文庫
spyro (series),3,101,,スパイロ・ザ・ドラゴン
ss kabushikigaisha,3,101,,SS株式会社
haiena chan ni nerawarete,3,101,,ハイエナちゃんに狙われて
ultraman (hero's comics),3,101,,ULTRAMAN(漫画)
yu-gi-oh! duel links,3,101,,デュエルリンクス
star night snow (vocaloid),3,101,,スターナイトスノウ
ratatouille,3,101,,レミーのおいしいレストラン
type-moon gakuen chibichuki!,3,101,,ちびちゅき!
klasse14,3,101,,Klasse14
kenja no deshi wo nanoru kenja,3,101,she professed herself pupil of the wise man,賢者の弟子を名乗る賢者
fast & furious,3,101,the fast and the furious,ワイルドスピード
closed game,3,101,,クローズド・ゲーム
sultan's game,3,101,,スルタンのゲーム
tales of the tempest,3,101,,Tales of the Tempest
kabukimonogatari,3,101,,傾物語
transformers: rise of the beasts,3,101,,トランスフォーマービースト覚醒
amaenaideyo!!,3,101,ah my buddha,あまえないでよっ!!
street fighter x tekken,3,101,,ストリートファイター×鉄拳
yu-gi-oh! (toei),3,101,,初代遊戯王
ribbon no kishi,3,101,princess knight (tezuka),リボンの騎士
fanfare!!! (love live!),3,101,,ファンファーレ!!!
pokemon mystery dungeon: red/blue rescue team,3,101,,赤・青の救助隊
seiten ragnarok,3,101,,聖典ラグナロク
girly air force,3,101,,ガーリーエアフォース
fruits fulcute!,3,101,,ふるーつふるきゅーと!
hissatsu chikannin 2,3,101,,必殺痴漢人II
eastward,3,101,,イーストワード
recettear,3,101,,ルセッティア
rettou joutou (vocaloid),3,100,bring it on (vocaloid),劣等上等
astraline,3,100,,
ongezellig,3,100,,
sentou yousei yukikaze,3,100,,戦闘妖精・雪風
buddy daddies,3,100,,バディダディ
project a-ko,3,100,,プロジェクトA子
mom's touch,3,100,,
moira (sound horizon),3,100,,
natsuzora kanata,3,100,,夏空カナタ
gujian qitan 3,3,100,,古剑奇谭3
spider-man: no way home,3,100,,スパイダーマン:ノー・ウェイ・ホーム
rance 03,3,100,,ランス03
little nightmares,3,100,,リトルナイトメア
princession orchestra,3,100,,プリンセッション・オーケストラ
brilliant pagoda or haze castle,3,100,,連縁天影戦記
the seven-year itch,3,100,,七年目の浮気
gin'iro haruka,3,100,,銀色、遥か
shinohayu the dawn of age,3,100,,シノハユ
ken to mahou to gakuen mono,3,100,,剣と魔法と学園モノ。
robocop,3,100,,ロボコップ
exit tunes,3,100,,エグジットチューンズ
oso-teki kinoko gijinka zukan,3,100,,オソ・テキ・キノコ・ジジンカ・ズカン
"i""s",3,100,,アイズ
mario tennis aces,3,100,,マリオテニスエース
ciconia no naku koro ni,3,100,,キコニアのなく頃に
neko atsume,3,100,,ねこあつめ
touhou blooming chaos,3,100,,东方华彩乱战
summon night: swordcraft story,3,100,,サモンナイトクラフトソード物語
start:dash!!,3,100,,スタート：ダッシュ!!
ive (group),3,100,,アイヴ
marvelous,3,100,,マーベラス(企業)
ac japan,3,100,,ACジャパン
danball senki w,3,100,,ダンボール戦機W
dofus,3,100,,dofus
extreme hearts,3,100,,エクストリームハーツ
natsuzuka-san no himitsu,3,100,,奈都塚さんの秘密。
gang of heaven,3,100,,ギャングオブヘブン
bans,3,100,,BANsアート
discipline: the record of a crusade,3,100,,ディシプリン
natsu no ame,3,100,,夏ノ雨
ciel nosurge,3,100,,シェルノサージュ
maerchen maedchen,3,100,marchen madchen,メルヘン・メドヘン
gemini seed,3,100,,ジェミニシード
muteki choujin zambot 3,3,100,,無敵超人ザンボット3
dorifesu!,3,100,,ドリフェス!
m&m's,3,99,,M＆M
boogiepop,3,99,,ブギーポップは笑わない
q (hololive),3,99,,Q（Hololive）
marvel 2099,3,99,,
transformers: cybertron,3,99,transformers cybertron,ギャラクシーフォース
mikoto to rei,3,99,,ミコトとレイ
daten route,3,99,,
fushigi no gensokyo,3,99,,不思議の幻想郷
dragon age: inquisition,3,99,,ドラゴンエイジ:インクイジション
cloud meadow,3,99,,クラウドメドウ
the personification of atmosphere,3,99,,空気少女注意報
jinrouki winvurga,3,99,,人狼機ウィンヴルガ
sagara-san'chi no etsuraku life,3,99,,相楽さん家の悦楽ライフ♪
nonfiction!! (love live!),3,99,,ノンフィクション!!
bellville (kennycomix),3,99,,
yuuhei satellite,3,99,,幽閉サテライト
orc eiyuu monogatari,3,99,,オーク英雄物語
lostorage wixoss,3,99,,Lostorage Wixoss
machine robo,3,99,,マシンロボ
hitman (game),3,99,,ヒットマン
monster hunter stories,3,99,,モンスターハンターストーリーズ
aku no onna kanbu: perigee new moon,3,99,,悪の女幹部ペリジーニュームーン
chrono ark,3,99,,クロノアーク
rebellion godsoul,3,99,,
girls und panzer gekijouban,3,99,,ガールズ&パンツァー劇場版
bungou stray dogs: mayoi inu kaikitan,3,99,,文豪ストレイドッグス迷ヰ犬怪奇譚
garden (game),3,99,,ガーデン（ゲーム）
queen bonjourno,3,99,,Queenボンジョルの!
wild wet west,3,99,,ワイルドウェットウェスト
end breaker!,3,99,,エンドブレイカー!
hatoful kareshi,3,99,,はーとふる彼氏
innocent red,3,99,,イノセントレッド
yuusha support center maoujou shibu,3,99,,勇者サポートセンター魔王城支部
kanon 2006,3,99,,
alstroemeria records,3,99,,
victorian romance emma,3,99,,英國戀物語エマ
cool na megami-sama to issho ni sundara amayakashisugite ponkotsu ni shiteshimatta ken ni tsuite,3,99,,クールな女神様と一緒に住んだら、甘やかしすぎてポンコツにしてしまった件について
dandy's world,3,99,,
ryo to mikoto,3,99,,諒とみこと
amaemi-longing for you-,3,99,,アマエミ
kouhai wa inkya agari no infuruensaa,3,99,,後輩は陰キャ上がりのインフルエンサー
kagaku chop,3,99,,カガクチョップ
arcanadea,3,98,,アルカナディア
psi (vocaloid),3,98,,プシ
tougen anki,3,98,,桃源暗鬼
final fantasy airborne brigade,3,98,,ファイナルファンタジーブリゲイド
rance ix,3,98,,ランスIX
virtua fighter 5 (series),3,98,"virtua fighter 5,virtua fighter 5: final showdown",バーチャファイター5
migikata no chou (vocaloid),3,98,butterfly on your right shoulder (vocaloid),右肩の蝶
stalker 2: heart of chornobyl,3,98,,
irodorimidori,3,98,,イロドリミドリ
napoleon crossing the alps,3,98,,サン=ベルナール峠を越えるボナパルト
kirby cafe,3,98,,カービィカフェ
saitama seibu lions,3,98,,埼玉西武ライオンズ
bronze parrot,3,98,,ブロンズパロット
super mario galaxy 2,3,98,,スーパーマリオギャラクシー2
nandome ka no hajimemashite,3,98,,何度目かのはじめまして
kuromajo-san ga tooru!!,3,98,,黒魔女さんが通る!!
yume e no ippo,3,98,,夢への一歩
code geass: soubou no oz,3,98,,コードギアス双貌のオズ
onmyoji: the card game,3,98,,百鬼異聞録~妖怪カードバトル~
chivalry starved,3,98,,
houseki hime,3,98,,宝石姫
shounen no abyss,3,98,,少年のアビス
neo kamen rider,3,98,"kamen rider (skyrider),new kamen rider",仮面ライダー(スカイライダー)
hoshikui,3,98,,ホシクイ
strike witches (lionheart witch),3,98,,獅子の魔女
watashi no yuri wa oshigoto desu!,3,98,watayuri,私の百合はお仕事です
a court of thorns and roses (series),3,98,,
enbizaka no shitateya (vocaloid),3,98,,円尾坂の仕立屋
nie no hakoniwa,3,98,,贄の匣庭
gundam gihren no yabou,3,98,,機動戦士ガンダムギレンの野望
yari no yuusha no yarinaoshi,3,98,,槍の勇者のやり直し
rahxephon,3,98,,ラーゼフォン
over zenith,3,98,,OZ_-オズ-
watashi nouryoku wa heikinchi de tte itta yo ne!,3,98,didn't i say to make my abilities average in the next life?!,私、能力は平均値でって言ったよね!
uta no prince-sama: shining live,3,98,,うたの☆プリンスさまっ♪_Shining_Live
getsumento heiki miina,3,98,,月面兎兵器ミーナ
end of eternity,3,98,,エンドオブエタニティ
jewelpet magical change,3,98,,ジュエルペットマジカルチェンジ
neon genesis evangelion anima,3,98,,エヴァンゲリオンANIMA
kage kara mamoru!,3,98,,陰からマモル!
owari no chronicle,3,98,,終わりのクロニクル
harapeko shoujo to tantei to,3,97,,はらぺこ少女と探偵と
waku waku puyo dungeon,3,97,,わくわくぷよぷよダンジョン
mo nu zhi wen nai bai he zhi wei,3,97,,魔女之吻乃百合之味
microsoft office,3,97,,マイクロソフトオフィス
font bad girl squad,3,97,,フォントバッドガールスクワッド
kaisha no senpai akaori-san,3,97,,会社の先輩_赤織さん
shikkoku no sharnoth,3,97,,漆黒のシャルノス
empires smp,3,97,,
grizzly ni osowaretara,3,97,,グリズリーに襲われたら♡
killing stalking,3,97,,キリングストーキング
maho x roba -witches spiritual home-,3,97,,まほ×ろば
oshi ga budoukan itte kuretara shinu,3,97,,推しが武道館いってくれたら死ぬ
ultraman taiga (series),3,97,,ウルトラマンタイガ
legend of queen opala,3,97,,オパラ女王の伝説
project carneades,3,97,,カルネアデス
re: cutie honey,3,97,,Re:キューティーハニー
world endurance championship,3,97,,FIA世界耐久選手権
the war of genesis,3,97,war of genesis,創世記の戦争
idola phantasy star saga,3,97,,イドラ_ファンタシースターサーガ
cardfight!! vanguard g,3,97,,カードファイト!!ヴァンガードG
kyouka jinrui amunero,3,97,,強化人類アムネロ
uragoner,3,97,,
sexfriend,3,97,,セックスフレンド
totsukuni no shoujo,3,97,,とつくにの少女
w.l.o sekai ren'ai kikou,3,97,,W.L.O.世界恋愛機構
tenchi muyou! uchuu hen,3,97,,天地無用!宇宙篇
densou tenshi valforce,3,97,,電装天使ヴァルフォース
lady and the tramp,3,96,,わんわん物語
los angeles dodgers,3,96,,ロサンゼルス・ドジャース
madtown gta,3,96,,
geinoujin kakuzuke check,3,96,,芸能人格付けチェック
haruoto alice gram,3,96,,春音アリス*グラム
captain commando,3,96,,キャプテンコマンドー
nayutalien,3,96,,ナユタン星人
choujuu kishin dancouga,3,96,,超獣機神ダンクーガ
e.t.,3,96,,E.T.
hakumei to mikochi,3,96,hakumei and mikochi,ハクメイとミコチ
mega man legends,3,96,,ロックマンDASH
sparkly spot (love live!),3,96,,
ultraman decker (series),3,96,,ウルトラマンデッカー
super robot wars original generation 2,3,96,,スーパーロボット大戦OG2
woman with a parasol,3,96,,日傘を差す女
jungle wa itsumo hare nochi guu,3,96,,ジャングルはいつもハレのちグゥ
saku (series),3,96,,
hoshi no samidare,3,96,,惑星のさみだれ
castlevania: dawn of sorrow,3,96,,悪魔城ドラキュラ蒼月の十字架
green (game),3,96,,グリーン（ゲーム）
meshi mase! nekomimi nyan dafuru,3,96,,召しませ!ネコミミにゃんだふる
tales of the world radiant mythology 2,3,96,,Tales of the World Radiant Mythology 2
love letter (idolmaster),3,96,,ラブレター(シンデレラガールズ)
ayakashi rumble!,3,96,,あやかしランブル!
ekokuice,3,96,,ekokuice
turing love,3,96,,チューリングラブ
the rolling girls,3,96,,ローリング☆ガールズ
ipstar,3,96,,潮玩星球
rokujouma no shinryakusha!?,3,96,,六畳間の侵略者!?
sengoku kishin valkyrie,3,96,,戦国姫神ワルキュリエ
brave soul,3,96,,勇敢な魂
interlude,3,96,,絡み合い
dakara boku wa h ga dekinai,3,96,so i can't play h!,だから僕は、Hができない。
rental magica,3,96,,レンタルマギカ
amanchu!,3,96,,あまんちゅ!
himitsu no jugyou,3,96,,ひみつの授業
dangaioh,3,95,dangaiou,破邪大星ダンガイオー
kill time communication,3,95,,キルタイムコミュニケーション
aikatsu! x pripara the movie -deai no kiseki!-,3,95,,アイカツ!×プリパラ_THE_MOVIE_-出会いのキセキ!-
yat anshin uchuu ryokou,3,95,,YAT安心!宇宙旅行
falcom,3,95,,日本ファルコム
sd sengokuden,3,95,,SD戦国伝
the last of us part ii,3,95,the last of us 2,最後の2
transformers: victory,3,95,transformers victory,戦え!超ロボット生命体
medarot 2,3,95,,メダロット2
corona (brand),3,95,,コロナ（ブランド）
myself yourself,3,95,,私自身あなた自身
edelied,3,95,,
lyrical store,3,95,,リリカルストア
rick g earth,3,95,,りっく☆じあ~す
enquete kinou de nasubikko wo ikusei shiyou!,3,95,,アンケート機能でナスビっ娘を育成しよう!
kemono fabric,3,95,,ケモノファブリック
bishoujo mangekyou: kotowari to meikyuu no shoujo,3,95,,美少女万華鏡-理と迷宮の少女-
frozen ii (disney),3,95,,アナと雪の女王2
premier league,3,95,,プレミアリーグ
inukami!,3,95,,いぬかみっ!
sakura strasse,3,95,,さくらシュトラッセ
blassreiter,3,95,,ブラスレイター
tales of vesperia: the first strike,3,95,,物語のヴェスペリア：ファーストストライク
final fantasy tactics a2,3,95,,ファイナルファンタジー戦術A2
soul cradle,3,95,,ソウルクレイドル
working!! (web manga),3,95,,猫組
kumatanchi,3,95,,くまたんち
emori,3,95,,
muv-luv: dimensions,3,95,"immortals: muvluv alternative,muvluv: dimensions",マブラヴ:ディメンションズ
komori-san wa kotowarenai!,3,95,,小森さんは断れない
white rabbit candy,3,94,,大白兔奶糖
village vanguard,3,94,,ヴィレッジヴァンガード
alps no shoujo heidi,3,94,,アルプスの少女ハイジ
look back,3,94,,ルックバック
five nights in anime (fangame),3,94,,
langrisser iii,3,94,,ラングリッサーIII
nanairo kouro,3,94,,なないろ航路
yahoo!,3,94,,ヤフー
teikoku senki,3,94,,帝国戦記
spawn (comic),3,94,,スポーン
hajimete no orusuban,3,94,,はじめてのおるすばん
transformers: car robots,3,94,"transformers: robots in disguise (2001),transformers car robots",トランスフォーマーカーロボット
the witcher 4,3,94,,
loki (disney+),3,94,,ロキ(テレビドラマ)
the three caballeros,3,94,,三人の騎士
witch's weapon,3,94,,魔女兵器
pure girl,3,94,,ピュアガール
windows vista,3,94,,ウィンドウズビスタ
zenhoi kyun,3,94,zenhoui kyun,全方位キュン♡
shin sangoku musou 5,3,94,dynasty warriors 6,真・三國無双5
daicon iv,3,94,daicon 4,ダイコンIV
ys seven,3,94,,イース7
kikou senki dragonar,3,94,metal armor dragonar,機甲戦記ドラグナー
mainichi compile heart,3,94,,まいにちコンパイルハート
halo 4,3,94,,
meechu,3,94,,
panda hero (vocaloid),3,94,,パンダヒーロー
luigi's mansion 3,3,94,,ルイージマンション3
yuusha keisatsu j-decker,3,94,,勇者警察ジェイデッカー
supercell (band),3,94,,
hajimete no koi ga owaru toki (vocaloid),3,94,when the first love ends (vocaloid),初めての恋が終わる時
pathfinder,3,94,,パスファインダーRPG
machine maiden next,3,94,,
magician's academy,3,94,,まじしゃんず・あかでみい
"ore ga ojou-sama gakkou ni ""shomin sample"" toshite rachirareta ken",3,94,,俺がお嬢様学校に「庶民サンプル」としてゲッツされた件
kemono friends r,3,94,,けものフレンズR
killer in the mirror,3,94,,キラミラ
saint onii-san,3,94,,聖☆おにいさん
card-en-ciel,3,93,,カルドアンシェル
digimon survive,3,93,,デジモンサヴァイブ
aikatsu planet!,3,93,,アイカツプラネット!
x (manga),3,93,,X-エックス-
mahou no star magical emi,3,93,magical emi the magic star,魔法のスターマジカルエミ
koutetsu no majo annerose,3,93,,鋼鉄の魔女アンネローゼ
ultraman blazar (series),3,93,,ウルトラマンブレーザー
assassin's creed: odyssey,3,93,,アサシンクリードオデッセイ
madra (album),3,93,,
yandere no onna no ko ni shinu hodo aisarete nemurenai cd,3,93,,ヤンデレの女の子に死ぬほど愛されて眠れない
adipocere (vocaloid),3,93,,あだぽしゃ
artix entertainment,3,93,,Artix Entertainment
bangtan boys,3,93,,防弾少年団
caravan stories,3,93,,キャラストイラコン
submarine 707r,3,93,,サブマリン707R
metal fight beyblade,3,93,beyblade: metal fusion,メタルファイトベイブレード
bakusou kyoudai let's & go!! max,3,93,,爆走兄弟レッツ&ゴー!!MAX
choudenji machine voltes v,3,93,,超電磁マシーンボルテスV
yumeochi - yume de bokura wa koi ni ochiru,3,93,,ユメオチ〜ユメで僕らは恋にオチる〜
kick-ass,3,93,,キック・アス
volcano princess,3,93,,火山の娘
blazblue alternative: dark war,3,93,,ブレイブルーオルタナティブダークウォー
mizuiro,3,93,,ミズイロ
bonobono,3,93,,ぼのぼの
x-overd,3,93,,クロスオーバード
mushibugyou,3,93,,常住戦陣!!ムシブギョー
pokken tournament,3,93,,ポッ拳POKKENTOURNAMENT
payday (series),3,93,,ペイデイ（シリーズ）
futabu,3,93,,ふた部
kareshi kanojo no jijou,3,93,,彼氏彼女の事情
lost crusade,3,93,,ロストクルセイド
evenicle (series),3,93,,イブニクル
ii orc no hi,3,93,,いいオークの日
kaichou wa maid-sama!,3,93,,会長はメイド様!
b-project,3,93,,Bプロ
yuukyuu no sharin,3,93,,悠久の車輪
time bokan 24,3,93,,タイムボカン24
world of horror,3,92,,恐怖の世界
smooth criminal,3,92,,「スムーズ·クリミナル」
kirby super star ultra,3,92,,星のカービィウルトラスーパーデラックス
child's play,3,92,,チャイルド・プレイ
today's han yoil is a woman,3,92,,美少女アイドル練習生の俺
death parade,3,92,,デス・パレード
my pig princess,3,92,,
halo infinite,3,92,,ハローは無限です
hannibal (tv series),3,92,,
doggy god's street,3,92,,犬の神の通り
yaiba,3,92,,剣勇伝説YAIBA
kakunaru ue wa,3,92,now that we draw,描くなるうえは
butterfly (love live!),3,92,,Butterfly(近江彼方)
kono koi wo hoshi ni wa negawanai,3,92,,この恋を星には願わない
kura sushi,3,92,,くら寿司
gundam ms igloo,3,92,,機動戦士ガンダム_MS_IGLOO
fate/grand order: first order,3,92,,Fate/Grand Order：最初の注文
innocent grey,3,92,,無邪気な灰色
kimi wa 008,3,92,,君は008
where winds meet,3,92,,燕云十六声
bakuage sentai boonboomger,3,92,,爆上戦隊ブンブンジャー
beatmania iidx 14 gold,3,92,,
poppin' up! (love live!),3,92,,
nobunaga no yabou,3,92,,信長の野望
sakamichi no apollon,3,92,,坂道のアポロン
sekai de ichiban oppai ga suki!,3,92,breasts are my favorite things in the world!,世界で一番おっぱいが好き!
chikyuu no ura (cevio),3,92,,地球の裏
holocure,3,92,,ホロキュア
g-senjou no maou,3,92,,G線上の魔王
mutekikyuu believer,3,92,,無敵級*ビリーバー
noworld,3,92,,アラズヨ
kaisha to shiseikatsu,3,92,,会社と私生活
jewelpet sunshine,3,92,,ジュエルペットサンシャイン
oshiete miko sensei (series),3,92,,
lamune,3,92,,ラムネ
oku-sama wa joshi kousei,3,92,,おくさまは女子高生
super mario bros. 2,3,92,,スーパーマリオUSA
kanojo ga flag wo oraretara,3,92,,彼女がフラグをおられたら
tron,3,92,,トロン
pieces of sweet stars,3,92,,キラメキ☆ヨーコ
suicide squad isekai,3,91,,異世界スーサイド・スクワッド
dark side of the moon,3,91,,狂気
pikmin bloom,3,91,,ピクミンブルーム
super mario 3d world + bowser's fury,3,91,,スーパーマリオ3Dワールド+フューリーワールド
gundam lost war chronicles,3,91,,機動戦士ガンダム戦記
beatmania iidx 16 empress,3,91,,
hoshiiro girldrop,3,91,,星色ガールドロップ
otonari no musume-san wa ore ni ki ga aru you dakara pet ni shite mita.,3,91,,お隣の娘さんは俺に気があるようだからペットにしてみた。
yume wazurai,3,91,yumewazurai,ユメワズライ
god of war ragnarok,3,91,,
astral buddy,3,91,,アストラル・バディ
arthurian legend,3,91,,アーサー王伝説
cartagra,3,91,,カルタグラ
adventurer's guild girls,3,91,,冒険少女ギルド
kemono friends festival,3,91,,けものフレンズFESTIVAL
clock over orquesta,3,91,,クロケスタ
zoku satsuriku no django,3,91,,続・殺戮のジャンゴ-地獄の賞金首-
naraku,3,91,,奈落(フリーゲーム)
moeru! jiten,3,91,,萌える!事典
fantasy bishoujo juniku ojisan to,3,91,,異世界美少女受肉おじさんと
silent hill (movie),3,91,,サイレントヒル(映画)
palette project,3,91,,パレットプロジェクト
mai ball!,3,91,,マイぼーる!
raul to kyuuketsuki (ohayousan 084),3,91,,ラウルと吸血鬼
iichan.ru,3,91,,iichan.ru
fantasia re:build,3,91,,ファンタジア・リビルド
cross channel,3,91,,クロスチャンネル
pink sniper,3,91,,ピンクスナイパー
shiei no sona-nyl,3,91,,紫影のソナーニル
ballroom e youkoso,3,91,welcome to the ballroom,ボールルームへようこそ
gekijigen tag: blanc + neptune vs zombie gundan,3,90,,激次元タッグブラン+ネプテューヌVSゾンビ軍団
ren'ai saiban (vocaloid),3,90,love trial (vocaloid),恋愛裁判
roshutsu-kei mahou shoujo,3,90,,露出系魔法少女ラブリィ☆リリィ
star wars: the phantom menace,3,90,,エピソード1
iii (hololive),3,90,,
drive (movie),3,90,,ドライブ
kawaikute gomen (honeyworks),3,90,,可愛くてごめん
major,3,90,,メジャー
total war,3,90,,完全な戦争
pop mart,3,90,,
siren (series),3,90,,
dragon quest builders,3,90,,ドラゴンクエストビルダーズ
league of legends: wild rift,3,90,,
pastel memories,3,90,,ぱすてるメモリーズ
star wars: the old republic,3,90,,
um jammer lammy,3,90,,ウンジャマ・ラミー
mars expedition,3,90,,火星遠征
getter robo g,3,90,,ゲッターロボG
study steady 2,3,90,,スタディ§ステディ2
galaxy fight,3,90,,ギャラクシーファイト
brave fencer musashiden,3,90,,ブレイヴフェンサー武蔵伝
mega man 6,3,90,,ロックマン6
yukkuri youmu to hontou wa kowai cthulhu shinwa,3,90,,ゆっくり妖夢と本当はこわいクトゥルフ神話
nelke to densetsu no renkinjutsushi tachi,3,90,nelke & the legendary alchemists,ネルケのアトリエ
super robot wars dd,3,90,,スパロボDD
psycho soldier,3,90,,サイコソルジャー
tenchi souzou,3,90,,天地創造
double lariat (vocaloid),3,90,,ダブルラリアット
under the moon,3,90,,アンダーザムーン
buraiden gai,3,90,,無頼伝涯
gakuen taisen valkyries,3,90,,学園大戦ヴァルキリーズ
cooking idol ai! mai! main!,3,90,,クッキンアイドル_アイ!マイ!まいん!
astral chain,3,90,,アストラルチェイン
maplestory 2,3,90,,メイプルストーリー2
kimi wa meido-sama,3,90,you are ms. servant,君は冥土様。
dragon's shadow,3,90,,ドラゴンズシャドウ
to heart 2 dungeon travelers,3,90,,ダンジョントラベラーズ
existence,3,90,,存在
oppai baka,3,90,,おっぱいバカ
sakusei byoutou,3,90,,搾精病棟
synduality noir,3,90,,
muv-luv alternative strike frontier,3,90,muvluv alternative strike frontier,マブラヴオルタネイティヴストライクフロンティア
sousei no aquarion,3,90,,創聖のアクエリオン
ixion saga,3,90,,イクシオンサーガ
bohemian rhapsody,3,89,,ボヘミアン・ラプソディー
tensei colosseum: saijaku skill de saikyou no onna-tachi wo kouryaku shite dorei harem tsukurimasu,3,89,reincarnation coliseum,転生コロシアム
monark,3,89,,モナーク
pokemon super mystery dungeon,3,89,,ポケモン超不思議のダンジョン
waka okami wa shougakusei!,3,89,"okko's inn,wakaokami wa shougakusei",若おかみは小学生!
ultraman ace (series),3,89,,ウルトラマンA
ben 10: ultimate alien,3,89,,アルティメットエイリアン
dengeki bunko,3,89,,電撃文庫
zenshuu,3,89,,アニメ全修
hatsuyuki sakura,3,89,,はつゆきさくら
konakana 2: konata yori kanata made ii,3,89,,
365 days (love live!),3,89,,
sword art online: fatal bullet,3,89,,ソードアート・オンラインフェイタル・バレット
ryuu ga gotoku 4,3,89,,龍が如く4
gentlecats,3,89,,
heart to heart!,3,89,,マリン編
aiyoku no eustia,3,89,,穢翼のユースティア
happy shijo shugi!,3,89,,ハッピー至上主義!
kuro games,3,89,,库洛游戏
the walking dead,3,89,,ザ・ウォーキング・デッド
ivan the terrible and his son ivan,3,89,,イワン雷帝とその息子
growlanser iv,3,89,,グローランサーIV
ookamiden,3,89,,大神伝
pixiv mahou gakuen,3,89,,【まほがく】
catherine: full body,3,89,,キャサリン：全身
shelter (song),3,89,,シェルター
devil maker,3,89,,悪魔のメーカー
girls book maker,3,89,,ガールズ・ブック・メイカー
food girls,3,89,,フードガールズ
dance with devils,3,89,,悪魔と踊ります
phantom breaker,3,89,,ファントムブレイカー
loveless,3,88,,ラブレス
itunes,3,88,,アイチューンズ
aquarium wa odoranai,3,88,,アクアリウムは踊らない
heavily armed high school girls,3,88,,重兵装型女子高生
mahou shoujo ikusei keikaku jokers,3,88,,魔法少女育成計画JOKERS
spider-verse (comics),3,88,,スパイダーバース
tenkuu no yumina,3,88,,天空のユミナ
pokemon mystery dungeon: rescue team dx,3,88,,救助隊DX
hanamusubi (love live!),3,88,,ハナムスビ
pppp (vocaloid),3,88,,
koi ga saku koro sakura doki,3,88,,恋がさくころ桜どき
shizuku (game),3,88,,雫(ゲーム)
honoo no toukyuujo: dodge danko,3,88,,ドッジ弾子
odo (song),3,88,,踊
round1,3,88,round one,ラウンドワン
shenmue iii,3,88,,シェンムー3
mousou dairinin,3,88,,妄想代理人
funguary,3,88,,
gardnerverse,3,88,,Gardnerverse
we love cold war,3,88,,
primal hearts,3,88,primal x hearts,プライマルハーツ
armored core v,3,88,armored core 5,装甲コア5
akihabara dennou gumi,3,88,,アキハバラ電脳組
majisuka gakuen,3,88,,マジすか学園
solitude rain (love live!),3,88,,孤独な雨（ラブライブ！）
sekaiju no meikyuu x,3,88,,世界樹の迷宮X
flame toys,3,88,,合機巧
blue reflection tie,3,88,blue reflection: second light,ブルーリフレクション帝
black panther (movie),3,88,,ブラックパンサー(映画)
geminism,3,88,,げみにずむ
radiata stories,3,88,,ラジアータストーリーズ
nepnep connect: chaos chanpuru,3,88,,ねぷねぷ✩コネクトカオスチャンプル
asumi-chan wa rezu fuuzoku ni kyoumi ga arimasu!,3,88,asumi-chan is interested in lesbian brothels!,彩純ちゃんはレズ風俗に興味があります!
yumeria,3,88,,ゆめりあ
tears to tiara,3,88,,ティアーズ・トゥ・ティアラ
yume miru kusuri,3,88,,ユメミルクスリ
yuuwaku scramble,3,88,,ユウワクスクランブル
angel flavor,3,88,,エンジェルフレーバー
stellar theater,3,88,,ステラシアター
suzumiya haruhi no tsuisou,3,88,the reminiscence of haruhi suzumiya,涼宮ハルヒの追想
gintama movie 2: yorozuya yo eien nare,3,88,,万事屋よ永遠なれ
choushinjiku game neptune unlimited,3,87,,ネプアンリミテッド
science (synthesizer v),3,87,saiensu (synthesizer v),サイエンス
gal guardians,3,87,,グリムガーディアンズ
new mutants,3,87,,
genzai monogatari,3,87,,原罪物語
slow motion (vocaloid),3,87,,すろぉもぉしょん
starmine (manga),3,87,,スターマイン
katainaka no ossan kensei ni naru,3,87,from old country bumpkin to master swordsman,片田舎のおっさん、剣聖になる
niginigi nijitown,3,87,,にぎにぎにじたうん
tomoyo after,3,87,,智代アフター
adventurequest,3,87,,
sefri no ichihara ga nigashite kurenai,3,87,,セフレの市原が逃がしてくれない
ego trigger,3,87,,自我のトリガー
halo: reach,3,87,,ハロー：リーチ
succubus prison,3,87,,サキュバスプリズン
lelie navigation,3,87,,レリィ・ナビゲーション!~少女路地裏紀行~
kaitou sentai lupinranger vs. keisatsu sentai patranger,3,87,,快盗戦隊ルパンレンジャーVS警察戦隊パトレンジャー
ace combat 5,3,87,,エースコンバット5
urayasu tekkin kazoku,3,87,super radical gag family,浦安鉄筋家族
book of genesis,3,87,,創世記
shinken-zemi,3,87,,進研ゼミ
aika r-16,3,87,,アイカR-16
cryptract,3,87,,幻獣契約クリプトラクト
high speed!,3,87,,ハイ☆スピード!
like mother like daughter,3,87,ttog dalm-eun ttal,如出一辙的女儿
fragile: sayonara tsuki no haikyo,3,87,,FRAGILE〜さよなら月の廃墟〜
dungeons & princess,3,87,,ダンジョンズ&プリンセス
let's go kaikigumi,3,87,,レッツゴー怪奇組
birdmen (manga),3,87,,
kikuru (vtuber),3,87,,キクル
yomiuri giants,3,87,,読売ジャイアンツ
kingsman: the secret service,3,87,,キングスマン
hades project zeorymer,3,87,,冥王計画ゼオライマー
class no gal ni kuuki atsukai sareteimasu,3,87,,クラスのギャルに空気扱いされています
wacky races,3,87,,チキチキマシン猛レース
detroit metal city,3,87,,デトロイト・メタル・シティ
zombie-ya reiko,3,87,reiko the zombie shop,ゾンビ屋れい子
momoiro montage,3,87,,ももいろモンタージュ
higashi no eden,3,87,,東のエデン
yurucamp movie,3,87,,映画ゆるキャン△
oyasumi sex,3,87,,おやすみせっくす
yomawari,3,87,,夜廻
spectral souls,3,87,,スペクトルソウル
re:zero kara ayamatsu isekai seikatsu,3,86,,アヤマツ
okinawa de suki ni natta ko ga hougen sugite tsurasugiru,3,86,okitsura,沖縄で好きになった子が方言すぎてツラすぎる
tententengokujigokugoku (aiobahn),3,86,,おほほあーと
mushoku tensei: game ni nattemo honki dasu,3,86,,無職転生~ゲームになっても本気だす~
regular show,3,86,,レギュラーSHOW
mang-jong,3,86,,亡種
makai tenshi djibril 2,3,86,,魔界天使ジブリールepisode2
perfect night (le sserafim),3,86,,
blood alone,3,86,,
viewtiful joe,3,86,,ビューティフルジョー
chou megami shinkou noire gekishin black heart,3,86,hyperdevotion noire: goddess black heart,超女神信仰ノワール激神ブラックハート
five nights at freddy's: sister location,3,86,,
fushigi to kimi to library,3,86,,不思議と君とライブラリー
jollibee,3,86,,ジョリビー
pokemon the movie: i choose you!,3,86,pokemon m20,劇場版ポケットモンスターキミにきめた!
headphone actor (vocaloid),3,86,,ヘッドフォンアクター
shin megami tensei: if...,3,86,,真・女神転生if...
tatakae!! iczer-1,3,86,,戦え!!イクサー1
wicked,3,86,,ウィキッド
drag-on dragoon 2,3,86,,"ドラッグオンドラグーン2,"
wind a breath of heart,3,86,,心の息を吹きます
mahou tsukai tai!,3,86,magic user's club,魔法使いTai!
comic cune,3,86,,コミックキューン
kitsune no oyome-chan,3,86,,狐のお嫁ちゃん
aiobahn,3,86,,おほほあーと
oshiego ni kyouhaku sareru no wa hanzai desu ka?,3,86,,教え子に脅迫されるのは犯罪ですか?
shenmue the animation,3,86,,シェンムーアニメ
untitled goose game,3,86,,いたずらガチョウがやって来た!
celebration! (love live!),3,86,,
schoolboy runaway,3,86,,
wall-e,3,86,,ウォーリー
giri giri sisters,3,86,,ギリギリ♥Sisters
hospital rokunin no ishi,3,86,trauma team (atlus),HOSPITAL.6人の医師
uchouten kazoku,3,86,,有頂天家族
wakabayashi-kun ga nekasete kurenai,3,86,,若林くんが寝かせてくれない
romantic saga of beauty & devil,3,86,,姬魔恋战纪
steven universe: the movie,3,86,,スティーブン・ユニバース:ザ・ムービー
dennou tenshi djibril,3,86,,電脳天使ジブリール
hakoniwa keikaku,3,86,,ハコニワケイカク
dears,3,86,,ディアーズ
wjsn,3,86,,宇宙少女
saimin kanojo (ichiyou moka),3,86,,催眠カノジョ
zelda ii: the adventure of link,3,85,,リンクの冒険
fitness boxing feat. hatsune miku: isshoni exercise,3,85,fit boxing feat. hatsune miku: isshoni exercise,Fit_Boxing_feat._初音ミク_-ミクといっしょにエクササイズ
buckshot roulette,3,85,,
lunacid,3,85,,
changeability of strange dream,3,85,,夢違科学世紀
type moon-ace,3,85,,TYPE-MOONエース
log horizon new adventure land,3,85,,
yokubou pandora,3,85,,欲望パンドラ
rayman origins,3,85,,レイマンオリジン
ievan polkka (vocaloid),3,85,,Ievan Polkka（Vocaloid）
asuka 120%,3,85,asuka 120 percent,あすか120%
osananajimi to wa lovecome ni naranai,3,85,,幼馴染とはラブコメにならない
birdbrain (synthesizer v),3,85,,
real bout high school,3,85,,リアルバウトハイスクール
tayutau koi no chirigiwa ni,3,85,,たゆたう恋の散り際に
wish (disney),3,85,,
yume shokuin to wasureji no kuroi yousei,3,85,yumekuro,ゆめくろ
super sons,3,85,,スーパーサンズ
saigo ni hitotsu dake onegai shite mo yoroshii deshou ka,3,85,may i ask for one final thing?,最後にひとつだけお願いしてもよろしいでしょうか
nusisring tactical,3,85,,Nusisring Tactical
liu yao,3,85,,六爻
kancolle arcade,3,85,,艦これアーケード
soldier game,3,85,,ソルゲ組
scrapped princess,3,85,,スクラップド・プリンセス
iriya no sora ufo no natsu,3,85,,イリヤの空、UFOの夏
mezzo forte,3,85,,メゾフォルテ
doko e iku no ano hi,3,85,,何処へ行くの、あの日
sangai senki,3,85,,山海戦記
okaasan to issho,3,85,,おかあさんといっしょ
saishuu heiki kanojo,3,85,,最終兵器彼女
eutopia (love live!),3,85,,ユートピア（ラブライブ！）
doom i,3,85,,
hanbun no tsuki ga noboru sora,3,85,,半分の月がのぼる空
jogakkou de otoko hitori na node kousoku de seiyoku no hakeguchi ni sareru nichijou,3,85,,女学校で男ひとりなので校則で性欲のはけ口にされる日常
eternal melody,3,85,,エターナルメロディ
battleship girl,3,85,,鋼鐵少女
mahou shoujo taisen contest 1,3,85,,魔法少女大戦イラコン
onimusha soul,3,85,,オニミーシャソウル
bunnimals,3,85,,バニマルズ
koisuru otome to shugo no tate,3,85,,恋する乙女と守護の楯
thriller (michael jackson),3,84,,
five nights at freddy's 3,3,84,,
madou monogatari 1-2-3,3,84,,魔導物語1-2-3
aoi tori (purple software),3,84,,アオイトリ
rise of the guardians,3,84,,ガーディアンズ伝説の勇者たち
tsue to tsurugi no wistoria,3,84,,杖と剣のウィストリア
denkou choujin gridman,3,84,,電光超人グリッドマン
tondemo skill de isekai hourou meshi,3,84,campfire cooking in another world with my absurd skills,とんでもスキルで異世界放浪メシ
lisa (series),3,84,,
gosei sentai dairanger,3,84,,五星戦隊ダイレンジャー
yuusha tokkyuu might gaine,3,84,,勇者特急マイトガイン
shuumatsu train doko e iku?,3,84,"shuumatsu train doko he iku?,train to the end of the world",終末トレインどこへいく?
kirby's epic yarn,3,84,,毛糸のカービィ
koi kakeru shin-ai kanojo,3,84,,恋×シンアイ彼女
dakaretai otoko 1-i ni odosarete imasu.,3,84,,だかいち
shining force exa,3,84,,シャイニングフォースイクサ
ore no kanojo ga bakemono datta,3,84,,俺の彼女がバケモノだった
titanfall,3,84,,泰坦陨落
pingu (series),3,84,,ピングー
arne no jikenbo,3,84,the case book of arne,アルネの事件簿
vampire hunter d,3,84,,吸血鬼ハンターD
monopoly,3,84,,モノポリー
daze (kagerou project),3,84,,Daze（Kagerou Project）
inazuma eleven (game),3,84,,イナズマイレブン（ゲーム）
kimi to boku,3,84,,君と僕。
owozu,3,84,,
nekura megane,3,84,,根暗眼鏡
desperado (yotaro),3,84,,デスペラド（ヨタロ）
shoujo mahou gaku littlewitch romanesque,3,84,,少女魔法学リトルウィッチロマネスク
kizuna kirameku koi iroha,3,84,,絆きらめく恋いろは
usavich,3,84,,ウサビッチ
one man's dream ii,3,84,,ワンマンズドリームII
night demon,3,84,,ナイトデーモン
moshimo ashita ga hare naraba,3,84,,もしも明日が晴れならば
denki-gai no hon'ya-san,3,84,,デンキ街の本屋さん
snow (game),3,84,,SNOW(スタジオメビウス)
devotion,3,84,,还愿
ye luoli,3,84,,叶罗丽
aki no urara no akane-iro shoutengai,3,84,,秋のうららの~あかね色商店街~
g.i. joe,3,83,,G.I.ジョー
mao (takahashi rumiko),3,83,,MAO(高橋留美子)
the mandela catalogue,3,83,mandela catalogue,マンデラカタログ
the punisher (series),3,83,,パニッシャー
livly island,3,83,,リヴリーアイランド
puyopuyo tetris,3,83,,ぷよぷよテトリス
paprika,3,83,,パプリカ
can can bunny,3,83,,きゃんきゃんバニー
dragon quest monsters,3,83,,ドラゴンクエストモンスターズ
glico,3,83,,江崎グリコ
eve (musician),3,83,,
jing wei qing shang,3,83,,泾渭情殇
odekake kozame,3,83,little shark's outings,おでかけ子ザメ
peter pan (novel),3,83,,ピーターパン
cubism (needy girl overdose),3,83,,きゅびずむ
aikatsu academy!,3,83,,アイカツアカデミー!
offside: diyusi,3,83,,オフッside:DIYUSI
kirarin revolution,3,83,,きらりん☆レボリューション
earthen miraculous sword,3,83,,鏈縁蛇叢釼
fukuoka softbank hawks,3,83,,福岡ソフトバンクホークス
biomega,3,83,,バイオメガ
swan lake,3,83,,白鳥の湖
linkin park,3,83,,リンキン・パーク
donkey kong (1981 game),3,83,,
idolatry,3,83,,アイドラトリィ
pen-pineapple-apple-pen,3,83,,ペンパイナッポーアッポーペン
itsudemo itsumademo (love live!),3,83,,いつでも、いつまでも
shokei shoujo no virgin road,3,83,the executioner and her way of life,処刑少女の生きる道
over the garden wall,3,83,,オーバー・ザ・ガーデンウォール
android (os),3,83,,Android（OS）
gaikotsu kishi-sama tadaima isekai e odekake-chuu,3,83,gaikotsu kishi-sama tadaima isekai e o dekake-chuu,骸骨騎士様、只今異世界へお出掛け中
dmc: devil may cry,3,83,,DMC：Devil May Cry
bokete,3,83,,ボケて
nakazawa-san no ikisugita yoru.,3,83,,中澤さんのいきすぎた夜。
watashi no hatsukoi wa hazukashisugite dare ni mo ienai,3,83,,私の初恋は恥ずかしすぎて誰にも言えない
endless overhaul,3,83,,
iyagatteru kimi ga suki,3,83,,嫌がってるキミが好き
gate of nightmares,3,83,,
binzume yousei,3,83,,瓶詰妖精
spider-man (toei),3,83,,スパイダーマッ
rikei ga koi ni ochita no de shoumeishitemita,3,83,,理系が恋に落ちたので証明してみた。
tower of saviors,3,83,,神魔の塔
akroglam,3,83,,アクログラム
parkour civilization,3,83,,跑酷文明
boin,3,83,,ボイン
jitsu wa watashi wa,3,83,my monster secret: actually i am...,実は私は
adventurequest worlds,3,83,,AdventureQuest Worlds
otoko girai na bijin shimai wo namae mo tsugezu ni tasuketara ittai dounaru?,3,83,,男嫌いな美人姉妹を名前も告げずに助けたら一体どうなる?
gift (game),3,83,,ギフト（ゲーム）
code vein ii,3,83,,コードヴェイン2
colorful kanan,3,83,,カラフルなカナン
wolf and parchment,3,83,shinsetsu spice and wolf,新説狼と香辛料
day of wrath (infinitypilot),3,83,,
material sniper,3,83,,マテリアルスナイパー
kimihagu,3,83,,きみはぐ
cookie run: tower of adventures,3,82,,
percy jackson and the olympians,3,82,,パーシー・ジャクソンとオリンポスの神々
infinity train,3,82,,インフィニティトレイン
super mario land,3,82,,スーパーマリオランド
tasogare no sinsemilla,3,82,,黄昏のシンセミア
masquerade channel,3,82,,ますかれーど
chou uchuu keiji gavan infinity,3,82,super space sheriff gavan infinity,超宇宙刑事ギャバンインフィニティ
atashi wa mondaisaku,3,82,,アタシは問題作
parquet (yuzusoft),3,82,,
meitantei marnie,3,82,,名探偵マーニー
onegai nugashite,3,82,,お願い、脱がシて。
ragcats,3,82,,
maid-san wa taberu dake,3,82,,メイドさんは食べるだけ
bleach: zanpakutou ibun hen,3,82,,漂白剤：Zanpakutou ibun hen
momo kyun sword,3,82,,モモキュンソード
tokimeki memorial girl's side 1st love,3,82,,ときメモgs1
kimi ni koisuru satsujinki,3,82,,きみに恋する殺人鬼
mirror tune (zutomayo),3,82,,ミラーチューン
tate no yuusha no nariagari rise,3,82,,
world of darkness,3,82,,闇の世界
3x3 eyes,3,82,,サザンアイズ
ao ashi,3,82,,アオアシ
touhoku rakuten golden eagles,3,82,,東北楽天ゴールデンイーグルス
redial (vocaloid),3,82,,リダイアル（ボーカロイド）
tear ring saga: yutona eiyuu senki,3,82,tear ring saga: utna heroes saga,ティアリングサーガ
marisa stole the precious thing,3,82,,魔理沙は大変なものを盗んでいきました
plants vs. zombies heroes,3,82,plants vs zombies heroes,
mass effect 1,3,82,,マスエフェクト
comic shingeki,3,82,,コミック真激
wet girls,3,82,,ウェットガールズ
happy maker!,3,82,,ハッピーメーカー！
the legend of dragoon,3,82,,レジェンドオブドラグーン
alice parade,3,82,,アリスパレード
kobato.,3,82,,こばと。
3di project,3,82,,3DIプロジェクト
miraroma,3,82,,みらろま
liberty leading the people,3,82,,民衆を導く自由の女神
hitobashira alice (vocaloid),3,82,alice human sacrifice (vocaloid),人柱アリス
bcy,3,82,,半次元
identity (vocaloid),3,82,,アイデンティティ(Kanaria)
agarest senki 2,3,82,,アガレスト戦記2
chaos code,3,82,,カオスコード
tsuki ni yorisou otome no sahou 2,3,82,,月に寄りそう乙女の作法2
konohana kitan,3,82,,このはな綺譚
regalia the three sacred stars,3,82,,レガリア_The_Three_Sacred_Stars
kandagawa jet girls,3,82,,神田川JETGIRLS
bakugan battle brawlers,3,82,,爆丸バトルブローラーズ
junketsu no maria,3,82,,純潔のマリア
teria saga,3,82,,テリアサーガFAイラコン
jain no ikenie (series),3,82,,邪淫のいけにえ
tentai senshi sunred,3,82,,天体戦士サンレッド
moon knight (disney+),3,81,,
idolmaster shiny festa,3,81,,アイドルマスターシャイニーフェスタ
shantae and the seven sirens,3,81,,シャンティと7人のセイレーン
shadowverse evolve,3,81,,シャドウバース・エボルヴ
daibanchou,3,81,,大番長
fractale,3,81,,フラクタル-FRACTALE-
tokusou sentai dekaranger,3,81,,特捜戦隊デカレンジャー
siren and scientist,3,81,,
star fox assault,3,81,,スターフォックスアサルト
lamento,3,81,,lamento
shin mazinger zero,3,81,,真マジンガーZERO
sen no hatou tsukisome no kouki,3,81,,千の刃濤、桃花染の皇姫
drawtectives,3,81,,
mega man battle network 3,3,81,,ロックマンエグゼ3
tonikaku kawaii,3,81,,トニカクカワイイ
killing bites,3,81,,キリングバイツ
madness combat,3,81,,マッドネスコンバット
fudatsuki no kyouko-chan,3,81,,ふだつきのキョーコちゃん
kuroiwa medaka ni watashi no kawaii ga tsuujinai,3,81,,黒岩メダカに私の可愛いが通じない
beyblade x,3,81,,ベイブレードX
hayate x blade,3,81,,はやて×ブレード
koi to uso,3,81,,恋と嘘
atlach-nacha,3,81,,アトラッハ・ナチャ
end roll,3,81,,エンドロール
dead man's questions,3,81,,デッドマンズQ
crusher joe,3,81,,クラッシャージョウ
mafia (vocaloid),3,81,,マフィア（ボーカロイド）
na nare hana nare,3,81,narenare -cheer for you!-,菜なれ花なれ
sangokushi puzzle taisen,3,81,,三国志パズル大戦
bokujou monogatari: mittsu no sato no taisetsuna tomodachi,3,81,,3つの里の大切な友達
sousaku kanojo no renai koushiki,3,81,,創作彼女の恋愛公式
loli bitch island,3,81,,ろりびっちアイランド
300 heroes,3,81,,300英雄
paper man,3,81,,ペーパーマン
sega hard girls,3,81,,Hi☆sCoool!セハガール
the euro front,3,81,,ユーロフロント
golden time,3,81,,ゴールデンタイム
viper f40,3,81,,Viper F40
desktop army,3,81,,デスクトップアーミー
kyoukai senki,3,81,,境界戦機
hinamatsuri (manga),3,81,,ヒナまつり
love money rock'n'roll,3,81,,恋、マネー、ロックンロール
saturn devouring his son,3,81,,我が子を食らうサトゥルヌス
internet explorer (webcomic),3,81,,インターネットエクスプローラー（ウェブコミック）
konayuki fururi,3,81,,こなゆきふるり
inochigake demo tarinai no sa,3,81,,命がけでもたりないのさ
robot neoanthropinae polynian,3,80,,ロボット新人類ポリニアン
venom (vocaloid),3,80,,ベノム
loss time memory (vocaloid),3,80,,ロスタイムメモリー
fox spirit matchmaker,3,80,"enmusubi no youko-chan,huyao xiao hongniang",縁結びの妖狐ちゃん
wonder zone,3,80,,ワンダーゾーン
sengoku blade,3,80,,戦国ブレード
evanescent existence,3,80,,鏈縁无現里
dead dead demons de dedede destruction,3,80,,デッドデッドデーモンズデデデデデストラクション
yuusha ni narenakatta ore wa shibushibu shuushoku wo ketsui shimashita.,3,80,,勇者になれなかった俺はしぶしぶ就職を決意しました。
meitantei conan card game,3,80,,名探偵コナンカードゲーム
pinocchio (disney movie),3,80,,ピノキオ(ディズニー)
the sims,3,80,,シムピープル
reflection in the mirror (love live!),3,80,,
rta in japan,3,80,,日本のRTA
hatsukoi zombie,3,80,,初恋ゾンビ
bushiroad,3,80,,ブシロード
the king of fighters '98,3,80,,ザ・キング・オブ・ファイターズ'98
camellia (musician),3,80,,かめりあ
echo project,3,80,,
madagascar (series),3,80,,マダガスカル
isshun de chiryou shiteita noni yakutatazu to tsuihou sareta tensai chiyushi yami healer toshite tanoshiku ikiru,3,80,,闇ヒーラー
nekomonogatari white,3,80,,猫物語白
gakkou de atta kowai hanashi,3,80,,学校であった怖い話
inazuma eleven go vs danball senki w,3,80,,イナズマイレブンGOvsダンボール戦機W
stargazer (series),3,80,,
harley quinn (cartoon),3,80,,
welcome to night vale,3,80,,
ys vi: the ark of napishtim,3,80,ys vi ark of napishtim,イース6
tohotopia,3,80,,
bungaku shoujo,3,80,,“文学少女”シリーズ
moon gundam,3,80,,機動戦士ムーンガンダム
johnny bravo (series),3,80,,ジョニー・ブラボー
obsolete meat (vocaloid),3,80,,オブソミート
isekai nonbiri nouka,3,80,farming life in another world,異世界のんびり農家
owl corps: parumpasser,3,80,,
yureru bus guide ~oppai ga ippai~,3,80,,揺れるバスガイド~おっぱいがいっぱい~
koibana ren'ai,3,80,,コイバナ恋愛
touhou unreal mahjong,3,80,,東方幻想麻雀
crossbone gundam ghost,3,80,,機動戦士クロスボーン・ガンダムゴースト
demon days (gorillaz),3,80,,ディーモン・デイズ
the emperor's new groove,3,80,,ラマになった王様
kaiba,3,80,,カイバ
maximum impact ii,3,80,,最大衝撃II
leaf (studio),3,80,,リーフ（スタジオ）
disney tsum-tsum,3,80,,ディズニーツムツム
tsukino talent production,3,80,,ツキノ芸能プロダクション
sabagebu!,3,80,,さばげぶっ!
spirit animals in disguise,3,80,,千变灵兽
joreibu no mikado-san,3,80,,除霊部の御門さん
garo: honoo no kokuin,3,80,,炎の刻印
shin yomawari,3,80,,深夜廻
mewgenics,3,79,,喵喵的结合
hataraku ufo,3,79,,はたらくUFO
tenchi muyou! ryou-ouki,3,79,,天地無用!魎皇鬼
yesterday wo utatte,3,79,,イエスタデイをうたって
game center shoujo to ibunka kouryuu,3,79,"cultural exchange with a game centre girl,cultural exchange with game center girl",ゲーセン少女と異文化交流
baldi's basics,3,79,,
mizuryuland,3,79,,水龍敬ランド
digimon world,3,79,,デジモンワールド
siivagunner,3,79,,
mythic live,3,79,,神話のライブ
miracle na now! (idolmaster),3,79,,ミラクルナナウ(゚∀゚)!
lifesteal smp,3,79,,偷命
shine!! (idolmaster),3,79,,輝く！！ （Idolmaster）
hikyou tanken fam & ihrie,3,79,,ファム&イーリー
olverse,3,79,,olverse
dota: dragon's blood,3,79,,DOTA：ドラゴンの血
gdgd fairies,3,79,,gdgd妖精s
quanmian shidai,3,79,,全棉时代
rental shop de oneesan wo rental suru hanashi,3,79,,レンタルショップでお姉さんをレンタルする話
monty python and the holy grail,3,79,,モンティ・パイソン・アンド・ホーリー・グレイル
venomania kou no kyouki (vocaloid),3,79,"dance with asmodeus (vocaloid),the madness of duke venomania (vocaloid)",ヴェノマニア公の狂気
kamitsure ~7 no nijou fushigi~,3,79,,カミツレ~7の二乗不思議~
technoroid,3,79,,テクノロイド
rec (manga),3,79,,
indiana jones (series),3,79,,インディ・ジョーンズシリーズ
megalobox,3,79,megalo box,メガロボクス
dragon quest swords,3,79,,ドラゴンクエストソード
kung-fu-piggy,3,79,,ピギーワン
witch springs,3,79,,魔女の泉
tona-gura!,3,79,,となグラ!
jet set radio future,3,79,,ジェットセットラジオフューチャー
birdcage (love live!),3,79,,バアドケージ
mana khemia 2,3,79,,マナケミア2
demon mages,3,79,,悪魔の魔術師
wonderlab,3,79,,
monster collection,3,79,,モンスター・コレクション
break blade,3,79,broken blade (series),ブレイクブレイド
magrona channel,3,79,,マグロナ
shigurui,3,79,,シグルイ
yararara (synthesizer v),3,79,,ヤラララ
koutetsu tenshi kurumi,3,79,,鋼鉄天使くるみ
ringetsu,3,79,,リンゲツ
akkun to kanojo,3,79,,あっくんとカノジョ
ragnarock city,3,79,,ラグナロックシティ
pinterest,3,78,,
minions (movie),3,78,,ミニオン
boku wa chiisana succubus no shimobe,3,78,,僕は小さな淫魔〈サキュバス〉のしもべ
comiket 77,3,78,c77,コミケ77
slipknot,3,78,,スリップノット
the legend of zelda: phantom hourglass,3,78,,ゼルダの伝説夢幻の砂時計
star wars: ahsoka,3,78,,アソーカ
mamonomusume to no seikatsu,3,78,,魔物娘との性活~アルラウネの場合~
the kabocha wine,3,78,the pumpkin wine,Theかぼちゃワイン
vampire knight,3,78,,ヴァンパイア騎士
red:birthmark (song),3,78,,
rockman xover,3,78,,ロックマンクロスオーバー
cat food (vocaloid),3,78,,キャットフード
langrisser iv,3,78,,ラングリッサーIV
blood lad,3,78,,ブラッドラッド
one room,3,78,,ワンルーム
cocotama (series),3,78,,ここたま
itzy,3,78,,イチ
project wingman,3,78,,プロジェクト・ウィングマン
chokotto sister,3,78,,ちょこッとSister
new york yankees,3,78,,ニューヨーク・ヤンキース
pokemon xd,3,78,,ポケモンXD
paradiso guardian,3,78,,
relife,3,78,,リライフ
how to train your dragon 2,3,78,,ヒックとドラゴン2
grendizer u,3,78,,グレンダイザーU
heartopia,3,78,,
world heroes,3,78,,ワールドヒーローズ
mujin gattai kisaragi,3,78,,無尽合体キサラギ
akuyome,3,78,,
hell's kitchen,3,78,,ヘルズ・キッチン〜地獄の厨房
eien project,3,78,,
remembrance of earth's past,3,78,"3 body problem,diqiu wangshi",地球往事
ayano no koufuku riron (vocaloid),3,78,ayano's theory of happiness (vocaloid),アヤノの幸福理論
witches in 7th base,3,78,levasol defense corps,7拠点の魔女たち
la corda d'oro starlight orchestra,3,78,,金色のコルダスターライトオーケストラ
mario & luigi: dream team,3,78,,マリオ&ルイージRPG4
rogue one: a star wars story,3,78,,ローグ・ワン
laugh diamond,3,78,,ラフダイヤモンド
cosmic baton girl comet-san,3,78,,コメットさん☆
gundam seed c.e. 73: stargazer,3,78,,機動戦士ガンダムSEEDC.E.73STARGAZER
isei ni ikou ne (cevio),3,78,,異星にいこうね
ginga e kickoff!!,3,78,victory kickoff!!,銀河へキックオフ!!
fluffy land,3,78,,
100-kai furareta zetsubou-teki ni motenai ore o awarenda kareshi ari onna tomodachi ga nandemo eroi koto yarasete kureta!!,3,78,,100回フラれた絶望的にモテない俺を憐れんだ彼氏あり女友達が何でもエロい事ヤらせてくれた!!
aika zero,3,78,,アイカゼロ
folkssoul,3,78,,フォークスール
maid master,3,78,,メイドマスター
book of yog,3,78,,依盖之书
carole & tuesday,3,78,,キャロル&チューズデイ
kenran butou sai,3,78,,絢爛舞踏祭
binchou-tan,3,78,,びんちょうタン
koibito ga jibun ni dake misete kureru sugao ga toutoi,3,78,,恋人が自分にだけ見せてくれる素顔が尊い
ryuugajou nanana no maizoukin,3,78,,龍ヶ嬢七々々の埋蔵金
active raid,3,78,,アクティヴレイド
phantom blade (game),3,78,,ファントムブレイド
identity (love live!),3,78,,アイデンティティ(みらくらぱーく!)
persona q2: new cinema labyrinth,3,78,,ペルソナQ2
a simple life with my unobtrusive sister,3,77,,存在感薄い妹との簡単生活
ren'ai hajimemashite,3,77,,恋愛、はじめまして
true love story,3,77,,トゥルーラブストーリー
youkai watch shadowside,3,77,,妖怪ウォッチシャドウサイド
sekai saikou no ansatsusha isekai kizoku ni tensei suru,3,77,,世界最高の暗殺者、異世界貴族に転生する
twokinds,3,77,,
mega man xtreme 2,3,77,,ロックマンX2ソウルイレイザー
maou no ore ga dorei elf wo yome ni shitanda ga dou medereba ii?,3,77,,魔王の俺が奴隷エルフを嫁にしたんだが、どう愛でればいい?
yuusha no kuzu,3,77,scum of the brave,勇者のクズ
heated rivalry,3,77,,
pizuya's cell,3,77,,ぴずやの独房
zombie no afureta sekai de ore dake ga osowarenai,3,77,,ゾンビのあふれた世界で俺だけが襲われない
aphex twin,3,77,,aphex双子
house m.d.,3,77,,ハウスM.D.
echo (visual novel),3,77,,
langrisser re:incarnation,3,77,,ラングリッサーリインカーネーション
ultraman orb (series),3,77,,ウルトラマンオーブ
the lego movie,3,77,,LEGOムービー
toujima tanzaburou wa kamen rider ni naritai,3,77,,東島丹三郎は仮面ライダーになりたい
anata to mita sakura,3,77,,あなたと見た桜~姉妹妻~
i-dle,3,77,g-i-dle,ジー・アイドゥル
haishin shoujo no uraaka meikyuu,3,77,the streamer's alt account labyrinth,配信少女ノ裏垢迷宮
i love amy,3,77,naneun amyleul saranghae,
tokumei m (vocaloid),3,77,anonymous m (vocaloid),匿名M
ishura,3,77,,異修羅
vanillaware,3,77,,ヴァニラウェア有限会社
les chevaucheurs,3,77,,Les Chevaucheurs
noah fantasy,3,77,,ノアファンタジー
icetea,3,77,,ヨメミ
kenkou zenrakei suieibu umishou,3,77,,ケンコー全裸系水泳部ウミショー
really? really!,3,77,,リアリー?_リアリー!
jk bitch sannin musume!,3,77,,JKビッチ三人娘!
hoshizora no babylon,3,77,,星空のバビロン_-迫り来るコズミックすけべおねぇさんズ-
kimi omou koi,3,77,,君想ふ恋
pixiv succubus,3,77,,【ぴくサキュ】
tanken driland,3,77,,探検ドリランド
la peche party,3,77,,ラペパ
victory belles,3,77,,ビクトリーベルズ
kamen rider amazons,3,77,,仮面ライダーアマゾンズ
kendo shoujo,3,77,,剣道少女
otome wa boku ni koishiteru futari no elder,3,77,,乙女はお姉さまに恋してる~2人のエルダー~
eiyuu senki gold,3,77,,eiyuu senki Gold
2.5 jigen no ririsa tenshitachi no stage,3,77,,2.5次元の誘惑_天使たちのステージ
asana tansaku kikou,3,77,,アサナ探索紀行
shoumetsu toshi,3,77,,消滅都市
pokemon world championships,3,77,video game championships,ポケモンWCS
tezuka's star system,3,77,,手塚スターシステム
pokemon ranger and the temple of the sea,3,76,pokemon m09,ポケモンレンジャーと蒼海の王子マナフィ
kingdom come: deliverance,3,76,,
succubus homestay,3,76,,サキュバスホームステイ
awaria,3,76,,
tales of phantasia: narikiri dungeon,3,76,,テイルズオブファンタジアなりきりダンジョン
magolor epilogue,3,76,,マホロアエピローグ
project x zone 2,3,76,,プロジェクトクロスゾーン2
ryoushin no shakkin,3,76,,かたかわ
black clover: sword of the wizard king,3,76,,
patalliro!,3,76,,パタリロ!
dadadada tenshi (nanawo akari),3,76,,ダダダダ天使
ryuu ga gotoku kiwami,3,76,yakuza kiwami,龍が如く_極
blizzard entertainment,3,76,blizzard (company),ブリザード（会社）
marathon (series),3,76,,
ou-sama no propose,3,76,,王様のプロポーズ
resident evil: revelations 2,3,76,resident evil revelations 2,バイオハザードリベレーションズ2
resident evil: vendetta,3,76,resident evil vendetta,バイオハザードヴェンデッタ
spotify,3,76,,
neo geo battle coliseum,3,76,,ネオジオバトルコロシアム
stellarversepro,3,76,,
hansel and gretel,3,76,,ヘンゼルとグレーテル
zoku owarimonogatari,3,76,,続・終物語
magi stop,3,76,,
milk junkies,3,76,,MILK・ジャンキー
dragon raja (jiang nan),3,76,,龙族
jinzou konchuu kabutoborg vxv,3,76,,人造昆虫カブトボーグVxV
compass (love live!),3,76,,
my student spirit,3,76,,
vagrant story,3,76,,ベイグラントストーリー
sakigake generation!,3,76,,サキガケ⇒ジェネレーション!
xenoblade genesis,3,76,,ゼノブレイドジェネシス
starship troopers,3,76,,宇宙の戦士
rave (manga),3,76,"rave master,the groove adventure rave",レイヴ
kyou kara ore wa loli no himo!,3,76,,今日から俺はロリのヒモ!
song of the south,3,76,,南部の唄
doubutsu sentai zyuohger,3,76,,動物戦隊ジュウオウジャー
makai senki disgaea 6,3,76,,ディスガイア6
sengoku musou 1,3,76,samurai warriors 1,戦国無双1
form code,3,76,,フォームコード
ac/dc,3,76,,AC/DC
kuroinu 2,3,76,,黒獣2~淫欲に染まる背徳の都、再び~
tonari no seki-kun,3,76,,となりの関くん
bokutachi no remake,3,76,,ぼくたちのリメイク
taisen hot gimmick,3,76,,対戦ホットギミック
sengoku ace,3,76,,戦国エース
apex legends mobile,3,76,,Apexモバイル
helck,3,76,,ヘルク
triangle heart,3,76,,とらいあんぐるハート
monmusu harem,3,76,,モン娘☆は~れむ
fight ippatsu! juuden-chan!!,3,76,juden chan,ファイト一発!充電ちゃん!!
hoshiuta,3,76,,hoshiuta
pepper project,3,76,,ペッパープロジェクト
para-sol,3,76,,パラソル
shin sekai yori,3,76,from the new world,新世界より
front mission,3,75,,フロントミッション
the game of life (board game),3,75,,人生ゲーム
gal gun double peace,3,75,,ぎゃる☆がんだぶるぴーす
brave (pixar),3,75,,メリダとおそろしの森
countryhumans,3,75,,カントリーヒューマンズ
kokoro ga sakebitagatterunda.,3,75,kokosake,心が叫びたがってるんだ。
storyshift,3,75,,
supergirl (2026),3,75,,
dragon ball: sparking!,3,75,,ドラゴンボールSparking
girls symphony,3,75,,ガールズシンフォニー
5pb.,3,75,,5pb。
jimoto saikou,3,75,,地元最高!
super mario 3d land,3,75,,スーパーマリオ3Dランド
evenicle,3,75,,イブニクル
pan kogekoge ni nacchatta (utau),3,75,my bread was burnt to a crisp,パンこげこげになっちゃった
panasonic corporation,3,75,,パナソニック
dream with you (love live!),3,75,,
star ocean: the divine force,3,75,star ocean the divine force,スターオーシャン6
digimon xros wars: toki wo kakeru shounen hunter-tachi,3,75,,デジモンクロスウォーズ〜時を駆ける少年ハンターたち〜
cool&create,3,75,,クールと作成
boku no pico,3,75,,ぼくのぴこ
sonic superstars,3,75,,ソニックスーパースターズ
tsubasa la liberte,3,75,,ツバサ・ラ・リベルテ
kochira koufuku anshin iinkai desu (vocaloid),3,75,this is the happiness and peace of mind committee (vocaloid),こちら、幸福安心委員会です。
hoshizora tetsudou to shiro no tabi,3,75,,星空鉄道とシロの旅
key of like!,3,75,,
2xko,3,75,,
tamako love story,3,75,,たまこラブストーリー
cats (musical),3,75,,キャッツ
pretty guardian sailor moon,3,75,,美少女戦士セーラームーン(ドラマ)
gacha (lunime),3,75,,ガチャライフ2
marchen awakens romance,3,75,,メルヘヴン
baldr sky,3,75,,バルドスカイダイブ1ロストメモリー
tevi,3,75,,テビィ
cooking mama,3,75,,クッキングママ
esper mami,3,75,,エスパー魔美
supokon! sports wear complex,3,75,,すぽコン!
mario & sonic at the rio 2016 olympic games,3,75,,マリオ&ソニックATリオオリンピック
kono subarashii sekai ni shukufuku wo!: kurenai densetsu,3,75,konosuba: god's blessing on this wonderful world! legend of crimson,コノ・スバラシイ・セカイ・ニ・シュクフクウ・ウォー！：クレナイ・デンセツ
uchi no musume no tame naraba ore wa moshikashitara maou mo taoseru kamo shirenai.,3,75,,うちの娘の為ならば、俺はもしかしたら魔王も倒せるかもしれない。
mana khemia,3,75,,マナケミア
zero in,3,75,,ゼロイン
half-life 1,3,75,,ハーフライフ
wandavision,3,75,,ワンダヴィジョン
stellar stream (love live!),3,75,,
revolver (game),3,75,,リボルバー（ゲーム）
majodou,3,75,,魔女道~あの散り際の美しさ~
fisheye placebo,3,75,,フィッシュアイプラセボ
phantasy star zero,3,75,,ファンタシースターゼロ
denpa teki na kanojo,3,75,,電波的な彼女
mario & luigi: bowser's inside story,3,74,,マリオ&ルイージRPG3!!!
persona x detective,3,74,,ペルソナ×探偵NAOTO
aigan tenshi cheery pink,3,74,,愛玩天使チアリーピンク
harper's bazaar,3,74,,时尚芭莎
star strings yori,3,74,sutaa sutoringuzu yori,スターストリングスより
rpg maker,3,74,,RPGツクール
monster world,3,74,,モンスターワールド
bustafellows,3,74,,バスタフェロウズ
sengoku asuka zero,3,74,,戦国アスカZERO
stardays,3,74,,
the mighty nein,3,74,critical role: campaign ii,
genkai ol-san wa akuyaku reijou-sama ni tsukaetai,3,74,genkai ol-san wa akuyaku reijoh-sama ni tsukaetai,限界OLさんは悪役令嬢さまに仕えたい
tsuru no ongaeshi,3,74,,鶴の恩返し
kirby: canvas curse,3,74,kirby canvas curse,タッチ!カービィ
mahou shoujo ikusei keikaku aces,3,74,,魔法少女育成計画ACES
battlefield 1,3,74,,バトルフィールド1
sound holic,3,74,sound-holic,サンホリ
lingeries (ramune games),3,74,,
semelparous,3,74,,セメルパルス
caligula 2,3,74,,カリギュラ2
rosenkreuzstilette freudenstachel,3,74,,Rosenkreuzstilette Freudenstachel
gamers (store),3,74,,
rainbow bubblegem,3,74,,
little noah,3,74,,リトルノア
kaidan restaurant,3,74,,怪談レストラン
mirai ticket,3,74,,ミライチケット
jain no ikenie,3,74,,邪淫のいけにえ
sword art online: integral factor,3,74,,インテグラル・ファクター
pon no michi,3,74,,ぽんのみち
vs knight lamune & 40 fire,3,74,,VS騎士ラムネ&40炎
hindu mythology,3,74,,インド神話
p/a ~potential ability~,3,74,,p/a〜潜在能力〜
torikoro,3,74,,トリコロ
island (game),3,74,,ISLAND(フロントウイング)
the 3rd super robot wars alpha,3,74,,第3次スーパーロボット大戦α_終焉の銀河へ
ghost in the shell arise,3,74,koukaku kidoutai arise,攻殻機動隊arise
baten kaitos,3,74,,バテン・カイトス
xblaze lost: memories,3,74,,Xblaze Lost：思い出
seikishi melty lovers,3,74,,せいきしメルティラバーズ
cool cool toon,3,74,,
jamiroquai,3,74,,ジャミロクワイ
call of duty 4,3,74,,コールオブデューティ4モダン・ウォーフェア
1bitheart,3,74,,1bitheart
ex astris,3,74,,エクスアストリス
ryman's club,3,74,salaryman's club,リーマンズクラブ
miracle wave,3,74,,奇跡の波
bishounen series,3,74,,美少年シリーズ
chimimo,3,74,,ちみも
beauty and the beast (fairy tale),3,74,,美女と野獣
emina&aki,3,74,,エミナ＆アキ
tsukimi shokudouki,3,74,,月見食堂記
temptation,3,74,,誘惑
pixela project,3,74,,ピクセラ
garakuta road (idolmaster),3,73,,ガラクタロード
marvel's spider-man,3,73,spider-man (2018 game),PS4スパイダーマン
zettai bouei leviathan,3,73,leviathan: the last defense,絶対防衛レヴィアタン
digimon world -next 0rder-,3,73,,デジモンワールド-next0rder-
persona 5 tactica,3,73,,ペルソナ5タクティカ
strawberry shortcake (series),3,73,strawberry shortcake (copyright),草莓甜心
class de 2-banme ni kawaii onnanoko to tomodachi ni natta,3,73,i made friends with the second prettiest girl in my class,クラスで2番目に可愛い女の子と友だちになった
aoppella,3,73,,アオペラ
soul eater not!,3,73,,ソウルイーターノット!
pudu robotics,3,73,,
animate cafe,3,73,,アニメイトカフェ
shikihime zoushi,3,73,,式姫草子
shuusou gyoku,3,73,,しゅうそうぎょく
mega man 5,3,73,,ロックマン5
tsumihoroboshi-hen,3,73,,罪滅し編
the godfather,3,73,,ゴッドファーザー
rk music,3,73,,
sukiya,3,73,,すき家
pokemon the movie: secrets of the jungle,3,73,pokemon m23,ポケットモンスターココ
kingdom death,3,73,,キングダムデス
mayonaka punch,3,73,,真夜中ぱんチ
the elder scrolls online,3,73,,エルダー・スクロールズ・オンライン
ultraman cosmos (series),3,73,,ウルトラマンコスモス
sacred seven,3,73,,セイクリッドセブン
himitsu houjin death maker,3,73,,秘密法人デスメイカー
mega man battle network 1,3,73,,ロックマンエグゼ1
shirohime quest,3,73,,城姫クエスト
garten of banban,3,73,,GoB夢
pathologic,3,73,,
ar nosurge,3,73,,アルノサージュ
ilion sled dog sanctuary,3,73,,
tsukiji uogashi sandaime,3,73,,築地魚河岸三代目
adolescence (vocaloid),3,73,,アドレサンス
class no daikirai na joshi to kekkon suru koto ni natta.,3,73,"class no daikirai na joshi to kekkon suru koto ni natta,i'm getting married to a girl i hate in class,i'm getting married to a girl i hate in my class,i got married to the girl i hate most in class",クラスの大嫌いな女子と結婚することになった。
fate/dream striker,3,73,,
eguchi-san chi no junjou succubus,3,73,,江口さんちの純情サキュバス
bloody roar,3,73,,ブラッディロア
super robot wars og the inspector,3,73,,スーパーロボット大戦OG-ジ・インスペクター-
tokumei sentai go-busters,3,73,,特命戦隊ゴーバスターズ
osomatsu-san the movie,3,73,,えいがのおそ松さん
gamecenter cx,3,73,,ゲームセンターCX
earclacks,3,73,,
"unique job ""tanetsuke oji-san"" o kakutoku shimashita",3,73,,ユニークジョブ【種付けおじさん】を獲得しました
isekai shokudou,3,73,,異世界食堂
magikano,3,73,,マジカノ
wanko to lily,3,73,,ワンコとリリー
kyou no go no ni,3,73,,今日の5の2
majokko a la mode,3,73,,魔女っ娘ア・ラ・モード
viper gtb,3,73,,
acmeholic,3,73,,acmeholic
otoko no ko wa meido fuku ga osuki!?,3,73,,オトコのコはメイド服がお好き!?
pixiv festa,3,73,,pixivフェスタ
shuuen no shiori project,3,73,,終焉ノ栞プロジェクト
phantom rose,3,73,,ファントムローズ
the jungle book,3,73,,ジャングル・ブック
b gumi,3,73,,b gumi
floralia,3,73,,Floralia~フローラリア~
sachiiro hanamizuki,3,73,,幸色ハナミズキ
iron attack!,3,73,,
mentholatum,3,73,,メンソレータム
growlanser i,3,73,,Growlanser i
galaga,3,72,,ギャラガ
boukyaku battery,3,72,oblivion battery,忘却バッテリー
the grudge,3,72,ju-on,呪怨
nekopara sekai connect,3,72,,ネコぱらセカイコネクト
ren'ai karichaimashita,3,72,,恋愛、借りちゃいました
kikuo,3,72,,
all nippon airways,3,72,,全日本空輸
ananta,3,72,project mugen,无限大
persona trinity soul,3,72,,ペルソナトリニティソウル
super robot wars advance,3,72,,スーパーロボット大戦A
tsunagaru connect (love live!),3,72,,ツナガルコネクト
colorful dreams! colorful smiles! (love live!),3,72,,
ark re:code,3,72,,アークレコード
mega man: powered up,3,72,,ロックマンロックマン
sinisistar,3,72,,シニシスタ
toushinden 1,3,72,,
fate/grand carnival,3,72,,運命/グランドカーニバル
guilty gear strive: dual rulers,3,72,,
looping the rooms (vocaloid),3,72,,ループザルーム
night in the woods,3,72,,ナイト・イン・ザ・ウッズ
stella no mahou,3,72,,ステラのまほう
mementomori (game),3,72,,メメントモリ
panzer dragoon,3,72,,パンツァードラグーン
kouryuu densetsu villgust,3,72,,甲竜伝説ヴィルガスト
maid dolce,3,72,,めいどるーちぇ
teletubbies,3,72,,テレタビーズ
burn-up,3,72,,バーンナップ
sangoku hime,3,72,,三極姫
kemonomichi,3,72,,けものみち
seno lepo,3,72,,セノ・レポ
michiko to hacchin,3,72,,ミチコとハッチン
mr. and mrs. smith,3,72,,Mr.&Mrs.スミス
hikage monogatari,3,72,,ひかげものがたり
key the metal idol,3,72,,キィ・ザ・メタル・アイドル
additional memory (vocaloid),3,72,,アディショナルメモリー
pixiv trainer,3,72,,pixivトレーナー
choujigen game neptune sisters vs sisters,3,72,neptunia: sisters vs sisters,超次元ゲイムネプテューヌ_Sisters_vs_Sisters
eternal senia,3,72,,永遠のセニア
spectral force,3,72,,スペクトラルフォース
oniro,3,72,,オニロ
shinigami dot com,3,72,,死神ドットコム
hatsukoi 1/1,3,72,,初恋1/1
"""rouhou"" ore no iinazuke ni natta jimiko ie dewa kawaii shikanai.",3,72,,【朗報】俺の許嫁になった地味子、家では可愛いしかない。
toys drive,3,72,,トイズドライブ
aiura,3,72,,あいうら
joshi shougakusei hajimemashita,3,72,,女子小学生はじめました
dragon age: origins,3,72,,ドラゴンエイジ:オリジンズ
megami magazine creators,3,72,,メガミマガジンCreators
itsuka tenma no kuro usagi,3,72,,いつか天魔の黒ウサギ
ore ga suki nano wa imouto dakedo imouto janai,3,72,,俺が好きなのは妹だけど妹じゃない
command & conquer: red alert 3,3,72,command and conquer: red alert 3,コマンドと征服：レッドアラート3
kou iu no ga ii,3,72,,こういうのがいい
piofiore no bansho,3,71,,ピオフィオーレの晩鐘
static (vocaloid),3,71,,
nct (band),3,71,,
donkey kong country 2,3,71,,スーパードンキーコング2
hantsu x trash,3,71,,ハンツーxトラッシュ
ima kako mirai no sangenshoku,3,71,,今、過去、未来の三原色
sonic and the secret rings,3,71,,ソニックと秘密のリング
vgaming,3,71,,vgaming
gekkan uribou zakka-ten,3,71,,月刊うりぼうざっか店
norn's dine,3,71,,
code of princess,3,71,,コードオブプリンセス
onegai aipri,3,71,,おねがいアイプリ
eris no seihai,3,71,the holy grail of eris,エリスの聖杯
google search,3,71,,
karakuri circus,3,71,,からくりサーカス
towa tsugai,3,71,,トワツガイ
the dream of the fisherman's wife,3,71,,蛸と海女(葛飾北斎)
mikadono sanshimai wa angai choroi,3,71,,帝乃三姉妹は案外、チョロい。
amissio,3,71,,
reijuu no acolyte lufia,3,71,,隷従の聖侍祭ルフィア
the silence of the lambs,3,71,,羊たちの沈黙
ultraman omega (series),3,71,,ウルトラマンオメガ
nmixx,3,71,,
comiket 75,3,71,c75,コミケ75
lady death,3,71,,
candy (art book),3,71,,キャンディ（アートブック）
amd,3,71,,AMD
daydream mermaid,3,71,,
person of interest,3,71,,パーソン・オブ・インタレスト
hakaiou: gaogaigar vs. betterman,3,71,,覇界王〜ガオガイガー対ベターマン〜
kekkon yubiwa monogatari,3,71,tales of wedding rings,結婚指輪物語
i'm the grim reaper,3,71,,
voy@ger (idolmaster),3,71,,voy@ger（idolmaster）
help me erinnnnnn!!,3,71,,
gang road joker,3,71,,ギャングロードジョーカー
numan athletics,3,71,,ニューマンアスレチックス
world of final fantasy,3,71,,ファイナルファンタジーの世界
betterman,3,71,,ベターマン
stars we chase (love live!),3,71,,
bakappuru supplement,3,71,,バカップル・サプリメント
moonlight ~omoide no hajimari~,3,71,,MoonLight〜おもいでのはじまり〜
mamotte shugogetten!,3,71,,まもって守護月天!
popolocrois,3,71,,ポポロクロイス
yuusha party wo tsuihou sareta beast tamer saikyoushu no nekomimi shoujo to deau,3,71,beast tamer (series),勇者パーティーを追放されたビーストテイマー
remote control (vocaloid),3,71,rimocon (vocaloid),リモコン
sorairo utility,3,71,,空色ユーティリティ
honey select,3,71,,ハニーセレクト
beast wars ii,3,71,,ビーストウォーズII
kerberos saga,3,71,,ケルベロス・サーガ
vesperbell,3,71,,ヴェスパーベル
last chronicle,3,71,,ラストクロニクル
high school! kimengumi,3,71,,ハイスクール!奇面組
choujikuu kidan southern cross,3,71,the super dimension cavalry southern cross,超時空騎団サザンクロス
classy cranberry's,3,71,,クラ☆クラ~CLASSY☆CRANBERRY'S
majoca majoluna,3,71,,マジョカ†マジョルナ
shin megami tensei: liberation dx2,3,71,,D×2真・女神転生リベレーション
alice or alice,3,71,,ありすorありす
nijie,3,71,,ニジエ
eikou no guardian battle,3,71,,栄光のガーディアンバトル
djmax technika,3,71,dj max technika,djmax Technika
hime to boin,3,71,,姫とボイン
france shoujo,3,71,,仏蘭西少女
unholy sanctuary,3,71,,アンホリ☆プロダクション
pico (newgrounds series),3,70,"pico's school,pico (series)",
gal gun,3,70,,ぎゃる☆がん
nande koko ni sensei ga!?,3,70,why the hell are you here teacher!?,なんでここに先生が!?
x-men evolution,3,70,,X-MENエボリューション
kingdom come: deliverance ii,3,70,,キングダムカム・デリバランス2
plawres sanshirou,3,70,,プラレス3四郎
nickelodeon,3,70,,ニコロデオン
mahou sentai magiranger,3,70,,魔法戦隊マジレンジャー
code geachu lelouch of the calamity,3,70,,コードGeachu Lelouch of the Calamity
neon genesis evangelion: iron maiden,3,70,,新世紀エヴァンゲリオン_鋼鉄のガールフレンド
gensou suikoden tierkreis,3,70,,幻想水滸伝ティアクライス
scarlet nexus,3,70,,スカーレットネクサス
shining force i,3,70,,神々の遺産
toaru anbu no item,3,70,a certain item of dark side,
mayonaka heart tune,3,70,tune in to the midnight heart,真夜中ハートチューン
blade runner (1982 movie),3,70,,ブレードランナー
the avengers (2012),3,70,,アベンジャーズ(映画)
gundam g-saviour,3,70,,Gセイバー
spider-man 1 (2002),3,70,,スパイダーマン(映画)
le petit prince,3,70,,星の王子さま
my s-class hunters,3,70,"naega kiun s geubdeul,the s-classes that i raised",
sonny boy,3,70,,サニーボーイ
meet the team,3,70,"meet the demoman,meet the engineer,meet the heavy,meet the medic,meet the pyro,meet the scout,meet the sniper,meet the soldier,meet the spy",
death battle,3,70,,
101 dalmatians,3,70,one hundred and one dalmatians,101匹わんちゃん
dao mu bi ji,3,70,,盗墓笔记
deus ex,3,70,,デウスエクス
godzilla vs. kong,3,70,godzilla vs kong,ゴジラVSコング
jiangnan baijingtu,3,70,one hundred scenes of jiangnan,江南百景图
in'youchuu,3,70,,in'youchuu
babymetal,3,70,,ベビーメタル
symposium of post-mysticism,3,70,,東方求聞口授
paranormasight: the seven mysteries of honjo,3,70,,パラノマサイト
pathologic 2,3,70,,
dot abyss,3,70,,ドットアビス
transformers (2007 movie),3,70,,
lucky dog 1,3,70,,ラッキードッグ1
tsumamigui 3,3,70,,妻みぐい3
rememento: white shadow,3,70,,リメメント-ホワイトシャドウ-
juusha-chan to yaya zannen na yuusha no hanashi,3,70,,従者ちゃんとやや残念な勇者の話
counter-strike,3,70,,カウンターストライク
spec,3,70,,仕様
white breath,3,70,,白い呼吸
bishoujo mangekyou: wasurenagusa to eien no shoujo,3,70,,美少女万華鏡-忘れな草と永遠の少女-
herowarz,3,70,,最強の軍団
chiba lotte marines,3,70,,千葉ロッテマリーンズ
tora da yo.,3,70,,とらだよ。
saiko heart (love live!),3,70,,サイコーハート
comic grape,3,70,,コミックグレープ
atelier elie,3,70,,エリーのアトリエ
patapon,3,70,,パタポン
13cm,3,70,,13cm
aku no musume (series),3,70,,悪ノ娘
kimi no iru machi,3,70,,君のいる町
garry's mod,3,70,,
vivid world (love live!),3,70,,ビビッドワールド（ラブライブ！）
canvas sepia iro no motif,3,70,,Canvas~セピア色のモチーフ~
btooom!,3,70,,ブトゥーム
konneko,3,70,,コネコ
akeiro kaikitan,3,70,,あけいろ怪奇譚
kawaihara senpai wa kawaii ga suki!,3,70,,可愛原先輩はかわいいがすき!
ikkitousen xtreme xecutor,3,70,,Ikkitousen Xtreme Xecutor
daidaidaidaidaikirai (vocaloid),3,70,,ダイダイダイダイダイキライ
haruka ni aogi uruwashi no,3,70,,Haruka ni aogi uruwashi no
maou-sama to kekkonshitai,3,70,,魔王様と結婚したい
jinsei,3,70,,人生相談テレビアニメーション「人生」
dirty pair flash,3,70,,ダーティペアFLASH
harvest moon (vtuber),3,70,,ハーベストムーン（vtuber）
shota oni,3,69,,ショタおに
yuke yuke!! trouble makers,3,69,,ゆけゆけ!!トラブルメーカーズ
saikin osen (vocaloid),3,69,"bacterial contamination (vocaloid),saikin osen - bacterial contamination - (vocaloid)",細菌汚染
jucika (comic),3,69,,
hajimete no oisha-san,3,69,,はじめてのおいしゃさん
how about paipai mask? (houshou marine),3,69,,パイパイ仮面でどうかしらん?
reactivate majestical imperial,3,69,,鏈縁无現里
heisei gals!!!! (love live!),3,69,,平成ギャルズ!!!!
8eyes,3,69,,
hoshi furu yoru no farnese,3,69,,星降る夜のファルネーゼ
transformers: energon,3,69,transformers energon,スーパーリンク
yukata to rape to aniki to ore to.,3,69,,浴衣とレイプとアニキと俺と。
monster world iv,3,69,,モンスターワールドIV
ultraman leo (series),3,69,,ウルトラマンレオ
moon girl and devil dinosaur,3,69,,
star ocean ex,3,69,,スターオーシャンEX
uta no prince-sama maji love 2000%,3,69,uta no prince-sama maji love 2000 percent,うたの☆プリンスさまっ♪マジLOVE2000%
nayutan sei kara no buttai,3,69,,ナユタン星からの物体X
kidou battle gunvarrel,3,69,,機動バトラーガンヴァレル
inward (itwasleo),3,69,,
frame arms,3,69,,フレームアームズ
2bro.,3,69,,2bro。
salamander (vocaloid),3,69,,サラマンダー
strategic lovers,3,69,,ストラテジックラバーズ
police and lady,3,69,,えまちづ
boku to nurse no kenshuu nisshi,3,69,,ボクと彼女[ナース]の研修日誌
sagawa express,3,69,,佐川急便
kankin byoutou ~kyonyuu chijo nurse no nyuuin kango kiroku~,3,69,,姦禁病棟~巨乳痴女ナースの入淫看護記録~
chiyu mahou no machigatta tsukaikata,3,69,the wrong way to use healing magic,治癒魔法の間違った使い方
beatmania iidx 22 pendual,3,69,,
meitantei conan kurogane no submarine,3,69,detective conan: black iron submarine,名探偵コナン_黒鉄の魚影
hakusen (idolmaster),3,69,,白線
mousou zei (vocaloid),3,69,,妄想税
koori zokusei danshi to cool na douryou joshi,3,69,the ice guy and his cool female colleague,氷属性男子とクールな同僚女子
zetsuen no tempest,3,69,,絶園のテンペスト
project qt,3,69,,
emperors saga,3,69,,エンペラーズサガ
street fighter: duel,3,69,,ストリートファイター:デュエル
hisone to masotan,3,69,,ひそねとまそたん
kokoro navi,3,69,,こころナビ
ayakashi,3,69,,ayakashi
mushihimesama futari,3,69,,虫姫さまふたり
tonari no seki no yankee shimizu-san ga kami wo kuroku somete kita,3,69,,隣の席のヤンキー清水さんが髪を黒く染めてきた
yoidore shirazu (vocaloid),3,69,,酔いどれ知らず
joukyou seikatsuroku ichijou,3,69,ichijou: life in tokyo,上京生活録イチジョウ
moon (game),3,69,,
uruwashi no yoi no tsuki,3,69,,うるわしの宵の月
lost one no goukoku (vocaloid),3,69,lost one's weeping (vocaloid),ロストワンの号哭
zero project,3,69,,ゼロプロジェクト
okaeri papa,3,69,,「おかえり、パパ」
bokujou monogatari: waku waku animal march,3,69,,わくわくアニマルマーチ
isekai shinige ojousama,3,69,,異世界死にゲーお嬢様
neyuki no gen'ei,3,69,,根雪の幻影
hibikino-san-chi wa eroge-ya-san!,3,69,,響野さん家はエロゲ屋さん!
sakura kakumei,3,69,,サクラ革命
angel sanctuary,3,69,,天使禁猟区
kenzen robo daimidaler,3,69,daimidaler: prince vs. penguin empire,健全ロボダイミダラー
asatte no houkou,3,69,,あさっての方向。
girls revolution project,3,69,,少女革命計画
last night good night (vocaloid),3,69,,昨夜おやすみなさい（ボーカロイド）
futaba-san chi no kyoudai,3,69,,双葉さん家の姉弟
kamidori alchemy meister,3,69,,神採りアルケミーマイスター
onanie master kurosawa,3,69,,オナニーマスター黒沢
agent mirai,3,69,,エージェントミライ
harukanaru toki no naka de 3,3,69,haruka: beyond the stream of time 3,遙かなる時空の中で3
muteki kanban musume,3,69,,無敵看板娘
happy lesson,3,69,,ハピレス
hero-san to moto onna kanbu-san,3,69,superwomen in love! honey trap and rapid rabbit,ヒーローさんと元女幹部さん
dra+koi,3,69,,Dra+Koi
the caster chronicles,3,69,,魔法少女ザ・デュエル
miss monochrome,3,69,,ミス・モノクローム
monster high (g3),3,68,,
the office,3,68,,
chiisana mori no ookami-chan,3,68,,
black desert online,3,68,,黒い砂漠
nikki up2u,3,68,,
jojo no kimyou na bouken: mirai e no isan,3,68,jojo's bizarre adventure: heritage for the future,未来への遺産
rance 01,3,68,,ランス01
dream c club gogo.,3,68,,ドリームクラブgogo.
hyrule warriors: age of imprisonment,3,68,,ゼルダ無双封印戦記
someone hertz,3,68,,さむわんへるつ
fushigi mahou fun fun pharmacy,3,68,,ふしぎ魔法ファンファンファーマシィー
mahou no shimai lulutto lilly,3,68,,魔法の姉妹ルルットリリィ
217find!,3,68,,
shiroi yuki no princess wa (vocaloid),3,68,the snow white princess is (vocaloid),白い雪のプリンセスは
iris out (song),3,68,,
orange memories,3,68,,
usotsuki hime to moumoku ouji,3,68,the liar princess and the blind prince,嘘つき姫と盲目王子
langrisser v,3,68,,ラングリッサーV
artemis program,3,68,artemis ii,アルテミス計画
sokushi cheat ga saikyou sugite isekai no yatsura ga marude aite ni naranai n desu ga,3,68,,即死チートが最強すぎて、異世界のやつらがまるで相手にならないんですが。
virtual insanity (song),3,68,,
the hungry lamb: traveling in the late ming dynasty,3,68,epiao,飢えた子羊
ai kotoba iii (vocaloid),3,68,,愛言葉III
iwamotochou geinousha,3,68,,岩本町芸能社
henkei shoujo,3,68,,変形少女
kateikyoushi no onee-san,3,68,,家庭教師のおねえさん
dragon ball z kami to kami,3,68,,神と神
quartett!,3,68,,カルテット!
yong jie wujian,3,68,naraka: bladepoint,永劫无间
othellonia,3,68,,逆転オセロニア
uefa euros,3,68,,UEFA欧州選手権
call of duty: mobile,3,68,,CODモバイル
hand maid may,3,68,,ハンドメイドメイ
deep rock galactic,3,68,,
tales of the world radiant mythology 3,3,68,,テイルズオブザワールドレディアントマイソロジー3
love live! school idol festival ~after school activity~,3,68,,ラブライブ!スクールアイドルフェスティバル_~after_school_ACTIVITY~
who made me a princess,3,68,eoneu nal gongjuga doeeobeoryeotda,ある日、お姫様になってしまった件について
higeki no genkyou tonaru saikyou gedou last boss joou wa tami no tame ni tsukushimasu,3,68,the most heretical last boss queen: from villainess to savior,ラス為
seikyouiku series,3,68,,性教育シリーズ
final sword,3,68,,ファイナルソード
nuye,3,68,,ヌエ
yubisaki kara no honki no netsujou,3,68,,指先から本気の熱情
gekokujou (vocaloid),3,68,,下剋上(完)
joshi kousei no mudazukai,3,68,,女子高生の無駄づかい
long riders!,3,68,,ろんぐらいだぁす!
sweetest music,3,68,,最も甘い音楽
ragna crimson,3,68,,ラグナクリムゾン
torinoko city (vocaloid),3,68,,トリノコシティ
qp shooting,3,68,,QP撮影
triptych,3,68,,トリプティック
tatakau shisho,3,68,,戦う司書
gal dolva!!,3,68,,ギャルドルバ!!
project a.d.a.,3,68,,プロジェクトa.d.a.
nkshoujo,3,68,,Nkshoujo
kamipani!,3,68,,かみぱに!
tsuma to mama to boin,3,68,,妻とママとボイン
pixiv shadow,3,68,,ぴくカゲ
sengoku hime,3,68,,戦極姫
yuugai choujuu,3,67,,有害超獣
radiohead (band),3,67,,
senran kagura shinovi nexus,3,67,"senran kagura nexus,senran kagura project n",閃乱カグラ_PROJECT_N
pokedan icma,3,67,,ポケダンICMA
sasaki to miyano,3,67,,佐々木と宮野
icey (game),3,67,,艾希
transformers: war for cybertron,3,67,,
resident evil veronica,3,67,,
power rangers (boom! studios),3,67,"mighty morphin power rangers (boom! studios),power rangers prime,power rangers shattered grid",
lower (vocaloid),3,67,,ロウワー
the rolling riceball (idolmaster),3,67,,
kamisama minarai: himitsu no cocotama,3,67,,ヒミツのここたま
for honor,3,67,,フォーオナー
gundam suisei no majo: seishun frontier,3,67,,青春フロンティア
senjou no fuuga,3,67,fuga: melodies of steel,戦場のフーガ
kuraku kuroku (zutomayo),3,67,,
hitozuma kyoushi ga oshiego no joshikousei ni dohamari suru hanashi,3,67,,人妻教師が教え子の女子高生にドはまりする話
kyuukyoku shinka shita full dive rpg ga genjitsu yori mo kusoge dattara,3,67,,究極進化したフルダイブRPGが現実よりもクソゲーだったら
mezzo piano,3,67,,メゾピアノ
isaku,3,67,,遺作(ゲーム)
tragic drops (love live!),3,67,,
meitantei holmes,3,67,sherlock hound (series),名探偵ホームズ
start!! true dreams (love live!),3,67,,始める！！本当の夢（Love Live！）
insomniac workers,3,67,,
oni chichi,3,67,,鬼父
the 2nd super robot wars og,3,67,,第2次スーパーロボット大戦OG
touhou m-1 grand prix,3,67,,東方M-1ぐらんぷり
seikoku no dragonar,3,67,dragonar academy,星刻の竜騎士
super robot wars og moon dwellers,3,67,,スーパーロボット大戦OG_ムーン・デュエラーズ
a summer's end: hong kong 1986,3,67,,夏天的一天_—_香港_1986
sucking up to death,3,67,,
moldavite,3,67,,モルダヴァイト
hakata tonkotsu ramens,3,67,,博多豚骨ラーメンズ
cosmic break 2,3,67,,
metal max,3,67,,メタルマックス
sand land,3,67,,サンドランド
omokage ~ecchi na happening!? nandemo dontokoi!~,3,67,,オモカゲ~えっちなハプニング!?なんでもどんとこい!~
out (magazine),3,67,,月刊OUT
lotte (company),3,67,,ロッテ
appleseed,3,67,,アップルシード
pokemon ranger: shadows of almia,3,67,pokemon ranger 2,ポケモンレンジャーバトナージ
zytokine,3,67,cytokine,
ero zemi,3,67,,えろゼミ
girls logic observatory,3,67,,少女理論観測所
regretevator,3,67,,
blot plot,3,67,,ブロットプロット
yoroiden samurai troopers,3,67,,鎧伝サムライトルーパー
kekkaishi,3,67,,結界師
nabari no ou,3,67,,隠の王
obsession (movie),3,67,,
aura kingdom,3,67,,幻想神域
anitore! ex,3,67,,あにトレ!EX
megastore comics,3,67,,メガストアコミック
shinozaki-san ki wo otashikani,3,67,,篠崎さん気をオタしかに!
saimoe,3,67,,saimoe
mesu nie onna kyoushi,3,67,,牝贄女教師~私は彼の前で跪く~
gaiking: legend of daikuu maryuu,3,67,,ガイキングレジェンドオブダイクウマリュウ
top gear,3,67,,トップギア
hitsugi katsugi no kuro,3,67,shoulder-a-coffin kuro,棺担ぎのクロ。
ok k.o.! let's be heroes,3,66,,OK_K.O.!めざせヒーロー
outerplane,3,66,,アウタープレーン
ikari warriors,3,66,,イカリ・ウォリアーズ
shoujo no nozomanu eiyuutan,3,66,,少女の望まぬ英雄譚
blade & bastard,3,66,,ブレイド&バスタード
final fight 2,3,66,,ファイナルファイト2
ketsui no hikari,3,66,,決意の光
galholic,3,66,,ギャルホリック
cylinders: trampled heroines,3,66,,
x-com,3,66,xcom,エックスコム
amairo chocolata,3,66,,あまいろショコラータ
arasa ol haman-sama,3,66,,アラサーOLハマーン様
xross stars,3,66,,クロスタ
doctor strange in the multiverse of madness,3,66,,マルチバース・オブ・マッドネス
haruka naru enkei sekai,3,66,,遙かなる円形世界
pili budaixi,3,66,,霹靂布袋戲
the last story,3,66,,ラストストーリー
secret agent ~kishi gakuen no shinobi naru mono~,3,66,,秘密エージェント〜Kishi Gakuen no Shinobi Naru Mono〜
graduation (series),3,66,,卒業(ゲーム)
maou to ore no hangyakuki,3,66,,魔王と俺の叛逆記
tottemo! luckyman,3,66,,とっても!ラッキーマン
last episode (fate),3,66,last episode,カーテンコール
m3gan,3,66,,M3GAN/ミーガン
the legend of zelda (cd-i),3,66,,CD-iゼルダ
top gun: maverick,3,66,,トップガン_マーヴェリック
no home (manhwa),3,66,,
vlad grimms,3,66,,ヴラド・グリム
gachimuchi de dosukebe na kateikyoushi no oniisan to sugosu natsu,3,66,,ガチムチでドスケベな家庭教師のお兄さんと過ごす夏
boku no hero academia: more,3,66,,僕のヒーローアカデミアMore
jump king,3,66,,ジャンプキング
archie (comic),3,66,,アーチー
uchi no shisho wa shippo ga nai,3,66,my master has no tail,うちの師匠はしっぽがない
mahou tsukai no hako,3,66,magician's box (type-moon),まほうつかいの箱
toaru kagaku no dark matter,3,66,,とある科学の未元物質
kde,3,66,,ケーディーイー
suica,3,66,,スイカ
dragon quest rivals,3,66,,ドラゴンクエストライバルズ
jungle de ikou,3,66,,ジャングルDEいこう!
dragon quest heroes,3,66,,ドラゴンクエストヒーローズ
falslander,3,66,,Falslander
contra,3,66,,コントラ
tsuki tsuki!,3,66,,つきツキ!
aozora stripe,3,66,,あおぞらストライプ
jinx (manhwa),3,66,,
shinigami no ballad,3,66,ballad of a shinigami,しにがみのバラッド
dragon crisis!,3,66,,ドラゴンクライシス!
how to train your dragon 1,3,66,,ヒックとドラゴン1
maha5,3,66,,MAHA5
super robot wars destiny,3,66,,スーパーロボット大戦D
kaiserreich,3,66,,カイザーライヒ
galleria no chika meikyuu to majo no ryodan,3,66,labyrinth of galleria: the moon society,ガレリアの地下迷宮と魔女ノ旅団
puni puni handmaid,3,66,,ぷにぷに☆はんどメイド
danshi koukousei ga mahou shoujo ni naru hanashi,3,66,,男子高校生が魔法少女になる話
dekitate evo! revo! generation! (idolmaster),3,66,,できたてEvo!Revo!Generation!
yancha gal no anjou-san,3,66,,やんちゃギャルの安城さん
office workers (blushyspicy),3,66,,
girl friends (manga),3,66,,ガールフレンズ
labyrinth of touhou tri,3,66,touhou no meikyuu tri,東方の迷宮Tri
hirotta nazo seibutsu no kansatsu nikki,3,66,,拾った謎生物の観察日記
ariel (novel),3,66,,エリアル
kazoku game,3,66,,家族ゲーム
asu no yoichi,3,66,,明日のよいち!
orc massage,3,66,,オークマッサージ
cynthia the mission,3,66,,シンシア・ザ・ミッション
psyren,3,66,,サイレン
red dead redemption,3,65,,レッド・デッド・リデンプション
pokemon the movie 2000: the power of one,3,65,pokemon m02,幻のポケモンルギア爆誕
pash (magazine),3,65,,
toushin toshi ii,3,65,,闘神都市2
kabushikigaisha magi-lumiere,3,65,,株式会社マジルミエ
pokemon ranger: guardian signs,3,65,pokemon ranger 3,ポケモンレンジャー光の軌跡
bunny garden 2,3,65,,バニーガーデン2
yozakura-san chi no daisakusen,3,65,mission: yozakura family,夜桜さんちの大作戦
popeye (series),3,65,,ポパイ
natsu koi high pressure,3,65,,夏恋ハイプレッシャー
fight club,3,65,,
colorfulness (love live!),3,65,,るりのとゆかいなつづりたち
tower defense simulator,3,65,,
flying red barrel,3,65,,空飛ぶ赤いワイン樽
peak (game),3,65,,
hongshan forest zoo,3,65,,南京市红山森林动物园
oniichan continue!,3,65,,おにいちゃんコンティニュー!
mongil: star dive,3,65,,モンギルSTARDIVE
super robot wars original generation gaiden,3,65,,スーパーロボット大戦OG外伝
maimaimaigoen,3,65,,まいまいまいごえん
emotion (love live!),3,65,,
kellogg's,3,65,,ケロッグ
sixiwanzi,3,65,,四禧丸子
mario golf: super rush,3,65,,マリオゴルフスーパーラッシュ
angel notes,3,65,,鋼の大地
monsters university,3,65,,モンスターズ・ユニバーシティ
fujiya,3,65,,不二家
kono shima ni wa midara de jaaku na mono ga sumu,3,65,,この島には淫らで邪悪なモノが棲む
di gi charat (1999),3,65,,デ・ジ・キャラット
balatro,3,65,,バラトロ
nyanyanyanyanyanyanya! (vocaloid),3,65,,nyanyanyanyanyanyanaya！ （ボーカロイド）
resident evil: death island,3,65,,バイオハザード:デスアイランド
litchi hikari club,3,65,,ライチ☆光クラブ
monster maker,3,65,,モンスターメーカー
fancy dress party (idolmaster),3,65,,仮装狂騒曲
comic yuri hime,3,65,,コミック百合姫
touhou shizenyu,3,65,,東方自然癒
unbalance unbalance,3,65,,不均衡不均衡
cracklecradle,3,65,,クラックルクレードル
yumyverse,3,65,,
ataman ita (synthesizer v),3,65,,頭ン痛
valhalla valkyries,3,65,,ばるはらばるきりーず
bishoujo mangekyou: tsumi to batsu no shoujo,3,65,,美少女万華鏡-罪と罰の少女-
mobius final fantasy,3,65,,メビウスファイナルファンタジー
battle spirits: shounen gekiha dan,3,65,,バトルスピリッツ少年激覇ダン
the sealed esoteric history,3,65,,秘封活动记录
ultraman r/b,3,65,,ウルトラマンR/B
rpg gakuen,3,65,,あるぴじ学園
dragon tactics,3,65,,ドラゴンタクティクス
karumaruka circle,3,65,,カルマルカ*サークル
atelier iris,3,65,,イリスのアトリエ
magna carta crimson stigmata,3,65,,マグナカルタ
shichinin no online gamers,3,65,,七人のオンラインゲーマーズ
kocchi muite baby (vocaloid),3,65,look this way baby (vocaloid),こっち向いて
uwabami breakers,3,65,,黄昏酒場
choujigen taisen neptune vs sega hard girls,3,65,superdimension neptune vs sega hard girls,超次元大戦ネプテューヌVSセガ・ハード・ガールズ夢の合体スペシャル
my-otome s.ifr,3,65,,my-otome s.ifr
league of angels,3,65,,天使のリーグ
corruption of champions 2,3,65,,
katahane,3,65,,カタハネ
halo 2,3,64,,
raideen (series),3,64,,Raideen（シリーズ）
senran nin nin ninja taisen neptune: shoujo-tachi no kyouen,3,64,neptunia x senran kagura: ninja wars,閃乱忍忍忍者大戦ネプテューヌ
rance vi,3,64,,ランスVI
phighting!,3,64,,
hibikase (vocaloid),3,64,resonate (vocaloid),ヒビカセ
yamato transport,3,64,,ヤマト運輸
juuni senshi bakuretsu eto ranger,3,64,,エトレンジャー
nudist beach ni shuugakuryokou de!!,3,64,,ヌーディストビーチに修学旅行で!!
battle for dream island,3,64,,
battle spirits: burning soul,3,64,,バトルスピリッツ烈火魂
wallace & gromit,3,64,wallace and gromit,ウォレスとグルミット
killer instinct (series),3,64,,キラーインスティンクト
futari ecchi,3,64,,ふたりエッチ
promisu,3,64,,
gleipnir (series),3,64,,グレイプニル
demonion ii: maou to sannin no joou,3,64,,デモニオンII:_魔王と三人の女王
super robot wars t,3,64,,スーパーロボット大戦T
yume no crayon oukoku,3,64,,夢のクレヨン王国
awakening promise (love live!),3,64,,
water blue new world,3,64,,ウォーターブルーの新しい世界
karasu wa aruji wo erabanai,3,64,,烏は主を選ばない
castlevania: legacy of darkness,3,64,,レジェンドオブコーネル
labyrinth of touhou 2,3,64,touhou no meikyuu 2,東方の迷宮2
maebashi witches,3,64,,前橋ウィッチーズ
nanawind,3,64,,
purenista,3,64,,ピュアニスタ
taiyou de are!,3,64,,太陽であれ!
gangnam style,3,64,,江南スタイル
bakumatsu rouman dainimaku,3,64,,幕末浪漫第二幕月華の剣士
sei ni utokatta watashi wa kurasu no danshi to ooo shite shimaimashita,3,64,,性にウトかった私はクラスの男子と○○○してしまいました。
akihabara beer fair,3,64,,秋葉原ビールフェア
boku to kanojo no onani life,3,64,,僕と彼女のオナニーライフ
thousand memories,3,64,,サウザンドメモリーズ
double teacher life,3,64,,だぶる先生らいふっ
seikaisuru kado,3,64,,正解するカド
kemono friends opening day,3,64,,
soap school,3,64,,ソープスクール
hanidebi! honey & devil,3,64,,ハニデビ！ハニー＆デビル
risk hunters,3,64,,リスクハンター
apricot (vocaloid),3,64,,アプリコット
mamamoo,3,64,,ママム
muteki koujin daitarn 3,3,64,,無敵鋼人ダイターン3
nega0,3,64,,ネガゼロ
natsu no arashi!,3,64,,夏のあらし!
mega man 10,3,64,,ロックマン10
asura fantasy online,3,64,,Asura Fantasy Online
oumagadoki doubutsuen,3,64,,逢魔ヶ刻動物園
freely tomorrow (vocaloid),3,64,,明日は自由に（ボーカロイド）
million chain,3,64,,ミリオンチェイン
kuuchuu buranko,3,64,,空中ブランコ
saint estera gakuin no shichinin no majo,3,64,,聖エステラ学院の七人の魔女
juuoumujin no fafnir,3,64,,銃皇無尽のファフニール
sengoku gensoukyoku,3,64,,戦国幻想曲
imouto no okage de mote sugite yabai,3,64,,妹のおかげでモテすぎてヤバい。
shinki kakusei melty maiden,3,64,,神姫覚醒メルティメイデン
idolmaster mobile,3,63,,アイドルマスターモバイル
gypsy in my mind (never dull),3,63,,
futsutsuka na akujo de wa gozaimasu ga,3,63,"futsutsukana akujo de wa gozaimasu ga,though i am an inept villainess: tale of the butterfly-rat body swap in the maiden court",ふつつかな悪女ではございますが
rwby: ice queendom,3,63,rwby ice queendom,RWBY氷雪帝国
ys: memories of celceta,3,63,ys memories of celceta,セルセタの樹海
mirror's edge (series),3,63,,
gear fighter dendoh,3,63,gear senshi dendou,GEAR戦士電童
sonic the hedgehog (ova),3,63,,ソニックOVA
mega man 7,3,63,,ロックマン7
hedon bloodrite,3,63,,
countryball,3,63,,カントリーボール
i can't wait (synthesizer v),3,63,,
halo 3,3,63,,
the summoning,3,63,,ザ・サモニング
rose to tasogare no kojou,3,63,a rose in the twilight,ロゼと黄昏の古城
hitomi-chan wa hitomishiri,3,63,,瞳ちゃんは人見知り
koronba,3,63,,ころんば
kiki kaikai (series),3,63,,
cannonball ~neko neko machine mou-race!~,3,63,,キャノンボール〜ネコネコマシンMou-race！〜
atarayo hanabi,3,63,,可惜夜花火
imitation black (vocaloid),3,63,,模倣ブラック（ボーカロイド）
misao,3,63,,操
kuzu no honkai,3,63,scum's wish,クズの本懐
gregory horror show,3,63,,グレゴリーホラーショー
bumblebee (movie),3,63,,
ducktales,3,63,,わんぱくダック夢冒険
tokyo yakult swallows,3,63,,東京ヤクルトスワローズ
yorha,3,63,,音楽劇ヨルハ
hojo studio,3,63,,
redline,3,63,,レッドライン
ore no ichizu wo jama suru aitsu,3,63,,オレの一途を邪魔するアイツ
medarot s,3,63,,メダロットS
baka janai noni (zutomayo),3,63,,ばかじゃないのに
kakushigoto,3,63,,かくしごと
versen,3,63,,詩
electric hearts,3,63,,电子之心
mijuku dreamer,3,63,,未熟DREAMER
grimms notes the animation,3,63,,
handymonsters,3,63,,はんもんエントリー
routes,3,63,,ルート
anilive,3,63,,
utawarerumono: futari no hakuoro,3,63,,二人の白皇
campione!,3,63,,カンピオーネ!
asus,3,63,,華碩
shirotsume souwa,3,63,,白詰草話
nogizaka46,3,63,,乃木坂46
busou kanojo,3,63,,武装彼女
revenger,3,63,,リベンジャー
world election,3,63,,ワールド・エレクション
natsuiro kiseki,3,63,,夏色キセキ
sei shoujo ~seido ikusei gakuen~,3,63,,聖娼女~性奴育成学園~
kamen no maid guy,3,63,,仮面のメイドガイ
queen's blade spiral chaos,3,63,,クイーンズブレイドSPIRALCHAOS
planetes,3,63,,プラネテス
japan commercial broadcasters association,3,63,,
spider-man 2 (2004),3,62,,スパイダーマン2
ninja sentai kakuranger,3,62,,忍者戦隊カクレンジャー
mahou no idol pastel yumi,3,62,,魔法のアイドルパステルユーミ
fighting vipers,3,62,,ファイティングバイパーズ
mission impossible (bkub),3,62,,ミッソンインパッセボーゥ
mahou no kaiheitai pixel maritan,3,62,magical marine pixel maritan,ぴくせる☆まりたん
the scramble vice,3,62,,
scissor seven,3,62,,刺客伍六七
eternal-e,3,62,,
role player: okayu shimai no nenmaku potrait - gurigucha live!,3,62,,Roleplayer:小粥姉妹の粘膜ポトレぐりぐちゃLIVE!
mekpark,3,62,,
yoshiwara lament (utau),3,62,,吉原ラメント
the beginning after the end,3,62,,最強の王様
koutetsushin jeeg,3,62,,鋼鉄神ジーグ
fate/type redline,3,62,,運命/タイプのレッドライン
sekiranun graffiti (vocaloid),3,62,,積乱雲グラフィティ
re:zero kara tsugihagu isekai seikatsu,3,62,,ツギハグ
umamusume: party dash,3,62,,熱血ハチャメチャ大感謝祭!
danshi kinsei game sekai de ore ga yarubeki yuiitsu no koto yuri no ma ni hasamaru otoko to shite tensei shite shimaimashita,3,62,the only thing i'd do in a no-boys-allowed gaming world,男子禁制ゲーム世界で俺がやるべき唯一のこと
super mario strikers,3,62,,スーパーマリオストライカーズ
private garden,3,62,,プライベートガーデン
splatterhouse,3,62,,スプラッターハウス
mega man: dual override,3,62,,ロックマン:_デュアル
duel masters lost,3,62,,デュエマLOST
coneru -dimension girl-,3,62,,
far cry,3,62,,ファークライ
mega man battle network 4,3,62,,ロックマンエグゼ4
metro-goldwyn-mayer,3,62,mgm studios,レオ・ザ・ライオン
star linker,3,62,,
rokumon tengai mon colle knight,3,62,,六門天外モンコレナイト
itemlabel,3,62,,
yakunitatsu node chi o kudasai,3,62,,お役に立つので血をください
htol#niq: hotaru no nikki,3,62,,ホタルノニッキ
shin sangoku musou 8,3,62,dynasty warriors 9,真・三國無双8
shadow hearts: from the new world,3,62,shadow hearts from the new world,シャドウハーツ・フロム・ザ・ニューワールド
rail romanesque,3,62,,レヱル・ロマネスク
siren 1,3,62,,
super robot wars y,3,62,,スーパーロボット大戦Y
kono yo no hate de koi wo utau shoujo yu-no,3,62,,この世の果てで恋を唄う少女YU-NO
you're under my skin!,3,62,,
queen's blade limit break,3,62,,クイーンズブレイドリミットブレイク
jitsuwa kankin mankitsu? kurumi-chan!,3,62,,
trick & cute (love live!),3,62,,
gamma (ogino jun),3,62,,γ-ガンマ-
sailor moon musical,3,62,,セーラームーン・ミュージカル
triangle heart 3,3,62,,とらいあんぐるハート3
yogurting,3,62,,ヨーグルティング
punch line,3,62,,パンチライン
gundam 00p,3,62,,機動戦士ガンダム00P
mitama ~shinobi~,3,62,,Mitama〜shinobi〜
mirai no bokura wa shitteru yo,3,62,,未来の僕らは知ってるよ
natsu yume nagisa,3,62,,ナツユメナギサ
crunchyroll,3,62,,クランチロール
ladymade star,3,62,,ラジメイドスター
himawari!,3,62,,ひまわりっ!
kono oozora ni tsubasa wo hirogete,3,62,,この大空に、翼をひろげて
assassin's creed: unity,3,62,,アサシンクリードユニティ
the fire rises,3,62,,烈焰升腾
just because!,3,62,,という理由だけで！
after school lessons for unripe apples,3,62,,世纪末青苹果补习班
kyoushirou to towa no sora,3,62,,京四郎と永遠の空
shinitagari shoujo to shokujinki-san,3,62,,死にたがり少女と食人鬼さん
roki (vocaloid),3,62,,ロキ
kon'ya wa neko-chan,3,62,,今夜は猫ちゃん
jojo no kimyou na bouken: all star battle,3,62,,オールスターバトルリーグ
master of epic,3,62,,マスターオブエピック
dokonjou gaeru,3,62,,ど根性ガエル
harukanaru toki no naka de 4,3,62,haruka: beyond the stream of time 4,遙かなる時空の中で4
violinist of hameln,3,62,,ハーメルンのバイオリン弾き
sakura tale,3,62,,さくらの物語
yagai gakushuu,3,62,,野外学習
2006 fifa world cup,3,62,,2006FIFAワールドカップ
fate/extra record,3,61,,運命/余分な記録
grow up show: himawari no circus-dan,3,61,,グロウアップショウ~ひまわりのサーカス団~
summertime record (vocaloid),3,61,,サマータイムレコード
oshi no tachiba ga irekawaru,3,61,,推しの立場が入れ代わる
sugarbunnies,3,61,,シュガーバニーズ
neko-nin exheart,3,61,,猫忍えくすはーと
warhammer 40k: rogue trader,3,61,,
bannou bunka nekomusume,3,61,,万能文化猫娘
appare! tenka gomen,3,61,,あっぱれ!天下御免
inazuma eleven cross,3,61,,
hylics,3,61,,
umamusume: peace peace cepea cepea golshi-chan,3,61,,ウマ娘ピスピス☆スピスピゴルシちゃん
shin getter robo vs neo getter robo,3,61,,真ゲッターロボ対ネオゲッターロボ
select oblige,3,61,,セレクトオブリージュ
beyond citadel,3,61,,
reiwa no dara-san,3,61,,令和のダラさん
sakura moyu,3,61,,さくら、もゆ。
kimitachi wa dou ikiru ka,3,61,"how do you all live,the boy and the heron",君たちはどう生きるか
zyuden sentai kyoryuger,3,61,,獣電戦隊キョウリュウジャー
show (ado),3,61,,唱(Ado)
chronicle of myers,3,61,,ドゥームアンドリバイブ
tiny stars,3,61,,小さな星
ace combat 6,3,61,,エースコンバット6
tadashii kozukuri wo shiranu miraijin no rondo,3,61,,正しい子作りを知らぬ未来人の輪舞
killer7,3,61,,キラー7
tamaonsen,3,61,,魂音泉
digimon adventure: last evolution kizuna,3,61,,デジモンアドベンチャーLASTEVOLUTION絆
the umbrella academy,3,61,,アンブレラアカデミー
inspector gadget (series),3,61,,ガジェット警部
pakomane - watashi kyou kara meimon yakyuu-bu no seishori gakari ni narimasu...,3,61,,パコマネわたし、今日から名門野球部の性処理係になります...
touch (manga),3,61,,タッチ
yumemi channel,3,61,,
yogibo,3,61,,ヨギボー
purple haze feedback,3,61,,恥知らずのパープルヘイズ
world witches x,3,61,,ワールドウィッチーズX
freedom wars,3,61,,フリーダムウォーズ
forza,3,61,,フォルツァ
devilish hairdresser,3,61,,
boku to maou,3,61,okage: shadow king,ボクと魔王
bram stoker's dracula,3,61,,吸血鬼ドラキュラ
illusion connect,3,61,,イリュージョンコネクト
nadeshiko-san just can't say no!,3,61,,撫子さんはNO!って言えない
najica dengeki sakusen,3,61,,ナジカ電撃作戦
alice's emotion,3,61,,
anekouji naoko to giniro no shinigami,3,61,,姉小路直子と銀色の死神
rage of the dragons,3,61,,レイジ・オブ・ザ・ドラゴンズ
easter wonderland,3,61,,イースターワンダーランド
tougenkyou e ikou (utau),3,61,,桃源郷へ行こう
harry potter and the cursed child,3,61,,呪いの子
comic potpourri club,3,61,,COMICポプリクラブ
ebiten (manga),3,61,,えびてん_公立海老栖川高校天悶部
b-daman,3,61,,ビーダマン
fate rewinder,3,61,,運命の巻戻士
myslot,3,61,,myslot
diamond princess no yuuutsu,3,61,,ダイヤモンドプリンセスの憂鬱
inside out 2,3,61,,インサイド・ヘッド2
the raven cycle,3,61,,
okiba ga nai!,3,61,,置き場がない!
honeycoming royalsweet,3,61,,Honey Coming Royalsweet
boku girl,3,61,,ボクガール
mighty (series),3,61,,Mighty（シリーズ）
princess waltz,3,61,,プリンセスワルツ
kiss to lord to darjeeling,3,61,,主にダージリンにキスします
kanojo tachi no ryuugi,3,61,,彼女たちの流儀
resident evil: the darkside chronicles,3,61,resident evil darkside chronicles,バイオハザードダークサイド・クロニクルズ
han-gyaku-sei million arthur,3,61,,叛逆性ミリオンアーサー
mythbreakers (hololive english),3,61,,Mythbreakers（Hololive英語）
memories off 6,3,61,,オフの思い出6
alien alien (vocaloid),3,61,,エイリアンエイリアン
ikaruga,3,61,,イカルガ
byousoku 5 centimeter,3,61,,秒速5センチメートル
alter ego (game),3,61,,
xiao huaxian,3,61,,小花仙
kono aozora ni yakusoku wo,3,61,,この青空に約束を―
vagabond,3,60,,バガボンド
disventure camp,3,60,,
mekakushi code (vocaloid),3,60,blindfold code (vocaloid),メカクシコード
aquaman (series),3,60,,アクアマン（シリーズ）
pokemon stadium,3,60,,ポケモンスタジアム
sayonara eri,3,60,goodbye eri,さよなら絵梨
soul hackers 2,3,60,,ソウルハッカーズ2
zombie (vocaloid),3,60,,ゾンビ(DECO*27)
isekai mokushiroku mynoghra,3,60,"apocalypse bringer mynoghra,apocalypse mynoghra ~the conquest of the world starts with the civilization of ruin~",異世界黙示録マイノグーラ
rangers strike,3,60,,レンジャーズストライク
sonic lost world,3,60,,ソニックロストワールド
corocoro comic,3,60,,コロコロコミック
ts loli oji-san no boukan,3,60,,TSロリおじさんの冒険
ueki no housoku,3,60,the law of ueki,うえきの法則
intel,3,60,,インテル
papa wolf and the puppy,3,60,,捡了东西的狼
evanescence,3,60,,エヴァネッセンス
walmart,3,60,,ウォルマート
mobile suit gundam: cucuruz doan's island,3,60,,ククルス・ドアンの島
tintin,3,60,,タンタンの冒険
major 2nd,3,60,,メジャー2番目
harry potter: hogwarts mystery,3,60,,
dragon ball z fukkatsu no f,3,60,,復活の「F」
wang chuan feng hua lu,3,60,,忘川风华录
manimani (vocaloid),3,60,,まにまに
engine sentai go-onger,3,60,,炎神戦隊ゴーオンジャー
transformers: revenge of the fallen,3,60,,トランスフォーマー：倒れた復ven
salvika,3,60,,
yarofes:2023,3,60,,野郎フェス
pathways (game),3,60,,
plunderer,3,60,,プランダラ
the rumble fish,3,60,,ザ・ランブルフィッシュ
quake (series),3,60,,
rooster teeth,3,60,roosterteeth,ルースター・ティース
mermay 2024,3,60,,
advance wars: dual strike,3,60,,ファミコンウォーズDS
vampire princess miyu,3,60,,ヴァンパイアみゆ
undertale yellow,3,60,,
assassin's creed iv: black flag,3,60,,アサシンクリードIVブラックフラッグ
jin-roh,3,60,,人狼JIN-ROH
betty boop (series),3,60,,
tesagure! bukatsu-mono,3,60,,てさぐれ!部活もの
mystery skulls,3,60,,ミステリースカル
kirby mass attack,3,60,,あつめて!カービィ
unico,3,60,,ユニコ
evangelion: 1.0 you are (not) alone,3,60,,ヱヴァンゲリヲン新劇場版:序
crosscode,3,60,,
tokumei radio,3,60,,匿名ラジオ
harta,3,60,,ハルタ
rosen garten saga,3,60,,ローゼンガーテン・サーガ
exitus,3,60,,
seikon no arcana,3,60,,聖痕のアルカナ
hey arnold!,3,60,,ヘイ・アーノルド!
anilive jumpstart program,3,60,,
a dog of flanders,3,60,,フランダースの犬
magical antique,3,60,,まじかる☆アンティーク
tales of the world radiant mythology,3,60,,物語の世界輝き神話
heinz,3,60,,
brain powered,3,60,,ブレンパワード
blade arcus from shining,3,60,,ブレードアークス・フロム・シャイニング
advance of zeta re-boot,3,60,,ガンダム・インレ-くろうさぎのみた夢
teihen no daigaku janaru,3,60,,
koeru otoge-san,3,60,,こえる大峠さん
twin angel break,3,60,,ツインエンジェルBREAK
riding bean,3,60,,ライディング・ビーン
omoi yo hitotsu ni nare,3,60,,想いよひとつになれ
memories off sorekara,3,60,,ソレカラからの思い出
divergence eve,3,60,,ダイバージェンス・イヴ
bee and puppycat,3,60,,ビーとパピーキャット
bomberman jetters,3,60,,ボンバーマンジェッターズ
tokimeki check in,3,60,,Tokimekiチェックイン
tone sphere,3,60,,
tonari no seki no inkya joshi ga oshi utaite datta ~ore no kyoku wo utatte kure!~,3,60,,隣の席の陰キャ女子が推し歌い手だった
on air!,3,60,,オンエア!
bokujou monogatari: yasuragi no ki,3,60,,やすらぎの樹
kidatsu! dungeons lord,3,60,,姫奪!ダンジョンズロード
chigau miyahara omae janai!,3,60,,ちがう宮原おまえじゃない!
kutsu no muku mama,3,60,,靴の向くまま
tonnura-san,3,60,,とんぬらさん
phoenix (love live!),3,59,,PHOENIX(鐘嵐珠)
absolute superman,3,59,,
mario & luigi: partners in time,3,59,,マリオ&ルイージRPG2
setsuna trip (vocaloid),3,59,,セツナトリップ
shunkashuutou daikousha,3,59,,春夏秋冬代行者
la la land,3,59,,ラ・ラ・ランド
otome no tokuisei,3,59,,乙女の特異性
toushinden 2,3,59,,
hexia,3,59,,
mirage (takanashi kiara),3,59,,
queen emeraldas,3,59,,クィーン・エメラルダス
castlevania (1986),3,59,,
house of the dragon,3,59,,
umayon,3,59,,うまよん
madk,3,59,,モツ悪魔と男子高校生
glitch techs,3,59,,グリッチテックス
book of the cafe,3,59,,連縁カフェ
floral flowlove,3,59,,フローラル・フローラブ
tatsunoko vs. capcom,3,59,tatsunoko vs capcom,タツノコvsカプコン
touhou ayaria epic,3,59,,东方异文石
fate:lost einherjar,3,59,fate/lost einherjar,Fate:Lost_Einherjar極光のアスラウグ
kiki kaikai,3,59,,奇々怪界
eiketsu taisen,3,59,,英傑大戦
gore screaming show,3,59,,ゴア・スクリーミング・ショウ
thor: ragnarok,3,59,,マイティ・ソーバトルロイヤル
sonic the hedgehog (movie),3,59,,ソニック・ザ・ムービー
arpiel,3,59,,アルピエル
senran kagura peach ball,3,59,,
tatu,3,59,,タトゥー
matantei loki ragnarok,3,59,,魔探偵ロキ
kyokugen chikan tokuiten 2,3,59,,極限痴漢特異点2-痴漢の証明
visions of mana,3,59,,聖剣伝説VISIONSofMANA
pokemon ruby/sapphire/emerald (prototype),3,59,pokemon rse (prototype),
ecole du ciel,3,59,,エコール・デュ・シエル
yoshi's island ds,3,59,,ヨッシーアイランドDS
hao (vocaloid),3,59,,好
weezer (band),3,59,,
tensei kizoku kantei skill de nariagaru,3,59,as a reincarnated aristocrat i'll use my appraisal skill to rise in the world,転生貴族、鑑定スキルで成り上がる
da capo v,3,59,,ダ・カーポ5
my mom and sister are size queen sluts,3,59,,
okusuri nonde neyou (vocaloid),3,59,,おくすり飲んで寝よう
beatspell,3,59,,
black&white (senano-yu),3,59,,
android wa jirai-kei no yume wo miru.,3,59,,アンドロイドは地雷系の夢を見る。
eien no akuru hi,3,59,,永遠のあくる日
kono sekai no katasumi ni,3,59,,この世界の片隅に
cendrillon (vocaloid),3,59,,サンドリヨン
akashic chronicle,3,59,,アカシッククロニクル~黎明の黙示録
no more eiga dorobou,3,59,,NO_MORE_映画泥棒
miya-chan no kyuuin life!,3,59,,美夜ちゃんのきゅーいんライフ!
magi in wanchin basilica,3,59,,迷路小瑪在萬金
itsuka todoku ano sora ni,3,59,,いつか、届く、あの空に。
midnight anime lemon angel,3,59,,レモンエンジェル
star trek: the original series,3,59,,宇宙大作戦
zanyo (love live!),3,59,,残陽
moonlit bear (vocaloid),3,59,,ムーンライトベア（ボーカロイド）
j.c. staff,3,59,,J.C.スタッフ
vfleet,3,59,,
kikou-kai galient,3,59,,機甲界ガリアン
magi-cu,3,59,,マギク
i want my hat back,3,59,,帽子を取り戻したいです
aho girl,3,59,,アホガール
sword world 2.0,3,59,,ソードワールド2.0
aion,3,59,,タワーオブアイオン
ping pong (manga),3,59,,ピンポン
ryuu to sobakasu no hime,3,59,belle (movie),竜とそばかすの姫
dream c club zero,3,59,,ドリームクラブZERO
rdg red data girl,3,59,,レッドデータガール
japan world cup,3,59,,日本ワールドカップ
cloud kingdom,3,59,,クラウドキングダム
mikumix,3,59,,ミクミックス
ane to boin,3,59,,姉とボイン
suzunone seven,3,59,,Suzunone Seven
vampeerz,3,59,,ヴァンピアーズ
khornette quest,3,59,,Khornette Quest
wind boys!,3,59,,ウインドボーイズ!
aozora no mieru oka,3,59,,aozora no mieru oka
tegami bachi,3,59,,テガミバチ
boy meets girl,3,59,,少年は女の子に会います
nami no manimani,3,59,,波の間に間に
scarlet police,3,58,,
magic maid (synthesizer v),3,58,,マジック・メイド
telepathy (vocaloid),3,58,,テレパシ
pseudoregalia,3,58,,
viviz,3,58,,
bomb rush cyberfunk,3,58,,ボムラッシュサイバーファンク
koushinchou no kouhai to teishinchou no senpai ga renai ni hatten suru made,3,58,,高身長の後輩(女)と低身長の先輩(男)が恋愛に発展するまで
ninpuu sentai hurricanger,3,58,,忍風戦隊ハリケンジャー
ultimate x-men (2024),3,58,,
love delivery,3,58,,
aishite aishite aishite (vocaloid),3,58,,愛して愛して愛して
leviathan (project moon),3,58,,利维坦
meconopsis (ninomae ina'nis),3,58,,
hate shinaku aoi kono sora no shita de....,3,58,,果てしなく青い、この空の下で
rpg fudousan,3,58,,RPG不動産
isshou senkin,3,58,,一勝千金
world baseball classic,3,58,,ワールド・ベースボール・クラシック
websickness,3,58,,
genyo yako,3,58,,眩耀夜行
special color (love live!),3,58,,
akari ga yatte kitazo (vocaloid),3,58,,アカリがやってきたぞっ
coraline (movie),3,58,,コラライン
popee the performer,3,58,,ポピーザぱフォーマー
hatsune miku no gekishou (vocaloid),3,58,the intense voice of hatsune miku (vocaloid),初音ミクの激唱
zoids shinseiki/zero,3,58,,ゾイド新世紀/ゼロ
my co-worker is an eldritch x,3,58,,
valkyrie drive -bhikkhuni-,3,58,,ヴァルキリードライヴビクニ
doom: the dark ages,3,58,,
dust: an elysian tail,3,58,,ほこり：エリシアンの尾
kirby and the rainbow curse,3,58,,タッチ!カービィスーパーレインボー
equestria girls: better together,3,58,,
fantasy life i: the girl who steals time,3,58,,ファンタジーライフi
nurse angel ririka sos,3,58,,ナースエンジェルりりかSOS
plumaos academy,3,58,,
comic penguin club sanzokuban,3,58,,COMICペンギンクラブ山賊版
rukiroki,3,58,,ルキロキ
nanairo reincarnation,3,58,,なないろリンカネーション
hop? stop? nonstop!,3,58,,
dna^2,3,58,,D・N・A2
uchuu senkan yamato 2202: ai no senshi-tachi,3,58,,宇宙戦艦ヤマト2202
chronicle 2nd,3,58,,クロニクル2番目
asura's wrath,3,58,,アスラズラース
cop craft: dragnet mirage reloaded,3,58,,コップクラフト
iya na kao sare nagara opantsu misete moraitai yo wa pantsu ga mitai zo,3,58,,嫌な顔されながらおパンツ見せてもらいたい〜余はパンツが見たいぞ〜
project:anemone,3,58,,
rugrats,3,58,,ラグラッツ
majo koi nikki,3,58,,魔女こいにっき
the day of sagittarius,3,58,,射手座の日
kenshi,3,58,,
melty+,3,58,,めるぷら
unmei no clan battle,3,58,,運命のクランバトル
akibakei kanojo,3,58,,アキバ系彼女
shining world,3,58,,輝く世界
iroha uta (vocaloid),3,58,,いろは唄
parfait chocolat second brew,3,58,,パルフェ〜ショコラ
alteil,3,58,,アルテイル
studio tri4,3,58,,Studio Tri4
my daily life in the otaku club isn't normal,3,58,,俺のオタク部の日常は普通じゃない
jubei-chan,3,58,,十兵衛ちゃん
megami-ryou no ryoubo-kun,3,58,,女神寮の寮母くん。
algodoo,3,58,,アルゴドゥー
harem gain,3,58,,ハーレムゲイン
genkai tokki monster monpiece,3,58,,限界凸騎モンスターモンピース
culdcept,3,58,,カルドセプト
element hunters,3,58,,エレメントハンター
zektbach,3,58,,Zektbach
mashiro botan,3,58,,マシロ・ボタン
ikazuchi no senshi raidy ii,3,58,,雷の戦士ライディ2
aoi umi no tristia,3,58,,蒼い海のトリスティア
oniichan no koto nanka zenzen suki janain dakara ne!!,3,58,,お兄ちゃんのことなんかぜんぜん好きじゃないんだからねっ!!
oshi no love yori koi no love,3,58,oshirabu: waifus over husbandos,推しのラブより恋のラブ
2001 a space odyssey,3,57,,2001年宇宙の旅
toumei answer (vocaloid),3,57,,透明アンサー
cytus i,3,57,,
club penguin,3,57,,
the flintstones,3,57,,原始家族フリントストーン
r.e.p.o.,3,57,,
transformers (skybound),3,57,,
five nights at freddy's 4,3,57,,
future eve (vocaloid),3,57,,フューチャー・イヴ
godzilla vs. destoroyah,3,57,,ゴジラVSデストロイア
purple software,3,57,,パープルソフトウェア
saint seiya saintia sho,3,57,,セインティア翔
transformers: robots in disguise (2015),3,57,,トランスフォーマーアドベンチャー
lady gaga (copyright),3,57,,レディー・ガガ
love live! nijigasaki high school idol club next sky,3,57,,
chip 'n dale rescue rangers,3,57,,チップとデールの大作戦
concon-collector,3,57,,コンコンコレクター
kisaragi attention (vocaloid),3,57,,如月アテンション
voice-ore,3,57,,ぼいそーれ
ore wa seikan kokka no akutoku ryoushu!,3,57,,俺は星間国家の悪徳領主!
kikokugai,3,57,,鬼哭街
tentacle and witches,3,57,,テンタクル_アンド_ウィッチーズ
majokko megu-chan,3,57,,魔女っ子メグちゃん
telecaster b-boy (vocaloid),3,57,,テレキャスタービーボーイ
hanachirasu,3,57,,刃鳴散らす
bommina the maidroid,3,57,,
the texas chainsaw massacre,3,57,,悪魔のいけにえ
hai yorokonde,3,57,,はいよろこんで
stardust crusaders (ova),3,57,,星尘斗士(OVA)
yellow (vocaloid),3,57,,黄色（ボーカロイド）
wish song (love live!),3,57,,
doom ii,3,57,,
mazinger z: infinity,3,57,,マジンガーZ/INFINITY
kartrider,3,57,,
macross 2,3,57,,マクロスII
shion no ketsuzoku,3,57,,シオンの血族
super kirby clash,3,57,,スーパーカービィハンターズ
choujin gakuen gowcaizer,3,57,,超人学園ゴウカイザー
ryuu ga gotoku 7 gaiden,3,57,like a dragon gaiden: the man who erased his name,
miracle snack shop,3,57,,
higan: eruthyll,3,57,,ヒガン:イルシール
buddy complex,3,57,,バディ・コンプレックス
kimi ga ita kisetsu,3,57,,君がいた季節
anatatachi soredemo sensei desu ka!,3,57,,あなた達それでも先生ですかっ!
lunar wing,3,57,,月の翼
bug (vocaloid),3,57,,バグ
majin shoujo,3,57,,魔神少女
toriko no shimai ~midara ni moteasobareru unmei no mayoigo~,3,57,,虜ノ姉妹
crazy crazy (idolmaster),3,57,,クレイジークレイジー
gundam breaker mobile,3,57,,ガンダムブレイカーモバイル
battlefield 4,3,57,,バトルフィールド4
afterl!fe,3,57,,Afterl！Fe
lime-iro senkitan,3,57,,らいむいろ戦奇譚
shachiku-san wa youjo yuurei ni iyasaretai.,3,57,miss shachiku and the little baby ghost,社畜さんは幼女幽霊に癒されたい。
hitozuma fuumashi leilan,3,57,,人妻封魔師麗蘭
mahou shoujo nante mou ii desukara.,3,57,,魔法少女なんてもういいですから。
seifuku kanojo 2,3,57,,制服カノジョ2
zangeki no reginleiv,3,57,,斬撃のREGINLEIV
techgian,3,57,,テックジャイアン
mamoru-kun ni megami no shukufuku wo!,3,57,,護くんに女神の祝福を!
inakoi,3,57,,イナコイ
tail concerto,3,57,,テイルコンチェルト
sotsual deliheal,3,57,,卒アルデリヘル
serious sam,3,56,,シリアスサム
hamhampangpang,3,56,,ハムハムパンパン
yasha legends of the demon blade,3,56,,
juusou kikou dancouga nova,3,56,,ダンクーガノヴァ
1/6 -out of the gravity- (vocaloid),3,56,,
great teacher onizuka,3,56,,グレート・ティーチャー・オニヅカ
newgrounds,3,56,,ニューグラウンズ
adventures of sonic the hedgehog,3,56,,
equestria girls: friendship games,3,56,,
superman: the animated series,3,56,,スーパーマン:アニメイテッド・シリーズ
a kite,3,56,,アカイト
crystar,3,56,,クライスタ
inti creates,3,56,,インティ・クリエイツ
believe again,3,56,,もう一度信じてください
queen (vocaloid),3,56,,クイーン（ボーカロイド）
the misadventures of tron bonne,3,56,,トロンにコブン
anima,3,56,,アニマ
digimon alysion,3,56,,デジモンアリシオン
kamen rider black sun (series),3,56,,仮面ライダーBLACKSUN
kuro ai,3,56,,黒愛~一夜妻館・淫口乱乳録~
dark gathering,3,56,,ダークギャザリング
neobaka,3,56,,
taiyou no yuusha fighbird,3,56,,太陽の勇者ファイバード
transformers: super-god masterforce,3,56,transformers super-god masterforce,トランスフォーマー超神マスターフォース
sonic mania,3,56,,ソニックマニア
digimon adventure -beyond-,3,56,,デジモンアドベンチャー-BEYOND-
josee to tora to sakana-tachi,3,56,,ジョゼと虎と魚たち
toumei na yoru ni kakeru kimi to me ni mienai koi wo shita,3,56,,透明な夜に駆ける君と、目に見えない恋をした。
rhythm tengoku gold,3,56,,
jiisan baasan wakagaeru,3,56,grandpa and grandma turn young again,じいさんばあさん若返る
eikyuu hours,3,56,,永久hours
kaitou joker,3,56,,怪盗ジョーカー
kangoku (series),3,56,,カンゴク（シリーズ）
dolce (love live!),3,56,,
sword art online: hollow realization,3,56,,ホロウ・リアリゼーション
mahou shoujo to chokorewito (vocaloid),3,56,magical girl and chocolate (vocaloid),魔法少女とチョコレゐト
amber quartz,3,56,,アンバークォーツ
dungeon no naka no hito,3,56,dungeon people,ダンジョンの中のひと
leadale no daichi nite,3,56,,リアデイルの大地にて
spacex,3,56,,スペースX
men play channel,3,56,,
uncharted,3,56,,アンチャーテッド
marisa of liartop mountain,3,56,,ほらふき山の魔理沙
chloe no requiem,3,56,,クロエのレクイエム
candy boy,3,56,,キャンディーボーイ
dantalian no shoka,3,56,,ダンタリアンの書架
godzilla: planet of the monsters,3,56,,GODZILLA怪獣惑星
konami mecha musume,3,56,,メカ娘(コナミ)
koakuma teeri to kyuuseishu!?,3,56,,小悪魔ティーリと救世主!?
uzumaki,3,56,,うずまき
wanko to kurasou,3,56,,わんことくらそう
ginga tetsudou no yoru,3,56,night on the galactic railroad,銀河鉄道の夜
osananajimi ni najimitai,3,56,,幼なじみになじみたい
world sportscar championship,3,56,,スポーツカー世界選手権
tiger mask (series),3,56,,タイガーマスク
kamen rider super-1 (series),3,56,,仮面ライダースーパー1
seisen no iberia,3,56,,聖戦のイベリア
netojuu no susume,3,56,recovery of an mmo junkie,ネト充のススメ
alicianrone,3,56,,アリシアンローネ
shangri-la,3,56,,シャングリラ
wan nyan a la mode!,3,56,,わんにゃん☆アラモード!_~どっちにするの?わんにゃんHなカフェ事情!~
cloud nine inc,3,56,,株式会社クラウドナイン
ikenai baito no urajijou,3,56,,イケないバイトの裏事情
pastel (game),3,56,,ぱすてる
blue revolver,3,56,,ブルーリボルバー
xp-pen,3,56,,xp-pen
artificial utopia in ruins,3,56,,霊長新益京
angel links,3,56,,星方天使エンジェルリンクス
ougon musou kyoku,3,56,umineko: golden fantasia,黄金夢想曲
sd gundam sangokuden,3,56,,SDガンダム三国伝
nanase-chan ntr!,3,56,,七瀬ちゃんNTR!
pusheen the cat (series),3,56,,
survival friends,3,56,,サーバイバルフレンズ
mecha shoujo taisen z,3,56,,メカ少女大戦Z
reverse falls (gravity falls),3,56,reverse pines,リバースパインズ
mezzo danger service agency,3,56,,メゾ
concrete revolutio,3,56,,コンクリート・レボルティオ
dmyotic,3,56,,dmyotic
super robot wars w,3,56,,スーパーロボット大戦W
taratabong,3,56,,
kiddy girl-and,3,56,,キディ・ガーランド
viper ctr,3,56,,Viper_CTR_~あすか~
seirei no moribito,3,56,,精霊の守り人
suzuka,3,56,,涼風(漫画)
ero ragnarok offline,3,56,,エロ・ラグナロクオフライン
hokenshitsu no shinigami,3,56,,保健室の死神
yuusha raideen,3,55,,勇者ライディーン
rin-chan now! (vocaloid),3,55,,リンちゃん今！ （ボーカロイド）
gunvolt chronicles luminous avenger ix 2,3,55,,白き鋼鉄のX2
power of three,3,55,,三力量
glitch productions,3,55,,グリッチ・プロダクションズ
dodonpachi daioujou,3,55,,怒首領蜂大往生
project blue (vtuber),3,55,,
studio mappa,3,55,,
koronu korinne,3,55,,コロヌコリーヌ
uchuu sentai kyuuranger,3,55,,宇宙戦隊キュウレンジャー
phantasy star iv,3,55,,千年紀の終りに
filter-goshi no kanojo,3,55,,フィルター越しのカノジョ
momotarou dentetsu,3,55,,桃太郎電鉄
megaton musashi,3,55,,メガトン級ムサシ
mahoutsukai reimeiki,3,55,the dawn of the witch,魔法使い黎明期
mimi no aru robot no uta (utau),3,55,,耳のあるロボットの唄
hot wheels,3,55,,ホットウィール
dakishimeru hanabira,3,55,,抱きしめる花びら
vanishing reality (satou kuuki),3,55,otome ginsei lumiphonia,乙女銀星ルミフォニア
retrofuture (love live!),3,55,,
mega man x (manga),3,55,,
marie & gali,3,55,,マリー&ガリー
dokipipo emotion,3,55,,
mario & sonic at the olympic games (2007),3,55,mario & sonic at the olympic games,マリオ&ソニックAT北京オリンピック
gachihame sex shidou,3,55,,ガチハメSEX指導
one piece everyday,3,55,,まいにちONEPIECE
pikmin 1,3,55,,ピクミン1
i my mayday,3,55,aimai mayday,アイマイメーデー
orient arcadia,3,55,,オリエント・アルカディア
hinmin choujin kanenashi-kun,3,55,,民超人カネナシくん
ys iii: wanderers from ys,3,55,ys iii wanderers of ys,フェルガナの誓い
yokubari saboten,3,55,,よくばりサボテン
bokura no taiyou,3,55,,ボクらの太陽
mage arena,3,55,,
mega man v,3,55,,ロックマンワールド5
egoist,3,55,,エゴイスト
displayer,3,55,,
star fox 2,3,55,,スターフォックス2
ys origin,3,55,,イースオリジン
scary maze game,3,55,,
death angel komachi,3,55,,死神天使☆えんじぇるこまち
medal of honor,3,55,,メダルオブオナー
fate/extra last encore,3,55,,フェイト/エクストララストアンコール
echo (vocaloid),3,55,,
star wars: knights of the old republic,3,55,,
payday 2,3,55,,給料日2
mario & sonic at the london 2012 olympic games,3,55,,
your throne,3,55,,惡女的變身
1984 (novel),3,55,,1984年(小説)
uchi no pet jijou,3,55,,ウチのペット事情
parasite eve the 3rd birthday,3,55,the 3rd birthday,ザ・サードバースデイ
rune factory oceans,3,55,,ルーン工場の海
infinite blade pavilion,3,55,,東方鬼葬剣
precure all stars f,3,55,,プリキュアオールスターズF
saijaku tamer wa gomi hiroi no tabi wo hajimemashita,3,55,the weakest tamer began a journey to pick up trash,最弱テイマーはゴミ拾いの旅を始めました。
underfell,3,55,,
agarest senki mariage,3,55,,アガレスト戦記Mariage
gakuen alice,3,55,,学園アリス
date a live: arusu install,3,55,,
ooya-san wa shishunki,3,55,,大家さんは思春期
front innocent,3,55,,フロントイノセント
rio -rainbow gate!-,3,55,,リオレインボーゲート
mnemosyne,3,55,,ムネモシュネの娘たち
akikan!,3,55,,アキカン!
saijo no osewa,3,55,,才女のお世話
bakuryuu sentai abaranger,3,55,,爆竜戦隊アバレンジャー
the king of fighters '95,3,55,,ザ・キング・オブ・ファイターズ'95
cheetos,3,55,,チートス
the legend of zelda: tri force heroes,3,55,,トライフォース3銃士
my time at sandrock,3,55,,きみのまちサンドロック
animaniacs,3,55,,アニマニアックス
floor ni maou ga imasu,3,55,,フロアに魔王がいます
company of heroes 2,3,55,,カンパニー・オブ・ヒーローズ2
tick! tack!,3,55,,ティック！タック！
aquarion logos,3,55,,アクエリオンロゴス
lump of sugar,3,55,,ランプオブシュガー
professor layton vs. phoenix wright: ace attorney,3,55,,レイトン教授VS逆転裁判
fuu'un,3,55,,風雲スーパータッグバトル
intron depot,3,55,,イントロンデポ
sukurizo!,3,55,,すくりぞ!
kemono friends 3: planet tours,3,55,,けものフレンズ3プラネットツアーズ
brain rot (synthesizer v),3,54,,
crypt of the necrodancer,3,54,,クリプト・オブ・ネクロダンサー
fighting ex layer,3,54,,ファイティングEXレイヤー
comiket 76,3,54,c76,コミケ76
sd gundam world heroes,3,54,,SDガンダムワールドヒーローズ
sushiro,3,54,,スシロー
makemon!,3,54,,魔けモン!
astlibra revision,3,54,,神之天平
mahou tsukai ni taisetsu na koto,3,54,someday's dreamers,魔法遣いに大切なこと
rage comic,3,54,,
kagamine len no bousou (vocaloid),3,54,,鏡音レンの暴走
mega man battle network 2,3,54,,ロックマンエグゼ2
idol janshi suchie-pai,3,54,,アイドル雀士スーチーパイ
lisa the joyful,3,54,,
super robot wars mx,3,54,,スーパーロボット大戦MX
marble creators,3,54,marblecreators,Vまぁぶる
a knight of the seven kingdoms,3,54,,
mario & sonic at the tokyo 2020 olympic games,3,54,,
furrybar,3,54,,
hero cantare,3,54,,ヒーロー・カンタレ
big order,3,54,,ビッグオーダー
vreverie,3,54,,
tower of god: great journey,3,54,,
maid kyouiku,3,54,,メイド教育
nyao signyal,3,54,,ニャオシグニャル
oddloop,3,54,,オドループ
kimagure mercy (vocaloid),3,54,,気まぐれメルシィ
beetlejuice,3,54,,ビートルジュース
gundam requiem for vengeance,3,54,,機動戦士ガンダム復讐のレクイエム
oshiete miko sensei,3,54,,おしえて巫女先生
samurai evolution oukoku geist,3,54,,桜国ガイスト
powerpuff girls doujinshi,3,54,,パワーパフガールズドウジンシ
harry potter and the philosopher's stone,3,54,,ハリー・ポッターと賢者の石
softmax,3,54,,softmax
my mai tonight,3,54,,MY舞☆TONIGHT
shikaru neko,3,54,,しかるねこ
godzilla: final wars,3,54,godzilla final wars,ゴジラFINALWARS
grand theft auto iv,3,54,"grand theft auto: episodes from liberty city,grand theft auto iv: the ballad of gay tony,grand theft auto iv: the lost and damned",グランドセフトオート4
uchuu keiji gavan,3,54,space sheriff gavan,宇宙刑事ギャバン
green day,3,54,,グリーン・デイ
univirtual,3,54,,
yura ga aitsu ni dakareru wake ~aisuru tsuma wa kyou mo ano otoko ni seieki o sosogareteyuku~,3,54,,
yi meng jianghu,3,54,,一梦江湖
shinmai ossan bokensha,3,54,the ossan newbie adventurer,新米オッサン冒険者
liar's bar,3,54,,ライアーズバー
how to draw manga,3,54,,漫画を描く方法
kirby 30th anniversary music festival,3,54,,星のカービィ_30周年記念ミュージックフェス
sexy commando gaiden: sugoiyo! masaru-san,3,54,,セクシーコマンドー外伝すごいよ!!マサルさん
sora no kanata no dystopia,3,54,,天穹ノ彼方の錬星郷
saturday night live,3,54,,サタデー・ナイト・ライブ
keiou yuugekitai,3,54,keio flying squadron,けいおうゆうげきたい
rescute,3,54,,瀕臨絕種團
godzilla singular point,3,54,,ゴジラS.P
berl and the candy house,3,54,,ベルとお菓子の家
kanojo no seiiki,3,54,,彼女のセイイキ
himitsu ~kuro no chikai~ (vocaloid),3,54,,秘蜜~黒の誓い~
neo geo,3,54,,ネオジオ
skype,3,54,,スカイプ
karisome no shitsuji to koushaku no himegoto,3,54,,仮初の執事と公爵の秘事
hatsu inu,3,54,,初犬
kita e,3,54,,北へ。
toushin toshi iii,3,54,,闘神都市III
atelier viorate,3,54,,ヴィオラートのアトリエ
lv1 maou to one room yuusha,3,54,,Lv1魔王とワンルーム勇者
char's deleted affair,3,54,,若き彗星の肖像
kanojo ga aitsu ni sareta koto,3,54,,彼女があいつにされた事
venus rumble,3,54,,ヴィーナスランブル
wazamonogatari,3,54,,業物語
pieces (series),3,54,,ピース（シリーズ）
sonic advance (series),3,54,,ソニックアドバンス
penguin musume,3,54,,ペンギン娘
kemono no souja erin,3,54,,獣の奏者
world flags,3,54,,世界の旗
bluejump,3,54,,
one outs,3,54,,ワンナウツ
rambo,3,54,,ランボー
messiah (game),3,54,,メシア（ゲーム）
eoe,3,54,,
pygmalion. (group),3,54,,ぴぐまりおん。
fortress girl,3,54,,要塞少女
amesarasa,3,54,,エメサラサ
kyou ami!,3,54,,京アミ!
heartbeat (game),3,54,,
the new prophecy,3,54,,新预言
agatha christie no meitantei poirot to marple,3,54,agatha christie's great detectives poirot and marple,アガサ・クリスティーの名探偵ポワロとマープル
the last remnant,3,54,,最後の残党
dreamparty,3,54,,ドリームパーティ
jinrou judgment,3,54,,人狼ジャッジメント
shoujo shin'iki shoujo tengoku,3,54,,shoujo shin'iki shoujo tengoku
hitotsu yane no tsubasa no shita de,3,54,,ひとつ屋根の、ツバサの下で
reizoku ichiba,3,54,,隷属市場
colorful x melody (vocaloid),3,54,,カラフルなXメロディ（ボーカロイド）
bullet girls,3,54,,バレットガールズ
sorauta,3,54,,そらうた
aoba project,3,54,,蒼波プロジェクト
tekken revolution,3,54,,鉄拳レボリューション
chikan saresou ni natteiru s-kyuu bishoujo wo tasuketara tonari no seki no osananajimi datta,3,54,the girl i saved on the train turned out to be my childhood friend,痴漢されそうになっているS級美少女を助けたら隣の席の幼馴染だった
oh rama havenna!,3,53,,オー・ラマ・ハヴェンナ
ms. marvel (series),3,53,,Ms.マーベル
bokujou monogatari: youkoso! kaze no bazaar e,3,53,,ようこそ!風のバザールへ
aruruu to asobo!!,3,53,aruruw to asobo!!,アルルゥとあそぼ!!
pokemon 4ever - celebi: the voice of the forest,3,53,pokemon m04,セレビィ時を超えた
gundam f90,3,53,,機動戦士ガンダムF90
zenra toukou school,3,53,,
sonic battle,3,53,,ソニックバトル
chouriki sentai ohranger,3,53,,超力戦隊オーレンジャー
silver and blood,3,53,,シルブラ
butaotome,3,53,,豚乙女
hazurewaku no joutai ijou skill de saikyou ni natta ore ga subete wo juurin suru made,3,53,failure frame: i became the strongest and annihilated everything with low-level spells,ハズレ枠
dragon providence,3,53,,ドラゴンプロヴィデンス
valve corporation,3,53,valve software,
electric angel (vocaloid),3,53,,えれくとりっく・えんじぇぅ
gaia gear,3,53,,ガイア・ギア
logan (movie),3,53,,
tekken 3,3,53,,鉄拳3
clover days,3,53,,クローバーの日
kikaider (series),3,53,,人造人間キカイダー
universal studios,3,53,,ユニバーサル・ピクチャーズ
the avengers: earth's mightiest heroes!,3,53,,
ultraman ginga (series),3,53,,ウルトラマンギンガ
clock tower (series),3,53,,クロックタワー
godzilla vs. biollante,3,53,,ゴジラvsビオランテ
code: dragon blood,3,53,,ドラブライラコンFA
fallout 76,3,53,,フォールアウト76
chronicles of the avatar,3,53,,
juuken sentai gekiranger,3,53,,獣拳戦隊ゲキレンジャー
guild wars 2,3,53,,ギルドウォーズ2
sanguo romance,3,53,sangoku romance,三国ロマンス
sex underworld e youkoso!,3,53,,セックスアンダーワールドへようこそ!
hana himeru kimi no meteor,3,53,,花秘める君のメテオール
psychic force,3,53,,サイキックフォース
amatsu misora ni!,3,53,,アマツミズーラni！
ooi! tonbo,3,53,,オーイ!とんぼ
linda cube,3,53,,リンダキューブ
sweet pool,3,53,,スウィートプール
soreyuke! uchuu senkan yamamoto youko,3,53,starship girl yamamoto yohko,それゆけ!宇宙戦艦ヤマモト・ヨーコ
kokoro rista!,3,53,,こころリスタ!
transformers: earthspark,3,53,,トランスフォーマーアーススパーク
tsurugihime,3,53,,つるぎ姫
otogi:spirit agents,3,53,,陰陽おとぎソール
dilftown (schizoid),3,53,,
acute (vocaloid),3,53,,急性（ボーカロイド）
tech win,3,53,,テックウィン
mirai nostalgia,3,53,,ミライ・ノスタルジア
it's always sunny in philadelphia,3,53,,フィラデルフィアは今日も晴れ
project diva mega39's,3,53,,
the king of fighters '96,3,53,,ザ・キング・オブ・ファイターズ'96
phoenix ranger featherman,3,53,,不死鳥戦隊フェザーマン
watashi no oniichan,3,53,shuukan watashi no onii-chan,週刊わたしのおにいちゃん
another project,3,53,,別のプロジェクト
nee chanto shiyou yo!,3,53,,姉、ちゃんとしようよっ!
eufonie,3,53,,ユーフォニー
kabe ni hamatte ugokenai!,3,53,,壁にはまってうごけない!
etsusa oohashi,3,53,,越佐大橋
hakata no shio,3,53,,伯方の塩
spica (vocaloid),3,53,,スピカ（ボーカロイド）
uniteup!,3,53,,ゆーゆー
akiba's trip the animation,3,53,,AKIBA'STRIP(アニメ)
little armory,3,53,,リトルアーモリー
let's be one (love live!),3,53,,
seifuku rakuen,3,53,,制服楽園
under ground,3,53,,地下
battle of titans,3,53,,バトルオブタイタンズ
utsunomiya-sen meguri,3,53,,宇都宮線巡り
pokemon infinite fusion,3,53,,
venus blood,3,53,,ヴィーナスブラッド
bokura no 16bit warz (vocaloid),3,53,,ぼくらの16bit戦争
juvenile (vocaloid),3,53,,ジュブナイル
wixoss diva(a)live,3,53,,Wixoss Diva（a）ライブ
asura cryin',3,53,,アスラクライン
comic pot,3,53,,
animal yokochou,3,53,animal lane,アニマル横町
yubisaki to renren,3,53,a sign of affection,ゆびさきと恋々
yubisaki connection,3,53,,ゆびさきコネクション
red ninja,3,53,,紅忍_血河の舞
loveit? (biz),3,52,,
alice in cradle,3,52,,アリクレ進捗どうですか
glow (vocaloid),3,52,,グロー（ボーカロイド）
xg (group),3,52,,エックスジー
kimi to boku no saigo no senjou arui wa sekai ga hajimaru seisen,3,52,,キミと僕の最後の戦場、あるいは世界が始まる聖戦
ego (takanashi kiara),3,52,,
minna de zutto shiawase ni kazoku de issho ni tanoshii party wo,3,52,,みんなでずっと幸せに、家族で一緒に、楽しいパーティを。
shanti (vocaloid),3,52,,シャンティ
the two-thousand yard stare,3,52,,
spider-man 3,3,52,,スパイダーマン3
sing (movie),3,52,,
becoming a god in the zerg world by livestreaming bl novels,3,52,,直播写纯爱文的我在虫族封神
bitter choco decoration (vocaloid),3,52,,ビターチョコデコレーション
threefold recital,3,52,,三相奇谈
slavic mythology,3,52,,スラヴ神話
astro bot (series),3,52,,アストロボット
disney fairies (movie series),3,52,,
tsujidou-san no jun'ai road,3,52,,辻堂さんの純愛ロード
machine robo chronos no dai gyakushuu,3,52,"machine robo chronos no gyakushuu,machine robo revenge of cronos",クロノスの大逆襲
meg's monster,3,52,,メグとばけもの
peace maker kurogane,3,52,,ピスメ
ultraman fusion fight!,3,52,,ウルトラマンフュージョンファイト!
pleasant goat and big big wolf,3,52,xiyangyang yu huitailang,喜羊羊与灰太狼
suzukuri karin-chan,3,52,,巣作りカリンちゃん
nemesis no juukou (vocaloid),3,52,,ネメシスの銃口
acro trip,3,52,,アクロトリップ
mahou shoujo madoka magica: concept movie,3,52,madoka concept movie,コンセプトムービー
total war: warhammer,3,52,"total war: warhammer 2,total war: warhammer 3",
shin mazinger shougeki! z-hen,3,52,,真マジンガー衝撃!Z編
yogosareta natsu,3,52,,
virtual dimension project,3,52,,虚拟次元计划
stop!! hibari-kun!,3,52,,ストップ!!ひばりくん!
kamen rider battle,3,52,,仮面ライダーバトル
tvfilthyfrank,3,52,,
new super mario bros. wii,3,52,,NewスーパーマリオブラザーズWii
tengai makyou,3,52,,天外魔境
hentaiukr,3,52,,
oomo-san loves warhammer,3,52,,
razer,3,52,,
turn of the golden witch,3,52,,黄金の魔女のターン
airy production,3,52,,エアリープロダクション
nioh,3,52,,仁王(ゲーム)
hen-shin-shou-jo metamol maiden,3,52,,変・身・少・女メタモルメイデン
regressor's instruction manual,3,52,,
futamata ren'ai,3,52,,フタマタ恋愛
the fantastic four: first steps,3,52,,ファンタスティック4:ファースト・ステップ
treasure island,3,52,,トレジャー・アイランド
south park: the stick of truth,3,52,,サウスパーク：真実の棒
time gal,3,52,,タイムギャル
tokyo insomnia,3,52,,東京インソムニア
bubble rise (love live!),3,52,,
code geass: lost colors,3,52,,コードギアス：失われた色
ubuntu,3,52,,ubuntu
hana wa saku shura no gotoku,3,52,"flower and asura,hanashura",花は咲く、修羅の如く
hello kitty to issho!,3,52,,イスシャにハローキティ！
ch4nge (cevio),3,52,,
blue seed,3,52,,ブルーシード
gall force,3,52,,ガルフォース
final fantasy crystal chronicles: echoes of time,3,52,,ファイナルファンタジークリスタルクロニクルエコーズ・オブ・タイム
baywatch,3,52,,ベイウォッチ
ourai no gahkthun,3,52,,黄雷のガクトゥーン
hitoribocchi no isekai kouryaku,3,52,loner life in another world,ひとりぼっちの異世界攻略
the dark knight rises,3,52,,ダークナイトライジング
that's not my neighbor,3,52,,
grenadier (manga),3,52,,グレネーダー
seijo no maryoku wa bannou desu,3,52,the saint's magic power is omnipotent,聖女の魔力は万能です
game-style,3,52,,ゲームスタイル
kid icarus (nes),3,52,,パルテナの鏡
guilty princess,3,52,,有罪の王女
bad end night (vocaloid),3,52,,バッドエンドナイト（ボーカロイド）
sugar conflict,3,52,,シュガーコンフリクト
otomedius excellent,3,52,,オトメディウスX
kunoichi demo koi ga shitai (vocaloid),3,52,,クノイチでも恋がしたい
hatsukoi limited,3,52,,初恋限定。
marasy,3,52,,まらしぃ
aikatsu! photo on stage!!,3,52,,アイカツ!フォトonステージ!!
south park: the fractured but whole,3,52,,
shining ark,3,52,,シャイニング・アーク
tales of phantasia: narikiri dungeon x,3,52,,テイルズオブファンタジアなりきりダンジョンX
otome no teikoku,3,52,,オトメの帝国
assassin's creed: valhalla,3,52,,
missed messages,3,52,,
bukkake! doshikoring minuki max acme shite mo ii desu ka,3,52,,BUKKAKE!ドシコリングMINUKIマックスアクメしてもいいですか?
all you need is kill,3,52,,オールユーニードイズキル
red corruption,3,52,,レッドコラプション
soniani,3,52,,ソニアーニ
seinarukana,3,52,,聖なるかな
krita (software),3,52,,
princess witches,3,52,,プリンセスうぃっちぃず
sekien no inganock,3,52,,赫炎のインガノック
clover (game cg),3,52,,クローバー（ゲームCG）
3ldkm,3,52,,3ldkm
megachu!,3,52,,めがちゅ!
girl arms,3,52,,女の子の腕
magical drop,3,52,,マジカルドロップ
zettai shougeki,3,52,,プラトニックハート
niconico rpg,3,52,,ニコニコRPG
shintaisou,3,52,,新体操(真)
bounen no xam'd,3,52,,亡念のザムド
eternal senia 2:hydrangea after the rain,3,52,,
imouto tasha paranoia,3,51,sister other paranoia,妹、他者、パラノイア
devil summoner (game),3,51,,真・女神転生デビルサマナー
golden sun: dark dawn,3,51,,漆黒なる夜明け
also sprach zarathustra (neco),3,51,,また、ザラトゥストラをスプロッハ（neco）
capcom fighting allstars,3,51,,カプコンファイティングオールスターズ
mc championship,3,51,,
mighty switch force!,3,51,,マイティースイッチフォース!
danganronpa: despair time,3,51,,
pokemon: arceus and the jewel of life,3,51,pokemon m12,アルセウス超克の時空へ
otaku ni yasashii gal wa inai!?,3,51,gal's can't be kind to otaku!?,オタクに優しいギャルはいない!?
mahou shoujo ikusei keikaku f2p,3,51,,魔法少女育成計画F2P
dissidia final fantasy nt,3,51,,ディスディアファイナルファンタジーnt
pokemon the movie: volcanion and the mechanical marvel,3,51,pokemon m19,ボルケニオンと機巧のマギアナ
touhou igyoukyo,3,51,,東方異形郷
wonder boy,3,51,,ワンダーボーイ
before crisis: final fantasy vii,3,51,before crisis final fantasy vii,ビフォアクライシス
the first descendant,3,51,,ザファーストディセンダント
detective pikachu (game),3,51,,名探偵ピカチュウ
licca-chan (franchise),3,51,,リカちゃん
dusttale,3,51,,
doukoku soshite...,3,51,,慟哭そして...
kukkorodays,3,51,,くっころでいず
nuclear throne,3,51,,核玉座
atarashii gakkou no leaders,3,51,atarashii gakko!,新しい学校のリーダーズ
anata ni koi suru ren'ai recette,3,51,,あなたに恋する恋愛ルセット
duke nukem (series),3,51,,デュークニュッケム
gran turismo,3,51,,グランツーリスモ
mario tennis: ultra smash,3,51,,マリオテニスウルトラスマッシュ
alita: battle angel,3,51,,アリタ：バトルエンジェル
vitruvian man,3,51,,ウィトルウィウス的人体図
bluesky,3,51,,
shoot the bullet,3,51,,東方文花帖
rilu rilu fairilu,3,51,,リルリルフェアリル
phasmophobia (game),3,51,,ファズモフォビア
uso kara hajimaru koi no natsu,3,51,usonatsu ~the summer romance bloomed from a lie~,嘘から始まる恋の夏
the sandman (dc),3,51,,
nokia (company),3,51,,ノキア
chotto dake ai ga omoi dark elf ga isekai kara oikakete kita,3,51,,ちょっとだけ愛が重いダークエルフが異世界から追いかけてきた
descend,3,51,,
rai rai rai,3,51,,雷雷雷
ryuu ga gotoku ishin!,3,51,,龍が如く維新!
transformers: war for cybertron trilogy,3,51,,トランスフォーマー:ウォー・フォー・サイバトロン・トリロジー
futanari no elf,3,51,,フタナリのエルフ
selection project,3,51,,セレプロ
pixiv cat kingdom,3,51,,【ぴくネコ】
goof troop,3,51,,パパはグーフィー
chicchana yukitsukai sugar,3,51,a little snow fairy sugar,ちっちゃな雪使いシュガー
pia carrot e youkoso!! 2,3,51,,Pia♥キャロットへようこそ!!2
comic penguin cereb,3,51,,COMICペンギンクラブ
hen zemi,3,51,,変ゼミ
shoujo fractal,3,51,,少女フラクタル
of the devil,3,51,,
yoshi's new island,3,51,,ヨッシーNewアイランド
toaru majutsu no virtual-on,3,51,,とある魔術の電脳戦機
kindle imagine develop,3,51,,
gundam side story: missing link,3,51,,機動戦士ガンダム外伝ミッシングリンク
violet detector,3,51,,秘封ナイトメアダイアリー_〜_Violet_Detector
hachinan tte sore wa nai deshou!,3,51,the 8th son? are you kidding me?,"八男って,それはないでしょう!"
danmaku!!,3,51,,ダンマク!!
the king of fighters 2003,3,51,,ザ・キング・オブ・ファイターズ2003
pretty x cation,3,51,,プリティケーション
natsuzora no perseus,3,51,,夏空のペルセウス
nakau,3,51,,なか卯
dragon slayer (series),3,51,,ドラゴンスレイヤー
moto gp,3,51,,モトGP
red hood (kawaguchi),3,51,the hunters guild: red hood,レッドフード(漫画)
howl's moving castle (novel),3,51,,魔法使いハウルと火の悪魔
boku no mirai wa koi to kakin to,3,51,,僕の未来は、恋と課金と。
chuuka ichiban!,3,51,,中華一番
boston dynamics,3,51,,ボストン・ダイナミクス
mochiyama kingyo,3,51,,もち山金魚
jibun no koto ga katte ni manga ni sareteru onnanoko,3,51,,自分の事が勝手に漫画にされてる女の子
suiren to shion,3,51,,水蓮と紫苑
agarest senki zero,3,51,,アガレスト戦記ZERO
the third,3,51,,ザ・サード
shikabane hime,3,51,,屍姫
r g b,3,51,,R G b
final fantasy xii revenant wings,3,51,,ファイナルファンタジーXIIレヴァナント・ウイング
iolite link,3,51,,アイオライトリンク
petopetosan,3,51,,ぺとぺとさん
dai mahou touge,3,51,,大魔法峠
clock lock works (vocaloid),3,51,,クロックロックワークス（ボーカロイド）
shikigami no shiro,3,51,,式神の城
zankyou no terror,3,51,terror in resonance,残響のテロル
birdie wing: golf girls' story,3,51,,バーディウィング
rift of the necrodancer,3,50,,
mugen no juunin,3,50,blade of the immortal,無限の住人
ultraman 80 (series),3,50,,ウルトラマン80
ai limit,3,50,,無限機兵
diablo 4,3,50,,
sadistic music factory (vocaloid),3,50,,わがまま工場長
the legend of zelda: ocarina of time 3d,3,50,,
booo! (vocaloid),3,50,,
dexter (tv series),3,50,,
fire emblem: archanea saga,3,50,,アカネイア戦記
code:realize,3,50,,Code:Realize〜創世の姫君〜
knightfight,3,50,,
kagurai ~kagura and raito~,3,50,,カグライ
castlevania: harmony of dissonance,3,50,,キャッスルヴァニア白夜の協奏曲
lies of p: overture,3,50,,
wawo! (love live!),3,50,,
dredge (game),3,50,,
taihaiteki jinsei sanka (utau),3,50,,退廃的人生讃歌
illit,3,50,,アイリット
gensokyo odyssey,3,50,,
lemon melon cookie (vocaloid),3,50,,レモン・メロン・クッキー
singin' in the rain,3,50,,雨に唄えば
oyomeholic (nerissa ravencroft),3,50,,お嫁♡HOLIC
arcade gamer fubuki,3,50,,アーケードゲーマーふぶき
tild - mage a louer,3,50,,ティルド - 魔術師ルーアー
freddy fazbear's pizzeria simulator,3,50,five nights at freddy's: pizzeria simulator,
monster company,3,50,,モンスターカンパニー
double dragon,3,50,,ダブルドラゴン
noctilucent: before dawn,3,50,,ノクティルセント
end of the golden witch,3,50,,黄金の魔女の終わり
ash echoes,3,50,,アッシュエコーズ
sad girl sex (vocaloid),3,50,,サッドガール・セックス
majo puri ~anata no seieki zenbu shiboritotte agechau!~,3,50,,まじょ☆プリ~アナタの精液、ぜんぶ搾り取ってあげちゃう!~
maruchan (brand),3,50,,マルちゃん
big mukimuki & small muchimuchi,3,50,,大きいムキムキ小さいむちむち
shoujo hatsudouki,3,50,,少女発動機
yoshinaga-san'chi no gargoyle,3,50,,Yoshinaga-San'Chi Gargoyle no
sora wo matotte,3,50,,空をまとって
sonic speed simulator,3,50,,
re:zero kara hajimeru isekai seikatsu witch's re:surrection,3,50,,リゼウィチ
"hazure skill ""kinomi master"": skill no mi (tabetara shinu) wo mugen ni taberareru you ni natta ken ni tsuite",3,50,"bogus skill ""fruitmaster"": about that time i became able to eat unlimited numbers of skill fruits (that kill you)",外れスキル《木の実マスター》~スキルの実(食べたら死ぬ)を無限に食べられるようになった件について~
sonic the hedgehog 2 (movie),3,50,,ソニックVSナックルズ
road to dragons,3,50,,ロード・トゥ・ドラゴン
yuukoku no moriarty,3,50,,憂国のモリアーティ
asu no yozora shoukaihan (vocaloid),3,50,"kimi no yozora shoukaihan (vocaloid),night sky patrol of tomorrow (vocaloid)",アスノヨゾラ哨戒班
a clockwork orange,3,50,,時計じかけのオレンジ
darius burst,3,50,,ダライアスバースト
grandia iii,3,50,,グランディアiii
jinzou enemy (vocaloid),3,50,,人造エネミー
book of bill,3,50,,
on your mark (love live!),3,50,,
mrs.pumpkin no kokkei na yume (vocaloid),3,50,,Mrs.Pumpkinの滑稽な夢
theater ikizama,3,50,,シアター生き様
new getter robo,3,50,,新ゲッターロボ
kimagure temptation 2,3,50,,きまテン2
sengoku koihime x,3,50,,戦国†恋姫X
shingeki no bahamut: virgin soul,3,50,,神撃のバハムートVIRGINSOUL
sakigake!! otokojuku,3,50,,魁!!男塾
benriya saitou-san isekai ni iku,3,50,handyman saitou in another world,便利屋斎藤さん、異世界に行く
digimon adventure v-tamer 01,3,50,,デジモンアドベンチャーVテイマー01
pixiv's virtual youtuber audition,3,50,,バーチャルYouTuberオーディション
sengoku youko,3,50,,戦国妖狐
choro-q,3,50,penny racers,チョロQ
house of the dead,3,50,,ザ・ハウス・オブ・ザ・デッド
pythagora-switch,3,50,,ピタゴラスイッチ
team kirby clash deluxe,3,50,,みんなで!カービィハンターズZ
otto no inu aida ni... ~watashi odosarete anata ni ienai koto shimashita~,3,50,,夫の居ぬ間に...
akitaland gothic,3,50,akita land gothic,アキタランド・ゴシック
beatus creation,3,50,,びたうぃーく
mirolive,3,50,,ミロライブ台湾
wolfenstein (series),3,50,,ウルフェンシュタイン
gals panic s2,3,50,,
hdoom,3,50,,hdoom
gundou musashi,3,50,,GUN道
yuukyuu no euphoria,3,50,,悠久のユーフォリア
studio khara,3,50,,スタジオカラ
isekai cheat magician,3,50,,異世界チート魔術師
mirror's edge,3,50,,EAに提出しようか
mean girls,3,50,,ミーン・ガールズ
aki no jikan,3,50,,あっきのじかん
same ningen,3,50,,サメ人間
marisa to alice no cookie storia,3,50,,魔理沙とアリスのクッキー☆ストーリア
breakers,3,50,,ブレイカーズ
jewel knights,3,50,,宝石の騎士
scho-ka-kola,3,50,,ショカコーラ
care bears,3,50,,ケアベア
lyrical ds,3,50,,叙情的なds
soshite ashita no sekai yori,3,50,,そして明日の世界より―
butterfly cat,3,50,,バタフライキャット
constantine (series),3,50,hellblazer,コンスタンティン
shiki no akari,3,50,,識ノ灯リ
onee-chan no yuuwaku,3,50,,如月真綾の誘惑
mamiya-kunchi no itsutsugo jijou,3,50,,間宮くんちの五つ子事情
readyyy!,3,50,,
uchi wa mou enki dekinai.,3,50,,ウチはもう、延期できない。
boku wa ohime-sama ni narenai,3,50,,僕はお姫様になれない
myholo tv,3,50,,myholoテレビ
tokyo joshi pro wrestling,3,49,,東京女子プロレス
pepsiman (game),3,49,,
bunny girl (akasaki),3,49,,
lavie (vocaloid),3,49,,ラヴィ
pokemon: destiny deoxys,3,49,pokemon m07,裂空の訪問者デオキシス
taishou x alice,3,49,,大正×対称アリス
fantasy zone,3,49,,ファンタジーゾーン
hijinrui gakuen,3,49,,非人類学園
hajimeru sekai no risouron,3,49,,はじめるセカイの理想論
chicago bulls,3,49,,シカゴ・ブルズ
japan airlines,3,49,,日本航空
gs25,3,49,,
natural habitat shorts,3,49,,
who wants to be a millionaire?,3,49,who wants to be a millionaire,クイズ$ミリオネア
koi wa sekai seifuku no ato de,3,49,,恋は世界征服のあとで
spoken for (synthesizer v),3,49,,
les miserables,3,49,,レ・ミゼラブル
dragon quest monsters: terry's wonderland,3,49,,
sword world 2.5,3,49,,ソード・ワールド2.5
final romance 4,3,49,,
dig dug,3,49,,ディグダグ
atlyss,3,49,,
armed fantasia,3,49,,アームドファンタジア
robot hunter casshern,3,49,casshan robot hunter,ロボット・ハンター・キャシャーン
yuusha party wo oidasareta kiyoubinbou,3,49,,勇者パーティを追い出された器用貧乏
cheat kusushi no slow life,3,49,,チート薬師のスローライフ~異世界に作ろうドラッグストア~
koukou tekken-den tough,3,49,"kokou tekken-den tough,tough: high school iron fist legend,tough (manga)",高校鉄拳伝タフ
shinda otto ga mushi ni tensei shite ita kudan,3,49,,死んだ夫が虫に転生していた件
aisarenakute mo kimi ga iru (vocaloid),3,49,because you're here (vocaloid),愛されなくても君がいる
clevatess: majuu no ou to akago to shikabane no yuusha,3,49,,クレバテス
3itches,3,49,,
power pro-kun pocket 7,3,49,,パワポケ7
dakikano,3,49,,ダキカノ
mental omega (mod),3,49,,メンタル・オメガ
incredibox,3,49,,
paffendorf,3,49,,アッーウッウッイネイネ
heike monogatari,3,49,,平家物語(アニメ)
pokemon: paldean winds,3,49,,放課後のブレス
kingyo chuuihou!,3,49,goldfish warning!,きんぎょ注意報!
arifureta sekai seifuku (vocaloid),3,49,common world domination (vocaloid),ありふれたせかいせいふく
naraku 2,3,49,,
ryuusei world actor,3,49,,流星ワールドアクター
nyanko days,3,49,,にゃんこデイズ
golden marriage,3,49,,黄金の結婚
weiss kreuz,3,49,,ヴァイスクロイツ
acca 13-ku kansatsu-ka,3,49,,ACCA13区監察課
fuuzoku katsudou,3,49,,風紀委員とフーゾク活動_風紀を守る為に継続的に行う活動
whispered oracle of hakurei shrine,3,49,,東方幻存神籤
ryuu ga gotoku 2,3,49,,龍が如く2
god hand,3,49,,ゴッドハンド
mario + rabbids kingdom battle,3,49,,マリオ+ラビッツ_キングダムバトル
batman beyond,3,49,,バットマン・ザ・フューチャー
haruchika,3,49,,ハルチカ
h.live,3,49,,
x0o0x (utaite),3,49,,
kangoku senkan 2,3,49,,監獄戦艦2
onimusha: dawn of dreams,3,49,,Onimusha：Dawn of Dreams
makai wars,3,49,,魔界ウォーズ
yamada-kun to lv999 no koi wo suru,3,49,"loving yamada at lv999!,my love story with yamada-kun at lv999",山田くんとLv999の恋をする
nebula beat,3,49,,星律动
mrlsexdoll,3,49,,
idol x idol story!,3,49,,アイスト
radiant historia,3,49,,ラジアントヒストリア
the nutcracker,3,49,,くるみ割り人形(バレエ)
gouhou yuri fuufu hon,3,49,,合法百合夫婦本
aviator girls,3,49,,アヴィエイターガールズ
dragon quest monsters 3,3,49,,ドラゴンクエストモンスターズ3
200 km/h in the wrong lane,3,49,,
kin no kutsu gin no kutsu,3,49,,金の靴銀の靴
ex rank supporting role's replay in a prestigious school,3,49,,
the shawshank redemption,3,49,,ショーシャンクの空に
the thinker,3,49,,考える人
new super mario bros.,3,49,,NEWスーパーマリオブラザーズ
akutoku kenshikan no temoto ni todoketa okashii na itai no ohanashi,3,49,,悪徳検死官の手元に届けたおかしいな遺体のお話
picarto.tv,3,49,,picarto.tv
akuma ouji to ayatsuri ningyou,3,49,,悪魔王子と操り人形
hyper police,3,49,,はいぱーぽりす
mahou shounen miracle hachirou,3,49,,マホウ・ショーネンの奇跡のhachirou
junjou etching,3,49,,純情エッチング
mx0,3,49,,エムゼロ
aqua teen hunger force,3,49,,アクア・ティーン・ハンガー・フォース
garo: vanishing line,3,49,,牙狼VL
kuroshio current,3,49,,クロシオカレント
summer lesson,3,49,,サマーレッスン
drunken master,3,49,,醉拳
wargaming japan,3,49,,日本のウォーゲーミング
kuusou code plus,3,49,,空想コードプラス
macross: the first,3,49,,マクロスザ・ファースト
tartaros online,3,49,,タルタロス
harukazedori ni tomarigi wo,3,49,,harukazedori ni tomarigi wo
ore no natsuyasumi,3,49,,おれのなつやすみ
fragtime,3,49,,フラグタイム
japan animator expo,3,49,,日本アニメ(ーター)見本市
nagisano,3,49,,ナギサの
starlight (love live!),3,49,,Starlight(朝香果林)
doukyuusei (manga),3,49,,同級生
devil may cry (anime),3,49,,デビルメイクライ(アニメ)
makeship,3,49,,
kuro ageha,3,49,,くろアゲハ
kakusei kenkyuu idol lab,3,49,,覚醒研究☆アイドルラボ
nekorindou,3,48,,猫りん堂
studio pierrot,3,48,,スタジオぴえろ
clash royale,3,48,,クラッシュ・ロワイヤル
blade (series),3,48,,
dengeki online,3,48,,電撃オンライン
dengeki daioh,3,48,,月刊コミック電撃大王
devil janai mon (vocaloid),3,48,,デビルじゃないもん
re:zero kara oboreru isekai seikatsu,3,48,,オボレル
legacy of kain,3,48,,
balala the fairies,3,48,,巴啦啦小魔仙
kaguyano,3,48,,カグヤノ
fate/grand order waltz in the moonlight/lostroom,3,48,,月明かりの中での運命/大秩序ワルツ/ロストルーム
treasure island (1988),3,48,,
kajiri kamui kagura,3,48,,神咒神威神楽
stargazer (company),3,48,,
one room hiatari futsuu tenshi-tsuki,3,48,,ワンルーム、日当たり普通、天使つき。
pokemon battle revolution,3,48,,バトレボ
nohara hiroshi hirumeshi no ryuugi,3,48,,野原ひろし_昼メシの流儀
animal crossing: new leaf,3,48,,とびだせどうぶつの森
hyakujuu-ou golion,3,48,,百獣王ゴライオン
konchuu kansatsu,3,48,,昆蟲姦察
shiro no musume (vocaloid),3,48,,白ノ娘
hirohako,3,48,,ひろはこ
seraphim slum,3,48,,
the last guardian,3,48,,人喰いの大鷲トリコ
king of the hill,3,48,,キング・オブ・ザ・ヒル
guardians of the videogame,3,48,,电子游戏守护者
armored core 4,3,48,,アーマードコア4
urami koushin (utau),3,48,,うらみ交信
toriko no hime,3,48,,虜ノ姫~淫魔の調律~
the great gatsby,3,48,,華麗なるギャツビー
castlevania iii: dracula's curse,3,48,,悪魔城伝説
beatmania iidx 11 iidx red,3,48,,
the electric state,3,48,,
revived witch,3,48,,复苏的魔女
cute na kanojo (cevio),3,48,,キュートなカノジョ
take moon,3,48,,テイクムーン
ningen fushin no renkinjutsushi to moto heishi no homunculus,3,48,,人間不信の錬金術師と元兵士のホムンクルス
the casagrandes,3,48,,ザ・カサグランデス
ragnarok online 2: legend of the second,3,48,,ラグナロクオンライン2
kuragehime,3,48,,海月姫
town musicians of bremen,3,48,the bremen musicians,ブレーメンの音楽隊
lumina prognosis,3,48,,ルミナプログノシス
niizuma lovely x cation,3,48,,新妻ラブリーケーション
battlefield 3,3,48,,バトルフィールド3
dame inu kanojo,3,48,,ダメ犬彼女
musekinin kanchou tylor,3,48,the irresponsible captain tylor,無責任艦長タイラー
kaze ga tsuyoku fuiteiru,3,48,,風が強く吹いている
bioshock 1,3,48,,バイオショック1
inu ni nattara suki na hito ni hirowareta,3,48,my life as inukai-san's dog,犬になったら好きな人に拾われた。
mahou shoujo to shinrin gakushuu,3,48,,
suika (visual novel),3,48,,水夏
eiyuu chronicle,3,48,,英雄クロニクル
goddess paradise,3,48,,ガーデス·パラダイス
eastnewsound,3,48,,イーストニューサウンド
sazanami no shoujo-tachi,3,48,,さざ波の少女たち
haydee (game),3,48,,ヘイディー（ゲーム）
knives out,3,48,,荒野行动
boxboy!,3,48,,ハコボーイ!
mega man star force 2,3,48,,流星のロックマン2
project winter,3,48,,V雪人狼
sprunki,3,48,,
way 2 u (ouro kronii),3,48,,
drunken night (unspoken),3,48,,
wasteland mage,3,48,,
neko no wakusei,3,48,,neko no wakusei
kokurikozaka kara,3,48,,コクリコ坂から
ecchi na bunny-san wa kirai?,3,48,,エッチなバニーさんは嫌い?
nicomi.com,3,48,,nicomi.com
dead space 2,3,48,,デッドスペース2
dominion (manga),3,48,,特捜戦車隊ドミニオン
ayakashi hyakkiyakou,3,48,,あやかし百鬼夜行
onimonogatari,3,48,,鬼物語
hikaru ga chikyuu ni itakoro,3,48,,ヒカルが地球にいたころ......
manaka de ikuno!!,3,48,,愛佳でいくの!!
windmill (company),3,48,,ういんどみる
meteos,3,48,,メテオス
wild arms: million memories,3,48,,ワイルドアームズミリオンメモリーズ
gakuen kino,3,48,,学園キノ
thedoujin,3,48,,Thedoujin
deadpool (movie),3,48,,デッドプール（映画）
shinkyoku soukai polyphonica aphonic songbird,3,48,,神曲奏界ポリフォニカエイフォニック・ソングバード
inma kourin devil carnival,3,48,,淫魔降臨デビル☆カーニバル
call of duty: modern warfare 3,3,48,,コールオブデューティモダン・ウォーフェア3
yuyukana,3,48,,ユユカナ
meiji tokyo renka,3,48,,めいこい
hajilove -making lovers-,3,48,,ハジラブ_-Making*Lovers-
brooklyn nine-nine,3,48,,ブルックリン・ナイン-ナイン
futago shimai-chan no yuri seikatsu,3,48,,
intelli village no zashiki-warashi,3,48,,インテリビレッジの座敷童
samurai flamenco,3,48,,サムライフラメンコ
patriarch xtasy,3,48,,パトリアークエクスタシー
sangokushi ranbu,3,48,,三国志乱舞
galilei donna,3,48,,ガリレイドンナ
orichalcum reycal,3,48,,オリハルコンレイカル
madou monogatari ars,3,47,,魔導物語_ars
sonic the hedgehog 2,3,47,,ソニック・ザ・ヘッジホッグ2
dolls nest,3,47,,ドールズネスト
ultraman tiga: the final odyssey,3,47,,
shantae advance: risky revolution,3,47,,シャンティアドバンス:リスキーレボリューション
poker chase,3,47,,ポーカーチェイス
ichijouma mankitsu gurashi!,3,47,,一畳間まんきつ暮らし!
shinkansen henkei robo shinkalion z,3,47,,シンカリオンZ
mission mermaiden,3,47,,ミッションマーメイデン
jouzai (tooboe),3,47,tablet (tooboe),錠剤
action heroine cheer fruits,3,47,,アクションヒロインチアフルーツ
love fetish,3,47,,フェチが大好きです
digital stars,3,47,,
meakashi-hen,3,47,,目明し編
honkou no zen joshi seito no ue no kuchi to shita no kuchi wa nakayoshi houdai datte shitteru no wa ore dake?!,3,47,,本校の全女子生徒の上の口と下の口は仲良し放題だって知ってるのは俺だけ?!
men's young,3,47,,メンズヤング
issho ni gohan tabetai,3,47,,いっしょにゴハン食べたいッ
artificial academy 2,3,47,,ジンコウガクエン2
things from the flood,3,47,,
vols,3,47,,
kuusen madoushi kouhosei no kyoukan,3,47,,空戦魔導士候補生の教官
violated heroine,3,47,,VHゲーム01
imitation lover,3,47,,イミテーション・ラバー
fujimaru ritsuka wa wakaranai,3,47,,藤丸立香はわからない
rumble after dark,3,47,,
hokuto no ken: shinpan no sousousei kengou retsuden,3,47,,AC北斗の拳
onlyfans,3,47,,
senryuu shoujo,3,47,senryu girl,川柳少女
wordgirl (series),3,47,,ワードガール
seventh happiness,3,47,,ななはぴ公式
aegis-link,3,47,,
hoshi no suna monogatari 3,3,47,,星の砂物語3
indycar series,3,47,,インディカー・シリーズ
shoumetsu toshi 2,3,47,,消滅都市2
cardfight!! vanguard: overdress,3,47,,カードファイト!!ヴァンガードoverDress
houkago himitsu club,3,47,,放課後ひみつクラブ
31 minutos,3,47,,
sousei no onmyouji,3,47,,双星の陰陽師
white night! white wish! (idolmaster),3,47,,
fuuun ishin dai shogun,3,47,,風雲維新ダイ☆ショーグン
ginga (franchise),3,47,,銀牙
009 re:cyborg,3,47,,009 Re：Cyborg
bistro cupid (series),3,47,,ビストロ・きゅーぴっと
anime expo,3,47,,
kyoushoku soukou guyver,3,47,bio booster armor guyver,強殖装甲ガイバー
tokoshie bullet,3,47,,永久×バレット
ayashimon,3,47,,アヤシモン
sha po lang,3,47,,杀破狼
super robot wars x,3,47,,スーパーロボット大戦X
windows 8,3,47,,ウィンドウズ8
salaryman ga isekai ni ittara shitennou ni natta hanashi,3,47,headhunted to another world: from salaryman to big four!,サラリーマンが異世界に行ったら四天王になった話
black rock shooter fragment,3,47,,ブラック★ロックシューターFRAGMENT
paw patrol,3,47,,
condor trilogy,3,47,,射鵰三部曲
dragon's dogma 2,3,47,dragon's dogma ii,ドラゴンズドグマ2
sunflowers (van gogh),3,47,,
drapri guu-ta-life,3,47,,竜姫ぐーたらいふ
just do sex (unspoken),3,47,,
nanatsu no maken ga shihai suru,3,47,,七つの魔剣が支配する
super bunny man,3,47,,スーパーバニーの男
no straight roads,3,47,,ノーストレートロード
youkai watch: punipuni,3,47,,妖怪ウォッチぷにぷに
freedom planet 1,3,47,,自由星球1
touhou musou kakyou,3,47,,夢想夏郷
miss surfersparadise,3,47,surfers paradise,ミスサーファーパラダイズ
kanata no astra,3,47,,彼方のアストラ
after sweet kiss,3,47,,甘いキスの後
programming live broadcast,3,47,,プログラミング生放送
tsumugu otome to taishou no tsuki,3,47,,紡ぐ乙女と大正の月
heat-soft,3,47,,ヒートソフト
pppppp,3,47,,ピピピピピピ
rust (game),3,47,,さび（ゲーム）
nein (album),3,47,,Nein（アルバム）
pc angel,3,47,,PCエンジェル
lackadaisy,3,47,,
hidan no aria aa,3,47,aria the scarlet ammo aa,緋弾のアリアAA
kaze no stigma,3,47,,風の聖痕
the a-team,3,47,,特攻野郎Aチーム
shirokami gakuen,3,47,,【しろかみ学園】
real madrid,3,47,,レアル・マドリード
land of caromag,3,47,,魔卡领域
happy margaret!,3,47,,はっぴぃ☆マーガレット!
mario + rabbids sparks of hope,3,47,,マリオ+ラビッツ_スパークスオブホープ
isekai: slow life,3,47,,
star conflict,3,47,,星の対立
kaginado,3,47,,
chowder (series),3,47,,チャウダー
growlanser vi,3,47,,グローランサーVI
madou monogatari (saturn),3,47,,
centaur no nayami,3,47,,セントールの悩み
scary campus college university,3,47,,スケアリー・キャンパス・カレッジ・ユニバーシティ
spelunker,3,47,,スペランカー
aneimo,3,47,,あねいも
ufo princess valkyrie,3,47,ufo ultramaiden valkyrie,円盤皇女ワるきゅーレ
komorebi ni yureru tamashii no koe,3,47,,こもれびに揺れる魂のこえ
baroque (series),3,47,,バロック
penguin highway,3,47,,ペンギン・ハイウェイ
cafe little wish,3,47,,カフェリトルウィッシュ
assassin's creed: brotherhood,3,47,,アサシンクリードブラザーフッド
waga mama capriccio,3,47,,WAGA魔々かぷりちお
hare-kon.,3,47,,ハレ婚
kimi no tonari de koishiteru!,3,47,,キミのとなりで恋してる!
shoujo-tachi wa kouya wo mezasu,3,47,girls beyond the wasteland,少女たちは荒野を目指す
daydream show,3,47,,Daydream Show
majin bone,3,47,,マジンボーン
t-shi no hanashi wo shinjiru na (vocaloid),3,46,,T氏の話を信じるな
angel club,3,46,,エンジェルクラブ
kichikuou rance,3,46,,
diverse system,3,46,,多様なシステム
kyuu & ei (utau),3,46,q&a (utau),求&影
fbkingdom story,3,46,,
tiger mask w,3,46,,タイガーマスクW
mario hoops 3-on-3,3,46,,マリオバスケ3on3
nanako sos,3,46,,ななこSOS
gacha life,3,46,,ガチャライフ
sekai de ichiban tsuyoku naritai!,3,46,wanna be the strongest in the world!,世界でいちばん強くなりたい!
hajirau kimi ga mitainda,3,46,,恥らう君が見たいんだ
icy (love live!),3,46,,アイシイ
marble heart (idolmaster),3,46,,
baka ni kokuhaku,3,46,,バカに告白
choujun! choujou senpai,3,46,super psychic policeman chojo,超巡!超条先輩
die of death,3,46,,
musou orochi: maou sairin,3,46,warriors orochi 2,無双OROCHI魔王再臨
liar liar,3,46,,ライアー・ライアー
secret love (kari),3,46,,シークレットラブ(仮)
the new order: last days of europe,3,46,,
oyasai yousei to manabu yasai no chishiki zukan,3,46,,おやさい妖精とまなぶ野菜の知識図鑑
xy production,3,46,,
konoha no sekai jijou (vocaloid),3,46,,コノハの世界事情
nyantasia,3,46,,にゃんたじあ!
midsommar,3,46,,ミッドサマー
doraemon: nobita to tetsujin heidan,3,46,doraemon: nobita and the steel troops,のび太と鉄人兵団
akage (vocaloid),3,46,,赤毛
banner of the maid,3,46,seijo senki,聖女戦旗
nozomanu fushi no boukensha,3,46,the unwanted undead adventurer,望まぬ不死の冒険者
lustful desires,3,46,,
tsumi to batsu (vocaloid),3,46,crime and punishment (vocaloid),罪と罰
reflec beat,3,46,,
sakanaction,3,46,,サカナクション
the very hungry caterpillar,3,46,,はらぺこあおむし
burning force,3,46,,バーニングフォース
virtual talent academy,3,46,,バーチャル・タレント・アカデミー
brainrot girlfriend,3,46,,
taishou otome otogibanashi,3,46,,大正オトメ御伽話
kuon no kizuna,3,46,,久遠の絆
zanki (zutomayo),3,46,,残機
hi hi puffy amiyumi,3,46,,ハイ!ハイ!パフィー・アミユミ
jk bitch ni shiboraretai,3,46,,JKビッチに搾られたい
kurokami,3,46,,黒子
twin angels,3,46,,淫獣聖戦シリーズ
brandish,3,46,,ブランディッシュ
magical explorer,3,46,,マジカル★エクスプローラー
deaimon,3,46,,であいもん
zettai bl ni naru sekai vs zettai bl ni naritakunai otoko,3,46,,絶対BLになる世界VS絶対BLになりたくない男
kunoichi (game),3,46,,久野（ゲーム）
koufukuron (love live!),3,46,,咬福論
boom boom pow (idolmaster),3,46,,
produce 101,3,46,,
beck,3,46,,ベック
do u (takanashi kiara),3,46,,
akiba's trip 2,3,46,akiba's trip: undead & undressed,アキバズトリップ2
cing,3,46,,Cing
hotel dusk,3,46,,ウィッシュルーム
muryoku seijo to munou oujo,3,46,,無力聖女と無能王女
crush crush,3,46,,
hyakunichigo ni shinu wani,3,46,,100日後に死ぬワニ
mona lisa no zaregoto,3,46,,モナ・リザの戯言
momodora (series),3,46,,
high card,3,46,,ハイカード
after the rain,3,46,,そらいろまふらー
puchi puri yucie,3,46,,ぷちぷり*ユーシィ
dekkano!!,3,46,,でっかの!!
queendom (love live!),3,46,,Queendom（Love Live！）
dekoboko majo no oyako jijou,3,46,the family circumstances of the irregular witch,でこぼこ魔女の親子事情
bara to tsubaki,3,46,rose and camellia,薔薇と椿
sedai one,3,46,,
seifuku!,3,46,,せいふく!
lord of walkure,3,46,,ロードオブワルキューレ
missing stars,3,46,,行方不明の星
ts mahou shoujo mazoka,3,46,,
nodame cantabile,3,46,,のだめカンタービレ
yog-sothoth's yard,3,46,,犹格索托斯的庭院
reverie (vtuber),3,46,,
ranpo kitan,3,46,,乱歩奇譚
abysmal,3,46,,アビスマル
marinasu,3,46,,まりなす
twinkle star sprites,3,46,,ティンクルスタースプライツ
reversible,3,46,,可逆
zaiyuki,3,46,,在勇気
monochro blue sky (vocaloid),3,46,,モノクロ∞ブルースカイ
+tic nee-san,3,46,,+チック姉さん
aoki uru,3,46,,蒼きウル
honneamise no tsubasa,3,46,,オネアミスの翼
windows me,3,46,,
eden no ori,3,46,,エデンの檻
killer instinct (2013),3,46,,キラーインスティンクト
nana to kaoru,3,46,,ナナとカオル
den'ei shoujo,3,46,,電影少女
maple colors,3,46,,メイプルカラーズ
natsuyasumi.,3,46,,ナツヤスミ.
kodomo no omocha,3,46,kodocha,こどものおもちゃ
lab zero games,3,46,,ラボゼロゲーム
dnangel,3,46,,D・N・ANGEL
morning musume,3,46,,モーニング娘。
10000 kounen sougankyou,3,46,,10000光年双眼鏡
girls book maker ~shiawase no libretto~,3,46,,ガールズ・ブック・メイカー-幸せのリブレット-
nakahara-kun no kahogo na imouto,3,46,,中原くんの過保護な妹
himitsu sentai gorenger,3,46,himitsu sentai goranger,秘密戦隊ゴレンジャー
hello lady,3,46,,ハロー・レディ!
momoiro guardian,3,46,,ももいろガーディアン
remember the flowers,3,45,,
onmyoji arena,3,45,,决战!平安京
zatsu tabi,3,45,,ざつ旅
shijou saikyou no daimaou murabito a ni tensei suru,3,45,the greatest demon lord is reborn as a typical nobody,史上最強の大魔王、村人Aに転生する
sannen z-gumi ginpachi sensei,3,45,,3年Z組銀八先生
deltora quest,3,45,,デルトラクエスト
primal hearts 2,3,45,,Primal Hearts 2
club suicide,3,45,,クラブ・スーサイド
project grimms,3,45,,おえかきぐりむ
power pro-kun pocket 8,3,45,,パワポケ8
r4: ridge racer type 4,3,45,,リッジレーサータイプ4
uchuu senshi baldios,3,45,,宇宙戦士バルディオス
silent hill 2 (remake),3,45,,
sanguine rose,3,45,,
saints row,3,45,,セインツロウ
guardians of the galaxy vol. 3,3,45,,ガーディアンズ・オブ・ギャラクシー:VOLUME_3
love death + robots,3,45,,Death + Robotsが大好きです
iron maiden (band),3,45,,アイアン・メイデン
minesweeper,3,45,,マインスイーパ
karakara (game),3,45,,カラカラ
hasu no sora jogakuin school idol club osanpo nikki,3,45,"hasu no sora jogakuin school idol club walking diary,hasunosora jogakuin school idol club osanpo nikki",蓮ノ空女学院スクールアイドルクラブお散歩日記
yuusha exkaiser,3,45,,勇者エクスカイザー
natsumi step!,3,45,,なつみSTEP!
asadoke no majo,3,45,,朝溶けの魔女
go our way!,3,45,,
gluttony gods,3,45,,
cookie run classic,3,45,line cookie run,
risk of rain (series),3,45,,
a-one,3,45,,
la bella patria (love live!),3,45,,
elf comic,3,45,,
crime crackers,3,45,,
dilemma (vocaloid),3,45,,ジレンマ
microman,3,45,,ミクロマン
himawari (ado),3,45,,
alice in musicland (vocaloid),3,45,,ミュージックランドのアリス（ボーカロイド）
digimon linkz,3,45,,デジモンリンクス
koi to mahou to kanrinin,3,45,,恋と魔法と管理人
pluto (manga),3,45,,プルートウ
transformers: the movie,3,45,,トランスフォーマーザ・ムービー
parasite eve ii,3,45,,パラサイト・イヴ2
friend girl friend,3,45,,フレンドガールフレンド
advan,3,45,,
el chavo del ocho,3,45,,
madou king granzort,3,45,,魔動王グランゾート
kamurogiku (idolmaster),3,45,,冠菊(学園アイドルマスター)
dong-jin rice-hime,3,45,,東津萌米
littlest pet shop (2012),3,45,,リトレストペットショップ
twilight of the golden witch,3,45,,
bukiyou na senpai,3,45,my awkward senpai,不器用な先輩。
ido e itaru mori e itaru ido,3,45,,イドへ至る森へ至るイド
nioh 2,3,45,,仁王2
princess maker 2,3,45,,
moeoh ex,3,45,,萌王EX
sukeban deka,3,45,,スケバン刑事
mist sequence,3,45,,ミストシーケンス
twilight (series),3,45,,トワイライト
tokyo blade (oshi no ko),3,45,,東京ブレイド
liveruli,3,45,,
evangelion: 30th anniversary special performance,3,45,,エヴァンゲリオン放送30周年記念特別興行
streets of rage 4,3,45,bare knuckle iv,ベア・ナックルIV
kamitsubaki city under construction,3,45,,神椿市建設中。
vestaria saga,3,45,,ヴェスタリアサーガ
onikakushi-hen,3,45,,鬼隠し編
ireisu,3,45,,いれいす
girls frantic clan,3,45,,ガールズフランティッククラン
sonic dash,3,45,,
chiisana kanojo no serenade,3,45,,ちいさな彼女の小夜曲
cutie honey flash,3,45,,キューティーハニーF
warioware: move it!,3,45,,超おどるメイドインワリオ
vebop project,3,45,,
steamboat willie,3,45,,蒸気船ウィリー
suufunkan no yell wo,3,45,a few moments of cheers,数分間のエールを
attouteki yuugi mugen souls z,3,45,,圧倒的遊戯ムゲンソウルズZ
rune factory 2,3,45,,ルーンファクトリー2
cuisine dimension,3,45,liaoli ciyuan,キュイディメ
mr. bean (series),3,45,,Mr.ビーン
project soul,3,45,,代号境
kono koi ni kizuite,3,45,,この恋に気づいて
yu-gi-oh! 3d bonds beyond time,3,45,,超融合!時空を越えた絆
sonic riders: zero gravity,3,45,,ソニックライダーズシューティングスターストーリー
hikari to mizu no daphne,3,45,,光と水のダフネ
kiteretsu daihyakka,3,45,,キテレツ大百科
vbox,3,45,,
finding nemo,3,45,,ファインディング・ニモ
national hockey league,3,45,,ナショナルホッケーリーグ
aoi sora no neosphere,3,45,,蒼い空のネオスフィア
afghanis-tan,3,45,,あふがにすタン
blasphemous,3,45,,ブラスフェマス
silver forest,3,45,,
hikounin sentai akibaranger,3,45,,非公認戦隊アキバレンジャー
30-sai made doutei dato mahoutsukai ni nareru rashii,3,45,cherry magic!,チェリまほ
bible bullet,3,45,,神代梦华谭
irodori koukou gasshoubu yori,3,45,,いろどり高校合唱部より
smile cubic!,3,45,,すまいるCubic!
taco bell,3,45,,タコベル
uchuu kaizoku sara,3,45,,宇宙海賊サラ
period,3,45,,ピリオド
bokura wa minna kawaisou,3,45,,僕らはみんな河合荘
futago no haha seihonnou,3,45,,双子ノ母性本能
kyonyuu fantasy burst,3,45,,ファンタジーバースト
assassin's creed: revelations,3,45,,アサシンクリードリベレーション
downer onee-san wa asobitai,3,45,,ダウナーお姉さんは遊びたい
yuuryou bukken mou dame sou,3,45,,優良物件もうダメ荘
arcana famiglia,3,45,,アルカナ・ファミリア
manatsu no yoru no yuki monogatari,3,45,,真夏の夜の雪物語
shukushou gakuen,3,45,,縮小学園
golden lore,3,45,,ゴールデンロア
ijirare ~fukushuu saimin~,3,45,,イジラレ~復讐催眠~
gift eternal rainbow,3,45,,ギフトエターナルレインボー
battletoads,3,45,,バトルトード
saiunkoku monogatari,3,45,the story of saiunkoku,彩雲国物語
inishie no megami to houseki no ite,3,45,,古の女神と宝石の射手
shibatte mitsumete,3,45,,縛って見つめて
outer science (vocaloid),3,45,,アウターサイエンス
yarichin bitch-bu,3,45,yarichin bitch club,ヤリチン☆ビッチ部
advance wars: days of ruin,3,45,,ファミコンウォーズDS2
otsushimai,3,45,,オツシマイ
vitamin quest,3,45,,びたみんクエスト
lovemon,3,44,,ラブモン図鑑
jiko koutei kan baku age shuki shuki song (idolmaster),3,44,,自己肯定感爆上げ↑↑しゅきしゅきソング
namco namja town,3,44,,ナンジャタウン
bravely default: fairy's effect,3,44,,ブレイブリーデフォルトフェアリーズエフェクト
cats & crypts,3,44,,
ninja gaiden 4,3,44,,
shokei hakushu (synthesizer v),3,44,execution clap (synthesizer v),処刑拍手
kagamine rin/len happy 14th birthday,3,44,,カガミン・リン/レン幸せな14歳の誕生日
hikari no naka de hana saite,3,44,,光の中で花咲いて
chatgpt,3,44,,チャットGPT
lycee card,3,44,,
aoshima bunka kyouzai,3,44,,アオシマ
marshmallow (vocaloid),3,44,,マシュマロ(DECO*27)
tou xing jiuyue tian,3,44,,偷星九月天
ninjago: dragons rising,3,44,,
defernull,3,44,,
tales of innocence r,3,44,,
30 minutes missions,3,44,,30ミニッツミッションズ
mega man x7,3,44,,ロックマンX7
kishin douji zenki,3,44,,鬼神童子ZENKI
mahou shoujo celesphonia,3,44,,魔法少女セレスフォニア
akuyaku reijou level 99: watashi wa ura-boss desu ga maou dewa arimasen,3,44,villainess level 99: i may be the hidden boss but i'm not the demon lord,悪役令嬢レベル99
ratchet & clank: rift apart,3,44,,
getter robo go,3,44,,ゲッターロボ號
dungeon of regalias,3,44,,ダンジョンオブレガリアス
kitsune ga boku wo matteiru,3,44,,狐が僕を待っている
mata korosarete shimatta nodesune tantei-sama,3,44,killed again mr. detective?,また殺されてしまったのですね、探偵様
ren & stimpy,3,44,,レンとスティンピー
selaco,3,44,,
vtuber nandaga haishin kiriwasuretara densetsu ni natteta,3,44,vtuber legend,VTuberなんだが配信切り忘れたら伝説になってた
yoshibari aubade,3,44,,夜縛◆夜明曲
enogu,3,44,,えのぐ
fantastic danmaku festival,3,44,,東方幕華祭
itoko no ko,3,44,,いとこのこ
tensei benki ha tsumi ja nai!!,3,44,,転生ベン器はツミじゃない!!
anata no risou no heroine,3,44,,
the black parade,3,44,,
ginga patrol jaco,3,44,,銀河パトロールジャコ
hachiban ramen,3,44,,8番らーめん
asano sisters project,3,44,,朝ノ姉妹ぷろじぇくと
fedex,3,44,,
inscryption,3,44,,インスクリプション
digimon seekers,3,44,,デジモンシーカーズ
call up girls,3,44,,呼唤少女
dreamsoft,3,44,,
haruka na sora,3,44,,ハルカナソラ
comic megastore h,3,44,,コミックメガストーレh
tulip (idolmaster),3,44,,チューリップ（アイドルマスター）
hasegawa (hobby kits),3,44,,株式会社ハセガワ
angelic serenade,3,44,,AS〜エンジェリックセレナーデ
hime-chan no ribbon,3,44,hime-chan's ribbon,姫ちゃんのリボン
the otachan show,3,44,,
sonic team,3,44,,ソニックチーム
ai kotoba iv (vocaloid),3,44,,愛言葉IV
kuro senpai to kuro yashiki no yami ni mayowanai,3,44,,黒先輩と黒屋敷の闇に迷わない
doujin work,3,44,,ドージンワーク
annih epica,3,44,,
the adventure zone,3,44,,
girls zombie party,3,44,,ガールズゾンビパーティー
hello hoshi wo kazoete,3,44,,"Hello,星を数えて"
chasing kaleidorider,3,44,,チェイシング・カレイドライダー
ki ni naru ano musume,3,44,,木になるあの娘
mahou shoujo ririimea,3,44,,魔法少女イノセント☆リリィ
ryuu ga gotoku 5,3,44,,龍が如く5
to love-ru darkness: idol revolution,3,44,,愛と闇へ：偶像革命
michinaru hirogaru (idolmaster),3,44,,みちなるひろがる
millennium tour,3,44,,千年之旅
imsa sportscar championship,3,44,,IMSAウェザーテック・スポーツカー選手権
lost judgment,3,44,,
great pretender,3,44,,グレートプリテンダー
osananajimi wa daitouryou,3,44,my girlfriend is the president,幼なじみは大統領
iria zeiram the animation,3,44,,ゼイラム
ice age (movie),3,44,,
beat saber,3,44,,セイバーを倒します
heavenrend,3,44,,
toushou daimos,3,44,fighting general daimos,闘将ダイモス
gundam u.c. engage,3,44,,機動戦士ガンダムU.C.ENGAGE
cabbage soft,3,44,,きゃべつそふと
shinka musume channel,3,44,,新科娘
bistro cupid,3,44,,ビストロ・きゅーぴっと
sky diver xipuria,3,44,,青空のサィフュリア
c-clays,3,44,,
discworld,3,44,,ディスクワールド
taiso samurai,3,44,the gymnastics samurai,体操ザムライ
pyuu to fuku! jaguar,3,44,,ピューと吹く!ジャガー
we will!! (love live!),3,44,,
sorairo innocent,3,44,,Sorairo Innocent
ignis no meiyaku kishi,3,44,,赫竜王の盟約騎士
arc the lad twilight of the spirits,3,44,,アークザラッド精霊の黄昏
akane maniax,3,44,,アカネマニアックス〜流れ星伝説剛田〜
shounen hollywood,3,44,,少年ハリウッド
kagamin bocchi,3,44,,カガミン・ボッキ
suzumiya haruhi no tomadoi,3,44,the perplexity of haruhi suzumiya,涼宮ハルヒの戸惑
ryuukishi bloody saga,3,44,,縁白血球の佐賀
stand my heroes,3,44,,スタンドマイヒーローズ
the kingdom of felismans,3,44,,フェリスマンの国
bahamut lagoon,3,44,,バハムートラグーン
super mario-kun,3,44,,スーパーマリオくん
ryuujin naga,3,44,,リュウジン・ナガ
musical touken ranbu,3,44,,刀ミュ
super princess peach,3,44,,スーパープリンセスピーチ
princess evangile,3,44,,エバンガイル王女
isekai ni tobasaretara papa ni nattandaga,3,44,,異世界に飛ばされたらパパになったんだが
garnet cradle,3,44,,ガーネット・クレイドル
le chevalier d'eon,3,44,,シュヴァリエ
kisaku,3,44,,キサク
tron: legacy,3,44,,トロン:レガシー
hinomaru zumou,3,44,,火ノ丸相撲
moekan,3,44,,ムーカン
kiite kuremasu yo ne senpai,3,44,,聞いてくれますよね?先輩
a will,3,44,,意志
onmyou taisenki,3,43,,Onmyou taisenki
forza horizon 6,3,43,,
pocket fighter,3,43,,ポケットファイター
nee icchau yo (idolmaster),3,43,,ねえ、言っちゃうよ。
onii-chan kiss no junbi wa mada desu ka?,3,43,,お兄ちゃん、キッスの準備はまだですか?
hima-ten!,3,43,,ひまてん!
inaka ni kaeru to yakeni natsuita kasshoku ponytail shota ga iru,3,43,,田舎に帰るとやけになついた褐色ポニテショタがいる
gekisou sentai carranger,3,43,,激走戦隊カーレンジャー
monster hunter stories 3: twisted reflection,3,43,,
corpse bride,3,43,,コープスブライド
edelinien,3,43,,
o henji madakana ojisan koubun (voisona),3,43,,お返事まだカナおじさん構文
mythos (vtuber),3,43,,
shounen sunday,3,43,,少年サンデー
overdrive (iosys),3,43,"kanbu de tomatte sugu tokeru ~ kyouki no udongein,stops at the affected area and immediately dissolves ~ lunatic udongein",患部で止まってすぐ溶ける
death end re;quest,3,43,,デスエンドリクエスト
super doll licca-chan,3,43,,スーパードールリカちゃん
sonichu (series),3,43,,ソニチュウ
the iron giant,3,43,,アイアン・ジャイアント
perman (series),3,43,,パーマン
kuroneko to majo no kyoushitsu,3,43,the classroom of a black cat and a witch,黒猫と魔女の教室
minifantasytheater,3,43,,
marathon (2026),3,43,,
need for speed: most wanted (2005),3,43,,ニード・フォー・スピードモスト・ウォンテッド
megamind (movie),3,43,,
teenage mutant ninja turtles (2012),3,43,,ニック亀
sennen joyuu,3,43,millennium actress,千年女優
midareuchi,3,43,,みだれうち
christian mythology,3,43,,
hitotose tanteidan,3,43,,ひととせ探偵団
elvira: mistress of the dark,3,43,,エルヴァイラ
zeta gundam: a new translation,3,43,,
starseed: asnia trigger,3,43,,スターシード:_アスニア_トリガー
dungeon crusaderz (series),3,43,,
senki survival saga - isekai no unmei wo kaketa mujintou fujun iseikouyuu,3,43,,戦姫サバイバルサガ-異世界の運命をかけた無人島フジュン異性交遊-
the great villainess strategy of lily,3,43,,ストラテジーオブリリィ
blue eye samurai,3,43,,ブルーアイ・サムライ
acaxia,3,43,,
sword art online variant showdown,3,43,,SAOヴァリアント・ショウダウン
kisaragi gold star,3,43,,キサラギゴールドスター
romeo no aoi sora,3,43,romeo and the black brothers,ロミオの青い空
cleavage (game),3,43,,クレイヴィジ
e school life,3,43,home sweet homecoming,Eスクールライフ
langrisser i,3,43,,ラングリッサーI
evergreen (love live!),3,43,,
karenai sekai to owaru hana,3,43,,枯れない世界と終わる花
lego monkie kid,3,43,monkie kid,レゴモンキーキッド
dishonored,3,43,,不名誉
costco,3,43,,コストコ
tsugai kogarashi (vocaloid),3,43,wintry winds (vocaloid),番凩
kagetora-kun wa modorenai,3,43,,景虎くんは戻れない
nekojiru udon,3,43,cat soup,ねこぢる
romance of the three kingdoms (game),3,43,,三國志
toyota gazoo racing,3,43,,トヨタ・ガズー・レーシング
muv-luv alternative chronicles,3,43,muvluv alternative chronicles,Muvluv代替クロニクル
oizumi,3,43,,オーイズミ
imooka,3,43,,いもおか
shantae: risky's revenge,3,43,,リスキィ・ブーツの逆襲
ultraman teo (series),3,43,,ウルトラマンテオ
espgaluda,3,43,,エスプガルーダ
rainbow-colored septentrion,3,43,,虹色のセプテントリオン
what in hell is bad,3,43,,地獄のどこが悪い?
jungle taitei,3,43,kimba the white lion,ジャングル大帝
kiss (rock band),3,43,,キス（ロックバンド）
luigi's mansion: dark moon,3,43,,ルイージマンション2
shin seiki inma seiden,3,43,,新世紀淫魔聖伝
t-rex na kanojo,3,43,,T-REXな彼女
densetsu no yuusha da-garn,3,43,,伝説の勇者ダ・ガーン
neko reset (zutomayo),3,43,,猫リセット
kira kira,3,43,,キラ☆キラ
villain (vocaloid),3,43,,ヴィラン
sword master story,3,43,,ソードマスターストーリー
gokuto jihen,3,43,,獄都事変
star ocean: blue sphere,3,43,star ocean blue sphere,スターオーシャンブルースフィア
coco ichibanya,3,43,,CoCo壱番屋
castlevania: lament of innocence,3,43,,キャッスルヴァニア
milking clinic,3,43,,ミルキング・クリニック
claris (group),3,43,,クラリス（グループ）
the pillows,3,43,,ザ・ピロウズ
ruined king: a league of legends story,3,43,,台無しにされた王：リーグ・オブ・レジェンドの物語
the last comer,3,43,,東方邪星章
rocket girls,3,43,,ロケットガール
doremifa rondo (vocaloid),3,43,,ドレミファロンド
glass no kamen,3,43,,ガラスの仮面
osananajimi ga zettai ni makenai lovecome,3,43,,幼なじみが絶対に負けないラブコメ
plants vs. zombies 2 (chinese),3,43,,
7up,3,43,,
star wars: unlimited,3,43,star wars unlimited,
revdol,3,43,,リブドル
slayer (band),3,43,,
gensou shoujo taisen,3,43,,幻想少女大戦
mizudako-chan kara wa nigerarenai!,3,43,,ミズダコちゃんからは逃げられない
fallout (prime video),3,43,,
purino party,3,43,,Purino Party
axanael,3,43,,アザナエル
regret message (vocaloid),3,43,,リグレットメッセージ
sayonara no asa ni yakusoku no hana wo kazarou,3,43,maquia: when the promised flower blooms,さよならの朝に約束の花をかざろう
chizuru-chan kaihatsu nikki,3,43,,千鶴ちゃん開発日記
nijigen dream fever (vocaloid),3,43,2d dream fever (vocaloid),二次元ドリームフィーバー
hyper highspeed genius,3,43,,ハイパーハイスピードジーニアス
elite beat agents,3,43,,エリート・ビート・エージェント
sherlock (bbc),3,43,,シャーロック（BBC）
bubuki buranki,3,43,,ブブキ・ブランキ
prinny (series),3,43,,プリンニー（シリーズ）
ideologue!,3,43,,いでおろーぐ!
chrono clock,3,43,,クロノ時計
the iconoclasts,3,43,,ICONOCLASTS
noberuge,3,43,,のべるげ!
hecatoncheir,3,43,,ヘカトンケイル
kyou kara maou!,3,43,,今日からマ王!
hg ni koisuru futari,3,43,,HGに恋するふたり
nanagane educational institution,3,43,,ナナガネ教育機関
xianjian qixia zhuan 7,3,43,,仙剑奇侠传7
redman,3,43,,レッドマン
seishun fragile,3,43,,Seishun Fragile
idol revolution,3,43,,あいれぼ~IDOL☆REVOLUTION~
fuguriya,3,43,,ふぐり屋
goddess kiss,3,43,,女神にキスを
sora no manimani,3,43,,宙のまにまに
star trek: the next generation,3,43,,新スタートレック
tsukipro,3,43,,ツキプロ
gyaru to gyaru no yuri,3,43,,ギャルとギャルの百合
kowarekake no orgel,3,43,,こわれかけのオルゴール
sharin no kuni himawari no shoujo,3,43,,車輪の国、向日葵の少女
purism egoist,3,43,,ピュリズムエゴイスト
kamisama kazoku,3,43,,神様家族
blazing souls,3,43,,燃えるような魂
prinny ~ore ga shujinkou de iinsuka?~,3,43,,Prinny〜Ore ga shujinkou de iinsuka？〜
manbiki jk wa mizukara ori ni hairu,3,43,,万引きJKは自ら檻に入る
alice fiction,3,43,,アリスフィクション
uchi no musume ni te wo dasuna!,3,43,,ウチのムスメに手を出すな!
id and i,3,43,,
honogurashi no niwa,3,42,village in the shade,ほの暮しの庭
coraline,3,42,,コラライン
bareteru! cocktail knights,3,42,,バレてる!カクテルナイト
sotsugyou ii: neo generation,3,42,,卒業II
warhammer: age of sigmar,3,42,,
death grips,3,42,,
sonic colors,3,42,,ソニックカラーズ
ace combat 8,3,42,,エースコンバット8
super mario 64 ds,3,42,,スーパーマリオ64DS
god of war (2018),3,42,,
kiss of life,3,42,,キスオブライフ
date everything,3,42,,
zettai ryouiki sex royale!!,3,42,,ぜったい猟域☆セックス・ロワイアル!!
wego,3,42,,ウィゴー
unison league,3,42,,ユニゾンリーグ
angry video game nerd,3,42,,アングリー・ビデオゲーム・ナード
luminaria pro,3,42,,るみぷろ
wonder (vocaloid),3,42,,ワンダー
atari,3,42,,アタリ
momodora: reverie under the moonlight,3,42,,Momodora:月下のレクイエム
calvin & hobbes,3,42,,カルビンとホッブス
sugirly wish,3,42,,
oroka na tenshi wa akuma to odoru,3,42,the foolish angel dances with the devil,愚かな天使は悪魔と踊る
kamen rider battle: ganba legends,3,42,,仮面ライダーバトル_ガンバレジェンズ
dempagumi,3,42,,でんぱ組.inc
imasara desu ga osananajimi wo suki ni natte shimaimashita,3,42,,今さらですが、幼なじみを好きになってしまいました
kao ni denai kashiwada-san to kao ni deru oota-kun,3,42,inexpressive kashiwada and expressive oota,顔に出ない柏田さんと顔に出る太田君
the rise of kyoshi,3,42,the shadow of kyoshi,
tonari no jk ni odosarete iribitararetemasu,3,42,,隣のJKに脅されて入り浸られてます
armored core: verdict day,3,42,,
jingai kyoshitsu no ningen girai kyoshi,3,42,,人外教室の人間嫌い教師
wakaba girl,3,42,,わかば*ガール
angel beats! track zero,3,42,,
minna no iku new academy,3,42,,みんなの育乳アカデミー
magical miracle metagalphose (synthesizer v),3,42,,マジカル☆ミラクル☆メタギャルフォーゼ
neoki yashi no ki (vocaloid),3,42,,寝起きヤシの木
fate/protoreplica,3,42,,Fate/Protoreplica
pastel chime 3,3,42,,パステルチャイム3
gang beasts,3,42,,ギャングビースト
goth boy & the jock,3,42,,
swedish machines,3,42,,
mario & sonic at the olympic winter games,3,42,,
smile precure! ehon no naka wa minna chiguhagu!,3,42,,映画スマイルプリキュア!絵本の中はみんなチグハグ!
death march kara hajimaru isekai kyousoukyoku,3,42,,デスマーチからはじまる異世界狂想曲
wonder project j2,3,42,,ワンダープロジェクトJ2
konjiki no gash!! 2,3,42,,金色のガッシュ!!2
lcddem,3,42,,lcddem
kingdom hearts dark road,3,42,,キングダムハーツダークロード
hoshiful,3,42,,hoshiful
yagate kimi ni naru: saeki sayaka ni tsuite,3,42,bloom into you: regarding saeki sayaka,やがて君になる_佐伯沙弥香について
wild/card,3,42,,
hellsinker,3,42,,ヘルシンカー
majo wa mangetsu ni saku,3,42,,魔女は満月に咲く
pokemon quest,3,42,,ポケモンクエスト
aneimo 2,3,42,,あねいも2
kira killer (zutomayo),3,42,,綺羅キラ
otaku tomodachi to no sex wa saikou ni kimochi ii,3,42,,オタク友達とのセックスは最高に気持ちいい
dokkoida,3,42,,住めば都のコスモス荘
legendz,3,42,,レジェンズ
unnamed memory,3,42,,アンメモ
chaban capriccio (vocaloid),3,42,,茶番カプリシオ
manga nippon mukashi banashi,3,42,,まんが日本昔ばなし
me:i,3,42,,ミーアイ
limited life smp,3,42,,
kawaii onna no ko ni kouryaku sareru no wa suki desu ka?,3,42,,可愛い女の子に攻略されるのは好きですか?
inception,3,42,,盗梦空间
macross flashback 2012,3,42,,フラッシュバック2012
gundam battle operation code fairy,3,42,,機動戦士ガンダムバトルオペレーションコードフェアリー
isekai no seikishi monogatari,3,42,tenchi muyo! war on geminar,異世界の聖機師物語
yuusha yoshihiko to maou no shiro,3,42,,勇者ヨシヒコシリーズ
oppenheimer (movie),3,42,,オッペンハイマー
star wars jedi: fallen order,3,42,jedi: fallen order,ジェダイ:フォールン・オーダー
magika no kenshi to basileus,3,42,,魔技科の剣士と召喚魔王
ddby,3,42,,
reireimu,3,42,,Reireimu
vivid army,3,42,,ビビッドアーミー
mozilla thunderbird,3,42,,だば子
beelzebub-jou no okinimesu mama.,3,42,,ベルゼブブ嬢のお気に召すまま。
erect!,3,42,,えれくと!
maidensnow no youkai dai-makyou,3,42,,メイデンスノウの妖怪大魔境
koiken otome,3,42,,恋剣乙女
little nightmares ii,3,42,,リトルナイトメア2
hoshoku club,3,42,,ほしょくくらぶ
visual prison,3,42,,ヴィジュアルプリズン
star wars: the last jedi,3,42,,最後のジェダイ
goshujin-sama to kemonomimi no shoujo meru,3,42,,ご主人様と獣耳の少女メル
ikari shinji raising project,3,42,,碇シンジ育成計画
syamu game,3,42,,シャムゲーム
angelic pretty,3,42,,
phantasy star online 2 the animation,3,42,,Phantasy Star Online 2アニメーション
ten kurairakon teikoku-gun,3,42,,天クライラコン帝国軍
trinity universe,3,42,,トリニティユニバース
yawara a fashionable judo girl,3,42,,ファッショナブルな柔道の女の子ヤワラ
angel cage,3,42,,エンジェルケージ
soukoku no arterial,3,42,,創刻のアテリアル
tower of dragon,3,42,,タワーオブドラゴン
motorslice,3,42,,
ogre battle,3,42,,オウガバトル
albino and witch,3,42,,
maboroshi juuhime,3,42,,幻獣姫
shuriken sentai ninninger,3,42,,手裏剣戦隊ニンニンジャー
clear (visual novel),3,42,,クリア
world teacher -isekaishiki kyouiku agent-,3,42,,ワールド・ティーチャー
shoujo material,3,42,,Shoujo Material
josou jinja,3,42,,女装神社
voice (vocaloid),3,42,,声（ボーカロイド）
dc super hero girls,3,42,,
re cation,3,42,,再生
pixiv robot wars,3,42,,ピクロボ
mahou arms,3,42,,マホウ腕
love cube,3,42,,LOVE3_-ラヴキューブ-
lucent heart,3,42,,ルーセントハート
te to te try on,3,42,,試してみてください
figure 17,3,42,,フィギュア17つばさ&ヒカル
gouen no soleil,3,42,,鋼炎のソレイユ
battle programmer shirase,3,42,,BPSバトルプログラマーシラセ
comitia 118,3,42,,コミティア118
moderoid,3,42,,モデロイド
fandeltales,3,42,,
canopri comic,3,42,,キャノプリコミック
butterfly affection,3,42,,蝶の愛情
love love princess,3,42,,らぶらぶ♥プリンセス
realive,3,42,,リアライブ
civilization v,3,42,,シヴィライゼーションV
three little pigs,3,41,,三匹の子豚
voices of the void,3,41,,
tensou sentai goseiger,3,41,,天装戦隊ゴセイジャー
transformers: fall of cybertron,3,41,,
sonic the hedgehog 1,3,41,,ソニック・ザ・ヘッジホッグ
tv tokyo,3,41,,テレビ東京
sara sara sasara,3,41,,さらさらささら
asken,3,41,,あすけん
hayasaki no kuroyuri,3,41,,早咲きのくろゆり
alps to kiken na mori,3,41,,アルプスと危険な森
luna say maybe (idolmaster),3,41,,
ace combat 3,3,41,,エースコンバット3
rule34.xxx,3,41,,
imouto no seiiki,3,41,,妹のセイイキ
stranger of paradise: final fantasy origin,3,41,,ストレンジャーオブパラダイスファイナルファンタジーオリジン
fc barcelona,3,41,,FCバルセロナ
clumsy trick (idolmaster),3,41,,
home sweet home (game),3,41,,
hudson,3,41,,ハドソン
the rolling stones,3,41,,ローリング・ストーンズ
the wolf and the seven young goats,3,41,the wolf and the seven young kids,
urashima tarou (fairy tale),3,41,,浦島太郎
might and magic,3,41,,マイトアンドマジック
arabian nights,3,41,,アラビアンナイト
eden they were only two on the planet,3,41,,エデン*
otome kaijuu carameliser,3,41,kaiju girl caramelise,乙女怪獣キャラメリゼ
tenshi no shippo,3,41,angel tales,天使のしっぽ
the persistence of memory,3,41,,記憶の固執
dragon ball online,3,41,,ドラゴンボールオンライン
new super mario bros. u,3,41,,NewスーパーマリオブラザーズU
otsukimi recital (vocaloid),3,41,,オツキミリサイタル
nettaigyo wa yuki ni kogareru,3,41,a tropical fish yearns for snow,熱帯魚は雪に焦がれる
kenzen kanojo uruka-chan,3,41,,健全彼女うるかちゃん
gena the crocodile and his friends,3,41,,
aru majo ga shinu made,3,41,once upon a witch's death,ある魔女が死ぬまで
our life: now and forever,3,41,,
reen kadorer,3,41,,Reen Kadorer
starlight prologue,3,41,,
partyhumans,3,41,,
gunspike,3,41,,ガンスパイク
ready steady (vocaloid),3,41,,
karas,3,41,,カラス
new normal,3,41,,ニューノーマル
real intention,3,41,,Real_Intention_~ココロのクサリ~
comitia 152,3,41,,コミティア152
rujing yingxuan,3,41,,如璟映琁
providence project,3,41,,普罗维登
tokyo metropolitan police department,3,41,,警視庁
polygon project,3,41,,ポリゴンプロジェクト
irem,3,41,,アイレム
mega man & bass,3,41,,ロックマン&フォルテ
the tortoise and the hare,3,41,,ウサギとカメ
kyuukyoku choujin r,3,41,,究極超人あ〜る
mugen shinshi,3,41,,夢幻紳士
yakin byoutou ni,3,41,,夜勤病棟・弐
unless terminalia,3,41,,アンレス・テルミナリア
gundam tekketsu no orphans urdr hunt,3,41,,機動戦士ガンダム鉄血のオルフェンズウルズハント
chocobo no fushigi na dungeon,3,41,,チョコボの不思議なダンジョン
digimon adventure 02: the beginning,3,41,,THE_BEGINNING(デジモン映画)
hypnosis mic: alternative rap battle,3,41,,ヒプマイarb
take it over (love live!),3,41,,
chotto ippai!,3,41,,ちょっといっぱい!
the king of fighters for girls,3,41,,
nihon e youkoso elf-san.,3,41,,日本へようこそエルフさん。
x holic (series),3,41,,
baraag,3,41,,
angel wish,3,41,,天使の願い
moero downhill night (series),3,41,,
okochama sensou (vocaloid),3,41,childish war (vocaloid),おこちゃま戦争
metallic rouge,3,41,,メタリックルージュ
midnight girls,3,41,,ミッドナイトガールズ
cherry bomb (love live!),3,41,,チェリーボム(優木せつ菜)
tenshi no tamago (anime),3,41,,天使のたまご
choujuushin gravion zwei,3,41,,超重神グラヴィオンツヴァイ
ultraman x (series),3,41,,ウルトラマンX
obake no q-tarou,3,41,,オバケのQ太郎
the beast (vocaloid),3,41,,獣（ボーカロイド）
children of the rune,3,41,,ルーンの子供たち
sabikui bisco,3,41,,錆喰いビスコ
cutie honey universe,3,41,,キューティーハニーユニバース
knight rider,3,41,,ナイトライダー
layered stories zero,3,41,,レイヤードストーリーズゼロ
zola project,3,41,,ゾラプロジェクト
detonator orgun,3,41,,DETONATORオーガン
unlimited saga,3,41,,アンリミテッド:サガ
chuuko demo koi ga shitai!,3,41,,中古でも恋がしたい!
akatoki!,3,41,,アカトキ！
awaken the power,3,41,,力を目覚めさせます
tasty (takanashi kiara),3,41,,
rg veda,3,41,,圣传
banshiryuu,3,41,,ばんしりゅう
narcissu,3,41,,ナルキッソス
mofusand,3,41,,モフサンド
vita sexualice,3,41,,ゐた・せくすありす
blue moment (love live!),3,41,,ブルウモーメント
x-blades,3,41,,Xブレード
prunus girl,3,41,,プラナス・ガール
star plus one,3,41,,スタプラ!
sapphism no gensou,3,41,,サフィズムの舷窓
dars,3,41,,
shirokuma cafe,3,41,,しろくまカフェ
usotsuki mii-kun to kowareta maa-chan,3,41,,嘘つきみーくんと壊れたまーちゃん
tayutama 2,3,41,,タユタマ2
teenage mutant ninja turtles (2003),3,41,,新亀
tsuki to laika to nosferatu,3,41,irina: the vampire cosmonaut,月とライカと吸血姫
yoru ga kuru!,3,41,,夜が来る!
planet with,3,41,,プラネット・ウィズ
venus versus virus,3,41,,ヴィーナスヴァーサスヴァイアラス
kaii shoukougun 1,3,41,,Kaii Shoukougun 1
maicching machiko-sensei,3,41,,まいっちんぐマチコ先生
phantasy star portable,3,41,,Phantasy Star Portable
magical tale,3,41,,魔法の物語
ant-man (series),3,41,,
katsute mahou shoujo to aku wa tekitai shiteita,3,41,the magical girl and the evil lieutenant used to be archenemies,かつて魔法少女と悪は敵対していた
midori no hibi,3,41,,美鳥の日々
charade maniacs,3,41,,シャレードマニアクス
mister ajikko,3,41,,ミスター味っ子
senpai kara me ga hanasenai to aru kaishain no nichijou,3,41,,先輩から目が離せないとある会社員の日常
harukaze sensation!,3,41,,春風センセーション!
arksign,3,41,,arksign
kusari,3,41,,クサリ
souseiki aster gate,3,41,,創星紀アステルゲート
lady jewelpet,3,41,,レディジュエルペット
atelier resleriana: the red alchemist & the white guardian,3,40,,紅の錬金術士と白の守護者〜レスレリアーナのアトリエ〜
megami magazine rx,3,40,,メガミマガジンRX
noa talent,3,40,,
all the things she said,3,40,,
asian kung-fu generation,3,40,,アジアン・カンフー・ジェネレーション
akuma no odorikata (vocaloid),3,40,,悪魔の踊り方
swat kats,3,40,,スワットカッツ
yellow big bang! (idolmaster),3,40,,
hitnex,3,40,,
crack lack good luck,3,40,,クラックラックグッドラック
okusan,3,40,,おくさん
pokemon pocket monsters,3,40,,ポケットモンスター(穴久保幸作)
girls mode,3,40,style savvy (video game series),ガールズモード
kizuna encounter,3,40,,風雲スーパータッグバトル
digital monster x-evolution,3,40,digimon x-evolution,ゼヴォリューション
avatar: the way of water,3,40,avatar 2,アバター2
dragon ball z: the tree of might,3,40,,
book of star mythology,3,40,,東方魔宝城
ironblue parade,3,40,,アイアンブルー・パレード
super mario maker,3,40,,スーパーマリオメーカー
"s-rank monster no ""behemoth"" dakedo neko to machigawarete elf musume no pet toshite kurashitemasu",3,40,i'm a behemoth an s-ranked monster but mistaken for a cat i live as an elf girl's pet,ベヒ猫
dazzling game,3,40,,
for dummies,3,40,,
yome sagashi ga hakadori sugite yabai.,3,40,,嫁探しが捗りすぎてヤバい。
isekai meikyuu no saishinbu wo mezasou,3,40,,異世界迷宮の最深部を目指そう
springfish studio,3,40,,春魚工作室
castlevania: circle of the moon,3,40,,サークルオブザムーン
the god of high school,3,40,,
makai princess,3,40,,
thunder force,3,40,,サンダーフォース
pizza thot,3,40,,
beatmania iidx 8th style,3,40,,
arcana,3,40,,アルカナ
blue reflection ray,3,40,,ブルリフR
447 records,3,40,,447レコード
watashi no shiawase na kekkon,3,40,my happy marriage,わたしの幸せな結婚
blanche fleur,3,40,,らしゅるる
gaming kanojo,3,40,,ゲーミング彼女
koujo denka no katei kyoushi,3,40,private tutor to the duke's daughter,公女殿下の家庭教師
shibayanrecords,3,40,,
gaku ou,3,40,,学☆王
over requiemz,3,40,,オバレク
fengling yuxiu,3,40,,风灵玉秀
hosekisho richard-shi no nazo kantei,3,40,,宝石商リチャード氏の謎鑑定
der untergang,3,40,downfall (2004 movie),ヒトラー~最期の12日間~
changed,3,40,,兽屋之龙
black rock shooter arcana,3,40,,ブラック★ロックシューターアルカナ
coffee talk,3,40,,コーヒートーク
cooking with love,3,40,,
phi brain puzzle of god,3,40,,ファイ・ブレイン
mousugu natsuyasumi! 2,3,40,,もうすぐ夏休み!2
mirai harmony,3,40,,未来ハーモニー
ponkotsu keisatsukan wa watashi ni muchuu,3,40,,ポンコツ警察官は私に夢中
spooky's house of jump scares,3,40,,
guilty crown lost christmas,3,40,,ギルティクラウンロストクリスマス
soushin shoujo matoi,3,40,matoi the sacred slayer,装神少女まとい
migi ni ma gaaru (utau),3,40,,右に曲ガール
lancer rpg,3,40,,
plus danshi (vocaloid),3,40,plus boy (vocaloid),
cloud horizon,3,40,,雲際線工作室
prince of persia,3,40,,プリンスオブペルシャ
cat fantasy,3,40,,キャットファンタジー
subnautica,3,40,,
maji de watashi ni koi shinasai! s,3,40,,真剣で私に恋しなさい!S
fight class 3,3,40,gyeoggi 3 ban,Gyeoggi 3禁止
girls und panzer: atsumare! minna no senshadou!!,3,40,,ガールズ&パンツァーあつまれ!みんなの戦車道!!
transistor (game),3,40,,トランジスタ（ゲーム）
gothic delusion,3,40,,ゴスデリ
cmyk: sameda kazuou wa chuunibyou ga naosenai,3,40,,CMYK鮫田和王は厨二病が治せない
last embryo,3,40,,ラストエンブリオ
egao no riyuu,3,40,,エガオノリユウ
shin sangoku musou 3,3,40,dynasty warriors 4,真・三國無双3
panilla the revival,3,40,,パニリヤ・ザ・リバイバル
mahou senshi louie,3,40,rune soldier,魔法戦士リウイ
sonic & knuckles,3,40,,ソニック&ナックルズ
yuusha no yabou,3,40,,勇者の野望
kishibe rohan wa ugokanai (live action),3,40,,岸辺露伴は動かない(実写版)
harvestella,3,40,,ハーヴェステラ
uchiage hanabi shita kara miru ka? yoko kara miru ka?,3,40,,打ち上げ花火、下から見るか?横から見るか?
hoshi no girls odyssey,3,40,,星のガールズオデッセイ
school fanfare,3,40,,学校のファンファーレ
ms.assistant,3,40,,アシスタントさん
sakamoto desu ga?,3,40,haven't you heard? i'm sakamoto,坂本ですが?
flight highschool,3,40,,飛行高校
silicon magic,3,40,,シリコンマジック
koi de wa naku,3,40,,恋ではなく
sugar+spice!,3,40,,シュガー+スパイス！
aishiteruze baby,3,40,,愛してるぜベイベ★★
thank you friends!!,3,40,,皆ありがとう！！
mf ghost,3,40,,MFゴースト
the weaver girl and the cowherd,3,40,,牛郎織女
caduceus z futatsu no chou shittou,3,40,trauma center: second opinion,カドゥケウスZ2つの超執刀
kamen rider the first,3,40,,仮面ライダーTheFirst
kanojo no carrera,3,40,,彼女のカレラ
sakugan,3,40,,サクガン
ren'ai boukun,3,40,,恋愛暴君
ktm ag,3,40,,
chou eshi ten ~if no gakkyoku sekai ten~,3,40,,超絵師展
chi's sweet home,3,40,,チーズスイートホーム
hatsuru koto naki mirai yori,3,40,,果つることなき未来ヨリ
royal flush heroes,3,40,,ロイヤルフラッシュヒーロー
aria the avvenire,3,40,,Aria the Avvenire
pokemon bank,3,40,,ポケモンバンク
sei dorei gakuen,3,40,,聖奴隷学園
inraku no ketsuzoku,3,40,,inraku no ketsuzoku
ore monogatari!!,3,40,my love story!!,俺物語!!
wonder festival 2005,3,40,,ワンダーフェスティバル2005
transformers: the headmasters,3,40,,トランスフォーマーザ☆ヘッドマスターズ
eroge!,3,40,,えろげー!
kororon (song),3,40,,虎狼来
monster hunter 4 g,3,40,,モンスターハンター4G
eiyuu kyoushitsu,3,40,"classroom for heroes,hero classroom",英雄教室
yamiyo ni odore,3,40,,闇夜に踊れ
mirai millennium,3,40,,ミライミレニアム
wizard girl ambitious,3,40,,魔法使いの少女野心的
kuutei senki,3,40,,空帝戦騎~黄昏に沈む楔~
okusama wa mahou shoujo,3,40,,奥さまは魔法少女
3ldk,3,40,,3ldk
kitakubu katsudou kiroku,3,40,,帰宅部活動記録
ichigo milk love,3,40,,
debris (game),3,40,,デブリ（ゲーム）
subverse,3,40,,代表
koyoi mo meshimase alicetale,3,40,,今宵も召しませAlicetale
mahoroba youjo kitan,3,40,,まほろば妖女奇譚
makai tenshi djibril 4,3,40,,魔界天使ジブリール4
sex and dungeon,3,40,,セックス&ダンジョン
angelmaster,3,40,,エンジェルマスター
djkurara,3,40,,
akuma de oshioki!,3,40,,アクマでオシオキっ!
hunting era,3,40,,狩猎纪元
fifa,3,39,,
36c u.b.u (idolmaster),3,39,,36°CU・B・U
diary of a wimpy kid,3,39,,グレッグのダメ日記
sistart!,3,39,,
three cheers for sweet revenge,3,39,,
gunbird,3,39,,ガンバード
tamagotchi meets,3,39,tamagotchi on,たまごっちみーつ
a rank party wo ridatsu shita ore wa moto oshiego-tachi to meikyuu shinbu wo mezasu,3,39,,Aランクパーティを離脱した俺は元教え子たちと迷宮深部を目指す
groove on fight,3,39,,グルーヴオンファイト
hana no ko lunlun,3,39,,花の子ルンルン
fallen (evanescence),3,39,,
msn messenger,3,39,windows live messenger,
lisa the painful,3,39,,
young avengers,3,39,,ヤングアベンジャーズ
seijuu sentai gingaman,3,39,,星獣戦隊ギンガマン
dragon age: the veilguard,3,39,,
oni to kitsune no hanashi,3,39,,鬼と狐の話
a song for you! you? you!!,3,39,,
beyond the dimensions isegye idol,3,39,,
parerdemia gakuen,3,39,,パレデミア学園
mannequin (vocaloid),3,39,,マネキン
wonder scale (idolmaster),3,39,,
phantom siita,3,39,,ファントムシータ
pokemon tcg gb,3,39,,ポケモンカードGB
fluorite (idolmaster),3,39,,フローライト
atelier karia,3,39,,カリアのアトリエ
majigawa,3,39,,マジガワ!〜魔法少女のきぐるみ〜
sam & max,3,39,,サム&マックス
reincarnation no kaben,3,39,petals of reincarnation,リィンカーネーションの花弁
dune (2021 movie),3,39,,DUNE/デューン砂の惑星
mahou shoujo tokushusen asuka,3,39,magical girl spec ops asuka,魔法少女特殊戦あすか
jidouhanbaiki ni umarekawatta ore wa meikyuu wo samayou,3,39,,自動販売機に生まれ変わった俺は迷宮を彷徨う
earth defense force 5,3,39,,地球防衛軍5
chiguhagu trick,3,39,shuukan brick,チグハグトリック
luka luka night fever (vocaloid),3,39,,ルカルカ★ナイトフィーバー
akinator (site),3,39,,アキネイター
pokemon evolutions,3,39,,ポケモンエボリューションズ
mikoto-chan wa kirawaretakunai!,3,39,,みことちゃんは嫌われたくない!
sakura cupid,3,39,,
i woke up next to you again,3,39,,
interstellar (movie),3,39,,インターステラー
envy cat walk (vocaloid),3,39,,エンヴィキャットウォーク
nonohara yuka no himitsu no haishin,3,39,,野々原柚花のヒミツのハイシン
transformers: cyberverse,3,39,transformers cyberverse,トランスフォーマーサイバーバース
deus ex: human revolution,3,39,,Deus Ex：人間革命
nijuuseiki denki mokuroku,3,39,,二十世紀電氣目録
venus vacation prism: dead or alive xtreme,3,39,,VVプリズム
nintendo direct,3,39,,ニンテンドーダイレクト
aku no hana,3,39,the flowers of evil,惡の華
multiversus,3,39,,マルチバーサス
hanairo heptagram,3,39,,花色ヘプタグラム
barbie as the princess and the pauper,3,39,,バービーの王女と村娘
wakaba iro no quartet,3,39,,若葉色のカルテット
requiem of the golden witch,3,39,,
sugao no pixel,3,39,,素顔のピクセル
professor layton and the unwound future,3,39,,レイトン教授と最後の時間旅行
spider-man: homecoming,3,39,,スパイダーマン:ホームカミング
star lusts,3,39,,
transformers: dark of the moon,3,39,,
sing! shine! smile!,3,39,,
district 9,3,39,,第9地区
return of the condor heroes,3,39,,神鵰俠侶
cara the blood lord,3,39,,カーラTheBloodLord
her shim cheong,3,39,,
donkey kong 64,3,39,,ドンキーコング64
kyojin no hoshi,3,39,,巨人の星
castlevania: harmony of despair,3,39,,悪魔城ドラキュラハーモニーオブディスペアー
mounten,3,39,,一拾山
punch punch forever!,3,39,,パンチパンチフォーエバー
snowdreams -lost in winter-,3,39,,花落冬陽
apocalypse now,3,39,,地獄の黙示録
kamichama karin,3,39,,かみちゃまかりん
kamisama choose! sensei onna no ko niatteru yo!,3,39,,神様ちゅ~ず!
sonic the comic,3,39,,
seiken tsukai no world break,3,39,,聖剣使いの禁呪詠唱
kaguya-hime no monogatari,3,39,,かぐや姫の物語
chimera (vocaloid),3,39,,キメラ
himuro no tenchi,3,39,,氷室の天地
the unlimited: hyoubu kyousuke,3,39,,THE_UNLIMITED_兵部京介
ayakashi onmyouroku,3,39,,あやかし陰陽録
91 days,3,39,,91日
hoshikoi tinkle,3,39,,星恋*ティンクル
bundesliga,3,39,,ブンデスリーガ
koisuru natsu no last resort,3,39,,恋する夏のラストリゾート
decoration disorder disconnection,3,39,ddd (type-moon),DDD(小説)
clover (manga),3,39,,CLOVER(CLAMPの漫画)
ready player one,3,39,,ゲームウォーズ
komeda's coffee,3,39,,コメダ珈琲店
hatsunetsumiko's,3,39,,発熱巫女~ず
the path,3,39,,パス
beware the ides of march,3,39,,
dead rising 1,3,39,,デッドライジング1
shiki okuri,3,39,,四季送り
kiehl's,3,39,,
minamoto-kun monogatari,3,39,,源君物語
oneyplays,3,39,,
trash taste,3,39,,トラッシュ・テイスト
nintendo switch sports,3,39,,
lovely idol,3,39,,らぶドル
kokoro toshokan,3,39,,ココロ図書館
koibito ijou no koto wo kanojo janai kimi to,3,39,,恋人以上のことを、彼女じゃない君と。
mojipittan,3,39,,もじぴったん
onegai! ranking,3,39,,お願い!ランキング
paradigm paradox,3,39,,パラダイムパラドックス
hitomebore,3,39,,ひと目惚れ
kaii shoukougun 3,3,39,,
weezer (blue album),3,39,,
lost passage,3,39,,失われた通路
lazytown,3,39,,レイジータウン
grancrest senki,3,39,,グランクレスト戦記
fuuka,3,39,,風夏
gungrave,3,39,,ガングレイヴ
ayakashi h,3,39,,ayakashi h
bioshock 2,3,39,,バイオショック2
m.a.d mafia is all dead,3,39,,M.A.Dマフィアはすべて死んでいます
yakin byoutou san,3,39,,夜勤病棟・参
kansen (series),3,39,,姦染
koto-channel,3,39,,孤島ちゃんねる
alto,3,39,,アルト
okayunyumu!,3,39,,おかゆにゅ〜〜む!
toshiue lesson,3,39,,年上Lesson~義母と叔母と女教師と~
nikaime,3,39,,ニカイメ
xenosexual,3,39,,
tenkuu senki shurato,3,39,,天空戦記シュラト
the sky crawlers,3,39,,スカイ・クロラ
39culture,3,39,,
natsumegu,3,39,,ナツメグ
gadget trial,3,39,,ガジェットトライアル
mushiuta,3,39,,ムシウタ
hinatabokko,3,39,,日向
grandia online,3,39,,Grandia Online
the walking dead (game),3,39,,
mahou shoujo ikusei keikaku queens,3,39,,魔法少女育成計画QUEENS
resident evil outbreak,3,39,,バイオハザードアウトブレイク
dolls order,3,39,,ドールズオーダー
sasameki koto,3,39,,ささめきこと
magnum opus (mewniverse),3,39,,
moonlight blade,3,39,,天涯明月刀OL
shiboritoranaide onna shounin-san,3,39,,搾り取らないで、女商人さん!!
ayakashi kyoushuutan,3,39,,あやかし郷愁譚
schoolgirls love tentacles,3,39,,女子学生は触手が大好きです
maid-san to boin damashii,3,39,,メイドさんとボイン魂
lustrous (vocaloid),3,38,,ラストラス
shin megami tensei devil children,3,38,,真・女神転生デビルチルドレン
comiket 109,3,38,,
baku ane otouto shibocchau zo!,3,38,,ばくあね弟しぼっちゃうぞ!
peace hame,3,38,,
lavender quartz: kyoukai hyoudou,3,38,,LQ境界
mixstgirls,3,38,,ミクストガールズ
sekai symphony,3,38,,セカイシンフォニー
kara-koi-invitation,3,38,,絡恋インヴィテーション
eve no jikan,3,38,,イヴの時間
ultraman: towards the future,3,38,,ウルトラマンG
variance project,3,38,,
new testament,3,38,,新約聖書
daredevil (netflix),3,38,,
kasane territory (utau),3,38,,重音territory
ano koro no aoi hoshi,3,38,,あの頃の青い星
kowloon generic romance,3,38,,九龍ジェネリックロマンス
nine inch nails,3,38,,ナイン・インチ・ネイルズ
pocket pikachu,3,38,,ポケットピカチュウ
kurono-san wa occult ga suki!,3,38,,黒乃さんはオカルトが好き!
birds of prey,3,38,,バーズ・オブ・プレイ
the walten files,3,38,,
unifee,3,38,,ゆにふぃ!
janken game acchi muite hoi!,3,38,,ジャンケンゲームあっちむいてホイ!
the x-files,3,38,,X-ファイル
puzzle (vocaloid),3,38,,パズル
atelier judie,3,38,,ユーディーのアトリエ
incubus series (sekiya asami),3,38,,
project zomboid,3,38,,
zweigen kanazawa,3,38,,ツエーゲン金沢
traffic jam (vocaloid),3,38,,トラフィック・ジャム
mouko tanmen nakamoto,3,38,,蒙古タンメン中本
ultimate girl,3,38,,UG☆アルティメットガール
fury (movie),3,38,,フューリー（映画）
soul tide,3,38,,ソウルタイド
marvel super heroes vs. street fighter,3,38,,マーヴルスーパーヒーローズvs.ストリートファイター
seifuku kanojo 3,3,38,,制服カノジョ3
reiwa no di gi charat,3,38,,令和のデ・ジ・キャラット
mass effect: andromeda,3,38,,
akai koudan zillion,3,38,,赤い光弾ジリオン
hanavi,3,38,,
snow man (jpop),3,38,,SnowMan(ジャニーズ)
re;lord,3,38,,
uikousen (shigure ui),3,38,,ういこうせん
koiiro marriage,3,38,,恋色マリアージュ
as/hi soundworks,3,38,,
sugar rush (hololive),3,38,,シュガーラッシュ(miComet)
ziga,3,38,,ジガ
ore wa subete wo parry suru,3,38,i parry everything,俺は全てを【パリイ】する
lady and the papyrus,3,38,,少女莎草紙
20th century boys,3,38,20seiki shounen,20世紀少年
tear ring saga series: berwick saga,3,38,berwick saga,ベルウィックサーガ
kuu ka kuwareru ka?,3,38,,食うか、食われるか?
figure story,3,38,,フィギュアストーリー
alive musix,3,38,,
kyochuu rettou,3,38,,巨蟲列島
dunkin' donuts,3,38,,ダンキンドーナツ
the son of man (magritte),3,38,le fils de l'homme,
tokimeki tonight,3,38,,ときめきトゥナイト
magical nuko-lenlen (vocaloid),3,38,,マジカル☆ぬこレンレン
blame gakuen!,3,38,blame academy!,ブラム学園!
high school simulator 2018,3,38,,
narue no sekai,3,38,the world of narue,成恵の世界
boku no tsuma wa kanjou ga nai,3,38,my wife has no emotion,僕の妻は感情がない
root double -before crime after days-,3,38,,ルートダブル
angel with a shotgun,3,38,,
shinkiro (hololive),3,38,,
p-model,3,38,,核P-MODEL
johnny test,3,38,,ジョニーテスト
kimi no suizou wo tabetai,3,38,,君の膵臓をたべたい
maha5japan,3,38,,Maha5Japan
rrr (movie),3,38,,RRR(インド映画)
how to train your dragon: the hidden world,3,38,how to train your dragon 3,ヒックとドラゴン3
tearmoon teikoku monogatari,3,38,tearmoon empire,ティアムーン帝国物語
heion sedai no idaten-tachi,3,38,,平穏世代の韋駄天達
meika-san wa oshikorosenai,3,38,,メイカさんは押しころせない
kaneko seisakusho,3,38,,
gakuen tengoku,3,38,,ガクン・トンゴク
get in the ring,3,38,,
cure girl,3,38,,キュアガール
bubble bobble,3,38,,バブルボブル
toshoshitsu no kanojo,3,38,,図書室ノ彼女
open beta (vtuber),3,38,,流星群プロジェクト
pretty x cation 2,3,38,,プリティケーション2
pajamy (vocaloid),3,38,,パジャミィ
imouto no katachi,3,38,,カタチはありません
godzilla vs. spacegodzilla,3,38,,ゴジラvsスペースゴジラ
metropolis,3,38,,メトロポリス
tamayomi,3,38,,球詠
riverbed soul saver,3,38,,東方桃源宮
peach (airline),3,38,,ピーチ・アビエーション
softenni,3,38,,そふてにっ
seven colors of the wind,3,38,,7色の風
muv-luv altered fable,3,38,muvluv altered fable,マブラヴオルタードフェイブル
lie huo jiao chou,3,38,,烈火浇愁
chaser game w,3,38,,
bakugan gundalian invaders,3,38,,ガンダリアンインベーダーズ
maid in heaven,3,38,,めいどいんへぶん
witch hunter robin,3,38,,ウィッチハンターロビン
carciphona,3,38,blackbird (shilin),カルシフォナ
mononofu ~shirayuri kassen maihime~,3,38,,もののふ~白百合戦舞姫~
bakugan new vestroia,3,38,,ニューヴェストロイア
pictoria,3,38,,ピクトリア
tsubaki-sama wa sakihokore nai,3,38,,椿様は咲き誇れない
gelbooru,3,38,,ゲルブール
bukatsu kikaku,3,38,,ブカツキカク
shiori series,3,38,,しおりシリーズ
cuadradito y circulito,3,38,,
csi,3,38,,CSI
anejiru,3,38,,姉汁~白川三姉妹におまかせ~
emupii maid promotion master,3,38,,emupiiメイドプロモーションマスター
festa!! hyper girls pop,3,38,,フェスタ!!ハイパーガールズポップ
living with hipstergirl and gamergirl,3,38,,HipstergirlとGamergirlと一緒に暮らしています
pp: pianissimo,3,38,,-ピアニッシモ-
m onna senka,3,38,,M女専科
ama no jaku (vocaloid),3,38,,天ノ弱
perfect hole,3,38,,パーフェクトホール
anotherxalice,3,38,,アナザー×アリス
bird type girl system,3,38,,鳥系女子シリーズ
darwin's game,3,38,,ダーウィンズゲーム
trouble witches,3,38,,トラブル☆ウィッチーズ
dragon ball xenoverse 3,3,37,,
toy story 5,3,37,,トイ・ストーリー5
mahou shoujo ikusei keikaku breakdown,3,37,,魔法少女育成計画breakdown
acid bufferzone,3,37,,
boukensha ni naritai to miyako ni deteitta musume ga s rank ni natteta,3,37,my daughter left the nest and returned an s-rank adventurer,冒険者になりたいと都に出て行った娘がSランクになってた
adobe,3,37,,アドビ
fushigi na merumo,3,37,,ふしぎなメルモ
whatsapp,3,37,,
eden fantasia,3,37,,
psychopomp (game),3,37,,
maou no hajimekata,3,37,,魔王の始め方
sonic.exe,3,37,,索尼克exe
oasis (band),3,37,,
toy story 2,3,37,,トイ・ストーリー2
age matters,3,37,,
dodonpachi daifukkatsu,3,37,,怒首領蜂大復活
sylph no hanahime,3,37,,シルフの花姫
luami media,3,37,,
candy candy (series),3,37,,キャンディ・キャンディ
gundam breaker,3,37,,ガンダムブレイカー
littlebigplanet,3,37,little big planet,リトルビッグプラネット
zhandou wang zhi jufeng zhan hun,3,37,,战斗王之飓风战魂
kagaku na yatsura,3,37,,
underswap,3,37,,
to love-ru darkness 2nd,3,37,,2番目の闇を愛する
wagaya no liliana-san,3,37,,我が家のリリアナさん
megastore,3,37,,
ai kotoba (vocaloid),3,37,,愛言葉
everyday host,3,37,,えぶりでいホスト
knight a,3,37,,騎士A
sex open world e youkoso!,3,37,,セックスオープンワールドへようこそ!
bloodrayne (series),3,37,,ブラッドレイン
yume no tsuzuki de mattete,3,37,,夢の続きで待ってて
diamond (love live!),3,37,,ダイアモンド(中須かすみ)
nurse ni omakase,3,37,,ナースにおまかせ
yume utsutsu quintet,3,37,,ゆめうつつクインテット
natural another one 2nd belladonna,3,37,,ナチュラルアナザーワンセカンド-ベラドンナ-
heart catch izumi-chan,3,37,,ハートキャッチいずみちゃん
hoshimeguri gakuen,3,37,,星めぐり学園
genjitsu shugi yuusha no oukoku saikenki,3,37,,現実主義勇者の王国再建記
sally face,3,37,,
conception: ore no kodomo wo undekure!,3,37,,コンセプション
nenaiko dare da,3,37,,ねないこだれだ
honey trap shared house,3,37,,ハニートラップ・シェアハウス
o-life.jp,3,37,,オーライフジャパン
tashiro-kun kimi-tte yatsu wa,3,37,,鯛代くん、君ってやつは。
cookie run: witch's castle,3,37,,顶级莓果饼干
kokuchou no psychedelica,3,37,,黒蝶のサイケデリカ
tokeijikake no ley line,3,37,,時計仕掛けのレイライン
bubblegum crisis 2040,3,37,,バブルガムクライシスTOKYO2040
tokyo teddy bear (vocaloid),3,37,,東京テディベア
"kokoro magic ""a to z""",3,37,kokoro magic a to z,ココロの魔法aからz
susume! ashitabara gakuen,3,37,,ススメ!明日原学園
pixar,3,37,,ピクサー
sakura succubus,3,37,,サクラ・サキュバス~モテ期は唐突に~
geneon,3,37,,
babel (utau),3,37,,バベル
x-change (series),3,37,,エックスチェンジ
shanhai jing hua,3,37,,山海镜花
bakuten shoot beyblade rising,3,37,,
hotline miami 2: wrong number,3,37,,ホットラインマイアミ2：間違った番号
love u my friends,3,37,,虹ヶ咲1st_Live
fareidolia,3,37,project rx,ファレイドリア
kamitsubaki city ensemble,3,37,,
famiresu wo kyouju seyo,3,37,,ファミレスを享受せよ
the king of fighters '99,3,37,,ザ・キング・オブ・ファイターズ'99
die hard,3,37,,ダイ・ハード
natsu e no tunnel sayonara no deguchi,3,37,,夏へのトンネル、さよならの出口
uguisu kagura (publisher),3,37,,
moon (love-de-lic),3,37,moon: remix rpg adventure,moon(ラブデリック)
alliance of the golden witch,3,37,,黄金の魔女の同盟
house of wax (2005 movie),3,37,,蝋人形の館
saimin seishidou -secret lesson-,3,37,,催眠性指導_-Secret_Lesson-
tokonatsu sunshine,3,37,,常夏☆サンシャイン
wikihow,3,37,,
ibm,3,37,,
meteorites (stpr),3,37,,めておら
white letter,3,37,,ホワイトレター
build divide,3,37,,ビルディバイド
star animals,3,37,,絵ニマる
stray (game),3,37,,
saga 1,3,37,,魔界塔士Sa・Ga
stupid movie sequels,3,37,,しょうもない洋画続編集
momoiro okami no honoka-san,3,37,,桃色女将の穂乃香さん~イケない、お・も・て・な・し~
lucu lucu,3,37,,るくるく
jishou f-rank no oniisama ga game de hyouka sareru gakuen no chouten ni kunrin suru sou desu yo?,3,37,,自称Fランクのお兄さまがゲームで評価される学園の頂点に君臨するそうですよ?
brothers conflict,3,37,,ブラザーズコンフリクト
alicemare,3,37,alice mare,アリスメア
fault,3,37,,
taimanin asagi zero,3,37,,対魔忍アサギZERO
avtechno!,3,37,,avtechno！
quiz nanairo dreams,3,37,,クイズなないろDREAMS
mahoroba,3,37,,まほろば(運営)
vine (company),3,37,,
seisou fude no tabibito,3,37,,星霜筆の旅人
maji moji rurumo,3,37,,まじもじるるも
houjin exaxxion,3,37,cannon god exaxxion,砲神エグザクソン
dragon quest walk,3,37,,ドラクエウォーク
trouble witches neo,3,37,,トラブル☆ウィッチーズねぉ!
tsukiuta,3,37,,ツキウタ。
clover heart's,3,37,,クローバーハート
sengoku hanafuda kassen,3,37,,戦国花札合戦
mario bros.,3,37,,マリオブラザーズ
xia lan,3,37,,侠岚
s4 league,3,37,,S4リーグ
henshin!,3,37,,へんし~ん!
potion maker,3,37,,ポーションメイカー
memories off#5,3,37,,＃5の思い出
graphig,3,37,,グラフィグ
mirai sentai timeranger,3,37,,未来戦隊タイムレンジャー
uhou renka,3,37,,雨芳恋歌
the king of fighters ex2,3,37,,ファイターズの王はex2
gunz the duel,3,37,,
buisen,3,37,,ぶいせん
jing king of bandits,3,37,,王ドロボウJING
kometa virtual live,3,37,,Kometa Virtual Live
gundam breaker battlogue,3,37,,ガンダムブレイカーバトローグ
pokemon home,3,37,,
cute honey,3,37,,かわいいハニー
starcraft ii,3,37,,スタークラフト2
mai dog love,3,37,,マイ犬の愛
gemini (vocaloid),3,37,,ジェミニ（ボーカロイド）
super robot wars k,3,37,,スーパーロボット大戦K
hearts recollection,3,37,,ファンタジープロジェクトイラコン
pump it up,3,37,,
waguruma!,3,37,,わグルま!
psycho-puzzle,3,37,,サイコパズル
yobanashi deceive (vocaloid),3,37,,夜咄ディセイブ
aishiteii no wa karadadake,3,37,,愛していいのは、カラダだけ
august soft,3,37,,オーガスト
pacific rim: uprising,3,37,,パシフィック・リム:アップライジング
sweet clown,3,37,,スイートクラウン
akatsuki no amaneka to aoi kyojin,3,37,,暁のアマネカと蒼い巨神
condorito,3,37,,
elemental story,3,37,,エレメンタルストーリー
pinkbell,3,37,,ピンクベル
better girls,3,37,,より良い女の子
kong: skull island,3,37,,キングコング:髑髏島の巨神
national geographic,3,37,,ナショナルジオグラフィック
cottage project,3,37,,
houkago play 3,3,37,,放課後プレイ3
nikubami honegishimi,3,37,,ニクバミホネギシミ
injuu gakuen la blue girl,3,37,,淫獣学園La☆BlueGirl
brave neptune,3,37,super neptunia rpg,勇敢なネプチューン
osananajimi no h na onee-san wa suki desu ka?,3,37,,幼馴染のHなお姉さんは好きですか?
miyakawa-ke no kuufuku,3,37,,宮河家の空腹
summer days,3,37,,夏の日々
bokujou monogatari: hajimari no daichi,3,37,,はじまりの大地
ikusa megami (series),3,37,,戦女神
crossbone gundam: koutetsu no shichinin,3,37,,鋼鉄の7人
love sickubus,3,37,,
taiyou sentai sun vulcan,3,36,,太陽戦隊サンバルカン
binetsu kuukan,3,36,,微熱空間
alvin and the chipmunks,3,36,,アルビンとチップマンクス
officelove -cool na senpai-kanojo to himitsu no ikinuki-,3,36,,OfficeLove-クールな先輩彼女と秘密のイキ抜き-
dragon quest monsters 4,3,36,,ドラゴンクエストモンスターズ4
nhentai,3,36,,
vylet pony,3,36,,
elin (game),3,36,,
katseye,3,36,,
kemono teatime,3,36,,けものティータイム
suki suki daisuki (song),3,36,,好き好き大好き
tied to twins,3,36,,
tonari no seki no yatsu ga souiu me de mitekuru,3,36,"the mortifying ordeal of being seen,tonari no seki no yatsu ga eroi me de mitekuru hanashi",隣の席の奴がエロい目で見てくる話
challengia,3,36,,
martial champion,3,36,,マーシャルチャンピオン
magical canan,3,36,,まじかるカナン
sangoku taisen smash!,3,36,,三国大戦スマッシュ
kono hon wo nusumu mono wa,3,36,"kono hon o nusumu mono wa,whoever steals this book",この本を盗む者は
delta force (game),3,36,,三角洲行动
orkastle,3,36,,
dragonsword: awakening,3,36,,
neco drop,3,36,,
vrecord,3,36,,
agents of atlas,3,36,,
aniwars,3,36,,
tsui no stella,3,36,stella of the end,終のステラ
nchans,3,36,,
opera gx,3,36,,
kimi e okuru sora no hana,3,36,,キミへ贈る、ソラの花
hmv,3,36,,
rose guns days,3,36,,ローズガンズデイズ
night dreamin,3,36,,ないとどりーみん
gekijou no libido,3,36,,激情のリビドー
data east,3,36,,
sensei to mondaiji? no yuri,3,36,,先生と問題児?の百合
exoprimal,3,36,,
sakura gozen (game),3,36,,
led zeppelin,3,36,,
super mario kart,3,36,,スーパーマリオカート
ghost and pals,3,36,,
magical taruruuto-kun,3,36,,タルるートくん
risk of rain 2,3,36,,
shin kamen rider prologue,3,36,,真・仮面ライダー序章
getter robo daikessen!,3,36,,ゲッターロボ大決戦!
pretty liar (idolmaster),3,36,,プリティライアー（アイドルマスター）
sanzenkai no avatar,3,36,,三千界のアバター
ameku takao no suiri karte,3,36,"ameku m.d.: doctor detective,ameku takao's detective karte",天久鷹央の推理カルテ
orokamonogatari,3,36,,愚物語
yondome wa iya na shizokusei majutsushi,3,36,,四度目は嫌な死属性魔術師
kamen rider outsiders,3,36,,仮面ライダーアウトサイダーズ
maximum magic,3,36,,
vampirdzhija vjedogonia,3,36,,吸血殲鬼ヴェドゴニア
isekai maou gokko,3,36,,異世界魔王ごっこ
call of duty: black ops cold war,3,36,,
arch linux,3,36,,アーチ・リナックス
issen kounen (vocaloid),3,36,,一千光年
meccha going!!,3,36,,めっちゃGoing!!
milk (love live!),3,36,,「ミルク」
pokemon: zoroark: master of illusions,3,36,pokemon m13,幻影の覇者ゾロアーク
mayoiga,3,36,,迷家-マヨイガ-
kozure ookami,3,36,,子連れ狼
oreca battle,3,36,,オレカバトル
horizon forbidden west,3,36,,ホライゾンゼロドーン
dr. strangelove,3,36,,博士の異常な愛情
super marisa world,3,36,,
tsuki makase,3,36,,ツキマカセ
akuyaku reijou nano de last boss wo kattemimashita,3,36,i'm the villainess so i'm taming the final boss,悪役令嬢なのでラスボスを飼ってみました
i prefer girls,3,36,,
fairy ranmaru:anata no kokoro otasuke shimasu,3,36,,Fairy蘭丸~あなたの心お助けします~
aleste,3,36,,アレスタ
layton's mystery journey,3,36,,レイトンミステリージャーニー
kizetsu yuusha to ansatsu hime,3,36,,気絶勇者と暗殺姫
scott pilgrim vs the world (movie),3,36,,
juu mensou (vocaloid),3,36,,十面相
joukitoshi no tanteishoujou,3,36,,蒸気都市の探偵少女
kourin no machi lavender no shoujo,3,36,,光輪の町、ラベンダーの少女
super mario land 2,3,36,,スーパーマリオランド2
poker face (vocaloid),3,36,,ポーカーフェイス
monster girl island,3,36,,モンスターガールアイランド
mach go go go,3,36,speed racer,マッハGoGoGo
gundam wing dual story: g-unit,3,36,,ガンダムウィングデュアルストーリー：G-Unit
yotaka futatabi,3,36,,夜鷹ふたたび
gundam cafe,3,36,,ガンダムカフェ
guilty gear vastedge xt,3,36,,
mount & blade,3,36,mount and blade,
norwell college,3,36,,
namaiki!,3,36,,ナマキ！
kyoudai no jouji jijou 2,3,36,,兄妹の情事事情2
tenkyou no alderamin,3,36,,天鏡のアルデラミン
calc. (vocaloid),3,36,,
dansai bunri no crime edge,3,36,,断裁分離のクライムエッジ
mama x holic,3,36,,Mama×Holic~魅惑のママと甘々カンケイ~
anima gear,3,36,,アニマギア
fuyou yuuna wa yuusha de nai,3,36,,芙蓉友奈は勇者でない
medal of honor: frontline,3,36,,メダル・オブ・オナー史上最大の作戦
natsuiro kokoro log,3,36,,ナツイロココロログ
bartimaeus (series),3,36,,バーティミアス
moral orel,3,36,,
guns n' roses,3,36,,ガンズ・アンド・ローゼズ
china railway girl,3,36,,天朝铁道少女
armored core 3,3,36,,
ender inspector,3,36,,
witchcraft (manga),3,36,,
cho aniki,3,36,,超兄貴
kaze to ki no uta,3,36,,風と木の詩
musume shimai,3,36,,ムズメチマイ
cage in lunatic runagate,3,36,,東方儚月抄
change! ano ko ni natte kunkun peropero,3,36,,ちぇ~んじ!~あの娘になってクンクンペロペロ~
wrath of man,3,36,,
robot ponkottsu,3,36,,ロボットポンコッツ
sakimiya senpai no kyujitsu,3,36,,咲宮センパイの弓日
di gi charat nyo!,3,36,,デ・ジ・キャラットにょ
maou 2099,3,36,,魔王2099
starmyu,3,36,,スタミュ
analogue: a hate story,3,36,,アナログ：憎しみの話
otokonoko heaven,3,36,,オトコのコHEAVEN
appare-ranman!,3,36,,天晴爛漫!
haribo,3,36,,ハリボー
chinchin kemokemo,3,36,,ちんちんケモケモ
knights of the wandering castle,3,36,,
viper gt1,3,36,,Viper GT1
seizei ganbare! mahou shoujo kurumi,3,36,,せいぜいがんばれ!魔法少女くるみ
neko to wakai seyo!,3,36,,ネコと女子寮せよ!
ouchi ni kaeru made ga mashimaro desu,3,36,,お家に帰るまでがましまろです
happy99 (virus),3,36,,
orbis terra,3,36,,Orbis Terra
zelmoni,3,36,,ゼルモニ
shinobi (ps2),3,36,,忍（PS2）
inraku no miko ntr,3,36,,淫烙の巫女NTR
bonnou-chan,3,36,,ぼんのうちゃん
magical charming!,3,36,,魔法の魅力的！
sex teacher tsuyoshi,3,36,,SEXティーチャー剛史
kawaii joushi o komarasetai,3,36,,可愛い上司を困らせたい
karmatron y los transformables,3,36,,Karmatron y losトランスフォーブル
fake type,3,36,,
pink no ayumi!,3,36,,ぴんくのあゆみ!
sonic r,3,35,,ソニックR
the legend of zelda: four swords adventures,3,35,,ゼルダの伝説4つの剣+
hitoner,3,35,,ヒトナー
toushin toshi girls gift,3,35,,闘神都市3DS
candycookiechocolate (vocaloid),3,35,,
confession to sister (synthesizer v),3,35,,シスターに懺悔を
madohi shiroki no kamikakushi,3,35,,まどひ白きの神隠し
green arrow (series),3,35,,
steamy livestreams with my girlfriend,3,35,,変態カノジョ〜俺と彼女とドキドキ♡生配信〜
nigashita sakana wa ookikatta ga tsuriageta sakana ga ookisugita ken,3,35,always a catch!,逃げ釣り
sylvanian families,3,35,calico critters,シルバニアファミリー
faith (game),3,35,,
2026 winter olympics,3,35,,ミラノ・コルティナオリンピック
tensei ringo (vocaloid),3,35,reincarnation apple (vocaloid),転生林檎
navel (company),3,35,,ネーブル
gyousatsu shinsengumi,3,35,,行殺新選組ふれっしゅ
king crimson,3,35,,キングクリムゾン
parallel artist project,3,35,,ぱらすと!
power dolls,3,35,,パワードール
sword art online: alicization lycoris,3,35,,アリシゼーション・リコリス
rule (ado),3,35,,ルル
love of ren'ai koutei of love!,3,35,,
mamoru-kun wa norowarete shimatta!,3,35,mamorukun curse!,まもるクンは呪われてしまった!
compile heart,3,35,,コンパイルハート
bambi (movie),3,35,,バンビ(映画)
astralair no shiroki towa,3,35,,アストラエアの白き永遠
kamisama no inai nichiyoubi,3,35,sunday without god,神さまのいない日曜日
guitar hero,3,35,,ギターヒーロー
the exorcist,3,35,,エクソシスト
sharp corporation,3,35,,
zoids wild zero,3,35,,ゾイドワイルドZERO
mangetsu coffee ten,3,35,,満月珈琲店
a minecraft movie,3,35,,マインクラフト・ザ・ムービー
rusty lake,3,35,"cube escape,rusty lake (series)",
sakura machizaka stories,3,35,,桜待坂Stories
seisenshi dunbine: new story of aura battler dunbine,3,35,,Seisenshi Dunbine：Aura Battler Dunbineの新しい物語
sonic dream team,3,35,,ソニックドリームチーム
paradichlorobenzene (vocaloid),3,35,,パラジクロロベンゼン
baoh raihousha,3,35,baoh the visitor,バオー来訪者
samsa (vocaloid),3,35,,ザムザ
diablo 2,3,35,,ディアブロ2
gremlins (movie),3,35,,グレムリン
mega man maverick hunter x,3,35,mega man: maverick hunter x,イレギュラーハンターX
batman: arkham knight,3,35,,
pucca (cartoon),3,35,,プッカ
kamen rider j (movie),3,35,,仮面ライダーJ
yumeiro patissiere,3,35,,夢色パティシエール
dragon gal,3,35,,ドラゴンギャル
ninnindays,3,35,,
toki production,3,35,,Tokiプロダクション
gundam exa vs,3,35,,
kusare gedou to chokorewito (vocaloid),3,35,kusare-gedou and chocolate (vocaloid),腐れ外道とチョコレゐト
grand knights history,3,35,,グランナイツヒストリー
77: and the two stars meet again,3,35,,
machidake,3,35,,まちだけ。
treasure planet,3,35,,トレジャー・プラネット
byoushin wo kamu (zutomayo),3,35,,秒針を噛む
kono ko shirimasenka?,3,35,,この子知りませんか?
pokemon origins,3,35,,ポケットモンスターTHE_ORIGIN
trick (tv series),3,35,,
dave the diver,3,35,,デイヴ・ザ・ダイバー
chappell roan,3,35,,チャペル・ローン
live2d inc.,3,35,,
back arrow,3,35,,バック・アロウ
dragon quest heroes ii,3,35,,ドラゴンクエストヒーローズ2
+anima,3,35,,プラスアニマ
bokujou monogatari: mineral town no nakama tachi,3,35,,ミネラルタウンのなかまたち
toy daddy (manhwa),3,35,,
yumekui shirokuro baku (vocaloid),3,35,dream-eating monochrome baku (vocaloid),夢喰い白黒バク
seiyuu radio no uraomote,3,35,the many sides of voice actor radio,声優ラジオのウラオモテ
pixiv no sekai no kamen rider,3,35,,「pixiv」の世界の仮面ライダー
imperial saga,3,35,,
godzilla against mechagodzilla,3,35,,ゴジラ×メカゴジラ
biggym,3,35,,
starship troopers (movie),3,35,,スターシップ・トゥルーパーズ
hen'na keiji koto oriko-san,3,35,,変な刑事こと織子さん
huniepop 2: double date,3,35,,
x-men: days of future past,3,35,,X-MEN:フューチャー&パスト
shin sangoku musou 2,3,35,dynasty warriors 3,真・三國無双2
no salvation,3,35,,
gatorade,3,35,,
castle crashers,3,35,,キャッスルクラッシャーズ
bakumatsu shishi channel,3,35,,幕末志士
gehenna (vocaloid),3,35,,ジェヘナ
onigiri (mmorpg),3,35,,鬼斬
sore ga seiyuu!,3,35,seiyu's life!,それが声優!
tensai bakabon,3,35,,天才バカボン
great mechanics g,3,35,,グレートメカニックG
godzilla vs. mechagodzilla,3,35,godzilla vs. mechagodzilla (1974),ゴジラ対メカゴジラ
tokyo clanpool,3,35,,塔亰Clanpool
tenshi mikadokuni,3,35,,Tenshi Mikadokuni
amanatsu,3,35,,あまなつ
heroic age,3,35,,ヒロイック・エイジ
infamous,3,35,,悪名高い
maou no kuse ni namaiki da!,3,35,,魔王のくせに生イキだっ!
shuusaku,3,35,,臭作
ui-chan no niizuma diary,3,35,,憂(うい)ちゃんの新妻だいあり~
distortion (love live!),3,35,,
internet positif,3,35,,インターネットPositif
noita,3,35,,
buriki one,3,35,,武力ONE
atelier lilie,3,35,,リリーのアトリエ
vitamin summer!,3,35,,ビタミンSUMMER!
"watashi ga suki nara ""suki"" tte itte!",3,35,,私が好きなら「好き」って言って!
ane yome concerto,3,35,,あねよめコンチェルト
my doll house,3,35,,私のドールハウス
ne~pon? x rai pon!,3,35,,ね〜PON?×らいPON!
shadow shadow (vocaloid),3,35,,
mysims,3,35,,ぼくとシムのまち
oshite dame nara oshitemiro!,3,35,,押して駄目なら押してみろ!
star platinum (game),3,35,,スタープラチナ
mizukabe,3,35,,みずかべ
chouhakai!! barbarossa,3,35,,超破壊!!バルバロッサ
geoguessr,3,35,,
vital sign (love live!),3,35,,バイタルサイン
taimanin yukikaze 2,3,35,,対魔忍ユキカゼ2
yolang and yolang,3,35,,瑶玲啊瑶玲
sister quest,3,35,,シスタークエスト
unreal night girls,3,35,,非現実的な夜の女の子
aki sora,3,35,,アキソラ
kyouki sanmyaku ~jashin no itadaki~,3,35,,狂気山脈〜邪神の山嶺〜
tribe cool crew,3,35,,トライブクルクル
boku to gonee to umi no year!!,3,35,,僕と極姉と海のYear!!
shoujo sect,3,35,,shoujo Sect
blue drop,3,35,,ブルードロップ
prometheus (movie),3,35,,プロメテウス
kyouhaku 2,3,35,,脅迫2_~傷に咲く花_鮮血の紅~
tokurei sochi dantai stella jogakuin c3 bu,3,35,,ステラ女学院高等科C3部
doki doki oyako lesson,3,35,,Doki Doki Oyakoレッスン
kumo no mukou yakusoku no basho,3,35,,雲のむこう、約束の場所
comitia 156,3,35,,コミティア156
technictix,3,35,,
lens no mukougawa,3,35,,レンズの向こう側...
ibara,3,35,,鋳薔薇
scarlett,3,35,,スカーレット
clock zero,3,35,,
kimi to boku to eden no ringo,3,35,,キミとボクとエデンの林檎
heroes of might and magic,3,35,,力と魔法のヒーロー
nekokawaigari,3,35,,ネコカワガリ
educational broadcasting system,3,35,,教育放送システム
park ssi-yu daegi,3,35,,
omega labyrinth,3,35,,オメガラビリンス
nukidoki!,3,35,,ヌキどきッ!
suzuki-san,3,35,,
knights chronicle,3,35,,ナイツクロニクル
bistro cupid 2,3,35,,ビストロ・きゅーぴっと2
interstellar rhapsody,3,35,,星間ラプソディ
famiresu iko.,3,34,,ファミレス行こ。
sequel awake,3,34,,
miu404,3,34,,
snake eyes (hakos baelz),3,34,,
summon night: swordcraft story 2,3,34,,サモンナイトクラフトソード物語2
chieri no koi wa 8 meter,3,34,my girlfriend is 8 meters tall,ちえりの恋は8メートル
look outside,3,34,,
innocent girl,3,34,,イノセントガール
cutie mew mew magic (deltarune),3,34,,キューティみゅうみゅうマジック
cloverworks,3,34,,
the hole (utau),3,34,,
big bang beat,3,34,,ビッグバンビート
ushiro no shoumen kamui-san,3,34,,うしろの正面カムイさん
marvel's spider-man 2,3,34,spider-man 2 (2023 game),
shining force ii,3,34,,シャイニングフォース2
tomodachi ni nareru basho,3,34,,トモダチになれる場所
odochina (vocaloid),3,34,,踊っチャイナ
path of exile,3,34,,
sd command chronicles,3,34,,
ballads at midnight,3,34,,
bokutodragon,3,34,,ぼくとドラゴン
tumeneco,3,34,,
the untamed,3,34,chen qing ling,陈情令
crayon shin-chan: adventure in henderland,3,34,,ヘンダーランドの大冒険
danganronpa 2x2,3,34,,スパーダンガンロンパ2×2
miagete goran yozora no hoshi wo,3,34,,見上げてごらん夜空の星を
fallout 1,3,34,,
musou orochi 2,3,34,warriors orochi 3,無双OROCHI2
chaos dominas,3,34,,カオスドミナス
aibeya,3,34,,アイベヤ
the beginning and the friend,3,34,,
momose akira no hatsukoi hatan chuu.,3,34,,百瀬アキラの初恋破綻中。
koakuma love,3,34,,小悪魔LOVE♡
natsu no iro no nostalgia,3,34,,夏の色のノスタルジア
reverend insanity,3,34,gu zhen ren,
sakura fox adventure,3,34,,
hikakin,3,34,,ヒカキン
hajimari no haneoto,3,34,,はじまりの羽音
visions (pixiv),3,34,,
fukai ni nemuru oujo no abaddon,3,34,,腐界に眠る王女のアバドーン
ultraman max (series),3,34,,ウルトラマンマックス
welcome to dreamland,3,34,,欢迎来到梦乐园
guild master (game),3,34,,ギルドマスター
shun-ran (vocaloid),3,34,,春嵐
darkness heels,3,34,,ダークネスヒールズ
emperor's new clothes,3,34,,裸の王様
sakigake no hanamiko,3,34,,魁の花巫女
yasei no last boss ga arawareta,3,34,a wild last boss appeared!,野生のラスボスが現れた!
kaeru no tame ni kane wa naru,3,34,the frog for whom the bell tolls,カエルの為に鐘は鳴る
golden state warriors,3,34,,ゴールデンステート・ウォリアーズ
rinne (vocaloid),3,34,lynne (vocaloid),リンネ
misfits,3,34,,
mameshiba (series),3,34,,豆しば
metal gear solid v: ground zeroes,3,34,,メタルギアソリッドVグラウンドゼロズ
metroid 2: return of samus,3,34,,メトロイドII
nonki boy,3,34,,のんきBOY
tokyo babylon,3,34,,東京BABYLON
tokiwa kitareri!!,3,34,,トキワ来たれり!!
the secret of my next classmate,3,34,,
chicken little,3,34,,
odyssey (hololive english),3,34,,
honto no (utau),3,34,,ホントノ
dancing star precure,3,34,,Dancing☆Starプリキュア
the little mermaid (2023),3,34,,実写版リトルマーメイド
ribon (shueisha),3,34,,
banquet of the golden witch,3,34,,
one piece straw hat space,3,34,,麦わらスペース
miami heat,3,34,,マイアミ・ヒート
mario strikers: battle league,3,34,,マリオストライカーズバトルリーグ
oniisama e...,3,34,dear brother,おにいさまへ...
braveheart coaster,3,34,,
we bare bears,3,34,,ぼくらベアベアーズ
lazy dungeon master,3,34,,絶対に働きたくないダンジョンマスターが惰眠をむさぼるまで
encore dance (synthesizer v),3,34,,
tekken 2,3,34,,鉄拳2
san antonio spurs,3,34,,サンアントニオ・スパーズ
mahou shoujo kanae,3,34,,魔法少女かなえ
eternal light (love live!),3,34,,
nobunaga no shinobi,3,34,ninja girl & samurai master,信長の忍び
the god of death,3,34,,ザゴッドオブデス
evil dead,3,34,,死霊のはらわた
offlinetv,3,34,,
future parade (love live!),3,34,,
tensei kizoku no isekai boukenroku,3,34,chronicles of an aristocrat reborn in another world,転生貴族の異世界冒険録
chio-chan no tsuugakuro,3,34,,ちおちゃんの通学路
copic (brand),3,34,,
romance wa tsurugi no kagayaki 2,3,34,,ロマンスは剣の輝きII
star wars: the high republic,3,34,,ハイ・リパブリック
i'm your treasure box,3,34,,マリ箱
kimi wa houkago insomnia,3,34,insomniacs after school,君は放課後インソムニア
mira (cevio),3,34,,
atelier questboard,3,34,,アトリエクエストボード
haikei (vocaloid),3,34,,拝啓
sakurako-san no ashimoto ni wa shitai ga umatteiru,3,34,,櫻子さんの足下には死体が埋まっている
tatarigoroshi-hen,3,34,,祟殺し編
pixiv genealogy of life,3,34,,【命の系譜】
comic koh,3,34,,コミック高
mario kart 64,3,34,,マリオカート64
karakuri shoujo,3,34,,世回転界クロジカル
tachiagare! orc-san,3,34,,たちあがれ!オークさん
majo to yajuu,3,34,,魔女と野獣
sekai seifuku kanojo,3,34,,世界征服彼女
mahou shoujo lyrical nanoha strikers sound stage x,3,34,,StrikerSサウンドステージX
dorobou-chan,3,34,,どろぼうちゃん
henjin no salad bowl,3,34,a salad bowl of eccentrics,変人のサラダボウル
ego rock (vocaloid),3,34,,エゴロック
otaku no video,3,34,,おたくのビデオ
angelos armas,3,34,,アンジェロス・アルマス
ramia-yana,3,34,,ラミア・ヤナ
maou-sama retry!,3,34,,魔王様、リトライ!
mf bunko,3,34,,MF文庫J公式キャラコン
dou-da? doing!,3,34,,
texhnolyze,3,34,,テクノライズ
stayblack,3,34,,StayBlack
subete ga f ni naru,3,34,,すべてがFになる
ayumarine 707r,3,34,,あゆまりん707R
hagure yuusha no estetica,3,34,,はぐれ勇者の鬼畜美学
the demonata,3,34,,デモナータ
psychocuties,3,34,,サイコ・ニャシュキ
negaresurrection,3,34,,
ubunchu!,3,34,,ubunchu！
futakoi alternative,3,34,,フタコイオルタナティブ
mizugi kanojo,3,34,,水着彼女
crystania,3,34,,クリスタニア
code lyoko,3,34,,CODEリョーコ
comic colorful bee,3,34,,
peropero saimin,3,34,,ペロペロ催眠
ima soko ni iru boku,3,34,now and then here and there,今、そこにいる僕
starsector,3,34,,
his master's voice,3,34,,ビクター犬
fire flower (vocaloid),3,34,,火の花（ボーカロイド）
n-innocence,3,34,,エヌイノ
wooser no sono higurashi,3,34,,うーさーのその日暮らし
campanella (vocaloid),3,34,,カンパネラ（ボーカロイド）
wander last (vocaloid),3,34,,ワンダーラスト
gakuen handsome,3,34,,学園ハンサム
senkou no clarias,3,34,,閃鋼のクラリアス
overidea,3,34,,Overidea
houkago sai tensei!,3,34,,ほうかご再テンセイ!
yoku wakaru gendai mahou,3,34,modern magic made simple,よくわかる現代魔法
sakura no ame (vocaloid),3,34,,桜ノ雨
yuuguu settai,3,34,,優遇接待~孤島の極楽へようこそ~
megas xlr,3,34,,メガスXLR
tapestry -you will meet yourself-,3,34,,タペストリー_-you_will_meet_yourself-
maou no hajimekata (dmm),3,34,,魔王の始め方
a bathing ape,3,34,,
da capo second season,3,34,,
seiken no faeries,3,34,,聖剣のフェアリース
idol showdown,3,34,,アイドルショーダウン
mitos y leyendas,3,34,,
rizelmine,3,34,,りぜるまいん
blue! (love live!),3,34,,
cross world,3,34,,クロスワールド
fantasia (disney),3,34,,ファンタジア
spectrobes (series),3,34,,
kazoku ~haha to shimai no kyousei~,3,34,,
r-15 (series),3,34,,R-15（シリーズ）
bionic commando,3,34,,バイオニックコマンドー
youtooz,3,34,,
wu dong qian kun,3,34,,武动乾坤
kamisama to unmei (series),3,34,,カミサマからunmei（シリーズ）
reminiscence re:collect,3,34,,回想re：収集
kaizin rumble,3,34,,怪人ランブル
the girl and the robot,3,34,,少女とロボット
clockwork planet,3,34,,クロックワーク・プラネット
a's wonderland,3,34,,エースのワンダーランド
naruto mobile,3,33,,ナルトモバイル
utahime shikkaku (vocaloid),3,33,,歌姫失格
rivals of aether,3,33,,ライバルズオブエーテル
max payne (series),3,33,"max payne 1,max payne 2,max payne 3",マックスペイン
lily ange,3,33,,りりぃあんじぇ
bang bang bang (bbpanzu),3,33,,
tokyo revengers unlimited,3,33,,東京リベンジャーズUNLIMITED
hell maiden,3,33,,地狱公主
ghost in the shell: innocence,3,33,koukaku kidoutai: innocence,イノセンス(攻殻機動隊)
deviantart,3,33,,DeviantArt
itoshiki yume yo izanaite,3,33,,いとしき夢よ_いざないて
princess cafe,3,33,,プリンセスカフェ
sister mermaid,3,33,,シスターマーメイド
polaris chord,3,33,,ポラリスコード
the duskbloods,3,33,,ダスクブラッド
1/7 no mahoutsukai,3,33,,1/7の魔法使い
ruby gillman: teenage kraken,3,33,,ルビー・ギルマン、ティーンエイジ・クラーケン
ichiban kuji,3,33,,一番くじ
aikotoba -silver snow sister-,3,33,,アイコトバSSS
bouryoku banzai,3,33,,暴力万歳
infinite stratos: archetype breaker,3,33,,
choujigen game neptune the animation,3,33,,
metal slug 3,3,33,,メタルスラッグ3
dc powerpuff girls,3,33,,
tonari no neko to koi shirazu,3,33,learning to love my cat-like classmate,となりの猫と恋知らず
houkago saikoro club,3,33,,放課後さいころ倶楽部
dai-kaijuu battle ultra ginga densetsu the movie,3,33,,ウルトラ銀河伝説
momentary lily,3,33,,もめんたりー・リリィ
you left me,3,33,,
zorro,3,33,,怪傑ゾロ
five nights in anime: after hours (fangame),3,33,,
anime tenchou,3,33,,アニメ店長
superstar!! (love live!),3,33,,
tokyo godfathers,3,33,,東京ゴッドファーザーズ
beatmania iidx 23 copula,3,33,,
tsurikichi sanpei,3,33,,釣りキチ三平
tsuihousha shokudou e youkoso!,3,33,,追放者食堂へようこそ!
chiisana kyojin microman: uborg senki 2010,3,33,,小さな巨人ミクロマンユーボーグ戦記2010
kill ao,3,33,kill blue,キルアオ
morbius (movie),3,33,,モービウス
exit trance,3,33,,
koibito doushi de suru koto zenbu,3,33,,こいびとどうしですることぜんぶ
maidloid,3,33,,メイドロイド
deftones (band),3,33,,デフトーンズ
siscon ani to brocon imouto ga shoujiki ni nattara,3,33,,シスコン兄とブラコン妹が正直になったら
beatmania iidx 13 distorted,3,33,,
kira! mankai smile (idolmaster),3,33,,キラッ!満開スマイル
veemusic,3,33,,
lewdness,3,33,,
burn-up w,3,33,,バーンズw
gotcha force,3,33,,ガチャフォース
torikoriko please!!,3,33,,トリコリコPLEASE!!
deadpool 2,3,33,,デッドプール2
tower dungeon,3,33,,タワーダンジョン
avatar (2009 movie),3,33,avatar (movie),アバター（映画）
zenescope,3,33,,
ultraman: the ultimate hero,3,33,,ウルトラマンパワード
felix the cat (series),3,33,,
futuregraph,3,33,,
murcielago,3,33,,ムルシエラゴ
yuukei yesterday (vocaloid),3,33,,夕景イエスタデイ
kokubyaku no avesta,3,33,,黒白のアヴェスター
battle spirits: brave,3,33,,バトルスピリッツブレイヴ
whiplash (aespa),3,33,,
soushuu senshinkan gakuen hachimyoujin,3,33,,相州戦神館學園八命陣
saint seiya: soul of gold,3,33,,黄金魂
l'amour de pierrot,3,33,,
utahime dream,3,33,,ウタヒメドリーム
dimension totsu lovers!!,3,33,,ディメンション凸ラバース!!
battle angel alita: last order,3,33,gunnm: last order,銃夢LastOrder
syanago collection,3,33,,車なごコレクション
lieat,3,33,,lieat
mos burger,3,33,,モスバーガー
escalation,3,33,,
nadeshiko drip,3,33,,
futago matomete kanojo ni shinai?,3,33,,双子まとめて『カノジョ』にしない?
star wars: the rise of skywalker,3,33,,スター・ウォーズ/スカイウォーカーの夜明け
sbi e-sports,3,33,,
dead estate,3,33,,
keifuku-san,3,33,,傾福さん
gitadora,3,33,"drummania,guitarfreaks",ギタドラ
monero,3,33,,
sakura swim club,3,33,,
the aristocats,3,33,,おしゃれキャット
saint seiya: legend of sanctuary,3,33,,聖闘士星矢LEGENDofSANCTUARY
shougun-sama wa otoshigoro,3,33,,将軍様はお年頃
risubokkuri,3,33,,リスボックリ
yuan zun,3,33,dragon prince yuan,元尊
tada-kun wa koi wo shinai,3,33,tada never falls in love,多田くんは恋をしない
"isekai izakaya ""nobu""",3,33,,異世界居酒屋「のぶ」
triangle heart 3 lyrical toy box,3,33,,リリカルおもちゃ箱
eastern and little nature deity,3,33,,東方三月精
rainybluebell,3,33,,RBB描いた
densetsu no stafy,3,33,,伝説のスタフィー
utsuro no hako to zero no maria,3,33,,utsuro no hakoからゼロマリア
parasite (vocaloid),3,33,,パラサイト
himekiss,3,33,,ヒメキス
charamel,3,33,,キャラ☆メル
shutokou battle,3,33,tokyo xtreme racer,首都高バトル
gal to otaku wa wakari aenai.,3,33,,ギャルとオタクはわかりあえない。
gogo sentai boukenger,3,33,,轟轟戦隊ボウケンジャー
angel blade punish,3,33,,エンジェルブレードが罰する
kaminaki sekai no kamisama katsudou,3,33,,神無き世界のカミサマ活動
chokokeki 6 shimai,3,33,,チョコケーキ6姉妹
legendary sword,3,33,,伝説の剣.io
ougon yuusha goldran,3,33,the brave of gold goldran,黄金勇者ゴルドラン
legaia densetsu,3,33,,レガイア伝説
gundam 00f,3,33,,機動戦士ガンダム00F
toriko no shizuku ~natsu no gouka kyakusen de kegasareru otome-tachi~,3,33,,虜ノ雫~夏の豪華客船で穢される処女たち~
kaibutsu-kun,3,33,,怪物くん
aka-san to kyuuketsuki,3,33,,別名-Sanへの九州
asame shinbun,3,33,,朝目新聞
stranger mukou hadan,3,33,sword of the stranger,ストレンヂア無皇刃譚
ochite iku niizuma,3,33,,堕ちていく新妻
jinba,3,33,,人馬
marine benefit,3,33,,東方海恵堂
seraphim call,3,33,,セラフィムコール
yuukyuu no campanella,3,33,,悠久のカンパネラ
gyakuten sekai no denchi shoujo,3,33,,逆転世界ノ電池少女
supreme candy,3,33,,しゅぷれ〜むキャンディ_~王道には王道たる理由があるんです!~
buster dress,3,33,,バスタードレス
hitohira,3,33,,ひとひら
phantasy star i,3,33,,ファンタシースター
sexy mystic survivors,3,33,,
strawberry shortcake (2009),3,33,,
mission: impossible,3,33,,ミッション・インポッシブル
kami wa game ni ueteiru,3,33,gods' games we play,神は遊戯に飢えている。
solwa,3,33,,
dorei himekishi to dorei jijo to no slow life,3,33,,奴隷姫騎士と奴隷侍女とのスローライフ
the girls of armament,3,33,,武装の女の子
isekai sakaba no sextet,3,33,,異世界酒場のセクステット
bugbug,3,33,,bugbug
ixion saga dt,3,33,,イクシオンサーガDT
majokko a la mode 2,3,33,,Majokko a laモード2
ore dake haireru kakushi dungeon,3,33,,俺だけ入れる隠しダンジョン
asanagi no aquanauts,3,33,,浅瀬はアクアノートなし
princess party,3,33,,プリンセスパーティー
marginal skip,3,33,,限界スキップ
hakozume: kouban joshi no gyakushuu,3,33,police in a pod,ハコヅメ~交番女子の逆襲~
attouteki gacha un de isekai wo nariagaru!,3,33,,圧倒的ガチャ運で異世界を成り上がる!
with ribbon,3,33,,ウィズリボン
temptation h,3,33,,誘惑h
rui wa tomo wo yobu,3,33,,るいは智を呼ぶ
tales runner,3,33,,
greed packet unlimited,3,33,,グリードパケット∞
tsukushite ageru no ni!,3,33,,つくしてあげるのに!!
tsuri baka,3,33,,ツーリ・バカ
bitcoin,3,33,,ビットコイン
maschinen krieger,3,33,,マシーネンクリーガー
true blue,3,33,,トゥルーブルー
maid gari,3,33,,メイド狩り
lily love,3,33,,
bravoman (series),3,33,,超絶倫人ベラボーマン
legend of lemnear,3,33,,極黒の翼バルキサス
blue dragon ral omega grad,3,33,,ラルグラド
fullani,3,33,,フルアニ
mahou no tame no shoujo club,3,33,,魔法のための少女クラブ
madan no ou to michelia,3,33,,魔弾の王と凍漣の雪姫
spalding,3,33,,
lacey games,3,32,,レイシーのファンアート
beatcats,3,32,,ビートキャッツ
pokemon: the rise of darkrai,3,32,pokemon m10,ディアルガVSパルキアVSダークライ
sonic: night of the werehog,3,32,sonic night of the werehog,ソニック&チップ
blood the last vampire,3,32,,最後の吸血鬼の血
ikinokore! shachiku-chan,3,32,,いきのこれ!社畜ちゃん
mizuzokusei no mahoutsukai,3,32,,水属性の魔法使い
be proud (love live!),3,32,,be_proud(乙宗梢)
akatsuki yureru koi akari,3,32,,紅月ゆれる恋あかり
debby the corsifa wa makezugirai,3,32,"debby the corsifa is emulous,debyi za korushifa wa makezugirai",デビィ・ザ・コルシファは負けず嫌い
fancy frontier 42,3,32,,
high school dxd operation paradise infinity,3,32,,ハイスクールD×D_Operation_Paradise_Infinity
shin megami tensei: deep strange journey,3,32,shin megami tensei: strange journey redux,ディープストレンジジャーニー
fullmetal alchemist mobile,3,32,,鋼の錬金術師MOBILE
antonymph,3,32,,
letter in orange (arknights),3,32,,酸橙色信笺
jewelpet,3,32,,ジュエルペット(無印)
tsuburaya productions,3,32,,円谷プロダクション
on melancholy hill,3,32,,
korn (band),3,32,,
friday night funkin' vs dave and bambi,3,32,,
sanabi,3,32,,
cat loving (cevio),3,32,cat rubbing (cevio),キャットラビング
juukon sentai juusoldier,3,32,,獣魂戦隊ジュウソルジャー
2dk g pen mezamashidokei,3,32,,2DK、Gペン、目覚まし時計。
"samfree (""night"" songs)",3,32,,
arc raiders,3,32,,
hongmao and lantu,3,32,,虹猫蓝兔七侠传
sissia of the central nation,3,32,,央國のシシア
godzilla vs. megalon (1973),3,32,"godzilla vs. megalon,godzilla vs megalon",ゴジラ対メガロ
under the oak tree,3,32,,橡树之下
boys be maid!,3,32,,ボーイズビーメイド
monty python's flying circus,3,32,,空飛ぶモンティ・パイソン
prima stella,3,32,,プリマ☆ステラ
persona 5 the animation,3,32,,
keikenzumi na kimi to keiken zero na ore ga otsukiai suru hanashi.,3,32,,経験済みなキミと、経験ゼロなオレが、お付き合いする話。
gundam build metaverse,3,32,,ガンダムビルドメタバース
kaiba seichoutsuu (zutomayo),3,32,,海馬成長痛
shin takarajima (song),3,32,,新宝島
zeroera,3,32,,赤潮ZeroERA
ultraman ginga s,3,32,,ウルトラマンギンガS
hanahira!,3,32,,はなひらっ!
rokudenashi blues,3,32,,ろくでなしBLUES
vir2alverse,3,32,,
teikan no eve bethel,3,32,,諦観のイヴ・ベセル
the spongebob squarepants movie,3,32,,スポンジ・ボブ/スクエアパンツ_ザ・ムービー
toki-sensei wa kigaetai,3,32,,時先生は着替えたい
royale high,3,32,,
asha in monster world,3,32,,
boku no natsuyasumi,3,32,,ぼくのなつやすみ
witch's garden,3,32,,ウィッチズガーデン
mingjing fangfu keyi zhanduan chuntian,3,32,,"明镜,仿佛可以斩断春天"
microsoft word,3,32,,
tokyo metro,3,32,,東京メトロ
phantom blood (movie),3,32,,幻影之血(电影)
ginka,3,32,,ギンカ
the queen's gambit,3,32,,クイーンズ・ギャンビット
teenage mutant ninja turtles (idw),3,32,,
medarot 8,3,32,,メダロット8
majo to hyakkihei 2,3,32,,魔女と百騎兵2
kono kaisha ni suki na hito ga imasu,3,32,,この会社に好きな人がいます
vampire blood,3,32,,ヴァンパイア†ブラッド
battleborn,3,32,,バトルボーン
infinity! our wings!!,3,32,,
sweet home maid,3,32,,スイートホームメイド
kari gurashi ren'ai,3,32,,かりぐらし恋愛
the falcon and the winter soldier,3,32,,ファルコン&ウィンター・ソルジャー
the pink panther,3,32,,ピンク・パンサー
sonic the hedgehog 3,3,32,,ソニック・ザ・ヘッジホッグ3
crash bandicoot 4: it's about time,3,32,,
nishui han,3,32,,逆水寒
fuuraiki (series),3,32,,
digimon world 3,3,32,,デジモンワールド3
inside job,3,32,,陰謀論のオシゴト
hand in hand (vocaloid),3,32,,
salon pixiv,3,32,,さろぴく
a deru note,3,32,,A出るノート
chikyuugai shounen shoujo,3,32,the orbital children,地球外少年少女
special thanks (love live!),3,32,,
pathfinder: wrath of the righteous,3,32,,
yiren zhixia,3,32,,一人之下
maigo ni natte kaerenai,3,32,,
nunholy,3,32,,
catulus syndrome,3,32,,かとるすしんどろーむ
kimoota idol yarutteyo,3,32,,キモオタ、アイドルやるってよ
haikei... koroshiya-san to kekkon shimashita,3,32,"haikei koroshiya-san to kekkon shimashita,my lovey-dovey wife is a stone cold killer",拝啓...殺し屋さんと結婚しました
dazzling white town,3,32,,まばゆいばかりの白い町
genjitsu no yohane -numazu in the mirage-,3,32,,
bara no maria,3,32,,薔薇のマリア
yubinotacto,3,32,,ユビノタクト
hoshi to tsubasa no paradox,3,32,starwing paradox,星と翼のパラドクス
koisuru ojou-sama wa papa to yobitakunai,3,32,,恋するお嬢様はパパと呼びたくない
produce 101 japan: the girls,3,32,,プロデュースワンオーワンジャパンザガールズ
science saru,3,32,,株式会社サイエンスSARU
indigo park,3,32,,
godzilla: tokyo s.o.s.,3,32,,ゴジラ×モスラ×メカゴジラ東京SOS
columbo,3,32,,刑事コロンボ
oushitsu kyoushi heine,3,32,the royal tutor,王室教師ハイネ
jibaro (love death + robots),3,32,,
bully (game),3,32,canis canem edit,ブリー
harmonia (key),3,32,,
guild wars 1,3,32,,ギルドウォーズ
no more heroes 2,3,32,,ノーモア★ヒーローズ2
damn reincarnation,3,32,,
saikyou densetsu kurosawa,3,32,,最強伝説黒沢
borderlands 3,3,32,,
konton boogie (vocaloid),3,32,,混沌ブギ
mamayuyu,3,32,,魔々勇々
dragon knight 4,3,32,,ドラゴンナイト4
mimikkoui,3,32,,Mimikkoui
ojou-sama wa sunao ni narenai,3,32,,お嬢様は素直になれない
amaetai hi wa soba ni ite,3,32,,甘えたい日はそばにいて。
hortensia saga,3,32,,オルタンシア・サーガ
drift girls,3,32,,ドリフトガールズ
max anarchy,3,32,,マックスアナーキー
nekogurui minako-san,3,32,,ねこぐるい
kissbell,3,32,,キスベル
the oblongs,3,32,,ジ・オブロングス
roman holiday,3,32,,ローマの休日
ran to haiiro no sekai,3,32,,乱と灰色の世界
nekogami yaoyorozu,3,32,,猫神やおよろず
go to kozukuri,3,32,,GoToコヅクリ
hoshi no otome to rikka no shimai,3,32,,星の乙女と六華の姉妹
up (disney),3,32,,カールじいさんの空飛ぶ家
the dragon prince,3,32,,ドラゴン王子
araburu kisetsu no otome-domo yo.,3,32,,荒ぶる季節の乙女どもよ。
arcana tactics,3,32,,アルカナタクティクス
heart challenger,3,32,,ハートチャレンジャー
alea,3,32,,アレア
aristear remain,3,32,,Aristearは残ります
a priest's journey in a rpg world,3,32,,
kimi to issho ni,3,32,,君と一緒に
tabgraphics,3,32,,Tabgraphics
mario strikers charged,3,32,,マリオストライカーズチャージド
nanako kaitai shinsho,3,32,,菜々子解体診書
lost planet,3,32,,ロストプラネット
love is blind (quzilax),3,32,,らぶいずぶらいんど
meikyuu black company,3,32,,迷宮ブラックカンパニー
ubel blatt,3,32,,ユーベルブラット
omega quintet,3,32,,オメガクインテット
tokyo akazukin,3,32,,東京赤ずきん
love plus plus,3,32,,Love Plus Plus
home alone,3,32,,ホームアローン
sensei! tsugi wa battle no jikan desu.,3,32,,先生!次はバトルの時間です。
drapri guu-ta-life 2,3,32,,竜姫ぐーたらいふ2
poe no ichizoku,3,32,,ポーの一族
madura no tsubasa,3,32,,マドゥーラの翼
kenja no mago,3,32,wise man's grandchild,賢者の孫
omg (newjeans),3,32,,
giant gorg,3,32,,巨神ゴーグ
kirakira monstars,3,32,,キラキラモンスターズ
hikari no 4 senshi,3,32,,ヒカリいいえ4センシ
otenki studio,3,32,,お天気スタジオ
nijiura,3,32,,nijiura
black torch,3,32,,ブラックトーチ
kousoku kidou avatar drive,3,32,,光速軌道アバタードライブ
heisei umare,3,32,,平成生まれ
mahou tsukai sally,3,32,sally the witch,魔法使いサリー
tytania,3,32,,タイタニア
gulliver's travels,3,32,,
kenkyo kenjitsu wo motto ni ikite orimasu,3,32,,謙虚、堅実をモットーに生きております!
kanahei no shoudoubutsu,3,32,,カナヘイの小動物
under the greenlight,3,32,,
kiss ato kiss will change my relation with you,3,32,,キス・アト・キスはあなたとの私の関係を変えるでしょう
baby steps,3,32,,ベイビーステップ
unemployed gye baeksoon,3,31,,
how the grinch stole christmas!,3,31,how the grinch stole christmas,グリンチ
otomeroid (pink bitch club),3,31,,
ramen daisuki koizumi-san,3,31,ms. koizumi loves ramen noodles,ラーメン大好き小泉さん
yozakura kitan,3,31,,夜桜姫譚
sanda (itagaki paru),3,31,,
charlie and the chocolate factory,3,31,,チャーリーとチョコレート工場
sakura no kumo scarlet no koi,3,31,,さくレット
cyborg kuro-chan,3,31,,サイボーグクロちゃん
light up,3,31,,らいとあっぷ
gundam silhouette formula 91,3,31,,シルエットフォーミュラ91
q-lia,3,31,,クーリア
primadonna (hoshimachi suisei),3,31,,プリマドンナ
houou project,3,31,,
god eater resonant ops,3,31,,ゴッドイーターレゾナントオプス
ai no wakakusa monogatari,3,31,,愛の若草物語
imawanokiwa (vocaloid),3,31,,
comitia 155,3,31,,コミティア155
youchien wars,3,31,kindergarten wars,幼稚園WARS
sofia the first,3,31,,ちいさなプリンセスソフィア
yoru ni kakeru,3,31,,夜に駆ける
william tell (legend),3,31,,
okiraku ryoushu no tanoshii ryouchi bouei ~seisan-kei majutsu de na mo naki mura wo saikyou no jousai toshi ni~,3,31,,お気楽領主の楽しい領地防衛
artisul,3,31,,
boyish kanojo ga kawaisugiru,3,31,,ボーイッシュ彼女が可愛すぎる
the lovers (studio heartbreak),3,31,,
hatsune miku japan tour 2025 ~blooming~,3,31,,初音ミクJPツアー2025
touhou lensed night sky kaseigai,3,31,,
saints row: the third,3,31,,セインツロウ：3番目
castlevania: curse of darkness,3,31,,悪魔城ドラキュラ闇の呪印
8chan,3,31,,
p.a. works,3,31,,株式会社ピーエーワークス
comedian (artwork),3,31,,コメディアン
yubikiri kon'yaku lolita,3,31,yubikiri konyaku roriita,
six heart princess,3,31,,シックスハートプリンセス
bloodstained: curse of the moon,3,31,,
chikyuu boei kigyou dai-guard,3,31,dai-guard,地球防衛企業ダイ・ガード
shinmai renkinjutsushi no tenpo keiei,3,31,management of a novice alchemist,新米錬金術師の店舗経営
arena breakout,3,31,,アリーナブレイクアウト
hal laboratory,3,31,,ハル研究所
taimanin kurenai,3,31,,対魔忍紅
rotaeno,3,31,,
sonic runners,3,31,,ソニックランナーズ
loveit (vocaloid),3,31,,ラヴィット
olympia soiree,3,31,,オランピアソワレ
compass (mili),3,31,,
doro no bunzai de watashi dake no taisetsu wo ubaou da nante,3,31,,泥の分際で私だけの大切を奪おうだなんて
ano yo iki no bus ni notte saraba,3,31,,あの世行きのバスに乗ってさらば。
pokemon art academy,3,31,,ポケモンアートアカデミー
electronic arts,3,31,,
gurumin,3,31,,ぐるみん
witoru,3,31,,witoru
gyakushuu (series),3,31,,虐襲
the war of genesis iii,3,31,war of genesis iii,創世記IIIの戦争
todo no tsumari no uchoten,3,31,,とどのつまりの有頂天
shoujo manga shujinkou x rival-san,3,31,,
ruby gloom,3,31,,ルビー・グルーム
astraea record,3,31,,アストレア・レコード
blue protocol,3,31,,ブループロトコル
39 music (vocaloid),3,31,,39みゅーじっく!
the amazing spider-man,3,31,,アメイジング・スパイダーマン
kyoufu garden (vocaloid),3,31,,恐怖ガーデン
honkou no zen joshi seito no ue no kuchi to shita no kuchi wa nakayoshi houdai datte shitteru no wa ore dake?! sono 2,3,31,,
jak and daxter,3,31,,ジャックンダクスター
girls und panzer momi no ki to tetsu no hane no majo,3,31,,ガールズ&パンツァー樅の木と鉄の羽の魔女
arafoo otoko no isekai tsuuhan seikatsu,3,31,the daily life of a middle-aged online shopper in another world,アラフォー男の異世界通販生活
venus blood -frontier-,3,31,,金星の血液 - フロンチ -
nansou satomi hakkenden,3,31,,南総里見八犬伝
bleach: memories of nobody,3,31,,漂白剤：誰の思い出も
sakura ignoramus,3,31,,サクライグノラムス
snail's house,3,31,snails house,
gotham (series),3,31,,ゴッサム
kegareboshi,3,31,,ケガレボシ
saint seiya: next dimension,3,31,,ネクストディメンション
rakuraku anrakushi (vocaloid),3,31,,らくらく安楽死
mary poppins,3,31,,メリー・ポピンズ
hana uta memoire,3,31,,花唄メモワール
the smurfs,3,31,,スマーフ
coxville stories,3,31,,
street fighter i,3,31,,ストリートファイターI
sonic the hedgehog (satam),3,31,,
12tailsonline,3,31,,
euro 2024,3,31,,ユーロ2024
oni (game),3,31,,
resident evil: resistance,3,31,,バイオハザードレジスタンス
yuusha mushoku,3,31,,勇者無職
housekishou no maid,3,31,,宝石商のメイド
gariben girl v,3,31,,ガリベンガーV
net ghost pipopa,3,31,,ネットゴーストPIPOPA
fuan no tane,3,31,,不安の種
youkai watch world,3,31,,妖怪ウォッチワールド
taimanin asagi 3,3,31,,対魔忍アサギ3
for the barrel,3,31,,フォー・ザ・バレル
2022 winter olympics,3,31,,北京オリンピック
tabun owari (vocaloid),3,31,,たぶん終わり
pixiv gakuen,3,31,,ぴくがく
onna kishi to kemonomimi no ko,3,31,,女騎士とケモミミの子
the adventures of lord el-melloi ii,3,31,,ロード・エルメロイII世の冒険
communist party of china,3,31,,中国共産党
maou toubatsu shita ato medachitakunai node guild master ni natta,3,31,,魔王討伐したあと、目立ちたくないのでギルドマスターになった
band yarouze!,3,31,,バンやろ
overtake!,3,31,,オーバーテイク!
vampire savior: the lord of vampire,3,31,,ヴァンパイアセイヴァーロードオブヴァンパイア
orthodoxia (vocaloid),3,31,,
mahou chuunen ojimajo 5,3,31,,おじまじょ5
hina logi - from luck & logic,3,31,,ひなろじ
baba is you,3,31,,
the last unicorn,3,31,,最後のユニコーン
touhou sky arena,3,31,,Touhou Sky Arena
matrimelee,3,31,,新豪血寺一族闘婚-Matrimelee-
ms. parker (comic),3,31,,
akai katana,3,31,,赤い刀
houkago ren-ai club,3,31,,放課後恋愛クラブ
sakura bitmap,3,31,,さくらビットマップ
kyuukyuu kyuumei caduceus 2,3,31,trauma center: under the knife 2,救急救命カドゥケウス2
comic juicy,3,31,,
days (kagerou project),3,31,,日（kagerouプロジェクト）
e? aa sou. (vocaloid),3,31,,え?あぁ、そう。
journey to the west (1986 tv series),3,31,,86版西游记
shuujin/kami hikouki (vocaloid),3,31,,囚人と紙飛行機
mama ni aitai,3,31,,ママにあいたい
hungry days,3,31,,アオハルかよ
dark chronicle,3,31,,ダーククロニクル
gobots,3,31,,ゴーボッツ
gundam burai,3,31,,機動戦史ガンダム武頼
infinite fleet,3,31,,
arsenal fc,3,31,,
char's daily life,3,31,,シャアの日常
izone,3,31,,アイズワン
oshiete miko sensei ni,3,31,,
endless library,3,31,,無限のライブラリ
blaster master zero 2,3,31,,
pokemon duel,3,31,,ポケモンコマスター
transformers: age of extinction,3,31,,
shinmai maou no testament burst,3,31,,新妹魔王の契約者BURST
shooting girl,3,31,,シューティングガール
granatha eternal,3,31,,グラナタ・エターナル
live on cardliver kakeru,3,31,,ライブオン
hana x hana,3,31,,花×華
youkai gakkou no sensei hajimemashita!,3,31,a terrified teacher at ghoul school!,妖怪学校の先生はじめました!
animator vs. animation,3,31,,アニメーターvsアニメーション
air master,3,31,,エアマスター
akai ibara,3,31,,アカイ・イバラ
inshitsu otaku ni ikareru imouto (kanojo),3,31,,陰湿オタクにイカれる妹(彼女)
haishin,3,31,,廃深
limbo (game),3,31,,リンボ（ゲーム）
gedo senki,3,31,,ゲド戦記
jackie chan adventures,3,31,,ジャッキー・チェン・アドベンチャー
connectopia,3,31,,こねくとぴあ
megadeth,3,31,,メガデス
deathblight,3,31,,
hakaba kitarou,3,31,,墓場鬼太郎
dragon maker,3,31,,ドラゴンメーカー
daiuchuu no hokori,3,31,,daiuchuu no hokori
futari escape,3,31,,ふたりエスケープ
taiyou no promia,3,31,,太陽のプロミア
dancing blade,3,31,,かってに桃天使!
rideback,3,31,,ライドバック
albatrosicks,3,31,,アルバトロシックス
figu@mate,3,31,,ふぃぎゅ@メイト
strawberry nauts,3,31,,ストロベリーノーツ
maebari teikoku no gyakushuu,3,31,,Maebari Teikoku No Gyakushuu
nurse no obenkyou,3,31,,看護師はobenkyouをしません
mine fukaki se ni tayutau uta,3,31,,峰深き瀬にたゆたう唄
omakase! trouble angel,3,31,,おまかせ!とらぶる天使
newmanoid,3,31,,ニューマノイド
shakugan no shana-tan,3,31,,灼眼のシャナたん
kara no shoujo 2,3,31,,虚ノ少女
d1 grand prix,3,31,,D1グランプリ
konna ko ga itara boku wa mou,3,31,,こんな娘がいたら僕はもう...!!
boku to kanojo ni furu yoru,3,31,,ぼくと彼女に降る夜
transformers: the last knight,3,31,,
37.5c no fantasy,3,31,,37.5°Cのファンタジー
makai gakuen catastrophe,3,31,,魔界学園カタストロフィ
sakuragi gakuen iyashi-bu,3,31,,桜木学園癒やし部
anetomo,3,31,,アネトモ
in stars and time,3,31,,イン・スターズ・アンド・タイム
date crush stories,3,31,,デートクラッシュストーリー
fermion,3,31,,フェルミオン
pixiv forest,3,31,,Pixiv Forest
kurokishi to shiro no maou,3,31,,黒騎士と白の魔王
love marginal,3,31,,限界が大好きです
glasslip,3,31,,グラスリップ
bahamut greed,3,31,,バハムートグリード
innocent bullet,3,31,,罪のない弾丸
nyan cafe macchiato,3,31,,Nyan Cafe Macchiato
the witcher 2,3,30,,ウィッチャー2
the human centipede,3,30,,ムカデ人間
hama no miko,3,30,,破魔の巫女
magicleaders,3,30,,曼奇立德
bluecoat agency,3,30,,
wangan midnight,3,30,,湾岸ミッドナイト
dies irae pantheon,3,30,,
magical witch academy,3,30,,マジカルウィッチアカデミー
fly my wings,3,30,,
nintendogs,3,30,,ニンテンドッグス
brat (charli xcx),3,30,,
didnapper,3,30,,
ultra galaxy fight: the destined crossroad,3,30,,ウルトラギャラクシーファイト運命の衝突
tongari boushi no memoru,3,30,little memole,とんがり帽子のメモル
"fuguushoku ""kanteishi"" ga jitsu wa saikyou datta",3,30,,不遇職【鑑定士】が実は最強だった
last cloudia,3,30,,
chaos angels,3,30,,カオスエンジェルズ
spider-man: far from home,3,30,,スパイダーマン:ファー・フロム・ホーム
battlefield 6,3,30,,バトルフィールド6
70s robot anime geppy-x,3,30,,
limp bizkit,3,30,,
izigenia,3,30,,イジゲニア
another cup (synthesizer v),3,30,,
josou sanmyaku,3,30,,女装山脈
pou (game),3,30,,
parks and recreation,3,30,,パークス・アンド・レクリエーション
wish you were here,3,30,,あなたがここにいたらいいのにと思う
stop burying me alive beautiful!,3,30,,
l.u.v (idolmaster),3,30,,
yappa tenshi!,3,30,,やっぱ天使!
saimin douga de namaiki namanushi ga nama iki suru namahousou,3,30,,
zwei!!,3,30,zwei: the arges adventure,ツヴァイ!!
superbunny's adventure,3,30,,
i have no mouth and i must scream,3,30,,
bokujou monogatari: wonderful life,3,30,,ワンダフルライフ
keep talking and nobody explodes,3,30,,完全爆弾解除マニュアル
kakuriyo no mon,3,30,,かくりよの門
ikemen villain,3,30,,イケメンヴィラン
dead or alive 2,3,30,,デッドオアアライブ2
rekka no honoo,3,30,,烈火の炎
daisuki dattara daijoubu!,3,30,,ダイスキだったらダイジョウブ!
tonari no princess rolfee,3,30,,となりのプリンセスRolfee
ase kaichatta ne cesario (vocaloid),3,30,,汗かいちゃったね、シーザリオ
watari-kun no xx ga houkai sunzen,3,30,,渡くんのXXが崩壊寸前
navy field 152,3,30,,海軍フィールド152
meet the neighbors,3,30,,
chokotto vampire!,3,30,,チョコットヴァンパイア！
balloon fight,3,30,,バルーンファイト
in'youchuu shoku,3,30,,in'youchuu shoku
nakitai watashi wa neko wo kaburu,3,30,a whisker away,泣きたい私は猫をかぶる
harriet the spy,3,30,,ハリエットザスパイ
adventure time: distant lands,3,30,,
play! play! play!,3,30,,
yume de yozora wo terashitai,3,30,,夢で夜空を照らしたい
onna maou melissa no h na boukenki,3,30,,女魔王メリッサのHな冒険記
siam neko azukisan,3,30,,シャム猫あずきさん
puss in boots (fairy tale),3,30,,長靴をはいた猫
ane wa yanmama junyuu-chuu,3,30,,義姉はヤンママ授乳中
ao no orchestra,3,30,blue orchestra,青のオーケストラ
the adventures of pinocchio,3,30,,ピノッキオの冒険
cara tesoro,3,30,,
herron house (series),3,30,,
cow & chicken,3,30,,カウ&チキン
sengoku enbu -kizna-,3,30,,戦国炎舞-KIZNA-
sucker for love: date to die for,3,30,,
the marvelous misadventures of flapjack,3,30,,フラップジャック
mahou shoujo tiatia channel,3,30,mahou shoujo chia chia channel,
panzer dragoon orta,3,30,,Panzer Dragoon Orta
obake no ukenerai (vocaloid),3,30,ghosts play to the audience (vocaloid),おばけのウケねらい
logitech,3,30,,ロジクール
eiyuuou bu wo kiwameru tame tenseisu: soshite sekai saikyou no minarai kishi,3,30,reborn to master the blade: from hero-king to extraordinary squire,英雄王、武を極めるため転生す
the mask,3,30,,マスク(映画)
liverpool fc,3,30,,
shenmue i,3,30,,
luca (pixar),3,30,,あの夏のルカ
rikka koukou marching band e youkoso,3,30,,立華高校マーチングバンドへようこそ
okusama ga seito kaichou!,3,30,,おくさまが生徒会長
robots & lace,3,30,,
americano exodus,3,30,,アメリカーノ・エクソダス
battlefield 1942,3,30,,バトルフィールド1942
super milk-chan,3,30,,スーパーミルクちゃん
hen na ie (uketsu),3,30,,変な家
partner,3,30,,相棒
requiem for the phantom,3,30,,ファントムのレクイエム
sengoku basara 3,3,30,,戦国BASARA3
rozen maiden traumend,3,30,,
volt tackle (vocaloid),3,30,,ボルテッカー
kimi to tsunagaru koi flag,3,30,,君とつながる恋フラグ
b-gata h-kei,3,30,,びーがたえっちけい
ningyou no kuni,3,30,aposimz,人形の国
kaitori oukoku,3,30,,買取王国
ano ko wa chuunibyou tenshi!!,3,30,,あの娘は中二病天使!!
dyogrammaton,3,30,,ジオグラマトン
dokodemo dungeon,3,30,,
sparks (takanashi kiara),3,30,,
horrortale,3,30,,
kiwami-highlow,3,30,,
mixue,3,30,,蜜雪冰城
hajimari no kioku,3,30,,ネフェロマキオン
tower of hanoi,3,30,,タワハノ腐
gakkou no seiiki,3,30,,学校のセイイキ
sangoku hime 4,3,30,,三極姫4~天下繚乱天命の恋絵巻~
meikou gijuku,3,30,,Meikou Gijuku
kaizoku ookoku koronbusu,3,30,,海賊王国コロンブス
xiong xiaobai,3,30,,叫我熊小白
solidus,3,30,,ソリッド
hataraku otona no ren'ai jijou 2,3,30,,働くオトナの恋愛事情2
ecchi na bunny-san wa kirai? 2,3,30,,エッチなバニーさんは嫌い?2
pause (dhiea),3,30,,
ragnarok the animation,3,30,,ラグナロクジアニメーション
henjo ~hen na joshi kousei amaguri senko~,3,30,,変女
bobanon,3,30,,
yuki koi melt,3,30,,ゆきこいめると
wolfwalkers,3,30,,ウルフウォーカー
momohime ryouran! sengoku asuka,3,30,,百姫繚乱!戦国アスカ
guardian cross,3,30,,ガーディアン・クルス
sukumizu tabehoudai,3,30,,スクミズ・タベフーダイ
weekender girl (vocaloid),3,30,,
monster monster,3,30,,モンスター★モンスター
sos (idolmaster),3,30,,
samurai 7,3,30,,サムライ7
reijou kanritou ~seifuku shoujo-tachi no sakunyuu reizokuki~,3,30,,隷嬢管理棟~制服少女たちの搾乳隷属記~
power pack,3,30,,
tonde buurin,3,30,,とんでぶーりん
turma da monica,3,30,,Turma Da Monica
atelier iris grand phantasm,3,30,,イリスのアトリエグランファンタズム
mahou shoujo tai arusu,3,30,tweeny witches,魔法少女隊アルス
counter-strike online,3,30,,
eretzvaju,3,30,evil zone,封神領域エルツヴァーユ
super robot wars f,3,30,,スーパーロボット大戦F
3ping lovers!,3,30,,3Ping_Lovers!☆一夫二妻の世界へようこそ♪
ningyo numa,3,30,,人魚沼
arachnid (series),3,30,,アラクニド
juniper's knot,3,30,,ジュニパーの結び目
yamada-san wa tottemo baka nan desu,3,30,,山田さんはとっても馬鹿なんです
hakunetsu! puyolympic!,3,30,,
memories of emanon,3,30,,おもいでエマノン
teriyaki (synthesizer v),3,30,,テテテテリテリテテテテリヤキ
hellraiser,3,30,,ヘルレイザー
idol project,3,30,,アイドルプロジェクト
gundam combat,3,30,,ガンダムコンバット
uchuu no senshi,3,30,starship troopers (anime),宇宙の戦士
walking dream,3,30,,
kodoku no hate (vocaloid),3,30,,孤独の果て
yoru no nai kuni 2,3,30,,よるのないくに2
zombie loan,3,30,,ゾンビローン
touhakuden,3,30,,董白伝~魔王令嬢から始める三国志~
takahashi meijin no bug-tte honey,3,30,,高橋名人のbugってハニー
presence,3,30,,プレゼンス
mazinkaiser skl,3,30,,マジンカイザーSKL
tengaku (vocaloid),3,30,,天樂
zanki zero,3,30,,ザンキゼロ
kardia tou abel,3,30,,牧羊人の心
zoids wild,3,30,,ゾイドワイルド
reason!! (idolmaster),3,30,,理由！！ （Idolmaster）
atelier iris eternal mana,3,30,,イリスのアトリエエターナルマナ
anime-tamae! tensei no miko,3,30,,あにめたまえ!天声の巫女
twin milf,3,30,,ツインミルフ
a-1 pictures,3,30,,株式会社A-1Pictures
parallel akiba gakuen,3,30,,ぱられるAKIBA学園
magia break,3,30,,マギアブレイク
minikui mojika no ko,3,30,,みにくいモジカの子
tiny toon adventures,3,30,,タイニー・トゥーンズ
lunaria -virtualized moonchild-,3,30,,
green green,3,30,,グリーングリーン
monsterhentai,3,30,,モンステルタイ
onee-chan no te wo totte,3,30,,お姉ちゃんの手を取って
archaic sealed heat,3,30,,アルカイックシールドヒート
guro cure,3,30,,グロキュア
yume tsukai,3,30,,夢使い
inshuu bijutsubu kouhai nude model to okiteyaburi no sex ga shitai,3,30,,淫習美術部後輩ヌードモデルと掟破りの青春がしたい
jk imouto.,3,30,,
xcom 2,3,30,,
muchimuchi dakara mukumuku shita ~osananajimi to no sugoshikata~,3,30,,ムチムチだからムクムクした~幼なじみとの過ごし方~
gaifu kaisei,3,30,,凱風快晴
hinnyuu kyonyuu history,3,30,,貧乳巨乳ヒストリー
circlet princess,3,30,,サークレット・プリンセス
heal & squeeze,3,30,,癒しと絞ります
junjou karen freaks! -freaks romanticism-,3,30,,純情化憐フリークス!
semiramis no tenbin,3,30,,セミラミスの天秤
shiranai love oshiete love,3,30,,シラナイはオシエテの愛を愛しています
sakura spirit,3,30,,さくらの精神
only sense online,3,30,,オンリーセンス・オンライン
saimin enbu,3,30,,催眠演舞
moriah saga,3,30,,モリア・サガ
ma-ko hunter,3,30,,Ma-ko Hunter
microsoft edge,3,29,,
v for vendetta,3,29,,Vフォー・ヴェンデッタ
re:if kara hajimeru isekai seikatsu,3,29,,Re:IFから始める異世界生活
uta no princess-sama back to the idol,3,29,,うたの☆プリンセスさまっ♪BACK_to_the_IDOL
ace combat x,3,29,,エースコンバットX
marvel noir,3,29,,
blaster master zero 3,3,29,,
dance dance,3,29,,ダンスダンス
mao mao: heroes of pure heart,3,29,,マオマオピュアハートのヒーロー
omen of the stars,3,29,,星预言
honjitsu no urabe-san to,3,29,,本日の卜部さんと
disney sparklink stars,3,29,,スパリク
castlevania: bloodlines,3,29,,バンパイアキラー
blue's clues,3,29,,ブルーズ・クルーズ
koori no jouheki,3,29,the ramparts of ice,氷の城壁
hoyohoyo ni shite ageru,3,29,,
ozigiri,3,29,,ずほ
only you,3,29,,あなただけ
only you recross,3,29,,あなただけがレクロスします
geometry dash,3,29,,
manchester united,3,29,,マンチェスター・ユナイテッド
dead plate,3,29,,
sonic advance 3,3,29,,ソニックアドバンス3
hoshi no kirby: mugen no haguruma o sagase!,3,29,"kirby's dreamy gear,kirby and the search for the dreamy gears!",星のカービィ_夢幻の歯車を探せ!
9s (yamamoto yamato),3,29,,ナインエス
iron man (2008),3,29,,アイアンマン(映画)
whiplash (2014 movie),3,29,,セッション
noora to toki no koubou,3,29,,ノーラと刻の工房
how to live as a writer in a fantasy world,3,29,,
arisou de nasa sou,3,29,,ありそうでNASA荘
pixel princess blitz,3,29,,ピクセル・プリンセス・ブリッツ
kaishoku rinne,3,29,,
stargate (series),3,29,,
zettai ni chocomint wo taberu aoi-chan (voiceroid),3,29,,絶対にチョコミントを食べるアオイチャン
yadamon,3,29,,ヤダモン
glorious day (vocaloid),3,29,,
akaiv studio,3,29,,
ninja senshi tobikage,3,29,ninja robots tobikage,忍者戦士飛影
towa and the guardians of the sacred tree,3,29,,トワと神樹の祈り子たち
monster girl dreams,3,29,,
zutto issho,3,29,,ずっといっしょ
hikikomori no ore ga kawaii guild master ni sewa wo yakaremakuttatte betsu ni ii darou?,3,29,,ひきこもりの俺がかわいいギルドマスターに世話を焼かれまくったって別にいいだろう?
hatsune tenchikaibyaku shinwa (vocaloid),3,29,hatsune creation myth (vocaloid),初音天地開闢神話
kimi to board game ga tsukuritai!,3,29,,きみとボドゲが作りたい!
beatmania iidx 18 resort anthem,3,29,,
clockup,3,29,,
mario & luigi: paper jam,3,29,,マリオ&ルイージRPG_ペーパーマリオMIX
cocoppa dolls,3,29,,ココッパドール
overdose (natori),3,29,,
hanamakura,3,29,,華枕
oide yo! ishikawa daikanko,3,29,,おいでよ!石川大観光
88kasyo junrei,3,29,,八十八ヶ所巡礼
black torch (takaki tsuyoshi),3,29,,ブラックトーチ
sonic triple trouble,3,29,,ソニック&テイルス2
virtopia club,3,29,,
touhouken bunroku (game),3,29,,東方見文録
yellow magic orchestra,3,29,,イエロー・マジック・オーケストラ
wo jia da shixiong naozi you keng,3,29,,我家大师兄脑子有坑
ikigusare,3,29,,イキグサレ
saikyou tank no meikyuu kouryaku ~tairyoku 9999 no rare skill-mochi tank yuusha party wo tsuihou sareru~,3,29,the strongest tank's labyrinth raids,最強タンクの迷宮攻略
iwashi ga tsuchi kara haetekurun da (utau),3,29,,イワシがつちからはえてくるんだ
aikurushii (idolmaster),3,29,,あいくるしい
self control!!,3,29,,
monster hunter portable 2nd g,3,29,,モンスターハンターポータブル2ndG
zwei 2,3,29,zwei: the ilvard insurrection,ツヴァイ2
pokemon world championships 2014,3,29,video game championships 2014,
the ninja warriors,3,29,the ninja saviors,ニンジャウォーリアーズ
puchiguru love live!,3,29,,ぷちぐるラブライブ!
anti the infinite holic (vocaloid),3,29,,無限のホリック（ボーカロイド）
emerald dragon,3,29,,エメラルドドラゴン
silent hill: homecoming,3,29,silent hill homecoming,サイレントヒルホームカミング
sorae...,3,29,,
river city girls 2,3,29,,リバーシティガールズ2
yomiuri land,3,29,,よみうりランド
song of time,3,29,,时之歌
harry potter and the deathly hallows,3,29,,死の秘宝
smell (nagabe),3,29,,
petit planet,3,29,,プチプラネット
razz production,3,29,,ラズプロ
toriko no shirabe -refrain- chouritsu sareru otome-tachi to onna kyoushi,3,29,,虜ノ旋律―refrain―調律される処女たちと女教師
specialite en,3,29,,すぺしゃりてEN
phenomeno,3,29,,フェノメノ
neko no teach-kun,3,29,,ねこのティーチくん
zettaiteki lover,3,29,,絶対的LOVER
itazura sensou ~chiisana ritou no monogatari~,3,29,,
boku no chikyuu o mamotte,3,29,,ぼくの地球を守って
aztec mythology,3,29,,アステカ神話
fancy frontier 33,3,29,,
plastic little,3,29,,プラスチックリトル
kishou seireiki,3,29,,気象精霊記
kiseki musubi,3,29,,キセキ結び
kaijin kaihatsubu no kuroitsu-san,3,29,,怪人開発部の黒井津さん
ryuu ga gotoku 6,3,29,,龍が如く6
planet of the apes,3,29,,猿の惑星
el viento,3,29,,エル・ヴィエント
juan siliang,3,29,,眷思量
urami koi koi urami koi.,3,29,,恨み来、恋、恨み恋。
drawga,3,29,,
rocko's modern life,3,29,,ロッコーのモダンライフ
lost (sound horizon),3,29,,
nejimaki kagyuu,3,29,,ねじまきカギュー
buddy mission bond,3,29,,バディミッションBOND
baumkuchen endroll (vocaloid),3,29,,バゥムクゥヘン・エンドロゥル
ninja hattori-kun,3,29,,忍者ハットリくん
ikinari anata ni koishiteiru,3,29,,いきなりあなたに恋している
comic milf,3,29,,コミックミルフ
monstar (company),3,29,,惡獸時代
yumemiru prima girl,3,29,,夢見るプリマ・ガール!
dead or alive 4,3,29,,デッドオアアライブ4
cookie run: ovensmash,3,29,,
chii-chan kaihatsu nikki,3,29,,ちーちゃん開発日記
zettai meikyuu grimm,3,29,,絶対迷宮グリム
otacool,3,29,,otacool
matsuribayashi-hen,3,29,,
sex life,3,29,,セックスライフ
ren'ai shimasen ka?,3,29,,恋愛しませんか
rance quest magnum,3,29,,
kuusen otome sky valkyries,3,29,,空戦乙女-スカイヴァルキリーズ-
beat eater (vocaloid),3,29,,
ntt docomo,3,29,,NTTドコモ
ryuudouji shimon no inbou,3,29,,龍堂寺士門の淫謀
pieces / yurikago no canaria,3,29,,ピース / Yurikagoカナリアなし
mixels,3,29,,
carmen sandiego (series),3,29,,怪盗カルメンサンディエゴ
yoyogi mori,3,29,,
mix (manga),3,29,,MIX(あだち充)
wii sports,3,29,,
mmr magazine mystery chousa han,3,29,,MMRマガジンミステリーチョーサハン
kageki shoujo!!,3,29,,かげきしょうじょ!!
mouretsu atarou,3,29,,もーれつア太郎
stray little devil,3,29,,迷った小さな悪魔
reijou mob! (love live!),3,29,,令嬢モブ!
hello hello world!,3,29,,ハローハローワールド
kiss nante dekinai desho? to chouhatsu suru namaikina osananajimi wo wakara sete yattara yosouijou ni dereta,3,29,,「キスなんてできないでしょ?」と挑発する幼馴染みをわからせてやったら、予想以上にデレた
muteki robo trider g7,3,29,,無敵ロボトライダーG7
a way out,3,29,,逃げ道
tokyo tenma,3,29,,TOKYO天魔
mugen no ryvius,3,29,,無限のリヴァイアス
kasshoku danchi e youkoso,3,29,,褐色団地へようこそ♪
outlanders,3,29,,アウトランダーズ
happinesscharge precure! ningyou no kuni no ballerina,3,29,,映画ハピネスチャージプリキュア!人形の国のバレリーナ
tenet (movie),3,29,,
gals!,3,29,,超GALS!寿蘭
saga 3,3,29,,サガ3時空の覇者
sausage legend,3,29,,ソーセージレジェンド
ni no kuni,3,29,,二ノ国
project gen2,3,29,,プロジェクトGEN2
nyaruru fishy fight,3,29,,咸鱼喵喵
getcha! (vocaloid),3,29,,
monogoi no succubus oyako o mitsuketakara ijimete yaru koto ni shita ww,3,29,,物乞いのサキュバス母娘を見つけたから苛めてやることにしたWw
makai tenshi djibril 3,3,29,,魔界天使ジブリール3
shadow lady,3,29,,シャドウレディ
quiz quest,3,29,,クイズクエスト
gensou otome no okashi na kakurega,3,29,,幻想乙女のおかしな隠れ家
midori no umi,3,29,,翠の海
agrias-san to love love lesson,3,29,,愛のレッスンを愛するagrias-san
real robot regiment,3,29,,リアルロボットレジメント
minami-kamakura koukou joshi jitensha-bu,3,29,,南鎌倉高校女子自転車部
kongai,3,29,,コンガイ
growlanser v,3,29,,グローランサーV
school project,3,29,,Schoolぷろじぇくと☆
noushou sakuretsu girl (vocaloid),3,29,,脳漿炸裂ガール
tokimeki memorial only love,3,29,,ときめきメモリアルOnlyLove
kantoku collection,3,29,,カントクコレクション
mesopota,3,29,,迷走ポタージュ
feel young,3,29,,フィール・ヤング
ookamikakushi,3,29,,おおかみかくし
ayanami raising project,3,29,,綾波育成計画withアスカ補完計画
msv-r: the return of johnny ridden,3,29,,ジョニー・ライデンの帰還
denji sentai megaranger,3,29,,電磁戦隊メガレンジャー
illusion soft,3,29,,
sigil gates,3,29,,
pumpkin night,3,29,,パンプキンナイト
color works,3,29,,色が機能します
blaseball,3,29,,ブランズボール
kurama-chan ni guitte shitara pisha tte sareta,3,29,,くらまちゃんにグイってしたらピシャってされた!
densha otoko,3,29,,電車男
tencent qq,3,29,,腾讯QQ
weapon girls,3,29,,ウエポンガールズ
yubisaki milk tea,3,29,,ゆびさきミルクティー
miyamoto sakura ga kawaii dake no shousetsu,3,29,,宮本サクラが可愛いだけの小説の漫画。
osu! tatakae! ouendan 2,3,29,,OSU！ターカエ！ Ouendan 2
jk taimabu,3,29,,JK退魔部
rainbow parakeet,3,29,,七色いんこ
reki connect,3,29,,レキシトコネクト
fantasista (arcade),3,29,,ファンタジスタ
ace wo nerae!,3,29,,エースをねらえ!
hikuushi series,3,29,,hikuushiシリーズ
starhorse pocket,3,29,,スタポケ
lovely aina-chan,3,29,,らぶりー♡
kakusei avenger,3,29,,カクセイアベンジャー
revenge of dragoon,3,29,,リベンジオブドラグーン
cross regalia,3,29,,クロス×レガリア
orichalcum reycal duo,3,29,,オリハルコンレイカルDUO
yuri ni hasamaru otoko wa shineba ii!?,3,29,boys gilding the lily shall die!?,百合にはさまる男は死ねばいい!?
niizuma wa serafuku,3,29,,に~づまはセーラー服
mahou shoujo ikusei keikaku black,3,28,,魔法少女育成計画「黒(ブラック)」
change ring (series),3,28,,
gasaraki,3,28,,ガサラキ
triple triad,3,28,,トリプルトライアド
godzilla vs. mechagodzilla ii,3,28,godzilla vs. mechagodzilla (1993),ゴジラvsメカゴジラ
animal hospital (roblox),3,28,,
t+pazolite,3,28,,
dc x sonic the hedgehog,3,28,,
godzilla (1954 movie),3,28,,初代ゴジラ
godiva chocolatier,3,28,,ゴディバ
dal segno,3,28,d.s. -dal segno-,
fundamental paper education,3,28,,
an an,3,28,,an・an
moeken,3,28,,
leia (vocaloid),3,28,,
emoechi pro,3,28,,えもえちプロダクション
shama (vocaloid),3,28,,紗痲
interview with the vampire,3,28,,夜访吸血鬼
comp ace,3,28,,コンプエース
vivaria virtual,3,28,,
pokemon the movie: diancie and the cocoon of destruction,3,28,pokemon m17,ポケモン・ザ・ムービーXY
street fighter ii: the animated movie,3,28,,ストリートファイター_II_MOVIE
buru x karu,3,28,,ぶる×かる~先生!カクゴしてね~
postal (game),3,28,,
jigen tsuushin (vocaloid),3,28,,次元通信
new black (love live!),3,28,,
irregular man (synthesizer v),3,28,,イレギュラーマン
comic papipo,3,28,,COMICパピポ
hitozuma cosplay kissa (series),3,28,,
zettai muteki raijin-oo,3,28,,絶対無敵ライジンオー
sekai metsubou kyouyuu gensou mamiya,3,28,,世界滅亡共有幻想マミヤ
grand theft auto: vice city,3,28,,グランドセフトオートVC
shimotsuma monogatari,3,28,,ヤンキーちゃんとロリータちゃん
madhouse,3,28,,
girls' frontline: fire control,3,28,project n.e.t.,
seer (game),3,28,,赛尔号
justice league unlimited,3,28,,
araiguma rascal,3,28,,あらいぐまラスカル
tokyo debunker,3,28,,東京ディバンカー
n.t.resort e youkoso,3,28,,N・T・Resortへようこそ。
jinzou ningen kikaider,3,28,,人造人間キカイダー
ready or not,3,28,,レディーオアノット
phigros,3,28,,
otome riron to sono shuuhen: ecole de paris,3,28,,Otome RironからSono Shuuhen：Ecole de Paris
aozora shoujotai,3,28,,青空少女隊
chip-chan kick!,3,28,,チップちゃんキィーック!
sani yang's laboratory,3,28,,
kemo coliseum,3,28,,
hatena heartbeat,3,28,,
jimoto ni kaettekitara osananajimi ga kowareteta,3,28,,
yorite konoha wa kurenai ni,3,28,,縁りて此の葉は紅に
inferno cop,3,28,,インフェルノコップ
kitsune no oyome-chan to musuko-chan,3,28,,狐のお嫁ちゃんと息子ちゃん
tsurune: kazemai koukou kyuudoubu,3,28,tsurune: the linking shot,ツルネ―風舞高校弓道部―
coakira,3,28,,
tanken hakken boku no isekai elf-san,3,28,,たんけんはっけんぼくの異世界エルフさん
unravel (song),3,28,,
isekai one turn kill nee-san: ane douhan no isekai seikatsu hajimemashita,3,28,my one-hit kill sister,異世界ワンターンキル姉さん
starlight polaris,3,28,,すたぽらーと
gigantic o.t.n (vocaloid),3,28,,ギガンティックO.T.N
unnatural (series),3,28,,アンナチュラル
k-books,3,28,,
genius summoner at necromancy academy,3,28,,ネクロマンサー学園の天才召喚士
monster collect,3,28,,モンスターコレクト
milabo (zutomayo),3,28,,
the ultraman (anime),3,28,,ザ☆ウルトラマン
toratsugumi,3,28,,とらつぐみ
tenkou saki no seiso karen na bishoujo ga mukashi danshi to omotte issho ni asonda osananajimi datta ken,3,28,,転校先の清楚可憐な美少女が、昔男子と思って一緒に遊んだ幼馴染だった件
tetsujin 28-gou (classic),3,28,"gigantor,tetsujin 28-gou (1st series)",鉄人28号(テレビアニメ第1作)
sumikko gurashi,3,28,,すみっコぐらし
the monstrous horror show,3,28,,
eternal tree,3,28,,エターナルツリー
akujiki-san no gohan,3,28,,アクジキさんノごはん
kamakura-dono no 13-nin,3,28,13 lords of the shogun,鎌倉殿の13人
ginga nagareboshi gin,3,28,silver fang -the shooting star gin-,銀牙-流れ星銀-
towa no yuugure,3,28,dusk beyond the end of the world,永久のユウグレ
la mulana,3,28,,
melodic taste,3,28,,
black star -theater starless-,3,28,,ブラスタイラコン
omae no pantsu wa nani iro da!?,3,28,,お前のパンツは何色だ!?
jisatsu yousei,3,28,,じさつようせい
rusty front,3,28,,ラスティフロント
seven knights re:birth,3,28,,
29 to jk,3,28,,29とJK
pleasure feather (love live!),3,28,,蓮ノ休日
civilization online,3,28,,
chrogire/girection,3,28,,クロギレ/ギレクション
inukoro (kikurage),3,28,,
emotions 2024,3,28,,
suishitai wa koi shitai (vocaloid),3,28,,水死体は恋したい
ipass (yi ka tong),3,28,,一卡通
lasting anthem,3,28,,ラスティングアンセム
melonyx,3,28,,
muchi muchi pork!,3,28,,むちむちポーク!
cowboy bebop: knockin' on heaven's door,3,28,,
.hack//quantum,3,28,,.hack // Quantum
jump into the new world,3,28,,
yuzumori-san,3,28,,柚子森さん
chelsea fc,3,28,,
lupin the third: mine fujiko to iu onna,3,28,,峰不二子という女
magia record: mahou shoujo madoka magica gaiden (anime),3,28,,
maou gakuen no hangyakusha ~ jinruihatsu no maou kouho kenzoku shoujo to ouza o mezashite nariagaru ~,3,28,,魔王学園の反逆者~人類初の魔王候補眷属少女と王座を目指して成り上がる~
ko seiki beast sanjuushi,3,28,k.o. beast,KO世紀ビースト三獣士
tom clancy's the division 2,3,28,,ディビジョン2
netsuzou trap,3,28,,捏造トラップ-NTR-
double life smp,3,28,,
ane taiken shuukan,3,28,,姉体験週間
2016 summer olympics,3,28,,リオデジャネイロオリンピック
boobwatch (2011),3,28,,
don quixote (novel),3,28,don quijote (novel),ドン・キホーテ
keyakizaka46,3,28,,欅坂46
2018 winter olympics,3,28,,2018年平昌オリンピック
earth wind & fire (band),3,28,,アース・ウィンド・アンド・ファイアー
hoshino me wo tsubutte.,3,28,,星野、目をつぶって。
midnight grand orchestra,3,28,,ミドグラ
aa subarashiki nyansei (vocaloid),3,28,,嗚呼、素晴らしきニャン生
isekai shikkaku,3,28,no longer allowed in another world,異世界失格
clover knight (vocaloid),3,28,,くろうばあないと
pokini kagura,3,28,,
akatoki 2! -tsumugu mahou to koboreru hikari-,3,28,,アカトキ2！ -tsumugu mahouからkoboreru hikari-
red hot chili peppers,3,28,,レッドホットチリペッパーズ
xing you ji,3,28,,星游记
fanta gakuen,3,28,,ファンタ学園
mito hollyhock,3,28,,水戸ホーリーホック
ice cream mad lab,3,28,,あいすくりーむまっどらぼ
hello street cat,3,28,,哈啰街猫
yubikiri (vocaloid),3,28,,指切り
yawaraka sensha,3,28,,やわらか戦車
tsuki ga kirei,3,28,,月がきれい
mahou shoujo western girls,3,28,,魔法少女ウェスタンガールズ
death mark,3,28,,死印
ketchup ninja,3,28,,ケチャップニンジャ
color bullets,3,28,,色の弾丸
harten,3,28,,ハテン
human bug daigaku,3,28,"crazy human university,on the edge (manga),the human bug university,the human crazy university",ヒューマンバグ大学
teppu,3,28,teppuu,鉄風
hello/how are you (vocaloid),3,28,,ハロ/ハワユ
tasogare,3,28,,誰彼~たそがれ~
aurelia (game),3,28,,
daa! daa! daa!,3,28,ufo baby,だぁ!だぁ!だぁ!
toshokan sensou,3,28,,図書館戦争
trespasser,3,28,,
yuwu,3,28,,
tokyo active neets,3,28,,東京アクティブNEETs
nobunaga the fool,3,28,,ノブナガ・ザ・フール
nuresuke paradise x,3,28,,Nuresuke Paradise x
underbar summer,3,28,,アンダーバーの夏
death by degrees,3,28,,デス・バイ・ディグリーズ
rings of power,3,28,,
sharknado,3,28,,シャークネード
gunz 2 the second duel,3,28,,
sore wa,3,28,,痛いwa
grand harem,3,28,,グランドハーレム
shuumatsu ga yattekuru! (vocaloid),3,28,,しゅうまつがやってくる!
karate shoukoushi kohinata minoru,3,28,,空手小公子小日向海流
neko koi!,3,28,,ネココイ！
trouble trap laboratory,3,28,,トラップトラップ研究所
the saga of larten crepsley,3,28,,クレプスリー伝説
sabaton (band),3,28,,サバトン
nordgreen,3,28,,ノードグリーン
primitive link,3,28,,プリミティブリンク
zoku hitou meguri,3,28,,続・秘湯めぐり
inkya lovecome,3,28,,陰キャラブコメ
zettai zetsumei eiyuu,3,28,,絶体絶命英雄
flatcheez,3,28,,ふらっちーず
the joy of painting,3,28,,ボブの絵画教室
ching nu yu hun,3,28,,倩女幽魂
jolyne fly high with gucci,3,28,,徐倫、GUCCIで飛ぶ
pixiv papico design contest,3,28,,白沢パピ子デザインコンテスト
tokyo underground,3,28,,東京アンダーグラウンド
ecce homo,3,28,,キリストの絵
ama ane,3,28,,あまあね
mirai shounen conan,3,28,future boy conan,未来少年コナン
estpolis denki,3,28,,エストポリス伝記
synchronicity (vocaloid),3,28,,同期性（ボーカロイド）
disney lorcana,3,28,,
sword art online last recollection,3,28,,ラスト・リコレクション
innocent key,3,28,,イノセントキー
sakari sakarare,3,28,,
bunny black,3,28,,バニーブラック
gin no saji,3,28,silver spoon (copyright),銀の匙
wild girls,3,28,,野生少女
himitsu no akko-chan,3,28,,ひみつのアッコちゃん
kusari no shoujo (vocaloid),3,28,,鎖の少女
comic sigma,3,28,,コミックシグマ
eternita,3,28,,エタータ
tsui yuri okaa san ni wa naisho da yo,3,28,,つい・ゆり
daitai konnan de?,3,28,,だいたいこんなンで?
aikagi,3,28,,aikagi
duel love,3,28,,決闘愛
speed grapher,3,28,,スピードグラファー
yakushiji ryouko no kaiki jikenbo,3,28,,薬師寺涼子の怪奇事件簿
shin ringetsu,3,28,,Shin Ringetsu
shiru daku settai,3,28,,Shiru Daku Setai
waga seishun no arcadia,3,28,arcadia of my youth,わが青春のアルカディア
rosario+vampire capu2,3,28,,
wandaba style,3,28,,ワンダバスタイル
tenchi muyou! gxp,3,28,,天地無用!GXP
in the court of the crimson king,3,28,,クリムゾン・キングの宮殿
ultimate antihero,3,28,,アルティメット・アンチヒーロー
relations sisterxsister,3,28,,Relations Sisterxsister
shouten,3,28,,笑点
konbini dmz,3,28,,コンビニDMZ
youkai ameonna ni yoru kamikakushi,3,28,,妖怪雨女による神隠し
kanobitch,3,28,,カノビッチ
akanesasu shoujo,3,28,the girl in twilight,あかねさす少女
hakoiri musume ~muku na shoujo wa shiroku somaru~,3,28,,箱入娘~無垢な少女は白濁く染まる~
mitsume ga tooru,3,28,,三つ目がとおる
chaos;child: children's collapse,3,28,,
agent 7,3,28,,エージェント7
child of light (game),3,28,,チャイルドオブライト
weathernews,3,28,,ウェザーニューズ
priget plus,3,28,,プリゲットプラス
bikininja,3,28,,ビキニンジャ
mad catz,3,28,,マッドキャッツ
the robots of dawn,3,28,,夜明けのロボット
metro (series),3,27,,
undays,3,27,,
ghost in the shell (1989),3,27,,
study steady,3,27,,
motto! haramase! honoo no oppai isekai oppai spy gakuen!,3,27,,
hamlet,3,27,,ハムレット
inhumans,3,27,,インヒューマンズ
skeb (site),3,27,,
planetronika,3,27,,
resident evil: damnation,3,27,resident evil damnation,バイオハザードダムネーション
rinkai!,3,27,,リンカイ!
godarca,3,27,,ゴダルカ
sinisistar 2,3,27,,
anta ni itenno (utau),3,27,,アンタに言ってんの
sensha isu: tank chair,3,27,,戦車椅子
chururira chururira da da da! (vocaloid),3,27,,チュルリラ・チュルリラ・ダッダッダ!
ennead,3,27,,
maou no musume wa yasashisugiru!!,3,27,the daughter of the demon lord is too kind!!,魔王の娘は優しすぎる!!
my clematis (alien stage),3,27,,
overcooked,3,27,,
kouguu no omega,3,27,,后宮のオメガ
warioware gold,3,27,,メイドインワリオゴージャス
ori and the blind forest,3,27,,オリとくらやみの森
castlevania judgment,3,27,,悪魔城ドラキュラ_ジャッジメント
choujuu sentai liveman,3,27,,超獣戦隊ライブマン
scooby-doo and the witch's ghost,3,27,,スクービー・ドゥーの魔女の幽霊
nawa holang-inim,3,27,my love tiger,俺と虎様
shiinato ippai natuyasumi,3,27,,
mitsumete knight,3,27,,みつめてナイト
uchuu senkan yamato 2205: arata naru tabidachi,3,27,,宇宙戦艦ヤマト2205
gamera 3: revenge of iris,3,27,,ガメラ3
gentlemen prefer blondes,3,27,,紳士は金髪がお好き
jitsu wa ore saikyou deshita?,3,27,am i actually the strongest?,実は俺、最強でした?
echoes beyond (love live!),3,27,,
dragon quest monsters super light,3,27,,ドラゴンクエストモンスターズ
super monkey ball,3,27,,モンキーボール
comic candy time,3,27,,
isle of the dead (painting),3,27,,
chrono reverse,3,27,,クロノヴァ
umiyuri kaiteitan (vocaloid),3,27,,ウミユリ海底譚
goodbye volcano high,3,27,,
luvoratorrrrry! (vocaloid),3,27,,
platinum disco (song),3,27,,白金ディスコ
camp lazlo,3,27,,キャンプ・ラズロ
machigatta ko wo mahou shoujo ni shite shimatta,3,27,,間違った子を魔法少女にしてしまった
majo no tabitabi gakuen,3,27,,魔女の旅々学園
ookami ningen to ningen ookami,3,27,,オオカミニンゲンとにんげんおおかみ
idolmaster relations,3,27,,アイドルマスターrelations
lupin iii part 5,3,27,,ルパン三世PART5
haha ranman,3,27,,母爛漫
zeroranger,3,27,,
skal,3,27,,
warhammer 40k: space marine,3,27,,
knights in the nightmare,3,27,,ナイツ・イン・ザ・ナイトメア
choudenshi bioman,3,27,,超電子バイオマン
digimon adventure (1999 movie),3,27,,劇場版デジモンアドベンチャー
shadowrun,3,27,,シャドウラン
super robot wars advance portable,3,27,,スーパーロボット大戦A_PORTABLE
triple self-portrait (norman rockwell),3,27,,
kuraberarekko,3,27,,くらべられっ子
drapeko! onedari dragon to oppai yuusha,3,27,,どらぺこ!
new crown,3,27,,ニュークラウン
reface music production,3,27,,
roppongi sadistic night,3,27,,六本木サディスティックナイト
mappy,3,27,,マッピー
oshiete re:maid,3,27,,おしえて_Re:メイド
mattaku saikin no tantei to kitara,3,27,detectives these days are crazy!,まったく最近の探偵ときたら
varise,3,27,fairy (vtuber),Fairy事務所
asterix and obelix,3,27,,アステリックス
spriggan (manga),3,27,,
dragon quest treasures,3,27,,ドラゴンクエストトレジャーズ
the boy who cried wolf,3,27,,
kartrider: drift,3,27,,
venus syndrome (idolmaster),3,27,,金星症候群（アイドルマスター）
t1 (esports),3,27,sk telecom t1,
gundam n-extreme,3,27,,機動戦士ガンダムN-EXTREME
warner bros.,3,27,warner bros,ワーナーブラザーズ
kuronuri sekai ate shokan (utau),3,27,,黒塗り世界宛て書簡
unordinary,3,27,,
pokemon: hisuian snow,3,27,,雪ほどきし二藍
double cross (f.e.a.r.),3,27,,ダブルクロス
enicia to keiyaku mon,3,27,,エニシアと契約紋
lycoris radiata,3,27,,りこりす
heart gear,3,27,,ハートギア
marvel vs. capcom 1,3,27,,マーヴルVSカプコン
rean no tsubasa,3,27,wings of rean,リーンの翼
papa louie (series),3,27,,老爹系列
allison to lillia,3,27,allison & lillia,アリソン
nemureru mori ni ikitai na (love live!),3,27,,眠れる森に行きたいな
wright flyer live entertainment,3,27,,
golden number (vocaloid),3,27,,黄金数
oha!4 news live,3,27,,おはよん
wipeout,3,27,,
yukemuri harem monogatari,3,27,,ゆけむりハーレム物語
my singing monsters,3,27,,
bokujou monogatari: tsunagaru shin tenchi,3,27,,つながる新天地
itan na karera no kimitsu kyoshitsu,3,27,,異端な彼らの機密教室
gaming harem,3,27,,げーみんぐはーれむ
maruman (brand),3,27,,マルマン
gaikotsu gakudan to riria (vocaloid),3,27,skeleton orchestra and lilia (vocaloid),骸骨楽団とリリア
the three musketeers,3,27,,
edward scissorhands,3,27,,
splinter cell,3,27,,スプリンターセル
toy story 4,3,27,,トイ・ストーリー4
yong yue fengya,3,27,,咏月风雅
4leaf,3,27,,4リーフ
open mind world,3,27,,
mahou shoujo magical destroyers,3,27,,魔法少女マジカルデストロイヤーズ
celtic mythology,3,27,irish mythology,ケルト神話
the big bang theory,3,27,,ビッグバン★セオリー/ギークなボクらの恋愛法則
saving private ryan,3,27,,プライベート・ライアン
diaclone,3,27,,ダイアクロン
sequel blight,3,27,,
bully (mori calliope),3,27,,
fallout 2,3,27,,
dream daddy: a dad dating simulator,3,27,,
anime revolution,3,27,,アニメ革命
kaitou tenshi twin angel 2,3,27,,快盗天使ツインエンジェル2
equilibrium,3,27,,リベリオン(映画)
fuuraiki,3,27,,風雨来記
void terrarium,3,27,,ボイド・テラリウム
how to win my husband over,3,27,"how to get my husband on my side,nampyeoneul nae pyeoneuro mandeuneun bangbeop,otto o mikata ni suru houhou",夫を味方にする方法
kami-tachi ni hirowareta otoko,3,27,,神達に拾われた男
maid skater,3,27,,メイドスケーター
ginga senpuu braiger,3,27,,銀河旋風ブライガー
oji-mama (skskdan),3,27,,おじママ
death ball (game),3,27,,デスボール
ookami shoujo to kuro ouji,3,27,wolf girl and black prince,オオカミ少女と黒王子
something about,3,27,,
blind justice,3,27,,
lockheed martin,3,27,,ロッキード・マーティン
macross frontier: toki no meikyu,3,27,,劇場短編マクロスF~時の迷宮~
1-nichi gaishutsuroku hanchou,3,27,one-day outing foreman,1日外出録ハンチョウ
defense of the ancients,3,27,,古代人の防衛
same to ikiru nanokakan,3,27,,サメと生きる七日間
anata no shiranai kangofu,3,27,,あなたの知らない看護婦
cool devices,3,27,,クールディバイシス
pieces / wataridori no somnium,3,27,,ピース /ワタリドリsomnium no somnium
renai flops,3,27,love flops,恋愛フロップス
black rock shooter: innocent soul,3,27,,イノセントソウル
moero downhill night 2,3,27,,Moeroダウンヒルナイト2
pandra,3,27,,パンドラ
chimame chronicle,3,27,,チマメクロニクル
eonbound,3,27,,eonbound
girls of the wild's,3,27,,狂野少女
skip beat!,3,27,,スキップ・ビート!
naka no hito nado inai!,3,27,,中の人などいない!
kimi wo aogi otome wa hime ni,3,27,,kimi wo aogi otome wa hime ni
dead rising 2,3,27,,デッドライジング2
kunado kokuki,3,27,,クナド国記
hatsujou switch,3,27,,
shuu 4 de heya ni asobi ni kuru koakuma girl ha kubittake!,3,27,,週4で部屋に遊びにくる小悪魔ガールはくびったけ!
mime and dash,3,27,,
aibou (tv series),3,27,,相棒
annoying orange (series),3,27,,
ast memoria,3,27,,アストメモリア
pupa,3,27,,ピューパ
hachimitsu-lemon,3,27,,はちみつれもん
itsuwari alice,3,27,,偽りのアリス
xingzuo temple,3,27,,
aq arium,3,27,,
geobreeders,3,27,,ジオブリーダーズ
snapcube,3,27,,
fairchild,3,27,,フェアチャイルド
osomatsu-san: hesokuri wars,3,27,,
tengirl,3,27,,テンゲール
tensei kyuuketsuki san wa ohirune ga shitai,3,27,,転生吸血鬼さんはお昼寝がしたい
re-ply,3,27,,りぷらい
pan de peace!,3,27,,パンでPeace!
the time of awakening,3,27,,刻/Awaken.
zhan ji tian xia,3,27,,戰姬天下
megami kouhosei,3,27,"pilot candidate,the candidate for goddess",女神候補生
eureka seven: pocket ga niji de ippai,3,27,,ユーレカセブン：ポケットガニジデイッパイ
suzukaze no melt,3,27,,涼風のメルト
enkou shoujo,3,27,,円交少女
shunki gentei poco a poco!,3,27,,春季限定ポコ・ア・ポコ!
knallerfrauen,3,27,,
iro ni ide ni keri waga koi wa,3,27,,色に出でにけりわが恋は
binetsu kara mystery,3,27,,微熱からMystery
sweet aviation model div.,3,27,,Sweet Aviation Model Div。
semen sprinkler j,3,27,,ザーメンスプリンクラーJ
nhot bot,3,27,,
vamp!,3,27,,ヴぁんぷ!
spiral (manga),3,27,,スパイラル
polygonal mind,3,27,,ポリゴナルマインド
princess princess,3,27,,プリンセス・プリンセス
virtual kouhou taishi project,3,27,,バーチャル広報大使プロジェクト
this is it,3,27,,これだよ
ske48,3,27,,エスケーイーフォーティーエイト
daicon iii,3,27,daicon 3,
angelic kitty miracle-chan,3,27,,
atashi no kakedashi yuusha-sama,3,27,,あたしのかけだし勇者さま
the clash,3,27,,
diverse order,3,27,,多様な注文
best buy,3,27,,
sss-class suicide hunter,3,27,,死して生きるSSS級ハンター
fusionfall,3,27,,フュージョンフォール
taboo tattoo,3,27,,タブー・タトゥー
okashi na tensei,3,27,,おかしな転生
assault suits series,3,27,,
sing&smile (vocaloid),3,27,,Sing＆Smile（ボーカロイド）
81diver,3,27,,ハチワンダイバー
suisui -sweetheart swimmer-,3,27,,suisui- sweetheart swimmer-
princess sarah,3,27,,小公女セーラ
maze town (love live!),3,27,,
koi q!,3,27,,恋Q!
kanojo to kanojo to watashi no nananichi,3,27,,彼女と彼女と私の七日
sakaagari hurricane,3,27,,さかあがりハリケーン
lunaris filia,3,27,,ルナリスフィリア
succubus quest,3,27,,サキュバスクエスト
headphone + musume,3,27,,ヘッドフォン +想起
marble bloomers,3,27,,大理石のブルマー
slayers next,3,27,,
amakara twins,3,27,,アマカラ双子
stones of dragon,3,27,,ドラゴンの石
double arts,3,27,,二重芸術
fantastic children,3,27,,ファンタジックチルドレン
may queen,3,27,,5月の女王
stellaris (game),3,27,,ステラリス
ccg expo,3,27,,中国国际动漫游戏博览会
gothic lolita (chocolate shop),3,27,,
wolf rpg editor,3,27,,
sakura alien,3,27,,
ojarumaru,3,27,,おじゃる丸
em8er,3,27,,em8er
mouryou no hako,3,27,,魍魎の匣
komica,3,27,,コミカ
yuutousei ayaka no uraomote,3,27,,優等生綾香のウラオモテ
dead aegis,3,27,dead end aegis,
yuurei tokyo (vocaloid),3,27,,幽霊東京
time machine (vocaloid),3,27,,
bealphareth,3,27,,ベアルファレス
black sabbath,3,27,,ブラック・サバス
naraku 1,3,27,,
sangoku hime 3,3,27,,Sangoku Hime 3
madou monogatari: hanamaru dai youchienji,3,27,,魔導物語はなまる大幼稚園児
ginban kaleidoscope,3,27,,銀盤カレイドスコープ
clan senki,3,27,,クランセンキ
madlax,3,27,,マドラックス
lord of knights,3,27,,ロードオブナイツ
imouto paradise!,3,27,,妹ぱらだいす!
dungeon maker,3,27,,ダンジョンメーカー
guardian place,3,27,,Guardian☆Place~ドエスな妹と3人の嫁~
harem x scratch,3,26,,ハーレム×すくらっち
nee nee nee. (vocaloid),3,26,,ねぇねぇねぇ。
life is strange 2,3,26,,
aiceclass,3,26,,あいすくらす
shinobumonogatari,3,26,,忍物語
s-rank boukensha de aru ore no musume tachi wa juudo no fathercon deshita,3,26,,Sランク冒険者である俺の娘たちは重度のファザコンでした
predator: badlands,3,26,,プレデター:バッドランド
zonchuu zombie jk wa game haishinchuu,3,26,,ゾンちゅう~ゾンビJKはゲーム配信中
karakara 2 (game),3,26,,カラカラ2
otome dori,3,26,,オトメドリ
"megami ""isekai tensei nani ni naritai desu ka"" ore ""yuusha no rokkotsu de""",3,26,my ribdiculous reincarnation,女神「異世界転生何になりたいですか」俺「勇者の肋骨で」
shogi ichiban! (vocaloid),3,26,,将棋一番!
omusubi (game),3,26,,お結び
musou orochi 1,3,26,warriors orochi 1,無双OROCHI1
meikyu kuso tawake,3,26,,迷宮クソたわけ
the ribbon hero,3,26,,リボンヒーロー
futari solo camp,3,26,solo camping for two,ふたりソロキャンプ
shazam! (series),3,26,,
verethragna seisen no duelist,3,26,,ウルスラグナ〜征戦のデュエリスト〜
mahou shoujo 201,3,26,,魔法少女201
the super mario bros. super show!,3,26,,スーパーマリオブラザーズスーパーショー!
mugen no ticket (vocaloid),3,26,,むげんのチケット
the fox and the hound,3,26,,
magical suite prism nana,3,26,,まじかるすいーとプリズム・ナナ
hypixel,3,26,,
mewlive,3,26,,みゅ〜らいぶ
little caesars,3,26,,リトルシーザーズ
beanie babies,3,26,,
metroid (manga),3,26,,メトロイド(漫画)
a vision of shadows,3,26,,暗影幻象
ultra q,3,26,,ウルトラQ
uchi no isourou ga sekai wo shouaku shiteiru!,3,26,,うちの居候が世界を掌握している!
otonablue,3,26,,オトナブルー
pokemon: giratina and the sky warrior,3,26,pokemon m11,ギラティナと氷空の花束シェイミ
hikka (website),3,26,,
maze bakunetsu jikuu,3,26,,MAZE☆爆熱時空
pandaclip: the black thief,3,26,,
ryuu ga gotoku 8 gaiden,3,26,like a dragon: pirate yakuza in hawaii,龍が如く8外伝
plastic angels,3,26,,
kaiko sareta ankoku heishi (30-dai) no slow na second life,3,26,chillin' in my 30s after getting fired from the demon king's army,解雇された暗黒兵士(30代)のスローなセカンドライフ
chrono gear: warden of time,3,26,,
winnie the pooh's home run derby,3,26,,くまのプーさんのホームランダービー!
atashin'chi,3,26,,
sparco,3,26,,
fortune quest,3,26,,フォーチュン・クエスト
hello world. (nitroplus),3,26,,ハローワールド
gimmexgimme (vocaloid),3,26,,
pokemon diamond/pearl/platinum (prototype),3,26,pokemon dppt (prototype),
detention (game),3,26,,返校
chaoslive,3,26,,
sushi gaki,3,26,,寿司ガキ
amaane makai princess eris wa eroicha haramizuma!,3,26,,あまあね魔界プリンセス・エリスはエロイチャ孕み妻!
a goofy movie,3,26,,グーフィームービー
myo-chan sensei wa kaku katariki,3,26,,みょーちゃん先生はかく語りき
yotsugo gurashi,3,26,,四つ子ぐらし
genpei touma den,3,26,,源平討魔伝
duel masters gt,3,26,,デュエル・マスターズGT
batman: arkham asylum,3,26,,
j-neration,3,26,,
do as ~shinpu-sama no iinari~,3,26,,ドゥアズ~神父様ノ言いなり~
natsukami,3,26,,夏神
mahou no onaho (sorairo nyannyan),3,26,,魔法のオナホ
sega x piapro collaboration contest,3,26,,SEGA×ピアプロコラボ
ballpark de tsukamaete!,3,26,catch me at the ballpark!,ボールパークでつかまえて!
love destiny (idolmaster),3,26,,
mikata ga yowasugite hojo mahou ni tesshiteita kyuutei mahoushi tsuihou sarete saikyou wo mezashimasu,3,26,,味方が弱すぎて補助魔法に徹していた宮廷魔法師、追放されて最強を目指す
lenore the cute little dead girl,3,26,,レノーア
brawlhalla,3,26,,ブロウルハラ
idol boueitai hummingbird,3,26,,アイドル防衛隊ハミングバード
neon white,3,26,,ネオンホワイト
haji wa jinsei no kakisute,3,26,,恥は人生のかきすて
chousuinou kei,3,26,,
genki zenkai day! day! day!,3,26,,元気全開DAY!DAY!DAY!
dragon ball z abridged,3,26,,DBZ要約シリーズ
uchuujin muumuu,3,26,,宇宙人ムームー
man'in densha,3,26,,満淫電車
mirage voyage (love live!),3,26,,
community (series),3,26,,コミ・カレ!!
nakayoshi,3,26,,なかよし
eushully,3,26,,エウシュリー
custom robo,3,26,,カスタムロボ
chikan sen'you sharyou,3,26,,痴漢専用車両〜屈辱の痴漢電車〜
the symphony of dragon and girls,3,26,,ドラゴンとガールズ交響曲
bake no hana (vocaloid),3,26,,化けの花
yona yona dance,3,26,,よなよなだんす
dead ma'am's chest (houshou marine),3,26,,幽霊船戦
imouto paradise! 2,3,26,,妹ぱらだいす!2〜お兄ちゃんと5人の妹のも〜っと!エッチしまくりな毎日〜
tentama,3,26,,てんたま
new japan pro wrestling,3,26,,新日本プロレス
death note: another note,3,26,,ロサンゼルスBB連続殺人事件
39 (vocaloid),3,26,,
himegoto union,3,26,,
animal crossing: pocket camp,3,26,,どうぶつの森ポケットキャンプ
x-men (anime),3,26,,X-MEN(マッドハウス版)
yami-ma no mamiya,3,26,,闇麻のマミヤ
kokorone=pendulum!,3,26,,ココロネ=ペンデュラム!
majo salmhofer no toubou (vocaloid),3,26,,魔女ザルムホーファーの逃亡
izumo lab,3,26,,
legal high,3,26,,リーガルハイ
peter grill to kenja no jikan,3,26,,ピーター・グリルと賢者の時間
digimon rearise,3,26,,デジモンリアライズ
ikemen prince,3,26,,イケメン王子
dogma (vocaloid),3,26,,
yoake to hotaru (vocaloid),3,26,,夜明けと蛍
bishoujo senshi sailor moon another story,3,26,,美少女戦士セーラームーンAnotherStory
mega man: battle & chase,3,26,,ロックマンバトル&チェイス
liar game,3,26,,ライアーゲーム
chuukan kanriroku tonegawa,3,26,,中間管理録トネガワ
storm of shots and shells,3,26,,惊爆校园
girlcam (tanto),3,26,,
horcrux college,3,26,,こんがく
bosei kanojo -shikyuu kikan-hen-,3,26,,母性カノジョ-子宮帰還編-
minori (company),3,26,,
overkill (mori calliope),3,26,,
umabi,3,26,,うまびイラコン
koi kaze,3,26,,恋風
moonshiner,3,26,,ムーンシナー
boboiboy,3,26,,
unjou no fairy tale,3,26,,雲上のフェアリーテイル
super mario bros.: peach-hime kyushutsu dai sakusen!,3,26,,ピーチ姫救出大作戦!
shoukoku no altair,3,26,,将国のアルタイル
silent moebius,3,26,,サイレントメビウス
kritika,3,26,,
hentatsu,3,26,,へんたつ
battle royale,3,26,,バトルロワイアル
mahou shoujo wo mucha kucha taoshitai,3,26,,魔法少女をムチャクチャ倒したい!
saikyou mahoushi no inton keikaku,3,26,,最強魔法師の隠遁計画
respawn entertainment,3,26,,
senjuushi: the thousand noble musketeers rhodoknight,3,26,,千銃士R
comiket 73,3,26,c73,コミケ73
akaneiro no kyoukaisen,3,26,,茜色の境界線
ponkotsu musume no nichijou,3,26,,ぽんこつ娘の日常
seirei fantasia,3,26,,精霊ファンタジア
lost echoes,3,26,,失われたエコー
california gurls,3,26,,
pendulum (game),3,26,,振り子（ゲーム）
tenkuu no otome-tachi,3,26,,ストライクウイッチーズ-天空の乙女たち-
sister blood,3,26,,姉妹の血
toriko no kusari,3,26,,虜ノ鎖
crystalline,3,26,,結晶
battlestar galactica,3,26,,宇宙空母ギャラクティカ
sano toshihide ga anata no senyou gengaman ni narimasu,3,26,,Sano Toshihide ga anata no senyou gengaman ni narimasu
daisuki na sensei ni h na onedari shichau omase na boku no/watashi no puni puni,3,26,,daisuki na sensei ni h na onedari shichau omase na boku no/watashi no puni puni
the naked sun,3,26,,はだかの太陽
shutokou battle (2025),3,26,tokyo xtreme racer (2025),首都高バトル
xuan-yuan sword,3,26,,軒轅剣シリーズ
sword art online: infinity moment,3,26,,SAOインフィニティ・モーメント
only up!,3,26,,オンリーアップ
23/7,3,26,,トゥエンティスリーセブン
crystal of re:union,3,26,,クリスタルオブリユニオン
guardic gaiden,3,26,,ガーディック外伝
otameshidouga pretty pridot dounyuhen,3,26,,
vs mahjong otome ryouran,3,26,,
enrenchuu no toshishita kanojo ga onna ni ueta osuzaru-domo no gakuen de koubi aite ni sareteta.,3,26,,遠恋中の年下彼女が女に飢えた雄猿共の学園で交尾相手にされてた。
einstein yori ai wo komete,3,26,,アイこめ
dharu riser,3,26,,ダルライザー
rhythm tengoku the best+,3,26,,リズム天国ザ・ベスト+
space station 13,3,26,,
venus de milo,3,26,,
wet nightmares,3,26,,
kikan bakumatsu ibun last cavalier,3,26,,機関幕末異聞ラストキャバリエ
koi suru kimochi no kasanekata,3,26,,恋する気持ちのかさねかた
kaden shoujo,3,26,,家電少女
alex kidd,3,26,,アレックスキッドのミラクルワールド
tenkuu shinpan,3,26,high-rise invasion,天空侵犯
daisenran!! sangokushi battle,3,26,,大戦乱!!三国志バトル
final fantasy crystal chronicles: ring of fates,3,26,,
kubera,3,26,,
kamen rider 555: paradise lost,3,26,,パラダイス・ロスト
cradle-song,3,26,,クレードルソング
the elder scrolls: legends,3,26,,
pulse (ratana satis),3,26,,
oresama teacher,3,26,,俺様ティーチャー
growlanser iii,3,26,,グローランサーIII
ex-arm,3,26,,エクスアーム
nightmare x vampire,3,26,,復讐のインフェルノ
seika jogakuin kounin sao ojisan,3,26,,聖華女学院公認竿おじさん
beatmania iidx 9th style,3,26,,
hotaru no haka,3,26,,火垂るの墓
tail tale,3,26,,テール物語
ponponpon,3,26,,ぽんぽんぽん
book of revelation,3,26,,ヨハネの黙示録
honoo no haramase oppai ero appli gakuen,3,26,,炎の孕ませおっぱい★エロアプリ学園
yaokin,3,26,,やおきん
interstella 5555,3,26,,インターステラ5555
tsundere akuyaku reijou lieselotte to jikkyou no endou-kun to kaisetsu no kobayashi-san,3,26,endo and kobayashi live! the latest on tsundere villainess lieselotte,ツンデレ悪役令嬢リーゼロッテと実況の遠藤くんと解説の小林さん
bible black gaiden,3,26,,聖書ブラックガイデン
cavalier of the abyss,3,26,,アビスのキャバリア
gundam: twilight axis,3,26,,機動戦士ガンダムTwilightAXIS
mars red,3,26,,
kimi ga yobu megiddo no oka de,3,26,,kimi ga yobu megiddo no oka de
spunky knight,3,26,,スパンキーナイト
ars magna,3,26,,あるすまぐな!-ARS:MAGNA-
jokei kazoku,3,26,,kekei kazoku
komorebi no namikimichi,3,26,,木漏れ日の並木道
hitoyume,3,26,,hitoyume
redlettermedia,3,26,,
foxfactory,3,26,,狐の工作室
white angel,3,26,,白い天使
hitsuji chronicle,3,26,,ひつじ×クロニクル
wake up!! (idolmaster),3,26,,
hookah haze,3,26,,フーカーヘイズ
futago mesugaki kuma-kei chinpo wo itadaku,3,26,,双子メスガキ熊系ちんぽをいただく
nivea,3,26,,
blaze union,3,26,,ブレイズユニオン
madou monogatari: madoushi no tou,3,26,,魔導師の塔
natsu ga owaru made,3,26,,夏が終わるまで
takasaki-sen meguri,3,26,,高崎線巡り
invisible (vocaloid),3,26,,インビジブル
ore no ue de agaku rokunin no togime,3,26,,鉱石no ue de agaku rokunin no togime
devilman lady,3,26,,デビルマンレディー
colorful peach,3,26,,カラフルピーチ
lautes alltags,3,26,,ラウテスアルタクス
mimikaki rifure,3,26,,耳かきリフレ
hatsune speed: hatsune miku roller skating music,3,26,,初音速
dakko shite gyu!,3,26,,
kujiragami no tearstilla,3,26,,鯨神のティアスティラ
deatte 5-fun wa ore no mono!,3,26,,出会って5分は俺のもの!
apollo 11,3,26,,アポロ11号
arsmagna,3,26,,アルスマグナ
kamisama to unmei kakumei no paradox,3,26,the guided fate paradox,神様と運命革命のパラドクス
maro no kanja wa gatenkei 2,3,26,,Maro No Kanja Wa Gatenkei 2
darashinai imouto ni itazura shitemita,3,26,,darashinai imouto ni itazura sitemita
goblin slayer: the endless revenge,3,25,,
change 123,3,25,"change123,change hifumi",
code geass: nunnally in wonderland,3,25,,
sword art online: unital ring,3,25,,ユナイタル・リング
world is dancing,3,25,,ワールドイズダンシング
tensei shitara slime datta ken: makoku renpou souseiki,3,25,tensura: makoku renpou souseiki,
beavis and butt-head,3,25,,ビーバス&バットヘッド
itou junji kyoufu,3,25,,伊藤潤二恐怖
guardians of the galaxy vol. 1,3,25,,
ooedo julia night (vocaloid),3,25,,大江戸ジュリアナイト
power pro-kun pocket 4,3,25,,パワポケ4
power pro-kun pocket 14,3,25,,パワポケ14
ramakien (pasulol),3,25,,
godz order,3,25,project tenkuu kishi,ゴッズオーダー
happiness double room,3,25,,幸福的二人房
battle fever j,3,25,,バトルフィーバーJ
inochi ni kirawarete iru. (vocaloid),3,25,,命に嫌われている。
conan (series),3,25,,
kishiryu sentai ryusoulger,3,25,,騎士竜戦隊リュウソウジャー
new york knicks,3,25,,ニューヨーク・ニックス
beasthill high school,3,25,,私立けものがおか学園
girls band cry first riff,3,25,,ガールズバンドクライ_First_Riff
jiyuu ni sex dekiru joshi rikujou-bu,3,25,,自由にセックスできる女子陸上部
arthur (series),3,25,,
sing 2,3,25,,
the 2nd super robot wars alpha,3,25,,第2次スーパーロボット大戦α
devilconnection,3,25,,でびるコネクショん
rpg densetsu hepoi,3,25,,RPG伝説ヘポイ
damedol to sekai ni hitori dake no fan,3,25,,ダメドルと世界に1人だけのファン
wings of fire,3,25,,
the new batman adventures,3,25,,
blue giant,3,25,,ブルージャイアント
bravely default: brilliant lights,3,25,,BDBLイラコン
link: the faces of evil,3,25,,リンク:悪魔の顔
justice league: crisis on two earths,3,25,,
batman v superman: dawn of justice,3,25,,バットマンVSスーパーマンジャスティスの誕生
1000xresist,3,25,,
anonymous;code,3,25,,アノニマス・コード
wonder girls,3,25,,
shin'en no labyrinthos,3,25,,深淵のラビリントス
streaming heart (vocaloid),3,25,,ストリーミングハート
alice in wonderland (tim burton),3,25,alice in wonderland (2010 movie),
kaya-chan wa kowakunai,3,25,,カヤちゃんはコワくない
gargoyles,3,25,,ガーゴイルズ
ash again (gawr gura),3,25,,
uuultra c,3,25,,ウウウルトラC
hatsune miku logic paint s,3,25,,
tamagotchi uni,3,25,,たまごっちユニ
sangokushi (yokoyama mitsuteru),3,25,,横山三国志
dominions (game series),3,25,,
life makeover,3,25,,キラパラ
the penguins of madagascar,3,25,,
ultraman zero the movie choukessen! belial ginga teikoku,3,25,ultraman zero the movie,ウルトラマンゼロTHEMOVIE超決戦!ベリアル銀河帝国
tonari no ie no annette-san,3,25,,となりの家のアネットさん
dual! parallel trouble adventure,3,25,,デュアル!ぱられルンルン物語
grisaia chronos rebellion,3,25,,グリザイア_クロノスリベリオン
psycho (hololive),3,25,,
nyan neko sugar girls,3,25,,にゃん猫シュガーガールズ
homestar runner,3,25,,ホームスターランナー
king exit,3,25,,
haikara-san ga tooru,3,25,,はいからさんが通る
hakushon daimaou (series),3,25,the genie family,ハクション大魔王
echoes of mana,3,25,,エコマナ
aibo (sony),3,25,,アイボ
tamagotchi! (anime),3,25,,たまごっち!
boku to roboco,3,25,me & roboco,僕とロボコ
moved by freedom,3,25,,
kangurei (zutomayo),3,25,,勘ぐれい
re:zero kara mimagau isekai seikatsu,3,25,,
daijoyuu-san (synthesizer v),3,25,,大女優さん
ren'ai jakusha na osananajimi shoujo to ren'ai kyousha na kanojo,3,25,,恋愛弱者な幼馴染少女と恋愛強者な彼女
comic masyo,3,25,,コミック・マショウ
pastel chime -koi no skill up-,3,25,,ぱすてるチャイム-恋のスキルアップ-
usagi to kainushi-san,3,25,,うさぎと飼い主さん
ace studio,3,25,ace virtual singer,
nekogamisama to nanatsuboshi -imouto no ane-,3,25,,
heartbeat clocktower (vocaloid),3,25,,ハートビート・クロックタワー
majutsu tantei tokisaki kurumi no jikenbo,3,25,,魔術探偵・時崎狂三の事件簿
kimi no yoru ni fureru,3,25,,君の夜に触れる
strawberry trapper,3,25,,
dokagui daisuki! mochizuki-san,3,25,,ドカ食いダイスキ!もちづきさん
doujima-kun wa doujinai,3,25,,堂島くんは動じない
monster hunter portable 2nd,3,25,,モンスターハンターポータブル2nd
perfect memento in strict sense,3,25,,東方求聞史紀
kyuukyuu sentai gogofive,3,25,,救急戦隊ゴーゴーファイブ
otometeki koi kakumei love revo!!,3,25,,乙女的恋革命★ラブレボ!!
milwaukee bucks,3,25,,ミルウォーキー・バックス
machine love (synthesizer v),3,25,,
ys vs. sora no kiseki: alternative saga,3,25,ys vs sora no kiseki alternative saga,イースvs.空の軌跡オルタナティブ・サーガ
platonic supernova,3,25,,
haze haseru haterumade (zutomayo),3,25,,
tengoku de akuma ga boku wo miwaku suru,3,25,,天獄で悪魔がボクを魅惑する
project life (nyantcha),3,25,,
platinumgames,3,25,,プラチナゲームズ
dappou tamer no nariagari boukentan,3,25,,脱法テイマーの成り上がり冒険譚
jellyfish (love live!),3,25,,
another code recollection,3,25,,
comic purumelo,3,25,,
.hack//zero,3,25,,
fetish phone,3,25,,
axel-v,3,25,,アクセルブイ
fancy frontier 43,3,25,,
kashima antlers,3,25,,鹿島アントラーズ
furious 7,3,25,fast & furious 7,
galaxy dungeon,3,25,,ギャラクシーダンジョン
isekai yakkyoku,3,25,parallel world pharmacy,異世界薬局
jentry chau vs the underworld,3,25,,
shin japan heroes universe,3,25,,シン・ジャパン・ヒーローズ・ユニバース
shoka (ado),3,25,,初夏
battle moon wars,3,25,,バトルムーンウォーズ銀
tentama: 1st sunny side,3,25,,てんたま1stSunnySide
ace virgin,3,25,,ソラヒメ
sonic frontiers: the final horizon,3,25,sonic frontiers the final horizon,超・完全決戦
abematv,3,25,,
date+links!,3,25,,公式アカウント
avatar: fire and ash,3,25,avatar 3,
xianjian qixia zhuan 4,3,25,,仙剑奇侠传4
avengers academy,3,25,,
armored core: last raven,3,25,,
get up (newjeans),3,25,,
"saikyou no shien-shoku ""wajutsushi"" dearu ore wa sekai saikyou kuran o shitagaeru",3,25,,最凶の支援職【話術士】である俺は世界最強クランを従える
halo 5: guardians,3,25,,
under kids,3,25,,アンダーキッズ
american dragon jake long,3,25,,アメリカンドラゴン
ghost (band),3,25,,ゴースト(ヘヴィメタルバンド)
saikin imouto no yousuga chotto okashiindaga,3,25,,最近、妹のようすがちょっとおかしいんだが。
only human,3,25,,人間だけ
github,3,25,,
memories off innocent fille,3,25,,メモリーズオフ_-Innocent_Fille-
sekken-ya,3,25,,石鹸屋
earthworm jim (series),3,25,,アースワームジム
uefa champions league,3,25,,
extracurricular activities,3,25,,
the prey (norasuko),3,25,,
nimona,3,25,,
duck dodgers,3,25,,ダック・ドジャース
blood-c the last dark,3,25,,
sore wa maichiru sakura no you ni,3,25,,それは舞い散る桜のように
jkt48,3,25,,
eat-man,3,25,,
wizard barristers: benmashi cecil,3,25,,ウィザード・バリスターズ
pop chaser,3,25,,
kamen rider: reiwa the first generation,3,25,,仮面ライダー_令和_ザ・ファースト・ジェネレーション
pinkpunkpro,3,25,,
amptakxcolors,3,25,,アンプタック
rokushin gattai godmars,3,25,,六神合体ゴッドマーズ
spy x family code: white,3,25,,
collage (band),3,25,,珂拉琪
death tome,3,25,,デストーム
toukiden,3,25,,討鬼伝
judas priest,3,25,,
saint dorei gakuen 2,3,25,,聖奴隷学園2
steel chronicle,3,25,,スティールクロニクル
disorder 6,3,25,,障害6
haremon,3,25,,
idol show time,3,25,,アイショタ
crossbreed (tabayou),3,25,,くろすぶりーど
chousoku spinner,3,25,,超速スピナー
real husbands of hollywood,3,25,,
lumilive,3,25,,ルモイブ
tenchi muyou! manatsu no eve,3,25,,天地無用!真夏のイヴ
aikagi (azarashi soft),3,25,,アイカギ
comic magnum,3,25,,コミックマグナム
danganronpa gaiden: killer killer,3,25,,ダンガンロンパ害伝キラーキラー
baka dakedo chinchin shaburu no dake wa jouzu na chii-chan,3,25,,バカだけどチンチンしゃぶるのだけはじょうずなちーちゃん
uso (campus),3,25,,USO（キャンパス）
atelier annie,3,25,,アニーのアトリエ
the labyrinth,3,25,,
the box (vtuber),3,25,,
oz (manga),3,25,,オズ（マンガ）
konbini dmz plus!,3,25,,Konbini DMZ Plus！
final fantasy tactics: hakuma doushi shibari,3,25,,FFT白魔道士縛り
mamono musume-tachi to no rakuen ~slime & scylla~,3,25,,Mamono Musume-Tachi to No Rakuen〜Slime＆Scylla〜
tales of pixiv,3,25,,Pixivの物語
kawarazakike no ichizoku,3,25,,河原崎家の一族
bridgerton,3,25,,
kiben gakuha yotsuya-senpai no kaidan,3,25,,Kiben Gakuha Yotsuya-Senpai No Kaidan
super robot wars l,3,25,,スーパーロボット大戦L
burn!! (love live!),3,25,,
cast away,3,25,,
wave!! surfing yappe!!,3,25,,
ironna onnanoko to kiss wo shiteitara yuri kiss ni mezamete shimaimashita,3,25,,キス百合
henshin!!! ~pantsu ni natte kunkun peropero~,3,25,,へんし~ん!!!_~パンツになってクンクンペロペロ~
galasynth (vocaloid),3,25,,
katteni kaizou,3,25,,かってに改蔵
kuukiyomi: consider it,3,25,,空気読み。
atsuize pen-chan,3,25,,熱いぜ辺ちゃん
parco (retailer),3,25,,パルコ
sync.art's,3,25,,
cavewoman (comic),3,25,,
class no gyaru ga nazeka ore no gimai to nakayoku natta.,3,25,,クラスのギャルが、なぜか俺の義妹と仲良くなった。
jorge joestar,3,25,,ジョージ・ジョースター
yuusha shirei dagwon,3,25,,勇者指令ダグオン
saimin class wonderful,3,25,,催眠クラスWONDERFUL
push!!,3,25,,
mahou sensou,3,25,,魔法戦争
meikyuu tansaku dragon princess,3,25,,迷宮探索ドラゴンプリンセス
sengoku yaraideka,3,25,,戦国やらいでか
mirai shousetsu arcana,3,25,,ミライショウセツアルカナ
mitou shoukan://blood sign,3,25,,未踏召喚://ブラッドサイン
king of prism: shiny seven stars,3,25,,
girigiri love,3,25,,ぎりギリLOVE
star fox 64,3,25,,スターフォックス64
cosplex,3,25,,コスプレックス
flyff,3,25,,
r2 online,3,25,,R2オンライン
the sorcerer's apprentice,3,25,,魔法使いの弟子
mussolier de shengzhizhe,3,25,,莫索里哀的圣职者
shion no ou,3,25,,しおんの王
kaii shoukougun 2,3,25,,
houkago no senpai,3,25,,Houkago no senpai
gyaku oudou,3,25,,逆王道
tenshi ni narumon,3,25,i'm gonna be an angel!,天使になるもんっ!
k-on! shuffle,3,25,,けいおん!Shuffle
colo colo,3,25,,
reignite,3,25,,再燃
luminous arc 3,3,25,,発光アーク3
rummy & coqui,3,25,,
sd gundam world sangoku soketsuden,3,25,,SD Gundam World Sangoku Soketsuden
blood (game),3,25,,ブラッド(Blood)
the offspring,3,25,,オフスプリング
tokimeki general girls x,3,25,,Tokimeki General Girls x
sengoku fubu,3,25,,アニメ風戦国布武イラコン
comic orga,3,25,,コミックオルガ
alicuu girls maximum: bahamut,3,25,,Alicuu Girls Maximum：Bahamut
mahou shoujo madoka magica: majuu hen,3,25,puella magi madoka magica: wraith arc,魔法少女まどか☆マギカ[魔獣編]
autumn yarofes:2023,3,25,,
009-1,3,25,,ゼロゼロナイン・ワン
albino (vocaloid),3,25,,アルビノ
netrunmon,3,25,,
duke nukem 3d,3,25,,
call boy (vocaloid),3,25,,コールボーイ
shukketsubo,3,25,,出血簿
ane doki,3,25,,あねどきっ
noroi no megane (vocaloid),3,25,,ノロイノーメガン（ボーカロイド）
frederica (game),3,25,,7レデリカ
virtual hertz,3,25,,
magna carta 2,3,25,,マグナカルタ2
yomban,3,25,,ヨンバン
tamatama,3,25,,タマタマ
studio ring,3,25,,スタジオリング
borussia dortmund,3,25,,ボルシア・ドルトムント
avalon code,3,25,,アバロンコード
sukumizu 2,3,25,,すす2
battle fantasia,3,25,,
haruiro ouse,3,25,,ハルイロウーズ
trip dancer,3,25,,トリップダンサー
jarinko chie,3,25,,じゃりン子チエ
touji no sato,3,25,,杜氏の郷
youkoso chinshusou,3,25,,
bitch hime,3,25,,雌犬の丘
famicom tantei club,3,25,,ファミコン探偵倶楽部
sentou yousei shoujo tasukete mave-chan,3,25,,戦闘妖精少女たすけて!メイヴちゃん
unity (game engine),3,25,,ユニティ
necromantic,3,25,,
kaijin mira no dai 2 keitai ga kawaisugiru,3,25,,
inaba of the moon and inaba of the earth,3,25,,
burn-up excess,3,25,,
meumy,3,25,,
da-maid-san wa aisaretai!,3,25,,駄メイドさんは愛されたいっ!
peach boy riverside,3,25,,ピーチボーイリバーサイド
dokidoki yandemic,3,25,,ドキドキ★病んでミック
girls book maker ~grimm to sannin no ohime-sama~,3,25,,女の子のブックメーカー〜グリムからサンニンno ohime-sama〜
little monica monogatari,3,25,,
kimi no negai ga kanau made,3,25,,きみの願いが叶うまで
onaji class no idol-san. around me is full by a celebrity.,3,25,,onajiクラスはアイドルさんを教えていません。私の周りは有名人によっていっぱいです。
saishuu shiken kujira,3,25,,最終試験くじら
otogi resurrection,3,25,,御伽りざれくしょん
kuneru marta,3,25,,くーねるまるた
ayakashibito,3,25,,あやかしびと
alchemist (company),3,25,,錬金術師（会社）
black santa no christmas,3,25,,ブラックサンタのクリスマス
love love life,3,25,,らぶらぶらいふ
tenbin no la dea ~ikusa megami memoria~,3,25,,天秤のLa_DEA。戦女神MEMORIA
hercequary,3,25,,ハースキュアリー
toca band,3,25,,
toca boca,3,25,,
asagiri no miko,3,25,,朝霧の巫女
princess holiday,3,25,,Princess_Holiday~転がるりんご亭千夜一夜~
kamen rider my-th (series),3,24,,仮面ライダーマイス
jibun tsukkomi kuma,3,24,,自分ツッコミくま
kirby fighters 2,3,24,,カービィファイターズ2
kotoneiro,3,24,,コトネイロ
junjou romantica,3,24,,純情ロマンチカ
heroine re quest,3,24,,ヒロインRE♡クエスト
my little pony (g3),3,24,,
dustcell,3,24,,
sword art online: moon cradle,3,24,,ムーン・クレイドル
radirgy,3,24,,
goblin nest,3,24,,
mega man star force 1,3,24,,流星のロックマン1
itadaki! seieki!,3,24,,いただきっ!セーエキ_~吸血鬼のフルコース~
loopers,3,24,,
ore no sugata ga toumei ni!? invisible to suuki na unmei,3,24,,俺の姿が、透明に!?不可視の薬と数奇な運命
cagayake! girls,3,24,cagayake! girls pose,
exorcist no kiyoshi-kun,3,24,ultimate exorcist kiyoshi,悪祓士のキヨシくん
starbound,3,24,,スターバウンド
re:extinction,3,24,,
mondo muyo! tanetsuke kyoka-sho,3,24,,問答無用!種付け許可証~劣等遺伝子の俺でも国家権力でナカ出し放題~
time (magazine),3,24,,タイム
mamegoma (san-x),3,24,,まめゴマ
fear and loathing in las vegas,3,24,,ラスベガスをやっつけろ
konami wai wai world,3,24,,コナミワイワイワールド
priministar,3,24,,プライミニスター
kakenuke seishun sparking!,3,24,,かけぬけ★青春スパーキング!
kmfdm,3,24,,
super danganronpa 2.5: komaeda nagito to sekai no hakaimono,3,24,danganronpa 2.5: nagito komaeda and the world vanquisher,
transformers: return of convoy,3,24,,戦え!超ロボット生命体トランスフォーマーリターン・オブ・コンボイ
death stranding 2: on the beach,3,24,death stranding 2,
medorei,3,24,,牝奴隷~犯された放課後~
musha aleste,3,24,,武者アレスタ
uchuu keiji shaider,3,24,,宇宙刑事シャイダー
tales from the smp,3,24,,
tsuihou sareta musai ouji jitsu wa saikyou no healer datta,3,24,,
gartic phone,3,24,,
kuroguro-san wa kyou mo kuroi,3,24,,黒々さんは今日も黒い
dragon magazine,3,24,,月刊ドラゴンマガジン
gwain saga,3,24,,
netosis (satou kuuki),3,24,,ネトシス
marshall maximizer (cevio),3,24,,マーシャル・マキシマイザー
dumbo,3,24,,ダンボ
kaerunyo panyon,3,24,,かえるにょ・ぱにょ~ん
hana ni kaze (vocaloid),3,24,,花に風
ai kotoba ii (vocaloid),3,24,,愛言葉II
tropical vacation,3,24,,トロピカルVACATION
fairy tail zero,3,24,,フェアリーテイル
friend characters,3,24,,
kanazawa one-side love,3,24,,金沢片恋慕
super meat boy,3,24,,スーパーミートボーイ
gigantic drive,3,24,robot alchemic drive,ギガンティックドライブ
bubsy (series),3,24,,
sweet magic (vocaloid),3,24,,スイートマジック
mousou kanshou daishou renmei (vocaloid),3,24,,妄想感傷代償連盟
galaxy live (vocaloid),3,24,,初音ミクギャラクシーライブ
rtrt (mili),3,24,,
gaia online,3,24,,ガイアオンライン
hyakujuu sentai gaoranger,3,24,,百獣戦隊ガオレンジャー
super mario maker 2,3,24,,スーパーマリオメーカー2
bojack horseman (series),3,24,,ボージャック・ホースマン
muv-luv alternative chronicles 03,3,24,muvluv alternative chronicles 03,
the elder scrolls ii: daggerfall,3,24,,
injustice: gods among us,3,24,,インジャスティス
super robot wars gc,3,24,,スーパーロボット大戦GC/XO
kan'ochi x netorare kazoku ~anata yurushite. watakushi-tachi uwaki sex ni honki de hamacchatta no~,3,24,,完堕ちX寝取られ家族
the hunchback of notre dame (novel),3,24,,ノートルダム・ド・パリ
cocoluce,3,24,,ココルーチェ
innocent witches (fangame),3,24,,
yogscast,3,24,,ヨグキャスト
oikakeru yume no saki de,3,24,,
zipang (kawaguchi kaiji),3,24,,ジパング
breakfast at tiffany's,3,24,,ティファニーで朝食を
trapezium,3,24,,トラペジウム
beatmania iidx 12 happy sky,3,24,,
blue star (vocaloid),3,24,,
saite jewel (idolmaster),3,24,,咲いてJewel
shirogane no soleil,3,24,,Shirogane no Soleil
popolocrois monogatari 2,3,24,,ポポロクロイス物語II
dengeki hobby,3,24,,電撃ホビーマガジン
metal wolf chaos,3,24,,メタルウルフカオス
kireigoto (hoshimachi suisei),3,24,,綺麗事
tama & friends,3,24,,タマ&フレンズ
ma no mono-tachi wa kuwadateru,3,24,the demons are planning something good,魔のものたちは企てる
gobanme no pierrot (vocaloid),3,24,,五番目のピエロ
maigo ni natteita youjo wo tasuketara otonari ni sumu bishoujo ryuugakusei ga ie ni asobi ni kuru you ni natta ken ni tsuite,3,24,,迷子になっていた幼女を助けたら、お隣に住む美少女留学生が家に遊びに来るようになった件について
concord (game),3,24,,
taxi driver,3,24,,
pink valentine,3,24,,ピンクバレンタイン
koi wa futago de warikirenai,3,24,love is indivisible by twins,恋は双子で割り切れない
answered prayers,3,24,,
myther,3,24,,ミザー
ouji-sama no tomodachi,3,24,a prince of a friend,王子様の友達
bloons tower defense,3,24,,
raya and the last dragon,3,24,,ラーヤと龍の王国
brutal complex,3,24,,
cleopatra fortune,3,24,,クレオパトラフォーチュン
equestria girls: forgotten friendship,3,24,,
koko kara natsu no innocence!,3,24,,ここから夏のイノセンス!
ken to mahou to gakuen mono 2,3,24,,剣と魔法と学園モノ。2
the lobster,3,24,,
maritsu loli succubus youmaen,3,24,,魔立ロリサキュバス妖魔園
m.s.s project,3,24,,
equestria girls (movie),3,24,,
amateras records,3,24,,
ikkakujuu wa tsuranukanai,3,24,,一角獣は貫かない
doll (game),3,24,,Doll(フリーゲーム)
bms,3,24,,
boston red sox,3,24,,ボストン・レッドソックス
brandish (h manga),3,24,,
hihouden,3,24,,秘宝伝
k2e-cradle,3,24,,
star wars: the bad batch,3,24,,バッド・バッチ
shin tenchi muyou!,3,24,,新・天地無用!
mou ippon!,3,24,,もういっぽん!
code of joker,3,24,,コードオブジョーカー
mahou sekai no uketsukejou ni naritai desu,3,24,,魔法世界の受付嬢になりたいです
esp ra.de.,3,24,,エスプレイド
ken ga kimi,3,24,,剣が君
kikaijima (utau),3,24,ki kai shima (utau),機拐島
lord of dice,3,24,,ロードオブダイス
swap swap,3,24,,すわっぷ⇔すわっぷ
school shock,3,24,,雏蜂
cinema (vocaloid),3,24,,シネマ
fixer (vocaloid),3,24,,
pokemon rumble,3,24,,ポケモンスクランブル
snack basue,3,24,,スナックバス江
kuroshitsuji: kishuku gakkou-hen,3,24,,黒執事_-寄宿学校編-
ftl: faster than light,3,24,,
taimanin asagi 2,3,24,,対魔忍アサギ2
seiso bitch na miko senpai,3,24,,清楚ビッチな巫女先輩
tank man,3,24,,無名の反逆者
isekai monogatari series,3,24,,
mystic light quest,3,24,,
the married woman nextdoor 2 - creampie sex beside her husband,3,24,,近所の人妻2-旦那の隣で我を忘れてる中出しSEX
butterfly wing (love live!),3,24,,
toki (manga),3,24,,怜-Toki-
demon turf,3,24,,
uraniwa no tochi-gami-sama,3,24,,裏庭の土地神様
warcraft iii,3,24,warcraft 3,
killzone,3,24,,キルゾーン
open the gate!!! (love live!),3,24,,
clover club (vocaloid),3,24,,クローバー♣クラブ
mahou shoujo ore,3,24,magical girl ore,魔法少女俺
yurameku kokoro ni michita sekai de kimi no yume to yokubou wa kanau ka,3,24,,yurameku kokoro ni michita sekai de kimi no yume to yokubou wa kanau ka
robot (manga),3,24,,
otome shiki ren'ai juku,3,24,,乙女式れんあい塾
houkago (doujin),3,24,after school (doujin),放課後
mahou shoujo madoka magica novel,3,24,,魔法少女まどか☆マギカ(ノベライズ版)
supergiant games,3,24,,
deadpool: samurai,3,24,,デッドプールSAMURAI
ningen series,3,24,,人間シリーズ
caucasus,3,24,,
natsuiro koi uta,3,24,,なついろこいうた
artificial world,3,24,,人工世界
soul reverse zero,3,24,,ソウルリバースゼロ
pawoo,3,24,,
infinite dendrogram,3,24,,インフィニット・デンドログラム
angel blue,3,24,,エンジェルブルー
snow fairy story (vocaloid),3,24,,スノーフェアリーストーリー（ボーカロイド）
netokano,3,24,,ネトカノ
b-densetsu! battle b-daman,3,24,,
hototogisu,3,24,,Hototogisu
harukanaru toki no naka de 2,3,24,haruka: beyond the stream of time 2,遙かなる時空の中で2
godzilla: the planet eater,3,24,,星を喰う者
waai!,3,24,,ワイ！
moshidora,3,24,,もしドラ
tsf monogatari,3,24,,TSF物語
shuffle! memories,3,24,,シャッフル！思い出
afro samurai,3,24,,アフロサムライ
soukoku no regalia,3,24,,双刻のレガリア
the locked tomb,3,24,"gideon the ninth,harrow the ninth",
volks dd,3,24,,
cucumber quest,3,24,,キュウカンバークエスト
rankou kyoushitsu,3,24,,乱交教室
nextopia,3,24,,ねくすとぴあ
super robot wars alpha 1,3,24,,スーパーロボット大戦α
godzilla (1998),3,24,,エメゴジ
egao no daika,3,24,the price of smiles,エガオノダイカ
the pizza delivery man and the gold palace,3,24,,
legend of the five rings,3,24,,
resident evil: infinite darkness,3,24,,バイオハザード:インフィニットダークネス
enkei,3,24,,
zodiac (mucha),3,24,,
otome ga irodoru koi no essence,3,24,,乙女が彩る恋のエッセンス
touma no shinzou,3,24,,トーマの心臓
playasia,3,24,,
flower fairy,3,24,,
josou shinwa,3,24,,女装神話
yurudorashiru,3,24,,ゆるドラシル
furi2play!,3,24,,furi2play！
natsuyuki rendezvous,3,24,,夏雪ランデブー
star wars legion,3,24,,
murasaki (game),3,24,,ムラサキ
metal max 3,3,24,,メタルマックス3
bill & ted,3,24,,ビルとテッド
metem puella,3,24,,Metem Puella
shirogane no cal to soukuu no joou,3,24,,白銀のカルと蒼空の女王
angelium,3,24,,
shoujo fight,3,24,,少女ファイト
go! go! nippon!,3,24,,GGNイラスト
boston celtics,3,24,,ボストン・セルティックス
gundam wing: frozen teardrop,3,24,gundam wing frozen teardrop,
cnn,3,24,,
hakuisei ren'ai shoukougun,3,24,nurse love syndrome,白衣性恋愛症候群
snk gals fighters,3,24,,SNKギャルズファイターズ
lens life,3,24,,レンズライフ
soulless,3,24,,魂のない
forever's end,3,24,,
lemon people,3,24,,レモンピープル
kick buttowski,3,24,,キック・ザ・びっくりボーイ
ring no seraph (vocaloid),3,24,,リングの熾天使
seiken manifestia,3,24,,政剣マニフェスティア
ching nu yu hun 2,3,24,,倩女幽魂2
assassin's creed: origins,3,24,,アサシンクリードオリジンズ
hyper brand,3,24,,ハイパーブランド
wind fantasy (series),3,24,,ル・シエル・ブルー
the eric andre show,3,24,,エリック・アンドレ・ショー
kung fu cooking girls,3,24,,カンフー料理娘
na tian wo bangjia le yi zhi luoli,3,24,,"那天,我綁架了一隻蘿莉"
owari naki natsu towa naru shirabe,3,24,,終わりなき夏永遠なる音律
sankaku no kyori wa kagirinai zero,3,24,,三角の距離は限りないゼロ
moondrop,3,24,,水月雨
kiss players,3,24,,キスぷれ
fairly life,3,24,,
job killer,3,24,,
momoiro no kagi (vocaloid),3,24,,ももいろの鍵
lucky orb (vocaloid),3,24,,ラッキーオーブ
daisuke (beatmania),3,24,,
wild wet quest,3,24,,ワイルドウェットクエスト
slime rancher,3,24,,
hitsuji no uta,3,24,,羊のうた
viper m1,3,24,,Viper M1
nymphclub,3,24,,
injuu kangoku,3,24,,淫獣艦獄
osu! banchou,3,24,,押忍!番長
kiss yori saki ni koi yori hayaku,3,24,,Kiss Yori saki ni koi yori hayaku
soushisouai note,3,24,,Soushisouaiノート
otoko matsuri,3,24,,
cross days,3,24,,
kitsune cafe,3,24,,キツネカフェ
zetman,3,24,,ゼットマン
puyopuyo chronicle,3,24,,ぷよぷよクロニクル
hoken dayori,3,24,,保健だより
kuro no utahime,3,24,,kuro no utahime
tokyo lover,3,24,,東京ラバー
tokimeki memorial 3,3,24,,ときめきメモリアル3
reimu no yari,3,24,,reimu no yari
dear my friend,3,24,,親愛なる友人へ
broken hilt inn,3,24,,
the fifth element,3,24,,フィフス・エレメント
iwakakeru! sport climbing girls,3,24,,いわかける!
chu chu rocket,3,24,,チューチューロケット
koimomo,3,24,,恋もも
hoshiai no sora,3,24,stars align,星合の空
renai no jugyou,3,24,,
taisen hot gimmick 4ever,3,24,,
omuro musume,3,24,,御室ムスメ
fuyukara kururu,3,24,,
manao-ke,3,24,,マナオケ
yonder voice,3,24,,
kamen rider zi-o the movie: over quartzer,3,24,,
"gundam 00 festival 10 ""re:vision""",3,24,,
shadow maiden selenoxia,3,24,,魔装影姫セレノクシア
samba de amigo,3,24,,サンバDEアミーゴ
shachou batoru no jikan desu!,3,24,,社長、バトルの時間です!
kutsujoku 2,3,24,,
afternoon (magazine),3,24,,アフタヌーン
gundam evolve,3,24,,ガンダムEVOLVE
xenoluxe,3,24,,
twocar,3,24,,つうかあ
ojou-sama wa gokigen naname,3,24,,お嬢様はご機嫌ナナメ
yumekoi,3,24,,ユメコイ
chaos drive,3,24,,カオスドライブ
re:birth colony,3,24,,リバースコロニー
dead drive,3,24,,デッドドライブ
tetofes,3,24,,
ristar the shooting star,3,23,,リスター・ザ・シューティングスター
team6x111,3,23,,
re;bon,3,23,,
star-mine (idolmaster),3,23,,
winrar,3,23,,
mina the hollower (game),3,23,,
tokidoki bosotto roshia-go de dereru yuusha no alya-san,3,23,,時々ボソッとロシア語でデレる勇者のアーリャさん
the who,3,23,,
comitia 154,3,23,,コミティア154
unstable universe,3,23,,
numb numb (vocaloid),3,23,,
choujin sentai jetman,3,23,,鳥人戦隊ジェットマン
mahou tsukai kurohime,3,23,,魔砲使い黒姫
caramella girls,3,23,,
sex pistols,3,23,,
juu ni seiza kan satsujin jiken,3,23,,十二星座館殺人事件
project karibito,3,23,,狩人計畫
ego renegade boy (vocaloid),3,23,,自我反逆ボーイ
chiisana yabou (idolmaster),3,23,,小さな野望
kamisama no enmusubi,3,23,,神さまの怨結び
party rock eternity (vocaloid),3,23,,
gekijou-ban naruto: dai koufun! mikazuki-jima no animaru panikku dattebayo!,3,23,naruto the movie: guardians of the crescent moon kingdom,
dragon's lair,3,23,,ドラゴンズレア
kodansha,3,23,,
saikyou no shokugyou wa yuusha demo kenja demo naku kanteishi (kari) rashii desu yo?,3,23,,最強の職業は勇者でも賢者でもなく鑑定士(仮)らしいですよ?
akaneirotown,3,23,,茜音色タウン
devil summoner 2: raidou kuzunoha vs king abaddon,3,23,,デビルサマナー葛葉ライドウ対アバドン王
fuuun aiuchi gakuen flat,3,23,,風雲相討学園フラット
doomer (synthesizer v),3,23,,ドゥーマー
dungeon crusaderz,3,23,,ダンジョンクルセイダーズ
pokemon snap,3,23,,ポケモンスナップ
gungho,3,23,,
the good the bad and the ugly,3,23,,続・夕陽のガンマン
shounen maid kuuro-kun,3,23,,少年メイドクーロ君
renewlive,3,23,,
intergalactic bound (vocaloid),3,23,,
gundam walpurgis,3,23,,機動戦士ガンダムヴァルプルギス
pantheon (tv series),3,23,,
comic alive,3,23,,COMICアライブ
baku ane 2 ~otouto ippai shibocchau zo!~,3,23,,ばくあね2
suna no bara,3,23,desert rose,砂の薔薇
reirou no hydrangea,3,23,,玲瓏のHydrangea
mega man x corrupted,3,23,,
one piece: baron omatsuri and the secret island,3,23,,オマツリ男爵と秘密の島
junjou gyaru wa kanojo ja nai no ni,3,23,,純情ギャルはカノジョじゃないのに
predators (2010),3,23,,
isekai no sata wa shachiku shidai,3,23,the other world's books depend on the bean counter,異世界の沙汰は社畜次第
koiseyo mayakashi tenshi-domo,3,23,fall in love you false angels,恋せよまやかし天使ども
dragon quest xii,3,23,,ドラゴンクエストXII
pia carrot e youkoso!!,3,23,,Pia♥キャロットへようこそ!!
beatmania iidx 28 bistrover,3,23,,
godzilla vs. king ghidorah,3,23,,ゴジラVSキングギドラ
epictale,3,23,,
bokujou monogatari 2,3,23,,牧場物語2
dance robot dance (vocaloid),3,23,,ダンスロボットダンス
quake 1,3,23,,
american idiot,3,23,,
mahjong monogatari,3,23,,麻雀物語
moe shop,3,23,,
j-list,3,23,,
skittles,3,23,,スキットルズ
replica datte koi wo suru,3,23,,レプリカだって、恋をする
tokyo succubus,3,23,,東京サキュバス
anata shika mienai no (vocaloid),3,23,,あなたしか見えないの
yappari ame wa furunda ne,3,23,,やっぱり雨は降るんだね
final fantasy mystic quest,3,23,,ミスティッククエスト
rinkou no lemuria,3,23,,燐光のレムリア
doga kobo,3,23,douga koubou,株式会社動画工房
ultra galaxy fight: the absolute conspiracy,3,23,,ウルトラギャラクシーファイト大いなる陰謀
line friends,3,23,,
chirijiri (synthesizer v),3,23,,散り散り
cirno's perfect math class,3,23,,チルノのパーフェクトさんすう教室
tokyo mew mew a la mode,3,23,,東京ミュウミュウあ・ら・もーど
mini hen (utau),3,23,,ミニ偏
mario party 2,3,23,,マリオパーティ2
raika days,3,23,,
natsu no kusari,3,23,,夏ノ鎖
shokunin to hitozuma,3,23,,職人と人妻
aqua style,3,23,,
x2: eclipse,3,23,,エクリプスサーガ
getter robo devolution,3,23,,ゲッターロボDEVOLUTION~宇宙最後の3分間~
mekakare,3,23,,メカカレ
cliffside,3,23,,
ultraman zearth (series),3,23,,ウルトラマンゼアス
gunshow (comic),3,23,,
dead mount death play,3,23,,デッドマウント・デスプレイ
the metamorphosis,3,23,,変身(フランツ・カフカ)
goddess order,3,23,,ゴッデスオーダー
my harem grew so large i was forced to ascend,3,23,,"妹子太多,只好飞升了"
comitia 150,3,23,,コミティア150
they live,3,23,,
misumisou,3,23,liverleaf,ミスミソウ
the mandalorian and grogu,3,23,,マンダロリアン・アンド・グローグー
star wars: legacy,3,23,,スターウォーズレガシー
hotchkiss,3,23,,
feel jewel dream (idolmaster),3,23,,
kagerou: kokumeikan shinshou,3,23,,影牢~刻命館真章~
rise of the ronin,3,23,,ライズオブローニン
bakunyuu maid gari,3,23,,爆乳メイド狩り
warhammer 40k: darktide,3,23,,
tsumamigui,3,23,,妻みぐい
pororo the little penguin,3,23,,ポンポンポロロ
loca!,3,23,,
hot guy p.i.,3,23,,
tensai majo no maryoku kare,3,23,,天才魔女の魔力枯れ
capcom fighting collection,3,23,,カプコンファイティングコレクション
party kara tsuihousareta sono chiyushi jitsu wa saikyou ni tsuki,3,23,,パーティーから追放されたその治癒師、実は最強につき
uchuu no kishi tekkaman,3,23,tekkaman: the space knight,宇宙の騎士テッカマン
sasuga no sarutobi,3,23,,さすがの猿飛
alt-girl for skuf,3,23,,
mai princess,3,23,,米プリンセス
godzilla: city on the edge of battle,3,23,,
xi-on,3,23,,彩音
karakuri burst (vocaloid),3,23,,からくり卍ばーすと
michikusaya,3,23,,道草屋
smg4,3,23,,
fire emblem: hasha no tsurugi,3,23,,ファイアーエムブレム覇者の剣
nanatsu no taizai grand cross,3,23,,
naze boku no sekai wo daremo oboeteinai no ka?,3,23,,なぜ僕の世界を誰も覚えていないのか?
ikanaide (vocaloid),3,23,,いかないで
odyssey (galois),3,23,,
twelve forever,3,23,,
honto no kimochi,3,23,,ホントノキモチ
a cruel angel's thesis,3,23,zankoku na tenshi no these,残酷な天使のテーゼ
lupin zero,3,23,,ルパンゼロ
shinigami no testament,3,23,,死神のテスタメント
seaman,3,23,,シーマン
code beast,3,23,,コードビースト
evangelion re-take,3,23,,
the lego ninjago movie,3,23,,
code geass (manga),3,23,,
toraware no yakata,3,23,,囚われの館
treasure (developer),3,23,,トレジャー
bosei kanojo 2 -chisei houkai-hen-,3,23,,
teito monogatari,3,23,,帝都物語
umi and iris,3,23,,
denki yohou (vocaloid),3,23,,電気予報
mokushiroku no yonkishi,3,23,four knights of the apocalypse,黙示録の四騎士
imsa gt championship,3,23,,IMSAGT選手権
waifusplit,3,23,,
shikoku yonkyoudai,3,23,,四国四兄弟
drug of gold (vocaloid),3,23,,
gokusen,3,23,,ごくせん
battlerite,3,23,,
beast machines,3,23,,ビーストウォーズリターンズ
blast project,3,23,,
linus tech tips,3,23,,リーナス・テック・ティップス
dallas cowboys,3,23,,ダラス・カウボーイズ
kujibiki tokushou: musou harem-ken,3,23,,くじ引き特賞:無双ハーレム権
pylori kin no uta (vocaloid),3,23,,
pop in q,3,23,,ポッピンQ
sugatem! -sugarfull tempering-,3,23,,しゅがてん!
megami no yuusha wo taosu gesu na houhou,3,23,,女神の勇者を倒すゲスな方法
onii-chan kiss no junbi wa mada desu ka? ecchi no junbi mo mada desu ka?,3,23,,
imouto-chan to taka-kun,3,23,,妹ちゃんとタカ君
vividz,3,23,,
monster master x,3,23,,モンスターマスターX
khimera destroy all monster girls,3,23,,
little missing stars (vocaloid),3,23,,五線譜ミク
maid in oshigoto,3,23,,
komorebi no nostalgica,3,23,,木洩れ陽のノスタルジーカ
lovesick puppies,3,23,,
hanaukyou maid tai,3,23,,花右京メイド隊
shukufuku no kane no oto wa sakura-iro no kaze to tomo ni,3,23,,祝福の鐘の音は、桜色の風と共に
meiyaku no leviathan,3,23,,
aza-koi,3,23,,あざ恋
sexy beach,3,23,,
united states angel corps,3,23,,アメリカ合衆国天使隊
microne magazine,3,23,,
souken no cross age,3,23,,双剣のクロスエイジ
primary ~magical trouble scramble~,3,23,,
battle dome,3,23,,バトルドーム
beast wars neo,3,23,,
jack stauber,3,23,,
yocchan foods,3,23,,よっちゃん食品工業
girlfriend project (emyo),3,23,,
mahou shoujo taisen contest 2,3,23,,第二次魔法少女大戦イラコン
saikyou robo daiooja,3,23,,最強ロボダイオージャ
stay (love live!),3,23,,Stay(天王寺璃奈)
dirty pair (novels),3,23,,
ily.,3,23,,
yorumorukimiri,3,23,,ヨルモルキミリ
game (=eroge) mitai na suteki na koi ga shitai!,3,23,,
uchuu ken'etsu-kan,3,23,,宇宙検閲官
tenmei no conquista,3,23,,天冥のコンキスタ
cannon dancer,3,23,,キャノンダンサー
genkai tokki moero crystal,3,23,,モエロクリスタル
aibeya 2,3,23,,アイベヤ2
philharmonic princesses,3,23,,
ano ko ni kiss to shirayuri wo,3,23,,あの娘にキスと白百合を
obi-wan kenobi (disney+),3,23,,
sakura beach,3,23,,
ecchi de hentai! yakimochi ojou-sama!!,3,23,,エッチでヘンタイ!
chaos dragon,3,23,,ケイオスドラゴン
sunabouzu,3,23,desert punk,砂ぼうず
futanari shoujo no shasei nikki,3,23,,
kyouki yori ai o komete,3,23,from madness with love,狂気より愛をこめて
akizora ni mau confetti,3,23,,秋空に舞うコンフェティ
tokyo magnitude 8.0,3,23,,東京マグニチュード8.0
shikkaku ishi,3,23,,シッカッカイ
classroom crisis,3,23,,クラスルーム☆クライシス
ame-chan waku-waku date game,3,23,,あめちゃんわくわくデートゲーム
niizuma koyomi,3,23,,
duel princess,3,23,,デュエルプリンセス
houkago eroge-bu!,3,23,,放課後☆エロゲー部!
mudan tensai wa yurushimasen!,3,23,,無断転載は許しませんっ!
oxide 2,3,23,,
megami tensei ii,3,23,,デジタル・デビル・ストーリー女神転生II
shuugakuryokou kanojo torareru nettaiya,3,23,,修学旅行、彼女奪られる熱帯夜
yume graffiti,3,23,,
kinnikuman nisei,3,23,,キン肉マンII世
tempest (game),3,23,,
code geass: nightmare of nunnally,3,23,,
sentenced to nudity,3,23,,
lustful berry,3,23,,
dubidubidu (christell),3,23,,
oyako rankan,3,23,,母娘乱館
qq dance,3,23,,QQ炫舞
tsuki no kanata de aimashou,3,23,,月の彼方で逢いましょう
gundam seed eclipse,3,23,,
mardock scramble,3,23,,マルドゥック・スクランブル
mario tennis (nintendo 64),3,23,,マリオテニス64
fensi,3,23,,
kyou kara ore wa!!,3,23,,"今日から俺は!!,"
mizunami fossil museum,3,23,,瑞浪市化石博物館
like a treasure (love live!),3,23,,
ginga densetsu weed,3,23,,銀牙伝説ウィード
futa-chan,3,23,,
super elegant,3,23,,スーパーエレガント
magical arms angel nana,3,23,,
innocent blue,3,23,,
shiawase na ohimesama,3,23,,しあわせなお姫様
polly pocket,3,23,,ポーリーポケット
grief syndrome,3,23,,グリーフシンドローム
system shock,3,23,,
sen no maken to tate no otome,3,23,,千の魔剣と盾の乙女
tenohira wo taiyou ni,3,23,,てのひらを、たいように
oniichan kuchukuchu shisugidayo,3,23,,
mrs. estacion,3,23,,Mrs.エスタシオン
ar forgotten summer,3,23,,
temptation 2,3,23,,
drowtales,3,23,,
sacred earth (series),3,23,,
lux-pain,3,23,,
mehime no toriko,3,23,,牝姫の虜
tenbatsu angel rabbie,3,23,,天罰エンジェルラビィ
soreyuke marin-chan,3,23,,それゆけまりんちゃん
yoigoshi-hen,3,23,,宵越し編
shuffle! essence+,3,23,,シャッフル!エッセンス・プラス
ibitte konai gibo to gishi,3,23,,いびってこない義母と義姉
locadol promotion,3,23,,ロカドルイラコン
junketsu seijo kisstiana,3,23,,純潔聖女キスティアナ
phantom brave: yuurei sendan to kieta eiyuu,3,23,,ファントム・ブレイブ幽霊船団と消えた英雄
hyakka ryouran samurai bride,3,23,,百花繚乱_サムライブライド
conception 2,3,23,,コンセプション2
kinjo no yasashii onee-san,3,23,,近所のやさしいおねえさん
grimoire of marisa,3,23,,グリモワールオブマリサ
magical witch concerto,3,23,,マジカルウィッチコンチェルト
kiseki no mahou nozomira melody,3,23,,奇跡の魔法のぞミラ♪メロディ
toriko no tsubasa ~butaiura de midara ni odoru shojo ningyou~,3,23,,トリコノーツバサ〜ブタイラデミダラni odoru shojo ningyou〜
oblivious (dmm),3,23,,
fuyu kiss,3,23,,
bourbon corporation,3,23,,ブルボン
yunohana,3,23,,
shirogane x spirits,3,23,,シロガネ×スピリッツ!
kuutei dragons,3,23,,空挺ドラゴンズ
chichinoe plus,3,23,,
mahou shoujo artelion,3,23,,魔法少女アルテリオン
haru to yuki,3,23,,
hime jiru,3,23,,姫汁
kamigami no asobi,3,23,,神々の悪戯
saimin class,3,23,,催眠クラス~女子全員、知らないうちに妊娠してました~
peridot (manga),3,23,,ペリドット
cocoro@function!,3,23,,
uchi no toko de wa,3,23,,うちのトコでは
comic vitaman,3,23,,
tyrion cuthbert: attorney of the arcane,3,22,,
beep beep (hololive),3,22,,
steins;gate re:boot,3,22,,
snatcher,3,22,,スナッチャー
my little pony: a new generation,3,22,,
saikyou onna shishou-tachi ga ikusei houshin wo megutte shuraba,3,22,,最強女師匠たちが育成方針を巡って修羅場
mary jane (jack jeanne),3,22,,メアリー・ジェーン
weekend lesson (jack jeanne),3,22,,ウィークエンド・レッスン
youkai torimonochou,3,22,,
bancho (todoroki hajime),3,22,,
power pro-kun pocket 1,3,22,,パワポケ1
super robot wars original generations,3,22,,スーパーロボット大戦OGs
alter/ego,3,22,,
choukou senki kikaioh,3,22,"choukou senki kikaiou,tech romancer",超鋼戦紀キカイオー
blue eyes (manga),3,22,,
shoujo a (vocaloid),3,22,,少女A
don't hug me i'm scared,3,22,,ドントハグミーアイムスケアード
hypixel skyblock,3,22,,
time bokan,3,22,,タイムボカン
kanojo no tomodachi,3,22,my girlfriend's friend,彼女の友達
pokemon x and y (prototype),3,22,pokemon xy (prototype),
saga planets,3,22,,サガプラネッツ
savage reign,3,22,,風雲黙示録
diabolique,3,22,,デアボリカ
destiny unchain online: kyuuketsuki shoujo to natte yagate aka no maou to yobareru you ni narimashita,3,22,,ディスティニーアンチェインオンライン
supergirl (2015),3,22,,
necogurashi,3,22,,
hanakaku,3,22,,ハナカク
my little pony (idw),3,22,,
mega man iv,3,22,,ロックマンワールド4
sengoku musou chronicle,3,22,samurai warriors: chronicles,戦国無双クロニクル
otome anthology (love live!),3,22,,乙女詞華集
machasal,3,22,,
brightest melody,3,22,,
namaiki na gal ane wo wakaraseru hanashi,3,22,,生意気なギャル姉を解らせる話
chocolat cadabra (ado),3,22,,ショコラカタブラ
the sound of music,3,22,,サウンド・オブ・ミュージック
horizon walker,3,22,,ホライゾン・ウォーカー
take on me (a-ha),3,22,,
kunihiko moriguchi,3,22,,
castlevania: dracula x chronicles,3,22,,悪魔城ドラキュラXクロニクル
kaze densetsu bukkomi no taku,3,22,,疾風伝説_特攻の拓
ryoushi no umi no lindwurm,3,22,,量子の海のリントヴルム
assassin's creed: shadows,3,22,,アサシンクリードシャドウズ
prince kingdom,3,22,puridamu (group),ぷりだぁと
dune: part two,3,22,,
sou homura no kenshi to fushi no majo,3,22,,葬焔の剣士と不死の魔女
tutorial summer,3,22,,
desktop mate,3,22,,
potionomics,3,22,,
shirohako no mahoutsukai,3,22,,白はこの魔法使い
beatmania iidx 25 cannon ballers,3,22,,
oggy and the cockroaches,3,22,,オギー&コックローチ
inda no himekishi janne,3,22,,淫堕の姫騎士ジャンヌ
john doe (visual novel),3,22,,
aisei tenshi love mary akusei jutai,3,22,,愛聖天使ラブメアリー
one less chopstick band,3,22,,
fallen angels (movie),3,22,,天使の涙
hello good-bye,3,22,,
fallout shelter online,3,22,,FSOイラコン自分絵
mesudachi,3,22,,
studio wasabi,3,22,,スタジオわさび
neko kaburi-na (nekomata okayu),3,22,,ネコカブリーナ
sd gundam force,3,22,,SDガンダムフォース
otosareteiku onee-chan to nani mo dekinai boku ~akogare no kanojo wa inraku shi chitai wo sarakedasu~,3,22,,堕とされていくお姉ちゃんと、何もできないボク~憧れの彼女は、淫落し痴態をさらけ出す~
numberblocks,3,22,,
fc bayern munchen,3,22,,バイエルン・ミュンヘン
akuma-kun,3,22,,悪魔くん
dame ningen da (utau),3,22,,だめにんげんだ!
wrecking crew,3,22,,レッキングクルー
cosmetic (idolmaster),3,22,,
stardust virtual studio,3,22,,
the haunted mansion,3,22,,ホーンテッドマンション
furuta (company),3,22,,フルタ製菓
cure (alien stage),3,22,,
ah-software,3,22,,
american gothic,3,22,,
tokyo kaidan,3,22,,
omae gotoki ga maou ni kateru to omoun to yuusha party wo tsuihou sareta node outo de kimama ni kurashitai,3,22,,「お前ごときが魔王に勝てると思うな」
taozhu tongshu,3,22,,淘铢童书
god of war ii,3,22,,
rakudai majo fuuka no himitsu no heya,3,22,,らくだい魔女フウカのひみつの部屋
jinzou ningen 100,3,22,fabricant 100,人造人間100
ougon bat,3,22,,黄金バット
bookila ni yoroshiku!,3,22,,ブッキラによろしく
ars no kyojuu,3,22,giant beasts of ars,アルスの巨獣
comiket 74,3,22,c74,コミケ74
dan vs.,3,22,,
please bully me miss villainess!,3,22,,"请欺负我吧,恶役小姐!"
fragments blue,3,22,,
whentai,3,22,,
fancy frontier 22,3,22,,
sin chronicle,3,22,,シン・クロニクル
moegirlpedia,3,22,,萌娘百科
higurashi no naku koro ni rei,3,22,,ひぐらしのなく頃に令
batman: arkham city,3,22,,
grimoire of usami,3,22,,秘封倶楽部異界撮影記録
junji ito collection,3,22,,伊藤潤二『コレクション』
london calling,3,22,,
majo no hanaya-san,3,22,,魔女の花屋さん
socially awkward,3,22,,
peaches (song),3,22,,
l'arc~en~ciel,3,22,,ラルカンシエル
kinki no magna,3,22,,禁忌のマグナ
kyoto municipal subway,3,22,kyoto muncipal subway,京都市営地下鉄
diamond cut diamond,3,22,,DCD(漫画)
liaozhai zhiyi,3,22,"strange stories from a chinese studio,strange tales from a chinese studio",聊齋誌異
qing yunian,3,22,,庆余年
nayuta no kiseki,3,22,,那由多の軌跡
oshare majo love and berry,3,22,,ラブベリ
double decker!,3,22,,DOUBLE_DECKER!_ダグ&キリル
ni no kuni ii,3,22,,二ノ国2
yokohama seaside line,3,22,,横浜シーサイドライン
kuchi ga saketemo kimi ni wa,3,22,even if you slit my mouth,口が裂けても君には
abnormality dancin' girl (vocaloid),3,22,,アブノーマリティ・ダンシンガール
bob's burgers,3,22,,
the throne of girl,3,22,,少女的王座
no guns life,3,22,,ノー・ガンズ・ライフ
neon genesis evangelion: the iron maiden 2nd,3,22,,新世紀エヴァンゲリオン鋼鉄のガールフレンド2nd
black magic m-66,3,22,,ブラックマジックM-66
ma keikaku (vocaloid),3,22,,「Ma」計画
alien: isolation,3,22,,
rabbit in the room,3,22,,
captain laserhawk: a blood dragon remix,3,22,,
kitsune no yomeiri (vocaloid),3,22,,狐ノ嫁入リ
itadaki street,3,22,,いただきストリート
gears maiden,3,22,,ギアーズメイデン
wonderland to hitsuji no uta (vocaloid),3,22,,ワンダーランドと羊の歌
earthrise (game),3,22,,
there she is!!,3,22,,
super robot wars z3,3,22,,第3次スーパーロボット大戦Z
login records,3,22,,
justy x nasty,3,22,,
sorairo no organ,3,22,,
saikyou onmyouji no isekai tenseiki,3,22,the reincarnation of the strongest exorcist in another world,最強陰陽師の異世界転生記
help!! (hololive),3,22,,
grand archive,3,22,,グランドアーカイブ
neets channel,3,22,,ニーツ
the fairly oddparents: a new wish,3,22,,Oops!フェアリーペアレンツ:_新たな願い
isekai de cheat nouryoku o te ni shita ore wa genjitsu sekai o mo musou suru,3,22,,異世界でチート能力を手にした俺は、現実世界をも無双する
juventus fc,3,22,,
kaizoku oujo,3,22,,海賊王女
make a girl,3,22,,
faussete amour,3,22,,フォーセットアムール
line: monster farm,3,22,,
ikusa otome valkyrie,3,22,,戦乙女ヴァルキリー
digital wing,3,22,,
starfield,3,22,,スターフィールド
the jetsons,3,22,,宇宙家族ジェットソン
makui -death girl-,3,22,,
cat shit one,3,22,,キャットシットワン
marriage royale,3,22,,マリッジロワイヤル
nerd and jock,3,22,,
wilson sporting goods,3,22,,
seigi (zutomayo),3,22,,正義
umi to yuki no cyan blue,3,22,,海と雪のシアンブルー
ultraman: rising,3,22,,ウルトラマン:ライジング
yomega kiss,3,22,,ヨメガキッす
natsu no majo no parade,3,22,,夏の魔女のパレード
kimi to yumemishi,3,22,,キミトユメミシ
dinosaur adventure,3,22,,
baseball clash,3,22,,
chikan da ~shinri counselor meika no shinryou kiroku~,3,22,,痴漢堕~心理カウンセラー芽衣香の診療記録~
god wars,3,22,,
god wars: toki wo koete,3,22,,
mimiket,3,22,,みみけっと
interviewer (vocaloid),3,22,,インタビュア
schatzkiste,3,22,,シャッツキステ
drill senki,3,22,,弩龍戦機(ドリルセンキ)
yuki ga tokeru mae ni (vocaloid),3,22,,雪がとける前に
haru uso -passing memories-,3,22,,
lip kiss,3,22,,
mankitsu happening,3,22,,
kujirakawa zoo,3,22,,鯨川動物園
maou no shimobe ga arawareta!,3,22,,魔王のしもべがあらわれた!
hallucigenia (game),3,22,,ハルキゲニア(ゲーム)
seikon no el dorado,3,22,,聖痕のエルドラド
gin no cross to draculea,3,22,,銀の十字架とドラキュリア
shinobi hanafuda,3,22,,
namaiki ~kissuisou e youkoso!~,3,22,,なまイキ
saimin yuugi,3,22,,催眠遊戯
nikutai ten'i,3,22,,
oto nyan,3,22,,
purely (game),3,22,,
megahouse,3,22,,
hoozuki-san chi no aneki,3,22,,鬼灯さん家のアネキ
gokicha,3,22,,ごきチャ
all points bulletin,3,22,,
escalation ~kuruai no fugue~,3,22,,
kafun shoujo chuuihou!,3,22,,花粉少女注意報!
yumemiru kotori (vocaloid),3,22,,夢みることり
mitaiken horizon,3,22,,未体験HORIZON
attack no 1,3,22,,アタックNo.1
croket!,3,22,,コロッケ!
natsume-senpai ni semarareru hibi,3,22,,棗センパイに迫られる日々
rokudou no onna-tachi,3,22,,六道の悪女たち
gal gohan,3,22,,ギャルごはん
the symbiant,3,22,,
koi ni tsuite 0.1-paasento,3,22,,恋について0.1%
batman ninja,3,22,,ニンジャバットマン
orphans order,3,22,,ミナシゴノシゴト
tamanchu!,3,22,,たまんちゅ!
isekai milf hunter,3,22,,
mokuroku,3,22,,
fukouna shoujo 03,3,22,,不幸な少女03
tekken tag tournament,3,22,,鉄拳タッグトーナメント
sennzai,3,22,,
siren 2,3,22,forbidden siren 2,サイレン2
kurashi gas meter (voiceroid),3,22,,暮らしガスメーター
space jam: a new legacy,3,22,,スペース・プレイヤーズ
pien (game),3,22,,
oku-sama wa niizuma-chan,3,22,,奥さまは新妻ちゃん
milk junkies 2,3,22,,MILK・ジャンキー2
jewelic nightmare,3,22,,ジュエリックナイトメア
shikuhakku,3,22,,しくはっく
harukanaru toki no naka de 1,3,22,haruka: beyond the stream of time 1,遙かなる時空の中で
harlem heart,3,22,,ハーレムハートコンテスト
majuu jouka shoujo utea,3,22,,魔獣浄化少女ウテア
ore to ichino no game doukoukai katsudou nisshi,3,22,,
tsumanuda fight town,3,22,,ツマヌダ格闘街
juujika,3,22,,
mixi,3,22,,
megalopolis knockdown,3,22,,メガロポリス・ノックダウン
kutsujoku,3,22,,
yuki mau sora to nibyou no eien,3,22,,雪舞う空と二秒の永遠
brave story,3,22,,ブレイブ・ストーリー
daichouhen doraemon,3,22,,大長編ドラえもん
ore no shikabane wo koete yuke,3,22,,俺の屍を越えてゆけ
heavenly gathering of clouds,3,22,,東方天流宮
ultra violet (game),3,22,,
redcircle,3,22,,
prism rhythm,3,22,,プリズムリズム
'&' -sora no mukou de sakimasu you ni-,3,22,,
f.e.a.r.,3,22,fear: first encounter assault recon,
shangrlia 2,3,22,,
mega man network transmission,3,22,,ロックマンエグゼ_トランスミッション
beyond good and evil,3,22,,ビヨンドグッドアンドイービル
eragon,3,22,,ドラゴンライダー
ghost hound,3,22,,神霊狩
like life,3,22,,
wheelchair detective satori,3,22,,車椅子探偵さとり
tropical honey,3,22,,
ama koi syrups,3,22,,
vib-ribbon,3,22,,ビブリボン
ojousama kumikyoku,3,22,,お嬢様組曲
ww&f ~the world of water and a fairy~,3,22,,
error gray,3,22,,
otome sekai no arukikata,3,22,,オトメ世界の歩き方
ruma (vocaloid),3,22,,ルマ
ososugita isekai tensei,3,22,,遅すぎた異世界転生
idconnect+,3,22,,超異界通信+
world's end umbrella (vocaloid),3,22,,
brave beats,3,22,,ブレイブビーツ
downer witch (vocaloid),3,22,,ダウナーウィッチ
hime x hime,3,22,,
atlantica online,3,22,,
kono bushitsu wa kitaku shinai bu ga senkyo shimashita.,3,22,,
ren'ai byou,3,22,,恋愛病
forest of pixiv,3,22,,pixivの森
shinki musume,3,22,,神器娘
captain toad: treasure tracker,3,22,,進め!キノピオ隊長
antec,3,22,,
einhander,3,22,,アインハンダー
hoshi no koe,3,22,voices of a distant star,ほしのこえ
fugou keiji balance:unlimited,3,22,,富豪刑事_Balance:UNLIMITED
toppara,3,22,,とっぱら~ざしきわらしのはなし~
s'il vous president,3,22,,シル・ヴ・プレジデント
downtown no gottsu ee kanji,3,22,,ダウンタウンのごっつええ感じ
kaga mine 2,3,22,,
colorful aquarium,3,22,,
kekkou kamen,3,22,,けっこう仮面
hitozuma kasumi-san,3,22,,人妻♪かすみさん
shuraki,3,22,,
peta 7,3,22,,
shishunki,3,22,,
firebird,3,22,,
working days,3,22,,わーきんぐDAYS
kono minikuku mo utsukushii sekai,3,22,,この醜くも美しい世界
majipuri,3,22,,まじぷり
dimension zero,3,22,,
mob kara hajimaru tansaku eiyuutan,3,22,,モブから始まる探索英雄譚
milk junkies 3,3,22,,MILK・ジャンキー3
shuuchakueki kara hajimeyou,3,22,,
peepoodo & the super fuck friends,3,22,,ピープードゥ&ザ・スーパーファックフレンズ
sucker punch,3,22,,エンジェルウォーズ
gundam battlefield record uc 0081,3,22,,機動戦士ガンダム戦記
nokabe,3,22,,脳カベ
sayonara chainsaw (vocaloid),3,22,,サヨナラチェーンソー
onna kyoushi to jugyouchuu ni sex dekiru danshikou,3,22,,女教師と授業中にセックスできる男子校
kouchuu ouja mushiking,3,22,mushiking: the king of beetles,甲虫王者ムシキング
metanoia live,3,22,,
gundam ace,3,22,,ガンダムエース
oppai sensou: kyonyuu vs hinnyuu,3,22,,おっぱい戦争-巨乳VS貧乳-
omohide poro poro,3,22,,おもひでぽろぽろ
taisho hell romance,3,22,,
natural vacation,3,22,,なちゅらるばけーしょん
binbou shimai monogatari,3,22,,貧乏姉妹物語
hoonie friends,3,22,,虎妮
tokedase! mizorechan,3,22,,とけだせ!みぞれちゃん
shinsou noise,3,22,,
mofumofu time!,3,22,,もふもふたいむ!
i roved out in search of truth and love,3,22,,
babumi!,3,22,,
minami juujisei renka,3,22,,南十字星恋歌
overwatch league,3,22,,
ane yome quartet,3,22,,あねよめカルテット
last summoner,3,22,,
habitacion en la llave,3,22,,
alice to zouroku,3,22,,アリスと蔵六
hoppers (pixar),3,22,,
thought of dolls,3,22,,
scrap gakuen,3,22,,スクラップ学園
pixa,3,22,,
fukakai na boku no subete wo,3,22,,不可解なぼくのすべてを
pixiv card battler,3,22,,
shounen maid,3,22,,少年メイド
spiritpact,3,22,,スピリットパクト
over! (vocaloid),3,22,,オーバー!
re:kinder,3,22,,
denshi yuugi mokushiroku,3,22,,電子遊戯黙示録
panzer front,3,22,,パンツァーフロント
bad thinking diary,3,22,,
gangsta republica,3,22,,
comic bangaichi,3,22,,
ashita watashi wa dareka no kanojo,3,22,,明日、私は誰かのカノジョ
the brothers karamazov,3,21,,カラマーゾフの兄弟
kagaku sentai dynaman,3,21,,科学戦隊ダイナマン
ittai itsukara (idolmaster),3,21,,一体いつから
undark: atarashii toumei na chikara no subete,3,21,,アンダーク_新しい透明な力のすべて
gal gun returns,3,21,,
bad (michael jackson),3,21,,
two you (vocaloid),3,21,,鏡音バースデーライブ
rainy mari,3,21,,
daikuu maryuu gaiking,3,21,dino mech gaiking,大空魔竜ガイキング
ant-man (movie),3,21,,アントマン(映画)
little riddle (idolmaster),3,21,little riddle,リトルリドル
saitama 360 club,3,21,,
seikou tenshi resistear,3,21,,聖抗天使レジストティア
final fantasy xiv: eorzea gakuen,3,21,,
sonic and the blade of courage,3,21,,ソニックと勇気のつるぎ
runaways (marvel),3,21,,ランナウェイズ(マーベル)
bells hells,3,21,critical role: campaign iii,
jinrouki winvurga hangyaku-hen,3,21,,人狼機ウィンヴルガ叛逆篇
grimm connect,3,21,,グリムコネクト
it has to be this way (song),3,21,it has to be this way (music),
power pro-kun pocket 12,3,21,,パワポケ12
isekai kita no de sukebe skill de zenryoku ouka shiyou to omou,3,21,,異世界来たのでスケベスキルで全力謳歌しようと思う
umi no searchlight (vocaloid),3,21,,海のサーチライト
lovecraft girls,3,21,,
minna no uta (nhk),3,21,,みんなのうた
noesis (cutlass (classic chocolate)),3,21,,
elf wo karu mono-tachi,3,21,,エルフを狩るモノたち
kamisama no iutoori,3,21,,神様のいうとおりッ
koisome momiji,3,21,,恋染紅葉
eat the world tree,3,21,,
kaiun coliseum,3,21,,開運コロシアム
galaxias,3,21,,ガラクシアス
boku no amayakase ikatsu,3,21,,
project:agears,3,21,,
xing xueyuan,3,21,,星学院
choukadou girl 1/6,3,21,,超可動ガール1/6
ape yacht kookies,3,21,,
lost umbrella (vocaloid),3,21,,ロストアンブレラ
ben 10 (2016),3,21,ben 10 (reboot),
deutsche tourenwagen masters,3,21,,ドイツツーリングカー選手権
hanna-barbera,3,21,,ハンナ・バーベラ
actraiser,3,21,,アクトレイザー
miku (anamanaguchi),3,21,,
hyakki ryouran no yakata,3,21,,百奇繚乱の館
50-nin craft,3,21,,50人クラフト
garand flash (love live!),3,21,,ガランドFlash
hentai rabbit hood,3,21,,変態兎頭巾
mirai donna darou (vocaloid),3,21,,ミライどんなだろう
dead cells,3,21,,
ace combat 2,3,21,,エースコンバット2
sakura machizaka stories vol.2 sensei ga oshiete ageru,3,21,sensei ga oshiete ageru,桜待坂Stories_Vol.2「せんせいがおしえてあげる!」
ramen akaneko,3,21,red cat ramen,ラーメン赤猫
bleach: mirrors high,3,21,,
okiku-san wa ichatsukitai,3,21,,お菊さんはいちゃ憑きたい
a better tomorrow,3,21,,男たちの挽歌
antler boys,3,21,,アントラーボーイズ
david (michelangelo),3,21,,
heroine? seijo? iie all-works maid desu (hokori)!,3,21,"heroine? saint? no i'm an all-works maid (and proud of it)!,heroine? seijo? ie oruwakusu maid desu (hoko)",ヒロイン?聖女?いいえ、オールワークスメイドです(誇)!
yuruyuri nachuyachumi!,3,21,yuru yuri nachuyachumi!,ゆるゆりなちゅやちゅみ!
steins;gate: the committee of antimatter,3,21,,
reboot (love live!),3,21,,
tennis ace (visual novel),3,21,,
hapiel,3,21,,ハピエル
psikyo,3,21,,
pokemon: magikarp jump,3,21,pokemon magikarp jump,はねろ!コイキング
akwaro phenomenon re,3,21,,
hekikai no aion,3,21,,碧海のAiON
battleship (movie),3,21,,バトルシップ
metro 2033,3,21,,メトロ2033
soukou no strain,3,21,,奏光のストレイン
sonic chronicles: the dark brotherhood,3,21,,ソニッククロニクル
ecchi de ichizuna do inaka nii-sama to koshiki yukashii byoujaku imouto,3,21,,エッチで一途なド田舎兄さまと、古式ゆかしい病弱妹
nothing but you (idolmaster),3,21,,
gamera 2: attack of legion,3,21,,ガメラ2
itoshii kanojo no mamorikata,3,21,,愛しい対象の護り方
vampire in the garden,3,21,,ヴァンパイア・イン・ザ・ガーデン
reitaisai 22 contest,3,21,,
summer clover,3,21,,
ni no kuni: cross worlds,3,21,,
troubled windows,3,21,,とらぶる・うぃんどうず
yoshi's cookie,3,21,,ヨッシーのクッキー
backstage!,3,21,,バックステージ
metroid prime hunters,3,21,,メトロイドプライムハンターズ
gal yome no himitsu,3,21,,ギャル嫁の秘密
jisatsu no tame no 101 no houhou,3,21,,ジサツのための101の方法
shinka no mi,3,21,the fruit of evolution: before i knew it my life had it made,進化の実
crazy taxi,3,21,,クレイジータクシー
chase chase jokers,3,21,,チェイスチェイスジョーカーズ
no country for old men,3,21,,ノーカントリー
fallin' dead relive life (vocaloid),3,21,,
barbie as rapunzel,3,21,,バービーのラプンツェル
sonic & friends,3,21,,
gitaroo man,3,21,,ギタルマン
watashi no real wa juujitsu shisugiteiru,3,21,,私のリアルは充実しすぎている
lemonade (love live!),3,21,,Lemonade(ミア・テイラー)
battlefield: bad company 2,3,21,,
bring me the horizon,3,21,,
coppertone,3,21,,
greenlights serenade (vocaloid),3,21,,グリーンライツ・セレナーデ
meikei no lupercalia,3,21,,冥契のルペルカリア
ma survival (vocaloid),3,21,,「Ma」サバイバル
sexyback,3,21,,
okizari tsukiyo shou (vocaloid),3,21,okizari tsukiyosyou (vocaloid),置き去り月夜抄
kururingo,3,21,,くるりんご
momoiro clover z,3,21,,ももいろクローバーZ
meetup in bellabel park,3,21,super mario bros. wonder - nintendo switch 2 edition + meetup in bellabel park,スーパーマリオブラザーズワンダー+みんなでリンリンパーク
himegasaki sakurako wa kyou mo fubin kawaii,3,21,,姫ヶ崎櫻子は今日も不憫可愛い
macross m3,3,21,,マクロスM3
blink-182,3,21,,
auroralive,3,21,,
vanquish (platinumgames inc.),3,21,,ヴァンキッシュ
jigoku kawaii enma-chan,3,21,,じごくかわいいえんまちゃん
steins;gate: fuka ryouiki no dejavu,3,21,,
manatsu wa dare no mono?,3,21,,真夏は誰のモノ?
catch the wave (vocaloid),3,21,,
cloudbreaker alliance,3,21,,
inu to hasami wa tsukaiyou,3,21,dog & scissors,犬とハサミは使いよう
kannsaete kuyasiiwa (zutomayo),3,21,,勘冴えて悔しいわ
seikai no monshou,3,21,,星界の紋章
kagami no kojou,3,21,,かがみの孤城
grandia xtreme,3,21,,グランディアエクストリーム
yuusha party wo tsuihou sareta shiro madoushi s-rank boukensha ni hirowareru,3,21,,勇者パーティーを追放された白魔導師、Sランク冒険者に拾われる~この白魔導師が規格外すぎる~
dazzling moonlit night,3,21,,ダズムン
hidden hero (o2h),3,21,,英雄脸蒙
batsu game (vocaloid),3,21,,罰ゲーム(くるりんご)
hone dragon no mana musume,3,21,the skull dragon's precious daughter,骨ドラゴンのマナ娘
cotton candy ei-ei-oh!,3,21,,コットンキャンディえいえいおー!
like it! love it!,3,21,,
amai direct,3,21,,
yada! (love live!),3,21,,
cleveland cavaliers,3,21,,クリーブランド・キャバリアーズ
the good place,3,21,,
nikkori^^chousatai no theme (vocaloid),3,21,,にっこり^^調査隊のテーマ
mercuria,3,21,,
zakuzaku actors,3,21,,ざくざくアクターズ
fastening (zutomayo),3,21,,
gal gun 2,3,21,,ぎゃる☆がん2
overlewd,3,21,,
maps,3,21,,マップス
chikatetsu ni noru!,3,21,,地下鉄に乗るっ
oide yo mahou shoujo mura,3,21,,おいでよ_魔法少女村(不法占拠)
band of brothers,3,21,,バンド・オブ・ブラザース
pasocom paradise,3,21,,コミックパソコンパラダイス
gundam 00v,3,21,,ガンダム00V
monsterxmediator,3,21,,
forest of blue skin,3,21,,ぶるーすきんの森
korpiklaani,3,21,,コルピクラーニ
dollightful,3,21,,
tbs,3,21,,東京放送
dungeon squad,3,21,,ダンジョンスクワッド
toriko no shirabe -refrain- if,3,21,,虜ノ旋律-refrain-if
itazura the animation,3,21,,
itazura,3,21,,
urawa red diamonds,3,21,,浦和レッドダイヤモンズ
sanfrecce hiroshima,3,21,,サンフレッチェ広島
saber marionette r,3,21,,セイバーマリオネットR
negligee (game),3,21,,
ookami no kawa o kabutta hitsujihime,3,21,sheep princess in wolf's clothing,狼の皮をかぶった羊姫
starly girls,3,21,,スターリーガールズ
sleepless domain,3,21,,
kami jigen idol neptune pp,3,21,hyperdimension neptunia: producing perfection,神次元アイドルネプテューヌPP
gen lock,3,21,,
yuujin kyara wa taihen desu ka?,3,21,,友人キャラは大変ですか?
momoiro closet,3,21,,ももいろクローゼット
harry potter: magic awakened design award,3,21,,魔法觉醒设计大奖赛
fairy princess,3,21,,フェアリープリンセス
kyonyuu fantasy 2,3,21,,巨乳ファンタジー2
steam-heart's,3,21,,スチームハーツ
id smile (vocaloid),3,21,,アイディスマイル
lilpri,3,21,,リルぷりっ
comiket 70,3,21,c70,コミケ70
real steel,3,21,,リアルスティール
m.e.m. yogosareta junketsu,3,21,,
kishin taisen gigantic formula,3,21,,機神大戦ギガンティック・フォーミュラ
space harrier,3,21,,スペースハリアー
sakasama no patema,3,21,,サカサマのパテマ
k-ko to yami-oji,3,21,,K子と病みおじ
powerwash simulator,3,21,,
tanken driland:1000-nen no mahou,3,21,,探検ドリランド-1000年の真宝-
the great mouse detective,3,21,,オリビアちゃんの大冒険
ignat no hanayome,3,21,,イグナートの花嫁
war of the worlds,3,21,,宇宙戦争
the tetsuwan dash!!,3,21,,ザ!鉄腕!DASH!!
them's fightin' herds,3,21,,ゼムズファイティンハーズ
dirty harry,3,21,,ダーティハリー
kansen x shoujo,3,21,,感染×少女
hot wheels: acceleracers,3,21,,
s(mile)ing! (idolmaster),3,21,,
idolive,3,21,,
darksiders,3,21,,ダークサイダーズ
r-type final,3,21,,
girl (anime expo),3,21,,
ac milan,3,21,,
combat girls regiment,3,21,,戦闘少女聯隊
bushin renkei zero,3,21,,武神連携ZERO
angel/dust neo,3,21,,
ai shimai,3,21,,
raspberry (game),3,21,,
mario paint,3,21,,マリオペイント
ikinari happy bell,3,21,,
hatsukoi,3,21,,
m.d. geist,3,21,,装鬼兵MDガイスト
daisan hikou shoujo-tai,3,21,,第三飛行少女隊
red garden,3,21,,レッドガーデン
flyer (vocaloid),3,21,,
thousand arms,3,21,,サウザンドアームズ
lost saga,3,21,,
inferno cafe,3,21,,インフェルノカフェ
volume7,3,21,,
fanroad,3,21,,ファンロード
lovely complex,3,21,,ラブコン
killing floor,3,21,,
xiao li yu li xian ji,3,21,,小鲤鱼历险记
tobe! isami,3,21,soar high! isami,飛べ!イサミ
plus links,3,21,,
himekishi lilia,3,21,,
rayearth ova,3,21,,
ao la xing,3,21,,奥拉星
arc rise fantasia,3,21,,アークライズファンタジア
barbapapa,3,21,,バーバパパ
the king of fighters: a new beginning,3,21,,
listella,3,21,,
enter the gungeon,3,21,,
barbie of swan lake,3,21,,バービーの白鳥の湖
youkai ningen bem,3,21,humanoid monster bem,妖怪人間ベム
pokemon kids tv,3,21,,ポケモンKidsTV
hoshizora e kakaru hashi aa,3,21,,星空へ架かる橋AA
final fight i,3,21,,
hitozuma cosplay kissa 2,3,21,,人妻コスプレ喫茶2
babel ii,3,21,,バビル2世
variable fighter girls,3,21,,VFガール
dragostea din tei,3,21,,マイヤヒー
polyphonica:the black,3,21,,
kumichou musume to sewagakari,3,21,the yakuza's guide to babysitting,極道娘と世話係
bullet witch,3,21,,バレットウィッチ
tunnels no sports ou wa ore da!!,3,21,,とんねるずのスポーツ王は俺だ!!
eve license organization,3,21,,
dragon's heaven,3,21,,ドラゴンズヘブン
metal gear acid,3,21,,メタルギアアシッド
surumeika,3,21,,するめいか
shamanic princess,3,21,,シャーマニックプリンセス
code:coral,3,21,,
stretta,3,21,,
les miserables shoujo cosette,3,21,,少女コゼット
soukou kijo iris,3,21,,装甲騎女イリス
xes fantasia,3,21,,
love 2 quad,3,21,,
genkai tokki moero chronicle,3,21,,限界凸記モエロクロニクル
koukoku no shugosha,3,21,,皇国の守護者
yumelive,3,21,yume reality,
ragnarok online 2: gate of the world,3,21,,
seiai gakuen fechi ka,3,21,,
isekai rakuten,3,21,,異世快楽天
meishoujo,3,21,,姪少女
chocolat maid cafe curio,3,21,,
infinite undiscovery,3,21,,インフィニットアンディスカバリー
chinpui,3,21,,チンプイ
my lovely lover,3,21,,
oyakusoku love,3,21,,
uwaki tsuma,3,21,,
iris (band),3,21,,
shishunki renaissance! david-kun,3,21,,思春期ルネサンス!ダビデ君
in series,3,21,,
asobi juku,3,21,,あそび塾
suki kirai (vocaloid),3,21,love-hate (vocaloid),スキキライ
imouto kansatsu nikki 2,3,21,,
csi miami,3,21,,CSI:マイアミ
idol tenshi youkoso youko,3,21,,アイドル天使ようこそようこ
short cuts,3,21,,
zettai shounen,3,21,absolute boy,絶対少年
floralia+,3,21,,
zettai maou,3,21,,絶対★魔王~ボクの胸キュン学園サーガ~
ore no natsuyasumi 2,3,21,,
duel dolls,3,21,,
geneki jk idol-san ha himajin no ore ni kyomi ga arurashii,3,21,,現役JKアイドルさんは暇人の俺に興味があるらしい
yuunagi-sou no s-kyuu no kanojo-tachi,3,21,,夕凪荘のS級の彼女たち
girls for m,3,21,,
knight run,3,21,,
quake 3 arena,3,21,,
dai tokyo oniyome-den,3,21,,大東京鬼嫁伝
sister scheme 2,3,21,,
niconi solid,3,21,,ニコニ立体
nande ikiteru ka wakaranai hito izumi sumi 25-sai,3,21,,なんで生きてるかわからない人和泉澄25歳
super robot wars compact 3,3,21,,スーパーロボット大戦COMPACT3
mobage,3,21,,
kyoudai no jouji jijou,3,21,,兄妹の情事事情
nise seiken monogatari,3,21,,偽・聖剣物語~幼なじみの聖女を売ったら道連れにされた
rebuild world,3,21,,リビルドワールド
genkai tokki seven pirates,3,21,,限界凸旗セブンパイレーツ
2023 world baseball classic,3,21,,ワールド・ベースボール・クラシック2023
meikasai,3,21,,東方名華祭
hatsune miku japan tour 2023 ~thunderbolt~,3,21,,初音ミクJPツアー2023
auroralivevr,3,21,,极光社
project cold,3,21,,
reiwa hanamaru gakuen,3,21,,令和はなまる学園
hakoniwa logic,3,21,,
here u are,3,21,,
rifle is beautiful,3,21,,ライフル・イズ・ビューティフル
tousouchuu,3,21,,逃走中
entum,3,21,,
sanrio danshi,3,21,,サンリオ男子
area 88,3,21,,エリア88
ero manga! h mo manga mo step-up,3,21,,えろまんが!Hもマンガもステップアップ♪
watch out! death flag! (chanta),3,21,,
birthday wonderland,3,21,,バースデー・ワンダーランド
n1rv ann-a,3,21,,
pure girls project,3,21,,
girls mate,3,21,,ガールズメイト
shinwa densetsu no eiyuu no isekai tan,3,21,,神話伝説の英雄の異世界譚
shizuku no oto,3,21,,しずくのおと
astraythem,3,21,,
love ra bride,3,21,,
neeko wa tsurai yo,3,21,,ニー子はつらいよ
chikyuu no houkago,3,21,,
fatal twelve,3,21,,フェイタルトゥエルブ
inazuma eleven choujigen dream match,3,21,,超次元ドリームマッチ
gravity circuit,3,20,,
twin peaks,3,20,,ツイン・ピークス
grapara!,3,20,,グラぱらっ!
pokemon the movie: kyurem vs. the sword of justice,3,20,pokemon m15,キュレムVS聖剣士ケルディオ
killer instinct,3,20,,キラーインスティンクト
indiana jones and the raiders of the lost ark,3,20,,レイダース失われたアーク
kusunoki-san wa koukou debut ni shippaishiteiru,3,20,,楠木さんは高校デビューに失敗している
nintendo eshop,3,20,,ニンテンドーeショップ
toushin toshi i,3,20,,闘神都市
fancy frontier 47,3,20,,
madara rumble,3,20,,マダラランブル
spot zero,3,20,,
akakichi no eleven,3,20,,赤き血のイレブン
pokemon generations,3,20,,ポケモンジェネレーションズ
all tomorrows,3,20,,
clinic of horrors,3,20,,
sotsugyou graduation,3,20,,卒業_〜Graduation〜
strawberry shortcake (1980s),3,20,,
desperadrops,3,20,,
wildest flower (idolmaster),3,20,,
the sopranos,3,20,,ザ・ソプラノズ
caduceus new blood,3,20,trauma center: new blood,カドゥケウスニューブラッド
310phz (tsukino mito),3,20,,
outlast,3,20,,アウトラスト
chimera (takanashi kiara),3,20,,
toushinden 3,3,20,,
h&m,3,20,,エイチ・アンド・エム
starcraft: brood war,3,20,,
dungeon crusaderz 2,3,20,,ダンジョンクルセイダーズ2~永劫の楽土~
trif,3,20,,
girlfriend note,3,20,,ガールフレンド(♪)
jinsei reset button (vocaloid),3,20,,人生リセットボタン
chibi-robo!,3,20,,ちびロボ!
biniku no kaori,3,20,,媚肉の香り
kingdom's return,3,20,,
in utero (album),3,20,,
halo 3: odst,3,20,,
haruluna,3,20,,ハルルナアート
onii-chan asa made zutto gyu tte shite!,3,20,,お兄ちゃん、朝までずっとギュッてして!
goukon ni ittara onna ga inakatta hanashi,3,20,how i attended an all-guy's mixer,合コンに行ったら女がいなかった話
subete no jinrui wo hakai suru. sorera wa saisei dekinai.,3,20,"destroy all humankind. they can't be regenerated.,destroy all humans. they can't be regenerated",すべての人類を破壊する。それらは再生できない。
sumerian mythology,3,20,,シュメール神話
yarinaoshi reijou wa ryuutei heika wo kouryakuchuu,3,20,,やり直し令嬢は竜帝陛下を攻略中
catch! teenieping,3,20,,キャッチ!ティニピン
gundam cross war,3,20,,ガンダムクロスウォー
shigatsu youka,3,20,,死月妖花
yuki-sensei no jissen sex jugyou ~minna oshiete ageru~,3,20,,優希先生の実践セックス授業
saishuu mirai shoujo,3,20,,最終未来少女
my summer car,3,20,,マイサマーカー
kerorin (brand),3,20,,ケロリン
shiritsu paranomaru koukou,3,20,"parako,paranormal high school,shiretto sugee koto iteru gal. - shiritsu para no marukoukou no nichijou",私立パラの丸高校
shio taiou no satou-san ga ore ni dake amai,3,20,"the cold sato-san is only sweet to me,the salty koharu has a soft spot for me",塩対応の佐藤さんが俺にだけ甘い
mugen gacha,3,20,,ギフト無限ガチャでレベル9999
cross ange tr.,3,20,,クロスアンジュ天使と竜の輪舞tr.
chikyuu boueitai star guardians,3,20,,スターガーディアンズ
sd gundam musha maruden,3,20,,武者○伝
10 carat torte,3,20,,天からトルテ
hinatazaka46,3,20,,おひさまレーター
bump of chicken,3,20,,バンプ・オブ・チキン
eve (series),3,20,,
tobal no. 1,3,20,,トバル
native (brand),3,20,,
ruler of my heart (alien stage),3,20,,
alma-chan wa kazoku ni naritai,3,20,alma-chan wants to be a family!,少女型兵器は家族になりたい
raising the flag on iwo jima,3,20,,硫黄島の星条旗
uchitama?!,3,20,,うちタマ?!
cheap properties (utau),3,20,,チープなプロパティ
etude wa ikkyoku dake (idolmaster),3,20,,エチュードは1曲だけ
dekiru neko wa kyou mo yuuutsu,3,20,the masterful cat is depressed again today,デキる猫は今日も憂鬱
nijiiro passions! (love live!),3,20,,
wit studio,3,20,,ウィットスタジオ
sakura mmo,3,20,,
gundam f91 formula report 0122,3,20,,フォーミュラー戦記0122
digimon adventure 02: diablomon no gyakushu,3,20,,デジモンアドベンチャー02ディアボロモンの逆襲
release hallucination,3,20,,
iemitsu.,3,20,,
12 no tsuki no eve,3,20,,12の月のイヴ
moto inkya no kyonyuu yariman imouto ga erosugite onii-chan wa mou...!!,3,20,i can't handle my former bookworm little sister now that she's a slut!,元陰キャの巨乳ヤリマン妹がエロすぎて、お兄ちゃんはもう...!!
sin and punishment,3,20,,地球の継承者
blur (band),3,20,,ブラー
pixiv master and servant,3,20,,【ピク主】
egao no promise,3,20,,
system of a down,3,20,,システム・オブ・ア・ダウン
what if...? (disney+),3,20,,ホワット・イフ...?
yumeguri yurimeguri,3,20,,ゆめぐりゆりめぐり
venus of willendorf,3,20,,
lucca project,3,20,,
fumble! (synthesizer v),3,20,fanburu! (synthesizer v),ふぁんぶる!
batman returns,3,20,,バットマンリターンズ
may-be soft,3,20,,
can can bunny extra,3,20,,
nanocore,3,20,,纳米核心
boku to gal ga fuufu ni naru made,3,20,,僕と君が夫婦になるまで
my anime,3,20,,マイアニメ
pretty panties akuma rin (vocaloid),3,20,,
muse (band),3,20,,
x-men (2000),3,20,,
ao to shabon,3,20,,青とシャボン
darcrows,3,20,,ダークロウズ
mujintou de sex ni kyoumi shinshin na dosukebe inkya joshi-tachi to harem life,3,20,,無人島で、SEXに興味津々なドスケベ陰キャ女子たちとハーレムライフ
blast!! (love live!),3,20,,
girls mode 4: star stylist,3,20,style savvy: styling star,ガールズモード4スタースタイリスト
my merry may be,3,20,,
palette (company),3,20,,ぱれっと
matatabi-sou no shiro-kun,3,20,,またたび荘のシロくん
fancy frontier 29,3,20,,
antichlorobenzene (vocaloid),3,20,,
i~ya i~ya i~ya (vocaloid),3,20,,い〜やい〜やい〜や
star trek: lower decks,3,20,,
crazy galaxy,3,20,,クレイジーギャラクシー
sam & fuzzy,3,20,,
inran shinsatsushitsu,3,20,,淫乱診察室
city boy on the island (suv),3,20,,
the legend of zelda (cartoon),3,20,,ゼルダの伝説(1989年アニメ)
umibe no etranger,3,20,the stranger by the shore,海辺のエトランゼ
nekopara - catboys paradise,3,20,,
crysis,3,20,,
crossover nexus series,3,20,,
crossover nexus project,3,20,,
guri to gura,3,20,,ぐりとぐら
project itoh,3,20,,伊藤计划
one step from eden,3,20,,
nil admirari no tenbin,3,20,,ニル・アドミラリの天秤
frosted flakes,3,20,,
downtown nekketsu monogatari,3,20,river city ransom,ダウンタウン熱血物語
back to the future part ii,3,20,,バック・トゥ・ザ・フューチャー2
mochimochi (vocaloid),3,20,,
kirizaki-kun wa.,3,20,,キリザキ君は
soundless voice (vocaloid),3,20,,
buta thunder (vocaloid),3,20,,ブタサンダー
micro star international,3,20,msi (company),
onward,3,20,,2分の1の魔法
arkanis,3,20,,
ming wei aiqing de chibang,3,20,,名為愛情的翅膀
ai mai mii,3,20,,
samon-kun wa summoner,3,20,,左門くんはサモナー
doraemon: nobita no getsumen tansaki,3,20,,のび太の月面探査記
choujuu giga,3,20,,鳥獣戯画
comiket 68,3,20,c68,コミケ68
dr. mario world,3,20,,ドクターマリオワールド
watanagashi-hen,3,20,,綿流し編
vs janshi brand-new stars,3,20,,
rule of rose,3,20,,ルールオブローズ
hanazono-san chi no futago-chan,3,20,,花園さんちのふたごちゃん
comme des garcons,3,20,,コム・デ・ギャルソン
final fantasy record keeper,3,20,,
don't pick up dogs without reason,3,20,,
raspberry cube,3,20,,ラズベリーキューブ
mone-san no majime sugiru tsukiaikata,3,20,,モネさんのマジメすぎるつき合い方
sacred sword princesses,3,20,,
comic gaira,3,20,,コミック外楽
nigeru wa haji daga yaku ni tatsu,3,20,,逃げるは恥だが役に立つ
deliverer!,3,20,,
harukazedori ni tomarigi wo 2nd story,3,20,,
tenkafuma,3,20,,天下布魔
gakuen taima,3,20,,学園退魔!ホーリー×モーリー
hero tales,3,20,,
magna carta: the phantom of avalanche,3,20,,
fancy frontier 34,3,20,,
memories off yubikiri no kioku,3,20,,
yin-yang! x-change alternative,3,20,,インヤン!エックスチェンジオルタナティブ
serafuku to juusensha,3,20,,
yuusha shoukougun,3,20,,勇者症候群
lovely no natsuyasumi,3,20,,
fakku,3,20,,
kareshi inai reki = nenrei,3,20,,
hoshizora gakuen,3,20,,星空学園
haitoku no gakuen,3,20,,背徳の学園
hajimete no oto (vocaloid),3,20,,ハジメテノオト
mega man (ruby-spears),3,20,,ロックマンUSA
neutrino (software),3,20,,
felt (music circle),3,20,,
out run,3,20,outrun,アウトラン
spy vs spy,3,20,,スパイvsスパイ
neumann,3,20,,
isekai goumonhime,3,20,torture princess: fremd torturchen,異世界拷問姫
muhyo to rouji no mahouritsu soudan jimusho,3,20,,ムヒョとロージーの魔法律相談事務所
el tigre,3,20,,
the gaslight district,3,20,,ザ・ガスライト・ディストリクト
far cry 5,3,20,,ファークライ5
hexa gear,3,20,,ヘキサギア
houkago education! ~sensei to hajimeru miwaku no lesson~,3,20,,
koi imo sweet days,3,20,,恋妹SWEET☆DAYS
arianrhod rpg,3,20,,アリアンロッドRPG
ren'ai phase,3,20,,恋愛フェイズ
prison princess,3,20,,プリズンプリンセス
i wanna be the guy,3,20,,アイワナ
restol special rescue squad,3,20,,装甲救助部隊レストル
nona reeves,3,20,,ノーナ・リーヴス
blossomlive!,3,20,,
the king of fighters '94,3,20,,ザ・キング・オブ・ファイターズ'94
magic henshin,3,20,,魔姫変形
bakunyuu hoken onna kyoushi,3,20,,
oshirikko venus,3,20,,
kimi no nagori wa shizuka ni yurete,3,20,,
watch dogs,3,20,,
koimekuri clover,3,20,,
pixiv army,3,20,,
mahou shoujo ai 2,3,20,,
watashi ni konya ai ni kite 2,3,20,,
angel ring,3,20,,
darkwing duck,3,20,,ダークウィング・ダック
re:d cherish,3,20,,
blackjack (vocaloid),3,20,,
angelic serenade art collection,3,20,,
greensvale no mori no naka,3,20,,グリンスヴァールの森の中
minna de nyan nyan,3,20,,
ginsoukikou ordian,3,20,platinumhugen ordian,銀装騎攻オーディアン
hariken polymar,3,20,hurricane polymar,破裏拳ポリマー
gust,3,20,,ガスト(メーカー)
drawn together,3,20,,
houchou-san no uwasa,3,20,,包丁さんのうわさ
bouken yuuki pluster world,3,20,,冒険遊記プラスターワールド
hare of inaba,3,20,,
yuusha ga shinda!,3,20,the legendary hero is dead!,勇者が死んだ!
hanjuku hero,3,20,,半熟英雄
genie's motorcycle life,3,20,,
time stranger kyoko,3,20,,タイムストレンジャーキョーコ
tentacles tactics,3,20,,てん☆たく
see through shanghai,3,20,,
yuuyake koyake,3,20,,ゆうやけこやけ
rokkochan (game),3,20,,
country roads,3,20,,カントリーロード
kmtopia,3,20,,
wah wah world (vocaloid),3,20,,ワーワーワールド
malymoon,3,20,,マリームーン
super nova (love live!),3,20,,
2-daime enma (synthesizer v),3,20,,2代目閻魔
reservoir dogs,3,20,,レザボア・ドッグス
7th stand user,3,20,,7人目のスタンド使い
kaijin reijou,3,20,,怪人麗嬢
platinum wind,3,20,,
rehabili byoutou 24-toki,3,20,,
15 bishoujo hyouryuuki,3,20,,15美少女漂流記
sicx lives,3,20,,
tenshi na konamaiki,3,20,cheeky angel,天使な小生意気
outer zone,3,20,,
ray=out,3,20,,
uniraid,3,20,,ゆにれいど
castlevania legends,3,20,,漆黒たる前奏曲
guin saga,3,20,,グイン・サーガ
summer idol (vocaloid),3,20,,サマーアイドル
thermae romae,3,20,,テルマエ・ロマエ
catcher in the ui,3,20,,うい麦畑でつかまえて
pochi to goshujin-sama,3,20,,ぽちとご主人様
shinshi doumei cross,3,20,the gentlemen's alliance cross,紳士同盟†
gakuen saimin reido,3,20,,学園催眠隷奴~さっきまで、大嫌いだったはずなのに~
maid-san to ookina ken,3,20,,メイドさんと大きな剣
tsundero,3,20,,
musumaker,3,20,,むすめーかー
yumemiru danshi wa genjitsushugisha,3,20,the dreaming boy is a realist,夢見る男子は現実主義者
canvas 3,3,20,,Canvas3~白銀のポートレート~
grim tales from down below,3,20,,
comic 0ex,3,20,,
nise kyouso,3,20,,
oni gokko!,3,20,,
harukoi otome ~otome no sono de gokigenyou~,3,20,,
yukiuta,3,20,,
ma ga ochiru yoru,3,20,,魔が堕ちる夜
military qty's,3,20,,
magical heart kokoro-chan,3,20,,
akibablog,3,20,,
rape! rape! rape!,3,20,,
vroid,3,20,,
modelers,3,20,,
zaako zako zako zako sensei,3,20,,ざーこざこざこざこ先生
maneater (game),3,20,,
eroica,3,20,,エロイカ
adastra,3,20,,アダストラ
hahri's lumpy boardhouse,3,20,,
the odyssey (2026 movie),3,20,,オデュッセイア(映画)
temple (series),3,20,,てんぷる
gakuen babysitters,3,20,,学園ベビーシッターズ
beet the vandel buster,3,20,,冒険王ビィト
g-on riders,3,20,,G-ONらいだーす
sabori nara hokenshitsu de douzo?,3,20,,
sentinel (clockup),3,20,,
gensou no idea,3,20,,
l'heure bleue,3,20,,
bocchi kaibutsu to moumoku shoujo,3,20,,ぼっち盲
jura star connect sigma ~ryuuou no densetsu~,3,20,,
strip battle days,3,20,,
argonauts,3,20,,
dungeon tou de yadoya wo yarou,3,20,,ダンジョン島で宿屋をやろう!
visual arts market,3,20,,
mesu kyoushi 4,3,20,,
knite,3,20,,
kanojo ga ore ni kureta mono. ore ga kanojo ni ageru mono.,3,20,,彼女が俺にくれたもの。俺が彼女にあげるもの。~KISS_My_Darling:めちゃ婚case3~
natsunone,3,20,,夏音-Overture-
totsuzen kaijin ken jimuin no ore ga mahou shoujo-tachi wo otosu hanashi,3,20,,突然怪人兼事務員の俺が魔法少女達を堕とす話
sisters (manga),3,20,,
otome switch,3,20,,
7gear,3,20,,
orguss 02,3,20,,オーガス02
jikuu no umi no historica,3,20,,時空の海のヒストリカ
yagai gakushuu 3,3,20,,
inging motorsport,3,20,,
zelda: the wand of gamelon,3,20,,ゼルダ:ギャメロンの杖
mahotama: oshaburi hen,3,20,,
gargantia contest,3,20,,ガルガンティア乗組員
the skullman,3,20,,
captain marvel (movie),3,19,,キャプテン・マーベル(映画)
qualia automata,3,19,,
pokemon diamond and pearl adventure!,3,19,pokemon dp (manga),DP物語
mangaka-san to assistant-san to,3,19,,マンガ家さんとアシスタントさんと
conker's bad fur day,3,19,,コンカーズ・バッド・ファー・デイ
block tales,3,19,,
crayon shin-chan: ankoku tamatama daitsuiseki,3,19,,暗黒タマタマ大追跡
2d dream magazine,3,19,,
catwoman (comic),3,19,,
cave (developer),3,19,,
typewriter cat,3,19,,码字猫
god of war iii,3,19,,
sword art online: lost song,3,19,,ロスト・ソング
s.c.r.e.a.m,3,19,,
guns akimbo (movie),3,19,,ガンズ・アキンボ
ted (movie),3,19,,テッド(映画)
power pro-kun pocket r,3,19,,パワポケR
mae no hanashi (vocaloid),3,19,,前ノハナシ
nu qin jie shi xiuluo chang,3,19,,女寝皆是修罗场
fancy frontier 44,3,19,,
mass of the fermenting dregs,3,19,,マスオブザファーメンティングドレッグス
project mirai,3,19,,
yellow submarine,3,19,,
sabrina the teenage witch,3,19,,かわいい魔女サブリナ
winamp,3,19,,
endless dance (idolmaster),3,19,,
12 seiza vtuber kikaku,3,19,zodiac vtuber project,12星座VTuber企画
rebirth for you,3,19,,Reバース_for_you
koi to yobu ni wa sasayaka desu ga,3,19,,恋と呼ぶにはささやかですが
chemistry class (marmalade mum),3,19,,
isekai kita no de mahou o sukebe na koto ni riyou shiyou to omou,3,19,,異世界来たので魔法をスケベな事に利用しようと思う
gundam side story: from place beyond the blaze,3,19,,
bungaku otome wa kanojo ja nai no ni,3,19,,文学乙女はカノジョじゃないのに
temari (ninomae ina'nis),3,19,,
pokemon the movie: hoopa and the clash of ages,3,19,pokemon m18,光輪の超魔神フーパ
gate ruler,3,19,,ゲートルーラー
teikoku shoujo (vocaloid),3,19,,帝国少女
wayforward,3,19,,ウェイフォーワード
himegoto masquerade,3,19,,ヒメゴト・マスカレイド~お嬢様たちの戯れ~
yatsume ana,3,19,,ヤツメ穴
bijutsubu kanojo: girlfailure art club,3,19,,美術部カノジョ
ga1ahad and scientific witchery,3,19,,ガラハッド1号と科学的黒魔法
vs knight lamune & 40 fresh,3,19,,VS騎士ラムネ&40FRESH
pokemon the movie: black/white - victini and reshiram/zekrom,3,19,"pokemon m14,pokemon the movie: black - victini and reshiram,pokemon the movie: white/black - victini and zekrom/reshiram,pokemon the movie: white - victini and zekrom",ビクティニと黒き英雄ゼクロム・ビクティニと白き英雄レシラム
knuckles' chaotix,3,19,,カオティクス
star fox zero,3,19,,スターフォックスゼロ
11 piki no neko,3,19,,11ぴきのねこ
reckless battery burns (synthesizer v),3,19,,
nchans style,3,19,,
blade strangers,3,19,,ブレードストレンジャーズ
oyakodon: oppai tokumori bonyuu tsuyudaku de,3,19,,母娘丼おっぱい特盛母乳汁だくで
forgotten island,3,19,,
mortal kombat trilogy,3,19,,モータルコンバットトリロジー
utoparillel,3,19,,Utoparillel彼境
plaything,3,19,,玩物
duel masters victory,3,19,,デュエルマスターズビクトリー
toumei ningen no hone,3,19,,透明人間の骨
noipa-chan wa abunai!,3,19,,
ui-mama saga,3,19,,ウィマーマ・サーガ
fushi tantei: reidou momiji,3,19,,不死探偵・冷堂紅葉
ene no dennou kikou (vocaloid),3,19,,エネの電脳紀行
adventure time (comic),3,19,,
elemental (movie),3,19,,マイ・エレメント
bakukyuu hit! crash b-daman,3,19,,
littlest pet shop: popular,3,19,,
usagi-chan de cue!!,3,19,,うさぎちゃんでCue!!
monster strike: deadverse reloaded,3,19,,デッドバースリローデッド
little witch academia: the enchanted parade,3,19,,リトルウィッチアカデミア魔法仕掛けのパレード
yuutai ridatsu!! dokodemo daredemo yari houdai!!,3,19,,ゆ~たい☆りだつっ
the neverending story,3,19,,はてしない物語
beatmania iidx 15 dj troopers,3,19,,
nosferatu eine symphonie des grauens,3,19,nosferatu: a symphony of horror,吸血鬼ノスフェラトゥ
negaposi angler,3,19,,ネガポジアングラー
someone stop her!,3,19,,
hajimete no ojou-sama,3,19,,
little queen (comic),3,19,,
stussy,3,19,,
operation eventide,3,19,,
hajimete no hitozuma,3,19,,初めてのヒトヅマ
private wars,3,19,,
the ink apprentice,3,19,,
club atletico boca juniors,3,19,,ボカ・ジュニアーズ
kemono kinetic,3,19,,
ion fury,3,19,,
silky the phantom thief,3,19,,怪盗シルキー
lost lamb,3,19,,
before the dawn (series),3,19,,
goddess defeat: reincarnation valanowas,3,19,,女神敗北
ultraman the next (movie),3,19,,ウルトラマン_THE_NEXT
albatross koukairoku,3,19,,信天翁航海録
independence day (1996 movie),3,19,,インデペンデンス・デイ
fruit punch (love live!),3,19,,フルーツパンチ
goldilocks and the three bears,3,19,,3びきのくま
daikaijuu monogatari,3,19,,大貝獣物語
tsuihousareta cheat fuyo majutsushi wa kimama na second life wo oukasuru,3,19,,追放されたチート付与魔術師は気ままなセカンドライフを謳歌する。~俺は武器だけじゃなく、あらゆるものに『強化ポイント』を付与できるし、俺の意思でいつでも効果を解除できるけど、残った人たち大丈夫~
the onion,3,19,,
fantome rapport,3,19,,ファントム・ラポール
kenshin no succeed,3,19,,
another century's episode,3,19,,
pokemon concierge,3,19,,ポケモンコンシェルジュ
beatmania iidx 32 pinky crush,3,19,,
madougushi dahlia wa utsumukanai,3,19,,魔導具師ダリヤはうつむかない
yume to iro de dekiteiru,3,19,,夢と色でできている
ikoku nikki,3,19,journal with witch,違国日記
melofinity,3,19,,めろふぃにてぃ
skytube,3,19,,
thriller trainee,3,19,,惊悚练习生
rise of the teenage mutant ninja turtles,3,19,,ライズ亀
daigasso! band brothers,3,19,,大合奏!バンドブラザーズ
gundam uc 0099: moon crisis,3,19,,機動戦士ガンダムムーンクライシス
hakoniwa no shoujo (vocaloid),3,19,,箱庭の少女
tun hai,3,19,,吞海
dream mansion,3,19,,筑梦公馆
bleach: fade to black,3,19,,
angel's sword,3,19,,
knot (love live!),3,19,,
metal cardbot,3,19,,メタルカードボット
comic gee,3,19,,コミックジー
paris saint-germain,3,19,,
liarsoft,3,19,,ライアーソフト
kinmirai happy end,3,19,,近未来ハッピーエンド
little tikes,3,19,,リトルタイクス
gyakuten majo saiban,3,19,,逆転魔女裁判
mega man iii,3,19,,ロックマンワールド3
ministry of land infrastructure and transportation,3,19,,国土交通省
lonarpg,3,19,,
outer wilds: echoes of the eye,3,19,,
gyakuten othellonia,3,19,,逆転オセロニア
fancy frontier 41,3,19,,
neo sky neo map! (love live!),3,19,,
oneesan ha no ore ga naze chicchai kimi wo suki ni natta no ka?,3,19,,お姉さん派の俺がなぜちっちゃい君を好きになったのか?
battle chasers,3,19,,
fuwamoco adventure,3,19,fuwamoco 64,
tian tian (mili),3,19,,
comitia 144,3,19,,コミティア144
vivid (production),3,19,,
karakai jouzu (?) no nishikata-san,3,19,,からかい上手(?)の西片さん
brave 10,3,19,,
kakegurui twin,3,19,,賭ケグルイ双
turtle head,3,19,,
gundam breaker 4,3,19,,
critical role: campaign iv,3,19,,
gunstar heroes,3,19,,ガンスターヒーローズ
shichisei no subaru,3,19,,七星のスバル
tsuki kagerou,3,19,,月陽炎
borderlands 1,3,19,,
ntt solmare,3,19,,
sakura isekai adventure,3,19,,
mortal kombat 3,3,19,,
happy halloween (vocaloid),3,19,,
helvetica standard,3,19,,ヘルベチカスタンダード
the fast and the furious 1,3,19,fast & furious 1,ワイルド・スピード
mint mango kakigoori,3,19,,ミントマンゴーかき氷
sayonara jackpot (vocaloid),3,19,,さよならジャックポット
bocca della verita (vocaloid),3,19,,ボッカデラベリタ
fashionable easter,3,19,,ファッショナブル・イースター
the doraemons,3,19,,ザ☆ドラえもんズ
1518!,3,19,,イチゴーイチハチ!
kurage (koronba),3,19,,
fake meme (vocaloid),3,19,,嘘ミーム
dayu haitang,3,19,,大鱼海棠
fancy frontier 28,3,19,,
bullshit break,3,19,,
tondemo wonders (vocaloid),3,19,,トンデモワンダーズ
kuchibeta shokudou,3,19,,くちべた食堂
vivid dead,3,19,,
shouwa genroku rakugo shinjuu,3,19,,昭和元禄落語心中
x japan,3,19,,Xジャパン
densha de d,3,19,,電車でD
amamori junna wa shitsudo ga takai,3,19,,雨森潤奈は湿度が高い
aniyome wa ijippari,3,19,,兄嫁はいじっぱり
sketch up! recordings,3,19,,
watashi no koko,3,19,,わたしのココ
desperado,3,19,,
palutena's revolting dinner,3,19,,おいかけて
papa john's,3,19,,
vroom vroom (love live!),3,19,,
villain's daily life,3,19,,
invader zim: enter the florpus,3,19,,
all about my best friend,3,19,,好友的私生活
toi et moi (manga),3,19,,トワ・エ・モア
princess principal crown handler,3,19,,
asobigokoro,3,19,,あそびごころ
mahou shoujo tyrant sylph,3,19,,魔法少女タイラントシルフ
lalavoice,3,19,,
ultra galaxy mega dai-kaijuu battle,3,19,,ウルトラギャラクシー大怪獣バトル
risakiriki,3,19,,リサキリキ
seinfeld,3,19,,となりのサインフェルド
genome (manga),3,19,,ゲノム
mermay 2023,3,19,,
kunoechi! (o/p.com),3,19,,
sankakkei no kowashi-kata,3,19,,三角形の壊し方
turma da monica jovem,3,19,,
nadeshiko doremisora,3,19,,なでしこドレミソラ
diamic days,3,19,,ダイヤミック・デイズ
megami meguri,3,19,,めがみめぐり
megatrea shop,3,19,,
gankutsu-sou no fuyajou-san,3,19,,がんくつ荘の不夜城さん
pure song garden!,3,19,,
yuppie psycho,3,19,,
hoka no onna no ko to h wo shiteiru ore wo mite koufun suru kanojo,3,19,,
taiyou no jubaku,3,19,,太陽の呪縛
forgotten hope: secret weapon,3,19,,
idol memories,3,19,,アイドルメモリーズ
mesu kyoushi,3,19,,
moeyo! sensha gakkou,3,19,,萌えよ!戦車学校
soukuu no frontier,3,19,,蒼空のフロンティア
houkago play 2,3,19,,放課後プレイ2
himegari dungeon meister,3,19,,姫狩りダンジョンマイスター
lack girl,3,19,,ラックガール
hyper ultra girlish,3,19,,ハイパーウルトラガーリッシュ
austin powers,3,19,,オースティン・パワーズ
koko wa greenwood,3,19,here is greenwood,ここはグリーン・ウッド
leotard fairy,3,19,,
euro 2016,3,19,,
teaka mamire no tenshi,3,19,,手垢塗れの天使
utauyo miracle,3,19,,
nekonade distortion,3,19,,
shoujo byou,3,19,,少女病
musume janakute mama ga suki nano!?,3,19,you like me not my daughter?!,娘じゃなくて私〈ママ〉が好きなの!?
alice no yakata 7,3,19,,
watashi ga motete dousunda,3,19,,私がモテてどうすんだ
mikan muzou,3,19,,
armored core: nexus,3,19,,
chips ahoy!,3,19,,
toshokan no daimajutsushi,3,19,,圕の大魔術師
hai to no monogatari,3,19,,廃都の物語
gundam suisei no majo: vanadis heart,3,19,,ヴァナディースハート
girl crush,3,19,,ガールクラッシュ
188 group (series),3,19,,188男团
trick and treat (vocaloid),3,19,,
cd projekt red,3,19,,
lethal league blaze,3,19,,
japanese touring car championship,3,19,,全日本ツーリングカー選手権
trials in tainted space,3,19,,
the king in yellow,3,19,,黄衣の王
yiik: a postmodern rpg,3,19,,YIIKポストモダンRPG
lip trip,3,19,,リップ・トリップ
tensei shitara party ga otokonoko darake datta kedo danjite ore wa shotacon janai!,3,19,,転生したらパーティが男の子だらけだったけど断じて俺はショタコンじゃない!
warau ars notoria,3,19,smile of the arsnotoria,咲うアルスノトリア
bbc (broadcaster),3,19,,英国放送協会
07-ghost,3,19,,セブンゴースト
sengoku musou: sanada maru,3,19,samurai warriors: spirit of sanada,戦国無双真田丸
immortal (band),3,19,,
fancy frontier 45,3,19,,
romancing stella visor,3,19,,ロマンシングステラバイザー
kirby's dream course,3,19,,カービィボウル
eclair groove,3,19,,
maou to an mattari yuttari seikaiseifuku,3,19,,魔王とアン
inaka no onee-chan to hito natsu docha ero icha love sex,3,19,,
venus project,3,19,,
dreadnought (tcg),3,19,,ドレッドノート(TCG)
sakura fantasy,3,19,,
pia carrot e youkoso!! g.p.,3,19,,Pia♥キャロットへようこそ!!G.P.
thunder force v,3,19,,
tou no shita no exercitus,3,19,,
bury,3,19,,
evil heart,3,19,,イヴィル・ハート
next card (love live!),3,19,,
seirei tenshou,3,19,,精霊天翔~壊れゆく世界の少女たち
kiitarou shounen no youkai enikki,3,19,,奇異太郎少年の妖怪絵日記
aoi-kun ga ikemen sugite tsurai,3,19,,
sport!,3,19,,すぽると!
zwei worter,3,19,,ツヴァイ・ウォルター
se.kirara,3,19,,
momoka corner,3,19,,
veritas,3,19,,
nagomibako,3,19,,
stand by me (1986),3,19,,スタンド・バイ・ミー
heart 111 (yuri),3,19,,ハート111
template (hololive),3,19,,
princess maker 1,3,19,princess maker,プリンセスメーカー
dead days,3,19,,デッドデイズ
demonion ~maou no chika yousai~,3,19,,デモニオン
futa may cry,3,19,,
nijisanji in,3,19,,にじさんじIN
gun-katana,3,19,,
ace combat assault horizon,3,19,,アサルト・ホライゾン
astra super stars,3,19,,アストラスーパースターズ
armitage iii,3,19,,アミテージ・ザ・サード
bass pro shops,3,19,,
blue protocol: star resonance,3,19,,スターレゾナンス
red stone,3,19,,
moeren,3,19,,
idol densetsu eriko,3,19,,アイドル伝説えり子
princess maker 4,3,19,,
nyoroko no namahousou!,3,19,,ニョロ子の生放送!
uncharted 4,3,19,,
the banner saga,3,19,,
flower witch,3,19,,
growlanser ii,3,19,,グローランサーII
ano hito no i ni wa boku ga tarinai,3,19,sachi's monstrous appetite,あの人の胃には僕が足りない
ever oasis,3,19,,エヴァーオアシス
mononogatari,3,19,,もののがたり
time defenders,3,19,,タイムディフェンダーズ
eye (vocaloid),3,19,,
shounen ashibe,3,19,,少年アシベ
tsuukai gangan koushinkyoku,3,19,aggressors of dark kombat,痛快GANGAN行進曲
2012 summer olympics,3,19,,
mad max 2: the road warrior,3,19,,マッドマックス2
astro and girls,3,19,,アストロアンドガールズ
genie (song),3,19,,
romeo x juliet,3,19,,ロミオ×ジュリエット
soiree (hoshimachi suisei),3,19,,ソワレ(星街すいせい)
hearts2hearts,3,19,,
zone-00,3,19,,ゾンゼロ
pc engine fan,3,19,,
ys altago,3,19,,アルタゴの五大竜
osananajimi to ama~ku ecchi ni sugosu houhou,3,19,,幼なじみと甘~くエッチに過ごす方法
juushin liger,3,19,,獣神ライガー
shutline,3,19,,
mu soft,3,19,,
yurine ~onee-sama ga oshiete kureta~,3,19,,
rikunabi next,3,19,,
sweet snake,3,19,,
mechiku,3,19,,
ex-driver,3,19,,エクスドライバー
maou to odore! ii,3,19,,
twins panic,3,19,,
smile shooter,3,19,,
animaga,3,19,,電撃アニマガ
realize me,3,19,,
reconquista,3,19,,
wonder festival 2008,3,19,,
atelier iris eternal mana 2,3,19,,イリスのアトリエエターナルマナ2
rance5d,3,19,,
master of the heavenly yard (vocaloid),3,19,,
shuumatsu shoujo gensou alicematic,3,19,,終末少女幻想アリスマチック
bankett,3,19,,
chou-mukiryoku sentai japafive,3,19,,超無気力戦隊ジャパファイブ
natsuiro komachi,3,19,,夏色小町
princess brave,3,19,,
platoon,3,19,,プラトーン
supipara,3,19,,すぴぱら
sucre,3,19,,
hajimete no otetsudai,3,19,,はじめてのおてつだい
eternalize love!! (love live!),3,19,,
summer shattering,3,19,,夏色のコワレモノ
toy story 1,3,19,,トイ・ストーリー
shounenki no owari,3,19,boyhood's end,少年期の終り
nippon ichi no koukousei majutsushi isekai dorei shoujo wo morau,3,19,,日本一の高校生魔術師、異世界奴隷少女をもらう
an'ya meikyuu,3,19,,
nonomura byouin no hitobito,3,19,,
otona akachan no tame no h na hoikuen amaenbou ni youkoso,3,19,,甘園房シリーズ
non-breath oblige (vocaloid),3,19,,ノンブレス・オブリージュ
beyblade rising,3,19,,
fragile (vocaloid),3,19,,フラジール
layton brothers: mystery room,3,19,,ミステリールーム
open season,3,19,,
anime v,3,19,,アニメV
off with their heads,3,19,,
let's go! (k-on!),3,19,,
the forgotten song (vocaloid),3,19,,
hibiki no mahou,3,19,,
crossbone gundam dust,3,19,,機動戦士クロスボーン・ガンダムDUST
namaiki delation,3,19,,
star trek: kelvin timeline,3,19,,
2x4! -hitotsu yane no shita de-,3,19,,2×4!-ひとつ屋根の下で-
kyou kara zutto hitori kakurenbo,3,19,,きょうからずっと、ひとりかくれんぼ
voxwave,3,19,,
aikotoba,3,19,,
tetsujin 28-gou fx,3,19,,超電動ロボ鉄人28号FX
grimorigin,3,19,,グリモリジン
akazukin darkside,3,19,,赤ずきんダークサイド
deadman's cross,3,19,,デッドマンズ・クルス
choujijigen game neptune re;birth 2,3,19,,
plum no bouken note,3,19,,プラムの冒険ノート
love sweets,3,19,,
onii-chan no hanbun wa yokubou de dekiteimasu 2,3,19,,
nitro+ blasterz,3,19,,
succubus-san no hatsu shigoto,3,19,,サキュバスさんのはつしごと。
mayoeru futari to sekai no subete,3,19,,
meet again in the night,3,19,,東方夜裳舞
manatsu no kagerou,3,19,,真夏のかげろう
yujie shenji,3,19,,御界神紀
the snow queen,3,19,,雪の女王
nichoume rojiura tantei kitan,3,19,,二丁目路地裏探偵奇譚
ougon senshi gold lightan,3,19,,黄金戦士ゴールド・ライタン
dragon steak! (manga),3,19,,ドラゴンステーキ!
eyepatch wolves,3,19,,
bugsnax,3,18,,バグスナックス
odayaka kizoku no kyuuka no susume.,3,18,a gentle noble's vacation recommendation,穏やか貴族の休暇のすすめ。
slow damage: clean dishes,3,18,slow damage clean dishes,スロウ・ダメージ
choushinsei flashman,3,18,,超新星フラッシュマン
karma (alien stage),3,18,,
ours locus amoenus,3,18,,ぼくらのロクス・アモエヌス
deemo ii,3,18,,
sex idol 48!,3,18,,セックスアイドル48!
han bun ko (vocaloid),3,18,,はんぶんこ
batgirls,3,18,,
doraemon: nobita no nihon tanjou,3,18,doraemon: nobita and the birth of japan,のび太の日本誕生
paranoia (vocaloid),3,18,,
chiyu 12-sai,3,18,,
the weeping swan: ten days of the city's fall,3,18,,泣き叫ぶ雁
for elise - elise no tame ni,3,18,,for_elise〜エリーゼのために〜
hi no tori 2772,3,18,,火の鳥2772
my dystopian robot girlfriend,3,18,,
kore kaite shine,3,18,draw this then die!,これ描いて死ね
the enigma of amigara fault,3,18,,阿弥殻断層の怪
gundam the revival of zeon,3,18,,機動戦士ガンダム・ジオンの再興
living in sin,3,18,,
casino (1995),3,18,,
majo no niwa,3,18,,魔女の庭
mf doom,3,18,,
kiwamete kenzen na bishoujo level up,3,18,,極めて健全な美少女レベルアップ
ifuudoudou (vocaloid),3,18,pomp and circumstance (vocaloid),威風堂々
senran kagura bon appetit,3,18,dekamori senran kagura,デカ盛り閃乱カグラ
the marvelous snail,3,18,,最強でんでん
honoo no labyrinth,3,18,,炎のらびりんす
ifunny,3,18,,
do androids dream of electric sheep?,3,18,,アンドロイドは電気羊の夢を見るか
occult times,3,18,,オカルトタイムズ
harry potter and the goblet of fire,3,18,,炎のゴブレット
verselink,3,18,,
frog prince,3,18,,
holoearth,3,18,,ホロアース
totsuzen girl,3,18,,
black widow (movie),3,18,,ブラック・ウィドウ(映画)
to the moon,3,18,,
godzilla vs. hedorah,3,18,,ゴジラ対ヘドラ
carrefour,3,18,,カルフール
pico park,3,18,,
five nights at freddy's 2 (2025 movie),3,18,,
niehime to kemono no ou,3,18,,贄姫と獣の王
malice mizer,3,18,,
the shimmering horizon and cursed blacksmith,3,18,,蒼キ光と魔剣の鍛冶師
far cry 3,3,18,,ファークライ3
kyokugen chikan tokuiten,3,18,,極限痴漢特異点
katanegai,3,18,,カタネガイ
shinde shimau to wa nasakenai! (vocaloid),3,18,,しんでしまうとはなさけない!
angou gakuen no iroha,3,18,cipher academy,暗号学園のいろは
kouhaku uta gassen,3,18,,紅白歌合戦
misamo,3,18,,ミサモ
amoral island,3,18,,アモラルアイランド
final fantasy crystal chronicles the crystal bearers,3,18,,ファイナルファンタジー・クリスタルクロニクルザ・クリスタルベアラー
henyoku no toribaga,3,18,,片翼のトリバガ
blue heater 2,3,18,,
weibo,3,18,,新浪微博
mabushii dna dake (zutomayo),3,18,,眩しいDNAだけ
z/x code reunion,3,18,,
call of duty: black ops 7,3,18,,コールオブデューティブラックオプス7
akagi-san who always smells good,3,18,,いつもいい匂いがする赤城さん
fukashin ryouiki (neco),3,18,,不花侵領域
kotonoha no niwa,3,18,the garden of words,言の葉の庭
wand of fortune,3,18,,ワンドオブフォーチュン
ryuusei sentai musumet,3,18,,流星戦隊ムスメット
sh figuarts,3,18,,
angelique (series),3,18,,アンジェリーク
postpet,3,18,,ポストペット
nie no machi,3,18,,贄の町
mage and demon queen,3,18,,
teenage mutant ninja turtles (2014),3,18,,新実写亀
yu-gi-oh! cross duel,3,18,,クロスデュエル
student self-governance committee,3,18,,学生自治委员会
android wa keiken ninzuu ni hairimasu ka??,3,18,does it count if you lose your virginity to an android?,アンドロイドは経験人数に入りますか??
cruella (movie),3,18,,クルエラ
gundam extreme vs. 2,3,18,,
corruption of champions,3,18,,
yi shijie chaoji zhanzheng,3,18,,异世界超级战争
mindless self indulgence,3,18,,
ingoshima,3,18,,インゴシマ
cerezo osaka,3,18,,セレッソ大阪
super mario party jamboree,3,18,,スーパーマリオパーティジャンボリー
hoyeon,3,18,,
ijiwaru my master,3,18,,
the extra's academy survival guide,3,18,,
star trap,3,18,,スタートラップ
minna no golf,3,18,"everybody's golf,hot shots golf",みんゴル
sun ouji wa tsuma ni naritai,3,18,,サン王子は妻になりたい
yumemiru uroko (voisona),3,18,,ゆめみるうろこ
frostpunk,3,18,,
sora no aosa o shiru hito yo,3,18,her blue sky,空の青さを知る人よ
the handmaiden (movie),3,18,,
aimai elegy (deco27),3,18,,愛迷エレジー
sekai no housekibako,3,18,,セカイの宝石箱
sister act,3,18,,天使にラブ・ソングを...
compati hero,3,18,,コンパチヒーローシリーズ
ultima,3,18,,ウルティマ
uwagaki (vocaloid),3,18,,うわがき
jue yu guan,3,18,,觉与观
archmage curriculum (webtoon),3,18,,
inzoi,3,18,,インゾイ
hataraku kesshouban-chan,3,18,,はたらく血小板ちゃん
mario vs. donkey kong,3,18,,マリオvs.ドンキーコング
boom! studios,3,18,,
tokyo sports,3,18,,東京スポーツ
rolling contact,3,18,,
dreamworks,3,18,,ドリームワークス
silent hill: origins,3,18,silent hill origins,サイレントヒルゼロ
runway (love live!),3,18,,Runway(村野さやか)
cinderella nine,3,18,,シンデレラナイン
twice lovelys,3,18,,
liv heart,3,18,,
life is strange: true colors,3,18,,
be my guest (vocaloid),3,18,,
dogeza de tanondemita,3,18,,土下座で頼んでみた
dusk diver,3,18,,酉閃町
the marginal service,3,18,,ザ・マージナルサービス
gingitsune (ochiai sayuri),3,18,,ぎんぎつね
planescape: torment,3,18,,異域鎮魂曲
nisekao (yama),3,18,,偽顔
kikai shoujo to misoji ol (utau),3,18,,機械少女と三十路OL
ougon no keikenchi,3,18,exp is golden,黄金の経験値
conqueror (cevio),3,18,,
mr. driller,3,18,,ミスタードリラー
12 beast,3,18,,トゥエルヴビースト
sayonara ryuusei konnichiwa jinsei,3,18,,さようなら竜生、こんにちは人生
liga mx,3,18,,
van gogh self-portrait,3,18,,
mega man: dr. wily's revenge,3,18,,ロックマンワールド
neko hacker,3,18,,
the ninja warriors once again,3,18,,ザ・ニンジャウォーリアーズワンスアゲイン
michi no hana michi no tabi,3,18,,未知の花_魅知の旅
twisted metal,3,18,,ツイステッドメタル
teppen!!! (manga),3,18,,てっぺんっ!!!
arisugawa ren tte honto wa onna nanda yo ne.,3,18,,有栖川煉ってホントは女なんだよね。
nekomiko,3,18,,ねこみこ
freaked fleapit (game),3,18,,冥舞之约
hikari no valusia,3,18,,白光のヴァルーシア
rta sousha wa game sekai kara kaerenai,3,18,,RTA走者はゲーム世界から帰れない
danmachi eiyuutan argonaut,3,18,,アルゴノゥト_ダンジョンに出会いを求めるのは間違っているだろうか_英雄譚
rayman legends,3,18,,レイマンレジェンド
saigo no revolver (vocaloid),3,18,,最後のリボルバー
love live! school idol musical the drama,3,18,,ラブライブ!スクールアイドルミュージカル_the_DRAMA
crocodile dentist,3,18,,イタイワニー
shinnazuki,3,18,,神無月(ゲーム)
buffy the vampire slayer,3,18,,バフィー〜恋する十字架〜
wagan land,3,18,,ワギャンランド
shining force iii,3,18,,シャイニングフォース3
animistic,3,18,,万灵启源
nanatsu no umi no tico,3,18,,七つの海のティコ
rammstein (band),3,18,,
v-llage,3,18,,
space ghost (series),3,18,,宇宙怪人ゴースト
shachou to sake to hoshi,3,18,,
greeting life 2009 panda calendar,3,18,,笹食ってる場合じゃねぇ!
champion (vocaloid),3,18,,チャンピオン
street fighter vs. darkstalkers,3,18,,
honoo no haramase oppai nyuu doukyuusei,3,18,,炎の孕ませおっぱい乳同級生
last resort (vocaloid),3,18,,ラストリゾート
shiryoku kensa (vocaloid),3,18,,シリョクケンサ
the lorax,3,18,,
kairi suru genzai (utau),3,18,,乖離するゲンザイ
jam band,3,18,,jamバンド
pixiv tomb raider contest,3,18,,トゥームレイダーララ・クロフト
winged victory of samothrace,3,18,,サモトラケのニケ
stanczyk (painting),3,18,,
porter robinson (copyright),3,18,,
detonation focusme,3,18,,
museca,3,18,,
sm entertainment,3,18,,
saikyo tensai wonderful world of korone,3,18,,ころねの最凶天災☆わんだふぉー❤わーるど
vase (vtuber),3,18,,
gigantic (game),3,18,,
boku no kanojo wa sasuga desu.,3,18,,僕の彼女はさすがです。
sudden attack,3,18,,
yamasa (company),3,18,,山佐
virtual angel,3,18,,
irodori (irodoriginal),3,18,,irodoriファンアート
grandia: parallel trippers,3,18,,
red ash,3,18,,
afterlife smp,3,18,,
wondershare filmora,3,18,,Filmoraイラコン彩撮モラ
roundabout (song),3,18,,
the mummy (series),3,18,,ハムナプトラ
saotome senshu hita kakusu,3,18,,
marginal #4,3,18,,マジフォ
little bitch,3,18,,りとる†びっち
boboiboy galaxy,3,18,,
granadia saga,3,18,,グラナディアサーガ
soi kano ~gyutto dakishimete~,3,18,,
kongou banchou,3,18,,金剛番長
imouto paradise! 3,3,18,,妹ぱらだいす!3〜お兄ちゃんと5人の妹のすご〜く!エッチしまくりな毎日〜
kuuneru engeizaa (voiceroid),3,18,,クーネル・エンゲイザー
neko majin (series),3,18,,ネコマジン
netkeibatv,3,18,,
3rd life smp,3,18,,
kingsglaive: final fantasy xv,3,18,,
relayouter (vocaloid),3,18,,リレイアウター
nec corporation,3,18,,日本電気株式会社
sonic youth,3,18,,ソニック・ユース
kingdom of heaven,3,18,,
azur lane: queen's orders,3,18,,クイーンズオーダーズ
dosukoi! (napoli no otokotachi),3,18,,どす恋
re:memories,3,18,,
tonari no youkai-san,3,18,,となりの妖怪さん
shoujo jiten,3,18,,少女辞典
pan's labyrinth,3,18,,パンズ・ラビリンス
icchi banketsu,3,18,,バンケツ
butsuriteki ni koritsu shiteiru ore no koukou seikatsu,3,18,,物理的に孤立している俺の高校生活
shiori no uso wa yo no makoto,3,18,,栞の嘘は世の真
doom (comic),3,18,,
the stranger (camus),3,18,,
super robot wars 64,3,18,,スーパーロボット大戦64
erakis,3,18,,エラキス
takuan to batsu no nichijou enmachou,3,18,,たくあんとバツの日常閻魔帳
ero goods! h na omocha de kaikan engine,3,18,,
boku no hitori sensou,3,18,,ぼくの一人戦争
concealed the conclusion,3,18,,東方夢終劇
niea 7,3,18,,ニアアンダーセブン
hetaoni,3,18,,ヘタ鬼
seisai no resonance,3,18,,星彩のレゾナンス
i asked for scrambled,3,18,,
sengoku cannon,3,18,,
tiger rampage (vocaloid),3,18,,タイガーランペイジ
anetea!?,3,18,,あねてぃ!?
ryoujoku guerilla gari 2,3,18,,凌辱ゲリラ狩り2
wild arms twilight venom,3,18,,
annihilate luxifer,3,18,,
embric of wulfhammer's castle,3,18,,
hoshi no ouji-kun,3,18,,星の王子くん
akuu daisakusen srungle,3,18,,亜空大作戦スラングル
koinaka (manga),3,18,,
pixiv robot wars gaia,3,18,,
the wolf among us,3,18,,
the pied piper of hamelin,3,18,,ハーメルンの笛吹き男
abara,3,18,,アバラ
went refactor,3,18,,終境シンフォニー
mirai no oto ga kikoeru,3,18,,未来の音が聴こえる
the keep (1983),3,18,,ザ・キープ
hokenshitsu no otona na senpai ore no mae deha sugu dereru,3,18,,保健室のオトナな先輩、俺の前ではすぐデレる
seeds of chaos,3,18,,
nanatsu no bitoku,3,18,,七つの美徳(ホビージャパン)
wonder project j,3,18,,ワンダープロジェクトJ
the new gate,3,18,,ザ・ニュー・ゲート
locoroco,3,18,,
jack and the beanstalk,3,18,,ジャックと豆の木
fancy frontier 23,3,18,,
maven,3,18,,マベン
shier shengxiao gundam,3,18,,十二支ガンダム
zone of the enders: dolores i,3,18,,
chojo: crypto girls arena,3,18,,
kimi to shiranai natsu ni naru,3,18,,君としらない夏になる
south park: post covid,3,18,,
mahjong hime,3,18,,姫麻雀
mahou shoujo of the end,3,18,,魔法少女・オブ・ジ・エンド
trials rising,3,18,,トライアルズ_ライジング
hatopla,3,18,,ハトプラ
hame x tore,3,18,,
hana no mahoutsukai mary bell,3,18,flower witch mary bell,花の魔法使いマリーベル
natsuiro penguin,3,18,,
sukui no serenade,3,18,,スクイの小夜曲
sengoku cyber fujimaru jigokuhen,3,18,,戦国サイバー藤丸地獄変
resort beach de haramasete!,3,18,,
kimi wa hatsukoi no hito no musume,3,18,,君は初恋の人、の娘
akuma musume no kanban ryouri,3,18,,悪魔娘の看板料理
smplive,3,18,,
izure shinwa no houkago sensou,3,18,,いづれ神話の放課後戦争〈ラグナロク〉
tsuyokiss festival,3,18,,
sono kojou ni yuusha hou ari!,3,18,,その古城に勇者砲あり!
gokkun vampire princess,3,18,,
ito-en,3,18,,伊藤園
lingerie senshi papillon rose,3,18,,ランジェリー戦士パピヨンローゼ
fight song (eve),3,18,,ファイトソング
go!go! maniac,3,18,,
dappou rock (vocaloid),3,18,,脱法ロック
priston tale,3,18,,
acuo,3,18,,
gengetsu no pandora,3,18,,幻月のパンドオラ
tekoire princess,3,18,,
moby dick,3,18,,
mindead blood,3,18,,
harmony (image),3,18,,
madworld,3,18,,マッドワールド
ore no osananajimi ga dekkkkkaku narisugita,3,18,,俺の幼馴染がデッッッッかくなりすぎた
hatenaki sora,3,18,,
nostalogic (vocaloid),3,18,,
game grumps,3,18,,
bee-be-beat it!,3,18,,
gensou ningyou enbu,3,18,,幻想人形演舞
call of duty: warzone,3,18,,
nanomix,3,18,,
bbno$ (musician),3,18,,
tera origin,3,18,,テラオリジン
nakaba 1,3,18,,
futago ecchi,3,18,,
thanatos (album),3,18,,
sei juushi bismarck,3,18,,星銃士ビスマルク
butterfly seeker,3,18,,
cyber weapon z,3,18,,
zettai imouto shijou shugi,3,18,,絶対★妹至上主義!!
eat sleep dance,3,18,,
shimotsuki-san wa mob ga suki,3,18,,霜月さんはモブが好き
shippu! iron leaguer,3,18,,
tails gets trolled,3,18,,
digicame shoujo hyakkei,3,18,,デジカメ少女百景
yishu shi si,3,18,,艺术是死
system shock 2,3,18,,
ninja ryuuken den,3,18,,忍者龍剣伝
shinobi hanafuda 2 hyakka soumei,3,18,,
ookami shounen wa kyou mo uso wo kasaneru,3,18,,狼少年は今日も嘘を重ねる
j9 series,3,18,,
shirotsume yubiwa,3,18,,白詰指輪~四つ娘の花嫁俺、全員選びました~
shinengumi,3,18,,深淵組
magicarat radiant,3,18,,
anata o otoko ni shiteageru!,3,18,,あなたをオトコにしてあげる!
ashiarai-yashiki no juunintachi,3,18,,足洗邸の住人たち
jukkakukan no satsujin,3,18,,十角館の殺人
iridescent world,3,18,,
campanula,3,18,,かんぱにゅら
double cast,3,18,,ダブルキャスト
semi wa magic cube,3,18,,精算小魔女
youkai izakaya nonbereke,3,18,,妖怪居酒屋のんべれケ。
nekoneko soft,3,18,,
peaky blinders,3,18,,
the venture bros.,3,18,,ベンチャー·ブラザーズ
seiken densetsu 1,3,18,,ファイナルファンタジー外伝
prince of stride,3,18,,プリンス・オブ・ストライド
peropero sasete,3,18,,
the world of golden eggs,3,18,,ザ・ワールド・オブ・ゴールデン・エッグス
philadelphia 76ers,3,18,,フィラデルフィア・セブンティシクサーズ
our wonderland,3,18,,
game of dice,3,18,,ダイスの神
darius gaiden,3,18,,ダライアス外伝
puyopuyo 15th anniversary,3,18,,ぷよぷよ15th
ai shimai ~docchi ni suruno!!~,3,18,,
e.a.r.t.h,3,18,,
chu x chu idol 2,3,18,,
onetama,3,18,,おね・たま~ボクとお姉ちゃんと狐の湯~
mai dog love 2,3,18,,
harem ace,3,18,,ハーレムエース
orange pocket,3,18,,オレンジポケット
aic,3,18,,株式会社アニメインターナショナルカンパニー
usotsuki wa tenshi no hajimari,3,18,,ウソツキは天使のはじまり
konboku mahjong,3,18,,こんぼく麻雀
kanojo no carrera gt3,3,18,,彼女のカレラGT3
hobo-san to issho!,3,18,,
himegami no miko,3,18,,
hatarakimono,3,18,hard working people (manga),はたらきもの
new teen titans,3,18,,
tou no sawa majutsu kenkyuukai,3,18,,塔ノ沢魔術研究会
hanafubuki,3,18,,
yuibashi,3,18,,結い橋
sangoku rensenki,3,18,,三国恋戦記_~オトメの兵法!~
amatsuki,3,18,,あまつき
hikari to kage no doppelganger,3,18,,
kiss x 400 natsukashiki hibi no renzoku,3,18,,
shouyon! kodomo challenge,3,18,,しょうよん!コドモ☆ちゃれんじ
munekyun heartful cafe,3,18,,
marsworth,3,18,,
kusuri no marjoram,3,18,,くすりのマジョラム
princess ai,3,18,,
kimi no tame nara shineru,3,18,,きみのためなら死ねる
yakimochi twinbell,3,18,,
silvery white,3,18,,Silvery_White~君と出逢った理由~
kazoku keikaku,3,18,,家族計画
rabuyan,3,18,,ラブやん
chuunibyou na kanojo no love equation,3,18,,中二病な彼女の恋愛方程式
kansen 2,3,18,,
kasumin,3,18,,カスミン
1 x 1/2,3,18,,1×1/2-イチトニブンノイチ-
assassin's creed: syndicate,3,18,,アサシンクリードシンジケート
suzuna's diary,3,18,,
otaku masshigura,3,18,,
kanpachi,3,18,,
vagrants,3,18,,
magical powered kanamin,3,18,,超機動少女カナミン
the price of flesh,3,18,,
cross game,3,18,,クロスゲーム
runway de waratte,3,18,smile down the runway,ランウェイで笑って
esquaria,3,18,,
4-nin wa sorezore uso o tsuku,3,18,,4人はそれぞれウソをつく
exalted,3,18,,
hototogisu tairan,3,18,,不如帰大乱イラコン
af corse,3,18,,AFコルセ
tenrou: sirius the jaeger,3,18,,天狼_Sirius_the_Jaeger
blazblue: bloodedge experience,3,18,,
raiden (series),3,18,,セイブ開発
i became an academy award-winning villain,3,18,,
xiuxian: mu zhu chuan,3,18,,修仙•母珠传
otome to fureau hitotsu yane no shita,3,18,,
kick-flight,3,18,,キックフライト
towergirls,3,18,,
hoshikuzu cruising ~shanghai ver.~,3,18,,星屑クルージング
barsoom,3,18,,火星シリーズ(エドガー・ライス・バローズ)
disk wars: avengers,3,18,,DWアベンジャーズ
macross 30,3,18,,マクロス30
anno:mutationem,3,18,,アノー:ミューテーショネム
estpolis denki ii,3,18,,エストポリス伝記II
naughty sorority,3,18,,
maid-san no iru kurashi,3,18,,メイドさんのいる暮らし
shiroki majo,3,18,,白き魔女
haru kiss,3,18,,
fantasy earth genesis,3,18,,ファンタジーアースジェネシス
final fight tough,3,18,,ファイナルファイトタフ
g.i.b. girls in black,3,18,,ガールズ・イン・ブラック
galspolice 24h,3,18,,GALSPOLICE24時
destro 246,3,18,,デストロ246
eien no zero,3,18,,永遠の0
taiyou no shisha tetsujin 28-gou,3,18,,太陽の使者鉄人28号
sousei ragnavein,3,18,,
zutto sukishite takusan sukishite,3,18,,ずっとすきしてたくさんすきして
kekkou suki kamo,3,18,,
hidden survivor,3,18,,サバかく
kinapro,3,18,,キナプロ
sorcerian,3,18,,ソーサリアン
kite liberator,3,18,,カイトリベレイター
sengoku majin goshogun,3,18,,戦国魔神ゴーショーグン
tensei shitara dragon no tamago datta: saikyou igai mezasa nee,3,17,,転生したらドラゴンの卵だった〜最強以外目指さねぇ〜
idog (brand),3,17,,アイドッグ
sleepless king (jack jeanne),3,17,,不眠王
wario: master of disguise,3,17,,怪盗ワリオ・ザ・セブン
yuusha yamemasu,3,17,i'm quitting heroing,勇者、辞めます
absolute green arrow,3,17,,
dragon quest vii reimagined,3,17,,ドラゴンクエストVII_Reimagined
kakuriyo no yadomeshi,3,17,,かくりよの宿飯
bolt (movie),3,17,,
ichizu bitch-chan,3,17,,一途ビッチちゃん
seven knights idle adventure,3,17,,
present pretty,3,17,,
archive of our own,3,17,,
call of duty: black ops 2,3,17,,
kanjou x jingai,3,17,,感情誰デザイン
fujimi gokko (vocaloid),3,17,playing immortal (vocaloid),不死身ごっこ
yumemiru otome,3,17,,夢見ル乙女
gamushara ni ikou! (idolmaster),3,17,,がむしゃらに行こう!
fighter's history,3,17,,ファイターズヒストリー
akutagawa vtuber project,3,17,,
s line (kkomabi),3,17,,
antenna 39 (vocaloid),3,17,,アンテナ39
sonic adventure 2: battle,3,17,,ソニックアドベンチャー2バトル
laplacian,3,17,,ラプラシアン
mukuchi shoujo no chikan higai,3,17,,
jennifer's body,3,17,,
fancy frontier 24,3,17,,
gatchaman crowds insight,3,17,,ガッチャマンクラウズインサイト
collective unconscious,3,17,,
serina (game),3,17,,瀬里奈
juujika no rokunin,3,17,,十字架のろくにん
boyfriend (kari),3,17,,ボーイフレンド(仮)
wplace,3,17,,
digital devil story,3,17,,デジタル・デビル物語女神転生
yamikin ushijima-kun,3,17,,闇金ウシジマくん
xingmeng ouxiang jihua,3,17,,星梦偶像计划
zenigata heiji torimono hikae,3,17,,
sweet magic (idolmaster),3,17,,
romeo (vocaloid),3,17,,ロメオ
the bear,3,17,,
worms (game),3,17,,ワームズ
tonari no nobukuni-san wa ore no koto ga suki na ki ga suru,3,17,i get the feeling that nobukuni-san likes me,となりの信國さんは俺のことが好きな気がする
kine-san no hitori de cinema,3,17,kine-san no 1-ri de cinema,木根さんの1人でキネマ
2009 world baseball classic,3,17,,
minami-ke okawari,3,17,,みなみけ〜おかわり〜
kyururin tte shitemite,3,17,,きゅるりんってしてみて
godzilla galaxy odyssey,3,17,,ゴジラギャラクシーオデッセイ
ulysses jeanne d'arc to renkin no kishi,3,17,,ユリシーズ
evangelion: death and rebirth,3,17,,新世紀エヴァンゲリオン劇場版シト新生
fantastic departure,3,17,,
fx senshi kurumi-chan,3,17,,
stella maiden,3,17,,
final fantasy vii g-bike,3,17,,
hybrid theory,3,17,,ハイブリッド・セオリー
hitoyo ni yume ga saku you ni,3,17,,一生に夢が咲くように
honnou (shiina ringo),3,17,,本能
magical premium,3,17,,
nee-chan no susume ~onee-chan no itazura seiseikatsu~,3,17,,姉ちゃんのススメ
a sense of amusement,3,17,,
himitsumichi (love live!),3,17,,
harlem blade,3,17,,
balus co.,3,17,,バルス株式会社
fantasy westward journey,3,17,menghuan xi you,梦幻西游
oushun jogakuin no dan'yuu,3,17,,桜春女学院の男優
paradise (visual novel),3,17,,Paradise(BLゲーム)
magne robo gakeen,3,17,,マグネロボ・ガ・キーン
spacelectro,3,17,,
mukashi mukashi no kyou no boku (vocaloid),3,17,,むかしむかしのきょうのぼく
aviot,3,17,,
tokyo libido,3,17,,
showaru tensai osananajimi to no shobu ni makete hatsutaiken wo zenbu ubawareru hanashi,3,17,,性悪天才幼馴染との勝負に負けて初体験を全部奪われる話
subway surfers,3,17,,
sudeki,3,17,,Sudeki_~千年の暁の物語~
nullpeta,3,17,,ぬるぺた
bunny paradise ~koibito zenin bani-ka keikaku~,3,17,,
kono hito kurai otona ni nattara,3,17,,この人くらい大人になったら
children record (vocaloid),3,17,,チルドレンレコード
dies irae ~interview with kaziklu bey~,3,17,,
dramaturgy (eve),3,17,,ドラマツルギー
moonhack,3,17,,ムーンハック
enjoi,3,17,,エンジョイ
kuttsukiboshi,3,17,,くっつきぼし
re:fragment ~absolute ambition~,3,17,,
armored core 2,3,17,,
the lost fear,3,17,,
chance day chance way!,3,17,,
the wandering earth,3,17,,流浪地球
yukai na shintouki,3,17,,ゆかいな神統記
otona ni nattemo,3,17,even though we're adults,おとなになっても
alan wake (game),3,17,,アランウェイク
uso janai (zutomayo),3,17,,嘘じゃない
mahara jamboree ii,3,17,,
fifty shades of grey,3,17,,フィフティ・シェイズ・オブ・グレイ
tri fold tale,3,17,,
advanced variable geo 2,3,17,,
new gods: yang jian,3,17,,新神榜:杨戬
lilo & stitch: the series,3,17,,
ever after high,3,17,,エバー・アフター・ハイ
kuma to usagi wa tomodachi de wa irarenai,3,17,,クマとウサギは友達ではいられない
gundam side story: rise from the ashes,3,17,,コロニーの落ちた地で
tai sekaiyou mahou shoujo tsubame,3,17,,対世界用魔法少女つばめ
anime onegai,3,17,,
e-roi,3,17,,
still sick,3,17,,
demonophobia,3,17,,
dragon genesis,3,17,,ドラゴンジェネシス
beatmania iidx 31 epolis,3,17,,
never say never (idolmaster),3,17,,
osananajimi wa bed yakuza!,3,17,,幼なじみはベッドヤクザ!
untitled (zdzislaw beksinski),3,17,,
kimiiro marine snow (vocaloid),3,17,,君色マリンスノウ
thousand autumns: qian qiu,3,17,qian qiu (novel),千秋
chained echoes,3,17,,
ren'ai 0 kilometer,3,17,,恋愛0キロメートル
oracle (amane kanata),3,17,,おらくる
3 lines of a delta,3,17,,
zero shiki,3,17,,零式
tamagotchi: the movie,3,17,,えいがでとーじょー!たまごっちドキドキ!うちゅーのまいごっち!?
renge to naruto,3,17,,れんげとなると!
comiket 66,3,17,c66,コミケ66
aria's story,3,17,,
sonic underground,3,17,,ソニック・アンダーグラウンド
melty land nightmare (vocaloid),3,17,,
yomawari san,3,17,,夜廻三
wario land 3,3,17,,ワリオランド3不思議なオルゴ~ル
osananajimi wo erabenai!,3,17,,幼馴染をえらべない!
friends (tv series),3,17,,フレンズ
macross vf-x,3,17,,マクロス_デジタルミッション_VF-X
sarishi no hara (vocaloid),3,17,,サリシノハラ
shin cutie honey,3,17,new cutie honey,新・キューティーハニー
guilty circle,3,17,,ギルティサークル
showtime! ~minami o-nee-san datte h shitai~,3,17,,しょうたいむ!
decorator (vocaloid),3,17,,
gigant (series),3,17,,ギガント
meteor (vocaloid),3,17,,
zettai junshu kyousei kozukuri kyokashou!!,3,17,,
fancy frontier 46,3,17,,
hokkyoku hyakkaten no concierge-san,3,17,the concierge at hokkyoku department store,北極百貨店のコンシェルジュさん
mima no kyuuden,3,17,,魅魔の宮殿
.hack//cell,3,17,,ドットハックセル
terrifier (movie),3,17,,
raggedy ann (series),3,17,,
yakumo-san wa edzuke ga shitai,3,17,,八雲さんは餌づけがしたい
relive project,3,17,,
anime-gataris,3,17,,アニメガタリズ
ranagain,3,17,,
bravely default ii,3,17,bravely default 2,ブレイブリーデフォルト2
imperial circus dead decadence,3,17,,
mahoutsukai ni narenakatta onnanoko no hanashi,3,17,,魔法使いになれなかった女の子の話。
asari-chan,3,17,,あさりちゃん
a rebel's journey,3,17,,
memphis grizzlies,3,17,,メンフィス・グリズリーズ
donkey kong country (cartoon),3,17,,ドンキーコング(アニメ)
succubus game,3,17,,
1 pound no fukuin,3,17,one-pound gospel,1ポンドの福音
cadence of hyrule,3,17,,ケイデンス・オブ・ハイラル
bishoujo yuugekitai battle skipper,3,17,,美少女遊撃隊バトルスキッパー
cloudinsect,3,17,,
fancy frontier 27,3,17,,
onipan!,3,17,,おにぱん!
parasite in city,3,17,,
nanoka no kuigami,3,17,,
iribitari gyaru ni manko tsukawasete morau hanashi,3,17,,入り浸りギャルにま○こ使わせてもらう話
ultimate spider-man (2024),3,17,,
white shadow,3,17,,ホワイトシャドウ
sharktopus,3,17,,シャークトパス
girls und panzer saga of pravda,3,17,,プラウダ戦記
toumei otoko to ningen onna: sonouchi fuufu ni naru futari,3,17,,透明男と人間女~そのうち夫婦になるふたり~
exo,3,17,,
battle circuit,3,17,,
erma (comic),3,17,,
cerveza cristal,3,17,,
fate/unpublished material,3,17,,
sixfonia,3,17,,シクフォニ
walkure no kiko,3,17,,ワルキューレのキコ
dream e,3,17,,
sin city,3,17,,
eden le film,3,17,,
esma,3,17,,
boku ga incubus ni naru tame ni kyou kara succubus to lesson shimasu,3,17,,
another code r,3,17,,
fox news,3,17,,FOXニュース
8.32 (vocaloid),3,17,,
elf all-stars datsuijan 3,3,17,,エルフオールスターズ脱衣雀3
hino-san no baka,3,17,,飛野さんのバカ
project livium,3,17,,
worldgore,3,17,,
sadako vs. kayako,3,17,,貞子vs伽椰子
undertale: something new,3,17,,
opera (web browser),3,17,,
harry potter and the chamber of secrets,3,17,,秘密の部屋
phantasy star iii,3,17,,ファンタシースターIII
q.ko-chan,3,17,,
moe moe niji taisen ryaku,3,17,,萌え萌え2次大戦(略)
abroad kanojo (dramus),3,17,,
good night ojosama (asmrz),3,17,good night ojousama (song),
the cat alchemist,3,17,,
2ne1,3,17,,
isekai de mofumofu nadenade suru tame ni ganbattemasu,3,17,fluffy paradise,異世界でもふもふなでなでするためにがんばってます。
magical vacation,3,17,,マジカルバケーション
vocalo revolution,3,17,,
polyphia (band),3,17,,
fifth aile,3,17,,~フィフスエイル~
the school of athens,3,17,,
mii plaza,3,17,,
bravely default: praying brage,3,17,,
ouzoku,3,17,,王賊
mount olympus comics,3,17,,
kono share house ha renai kinshi nanoni dou mite mo kokuhaku mochi no kao wo sareteimasu,3,17,,
waifu fighter,3,17,,女拳主義F-ist
zettai saikyou oppai sensou!!,3,17,,ぜったい最胸☆おっぱい戦争!!
lost pause,3,17,,
maple town,3,17,,メイプルタウン物語
need for speed: underground 2,3,17,,ニード・フォー・スピード
dennou senki virtual-on,3,17,,電脳戦機バーチャロン
kakegurui midari,3,17,,賭ケグルイ妄
school days hq,3,17,,
radiant,3,17,,ラディアン
shinkalion: change the world,3,17,,シンカリオンCW
sangokushi senhime,3,17,,娘々三国志
boushoku no berserk,3,17,berserk of gluttony,暴食のベルセルク
tomopulse,3,17,,
hiryuu no ken,3,17,,飛龍の拳
sunflag,3,17,,
hatsujou sprinkle,3,17,,初情スプリンクル
gokumon nadeshiko koko ni ari,3,17,,獄門撫子此処ニ在リ
+-0 (vocaloid),3,17,,
naruto sd rock lee no seishun,3,17,,ロック・リーの青春フルパワー忍伝
barney & friends,3,17,,バーニー&フレンズ
gundam zeonic front,3,17,,ジオニックフロント
maximum the hormone,3,17,,
shrek 2,3,17,,シュレック2
ankoku kishi wo nugasanaide,3,17,,暗黒騎士を脱がさないで
tokio funka (vocaloid),3,17,,トキヲ・ファンカ
otosareta bishimai,3,17,,
koinosu ichacolize,3,17,,こいのす☆イチャコライズ
shiritsu! sanjuusangendou gakuin,3,17,,
days (manga),3,17,,DAYS(安田剛士)
nama love,3,17,,なまラブ
rakkami!,3,17,,らっかみ!
enkou jk to sapo oji-san ~love pako houkago bukatsudou~,3,17,,エンコーJKとサポおぢさん_~ラヴパコ放課後ぶかつどう~
fitness (manga),3,17,,ふぃっとねす
unionism quartet a-3 days,3,17,,ユニオリズム・カルテットA3-DAYS
monster super league,3,17,,モンスタースーパーリーグ
evenicle 2,3,17,,イブニクル2
dennou pandemic,3,17,,電脳パンデミック
jingle bells ga tomaranai,3,17,,ジングルベルがとまらない
hagane orchestra,3,17,,はがねオーケストラ
toki to eien toki towa,3,17,,時と永遠〜トキトワ〜
atelier lise,3,17,,リーズのアトリエ
fantasica,3,17,,
eryi's action,3,17,,エリィのアクション
gun knight girl,3,17,,
hotarubi no mori e,3,17,,蛍火の杜へ
tousui kitan,3,17,,灯穂奇譚
newton to ringo no ki,3,17,,ニュートンと林檎の樹
rikujou boueitai mao-chan,3,17,ground defense force! mao-chan,陸上防衛隊まおちゃん
mezamashi tv,3,17,,めざましテレビ
b-daman bakugaiden,3,17,,爆外伝
x legend,3,17,,
kenkoku no jungfrau,3,17,,
mega man: the wily wars,3,17,,ロックマンメガワールド
alma ~zutto soba ni...~,3,17,,
wasurenagusa,3,17,,
lenovo,3,17,,レノボ
inglourious basterds,3,17,,イングロリアス・バスターズ
oba-sans saga,3,17,,
wario's woods,3,17,,ワリオの森
angel gear,3,17,,
utsurigi nanakoi tenkiame,3,17,,
mugyutto! pet maid,3,17,,
cinderella school (vocaloid),3,17,,
abyss horizon,3,17,,アビス・ホライズン
houkago no goumon shoujo,3,17,,放課後の拷問少女
hundred demon spectrum,3,17,,百妖谱
lunch box (manga),3,17,,
himawari wa yoru ni saku,3,17,,向日葵ハ夜ニ咲ク
toriko no kizuna ~ubawareta gakuen ni hibiku shojo no aegi~,3,17,,
virt-a-mate,3,17,,
kohaku no yume,3,17,,虚白ノ夢
rebus,3,17,,
sun group (printing company),3,17,,サングループ
amtrak,3,17,,アムトラック
donkey kong country returns,3,17,,ドンキーコングリターンズ
basic instinct (movie),3,17,,氷の微笑
level 0 no maou-sama isekai de boukensha wo hajimemasu,3,17,,レベル0の魔王様、異世界で冒険者を始めます
sassy-sister complex!,3,17,,
magical patissier kosaki-chan,3,17,,マジカルパティシエ小咲ちゃん!!
bakuten!!,3,17,,バクテン!!
curse: two worlds one destiny,3,17,,
silhouette mirage,3,17,,シルエットミラージュ
majiresu!! ~omatase little wing~,3,17,,まじれす!!
soul taker,3,17,,魂狩
youkai hunter,3,17,,妖怪ハンター
angel/dust,3,17,,
sengoku hime 6,3,17,,戦極姫6~天下覚醒、新月の煌き~
hitozuma swimming club,3,17,,
hiota no kanojo ga ore no motteru eroge ni kyoumi shinshin nandaga......,3,17,,非オタの彼女が俺の持ってるエロゲに興味津々なんだが......
kimihane,3,17,,
angelical pendulum,3,17,,
animahjong x,3,17,,
imouto senbatsu sousenkyo,3,17,,
siyowununo,3,17,,
another world,3,17,,アウターワールド
tri-stars,3,17,,とらい☆すたーず
chichi yuri girls,3,17,,
manchester city fc,3,17,,
shinji to yukai na nakama-tachi,3,17,,シンジと愉快な仲間たち
talechaser,3,17,,
temptation naked,3,17,,
knife (vocaloid),3,17,,
renkyuu no kanojotachi,3,17,,
sanse hui lian,3,17,tricolour lovestory,トリコロール_ラブストーリー
dye (vocaloid),3,17,,
gris,3,17,,
baldr force,3,17,,バルドフォース
soukoku no garou - hokuto no ken rei gaiden,3,17,,
microsoft bing,3,17,,
tokusou kihei dorvack,3,17,powered armor dorvack,特装機兵ドルバック
windows azure,3,17,,
imouto yuugi,3,17,,
ash (game),3,17,,
soratobazu (vocaloid),3,17,,
hanjo tv,3,17,,
xevious,3,17,,ゼビウス
urotsukidouji,3,17,,
madou souhei kleinhasa,3,17,,
city connection,3,17,,シティコネクション
new super mario bros. 2,3,17,,NEWスーパーマリオブラザーズ2
kanchichi sweet,3,17,,
sugakiya,3,17,,スガキヤ
turkey! (series),3,17,,ターキー
dachou club,3,17,,
comitia 143,3,17,,コミティア143
onimusha: warlords,3,17,,
onedari milky pie,3,17,,おねだりミルキーパイ
null mahou shoujo,3,17,,クァール(非-魔法少女)
kimi no taion (vocaloid),3,17,,君の体温
false island,3,17,,偽島
giji harem,3,17,pseudo harem,疑似ハーレム
pheromones on the street corner,3,17,,
super mario all-stars,3,17,,スーパーマリオコレクション
warau salesman,3,17,,笑ゥせぇるすまん
orange (vocaloid),3,17,,
magical valkyrie lyristia,3,17,,魔法闘姫リルスティア
diadein,3,17,,
la danse macabre,3,17,,ダンス・マカブル
fuu-chan no ana,3,17,,ふーちゃんの穴
madou monogatari: hachamecha kimatsushiken,3,17,,
black hops,3,17,,
milkyway,3,17,,ミルキーウェイ
transformers: rescue bots,3,17,,レスキューボッツ
far cry 6,3,17,,ファークライ6
shoujo kumikyoku,3,17,,
inaka no kuro gal jk to kekkon shimashita,3,17,,田舎の黒ギャルJKと結婚しました
kamen rider the next,3,17,,仮面ライダーTheNext
ayakashi banashi,3,17,,妖話
bakushou (song),3,17,,爆笑
spice! (vocaloid),3,17,,
voices in the dark,3,17,,
born freaks!,3,17,,
slow onanie nyuumon,3,17,,
unlimited hearts,3,17,,
sister x sister ~lovevery sisters~,3,17,,
yakuchu!,3,17,,~_やくchu!
munekyun! heart de koi shi-te-ru,3,17,,
onee-sama no are,3,17,,
final half year,3,17,,
vvv (group),3,17,,V・V・V
kutsujoku 3,3,17,,
motto nee chanto shiyou yo!,3,17,,もっと姉、ちゃんとしようよっ!
nanatsu no fushigi no owaru toki,3,17,,
hanafuda (manga),3,17,,
queen's gate spiral chaos,3,17,,クイーンズゲイトSPIRALCHAOS
escalation hardcore,3,17,,ESCALATION_~蒼い抱擁~
rinkan club,3,17,,
sailorbon,3,17,,
free friends,3,17,,
lotta svaerd: women of war,3,17,,
saimin gakuen,3,17,,催眠学園
onidere,3,17,,オニデレ
akahori gedou hour rabuge,3,17,,あかほり外道アワーらぶげ
pixiv shadow 3,3,17,,ぴくカゲIII
kyoto animation cm,3,17,,
terebi no kieta hi,3,17,,
assault suit leynos,3,17,,重装機兵レイノス
take on me,3,17,,
boukyaku no senritsu,3,17,,忘却の旋律
d-eve in you,3,17,,
bee movie,3,17,,ビー・ムービー
joshi mote na imouto to junan na ore,3,17,,女子モテな妹と受難な俺
puppetmuppet,3,17,,パペットマペット
hinata terrace,3,17,,
gohoushi princess,3,17,,
mudazumo naki kaikaku,3,17,the legend of koizumi,ムダヅモ無き改革
hadaka apron gakuen,3,17,,裸エプロン学園
p.n.03,3,17,,
onegai fukukan sama,3,17,,
everafter,3,17,,
mamatoto,3,17,,ママトト
izumo 2,3,17,,
iketeru futari,3,17,,イケてる2人
my summer adventure - memories of another life,3,17,,
resident evil: operation raccoon city,3,17,resident evil operation raccoon city,バイオハザードオペレーション・ラクーンシティ
dead space 1,3,17,,デッドスペース
kakuto ryori densetsu bistro recipe,3,17,fighting foodons,格闘料理伝説ビストロレシピ
okane ga nai,3,17,,お金がないっ
ubisoft,3,17,,ユービーアイソフト
okashi na futari,3,17,,
koharu biyori (mizuki takehito),3,17,,こはるびより
sonatine,3,17,,ソナチネ
minerva no kenshi,3,17,fencer of minerva,ミネルバの剣士
snooze (vocaloid),3,17,,
black wolves saga,3,17,,ブラックウルヴスサーガ
moldiver,3,17,,モルダイバー
crash team racing,3,17,,
omoikkiri kagaku adventure sounanda,3,17,,
young hip,3,17,,ヤングヒップ
metallic child,3,17,,
15 shoujo,3,17,,十五少女
holoearth chronicles,3,17,,
marmalade boy,3,17,,ママレード·ボーイ
onitsuka tiger,3,17,,
fortune summoners,3,17,,フォーチュンサモナーズ
3rd eye (game),3,17,,
petenshi ga warau koro ni (vocaloid),3,17,,ペテン師が笑う頃に
mondaiji no watashitachi wo kaeta no wa onaji class no monaka-senpai,3,17,,私たち問題児
q-transformers,3,17,,Qトラ
dare ga koroshita komadori wo,3,17,,誰が殺したコマドリを
risk of rain,3,17,,
angel (vocaloid),3,17,,アンヘル(かいりきベア)
league of legends world championship,3,17,,
omokoro,3,17,,
comic ryu,3,17,,
hands up!,3,17,,
caing zhihuang,3,17,,
lore olympus,3,17,,
yakusoku no natsu mahoroba no yume,3,17,,
yuusha to maou to majo no cafe,3,17,,
shirogane no ishi argevollen,3,17,,白銀の意思アルジェヴォルン
hyakugojuunenme no mahoutsukai,3,17,,
kagaku touki silver raina,3,17,,科学闘姫シルバーライナ
devi rock,3,17,,デビ☆ロック
mikuri gakuen sweets-bu,3,17,,みくり学園スイーツ部
armed angels,3,17,,
mirai delivery,3,17,,
kaguya ~tsuki no usagi no gin no hakobune~,3,17,,
sengoku wars,3,17,,
fujiyama-san wa shishunki,3,17,,富士山さんは思春期
koinaka -koinaka de hatsukoi x nakadashi sexual life-,3,17,,こいなか-小田舎で初恋×中出しセクシャルライフ-
alfort (brand),3,17,,アルフォート
mainichi shabutte ii desu ka?,3,17,,毎日しゃぶっていいですか?
frogman (manga),3,17,,フロッグマン
camel by camel (sandy marton),3,17,,
fighters frontline,3,17,,
metal gear 1,3,17,,初代メタルギア
p2! let's play pingpong,3,17,,ピーツー_レッツ_プレイ_ピンポン
diffsinger,3,16,,
eden eternal,3,16,,
itadaki babel (denonbu),3,16,,いただきバベル
the adventures of elliot: the millennium tales,3,16,,冒険家エリオットの千年物語
guardians of the galaxy vol. 2,3,16,,ガーディアンズ・オブ・ギャラクシー:リミックス
mobile suit gundam rg xarx-zero,3,16,,機動戦士ガンダムRG_XARX-ZERO
tales of the world reve unita,3,16,,レーヴユナイティア
egao no taenai shokuba desu,3,16,,笑顔のたえない職場です。
manager no oshigoto,3,16,,
mosi mosi (sasane),3,16,,
ai kotoba v (vocaloid),3,16,,愛言葉V
diamond no kouzai,3,16,the days of diamond,ダイヤモンドの功罪
kekkon suru tte hontou desu ka,3,16,365 days to the wedding,結婚するって、本当ですか
rance 02,3,16,,
dekin no mogura,3,16,,出禁のモグラ
ponkotsu fuuki iin to skirt-take ga futekisetsu na jk no hanashi,3,16,,ポンコツ風紀委員とスカート丈が不適切なJKの話
ganbare!! robocon,3,16,,がんばれ!!ロボコン
touhou mugen rasen,3,16,,東方無限螺旋
umamusumeshi,3,16,,うまむすめし
maplestory m,3,16,,メイプルストーリーM
ingoku danchi,3,16,,インゴクダンチ
the goddess of tears ~restoration~,3,16,,
tankmen,3,16,,
atelier kaguya,3,16,,アトリエかぐや
call of duty: modern warfare (2019),3,16,modern warfare (2019),
team dmp,3,16,,ちぃむdmp☆
favorite (company),3,16,,
kaijuu ni naritai (vocaloid),3,16,,怪獣になりたい
viva happy (vocaloid),3,16,,ビバハピ
kyokugen chikan tokuiten neo,3,16,,極限痴漢特異点NEO
odoriba ni skirt ga naru,3,16,,踊り場にスカートが鳴る
heathers,3,16,,
epic: the musical,3,16,,
twilight of the warriors: walled in,3,16,,
fatal fury 2,3,16,,餓狼伝説2
stonetoss comics,3,16,,
character select collab,3,16,,
iridescent soul,3,16,,
cupid (amane kanata),3,16,,きゅーぴっど
geunyeoga gongjagjeolo gaya haessdeon sajeong,3,16,,彼女が公爵家に行かなければならなかった事情
nitro express,3,16,,ナイトロエクスプレス
the legend of zelda (live action),3,16,,
amazing grace -what color is your attribute?-,3,16,,アメイジング・グレイス
void (ttrpg scenario),3,16,,
five nights at freddy's (2023 movie),3,16,,
mamono musume-tachi to no rakuen ~kumo to tori to hitotsume to~,3,16,,
fusion crust (love live!),3,16,,フュージョンクラスト
very! very! coconatsu,3,16,,Very!_Very!_COCO夏っ
catdog,3,16,,キャットドッグ
angel at dusk,3,16,,夕暮れの楽園と赤く染まる天使たち
justice league (movie),3,16,,
goblin slayer gaiden: year one,3,16,"goblin slayer side story: year one!,goblin slayer year one!",
tokyo disneysea,3,16,,東京ディズニーシー
hero (mili),3,16,,
the suicide squad (2021 movie),3,16,,スーサイド・スクワッド
ane death.,3,16,,姉です。
the making of the perfect martini,3,16,,
dick figures,3,16,,猥琐传说
gaman ga dekinai doutei aniki to sunao ni narenai hankou imouto,3,16,,ガマンができない童貞兄キと、スナオになれない反抗妹
summon night craft sword monogatari hajimari no ishi,3,16,,サモンナイトクラフトソード物語〜はじまりの石〜
monkey island,3,16,,モンキー・アイランド
medarot 1,3,16,,メダロット1
kekka orai (song),3,16,,けっかおーらい
uta ni katachi wa nai keredo (vocaloid),3,16,,
guts & blackpowder,3,16,,
persona pixiv edition,3,16,,
machine child,3,16,,マシンチャイルド
jaja uma quartet,3,16,,Jaja馬カルテット
enmankaiketsu! enma-chan,3,16,,円満解決!閻魔ちゃん
el chapulin colorado (series),3,16,,エル・チャプリン・コロラド
q (vocaloid),3,16,,Q(椎名もた)
sentimental girl's,3,16,,
tsukuritai onna to tabetai onna,3,16,she loves to cook and she loves to eat,作りたい女と食べたい女
akashic re:cords,3,16,,アカリコ
imouto choukyou nikki,3,16,,妹調教日記
pearl (movie),3,16,,
space king,3,16,,
exorcist wo otosenai,3,16,,エクソシストを堕とせない
wordle,3,16,,ワードル
blink gone (alien stage),3,16,,
pokemon mystery dungeon: gates to infinity,3,16,,マグナゲートと∞迷宮
wild life smp,3,16,,
torima minshuku yadori teki na!,3,16,,とりま民宿やどり的な!
monsters vs. aliens,3,16,,
bakusou jigen neptune vs kyoshin surainu,3,16,neptunia riders vs dogoos,
shantae (2002 game),3,16,,
blaze of destiny ii - the beginning of the fate,3,16,,
salamander (game),3,16,,サラマンダ
hokenshitsu no sensei to shabondama chuudoku no joshu,3,16,,
broccoli (company),3,16,,
love it! wonderful trip!,3,16,,
fate/final journey,3,16,,
vampire hunter d: bloodlust,3,16,,吸血鬼ハンターDブラッドラスト
silent reading,3,16,,默读
shady research report,3,16,,
in love with an idiot,3,16,,你却爱着一个sb
dogsred,3,16,,ドッグスレッド
the voynich hotel,3,16,,ヴォイニッチホテル
malena (movie),3,16,,
iya dato ienai jimikei shoujo,3,16,,イヤだと言えない地味系少女
marco to ginga ryuu,3,16,,マルコと銀河竜
on your mark (ghibli),3,16,,ジブリ実験劇場
wiege (alien stage),3,16,,
go!! restart,3,16,,
gekkou chou,3,16,,月虹蝶
humanoid (zutomayo),3,16,,
world connect,3,16,,
mario kart: double dash!!,3,16,,マリオカートダブルダッシュ!!
harry potter and the prisoner of azkaban,3,16,,アズカバンの囚人
ride on time,3,16,,
gakeppuchi reijou wa kurokishi-sama o horesasetai,3,16,,
helix waltz 2,3,16,,螺旋圆舞曲2蔷薇战争
rougo ni sonaete isekai de 8-manmai no kinka wo tamemasu,3,16,saving 80000 gold in another world for my retirement,老後に備えて異世界で8万枚の金貨を貯めます
villusion,3,16,,
engage kill,3,16,,エンゲージキル
norn9,3,16,,
gundam extreme vs. maxi boost,3,16,,
erotica yuuwaku kenshuu hajimaruyo,3,16,,エロティ課誘惑研修はじまるよ
bloodstained: curse of the moon 2,3,16,,
quotations from chairman mao zedong,3,16,,毛主席语录
a midsummer night's dream,3,16,,夏の夜の夢
shinomiya kouta wa mada shinenai,3,16,,四ノ宮小唄はまだ死ねない
tapioca western,3,16,,タピオカウェスタン
comitia 145,3,16,,コミティア145
kasane teto no ferutago~n (synthesizer v),3,16,,重音テトのフェルタゴ~ン
vampire: the masquerade - bloodlines,3,16,vampire the masquerade: bloodlines,
maougun saikyou no majutsushi wa ningen datta,3,16,the strongest magician in the demon lord's army was a human,魔王軍最強の魔術師は人間だった
watashitachi to issho nara sekai saikyou ikechaimasu yo?,3,16,,
kawaiku naritai (honeyworks),3,16,,可愛くなりたい
armored core: master of arena,3,16,,
shin taketori monogatari sennen joou,3,16,queen millennia,新竹取物語1000年女王
monument valley (game),3,16,,モニュメントバレー
mount & blade ii: bannerlord,3,16,,
makanon records,3,16,,
yotsume god,3,16,,四ツ目神
girls from hell,3,16,,
shuumatsu touring,3,16,touring after the apocalypse,終末ツーリング
next king,3,16,,ネクストキング
sujikoi,3,16,,筋恋
stgr,3,16,,ストグラ
neko-nin exheart 2,3,16,,猫忍えくすはーと2
tottenham hotspur fc,3,16,,
girl7,3,16,,
sanjay and craig,3,16,,
mama wa taimanin,3,16,,ママは対魔忍
mayday (air crash investigation),3,16,,メーデー!:航空機事故の真実と真相
carbonated love (hololive),3,16,,
comitia 151,3,16,,コミティア151
astro royale,3,16,,願いのアストロ
the jet black hedgehog: shadow the hedgehog,3,16,,漆黒のハリネズミ:シャドウ・ザ・ヘッジホッグ
hakoniwalily,3,16,,ハコニワリリィ
pretty face,3,16,,プリティフェイス
expiration date (tf2),3,16,expiration date (2014),
monochrome finale,3,16,,
robotboy,3,16,,ロボットボーイ
barisol no kodomo wa hitorikko (vocaloid),3,16,,バリーゾールの子供は一人っ子
mach breakers,3,16,,
piaa,3,16,,
passerine (dream smp),3,16,,
tenkai knights,3,16,,テンカイナイト
astartes (web animation),3,16,,
anamanaguchi (band),3,16,,
redmagic,3,16,,
nounai kakumei girl (vocaloid),3,16,,脳内革命ガール
historie,3,16,,ヒストリエ
remember11,3,16,,リメンバーイレブン
gloryhammer,3,16,,
dispatch!!,3,16,,でぃすぱっち!!
kin koi,3,16,,
assault suits valken,3,16,,重装機兵ヴァルケン
bug fables,3,16,,バグ・フェイブルズ
fran bow,3,16,,
dead rock,3,16,,デッドロック
kettobashita moufu (zutomayo),3,16,,蹴っ飛ばした毛布
legend of the three kingdoms,3,16,,三国杀
my little pony: the movie (2017),3,16,,
megami ni damasareta ore no isekai harem seikatsu,3,16,,女神に騙された俺の異世界ハーレム生活
rance iv,3,16,,ランスIV-教団の遺産-
8 beat story,3,16,,
strobe light (vocaloid),3,16,,ストロボライト
eien ni game de taisen shitai kiritan (voiceroid),3,16,eien ni game de taizen shitai kiritan (voiceroid),永遠にゲームで対戦したいキリタン
toe (band),3,16,,
suada,3,16,,すあだ
imawa no kuni no alice,3,16,alice in borderland,今際の国のアリス
brchan,3,16,,
palmie,3,16,,パルミー
date a live: twin edition rio reincarnation,3,16,,デート・ア・ライブ_Twin_Edition_凜緒リンカーネイション
request for u,3,16,,
pride and prejudice,3,16,,
the reisen,3,16,,
kung fu hustle,3,16,,
deus ex (2000),3,16,,
neko miko reimu,3,16,,ねこ巫女れいむ
boku ga incubus ni naru tame ni kyou kara succubus to lesson shimasu 2,3,16,,
kuraki-san wa semetai,3,16,,倉木さんは攻めたい!
kamen rider 555: paradise regained,3,16,,パラダイス・リゲインド
wuthering heights,3,16,,
hyperinflation,3,16,,ハイパーインフレーション
yanderella,3,16,,ヤンデレラ
crowdstrike,3,16,,
mosaic.wav,3,16,,モザイクウェブ
digimon paradox,3,16,,デジモンパラドクス
omoide wa okkusenman!,3,16,,思い出はおっくせんまん
max factory,3,16,,
fortuna (game),3,16,,フォルトゥーナ
super wings,3,16,,スーパーウィングス
zexy (magazine),3,16,,ゼクシィ
a-ha,3,16,,
minoria,3,16,,
star ring vpro,3,16,,
shikabane-gurai no bouken meshi,3,16,,屍喰らいの冒険メシ
festibattle,3,16,,フェスバアート
meikopia,3,16,,メイコライブ
skycolor project,3,16,,
super nintendo world,3,16,,
trinoline,3,16,,
tabikaeru,3,16,,旅かえる
inner immoral,3,16,,
yuusha shisu.,3,16,hero must die,勇者死す。
debauchery in caelia kingdoms,3,16,,
eine kleine (yonezu kenshi),3,16,,アイネクライネ
mujigen hunter fandora,3,16,,夢次元ハンターファンドラ
froot loops,3,16,,
kyoushirou 2030,3,16,,
papuwa,3,16,,
project 01: time-loop,3,16,,回帰のミク
colgate,3,16,,ゴルゲート
haitenai rpg,3,16,,はいてないRPG
theatrhythm final fantasy,3,16,,
the divine comedy,3,16,,
beatstream,3,16,,
yoshi's story,3,16,,ヨッシーストーリー
tsumi to batsu: sora no koukeisha,3,16,,罪と罰~宇宙の後継者~
hikky,3,16,,
precure all stars new stage 3: eien no tomodachi,3,16,,プリキュアオールスターズNewStage3_永遠のともだち
mayohiga no onee-san,3,16,,マヨヒガのお姉さん
kimihane couples,3,16,,
shisetsu toshokan schatzkiste e youkoso! erice to yu kaina meido-tachi,3,16,,私設図書館シャッツキステへようこそ!エリスとゆかいなメイドたち
sengoku hime 5,3,16,,戦極姫5~戦禍断つ覇王の系譜~
civilization vi,3,16,,シヴィライゼーションVI
infamous second son,3,16,,
re:ar,3,16,,
sukerasono,3,16,,
pixiv punk and rock,3,16,,
tarareba (aries),3,16,,
meimon joshikou ryokou,3,16,,名門女子校旅行~俺だけ男なんですが!?~
mcpixel,3,16,,
k-on! college,3,16,,けいおん!college
guardian of prominence kishar,3,16,,
sick mind,3,16,,
skyfall,3,16,,スカイフォール
dysfunctional systems,3,16,,
panzer dragoon saga,3,16,,
marshmallow times,3,16,,マシュマロ通信
lime-iro ryuukitan x,3,16,,らいむいろ流奇譚X
between the lines,3,16,,
sixty nine (eroge),3,16,,
20th century studios,3,16,20th century fox,20世紀スタジオ
tamusic,3,16,,
shinmai shimai no futari gohan,3,16,,新米姉妹のふたりごはん
vkusno i tochka,3,16,,
otomate,3,16,,オトメイト
bandicam,3,16,,
jingju mao,3,16,,京剧猫
buriki no dance (vocaloid),3,16,,ブリキノダンス
kuramerukagari,3,16,,クラメルカガリ
getsu fuuma den,3,16,,月風魔伝
juuouki,3,16,altered beast,獣王記
flicky (series),3,16,,
flowerfell,3,16,,
see in ao,3,16,,シーンAO
bless your breath (vocaloid),3,16,,ブレス・ユア・ブレス
happy heroes,3,16,,开心超人联盟
the source,3,16,,
project mu,3,16,,
furuki okite no mahou kishi,3,16,,古き掟の魔法騎士
tatshmusiccircle,3,16,,
m.h.s,3,16,,溝口ゆうま
desire (c's ware),3,16,,DESIRE背徳の螺旋
the darkness,3,16,,
tetora-san no kiki jikkyou,3,16,,テトラさんの鬼姫実況
twin peaks (restaurant),3,16,,
daikaiju yuki,3,16,,
x-men: first class,3,16,,
player na wa,3,16,,
ultraman neos (series),3,16,,ウルトラマンネオス
raft (game),3,16,,
summer camp island,3,16,,サマーキャンプ・アイランド
toraware no palm,3,16,,囚われのパルマ
torimazange,3,16,,とりまざんげ
meiyaku no guardian knights,3,16,,盟約のガーディアンナイツ
kutsuzure sensen,3,16,,靴ずれ戦線
hikari sentai maskman,3,16,,光戦隊マスクマン
unmei no keitouju,3,16,,
tokyo tenma: devil slave,3,16,,
lkyt.,3,16,,
pokemon box ruby & sapphire,3,16,,ポケモンボックス_ルビー&サファイア
fap ceo,3,16,,
old spice,3,16,,
rondo duo,3,16,,輪舞曲Duo_-夜明けのフォルテシモ-_ぷにゅぷりff
ray-kudryavka,3,16,,レイ・クドリャフカ
yuumei sakai wo koto ni suru,3,16,,幽明境を異にする
magical pokemon journey,3,16,,PiPiPi★アドベンチャー
toosenbo (vocaloid),3,16,,とおせんぼ
watashi no inchou desu!!,3,16,,
landreaall,3,16,,
super robot wars reversal,3,16,,スーパーロボット大戦R
ane to princess wa kirawaretakunai,3,16,,姉とプリンセスは嫌われたくない
makura no danshi,3,16,,まくらのだんし
youkai sangokushi,3,16,,妖怪三国志
digimon chronicle,3,16,,デジモンクロニクル
souten no celenaria,3,16,,蒼天のセレナリア
lore factor's high school,3,16,,
gakuen hanafuda gouka kenran,3,16,,
love rec.,3,16,,ラブレコ.
reine des fleurs,3,16,,レンドフルール
yume tenshi r,3,16,,
evren,3,16,,
amanatsu (azarashi soft),3,16,,アマナツ
haitaka no psychedelica,3,16,psychedelica of the ashen hawk,灰鷹のサイケデリカ
ibara no ou,3,16,,いばらの王
castlevania: lords of shadow,3,16,,キャッスルヴァニアロードオブシャドウ
sharin no kuni yuukyuu no shounenshoujo,3,16,,
love-pii channel,3,16,,loveぴー
kimi wa sukinosaurus,3,16,,君はスキノサウルス
anemone wa netsu wo obiru,3,16,,アネモネは熱を帯びる
sister scheme,3,16,,
yuunee to issho,3,16,,
watashi ni konya ai ni kite,3,16,,私に今夜☆会いに来て
super real mahjong p7,3,16,,
omoide ni kawaru kimi memories off,3,16,,
gunparade orchestra,3,16,,ガンパレード・オーケストラ
super mario party,3,16,,スーパーマリオパーティ
cosmos no sora ni,3,16,,秋桜の空に
takamare! takamaru,3,16,,たかまれ!タカマル
choujigen game neptune: gamemaker r:evolution,3,16,neptunia game maker r:evolution,
ninku,3,16,,忍空
gundam 0079 the war for earth,3,16,,
shiden enkan no kizuna,3,16,,
scribblenauts,3,16,,マックスウェルの不思議なノート
otome renshin prister,3,16,,
2 fast 2 furious,3,16,fast & furious 2,ワイルド・スピードX2
riding shotgun (series),3,16,,
shoei,3,16,,
umi ga kikoeru,3,16,ocean waves (movie),海がきこえる
le ciel bleu,3,16,,ル・シエル・ブルー
star wars manga,3,16,,
kyuuketsu sakura-chan,3,16,,
dragon quest monsters 2,3,16,,ドラゴンクエストモンスターズ2
gatekeepers,3,16,,
passpartout: the starving artist,3,16,,パスパルトゥー
nee nee nee,3,16,,ねぇねぇ姉
chu-bra!!,3,16,,ちゅーぶら!!
shiawase toriming,3,16,,しあわせ鳥見んぐ
metal slug tactics,3,16,,メタルスラッグタクティクス
kaze no daichi,3,16,,風の大地
da pump,3,16,,
gangbang online,3,16,,
the wonderful 101,3,16,,
niziu,3,16,,ニジュー
kyuusai no gihou,3,16,technique of relief,救済の技法
gunjou sanka (vocaloid),3,16,,群青讃歌
kimi no iro,3,16,the colors within,きみの色
suisei ginka,3,16,,
the hunger games,3,16,,ハンガー・ゲーム
muteki sensei,3,16,,
shinkai summit (vocaloid),3,16,,心壊サミット
gellerman,3,16,,ゲラーマン
drive-in tori,3,16,,ドライブイン鳥
megamari,3,16,,メガマリ
htb,3,16,,北海道テレビ放送
girls next door 2nd,3,16,,
ku-ru-ku-ru cruller!,3,16,,
musubime,3,16,,
my girl room,3,16,,
secret journey,3,16,,
yumepercent,3,16,,ユメパーセント
space invaders extreme 2,3,16,,
like a butler,3,16,,
mai favorite,3,16,,
the wild robot,3,16,,野生の島のロズ
shin bible black,3,16,,新バイブルブラック
honoo no haramase jinsei,3,16,,炎の孕ませ人生~あの頃に戻って孕ませナイト~
brocken blood,3,16,,ブロッケンブラッド
cyber diver (vocaloid),3,16,,
poem ni koi shite,3,16,,
hatsune miku -tap wonder-,3,16,,初音ミク_-TAP_WONDER-
blood 2,3,16,,
secret life smp,3,16,,
coming x humming,3,16,,
natsu no owari no kokuhaku,3,16,,
harem&harem,3,16,,
ikkitousen eloquent fist,3,16,,
ren no koi,3,16,,
ixel's prescription,3,16,,
30-sai no hoken taiiku,3,16,,30歳の保健体育
perfect dark,3,16,,
sweet cream,3,16,,
onegai ohoshisama,3,16,,
cloth road,3,16,,クロスロオド
donald land,3,16,,ドナルドランド
milk no jikan,3,16,,
harimaro,3,16,,
tinami,3,16,,
barbaroi,3,16,,
mechakon!,3,16,,
grim fandango,3,16,,グリム・ファンダンゴ
princess frontier,3,16,,
imouto jiru,3,16,,妹汁
tsubasa no hatameki,3,16,,
fancy lala,3,16,,ファンシーララ
relict2,3,16,,
atelier d,3,16,,
rayforce,3,16,,レイフォース
vampire survivors,3,16,,
hanamaru!,3,16,,はなマルッ!
we were here (series),3,16,,
majo to tsukaima,3,16,,魔女と使い魔
keishousareru yuusha no rpg,3,16,,『継承される勇者のRPG』
project diva future tone dx,3,16,,
ninja gaiden sigma 2,3,16,,
sanarara,3,16,,サナララ
kousoku sentai turboranger,3,16,,高速戦隊ターボレンジャー
ikusa megami verita,3,16,,戦女神VERITA
tcg card shop simulator,3,16,,
meido ni chikaramake suru nante shikatanain desuka?,3,16,,メイドに力負けするなんて恥ずかしくないんですか?
kitty (vocaloid),3,16,,キティ
x enc'ount,3,16,,
yamato2520,3,16,,ヤマトにーごーにーぜろ
comitia 116,3,16,,コミティア116
m&g stationery,3,16,,晨光文具
formula e,3,16,,フォーミュラE
alcot (company),3,16,,
cozopro,3,16,,cozoruお絵かき診断
yokorenbo ~immoral mother~,3,16,,
senkuu no reconquista,3,16,,潜空のレコンキスタ
kraftwerk,3,16,,
monster girl saga,3,16,,
ripe,3,16,,
omiai shitakunakatta no de murinandai na jouken o tsuketara doukyuusei ga kita ken ni tsuite,3,16,,お見合いしたくなかったので、無理難題な条件を付けたら同級生が来た件について
adorable witch,3,16,,
love ka? (vocaloid),3,16,,ラブカ?
midnight train,3,16,,
charabration!,3,16,,
my friend's hot soccer mom,3,16,,
autumn blaze,3,16,,
troubledays,3,16,,とらぶるでいず
valkyrie impulse,3,16,,ヴァルキリーインパルス
gundam the battle master,3,16,,ガンダム・ザ・バトルマスター
miracle giants domu-kun,3,16,,
daybreak frontline (vocaloid),3,16,,
inori no kuni no riviere,3,16,,祈りの国のリリエール
gaki ni modotte yarinaoshi,3,16,,ガキにもどって犯りなおしっ
alicetea,3,16,,
vital gear,3,16,,ヴァイタルギア
kidou keisatsu patlabor 2 the movie,3,16,,機動警察パトレイバー2theMovie
student solver,3,16,,
guardian recall,3,16,,ガーディアンリコール
super mario bros z,3,16,,スーパーマリオブラザーズZ
alpha (urushihara),3,16,,
dungeon anywhere,3,16,,
himote house,3,16,,ひもてはうす
ashigei shoujo komura-san,3,16,,足芸少女こむらさん
mikomai,3,16,,
shinsei-maou no venus-hunt,3,16,,新生魔王の女神狩り
gregorio (fullkawa honpo),3,16,,
comic europa,3,16,,
lilium x triangle,3,16,,リリウム×トライアングル
kan-in tokkyuu matsuba,3,16,,
kami no rhapsody,3,16,,神のラプソディ
odoru hoshifuru reneshikuru,3,16,,踊る星降るレネシクル
lotteria,3,16,,
candy pop nightmare,3,16,,
2014 winter olympics,3,16,,
lily lyric cycle,3,16,,りりくる~LIlyLYriccyCLE~
eeveelution project,3,16,,
star galaxy,3,16,,
jewelpet happiness,3,16,,ジュエルペットハッピネス
aoi id,3,16,,
relativity (m.c. escher),3,15,,
fossil fighters champions,3,15,,スーパーカセキホリダー
majogami,3,15,,魔女ガミ
tetsunabe no jan!,3,15,,鉄鍋のジャン!
melt ice cream (vocaloid),3,15,,メルト・アイスクリーム
godzilla: the series,3,15,godzilla the series,
toho (movie company),3,15,,東宝
blood time,3,15,,
uchuu eiyuu monogatari,3,15,,宇宙英雄物語
e.y.e: divine cybermancy,3,15,,
chrono story (vocaloid),3,15,,クロノ・ストーリー
darkthrone,3,15,,ダークスローン
vlc media player,3,15,,
a first of summers,3,15,,
kid dracula (game),3,15,,悪魔城すぺしゃるぼくドラキュラくん
heroes of might and magic iii,3,15,,
second sparkle,3,15,,
synapse chronicles,3,15,s.i.n: chronicles,
darna (series),3,15,,ダルナ
zeta division,3,15,,
amecon,3,15,,
amayo no tsuki,3,15,,雨夜の月
unbeatable,3,15,,アンビータブル
obey me! nightbringer,3,15,,
soredemo tsuma o aishiteru,3,15,,
marathon (1994),3,15,,
gachi koi maou-sama,3,15,,
kyokkou (idolmaster),3,15,,極光(学園アイドルマスター)
kyoukai hishou celestite,3,15,,境界飛翔セレスタイト
flos (vocaloid),3,15,,
prism virtual,3,15,,
ai zokusei (vocaloid),3,15,,愛属性
tororin time,3,15,,とろりんタイム
fancy frontier 40,3,15,,
tales weaver: second run,3,15,,
himitsu keisatsu holmes,3,15,,
run hany,3,15,,
this witch of mine,3,15,,
kamen rider w forever: a to z/the gaia memories of fate,3,15,,運命のガイアメモリ
eberouge,3,15,,エーベルージュ
castlevania chronicles,3,15,,悪魔城年代記悪魔城ドラキュラ
shuggerlain,3,15,,
tetsu no shoujo to yumemigachi na ohimesama (vocaloid),3,15,,鉄の処女と夢見がちなお姫さま
lilies (komiya yuto),3,15,,
butcher me not,3,15,,
sonic x shadow generations: dark beginnings,3,15,,
bokura no ameiro protocol,3,15,,僕らの雨いろプロトコル
comicup 30,3,15,,
shiawase no ribbon,3,15,,幸せのリボン
choujuu giga gao road,3,15,,超獣戯牙ガオロード
ie naki ko remi,3,15,,家なき子レミ
gunvolt records cychronicle,3,15,,GUNVOLT_RECORDS_電子軌録律
menhera janai mon! (vocaloid),3,15,,メンヘラじゃないもん!
helix horizon,3,15,luoxuan jingjie xian,螺旋境界线
be be be be (cevio),3,15,,ビビビビ
chi-ffon magic,3,15,,Chi-ffon/魔法少女プロジェクト
creativerpg,3,15,,クリエイティブRPG
karryn's prison,3,15,,カリンズプリズン
kizoku tensei: megumareta umare kara saikyou no chikara wo eru,3,15,noble reincarnation: born blessed so i'll obtain ultimate power,貴族転生~恵まれた生まれから最強の力を得る~
negative happy,3,15,,ネガティヴハッピィ
kingdom hearts x back cover,3,15,,キングダムハーツキーバックカバー
fukukaichou no omona oshigoto,3,15,,副会長の主なお仕事
rainbow herb farm,3,15,,草木萌鑑
split dance (vocaloid),3,15,,スプリットダンス
clock tower: the first fear,3,15,,クロックタワー〜ザ・ファーストフィアー〜
twelfth night (2009),3,15,,
chichi wa eiyuu haha wa seirei musume no watashi wa tenseisha,3,15,reincarnated as the daughter of the legendary hero and the queen of spirits,父は英雄、母は精霊、娘の私は転生者。
assassin dearu ore no status ga yuusha yori mo akiraka ni tsuyoi nodaga,3,15,,暗殺者である俺のステータスが勇者よりも明らかに強いのだが
goshujin-sama niwa suwasemasen!,3,15,i won't let mistress suck my blood,ご主人様には吸わせません!
jinsei gyakuten: uwaki sare enzai wo kiserareta ore ga gakuen ichi no bishoujo ni natsukareru,3,15,,人生逆転~浮気され、えん罪を着せられた俺が、学園一の美少女に懐かれる~
saludos amigos,3,15,,ラテン・アメリカの旅
kaiketsu jouki tanteidan,3,15,steam detectives,快傑蒸気探偵団
the bloud house,3,15,,
rock na kimi to wa owakare da,3,15,,ロックな君とはお別れだ
la seine no hoshi,3,15,,ラ・セーヌの星
the legend of hei 2,3,15,,罗小黑战记2
transformers: zone,3,15,transformers zone,トランスフォーマーゾーン
maguro (drama),3,15,,マグロ
wario land: super mario land 3,3,15,,スーパーマリオランド3ワリオランド
izayoi selene,3,15,,十六夜セレーネ
shinzui,3,15,,真髄
veil project,3,15,,
lsd: dream emulator,3,15,,LSD(ゲーム)
super robot wars impact,3,15,,スーパーロボット大戦-IMPACT
avatar: seven havens,3,15,,
princess reconquista,3,15,,王女のレコンキスタ
spice (vtuber),3,15,,
kudaranu mousou no,3,15,,
yume shousen mousou,3,15,,
magalumina,3,15,,
kikou kantai dairugger xv,3,15,,機甲艦隊ダイラガーXV
choppiri toshiue demo kanojo ni shite kuremasu ka?,3,15,,ちょっぴり年上でも彼女にしてくれますか?
gogh: focus with your avatar,3,15,,
rineiron,3,15,,りねいろん
sequel colony,3,15,,
fiction desu (synthesizer v),3,15,it's fiction (synthesizer v),フィクションです
ctrl+alt+del,3,15,,
monster girl 1000,3,15,,
yume nikki dream diary,3,15,,
bokujou monogatari: harvest moon,3,15,,ハーベストムーン
cut cut cut (idolmaster),3,15,,
beatmania iidx 24 sinobuz,3,15,,
one piece: clockwork island adventure,3,15,,ねじまき島の冒険
lance n' masques,3,15,,ランス・アンド・マスクス
seishun no rinkaku,3,15,,青春の輪郭
kimoota mob youhei wa minohodo o ben (waki ma) eru,3,15,,キモオタモブ傭兵は、身の程を弁(わきま)える
project arms,3,15,,アームズ
mietemasu yo! aizawa-san,3,15,,見えてますよ!愛沢さん
watashi wa ame (vocaloid),3,15,,私は雨
tomb raider: the legend of lara croft,3,15,,
kingdom hearts missing-link,3,15,,キングダムハーツミッシングリンク
dragon quest monsters joker,3,15,,ドラゴンクエストモンスターズジョーカー
arby's,3,15,,
forest musician cranberry gaiden: magical girl raising project unripe duet,3,15,,森の音楽家クラムベリー外伝
power rangers mystic force,3,15,,パワーレンジャー・ミスティックフォース
billy hatcher and the giant egg,3,15,,ジャイアントエッグ
nintendo badge arcade,3,15,,バッジとれ~るセンター
lidl,3,15,,
medarot survivor,3,15,,メダロットサバイバー
kimi kiss pure rouge,3,15,,
suishitai ni modoranaide (vocaloid),3,15,,水死体にもどらないで
pop-tarts,3,15,,
my pokemon ranch,3,15,,みんなのポケモン牧場
kazoku wa (ore igai) succubus deshita ~ futari no ane to haha to no seikatsu de seieki o shiboritora remasu ~,3,15,,家族は(俺以外)サキュバスでした
bishoujo muzai pirates,3,15,,美少女無罪♡パイレーツ
bunny (vocaloid),3,15,,バニー(ボカロ)
sagrada reset,3,15,sakurada reset,サクラダリセット
tsuyokute new saga,3,15,,強くてニューサーガ
impre-zombie no hatsukoi,3,15,,
akashic production,3,15,,あかしっくぷろだくしょん
saji no majinai (vocaloid),3,15,,匙ノ咒
wonder three,3,15,,ワンダースリー
super real mahjong p5,3,15,,
power rangers zeo,3,15,,パワーレンジャー・ZEO
chikyuu sentai fiveman,3,15,,地球戦隊ファイブマン
windows 3.x,3,15,windows 3.1,
heavy cream,3,15,,
age of empires i,3,15,,エイジオブエンパイアI
conspiracy research club,3,15,,
otani oniji iii as yakko edobei,3,15,,東洲斎写楽画三代目大谷鬼次の奴江戸兵衛
no sleep for kaname date - from ai: the somnium files,3,15,,伊達鍵は眠らない
spoon.2di,3,15,,
handy capper (vocaloid),3,15,,
bayonetta origins: cereza and the lost demon,3,15,,BAYONETTA_Origins:セレッサと迷子の悪魔
safari (browser),3,15,,
minami no niji no lucy,3,15,,南の虹のルーシー
amatsu kitsune (vocaloid),3,15,,アマツキツネ
jamster,3,15,,
return of the b (comic),3,15,,
clamp in wonderland,3,15,,
high guardian spice,3,15,,ハイガーディアンスパイス
digimon recollection,3,15,,デジモンリコレクション
teniireta saimin app de yume no harem seikatsu wo okuritai,3,15,,手に入れた催眠アプリで夢のハーレム生活を送りたい
blush blush,3,15,,
strawberry shortcake (2003),3,15,,
koi ni wa amae ga hitsuyou desu,3,15,,恋にはあまえが必要です
paralympics,3,15,,パラリンピック
mushikago no cagaster,3,15,cagaster of an insect cage,虫籠のカガステル
kako ni torawareteiru (tuyu),3,15,,過去に囚われている
beyond the way (vocaloid),3,15,,
dai dark,3,15,,大ダーク
studio bind,3,15,,
okitegami kyouko no bibouroku,3,15,,掟上今日子の備忘録
yao guang lu,3,15,,摇光录
implicity,3,15,,
everlasting flowers,3,15,,
shazam! (movie),3,15,,シャザム!
brooklyn nets,3,15,,ブルックリン・ネッツ
kaiketsu zorori,3,15,,かいけつゾロリ
highrisk mission therapy,3,15,,ハイリスクミッションセラピー
ehrgeiz,3,15,,エアガイツ
genki bakuhatsu ganbaruger,3,15,,元気爆発ガンバルガー
dire sisters,3,15,,
baten kaitos origins,3,15,,
generation loss,3,15,,
kagerou: darkside princess,3,15,deception iv: blood ties,影牢ダークサイド・プリンセス
baraduke,3,15,,バラデューク
tsugihagi staccato (vocaloid),3,15,,ツギハギスタッカート
drop production,3,15,,
cursenday's dark carnival,3,15,,卡森德拉的黑色嘉年华
circle of love (love live!),3,15,,
mono palette.,3,15,,モノパレ
satisfaction (kz) (vocaloid),3,15,,
byeolyisam shop,3,15,,
wolfsmund,3,15,,狼の口
soka gakkai international,3,15,,創価学会
twiright prank (vocaloid),3,15,,トワイライトプランク
kounai sandai bijo no himo shitemasu,3,15,,校内三大美女のヒモしてます
alisia dragoon,3,15,,アリシアドラグーン
dragon pink,3,15,,ドラゴンピンク
1ldk + jk ikinari doukyo? micchaku!? hatsu ecchi!!?,3,15,,1LDK+JKいきなり同居?密着!?初エッチ!!?
issun-boushi,3,15,,一寸法師
koukyuu no karasu,3,15,,後宮の烏
call of duty: world at war,3,15,,
eiga daisuki pompo-san,3,15,,映画大好きポンポさん
the swing,3,15,,
spider-man: itsuwari no aka,3,15,spider-man: fake red,スパイダーマン/偽りの赤
0001 (vocaloid),3,15,,
brain age,3,15,,脳を鍛える大人のDSトレーニング
watashi wa succubus to kiss wo shita,3,15,,私はサキュバスとキスをした
hello worker (vocaloid),3,15,,
aibyou sekai,3,15,,愛病世界
lord of vermilion iv,3,15,,
blood meridian,3,15,,
generator rex,3,15,,ジェネレーター・レックス
target (store),3,15,,
ame to kusari (vocaloid),3,15,,
moechannel,3,15,,
replay (series),3,15,,
resident evil: dead aim,3,15,resident evil dead aim,ガンサバイバー4バイオハザードヒーローズ・ネバー・ダイ
heaven seeker,3,15,,ヘブンシーカー
higanjima,3,15,,彼岸島
kamen rider gotchard vs kamen rider legend,3,15,,仮面ライダーガッチャードVS仮面ライダーレジェンド
keihin kyuukou dentetsu,3,15,,京浜急行電鉄
nobunaga concerto,3,15,,信長協奏曲
doki doki pretty league,3,15,,ドキドキプリティリーグ
burnout (series),3,15,,バーンアウト
sewazuki de kawaii jk 3shimai dattara ouchi de amaete mo ii desuka?,3,15,,世話好きで可愛いJK3姉妹だったら、おうちで甘えてもいいですか?
yorushika,3,15,,ヨルシカ
fechi chichi kyonyuu sensei no yuuwaku jugyou,3,15,,ふぇちちち!~巨乳先生の誘惑授業~
ane wa oyaji ni daka re teru,3,15,,
space hunter,3,15,,スペースハンター
3piece,3,15,,
balala the fairies: finding melody,3,15,,
magic-kyun! renaissance,3,15,,マジきゅんっ!ルネッサンス
youko-san wa kon to naku,3,15,,妖狐さんはコンと鳴く
makiba no shoujo katri,3,15,,牧場の少女カトリ
narara superboard,3,15,,飛べスーパーボード
kingyo oukoku no houkai,3,15,,金魚王国の崩壊
spec ops the line,3,15,,スペックオプスザ・ライン
my-otome zwei,3,15,,
okusama no kaifuku-jutsu,3,15,,奥さまの回復術
wafuu fantajii na utsu eroge no nanashi sentou-in ni tensei shitandaga shuui no on'na ga yabe yatsu bakari de iyanayokan shika shinai kudan,3,15,,和風ファンタジーな鬱エロゲーの名無し戦闘員に転生したんだが周囲の女がヤベー奴ばかりで嫌な予感しかしない件
killer klowns from outer space,3,15,,
maken-shi no maken ni yoru maken no tame no harem life,3,15,,魔剣師の魔剣による魔剣のためのハーレムライフ
let the bullets fly,3,15,,让子弹飞
naanni mo dekinai gyaru ga yuiitsu dekiru koto,3,15,,なーんにもできないギャルが唯一できるコト
star fox command,3,15,,スターフォックスコマンド
kitsune ga boku wo matteiru hana,3,15,,
talking heads,3,15,,トーキング・ヘッズ
yami to hikari no sanctuary,3,15,,ヤミと祝祭のサンクチュアリ
my-hime destiny: ryuu no miko,3,15,,舞-HiME☆DESTINY龍の巫女
imouto bitch ni shiboraretai,3,15,,
hoho ga kawaku made (vocaloid),3,15,,頬が乾くまで
guardian heroes,3,15,,
kafu-chan no kare udon kyousou kyoku (cevio),3,15,,可不ちゃんのカレーうどん狂騒曲
spark in the ashes (unspoken),3,15,,
sorcery jokers,3,15,,ソーサリージョーカーズ
gacha wo mawashite nakama wo fuyasu saikyou no bishoujo gundan wo tsukuriagero,3,15,,ガチャを回して仲間を増やす_最強の美少女軍団を作り上げろ
digimon story: lost evolution,3,15,,デジモンストーリーロストエボリューション
jewelry hearts academia,3,15,,ジュエリー・ハーツ・アカデミア
dokuzu (vocaloid),3,15,,ド屑
flcl reanimated,3,15,,
ikemen sengoku,3,15,,イケメン戦国
the freak circus,3,15,,怪诞马戏团
the walters,3,15,,
free life,3,15,,
dendenshindenzu (vocaloid),3,15,,
warau warawau,3,15,,笑う、わらわぅ
kikaijikake no marie,3,15,,機械じかけのマリー
1 rt de nakawarui nonke joshi-tachi ga 1-byou kiss suru,3,15,,1RTで仲悪いノンケ女子たちが1秒キスする
xena: warrior princess,3,15,,ジーナ:ウォリアー・プリンセス
shuuten chi e kiete (utau),3,15,,終点地へ消えて
=love,3,15,,イコラブ
elf hime nina,3,15,,エルフ姫ニィーナ
cyber block metal orange,3,15,,サイバーブロックメタルオレンジ
tajuu-jinkaku tantei saiko,3,15,multiple personality detective psycho,多重人格探偵サイコ
sengoku tenshi djibril,3,15,,戦国天使ジブリール
oh yes! kasshoku bitch hitozuma no seiyoku kaishou,3,15,,褐色クールビッチ人妻の性欲解消
mighty gunvolt,3,15,,
jewelpet kira deco!,3,15,,ジュエルペットきら☆デコッ!
figure photo studio,3,15,,
jk shousetsuka poi,3,15,,JK小説家っぽい!
id-0,3,15,,
watashi no tomodachi ga sekaiichi kawaii,3,15,,わたしの友達が世界一かわいい
kamidanomi shisugite ore no mirai ga yabai.,3,15,,
diversity promotions,3,15,,
zannen na ane to no love comedy,3,15,,残念な姉との幸福論
kawaii nihongo,3,15,,
gundam pulitzer,3,15,,機動戦士ガンダムピューリッツァー
ano machi no koi no uta,3,15,,あの街の恋の詩
sanzensekai no raisner,3,15,,三千世界の英雄王
hyakuren no haou to seiyaku no valkyria,3,15,,百錬の覇王と聖約の戦乙女
a married man,3,15,,
freedom of speech,3,15,,
league of angels ii,3,15,,
toukiden 2,3,15,,
zoolander,3,15,,ズーランダー
lovvebox,3,15,,ラブボックス
gensou suikoden tsumugareshi hyakunen no toki,3,15,,紡がれし百年の時
minzoku injou,3,15,,
rio (movie),3,15,,
gals kiss,3,15,,
yume ka utsutsu ka matryoshka,3,15,,夢か現かマトリョーシカ
koisuru otome no oshioki jugyou,3,15,,
galaxy saga,3,15,,
nee chanto shiyou yo! 2,3,15,,姉、ちゃんとしようよっ!2
bokura wa piacere,3,15,,
deardrops,3,15,,
another century's episode: r,3,15,,
mix!,3,15,,
zutto senpai to,3,15,,ずっと、先輩と
splash!,3,15,,
matsushima biwako wa kaizou ningen de aru.,3,15,,
sister sister (troy),3,15,,
sukumizu ~fecchi ni narumon!~,3,15,,
aniyome dakara!,3,15,,
prince of persia (2008),3,15,,
the crooked man,3,15,,
sweet devil,3,15,,
dragon collection,3,15,,ドラゴンコレクション
joker -shisen no hate no doukeshi-,3,15,,
kamidere,3,15,,
machine robo rescue,3,15,,出撃!マシンロボレスキュー
seabed (visual novel),3,15,,シーベッド
ghostwire: tokyo,3,15,,ゴーストワイヤー:東京
world's end club,3,15,,ワールズエンドクラブ
yakata: kannou kitan,3,15,,
ijimerarekko no nekura onna ga jitsu wa dohentai de ijimekko no ubu na gal ni shikaeshi o suru yuri,3,15,,いじめられっ娘の根暗女が実はド変態でいじめっ娘の初なギャルに仕返しをする百合
hataraku otona no ren'ai jijou,3,15,,働くオトナの恋愛事情
itaike na kanojo,3,15,,
comic megamilk,3,15,,
arc the lad generation,3,15,,
eurovision song contest,3,15,,ユーロビジョン
kakugo no susume,3,15,,覚悟のススメ
rising impact,3,15,,ライジングインパクト
akatsuki wo tsugu,3,15,,
i'm still... (love live!),3,15,,
samurai deeper kyo,3,15,,
drapri guu-ta-life 3,3,15,,
angel engine,3,15,,
re:volte,3,15,,
rocky,3,15,,
kibushi-ie,3,15,,木伏家
fushigi tsuushin toire no hanako-san,3,15,fushigi tsuushin toilet no hanako-san,
ragnastrike angels,3,15,,ラグナストライクエンジェルズ
r project,3,15,,
arma (series),3,15,,
barbie in the nutcracker,3,15,,バービーのくるみ割り人形
joshi lac! (manga),3,15,,じょしラク!
it takes two,3,15,,
kochira shuumatsu teitai iinkai,3,15,,こちら、終末停滞委員会。
hengen sennin asuka,3,15,,変幻戦忍アスカ
charlie's angels,3,15,,チャーリーズ・エンジェル
carrie (song),3,15,,キャリィ
re aer,3,15,,
the magic school bus,3,15,,
puraore! pride of orange,3,15,,プラオレ!
taiyou no makibaoo,3,15,,たいようのマキバオー
tomodachi kara koibito he,3,15,,
nyaaaanvy,3,15,,ニャンビー
diablo 1,3,15,,
high tide (hololive),3,15,,
robot unicorn attack,3,15,,
astonishia story 2,3,15,,
patchcon,3,15,,ぱちゅコン!
kyouiku shidou,3,15,,
x trilogy,3,15,,
wasureenu majo no monogatari,3,15,,忘れえぬ魔女の物語
mukasete! ryuugasaki-san,3,15,shed that skin ryugasaki-san!,剥かせて!竜ケ崎さん
synduality echo of ada,3,15,,シンデュアリティエコーオブエイダ
groove coaster,3,15,,グルーヴコースター
hikami no crown,3,15,,氷上のクラウン
do-dai (idolmaster),3,15,,
tsuki no sango,3,15,,月の珊瑚
joy mech fight,3,15,,ジョイメカファイト
milky touch,3,15,,
guardians violation,3,15,,ガーディアンズ・ヴァイオレーション
hanikami clover,3,15,,
lovedori halation,3,15,,
ultra super anime time,3,15,,
tool (band),3,15,,
himeou to saigo no kishidan,3,15,,
hero wars,3,15,,ヒーローウォーズ
girls! girls! girls!?,3,15,,
x-videos,3,15,,
minagoroshi-hen,3,15,,皆殺し編
tom's racing,3,15,,
ooedo rocket,3,15,oh! edo rocket,大江戸ロケット
fanime,3,15,,
dengeki bunko fighting climax,3,15,,電撃文庫FIGHTINGCLIMAX
pokemon ga-ole,3,15,,ポケモンガオーレ
exhentai,3,15,,
heroine wa tomodachi desu ka? koibito desu ka? soretomo tomefure desu ka? second,3,15,,
mahou no angel sweet mint,3,15,magical angel sweet mint,魔法のエンジェルスイートミント
famima!,3,15,,
settlers of catan,3,15,,カタンの開拓者たち
vacant sky,3,15,,
world destruction,3,15,,ワールド・デストラクション
taisen hot gimmick 3,3,15,,
ghostcrown,3,15,,おばけとおうかん
q.e.d.,3,15,,
sesuji wo pin! to,3,15,,背すじをピン!と
poison pink,3,15,,ポイズンピンク
kamen rider spirits,3,15,,仮面ライダーSPIRITS
inupara,3,15,,イヌぱら
iron man 3,3,15,,アイアンマン3
amatarasu riddle star,3,15,,あまたらすリドルスター
mu origin,3,15,,
gift (vocaloid),3,15,,ギフト
sphere (group),3,15,,
madoromi barmaid,3,15,,まどろみバーメイド
kashimashi communication,3,15,,
akazukin no ookami,3,15,,赤ずきんの狼
30girl.com,3,15,,サーティーガール
ghostpia,3,15,,
ai kiss 3,3,15,,
24 (series),3,15,,
motorola solutions,3,15,,
himegami gadget,3,15,,姫神様ガジェット
touhou spell bubble,3,15,,東方スペルバブル
kage no densetsu,3,15,the legend of kage,影の伝説
koromogawari,3,15,,
tv asahi,3,15,,テレビ朝日
garo: kami no kiba,3,15,garo: fang of god,神ノ牙
hana no kioku 6,3,15,,花の記憶_第6章
the legend of legacy,3,15,,レジェンドオブレガシー
resurgum (swav),3,15,,
shin megami tensei nine,3,15,,真・女神転生NINE
marvel vs. capcom infinite,3,15,,
sexy beach 2,3,15,,
shissou word (vocaloid),3,15,,失想ワアド
koiiro chu! lips,3,15,,こいいろChu!Lips
avvy,3,15,,
aka (nekoneko soft),3,15,,朱-Aka-
okinawa club,3,15,,おきなわ部
yuubari melon koukou,3,15,,夕張めろん高校
code-e,3,15,,
ore tama,3,15,,
no more heroes 3,3,15,,
youko no sakuya-kun,3,15,,妖狐のさくやくん
rastar,3,15,,
aquarius (drink),3,15,,アクエリアス(スポーツドリンク)
reese's,3,15,,
clover games,3,15,,
kengan omega,3,15,,ケンガンオメガ
gun honey,3,15,,
kamen rider g (movie),3,15,,仮面ライダーG
echidna wars dx,3,15,,ミリア戦記DX
yes (band),3,15,,
doukyonin wa hiza tokidoki atama no ue.,3,15,,同居人はひざ、時々、頭のうえ。
liebling,3,15,,
virtual market,3,15,,バーチャルマーケット
chuokyousyoujo,3,15,,調教少女
eon,3,15,,
princess maker 3,3,15,,
tokidoki sugar,3,15,,
serafuku to kikanjuu,3,15,,セーラー服と機関銃
naega mannan baempaieo iyagi,3,15,,
kraft,3,15,,
bay area rapid transit,3,15,,バート
gold digger,3,15,,
hoshitsuguyo,3,15,,
the war of koishi chan,3,15,,
sigre (vocaloid),3,15,,
haru nee to no dousei shuumatsu,3,15,,
tengen toppa gurren lagann: gurren-hen,3,15,,
sd gundam online,3,15,,
yugami-kun ni wa tomodachi ga inai,3,15,,
in those days,3,15,,
diva mizuki,3,15,,
kingdom under fire,3,15,,キングダム・アンダー・ファイア
mono gokoro mono musume,3,15,,
donkey kong jr. (game),3,15,,ドンキーコングJr.
nihon-chan,3,15,,ニホンちゃん
kanzen muken no shinjin majutsusei,3,15,,完全無欠の新人魔術生
xuyan xueyuan,3,15,,虚研学园
mahou shoujo neko x,3,15,,
dalk gaiden,3,15,,
pururun cafe,3,15,,
odakyu electric railway,3,15,,小田急
the stanley parable,3,15,,
black hawk down,3,15,,ブラックホーク・ダウン
brigandine,3,15,,ブリガンダイン
happy princess,3,15,,
biko 3,3,15,,
cloud girl,3,15,,
kimi no koe ga kikoeru,3,15,,
ningyo series,3,15,,人魚シリーズ
elfin rose,3,15,,エルフィン・ローズ~囚われの三皇女~
discode,3,15,,
thirua panic,3,15,,
neo gentle,3,15,,
warhol,3,15,,
megatokyo,3,15,,メガトーキョー
winter garden,3,15,,ウィンターガーデン
hitokata no ou,3,15,,
sakujo,3,15,,
older (game),3,15,,
boeing,3,15,,
sally (music circle),3,15,,サリー
seitokaichou to sayono-kun,3,15,,
high energy heroes,3,15,,高能英雄
artemis blue,3,15,,
yumahorome ~toki wo tometa yakata de asu wo sagasu maigo-tachi~,3,15,,
some some convenience store,3,15,,
hibi hakkenteki step! (idolmaster),3,15,,日々、発見的ステップ!
agent sirius interlude,3,15,,
town of sins,3,15,,
uncle grandpa,3,15,,アンクルグランパ
5150,3,15,,
comitia 124,3,15,,コミティア124
actraiser renaissance,3,15,,アクトレイザー・ルネサンス
phantasy star nova,3,15,,ファンタシースターノヴァ
asumi kakeru,3,15,,アスミカケル
kinjo no nanako-san,3,15,,近所のななこさん
lobor,3,15,,
oceans&empires,3,15,,
mirai robo daltanious,3,15,future robot daltanious,未来ロボダルタニアス
cosplay boys club,3,15,,
junketsu no mahou shoujo,3,15,,純潔の魔法少女
nami yo kiite kure,3,15,,波よ聞いてくれ
she's gon,3,15,,
choujijigen game neptune re;birth 1,3,15,,
sabamizo channel,3,15,,
bikyaku seido kaichou ai,3,15,,美脚性奴会長_亜衣
lost tree,3,15,,
unmei senjou no phi,3,15,,運命線上のφ
hoshi no rebellion,3,15,,輝星のリベリオン
houkago wa isekai kissa de coffee wo,3,15,,放課後は、異世界喫茶でコーヒーを
moshi mo youmuin no ojisan ga saimin wo oboetara,3,15,,
freelustism,3,15,,
dai pinch mahou shoujo kokomi!,3,15,,
soukyuu dragon guild,3,15,,蒼穹ドラゴンギルド
soreyori no prologue,3,15,,ソレヨリノ前奏詩
sorceress alive!,3,15,,ソーサレス*アライヴ!
umisora no fragments,3,15,,
marronni yell,3,15,,まろに☆えーる
manga science,3,15,,まんがサイエンス
growlanser iv: over reloaded,3,15,,
orenchi no furo jijou,3,15,,オレん家のフロ事情
kimi dake no ponytail,3,15,,君だけのポニーテール
gal goog!!,3,15,,
magnus ignis,3,15,,
koishiki manual,3,15,,
kissa korikori,3,15,,喫茶狐狸狐狸
volley coaching!,3,15,,
tenioha! onna no ko datte honto wa ecchi da yo?,3,15,,てにおはっ!女の子だってホントはえっちだよ?
sousei kitan aerial,3,15,,
doom 64,3,15,,
kyonyuu majo,3,15,,
comic megaplus,3,15,,
kinshin souai,3,15,,
jussai no saikyou madoushi,3,15,,十歳の最強魔導師
sword x sword,3,15,,
eve: valkyrie,3,14,,
404 game re:set,3,14,,エラーゲームリセット
ayakashi yokochou no natsuyasumi,3,14,,あやかし横丁の夏休み
kerbal space program,3,14,,カーバルスペースプログラム
sekirara (idolmaster),3,14,,赤裸々
mermay 2026,3,14,,
veil (idolmaster),3,14,,VEIL(学マス)
shittai seitai jikkentai (vocaloid),3,14,,
mamatomo,3,14,,ママトモ
skarp world (series),3,14,,
clock tower ghost head,3,14,,クロックタワーゴーストヘッド
bunny's mama daikou service,3,14,,Bunny’sママ代行サービス
saikai (mili),3,14,,
jashin senki r'lyeh shoujotai,3,14,,邪神戦記ルルイエ少女隊
bumped into x,3,14,,
maid of the dead,3,14,,
tamayura mirai,3,14,,タマユラミライ
warno (game),3,14,,
pixel call girls,3,14,,
paris ni saku etoile,3,14,,パリに咲くエトワール
heart beats (vocaloid),3,14,,
booty calls,3,14,,
saiminjutsu 2,3,14,,催眠術2
from y to y (vocaloid),3,14,,
needlemouse (series),3,14,,
momogusa-san ga monogusasugiru,3,14,,桃草さんがものぐさすぎる!!
taisen idol mahjong final romance 2,3,14,,
the search for the leviathan,3,14,,
gap no aru joshi futari ga yuri na hanashi.,3,14,,ギャップのある女子二人が百合な話。
raise wa tanin ga ii,3,14,,来世は他人がいい
hypergryph,3,14,,鹰角网络
the scroll of taiwu,3,14,,太吾绘卷
nivel arena,3,14,,
honglou meng,3,14,dream of the red chamber,こうろうむ
alice in heaven,3,14,,アリスインヘブン
legacy of kain: soul reaver,3,14,,
iwashi to hiiragi,3,14,,鰯と柊
shounin shite kudasai genie-san! (synthesizer v),3,14,"approve please genie! (synthesizer v),seungin haejuseyo genie-nim! (synthesizer v)",承認してください、ジーニーさん!
mario tennis fever,3,14,,マリオテニスフィーバー
fabulous beasts,3,14,"there be beasts,yu shou yan",有兽焉
making lovely,3,14,,メイキング・ラブリー
true detective,3,14,,
hypnosis mic: dream rap battle,3,14,,ヒプドリ
chicago (movie),3,14,,
fancy frontier 39,3,14,,
kingdom hearts: melody of memory,3,14,kingdom hearts melody of memory,メロディオブメモリー
hentai douchu banbanzai,3,14,,変態道中蛮万歳
denpa kyoushi,3,14,,電波教師
ayakashi: japanese classic horror,3,14,,怪~ayakashi~
taroman: okamoto taro shiki tokusatsu katsugeki,3,14,,帰ってくれタローマン
the red shoes (andersen),3,14,,赤い靴(童話)
heisei haizanhei sumire-chan,3,14,,平成敗残兵☆すみれちゃん
after class (visual novel),3,14,,
a christmas carol,3,14,,クリスマス・キャロル
microsoft powerpoint,3,14,,
aishiteru game wo owarasetai,3,14,i want to end this love game,愛してるゲームを終わらせたい
azumanga daioh hoshuu-hen,3,14,,
atlanta hawks,3,14,,アトランタ・ホークス
mario sports mix,3,14,,マリオスポーツミックス
contra: the hard corps,3,14,contra hard corps,魂斗羅ザ・ハードコア
mahou shoujo madoka magica mobage,3,14,,
tensei akujo no kuro rekishi,3,14,,
meta runner,3,14,,メタランナー
gensou suikoden star leap,3,14,,幻想水滸伝スターリープ
welcome to shimejiri village!,3,14,,ようこそ!!締尻村へ
tears to tiara ii,3,14,,
beatmania iidx 30 resident,3,14,,
choushujinnkou (vocaloid),3,14,,超主人公
transformers (marvel),3,14,,
lost worlds,3,14,,
das boot,3,14,,U・ボート(映画)
positive parade (vocaloid),3,14,,ポジティブ・パレード
legends of talia: arcadia,3,14,,
cyberia plus,3,14,,サイベリアplus
aete mushisuru kimi to no mirai,3,14,,あえて無視するキミとの未来
shueisha,3,14,,集英社
mitsuya cider,3,14,,三ツ矢サイダー
eien ni shiawase ni naru houhou mitsukemashita (vocaloid),3,14,,永遠に幸せになる方法、見つけました。
flop era (vocaloid),3,14,,
iwara.tv,3,14,,
mario party superstars,3,14,,マリオパーティスーパースターズ
hello world (2019 movie),3,14,,ハロー・ワールド
aden (game),3,14,,亜電
yume tsushin,3,14,,梦通信
aretha,3,14,,
happy ni naritai (nanawo akari),3,14,,ハッピーになりたい
how to date an entity (and stay alive),3,14,,
ubok.,3,14,,
fuuin densetsu crystania,3,14,,
quinty,3,14,,クインティ
flesh and blood,3,14,,
swing holic,3,14,,
chaos;child: children's revive,3,14,,
doteraman,3,14,,ドテラマン
mega man ii,3,14,,ロックマンワールド2
ufo senshi dai apolon,3,14,,UFO戦士ダイアポロン
ikkyuusan,3,14,,
the legend of xanadu,3,14,,
araiguma calcal-dan,3,14,,
langrisser millenium ws,3,14,,ラングリッサーミレニアムWS
la mulana 2,3,14,,
baibato,3,14,,ぶいばと公式
mu (utau),3,14,,む
kono oto tomare!,3,14,,この音とまれ!
trench crusade,3,14,,
aisle (idolmaster),3,14,,アイル(アイマス)
nansei project,3,14,,南西Project
where the demon lurks,3,14,,
cinderella eleven,3,14,,シンデレライレブン
tony takezaki no gundam manga,3,14,,トニーたけざきのガンダム漫画
devil may cry: peak of combat,3,14,,
dousei kara hajimaru otaku kanojo no tsukurikata,3,14,,同棲から始まるオタク彼女の作りかた
new romantic sailors,3,14,,
shuumatsu no hanayome-sama,3,14,,
dragon quest monsters: caravan heart,3,14,,ドラゴンクエストモンスターズキャラバンハート
sanarica,3,14,,サナリカ
umi no triton,3,14,,海のトリトン
tp bon,3,14,,T・Pぼん
farmagia,3,14,,
digimon adventure 02: digimon hurricane jouriku!! chouzetsu shinka!! ougon no digimental,3,14,digimon adventure 02: hurricane touchdown,デジモンハリケーン上陸!!
motokano to no jirettai gisou kekkon,3,14,,元カノとのじれったい偽装結婚
gakkou no kowai uwasa: hanako-san ga kita!!,3,14,,学校のコワイうわさ花子さんがきた!!
the sleeping beauty (idolmaster),3,14,,眠り姫
fantasy life online,3,14,,
the adventures of tom sawyer,3,14,,トム・ソーヤーの冒険
how to sekai seifuku (vocaloid),3,14,,ハウトゥー世界征服
brokeback mountain,3,14,,
irodori ent post,3,14,,
watashi wa magnet,3,14,,
kizuna no allele,3,14,,絆のアリル
kemono fabric vivarium transfer,3,14,,ケモノファブリック
yuusha no segare,3,14,,勇者のセガレ
gone with the wind,3,14,,風と共に去りぬ
magical battle arena,3,14,,
luna sanctus,3,14,,
maken x,3,14,,魔剣X
odyssey of the anachronistic tome,3,14,,
toki no daichi,3,14,,刻の大地
kikoriki,3,14,,
hajimete no aku,3,14,,はじめてのあく
tonari no seki no mukuchi gyaru ni edzuke shitara,3,14,,隣の席の無口ギャルに餌付けしたら
hylics 2,3,14,,
hitman's wife's bodyguard,3,14,,
tsumi to batsu (008achi),3,14,,罪と罰。
x vorder runway,3,14,,
green green greens,3,14,,グリーングリーングリーンズ
the rock (movie),3,14,,
sekai ka kanojo ka erabenai,3,14,will it be the world or her?,世界か彼女か選べない
sayonara ponytail,3,14,,さよならポニーテール
aqours pirates desire,3,14,,
kokon tozai (love live!),3,14,,ココン東西
bloody rondo,3,14,,
seishun kirameki rockers!!,3,14,,青春キラメキ☆ロッカーズ!!
hundredth: match 3,3,14,,
lingeries,3,14,,
reika wa karei na boku no maid,3,14,,レイカは華麗な僕のメイド
sosogi wa kaeritai,3,14,,そそぎはかえりたい
valkyrie of phantasm,3,14,,幻想のヴァルキューレ
tsuki no usagi ha virtual no yume wo miru,3,14,,
artificial hero,3,14,,
perennial (love live!),3,14,,ペレニアル
ateez,3,14,,エイティーズ
once upon a time in hollywood,3,14,,
the naked gun (series),3,14,,裸の銃を持つ男
godot (game engine),3,14,,
kunoichi botan,3,14,,くノ一牡丹
indomitable champion,3,14,,
v-drive!,3,14,,Vドライブ!
dreamtale,3,14,,
kokou no hana to yobareru eikoku bishoujo gimai ni nattara bukiyou ni amaete kita,3,14,,孤高の華と呼ばれる英国美少女、義妹になったら不器用に甘えてきた
crimson lullaby,3,14,,
rage against the machine,3,14,,
buchigire reijou wa houfuku o chikaimashita. ~madousho no chikara de sokoku o tataki tsubushimasu~,3,14,,ブチ切れ令嬢は報復を誓いました。~魔導書の力で祖国を叩き潰します~
gaia gensouki,3,14,illusion of gaia,ガイア幻想紀
the hitchhiker's guide to the galaxy,3,14,,銀河ヒッチハイク・ガイド
haikei doppelganger (vocaloid),3,14,,拝啓ドッペルゲンガー
riddle order,3,14,,
spooky month,3,14,,
mahou shoujo madoka magica manga,3,14,,魔法少女まどか☆マギカ(コミカライズ版)
chuugakusei kanoke,3,14,,中学生棺桶
hatena illusion,3,14,,はてな☆イリュージョン
psychonauts,3,14,,
cho tokimeki sendenbu,3,14,,超ときめき♡宣伝部
yoru no pierrot,3,14,,夜のピエロ
the book of life,3,14,,ブック・オブ・ライフ
strobe last (vocaloid),3,14,,ストロボラスト
the 4 sigils - the malice of winter,3,14,,
yamada perfect (vocaloid),3,14,,完全体の山田
toshishita kanojo,3,14,,年下彼女
cannibal corpse,3,14,,
bokujou monogatari: saikai no mineral town,3,14,,再会のミネラルタウン
omoi wo sasageru otome no melody ~afureru omoi wo shirabe ni nosete~,3,14,,想いを捧げる乙女のメロディー
uchuu taitei god sigma,3,14,,
idol hakkenden,3,14,,アイドル八犬伝
bleach: can't fear your own world,3,14,,
ojama mushi (vocaloid),3,14,,おじゃま虫
sekaiju to fushigi no dungeon,3,14,,世界樹と不思議のダンジョン
yamikko troublemaker,3,14,,病みっ子トラブルメーカー
earth69,3,14,,
eroge sekai ni tensei shita ore ga oshi e no ai de netorare heroine o shiawase ni suru.,3,14,,転ヒロ
mahou shoujo dandelion,3,14,,魔法少女ダンデライオン
witch company project,3,14,,魔女公司
aren't grim reapers supposed to be scary,3,14,,
h ero,3,14,,【H_EROピン:悪党】
digimon next,3,14,,デジモンネクスト
yababaina (vocaloid),3,14,,ヤババイナ
fall out boy,3,14,,
comitia 157,3,14,,コミティア157
dreaming freedom,3,14,,从梦到自由
depravia,3,14,,
pachislot rockman ability,3,14,,ロックマンアビリティ
kamachi crossover,3,14,,とある魔術のヘヴィーな座敷童が簡単な殺人妃の婚活事情
circle mate,3,14,,サークルメイト
ma shounen bt,3,14,cool shock b.t.,魔少年ビーティー
battle mania,3,14,trouble shooter,バトルマニア
valkyrie elysium,3,14,,ヴァルキリーエリュシオン
discovery channel,3,14,,
7nin no kenja to renkinjutsushi,3,14,,7人の賢者と錬金術師
eternal fighter zero,3,14,,
salad fingers (series),3,14,,サラダ指
game jin partner,3,14,,
milk tissue girl,3,14,,ミルクティッシュガール
harmony (project itoh),3,14,,ハーモニー
tekkaman blade ii,3,14,,
e.x. troopers,3,14,,エクストルーパーズ
just shapes & beats,3,14,,
riot games,3,14,,ライアットゲームズ
virtua unlimited project,3,14,,
naki no ryuu,3,14,,哭きの竜
minimum electric design,3,14,,
anchor panic,3,14,,アンカーパニック
ikemen sugi desu shiki-senpai!,3,14,the girl i want is so handsome!,イケメンすぎです紫葵先パイ!
kingdom conquest,3,14,,キングダムコンクエスト
netorare manga no kuzu otoko ni tensei shita hazu ga heroine ga yottekuru ken,3,14,,寝取られ漫画のクズ男に転生したはずがヒロインが寄ってくる件
lilja to natsuka no junpaku na uso,3,14,,リルヤとナツカの純白な嘘
weiward romance (synthesizer v),3,14,,炜WARD_ROMANCE
love lab (visual novel),3,14,,らぶらぼ
l! l! l! (love the life we live),3,14,,
gyakushuu 3,3,14,,
kono manga no heroine wa morisaki amane desu,3,14,,
sennagi,3,14,,戦巫〈センナギ〉―穢れた契りと神ころも―
splatball (creux),3,14,,
elf to shuryoushi no item koubou,3,14,,エルフと狩猟士のアイテム工房
dallas mavericks,3,14,,ダラス・マーベリックス
nekonote (vtuber),3,14,,ねこのて
mizuho chuugakusei sekai houkai wa totsuzen ni,3,14,,みずほ、中学生、世界崩壊は突然に
mochipoyo-chan,3,14,,もちぽよちゃん
doom 3,3,14,,
welcome to the cum zone,3,14,,
berochu inkai,3,14,,
pro golfer saru,3,14,,
rohto seiyaku,3,14,,ロート製薬
listeners (anime),3,14,,リスナーズ
command & conquer: generals,3,14,command and conquer: generals,ジェネラルズ
memeshii (utau),3,14,,memeしい
ryuusei no varnir star ecdysis of the dragon,3,14,,竜星のヴァルニール
7 days to die,3,14,,
echo (chord inc.),3,14,,
sangokushi tenka,3,14,,三国志天華
let it be,3,14,,
domestic de violence,3,14,,ドメスティックでバイオレンス
date a live: ren dystopia,3,14,,
perry bible fellowship,3,14,,
a sore pon desu!,3,14,,あ、それポンです!
alice in cyberland,3,14,,ありすインサイバーランド
green lantern: the animated series,3,14,,
nazotoki elf,3,14,,
black panther: wakanda forever,3,14,,ブラックパンサー/ワカンダ・フォーエバー
mary to majo no hana,3,14,mary and the witch's flower,メアリと魔女の花
kawasaki frontale,3,14,,川崎フロンターレ
osananajimi biglove,3,14,,天使だった幼なじみ、再会したらギャルだった
hajimari no mahoutsukai,3,14,,始まりの魔法使い
shukusei maachi,3,14,,粛清マーチ
reverse au (scott pilgrim),3,14,,
mtv,3,14,,
shinon no tokeitou (vocaloid),3,14,,針音ノ時計塔
botsuraku youtei nanode kajishokunin wo mezasu,3,14,,没落予定なので、鍛治職人を目指す
enkou shoujo 2 ~jk idol masuzu no baai~,3,14,,円交少女2~JKアイドル真鈴の場合~
mighty gunvolt burst,3,14,,
sonna futari wa tsukiatteiru,3,14,,そんな2人はつきあっている
kidou senshachiha tan x,3,14,,
chikasugiru karera no juunanasai no tooi kankei,3,14,,近すぎる彼らの、十七歳の遠い関係
school for vampires,3,14,,
tsukiakari ni modaeru harame,3,14,,月明りに悶える孕女
hakoniwa oukoku no souzoushu-sama,3,14,,箱庭王国の創造主サマ
epic mickey,3,14,,エピックミッキー
shin angyou onshi,3,14,blade of the phantom master,新暗行御史
fuji-q highland,3,14,,富士急ハイランド
stray kids,3,14,,ストレイキッズ
world of sex energy,3,14,,
ao no kanata no four rhythm -es-,3,14,,
moonwalker,3,14,,ムーンウォーカー
number girl,3,14,,ナンバーガール
lindows,3,14,,
taiwan beer,3,14,,
gendai majo zukan,3,14,,現代魔女図鑑
iris action,3,14,,
peppermint comic,3,14,,ペパーミントCOMIC
dead space 3,3,14,,デッドスペース3
mito koumon,3,14,,水戸黄門
kuraki tatari no mori de,3,14,,
angel howling,3,14,,
shitsuji ga aruji wo erabu toki,3,14,,
the martian,3,14,,オデッセイ(映画)
torotoro resistance,3,14,,
seitokai tantei kirika,3,14,,生徒会探偵キリカ
xuan dou zhi wang,3,14,,炫斗之王
koisuru imouto wa setsunakute onii-chan wo omou to sugu h shichau no,3,14,,
monsuno,3,14,,獣旋バトルモンスーノ
gunryuu sangoku-den,3,14,,群龍三国伝
the fantasie of a stepmother,3,14,,ある継母のメルヘン
a ja nai ka (vocaloid),3,14,,Aじゃないか
tadashii kodomo no tsukuri kata!,3,14,,
minna no uta ~everyone's song~,3,14,,
otona no ehon akazukin chan,3,14,,
ggrks (vocaloid),3,14,,ググれカス
gundam seed a-star,3,14,,ガンダムSEED_A-STAR
houma hunter lime,3,14,jewel bem hunter lime,宝魔ハンターライム
mimi wo sumaseba (eroge),3,14,,みみをすませば
school love!,3,14,,
niizuma capriccio!,3,14,,
supacchu!,3,14,,
soushinjutsu 3,3,14,,
nightmare maker,3,14,,
blue gender,3,14,,ブルージェンダー
aorio,3,14,,アオリオ
1/2 summer,3,14,,
vow of heroes,3,14,,終焉誓約
pulltop,3,14,,
berochu!,3,14,,
affinity line,3,14,,巡回列车
umanari ichi furlong theater,3,14,,馬なり1ハロン
benzaiten academy chronicles,3,14,,
call of duty: advanced warfare,3,14,,コールオブデューティアドバンスド・ウォーフェア
kanzaki kyoudai no nichijou,3,14,,神崎五兄弟の日
dennou sentai voogie's angel,3,14,,電脳戦隊ヴギィ'ズ★エンジェル
marionnette histoire,3,14,,
shinsei kourin arcanarouge ~hakudaku to shokushu ni kegasareshi mahou shoujo-tachi~,3,14,,
sora no sakana (vocaloid),3,14,,そらのサカナ
my police mister,3,14,,
taiyotosho fanta vergennes,3,14,,ファンタジェン
ssaumdokak,3,14,,喧嘩独学
daytona usa,3,14,,
alien soldier,3,14,,エイリアンソルジャー
project rocket girls,3,14,,
bokura no haru ha inazuma no youni,3,14,,僕らの春は稲妻のように
avengers: tech on,3,14,,テックオンアベンジャーズ
rev. from dvl,3,14,,
streidcraft,3,14,,
lost angel,3,14,,
sberbank,3,14,,
koukousei kazoku,3,14,,高校生家族
heroes of incredible tales,3,14,,
manabi kangaeru rekishi,3,14,,学び考える歴史
the queendom of lithzena,3,14,,
game tengoku,3,14,,ゲーム天国
breath of fire 6,3,14,,ブレスオブファイア6
hooked on you,3,14,,
healer girl,3,14,,ヒーラー・ガール
tensei-kun wa lolicon janai!,3,14,,天聖君はロリコンじゃない!
monmon fanmoran (vocaloid),3,14,,悶々ふぁんもおらん
kanojo no hatsujou switch,3,14,,カノジョの発情スイッチ
incest paradise,3,14,,
jal boineun murimtibi!,3,14,,
"olive! believe ""olive""?",3,14,,"オリーブ!_Believe,""Olive""?"
ssethtzeentach,3,14,,
landstalker: koutei no zaihou,3,14,,ランドストーカー
apocalypse witch,3,14,,アポカリプス・ウィッチ
souboutei kowasu beshi,3,14,,双亡亭壊すべし
koupen-chan,3,14,,コウペンちゃん
wish (momentum games),3,14,,
master of the court (vocaloid),3,14,,
witch bunny,3,14,,
the killing joke,3,14,,キリングジョーク
nazo no lililith,3,14,,
my heroes - dungeon adventure,3,14,,我的勇者
revolve,3,14,,リボルヴ
luminous arc infinity,3,14,,ルミナスアークインフィニティ
iwaihime,3,14,,祝姫
kimesaku enkou!,3,14,,
go! go! nippon! 2015,3,14,,
paper lily,3,14,,
skygunner,3,14,,スカイガンナー
kowloon's gate,3,14,,クーロンズゲート
reki-dama,3,14,,
can fes,3,14,,
tank girl,3,14,,タンク・ガール
tomokazu sugita no anigera deduuun,3,14,,杉田智和のアニゲラ!ディドゥーーン
6th gate,3,14,,
jutaijima,3,14,,受胎島「どうしてアンタみたいなブサ男に種付けされなきゃいけないのよ?!」
heroes lore v,3,14,,
zutto tsukushite ageru no!,3,14,,ずっとつくしてあげるの!
forest invasion,3,14,,
tamafuri series,3,14,,
zettai junshu kozukuri kyokashou paradise!!,3,14,,
shin sangoku musou multi raid 2,3,14,,
atelier lina,3,14,,リーナのアトリエ
ragnarok online kafra quest,3,14,,ラグナロクオンラインカプラクエスト
meri chri,3,14,,
sakura machizaka stories vol.1,3,14,,桜待坂Stories_vol.1
lucky star ~ryouou gakuen outousai~,3,14,,陵桜学園桜藤祭
invaders (record label),3,14,,
half-life 3,3,14,,ハーフライフ3
blade sight,3,14,,
mystereet,3,14,,ミステリート
hime-sama ririshiku!,3,14,,姫さま凛々しく!
iczer densetsu,3,14,,
fairy factory,3,14,,妖精工房
katakoi no tsuki,3,14,,
nijuu-mensou no musume,3,14,,二十面相の娘
akane gokoro,3,14,,茜心
tsuki possession,3,14,,
umbro,3,14,,
ookami hime monogatari,3,14,,おおかみひめものがたり
realize,3,14,,
mu online,3,14,,
ano harewataru sora yori takaku,3,14,,
maryoku zero no ore ni wa mahou kenki saikyou no gakuen wo shihai dekinai... to omotta?,3,14,,魔力ゼロの俺には魔法剣姫最強の学園を支配できない...と思った
dreamin chuchu (vocaloid),3,14,,どりーみんチュチュ
ore to kanojo wa shujuu na kankei,3,14,,オレと彼女は主従なカンケイ
kesaran pasaran (vocaloid),3,14,angel hair (vocaloid),ケサランパサラン
pikuniku,3,14,,
k'wa (vtuber),3,14,,
banpuri ~ikinari suwarete h shiyo!~,3,14,,
puzzle fighter,3,14,,スーパーパズルファイターIIX
rhapsodia,3,14,,ラプソディア
shinpakusuu #0822 (vocaloid),3,14,,心拍数♯0822
south park: phone destroyer,3,14,,
ryuu ga gotoku kenzan,3,14,,龍が如く見参!
love me: kakurenbo,3,14,,
gimmick!,3,14,,ギミック!
sora to umi no aida,3,14,,ソラとウミのアイダ
fairy hearts,3,14,,
epilogue in the attic (hololive),3,14,,屋根裏のエピローグ
cradle song,3,14,,くれいどるそんぐ~昨日に奏でる明日の唄~
shiawase kazoku-bu,3,14,,
dennou boukenki webdiver,3,14,,電脳冒険記ウェブダイバー
half-life: alyx,3,14,,
reynatis,3,14,,レナティス
project kavvaii,3,14,,
crazy frog,3,14,,クレイジー・フロッグ
cafe omusubiya,3,14,,おむすび屋
front mission 5,3,14,,
marionette (vocaloid),3,14,,
gunpla builders beginning g,3,14,,ガンプラビルダーズ
sexy beach 3,3,14,,
elysion ~eien no sanctuary~,3,14,,ELYSION~永遠のサンクチュアリ~
karen (purple software),3,14,,夏恋~Karen~
messe sanoh,3,14,,
honoo no haramase paidol my star gakuen z,3,14,,炎の孕ませ乳ドルマイスター学園Z
sekai oni,3,14,,世界鬼
junjou skirt (vocaloid),3,14,,純情スカート
wakusei robo danguard ace,3,14,,惑星ロボダンガードA
kedama no gonjirou,3,14,,けだまのゴンじろー
boku ga tenshi ni natta wake,3,14,,僕が天使になった理由
super robot wars ux,3,14,,スーパーロボット大戦UX
otome bare,3,14,,おとめバレ
kaki hoshuu,3,14,,夏期補習
gyakuten! ippatsuman,3,14,,逆転イッパツマン
tokidoki (company),3,14,,
ruvixia,3,14,,
love melodies,3,14,,
taimanin asagi gaiden,3,14,,対魔忍アサギ外伝
tales of luminaria,3,14,,テイルズオブルミナリア
fc internazionale milano,3,14,,
free fire,3,14,,ガレナフリーファイア
the greatest showman,3,14,,グレイテストショーマン
heart of the woods,3,14,,
netscape,3,14,,
persib bandung,3,14,,
the money store,3,14,,
kleins,3,14,,环行旅舍
please! freeze! please!,3,14,,
bad (song),3,14,,
world embryo,3,14,,ワールドエンブリオ
sequel kludge,3,14,,
metro chikan-sen,3,14,,
holy dungeon,3,14,,ホーリーダンジョン
onore no shinzuru michi wo yuke,3,14,,己の信ずる道を征け
jkt48v,3,14,,
genndy tartakovsky's primal,3,14,,
hiiro no kakera,3,14,,緋色の欠片
first squad,3,14,,
kono mama ja ane to sex shite shimau!?,3,14,,
love-bride eve,3,14,,
2011 fifa women's world cup,3,14,,
ikkitousen shining dragon,3,14,,
lupin iii vs meitantei conan,3,14,,ルパン三世VS名探偵コナン
zenbu kimi no sei da,3,14,,
funkytown (song),3,14,,
are you alice?,3,14,,アー・ユー・アリス
noblesse,3,14,,
shichinin no nana,3,14,,七人のナナ
segagaga,3,14,,
usogui,3,14,,
sora wo tobu mittsu no houhou,3,14,,
petit link,3,14,,
pure x cure,3,14,,
touhou mother,3,14,,東方星母録
worlds and world's end,3,14,,
custom reido f,3,14,,
chikan sharyou ni gousha,3,14,,
mxs combat de reines,3,14,,
yui shop,3,14,,
aflame inferno,3,14,,
spectral vs generation,3,14,,
the manipulator and the subservient,3,14,,
ai-ren,3,14,,
yuuwaku senjo,3,14,,
rika junbi shitsu de tsukamaete,3,14,,理科準備室でつかまえて
ameriko,3,14,,アメリ子
eagle talon,3,14,,秘密結社鷹の爪
perfect world,3,14,,
russia.2028,3,14,,
gowappaa 5 godam,3,14,,ゴワッパー5ゴーダム
okamax,3,14,,
rocket no natsu,3,14,,
innai kansen,3,14,,
final approach,3,14,,Φなる・あぷろーち
school days lxh,3,14,,
duel savior,3,14,,
ichapuri!,3,14,,いちゃぷり!〜お嬢さまとイチャラブえっちな毎日〜
wow! wow! wubbzy!,3,14,,
ima koi wo shiteimasu.,3,14,,今、恋をしています。
autobacs racing team aguri,3,14,,
bohemian archive in japanese red,3,14,,東方文花帖
karento,3,14,,歌恋人
arahito gishin,3,14,,現人擬神
macross vf-x2,3,14,,マクロスVF-X2
baby i love you daze,3,14,,ベイビーアイラブユーだぜ
ken to mahou to gakuen mono 3,3,14,,剣と魔法と学園モノ。3
trouble@spiral!,3,14,,
ryuu to yuusha to haitatsunin,3,14,,竜と勇者と配達人
red chess experiment,3,14,,
kibou no bashi to jiyuu no mahou (vocaloid),3,14,,希望の橋と自由の魔法
"studio ""syrup comfiture""",3,14,,
fusheng yi xi,3,14,,浮生一戏
battlefield of the dead roses,3,14,,
tobu railway,3,14,,東武鉄道
the endless calabi yau forest,3,14,,
gattai robo atlanger,3,14,,
kagayaki stars,3,14,,
phoenix suns,3,14,,フェニックス・サンズ
tonkatsu dj agetarou,3,14,,とんかつDJアゲ太郎
zhanchang shuang mawei,3,14,,战场双马尾
f-zero falcon densetsu,3,14,,ファルコン伝説
nouveis logic,3,14,,
lingerie girl wo okini mesu mama,3,14,,ランジェリーガールをお気に召すまま
damonisch,3,14,,デモーニッシュ
tsuka no ma no ichika,3,14,,束の間の一花
glee,3,14,,
spicyquest,3,14,,
sora kara nihon wo mitemiyou,3,14,,空から日本を見てみよう
kamen rider gavv: graduations,3,14,,
donkey kong country 3,3,14,,スーパードンキーコング3
harame ~seishi o hoshigaru midara na oshiego~,3,14,,
kingdom of legion,3,14,,キングダムオブレギオン
teisou kannen zero,3,14,,貞操観念ZERO
kouhai shoujo,3,14,,
anonono,3,14,,
tenkuu no symphonia,3,14,,
power rangers s.p.d.,3,14,,パワーレンジャー・S.P.D.
tokyo conception,3,14,,
angolmois: genkou kassenki,3,14,,アンゴルモア元寇合戦記
bee train,3,14,,ビィートレイン
buchi-kire yusya no sekaiseihuku,3,14,,
hinata no tsuki,3,14,,ひなたのつき
biblia koshodou no jikentechou,3,14,,ビブリア古書堂の事件手帖
tenchi muyou! in love,3,14,,天地無用!inLove
seiken orochi chronicle,3,14,,聖剣オロチクロニクル
laugh-nest (softhouse chara),3,14,,
watashi wa succubus ja arimasen,3,14,,私はサキュバスじゃありません
arcanakit v,3,14,,あるかなきっとV
trinity souls,3,14,,
101 no hyaku monogatari,3,14,,101番目の百物語
nocturne tatan tantan tatan,3,13,,のくたーんたたんたんたんたたん
tokoyo no tou,3,13,"tokoyo: the tower of perpetuity,tokoyo tower of perpetuity",常世ノ塔
polipan,3,13,,ポリぱん
adachi rei (utau),3,13,,アダチ・レイ
mite (idolmaster),3,13,,見て
atmosphere (idolmaster),3,13,,
shoshikantetsu (idolmaster),3,13,,初志貫徹
love & joy (idolmaster),3,13,,
bijutsubu girl,3,13,,美術部ガール
naturally cassidy,3,13,,
steven universe: lars of the stars,3,13,,
the king of fighters afk,3,13,,
meet the robinsons,3,13,,ルイスと未来泥棒
jeanne no ryouken,3,13,,ジャンヌの猟犬
agito: psychic war,3,13,,アギト-超能力戦争-
copa america,3,13,,コパ・アメリカ
witchblade (comic),3,13,,
bacardi,3,13,,
stranger than heaven,3,13,,ストレンジャーザンヘヴン
b-robo kabutack,3,13,,ビーロボカブタック
monochrome days,3,13,,モノクロのふたり
ichiro shounen kitan,3,13,,いちろ少年忌憚
ricorie productions,3,13,,
pop'n music high cheers!!,3,13,,ポップンミュージックハイ☆チアーズ!!
tamagotchi paradise,3,13,,たまごっちパラダイス
japanese stream hardcore,3,13,,
mario the music box,3,13,,
urban demons,3,13,,
ghost in the shell (2017),3,13,,ゴースト・イン・ザ・シェル
need for speed: underground,3,13,,
tales of card evolve,3,13,,テイルズオブカードエボルブ
beginner's sailing,3,13,,
dengeki sentai changeman,3,13,,電撃戦隊チェンジマン
void stranger,3,13,,
halcali,3,13,,ハルカリ
trillion stage,3,13,,
yomosugara kimi omou (vocaloid),3,13,,夜もすがら君想ふ
tame-lie-one-step (idolmaster),3,13,,
drama queen,3,13,,ドラマクイン
doppelganger (holostars english),3,13,,
dear starboy,3,13,,
the return of godzilla,3,13,,ゴジラ(1984年の映画)
libido 7,3,13,,リビドー7
badass girl: run hany,3,13,,
flipwitch - forbidden sex hex,3,13,,
scooby-doo! mystery incorporated,3,13,,
paper mario: color splash,3,13,,ペーパーマリオカラースプラッシュ
johnny the homicidal maniac,3,13,,
drifting into summer,3,13,,
moto mahou shoujo no onee-san wa koi wo shiritai,3,13,,
houkago no seijo-san ga toutoi dake ja nai koto wo ore wa shitteiru,3,13,,
storyfell,3,13,,
this game is not real,3,13,,
sin (game),3,13,,
tsuki no kame (idolmaster),3,13,,ツキノカメ
spicy couple,3,13,,
indiana pacers,3,13,,インディアナ・ペイサーズ
koibumi to 13-sai no joyuu,3,13,,恋文と13歳の女優
just roll with it,3,13,,
buc-ee's,3,13,,
hiasobi (vocaloid),3,13,,ヒアソビ
step x steady,3,13,,
love evolution,3,13,,
curious george,3,13,,ひとまねこざる
hot topic,3,13,,
jinrui kyuusai game,3,13,,人類救済ゲーム
wonder protocol,3,13,,
tamagotchi uchuu ichi happy na monogatari!?,3,13,tamagotchi: happiest story in the universe!,映画!たまごっちうちゅーいちハッピーな物語!?
ojama mushi ii (vocaloid),3,13,stickybug ii (vocaloid),おじゃま虫II
umbrella (love live!),3,13,,
ookii onnanoko wa suki desu ka?,3,13,do you like big girls?,大きい女の子は好きですか?
yoshino gypsum,3,13,,
shonioya!,3,13,,しょにおや
lolita (nabokov),3,13,,ロリータ
kura kura (ado),3,13,,くらくら
no thank you!!! (visual novel),3,13,,
shinjigen no kinjite (cevio),3,13,,新次元の禁じ手
back to the future part iii,3,13,,バック・トゥ・ザ・フューチャーPART3
apollo program,3,13,,アポロ計画
fukushuu wo koinegau saikyou yuusha wa yami no chikara de senmetsu musou suru,3,13,,復讐を希う最強勇者は、闇の力で殲滅無双する
agreeee,3,13,,利用規約に同意したい
haikei arishi hi ni saku hanatachi e,3,13,,拝啓、在りし日に咲く花たちへ
sowasowa drawing,3,13,,そわそわDrawing
mimi+c,3,13,,
hello sekai (vocaloid),3,13,,ハローセカイ
viy (novel),3,13,,
ane to osananajimi wa naka ga ii!,3,13,,
jane doe (song),3,13,,
leroy & stitch,3,13,,
tenkuu no tobira,3,13,,天空の扉
shure,3,13,,
deepseek,3,13,,
coyote (board game),3,13,,
the wild blue,3,13,,
hyakunin isshu,3,13,,百人一首
movin6!,3,13,,むーびんぐ!
yoru wa neko to issho,3,13,nights with a cat,夜は猫といっしょ
utaite!,3,13,,ウタイテ!
kirby for nintendo gamecube,3,13,,
trainee death simulator,3,13,,
tianbao fuyao lu,3,13,,
vlash,3,13,,
karma (idolmaster),3,13,,
burenai ai de (vocaloid),3,13,,ぶれないアイで
futago to sensei,3,13,,双子と先生
great wall hobby,3,13,,
kirby battle royale,3,13,kirby: battle royale,カービィバトルデラックス!
boku dake no hokenshitsu,3,13,,僕だけの保健室
generation of chaos,3,13,,ジェネレーションオブカオス
obake taiken (utau),3,13,,おばけ体験
the three charms,3,13,,三枚のおふだ
tokyo game show,3,13,,
jd onsen. eroero dynamite joshi daisei to no onsen seikatsu,3,13,,
panguan,3,13,,判官
yu-gi-oh! dark duel stories,3,13,,遊戯王デュエルモンスターズII闇界決闘記
mahou to ecchi no kankei,3,13,,
oka ranman (love live!),3,13,,謳歌爛漫
beatmania iidx 26 rootage,3,13,,
manta (maoer entertainment),3,13,,Manta曼塔
lost arcadia,3,13,,ロスアカ
magical girl bad end,3,13,,
shrek 1,3,13,,シュレック(映画)
i became an unknown professor at the academy,3,13,,
flower imitation,3,13,,
jewel princess reincarnation,3,13,,宝石姫reincarnation
boxer-chan,3,13,,
hatsune miku no bousou (vocaloid),3,13,,初音ミクの暴走
unravel trigger,3,13,,アンラベル・トリガー
reversible campaign (vocaloid),3,13,,リバーシブル・キャンペーン
xiaomi,3,13,,シャオミ
cortis,3,13,,
half-life: opposing force,3,13,opposing force,
houkago stride (vocaloid),3,13,,放課後ストライド
solid state survivor,3,13,,
killing me/killing you,3,13,,
the punisher (1993 game),3,13,,パニッシャー(カプコン)
yogoreta athlete,3,13,,
destroy! mosaic!,3,13,,
shinryaku robo,3,13,,侵略ロボ
kyojiri jk nirugame-chan,3,13,,巨尻JKにるがめちゃん
dark summoner to dekite iru,3,13,i'm dating a dark summoner,ダークサモナーとデキている
ninki haishinsha-tachi no manager ni nattara zenin motokano datta,3,13,,人気配信者たちのマネージャーになったら、全員元カノだった
teratera (vocaloid),3,13,,てらてら
yukiiro quest,3,13,,ゆきいろ*くえすと
know name,3,13,,ノウネイム
doushite watashi ga bijutsuka ni!?,3,13,,どうして私が美術科に!?
galaxy hide and seek,3,13,,
bartender (series),3,13,,バーテンダー
hoshifuru oukoku no nina,3,13,nina the starry bride,星降る王国のニナ
2010 winter olympics,3,13,,
.hack//ai buster,3,13,,どっとはっくえーあいばすたー
zengaku!,3,13,,
pearl jam,3,13,,
umi no oriuta,3,13,a cagesong of the ocean,海の檻歌
tsumamigui 2,3,13,,妻みぐい2
ecco the dolphin (game),3,13,,エコー・ザ・ドルフィン
tomorrow x together,3,13,,
t.u.f.f. puppy,3,13,,
gentlemaniac,3,13,,
level-5,3,13,,レベルファイブ
straight to the point,3,13,,
red hood's woods,3,13,,紅ずきんの森
inktale,3,13,,
red dragon,3,13,,レッドドラゴン
witches feast,3,13,,魔女的盛宴
lightmotif,3,13,,
ike! ina-chuu takkyuubu,3,13,ping pong club,行け!稲中卓球部
command & conquer: tiberium wars,3,13,command and conquer: tiberium wars,
bakegyamon,3,13,,妖逆門
machina mori (utau),3,13,,
wild assault,3,13,,
mekurume (idolmaster),3,13,,メクルメ
shooting star warrior (love live!),3,13,,
takeshi no chousenjou,3,13,,たけしの挑戦状
pokemon world championships 2025,3,13,,
dakimakuri,3,13,,
kamen rider kabuto: god speed love,3,13,,神速爱
god eater resurrection,3,13,,
lylas curse,3,13,,
robocop 1,3,13,,
healin' good precure: yume no machi de kyun! tto gogo! daihenshin!!,3,13,,ゆめのまちでキュン!っとGoGo!大変身!!
elminage,3,13,,エルミナージュ
blue angels (team),3,13,,ブルーエンジェルス
oppai heart,3,13,,おっぱいハート~彼女はケダモノ発情期ッ!?~
fantastic four (1967 tv series),3,13,,宇宙忍者ゴームズ
pickle and peanut,3,13,,
tatsunoko pro,3,13,,タツノコプロ
the chronicles of narnia,3,13,,ナルニア国物語
muko no anata (vocaloid),3,13,,無辜のあなた
saihate no paladin,3,13,,最果てのパラディン
iraira shite iru (synthesizer v),3,13,,イライラしている!
mario & sonic at the sochi 2014 olympic winter games,3,13,,
love comedy-zuki to kossori tsunagaritai,3,13,,#ラブコメ好きとこっそり繋がりたい
the glassworker,3,13,,
choco fantacy,3,13,,ちょこふぁん
kishida kyoudan & the akeboshi rockets,3,13,,岸田教団&The明星ロケッツ
street fighter ii v,3,13,,ストリートファイターIIV
susuru tv,3,13,,やばいクレーマーのSUSURU_TV
alice's spiritual judge,3,13,,アリスの精神裁判
nounai disco (vocaloid),3,13,,ノウナイディスコ
hitorinbo envy (vocaloid),3,13,,
hebereke,3,13,,へべれけ
buta no gotoki sanzoku ni torawarete shojo wo ubawareru kyonyuu himekishi & onna sensh,3,13,,豚の如き山賊に捕らわれて処女を奪われる巨乳姫騎士&女戦士~絶対チ●ポなんかに負けたりしない!!~
reginetta-san no bouken,3,13,,リジネッタさんの冒険
metal family,3,13,,
rock dog,3,13,,
makeruna! makendo,3,13,,負けるな!魔剣道
vyvid,3,13,,
asteria (musician),3,13,,
catchy !? (cevio),3,13,,
ninety-nine nights,3,13,,ナインティナインナイツ
merupero,3,13,,めるぺろ
acer,3,13,,
denroku,3,13,,でん六
chou idol densetsu oomori anko,3,13,,超アイドル伝説大森杏子
b: the beginning,3,13,,
the croods,3,13,,
watashi wa kinki (vocaloid),3,13,,わたしは禁忌
koisuru sunflower,3,13,,恋するSunflower
clone high,3,13,,クローン・ハイ
imouto wa kanojo ni dekinai no ni,3,13,,妹はカノジョにできないのに
tsumetakute yawaraka,3,13,pink candy kiss,冷たくて柔らか
a trip to the moon,3,13,,
sagurare otome,3,13,,
iczelion,3,13,,
ari ari anaman succubus chinchin haeteru akumakko,3,13,,アリアリアナマンさっきゅばすち〇ちん生えてる悪魔っ娘
propose (natori),3,13,,
bigbang,3,13,,
plants vs. zombies hybrid,3,13,plants vs zombies hybrid,
ningen fushin no boukensha-tachi ga sekai wo sukuu you desu,3,13,apparently disillusioned adventurers will save the world,人間不信の冒険者たちが世界を救うようです
rejet,3,13,,
the game of sisyphus,3,13,,
famicom mukashibanashi: yuyuki,3,13,,遊遊記
final fantasy legend of the crystals,3,13,,
tsuma ni damatte sokubaikai ni ikun ja nakatta,3,13,,妻に黙って即売会に行くんじゃなかった
waccha primagi! studio,3,13,,ワッチャプリマジ!スタジオ
yarofes:2024,3,13,,野郎フェス
kinchan and katori shingo no zen nihon kasou taishou,3,13,,欽ちゃん&香取慎吾の全日本仮装大賞
curse neurosis (vocaloid),3,13,,のろいのノイローゼ
harem camp!,3,13,,ハーレムきゃんぷっ!
gundam-san,3,13,,機動戦士ガンダムさん
king's field,3,13,,キングスフィールド
hyper dolls,3,13,,楽勝!ハイパードール
musou orochi 3,3,13,warriors orochi 4,無双OROCHI3
project windless,3,13,,
shin tenmakai ~goc iv another side~,3,13,,新天魔界~GOCIVアナザサイド~
asoko de hataraku musubu-san,3,13,,あそこではたらくムスブさん
ayla deluxe,3,13,,
kimi to hajimeru dasan tekina lovecome,3,13,,
mortal kombat vs dc universe,3,13,,モータルコンバットvs.DCユニバース
the shape of water,3,13,,
taisen mahjong final romance r,3,13,,
doraemon: nobita no biohazard,3,13,,のび太のバイオハザード
sutochiru,3,13,,ストチル
windaria,3,13,,
excitebike,3,13,,エキサイトバイク
pantera (band),3,13,,
onna kishi leticia,3,13,,女騎士レティシア
metal slug defense,3,13,,
tgif (evan lee),3,13,,
softbank,3,13,,ソフトバンク
monsterz mate,3,13,,モンスターズメイト
your boyfriend,3,13,,
katsute kami datta kemonotachi e,3,13,,かつて神だった獣たちへ
hkt48,3,13,,
nibelungenlied,3,13,,ニーベルンゲンの歌
madoromi-chan ga iku.,3,13,,まどろみちゃんが行く。
burakku gakkou ni tsutomete shimatta sensei,3,13,,
billie jean,3,13,,
hoonigan,3,13,,
henceforth (vocaloid),3,13,,
fc tokyo,3,13,,フットボールクラブ東京
babylon (nozaki mado),3,13,,
slither.io,3,13,,
enhypen,3,13,,エンハイプン
alien: covenant,3,13,,エイリアン:コヴェナント
556 mm,3,13,,
comic himekuri,3,13,,
macross e,3,13,,マクロスΔ外伝マクロスE
katsurahama aquarium,3,13,,
omega labyrinth z,3,13,,
debian,3,13,,
gokudou-kun man'yuuki,3,13,,
web bazooka,3,13,,
rindou ni sayonara wo,3,13,,リンドウにさよならを
hanaji (song),3,13,,
dragon ball multiverse,3,13,,ドラゴンボールマルチバース
haidilao,3,13,,海底捞
after hours,3,13,,アフターアワーズ
motorhead,3,13,,
sora no tsukurikata,3,13,,
marvelousaql,3,13,,
usatei,3,13,,ウサテイ
isuca,3,13,,ISUCA-イスカ-
liar dance (vocaloid),3,13,,ライアーダンス
complex saga,3,13,,コンプレックスサーガ
saikyou juzoku tensei ~cheat majutsushi no slow life~,3,13,,最強呪族転生~チート魔術師のスローライフ~
all out!!,3,13,,
r15+ ja dame desu ka?,3,13,,R15+じゃダメですか?
black moon prophecy,3,13,,
kanban musume wa sashiosae,3,13,,看板娘はさしおさえ
cooking papa,3,13,,クッキングパパ
wacca,3,13,,ワッカ
kurokishi monogatari,3,13,,黒騎士物語
sekigahara gakuen,3,13,,【セキガク】
tokyo girls destruction,3,13,,
chrono dios,3,13,,クロノディオス
power of smile,3,13,,ぱわーおぶすまいる。
sousouki reginald,3,13,,
double helix blossom,3,13,,ダブルヘリクス・ブロッサム
otome tensei grimoire den,3,13,,乙女転生グリモア伝
risky game (vocaloid),3,13,,
dai sentai goggle v,3,13,,大戦隊ゴーグルファイブ
cross gate,3,13,,
arianrhod saga,3,13,,アリアンロッド・サガ
elle prier,3,13,,
pixiv wrestling association,3,13,,【ぴくプロ】
hero (image),3,13,,
spectral force genesis,3,13,,
yami-iro alice (vocaloid),3,13,,闇色アリス
desolate soul,3,13,,
nangoku sakunyuu island,3,13,,
kohitsuji-tachi no rakuen,3,13,,
prime rose,3,13,,プライムローズ
shimamura,3,13,,しまむら
sakurai-san wa kizuite hoshii,3,13,,桜井さんは気づいてほしい
galileo (tv series),3,13,,ガリレオシリーズ
utsuro wo aogu (vocaloid),3,13,,虚ろを扇ぐ
deepwoken,3,13,,
no man's land,3,13,,
peropero sparkles,3,13,,
beep beep i'm a sheep,3,13,,
sennyuu! hitozuma soap ~tonari no oku-san o soap de hakken shita node soku shimei~,3,13,,潜入!人妻ソープ~隣の奥さんをソープで発見したので即指名~
nes open tournament golf,3,13,,マリオオープンゴルフ
lemmings,3,13,,レミングス
absorute zero,3,13,,
woody woodpecker (series),3,13,,ウッディー・ウッドペッカー
konpeki studio,3,13,,紺碧Studio
9 r.i.p.,3,13,,
after god,3,13,,アフターゴッド
helter skelter ~hakudaku no mura~,3,13,,
joy division (band),3,13,,
sakurazaka46,3,13,,櫻坂46
babylon (game),3,13,,
yumeiro cast,3,13,,夢色キャスト
undead girl murder farce,3,13,,アンデッドガール・マーダーファルス
brave souls (chrisanother),3,13,,
panical confusion,3,13,,
ethereum,3,13,,イーサリアム
mayonaka no ningyoutsukai,3,13,,真夜中の人形使い
chotto dake aru yo,3,13,,
hakushaku to yousei,3,13,,伯爵と妖精
watership down,3,13,,ウォーターシップダウンのうさぎたち
cosmospice (vocaloid),3,13,,コスモスパイス
control (game),3,13,,コントロール
netoge haijin sprechchor (vocaloid),3,13,,ネトゲ廃人シュプレヒコール
shengtang yehua,3,13,,盛唐夜话
viper v8,3,13,,
himukai chihiro wa shigoto ga tsuzukanai,3,13,,
ghost (hoshimachi suisei),3,13,,
manasis refrain,3,13,,マナリフ
breakout,3,13,,ブロック崩し
oshi ga imouto ni narimashite,3,13,,推し妹
yu-gi-oh! r,3,13,,遊☆戯☆王R
sis camp,3,13,,シス△キャン
tory and the starry island,3,13,,トリィと星のふる島
ultimate fighting championship,3,13,,
love tore ~ecchi na ren'ai training~,3,13,,LOVEトレ~エッチな恋愛トレーニング~
marshmallow imouto succubus,3,13,,ましゅまろ☆いもうと☆さっきゅばす☆
uncharted 2,3,13,,
lamunation,3,13,,ラムネーション
the king of fighters neowave,3,13,,
oxxo,3,13,,
gohou shoujo sowaka-chan,3,13,,
b.a.d.,3,13,,
battle spirits: sword eyes,3,13,,バトルスピリッツソードアイズ
walpurga no uta,3,13,,ヴァルプルガの詩
natsuiro high school,3,13,,夏色ハイスクル★青春白書
ore no kanojo no uraomote,3,13,,
maou no kuse ni namaiki da! 2 ~kondo wa seisen da!~,3,13,,
cherry teacher sakura naoki,3,13,,
ahiru no sora,3,13,,あひるの空
the adelaide inn,3,13,,
alf,3,13,,アルフ
nine point eight (deemo),3,13,,
juicy age,3,13,,
hhh triple h,3,13,,
henshin a la maid,3,13,,へんしん☆ア・ラ・メイド
candy candy (song),3,13,,きゃりーめぐめぐ
superjail,3,13,,
nangoku dominion,3,13,,南国ドミニオン
seal online,3,13,,シールオンライン
f&c,3,13,,
oba no shinshitsu,3,13,,叔母の寝室
sora no kane no hibiku hoshi de,3,13,,空ノ鐘の響く惑星〈ほし〉で
gakuto!,3,13,,
imawabi no dakini,3,13,,忌火のダキニ
takahashi meijin no bouken jima,3,13,,高橋名人の冒険島
pawahara seijo,3,13,,パワハラ聖女
mahou shoujo meruru,3,13,magic woman m,魔法少女メルル
alignment you! you!,3,13,,
ayame no machi to ohime-sama,3,13,,あやめの町とお姫様
seifuku tenshi,3,13,,制服天使
2000 ad,3,13,,
oni coach,3,13,,
milky suicide,3,13,,みるきす
comitia 148,3,13,,コミティア148
teaka mamire no danshi,3,13,,
tokki live,3,13,,
billionaire touyokoin reika,3,13,,ビリオネア東横院麗華
shimaima,3,13,,しまいま。
total war: shogun 2,3,13,,
wizards complex,3,13,,
terao,3,13,,テラオ
koisuru koto to mitsuketari!,3,13,,
white clarity,3,13,,
cielarc,3,13,,
swiss family robinson,3,13,,家族ロビンソン漂流記
daimajin (series),3,13,,大魔神
panic chan,3,13,,
goat simulator,3,13,,
chikyuu bouei kazoku,3,13,the family's defensive alliance,地球防衛家族
pixiv fairy,3,13,,PixivFairy育成企画
ashura-chan,3,13,,阿修羅ちゃん
total war: three kingdoms,3,13,,
under the gundam: double fake,3,13,,ダブルフェイク
room 201,3,13,,201号室
onee-chan wa koi youkai,3,13,,お姉ちゃんは恋妖怪
fausts alptraum,3,13,,ファウストの悪夢
sonic rivals,3,13,,ソニックライバルズ
godaigo daigo,3,13,,後醍醐ダイゴ
flame oukoku koubouki,3,13,,
play! play! play! san,3,13,,
galaxian,3,13,,
chou mashin eiyuuden wataru,3,13,,
evergreen marine corporation,3,13,,
astral realm,3,13,,星界神話
intercontinental gt challenge,3,13,,
tsukutte asobo,3,13,,つくってあそぼ
mozu (tv series),3,13,,百舌の叫ぶ夜
night of revenge,3,13,,魔女は復讐の夜に
akiiro ouka,3,13,,秋色謳華
chaos breaker,3,13,,カオスブレイカー
chicchai shito to dekkai inu wa nonbiri isekai wo tabi shimasu,3,13,,ちっちゃい使徒とでっかい犬はのんびり異世界を旅します
makulove,3,13,,
bride of en,3,13,,
yumimi mix,3,13,,ゆみみみっくす
.hack//g.u. last recode,3,13,,
maho gaku,3,13,,
metalocalypse,3,13,,メタロカリプス
sengoku ixa,3,13,,戦国IXA
taiyoukei disco (vocaloid),3,13,,太陽系デスコ
severance (series),3,13,,
fire fire fire,3,13,,
fcm,3,13,,
puramai wars,3,13,,
nova (tcg),3,13,,
super robot wars bx,3,13,,スーパーロボット大戦BX
rusty hearts,3,13,,ラスティハーツ
nareru! se,3,13,,なれる!SE
the blues brothers,3,13,,ブルースブラザーズ
kyuushuu sentai danjiger,3,13,,急襲戦隊ダンジジャー
super robot wars neo,3,13,,スーパーロボット大戦NEO
remember the time,3,13,,
rotten girl grotesque romance (vocaloid),3,13,,ロッテンガールグロテスクロマンス
the secret saturdays,3,13,,
despera,3,13,,
youtou jiken,3,13,,
oni uta,3,13,,
matsuri no yoru no yume,3,13,,
otomimi infinity,3,13,,オトミミ∞インフィニティー
blade chronicle,3,13,,
avalon no kagi,3,13,,アヴァロンの鍵
death end re;quest 2,3,13,,デスエンドリクエスト2
baby be,3,13,,
misery (stephen king),3,13,,ミザリー(スティーブン・キング)
michinoku hitou koi monogatari,3,13,,みちのく秘湯恋物語
cheetahmen,3,13,,チーターマン
two quarters (shoujo material),3,13,,
paramore,3,13,,
luna online,3,13,,
harukanaru toki no naka de 5,3,13,haruka: beyond the stream of time 5,遙かなる時空の中で5
yokujou pet life,3,13,,
castlevania: grimoire of souls,3,13,,悪魔城ドラキュラGrimoireofSouls
level e,3,13,,レベルE
oshiete! buruma-sensei,3,13,,
3d sexvilla,3,13,,
ricotte ~alpenbul no utahime~,3,13,,
junk force,3,13,,
kaiser knuckle,3,13,,カイザーナックル
nostalgic,3,13,,
momopan,3,13,,
hare wo matsu (vocaloid),3,13,,霽れを待つ
bonus stage (vocaloid),3,13,,ボーナスステージ
konya no okazu wa renji de marine,3,13,,
kamen rider zo (movie),3,13,,仮面ライダーZO
mahjong sports line,3,13,,麻雀スポーツライン
saimin ryoujoku gakuen,3,13,,
daemon bride,3,13,,デモンブライド
eiyuu x maou,3,13,,英雄×魔王
school heaven,3,13,,すくーるヘブン
bullet butlers,3,13,,
shadow seven,3,13,,
kimi to koishite musubarete,3,13,,
trials (series),3,13,,トライアルズ
naked school,3,13,,
puni puni poemi,3,13,,ぷにぷにぽえみぃ
days of memories,3,13,,
love selection,3,13,,
mizukoi,3,13,,
tsubame syndrome,3,13,,
arion,3,13,,アリオン
doushin,3,13,,
shinakoi,3,13,,
love colored lip-service,3,13,,
imouto smile,3,13,,
birth (oav),3,13,,バース
magical doctor (vocaloid),3,13,,マジカルドクター
toshiue no hito,3,13,,
under-ichigo,3,13,,あんだーいちご
cherry tale,3,13,,
cos-tsuma ~niizuma to ecchi na cosplay lesson~,3,13,,
boku no sainou (vocaloid),3,13,,僕のサイノウ
animec (magazine),3,13,,
ane taiken jogakuryou,3,13,,姉体験女学寮
isekai juurin inbina doukutsu no sono oku de,3,13,,淫靡な洞窟のその奥で
wolf girl with you,3,13,,狼少女といっしょ
happy world,3,13,,
bioware,3,13,,
sei yariman gakuen enkou nikki,3,13,,聖ヤリマン学園援交日記
refrain blue,3,13,,
kawaii fitment,3,13,,
cadbury,3,13,,キャドバリー
vliss project,3,13,,ぶいりす
cosscos! ~anatagonomi no cosplay h shite ageru~,3,13,,こっすこす!
ghost in the shell 2: man machine interface,3,13,koukaku kidoutai 2: man machine interface,攻殻機動隊2
genkai ol-chan nui wo suu,3,13,,
shekira (love live!),3,13,,シェキラ☆☆☆
potato ni natte iku (vocaloid),3,13,,potatoになっていく
yuukan club,3,13,,有閑倶楽部
raspberry monster (vocaloid),3,13,,
hyper light drifter,3,13,,
inugami-san to sarutobi-kun wa naka ga warui.,3,13,,犬神さんと猿飛くんは仲が悪い
dela and hadou channel,3,13,,
sensei no ojikan,3,13,,せんせいのお時間
dreaming mary,3,13,,夢見るマリ
salete,3,13,,
mobile force gangaru,3,13,,モビルフォースガンガル
love tora -love triangle-,3,13,,ラブトラ!-Love_Triangle
kaihou tokku gakuen enkou-bu,3,13,,
shoujo kyouiku,3,13,,少女教育
dragon egg,3,13,,
neet girl date night,3,13,,
tutorial ga hajimaru mae ni,3,13,,チュートリアルが始まる前に_ボスキャラ達を破滅させない為に俺ができる幾つかの事
kyuuketsu hime no libra,3,13,,
rolling sphere,3,13,,ローリングスフィア
tousouchuu: great mission,3,13,,
coffee wo shizuka ni,3,13,,珈琲をしづかに
let it die,3,13,,
inside-games (media),3,13,,インサイド
atashi wa seikan kokka no eiyuu kishi!,3,13,,
homemaid,3,13,,
byakko no mori,3,13,,
tapris sugar step,3,13,,タプリスシュガーステップ
eu sem voce (lilian),3,13,,
pazudora (anime),3,13,,パズドラ(アニメ)
chu x pet,3,13,,CHU×ペット
daemon x machina,3,13,,デモンエクスマキナ
hajimete no okaasan,3,13,,
dungeon defense,3,13,,
marvel future fight,3,13,,
monogusa neneko no taida na tanteichou,3,13,,ものぐさ寝猫の怠惰な探偵帖
rivnes,3,13,,りぶねす
hero bank,3,13,,ヒーローバンク
friends (aile),3,13,,
type s: chiaki's journey,3,13,,
ai love: koisuru otome wa kikai jikake,3,13,,アイラブ_恋する乙女はキカイ仕掛け
revenge room,3,13,,リベンジルーム~受胎を強要される地下室~
ferrero,3,13,,
ossan boukensha kane no zenkou,3,13,,おっさん冒険者ケインの善行
mahou shoujo luna no sainan,3,13,,
shoujo to toshi no sa futamawari.,3,13,,
meganebu!,3,13,,メガネブ!
midgard war chronicles,3,13,,ミドガルド戦記
hyakka ryouran elixir,3,13,,
ore ga ikiru imi,3,13,,俺が生きる意味
uta kumi 575,3,13,,うた詠み575
magma taishi,3,13,,マグマ大使
zettai jotei toshi,3,13,,絶対女帝都市
ketsugou danshi:elements with emotions,3,13,,結合男子
mahotama: mimikko hen,3,13,,
summon night x,3,13,,
baldr sky zero,3,13,,
bokujou monogatari: futago no mura,3,13,,ふたごの村
tiny dungeon,3,13,,
kurai mirai,3,13,,クライミライ
metal gear acid 2,3,12,,メタルギアアシッド2
girls made pudding,3,12,,ガールズメイドプディング
star wars: visions the ninth jedi,3,12,,
lolita anime,3,12,,ロリータアニメ
god of war laufey,3,12,,
danmachi mizu to hikari no fururando,3,12,,
cyborg 009 vs devilman,3,12,,サイボーグ009VSデビルマン
casino royale,3,12,,
tensei shitara slime datta ken: isekai memories,3,12,,
himekishi wa barbaroi no yome,3,12,"the barbarian's bride,the warrior princess and the barbaric king",姫騎士は蛮族の嫁
street fighter battle combination,3,12,,ストリートファイターバトルコンビネーション
call of duty zombies,3,12,,
shisho to hasami to mijikai enpitsu,3,12,,司書とハサミと短い鉛筆
fancy frontier 35,3,12,,
kamen rider geats: jyamato awaking,3,12,,ジャマト・アウェイキング
chill with you: lo-fi story,3,12,,チルユー
nanchoukei danshi ga taosenai (vocaloid),3,12,,難聴系男子が倒せない
tsubaki (circle),3,12,,ツバキ
doki doki onee-san,3,12,,ドキドキお姉さん
idoldays,3,12,,
abunai deka,3,12,,あぶない刑事
mickey 17 (movie),3,12,,
legend of the golden witch,3,12,,
the talos principle (series),3,12,,
yumeyume (vocaloid),3,12,,ゆめゆめ
amakuchi collective,3,12,,
mama sans of destiny,3,12,,
peanut butter jelly time,3,12,,
mega man zero (manga),3,12,,
eiyuu fuufu no tsumetai shinkon seikatsu,3,12,,英雄夫婦の冷たい新婚生活
madan senki ryukendo,3,12,,魔弾戦記リュウケンドー
moko moko box,3,12,,もこもこBOX
rockman.exe operate shooting star,3,12,,ロックマンエグゼオペレートシューティングスター
l.a. noire,3,12,,L.A.ノワール
fantasista asuka,3,12,,ファンタジスタ明日翔
x-com (classic),3,12,"ufo: enemy unknown,x-com: terror from the deep,x-com: ufo defense",
persona 6,3,12,,ペルソナ6
idle epic angels of fate,3,12,,
gifted (vocaloid),3,12,,
unikitty! (series),3,12,,
life is strange: reunion,3,12,,
cake x bomb,3,12,,
tsuihou sareta tensei juukishi wa game chishiki de musou suru,3,12,,追放された転生重騎士はゲーム知識で無双する
gundam tekketsu no orphans gekkou,3,12,,
sakura-iro quartet,3,12,,さくら色カルテット
trick or treat scooby-doo!,3,12,,
balan wonderworld,3,12,,バランワンダーワールド
little witch in the woods,3,12,,林中小女巫
usotsuki! gokuoo-kun,3,12,,ウソツキ!ゴクオーくん
shaman's sanctuary,3,12,,しゃーまんず・さんくちゅあり
daria,3,12,,
ijimete ijimerarete,3,12,,イジめてイジめられて
otsukare summer,3,12,,
all of us are dead,3,12,,今、私たちの学校は...
ugo ugo ruuga,3,12,,ウゴウゴルーガ
busu ni hanataba wo.,3,12,,ブスに花束を。
red vs. blue,3,12,red vs blue,
kuro hakubutsukan ghost and lady,3,12,,
maoujou re:build!,3,12,,魔王城Re:ビルド!
monster hunter 2,3,12,,モンスターハンター2
kaikou (ttrpg scenario),3,12,,オシュー傀逅
atlanta braves,3,12,,アトランタ・ブレーブス
shinkisekai evolution,3,12,,神機世界エヴォリューション
1000 yen cut no onee-san ni suite morau hon,3,12,,
gumania (album),3,12,,
after epochs (vocaloid),3,12,,アフターエポックス
musumejoku,3,12,,
ikki (game),3,12,,いっき
doctor strange (2016 movie),3,12,,ドクター・ストレンジ(映画)
shima shima tora no shimajirou,3,12,,しましまとらのしまじろう
onirism,3,12,,
kaisei (vocaloid),3,12,,快晴
cardfight!! vanguard divinez,3,12,,カードファイト!!ヴァンガードDivinez
malicious (game),3,12,,マリシアス
level 1 dakedo unique skill de saikyou desu,3,12,,レベル1だけどユニークスキルで最強です
papa's gameria,3,12,,
ultraman: the adventure begins,3,12,,ウルトラマンUSA
comitia 153,3,12,,コミティア153
icarly,3,12,,アイ・カーリー
sushi tabetai,3,12,,SUSHI食べたい
enjou gakuen 2,3,12,,艶嬢学園2~熾天使たちの花園~
spore (game),3,12,,
choujinki metalder,3,12,,超人機メタルダー
amanda the adventurer,3,12,,爱冒险的阿曼达
lazarus,3,12,,LAZARUSラザロ
law of creation,3,12,,造物法则2:先锋英雄
carnival (game),3,12,,カーニバル(S.M.L)
ai mai! moe can change!,3,12,,萌えCanちぇんじ!
iron lotus,3,12,,
demetori,3,12,,
barbie: fairytopia,3,12,,バービーと妖精の国フェアリートピア
sex & violence with machspeed,3,12,,
beatmania iidx 17 sirius,3,12,,
ruzhui,3,12,,
boynextdoor,3,12,,ボーイネクストドア
tsuyo tsuyo strongest exercise (idolmaster),3,12,,つよつよ最強エクササイズ
carried away,3,12,,
tachibanakan to lie angle,3,12,,立花館ToLieあんぐる
torano tantei jimusho e youkoso,3,12,,
303 goushitsu no kamisama,3,12,a deity stands with a ghost,303号室の神さま
the breakfast club,3,12,,ブレックファスト・クラブ
hearken,3,12,,
tarzan of the apes,3,12,,
bucchigire!,3,12,,
gamera: guardian of the universe,3,12,,ガメラ大怪獣空中決戦
14 days with you,3,12,,
mindhack,3,12,,
country warriors,3,12,,
vvvtune,3,12,neptunia virtual stars,
clan acacia,3,12,,
ame demo hare demo,3,12,,雨でも晴れでも
108 demon kings,3,12,,
destripando la historia,3,12,,
moon rabbit raising,3,12,,月ウサギのそだてかた
torakapu!,3,12,,とらかぷっ!
super godzilla,3,12,,超ゴジラ
heroine wa tomodachi desu ka? koibito desu ka? soretomo tomefure desu ka?,3,12,,
howling over the world (idolmaster),3,12,,
drama queens,3,12,,
nyotai kyouran,3,12,,
the rocky horror picture show,3,12,,ロッキーホラーショー
idolmaster tours,3,12,,アイドルマスターツアーズ
ralliart,3,12,,
orphan (movie),3,12,,エスター
ryuu ga gotoku of the end,3,12,yakuza: dead souls,龍が如くOTE
akuma no memumemu-chan,3,12,,悪魔のメムメムちゃん
taisetsu na mono (idolmaster),3,12,,たいせつなもの
wasure mono (vocaloid),3,12,,わすれモノ
gate of dimension,3,12,,
dearest blue,3,12,,
facing demons,3,12,,
sicario,3,12,,
panyo panyo di gi charat,3,12,,ぱにょぱにょデ・ジ・キャラット
bad dragon,3,12,,
noumin kanren no skill bakka agetetara nazeka tsuyoku natta.,3,12,i've somehow gotten stronger when i improved my farm-related skills,農民関連のスキルばっか上げてたら何故か強くなった。
yogen no nayuta,3,12,,予言のナユタ
diddy kong racing,3,12,,ディディーコングレーシング
majo to kekkon nante suru mon ja nai!,3,12,,
akimeite ding dong dang! (idolmaster),3,12,,秋めいてDing_Dong_Dang!
welcome home (arg),3,12,,
dragon conqueror,3,12,,ドラゴンコンキスタ
bitch ni natte new game! ~game to rendoushite real demo henkasuru ane no sugata~,3,12,,ビッチになって、ニューゲーム!~ゲームと連動してリアルでも変化する姉の姿~
sei madou monogatari,3,12,,聖魔導物語
lunatic moonnight fantasy,3,12,,ルナムン
overflow (hentai),3,12,,おーばーふろぉ
wolfenstein: the old blood,3,12,,
movie war 2010,3,12,,MOVIE大戦2010
lord of vermilion 2,3,12,,
british touring car championship,3,12,,
samurai of oz,3,12,,
open car girls,3,12,,オープンカーガールズ
grazhdanskaya oborona,3,12,,
carnival rhythm,3,12,,カーニバル・リズム
kasshoku musume no latina-san ni ore no karada ga nerawarete iru,3,12,the dark brown latina girl is aiming for my body,褐色娘のラティーナさんに俺の体が狙われている
oshikake! bakunyuu gal harem seikatsu,3,12,,おしかけ!爆乳ギャルハーレム性活
menheramen (vocaloid),3,12,,
kuro no shoukanshi,3,12,,黒の召喚士
ghost (1990 movie),3,12,,ゴースト/ニューヨークの幻
fancy frontier 18,3,12,,
barbie and the diamond castle,3,12,,バービーのダイヤモンドの城
azur lane: crosswave,3,12,,
astro note,3,12,,アストロノオト
amazing travel dna,3,12,,
monkey king: hero is back,3,12,,西游记之大圣归来
ingoku no houkago,3,12,,淫獄の放課後
uchuu keiji sharivan,3,12,,宇宙刑事シャリバン
souten kouro,3,12,,蒼天航路
dear. mr f (zutomayo),3,12,,
yumene connect,3,12,,ゆめねこねくと
a horny money world (houshou marine),3,12,,
march of progress,3,12,,
toshishita no senpai,3,12,,年下の先輩
young animal (magazine),3,12,,ヤングアニマル
fancy frontier 21,3,12,,
succubus affection,3,12,,サキュバスアフェクション
kunoichi sekiren,3,12,,赤蓮忍法帖
kirakano,3,12,,きら☆かの
penny arcade,3,12,,
fukumenkei noise,3,12,,覆面系ノイズ
black fox,3,12,,
finding paradise,3,12,,
id software,3,12,,
astroganger,3,12,,アストロガンガー
shrift (series),3,12,,
kami no ue no mahou tsukai,3,12,,紙の上の魔法使い
glass ball rejection,3,12,,ガラスボールリジェクション
adachi rei (avogado6),3,12,,
star wars outlaws,3,12,,
fantasy defense,3,12,,
marmalade butcher (band),3,12,,
lepuslive,3,12,,レプスライブ
vermis,3,12,,
escaflowne (movie),3,12,,エスカフローネ
the art of war,3,12,,
reika no yakata ~saimin yuugi e no shoutaijou~,3,12,,麗華の館
professional shigoto no ryuugi,3,12,,プロフェッショナル仕事の流儀
stargate sg-1,3,12,,スターゲイト
slow downer (vocaloid),3,12,,スロウダウナー
mastodon (microblog),3,12,,
emma's new life (comic),3,12,,
jagmo,3,12,,
godzilla vs. gigan,3,12,godzilla vs gigan,地球攻撃命令ゴジラ対ガイガン
say good-bye namida (love live!),3,12,,Say_Good-Bye_涙
bonyuu-chan wa dashitai,3,12,,
superbad (movie),3,12,,
goodbye eternity,3,12,,
kibou no tsuki (vocaloid),3,12,,幾望の月
sugarcoat freaks,3,12,,シュガーコートフリークス
zespri,3,12,,
matazoro.,3,12,,またぞろ。
fable (series),3,12,,
dragon village m,3,12,,ドラゴンビレッジM
kurikaeshi hitotsubu (vocaloid),3,12,,繰り返し一粒
electric love (vocaloid),3,12,,エレクトリック・ラブ
aege-kai wo wataru hana-tachi,3,12,,エーゲ海を渡る花たち
i don't want this kind of hero,3,12,,
unreal life,3,12,,アンリアルライフ
don makila,3,12,,
fashion center shimamura,3,12,,
mega man star force 4,3,12,,流星のロックマン4
mako-chan kaihatsu nikki,3,12,,まこちゃん開発日記
melty blood: twi-lumina,3,12,,
ninja jajamaru-kun,3,12,,忍者じゃじゃ丸くん
trivia no izumi,3,12,,トリビアの泉
yaojing authority,3,12,,妖精管理局
silent hills,3,12,,
ultraman saga (movie),3,12,,ウルトラマンサーガ
tora wa ryuu wo mada tabenai.,3,12,,虎は龍をまだ喰べない。
kuroyuri no yakata,3,12,,黒百合の館
code regalia,3,12,,コードレガリア
doctor-x,3,12,,ドクターX
legendary pictures,3,12,,
killing floor 2,3,12,,
new england patriots,3,12,,ニューイングランド・ペイトリオッツ
pripara: all idol perfect stage!,3,12,,
sakana uo sakana,3,12,,
gensokyo orb,3,12,,幻想乡之玉
kafueine (cevio),3,12,,可不ェイン
endless dream,3,12,,无尽梦回
super ultra usagi rush!!,3,12,,
fantasian,3,12,,ファンタジアン
yuusha seisen baan gaan,3,12,,勇者聖戦バーンガーン
almond blossoms (van gogh),3,12,,
mix shake!! (love live!),3,12,,
lovense,3,12,,
everything everywhere all at once,3,12,,エブリシング・エブリウェア・オール・アット・ワンス
dare ga yuusha wo koroshita ka,3,12,,誰が勇者を殺したか
shikigami no shiro ii,3,12,,
youkai watch busters,3,12,,妖怪ウォッチバスターズ
metal: hellsinger,3,12,,
maiko-san chi no makanai-san,3,12,,舞妓さんちのまかないさん
kotoba no obake ga mado kara miteiru (utau),3,12,,ことばのおばけがまどからみている
nijirushi,3,12,,に印
the grim reaper who reaped my heart,3,12,,
pinky and the brain,3,12,,ピンキー&ブレイン
sekai to sekai no mannaka de,3,12,,世界と世界の真ん中で
wonderful waking world,3,12,,東方眠世界
binomi (vocaloid),3,12,,ビノミ
repha (universe),3,12,,
last life smp,3,12,,
animelo summer live,3,12,,
gongitsune (niimi nankichi),3,12,,ごん狐
seleri's lament,3,12,,
justice league: the animated series,3,12,,
circus panic!!! (vocaloid),3,12,,
hot fuzz,3,12,,ホット・ファズ
avian romance,3,12,,
rats smp,3,12,,
rainy girl (vocaloid),3,12,,雨路少女
touhou jihen,3,12,,東方事変
chanto suki tte ieru ko musou,3,12,,ちゃんと好きって言える子無双
ride kamens,3,12,,ライドカメンズ
"akogare no onee-sama ga ""imouto ni naritai"" tte amaete kurun dakedo!?",3,12,,憧れのお姉様が「妹になりたい」って甘えてくるんだけど
trolls (series),3,12,,
awake (hoshimachi suisei),3,12,,
douka ore wo houtteoitekure,3,12,,
apex legends: pathfinder's quest,3,12,,パスファインダーズ・クエスト
corvette racing,3,12,,コルベット・レーシング
mario kart ds,3,12,,マリオカートDS
boku wa hatsune miku to kisu wo shita (vocaloid),3,12,,僕は初音ミクとキスをした
stainless night,3,12,,ステンレスナイト
imigo no tamago (vocaloid),3,12,,いみごのたまご
demon lord (vocaloid),3,12,,デーモンロード
moon white warrior,3,12,,月白のウォーリア
legend: a dragon ball tale,3,12,,
badminton girls,3,12,,バドミントンガールズ
koi wa sotto saku hana no you ni,3,12,,
trese,3,12,,
oppo (company),3,12,,
nippon sake monogatari,3,12,,
ame wo tsugeru hyouryuu danchi,3,12,drifting home,雨を告げる漂流団地
mitski (copyright),3,12,,
hanaichi monnme (zutomayo),3,12,,
gal to kyouryuu,3,12,,ギャルと恐竜
paintschainer (software),3,12,,
kujira no kora wa sajou ni utau,3,12,,クジラの子らは砂上に歌う
power rangers (movie),3,12,,パワーレンジャー(映画)
moonlight (movie),3,12,,
kubo and the two strings,3,12,,
boomerang fu,3,12,,
mythbusters,3,12,,怪しい伝説
dragon age: absolution,3,12,,ドラゴンエイジ:罪のあがない
kaze hikaru,3,12,,風光る
disney fairies (book series),3,12,,
rainbow six,3,12,,レインボーシックス
ring ni kakero,3,12,,リングにかけろ
white chicks,3,12,,
warframe 1999,3,12,,
planetary moe,3,12,,
stalker x stalker,3,12,,
virtuality project,3,12,,
buddy complex: coupling in battlefield,3,12,,バディ・コンプレックス戦場のカップリング
no logic (vocaloid),3,12,,
tsuyokiss next shokaiban,3,12,,
baby shark (song),3,12,,サメの家族
shounen brave (vocaloid),3,12,,少年ブレイヴ
human party termination,3,12,,
the cleveland show,3,12,,
camp camp,3,12,,
who? (vocaloid),3,12,,
hyper universe,3,12,,
chijo bitch,3,12,,
anthrax (band),3,12,,
bahamut crisis,3,12,,バハムートクライシス
precure all stars new stage 2: kokoro no tomodachi,3,12,,プリキュアオールスターズNewStage2_こころのともだち
konjiki no word master,3,12,,金色の文字使い
kenzen! hentai seikatsu no susume,3,12,,
the spectacular spider-man,3,12,,スペクタキュラースパイダーマン
kimika-san no sweets match,3,12,,君花さんのスイーツマッチ
moero downhill night,3,12,,萌えろDownhillNight-峠最速伝説-
time travel shoujo: mari waka to 8-nin no kagakusha-tachi,3,12,time travel girl,タイムトラベル少女
maoujou no chef,3,12,,
koihime enbu,3,12,,恋姫†演武
comm-nan no ore ga koushou skill ni zenfurishite tenseishita kekka,3,12,,コミュ難の俺が、交渉スキルに全振りして転生した結果
starline,3,12,,
comic megastore alpha,3,12,,コミックメガストアα
medical record book,3,12,,病案本
valentine post,3,12,,バレンタインポスト
hime-chan to maou,3,12,,姫ちゃんと魔王
otometale,3,12,,
power rangers samurai,3,12,,パワーレンジャー・サムライ
columbia pictures,3,12,,コロンビア映画
villains are destined to die,3,12,agyeogui endingeun jugeumppun,悪役のエンディングは死のみ
tottemo e mahjong plus,3,12,,とってもE麻雀ぷらす
baldr bullet,3,12,,バルドバレット
risdom,3,12,,リズダム
la pucelle ragnarok,3,12,,
anata no koto wo suki to iwasete,3,12,,あなたの事を好きと言わせて
one iced latte with your breast milk please!,3,12,,
species domain,3,12,,スピーシーズドメイン
ruri no ie,3,12,,
tsuki hagi nightmare,3,12,,つぎ☆はぎナイトメア
cell (card game),3,12,,生物学カードゲームCELL
120 en no haru,3,12,,120円の春
yagai gakushuu 2,3,12,,野外学習2
kimi ni aisarete itakatta,3,12,,君に愛されて痛かった
rat rage,3,12,,
gamera -rebirth-,3,12,,ガメラリバース
sei monmusu gakuen,3,12,,聖もんむす学園
pixiv witch craft school,3,12,,
ragnarok online saga: swordsman and the sealed sword,3,12,,ラグナロクオンラインサーガソードマンと封印の宝剣
zero no tsukaima: muma ga tsumugu yokaze no fantasy,3,12,,
rhythm kaitou r,3,12,rhythm thief,リズム怪盗R
celestial stones,3,12,,
maliki,3,12,,
cheerfull!,3,12,,
kabu no isaki,3,12,,カブのイサキ
spree killer,3,12,,
delta!,3,12,,で・る・た!~おねだり天使とひとつ屋根のした~
doutoku no jukai (vocaloid),3,12,,道徳の樹海
sumeragi ryouko no bitch na 1 nichi,3,12,,
soukyuu no soleil,3,12,,
bin can darling,3,12,,BIN★CANダーリン
triangle blue,3,12,,
chuushaki 2,3,12,,
mahou wa ameiro?,3,12,,
crayon tulip,3,12,,
maruku naru (vocaloid),3,12,,まるくなる
myspace,3,12,,
yuusha 30,3,12,,勇者30_SECOND
10nen-buri ni saikai shita kusogaki wa seijun bishoujo jk ni seichou shite ita,3,12,,10年ぶりに再会したクソガキは清純美少女JKに成長していた
hana no kioku 4,3,12,,
reincarnation shinsengumi,3,12,,
kasou kyoku (vocaloid),3,12,,火葬曲
choir!,3,12,,
osukemo apartment (sawch cls),3,12,,
total recall,3,12,,
simple series,3,12,,SIMPLEシリーズ
nikotte (utau),3,12,,
choujin sentai baratack,3,12,,超人戦隊バラタック
cultist simulator,3,12,,
re-kan!,3,12,,レーカン!
ngk,3,12,,
goshujin-sama daisuki,3,12,,ご主人様だ~いすき
aspire (love live!),3,12,,
ryoujoku guerilla gari 3,3,12,,
saikyou degarashi ouji no anyaku teii arasoi: munou wo enjiru ss rank ouji wa koui keishousen wo kage kara shihai suru,3,12,,最強出涸らし皇子の暗躍帝位争い_無能を演じるSSランク皇子は皇位継承戦を影から支配する
paradise kiss,3,12,,パラダイス・キス
heisei tanuki gassen ponpoko,3,12,,平成狸合戦ぽんぽこ
"s-kyuu gakuen no jishou ""futsuu"" kawaisugiru kanojotachi ni guigui korarete barebare desu.",3,12,,S級学園の自称「普通」、可愛すぎる彼女たちにグイグイ来られてバレバレです。
harem tengoku da to omottara yandere jigoku datta,3,12,,ハーレム天国だと思ったらヤンデレ地獄だった
kumo no ito (story),3,12,,蜘蛛の糸
sugar bunny recipe,3,12,,
kaiketsu zubat (series),3,12,,快傑ズバット
wakusei loop (vocaloid),3,12,,惑星ループ
akai shizuku,3,12,,朱紅い雫
ming zhan-lu,3,12,,冥戰錄
winterz.,3,12,,ウィンターズ
smashing the battle,3,12,,
succubus puttel,3,12,,
hidamari,3,12,,
airbus,3,12,,
audrey (love live!),3,12,,オードリー(桜坂しずく)
vanishing starlight,3,12,,ヴァニシング・スターライト
hoshoku hihoshoku (vocaloid),3,12,,捕食ひ捕食
enjoy it! (love live!),3,12,,
the ultraman (manga),3,12,,ザ・ウルトラマン
withers,3,12,,
princess sisters,3,12,,
bloody chronicles,3,12,,
isekai karano nono,3,12,,異世界からのノノ
super ledgehop: double laser,3,12,,
blood bond,3,12,,
taiyoukei sf bouken taizen supeope!,3,12,,太陽系SF冒険大全スペオペ!
yawaraka sangokushi tsukisase!! ryofuko-chan,3,12,,やわらか三国志
butsu zone,3,12,,仏ゾーン
school saimin paradise! ~sakki made zenzen suki janakatta no ni!?,3,12,,スク~ル催眠ぱらだいす!~さっきまで全然好きじゃなかったのに!?~
yuina no ama ama zen koutei,3,12,,お姉ちゃんといっしょ。~唯奈のあまあま全肯定~
the black dragon,3,12,,
sonic advance 2,3,12,,ソニックアドバンス2
want project,3,12,,
phantom seer,3,12,,仄見える少年
douyara boku no hanayome wa onna kishidan na you de,3,12,,どうやらボクの花嫁は女騎士団なようで。
priapu,3,12,,
ojou-sama wa katai no ga osuki!,3,12,,お嬢様はカタイのがお好き!_~神性なる女子寮日記~
midara na mahou tsukai to kyuuseishu,3,12,,
seireiki rayblade,3,12,,聖霊機ライブレード
roshutsu-kei mahou shoujo lovely lily,3,12,,
glass no hana to kowasu sekai,3,12,,ガラスの花と壊す世界
unsimulated incubator,3,12,,虚構戦役の戦導師
rizzoli & isles,3,12,,
ju~nin kanri! ~10 nin no otome ni ai no te o~,3,12,,じゅ~にんかんり!~10人の乙女に愛の手を~
manga de wakaru shinryou naika,3,12,,
aria (vocaloid),3,12,,ARiA(とくP)
toaru hikuushi e no tsuioku,3,12,,
tokyo esp,3,12,,東京ESP
aomori tetsudou musume,3,12,,青森鉄道むすめ
soukai no seiki,3,12,,
choujou gattai tamenoboon v,3,12,,超城合体タメノブーンV
hadashi no gen,3,12,barefoot gen,はだしのゲン
material brave,3,12,,マテリアルブレイブ
nep league,3,12,,ネプリーグ
magnolia (deemo),3,12,,
school i,3,12,,
rainbow sea,3,12,,
shuuen no youjo eruru to shinazu no raiza,3,12,,
dairy queen,3,12,,デイリークイーン
ayatsuri burumaa,3,12,,
heavy rain,3,12,,
shokuba shoujyo,3,12,,職場少女
comic ino,3,12,,
fetix!,3,12,,ふぇちっくす!
tower records cafe,3,12,,
youkai watch 4,3,12,,妖怪ウォッチ4
tenshi no scanty,3,12,,
kamen no goumonshi,3,12,,
bakumatsu kikansetsu irohanihoheto,3,12,,
tenerezza,3,12,,テネレッツァ
sodom no shima,3,12,,ソドムの島
momiage wo shakaage wo,3,12,,モミアゲヲシャカアゲヲ
kotenbu series,3,12,,〈古典部〉シリーズ
terminator 3: rise of the machines,3,12,,ターミネーター3
ryonan musume club,3,12,,リョナん娘くらぶ
natsuiro no sunadokei,3,12,,
rune lord,3,12,,ルーンロオド
white princess,3,12,,
dragon quest roto no monshou,3,12,,ドラゴンクエスト列伝
wild arms 2nd ignition,3,12,,
duran duran,3,12,,
gamest,3,12,,
hana no kioku,3,12,,花の記憶
kaibutsu maid no kareinaru oshigoto,3,12,,怪物メイドの華麗なるお仕事
hero rescue,3,12,,ヒーローレスキュー
giniro no olynssis,3,12,,
bon jovi,3,12,,ボン・ジョヴィ
sayonara memories (supercell),3,12,,さよならメモリーズ
capsule (hololive),3,12,,
a dance of fire and ice,3,12,,
quantum protocol,3,12,,
children of mana,3,12,,聖剣伝説COM
hana to otome ni shukufuku wo,3,12,,花と乙女に祝福を
guwange,3,12,,ぐわんげ
photon,3,12,,フォトン
kyuujou lovers,3,12,,
tiny chao garden,3,12,,
kimamani live,3,12,,キママニ
bikini no housoku,3,12,,ビキニの法則
free friends 2,3,12,,
dark lord (game),3,12,,
oyome ni shinasai,3,12,,お嫁にしなさいっ!
kenka banchou,3,12,,喧嘩番長
motto to love-ru,3,12,,
fairy dust,3,12,,
carmilla (novel),3,12,,
ano natsu no itsuka wa (vocaloid),3,12,,あの夏のいつかは
wana -hakudaku mamire no houkago-,3,12,,
omae wo otaku ni shite yaru kara ore wo riajuu ni shite kure!,3,12,,おまえをオタクにしてやるから、俺をリア充にしてくれ!
maid in heaven supers,3,12,,
big west,3,12,,
shadow skill,3,12,,シャドウスキル
the fable,3,12,,ザ・ファブル
iyashite agerun saiyuki,3,12,,癒してあげルン西遊記
petit roid 3,3,12,,
club maniax,3,12,,
end of a life (mori calliope),3,12,,
ichido dake demo koukai shitemasu,3,12,i can't believe i slept with you!,一度だけでも後悔してます
layla (game),3,12,,レイラ
funhaus,3,12,,
expo2005,3,12,,愛・地球博
reirei studio,3,12,,
lightning legend,3,12,,ライトニングレジェンド
tamagotchi id,3,12,,たまごっちアイディー
koiyasumi ~yuudachi ni nureta osananajimi~,3,12,,コイヤスミ〜夕立に濡れた幼馴染み〜
astral chronicles,3,12,,
xcom: chimera squad,3,12,,
shoya virgin night,3,12,,
koiten production,3,12,,
toriko no (series),3,12,,
asatsugutori,3,12,,アサツグトリ
morinomiya healing house (vocaloid),3,12,,森之宮神療所☆
doraemon: nobita no himitsu dougu museum,3,12,doraemon: nobita's secret gadget museum,ひみつ道具博物館
sony ericsson,3,12,,
kibishii onna joushi ga koukousei ni modottara ore ni deredere suru riyuu,3,12,,
vjidai,3,12,,ぶいじだい
mhjk (mos yen),3,12,,鋼鉄女子高生
gekkou jourei,3,12,,月光条例
last bronx,3,12,,ラストブロンクス
cookie run: braverse,3,12,,
iron man 2,3,12,,アイアンマン2
kimi ga tame.,3,12,,君がため。
yuri de naru esupowaru,3,12,,ゆりでなる♥えすぽわーる
hatsukoi no ehon (vocaloid),3,12,,初恋の絵本
yatogame-chan kansatsu nikki,3,12,,八十亀ちゃんかんさつにっき
chilling devotion,3,12,,
surgeon simulator,3,12,,
bms of fighters,3,12,,
kurotsuki no jerknacht,3,12,,黒月のイェルクナハト
parahumans,3,12,,
kyokugen chikan tokuiten 3,3,12,,極限痴漢特異点3千年の劣情
monmusu,3,12,,
r/place,3,12,,
the king of fighters ex,3,12,,
dragon ball af,3,12,,ドラゴンボールAF
siskon,3,12,,
yamato gensouki,3,12,,
ojousama wa h ga osuki,3,12,,お嬢様はHがお好き
battle spirits: heroes,3,12,,バトルスピリッツ覇王
picsix,3,12,,
touhou world cup,3,12,,
yuuhi no mukougawa,3,12,,
ganba no bouken,3,12,,ガンバの冒険
mome! chichi shimai katei kyoushi 11nin,3,12,,
datte daisuki damono,3,12,,
maschera ~datenshi-shita kemono no doukoku~,3,12,,
karasuma kyouko no jikenbo,3,12,,烏丸響子の事件簿
nagachichi nagai-san,3,12,,ながちち永井さん
alien hominid,3,12,,
big bang beat revolve,3,12,,
bakunyuu kissa,3,12,,
radwimps (band),3,12,,
nbc,3,12,,
hitou meguri,3,12,,
alpacasso,3,12,,アルパカッソ
chikan sharyou ichigousha,3,12,,
shangrlia,3,12,,
koushin houjuu,3,12,,口唇包柔~うさみみ調教白く濡れる女体たち~
shikoku moe tai,3,12,,
colorful (movie),3,12,,
honey blonde,3,12,,
dorvack,3,12,,
metal skin panic madox-01,3,12,,メタルスキンパニック
sora wo miageru shoujo no hitomi ni utsuru sekai,3,12,,空を見上げる少女の瞳に映る世界
rondo leaflet,3,12,,ロンド・リーフレット
mr. fullswing,3,12,,ミスフル
kasou genjitsu,3,12,,
kiba (anime),3,12,,牙-KIBA-
xiaolin showdown,3,12,,シャオリン・ショウダウン
menkui!,3,12,,
viper f50,3,12,,
to...,3,12,,
hininden gausu,3,12,,緋忍伝-呀宇種(ガウス)
school x school,3,12,,
nostradamus ni kiite miro,3,12,,
yami no matsuei,3,12,,
yuuwaku senjo 2,3,12,,
aka virtual,3,12,,
onikagura,3,12,,
gravitation,3,12,,グラビテーション
encyclopedia of living things,3,12,,めげないいきもの事典
kissx300,3,12,,KISS×300こんな世界
friends (game),3,12,,
nurse no obenkyou ouyouhen,3,12,,
mega man xtreme,3,12,,サイバーミッション
okitsune summer,3,12,,
tsujidou-san no virgin road,3,12,,
cafe junkie,3,12,,
velma (2023),3,12,,
men at work! 2,3,12,,
metalhead (ttrpg),3,12,,メタルヘッド
around the fur,3,12,,
deokure tamer no sonohigurashi,3,12,,出遅れテイマーのその日暮らし
mandrake girls 2,3,12,,
mr. showtime (vocaloid),3,12,,
drake & josh,3,12,,ドレイク&ジョシュ
alteil neo,3,12,,アルテイルneo
minnesota timberwolves,3,12,,ミネソタ・ティンバーウルブズ
waga himegimi ni eikan wo,3,12,,我が姫君に栄冠を
nouriueno cracker (zutomayo),3,12,,
ginga reppuu baxingar,3,12,,銀河烈風バクシンガー
shinwa sousei rpg amadeus,3,12,,神話創世RPGアマデウス
petit eva: evangelion@school,3,12,,ぷちえゔぁ〜EVANGELION@SCHOOL〜
dr. luigi (game),3,12,,ドクタールイージ&細菌撲滅
comitia 122,3,12,,コミティア122
blessing (vocaloid),3,12,,
colgen kowa,3,12,,コルゲンコーワ
yakunara mug cup mo,3,12,,やくならマグカップも
bakumatsu rock,3,12,,幕末Rock
bullet girls phantasia,3,12,,
soma bringer,3,12,,ソーマブリンガー
bust a move,3,12,,バストアムーブ
hochiya-san wa amariaru,3,12,,保知矢さんはあまりある
m-1 grand prix,3,12,,M-1グランプリ
wario land ii,3,12,,ワリオランド2
flight airplanes,3,12,,ふらいとエアプレインズ
seifuku shoujo miseifuku,3,12,,制服少女未征服
kangoku senkan 3,3,12,,
satanophany,3,12,,
mega miracle force,3,12,,
azuki-chan,3,12,,あずきちゃん
naruto online,3,12,,
dawn of the breakers,3,12,,
v-j day in times square,3,12,,
halozy,3,12,,
inspiration,3,12,,
keyboardmania,3,12,,
streets of rage 3,3,12,bare knuckle iii,
thunderbirds (series),3,12,,サンダーバード
gaia master,3,12,,ガイアマスター
ama mane,3,12,,
otome ga musubu tsukiyo no kirameki,3,12,,乙女が結ぶ月夜の煌めき
vtubandfest,3,12,,
marumaru shikaji ka,3,12,,まるまるしかじか
dungeon & valkyrie,3,12,,ダンジョン&バルキリー
dmm scratch,3,12,,DMMスクラッチ
tensei kunitori sex gassen!!,3,12,,
kingdom saga,3,12,,
anniverse,3,12,,
the second coming of avarice,3,12,,
zutto mae kara joshi deshita,3,12,,
falara-unveiled,3,12,,
yoku-oni,3,12,,欲鬼
kanojo wa ecchi de midara na hentai,3,12,,彼女はエッチで淫らなヘンタイ
slave fantasy,3,12,,
pixiv hogwarts,3,12,,【ぴくホグ】
futari to ippiki no tabi,3,12,,
sengoku hime 7,3,12,,戦極姫7~戦雲つらぬく紅蓮の遺志~
takarasagashi no natsuyasumi,3,12,,
hitozuma kaji daikou service,3,12,,
maou to odore! code:arcana,3,12,,
z-kai: cross road,3,12,,クロスロード(アニメーション作品)
abstract nonsense (vocaloid),3,12,,アブストラクト・ナンセンス
shidenkai no maki,3,12,,紫電改のマキ
tokyo jitensha shoujo.,3,12,,東京自転車少女。
neppuu kairiku bushiroad,3,12,,
scramble fortune,3,12,,スクランブルフォーチュン
teikoku saikyou no kyonyuu onna kishi dan saimin seifuku,3,12,,巨乳女士官洗脳催眠
root harem!,3,12,,
tsukue otome.,3,12,,
karakuri douji ultimo,3,12,,機巧童子ULTIMO
wrestle fight girls,3,12,,
sankaku mado no sotogawa wa yoru,3,12,the night beyond the tricornered window,さんかく窓の外側は夜
grimoire no shisho,3,12,,
engage knights,3,12,,
demons code,3,12,,
walk on water,3,12,,
yukkuri-tachi no cthulhu no yobikoe,3,12,,ゆっくり達のクトゥルフの呼び声
mahotama: sukumizu hen,3,12,,
mahotama: buruma hen,3,12,,
bokura wa mahou shounen,3,12,,ボクらは魔法少年
saikoro psycho,3,12,,
atelier elkrone,3,12,,エルクローネのアトリエ
ama-chan,3,12,,あまちゃん
school boys!,3,12,,スクールボーイズ!
masshiroi page to suisai no shujinkou (idolmaster),3,11,,真っ白いページと水彩の主人公
reset all controllers,3,11,,
stellaverse production,3,11,,ステラバースプロダクション
soshite kimi wa tsuki ni natta (vocaloid),3,11,,そして君は月になった
jakusha no march (synthesizer v),3,11,,弱者のマーチ
scream (song),3,11,,
s.k sound,3,11,,
hypno (vocaloid),3,11,,
onii-chan migite no shiyou wo kinshi shimasu!,3,11,,
futago no koi wa minukenai,3,11,,双子の恋は見抜けない
kronk's new groove,3,11,,
paddington,3,11,,パディントン
high class,3,11,,
tokyo valkyries,3,11,,東京ワルキューレ
coquette (manga),3,11,,
sharpnelsound,3,11,,
saga switch,3,11,,サガスイッチ
diario magico (jago dibuja),3,11,,
hayaku nigenakya (vocaloid),3,11,,はやくにげなきゃ
fairy tail: ultimate dance of magic,3,11,,
psyvariar 2,3,11,,サイヴァリア2
daejeon autoarms,3,11,,
back street girls: gokudolls,3,11,,バックストリートガールズ
the adventures of hills,3,11,,ヒルズの冒険
final fight streetwise,3,11,,ファイナルファイトストリートワイズ
r.i.p+3,3,11,,りっぷす
metal slader glory,3,11,,メタルスレイダーグローリー
through patches of violet,3,11,,
the talos principle 1,3,11,,
atatakakunaru,3,11,,あたたかくなる
le mal aime (intermarche),3,11,,
loafi lofi,3,11,,
sukatto! trouble busters,3,11,,スカッと!トラブルバスターズ
fancy frontier 32,3,11,,
tarot after dark,3,11,,
everquest,3,11,,
fancy frontier 37,3,11,,
sora ni menjite (vocaloid),3,11,,空に免じて
chunithm star,3,11,,チュウニズムSTAR
ochaken,3,11,,お茶犬
batman (1966),3,11,,バットマン(テレビドラマ)
hytale,3,11,,
tropicana,3,11,,トロピカーナ
hatsukoi time,3,11,,初恋時間
ameagari no iris (idolmaster),3,11,,雨上がりのアイリス
hello (deco27),3,11,,デコミクLIVE
hoodwinked,3,11,,
oban star-racers,3,11,,オーバン・スターレーサーズ
nostalgia critic,3,11,,ノスタルジア・クリティック
my dear lass,3,11,,
vlife,3,11,,ブイライフ
bob the builder,3,11,,ボブとはたらくブーブーズ
sugar flavor (idolmaster),3,11,,
andy warhol,3,11,,アンディ・ウォーホル
god mazinger,3,11,,ゴッドマジンガー
aono-kun ni sawaritai kara shinitai,3,11,,青野くんに触りたいから死にたい
yasumi-chan,3,11,,やすみちゃんシリーズ
hello baby (enjelicious),3,11,,
twin quiet,3,11,,ツインクワイエット
the sandman (game),3,11,,
welch's,3,11,,
shin honkaku mahou shoujo risuka,3,11,,新本格魔法少女りすか
idoloid,3,11,,
dawn of the clans,3,11,,
string theocracy,3,11,,
wish (manga),3,11,,WISH(漫画)
ferngully: the last rainforest,3,11,,不思議の森の妖精たち
miresi: invisible future,3,11,,MIRESI:視えない未来
sukisugite metsu! (m!lk),3,11,,好きすぎて滅!
the fast and the furious: tokyo drift,3,11,fast & furious 3,ワイルド・スピードX3
koukou jidai ni gouman datta joou-sama to no dousei seikatsu wa igaito igokochi ga warukunai,3,11,,高校時代に傲慢だった女王様との同棲生活は意外と居心地が悪くない
kaiteki live,3,11,,
paranormasight: the mermaid's curse,3,11,,パラノマサイト_FILE38_伊勢人魚物語
mikake wa chou seiso na haraguro joshi ni moteasoberu hanashi,3,11,,見かけは超清楚な腹黒女子にもてあそばれる話
richard d. james album,3,11,,
hypnosis mic: rhyme anima,3,11,,ヒプアニ
wakacchainai ne (synthesizer v),3,11,,分かっちゃいないね
monochrome mobius,3,11,,
contra iii: the alien wars,3,11,contra iii the alien wars,魂斗羅スピリッツ
life is strange: before the storm,3,11,,
otomedia,3,11,,オトメディア
korekara dandan shiawase ni natte iku kowai onna joushi,3,11,,
egloos,3,11,,
white cat legend,3,11,da li si rizhi,大理寺日志
house (1977),3,11,,ハウス
senpai ninja to kouhai kunoichi,3,11,,先輩忍者と後輩くノ一
sonic the hedgehog the screen saver,3,11,sonic the screen saver,ソニック・ザ・ヘッジホッグ・ザ・スクリーンセーバー
kamiko (game),3,11,,神巫女
twix,3,11,,
enjou gakuen ~enjou joshi o shidou seyo!~,3,11,,艶嬢学園~【炎上女子】を指導せよ!~
dredd,3,11,,
tsuma no haha,3,11,,妻の母
weizhuang xuezha,3,11,,偽裝學渣
sayeonma,3,11,,S演M
dinosaur (game),3,11,,
bunbuku teapot,3,11,,
ii ko to youko (ace studio),3,11,,イイコと妖狐
silver link,3,11,,シルバーリンク
wild card (love live!),3,11,,
hamilton (musical),3,11,,ハミルトン
smile on rainbow flower!!,3,11,,村上隆
nine-tailed okitsune tale,3,11,,古今東西おきつね物
if the emperor had a text-to-speech device,3,11,,
inkya no boku ni batsu game de kokuhakushitekita hazu no gyaru ga dou mitemo boku ni betabore desu,3,11,,
the smiths,3,11,,
cupcakes (my little pony),3,11,,杯糕
she-ra: princess of power,3,11,she-ra princess of power,
san yue yu (vocaloid),3,11,,三月雨
monster (fighting game),3,11,,
hell screen,3,11,,
the secret of kells,3,11,,
banzai! digital trippers,3,11,,
step! (idolmaster),3,11,,ステップ!
edelweiss (overdrive),3,11,,
princess punt,3,11,,ケリ姫クエスト
souchou-sama dekiai chuu ni tsuki.,3,11,,総長さま、溺愛中につき。
11gatsu no arcadia,3,11,,11月のアルカディア
senno inori project,3,11,,
dokidoki vampire,3,11,,どきどきバンパイア
komeiji satori no jousou kyouiku,3,11,,古明地さとりの情操教育
over the wall,3,11,,
marine corps yumi,3,11,,まりんこゆみ
taishi (musician),3,11,,
sa ye,3,11,,撒野
mario party 1,3,11,,マリオパーティ(初代)
hyper yoyo accel,3,11,,ハイパーヨーヨーアクセル
metal max 2,3,11,,メタルマックス2
chupa shite ageru,3,11,,ちゅぱしてあげる
kishibe rohan ruuvuru e iku,3,11,,岸辺露伴ルーヴルへ行く
wizdoms no kemono-tachi,3,11,,ウィズダムズ
idol mahou shoujo chiruchiru michiru,3,11,,アイドル魔法少女ちるちる☆みちる
everywhere at the end of time,3,11,,
miyuki (series),3,11,,
3 second cooking,3,11,,3秒クッキング
toudou-kun chi no maid shota,3,11,,凍堂くんちのメイドショタ
koakuma kanojo,3,11,,小悪魔カノジョ
donkey kong country: tropical freeze,3,11,,ドンキーコングトロピカルフリーズ
pokecolo twin,3,11,,ポケコロツイン
dog sees god,3,11,,
itsuka furu yuki,3,11,,いつか降る雪
denkou choujin gridman: boys invent great hero,3,11,,
dark cloud (game),3,11,,ダーククラウド
yume+,3,11,,
kamen rider ryuki: episode final,3,11,,
kendrick lamar (copyright),3,11,,
mechatro wego,3,11,,
wandering sword,3,11,,逸剑风云决
milia wars,3,11,,
engage ~onee-sama to watashi~,3,11,,エンゲージ~お姉様と私~
winx club (reboot),3,11,,
abandoner the severed dreams,3,11,,
miminashi houichi,3,11,,耳なし芳一
showkinkubi angel,3,11,,賞金首angel
ish's state smp,3,11,,
death (band),3,11,,
ring of gundam,3,11,,リング・オブ・ガンダム
little kitty big city,3,11,,
kamisama ga machigaeru,3,11,,
isekai dungeon master onsen dungeon wo tsukuru,3,11,,異世界転生ダンジョンマスター_温泉ダンジョンを作る
kanchigai no atelier meister: eiyuu party no moto zatsuyougakari ga jitsu wa sentou igai ga sss rank datta to iu yoku aru hanashi,3,11,,勘違いの工房主
ashita no kyouko-san,3,11,,あしたの今日子さん
blade skill online,3,11,,ブレイドスキル・オンライン
ame-comi girls,3,11,,
onna kyoushi rinkan no kyoushitsu,3,11,,
strangers (vocaloid),3,11,,
enix,3,11,,
mizu chronicles,3,11,,水色战记:回响
nagoya grampus,3,11,,名古屋グランパス
kanpeki sugite kawaige ga nai to konyaku haki sareta seijo wa ringoku ni urareru,3,11,the too-perfect saint: tossed aside by my fiance and sold to another kingdom,完璧すぎて可愛げがないと婚約破棄された聖女は隣国に売られる
izure saikyou no renkinjutsushi?,3,11,,いずれ最強の錬金術師?
the legend of the condor heroes,3,11,she diao ying xiong zhuan,射鵰英雄伝
kunitsu-gami: path of the goddess,3,11,,くにつがみ
kameari shinkin bank,3,11,,
copycat (vocaloid),3,11,,
tokyo aliens,3,11,,東京エイリアンズ
enjou gakuen,3,11,,艶嬢学園
my house of horrors,3,11,,我有一座恐怖屋
greatest freakout ever,3,11,,
fancy frontier 38,3,11,,
ctrl+alt+resign,3,11,,
power rangers dino thunder,3,11,,パワーレンジャー・ダイノ・サンダー
kurai mori no circus (vocaloid),3,11,,暗い森のサーカス
mein kampf,3,11,,我が闘争
don't do it mako-chan! mako sexy symphony,3,11,,いけないマコちゃん_MAKO・セクシーシンフォニー前編
gacha club,3,11,,ガチャクラブ
champaign of unfinished dreams,3,11,,東方蒔夢原
kowareyasuki,3,11,,
silent hill: downpour,3,11,silent hill downpour,サイレントヒルダウンプア
battlefield v,3,11,,バトルフィールドV
sanagi no heart,3,11,,サナギの心臓
seibu keisatsu,3,11,,西部警察
barbie: princess charm school,3,11,barbie princess charm school,バービーのプリンセスの学園
comitia 108,3,11,,コミティア108
top cat (series),3,11,,ドラ猫大将
scapegoat (love live!),3,11,,
omaera hayaku kekkon shiro yo!,3,11,,お前ら早く結婚しろよっ!
saikin kono sekai wa watashi dake no mono ni narimashita,3,11,,
ancient aliens,3,11,,
love me do,3,11,,
x-men: children of the atom,3,11,,エックス・メンチルドレンオブジアトム
blocker gundan 4 machine blaster,3,11,,ブロッカー軍団IVマシーンブラスター
haruka tooki ie,3,11,,遥か遠き家
takara live,3,11,,
mamotte! lollipop,3,11,,まもって!ロリポップ
chou no yume,3,11,,
inanimate insanity,3,11,,
n.w.a,3,11,,エヌ・ダブリュ・エー
robihachi,3,11,,ロビハチ
ultraman tiga & ultraman dyna: hikari no hoshi no senshi-tachi,3,11,,光の星の戦士たち
flip flop ~innocence overclock~,3,11,,
earth music & ecology,3,11,,
hitozuma saimin conveni nikubenki kouhen,3,11,,
whataburger,3,11,,
tsuyokiss: cool x sweet,3,11,,つよきすCool×Sweet
the shadow over innsmouth,3,11,,インスマウスの影
republic of gamers,3,11,,
akyuu's untouched score,3,11,,
umbraclaw,3,11,,九魂の久遠
ponkotsu kawaii mamiya-san,3,11,,ぽんこつかわいい間宮さん
doo natten yo? (synthesizer v),3,11,donut end (synthesizer v),どーなってんの?
jag-eobsil talchul! acha ctrl s!!,3,11,,"だっしゅつ!_オット,_CTRL_S!!"
mahou shoujo no karei naru yosei,3,11,,魔法少女のカレイなる余生
comitia 146,3,11,,コミティア146
reantlers,3,11,,
ishoujo,3,11,,i・ショウジョ
hina no mama ja dame desu ka?,3,11,,
tetrodotoxin (utau),3,11,,テトロドトキシン
freedom (ado),3,11,,
water margin,3,11,"outlaws of the marsh,shui hu zhuan",水滸伝
shikiyoku musou,3,11,,色欲無双
viper btr,3,11,,魔法の賭博師トトカル☆チョミ
princess knight balzan,3,11,,バルザンの姫騎士
kare to watashi to tenchou no shinya kinmu,3,11,,彼とわたしと店長の深夜勤務
alien 3,3,11,,
pretty fundoshi akuma len (vocaloid),3,11,,
rem (love live!),3,11,,レム
heat guy j,3,11,,ヒートガイジェイ
requiem (mozart),3,11,,
shinzou ningen casshern,3,11,neo-human casshern,新造人間キャシャーン
tai ari deshita. ~ojou-sama wa kakutou game nante shinai~,3,11,young ladies don't play fighting games,対ありでした。
toy story 3,3,11,,トイ・ストーリー3
wuwei you chu you hai wu,3,11,,无为有处有还无
somali to mori no kami-sama,3,11,somali and the forest spirit,ソマリと森の神様
cool poko,3,11,,クールポコ。
mushroom mother (vocaloid),3,11,,マッシュルームマザー
i-live,3,11,,
this guy (suyohara),3,11,,
memri tv,3,11,,
pokemon the movie: genesect and the legend awakened,3,11,pokemon m16,神速のゲノセクトミュウツー覚醒
ha? omae honto maji omae wakattenee wa maji de ittan toriaezu kike tte maji (utau),3,11,,は?お前ほんとマジお前分かってねえわマジで一旦とりあえず聞けってマジ
boku to kanojo (joi) no shinsatsu nisshi,3,11,,
the lighthouse,3,11,,ライトハウス
affection addiction (synthesizer v),3,11,,
shrek 5,3,11,,
m meets girl,3,11,,
ben & jerry's,3,11,,
blaze and blade,3,11,,
kimi no katana ga oreru made,3,11,,君の刀が折れるまで
sister lesson,3,11,,シスターレッスン
sayonara princess (vocaloid),3,11,,
mairieux (vocaloid),3,11,,メリュー
narcos,3,11,,ナルコス
at the mountains of madness,3,11,,狂気の山脈にて
taidada (zutomayo),3,11,,
elric of melnibone (series),3,11,,
pocket no monster (vocaloid),3,11,,ポケットのモンスター
kamen rider zero-one: real time,3,11,,
plateau no hana (vocaloid),3,11,,プラトーの花
5201314 (love live!),3,11,,
the nerv white paper,3,11,,新世紀エヴァンゲリオンRPG_NERV白書
abzu,3,11,,
yukue shirezu (ado),3,11,,行方知れず
reincarnation of the suicidal battle god,3,11,,鬪神轉生記
shuuten no saki ga aru to suru naraba (tuyu),3,11,,終点の先が在るとするならば。
watashi no blue garnet,3,11,,私のブルーガーネット
thor: love and thunder,3,11,,ソー:ラブ&サンダー
urahara (anime),3,11,,
my little pony (g1),3,11,,
tokyo jihen,3,11,,東京事変
midara ni aegu nananin no yobai suru harame,3,11,,淫らに喘ぐ七人の夜這いする孕女
sakura ganbaru!,3,11,,
baishe: yuanqi,3,11,white snake (2019 movie),白蛇:缘起
komorebi no kuni,3,11,,
perrine monogatari,3,11,,ペリーヌ物語
gentoo,3,11,,
popucom,3,11,,泡姆泡姆
sonic free riders,3,11,,ソニックフリーライダーズ
sonic rivals 2,3,11,,
shinkaigyo no anko-san,3,11,,深海魚のアンコさん
soul'd out,3,11,,
super castlevania iv,3,11,,悪魔城ドラキュラ
surechigai meikyuu,3,11,,すれちがい迷宮
domu (manga),3,11,,童夢
hitoyori xx,3,11,,ひとより××
sing & smile!! (love live!),3,11,,
full volume,3,11,,
scott pilgrim vs the world (game),3,11,,
houkago soine club,3,11,,放課後添い寝クラブ~ダブルJKかずはと和歌のおっぱい枕でシコシコお休み~
baraou no souretsu,3,11,,薔薇王の葬列
samurai maiden,3,11,,サムライメイデン
ultimate senpai (vocaloid),3,11,,アルティメットセンパイ
lemon demon,3,11,,
violence jack,3,11,,バイオレンスジャック
ashita hadashi de koi,3,11,,あした、裸足でこい。
jk elf no isekai ninkatsu,3,11,,JKエルフの異世界妊活
deeeer simulator,3,11,,ごく普通の鹿のゲーム
little women,3,11,,若草物語
cynicality (voiceroid),3,11,,シニカリティ
comic reboot,3,11,,コッミクリブート
omajinai (synthesizer v),3,11,,お呪い
samurai usagi,3,11,,サムライうさぎ
clearlemel,3,11,,
crest (music circle),3,11,,
roman mythology,3,11,,ローマ神話
toaru ikka no tea party (vocaloid),3,11,,とある一家の御茶会議
nakigara no tori,3,11,,啼骸の鳥
dynamic chord,3,11,,
vegetable garden of twins,3,11,,
ai kiss 2,3,11,,アイキス2
power rangers in space,3,11,,パワーレンジャー・イン・スペース
devil may cry 2 (novel),3,11,,
park harajuku: crisis team!,3,11,,
onii-chan daisuki!,3,11,,お兄ちゃん大好き!
magical angel fairy heart,3,11,,
fighting girl sakura-r,3,11,,
noatopia ~kibou no monogatari~,3,11,,ノアトピア~希望の物語~
space funeral,3,11,,
natsuiro ramune,3,11,,
eieisa (love live!),3,11,,エイエ戦サー
something is killing the children,3,11,,
forrest gump,3,11,,フォレスト・ガンプ
tetsuwan atom (1980),3,11,,
koi koi 7,3,11,,こいこい7
ginga rekkyuu yatai tobiuchi,3,11,,銀河烈急屋台トビウチ!!
shin-kun no fuuzoku oshigoto nikki,3,11,,信くんの風俗お仕事日記
midnight club (game series),3,11,,
nidoto jidori okutte yannai,3,11,,二度と自撮り送ってやんない!
shihai no kyoudan 2,3,11,,
everyday by day,3,11,,
nailong,3,11,,奶龙
torikago no marriage,3,11,,
yuuutsu-kun to succubus-san,3,11,,憂鬱くんとサキュバスさん
qvc,3,11,,
kita e. diamond dust drops,3,11,,
highfleet,3,11,,
kuusou ressha (vocaloid),3,11,,空奏列車
team fortress classic,3,11,,チームフォートレスクラシック
fukushuu kyoushitsu,3,11,,
tricolore airline (vocaloid),3,11,,
yukino memories,3,11,,
bitch na ano musume ni seikatsu shidou!,3,11,,
14-sai to illustrator,3,11,,14歳とイラストレーター
ne no kami,3,11,,
rinjin ni kowasareteiku ore no tsuma,3,11,,
circle crusher no ano ko boku ga kidoku through kimetara donna kao suru darou,3,11,,サークルクラッシャーのあの娘、ぼくが既読スルー決めたらどんな顔するだろう
kaze no anthem (eve),3,11,,風のアンセム
yuusei tenshi primaveil drei,3,11,,
kenka banchou otome,3,11,,喧嘩番長乙女
akiba's trip 1,3,11,,
brave dungeon,3,11,,ブレイブダンジョン
will o' wisp (game),3,11,,ウィル・オ・ウィスプ(ゲーム)
koku gensou wo item cheat de ikinuku,3,11,,酷幻想をアイテムチートで生き抜く
mars attacks!,3,11,,マーズ・アタック
himajin maou no sugata de isekai e,3,11,,暇人、魔王の姿で異世界へ
boku no daisuki na oba-san,3,11,,
jyp entertainment,3,11,,
mario sports superstars,3,11,,マリオスポーツスーパースターズ
peassoft,3,11,,
futari wa milky holmes,3,11,,ふたりはミルキィホームズ
kouklotheatro,3,11,,ククロセアトロ
karneval,3,11,,
sister scheme 3,3,11,,
uncharted 3,3,11,,
war of ashird,3,11,,
the guts! -maximum maternity-,3,11,,
scarlet blade,3,11,,
hinamizawa teiryuujo,3,11,,雛見沢停留所
mimi (orbit),3,11,,
natsu no kemono (manga),3,11,,
macademix,3,11,,まかでみックス
yume wo,3,11,,
voice fes 2012,3,11,,
handmade potion,3,11,,
furyou ni hamerarete jusei suru kyonyuu okaa-san,3,11,,不良にハメられて受精する巨乳お母さん_~イキ地獄に堕ちた家族のゲーム~
tentacle bento,3,11,,
ginga shippuu sasuraiger,3,11,,銀河疾風サスライガー
miscellaneous oxymoron,3,11,,東方矛盾葎
ragna cross,3,11,,
chouriki robo galatt,3,11,,超力ロボガラット
doraemon: nobita no makai daibouken,3,11,doraemon: nobita's great adventure into the underworld,ドラえもん:のび太の魔界大冒険
juken no hime no overkill,3,11,,
abarenbo shogun,3,11,,暴れん坊将軍
oretachi majikou destroy,3,11,,俺たちマジ校デストロイ
ijitte princess,3,11,,
hitonatsu no,3,11,,
summer radish vacation,3,11,,Summerラディッシュ・バケーション!!
suzumiya keimu shoukan,3,11,,
ouka sengoku,3,11,,
out of eden (vocaloid),3,11,,
alivez,3,11,,
enkaku sousa ~mitsuniku ni umekomareta remocon vibe~,3,11,,遠隔操作~蜜肉に埋めこまれたリモコンバイブ~
mai favourite,3,11,,
densan rengou kantai teitoku ouka,3,11,,電算連合艦隊提督「桜花」
sakuranbo kaigan,3,11,,さくらんぼ海岸
2002 fifa world cup,3,11,,2002FIFAワールドカップ
yumeiro happy end,3,11,,
tonari no figure genkeishi,3,11,,となりのフィギュア原型師
branmarker,3,11,,ブランマーカー
memory's dogma,3,11,,
tenkei paradox,3,11,,天啓パラドクス
memento marchen,3,11,,メメント・メルヘン
end of the line (unspoken),3,11,,
mujihina akuyaku kizoku ni tensei shita boku wa shouaku mahou wo kushi shite mahou sekai no chouten ni tatsu,3,11,,無慈悲な悪役貴族に転生した僕は掌握魔法を駆使して魔法世界の頂点に立つ
adult swim,3,11,,アダルトスイム
chaos blade (oratta),3,11,,ケイオスブレイド
haikei natsu ni oboreru (vocaloid),3,11,,背景、夏に溺れる
koikeya (company),3,11,,湖池屋
the proud family,3,11,,
inuyashiki,3,11,,いぬやしき
kare wa meikyuu no annainin,3,11,,彼は迷宮の案内人
neon genesis evangelion typing project-e,3,11,,新世紀エヴァンゲリオン_タイピング-E計画
pretear,3,11,,新白雪姫伝説プリーティア
raystorm,3,11,,レイストーム
ediya coffee,3,11,,
machikado-mapoze,3,11,,街角麻婆豆
q bert,3,11,,Qバート
junior high school dxd,3,11,,ジュニアハイスクールD×D
utau bot (utau),3,11,,歌うbot
kokuhaku black rubbers,3,11,,
choukyourankou,3,11,,
ookumo-chan flashback,3,11,,大蜘蛛ちゃんフラッシュ・バック
metropolis (fritz lang),3,11,,メトロポリス(1927年の映画)
mario superstar baseball,3,11,,スーパーマリオスタジアムミラクルベースボール
the 7d,3,11,,
kami kuzu idol,3,11,,神クズ☆アイドル
gekiganger 3,3,11,,ゲキ・ガンガー3
koko wa shinrin kaitaku honbu! ~yousei no genkai shuuraku~,3,11,,ここは、森林開拓本部!~妖精の限界集落~
arma 3,3,11,,
sakura taisen: kanade-gumi,3,11,,サクラ大戦奏組
beyond evil,3,11,,
duracell,3,11,,
against the gods,3,11,,逆天邪神
infinity souls,3,11,,
pixiv mein schatzli!,3,11,,
tokyo 24-ku,3,11,tokyo 24th ward,東京24区(アニメ)
epic games,3,11,,
black channel,3,11,,ブラックチャンネル
lost noah,3,11,,
pure project,3,11,,ぷれプロジェクト
mewkledreamy mix!,3,11,,ミュークルドリーミーみっくす!
sms fantasy,3,11,,
lady justice (series),3,11,,
cyan brain,3,11,,
kuma uta,3,11,,
the wandering inn,3,11,,
tantei monogatari,3,11,,探偵物語
clarence,3,11,,ぼくはクラレンス!
mugen kouro,3,11,infinite space,無限航路
asgard no seiten,3,11,,アスガルズの聖典
alice drive,3,11,,アリスドライブ
senpai jitaku keibiin no koyou wa ikaga desu ka,3,11,,センパイ、自宅警備員の雇用はいかがですか?
obsolete,3,11,,
magan and danai,3,11,,
sakura santa,3,11,,
wine girls,3,11,,ワインガールズ
eratoho,3,11,,
kirby: nightmare in dream land,3,11,,星のカービィ夢の泉デラックス
maggot baits,3,11,,マゴットベイツ
steinway & sons,3,11,,
idle heroes,3,11,,アイヒロイラコン
ten little indians,3,11,,
rustfiends,3,11,,
dokuritsu gakuen kokka no heroic slayer,3,11,,独立学園国家の召喚術科生
rawtime,3,11,,
dai seisen! valkyrie saga,3,11,,大聖戦!ヴァルキリーサーガ
kyoto teramachi sanjo no holmes,3,11,holmes of kyoto,京都寺町三条のホームズ
angelegna dod alternative ~fuuin gakuen~,3,11,,エンジェレグナDODALTERNATIVE~封印学園~
first touch,3,11,,
kyonyuu elf oyako saimin,3,11,,
kagura kenbu no aerial,3,11,,
kimi ijou boku miman (vocaloid),3,11,,キミ以上、ボク未満。
oomune maou-sama no hon,3,11,,
tokubetsu kougi,3,11,,
iconic field,3,11,,偶像戦域
sonic wings,3,11,,ソニックウィングス
gotou-san to kishida-san,3,11,,後藤さんと岸田さん
interstys: battle frontier,3,11,,
heartful maman,3,11,,は~とふるママン
kokoyori haruka -surrounded sea in the world-,3,11,,
d-kyuu boukensha no ore nazeka yuusha party ni kanyuu sareta ageku oujo ni tsukimatowareteru,3,11,,D級冒険者の俺、なぜか勇者パーティーに勧誘されたあげく、王女につきまとわれてる
moeru! vampire jiten,3,11,,
chirality,3,11,,
natsuiro otome,3,11,,夏色乙女_俺と従姉妹と爛れた性交に耽った夏の思い出
comic bazooka,3,11,,
otome ga tsumugu koi no canvas,3,11,,
orfleurs,3,11,,
boku to kanojo no game sensou,3,11,,僕と彼女のゲーム戦争
fetish 2: ura no kioku,3,11,,
gakuen shinsengumi,3,11,,学園☆新選組!〜乙女ゴコロと局中法度〜
false idylls,3,11,,
yutori-chan,3,11,,ゆとりちゃん
sundome,3,11,,すんドめ
mama wa shougaku yonensei,3,11,,ママは小学4年生
bitter smile,3,11,,
sate game guard o kouryaku shiyou ka.,3,11,,"さて,異世界を攻略しようか"
harahara shichau!,3,11,,
b't x,3,11,,ビートX
natsuiro ~hoshifuru kohan no natsuyasumi~,3,11,,
champion red ichigo,3,11,,
doki doki sister paradise,3,11,,ドキドキしすたぁパラダイス
without within,3,11,,
crystal dew world,3,11,,
bifronte,3,11,,
star melody yumemi dreamer,3,11,,
monster hunter g,3,11,,モンスターハンターG
tsukumonotsuki,3,11,,
double k,3,11,,
momiji to one room,3,11,,紅葉とワンルーム
piece a part,3,11,,ピースアパート
youkya na kanojo ha kyorikan ga bugtteiru,3,11,,距離バグ
ghost recon,3,11,,ゴーストリコン
petit monster,3,11,,
d4 princess,3,11,,D4プリンセス
aun no beats (vocaloid),3,11,,阿吽のビーツ
shabake,3,11,,しゃばけ
darling,3,11,,
sakuraba channel,3,11,,桜庭高校放送部SAKURABA
real eroge situation!,3,11,,
elf wa yoru wo omachikane,3,11,,四姉妹は夜をおまちかね
mario & wario,3,11,,マリオとワリオ
id rebirth session,3,11,,
joutai ijou kanojo (vocaloid),3,11,status effect: girlfriend (vocaloid),状態異常彼女
bingo (game),3,11,,ビンゴ
wanderer above the sea of fog,3,11,,
backstage (tjr),3,11,,
panzer paladin,3,11,,パンツァーパラディン
heart ni q (love live!),3,11,,
thrasher magazine,3,11,,スラッシャー
otome (riddle soft),3,11,,
argento soma,3,11,,アルジェントソーマ
shigatsu tsuitachi no ame,3,11,,四月一日の雨
shadow effect (love live!),3,11,,
gemtrader story,3,11,,宝石研物语
mayhem (band),3,11,,メイヘム
gogo 4-ji toumei tokidoki seiyuu,3,11,,午後4時。透明、ときどき声優
lost and found (vocaloid),3,11,,ロストエンファウンド
teaka mamire no fukushuu,3,11,,手垢塗れの復讐
clan entertainment,3,11,,
e-login,3,11,,
houston astros,3,11,,ヒューストン・アストロズ
perfect sekai,3,11,,
pocket love,3,11,,ポケット・ラブ
r.u.r.u.r,3,11,,
mahou shoujo pretty bell,3,11,,魔法少女プリティ☆ベル
tetsu to ra,3,11,,鉄と裸
sexy airlines,3,11,,
rise of girls,3,11,,ラファームの少女
gakuen millionaire hyakuman'en game,3,11,,学園ミリオネア_100万円ゲーム
skylessia,3,11,,
infection,3,11,,
dulce report,3,11,,
shiritsu akihabara gakuen,3,11,,
hokuto musou,3,11,,北斗無双
just a game (vocaloid),3,11,,
engage links,3,11,,エンゲージリンクス
kitsune: the journey of adashino,3,11,,
se-fukubu,3,11,,せーふく部
lily's journey,3,11,,
saga: scarlet grace,3,11,,サガスカ
virgin punk,3,11,,ヴァージン・パンク
my fair lady,3,11,,
ikemen ooku,3,11,,イケメン大奥
enter the dragon,3,11,,燃えよドラゴン
sasami mahou shoujo club,3,11,,砂沙美☆魔法少女クラブ
mashou no nie,3,11,,魔将の贄
yoru no umi de otsukisama wo tsuru,3,11,,夜の海でお月様を釣る
quadrop!,3,11,,
gun frontier (western),3,11,,ガンフロンティア
taiyou no orgel,3,11,,太陽のオルゴオル
shoujo jigoku no doku musume,3,11,,少女地獄のドクムス〆
gunhed,3,11,,ガンヘッド
chrono (series),3,11,,
revelation online,3,11,,天谕
hakobako player (vocaloid),3,11,,
koiito kinenbi,3,11,,恋糸記念日
phoenotopia: awakening,3,11,,フェノトピア
the bends (radiohead),3,11,,
princess knight noah,3,11,,
content warning (game),3,11,,コンテンツワーニング
egoist (vocaloid),3,11,,
world end eclipse,3,11,,ワールドエンドエクリプス
cavico models,3,11,,キャビコ
star citizen,3,11,,
shing!,3,11,,
nipponbashi project,3,11,,
ryoute ni imouto docchi wo erande kuremasuka,3,11,,両手に妹。どっちを選んでくれますか?
seventh star,3,11,,
refind self: the personality test game,3,11,,
chouseishin series,3,11,,超星神シリーズ
mado no mukougawa,3,11,,マドの向こう側
harumi nation,3,11,,はるみねーしょん
alteil battle rpg,3,11,,
efs,3,11,,
hikyou sentai urotander (vocaloid),3,11,,卑怯戦隊うろたんだー
hello nostradamus (vocaloid),3,11,,
maid bride,3,11,,
glare (vocaloid),3,11,,
petit hound,3,11,,ぷちはうんど
tsunagaru bangle,3,11,,
f(x),3,11,,
annyeong we are peanuts,3,11,,
botepuri kanda family,3,11,,
elisabeth (musical),3,11,,
ka no sora,3,11,,
wuu ji saanguo,3,11,,
super robot gakuen,3,11,,スパロボ学園
iczer reborn,3,11,,
wixoss re/verse,3,11,,
gundam ms generation,3,11,,機動戦士ガンダムMSジェネレーション
sengoku shura soul,3,11,,戦国修羅SOUL
gundam high streamer,3,11,,ハイ・ストリーマー
zhe tian,3,11,,遮天
burning rangers,3,11,,バーニングレンジャー
sakimidare,3,11,,
morita-san wa mukuchi,3,11,,森田さんは無口
tenpou ibun ayakashi ayashi,3,11,ghost slayers ayashi,天保異聞妖奇士
private emotion,3,11,,プライベートエモーション
comic mujin,3,11,,コミックMUJIN
spyro reignited trilogy,3,11,,
crescendo,3,11,,
hime dorei,3,11,,
hoshigami,3,11,,
datsui mahjong battle royal 48,3,11,,
mama love,3,11,,
sailor-fuku to kikanjuu,3,11,,
concerto note,3,11,,
yami no koe,3,11,,
oliver & company,3,11,,
forsaken world,3,11,,
monochrome (game),3,11,,
ikusa otome suvia,3,11,,戦乙女スヴィア
ai no katachi,3,11,,
maids in dream,3,11,,
dc inside,3,11,,
kuro (manga),3,11,,黒
sweet dreams,3,11,,
kazoku koukan,3,11,,
honto ni atta! reibai-sensei,3,11,,
apocripha/0,3,11,,
igpx,3,11,,
doki doki study,3,11,,
natsu shoujo,3,11,,
ghost hunt,3,11,,ゴーストハント
yuuhi romance,3,11,,
sayorana etranger,3,11,,さよらなエトランジュ
atelier lilie another story,3,11,,
akan mou muchakucha ni shite,3,11,,
earth girl arjuna,3,11,,地球少女アルジュナ
kamatte shinsotsu-chan ga maikai sasotte kuru,3,11,,かまって新卒ちゃんが毎回誘ってくる
saotome shimai wa manga no tame nara,3,11,,早乙女姉妹は漫画のためなら!?
tekkon kinkreet,3,11,,
pigeon blood,3,11,,
s na kanojo,3,11,,
luna sora,3,11,,ルナそら
heavenly sword,3,11,,ヘブンリーソード
psycho armor govarian,3,11,,サイコアーマーゴーバリアン
peter pan no bouken,3,11,,ピーターパンの冒険
elle to takara,3,11,,
atomic betty,3,11,,アトミック・ベティ
starduster (vocaloid),3,11,,
goldeneye 007,3,11,,ゴールデンアイ007
zettai zecchou seiki no dai-hatsumei!!,3,11,,
zanjibaru,3,11,,斬死刃留
steel battalion,3,11,,鉄騎
sevens story,3,11,,セブンズストーリー
tepco,3,11,,東京電力
parties are for losers,3,11,,
agarishou (synthesizer v),3,11,,アガリ症
foo fighters (band),3,11,,
sweet paprika (series),3,11,,
amae sasete hinamori-san!,3,11,,甘えさせて雛森さん!
gnu,3,11,,
gex (series),3,11,,
gwave,3,11,,
the academy awards,3,11,the oscars,アカデミー賞
chijoku no seifuku,3,11,,
isekai frontline,3,11,,
the anime (magazine),3,11,,ジ・アニメ
koku haku lovers,3,11,,
sensitive pornograph,3,11,,センシティブ・ポルノグラフ
kyonyuu seido kaichou chijoku no hakudaku kuro tights,3,11,,
gekkou kamen (series),3,11,,月光仮面
tomodachi ijou koibito miman,3,11,,
senkou no ronde duo,3,11,,旋光の輪舞DUO
tetsujin 28-gou (2004),3,11,,鉄人28号(2004年版アニメ)
shouhou shoujo fairy era,3,11,,聖法少女フェアリエラ
saimin datsujo 3,3,11,,
luxurious club: seraphinite affection,3,11,,
neo steam,3,11,,
assassin's creed: rogue,3,11,,アサシンクリードローグ
sakura no mori dreamers,3,11,,サクラノモリ†ドリーマーズ
hai wa hai ni (vocaloid),3,11,,ハイハハイニ
yanari no koibito,3,11,,鳴家の恋人
harmony gold,3,11,,ハーモニーゴールド
riajuu classmate haramase saimin,3,11,,リア充クラスメイト孕ませ催眠
pictlogica final fantasy,3,11,,ピクトロジカファイナルファンタジー
sensei wa koi wo oshierarenai,3,11,,先生は恋を教えられない
yu-gi-oh! card game the chronicles,3,11,yu-gi-oh! card game chronicles,
metal gear solid: portable ops,3,11,metal gear solid portable ops,
edge of tomorrow,3,11,,オール・ユー・ニード・イズ・キル(映画)
pyuu to fuku! jaguar: ashita no jump,3,11,,ピューと吹く!ジャガー_明日のジャンプ
cyberpunk bad girls,3,11,,
hime to in'yoku no testament,3,11,,
power rangers turbo,3,11,,パワーレンジャー・ターボ
melty moment,3,11,,メルティモーメント
doko yori mo tooi basho ni iru kimi e,3,11,to you in the beyond,どこよりも遠い場所にいる君へ
dragon knight (elf),3,11,,ドラゴンナイト
kaihou shoujo,3,11,liberation maiden,解放少女
evening starter,3,11,,
boku no kanojo ga majimesugiru shojo bitch na ken,3,11,,僕の彼女がマジメ過ぎる処女ビッチな件
zakoeshi-chan nikki,3,11,,ザコ絵師ちゃん日記
nazeka gakkou ichi no bishoujo ga yasumi jikan no tabi ni botchi no ore ni hanashikakete kurunda ga,3,11,,何故か学校一の美少女が休み時間の度に、ぼっちの俺に話しかけてくるんだが?
girls planet 999,3,11,,ガールズプラネット999
the big lebowski,3,11,,ビッグ・リボウスキ
the rescuers,3,11,,
no da (vocaloid),3,11,,のだ
spotted flower,3,11,,SpottedFlower~2人的幸福生活~
revice legacy: kamen rider vail,3,11,,リバイスレガシー
cutlery (vocaloid),3,11,,カトラリー
pokapoka no hoshi (vocaloid),3,11,,ぽかぽかの星
murakumo: renegade mech pursuit,3,11,,
eigou no venus gear,3,11,,永劫のヴィーナスギア
panic!! kerokero kingdom,3,11,,ぱにっく!!_けろけろ王国
tales of erin,3,11,,サファイア・スフィア
jk futago no irojikake,3,11,,
sugar apple fairy tale,3,11,,シュガーアップル・フェアリーテイル
babel (idolmaster),3,11,,バベル
nerds (candy),3,11,,
5th republic (2005 korean drama),3,11,,第5共和国
hime to aiyoku no sacrifice,3,11,,
uragirareta s-rank boukensha no ore wa aisuru dorei no kanojora to tomo ni dorei dake no harem guild wo tsukuru,3,11,,裏切られたSランク冒険者の俺は、愛する奴隷の彼女らと共に奴隷だけのハーレムギルドを作る
loca love,3,11,,
echo of soul,3,11,,
rebless,3,11,,
choujigen action neptune u,3,11,hyperdimension neptunia u: action unleashed,超次元アクションネプテューヌU
demon busters,3,11,,デーモンバスターズ〜えっちなえっちなデーモン退治〜
angel rock:feel girls emotion,3,11,,
chrono brigade,3,11,,クロノブリゲード
maximum ride,3,11,,
kokuhaku biyori desu!,3,11,,告白日和、です!
daraku royal seishoujo,3,11,,
fancy frontier,3,11,,開拓動漫祭
gigai no alruna,3,11,,偽骸のアルルーナ
yamizome revenger,3,11,,
trans america ultra quiz,3,11,,アメリカ横断ウルトラクイズ
the man in the high castle,3,11,,高い城の男
magatsu wahrheit,3,11,,禍つヴァールハイト
million yaanyi,3,11,,ミリオン演義
unlimited vs,3,11,,アンリミテッドヴァーサス
chichiiro toiki,3,11,,
crimson girls,3,11,,
vr eroge yattetara isekai ni tensei shita no de bishoujo maou wo doreika suru ~cross out saber~,3,11,,
aru hi otouto ga nozokimita no wa furyou-tachi ni konsui rape sareru daisuki datta ane no sugata datta,3,11,,
shin nozoki ma 2,3,11,,
comic plum dx,3,11,,
chicago cubs,3,11,,シカゴ・カブス
saimin counselor,3,11,,
candy & cigarettes,3,11,,キャンディ&シガレッツ
shotamane boku ga manager ni natta wake,3,11,,
overhit,3,11,,オーバーヒット
momoiro seiheki kaihou sengen!,3,11,,
miira no kaikata,3,11,how to keep a mummy,ミイラの飼い方
hanayome to maou,3,11,,
lovely pop mahjong jangjang shimasho,3,11,,雀々しましょ
magical girl noir quest,3,11,,
migi to dali,3,11,,ミギとダリ
haunted campus,3,11,,ホーンテッド・キャンパス
milizian!,3,11,,
wuchang: fallen feathers,3,11,,
demon master chris,3,11,,
jokei kazoku iii,3,11,,
natsukumo yururu,3,11,,
the dunwich horror,3,11,,ダンウィッチの怪
pixiv automata,3,11,,
kirakira production,3,11,,キラキラプロダクション
shin ken to mahou to gakuen mono: toki no gakuen,3,11,,
af bunko,3,11,,AF文庫
let's la go! bokura no jiyuu kenkyuu,3,11,,
ikkakujuu no teiseki,3,11,,
monster hunter portable,3,11,,モンスターハンターポータブル
saboten store,3,11,,
hawken,3,11,,
succubus academia,3,10,,
equestria girls: legend of everfree,3,10,,
iris the dropout witch and the philosopher's stone,3,10,,
mermay 2025,3,10,,
melanie martinez (musician),3,10,,
majo ni kubiwa wa tsukerarenai,3,10,,魔女に首輪は付けられない
das kapital,3,10,,資本論
are maids love?,3,10,,
fuemaki story,3,10,,笛巻物語
evolution smp,3,10,,
just roll with it: riptide,3,10,,
youkai tengoku reikai meiro book,3,10,,妖怪天国霊界めいろブック
ayame-mura kitan,3,10,,文目村奇譚
avengers: doomsday,3,10,,アベンジャーズ/ドゥームズデイ
sangoku drive,3,10,,三国ドライブ
rokudenashi (band),3,10,,
kaidan shin mimibukuro,3,10,tales of terror from tokyo and all over japan,怪談新耳袋
xuan-yuan sword iii gaiden: the scar of sky,3,10,,天之痕
gekitou! crush gear turbo,3,10,,激闘!クラッシュギアTURBO
rironbusou shite (idolmaster),3,10,,理論武装して
mugen live,3,10,,
voez,3,10,,
yachiru-san wa homeru to nobiru,3,10,,やちるさんはほめるとのびる
the nutshack,3,10,,
aepro corp,3,10,,
asobi no kankei,3,10,,
lifelover (band),3,10,,
becoming a magic school mage,3,10,,
shippaisaku shoujo (vocaloid),3,10,,失敗作少女
himatsubushi-hen,3,10,,暇潰し編
la trahison des images,3,10,"the treachery of images,this is not a pipe",
godzilla minus zero,3,10,,ゴジラ-0.0
nihil-san (vocaloid),3,10,,
udonge in interspecies cave,3,10,,
avata star sue,3,10,,
jiggie.fun,3,10,,
irotoridori no hikari,3,10,,いろとりどりのヒカリ
pinkie cooper and the jet set pets,3,10,,
let's just crash (gachiakuta),3,10,,
eiyuden chronicle: hundred heroes,3,10,,百英雄伝
gingira paradise,3,10,,
heart attack (loona),3,10,,
ningyou no yakata,3,10,,人形の館
monty python's life of brian,3,10,,ライフ・オブ・ブライアン
tengai makyou ii,3,10,,天外魔境II
maku wo orosou parade e (neutrino),3,10,,幕を下ろそう、パレードへ
darkest dungeon ii,3,10,,
from russia with love,3,10,,ロシアより愛をこめて
ayamelluxie,3,10,,アヤメルキシエ
dio (band),3,10,,
hisamitsu,3,10,,
image comics,3,10,,イメージ・コミック
under siege,3,10,,
evolve (game),3,10,,
become fumo,3,10,,
madonna (singer),3,10,,マドンナ・ルイーズ・チッコーネ
ragnarok battle offline,3,10,,
tomy company ltd.,3,10,,タカラトミー
kirby's pinball land,3,10,,カービィのピンボール
kamigakari (ttrpg),3,10,,神我狩
star wars: republic commando,3,10,,スター・ウォーズ:リパブリックコマンド
microsoft teams,3,10,,マイクロソフト・チームズ
zhangmen tai mang,3,10,,掌门太忙
saishuu chikan densha 3,3,10,,最終痴漢電車3
megami tensei (famicom),3,10,,デジタル・デビル・ストーリー女神転生
magnetic (illit),3,10,,
hip hip hooray! (love live!),3,10,,
neutral,3,10,,
ripple island,3,10,,リップルアイランド
kindan no byoutou,3,10,,禁断の病棟
kyouren no utage,3,10,,狂恋の宴
j.a.k.q. dengekitai,3,10,,ジャッカー電撃隊
dekoboko quartet,3,10,,凸凹Quartet
sekaiichi hatsukoi,3,10,the world's greatest first love,世界一初恋〜小野寺律の場合〜
ryoumin 0-nin start no henkyou ryoushu-sama,3,10,the frontier lord begins with zero subjects,領民0人スタートの辺境領主様
kinitopet,3,10,,
android girl (vocaloid),3,10,,アンドロイドガール
the devil wears prada,3,10,,
lost kitten (metric),3,10,,
shinitagari (vocaloid),3,10,,死にたがり
dragonfable,3,10,dragon fable,
hana ni arashi (kobachi ruka),3,10,rainbows after storms,はなにあらし
project releum,3,10,,
over over (love live!),3,10,,
epic of gilgamesh,3,10,,
mamagoto,3,10,,ままごと
power pro-kun pocket 3,3,10,,パワポケ3
life goes on ~jinsei wa tsuzuku~,3,10,,
valtra,3,10,,
go! princess precure go! go!! gouka 3-bon date!!!,3,10,,映画Go!プリンセスプリキュアGo!Go!!豪華3本立て!!!
last mile,3,10,,ラストマイル
wakakusa monogatari nan to jou sensei,3,10,,ナンとジョー先生
remilore ~shoujo to isekai to madousho~,3,10,,レミロア
nikolai gogol,3,10,,
general mills,3,10,,
ryzachat:ai,3,10,,
oronamin c drink,3,10,,
isekai ni ten'i shitara bishoujo koujo to kekkon shite koutei ni natta node nonbiri harem seikatsu wo tanoshimimasu,3,10,,異世界に転移したら、美少女皇女と結婚して皇帝になったので、のんびりハーレム生活を楽しみます
tianya ke,3,10,,天涯客
kokoro to iu na no fukakai,3,10,,心という名の不可解
0.000000001% derenai shiroi neko,3,10,0.000000001 percent derenai shiroi neko,0.000000001%デレない白い猫
ultraman tiga ultraman dyna & ultraman gaia: cho jiku no dai kessen,3,10,,超時空の大決戦
vagabonds,3,10,,
little red hood,3,10,,りるれふ
gotham knights,3,10,,
amatsuki mahjong,3,10,,天月麻雀
fever night (hololive),3,10,,
juukou b-fighter,3,10,,重甲ビーファイター
dead end chocolate (vocaloid),3,10,,デッドエンド♡チョコレート
batsubyou (vocaloid),3,10,,
risou no himo seikatsu,3,10,the ideal sponger life,理想のヒモ生活
crystal crown,3,10,,
pasiphae project,3,10,,
shounin yuusha wa isekai wo gyuujiru,3,10,,商人勇者は異世界を牛耳る!
formula 3,3,10,,フォーミュラ3
framers vtuber project,3,10,,
mr. a's farm,3,10,,A先生的农场
bunny games,3,10,,バニーゲームス
youkai douchuuki,3,10,,妖怪道中記
gyakutenban sakusei byoutou,3,10,,
dress select (manga),3,10,,
uekano days,3,10,,
hiveswap,3,10,,ハイブスワップ
watashitachi fake marriage?,3,10,,私たちフェイクマリッジ?
hanazakari no kimitachi e,3,10,,花ざかりの君たちへ
clip studio paint (copyright),3,10,,
he~nshin!! sonata birdie rush,3,10,,へ〜ん○しん!!〜そなたバーディ・ラッシュ〜
meng renjian,3,10,,梦人间
nakanaka kishou na mitsuya-san,3,10,,なかなか稀少な光谷さん
honoo no haramase doukyuusei,3,10,,
hextreaming,3,10,,こどく配信
final destination (movie),3,10,,ファイナルデスティネーション
illusion live,3,10,,
hime kishi-sama no himo,3,10,the kept man of the princess knight,姫騎士様のヒモ
instant heaven (nanawo akari),3,10,,インスタントヘヴン
kashiwa reysol,3,10,,柏レイソル
omoi dezaka,3,10,,
complex (band),3,10,,
kore ga mahoutsukai no kirifuda,3,10,,これが魔法使いの切り札
sns de daininki na layer ga watashi wo sasotte off-pako no hanashi.,3,10,,SNSで大人気なレイヤーが私を誘ってオフパコの話。
dragon quest monsters joker 3,3,10,,ドラゴンクエストモンスターズジョーカー3
yoru wa mijikashi arukeyo otome,3,10,,夜は短し歩けよ乙女
code geass: pule almaria,3,10,,
the cockpit (ova),3,10,,ザ・コクピット
you are my destiny,3,10,,
hero - akagi no ishi wo tsugu otoko,3,10,,
dark deception,3,10,,
beatmania iidx 6th style,3,10,,
aka manto (chilla's art),3,10,,
senkou no kishi,3,10,,
ren'ai kateikyoushi rurumi coordinate!,3,10,,
belfort and lupin,3,10,,
unseen immortal of three hundred years,3,10,,不见上仙三百年
onna kyoushi,3,10,,女教師
kitto seishun ga kikoeru,3,10,,きっと青春が聞こえる
watashi ni hanataba,3,10,,わたしに花束
eight marbles,3,10,,8つの秘石
enchanted,3,10,,
need for speed: carbon,3,10,,
the lone ranger,3,10,,
cho kamen rider den-o & decade neo generations: the onigashima warship,3,10,,鬼ヶ島の戦艦
turok,3,10,,テュロック
yuri no ma ni hasamareta watashi ga ikioi de futamata shite shimatta hanashi,3,10,yuri tama: from third wheel to trifecta,百合の間に挟まれたわたしが、勢いで二股してしまった話
action comics,3,10,,アクション・コミックス
incredibles 2,3,10,,
naixue,3,10,,
fuwa fuwari (love live!),3,10,,ふわふわり
familiar lands,3,10,,
google doodles,3,10,,
ufo (1970 tv series),3,10,,謎の円盤UFO
party animals,3,10,,
fight league,3,10,,
yannacchau! (synthesizer v),3,10,feel empty! (synthesizer v),やんなっちゃう!
houkago kitaku biyori,3,10,,放課後帰宅びより放帰宅
kashikoi ken rilienthal,3,10,,賢い犬リリエンタール
kiss kara hajimaru gyaru no koi,3,10,,
birdman (series),3,10,,電子鳥人Uバード
muta,3,10,,
ms-dos,3,10,,
koyoi mo neko-chan,3,10,,今宵もねこちゃん
hearthside adventures,3,10,,
treasure castle labyrinth,3,10,,東方宝天京
angels blue,3,10,,エンジェルズブルー
gokujou!! mecha mote iinchou,3,10,,極上!!めちゃモテ委員長
what a wonderful dream!!,3,10,,
hello melancholic!,3,10,,ハロー、メランコリック!
2026 world baseball classic,3,10,,
tokyo mew mew re-turn,3,10,,
utsuranain desu,3,10,,写らナイんです
kingdom hearts coded,3,10,,
flower fight,3,10,,
tada de wa dakaremasen,3,10,,タダでは抱かれません
fancy frontier 20,3,10,,
dead ahead: zombie warfare,3,10,,
touhai,3,10,,凍牌
haru no sekibaku (vocaloid),3,10,,ハルノ寂寞
ham (zutomayo),3,10,,
glitchx,3,10,,
aitsura zenin dousoukai (zutomayo),3,10,,あいつら全員同窓会
hidarikiki no eren,3,10,,左ききのエレン
wandersong,3,10,,
piggparty,3,10,,ピグパ
moco's kitchen,3,10,,MOCO'Sキッチン
the abandoned empress,3,10,,
wept-sama! hito o ijimecha ikemasen!,3,10,,
fk crvena zvezda,3,10,,レッドスター・ベオグラード
the man-machine,3,10,,
king arthur: legends rise,3,10,,
deichuu ni saku (vocaloid),3,10,,泥中に咲く
hakase (synthesizer v),3,10,,博士
broken arrow (game),3,10,,
smile smile ship start!,3,10,,
akuma no memochou,3,10,,悪魔のメモ帳
o gundam: hikari no newtype,3,10,,機動戦士Oガンダム
bad ass buddies,3,10,,バットアスアディズ
queens,3,10,,クイーンズ-対戦型カジノソリティア-
banjo-tooie,3,10,,バンジョーとカズーイの大冒険2
paihame family,3,10,,パイハメ家族
lucid multimedia,3,10,,
please please me,3,10,,
himegoto - juukyuusai no seifuku,3,10,,ヒメゴト~十九歳の制服~
crime and punishment,3,10,,罪と罰
smpearth,3,10,,
i became an evolving space monster,3,10,,
comitia 119,3,10,,コミティア119
tsukiyo ni hibiku nocturne,3,10,,月夜に響くノクターン
houston rockets,3,10,,ヒューストン・ロケッツ
learning with pibby,3,10,,ピビー
sei shoujo mokushiroku death pair,3,10,,セイ少女黙示録ですぺあ
that 70s show,3,10,,ザット'70sショー
battleline,3,10,,
denver nuggets,3,10,,デンバー・ナゲッツ
sequel thirst,3,10,,
powered gear,3,10,,
digimon world 2,3,10,,デジモンワールド2
vkano,3,10,,ぶいカノ
mahou shoujo prism shirley,3,10,,魔法少女プリズム・シャーリー
kiken na futari,3,10,,危険なふたり
marchen star,3,10,,
lightbringer,3,10,,
milk crown on sonechka (vocaloid),3,10,,ミルククラウン・オン・ソーネチカ
st. michael vanquishing satan,3,10,,悪魔を倒す聖ミカエル
ike! godman,3,10,,行け!ゴッドマン
@games,3,10,,
wholesome monster girl academia,3,10,,
wakako-zake,3,10,,ワカコ酒
digimon story,3,10,,デジモンストーリー
garasu no mukuro,3,10,,硝子の骸
under heroine (tuyu),3,10,,アンダーヒロイン
production ig,3,10,,
dragon ball kai,3,10,,ドラゴンボール改
utada hikaru,3,10,,宇多田光
nonaka kokona no rec chuu!,3,10,,
need for speed: hot pursuit (2010),3,10,,
sonic the hedgehog (manga),3,10,,1992年学年誌ソニック
red flags (song),3,10,,
kawaisugi crisis,3,10,too cute crisis,カワイスギクライシス
fancy frontier 30,3,10,,
alice in reitouko (vocaloid),3,10,,Alice_in_冷凍庫
taiyou poka poka de kusa (cevio),3,10,,太陽ポカポカで草
val x love,3,10,,戦×恋
treasure hunter claire,3,10,,
comic kisshug,3,10,,
unknown pleasures (album),3,10,,
better off alone,3,10,,
ryu's nonmonster cafe,3,10,,
nichijo gumi,3,10,,日常ロック
sky linker (love live!),3,10,,
the thing (2011),3,10,,
toaru idol no accelerator-sama,3,10,,
super robot monkey team hyperforce go!,3,10,,スーパーロボットモンキーチームハイパーフォースGO!
zip! (tv show),3,10,,
raid: shadow legends,3,10,,レイド:シャドウレジェンド
tanoshii no tensai,3,10,,楽しいの天才
nisemono no renkinjutsushi,3,10,,ニセモノの錬金術師
usagi yojimbo,3,10,,兎用心棒
sleepless,3,10,,
kagai jugyou (shiritsu hakurei jyoshi gakuen),3,10,,課外授業
blondie,3,10,,
overlap bunko,3,10,,オーバーラップ文庫
hajatenshi mina,3,10,,
eroge no heroine wo netoru otoko ni tensei shitaga ore wa zettai ni netoranai,3,10,,エロゲのヒロインを寝取る男に転生したが、俺は絶対に寝取らない
be my baby (cream lemon),3,10,,
suki to suki to de sankaku ren'ai,3,10,,
all night radio,3,10,,オールナイトレディオ
space channel 5: kinda funky news flash!,3,10,,
dragon shadow spell,3,10,,ドラゴンシャドウスペル
senobi shitatte,3,10,,背伸びしたって
soushokukei na succubus da kedo ecchi na lesson shite kuremasu ka?,3,10,,
vserendy,3,10,,
wolfenstein 3d,3,10,,
flex tape,3,10,,
rpg magazine,3,10,,
tawawa oku-san x happening gym,3,10,,
supergroupies,3,10,,
uramichi onii-san,3,10,,うらみちお兄さん
one piece: dead end adventure,3,10,,デッドエンドの冒険
bishoujo mangekyou: katsute shoujo datta kimi e,3,10,,美少女万華鏡-かつて少女だった君へ-
gyakushuu,3,10,,虐襲
kinema-kan,3,10,,東方活動写真館
dark blue (game),3,10,,
zettai tekitai mecha kiraiya (vocaloid),3,10,,絶対敵対メチャキライヤー
hungry shark,3,10,,
elevator hitch,3,10,,
haramu made midare ike: migawari hanayome to gunpuku no mouai,3,10,,孕むまで乱れいけ
anittinha's club,3,10,,
your forma,3,10,,ユア・フォルマ
bokura no houkago sensou!,3,10,,ぼくらの放課後戦争!
yuzukawa-san wa sasshite hoshii,3,10,,柚子川さんは、察して欲しい。
scarface,3,10,,スカーフェイス(映画)
tomoe mami no heibon na nichijou,3,10,,巴マミの平凡な日常
hydrangea (vocaloid),3,10,,ハイドレンジア
friday night funkin' (d-sides),3,10,,
sayonara yuurei mujingai,3,10,,さよなら幽霊無人街
kitto sumiwataru asairo yori mo,3,10,,きっと、澄みわたる朝色よりも、
renyu xianluo,3,10,,人鱼陷落
killing me!,3,10,,キリング・ミー!
a princess of mars,3,10,,火星のプリンセス
alpha (game),3,10,,アルファ(スクウェア)
batman justice buster,3,10,,バットマンジャスティスバスター
re birthday (vocaloid),3,10,,
the spicy ninja scrolls,3,10,,薬味忍法帖
lass (company),3,10,,
game informer,3,10,,
nsync,3,10,,
mirai radio to jinkou hato,3,10,,未来ラジオと人工鳩
strobe nights (vocaloid),3,10,,ストロボナイツ
ryushika ryushika,3,10,,リューシカリューシカ
vacation (turning gear),3,10,,
monster factory,3,10,,モンスター・ファクトリー
youkoso ryouhouji e,3,10,,ようこそ了法寺へ
metal max xeno,3,10,,メタルマックスゼノ
sen no kiseki: northern war,3,10,,閃の軌跡NW
dou iu koto nano!? (vocaloid),3,10,,どういうことなの!?
secret game,3,10,,
ibara (ado),3,10,,いばら
do as ~muraosa no iinari~,3,10,,ドゥアズ
xtrinity,3,10,,
tetsuwan atom (2003),3,10,,ASTROBOY鉄腕アトム
love spiral tower,3,10,,
shtdn,3,10,,
kanojo face,3,10,,彼女フェイス
nezha chuanqi,3,10,,哪吒传奇
naraku x,3,10,,
kurahlab,3,10,,
neoma,3,10,,新月Neoma
countdown to countdown,3,10,,
white happy (vocaloid),3,10,,
family feud,3,10,,
onna no sono no hoshi,3,10,,女の園の星
ihop,3,10,,
kaiketsu! nekoashi otome-chan,3,10,,かいけつ!猫足乙女ちゃん
squishmallows,3,10,,
sketch (ayase satomi),3,10,,夏色ショウジョ
oshiri tantei,3,10,,おしりたんてい
droopy dog (cartoon),3,10,,
drop pop candy (vocaloid),3,10,,
32 idol saturn-chan,3,10,,32偶像サタンちゃん
pigg brave,3,10,,
lanota,3,10,,
kirapuri ojisan to youjo-senpai,3,10,,キラプリおじさんと幼女先輩
franz ferdinand (band),3,10,,フランツ・フェルディナンド
agents of mayhem,3,10,,
nmb48,3,10,,
appli style,3,10,,
comic megastore deep,3,10,,
shotaxmonsters,3,10,,
hagure madou kyoushi no unlimited eiyuu houteishiki,3,10,,
lily and bat,3,10,,百合とバット
shinsengumi wasurenagusa,3,10,,勿忘草
bravest warriors,3,10,,ブレイベストウォリアーズ
tsukushi-biyori,3,10,,つくし日和
chibi pire!,3,10,,ちびパイア!
re/v project,3,10,,
shin hayarigami,3,10,,真流行り神
virgin invader,3,10,,
rocket knight adventures,3,10,,ロケットナイトアドベンチャーズ
mama no oppai,3,10,,
18 (game),3,10,,キミトツナガルパズル
idol incidents,3,10,,アイドル事変
emergency everyday,3,10,,鏈縁无現里
natsumon!,3,10,,なつもん!
bunny black 3,3,10,,
narutop99 (2023),3,10,,
iyashi no megami no marmot,3,10,,
tsukiyo no mura,3,10,,憑夜ノ村
seven cast no hikikomori majutsu-ou,3,10,,セブンキャストのひきこもり魔術王
band janai mon!,3,10,,
spirit migration,3,10,,スピリット・マイグレーション
hitozuma gui,3,10,,人妻喰い
sankai ou no yubiwa,3,10,,珊海王の円環
goetia shock,3,10,,ゴエティア・ショック
soshite hatsukoi ga imouto ni naru,3,10,,
bestia,3,10,,
mote sugite shuraba na ore,3,10,,モテすぎて修羅場なオレ
oruchubuan ebichu,3,10,,
koroshi ai,3,10,,殺し愛
ravencove,3,10,,
soul sacrifice,3,10,,
immoral little,3,10,,
dakisuke,3,10,,
nekketsu saikyou go-saurer,3,10,,熱血最強ゴウザウラー
wondance,3,10,,ワンダンス
nee (band),3,10,,
the hunter wants to live quietly,3,10,,
seishun konbu,3,10,,青春☆こんぶ
wakazuma mangekyou,3,10,,
itto na kataomoi minoraseta chiisa na shiawase (vocaloid),3,10,,
inazuma eleven go tcg,3,10,,
nyatto! (manga),3,10,,にゃっと!
050plus,3,10,,
madou monogatari a: doki doki vacation,3,10,,
kelly's heroes,3,10,,
black sheep town,3,10,,
sophi ly channel,3,10,,
madoru-mu,3,10,,
oddman 11,3,10,,オッドマン11
pixiv steampunk,3,10,,pixivスチームパンク
top secret (vocaloid),3,10,,トップシークレット
yukinochi fururu!,3,10,,
>>fami! kyou no menu wa lesson c,3,10,,
radiant silvergun,3,10,,レイディアントシルバーガン
puchi puchi gohoushi,3,10,,
tetsuwan gacchu!,3,10,,
ane hame!,3,10,,
ren'ai saimin,3,10,,
otacool4,3,10,,
marionette zero,3,10,,
kiss! me! me!,3,10,,
harem party,3,10,,
gakuen toukou shashin,3,10,,
claroscuro,3,10,,
mahou shoujo biblion,3,10,,
futari.,3,10,,
jun'ai maniac ~pure love maniac~,3,10,,純愛まにあっく
glare (game),3,10,,グレア
mahou shoujo madoka magica online,3,10,,魔法少女まどか☆マギカオンライン
dolphin divers,3,10,,
radio momoiro,3,10,,
d.o.,3,10,,
pixiv shadow 2,3,10,,ぴくカゲII
night wizard mahou taisen,3,10,,
sim love ~hitonatsu no kiseki~,3,10,,
hane wa nai kedo watashi wa toberu (vocaloid),3,10,,
lovekami,3,10,,ラブカミ
sugar+spice 2,3,10,,
pierce the veil (band),3,10,,
usakame,3,10,,うさかめ
gundam seed destiny astray,3,10,,
nejishiki (manga),3,10,,ねじ式
mako-san to hachisuka-kun,3,10,,真子さんとハチスカくん
mousugu natsuyasumi!,3,10,,もうすぐ夏休み!
nazotoki (vocaloid),3,10,,
sakasama rainbow (vocaloid),3,10,,
lost brother (series),3,10,,
p.h. (vocaloid),3,10,,
hana no keiji,3,10,,花の慶次
kagirinaku haiiro e (vocaloid),3,10,,限りなく灰色へ
abba (band),3,10,,
life with a flirty step-sister,3,10,,メ○ガキ義妹_負け負け誘惑性活
fall of the princess,3,10,,王女陥落
pastel honey,3,10,,ぱすはに
foxtail-grass studio,3,10,,
gt world challenge europe,3,10,,
simcity,3,10,,シムシティ
ililil (brand),3,10,,イルイルイル
news 39 (vocaloid),3,10,,ニュース39
flipnote studio,3,10,,
mahjong fight club sp,3,10,,麻雀格闘倶楽部Sp
error: metamorphosis,3,10,,蝶变
precure all stars haru no carnival,3,10,,プリキュアオールスターズ_春のカーニバル♪
gundam seed vs astray,3,10,,
kyonyuu fantasy gaiden 2,3,10,,巨乳ファンタジー外伝2
unmei no makimodoshi,3,10,,運命の巻戻士
ema ni negai o!,3,10,,絵馬に願ひを!
comitia 129,3,10,,コミティア129
shakkin mamire netorare tsumamusume hensai no tame kotowarenakatta gomunashi nama sex & nakadashi,3,10,,借金マミレ寝取ラレ妻娘返済のため断れなかったゴムなし生セックス&中出し
floating cloud,3,10,,
extreme ghostbusters,3,10,,エクストリーム・ゴーストバスターズ
wani wani panic,3,10,,ワニワニパニック
3331 (vocaloid),3,10,,
emmy the robot,3,10,,
power rangers ninja storm,3,10,,パワーレンジャー・ニンジャストーム
ultra galaxy fight: new generation heroes,3,10,,ウルトラギャラクシーファイトニュージェネレーションヒーローズ
boku to kanojo no kojin lesson,3,10,,
eclipse live project,3,10,,
melancholy red,3,10,,
golden axe ii,3,10,,ゴールデンアックスII
tunic (game),3,10,,
purrfect tale,3,10,,ネコとの出会い
hawkeye (disney+),3,10,,
megalight production,3,10,,
nekketsu kouha kunio-kun,3,10,,熱血硬派くにおくん
jashin korone,3,10,,邪神ころね
osaka awaking,3,10,,大阪AWAKING
uchuu majin daikengou,3,10,,
8 nin no senshi,3,10,dick fight island,8人の戦士
ane no shin'yuu watashi no koibito,3,10,,姉の親友、私の恋人。
gaist crusher,3,10,,ガイストクラッシャー
ragnarok x: next generation,3,10,,RO仙境傳說:新世代的誕生
yumeiro bunny,3,10,,ゆめいろBUNNY
dechau!,3,10,,でちゃう
neko hole,3,10,,
the fall,3,10,,落下の王国
shoukan'ou rex,3,10,,
kireitsu,3,10,,
lupin iii: the first,3,10,,ルパン三世THEFIRST
dragon slayer iv drasle family,3,10,,ドラゴンスレイヤーIVドラスレファミリー
aikagi 3,3,10,,アイカギ3
vijfster saga,3,10,,
sai no kawara to ningyo miko,3,10,,賽の河原と人魚巫女
seattle mariners,3,10,,シアトル・マリナーズ
cr flamengo,3,10,,
battle angel alita: mars chronicle,3,10,gunnm: mars chronicle,銃夢火星戦記
psycome,3,10,,
factorio,3,10,,ファクトリオ
the scarlet demonslayer,3,10,,赤髪の鬼神
aoi hada no ten'in to shiawasena tomodachi,3,10,,
the twilight zone,3,10,,トワイライト・ゾーン
summer inaka no seikatsu,3,10,,
lime odyssey,3,10,,
kurogane no mahoutsukai,3,10,,黒鉄の魔法使い
gion no tsugai,3,10,,
one off,3,10,,わんおふ
stranger of sword city,3,10,,
denshi sentai denziman,3,10,,電子戦隊デンジマン
mononoke sharing,3,10,,もののけ◇しぇありんぐ
armor blitz,3,10,,アーマーブリッツ
hannyashingyou pop (vocaloid),3,10,,
ero mangaka-san to binbou shimai,3,10,,
demiparadoxia hookerstic,3,10,,
kindaichi kousuke series,3,10,,
meiq no chika ni shisu,3,10,,メイQノ地下二死ス
tenkuu kangoku no majutsu garou,3,10,,天空監獄の魔術画廊
mugen knights,3,10,,無限∞ナイツ
seiken tsukai no proposition,3,10,,
nakadashi haramaid,3,10,,
oikko chinpo to aishou yosugite oyako manko ga muchuu ni nacchatta ohanashi.,3,10,,
soukyuu no skygalleon,3,10,,蒼穹のスカイガレオン
g-cup sisters! imouto-darake no sakunyuu gakuen-sai,3,10,,Gカップシスターズ!_~妹だらけの搾乳学園祭~
shingeki! kyojin chuugakkou,3,10,,
mach rider,3,10,,マッハライダー
treasure hunter yagashiradai file,3,10,,トレジャー・ハンター八頭大ファイル
magical cannon wars,3,10,,
tanto cuore,3,10,,
gakuen senki muryou,3,10,,学園戦記ムリョウ
kutabare pta (vocaloid),3,10,,くたばれPTA
osouji sentai clean keeper,3,10,,お掃除戦隊くりーんきーぱー
shark attack,3,10,,
fernandes guitars,3,10,,
himitsu no houkago 2,3,10,,
silverhawks,3,10,,銀鷹戰士
pia carrot e youkoso!! 4,3,10,,Pia♥キャロットへようこそ!!4
pot rondo for dears,3,10,,
steel wings,3,10,,
makyou densetsu acrobunch,3,10,,
trouble triangle,3,10,,とらぶる☆とらいあんぐる
ashita no nanami to au tame ni,3,10,,
sky love,3,10,,
metal witch sisters,3,10,,メタルうぃっちシスターズ
war of brains,3,10,,ウォーブレ
oddworld,3,10,,オッドワールド
kowaku no toki,3,10,,
the saturday evening post,3,10,,
kagihime monogatari eikyu alice rondo,3,10,,
kaikan senshi busty,3,10,,
cool world,3,10,,クール・ワールド
the ravages of time,3,10,,火鳳燎原
s.e.c 01 specular reflection,3,10,,
doug,3,10,,
elona mobile,3,10,,
animindustry,3,10,,
gundam beast,3,10,,
nobunagun,3,10,,ノブナガン
futaba channel 3,3,10,,
tokubetsu byoutou,3,10,,
triangle heart 2,3,10,,とらいあんぐるハート2
vgcats,3,10,,
rakuen shinshoku,3,10,,楽園侵触
xotic,3,10,,
avril lavigne (musician),3,10,,
comic fiesta,3,10,,
craig of the creek,3,10,,
maronie oukoku no shichinin no kishi,3,10,,マロニエ王国の七人の騎士
nambinhthankhi,3,10,,
nyanya (clothing brand),3,10,,
bamboo blade b,3,10,,バンブーブレードB
gensou-ron (vocaloid),3,10,,
monsters abyss,3,10,,
pokemon shuffle,3,10,,ポケとる
xexex,3,10,,
laflora,3,10,,
coming out on top,3,10,,
exodus!,3,10,,えくそだすっ!
palette (vocaloid),3,10,,
swindle,3,10,,
genital jousting,3,10,,
novela's forest,3,10,,ノヴァルズの森
omoi no kakera,3,10,,
rot for clout (synthesizer v),3,10,,
gestalt odin,3,10,,ゲシュタルト・オーディン
kuusou ryouriten,3,10,,空想料理店
triditki,3,10,,
clubhouse games,3,10,,アソビ大全
doron dororon,3,10,,ドロンドロロン
himegari imperial meister,3,10,,
the great warrior wall,3,10,,巨兵长城传
kamen rider: beyond generations,3,10,,仮面ライダービヨンド・ジェネレーションズ
ragnarok: hikari to yami no koujo,3,10,ragnarok tactics,ラグナロク〜光と闇の皇女〜
amayui labyrinth meister,3,10,,
nettai teikiatsu shoujo,3,10,,
shina dark,3,10,,
chick-fil-a,3,10,,
omegle,3,10,,
claire eikaiwa,3,10,,
iinari,3,10,,
heracles no eikou,3,10,,ヘラクレスの栄光
ol shimai,3,10,,OL姉妹
touhou luna nights,3,10,,
sgt pepper's lonely hearts club band,3,10,,
tae-chan & jimiko-san,3,10,,たえちゃんとじみこさん
garo: hagane o tsugu mono,3,10,garo: the one who inherits steel,ハガネを継ぐ者
hkvtopia,3,10,,茶屋營業中
team sonic racing,3,10,,チームソニックレーシング
healing of king,3,10,,
shake2,3,10,,
garo: gold storm shou,3,10,garo gold storm flight,GOLDSTORM翔
shia sisters,3,10,,シアシスターズ
birds of prey (movie),3,10,birds of prey and the fantabulous emancipation of one harley quinn,ハーレイ・クインの華麗なる覚醒
call of duty: ghosts,3,10,,コールオブデューティゴースト
yuri!!! on ice the movie: ice adolescence,3,10,,
kiss dum,3,10,,
prey (2022 movie),3,10,prey (predator),
kawaii music (vtuber),3,10,,かわみゅ
hero factory,3,10,,ヒーローファクトリー
playduction,3,10,,
lalin's curse,3,10,,
demono crusade,3,10,,デモノ・クルセイド
reizokusei club,3,10,,
saimin gakushuu,3,10,,催眠学習
oborotsuki no regolith: alice gear aegis gaiden,3,10,,朧月のレゴリス
mitaina!,3,10,,みたいな!
shadow warrior,3,10,,
skylanders,3,10,,
nyakori's rabbit doll,3,10,,喵可莉的兔玩偶
tomodachi no haha wo okasu to iukoto,3,10,,
qianniao official,3,10,,千鸟战队
se:a story,3,10,,
love jinx (manhwa),3,10,,
chou tokkyu hikarian,3,10,,
cabal online,3,10,,
euro 2020,3,10,,
kameido oasobi-gumi,3,10,,
tsugunohi,3,10,,日常侵食リアルホラーつぐのひ
skeleton life (vocaloid),3,10,,
divinity: original sin 2,3,10,,
nariyamanai yorokobi to tomo ni! (utau),3,10,,鳴り止まない喜びと共に!
moshi koi ga mieta nara,3,10,,もし、恋が見えたなら
yo-jo life!,3,10,,よーじょらいふ!
sennen no wiegenlied (vocaloid),3,10,,樹の乙女~千年のヴィーゲンリート~
shores of oblivion,3,10,,
stella (mikai inc.),3,10,,
transformers: rescue bots academy,3,10,,
ajin harem,3,10,,亜人ハーレム
invictus gaming,3,10,,
harley quinn (comic),3,10,,
comitia 128,3,10,,コミティア128
power rangers time force,3,10,,パワーレンジャー・タイム・フォース
u (vocaloid),3,10,,
pandava quintet,3,10,,
period sweet drops,3,10,,
seduce (eroge),3,10,,
las nuevas e inesperadas aventuras de enjuto mojamuto,3,10,,
first we feast,3,10,,
sacred blaze,3,10,,
petshop of horrors,3,10,pet shop of horrors,
five guys burgers and fries,3,10,,
gamestop,3,10,,
machi gurumi no wana,3,10,,町ぐるみの罠
luchs motion,3,10,,
chronicles of the sword,3,10,,
haikuo-soft,3,10,,
anime yagami yuu,3,10,,
sekai de ichiban dame na koi,3,10,,世界でいちばんNG(だめ)な恋
donchan ga kyu,3,10,,
nessa no rakuen,3,10,,
babylon (vocaloid),3,10,,バビロン
shimaya printing (printing company),3,10,,しまや出版
yamato takeru,3,10,,
shiritsu sairyou koukou chounouryoku-bu,3,10,,
marine-chan a go go,3,10,,
deliberate distortion synesthesia,3,10,,
next sparkling!!,3,10,,
shade no hokori wa encho (zutomayo),3,10,,
yuri yuri,3,10,,ゆりゆり
hare tokidoki otenkiame,3,10,,
miko dashi,3,10,,
the milkcup,3,10,,
google+,3,10,,
papikon,3,10,,
inkou haden amatsu,3,10,,淫皇覇伝アマツ
sacred ground,3,10,,
shirokishi monogatari,3,10,,
hachi koi,3,10,,はち恋
comiket 71,3,10,c71,コミケ71
ijicare,3,10,,
hypnohub,3,10,,
shouki letitia,3,10,,
momoiro paradise,3,10,,ももいろパラダイス
naisho no yorimichi,3,10,,
zill o'll,3,10,,
eulen spiegel,3,10,,
maid-san she see,3,10,,
akb49 ren'ai kinshi jourei,3,10,akb49 renai kinshi jourei,AKB49〜恋愛禁止条例〜
scissorhands (vocaloid),3,10,,シザーハンズ
cuprum no hanayome,3,10,the coppersmith's bride,クプルムの花嫁
himekishi angelica,3,10,,姫騎士アンジェリカ
otome juurin yuugi,3,10,,
dadaama kyoushi,3,10,,だだ甘狂姉
special a,3,10,,
pugyuru,3,10,,
princess bride,3,10,,プリンセスブライド
hotel ergriffen,3,10,,
shomuni,3,10,,ショムニ
pachinko sexy reaction,3,10,,パチンコセクシーリアクション
twilight insanity,3,10,,
des blood vr,3,10,,
time leap,3,10,,
kurau phantom memory,3,10,,ボンズが生んだ名作
maiden breeder,3,10,,
shojokyu,3,10,,
patissier na nyanko,3,10,,
saraba ochinchin,3,10,,
koichu!,3,10,,こいちゅ
wam xxxnovel-wetandmessy.com,3,10,,
baldr bullet revellion,3,10,,バルドバレットリベリオン
school festa,3,10,,
don dracula,3,10,,ドン・ドラキュラ
uncharted: the lost legacy,3,10,,
higawari naishitsu,3,10,,日替わり内室
rensou relation,3,10,,恋想リレーション
wan xiang zhi wang,3,10,,万相之王
love stage!!,3,10,,
influence,3,10,,
hado dojoden,3,10,,覇道任侠伝
valhellio,3,10,,
pocarisecco,3,10,,
hito kaiki,3,10,,ヒト回帰
planet of the bass,3,10,,
yuuko to riaru,3,10,,
high cut kingdom,3,10,,
the pool,3,10,,
futakano,3,10,,
dream!ing,3,10,,ドリーミング
itan empire's jacheongbi,3,10,,
variable barricade,3,10,,
lame dimension,3,10,,
astars production,3,10,,
comitia 114,3,10,,コミティア114
kitakubu,3,10,,
soredemo sekai wa utsukushii,3,10,,
mario party 4,3,10,,マリオパーティ4
my girl is a dragon,3,10,,
nanado nado nado,3,10,,ななどなどなど
jet force gemini,3,10,,スターツインズ
jack in the box (restaurant),3,10,,
little doll queen,3,10,,鈴集無名の丘
tamayura (akabei soft),3,10,,
oklahoma city thunder,3,10,,オクラホマシティ・サンダー
yuusha to maou no rabu kome,3,10,,勇者と魔王のラブコメ
iiv (dwango),3,10,,
battle athletes daiundokai restart!,3,10,,大運動会リスタート
the backyardigans,3,10,,
musou no machi,3,10,,夢想のまち
bullbuster,3,10,,ブルバスター
tanabata (music circle),3,10,,
naze nani karada no fushigi,3,10,,イルカがせめてきたぞっ
linda linda linda,3,10,,
duplicity,3,10,,
yuunagi-sou no s-kyuu no kanojo-tachi 2,3,10,,夕凪荘のS級の彼女たち2
tokyo inroaded: closed eden,3,10,,東京侵域:クローズドエデン
fukakumei zen'ya,3,10,,不革命前夜
konna kawaii iinazuke ga iru noni hoka no ko ga suki nano?,3,10,,
hatsukoi rail trip,3,10,,初恋*れ~るとりっぷ
petscop,3,10,,
onii-chan tetsudatte!,3,10,,
seek girl,3,10,,
code:seed a song of spark,3,10,,星火之歌
chimamire sukeban chainsaw,3,10,,血まみれスケバンチェーンソー
techno police 21c,3,10,,テクノポリス21C
shaman king: flowers,3,10,,シャーマンキングFLOWERS
yurianna girls college,3,10,,ユリアンナ女学院
ayahina channel,3,10,,あやひなチャンネル
stargazer (vocaloid),3,10,,
capeta,3,10,,カペタ
adolescence mechanix,3,10,,思春機メカニクス
sound refil,3,10,,
chiko-chan ni shikarareru!,3,10,,チコちゃんに叱られる!
marpril,3,10,,
onii-chan wa zonbida,3,10,,お兄ちゃんはゾンビだ
project a.i.d,3,10,,
pocket mortys,3,10,,
nanatsu no tsumi to batsu (vocaloid),3,10,,七つの罪と罰
choppiri h na sanshimai demo oyomesan ni shitekuremasuka?,3,10,,ちょっぴりえっちな三姉妹でも、お嫁さんにしてくれますか?
imouto de ikou!,3,10,,
omega labyrinth life,3,10,,
nanahime collection,3,10,,
houshi iin no oshigoto,3,10,,奉仕委員のおしごと
img100 (image),3,10,,
nhk radio kiso eigo,3,10,,
stopping!!! (series),3,10,,
karakuri onigami akatsuki,3,10,,機関鬼神アカツキ
chrono regalia,3,10,,クロノレガリア
aria project 2.0,3,10,,
mida love,3,10,,
chocotto land,3,10,,チョコットランド
fear drive,3,10,,
maid in witch life!,3,10,,
guildstars,3,10,,ギルドスターズ
idw publishing,3,10,,
sasayaki sasaru sasaki-san,3,10,,ささやき刺さる佐々木さん
harami tama,3,10,,ハラミタマ
choroin desuga koibito ni wa naremasenka,3,10,,
muten no kaito,3,10,,武天のカイト
romancing abe's romancing fantasy,3,10,,ロマンシング阿部のロマンシングファンタジー
memoria dust,3,10,,
i get wet,3,10,,
seikon gensou,3,10,,
ib -instant bullet-,3,10,,ib_-インスタントバレット-
alter record adjustment,3,10,,オルターレコードアジャストメント
kemomimi gym,3,10,,
inbi temptation,3,10,,
kunoichi tsubaki,3,10,,
uchi no kanojo,3,10,,家の彼女
pale blue,3,10,,
live cum,3,10,,
oshirikko venus 2,3,10,,
wolfteam,3,10,,
muon kagura,3,10,,舞音KAGURA
senran no samurai kingdom,3,10,,戦乱のサムライキングダム
festival tsurumiku wars,3,10,,
gosick red,3,10,,
hissatsu bokkijin shigoku no kairaku chikan,3,10,,
dragon mahjongg 3,3,10,,
densetsu series,3,10,,伝説シリーズ
training for sex,3,10,,
kamisama to unmei kakusei no cross thesis,3,10,,神様と運命覚醒のクロステーゼ
haru no ashioto,3,10,,
tec (game),3,10,,
akataripushi,3,10,,
my time at portia,3,10,,みのまちポルティア
robokko beeton,3,10,,ろぼっ子ビートン
the long dark,3,10,,
beast battle chronicle zero,3,10,,ビーストバトルクロニクルゼロ
gunshin shoukan ark knights,3,10,,軍神召喚†アークナイツ
ongaku shoujo,3,10,,音楽少女プロジェクト
town of gears atline,3,10,,
thousand emperors,3,10,,
hitodenashi no koi,3,10,,
madou koukaku,3,10,,魔導巧殻_〜闇の月女神は導国で詠う〜
dungeon busters,3,10,,ダンジョン・バスターズ
otomege no akugyaku joou o yome ni suru tame ni wa.,3,10,,
how i met your mother,3,10,,
donten ni warau,3,10,,曇天に笑う
aimai rennai,3,10,,
choukou gasshin xardion,3,10,,超攻合神サーディオン
mirage (discovery),3,10,,
jumanji,3,10,,
metal max 2 reloaded,3,10,,メタルマックス2リローデッド
